target,fold,seed,farm,day,group,donor_day,rank,distance,mean_shift,rmse_change,mean,bias,rmse
TEMP,2,101,F47,68,other_actuators,75,1,0.255217795889787,-0.05600550667948423,-0.057000844590100797,14.436867002286343,0.6956170022863434,0.9662367297994708
TEMP,2,101,F47,68,other_actuators,76,2,0.25869471530499194,-0.05838280797931309,-0.06332735014315671,14.434489700986516,0.6932397009865147,0.9599102242464149
TEMP,2,101,F47,68,other_actuators,85,3,0.26783597607985155,-0.2405391394189805,-0.18011956630571135,14.252333369546847,0.5110833695468472,0.8431180080838603
TEMP,2,101,F47,68,other_actuators,87,4,0.2721853214536588,-0.18621150601063943,-0.16702114150464642,14.306661002955188,0.5654110029551882,0.8562164328849252
TEMP,2,101,F47,68,other_actuators,72,5,0.3132512458779546,-0.1727640918636714,-0.18008356075136478,14.320108417102157,0.5788584171021562,0.8431540136382069
TEMP,2,101,F47,68,heating,76,1,0.30486687855950695,0.010074647626466371,-0.0030189122616217645,14.502947156592294,0.761697156592294,1.0202186621279499
TEMP,2,101,F47,68,heating,75,2,0.3052057532964944,-0.014530510660874038,-0.007666473846693611,14.478341998304955,0.7370919983049536,1.015571100542878
TEMP,2,101,F47,68,heating,72,3,0.3421902929207865,-0.08629646024728584,-0.07556612108450544,14.406576048718541,0.6653260487185418,0.9476714533050662
TEMP,2,101,F47,68,heating,56,4,0.4284203421756121,0.00969868408148226,-0.0036416253604623083,14.502571193047311,0.7613211930473099,1.0195959490291093
TEMP,2,101,F47,68,heating,77,5,0.48050335132320166,0.2946101121129309,0.19350039729657698,14.787482621078757,1.0462326210787587,1.2167379716861486
TEMP,2,101,F47,68,clock_farm_period,75,1,0.3051446124527543,-0.004901128379569982,-0.0011085837431639156,14.487971380586258,0.7467213805862576,1.0221289906464077
TEMP,2,101,F47,68,clock_farm_period,76,2,0.3179165861881513,-0.0068087741806270126,-0.001495810063712133,14.486063734785203,0.7448137347852007,1.0217417643258595
TEMP,2,101,F47,68,clock_farm_period,72,3,0.3665510372599927,0.0005589376607304519,0.0005076732901447834,14.493431446626559,0.7521814466265582,1.0237452476797164
TEMP,2,101,F47,68,clock_farm_period,85,4,0.5004119032057116,-0.016090373100613082,-0.002580924119923278,14.476782135865214,0.7355321358652146,1.0206566502696484
TEMP,2,101,F47,68,clock_farm_period,87,5,0.5159414669899011,-0.015185002176939669,-0.00173117819289903,14.477687506788888,0.7364375067888881,1.0215063961966726
TEMP,2,101,F47,68,derived_relations,75,1,0.3116073417995382,-0.022737332415350364,-0.014484800702714518,14.470135176550478,0.7288851765504774,1.0087527736868571
TEMP,2,101,F47,68,derived_relations,76,2,0.32464798866350913,-0.02343353250007311,0.013769797438311748,14.469438976465755,0.7281889764657544,1.0370073718278834
TEMP,2,101,F47,68,derived_relations,72,3,0.3932864845021257,-0.004535732812413891,0.03268694236823255,14.488336776153412,0.7470867761534138,1.0559245167578042
TEMP,2,101,F47,68,derived_relations,113,4,0.4643727075714348,-0.021472055234354432,-0.05126163463384792,14.471400453731475,0.7301504537314732,0.9719759397557237
TEMP,2,101,F47,68,derived_relations,56,5,0.5289647508977467,0.12560770728992457,0.0747351290411622,14.618480216255753,0.8772302162557523,1.0979727034307338
TEMP,2,101,F47,68,humidity_CO2,75,1,0.2822419367837716,0.03236206553130313,0.013408643424723588,14.525234574497128,0.7839845744971307,1.0366462178142952
TEMP,2,101,F47,68,humidity_CO2,76,2,0.3100917688511447,0.043098571984059454,0.02309506592551447,14.535971080949887,0.7947210809498871,1.046332640315086
TEMP,2,101,F47,68,humidity_CO2,72,3,0.3383850822085312,0.08034738084521546,0.05993103445799619,14.573219889811044,0.8319698898110431,1.0831686088475678
TEMP,2,101,F47,68,humidity_CO2,85,4,0.5097672171311862,-0.006213782300395747,-0.039277792545576395,14.486658726665432,0.7454087266654318,0.9839597818439952
TEMP,2,101,F47,68,humidity_CO2,87,5,0.5253769241311882,0.01954103748930199,0.018911810463990708,14.51241354645513,0.7711635464551296,1.0421493848535623
TEMP,2,101,F47,68,indoor_temperature,75,1,0.3152764274994819,0.04925806010139344,-0.039613045687773796,14.542130569067224,0.8008805690672212,0.9836245287017978
TEMP,2,101,F47,68,indoor_temperature,76,2,0.33386574038558864,0.032620206725224664,0.024848275859842284,14.525492715691053,0.7842427156910524,1.048085850249414
TEMP,2,101,F47,68,indoor_temperature,72,3,0.3826778615713708,0.36114463304922895,0.4116775511530477,14.854017142015058,1.1127671420150567,1.4349151255426194
TEMP,2,101,F47,68,indoor_temperature,85,4,0.5195888104554683,0.09778123819540929,0.10803864124254581,14.590653747161236,0.8494037471612369,1.1312762156321174
TEMP,2,101,F47,68,indoor_temperature,102,5,0.5462728548636102,-1.4873006486911446,0.11881053593254531,13.005571860274685,-0.735678139725317,1.142048110322117
TEMP,2,101,F47,68,radiation_wind,75,1,0.3000110537799345,0.0062642027298301555,0.006426765340971752,14.49913671169566,0.7578867116956577,1.0296643397305434
TEMP,2,101,F47,68,radiation_wind,76,2,0.3088332516790841,0.00467750362974136,0.0056372793090633255,14.497550012595568,0.756300012595569,1.028874853698635
TEMP,2,101,F47,68,radiation_wind,72,3,0.36070715258206637,0.005346249568872308,0.004463013751283329,14.4982187585347,0.7569687585346999,1.027700588140855
TEMP,2,101,F47,68,radiation_wind,85,4,0.4972243219628876,0.0031073549928954947,0.005257112569351685,14.495979863958723,0.7547298639587231,1.0284946869589233
TEMP,2,101,F47,68,radiation_wind,87,5,0.5125701168710528,0.00405849209826344,0.0022067392559477206,14.496931001064091,0.7556810010640911,1.0254443136455194
TEMP,2,101,F47,68,outdoor_temperature,75,1,0.3098654638386239,0.09824983602788258,0.04130492494418392,14.591122344993712,0.8498723449937101,1.0645424993337556
TEMP,2,101,F47,68,outdoor_temperature,76,2,0.3244021413511637,0.08845395290396807,0.055096112925252516,14.581326461869795,0.8400764618697957,1.0783336873148242
TEMP,2,101,F47,68,outdoor_temperature,72,3,0.3698759623661884,0.1464254646899883,0.11850247947004311,14.639297973655816,0.8980479736558159,1.1417400538596147
TEMP,2,101,F47,68,outdoor_temperature,85,4,0.5100587583693326,-0.027801360279872345,-0.07222774383950148,14.465071148685956,0.7238211486859553,0.9510098305500702
TEMP,2,101,F47,68,outdoor_temperature,87,5,0.5256781678011762,-0.042639935152942066,-0.028261144953567796,14.450232573812889,0.7089825738128855,0.9949764294360038
TEMP,2,7,F47,68,other_actuators,75,1,0.255217795889787,-0.045202668251998146,-0.05005516378182773,14.437900082979212,0.6966500829792127,0.9710975112917354
TEMP,2,7,F47,68,other_actuators,76,2,0.25869471530499194,-0.05417048952598602,-0.05752436905411429,14.428932261705222,0.6876822617052248,0.9636283060194488
TEMP,2,7,F47,68,other_actuators,85,3,0.26783597607985155,-0.2272193999245097,-0.16204359568249171,14.2558833513067,0.5146333513067011,0.8591090793910714
TEMP,2,7,F47,68,other_actuators,87,4,0.2721853214536588,-0.1771631523612236,-0.1540674781635346,14.305939598869989,0.5646895988699873,0.8670851969100285
TEMP,2,7,F47,68,other_actuators,72,5,0.3132512458779546,-0.15757230473322514,-0.1630601155062592,14.325530446497986,0.5842804464979857,0.8580925595673039
TEMP,2,7,F47,68,heating,76,1,0.30486687855950695,0.015511839647700828,-0.0056905450193602825,14.49861459087891,0.7573645908789116,1.0154621300542028
TEMP,2,7,F47,68,heating,75,2,0.3052057532964944,-0.013696461754161504,-0.0068633690556889615,14.46940628947705,0.7281562894770494,1.0142893060178741
TEMP,2,7,F47,68,heating,72,3,0.3421902929207865,-0.08091117463146376,-0.06958710312596206,14.402191576599748,0.6609415765997471,0.951565571947601
TEMP,2,7,F47,68,heating,56,4,0.4284203421756121,0.024813181078064073,0.0018606862693366644,14.507915932309274,0.7666659323092748,1.0230133613428998
TEMP,2,7,F47,68,heating,77,5,0.48050335132320166,0.30494623244071145,0.19585916299461292,14.788048983671922,1.0467989836719223,1.217011838068176
TEMP,2,7,F47,68,clock_farm_period,75,1,0.3051446124527543,-0.0044151988003249265,-0.00041794638941028417,14.47868755243089,0.7374375524308858,1.0207347286841528
TEMP,2,7,F47,68,clock_farm_period,76,2,0.3179165861881513,-0.006349174302521243,-0.0008036328130991421,14.476753576928688,0.7355035769286896,1.020349042260464
TEMP,2,7,F47,68,clock_farm_period,72,3,0.3665510372599927,0.0005763199049407438,0.00045664527460487214,14.483679071136152,0.7424290711361516,1.021609320348168
TEMP,2,7,F47,68,clock_farm_period,85,4,0.5004119032057116,-0.01712617546453184,-0.003137191808488149,14.46597657576668,0.7247265757666789,1.018015483265075
TEMP,2,7,F47,68,clock_farm_period,87,5,0.5159414669899011,-0.016919363271294063,-0.002905995692615404,14.466183387959916,0.7249333879599167,1.0182466793809477
TEMP,2,7,F47,68,derived_relations,75,1,0.3116073417995382,-0.020572292464967095,-0.006334579889259784,14.462530458766244,0.7212804587662438,1.0148180951843033
TEMP,2,7,F47,68,derived_relations,76,2,0.32464798866350913,-0.01774343588068909,0.023222896354482048,14.46535931535052,0.7241093153505217,1.0443755714280452
TEMP,2,7,F47,68,derived_relations,72,3,0.3932864845021257,-0.0071519511766193755,0.031942442768972956,14.47595080005459,0.7347008000545915,1.053095117842536
TEMP,2,7,F47,68,derived_relations,113,4,0.4643727075714348,-0.011688552629028978,-0.049856188826012615,14.471414198602181,0.7301641986021817,0.9712964862475505
TEMP,2,7,F47,68,derived_relations,56,5,0.5289647508977467,0.1318715084217922,0.08479285539519466,14.614974259653003,0.8737242596530029,1.1059455304687578
TEMP,2,7,F47,68,humidity_CO2,75,1,0.2822419367837716,0.03304342604385494,0.015743213508692566,14.516146177275067,0.7748961772750658,1.0368958885822557
TEMP,2,7,F47,68,humidity_CO2,76,2,0.3100917688511447,0.033162482556956085,0.01391349575355183,14.516265233788166,0.775015233788167,1.035066170827115
TEMP,2,7,F47,68,humidity_CO2,72,3,0.3383850822085312,0.08178520331987738,0.05754376327949706,14.56488795455109,0.8236379545510882,1.0786964383530602
TEMP,2,7,F47,68,humidity_CO2,85,4,0.5097672171311862,-0.009374973007543641,-0.04397592427303254,14.473727778223667,0.7324777782236671,0.9771767508005306
TEMP,2,7,F47,68,humidity_CO2,87,5,0.5253769241311882,0.01990151144641546,0.01845687781508154,14.503004262677626,0.7617542626776262,1.0396095528886447
TEMP,2,7,F47,68,indoor_temperature,75,1,0.3152764274994819,0.04488930354322718,-0.05394623014583699,14.527992054774439,0.786742054774438,0.9672064449277261
TEMP,2,7,F47,68,indoor_temperature,76,2,0.33386574038558864,0.03195916421245474,0.015177081402916848,14.515061915443667,0.7738119154436656,1.03632975647648
TEMP,2,7,F47,68,indoor_temperature,72,3,0.3826778615713708,0.3671266369073753,0.40830106254488086,14.850229388138587,1.108979388138586,1.429453737618444
TEMP,2,7,F47,68,indoor_temperature,85,4,0.5195888104554683,0.0860449782735951,0.08481576305882688,14.569147729504806,0.827897729504806,1.10596843813239
TEMP,2,7,F47,68,indoor_temperature,102,5,0.5462728548636102,-1.4897636246808519,0.13702731851137884,12.993339126550358,-0.7479108734496412,1.158179993584942
TEMP,2,7,F47,68,radiation_wind,75,1,0.3000110537799345,0.0061211182033787575,0.006008228967103735,14.489223869434591,0.7479738694345895,1.0271609040406668
TEMP,2,7,F47,68,radiation_wind,76,2,0.3088332516790841,0.004198785480367044,0.005424823016529912,14.487301536711579,0.7460515367115779,1.026577498090093
TEMP,2,7,F47,68,radiation_wind,72,3,0.36070715258206637,0.005104453620848585,0.004178753401188784,14.48820720485206,0.7469572048520594,1.025331428474752
TEMP,2,7,F47,68,radiation_wind,85,4,0.4972243219628876,0.00293745400159251,0.00531701524521333,14.486040205232804,0.7447902052328033,1.0264696903187764
TEMP,2,7,F47,68,radiation_wind,87,5,0.5125701168710528,0.003979482782801987,0.0025703568568975488,14.48708223401401,0.7458322340140128,1.0237230319304607
TEMP,2,7,F47,68,outdoor_temperature,75,1,0.3098654638386239,0.09607843225154984,0.03962548603045035,14.57918118348276,0.8379311834827607,1.0607781611040135
TEMP,2,7,F47,68,outdoor_temperature,76,2,0.3244021413511637,0.08755379295663761,0.053104669467047616,14.57065654418785,0.8294065441878485,1.0742573445406107
TEMP,2,7,F47,68,outdoor_temperature,72,3,0.3698759623661884,0.14564891750160314,0.11725427699458746,14.628751668732813,0.887501668732814,1.1384069520681506
TEMP,2,7,F47,68,outdoor_temperature,85,4,0.5100587583693326,-0.02441658606575281,-0.06615727101572666,14.458686165165458,0.717436165165458,0.9549954040578365
TEMP,2,7,F47,68,outdoor_temperature,87,5,0.5256781678011762,-0.03969592750603801,-0.026440746652163116,14.443406823725175,0.7021568237251729,0.9947119284214
TEMP,3,101,F47,72,other_actuators,68,1,0.3118515510174454,0.09278320677222733,0.05460171737604086,15.101297101531914,0.33254710153191475,0.5329359712839585
TEMP,3,101,F47,72,other_actuators,87,2,0.358223313232964,-0.0029660822491244985,0.021791629519613498,15.005547812510564,0.2367978125105629,0.5001258834275312
TEMP,3,101,F47,72,other_actuators,85,3,0.3639301738571549,-0.011972295690462728,0.02482151608861788,14.996541599069225,0.22779159906922467,0.5031557699965356
TEMP,3,101,F47,72,other_actuators,88,4,0.47200856142537073,0.024275534502281742,0.030640616976058632,15.032789429261967,0.26403942926196916,0.5089748708839763
TEMP,3,101,F47,72,other_actuators,130,5,0.4962347398678245,0.01285024759335703,0.043688693609559126,15.021364142353045,0.2526141423530444,0.5220229475174768
TEMP,3,101,F47,72,heating,68,1,0.336056705074611,0.06345433570715302,0.033932111778124,15.071968230466842,0.30321823046684043,0.5122663656860417
TEMP,3,101,F47,72,heating,69,2,0.5251558219506377,0.04331853862413341,0.0031436254496305938,15.051832433383822,0.28308243338382083,0.48147787935754827
TEMP,3,101,F47,72,heating,87,3,0.5616040413906129,0.018649536860556665,0.001283644386833649,15.027163431620245,0.25841343162024405,0.4796178982947513
TEMP,3,101,F47,72,heating,58,4,0.5644938121490339,0.32881455014762934,0.19989497183655608,15.337328444907316,0.5685784449073167,0.6782292257444738
TEMP,3,101,F47,72,heating,85,5,0.5673763288735985,0.04131173573708802,0.011447516356910603,15.049825630496777,0.2810756304967754,0.4897817702648283
TEMP,3,101,F47,72,clock_farm_period,68,1,0.3610502064395599,-0.00040820965169937234,-0.00023322774258721646,15.008105685107987,0.23935568510798802,0.47810102616533046
TEMP,3,101,F47,72,clock_farm_period,87,2,0.5860024962162657,-0.0063132337495573525,0.0013012792082788827,15.00220066101013,0.23345066101013004,0.47963553311619656
TEMP,3,101,F47,72,clock_farm_period,85,3,0.5891006617830226,-0.006960696180027259,0.0007567447565234864,15.001553198579662,0.23280319857966014,0.47909099866444116
TEMP,3,101,F47,72,clock_farm_period,69,4,0.6280267287401325,-0.0003059394627904499,-0.00017481125393981056,15.008207955296896,0.23945795529689695,0.47815944265397786
TEMP,3,101,F47,72,clock_farm_period,88,5,0.6350031051206276,-0.006316716692398676,0.001336696783379554,15.00219717806729,0.23344717806728874,0.4796709506912972
TEMP,3,101,F47,72,derived_relations,68,1,0.3873171868156525,-0.019289515247603656,-0.02305833726307016,14.989224379512086,0.22047437951208373,0.4552759166448475
TEMP,3,101,F47,72,derived_relations,113,2,0.6125168483301103,0.00751864420230793,0.011290205934421094,15.016032538961994,0.24728253896199534,0.48962445984233877
TEMP,3,101,F47,72,derived_relations,69,3,0.6163260639114545,0.15759604300883634,0.08987893562082533,15.166109937768525,0.39735993776852374,0.568213189528743
TEMP,3,101,F47,72,derived_relations,87,4,0.6205309964217046,0.009632973724020166,0.0017848788560523854,15.018146868483706,0.24939686848370757,0.48011913276397006
TEMP,3,101,F47,72,derived_relations,85,5,0.6283438528051738,-0.0052155970793622925,-0.014637092729102075,15.003298297680326,0.23454829768032512,0.4636971611788156
TEMP,3,101,F47,72,humidity_CO2,68,1,0.3320466543089125,-0.1397948712621364,-0.04144310267088541,14.86871902349755,0.09996902349755099,0.43689115123703226
TEMP,3,101,F47,72,humidity_CO2,85,2,0.592358311086649,-0.20193245894061085,-0.09341473524297655,14.806581435819076,0.03783143581907655,0.3849195186649411
TEMP,3,101,F47,72,humidity_CO2,87,3,0.5951120259912462,-0.10979398534074288,-0.03217270548214951,14.898719909418945,0.1299699094189445,0.44616154842576816
TEMP,3,101,F47,72,humidity_CO2,69,4,0.6316046814470672,-0.12729673068690647,-0.05257999663659929,14.88121716407278,0.11246716407278094,0.4257542572713184
TEMP,3,101,F47,72,humidity_CO2,118,5,0.632359658359068,-0.04880982934096756,0.029556015340782282,14.95970406541872,0.19095406541871984,0.5078902692487
TEMP,3,101,F47,72,indoor_temperature,68,1,0.3770457793171009,-0.3628887404425891,0.02972031023153926,14.645625154317097,-0.12312484568290172,0.5080545641394569
TEMP,3,101,F47,72,indoor_temperature,85,2,0.6208643901139907,-0.24276292639840946,0.40929975608851304,14.76575096836128,-0.0029990316387220606,0.8876340099964307
TEMP,3,101,F47,72,indoor_temperature,87,3,0.62102291842507,-0.45266427966134276,0.1817418235783544,14.555849615098344,-0.2129003849016554,0.6600760774862721
TEMP,3,101,F47,72,indoor_temperature,117,4,0.6432919456565064,-1.5884240629018784,1.0760032939143922,13.420089831857808,-1.3486601681421913,1.5543375478223098
TEMP,3,101,F47,72,indoor_temperature,115,5,0.6443092862641926,-1.833363876706793,1.3287465091168533,13.175150018052895,-1.5935999819471058,1.807080763024771
TEMP,3,101,F47,72,radiation_wind,68,1,0.35495089860452417,-0.003875302375316266,-0.0060241114818944674,15.004638592384373,0.23588859238437113,0.4723101424260232
TEMP,3,101,F47,72,radiation_wind,87,2,0.5932584928737519,0.00048379585128059216,-0.0015997497071717492,15.008997690610968,0.24024769061096798,0.4767345042007459
TEMP,3,101,F47,72,radiation_wind,85,3,0.5958449256645739,-0.007947473568048183,-0.00036617909950148464,15.00056642119164,0.23181642119163923,0.4779680748084162
TEMP,3,101,F47,72,radiation_wind,88,4,0.6209113470107965,-0.00678144906876262,0.00017420409929180813,15.001732445690925,0.23298244569092477,0.4785084580072095
TEMP,3,101,F47,72,radiation_wind,69,5,0.6298489391757243,-0.003875302375316266,-0.0060241114818944674,15.004638592384373,0.23588859238437113,0.4723101424260232
TEMP,3,101,F47,72,outdoor_temperature,68,1,0.3644212855985979,-0.14574768251982909,-0.05651600139097129,14.862766212239857,0.0940162122398583,0.4218182525169464
TEMP,3,101,F47,72,outdoor_temperature,87,2,0.5934627792941828,-0.1749288204549253,-0.05102713513969054,14.833585074304764,0.0648350743047621,0.42730711876822713
TEMP,3,101,F47,72,outdoor_temperature,85,3,0.5970470049277136,-0.15919916233421935,-0.08428280198621729,14.84931473242547,0.08056473242546806,0.3940514519217004
TEMP,3,101,F47,72,outdoor_temperature,69,4,0.6410514396645866,-0.12886833717660498,-0.05572343585786821,14.879645557583082,0.11089555758308241,0.42261081805004946
TEMP,3,101,F47,72,outdoor_temperature,88,5,0.649871077643808,-0.049306302461901964,-0.01266278235385726,14.959207592297787,0.19045759229778544,0.4656714715540604
TEMP,3,7,F47,72,other_actuators,68,1,0.3118515510174454,0.09033339055418639,0.04456443375554775,15.074256805009016,0.305506805009017,0.5114398046271715
TEMP,3,7,F47,72,other_actuators,87,2,0.358223313232964,0.004139024448472546,0.03336579410486884,14.988062438903304,0.21931243890330313,0.5002411649764926
TEMP,3,7,F47,72,other_actuators,85,3,0.3639301738571549,-0.008015280905124897,0.021917313831334606,14.975908133549703,0.2071581335497057,0.4887926847029584
TEMP,3,7,F47,72,other_actuators,88,4,0.47200856142537073,0.033458674975156345,0.032391166781687686,15.017382089429987,0.24863208942998694,0.49926653765331147
TEMP,3,7,F47,72,other_actuators,130,5,0.4962347398678245,0.035473785317795624,0.04878566481201807,15.019397199772627,0.25064719977262623,0.5156610356836419
TEMP,3,7,F47,72,heating,68,1,0.336056705074611,0.06249147694600491,0.03029231533708099,15.046414891400834,0.2776648914008355,0.4971676862087048
TEMP,3,7,F47,72,heating,69,2,0.5251558219506377,0.04980033109158696,0.0062982015861687835,15.033723745546418,0.26497374554641756,0.47317357245779257
TEMP,3,7,F47,72,heating,87,3,0.5616040413906129,0.02737982907137922,0.006828147069880053,15.011303243526212,0.2425532435262098,0.47370351794150384
TEMP,3,7,F47,72,heating,58,4,0.5644938121490339,0.35723683621885854,0.21534551578669336,15.341160250673688,0.5724102506736891,0.6822208866583171
TEMP,3,7,F47,72,heating,85,5,0.5673763288735985,0.04540547141753404,0.012246503451757373,15.029328885872365,0.2605788858723646,0.47912187432338116
TEMP,3,7,F47,72,clock_farm_period,68,1,0.3610502064395599,-0.0006532725667571793,-0.0002763729342540322,14.983270141888076,0.21452014188807342,0.46659899793736975
TEMP,3,7,F47,72,clock_farm_period,87,2,0.5860024962162657,-0.001725615158248539,0.0033124434644749567,14.98219779929658,0.21344779929658206,0.47018781433609874
TEMP,3,7,F47,72,clock_farm_period,85,3,0.5891006617830226,-0.005010272672952991,0.001422895890526188,14.978913141781879,0.2101631417818776,0.46829826676215
TEMP,3,7,F47,72,clock_farm_period,69,4,0.6280267287401325,-0.0003028087689956512,-0.00015880744518526058,14.983620605685834,0.21487060568583494,0.4667165634264385
TEMP,3,7,F47,72,clock_farm_period,88,5,0.6350031051206276,-0.0012846570579488532,0.003446368511597908,14.982638757396883,0.21388875739688173,0.4703217393832217
TEMP,3,7,F47,72,derived_relations,68,1,0.3873171868156525,-0.01442992456814518,-0.022397141234462736,14.969493489886686,0.20074348988668542,0.44447822963716105
TEMP,3,7,F47,72,derived_relations,113,2,0.6125168483301103,0.013887113307910296,0.014134358005896075,14.997810527762743,0.22906052776274088,0.48100972887751986
TEMP,3,7,F47,72,derived_relations,69,3,0.6163260639114545,0.17064629273192367,0.0864739629823914,15.154569707186758,0.38581970718675423,0.5533493338540152
TEMP,3,7,F47,72,derived_relations,87,4,0.6205309964217046,0.020139457017180156,0.003136318834691787,15.00406287147201,0.23531287147201074,0.47001168970631557
TEMP,3,7,F47,72,derived_relations,85,5,0.6283438528051738,0.0058168941405166335,-0.009632730334446504,14.98974030859535,0.2209903085953472,0.4572426405371773
TEMP,3,7,F47,72,humidity_CO2,68,1,0.3320466543089125,-0.14081420883011853,-0.031499250668053536,14.843109205624712,0.07435920562471206,0.43537612020357025
TEMP,3,7,F47,72,humidity_CO2,85,2,0.592358311086649,-0.2036910182278676,-0.0842862472929703,14.780232396226964,0.01148239622696301,0.3825891235786535
TEMP,3,7,F47,72,humidity_CO2,87,3,0.5951120259912462,-0.12052584621438826,-0.017505566152702046,14.863397568240442,0.09464756824044233,0.44936980471892174
TEMP,3,7,F47,72,humidity_CO2,69,4,0.6316046814470672,-0.12836694392838913,-0.041594725995461546,14.855556470526443,0.08680647052644146,0.42528064487616224
TEMP,3,7,F47,72,humidity_CO2,118,5,0.632359658359068,-0.026821038874395537,0.03577482571279711,14.957102375580433,0.18835237558043505,0.5026501965844209
TEMP,3,7,F47,72,indoor_temperature,68,1,0.3770457793171009,-0.36050681439636284,0.0480767061946874,14.623416600058468,-0.14533339994153227,0.5149520770663112
TEMP,3,7,F47,72,indoor_temperature,85,2,0.6208643901139907,-0.2593460735706153,0.4181213184877618,14.724577340884215,-0.04417265911578472,0.8849966893593856
TEMP,3,7,F47,72,indoor_temperature,87,3,0.62102291842507,-0.4596504095983996,0.2040746384911073,14.524273004856433,-0.24447699514356902,0.6709500093627311
TEMP,3,7,F47,72,indoor_temperature,117,4,0.6432919456565064,-1.5695824174904,1.0988667124903868,13.414340996964432,-1.3544090030355693,1.5657420833620106
TEMP,3,7,F47,72,indoor_temperature,115,5,0.6443092862641926,-1.842768573672305,1.3693099444421974,13.141154840782525,-1.6275951592174742,1.8361853153138212
TEMP,3,7,F47,72,radiation_wind,68,1,0.35495089860452417,-0.005691883019560473,-0.006763263928879271,14.97823153143527,0.20948153143527012,0.4601121069427445
TEMP,3,7,F47,72,radiation_wind,87,2,0.5932584928737519,0.0005921616864209186,-0.0018078808328860219,14.984515576141254,0.2157655761412515,0.46506749003873776
TEMP,3,7,F47,72,radiation_wind,85,3,0.5958449256645739,-0.008211234367276147,-0.0008543565997938263,14.975712180087555,0.20696218008755443,0.46602101427182996
TEMP,3,7,F47,72,radiation_wind,88,4,0.6209113470107965,-0.008477372244791281,-0.0007769389208082123,14.975446042210038,0.20669604221003932,0.4660984319508156
TEMP,3,7,F47,72,radiation_wind,69,5,0.6298489391757243,-0.005691883019560473,-0.006763263928879271,14.97823153143527,0.20948153143527012,0.4601121069427445
TEMP,3,7,F47,72,outdoor_temperature,68,1,0.3644212855985979,-0.1413174454668893,-0.05135465276146289,14.842605968987941,0.07385596898794129,0.4155207181101609
TEMP,3,7,F47,72,outdoor_temperature,87,2,0.5934627792941828,-0.17152096975274986,-0.047579941439129914,14.812402444702082,0.04365244470208074,0.41929542943249387
TEMP,3,7,F47,72,outdoor_temperature,85,3,0.5970470049277136,-0.1579308180177724,-0.07768842837890938,14.82599259643706,0.0572425964370582,0.3891869424927144
TEMP,3,7,F47,72,outdoor_temperature,69,4,0.6410514396645866,-0.12384565895224875,-0.05107637789209002,14.860077755502582,0.09132775550258183,0.41579899297953377
TEMP,3,7,F47,72,outdoor_temperature,88,5,0.649871077643808,-0.04721594428433747,-0.011770017641297759,14.936707470170495,0.16795747017049312,0.455105353230326
TEMP,5,101,F13,194,other_actuators,198,1,0.5598060824813987,0.46791204053206953,0.36645700706552664,19.81386176355438,0.6771950968877133,0.7625394748036033
TEMP,5,101,F13,194,other_actuators,196,2,0.5837896917884472,-0.09968129914916386,-0.01804750232118779,19.246268423873147,0.10960175720647995,0.37803496541688886
TEMP,5,101,F13,194,other_actuators,197,3,0.7910606614513113,-0.08318045535473899,-0.036412073588275196,19.262769267667572,0.12610260100090484,0.35967039414980145
TEMP,5,101,F13,194,other_actuators,243,4,0.9320437408514288,-0.12152356441852168,0.05381288349653307,19.224426158603787,0.08775949193712214,0.4498953512346097
TEMP,5,101,F13,194,other_actuators,245,5,0.969195494180589,0.16245908709785825,0.13005414306988572,19.50840881012017,0.37174214345350204,0.5261366108079624
TEMP,5,101,F13,194,heating,196,1,0.5336287146426225,-0.008659074697677424,-0.0032923072091903816,19.337290648324633,0.20062398165796638,0.39279016052888627
TEMP,5,101,F13,194,heating,198,2,0.6608171646092148,0.05058901745678179,0.008357318583933515,19.39653874047909,0.2598720738124256,0.40443978632201016
TEMP,5,101,F13,194,heating,197,3,0.6807012711102957,-0.020667299532350913,-0.005962338317793692,19.325282423489963,0.1886157568232929,0.39012012942028296
TEMP,5,101,F13,194,heating,245,4,0.9724094111594989,0.04617071560485009,0.043303603420300596,19.39212043862716,0.2554537719604939,0.43938607115837724
TEMP,5,101,F13,194,heating,243,5,0.9852648597893745,0.016781457924351706,0.017289700558620835,19.362731180946664,0.22606451427999552,0.4133721682966975
TEMP,5,101,F13,194,clock_farm_period,196,1,0.559923843059091,-0.006672562117615873,-0.003753841729718599,19.339277160904697,0.20261049423802793,0.39232862600835805
TEMP,5,101,F13,194,clock_farm_period,198,2,0.659183469660223,-0.007507979647764618,-0.004096926451102378,19.338441743374545,0.2017750767078792,0.39198554128697427
TEMP,5,101,F13,194,clock_farm_period,197,3,0.7318110415598476,-0.006631882634929938,-0.003695306928222286,19.33931784038738,0.20265117372071387,0.39238716080985436
TEMP,5,101,F13,194,clock_farm_period,245,4,0.9529790321043151,0.011951222625583569,0.012276171339521025,19.357900945647895,0.22123427898122738,0.4083586390775977
TEMP,5,101,F13,194,clock_farm_period,243,5,0.9622198170698255,0.011263979115766857,0.011670013018347192,19.35721370213808,0.22054703547141066,0.40775248075642384
TEMP,5,101,F13,194,derived_relations,196,1,0.574024571773351,-0.037485589778162375,-0.00474940063150836,19.308464133244147,0.17179746657748143,0.3913330671065683
TEMP,5,101,F13,194,derived_relations,198,2,0.6834049727117844,-0.020034733873526722,-0.0013139777743678138,19.325914989148785,0.1892483224821171,0.39476848996370884
TEMP,5,101,F13,194,derived_relations,197,3,0.7220422950075833,-0.051139704862844436,-0.0066387490638639135,19.294810018159463,0.15814335149279937,0.38944371867421274
TEMP,5,101,F13,194,derived_relations,245,4,0.8944179778968584,-0.08217661521527297,0.036229609872563295,19.26377310780704,0.12710644114037084,0.43231207761063994
TEMP,5,101,F13,194,derived_relations,243,5,0.9632679869627379,-0.04860946621180107,0.0014204204096053274,19.29734025681051,0.16067359014384275,0.397502888147682
TEMP,5,101,F13,194,humidity_CO2,196,1,0.48667230748024437,0.24323023206706415,0.22776314286467447,19.589179955089374,0.45251328842270794,0.6238456106027511
TEMP,5,101,F13,194,humidity_CO2,198,2,0.614983467898778,0.15505585934323562,0.18425221131192548,19.501005582365547,0.36433891569887944,0.5803346790500021
TEMP,5,101,F13,194,humidity_CO2,197,3,0.6362676427950061,0.280688553593337,0.23585461549365183,19.626638276615648,0.4899716099489808,0.6319370832317285
TEMP,5,101,F13,194,humidity_CO2,179,4,0.8772729696819018,0.5864608050811717,0.5047735044251245,19.932410528103485,0.7957438614368155,0.9008559721632011
TEMP,5,101,F13,194,humidity_CO2,245,5,0.9019760371117171,0.30459236005805773,0.23886141185120247,19.650542083080367,0.5138754164137015,0.6349438795892791
TEMP,5,101,F13,194,indoor_temperature,196,1,0.5182100556001968,-1.7684655110475873,1.2863237124339535,17.577484211974724,-1.5591824546919437,1.6824061801720303
TEMP,5,101,F13,194,indoor_temperature,198,2,0.6424694912534099,-1.8154961801710332,1.3111747602942643,17.530453542851276,-1.6062131238153894,1.7072572280323408
TEMP,5,101,F13,194,indoor_temperature,197,3,0.7120528202013392,-2.0979649461061913,1.5828317569819257,17.24798477691612,-1.8886818897505477,1.9789142247200022
TEMP,5,101,F13,194,indoor_temperature,245,4,0.9008152949126836,-2.845895795690922,2.805004308562665,16.50005392733139,-2.6366127393352783,3.2010867763007416
TEMP,5,101,F13,194,indoor_temperature,232,5,0.9475762139103828,-4.827339137950856,4.249181760540023,14.518610585071455,-4.6180560815952125,4.6452642282781
TEMP,5,101,F13,194,radiation_wind,196,1,0.5660410124547667,0.0069706912512841335,0.012270772577139988,19.352920414273594,0.21625374760692795,0.40835324031521664
TEMP,5,101,F13,194,radiation_wind,198,2,0.6572042619081881,-0.011678573224736125,-0.0020856163855615395,19.334271149797573,0.1976044831309077,0.3939968513525151
TEMP,5,101,F13,194,radiation_wind,197,3,0.7273651685719328,-0.005781217685088436,0.007553668381420964,19.34016850533722,0.20350183867055538,0.4036361361194976
TEMP,5,101,F13,194,radiation_wind,243,4,0.8106763779709633,-0.04837600878109131,-0.03807739577891772,19.29757371424122,0.16090704757455251,0.3580050719591589
TEMP,5,101,F13,194,radiation_wind,245,5,0.955205149910801,-0.003220596536164244,0.008424211214408395,19.342729126486148,0.20606245981947957,0.40450667895248504
TEMP,5,101,F13,194,outdoor_temperature,196,1,0.5695808453260788,0.20795815040946528,0.16828723698198955,19.55390787343178,0.41724120676510906,0.5643697047200662
TEMP,5,101,F13,194,outdoor_temperature,198,2,0.6728453951397502,0.06661396769026433,0.20253643384304665,19.412563690712574,0.27589702404590816,0.5986189015811233
TEMP,5,101,F13,194,outdoor_temperature,197,3,0.7435865111495192,0.26882173144738425,0.21617994607173474,19.614771454469693,0.47810478780302806,0.6122624138098114
TEMP,5,101,F13,194,outdoor_temperature,245,4,0.9366111533770273,-0.45871756365260746,0.22190371708805812,18.887232159369702,-0.24943450729696362,0.6179861848261348
TEMP,5,101,F13,194,outdoor_temperature,243,5,0.9828599096536942,0.01325978425091027,0.06175391369058231,19.35920950727322,0.22254284060655408,0.45783638142865896
TEMP,5,101,F47,191,other_actuators,194,1,0.3832476504410237,0.25108439642597835,-0.2116127064238702,17.36697742444175,-2.940939242224916,3.0891742980535044
TEMP,5,101,F47,191,other_actuators,195,2,0.6451218035532353,-0.040177583183217326,0.029192848314843367,17.075715444832554,-3.2322012218341114,3.329979852792218
TEMP,5,101,F47,191,other_actuators,196,3,0.6729980303798974,-0.16921507543870948,0.14932543610117843,16.946677952577062,-3.3612387140896036,3.450112440578553
TEMP,5,101,F47,191,other_actuators,243,4,0.7197955258987472,-0.12244221546703075,0.09626695857333667,16.99345081254874,-3.3144658541179246,3.3970539630507113
TEMP,5,101,F47,191,other_actuators,241,5,0.7358263406952543,-0.2336501182131947,0.2019298885711085,16.882242909802578,-3.425673756864089,3.502716893048483
TEMP,5,101,F47,191,heating,194,1,0.43638108981784896,-0.0016074374677133758,0.011928243287617324,17.11428559054806,-3.1936310761186077,3.312715247764992
TEMP,5,101,F47,191,heating,195,2,0.5254371861921633,-0.22553129105742334,0.2234917581147804,16.89036173695835,-3.417554929708318,3.524278762592155
TEMP,5,101,F47,191,heating,196,3,0.5839372448879244,-0.21279059122148478,0.21528080960716522,16.90310243679429,-3.404814229872379,3.51606781408454
TEMP,5,101,F47,191,heating,243,4,0.6151475100687496,-0.2503917260796942,0.2502434840812491,16.865501301936078,-3.442415364730588,3.5510304885586237
TEMP,5,101,F47,191,heating,214,5,0.8102534793000881,-0.21611401141259515,0.21367162417171315,16.899779016603176,-3.4081376500634892,3.5144586286490878
TEMP,5,101,F47,191,clock_farm_period,194,1,0.4863758085921968,-8.60415603898268e-06,-2.3811158330833138e-05,17.115884423859733,-3.192032242806933,3.3007631933190438
TEMP,5,101,F47,191,clock_farm_period,196,2,0.6610630109235149,-0.006459155630753462,0.0063531483645626885,17.10943387238502,-3.1984827942816474,3.3071401528419373
TEMP,5,101,F47,191,clock_farm_period,195,3,0.6790585391783847,-0.0006443609084650544,0.0005515327198408748,17.115248667107306,-3.1926679995593594,3.3013385371972155
TEMP,5,101,F47,191,clock_farm_period,243,4,0.7078169775088288,0.006507520187948608,-0.006483075989966558,17.122400548203718,-3.185516118462946,3.294303928487408
TEMP,5,101,F47,191,clock_farm_period,241,5,0.8080676519769374,-0.024816909760623524,0.023427438342721985,17.09107611825515,-3.216840548411518,3.3242144428200966
TEMP,5,101,F47,191,derived_relations,194,1,0.49641714213796684,-0.013169635860316756,0.016504230751698046,17.102723392155454,-3.205193274511211,3.3172912352290727
TEMP,5,101,F47,191,derived_relations,196,2,0.6217597504152167,-0.26369891255510614,0.24763727924095713,16.852194115460666,-3.455722551206,3.5484242837183317
TEMP,5,101,F47,191,derived_relations,195,3,0.665261914556316,-0.1824952903613785,0.18267074996701194,16.933397737654392,-3.374518929012273,3.4834577544443865
TEMP,5,101,F47,191,derived_relations,243,4,0.7073187622639823,-0.1433944260810156,0.1342229881880863,16.972498601934756,-3.33541806473191,3.435009992665461
TEMP,5,101,F47,191,derived_relations,210,5,0.8300217441888912,-0.2026466203029753,0.16171334574260543,16.913246407712798,-3.3946702589538695,3.46250035021998
TEMP,5,101,F47,191,humidity_CO2,194,1,0.4955414101278758,0.09172510123172684,-0.08279761216338022,17.207618129247496,-3.1002985374191674,3.2179893923139944
TEMP,5,101,F47,191,humidity_CO2,196,2,0.6715691829947046,-0.029348520146316986,0.022249013918558713,17.086544507869455,-3.221372158797211,3.3230360183959333
TEMP,5,101,F47,191,humidity_CO2,195,3,0.7004698288122305,0.11984853856791282,-0.13280908553540627,17.235741566583688,-3.0721751000829816,3.1679779189419683
TEMP,5,101,F47,191,humidity_CO2,243,4,0.7253800127600639,0.06607826305193905,-0.056435659167193286,17.181971291067708,-3.125945375598955,3.2443513453101813
TEMP,5,101,F47,191,humidity_CO2,241,5,0.8110499988139264,0.010128801838322321,-0.01009292033490894,17.126021829854093,-3.1818948368125723,3.2906940841424657
TEMP,5,101,F47,191,indoor_temperature,194,1,0.5109348807284483,-0.46521233335372303,0.5503816454417834,16.650680694662046,-3.6572359720046173,3.851168649919158
TEMP,5,101,F47,191,indoor_temperature,196,2,0.6472961454318754,-2.0830142424440727,1.9937591254940736,15.032878785571699,-5.275037881094967,5.294546129971448
TEMP,5,101,F47,191,indoor_temperature,243,3,0.7004588698691797,-1.6990149538537576,1.6592673943142637,15.416878074162014,-4.891038592504652,4.960054398791638
TEMP,5,101,F47,191,indoor_temperature,195,4,0.7164942849307072,-0.7888318657464642,0.7937768952073876,16.327061162269306,-3.980855504397358,4.094563899684762
TEMP,5,101,F47,191,indoor_temperature,212,5,0.7492497089140496,-3.63059162205834,3.5411963273763867,13.485301405957435,-6.822615260709234,6.841983331853761
TEMP,5,101,F47,191,radiation_wind,194,1,0.4899034400658191,0.009176937836520294,-0.012015034101292787,17.12506996585229,-3.1828467008143746,3.288771970376082
TEMP,5,101,F47,191,radiation_wind,196,2,0.6603798327429276,5.40038097004795e-05,-0.004871576359461116,17.11594703182547,-3.1919696348411932,3.2959154281179135
TEMP,5,101,F47,191,radiation_wind,195,3,0.6829615477980054,0.0009217140355965251,-0.0045655676988749505,17.11681474205137,-3.191101924615298,3.2962214367784997
TEMP,5,101,F47,191,radiation_wind,243,4,0.711767389773217,-0.015604603533575215,0.01440600407910786,17.100288424482198,-3.2076282421844695,3.3151930085564825
TEMP,5,101,F47,191,radiation_wind,241,5,0.8132329790247982,0.003482675878260159,-0.006709993469047326,17.119375703894033,-3.188540962772634,3.2940770110083273
TEMP,5,101,F47,191,outdoor_temperature,194,1,0.4929483471306506,-0.13849718333320885,0.1304721388536092,16.977395844682565,-3.3305208219841034,3.431259143330984
TEMP,5,101,F47,191,outdoor_temperature,196,2,0.6649240706647465,-0.18869909629817036,0.16033251026949857,16.9271939317176,-3.3807227349490643,3.461119514746873
TEMP,5,101,F47,191,outdoor_temperature,243,3,0.6855204641068938,-0.25918092276466215,0.2576883859044323,16.85671210525111,-3.4512045614155564,3.558475390381807
TEMP,5,101,F47,191,outdoor_temperature,195,4,0.6954561063411215,0.03877588385591454,-0.02710807522111658,17.154668911871685,-3.15324775479498,3.273678929256258
TEMP,5,101,F47,191,outdoor_temperature,241,5,0.7244928377193264,-0.7185521421869717,0.6814870213700375,16.3973408858288,-3.9105757808378656,3.982274025847412
TEMP,5,7,F13,194,other_actuators,198,1,0.5598060824813987,0.48616424145479414,0.35325147443775967,19.789728807151327,0.6530621404846598,0.7401978252571648
TEMP,5,7,F13,194,other_actuators,196,2,0.5837896917884472,-0.07444192343444896,-0.010770095203332108,19.229122642262084,0.09245597559541678,0.37617625561607304
TEMP,5,7,F13,194,other_actuators,197,3,0.7910606614513113,-0.055833840856323626,-0.026276077136527687,19.247730724840206,0.1110640581735421,0.36067027368287746
TEMP,5,7,F13,194,other_actuators,243,4,0.9320437408514288,-0.12234644388009519,0.060437162697660085,19.18121812181644,0.04455145514977055,0.44738351351706523
TEMP,5,7,F13,194,other_actuators,245,5,0.969195494180589,0.18307292300409816,0.1265387488537943,19.48663748870063,0.3499708220339639,0.5134850996731994
TEMP,5,7,F13,194,heating,196,1,0.5336287146426225,-0.016498676122942868,-0.011600281560306236,19.28706588957359,0.15039922290692287,0.3753460692590989
TEMP,5,7,F13,194,heating,198,2,0.6608171646092148,0.07986954927582908,0.002004131365289097,19.383434114972363,0.24676744830569483,0.38895048218469425
TEMP,5,7,F13,194,heating,197,3,0.6807012711102957,-0.028067070053523047,-0.012857199736489244,19.27549749564301,0.1388308289763427,0.3740891510829159
TEMP,5,7,F13,194,heating,245,4,0.9724094111594989,0.0755477724061288,0.04570677054113742,19.37911233810266,0.24244567143599452,0.43265312136054257
TEMP,5,7,F13,194,heating,243,5,0.9852648597893745,0.026117157079916648,0.020177290062987407,19.329681722776446,0.1930150561097824,0.40712364088239256
TEMP,5,7,F13,194,clock_farm_period,196,1,0.559923843059091,-0.006782774417892767,-0.002733460039887725,19.29678179127864,0.16011512461197297,0.3842128907795174
TEMP,5,7,F13,194,clock_farm_period,198,2,0.659183469660223,-0.00853527061272441,-0.003281245500350527,19.295029295083808,0.15836262841714133,0.3836651053190546
TEMP,5,7,F13,194,clock_farm_period,197,3,0.7318110415598476,-0.006812308408765381,-0.00273322556325728,19.296752257287768,0.16008559062110037,0.38421312525614787
TEMP,5,7,F13,194,clock_farm_period,245,4,0.9529790321043151,0.008108622687454789,0.009809595121616665,19.31167318838399,0.17500652171732053,0.3967559459410218
TEMP,5,7,F13,194,clock_farm_period,243,5,0.9622198170698255,0.006855432893702347,0.009002038826891545,19.310419998590234,0.1737533319235681,0.3959483896462967
TEMP,5,7,F13,194,derived_relations,196,1,0.574024571773351,-0.03274108885992607,-0.007153668653363698,19.270823476836608,0.13415681016993966,0.37979268216604145
TEMP,5,7,F13,194,derived_relations,198,2,0.6834049727117844,-0.0333030622561162,-0.014042956982694199,19.27026150344042,0.13359483677374953,0.37290339383671095
TEMP,5,7,F13,194,derived_relations,197,3,0.7220422950075833,-0.059138701080134005,-0.0035140616115340584,19.2444258646164,0.10775919794973172,0.3834322892078711
TEMP,5,7,F13,194,derived_relations,245,4,0.8944179778968584,-0.0555744055481607,0.04640781266718064,19.247990160148372,0.11132349348170505,0.4333541634865858
TEMP,5,7,F13,194,derived_relations,243,5,0.9632679869627379,-0.017098193841860176,0.011789439198291174,19.286466371854672,0.14979970518800556,0.3987357900176963
TEMP,5,7,F13,194,humidity_CO2,196,1,0.48667230748024437,0.24624836799804065,0.2157306387641516,19.54981293369457,0.4131462670279064,0.6026769895835568
TEMP,5,7,F13,194,humidity_CO2,198,2,0.614983467898778,0.17332373640200016,0.18251435140780864,19.476888302098534,0.3402216354318659,0.5694607022272138
TEMP,5,7,F13,194,humidity_CO2,197,3,0.6362676427950061,0.3293431859351646,0.259010081974756,19.632907751631695,0.49624108496503033,0.6459564327941612
TEMP,5,7,F13,194,humidity_CO2,179,4,0.8772729696819018,0.6559662605121681,0.5512145240586108,19.959530826208702,0.8228641595420338,0.938160874878016
TEMP,5,7,F13,194,humidity_CO2,245,5,0.9019760371117171,0.3389379131829049,0.24222711607162256,19.642502478879436,0.5058358122127706,0.6291734668910277
TEMP,5,7,F13,194,indoor_temperature,196,1,0.5182100556001968,-1.7701548160485547,1.3369532969612796,17.533409749647976,-1.6032569170186888,1.7238996477806847
TEMP,5,7,F13,194,indoor_temperature,198,2,0.6424694912534099,-1.8235795981239045,1.3652418166854305,17.479984967572626,-1.6566816990940385,1.7521881675048356
TEMP,5,7,F13,194,indoor_temperature,197,3,0.7120528202013392,-2.1034988033175614,1.6336850717881295,17.20006576237897,-1.9366009042876957,2.0206314226075346
TEMP,5,7,F13,194,indoor_temperature,245,4,0.9008152949126836,-2.837916301060851,2.8413486500390768,16.465648264635686,-2.6710184020309846,3.228295000858482
TEMP,5,7,F13,194,indoor_temperature,232,5,0.9475762139103828,-4.808353236732613,4.283544231011174,14.495211328963919,-4.641455337702747,4.670490581830579
TEMP,5,7,F13,194,radiation_wind,196,1,0.5660410124547667,0.007044554075260094,0.012198101000563233,19.310609119771794,0.17394245310512582,0.3991444518199684
TEMP,5,7,F13,194,radiation_wind,198,2,0.6572042619081881,-0.011767800847822732,-0.0009089223800864965,19.29179676484871,0.155130098182043,0.38603742843931865
TEMP,5,7,F13,194,radiation_wind,197,3,0.7273651685719328,-0.006657523343198098,0.00891014269756446,19.296907042353336,0.16024037568666763,0.3958564935169696
TEMP,5,7,F13,194,radiation_wind,243,4,0.8106763779709633,-0.05142810394513608,-0.03475488356328238,19.252136461751395,0.11546979508472965,0.35219146725612277
TEMP,5,7,F13,194,radiation_wind,245,5,0.955205149910801,-0.0036921033174670548,0.009723689593665652,19.299872462379067,0.16320579571239868,0.3966700404130708
TEMP,5,7,F13,194,outdoor_temperature,196,1,0.5695808453260788,0.21079863085722192,0.154814705472546,19.514363196553756,0.37769652988708763,0.5417610562919511
TEMP,5,7,F13,194,outdoor_temperature,198,2,0.6728453951397502,0.06747920845711237,0.2076611565104613,19.371043774153645,0.23437710748697813,0.5946075073298664
TEMP,5,7,F13,194,outdoor_temperature,197,3,0.7435865111495192,0.2751610501679364,0.20408079585512845,19.578725615864467,0.44205894919780214,0.5910271466745336
TEMP,5,7,F13,194,outdoor_temperature,245,4,0.9366111533770273,-0.44817342352476225,0.2539446810353912,18.85539114217177,-0.2812755244948965,0.6408910318547963
TEMP,5,7,F13,194,outdoor_temperature,243,5,0.9828599096536942,0.012968693700478559,0.06872108544006622,19.31653325939701,0.1798665927303443,0.45566743625947137
TEMP,5,7,F47,191,other_actuators,194,1,0.3832476504410237,0.26942308573097656,-0.23125120873071703,17.36752033494409,-2.940396331722578,3.0858183026275112
TEMP,5,7,F47,191,other_actuators,195,2,0.6451218035532353,-0.0026677572352901504,-0.010622533368531695,17.09542949197782,-3.2124871746888446,3.3064469779896966
TEMP,5,7,F47,191,other_actuators,196,3,0.6729980303798974,-0.1468787322132493,0.12729889972748465,16.951218516999862,-3.3566981496668036,3.444368411085713
TEMP,5,7,F47,191,other_actuators,243,4,0.7197955258987472,-0.11442148522229438,0.0872002107936325,16.983675763990817,-3.324240902675849,3.4042697221518607
TEMP,5,7,F47,191,other_actuators,241,5,0.7358263406952543,-0.22553435938663383,0.19240300185557357,16.87256288982648,-3.435353776840189,3.509472513213802
TEMP,5,7,F47,191,heating,194,1,0.43638108981784896,0.004352129322571304,0.008780243030341861,17.102449378535685,-3.205467288130984,3.32584975438857
TEMP,5,7,F47,191,heating,195,2,0.5254371861921633,-0.2254624857307083,0.22877309616298636,16.872634763482406,-3.4352819031842627,3.5458426075212146
TEMP,5,7,F47,191,heating,196,3,0.5839372448879244,-0.22418306719834455,0.2321785575848101,16.87391418201477,-3.434002484651899,3.5492480689430383
TEMP,5,7,F47,191,heating,243,4,0.6151475100687496,-0.2506334731810283,0.25651444275025215,16.847463776032082,-3.4604528906345826,3.5735839541084804
TEMP,5,7,F47,191,heating,214,5,0.8102534793000881,-0.21199414435384475,0.21268511063214302,16.886103104859266,-3.4218135618073995,3.5297546219903713
TEMP,5,7,F47,191,clock_farm_period,194,1,0.4863758085921968,7.1193037323169506e-06,-4.828182696581251e-05,17.098104368516843,-3.209812298149823,3.3170212295312624
TEMP,5,7,F47,191,clock_farm_period,196,2,0.6610630109235149,-0.004819932237829209,0.0045548872738989665,17.093277316975282,-3.214639349691384,3.321624398632127
TEMP,5,7,F47,191,clock_farm_period,195,3,0.6790585391783847,-0.0003309322816165139,0.00021090310874027907,17.097766316931494,-3.210150349735171,3.3172804144669685
TEMP,5,7,F47,191,clock_farm_period,243,4,0.7078169775088288,0.0053559934413941095,-0.0059345656023150894,17.103453242654506,-3.2044634240121606,3.311134945755913
TEMP,5,7,F47,191,clock_farm_period,241,5,0.8080676519769374,-0.022543542339266587,0.021778599314198566,17.075553706873844,-3.2323629597928214,3.338848110672427
TEMP,5,7,F47,191,derived_relations,194,1,0.49641714213796684,-0.00640033985765139,0.008737774919589825,17.09169690935546,-3.2162197573112064,3.325807286277818
TEMP,5,7,F47,191,derived_relations,196,2,0.6217597504152167,-0.2649678164726816,0.25049807115742206,16.83312943274043,-3.4747872339262362,3.5675675825156503
TEMP,5,7,F47,191,derived_relations,195,3,0.665261914556316,-0.18413522733610344,0.18460632948895395,16.91396202187701,-3.3939546447896585,3.501675840847182
TEMP,5,7,F47,191,derived_relations,243,4,0.7073187622639823,-0.13307204415893362,0.12598279190517792,16.96502520505418,-3.3428914616124885,3.443052303263406
TEMP,5,7,F47,191,derived_relations,210,5,0.8300217441888912,-0.22485767299778905,0.18836946929996223,16.873239576215322,-3.4346770904513435,3.5054389806581905
TEMP,5,7,F47,191,humidity_CO2,194,1,0.4955414101278758,0.11903577002237949,-0.11018554204948305,17.21713301923549,-3.0907836474311754,3.206883969308745
TEMP,5,7,F47,191,humidity_CO2,196,2,0.6715691829947046,-0.0009737443793882417,-0.009430619441020305,17.09712350483372,-3.210793161832943,3.307638891917208
TEMP,5,7,F47,191,humidity_CO2,195,3,0.7004698288122305,0.13340335087160757,-0.14539591209387304,17.23150060008472,-3.076416066581947,3.171673599264355
TEMP,5,7,F47,191,humidity_CO2,243,4,0.7253800127600639,0.06168428348896423,-0.05352468099001495,17.159781532702077,-3.1481351339645904,3.2635448303682133
TEMP,5,7,F47,191,humidity_CO2,241,5,0.8110499988139264,0.023823859273859254,-0.022703512096003742,17.12192110848697,-3.185995558179695,3.2943659992622245
TEMP,5,7,F47,191,indoor_temperature,194,1,0.5109348807284483,-0.45890715277922695,0.5465162041618425,16.639190096433886,-3.6687265702327814,3.863585715520071
TEMP,5,7,F47,191,indoor_temperature,196,2,0.6472961454318754,-2.0787439199984155,1.9906951859626907,15.019353329214697,-5.288563337451971,5.307764697320919
TEMP,5,7,F47,191,indoor_temperature,243,3,0.7004588698691797,-1.7112563407636507,1.6720924759588374,15.386840908449459,-4.9210757582172056,4.989161987317066
TEMP,5,7,F47,191,indoor_temperature,195,4,0.7164942849307072,-0.7885958720377447,0.795720986345025,16.309501377175366,-3.9984152894912994,4.112790497703253
TEMP,5,7,F47,191,indoor_temperature,212,5,0.7492497089140496,-3.626677937770003,3.5387796080456666,13.471419311443109,-6.836497355223558,6.855849119403895
TEMP,5,7,F47,191,radiation_wind,194,1,0.4899034400658191,0.00934991428875239,-0.012135490207426436,17.107447163501863,-3.2004695031648023,3.304934021150802
TEMP,5,7,F47,191,radiation_wind,196,2,0.6603798327429276,-0.00017557896933932207,-0.004616834748533805,17.097921670243775,-3.209994996422894,3.3124526766096944
TEMP,5,7,F47,191,radiation_wind,195,3,0.6829615477980054,0.0015172668703273828,-0.005083271499819908,17.099614516083438,-3.208302150583228,3.3119862398584083
TEMP,5,7,F47,191,radiation_wind,243,4,0.711767389773217,-0.01533136935742907,0.01402112014773671,17.082765879855682,-3.225150786810984,3.331090631505965
TEMP,5,7,F47,191,radiation_wind,241,5,0.8132329790247982,0.0038430569027462593,-0.007173368379584044,17.10194030611586,-3.205976360550809,3.309896142978644
TEMP,5,7,F47,191,outdoor_temperature,194,1,0.4929483471306506,-0.14172989881365203,0.13480497626046573,16.95636735039946,-3.3515493162672065,3.451874487618694
TEMP,5,7,F47,191,outdoor_temperature,196,2,0.6649240706647465,-0.19141254868035418,0.16477562090664843,16.906684700532757,-3.4012319661339085,3.4818451322648767
TEMP,5,7,F47,191,outdoor_temperature,243,3,0.6855204641068938,-0.262799117836759,0.26373732900996405,16.83529813137635,-3.472618535290314,3.5808068403681923
TEMP,5,7,F47,191,outdoor_temperature,195,4,0.6954561063411215,0.03664428406539829,-0.02491464354319728,17.13474153327851,-3.173175133388156,3.292154867815031
TEMP,5,7,F47,191,outdoor_temperature,241,5,0.7244928377193264,-0.7148724559528867,0.6810067378096161,16.383224793260226,-3.9246918734064415,3.9980762491678443
TEMP,7,101,F13,143,other_actuators,139,1,0.299234462694018,0.07571508792650657,0.108957109922938,13.454537594639795,0.3707875946397945,0.5091308126909959
TEMP,7,101,F13,143,other_actuators,132,2,0.31854533759181364,0.042655128286637124,0.07408790432664403,13.421477634999926,0.33772763499992503,0.47426160709470194
TEMP,7,101,F13,143,other_actuators,171,3,0.3624243675153231,-0.006583748219475272,0.013462711051403453,13.372238758493813,0.28848875849381267,0.41363641381946137
TEMP,7,101,F13,143,other_actuators,140,4,0.3634383641854991,0.25328322847932805,0.32780245871786234,13.632105735192615,0.5483557351926159,0.7279761614859203
TEMP,7,101,F13,143,other_actuators,137,5,0.40064878886624433,0.050459061884216595,0.07887127811214062,13.429281568597505,0.3455315685975045,0.47904498088019853
TEMP,7,101,F13,143,heating,139,1,0.3221707443178863,-0.03664582469380847,0.0019882720740536652,13.34217668201948,0.25842668201947944,0.4021619748421116
TEMP,7,101,F13,143,heating,171,2,0.33522474448900424,0.022959433811301205,0.015051663829772133,13.401781940524591,0.3180319405245891,0.41522536659783005
TEMP,7,101,F13,143,heating,132,3,0.3605293057675645,-0.0453808858897801,-0.0022745164953101304,13.333441620823507,0.24969162082350782,0.3978991862727478
TEMP,7,101,F13,143,heating,159,4,0.37597250572296026,0.024396299949814182,0.01496048227406599,13.4032188066631,0.3194688066631021,0.4151341850421239
TEMP,7,101,F13,143,heating,137,5,0.37745486543610046,-0.03792628451278642,0.0009431246533127546,13.3408962222005,0.2571462222005015,0.40111682742137067
TEMP,7,101,F13,143,clock_farm_period,171,1,0.3288464161554591,-0.0037130653730494214,-5.369165392687947e-05,13.375109441340237,0.2913594413402385,0.40012001111413104
TEMP,7,101,F13,143,clock_farm_period,139,2,0.32963705556380873,0.04968186036528873,0.041602989661180145,13.428504367078576,0.34475436707857665,0.44177669242923806
TEMP,7,101,F13,143,clock_farm_period,132,3,0.3609466592034065,-0.02316556832504002,-0.019328932151979006,13.355656938388249,0.2719069383882479,0.3808447706160789
TEMP,7,101,F13,143,clock_farm_period,159,4,0.370052164536156,-0.007497664419574335,-0.004334364304014682,13.371324842293712,0.2875748422937136,0.39583933846404323
TEMP,7,101,F13,143,clock_farm_period,137,5,0.3820399655772334,0.003079334957250731,0.0017863343555659106,13.38190184167054,0.29815184167053865,0.4019600371236238
TEMP,7,101,F13,143,derived_relations,171,1,0.32738360449762155,0.0916583842720408,0.11431942342454188,13.470480890985328,0.3867308909853287,0.5144931261925998
TEMP,7,101,F13,143,derived_relations,139,2,0.3274081751368201,0.1028637675075786,0.08627205279240485,13.481686274220868,0.3979362742208665,0.48644575556046277
TEMP,7,101,F13,143,derived_relations,132,3,0.34759790199673,0.021961493173811315,0.007501550848698191,13.400783999887098,0.31703399988709924,0.4076752536167561
TEMP,7,101,F13,143,derived_relations,159,4,0.3735400039153095,0.045068191393902834,0.06275844355001348,13.423890698107192,0.3401406981071908,0.4629321463180714
TEMP,7,101,F13,143,derived_relations,174,5,0.37408825075110314,0.14738274692604522,0.1766649914580421,13.526205253639333,0.44245525363933313,0.5768386942261
TEMP,7,101,F13,143,humidity_CO2,171,1,0.31807299755400514,-0.014632090594244454,-0.03051437760223169,13.364190416119044,0.28044041611904347,0.3696593251658262
TEMP,7,101,F13,143,humidity_CO2,139,2,0.32945906104516187,0.06563608649371244,0.05255718743624699,13.444458593206997,0.3607085932070004,0.4527308902043049
TEMP,7,101,F13,143,humidity_CO2,159,3,0.33868010925441006,0.026700466781250636,0.004269236747641847,13.40552297349454,0.32177297349453854,0.40444293951569976
TEMP,7,101,F13,143,humidity_CO2,137,4,0.35468975525300905,0.011152223766933478,-0.02049468366873214,13.389974730480219,0.3062247304802214,0.3796790190993258
TEMP,7,101,F13,143,humidity_CO2,135,5,0.3625385750430459,0.0565978490808261,0.014193305703841419,13.435420355794113,0.35167035579411404,0.41436700847189933
TEMP,7,101,F13,143,indoor_temperature,171,1,0.3295995135962098,-0.5764730033738782,0.4776204049872039,12.802349503339409,-0.2814004966605903,0.8777941077552618
TEMP,7,101,F13,143,indoor_temperature,139,2,0.3474262027740114,-0.273657421162079,0.17433333806428591,13.105165085551208,0.021415085551208968,0.5745070408323438
TEMP,7,101,F13,143,indoor_temperature,159,3,0.35440820004339324,-0.8297763384499564,0.5794731054193478,12.549046168263331,-0.5347038317366685,0.9796468081874057
TEMP,7,101,F13,143,indoor_temperature,132,4,0.38070485056835596,0.10372622974836158,0.32674727362691974,13.48254873646165,0.3987987364616495,0.7269209763949777
TEMP,7,101,F13,143,indoor_temperature,137,5,0.40248572568983415,-0.19032617758430748,0.4018000422604387,13.18849632912898,0.10474632912898045,0.8019737450284966
TEMP,7,101,F13,143,radiation_wind,171,1,0.2621883627284403,0.022239193656067302,0.030582006159312225,13.401061700369354,0.31731170036935524,0.43075570892737014
TEMP,7,101,F13,143,radiation_wind,139,2,0.3022501433341398,0.013803901295654711,0.017931303724058933,13.392626408008942,0.3088764080089426,0.41810500649211685
TEMP,7,101,F13,143,radiation_wind,137,3,0.3077330403702582,0.021583832919043127,0.02703743794615393,13.400406339632331,0.31665633963233103,0.42721114071421185
TEMP,7,101,F13,143,radiation_wind,159,4,0.31406102136020875,0.01920248846323025,0.027428603170341403,13.398024995176518,0.3142749951765182,0.4276023059383993
TEMP,7,101,F13,143,radiation_wind,135,5,0.3204118582400054,0.02070721780371369,0.022180176921041017,13.399529724517,0.3157797245170016,0.42235387968909893
TEMP,7,101,F13,143,outdoor_temperature,139,1,0.32501741919292726,0.09810780932568101,0.07711729998381905,13.476930316038969,0.3931803160389689,0.47729100275187697
TEMP,7,101,F13,143,outdoor_temperature,171,2,0.33007737759677747,-0.08327483718507296,-0.06088324130351658,13.295547669528213,0.21179766952821497,0.33929046146454134
TEMP,7,101,F13,143,outdoor_temperature,132,3,0.3640755919627694,-0.11463187911614818,-0.10176727324147083,13.26419062759714,0.18044062759713975,0.2984064295265871
TEMP,7,101,F13,143,outdoor_temperature,159,4,0.367725460825906,-0.07240429531405261,-0.05171358928800457,13.306418211399235,0.22266821139923532,0.34846011348005335
TEMP,7,101,F13,143,outdoor_temperature,137,5,0.3850184988096847,-0.16443919185057046,-0.08273493593303183,13.214383314862717,0.13063331486271745,0.3174387668350261
TEMP,7,7,F13,143,other_actuators,139,1,0.299234462694018,0.0568207528878056,0.09410735939001175,13.437812672352416,0.3540626723524177,0.48948158222420135
TEMP,7,7,F13,143,other_actuators,132,2,0.31854533759181364,0.025331497066837166,0.06099794386262458,13.406323416531448,0.3225734165314493,0.4563721666968142
TEMP,7,7,F13,143,other_actuators,171,3,0.3624243675153231,-0.016223799024678447,0.007414490155129794,13.364768120439933,0.2810181204399336,0.4027887129893194
TEMP,7,7,F13,143,other_actuators,140,4,0.3634383641854991,0.25188691994917484,0.33627716286707726,13.632878839413786,0.5491288394137869,0.7316513857012669
TEMP,7,7,F13,143,other_actuators,137,5,0.40064878886624433,0.0438794061549345,0.08191878575393208,13.424871325619547,0.3411213256195466,0.4772930085881217
TEMP,7,7,F13,143,heating,139,1,0.3221707443178863,-0.039177028404716895,-0.003940804049997915,13.341814891059895,0.2580648910598952,0.3914334187841917
TEMP,7,7,F13,143,heating,171,2,0.33522474448900424,0.019408163790062494,0.013414601084842104,13.400400083254672,0.3166500832546746,0.4087888239190317
TEMP,7,7,F13,143,heating,132,3,0.3605293057675645,-0.04748405403110397,-0.004232040810434989,13.333507865433509,0.2497578654335081,0.3911421820237546
TEMP,7,7,F13,143,heating,159,4,0.37597250572296026,0.0198789937897171,0.01345055795440997,13.400870913254328,0.3171209132543292,0.4088247807885996
TEMP,7,7,F13,143,heating,137,5,0.37745486543610046,-0.04219175133060774,-0.0048103834877938345,13.338800168134005,0.25505016813400433,0.39056383934639577
TEMP,7,7,F13,143,clock_farm_period,171,1,0.3288464161554591,-0.0030232115141698066,-0.0009482153568389218,13.377968707950442,0.2942187079504423,0.3944260074773507
TEMP,7,7,F13,143,clock_farm_period,139,2,0.32963705556380873,0.037861107034543894,0.03418994520451768,13.418853026499157,0.33510302649915596,0.4295641680387073
TEMP,7,7,F13,143,clock_farm_period,132,3,0.3609466592034065,-0.02442279780655839,-0.016100954932092904,13.356569121658055,0.2728191216580537,0.3792732679020967
TEMP,7,7,F13,143,clock_farm_period,159,4,0.370052164536156,-0.007199766851986385,-0.005621280747918456,13.373792152612625,0.2900421526126257,0.38975294208627115
TEMP,7,7,F13,143,clock_farm_period,137,5,0.3820399655772334,-0.0018551752136578188,0.0027226903955177573,13.379136744250951,0.2953867442509543,0.39809691322970736
TEMP,7,7,F13,143,derived_relations,171,1,0.32738360449762155,0.1037358148700076,0.11997149886796205,13.48472773433462,0.4009777343346197,0.5153457217021516
TEMP,7,7,F13,143,derived_relations,139,2,0.3274081751368201,0.09026784306137436,0.07493422402341782,13.471259762525987,0.38750976252598646,0.4703084468576074
TEMP,7,7,F13,143,derived_relations,132,3,0.34759790199673,0.02126496195224603,0.008873703477901673,13.402256881416855,0.3185068814168581,0.4042479263120913
TEMP,7,7,F13,143,derived_relations,159,4,0.3735400039153095,0.06090861047552476,0.07516175324803703,13.441900529940137,0.35815052994013685,0.47053597608222664
TEMP,7,7,F13,143,derived_relations,174,5,0.37408825075110314,0.15208798908312868,0.16929834836034469,13.533079908547741,0.44932990854774074,0.5646725711945343
TEMP,7,7,F13,143,humidity_CO2,171,1,0.31807299755400514,-0.004854318053308049,-0.023752535421001586,13.376137601411303,0.29238760141130404,0.371621687413188
TEMP,7,7,F13,143,humidity_CO2,139,2,0.32945906104516187,0.08161954715814113,0.06138706678102429,13.462611466622752,0.3788614666227532,0.4567612896152139
TEMP,7,7,F13,143,humidity_CO2,159,3,0.33868010925441006,0.028741173485907472,0.005033010186452136,13.40973309295052,0.3259830929505196,0.40040723302064174
TEMP,7,7,F13,143,humidity_CO2,137,4,0.35468975525300905,0.015098851030305246,-0.024519579396827973,13.396090770494917,0.3123407704949173,0.37085464343736163
TEMP,7,7,F13,143,humidity_CO2,135,5,0.3625385750430459,0.06498132754819386,0.021548905519487294,13.445973247012807,0.36222324701280595,0.4169231283536769
TEMP,7,7,F13,143,indoor_temperature,171,1,0.3295995135962098,-0.5606542617819816,0.4766476773181227,12.82033765768263,-0.26341234231736954,0.8720219001523123
TEMP,7,7,F13,143,indoor_temperature,139,2,0.3474262027740114,-0.24301275765331223,0.17612378586460614,13.137979161811302,0.05422916181129985,0.5714980086987957
TEMP,7,7,F13,143,indoor_temperature,159,3,0.35440820004339324,-0.8254538751238911,0.5763279747136383,12.555538044340722,-0.528211955659279,0.9717021975478279
TEMP,7,7,F13,143,indoor_temperature,132,4,0.38070485056835596,0.09266728420269921,0.33131413705799323,13.47365920366731,0.3899092036673113,0.7266883598921828
TEMP,7,7,F13,143,indoor_temperature,137,5,0.40248572568983415,-0.17954645639290798,0.3991420516460125,13.201445463071705,0.11769546307170413,0.7945162744802021
TEMP,7,7,F13,143,radiation_wind,171,1,0.2621883627284403,0.021639754574551102,0.02961166711533364,13.402631674039164,0.3188816740391632,0.42498588994952324
TEMP,7,7,F13,143,radiation_wind,139,2,0.3022501433341398,0.013591134873522778,0.017655316628774564,13.394583054338135,0.31083305433813485,0.41302953946296417
TEMP,7,7,F13,143,radiation_wind,137,3,0.3077330403702582,0.021176765301102723,0.02627469776634772,13.402168684765718,0.31841868476571483,0.4216489206005373
TEMP,7,7,F13,143,radiation_wind,159,4,0.31406102136020875,0.0190078361737472,0.027254688531698545,13.39999975563836,0.3162497556383593,0.42262891136588815
TEMP,7,7,F13,143,radiation_wind,135,5,0.3204118582400054,0.020531197692081966,0.0220941120291846,13.401523117156694,0.31777311715669404,0.4174683348633742
TEMP,7,7,F13,143,outdoor_temperature,139,1,0.32501741919292726,0.09927841218869338,0.08350188135700876,13.480270331653307,0.39652033165330547,0.47887610419119836
TEMP,7,7,F13,143,outdoor_temperature,171,2,0.33007737759677747,-0.08866283712601127,-0.06556685954765734,13.292329082338602,0.2085790823386008,0.32980736328653226
TEMP,7,7,F13,143,outdoor_temperature,132,3,0.3640755919627694,-0.11802281702223143,-0.10898535351525618,13.262969102442382,0.17921910244238068,0.2863888693189334
TEMP,7,7,F13,143,outdoor_temperature,159,4,0.367725460825906,-0.08167785338277038,-0.05310266146400022,13.299314066081843,0.21556406608184173,0.3422715613701894
TEMP,7,7,F13,143,outdoor_temperature,137,5,0.3850184988096847,-0.16506808654216423,-0.09103934733815505,13.215923832922448,0.13217383292244786,0.30433487549603455
TEMP,8,101,F13,51,other_actuators,57,1,0.2735293659771185,-0.01826207120419321,-0.0026776744091726312,19.794498366298896,0.09116503296556466,0.21323028727050197
TEMP,8,101,F13,51,other_actuators,56,2,0.374891264945302,0.45846991328809983,0.3848272824549437,20.27123035079119,0.5678970174578577,0.6007352441346183
TEMP,8,101,F13,51,other_actuators,58,3,0.3867301425877527,0.4695166587974062,0.39178358216330533,20.282277096300497,0.578943762967164,0.60769154384298
TEMP,8,101,F13,51,other_actuators,59,4,0.4150457160448043,0.42809798153727724,0.36136535172076567,20.240858419040368,0.5375250857070352,0.5772733134004403
TEMP,8,101,F13,51,other_actuators,60,5,0.4402335422326542,0.3602979325028646,0.3151693644602398,20.173058370005958,0.4697250366726225,0.5310773261399144
TEMP,8,101,F13,51,heating,57,1,0.27604874865889306,-0.005935225255415381,-0.011305551433605315,19.806825212247674,0.10349187891434249,0.2046024102460693
TEMP,8,101,F13,51,heating,55,2,0.45465885616387336,0.0008328783713934899,0.00019909275917256997,19.813593315874485,0.11025998254115137,0.21610705443884717
TEMP,8,101,F13,51,heating,62,3,0.5249535239512064,-0.006128025916881589,-0.011581741316197713,19.80663241158621,0.10329907825287628,0.2043262203634769
TEMP,8,101,F13,51,heating,59,4,0.5606868307365911,0.030284942350183936,0.009428593075871572,19.843045379853276,0.13971204651994182,0.22533655475554618
TEMP,8,101,F13,51,heating,56,5,0.5628945348969217,0.044346793573059706,0.027253351907360612,19.85710723107615,0.15377389774281758,0.24316131358703522
TEMP,8,101,F13,51,clock_farm_period,57,1,0.28482851409938437,-0.003293207783066965,-0.0013289041119357026,19.809467229720024,0.1061338963866909,0.2145790575677389
TEMP,8,101,F13,51,clock_farm_period,55,2,0.4446276121403931,-0.0027080098579291465,-0.0003298406210647531,19.81005242764516,0.10671909431182873,0.21557812105860985
TEMP,8,101,F13,51,clock_farm_period,62,3,0.5211224377669026,-0.0019672058174441767,-0.000570870920544031,19.810793231685647,0.10745989835231369,0.21533709075913057
TEMP,8,101,F13,51,clock_farm_period,56,4,0.5732105466248459,-0.0025651623185433494,-0.00026539799344307835,19.810195275184547,0.10686194185121452,0.21564256368623153
TEMP,8,101,F13,51,clock_farm_period,59,5,0.5817883529812709,-0.002941288468831349,-0.001177796093155381,19.809819149034258,0.10648581570092652,0.21473016558651922
TEMP,8,101,F13,51,derived_relations,57,1,0.2928714379374123,0.004743904175168308,0.00894222960951413,19.81750434167826,0.11417100834492618,0.22485019128918873
TEMP,8,101,F13,51,derived_relations,55,2,0.4345704653430576,-0.022388925780822373,0.004337066108661081,19.790371511722267,0.0870381783889355,0.22024502778833568
TEMP,8,101,F13,51,derived_relations,62,3,0.5481480855370614,-0.004867767425872434,0.016978110886732983,19.80789267007722,0.10455933674388544,0.2328860725664076
TEMP,8,101,F13,51,derived_relations,59,4,0.6016454528396621,-0.026403572295283784,0.020016254506789344,19.786356865207807,0.08302353187447409,0.23592421618646395
TEMP,8,101,F13,51,derived_relations,56,5,0.6032328012631796,-0.009395754410669829,0.03944519505366309,19.803364683092422,0.10003134975908805,0.2553531567333377
TEMP,8,101,F13,51,humidity_CO2,57,1,0.2846940923042726,-0.1671447547389009,-0.07580355476297407,19.64561568276419,-0.05771765056914302,0.14010440691670054
TEMP,8,101,F13,51,humidity_CO2,62,2,0.3804101520178765,0.0769010995589386,0.038490718519971295,19.88966153706203,0.1863282037286965,0.2543986801996459
TEMP,8,101,F13,51,humidity_CO2,55,3,0.39251620809489846,-0.2408102873623635,0.00834623307610649,19.571950150140726,-0.13138318319260564,0.2242541947557811
TEMP,8,101,F13,51,humidity_CO2,35,4,0.5210278550675919,0.09549670569012599,0.06702152000968029,19.908257143193214,0.20492380985988387,0.2829294816893549
TEMP,8,101,F13,51,humidity_CO2,63,5,0.5408000373164533,0.19369981096102387,0.1336399511828725,20.006460248464112,0.30312691513078177,0.3495479128625471
TEMP,8,101,F13,51,indoor_temperature,57,1,0.25291904123894315,0.19350381808014086,0.45107830405370763,20.006264255583233,0.30293092224989876,0.6669862657333823
TEMP,8,101,F13,51,indoor_temperature,55,2,0.4086352142611857,-1.2298855966394255,1.0971765259537467,18.582874840863667,-1.1204584924696677,1.3130844876334213
TEMP,8,101,F13,51,indoor_temperature,67,3,0.49207112120344704,-3.231158802516339,2.9717011671757705,16.581601634986754,-3.1217316983465815,3.187609128855445
TEMP,8,101,F13,51,indoor_temperature,71,4,0.49497427372401126,-3.4149621384603073,3.146189676305192,16.397798299042783,-3.30553503429055,3.3620976379848666
TEMP,8,101,F13,51,indoor_temperature,62,5,0.5205732515596985,-1.094703350023657,1.0271300628072384,18.718057087479433,-0.9852762458538992,1.243038024486913
TEMP,8,101,F13,51,radiation_wind,57,1,0.28076085560626757,0.010935526374882265,0.011197505347252612,19.82369596387797,0.12036263054464014,0.22710546702692722
TEMP,8,101,F13,51,radiation_wind,55,2,0.4393214590579852,0.0008040457609529797,0.012673884350800024,19.81356448326404,0.11023114993071086,0.22858184603047463
TEMP,8,101,F13,51,radiation_wind,62,3,0.5197090599260865,-0.005136419849867124,0.0026634825022886777,19.807624017653225,0.10429068431989075,0.21857144418196328
TEMP,8,101,F13,51,radiation_wind,56,4,0.5760834808115158,0.002861045750422786,0.003753504363134208,19.815621483253512,0.11228814992018066,0.2196614660428088
TEMP,8,101,F13,51,radiation_wind,59,5,0.5853979979013394,0.01149091949079987,0.010925707722158784,19.82425135699389,0.12091802366055775,0.2268336694018334
TEMP,8,101,F13,51,outdoor_temperature,57,1,0.28645069797804446,-0.13068817398237229,-0.01965674951008739,19.68207226352072,-0.021261069812614403,0.1962512121695872
TEMP,8,101,F13,51,outdoor_temperature,55,2,0.42702323802777536,-0.38200141118316466,0.15246337177742933,19.430759026319926,-0.2725743070134068,0.36837133345710393
TEMP,8,101,F13,51,outdoor_temperature,62,3,0.5231445152654913,0.10911763020125849,0.12869066594252013,19.921878067704352,0.21854473437101637,0.34459862762219473
TEMP,8,101,F13,51,outdoor_temperature,56,4,0.5826025949867032,-0.19419781260886584,-0.01886401730812237,19.618562624894224,-0.08477070843910799,0.19704394437155223
TEMP,8,101,F13,51,outdoor_temperature,59,5,0.5949411272666295,-0.10336925393565484,-0.01719261632454802,19.709391183567437,0.006057850234103028,0.19871534535512658
TEMP,8,7,F13,51,other_actuators,57,1,0.2735293659771185,-0.012068473756676005,0.007277567865046214,19.802675378523624,0.09934204519029037,0.22967077579062745
TEMP,8,7,F13,51,other_actuators,56,2,0.374891264945302,0.4767193385460313,0.39899427832758183,20.29146319082633,0.5881298574929977,0.6213874862531631
TEMP,8,7,F13,51,other_actuators,58,3,0.3867301425877527,0.4777281894599554,0.3961143381272434,20.292472041740254,0.5891387084069217,0.6185075460528247
TEMP,8,7,F13,51,other_actuators,59,4,0.4150457160448043,0.42574578281040143,0.3569173702135947,20.2404896350907,0.5371563017573678,0.579310578139176
TEMP,8,7,F13,51,other_actuators,60,5,0.4402335422326542,0.3721916465242711,0.32280578966582174,20.18693549880457,0.48360216547123747,0.545198997591403
TEMP,8,7,F13,51,heating,57,1,0.27604874865889306,0.0017066377669870587,-0.004757406026537209,19.816450490047288,0.11311715671395343,0.21763580189904402
TEMP,8,7,F13,51,heating,55,2,0.45465885616387336,0.001816287048751845,0.00040898733204725035,19.816560139329052,0.11322680599571822,0.22280219525762848
TEMP,8,7,F13,51,heating,62,3,0.5249535239512064,0.0019987575676812717,-0.004523155945181712,19.81674260984798,0.11340927651464765,0.21787005198039952
TEMP,8,7,F13,51,heating,59,4,0.5606868307365911,0.029149013845068367,0.011446952099211816,19.84389286612537,0.14055953279203473,0.23384016002479305
TEMP,8,7,F13,51,heating,56,5,0.5628945348969217,0.03838849511650425,0.02228704553423247,19.853132347396805,0.14979901406347063,0.2446802534598137
TEMP,8,7,F13,51,clock_farm_period,57,1,0.28482851409938437,-0.0053265076142872125,-0.0025588910028561673,19.809417344666013,0.10608401133267915,0.21983431692272506
TEMP,8,7,F13,51,clock_farm_period,55,2,0.4446276121403931,-0.007840433253398634,-0.0035133299273883145,19.8069034190269,0.10357008569356774,0.21887987799819292
TEMP,8,7,F13,51,clock_farm_period,62,3,0.5211224377669026,-0.0001401252705117706,-3.015994380403675e-05,19.814603727009786,0.1112703936764546,0.2223630479817772
TEMP,8,7,F13,51,clock_farm_period,56,4,0.5732105466248459,-0.00773608058911357,-0.0034789453698547967,19.807007771691186,0.1036744383578528,0.21891426255572644
TEMP,8,7,F13,51,clock_farm_period,59,5,0.5817883529812709,-0.00423469057140317,-0.0020554980519390254,19.810509161708897,0.1071758283755632,0.2203377098736422
TEMP,8,7,F13,51,derived_relations,57,1,0.2928714379374123,-0.01105750629235717,0.002652118881438903,19.80368634598794,0.1003530126546092,0.22504532680702014
TEMP,8,7,F13,51,derived_relations,55,2,0.4345704653430576,-0.035939460182326556,-0.002818600566320939,19.77880439209797,0.07547105876463982,0.2195746073592603
TEMP,8,7,F13,51,derived_relations,62,3,0.5481480855370614,-0.030761551119619757,-0.002039242957399101,19.78398230116068,0.08064896782734661,0.22035396496818213
TEMP,8,7,F13,51,derived_relations,59,4,0.6016454528396621,-0.046222092453183684,0.00722215233759213,19.768521759827113,0.06518842649378269,0.22961536026317336
TEMP,8,7,F13,51,derived_relations,56,5,0.6032328012631796,-0.016060912701266233,0.02876064265474096,19.798682939579034,0.09534960624570014,0.2511538505803222
TEMP,8,7,F13,51,humidity_CO2,57,1,0.2846940923042726,-0.16699648969601774,-0.0782415195343314,19.64774736258428,-0.05558597074905136,0.14415168839124984
TEMP,8,7,F13,51,humidity_CO2,62,2,0.3804101520178765,0.08948705066270464,0.030330221223286963,19.904230902943002,0.200897569609671,0.2527234291488682
TEMP,8,7,F13,51,humidity_CO2,55,3,0.39251620809489846,-0.23231824184164673,-0.011572180240357277,19.58242561043865,-0.12090772289468037,0.21082102768522396
TEMP,8,7,F13,51,humidity_CO2,35,4,0.5210278550675919,0.11209377713045887,0.0691783883387602,19.92683762941076,0.22350429607742525,0.2915715962643414
TEMP,8,7,F13,51,humidity_CO2,63,5,0.5408000373164533,0.1835740985823048,0.11084402088045811,19.998317950862603,0.2949846175292712,0.33323722880603934
TEMP,8,7,F13,51,indoor_temperature,57,1,0.25291904123894315,0.20614696320532241,0.4636063454566064,20.02089081548562,0.3175574821522888,0.6859995533821877
TEMP,8,7,F13,51,indoor_temperature,55,2,0.4086352142611857,-1.2269697278012497,1.091805163386798,18.58777412447905,-1.1155592088542834,1.3141983713123793
TEMP,8,7,F13,51,indoor_temperature,67,3,0.49207112120344704,-3.2731351410861094,3.0020857992325034,16.54160871119419,-3.1617246221391433,3.2244790071580844
TEMP,8,7,F13,51,indoor_temperature,71,4,0.49497427372401126,-3.4621656567115333,3.181781331056306,16.352578195568768,-3.350755137764567,3.404174538981887
TEMP,8,7,F13,51,indoor_temperature,62,5,0.5205732515596985,-1.1100339882979524,1.0366166280999112,18.704709863982348,-0.9986234693509859,1.2590098360254924
TEMP,8,7,F13,51,radiation_wind,57,1,0.28076085560626757,0.011712870124168736,0.011612855067626077,19.82645672240447,0.12312338907113511,0.2340060629932073
TEMP,8,7,F13,51,radiation_wind,55,2,0.4393214590579852,0.0018892208279099876,0.013264088162165177,19.816633073108207,0.11329973977487635,0.2356572960877464
TEMP,8,7,F13,51,radiation_wind,62,3,0.5197090599260865,-0.0042514756814422405,0.0024464868196162892,19.810492376598855,0.10715904326552413,0.22483969474519752
TEMP,8,7,F13,51,radiation_wind,56,4,0.5760834808115158,0.0037114338204052486,0.0036149399733357013,19.818455286100704,0.11512195276737162,0.22600814789891693
TEMP,8,7,F13,51,radiation_wind,59,5,0.5853979979013394,0.012592974364669107,0.011750047864103552,19.82733682664497,0.12400349331163547,0.23414325578968478
TEMP,8,7,F13,51,outdoor_temperature,57,1,0.28645069797804446,-0.12328729483736096,-0.020467280483489114,19.691456557442937,-0.011876775890394597,0.20192592744209212
TEMP,8,7,F13,51,outdoor_temperature,55,2,0.42702323802777536,-0.37940655767498327,0.1516380332412394,19.435337294605315,-0.2679960387280169,0.3740312411668206
TEMP,8,7,F13,51,outdoor_temperature,62,3,0.5231445152654913,0.10648686519178414,0.1317856826749826,19.92123071747208,0.2178973841387505,0.35417889060056384
TEMP,8,7,F13,51,outdoor_temperature,56,4,0.5826025949867032,-0.18589276441933675,-0.022494095033452788,19.628851087860962,-0.07448224547237037,0.19989911289212844
TEMP,8,7,F13,51,outdoor_temperature,59,5,0.5949411272666295,-0.09934837801840805,-0.019301399715819262,19.715395474261893,0.012062140928558321,0.20309180820976197
TEMP,9,101,F13,57,other_actuators,51,1,0.27014665638076235,-0.013254013474467197,-0.01638310838421908,19.957527019167966,0.5512770191679665,0.6706560553213743
TEMP,9,101,F13,57,other_actuators,59,2,0.27692937871954554,0.3589466549294514,0.2814755911573956,20.329727687571886,0.923477687571885,0.968514754862989
TEMP,9,101,F13,57,other_actuators,50,3,0.44024795559245444,0.03683500696458116,0.023543981130135894,20.007616039607015,0.6013660396070147,0.7105831448357293
TEMP,9,101,F13,57,other_actuators,60,4,0.44488580188453264,0.30335838915171626,0.24151791180276316,20.27413942179415,0.8678894217941499,0.9285570755083565
TEMP,9,101,F13,57,other_actuators,63,5,0.5440617508117114,0.26987569887586815,0.21274764867039864,20.240656731518303,0.8344067315183018,0.899786812375992
TEMP,9,101,F13,57,heating,51,1,0.26744916390130224,0.007442439446662045,0.01103322521039718,19.978223472089095,0.5719734720890957,0.6980723889159905
TEMP,9,101,F13,57,heating,50,2,0.417444788086893,0.002721693174804122,0.0038236598998625526,19.973502725817237,0.5672527258172377,0.6908628236054559
TEMP,9,101,F13,57,heating,59,3,0.48668676411564177,0.01598967296100214,0.008342511615237136,19.986770705603437,0.5805207056034357,0.6953816753208305
TEMP,9,101,F13,57,heating,62,4,0.5591635586181858,-0.0022129923915673957,-0.0030264622002605934,19.968568040250865,0.5623180402508662,0.6840127015053328
TEMP,9,101,F13,57,heating,60,5,0.5625167784208596,0.016285214391003056,0.008304294681169111,19.987066247033436,0.5808162470334367,0.6953434583867625
TEMP,9,101,F13,57,clock_farm_period,51,1,0.2732906210722418,-0.0008864032951130992,-0.0007207250344539728,19.96989462934732,0.5636446293473205,0.6863184386711394
TEMP,9,101,F13,57,clock_farm_period,50,2,0.40816661899479234,0.005514238494752188,0.0038306944628689887,19.976295271137186,0.5700452711371858,0.6908698581684624
TEMP,9,101,F13,57,clock_farm_period,59,3,0.49423344500366406,0.003963028469291678,0.003581111991260877,19.974744061111725,0.5684940611117253,0.6906202756968542
TEMP,9,101,F13,57,clock_farm_period,62,4,0.546597803397985,0.0003351442220502025,0.0008503001835389323,19.971116176864484,0.5648661768644838,0.6878894638891323
TEMP,9,101,F13,57,clock_farm_period,60,5,0.5661173300756004,0.0020901964004490146,0.0020649641338407188,19.972871229042884,0.5666212290428826,0.6891041278394341
TEMP,9,101,F13,57,derived_relations,51,1,0.2794531231099477,-0.012349355917158652,-0.015625281272563685,19.958431676725276,0.552181676725275,0.6714138824330297
TEMP,9,101,F13,57,derived_relations,50,2,0.42138845860281077,0.00713787389914966,-0.008671307142987916,19.977918906541582,0.5716689065415833,0.6783678565626055
TEMP,9,101,F13,57,derived_relations,48,3,0.5016673286278023,-0.13076572630391162,-0.13670594560073435,19.84001530633852,0.433765306338522,0.550333218104859
TEMP,9,101,F13,57,derived_relations,59,4,0.5049241491023043,-0.07465309381470735,-0.037283371996270076,19.89612793882773,0.4898779388277263,0.6497557917093233
TEMP,9,101,F13,57,derived_relations,62,5,0.5656314466974823,-0.006499357935319712,-0.028095322771386932,19.964281674707113,0.5580316747071139,0.6589438409342064
TEMP,9,101,F13,57,humidity_CO2,51,1,0.2724872747845926,0.06977414198399294,0.08971944283014355,20.04055517462643,0.6343051746264265,0.7767586065357369
TEMP,9,101,F13,57,humidity_CO2,62,2,0.3597823700982372,0.2130104470949433,0.1901073648450975,20.183791479737376,0.7775414797373769,0.8771465285506909
TEMP,9,101,F13,57,humidity_CO2,50,3,0.37146838902550494,0.09163750231437214,0.11209605650336552,20.062418534956805,0.6561685349568057,0.7991352202089589
TEMP,9,101,F13,57,humidity_CO2,59,4,0.5090163877419797,0.029430408404599095,0.005745338602144656,20.000211441047032,0.5939614410470327,0.692784502307738
TEMP,9,101,F13,57,humidity_CO2,60,5,0.5449678825865829,0.21300747744617046,0.17923538686161355,20.183788510088604,0.7775385100886041,0.8662745505672069
TEMP,9,101,F13,57,indoor_temperature,51,1,0.23550369637055052,-0.3272322652212248,-0.34681132807169224,19.64354876742121,0.2372987674212088,0.34022783563390113
TEMP,9,101,F13,57,indoor_temperature,50,2,0.3184757178610721,-1.3753613443202255,0.1957911361482335,18.595419688322206,-0.8108303116777918,0.8828302998538269
TEMP,9,101,F13,57,indoor_temperature,48,3,0.49100321833836225,-2.0532571625320486,1.033029445713558,17.917523870110386,-1.488726129889615,1.7200686094191513
TEMP,9,101,F13,57,indoor_temperature,67,4,0.5034527621701524,-3.615325437687535,2.4556902762884643,16.3554555949549,-3.0507944050451012,3.1427294399940577
TEMP,9,101,F13,57,indoor_temperature,71,5,0.5152242778290493,-3.8021384172663493,2.6297602744101467,16.168642615376083,-3.237607384623916,3.31679943811574
TEMP,9,101,F13,57,radiation_wind,51,1,0.269387973234219,-0.013404468957660379,-0.01857209414283889,19.957376563684775,0.5511265636847732,0.6684670695627545
TEMP,9,101,F13,57,radiation_wind,50,2,0.39888715463797303,-0.00399279312931163,-0.0012704514225532204,19.96678823951312,0.560538239513122,0.6857687122830401
TEMP,9,101,F13,57,radiation_wind,59,3,0.49979113697300176,-0.0010923007921150862,-0.0008818407655306615,19.969688731850322,0.5634387318503186,0.6861573229400627
TEMP,9,101,F13,57,radiation_wind,62,4,0.548087059587002,-0.014752270122838565,-0.021960553556563456,19.956028762519594,0.549778762519595,0.6650786101490299
TEMP,9,101,F13,57,radiation_wind,60,5,0.5722154529005311,-0.0011450207150559184,-0.0006980482217672224,19.969636011927378,0.5633860119273777,0.6863411154838261
TEMP,9,101,F13,57,outdoor_temperature,51,1,0.2741645365276833,0.11980755525371152,0.09366022697517362,20.090588587896146,0.6843385878961451,0.780699390680767
TEMP,9,101,F13,57,outdoor_temperature,50,2,0.4182113477630739,0.03130761759698375,0.02344666160032627,20.00208865023942,0.5958386502394174,0.7104858253059196
TEMP,9,101,F13,57,outdoor_temperature,59,3,0.5067308275417713,0.019608234237843043,0.00934560862123679,19.990389266880275,0.5841392668802766,0.6963847723268302
TEMP,9,101,F13,57,outdoor_temperature,62,4,0.5407409045030064,0.22486347333566833,0.25263086136709934,20.195644505978102,0.7893945059781019,0.9396700250726927
TEMP,9,101,F13,57,outdoor_temperature,60,5,0.5777374631808092,0.11564128792018129,0.10318571178694291,20.086422320562615,0.6801723205626149,0.7902248754925363
TEMP,9,7,F13,57,other_actuators,51,1,0.27014665638076235,-0.009863568636620931,-0.005915744276579926,19.964137647065574,0.5578876470655719,0.6761678473725703
TEMP,9,7,F13,57,other_actuators,59,2,0.27692937871954554,0.36886704245431795,0.3032558397667138,20.34286825815651,0.9366182581565109,0.985339431415864
TEMP,9,7,F13,57,other_actuators,50,3,0.44024795559245444,0.04281419855059543,0.029435244298470442,20.016815414252786,0.6105654142527883,0.7115188359476207
TEMP,9,7,F13,57,other_actuators,60,4,0.44488580188453264,0.32094493044399536,0.26874742784999295,20.294946146146188,0.8886961461461883,0.9508310194991432
TEMP,9,7,F13,57,other_actuators,63,5,0.5440617508117114,0.2938286441743763,0.24520943559078212,20.26782985987657,0.8615798598765693,0.9272930272399323
TEMP,9,7,F13,57,heating,51,1,0.26744916390130224,0.009336309554281405,0.014877994451380716,19.983337525256474,0.5770875252564743,0.6969615861005309
TEMP,9,7,F13,57,heating,50,2,0.417444788086893,0.0018508441031759304,0.003970359252188027,19.97585205980537,0.5696020598053688,0.6860539509013382
TEMP,9,7,F13,57,heating,59,3,0.48668676411564177,0.01346064660564128,0.008889710081340318,19.987461862307836,0.5812118623078342,0.6909733017304905
TEMP,9,7,F13,57,heating,62,4,0.5591635586181858,-0.001995276139625357,-0.0021534808688378204,19.972005939562568,0.5657559395625675,0.6799301107803124
TEMP,9,7,F13,57,heating,60,5,0.5625167784208596,0.013438070399457066,0.008780445400952575,19.98743928610165,0.58118928610165,0.6908640370501028
TEMP,9,7,F13,57,clock_farm_period,51,1,0.2732906210722418,-0.0007425576329073517,-0.000562238388954861,19.973258658069284,0.5670086580692856,0.6815213532601954
TEMP,9,7,F13,57,clock_farm_period,50,2,0.40816661899479234,-0.0008692662577645116,-0.0006582274852203751,19.973131949444426,0.5668819494444284,0.6814253641639298
TEMP,9,7,F13,57,clock_farm_period,59,3,0.49423344500366406,0.00472908622840551,0.004256838106479588,19.9787303019306,0.5724803019305984,0.6863404297556298
TEMP,9,7,F13,57,clock_farm_period,62,4,0.546597803397985,0.000756845149179212,0.001282158468827732,19.97475806085137,0.5685080608513721,0.683365750117978
TEMP,9,7,F13,57,clock_farm_period,60,5,0.5661173300756004,0.003915940938800174,0.004082389815093013,19.977917156640995,0.5716671566409931,0.6861659814642432
TEMP,9,7,F13,57,derived_relations,51,1,0.2794531231099477,-0.013154567333440337,-0.01629787238429048,19.960846648368754,0.5545966483687526,0.6657857192648597
TEMP,9,7,F13,57,derived_relations,50,2,0.42138845860281077,-0.0008327021272693061,-0.013834881018654821,19.973168513574922,0.5669185135749236,0.6682487106304954
TEMP,9,7,F13,57,derived_relations,48,3,0.5016673286278023,-0.14642053268334396,-0.1441620534556769,19.827580683018848,0.42133068301884896,0.5379215381934733
TEMP,9,7,F13,57,derived_relations,59,4,0.5049241491023043,-0.09269774986601871,-0.04981222546538122,19.881303465836176,0.4750534658361742,0.632271366183769
TEMP,9,7,F13,57,derived_relations,62,5,0.5656314466974823,-0.02245382549966557,-0.037245218189886575,19.951547390202528,0.5452973902025273,0.6448383734592636
TEMP,9,7,F13,57,humidity_CO2,51,1,0.2724872747845926,0.07952211333605981,0.10068269724971146,20.053523329038253,0.6472733290382527,0.7827662888988617
TEMP,9,7,F13,57,humidity_CO2,62,2,0.3597823700982372,0.23604739928428028,0.2174709049189829,20.210048614986473,0.8037986149864732,0.8995544965681331
TEMP,9,7,F13,57,humidity_CO2,50,3,0.37146838902550494,0.10523104082716017,0.13509047287423293,20.079232256529355,0.6729822565293531,0.8171740645233831
TEMP,9,7,F13,57,humidity_CO2,59,4,0.5090163877419797,0.040903507220906445,0.016665111878715555,20.0149047229231,0.6086547229230993,0.6987487035278658
TEMP,9,7,F13,57,humidity_CO2,60,5,0.5449678825865829,0.22330119545433438,0.19494387173334915,20.197302411156528,0.7910524111565272,0.8770274633824994
TEMP,9,7,F13,57,indoor_temperature,51,1,0.23550369637055052,-0.32814306511995345,-0.3269449503875208,19.645858150582242,0.23960815058223947,0.3551386412616294
TEMP,9,7,F13,57,indoor_temperature,50,2,0.3184757178610721,-1.35523502576887,0.18628069161581462,18.618766189933325,-0.7874838100666768,0.8683642832649648
TEMP,9,7,F13,57,indoor_temperature,48,3,0.49100321833836225,-2.0474100243342552,1.028040883192237,17.926591191367937,-1.4796588086320626,1.7101244748413873
TEMP,9,7,F13,57,indoor_temperature,67,4,0.5034527621701524,-3.596848565960901,2.4444345661248144,16.37715264974129,-3.029097350258708,3.1265181577739645
TEMP,9,7,F13,57,indoor_temperature,71,5,0.5152242778290493,-3.7769100324343916,2.6110381918956787,16.1970911832678,-3.2091588167321983,3.2931217835448288
TEMP,9,7,F13,57,radiation_wind,51,1,0.269387973234219,-0.013489751730290914,-0.01875132354362552,19.9605114639719,0.554261463971902,0.6633322681055247
TEMP,9,7,F13,57,radiation_wind,50,2,0.39888715463797303,-0.003502277256226982,-0.0010216041977407775,19.970498938445967,0.5642489384459659,0.6810619874514094
TEMP,9,7,F13,57,radiation_wind,59,3,0.49979113697300176,-0.0006276133935960715,-0.0007169007500342772,19.973373602308598,0.5671236023085968,0.681366690899116
TEMP,9,7,F13,57,radiation_wind,62,4,0.548087059587002,-0.014477285858498057,-0.021650575691173457,19.959523929843694,0.5532739298436948,0.6604330159579768
TEMP,9,7,F13,57,radiation_wind,60,5,0.5722154529005311,-0.0005317299185705338,-0.0002397358943387884,19.97346948578362,0.5672194857836224,0.6818438557548114
TEMP,9,7,F13,57,outdoor_temperature,51,1,0.2741645365276833,0.11818637964263552,0.09695877797291952,20.09218759534483,0.6859375953448285,0.7790423696220697
TEMP,9,7,F13,57,outdoor_temperature,50,2,0.4182113477630739,0.03079201973024152,0.026355355127703817,20.004793235432434,0.5985432354324344,0.708438946776854
TEMP,9,7,F13,57,outdoor_temperature,59,3,0.5067308275417713,0.021729762281166447,0.014006979624377691,19.99573097798336,0.5894809779833593,0.6960905712735279
TEMP,9,7,F13,57,outdoor_temperature,62,4,0.5407409045030064,0.22405335195275677,0.25588580337679534,20.19805456765495,0.7918045676549497,0.9379693950259456
TEMP,9,7,F13,57,outdoor_temperature,60,5,0.5777374631808092,0.11426196004834137,0.10603185541589921,20.088263175750534,0.6820131757505342,0.7881154470650494
EC,3,101,F13,177,in_temp,159,1,0.1698497285297389,-0.16037397103761572,0.15206508881662323,0.7722965090615258,-0.23282849093847424,0.23386625809155906
EC,3,101,F13,177,in_temp,171,2,0.1974472298061343,-0.13970729973917023,0.13158513135514988,0.7929631803599713,-0.21216181964002875,0.2133863006300857
EC,3,101,F13,177,in_temp,151,3,0.20873186267068533,0.04685453998771777,-0.03982635781973941,0.9795250200868592,-0.025599979913140742,0.04197481145519642
EC,3,101,F13,177,in_temp,135,4,0.2430685417939589,-0.1394411050919341,0.13174882867232726,0.7932293750072074,-0.21189562499279266,0.2135499979472631
EC,3,101,F13,177,in_temp,153,5,0.2963137680954673,0.10545011687029575,-0.03441618258468139,1.0381205969694371,0.03299559696943722,0.04738498669025444
EC,3,101,F13,177,in_hum,151,1,0.1928794074278347,0.10292581044103573,-0.028996645793620046,1.035596290540177,0.030471290540177207,0.052804523481315785
EC,3,101,F13,177,in_hum,159,2,0.2468314776590711,0.011889766207187819,-0.009158277839164244,0.9445602463063293,-0.0605647536936707,0.07264289143577159
EC,3,101,F13,177,in_hum,171,3,0.26592544853468364,0.03413683027166008,-0.02672755794367091,0.9668073103708016,-0.03831768962919843,0.05507361133126492
EC,3,101,F13,177,in_hum,135,4,0.2754039178464038,0.00011445849848340517,0.0003361625672348434,0.9327849385976249,-0.07234006140237512,0.08213733184217067
EC,3,101,F13,177,in_hum,146,5,0.2883082978260416,0.13266276391540077,-0.007551667968906189,1.065333244014542,0.06020824401454224,0.07424950130602964
EC,3,101,F13,177,in_co2,151,1,0.20978128456798745,0.00652886265566037,-0.005605520901087527,0.9391993427548018,-0.06592565724519815,0.0761956483738483
EC,3,101,F13,177,in_co2,159,2,0.25224814765210757,-4.3013130551490066e-05,0.0002140668805304946,0.93262746696859,-0.07249753303141,0.08201523615546633
EC,3,101,F13,177,in_co2,135,3,0.2633103639283922,0.032971024547229937,-0.03260828390827562,0.9656415046463714,-0.03948349535362858,0.04919288536666021
EC,3,101,F13,177,in_co2,171,4,0.2697044522669896,0.01595349563357289,-0.012910935983996605,0.9486239757327143,-0.05650102426728563,0.06889023329093923
EC,3,101,F13,177,in_co2,146,5,0.31731458595247974,0.009817724213134713,-0.009077468585012322,0.9424882043122761,-0.0626367956877238,0.07272370068992351
EC,3,101,F13,177,act_vent,151,1,0.21983260423155157,0.0010728853695808848,-0.0011493933584600935,0.9337433654687223,-0.07138163453127763,0.08065177591647574
EC,3,101,F13,177,act_vent,159,2,0.25872523510729695,-0.004345242649220274,0.003412613030724279,0.9283252374499211,-0.0767997625500788,0.08521378230566011
EC,3,101,F13,177,act_vent,171,3,0.2796451075399761,0.0023814661864398254,-0.0018504852531234933,0.9350519462855812,-0.07007305371441869,0.07995068402181234
EC,3,101,F13,177,act_vent,135,4,0.2839178817008147,-0.002243254234210202,0.001874781617027102,0.9304272258649312,-0.07469777413506871,0.08367595089196293
EC,3,101,F13,177,act_vent,146,5,0.3284758137511706,-0.01045208770626455,0.009502860755146933,0.922218392392877,-0.08290660760712307,0.09130403003008276
EC,3,101,F13,177,act_shade,151,1,0.18945470979989354,0.03159254032582365,-0.024282383871114054,0.9642630204249651,-0.04086197957503487,0.05751878540382178
EC,3,101,F13,177,act_shade,159,2,0.23505184121719058,0.030893646718587037,-0.02385874638820834,0.9635641268177286,-0.04156087318227148,0.05794242288672749
EC,3,101,F13,177,act_shade,171,3,0.2593302589342199,0.030606115674641814,-0.02368397536488924,0.9632765957737833,-0.0418484042262167,0.05811719391004659
EC,3,101,F13,177,act_shade,135,4,0.2602931183252224,0.031505456744013206,-0.024369227706936863,0.9641759368431547,-0.040949063156845315,0.05743194156799897
EC,3,101,F13,177,act_shade,146,5,0.303092233659433,0.029873852576091233,-0.023173905394931853,0.9625443326752327,-0.042580667324767285,0.05862726388000398
EC,3,101,F13,177,act_thermal,151,1,0.21988043732186516,0.00033780888710588375,-0.0004979130801495146,0.9330082889862473,-0.07211671101375262,0.08130325619478632
EC,3,101,F13,177,act_thermal,159,2,0.24681076171712946,-0.006164115707631285,0.005205572797487262,0.9265063643915101,-0.0786186356084898,0.0870067420724231
EC,3,101,F13,177,act_thermal,171,3,0.2687665023889587,-0.006496237785252231,0.0053968286959625855,0.9261742423138891,-0.07895075768611075,0.08719799797089842
EC,3,101,F13,177,act_thermal,135,4,0.2836042377868552,0.0004205208644346009,-0.0005026149401358704,0.933091000963576,-0.07203399903642392,0.08129855433479996
EC,3,101,F13,177,act_thermal,146,5,0.3272165271371512,-0.0037862924105377164,0.003027086854012928,0.9288841876886037,-0.07624081231139623,0.08482825612894876
EC,3,101,F13,177,act_heating,151,1,0.2199701008729756,0.0,0.0,0.9326704800991413,-0.07245451990085851,0.08180116927493583
EC,3,101,F13,177,act_heating,159,2,0.2595665416723997,4.625929269271485e-18,0.0,0.9326704800991413,-0.07245451990085851,0.08180116927493583
EC,3,101,F13,177,act_heating,171,3,0.28021685053230616,1.3877787807814457e-17,0.0,0.9326704800991413,-0.07245451990085851,0.08180116927493583
EC,3,101,F13,177,act_heating,135,4,0.28412731302251854,4.625929269271485e-18,0.0,0.9326704800991413,-0.07245451990085851,0.08180116927493583
EC,3,101,F13,177,act_heating,146,5,0.33259921337126575,0.0,0.0,0.9326704800991413,-0.07245451990085852,0.08180116927493583
EC,3,101,F13,177,act_circfan,151,1,0.2199701008729756,1.3877787807814457e-17,0.0,0.9326704800991413,-0.07245451990085851,0.08180116927493583
EC,3,101,F13,177,act_circfan,159,2,0.2595665416723997,0.0,0.0,0.9326704800991413,-0.07245451990085852,0.08180116927493583
EC,3,101,F13,177,act_circfan,171,3,0.28021685053230616,9.25185853854297e-18,0.0,0.9326704800991413,-0.07245451990085851,0.08180116927493583
EC,3,101,F13,177,act_circfan,135,4,0.28412731302251854,3.23815048849004e-17,-1.3877787807814457e-17,0.9326704800991413,-0.07245451990085848,0.08180116927493582
EC,3,101,F13,177,act_circfan,146,5,0.33259921337126575,4.625929269271485e-18,0.0,0.9326704800991413,-0.07245451990085851,0.08180116927493583
EC,3,101,F13,177,act_co2,151,1,0.18331290609095358,0.0021963134083549892,-0.002081586776006575,0.9348667935074965,-0.07025820649250353,0.07971958249892926
EC,3,101,F13,177,act_co2,135,2,0.23826780662964986,-0.003271707769811607,0.0033024646138243574,0.9293987723293299,-0.07572622767067012,0.08510363388876019
EC,3,101,F13,177,act_co2,159,3,0.25084387685239784,-0.003210036579160802,0.002771006002943527,0.9294604435199806,-0.07566455648001931,0.08457217527787936
EC,3,101,F13,177,act_co2,171,4,0.25438671084538633,-0.0003318340953057571,0.00019652532554526037,0.9323386460038358,-0.07278635399616427,0.08199769460048109
EC,3,101,F13,177,act_co2,153,5,0.25882763577027346,-0.009070465376757708,0.00788754997855598,0.9236000147223837,-0.08152498527761622,0.08968871925349181
EC,3,101,F13,177,act_fog,151,1,0.21321181411139487,-0.0026374776697317,0.0025748296985908525,0.9300330024294098,-0.07509199757059022,0.08437599897352668
EC,3,101,F13,177,act_fog,159,2,0.25492066865626434,-0.0032124637925791955,0.003116655752945341,0.9294580163065622,-0.0756669836934377,0.08491782502788117
EC,3,101,F13,177,act_fog,171,3,0.27216656920249943,-0.002578145300721609,0.0027274645539306364,0.9300923347984198,-0.07503266520158013,0.08452863382886647
EC,3,101,F13,177,act_fog,135,4,0.2821178948360212,0.00033008704549750595,-0.00019568811005847564,0.933000567144639,-0.072124432855361,0.08160548116487736
EC,3,101,F13,177,act_fog,146,5,0.33122929779585436,0.0006212962776541755,-0.0002097709322295832,0.9332917763767957,-0.07183322362320434,0.08159139834270625
EC,3,101,F13,177,season,151,1,0.19957675959771892,0.2932800033333785,0.14461165618598695,1.2259504834325199,0.22082548343251998,0.22641282546092278
EC,3,101,F13,177,season,135,2,0.24325465440829722,0.006090458627716372,-0.007524929662042046,0.9387609387268578,-0.06636406127314215,0.07427623961289379
EC,3,101,F13,177,season,159,3,0.2454469293588985,-0.025974738385794588,0.020953412757885287,0.9066957417133468,-0.0984292582866531,0.10275458203282112
EC,3,101,F13,177,season,171,4,0.26861659771203106,9.25185853854297e-18,0.0,0.9326704800991413,-0.07245451990085851,0.08180116927493583
EC,3,101,F13,177,season,146,5,0.3072690438049672,0.30051426977121026,0.15191643817483405,1.2331847498703516,0.2280597498703517,0.23371760744976988
EC,3,101,F13,177,clock,151,1,0.21680489843268766,2.312964634635743e-17,0.0,0.9326704800991413,-0.0724545199008585,0.08180116927493583
EC,3,101,F13,177,clock,159,2,0.2558315765664237,-4.625929269271485e-18,1.3877787807814457e-17,0.9326704800991413,-0.07245451990085854,0.08180116927493584
EC,3,101,F13,177,clock,171,3,0.2761847431886502,4.625929269271485e-18,0.0,0.9326704800991413,-0.07245451990085851,0.08180116927493583
EC,3,101,F13,177,clock,135,4,0.280038937097962,2.312964634635743e-17,-1.3877787807814457e-17,0.9326704800991413,-0.0724545199008585,0.08180116927493582
EC,3,101,F13,177,clock,146,5,0.32781336366886227,1.850371707708594e-17,0.0,0.9326704800991413,-0.0724545199008585,0.08180116927493583
EC,3,7,F13,177,in_temp,159,1,0.1698497285297389,-0.16897075377056367,0.1576558291588435,0.7690275108025274,-0.23609748919747267,0.23739773177485732
EC,3,7,F13,177,in_temp,171,2,0.1974472298061343,-0.14892066484340546,0.13772302159025052,0.7890775997296856,-0.21604740027031447,0.21746492420626434
EC,3,7,F13,177,in_temp,151,3,0.20873186267068533,0.04844341273877902,-0.0375217378445568,0.9864416773118699,-0.01868332268812999,0.04222016477145703
EC,3,7,F13,177,in_temp,135,4,0.2430685417939589,-0.13646457451672173,0.12586826973253643,0.8015336900563693,-0.20359130994363075,0.20561017234855025
EC,3,7,F13,177,in_temp,153,5,0.2963137680954673,0.10083546901022437,-0.027072166221638765,1.0388337335833153,0.03370873358331535,0.05266973639437506
EC,3,7,F13,177,in_hum,151,1,0.1928794074278347,0.11014102772566925,-0.015516791125711804,1.0481392922987602,0.04301429229876023,0.06422511149030202
EC,3,7,F13,177,in_hum,159,2,0.2468314776590711,0.013600726351611178,-0.009238708176448923,0.9515989909247021,-0.05352600907529784,0.0705031944395649
EC,3,7,F13,177,in_hum,171,3,0.26592544853468364,0.038123061028341794,-0.026051800814966726,0.9761213256014326,-0.029003674398567224,0.0536901018010471
EC,3,7,F13,177,in_hum,135,4,0.2754039178464038,-0.0041763488713342095,0.003993880278199205,0.9338219157017568,-0.07130308429824322,0.08373578289421303
EC,3,7,F13,177,in_hum,146,5,0.2883082978260416,0.14008823247628657,0.010193439310629993,1.0780864970493775,0.07296149704937754,0.08993534192664382
EC,3,7,F13,177,in_co2,151,1,0.20978128456798745,-0.0027141243868869327,0.0018901362228456453,0.9352841401862039,-0.06984085981379595,0.08163203883885947
EC,3,7,F13,177,in_co2,159,2,0.25224814765210757,0.0007344482155149887,-0.000709447861659343,0.9387327127886059,-0.06639228721139402,0.07903245475435448
EC,3,7,F13,177,in_co2,135,3,0.2633103639283922,0.01470865855108936,-0.01657596673390875,0.9527069231241803,-0.052418076875819654,0.06316593588210508
EC,3,7,F13,177,in_co2,171,4,0.2697044522669896,0.016264795436176926,-0.013433707202192002,0.9542630600092679,-0.050861939990732095,0.06630819541382182
EC,3,7,F13,177,in_co2,146,5,0.31731458595247974,0.00865859949850622,-0.007701996256217564,0.9466568640715972,-0.0584681359284028,0.07203990635979626
EC,3,7,F13,177,act_vent,151,1,0.21983260423155157,0.0022253401245873744,-0.0022385745057748735,0.9402236046976783,-0.06490139530232164,0.07750332811023895
EC,3,7,F13,177,act_vent,159,2,0.25872523510729695,-0.0036890481423343066,0.003386083123698619,0.9343092164307567,-0.07081578356924333,0.08312798573971245
EC,3,7,F13,177,act_vent,171,3,0.2796451075399761,0.0039136569884510265,-0.0030756186781044775,0.941911921561542,-0.06321307843845798,0.07666628393790935
EC,3,7,F13,177,act_vent,135,4,0.2839178817008147,-0.0012881872569333967,0.001269229954386178,0.9367100773161576,-0.06841492268384242,0.0810111325704
EC,3,7,F13,177,act_vent,146,5,0.3284758137511706,-0.01112247293003501,0.012075386783248404,0.9268757916430559,-0.07824920835694403,0.09181728939926223
EC,3,7,F13,177,act_shade,151,1,0.18945470979989354,0.03618774234378858,-0.0235018833719711,0.9741860069168795,-0.03093899308312043,0.056240019244042726
EC,3,7,F13,177,act_shade,159,2,0.23505184121719058,0.035426450297954416,-0.022969940974174388,0.9734247148710454,-0.0317002851289546,0.05677196164183944
EC,3,7,F13,177,act_shade,171,3,0.2593302589342199,0.03481511664522753,-0.022586989439627433,0.9728133812183183,-0.032311618781681484,0.05715491317638639
EC,3,7,F13,177,act_shade,135,4,0.2602931183252224,0.03632558299243004,-0.023797819735149377,0.9743238475655209,-0.03080115243447897,0.05594408288086445
EC,3,7,F13,177,act_shade,146,5,0.303092233659433,0.035245611431971365,-0.023230890983278317,0.9732438760050623,-0.03188112399493765,0.05651101163273551
EC,3,7,F13,177,act_thermal,151,1,0.21988043732186516,0.0010766242284647592,-0.0014630292759963276,0.9390748888015557,-0.06605011119844426,0.0782788733400175
EC,3,7,F13,177,act_thermal,159,2,0.24681076171712946,-0.005158697086404596,0.0030571237644431287,0.9328395674866864,-0.07228543251331361,0.08279902638045696
EC,3,7,F13,177,act_thermal,171,3,0.2687665023889587,-0.005216428875112954,0.003011514140434879,0.9327818356979781,-0.07234316430202196,0.0827534167564487
EC,3,7,F13,177,act_thermal,135,4,0.2836042377868552,0.0007957224001578269,-0.0015531545521431517,0.9387939869732488,-0.06633101302675119,0.07818874806387067
EC,3,7,F13,177,act_thermal,146,5,0.3272165271371512,-0.0035311321333438375,0.0018736897867489832,0.9344671324397472,-0.07065786756025284,0.08161559240276281
EC,3,7,F13,177,act_heating,151,1,0.2199701008729756,-4.163336342344337e-17,4.163336342344337e-17,0.9379982645730909,-0.06712673542690906,0.07974190261601387
EC,3,7,F13,177,act_heating,159,2,0.2595665416723997,-2.7755575615628914e-17,2.7755575615628914e-17,0.9379982645730909,-0.06712673542690904,0.07974190261601385
EC,3,7,F13,177,act_heating,171,3,0.28021685053230616,-2.7755575615628914e-17,2.7755575615628914e-17,0.9379982645730909,-0.06712673542690904,0.07974190261601385
EC,3,7,F13,177,act_heating,135,4,0.28412731302251854,-2.312964634635743e-17,2.7755575615628914e-17,0.9379982645730909,-0.06712673542690904,0.07974190261601385
EC,3,7,F13,177,act_heating,146,5,0.33259921337126575,-1.850371707708594e-17,1.3877787807814457e-17,0.9379982645730909,-0.06712673542690904,0.07974190261601384
EC,3,7,F13,177,act_circfan,151,1,0.2199701008729756,-2.7755575615628914e-17,2.7755575615628914e-17,0.9379982645730909,-0.06712673542690904,0.07974190261601385
EC,3,7,F13,177,act_circfan,159,2,0.2595665416723997,9.25185853854297e-18,-1.3877787807814457e-17,0.937998264573091,-0.067126735426909,0.07974190261601381
EC,3,7,F13,177,act_circfan,171,3,0.28021685053230616,-4.625929269271485e-18,1.3877787807814457e-17,0.937998264573091,-0.06712673542690901,0.07974190261601384
EC,3,7,F13,177,act_circfan,135,4,0.28412731302251854,-3.23815048849004e-17,2.7755575615628914e-17,0.9379982645730909,-0.06712673542690904,0.07974190261601385
EC,3,7,F13,177,act_circfan,146,5,0.33259921337126575,0.0,0.0,0.937998264573091,-0.06712673542690901,0.07974190261601383
EC,3,7,F13,177,act_co2,151,1,0.18331290609095358,0.001948916462457891,-0.002122539647967228,0.9399471810355489,-0.06517781896445113,0.0776193629680466
EC,3,7,F13,177,act_co2,135,2,0.23826780662964986,-0.002836067174140112,0.0028580929833054436,0.9351621973989509,-0.06996280260104913,0.08259999559931927
EC,3,7,F13,177,act_co2,159,3,0.25084387685239784,-0.002342743820410586,0.0020888460221085425,0.9356555207526803,-0.0694694792473196,0.08183074863812237
EC,3,7,F13,177,act_co2,171,4,0.25438671084538633,-0.0001063760005462951,-0.00020908513256671923,0.9378918885725446,-0.0672331114274553,0.07953281748344711
EC,3,7,F13,177,act_co2,153,5,0.25882763577027346,-0.006153964521251674,0.005319672487360622,0.9318443000518393,-0.07328069994816068,0.08506157510337445
EC,3,7,F13,177,act_fog,151,1,0.21321181411139487,-0.0016198971231089303,0.0017509406210136774,0.9363783674499819,-0.06874663255001795,0.0814928432370275
EC,3,7,F13,177,act_fog,159,2,0.25492066865626434,-0.0018734230631363101,0.002019919883801999,0.9361248415099547,-0.06900015849004533,0.08176182249981583
EC,3,7,F13,177,act_fog,171,3,0.27216656920249943,-0.0012073722448865353,0.0014083970526504591,0.9367908923282044,-0.06833410767179555,0.08115029966866429
EC,3,7,F13,177,act_fog,135,4,0.2821178948360212,0.00028097245606424165,-9.671678745744317e-05,0.9382792370291552,-0.06684576297084477,0.07964518582855638
EC,3,7,F13,177,act_fog,146,5,0.33122929779585436,0.00045627599594680784,-4.205788770741958e-05,0.938454540569038,-0.06667045943096221,0.07969984472830641
EC,3,7,F13,177,season,151,1,0.19957675959771892,0.29983408127841593,0.15945927418308903,1.2378323458515068,0.2327073458515069,0.23920117679910285
EC,3,7,F13,177,season,135,2,0.24325465440829722,0.01607677405891421,-0.018132077196052088,0.9540750386320052,-0.051049961367994806,0.06160982541996174
EC,3,7,F13,177,season,159,3,0.2454469293588985,-0.015825394157376316,0.009085503099897071,0.9221728704157147,-0.08295212958428533,0.0888274057159109
EC,3,7,F13,177,season,171,4,0.26861659771203106,-1.850371707708594e-17,2.7755575615628914e-17,0.9379982645730909,-0.06712673542690904,0.07974190261601385
EC,3,7,F13,177,season,146,5,0.3072690438049672,0.3093124479337605,0.1685686036705024,1.2473107125068514,0.24218571250685147,0.2483105062865162
EC,3,7,F13,177,clock,151,1,0.21680489843268766,0.0,0.0,0.937998264573091,-0.06712673542690901,0.07974190261601383
EC,3,7,F13,177,clock,159,2,0.2558315765664237,-9.25185853854297e-18,1.3877787807814457e-17,0.9379982645730909,-0.06712673542690901,0.07974190261601384
EC,3,7,F13,177,clock,171,3,0.2761847431886502,-2.312964634635743e-17,2.7755575615628914e-17,0.9379982645730909,-0.06712673542690904,0.07974190261601385
EC,3,7,F13,177,clock,135,4,0.280038937097962,-1.3877787807814457e-17,1.3877787807814457e-17,0.9379982645730909,-0.06712673542690903,0.07974190261601384
EC,3,7,F13,177,clock,146,5,0.32781336366886227,-4.163336342344337e-17,4.163336342344337e-17,0.9379982645730909,-0.06712673542690906,0.07974190261601387
EC,5,101,F13,135,in_temp,153,1,0.18232650479107085,0.11735618473903586,0.11814091226093518,1.2764621557570088,0.26387882242367566,0.2730058356888461
EC,5,101,F13,135,in_temp,139,2,0.20163348644901596,-0.019396216340086214,-0.01602888374497946,1.139709754677887,0.12712642134455357,0.13883603968293148
EC,5,101,F13,135,in_temp,151,3,0.21361366102704604,0.11108586840288275,0.10854604708037982,1.2701918394208558,0.25760850608752256,0.26341097050829076
EC,5,101,F13,135,in_temp,146,4,0.22501861003394039,0.06388604670943664,0.06467389367985754,1.2229920177274096,0.21040868439407645,0.21953881710776849
EC,5,101,F13,135,in_temp,174,5,0.22751497882773766,-0.017997916899711235,-0.01702071572571348,1.1411080541182619,0.12852472078492858,0.13784420770219746
EC,5,101,F13,135,in_hum,139,1,0.1674819313316529,0.017152551795360783,0.014186733139678692,1.1762585228133338,0.16367518948000057,0.16905165656758964
EC,5,101,F13,135,in_hum,112,2,0.1676903217505347,-0.06274376167890783,-0.054547545453360144,1.0963622093390653,0.08377887600573197,0.1003173779745508
EC,5,101,F13,135,in_hum,146,3,0.17419896961679288,0.007895426143205542,0.0053793975496556345,1.1670013971611788,0.15441806382784534,0.16024432097756658
EC,5,101,F13,135,in_hum,90,4,0.23004641090994876,-0.1212057201238294,-0.10372643703951928,1.0379002508941437,0.025316917560810392,0.05113848638839167
EC,5,101,F13,135,in_hum,151,5,0.23095274881084735,0.004217450135421269,0.002432747413702613,1.1633234211533943,0.15074008782006107,0.15729767084161356
EC,5,101,F13,135,in_co2,139,1,0.17962777252947207,-0.13497964915167412,-0.11133884630007719,1.024126321866299,0.011542988532965657,0.043526077127833754
EC,5,101,F13,135,in_co2,146,2,0.1896219875532165,-0.17298794654374183,-0.10369205283562843,0.9861180244742312,-0.026465308859102074,0.0511728705922825
EC,5,101,F13,135,in_co2,174,3,0.2194422942835412,-0.1674261089199741,-0.10702881417083956,0.9916798620979991,-0.020903471235334287,0.04783610925707137
EC,5,101,F13,135,in_co2,112,4,0.22705957113204367,-0.1672820202989842,-0.10767087492173558,0.991823950718989,-0.02075938261434442,0.04719404850617537
EC,5,101,F13,135,in_co2,153,5,0.245810144295916,-0.14331062030513467,-0.11182495332241146,1.0157953507128383,0.0032120173795051055,0.043039970105499474
EC,5,101,F13,135,act_vent,139,1,0.20832507338586898,-0.011281199552943664,-0.008733386024961348,1.1478247714650294,0.13524143813169612,0.1461315374029496
EC,5,101,F13,135,act_vent,112,2,0.23445902512908454,-0.011281199552943683,-0.008733386024961348,1.1478247714650294,0.13524143813169612,0.1461315374029496
EC,5,101,F13,135,act_vent,146,3,0.2354222584079656,-0.008191991219455602,-0.006303372295120929,1.1509139797985175,0.1383306464651842,0.14856155113279002
EC,5,101,F13,135,act_vent,174,4,0.2509872728869292,-0.0019328846564368545,-0.0015856885408056798,1.1571730863615362,0.14458975302820296,0.15327923488710526
EC,5,101,F13,135,act_vent,151,5,0.26002632538925746,0.0016401606108771376,0.0013770483455867732,1.1607461316288503,0.14816279829551693,0.15624197177349772
EC,5,101,F13,135,act_shade,139,1,0.21729545378115106,-3.709244191434554e-05,-4.19794356853187e-05,1.1590688785760588,0.14648554524272547,0.15482294399222563
EC,5,101,F13,135,act_shade,174,2,0.2238135136441012,-0.04203512189822411,-0.04120387943485461,1.117070849119749,0.10448751578641569,0.11366104399305633
EC,5,101,F13,135,act_shade,146,3,0.2376432396872122,0.00029599356265872884,0.0003530692331722429,1.159401964580632,0.14681863124729852,0.1552179926610832
EC,5,101,F13,135,act_shade,112,4,0.24044494739745992,-0.0016324541944358155,-0.0014791717865354215,1.1574735168235373,0.14489018349020397,0.15338575164137552
EC,5,101,F13,135,act_shade,151,5,0.2601422466349303,-0.00020680601133526988,-0.00021964037454186291,1.1588991650066378,0.14631583167330453,0.15464528305336908
EC,5,101,F13,135,act_thermal,139,1,0.21728163049267263,0.0003976243571460388,0.00013306397232121236,1.1595035953751192,0.14692026204178585,0.15499798740023216
EC,5,101,F13,135,act_thermal,146,2,0.2353802832520415,-0.004479344538402892,-0.0031747765254751814,1.1546266264795702,0.1420432931462369,0.15169014690243576
EC,5,101,F13,135,act_thermal,112,3,0.23940553437365414,-0.0022199488296845427,-0.0017975576374311686,1.1568860221882886,0.14430268885495526,0.15306736579047978
EC,5,101,F13,135,act_thermal,174,4,0.2492550212948756,-0.0034881985583841793,-0.002208808373281912,1.1556177724595889,0.1430344391262556,0.15265611505462903
EC,5,101,F13,135,act_thermal,151,5,0.2598802054569405,-3.086363783515641e-05,0.0006788973227891681,1.159075107380138,0.14649177404680463,0.1555438207507001
EC,5,101,F13,135,act_heating,139,1,0.2172955167137207,-9.25185853854297e-18,0.0,1.159105971017973,0.14652263768463977,0.15486492342791094
EC,5,101,F13,135,act_heating,111,2,0.23172279813504318,-0.09953022396742091,-0.08835700661520325,1.0595757470505522,0.046992413717218885,0.0665079168127077
EC,5,101,F13,135,act_heating,104,3,0.23791457508313044,-0.10292261372979115,-0.0901472162163157,1.056183357288182,0.04360002395484865,0.06471770721159524
EC,5,101,F13,135,act_heating,146,4,0.23919635976230852,-2.7755575615628914e-17,0.0,1.159105971017973,0.14652263768463977,0.15486492342791094
EC,5,101,F13,135,act_heating,112,5,0.24198492290266418,-0.0013487039708637478,-0.0016875659613457827,1.1577572670471092,0.14517393371377604,0.15317735746656516
EC,5,101,F13,135,act_circfan,139,1,0.2172955167137207,-9.25185853854297e-18,0.0,1.159105971017973,0.1465226376846398,0.15486492342791094
EC,5,101,F13,135,act_circfan,146,2,0.23919635976230852,0.0,0.0,1.159105971017973,0.1465226376846398,0.15486492342791094
EC,5,101,F13,135,act_circfan,112,3,0.24246451255211734,0.0,2.7755575615628914e-17,1.159105971017973,0.1465226376846398,0.15486492342791097
EC,5,101,F13,135,act_circfan,174,4,0.2514808389070825,-9.25185853854297e-18,0.0,1.159105971017973,0.14652263768463977,0.15486492342791094
EC,5,101,F13,135,act_circfan,151,5,0.2601729493284309,9.25185853854297e-18,2.7755575615628914e-17,1.159105971017973,0.14652263768463983,0.15486492342791097
EC,5,101,F13,135,act_co2,159,1,0.17868622606027115,-0.002359415493760906,-0.0018593416900310467,1.1567465555242122,0.1441632221908789,0.1530055817378799
EC,5,101,F13,135,act_co2,139,2,0.19968146908984366,-0.0032347067680674655,-0.0025062734508014273,1.1558712642499056,0.14328793091657233,0.15235864997710952
EC,5,101,F13,135,act_co2,151,3,0.20889574862561558,-4.458974752531245e-05,0.00011876308922542655,1.1590613812704478,0.14647804793711447,0.15498368651713637
EC,5,101,F13,135,act_co2,112,4,0.2201401415196326,-0.006785287481177395,-0.005292554451874293,1.1523206835367958,0.1397373502034624,0.14957236897603665
EC,5,101,F13,135,act_co2,146,5,0.23154995928135483,-0.002333523690835578,-0.0017605969315208914,1.1567724473271375,0.1441891139938042,0.15310432649639005
EC,5,101,F13,135,act_fog,139,1,0.21470040705768817,0.0015649023615618891,0.001167680536498128,1.160670873379535,0.1480875400462017,0.15603260396440907
EC,5,101,F13,135,act_fog,174,2,0.23726214117222694,-0.002942593642188481,-0.0025404206239857396,1.1561633773757845,0.1435800440424513,0.1523245028039252
EC,5,101,F13,135,act_fog,146,3,0.23914666398667295,-9.463925392882062e-05,-0.00010806185540829238,1.1590113317640443,0.14642799843071097,0.15475686157250265
EC,5,101,F13,135,act_fog,112,4,0.24014154795451367,0.0015649023615618984,0.0011676805364981557,1.160670873379535,0.1480875400462017,0.1560326039644091
EC,5,101,F13,135,act_fog,151,5,0.24485762965965288,-0.002836025164886411,-0.002475548239892711,1.1562699458530867,0.14368661251975337,0.15238937518801823
EC,5,101,F13,135,season,174,1,0.2042999277778993,-0.11857524639612715,-0.09120413045026643,1.0405307246218458,0.027947391288512632,0.06366079297764451
EC,5,101,F13,135,season,139,2,0.20788612014662006,0.20333784299152077,0.20010110027898573,1.3624438140094937,0.34986048067616055,0.35496602370689667
EC,5,101,F13,135,season,112,3,0.2198333448547564,-0.40647826227666095,0.11034104199622144,0.7526277087413122,-0.25995562459202115,0.2652059654241324
EC,5,101,F13,135,season,76,4,0.2203749411065926,-0.4619274737689832,0.16481246221799875,0.69717849724899,-0.31540483608434344,0.3196773856459097
EC,5,101,F13,135,season,146,5,0.22643556336176995,0.2814288341551552,0.27810829337358645,1.4405348051731284,0.427951471839795,0.4329732168014974
EC,5,101,F13,135,clock,139,1,0.2141687995051712,0.0,2.7755575615628914e-17,1.159105971017973,0.1465226376846398,0.15486492342791097
EC,5,101,F13,135,clock,146,2,0.2357545060802717,0.0,0.0,1.159105971017973,0.1465226376846398,0.15486492342791094
EC,5,101,F13,135,clock,112,3,0.23897563263722216,-3.700743415417188e-17,0.0,1.159105971017973,0.14652263768463977,0.15486492342791094
EC,5,101,F13,135,clock,174,4,0.2478622209138398,9.25185853854297e-18,2.7755575615628914e-17,1.159105971017973,0.14652263768463983,0.15486492342791097
EC,5,101,F13,135,clock,151,5,0.2564292584775238,9.25185853854297e-18,2.7755575615628914e-17,1.159105971017973,0.14652263768463983,0.15486492342791097
EC,5,7,F13,135,in_temp,153,1,0.18232650479107085,0.11291152580591923,0.11210260466298111,1.2387625619112337,0.2261792285779006,0.2354318775015507
EC,5,7,F13,135,in_temp,139,2,0.20163348644901596,-0.008204042178332963,-0.005373093644922569,1.1176469939269817,0.10506366059364837,0.11795617919364702
EC,5,7,F13,135,in_temp,151,3,0.21361366102704604,0.11104568042421907,0.10669198668749447,1.2368967165295337,0.22431338319620042,0.23002125952606406
EC,5,7,F13,135,in_temp,146,4,0.22501861003394039,0.06028276423160215,0.0600289786560797,1.1861338003369168,0.17355046700358348,0.1833582514946493
EC,5,7,F13,135,in_temp,174,5,0.22751497882773766,0.0010181697466407902,0.00048647304324445084,1.1268692058519554,0.11428587251862214,0.12381574588181404
EC,5,7,F13,135,in_hum,139,1,0.1674819313316529,0.04197643888515512,0.03793710556156482,1.1678274749904698,0.15524414165713646,0.1612663784001344
EC,5,7,F13,135,in_hum,112,2,0.1676903217505347,-0.06689652976911124,-0.05272426937160066,1.0589545063362034,0.0463711730028701,0.07060500346696894
EC,5,7,F13,135,in_hum,146,3,0.17419896961679288,0.032711771533729395,0.029238532869683753,1.158562807639044,0.14597947430571073,0.15256780570825335
EC,5,7,F13,135,in_hum,90,4,0.23004641090994876,-0.10792077440953098,-0.07806619254298083,1.0179302616957837,0.005346928362450362,0.04526308029558875
EC,5,7,F13,135,in_hum,151,5,0.23095274881084735,0.02782122772150869,0.024892240088502438,1.1536722638268233,0.14108893049349003,0.14822151292707203
EC,5,7,F13,135,in_co2,139,1,0.17962777252947207,-0.13153512971013942,-0.08111275771660348,0.9943159063951752,-0.01826742693815808,0.042216515121966114
EC,5,7,F13,135,in_co2,146,2,0.1896219875532165,-0.17044351524589177,-0.05099066265998106,0.9554075208594229,-0.0571758124739104,0.07233861017858853
EC,5,7,F13,135,in_co2,174,3,0.2194422942835412,-0.16495328627040526,-0.05534240743397027,0.9608977498349094,-0.05168558349842393,0.06798686540459932
EC,5,7,F13,135,in_co2,112,4,0.22705957113204367,-0.16203335010642914,-0.05761833602395061,0.9638176859988855,-0.048765647334447805,0.06571093681461898
EC,5,7,F13,135,in_co2,153,5,0.245810144295916,-0.14221367454355863,-0.07026348101230447,0.983637361561756,-0.028945971771577306,0.05306579182626513
EC,5,7,F13,135,act_vent,139,1,0.20832507338586898,-0.012086842337232848,-0.008425791071256017,1.1137641937680818,0.1011808604347485,0.11490348176731358
EC,5,7,F13,135,act_vent,112,2,0.23445902512908454,-0.012086842337232848,-0.008425791071256017,1.1137641937680818,0.1011808604347485,0.11490348176731358
EC,5,7,F13,135,act_vent,146,3,0.2354222584079656,-0.008910698412037362,-0.0062050803155544315,1.1169403376932774,0.104357004359944,0.11712419252301516
EC,5,7,F13,135,act_vent,174,4,0.2509872728869292,-0.002336485217584061,-0.0017454448410329643,1.1235145508877304,0.11093121755439728,0.12158382799753663
EC,5,7,F13,135,act_vent,151,5,0.26002632538925746,0.002676580245802529,0.0021569589930152677,1.128527616351117,0.11594428301778387,0.12548623183158486
EC,5,7,F13,135,act_shade,139,1,0.21729545378115106,-1.643749601221156e-05,-1.9531987321783073e-05,1.1258345986093026,0.11325126527596913,0.12330974085124781
EC,5,7,F13,135,act_shade,174,2,0.2238135136441012,-0.03816300767036601,-0.03360453837349599,1.0876880284349486,0.07510469510161533,0.0897247344650736
EC,5,7,F13,135,act_shade,146,3,0.2376432396872122,-3.071186521466651e-05,0.0001942709869923176,1.1258203242401,0.11323699090676669,0.12352354382556191
EC,5,7,F13,135,act_shade,112,4,0.24044494739745992,-0.001643098172838466,-0.0014710592917277637,1.124207937932476,0.11162460459914288,0.12185821354684183
EC,5,7,F13,135,act_shade,151,5,0.2601422466349303,0.00013747929920089144,0.00018314002762405412,1.1259885154045155,0.11340518207118223,0.12351241286619365
EC,5,7,F13,135,act_thermal,139,1,0.21728163049267263,0.000501359800440008,5.391997666595594e-05,1.1263523959057546,0.11376906257242135,0.12338319281523555
EC,5,7,F13,135,act_thermal,146,2,0.2353802832520415,-0.001712038287777523,-0.0006502742723461519,1.1241389978175371,0.11155566448420383,0.12267899856622344
EC,5,7,F13,135,act_thermal,112,3,0.23940553437365414,-0.00044722156917704575,-0.00023534395321507529,1.1254038145361376,0.1128204812028043,0.12309392888535452
EC,5,7,F13,135,act_thermal,174,4,0.2492550212948756,-0.0013314706199625548,-0.00010391563976792917,1.124519565485352,0.1119362321520188,0.12322535719880166
EC,5,7,F13,135,act_thermal,151,5,0.2598802054569405,-0.0001284725366513991,0.0005420260238541696,1.1257225635686634,0.11313923023532994,0.12387129886242376
EC,5,7,F13,135,act_heating,139,1,0.2172955167137207,-6.47630097698008e-17,-4.163336342344337e-17,1.1258510361053147,0.11326770277198128,0.12332927283856955
EC,5,7,F13,135,act_heating,111,2,0.23172279813504318,-0.07982543743429062,-0.06415702263665629,1.0460255986710238,0.03344226533769073,0.0591722502019133
EC,5,7,F13,135,act_heating,104,3,0.23791457508313044,-0.08220440577317645,-0.06404068453009527,1.0436466303321381,0.031063296998804894,0.05928858830847432
EC,5,7,F13,135,act_heating,146,4,0.23919635976230852,-8.326672684688674e-17,-6.938893903907228e-17,1.1258510361053145,0.11326770277198127,0.12332927283856952
EC,5,7,F13,135,act_heating,112,5,0.24198492290266418,-0.00023839206116375392,-0.0002919634523298048,1.125612644044151,0.11302931071081761,0.12303730938623979
EC,5,7,F13,135,act_circfan,139,1,0.2172955167137207,-1.850371707708594e-17,-1.3877787807814457e-17,1.1258510361053147,0.11326770277198132,0.12332927283856958
EC,5,7,F13,135,act_circfan,146,2,0.23919635976230852,-5.551115123125783e-17,-4.163336342344337e-17,1.1258510361053147,0.11326770277198128,0.12332927283856955
EC,5,7,F13,135,act_circfan,112,3,0.24246451255211734,-9.25185853854297e-18,-1.3877787807814457e-17,1.1258510361053147,0.11326770277198134,0.12332927283856958
EC,5,7,F13,135,act_circfan,174,4,0.2514808389070825,-6.47630097698008e-17,-4.163336342344337e-17,1.1258510361053147,0.11326770277198128,0.12332927283856955
EC,5,7,F13,135,act_circfan,151,5,0.2601729493284309,-6.47630097698008e-17,-4.163336342344337e-17,1.1258510361053147,0.11326770277198128,0.12332927283856955
EC,5,7,F13,135,act_co2,159,1,0.17868622606027115,-0.0009857013665188947,-0.0006954029193890487,1.1248653347387958,0.11228200140546245,0.12263386991918054
EC,5,7,F13,135,act_co2,139,2,0.19968146908984366,-0.001716778325827904,-0.0013498449150080166,1.1241342577794866,0.11155092444615344,0.12197942792356158
EC,5,7,F13,135,act_co2,151,3,0.20889574862561558,0.0008269179722152723,0.0008383767743443821,1.12667795407753,0.11409462074419661,0.12416764961291397
EC,5,7,F13,135,act_co2,112,4,0.2201401415196326,-0.004550654224589529,-0.003707919431142806,1.121300381880725,0.10871704854739182,0.11962135340742679
EC,5,7,F13,135,act_co2,146,5,0.23154995928135483,-0.0022446979182778513,-0.0017561818184419486,1.123606338187037,0.11102300485370349,0.12157309102012764
EC,5,7,F13,135,act_fog,139,1,0.21470040705768817,0.0026340636190600084,0.002154836488330758,1.1284850997243747,0.11590176639104137,0.12548410932690035
EC,5,7,F13,135,act_fog,174,2,0.23726214117222694,-0.0035475211783495553,-0.0028156829563213137,1.1223035149269651,0.10972018159363178,0.12051358988224828
EC,5,7,F13,135,act_fog,146,3,0.23914666398667295,0.00012678134083259537,0.00014645112341912792,1.1259778174461472,0.11339448411281394,0.12347572396198872
EC,5,7,F13,135,act_fog,112,4,0.24014154795451367,0.0026340636190600084,0.002154836488330758,1.1284850997243747,0.11590176639104134,0.12548410932690035
EC,5,7,F13,135,act_fog,151,5,0.24485762965965288,-0.004111125594370167,-0.0033039825929737504,1.1217399105109445,0.10915657717761118,0.12002529024559584
EC,5,7,F13,135,season,174,1,0.2042999277778993,-0.0777198542995736,-0.05528499006389495,1.048131181805741,0.03554784847240773,0.06804428277467464
EC,5,7,F13,135,season,139,2,0.20788612014662006,0.21782035930015156,0.21328346640013562,1.3436713954054664,0.3310880620721329,0.3366127392387052
EC,5,7,F13,135,season,112,3,0.2198333448547564,-0.39444128747187035,0.16267740073769277,0.7314097486334442,-0.28117358469988907,0.28600667357626236
EC,5,7,F13,135,season,76,4,0.2203749411065926,-0.44159870236286974,0.20925501726521584,0.684252333742445,-0.32833099959088835,0.33258429010378543
EC,5,7,F13,135,season,146,5,0.22643556336176995,0.3003485908134967,0.29609083650879275,1.4261996269188113,0.4136162935854781,0.41942010934736235
EC,5,7,F13,135,clock,139,1,0.2141687995051712,-7.401486830834377e-17,-4.163336342344337e-17,1.1258510361053147,0.11326770277198127,0.12332927283856955
EC,5,7,F13,135,clock,146,2,0.2357545060802717,-5.551115123125783e-17,-4.163336342344337e-17,1.1258510361053147,0.11326770277198128,0.12332927283856955
EC,5,7,F13,135,clock,112,3,0.23897563263722216,-1.850371707708594e-17,-1.3877787807814457e-17,1.1258510361053147,0.11326770277198132,0.12332927283856958
EC,5,7,F13,135,clock,174,4,0.2478622209138398,-1.850371707708594e-17,-1.3877787807814457e-17,1.1258510361053147,0.11326770277198132,0.12332927283856958
EC,5,7,F13,135,clock,151,5,0.2564292584775238,-6.47630097698008e-17,-4.163336342344337e-17,1.1258510361053147,0.11326770277198128,0.12332927283856955
EC,6,101,F47,139,in_temp,145,1,0.253387328817774,0.19562973238736783,0.1384153852255527,1.8739774782495682,0.18960247824956825,0.21074119912205697
EC,6,101,F47,139,in_temp,157,2,0.31249455829135353,0.12791121455444107,0.07580616734260026,1.8062589604166417,0.1218839604166415,0.14813198123910454
EC,6,101,F47,139,in_temp,124,3,0.3361078521881033,0.13337175909020807,0.08741827046296774,1.8117195049524082,0.12734450495240848,0.15974408435947202
EC,6,101,F47,139,in_temp,123,4,0.34751221684527933,0.12695135611951078,0.07819275985965593,1.805299101981711,0.12092410198171118,0.1505185737561602
EC,6,101,F47,139,in_temp,126,5,0.3525450107476248,0.05246161859496092,0.019376842551082463,1.7308093644571614,0.046434364457161335,0.09170265644758674
EC,6,101,F47,139,in_hum,157,1,0.23867940176705743,-0.10003586481245108,0.061444016452098044,1.5783118810497492,-0.10606311895025067,0.13376983034860232
EC,6,101,F47,139,in_hum,126,2,0.25796512148102857,-0.13154831590215257,0.08064937800181488,1.546799429960048,-0.13757557003995216,0.15297519189831915
EC,6,101,F47,139,in_hum,101,3,0.26807289873339,-0.12092361698551364,0.07862120964893962,1.557424128876687,-0.12695087112331324,0.1509470235454439
EC,6,101,F47,139,in_hum,145,4,0.27363850802009443,-0.005893995623338977,-0.01587313300557449,1.6724537502388614,-0.011921249761138564,0.056452680890929786
EC,6,101,F47,139,in_hum,99,5,0.28835879609515885,-0.14502835827771673,0.10792252910702138,1.5333193875844835,-0.15105561241551632,0.18024834300352566
EC,6,101,F47,139,in_co2,157,1,0.25456268989015257,-0.5249130088924564,0.4751356497986944,1.153434736969744,-0.530940263030256,0.5474614636951987
EC,6,101,F47,139,in_co2,112,2,0.2592756542535979,-0.5144843581520463,0.4597289330495432,1.163863387710154,-0.5205116122898459,0.5320547469460475
EC,6,101,F47,139,in_co2,145,3,0.2678576669982508,-0.054567384647792976,0.02895390520058405,1.6237803612144075,-0.06059463878559256,0.10127971909708833
EC,6,101,F47,139,in_co2,176,4,0.3175792059676769,-0.5176420971690981,0.4665849364573479,1.1607056486931022,-0.5236693513068977,0.5389107503538522
EC,6,101,F47,139,in_co2,124,5,0.3206463580573641,-0.5280436231188949,0.47749735127216153,1.1503041227433055,-0.5340708772566946,0.5498231651686658
EC,6,101,F47,139,act_vent,145,1,0.28356893965836266,0.0007915102974831353,-0.0003342835345500339,1.6791392561596836,-0.005235743840316452,0.07199153036195424
EC,6,101,F47,139,act_vent,157,2,0.3296419431304915,0.00037152967653699315,-0.0002983435233082782,1.6787192755387375,-0.005655724461262594,0.072027470373196
EC,6,101,F47,139,act_vent,112,3,0.3606486392341615,-0.047949757783368574,0.029365353206991837,1.6303979880788322,-0.05397701192116816,0.10169116710349611
EC,6,101,F47,139,act_vent,176,4,0.36781173353019814,-0.003607440939862807,0.0016883680659677963,1.6747403049223373,-0.009634695077662394,0.07401418196247207
EC,6,101,F47,139,act_vent,124,5,0.36907101660677333,0.00037152967653699315,-0.0002983435233082782,1.6787192755387375,-0.005655724461262594,0.072027470373196
EC,6,101,F47,139,act_shade,145,1,0.2841584023403332,-0.00013712876796753704,-0.00021641402464049608,1.6782106170942328,-0.006164382905767124,0.07210939987186378
EC,6,101,F47,139,act_shade,176,2,0.29275741377851305,-0.11192913465438865,0.11305529797682617,1.5664186112078118,-0.11795638879218824,0.18538111187333045
EC,6,101,F47,139,act_shade,126,3,0.32072574779749463,-0.08915787223243639,0.0739492996353256,1.589189873629764,-0.09518512637023598,0.14627511353182987
EC,6,101,F47,139,act_shade,157,4,0.3208732579839207,-0.03583222888370675,0.05306116437884059,1.6425155169784935,-0.041859483021506334,0.12538697827534487
EC,6,101,F47,139,act_shade,124,5,0.328194196234795,-0.0695388977600158,0.0894833947502855,1.6088088481021847,-0.07556615189781539,0.16180920864678977
EC,6,101,F47,139,act_thermal,145,1,0.28415846529811234,-0.00021886326196775738,-0.00024776353192110245,1.6781288826002327,-0.006246117399767344,0.07207805036458317
EC,6,101,F47,139,act_thermal,157,2,0.3290606484414902,-0.010671831570669263,0.0009824544090109716,1.6676759142915312,-0.016699085708468852,0.07330826830551525
EC,6,101,F47,139,act_thermal,176,3,0.36417287137708015,-0.011528557008530607,0.00471248761024054,1.66681918885367,-0.017555811146330192,0.07703830150674482
EC,6,101,F47,139,act_thermal,124,4,0.367658544927364,-0.016116176268847492,-0.006914883210030448,1.662231569593353,-0.02214343040664708,0.06541093068647383
EC,6,101,F47,139,act_thermal,126,5,0.36959818283843837,-0.01255681337808597,-0.00619356717509402,1.6657909324841145,-0.018584067515885556,0.06613224672141026
EC,6,101,F47,139,act_heating,145,1,0.14050869954373985,0.059485721657604095,0.03174578041175351,1.7378334675198044,0.05345846751980451,0.10407159430825778
EC,6,101,F47,139,act_heating,132,2,0.16015674618905046,0.1838122026174597,0.13720334538797596,1.86215994847966,0.17778494847966017,0.20952915928448024
EC,6,101,F47,139,act_heating,117,3,0.25402720671039614,0.02546997661047058,0.029826148920778978,1.703817722472671,0.01944272247267099,0.10215196281728325
EC,6,101,F47,139,act_heating,120,4,0.2826250540288481,0.08032042240077485,0.041067565276691406,1.7586681682629752,0.07429316826297526,0.11339337917319568
EC,6,101,F47,139,act_heating,128,5,0.29214250004559017,0.02560089189550398,0.013853484070045552,1.7039486377577042,0.019573637757704394,0.08617929796654983
EC,6,101,F47,139,act_circfan,145,1,0.28415866592582834,0.0,0.0,1.6783477458622003,-0.006027254137799587,0.07232581389650428
EC,6,101,F47,139,act_circfan,156,2,0.3072285584591828,-0.6360260958061192,0.5835317095215284,1.0423216500560812,-0.6420533499439188,0.6558575234180327
EC,6,101,F47,139,act_circfan,157,3,0.32936408829630437,-0.0165641464401378,0.017119492688116023,1.6617835994220627,-0.022591400577937387,0.0894453065846203
EC,6,101,F47,139,act_circfan,149,4,0.3671574450614755,-0.6347209532734469,0.5824451647749457,1.0436267925887535,-0.6407482074112464,0.65477097867145
EC,6,101,F47,139,act_circfan,176,5,0.36840360178980586,-0.01656414644013776,0.01711949268811598,1.6617835994220627,-0.02259140057793735,0.08944530658462026
EC,6,101,F47,139,act_co2,145,1,0.28415866592582834,9.25185853854297e-18,6.938893903907228e-17,1.6783477458622007,-0.006027254137799577,0.07232581389650435
EC,6,101,F47,139,act_co2,112,2,0.3241320574001619,-0.013086278210299099,0.006610575546273437,1.6652614676519015,-0.019113532348098688,0.07893638944277771
EC,6,101,F47,139,act_co2,157,3,0.3292397952210162,-0.004132373005487781,-0.001923888702715676,1.6742153728567126,-0.010159627143287367,0.0704019251937886
EC,6,101,F47,139,act_co2,154,4,0.33623257177008375,-0.018284061962687097,0.0035683868671328167,1.6600636838995133,-0.024311316100486684,0.07589420076363709
EC,6,101,F47,139,act_co2,176,5,0.3390422473355129,-0.01917361878195632,0.002841220208810516,1.659174127080244,-0.025200872919755906,0.07516703410531479
EC,6,101,F47,139,act_fog,145,1,0.28415866592582834,-3.700743415417188e-17,1.3877787807814457e-17,1.6783477458622003,-0.006027254137799624,0.07232581389650429
EC,6,101,F47,139,act_fog,157,2,0.3297665452405326,-1.850371707708594e-17,6.938893903907228e-17,1.6783477458622003,-0.006027254137799605,0.07232581389650435
EC,6,101,F47,139,act_fog,176,3,0.36876345468649996,9.25185853854297e-18,-1.3877787807814457e-17,1.6783477458622003,-0.006027254137799577,0.07232581389650426
EC,6,101,F47,139,act_fog,124,4,0.3691823113154085,0.0,0.0,1.6783477458622003,-0.006027254137799587,0.07232581389650428
EC,6,101,F47,139,act_fog,126,5,0.36981217773031066,9.25185853854297e-18,-1.3877787807814457e-17,1.6783477458622003,-0.006027254137799577,0.07232581389650426
EC,6,101,F47,139,season,145,1,0.2717164802271459,0.16136360126500218,0.09574600775051129,1.8397113471272029,0.1553363471272026,0.16807182164701556
EC,6,101,F47,139,season,157,2,0.3108132580604669,-0.1504499871844892,0.10817321798350071,1.5278977586777114,-0.1564772413222888,0.180499031880005
EC,6,101,F47,139,season,176,3,0.3330409201279404,-0.2891181547764085,0.23957694457937923,1.3892295910857921,-0.2951454089142081,0.3119027584758835
EC,6,101,F47,139,season,112,4,0.34685737189706006,-0.7094956759264207,0.6537595385769412,0.9688520699357795,-0.7155229300642206,0.7260853524734455
EC,6,101,F47,139,season,64,5,0.34778313209746015,-0.9157636496890497,0.8590642302871767,0.762584096173151,-0.921790903826849,0.931390044183681
EC,6,101,F47,139,clock,145,1,0.2800698388568405,1.850371707708594e-17,1.3877787807814457e-17,1.6783477458622003,-0.006027254137799569,0.07232581389650429
EC,6,101,F47,139,clock,157,2,0.32502145547797706,-9.25185853854297e-18,1.3877787807814457e-17,1.6783477458622003,-0.0060272541377995965,0.07232581389650429
EC,6,101,F47,139,clock,176,3,0.3634572290584236,-9.25185853854297e-18,1.3877787807814457e-17,1.6783477458622003,-0.0060272541377995965,0.07232581389650429
EC,6,101,F47,139,clock,124,4,0.36387005865902833,-9.25185853854297e-18,1.3877787807814457e-17,1.6783477458622003,-0.0060272541377995965,0.07232581389650429
EC,6,101,F47,139,clock,126,5,0.3644908617753022,0.0,0.0,1.6783477458622003,-0.006027254137799587,0.07232581389650428
EC,6,101,F47,138,in_temp,145,1,0.22722008432290342,0.2793735283937934,-0.013878879252845255,1.8554006829453453,0.14510901627867887,0.17608953640637867
EC,6,101,F47,138,in_temp,123,2,0.2994224599632787,0.2240023269876906,-0.04303416776940844,1.8000294815392426,0.08973781487257604,0.1469342478898155
EC,6,101,F47,138,in_temp,124,3,0.308440660385454,0.22604781281198671,-0.04655108647327777,1.8020749673635388,0.09178330069687214,0.14341732918594616
EC,6,101,F47,138,in_temp,126,4,0.33125595026625204,0.14303882876603605,-0.0494229761551061,1.7190659833175879,0.008774316650921507,0.14054543950411783
EC,6,101,F47,138,in_temp,101,5,0.34443619900197486,0.07111422071935274,-0.023680350180371873,1.6471413752709048,-0.06315029139576182,0.16628806547885205
EC,6,101,F47,138,in_hum,145,1,0.27061976463139836,0.022778118661250863,-0.02565383101649696,1.5988052732128029,-0.11148639345386369,0.16431458464272697
EC,6,101,F47,138,in_hum,101,2,0.27229175693672764,-0.07702814588359985,0.056731236108474914,1.4989990086679523,-0.21129265799871444,0.24669965176769884
EC,6,101,F47,138,in_hum,157,3,0.29474941533114646,-0.042174784764032434,0.014016998476256287,1.53385236978752,-0.17643929687914697,0.20398541413548021
EC,6,101,F47,138,in_hum,126,4,0.3001404996788024,-0.07831519167575733,0.0603847066547302,1.4977119628757947,-0.21257970379087188,0.2503531223139541
EC,6,101,F47,138,in_hum,99,5,0.3168338046790607,-0.08559117170831815,0.06089662288493905,1.490435982843234,-0.21985568382343268,0.250865038544163
EC,6,101,F47,138,in_co2,112,1,0.25055446868682174,-0.3956878475955017,0.35023776890625624,1.1803393069560504,-0.5299523597106162,0.5402061845654802
EC,6,101,F47,138,in_co2,145,2,0.2843687515977354,-0.07012412935362122,0.054588425563884324,1.5059030251979308,-0.20438864146873578,0.24455684122310825
EC,6,101,F47,138,in_co2,123,3,0.31221674813178835,-0.3891366368438897,0.3491238977569896,1.1868905177076623,-0.5234011489590044,0.5390923134162136
EC,6,101,F47,138,in_co2,126,4,0.3279486562031388,-0.383471422687545,0.3426701692895714,1.1925557318640072,-0.5177359348026596,0.5326385849487953
EC,6,101,F47,138,in_co2,124,5,0.3281191699127452,-0.38000632450823685,0.34191380448933495,1.196020830043315,-0.5142708366233514,0.5318822201485589
EC,6,101,F47,138,act_vent,145,1,0.2979416104881604,-0.006461848308674902,0.002590802031312428,1.5695653062428772,-0.14072636042378947,0.19255921769053636
EC,6,101,F47,138,act_vent,101,2,0.3415615874877564,-0.06845181967258461,0.03406370763520536,1.5075753348789676,-0.20271633178769913,0.2240321232944293
EC,6,101,F47,138,act_vent,112,3,0.3465361733316436,-0.05962861814013809,0.02758296586318376,1.5163985364114143,-0.19389313025525268,0.2175513815224077
EC,6,101,F47,138,act_vent,99,4,0.3654081889769738,-0.0790509257384878,0.043371734292724534,1.4969762288130644,-0.21331543785360238,0.23334014995194846
EC,6,101,F47,138,act_vent,126,5,0.3659660246655592,-9.25185853854297e-18,5.551115123125783e-17,1.5760271545515518,-0.13426451211511456,0.18996841565922398
EC,6,101,F47,138,act_shade,145,1,0.29919473382703976,-0.0002677978237618968,5.344040385801829e-05,1.57575935672779,-0.13453230993887647,0.19002185606308195
EC,6,101,F47,138,act_shade,126,2,0.31622140089504247,-0.08558099985239447,0.05566512552212971,1.4904461546991576,-0.21984551196750904,0.24563354118135364
EC,6,101,F47,138,act_shade,124,3,0.332078882477434,-0.05442280582713407,0.021010979179264033,1.521604348724418,-0.18868731794224866,0.21097939483848796
EC,6,101,F47,138,act_shade,123,4,0.34574832299001507,-0.03842144089817259,0.013258142717728183,1.5376057136533794,-0.17268595301328715,0.2032265583769521
EC,6,101,F47,138,act_shade,176,5,0.34983710469983065,-0.10136939730184584,0.06471433461515005,1.4746577572497062,-0.23563390941696039,0.254682750274374
EC,6,101,F47,138,act_thermal,145,1,0.2991946560893971,-0.0003210203369149918,8.12813125700973e-05,1.5757061342146372,-0.13458553245202956,0.19004969697179402
EC,6,101,F47,138,act_thermal,101,2,0.3564569173702347,-0.005789586981294124,0.00014236556873614692,1.570237567570258,-0.14005409909640867,0.19011078122796007
EC,6,101,F47,138,act_thermal,112,3,0.35863161009540284,-0.0058208519217099,0.00012311614129925652,1.570206302629842,-0.14008536403682445,0.19009153180052318
EC,6,101,F47,138,act_thermal,123,4,0.3649216895854033,-0.01572164146419495,0.004812834984847497,1.560305513087357,-0.14998615357930953,0.19478125064407142
EC,6,101,F47,138,act_thermal,126,5,0.36574977945222814,-0.012611327470962877,0.0031475792663029356,1.5634158270805891,-0.14687583958607744,0.19311599492552686
EC,6,101,F47,138,act_heating,145,1,0.22807317054700652,0.019931667003451243,-0.024212555672140562,1.5959588215550033,-0.1143328451116633,0.16575585998708336
EC,6,101,F47,138,act_heating,132,2,0.23083541588229867,0.15677069239423805,-0.07379562550322948,1.7327978469457903,0.0225061802791235,0.11617279015599445
EC,6,101,F47,138,act_heating,117,3,0.2990626993550541,0.02646403237468556,-0.048922514961120184,1.6024911869262377,-0.107800479740429,0.14104590069810374
EC,6,101,F47,138,act_heating,123,4,0.3095032208933,0.014072142898166828,-0.02613699057941335,1.5900992974497188,-0.12019236921694772,0.16383142507981058
EC,6,101,F47,138,act_heating,120,5,0.3256034688704074,0.05660988872646509,-0.06409045798677493,1.6326370432780173,-0.07765462338864947,0.125877957672449
EC,6,101,F47,138,act_circfan,145,1,0.2991940365570374,-0.0007658064189753899,0.0002919626983970136,1.575261348132577,-0.13503031853408995,0.19026037835762094
EC,6,101,F47,138,act_circfan,156,2,0.3460622918910702,-0.537129730210561,0.4857109856632743,1.0388974243409912,-0.6713942423256755,0.6756794013224983
EC,6,101,F47,138,act_circfan,101,3,0.3561410715524307,-0.07263222930463352,0.03649675437931996,1.5033949252469185,-0.2068967414197481,0.22646517003854388
EC,6,101,F47,138,act_circfan,112,4,0.35831719361554987,-0.07232229884704387,0.036255411867312626,1.503704855704508,-0.20658681096215845,0.22622382752653655
EC,6,101,F47,138,act_circfan,126,5,0.36560843796169473,-0.016072988614470558,0.017623903975551608,1.5599541659370815,-0.1503375007295851,0.20759231963477554
EC,6,101,F47,138,act_co2,145,1,0.2991948466344643,-1.850371707708594e-17,5.551115123125783e-17,1.5760271545515518,-0.1342645121151146,0.18996841565922398
EC,6,101,F47,138,act_co2,101,2,0.308507055025583,-0.010729585326587956,0.0005390632802600992,1.5652975692249642,-0.14499409744170252,0.19050747893948403
EC,6,101,F47,138,act_co2,112,3,0.3109554150782148,-0.010729585326587965,0.0005390632802600992,1.5652975692249642,-0.14499409744170252,0.19050747893948403
EC,6,101,F47,138,act_co2,99,4,0.34446669025425747,-0.010729585326587956,0.0005390632802600992,1.5652975692249642,-0.14499409744170252,0.19050747893948403
EC,6,101,F47,138,act_co2,126,5,0.3601851264307479,-0.01410963711354967,0.005949303022147773,1.5619175174380022,-0.14837414922866424,0.1959177186813717
EC,6,101,F47,138,act_fog,145,1,0.2991948466344643,-2.7755575615628914e-17,5.551115123125783e-17,1.5760271545515518,-0.1342645121151146,0.18996841565922398
EC,6,101,F47,138,act_fog,101,2,0.35941506530976614,-9.25185853854297e-18,2.7755575615628914e-17,1.5760271545515518,-0.13426451211511456,0.18996841565922395
EC,6,101,F47,138,act_fog,112,3,0.3615188187875289,-1.850371707708594e-17,5.551115123125783e-17,1.5760271545515518,-0.1342645121151146,0.18996841565922398
EC,6,101,F47,138,act_fog,126,4,0.3659660246655592,-9.25185853854297e-18,2.7755575615628914e-17,1.5760271545515518,-0.13426451211511456,0.18996841565922395
EC,6,101,F47,138,act_fog,123,5,0.36635686295896075,0.0,0.0,1.5760271545515518,-0.13426451211511456,0.18996841565922393
EC,6,101,F47,138,season,145,1,0.28593127622517855,0.17561713581863755,-0.04825487731169667,1.7516442903701896,0.041352623703523,0.14171353834752726
EC,6,101,F47,138,season,101,2,0.3235133707986573,-0.6893677359253957,0.6363054170641365,0.8866594186261564,-0.8236322480405104,0.8262738327233604
EC,6,101,F47,138,season,64,3,0.3301938047130423,-0.8016507740901792,0.7478701722659805,0.7743763804613728,-0.9359152862052937,0.9378385879252045
EC,6,101,F47,138,season,112,4,0.33639849128883187,-0.5952261833815679,0.5432744101802699,0.9808009711699842,-0.7294906954966823,0.7332428258394939
EC,6,101,F47,138,season,123,5,0.347888822315416,-0.3915553638252125,0.34437394850897607,1.1844717907263396,-0.5258198759403271,0.5343423641682
EC,6,101,F47,138,clock,145,1,0.29488966036173603,0.0,0.0,1.5760271545515518,-0.13426451211511456,0.18996841565922393
EC,6,101,F47,138,clock,101,2,0.35424335589435035,-1.850371707708594e-17,5.551115123125783e-17,1.5760271545515518,-0.1342645121151146,0.18996841565922398
EC,6,101,F47,138,clock,112,3,0.35631683795970226,-1.850371707708594e-17,5.551115123125783e-17,1.5760271545515518,-0.1342645121151146,0.18996841565922398
EC,6,101,F47,138,clock,126,4,0.36070005192773325,-9.25185853854297e-18,2.7755575615628914e-17,1.5760271545515518,-0.13426451211511456,0.18996841565922395
EC,6,101,F47,138,clock,123,5,0.361085266355368,0.0,0.0,1.5760271545515518,-0.13426451211511456,0.18996841565922393
EC,6,7,F47,139,in_temp,145,1,0.253387328817774,0.21853065627241805,0.14274797995421962,1.8823210821550285,0.19794608215502843,0.2210207351581525
EC,6,7,F47,139,in_temp,157,2,0.31249455829135353,0.14273693105240062,0.07200936845488543,1.806527356935011,0.12215235693501107,0.1502821236588183
EC,6,7,F47,139,in_temp,124,3,0.3361078521881033,0.15483752078778223,0.0891361541771617,1.8186279466703923,0.13425294667039267,0.16740890938109457
EC,6,7,F47,139,in_temp,123,4,0.34751221684527933,0.13727333328622057,0.0724670421881225,1.801063759168831,0.116688759168831,0.15073979739205537
EC,6,7,F47,139,in_temp,126,5,0.3525450107476248,0.05245877823676725,0.008698614222728412,1.7162492041193775,0.03187420411937767,0.08697136942666128
EC,6,7,F47,139,in_hum,157,1,0.23867940176705743,-0.10152440739872563,0.0669196159320693,1.5622660184838848,-0.1221089815161152,0.14519237113600217
EC,6,7,F47,139,in_hum,126,2,0.25796512148102857,-0.1372888637549886,0.0939461943944303,1.5265015621276217,-0.15787343787237818,0.17221894959836317
EC,6,7,F47,139,in_hum,101,3,0.26807289873339,-0.1326800082926963,0.09756895471944313,1.5311104175899144,-0.15326458241008586,0.175841709923376
EC,6,7,F47,139,in_hum,145,4,0.27363850802009443,0.004310689777342354,-0.017499680384402853,1.6681011156599528,-0.01627388434004722,0.06077307481953002
EC,6,7,F47,139,in_hum,99,5,0.28835879609515885,-0.15579628413983723,0.1258666181085263,1.5079941417427734,-0.17638085825722682,0.20413937331245918
EC,6,7,F47,139,in_co2,157,1,0.25456268989015257,-0.5183822402777962,0.4760540137860846,1.1454081856048142,-0.5389668143951858,0.5543267689900174
EC,6,7,F47,139,in_co2,112,2,0.2592756542535979,-0.5017504896956847,0.45627315936301915,1.1620399361869258,-0.5223350638130743,0.534545914566952
EC,6,7,F47,139,in_co2,145,3,0.2678576669982508,-0.056369434946674936,0.03431303618435563,1.6074209909359354,-0.07695400906406451,0.1125857913882885
EC,6,7,F47,139,in_co2,176,4,0.3175792059676769,-0.5082927435799678,0.46563792625924383,1.1554976823026426,-0.5288773176973575,0.5439106814631767
EC,6,7,F47,139,in_co2,124,5,0.3206463580573641,-0.5136346845354749,0.4708340053866479,1.1501557413471357,-0.5342192586528643,0.5491067605905807
EC,6,7,F47,139,act_vent,145,1,0.28356893965836266,-0.0004844588853570401,0.0002668529411350984,1.6633059669972532,-0.021069033002746613,0.07853960814506797
EC,6,7,F47,139,act_vent,157,2,0.3296419431304915,0.00022357999169012044,-0.00025083170675206656,1.6640140058743007,-0.020360994125699455,0.0780219234971808
EC,6,7,F47,139,act_vent,112,3,0.3606486392341615,-0.03770423648971651,0.024670722267170875,1.626086189392894,-0.058288810607106084,0.10294347747110374
EC,6,7,F47,139,act_vent,176,4,0.36781173353019814,-0.003235857379665132,0.0021132004343318717,1.6605545685029455,-0.023820431497054706,0.08038595563826474
EC,6,7,F47,139,act_vent,124,5,0.36907101660677333,0.00022357999169012044,-0.00025083170675206656,1.6640140058743007,-0.020360994125699455,0.0780219234971808
EC,6,7,F47,139,act_shade,145,1,0.2841584023403332,-0.0001172774218908083,-0.00012604701537197172,1.6636731484607197,-0.02070185153928038,0.0781467081885609
EC,6,7,F47,139,act_shade,176,2,0.29275741377851305,-0.09775311232432105,0.10572110560362755,1.5660373135582895,-0.11833768644171061,0.18399386080756042
EC,6,7,F47,139,act_shade,126,3,0.32072574779749463,-0.07718560612354798,0.07305585976736109,1.5866048197590625,-0.09777018024093755,0.15132861497129396
EC,6,7,F47,139,act_shade,157,4,0.3208732579839207,-0.032028024369715434,0.05334063295232386,1.6317624015128949,-0.052612598487105006,0.13161338815625673
EC,6,7,F47,139,act_shade,124,5,0.328194196234795,-0.06166990815724633,0.0835145415812728,1.6021205177253641,-0.0822544822746359,0.16178729678520568
EC,6,7,F47,139,act_thermal,145,1,0.28415846529811234,6.008465762004829e-06,-3.0318500852916097e-05,1.6637964343483722,-0.020578565651627568,0.07824243670307995
EC,6,7,F47,139,act_thermal,157,2,0.3290606484414902,-0.007771423300115747,0.004185648217891164,1.6560190025824948,-0.02835599741750532,0.08245840342182403
EC,6,7,F47,139,act_thermal,176,3,0.36417287137708015,-0.013331720289927138,0.005543611582990243,1.6504587055926834,-0.033916294407316715,0.08381636678692311
EC,6,7,F47,139,act_thermal,124,4,0.367658544927364,-0.009825205938086029,0.0003852704623672626,1.6539652199445245,-0.030409780055475604,0.07865802566630013
EC,6,7,F47,139,act_thermal,126,5,0.36959818283843837,-0.007907285860686083,-0.000522102811665287,1.6558831400219243,-0.028491859978075657,0.07775065239226758
EC,6,7,F47,139,act_heating,145,1,0.14050869954373985,0.0568929287537294,0.017747702178080402,1.7206833546363398,0.03630835463633983,0.09602045738201327
EC,6,7,F47,139,act_heating,132,2,0.16015674618905046,0.17164921238873387,0.10656857906878239,1.8354396382713445,0.15106463827134428,0.18484133427271526
EC,6,7,F47,139,act_heating,117,3,0.25402720671039614,0.03254186801868184,0.022244250650215708,1.6963322939012924,0.01195729390129227,0.10051700585414858
EC,6,7,F47,139,act_heating,120,4,0.2826250540288481,0.09219265825769285,0.0342665740774937,1.7559830841403035,0.07160808414030329,0.11253932928142657
EC,6,7,F47,139,act_heating,128,5,0.29214250004559017,0.029979687641946584,0.00508523207458296,1.6937701135245569,0.00939511352455701,0.08335798727851583
EC,6,7,F47,139,act_circfan,145,1,0.28415866592582834,4.625929269271486e-17,-6.938893903907228e-17,1.6637904258826104,-0.020584574117389526,0.0782727552039328
EC,6,7,F47,139,act_circfan,156,2,0.3072285584591828,-0.6272019862946685,0.58328807848012,1.036588439587942,-0.6477865604120581,0.6615608336840528
EC,6,7,F47,139,act_circfan,157,3,0.32936408829630437,-0.0229294971043212,0.024633922156669555,1.6408609287782892,-0.043514071221710776,0.10290667736060242
EC,6,7,F47,139,act_circfan,149,4,0.3671574450614755,-0.6268646183897801,0.5832868619431765,1.0369258074928303,-0.6474491925071698,0.6615596171471093
EC,6,7,F47,139,act_circfan,176,5,0.36840360178980586,-0.022929497104321184,0.024633922156669555,1.6408609287782892,-0.043514071221710755,0.10290667736060242
EC,6,7,F47,139,act_co2,145,1,0.28415866592582834,9.25185853854297e-18,-2.7755575615628914e-17,1.6637904258826104,-0.020584574117389565,0.07827275520393284
EC,6,7,F47,139,act_co2,112,2,0.3241320574001619,-0.01606748298207719,0.011117325784391563,1.6477229429005333,-0.03665205709946676,0.08939008098832443
EC,6,7,F47,139,act_co2,157,3,0.3292397952210162,-0.006174657500709252,0.00019194958829733821,1.6576157683819013,-0.026759231618098827,0.07846470479223021
EC,6,7,F47,139,act_co2,154,4,0.33623257177008375,-0.021739203580567534,0.008352762562006857,1.642051222302043,-0.04232377769795711,0.08662551776593973
EC,6,7,F47,139,act_co2,176,5,0.3390422473355129,-0.023572047794497203,0.008996940675620096,1.6402183780881134,-0.044156621911886774,0.08726969587955297
EC,6,7,F47,139,act_fog,145,1,0.28415866592582834,1.850371707708594e-17,-5.551115123125783e-17,1.6637904258826104,-0.020584574117389554,0.07827275520393281
EC,6,7,F47,139,act_fog,157,2,0.3297665452405326,1.850371707708594e-17,-4.163336342344337e-17,1.6637904258826104,-0.020584574117389554,0.07827275520393283
EC,6,7,F47,139,act_fog,176,3,0.36876345468649996,2.7755575615628914e-17,-4.163336342344337e-17,1.6637904258826104,-0.020584574117389547,0.07827275520393283
EC,6,7,F47,139,act_fog,124,4,0.3691823113154085,-9.25185853854297e-18,-1.3877787807814457e-17,1.6637904258826104,-0.020584574117389582,0.07827275520393286
EC,6,7,F47,139,act_fog,126,5,0.36981217773031066,1.850371707708594e-17,-4.163336342344337e-17,1.6637904258826104,-0.020584574117389554,0.07827275520393283
EC,6,7,F47,139,season,145,1,0.2717164802271459,0.17395334022663209,0.08816574239183139,1.8377437661092426,0.15336876610924252,0.16643849759576426
EC,6,7,F47,139,season,157,2,0.3108132580604669,-0.13676024528996752,0.1038736441274159,1.527030180592643,-0.15734481940735712,0.18214639933134877
EC,6,7,F47,139,season,176,3,0.3330409201279404,-0.27402471394931305,0.23139560483147972,1.3897657119332976,-0.2946092880667026,0.3096683600354126
EC,6,7,F47,139,season,112,4,0.34685737189706006,-0.6824566359946461,0.6341094598445354,0.9813337898879645,-0.7030412101120356,0.7123822150484682
EC,6,7,F47,139,season,64,5,0.34778313209746015,-0.8949075497660751,0.8470276238022747,0.7688828761165354,-0.9154921238834647,0.9253003790062075
EC,6,7,F47,139,clock,145,1,0.2800698388568405,9.25185853854297e-18,-1.3877787807814457e-17,1.6637904258826104,-0.020584574117389565,0.07827275520393286
EC,6,7,F47,139,clock,157,2,0.32502145547797706,9.25185853854297e-18,-4.163336342344337e-17,1.6637904258826104,-0.020584574117389565,0.07827275520393283
EC,6,7,F47,139,clock,176,3,0.3634572290584236,1.850371707708594e-17,-5.551115123125783e-17,1.6637904258826104,-0.020584574117389554,0.07827275520393281
EC,6,7,F47,139,clock,124,4,0.36387005865902833,9.25185853854297e-18,-4.163336342344337e-17,1.6637904258826104,-0.020584574117389565,0.07827275520393283
EC,6,7,F47,139,clock,126,5,0.3644908617753022,3.700743415417188e-17,-6.938893903907228e-17,1.6637904258826104,-0.020584574117389537,0.0782727552039328
EC,6,7,F47,138,in_temp,145,1,0.22722008432290342,0.27953058864597746,-0.01804473512474386,1.8497200816485007,0.13942841498183403,0.16980814702795935
EC,6,7,F47,138,in_temp,123,2,0.2994224599632787,0.22207095988959727,-0.04757972079252401,1.7922604528921202,0.08196878622545388,0.1402731613601792
EC,6,7,F47,138,in_temp,124,3,0.308440660385454,0.23157724993305837,-0.049372915517898325,1.8017667429355815,0.09147507626891493,0.13847996663480489
EC,6,7,F47,138,in_temp,126,4,0.33125595026625204,0.14286925742679624,-0.0540156230507981,1.7130587504293195,0.0027670837626528055,0.1338372591019051
EC,6,7,F47,138,in_temp,101,5,0.34443619900197486,0.07028284720779705,-0.025365372956273474,1.64047234021032,-0.06981932645634638,0.16248750919642974
EC,6,7,F47,138,in_hum,145,1,0.27061976463139836,0.031815262809960033,-0.02856189662537595,1.602004755812483,-0.10828691085418339,0.15929098552732726
EC,6,7,F47,138,in_hum,101,2,0.27229175693672764,-0.08709162365517853,0.07027910390971756,1.4830978693473444,-0.22719379731932196,0.25813198606242077
EC,6,7,F47,138,in_hum,157,3,0.29474941533114646,-0.025390403161818315,0.009331547708626903,1.544799089840705,-0.16549257682596175,0.1971844298613301
EC,6,7,F47,138,in_hum,126,4,0.3001404996788024,-0.08842218465950465,0.07381171872489625,1.4817673083430185,-0.22852435832364806,0.26166460087759946
EC,6,7,F47,138,in_hum,99,5,0.3168338046790607,-0.09863666705689371,0.07694882143111118,1.4715528259456292,-0.23873884072103713,0.2648017035838144
EC,6,7,F47,138,in_co2,112,1,0.25055446868682174,-0.383464910622469,0.3471899240214288,1.1867245823800543,-0.5235670842866124,0.535042806174132
EC,6,7,F47,138,in_co2,145,2,0.2843687515977354,-0.057256505004865545,0.04607604527943074,1.5129329879976574,-0.197358678669009,0.23392892743213395
EC,6,7,F47,138,in_co2,123,3,0.31221674813178835,-0.3775558489716742,0.3465406890434929,1.192633644030849,-0.5176580226358176,0.5343935711961961
EC,6,7,F47,138,in_co2,126,4,0.3279486562031388,-0.36049290981266263,0.32845849901188906,1.2096965831898607,-0.500595083476806,0.5163113811645923
EC,6,7,F47,138,in_co2,124,5,0.3281191699127452,-0.372218052305213,0.34263160104531687,1.1979714406973103,-0.5123202259693564,0.5304844831980201
EC,6,7,F47,138,act_vent,145,1,0.2979416104881604,-0.006669753782505616,0.0034426228769539047,1.5635197392200177,-0.14677192744664905,0.19129550502965711
EC,6,7,F47,138,act_vent,101,2,0.3415615874877564,-0.0568108914838848,0.02967432028214642,1.5133786015186386,-0.1969130651480282,0.21752720243484963
EC,6,7,F47,138,act_vent,112,3,0.3465361733316436,-0.05162493406585238,0.025725881300351167,1.5185645589366707,-0.1917271077299958,0.21357876345305438
EC,6,7,F47,138,act_vent,99,4,0.3654081889769738,-0.06628603192678972,0.037675028367532226,1.5039034610757334,-0.20638820559093315,0.22552791052023544
EC,6,7,F47,138,act_vent,126,5,0.3659660246655592,-1.0177044392397268e-16,1.1102230246251565e-16,1.5701894930025233,-0.14010217366414354,0.18785288215270332
EC,6,7,F47,138,act_shade,145,1,0.29919473382703976,-0.00028951924491904535,7.432929777811959e-05,1.5698999737576045,-0.14039169290906248,0.18792721145048133
EC,6,7,F47,138,act_shade,126,2,0.31622140089504247,-0.07487238740562535,0.050636131398201084,1.4953171055968977,-0.21497456106976878,0.2384890135509043
EC,6,7,F47,138,act_shade,124,3,0.332078882477434,-0.046207535651759925,0.020313175674024048,1.5239819573507631,-0.18630970931590338,0.20816605782672726
EC,6,7,F47,138,act_shade,123,4,0.34574832299001507,-0.03492938878995916,0.015028059593846704,1.5352601042125642,-0.1750315624541026,0.20288094174654991
EC,6,7,F47,138,act_shade,176,5,0.34983710469983065,-0.08738604248545072,0.05848626098430082,1.4828034505170724,-0.22748821614959414,0.24633914313700403
EC,6,7,F47,138,act_thermal,145,1,0.2991946560893971,-0.00014277647513677438,4.192058768853757e-05,1.5700467165273866,-0.1402449501392802,0.18789480274039175
EC,6,7,F47,138,act_thermal,101,2,0.3564569173702347,-0.008321458597325101,0.0029549537888120814,1.561868034405198,-0.1484236322614685,0.1908078359415153
EC,6,7,F47,138,act_thermal,112,3,0.35863161009540284,-0.008357866117202553,0.00292985380612934,1.561831626885321,-0.14846003978134598,0.19078273595883255
EC,6,7,F47,138,act_thermal,123,4,0.3649216895854033,-0.011726285954176907,0.00349565490686346,1.5584632070483462,-0.15182845961832034,0.19134853705956667
EC,6,7,F47,138,act_thermal,126,5,0.36574977945222814,-0.00827601763520965,0.0017518106673801714,1.5619134753673134,-0.14837819129935306,0.18960469282008338
EC,6,7,F47,138,act_heating,145,1,0.22807317054700652,0.02794265178789022,-0.030233191677388777,1.5981321447904133,-0.11215952187625321,0.15761969047531443
EC,6,7,F47,138,act_heating,132,2,0.23083541588229867,0.14404963922491462,-0.08640778524369758,1.714239132227438,0.0039474655607712,0.10144509690900563
EC,6,7,F47,138,act_heating,117,3,0.2990626993550541,0.015643356502392625,-0.0371488852289939,1.5858328495049159,-0.12445881716175079,0.1507039969237093
EC,6,7,F47,138,act_heating,123,4,0.3095032208933,0.02763875770269909,-0.03868907143128561,1.5978282507052224,-0.11246341596144434,0.1491638107214176
EC,6,7,F47,138,act_heating,120,5,0.3256034688704074,0.0555945333211687,-0.06298567060370368,1.6257840263236918,-0.08450764034297471,0.12486721154899953
EC,6,7,F47,138,act_circfan,145,1,0.2991940365570374,-0.00039321984563545076,0.00022995603125894326,1.5697962731568875,-0.14049539350977888,0.18808283818396215
EC,6,7,F47,138,act_circfan,156,2,0.3460622918910702,-0.5311373720917231,0.48689520876306636,1.0390521209108001,-0.6712395457558666,0.6747480909157696
EC,6,7,F47,138,act_circfan,101,3,0.3561410715524307,-0.07307580840341585,0.04075310205274721,1.4971136845991075,-0.2131779820675593,0.22860598420545042
EC,6,7,F47,138,act_circfan,112,4,0.35831719361554987,-0.07282943960774307,0.0405306895876702,1.4973600533947804,-0.2129316132718865,0.2283835717403734
EC,6,7,F47,138,act_circfan,126,5,0.36560843796169473,-0.017965929429650973,0.0184131249401214,1.5522235635728723,-0.1580681030937944,0.2062660070928246
EC,6,7,F47,138,act_co2,145,1,0.2991948466344643,-9.251858538542972e-17,1.1102230246251565e-16,1.5701894930025233,-0.14010217366414351,0.18785288215270332
EC,6,7,F47,138,act_co2,101,2,0.308507055025583,-0.014817482445248137,0.003598983998322619,1.5553720105572753,-0.15491965610939154,0.19145186615102583
EC,6,7,F47,138,act_co2,112,3,0.3109554150782148,-0.014817482445248165,0.0035989839983226746,1.5553720105572753,-0.1549196561093916,0.19145186615102588
EC,6,7,F47,138,act_co2,99,4,0.34446669025425747,-0.014817482445248156,0.003598983998322647,1.5553720105572753,-0.1549196561093916,0.19145186615102586
EC,6,7,F47,138,act_co2,126,5,0.3601851264307479,-0.01678493253076513,0.00809709336920758,1.5534045604717581,-0.15688710619490856,0.1959499755219108
EC,6,7,F47,138,act_fog,145,1,0.2991948466344643,-1.850371707708594e-17,0.0,1.5701894930025233,-0.14010217366414343,0.1878528821527032
EC,6,7,F47,138,act_fog,101,2,0.35941506530976614,-6.47630097698008e-17,5.551115123125783e-17,1.5701894930025233,-0.1401021736641435,0.18785288215270327
EC,6,7,F47,138,act_fog,112,3,0.3615188187875289,-9.251858538542972e-17,1.1102230246251565e-16,1.5701894930025233,-0.14010217366414351,0.18785288215270332
EC,6,7,F47,138,act_fog,126,4,0.3659660246655592,-5.551115123125783e-17,5.551115123125783e-17,1.5701894930025233,-0.1401021736641435,0.18785288215270327
EC,6,7,F47,138,act_fog,123,5,0.36635686295896075,-9.251858538542972e-17,1.1102230246251565e-16,1.5701894930025233,-0.14010217366414351,0.18785288215270332
EC,6,7,F47,138,season,145,1,0.28593127622517855,0.1445693542365721,-0.06598456241523591,1.7147588472390953,0.004467180572428685,0.1218683197374673
EC,6,7,F47,138,season,101,2,0.3235133707986573,-0.6733135687868369,0.6282915643763459,0.8968759242156864,-0.8134157424509803,0.8161444465290492
EC,6,7,F47,138,season,64,3,0.3301938047130423,-0.7973849662863658,0.7517559887599667,0.7728045267161573,-0.9374871399505093,0.93960887091267
EC,6,7,F47,138,season,112,4,0.33639849128883187,-0.5814618779952704,0.5377419222845379,0.988727615007253,-0.7215640516594138,0.7255948044372411
EC,6,7,F47,138,season,123,5,0.347888822315416,-0.3516755184649907,0.3125500939063275,1.2185139745375324,-0.4917776921291341,0.5004029760590307
EC,6,7,F47,138,clock,145,1,0.29488966036173603,-4.625929269271486e-17,5.551115123125783e-17,1.5701894930025233,-0.14010217366414346,0.18785288215270327
EC,6,7,F47,138,clock,101,2,0.35424335589435035,-1.0177044392397268e-16,1.1102230246251565e-16,1.5701894930025233,-0.14010217366414354,0.18785288215270332
EC,6,7,F47,138,clock,112,3,0.35631683795970226,-9.251858538542972e-17,1.1102230246251565e-16,1.5701894930025233,-0.14010217366414351,0.18785288215270332
EC,6,7,F47,138,clock,126,4,0.36070005192773325,-1.0177044392397268e-16,1.1102230246251565e-16,1.5701894930025233,-0.14010217366414354,0.18785288215270332
EC,6,7,F47,138,clock,123,5,0.361085266355368,-9.251858538542972e-17,1.1102230246251565e-16,1.5701894930025233,-0.14010217366414351,0.18785288215270332
