train_farm,train_day,weight,contribution,weighted_ec,context,query_farm,query_day,level
F13,76,0.0033333333333333335,0.0018450000000000003,0.5535000000000001,common_7,F13,98,hour0
F13,77,0.0016666666666666668,0.0007700000000000001,0.462,common_7,F13,98,hour0
F13,78,0.0016666666666666668,0.0009383333333333333,0.563,common_7,F13,98,hour0
F13,80,0.016666666666666666,0.009323333333333335,0.5594000000000001,common_7,F13,98,hour0
F13,82,0.011666666666666667,0.006013333333333334,0.5154285714285715,common_7,F13,98,hour0
F13,84,0.01,0.005180000000000001,0.518,common_7,F13,98,hour0
F13,89,0.0016666666666666668,0.0009216666666666668,0.553,common_7,F13,98,hour0
F13,90,0.008333333333333333,0.004505,0.5406000000000001,common_7,F13,98,hour0
F13,91,0.11166666666666657,0.06319666666666661,0.5659402985074626,common_7,F13,98,hour0
F13,93,0.27666666666666656,0.10488999999999997,0.37912048192771086,common_7,F13,98,hour0
F13,94,0.02666666666666667,0.010068333333333334,0.37756249999999997,common_7,F13,98,hour0
F13,96,0.035,0.013765000000000001,0.3932857142857143,common_7,F13,98,hour0
F13,104,0.30833333333333357,0.09492666666666674,0.30787027027027025,common_7,F13,98,hour0
F13,106,0.07333333333333333,0.022311666666666667,0.30425,common_7,F13,98,hour0
F13,120,0.0033333333333333335,0.0038133333333333335,1.144,common_7,F13,98,hour0
F13,133,0.0016666666666666668,0.0015683333333333333,0.941,common_7,F13,98,hour0
F13,211,0.0033333333333333335,0.0017100000000000001,0.513,common_7,F13,98,hour0
F47,102,0.0033333333333333335,0.0007033333333333334,0.211,common_7,F13,98,hour0
F47,103,0.06666666666666662,0.04400166666666664,0.660025,common_7,F13,98,hour0
F47,117,0.0016666666666666668,0.0013083333333333334,0.785,common_7,F13,98,hour0
F47,119,0.0033333333333333335,0.002785,0.8355,common_7,F13,98,hour0
F47,120,0.013333333333333334,0.005168333333333334,0.387625,common_7,F13,98,hour0
F47,127,0.0016666666666666668,0.00107,0.6419999999999999,common_7,F13,98,hour0
F47,128,0.01,0.004633333333333334,0.4633333333333334,common_7,F13,98,hour0
F47,130,0.0033333333333333335,0.0015450000000000001,0.4635,common_7,F13,98,hour0
F47,169,0.0016666666666666668,0.0006500000000000001,0.39,common_7,F13,98,hour0
F13,55,0.0037500000000000003,0.0019147222222222222,0.5105925925925925,common_7,F13,98,daymean
F13,72,0.0025,0.001126388888888889,0.4505555555555556,common_7,F13,98,daymean
F13,76,0.020729166666666667,0.0119546875,0.5767085427135679,common_7,F13,98,daymean
F13,77,0.0028472222222222223,0.0013494444444444446,0.47395121951219515,common_7,F13,98,daymean
F13,78,0.011076388888888889,0.006474027777777778,0.5844890282131662,common_7,F13,98,daymean
F13,79,0.0031944444444444446,0.0016129166666666668,0.5049130434782608,common_7,F13,98,daymean
F13,80,0.022337962962962962,0.012869583333333334,0.5761305699481866,common_7,F13,98,daymean
F13,81,0.0001388888888888889,6.777777777777778e-05,0.48800000000000004,common_7,F13,98,daymean
F13,82,0.029513888888888888,0.0158521875,0.537109411764706,common_7,F13,98,daymean
F13,84,0.023472222222222217,0.01245395833333333,0.5305828402366864,common_7,F13,98,daymean
F13,85,0.0006944444444444445,0.00040763888888888886,0.587,common_7,F13,98,daymean
F13,89,0.006597222222222222,0.0038400694444444446,0.5820736842105263,common_7,F13,98,daymean
F13,90,0.01559027777777778,0.00860576388888889,0.5519955456570156,common_7,F13,98,daymean
F13,91,0.07054398148148147,0.04004895833333333,0.5677161607875307,common_7,F13,98,daymean
F13,93,0.2516666666666666,0.09944763888888886,0.3951561810154525,common_7,F13,98,daymean
F13,94,0.026527777777777775,0.010281666666666666,0.3875811518324608,common_7,F13,98,daymean
F13,95,0.00034722222222222224,0.00015486111111111112,0.446,common_7,F13,98,daymean
F13,96,0.03697916666666667,0.01480142361111111,0.4002638497652582,common_7,F13,98,daymean
F13,104,0.2671527777777777,0.08552749999999996,0.32014452820379513,common_7,F13,98,daymean
F13,106,0.07458333333333333,0.023619930555555554,0.3166918063314711,common_7,F13,98,daymean
F13,120,0.004375,0.005905833333333334,1.349904761904762,common_7,F13,98,daymean
F13,121,0.00020833333333333332,0.0003045138888888889,1.4616666666666667,common_7,F13,98,daymean
F13,129,0.00020833333333333335,0.00015166666666666668,0.728,common_7,F13,98,daymean
F13,130,0.0008333333333333334,0.000648125,0.77775,common_7,F13,98,daymean
F13,133,0.00125,0.0011934027777777778,0.9547222222222222,common_7,F13,98,daymean
F13,135,0.000625,0.0006490277777777778,1.0384444444444445,common_7,F13,98,daymean
F13,138,6.944444444444444e-05,5.236111111111111e-05,0.754,common_7,F13,98,daymean
F13,139,0.0009027777777777777,0.001180486111111111,1.3076153846153846,common_7,F13,98,daymean
F13,142,0.0009027777777777778,0.0004049305555555556,0.44853846153846155,common_7,F13,98,daymean
F13,146,0.00034722222222222224,0.0005258333333333333,1.5144,common_7,F13,98,daymean
F13,179,0.00041666666666666664,0.000165,0.396,common_7,F13,98,daymean
F13,196,0.0003125,0.00017461805555555557,0.5587777777777778,common_7,F13,98,daymean
F13,197,0.0014583333333333334,0.0008088888888888889,0.5546666666666666,common_7,F13,98,daymean
F13,211,0.004895833333333334,0.0026560069444444443,0.5425035460992907,common_7,F13,98,daymean
F13,212,0.00041666666666666664,0.00012041666666666665,0.289,common_7,F13,98,daymean
F13,214,0.0008333333333333334,0.0009885416666666666,1.1862499999999998,common_7,F13,98,daymean
F47,102,0.0033333333333333322,0.0007033333333333332,0.21100000000000002,common_7,F13,98,daymean
F47,103,0.05749999999999999,0.03819875,0.6643260869565218,common_7,F13,98,daymean
F47,117,0.0018055555555555555,0.0015508333333333333,0.8589230769230769,common_7,F13,98,daymean
F47,119,0.005694444444444445,0.004678888888888889,0.8216585365853658,common_7,F13,98,daymean
F47,120,0.013784722222222223,0.005631631944444444,0.40854156171284634,common_7,F13,98,daymean
F47,123,0.004479166666666667,0.0020333333333333336,0.45395348837209304,common_7,F13,98,daymean
F47,124,0.009583333333333333,0.0045808333333333335,0.47800000000000004,common_7,F13,98,daymean
F47,126,0.0016666666666666668,0.0008301388888888889,0.4980833333333333,common_7,F13,98,daymean
F47,127,0.0008333333333333334,0.000546875,0.65625,common_7,F13,98,daymean
F47,128,0.007361111111111112,0.0035556944444444447,0.48303773584905657,common_7,F13,98,daymean
F47,130,0.004340277777777778,0.002098263888888889,0.48344000000000004,common_7,F13,98,daymean
F47,136,0.00041666666666666664,0.0006866666666666666,1.648,common_7,F13,98,daymean
F47,169,0.0007638888888888889,0.00030305555555555554,0.3967272727272727,common_7,F13,98,daymean
F47,242,0.0001388888888888889,0.00010263888888888889,0.739,common_7,F13,98,daymean
F13,55,0.0016666666666666668,0.0008516666666666667,0.511,common_7,F13,112,hour0
F13,76,0.018333333333333333,0.009943333333333334,0.5423636363636364,common_7,F13,112,hour0
F13,78,0.01,0.00567,0.567,common_7,F13,112,hour0
F13,84,0.0033333333333333335,0.0017600000000000003,0.528,common_7,F13,112,hour0
F13,85,0.0016666666666666668,0.0009066666666666668,0.544,common_7,F13,112,hour0
F13,89,0.0016666666666666668,0.0009216666666666668,0.553,common_7,F13,112,hour0
F13,90,0.03166666666666667,0.017146666666666668,0.5414736842105263,common_7,F13,112,hour0
F13,91,0.0016666666666666668,0.0009383333333333333,0.563,common_7,F13,112,hour0
F13,93,0.0008333333333333334,0.00031833333333333334,0.382,common_7,F13,112,hour0
F13,94,0.0575,0.0216,0.3756521739130435,common_7,F13,112,hour0
F13,95,0.0016666666666666668,0.0007833333333333334,0.47,common_7,F13,112,hour0
F13,96,0.03833333333333334,0.015025,0.3919565217391304,common_7,F13,112,hour0
F13,104,0.07499999999999998,0.023578333333333326,0.31437777777777776,common_7,F13,112,hour0
F13,106,0.018333333333333333,0.005763333333333334,0.3143636363636364,common_7,F13,112,hour0
F13,120,0.0016666666666666668,0.0018600000000000003,1.116,common_7,F13,112,hour0
F13,121,0.006666666666666667,0.008631666666666666,1.2947499999999998,common_7,F13,112,hour0
F13,130,0.09166666666666658,0.07313999999999993,0.7978909090909091,common_7,F13,112,hour0
F13,131,0.0016666666666666668,0.0011966666666666666,0.718,common_7,F13,112,hour0
F13,132,0.016666666666666666,0.012375,0.7425,common_7,F13,112,hour0
F13,139,0.0016666666666666668,0.0018866666666666667,1.132,common_7,F13,112,hour0
F13,146,0.0016666666666666668,0.002416666666666667,1.45,common_7,F13,112,hour0
F13,171,0.006666666666666667,0.005496666666666667,0.8245,common_7,F13,112,hour0
F13,172,0.0033333333333333335,0.0028433333333333336,0.853,common_7,F13,112,hour0
F13,177,0.0033333333333333335,0.0032366666666666668,0.971,common_7,F13,112,hour0
F13,178,0.0016666666666666668,0.002156666666666667,1.294,common_7,F13,112,hour0
F13,211,0.0033333333333333335,0.0017333333333333335,0.52,common_7,F13,112,hour0
F13,214,0.0033333333333333335,0.00266,0.7979999999999999,common_7,F13,112,hour0
F47,103,0.03833333333333334,0.025483333333333337,0.6647826086956522,common_7,F13,112,hour0
F47,104,0.0016666666666666668,0.00036,0.216,common_7,F13,112,hour0
F47,117,0.016666666666666666,0.013523333333333333,0.8114,common_7,F13,112,hour0
F47,119,0.34333333333333393,0.28719666666666716,0.836495145631068,common_7,F13,112,hour0
F47,120,0.023333333333333334,0.009098333333333333,0.3899285714285714,common_7,F13,112,hour0
F47,121,0.0016666666666666668,0.0009966666666666668,0.598,common_7,F13,112,hour0
F47,122,0.0016666666666666668,0.000975,0.585,common_7,F13,112,hour0
F47,123,0.011666666666666667,0.00508,0.43542857142857144,common_7,F13,112,hour0
F47,124,0.030000000000000002,0.014396666666666667,0.47988888888888886,common_7,F13,112,hour0
F47,125,0.0016666666666666668,0.0010883333333333335,0.653,common_7,F13,112,hour0
F47,126,0.065,0.03210666666666667,0.49394871794871803,common_7,F13,112,hour0
F47,136,0.005,0.00828,1.6559999999999997,common_7,F13,112,hour0
F47,138,0.005,0.008775,1.755,common_7,F13,112,hour0
F47,154,0.008333333333333333,0.01337,1.6044,common_7,F13,112,hour0
F47,176,0.0016666666666666668,0.0015733333333333333,0.944,common_7,F13,112,hour0
F47,209,0.025,0.016045,0.6417999999999999,common_7,F13,112,hour0
F47,241,0.015,0.008745,0.583,common_7,F13,112,hour0
F13,55,0.0016666666666666668,0.0008394444444444445,0.5036666666666667,common_7,F13,112,daymean
F13,71,0.00017361111111111112,9.916666666666667e-05,0.5712,common_7,F13,112,daymean
F13,76,0.01857638888888889,0.010294131944444444,0.5541514018691589,common_7,F13,112,daymean
F13,77,6.944444444444444e-05,3.347222222222222e-05,0.48199999999999993,common_7,F13,112,daymean
F13,78,0.007847222222222222,0.004450763888888889,0.5671769911504424,common_7,F13,112,daymean
F13,79,0.0004861111111111111,0.0002484027777777778,0.511,common_7,F13,112,daymean
F13,80,0.004826388888888889,0.0027955555555555555,0.5792230215827339,common_7,F13,112,daymean
F13,82,0.0004861111111111111,0.0002772222222222222,0.5702857142857143,common_7,F13,112,daymean
F13,84,0.007534722222222222,0.004088576388888889,0.54263133640553,common_7,F13,112,daymean
F13,85,0.0032291666666666666,0.001832326388888889,0.5674301075268817,common_7,F13,112,daymean
F13,89,0.0013541666666666667,0.0007576736111111112,0.5595128205128206,common_7,F13,112,daymean
F13,90,0.02815972222222222,0.015373159722222222,0.5459272503082614,common_7,F13,112,daymean
F13,91,0.0011111111111111111,0.0006417361111111112,0.5775625000000001,common_7,F13,112,daymean
F13,93,0.0020486111111111113,0.0008434027777777778,0.41169491525423724,common_7,F13,112,daymean
F13,94,0.06430555555555556,0.025332083333333335,0.39393304535637147,common_7,F13,112,daymean
F13,95,0.0016666666666666666,0.0007940277777777778,0.4764166666666667,common_7,F13,112,daymean
F13,96,0.03857638888888888,0.01535222222222222,0.39796939693969396,common_7,F13,112,daymean
F13,104,0.07809027777777777,0.025157118055555556,0.3221542907959093,common_7,F13,112,daymean
F13,106,0.02079861111111111,0.006609548611111111,0.317787979966611,common_7,F13,112,daymean
F13,120,0.002361111111111111,0.003095763888888889,1.3111470588235294,common_7,F13,112,daymean
F13,121,0.010069444444444445,0.013928611111111112,1.3832551724137931,common_7,F13,112,daymean
F13,130,0.04298611111111111,0.033682847222222215,0.7835751211631663,common_7,F13,112,daymean
F13,131,0.0008333333333333334,0.0005983333333333333,0.718,common_7,F13,112,daymean
F13,132,0.04868055555555555,0.045137986111111104,0.9272282453637659,common_7,F13,112,daymean
F13,133,0.025138888888888888,0.025140451388888888,1.0000621546961326,common_7,F13,112,daymean
F13,135,0.01597222222222222,0.01612409722222222,1.009508695652174,common_7,F13,112,daymean
F13,137,0.0006944444444444445,0.0008947916666666668,1.2885000000000002,common_7,F13,112,daymean
F13,139,0.01486111111111111,0.02106375,1.417373831775701,common_7,F13,112,daymean
F13,141,0.00020833333333333335,0.00017333333333333334,0.832,common_7,F13,112,daymean
F13,146,0.0018055555555555557,0.002745972222222222,1.5208461538461537,common_7,F13,112,daymean
F13,156,0.0009027777777777778,0.0006471527777777777,0.7168461538461538,common_7,F13,112,daymean
F13,171,0.007500000000000001,0.006406736111111111,0.8542314814814814,common_7,F13,112,daymean
F13,172,0.002638888888888889,0.0027162500000000003,1.0293157894736844,common_7,F13,112,daymean
F13,174,0.00034722222222222224,0.0003354861111111111,0.9662,common_7,F13,112,daymean
F13,177,0.0018055555555555557,0.001818125,1.0069615384615385,common_7,F13,112,daymean
F13,178,0.002361111111111111,0.004849930555555555,2.0540882352941177,common_7,F13,112,daymean
F13,196,6.944444444444444e-05,3.9236111111111104e-05,0.565,common_7,F13,112,daymean
F13,197,0.0014236111111111112,0.0007846180555555557,0.5511463414634147,common_7,F13,112,daymean
F13,211,0.005138888888888889,0.002776805555555556,0.5403513513513514,common_7,F13,112,daymean
F13,214,0.005277777777777778,0.005405347222222222,1.0241710526315788,common_7,F13,112,daymean
F13,243,6.944444444444444e-05,0.00012625,1.818,common_7,F13,112,daymean
F13,245,6.944444444444444e-05,5.923611111111111e-05,0.853,common_7,F13,112,daymean
F47,37,0.0009027777777777778,9.493055555555555e-05,0.10515384615384614,common_7,F13,112,daymean
F47,103,0.034236111111111106,0.022876111111111107,0.6681866125760649,common_7,F13,112,daymean
F47,104,0.0016666666666666668,0.00035993055555555556,0.2159583333333333,common_7,F13,112,daymean
F47,117,0.019791666666666666,0.017961319444444443,0.907519298245614,common_7,F13,112,daymean
F47,119,0.2546527777777778,0.2146282638888889,0.8428271066266703,common_7,F13,112,daymean
F47,120,0.024166666666666666,0.009988819444444444,0.41333045977011496,common_7,F13,112,daymean
F47,121,0.0016666666666666668,0.0009800694444444444,0.5880416666666666,common_7,F13,112,daymean
F47,122,0.0016666666666666668,0.0010033333333333333,0.602,common_7,F13,112,daymean
F47,123,0.01590277777777778,0.007180625,0.45153275109170304,common_7,F13,112,daymean
F47,124,0.03802083333333333,0.01879670138888889,0.49437899543379,common_7,F13,112,daymean
F47,125,0.0022916666666666667,0.0015145138888888888,0.6608787878787878,common_7,F13,112,daymean
F47,126,0.0752662037037037,0.03753197916666666,0.4986564662463478,common_7,F13,112,daymean
F47,128,0.0008564814814814815,0.0004247222222222222,0.49589189189189187,common_7,F13,112,daymean
F47,130,9.259259259259259e-05,4.2638888888888894e-05,0.4605000000000001,common_7,F13,112,daymean
F47,131,0.0007638888888888889,0.0005356944444444444,0.7012727272727273,common_7,F13,112,daymean
F47,136,0.0038888888888888883,0.006417777777777777,1.6502857142857141,common_7,F13,112,daymean
F47,138,0.005138888888888889,0.00879388888888889,1.7112432432432432,common_7,F13,112,daymean
F47,139,0.0008333333333333334,0.0014545833333333336,1.7455,common_7,F13,112,daymean
F47,154,0.007361111111111112,0.011264375,1.530254716981132,common_7,F13,112,daymean
F47,174,0.0019444444444444446,0.0018406944444444447,0.9466428571428572,common_7,F13,112,daymean
F47,176,0.0031944444444444446,0.0031399652777777775,0.9829456521739129,common_7,F13,112,daymean
F47,177,0.00020833333333333332,0.00041798611111111116,2.0063333333333335,common_7,F13,112,daymean
F47,209,0.01833333333333333,0.011919999999999998,0.6501818181818182,common_7,F13,112,daymean
F47,241,0.014930555555555555,0.009632916666666666,0.6451813953488372,common_7,F13,112,daymean
F13,104,0.0033333333333333335,0.00102,0.306,common_7,F47,160,hour0
F13,106,0.006666666666666667,0.0020266666666666666,0.304,common_7,F47,160,hour0
F13,129,0.013333333333333334,0.009458333333333332,0.7093749999999999,common_7,F47,160,hour0
F13,138,0.0016666666666666668,0.0011583333333333333,0.695,common_7,F47,160,hour0
F13,141,0.0016666666666666668,0.0011733333333333333,0.704,common_7,F47,160,hour0
F13,142,0.0016666666666666668,0.0007483333333333334,0.449,common_7,F47,160,hour0
F13,154,0.0033333333333333335,0.001395,0.4185,common_7,F47,160,hour0
F13,156,0.03166666666666667,0.023966666666666667,0.7568421052631579,common_7,F47,160,hour0
F13,169,0.006666666666666667,0.005143333333333334,0.7715000000000001,common_7,F47,160,hour0
F13,171,0.011666666666666667,0.009598333333333332,0.8227142857142855,common_7,F47,160,hour0
F13,174,0.0016666666666666668,0.0015383333333333336,0.9230000000000002,common_7,F47,160,hour0
F13,175,0.0016666666666666668,0.0014766666666666667,0.886,common_7,F47,160,hour0
F13,214,0.008333333333333333,0.006698333333333334,0.8038000000000001,common_7,F47,160,hour0
F13,242,0.0016666666666666668,0.00072,0.432,common_7,F47,160,hour0
F13,243,0.0016666666666666668,0.00281,1.686,common_7,F47,160,hour0
F47,103,0.0016666666666666668,0.0010983333333333335,0.659,common_7,F47,160,hour0
F47,117,0.016666666666666666,0.013056666666666668,0.7834000000000001,common_7,F47,160,hour0
F47,120,0.07333333333333329,0.028056666666666653,0.38259090909090915,common_7,F47,160,hour0
F47,124,0.005,0.002275,0.455,common_7,F47,160,hour0
F47,127,0.0016666666666666668,0.0010766666666666667,0.646,common_7,F47,160,hour0
F47,128,0.030000000000000002,0.013830000000000002,0.461,common_7,F47,160,hour0
F47,129,0.016666666666666666,0.011633333333333334,0.6980000000000001,common_7,F47,160,hour0
F47,130,0.011666666666666667,0.005365,0.45985714285714285,common_7,F47,160,hour0
F47,132,0.013333333333333334,0.03908166666666667,2.9311249999999998,common_7,F47,160,hour0
F47,136,0.0016666666666666668,0.0026800000000000005,1.6080000000000003,common_7,F47,160,hour0
F47,138,0.0016666666666666668,0.002986666666666667,1.792,common_7,F47,160,hour0
F47,140,0.0016666666666666668,0.0006700000000000001,0.4020000000000001,common_7,F47,160,hour0
F47,152,0.013333333333333334,0.005656666666666667,0.42424999999999996,common_7,F47,160,hour0
F47,168,0.021666666666666667,0.016103333333333334,0.7432307692307693,common_7,F47,160,hour0
F47,169,0.011666666666666667,0.004633333333333333,0.3971428571428571,common_7,F47,160,hour0
F47,170,0.22166666666666707,0.13670166666666692,0.6166992481203007,common_7,F47,160,hour0
F47,239,0.0016666666666666668,0.0007233333333333334,0.43400000000000005,common_7,F47,160,hour0
F47,241,0.0016666666666666666,0.0009716666666666666,0.583,common_7,F47,160,hour0
F47,242,0.4566666666666659,0.33545833333333275,0.7345802919708029,common_7,F47,160,hour0
F13,104,0.0024305555555555556,0.0007803472222222222,0.3210571428571428,common_7,F47,160,daymean
F13,106,0.0077777777777777776,0.0024766666666666665,0.3184285714285714,common_7,F47,160,daymean
F13,129,0.016006944444444445,0.011644618055555556,0.7274728850325379,common_7,F47,160,daymean
F13,135,0.0004166666666666667,0.00044805555555555554,1.0753333333333333,common_7,F47,160,daymean
F13,137,0.0004166666666666667,0.00047812500000000003,1.1475,common_7,F47,160,daymean
F13,138,0.001388888888888889,0.000978125,0.70425,common_7,F47,160,daymean
F13,139,0.0002777777777777778,0.0002922222222222222,1.0519999999999998,common_7,F47,160,daymean
F13,141,0.0014583333333333334,0.0010125694444444444,0.6943333333333332,common_7,F47,160,daymean
F13,142,0.0025,0.0010972222222222223,0.43888888888888894,common_7,F47,160,daymean
F13,146,0.002361111111111111,0.003471041666666667,1.4700882352941178,common_7,F47,160,daymean
F13,154,0.0022916666666666667,0.0009552777777777778,0.41684848484848486,common_7,F47,160,daymean
F13,155,0.0009027777777777778,0.0007143750000000001,0.7913076923076923,common_7,F47,160,daymean
F13,156,0.056458333333333326,0.04214656249999999,0.7465073800738007,common_7,F47,160,daymean
F13,169,0.008043981481481482,0.006593344907407407,0.8196618705035971,common_7,F47,160,daymean
F13,171,0.014305555555555556,0.012427152777777778,0.8686941747572816,common_7,F47,160,daymean
F13,172,0.0008333333333333334,0.001009513888888889,1.2114166666666668,common_7,F47,160,daymean
F13,173,0.0007638888888888889,0.0003391666666666667,0.444,common_7,F47,160,daymean
F13,174,0.002013888888888889,0.0019139583333333335,0.9503793103448277,common_7,F47,160,daymean
F13,175,0.0016666666666666668,0.0015780555555555556,0.9468333333333333,common_7,F47,160,daymean
F13,176,6.944444444444444e-05,3.1319444444444446e-05,0.451,common_7,F47,160,daymean
F13,177,6.944444444444444e-05,6.6875e-05,0.963,common_7,F47,160,daymean
F13,214,0.01173611111111111,0.010768819444444444,0.9175798816568047,common_7,F47,160,daymean
F13,241,0.0009027777777777778,0.001196388888888889,1.3252307692307692,common_7,F47,160,daymean
F13,242,0.0024305555555555556,0.0010381944444444447,0.4271428571428572,common_7,F47,160,daymean
F13,243,0.000625,0.0010175,1.628,common_7,F47,160,daymean
F13,244,6.944444444444444e-05,2.909722222222222e-05,0.419,common_7,F47,160,daymean
F47,103,0.0006944444444444445,0.0004592361111111111,0.6613,common_7,F47,160,daymean
F47,117,0.014930555555555556,0.013359166666666667,0.894753488372093,common_7,F47,160,daymean
F47,119,0.00020833333333333335,0.00021666666666666668,1.04,common_7,F47,160,daymean
F47,120,0.06444444444444444,0.025924027777777775,0.4022693965517241,common_7,F47,160,daymean
F47,123,6.944444444444444e-05,3.180555555555556e-05,0.458,common_7,F47,160,daymean
F47,124,0.002326388888888889,0.001084861111111111,0.4663283582089552,common_7,F47,160,daymean
F47,126,6.944444444444444e-05,3.4166666666666666e-05,0.492,common_7,F47,160,daymean
F47,127,0.0015277777777777779,0.0010503125,0.6874772727272727,common_7,F47,160,daymean
F47,128,0.0258912037037037,0.012449305555555555,0.48083147071971394,common_7,F47,160,daymean
F47,129,0.012187499999999995,0.008455138888888885,0.6937549857549857,common_7,F47,160,daymean
F47,130,0.01747685185185185,0.00851451388888889,0.4871880794701987,common_7,F47,160,daymean
F47,132,0.012569444444444444,0.03388104166666667,2.6955082872928178,common_7,F47,160,daymean
F47,136,0.0021527777777777778,0.003554652777777778,1.651193548387097,common_7,F47,160,daymean
F47,138,0.0018055555555555557,0.0031221527777777784,1.729192307692308,common_7,F47,160,daymean
F47,139,0.000625,0.000982013888888889,1.5712222222222225,common_7,F47,160,daymean
F47,140,0.0009722222222222223,0.00039090277777777783,0.4020714285714286,common_7,F47,160,daymean
F47,152,0.011111111111111112,0.004819791666666667,0.43378125,common_7,F47,160,daymean
F47,154,0.00048611111111111115,0.0007929166666666667,1.631142857142857,common_7,F47,160,daymean
F47,167,0.0021527777777777778,0.0009338888888888888,0.4338064516129032,common_7,F47,160,daymean
F47,168,0.026909722222222224,0.02128361111111111,0.7909264516129032,common_7,F47,160,daymean
F47,169,0.005694444444444445,0.00235875,0.414219512195122,common_7,F47,160,daymean
F47,170,0.3112962962962963,0.2445454050925926,0.7855712001784652,common_7,F47,160,daymean
F47,174,0.0004166666666666667,0.00051375,1.2329999999999999,common_7,F47,160,daymean
F47,175,0.0004861111111111111,0.00019256944444444443,0.39614285714285713,common_7,F47,160,daymean
F47,176,0.0001388888888888889,0.0001301388888888889,0.937,common_7,F47,160,daymean
F47,239,0.0018055555555555548,0.0007836111111111108,0.434,common_7,F47,160,daymean
F47,240,0.0009027777777777778,0.0004161805555555556,0.461,common_7,F47,160,daymean
F47,241,0.002534722222222222,0.0016773263888888888,0.6617397260273973,common_7,F47,160,daymean
F47,242,0.3389930555555555,0.24567111111111106,0.7247083888149135,common_7,F47,160,daymean
F47,243,0.0009027777777777778,0.00045666666666666674,0.505846153846154,common_7,F47,160,daymean
F13,121,0.02,0.026155,1.30775,common_7,F47,161,hour0
F13,130,0.0033333333333333335,0.0025933333333333338,0.7780000000000001,common_7,F47,161,hour0
F13,135,0.01,0.009671666666666665,0.9671666666666665,common_7,F47,161,hour0
F13,137,0.15999999999999992,0.15388333333333323,0.9617708333333332,common_7,F47,161,hour0
F13,139,0.015000000000000001,0.015478333333333334,1.0318888888888889,common_7,F47,161,hour0
F13,146,0.0016666666666666668,0.002416666666666667,1.45,common_7,F47,161,hour0
F13,155,0.02,0.01638,0.819,common_7,F47,161,hour0
F13,156,0.07833333333333327,0.061163333333333285,0.7808085106382979,common_7,F47,161,hour0
F13,171,0.043333333333333335,0.036283333333333334,0.8373076923076923,common_7,F47,161,hour0
F13,175,0.0016666666666666668,0.0015233333333333336,0.914,common_7,F47,161,hour0
F13,177,0.0016666666666666668,0.00161,0.966,common_7,F47,161,hour0
F13,196,0.0016666666666666668,0.0009116666666666667,0.547,common_7,F47,161,hour0
F13,214,0.01,0.008288333333333333,0.8288333333333333,common_7,F47,161,hour0
F13,241,0.0016666666666666668,0.0023833333333333332,1.43,common_7,F47,161,hour0
F13,243,0.008333333333333333,0.013191666666666666,1.583,common_7,F47,161,hour0
F13,244,0.0008333333333333334,0.00036250000000000003,0.435,common_7,F47,161,hour0
F47,74,0.0016666666666666668,0.000345,0.207,common_7,F47,161,hour0
F47,117,0.005,0.004078333333333333,0.8156666666666667,common_7,F47,161,hour0
F47,119,0.0016666666666666668,0.001405,0.843,common_7,F47,161,hour0
F47,126,0.0016666666666666668,0.0008233333333333334,0.494,common_7,F47,161,hour0
F47,139,0.4133333333333333,0.6740966666666666,1.6308790322580644,common_7,F47,161,hour0
F47,154,0.08333333333333333,0.13307499999999997,1.5968999999999998,common_7,F47,161,hour0
F47,174,0.0033333333333333335,0.0029800000000000004,0.8940000000000001,common_7,F47,161,hour0
F47,239,0.0075,0.0032575,0.43433333333333335,common_7,F47,161,hour0
F47,241,0.10333333333333333,0.06071833333333333,0.5875967741935484,common_7,F47,161,hour0
F47,242,0.0016666666666666668,0.0011583333333333333,0.695,common_7,F47,161,hour0
F13,80,0.00034722222222222224,0.00020104166666666664,0.579,common_7,F47,161,daymean
F13,82,0.0001388888888888889,7.465277777777777e-05,0.5375,common_7,F47,161,daymean
F13,104,0.0002777777777777778,9.222222222222223e-05,0.332,common_7,F47,161,daymean
F13,106,0.00020833333333333335,6.9375e-05,0.333,common_7,F47,161,daymean
F13,120,0.0005555555555555556,0.0005644444444444445,1.016,common_7,F47,161,daymean
F13,121,0.019791666666666666,0.025993541666666665,1.313357894736842,common_7,F47,161,daymean
F13,130,0.00034722222222222224,0.0002697222222222222,0.7767999999999999,common_7,F47,161,daymean
F13,131,0.0007638888888888889,0.0005651388888888889,0.7398181818181818,common_7,F47,161,daymean
F13,132,0.0002777777777777778,0.0002579861111111111,0.9287500000000001,common_7,F47,161,daymean
F13,133,0.0008680555555555556,0.000871875,1.0044,common_7,F47,161,daymean
F13,135,0.013194444444444444,0.013340694444444445,1.0110842105263158,common_7,F47,161,daymean
F13,137,0.10319444444444442,0.11001513888888886,1.0660955585464333,common_7,F47,161,daymean
F13,138,6.944444444444444e-05,5.201388888888889e-05,0.749,common_7,F47,161,daymean
F13,139,0.006111111111111111,0.008233472222222222,1.3472954545454545,common_7,F47,161,daymean
F13,141,0.0012152777777777778,0.0008902083333333333,0.7325142857142857,common_7,F47,161,daymean
F13,142,0.0002777777777777778,0.0001161111111111111,0.418,common_7,F47,161,daymean
F13,146,0.0062499999999999995,0.010085763888888889,1.6137222222222223,common_7,F47,161,daymean
F13,154,0.00020833333333333335,8.722222222222222e-05,0.41866666666666663,common_7,F47,161,daymean
F13,155,0.017916666666666668,0.014450833333333335,0.8065581395348838,common_7,F47,161,daymean
F13,156,0.11892361111111108,0.08926666666666665,0.750621897810219,common_7,F47,161,daymean
F13,169,0.0015972222222222223,0.0013848611111111112,0.8670434782608696,common_7,F47,161,daymean
F13,171,0.029166666666666664,0.02517534722222222,0.8631547619047619,common_7,F47,161,daymean
F13,172,0.0015277777777777779,0.0013422222222222223,0.8785454545454545,common_7,F47,161,daymean
F13,174,0.00020833333333333332,0.0002007638888888889,0.9636666666666668,common_7,F47,161,daymean
F13,175,0.004930555555555555,0.004876388888888889,0.9890140845070424,common_7,F47,161,daymean
F13,176,6.944444444444444e-05,2.8263888888888887e-05,0.407,common_7,F47,161,daymean
F13,177,0.001388888888888889,0.0013758333333333333,0.9905999999999999,common_7,F47,161,daymean
F13,196,0.0004861111111111111,0.0002584027777777778,0.5315714285714287,common_7,F47,161,daymean
F13,211,0.0004166666666666667,0.00022243055555555558,0.5338333333333334,common_7,F47,161,daymean
F13,213,0.0005555555555555556,0.0001611111111111111,0.29,common_7,F47,161,daymean
F13,214,0.018680555555555554,0.017689791666666663,0.9469628252788103,common_7,F47,161,daymean
F13,241,0.0021527777777777778,0.0030824305555555557,1.4318387096774194,common_7,F47,161,daymean
F13,242,0.0001388888888888889,5.6944444444444445e-05,0.41000000000000003,common_7,F47,161,daymean
F13,243,0.006388888888888889,0.010554444444444444,1.652,common_7,F47,161,daymean
F13,244,0.0003125,0.00014406249999999998,0.46099999999999997,common_7,F47,161,daymean
F47,69,0.0010416666666666667,0.000374375,0.3594,common_7,F47,161,daymean
F47,71,6.944444444444444e-05,2.7430555555555556e-05,0.395,common_7,F47,161,daymean
F47,74,0.0004861111111111111,0.0001011111111111111,0.208,common_7,F47,161,daymean
F47,103,0.0017361111111111112,0.0011289583333333334,0.65028,common_7,F47,161,daymean
F47,117,0.00986111111111111,0.00812861111111111,0.8243098591549296,common_7,F47,161,daymean
F47,119,0.002013888888888889,0.0020128472222222223,0.9994827586206897,common_7,F47,161,daymean
F47,122,0.0001388888888888889,8.513888888888888e-05,0.613,common_7,F47,161,daymean
F47,124,6.944444444444444e-05,3.0416666666666666e-05,0.438,common_7,F47,161,daymean
F47,126,0.00020833333333333335,0.00010291666666666667,0.494,common_7,F47,161,daymean
F47,127,6.944444444444444e-05,4.9375e-05,0.711,common_7,F47,161,daymean
F47,128,0.009513888888888888,0.004639861111111111,0.4876934306569344,common_7,F47,161,daymean
F47,129,0.00034722222222222224,0.00024402777777777777,0.7028,common_7,F47,161,daymean
F47,130,0.021527777777777778,0.010806319444444445,0.5019709677419355,common_7,F47,161,daymean
F47,132,0.02673611111111111,0.06951479166666667,2.6000337662337665,common_7,F47,161,daymean
F47,136,0.03993055555555555,0.06451201388888889,1.6156052173913045,common_7,F47,161,daymean
F47,137,0.00020833333333333335,0.00010916666666666667,0.524,common_7,F47,161,daymean
F47,138,0.022708333333333334,0.03850298611111111,1.695544342507645,common_7,F47,161,daymean
F47,139,0.3215972222222221,0.5341793749999998,1.6610198661196287,common_7,F47,161,daymean
F47,140,0.0002777777777777778,0.00011361111111111112,0.40900000000000003,common_7,F47,161,daymean
F47,154,0.03659722222222222,0.05826256944444444,1.5919943074003795,common_7,F47,161,daymean
F47,167,0.0008333333333333334,0.00040777777777777774,0.48933333333333323,common_7,F47,161,daymean
F47,168,0.00125,0.0009775,0.782,common_7,F47,161,daymean
F47,169,0.00020833333333333332,8.20138888888889e-05,0.3936666666666668,common_7,F47,161,daymean
F47,170,0.02034722222222222,0.016754236111111112,0.8234163822525599,common_7,F47,161,daymean
F47,174,0.0014583333333333334,0.0013829861111111113,0.9483333333333335,common_7,F47,161,daymean
F47,175,6.944444444444444e-05,2.5694444444444445e-05,0.37,common_7,F47,161,daymean
F47,176,0.0010763888888888889,0.001073888888888889,0.9976774193548388,common_7,F47,161,daymean
F47,239,0.017118055555555556,0.007513645833333333,0.4389310344827586,common_7,F47,161,daymean
F47,241,0.08357638888888888,0.054267881944444436,0.6493207312006647,common_7,F47,161,daymean
F47,242,0.01517361111111111,0.010953645833333333,0.721887871853547,common_7,F47,161,daymean
F47,243,0.004791666666666666,0.0020216666666666664,0.42191304347826086,common_7,F47,161,daymean
F13,76,0.0033333333333333335,0.0018200000000000002,0.546,common_101,F13,98,hour0
F13,78,0.0033333333333333335,0.00189,0.567,common_101,F13,98,hour0
F13,79,0.0033333333333333335,0.0015933333333333333,0.478,common_101,F13,98,hour0
F13,80,0.01,0.005600000000000001,0.56,common_101,F13,98,hour0
F13,82,0.025,0.012983333333333335,0.5193333333333333,common_101,F13,98,hour0
F13,84,0.005,0.002606666666666667,0.5213333333333333,common_101,F13,98,hour0
F13,89,0.006666666666666667,0.003686666666666667,0.553,common_101,F13,98,hour0
F13,90,0.01,0.005465,0.5465,common_101,F13,98,hour0
F13,91,0.12166666666666655,0.06885833333333326,0.5659589041095889,common_101,F13,98,hour0
F13,93,0.2383333333333333,0.09042833333333333,0.37941958041958046,common_101,F13,98,hour0
F13,94,0.018333333333333333,0.006956666666666667,0.3794545454545455,common_101,F13,98,hour0
F13,96,0.030000000000000002,0.011751666666666667,0.3917222222222222,common_101,F13,98,hour0
F13,104,0.3016666666666668,0.09271833333333337,0.307353591160221,common_101,F13,98,hour0
F13,106,0.10833333333333331,0.03289999999999999,0.3036923076923077,common_101,F13,98,hour0
F13,120,0.0033333333333333335,0.004,1.2,common_101,F13,98,hour0
F13,211,0.01,0.005138333333333333,0.5138333333333334,common_101,F13,98,hour0
F13,214,0.0016666666666666668,0.0013216666666666667,0.793,common_101,F13,98,hour0
F47,102,0.0033333333333333335,0.0007333333333333333,0.22,common_101,F13,98,hour0
F47,103,0.05499999999999997,0.03630333333333331,0.660060606060606,common_101,F13,98,hour0
F47,117,0.005,0.0039033333333333337,0.7806666666666667,common_101,F13,98,hour0
F47,119,0.0016666666666666668,0.001405,0.843,common_101,F13,98,hour0
F47,120,0.021666666666666667,0.008318333333333334,0.3839230769230769,common_101,F13,98,hour0
F47,128,0.013333333333333334,0.006145,0.460875,common_101,F13,98,hour0
F13,55,0.0013194444444444445,0.0006906944444444445,0.5234736842105263,common_101,F13,98,daymean
F13,72,0.0014583333333333334,0.000680763888888889,0.46680952380952384,common_101,F13,98,daymean
F13,76,0.01590277777777778,0.009111145833333334,0.5729279475982533,common_101,F13,98,daymean
F13,77,0.0009027777777777778,0.00043173611111111114,0.47823076923076924,common_101,F13,98,daymean
F13,78,0.009444444444444445,0.0054624999999999995,0.5783823529411765,common_101,F13,98,daymean
F13,79,0.0059722222222222225,0.0029672916666666667,0.4968488372093023,common_101,F13,98,daymean
F13,80,0.03056712962962963,0.017634444444444446,0.576908746686861,common_101,F13,98,daymean
F13,81,0.0001388888888888889,6.916666666666666e-05,0.498,common_101,F13,98,daymean
F13,82,0.021527777777777778,0.011522465277777777,0.5352370967741935,common_101,F13,98,daymean
F13,83,0.0009027777777777778,0.000509375,0.5642307692307691,common_101,F13,98,daymean
F13,84,0.018229166666666668,0.009795902777777778,0.5373752380952381,common_101,F13,98,daymean
F13,85,0.001388888888888889,0.0007771527777777779,0.55955,common_101,F13,98,daymean
F13,89,0.011840277777777778,0.006733645833333334,0.5687067448680352,common_101,F13,98,daymean
F13,90,0.018368055555555554,0.010181145833333334,0.5542854442344046,common_101,F13,98,daymean
F13,91,0.0757523148148148,0.04314684027777777,0.569577845683728,common_101,F13,98,daymean
F13,93,0.21770833333333325,0.08623663194444442,0.39611084529505586,common_101,F13,98,daymean
F13,94,0.021076388888888888,0.00828097222222222,0.39290280065897853,common_101,F13,98,daymean
F13,95,0.0010416666666666667,0.0005190972222222222,0.49833333333333335,common_101,F13,98,daymean
F13,96,0.03079861111111111,0.012174409722222224,0.3952908680947013,common_101,F13,98,daymean
F13,104,0.2963888888888888,0.09497999999999998,0.3204573570759138,common_101,F13,98,daymean
F13,106,0.10378472222222221,0.03281010416666666,0.3161361659417865,common_101,F13,98,daymean
F13,120,0.002013888888888889,0.0025458333333333335,1.264137931034483,common_101,F13,98,daymean
F13,121,0.000625,0.0009474305555555555,1.5158888888888888,common_101,F13,98,daymean
F13,130,0.0004166666666666667,0.000328125,0.7875,common_101,F13,98,daymean
F13,132,0.0004861111111111111,0.00046340277777777775,0.9532857142857143,common_101,F13,98,daymean
F13,133,0.00045138888888888887,0.00044149305555555554,0.9780769230769231,common_101,F13,98,daymean
F13,135,6.944444444444444e-05,6.652777777777778e-05,0.9580000000000001,common_101,F13,98,daymean
F13,137,0.00020833333333333332,0.00021118055555555555,1.0136666666666667,common_101,F13,98,daymean
F13,139,0.0008333333333333334,0.0013177083333333333,1.5812499999999998,common_101,F13,98,daymean
F13,156,6.944444444444444e-05,5.319444444444444e-05,0.766,common_101,F13,98,daymean
F13,171,6.944444444444444e-05,5.770833333333333e-05,0.831,common_101,F13,98,daymean
F13,174,0.0006944444444444445,0.0006740277777777777,0.9705999999999999,common_101,F13,98,daymean
F13,177,0.0001388888888888889,0.00013763888888888889,0.991,common_101,F13,98,daymean
F13,196,0.0005555555555555556,0.00031569444444444445,0.56825,common_101,F13,98,daymean
F13,197,0.00034722222222222224,0.00019152777777777782,0.5516000000000001,common_101,F13,98,daymean
F13,211,0.007743055555555555,0.004000520833333333,0.5166591928251122,common_101,F13,98,daymean
F13,213,0.00010416666666666667,3.15625e-05,0.303,common_101,F13,98,daymean
F13,214,0.0018750000000000001,0.0018323611111111112,0.9772592592592593,common_101,F13,98,daymean
F47,69,0.00020833333333333335,8.520833333333334e-05,0.409,common_101,F13,98,daymean
F47,102,0.0009722222222222222,0.00021423611111111112,0.22035714285714286,common_101,F13,98,daymean
F47,103,0.0423611111111111,0.028186527777777772,0.6653868852459017,common_101,F13,98,daymean
F47,117,0.003958333333333334,0.0032177083333333337,0.8128947368421053,common_101,F13,98,daymean
F47,119,0.0027083333333333334,0.002297222222222222,0.8482051282051282,common_101,F13,98,daymean
F47,120,0.02034722222222222,0.008469305555555555,0.4162389078498293,common_101,F13,98,daymean
F47,123,0.006458333333333333,0.0029406944444444446,0.45533333333333337,common_101,F13,98,daymean
F47,124,0.008645833333333333,0.004150069444444445,0.4800080321285141,common_101,F13,98,daymean
F47,126,0.0011111111111111111,0.0005520138888888889,0.4968125,common_101,F13,98,daymean
F47,128,0.008923611111111111,0.004246527777777778,0.47587548638132293,common_101,F13,98,daymean
F47,129,0.00020833333333333332,0.00014194444444444443,0.6813333333333333,common_101,F13,98,daymean
F47,130,0.0009027777777777777,0.0004354861111111111,0.4823846153846154,common_101,F13,98,daymean
F47,132,0.0010416666666666667,0.0028190972222222224,2.7063333333333337,common_101,F13,98,daymean
F47,152,0.0001388888888888889,6.319444444444444e-05,0.45499999999999996,common_101,F13,98,daymean
F47,176,0.0007986111111111112,0.0007895486111111111,0.9886521739130434,common_101,F13,98,daymean
F13,55,0.0033333333333333335,0.0016616666666666668,0.4985,common_101,F13,112,hour0
F13,76,0.02,0.010853333333333335,0.5426666666666667,common_101,F13,112,hour0
F13,78,0.016666666666666666,0.009449999999999998,0.567,common_101,F13,112,hour0
F13,80,0.0033333333333333335,0.0018533333333333336,0.556,common_101,F13,112,hour0
F13,82,0.0016666666666666668,0.0008600000000000001,0.516,common_101,F13,112,hour0
F13,84,0.006666666666666667,0.0035200000000000006,0.528,common_101,F13,112,hour0
F13,89,0.005,0.002765,0.553,common_101,F13,112,hour0
F13,90,0.03666666666666667,0.019818333333333337,0.5405000000000001,common_101,F13,112,hour0
F13,91,0.0033333333333333335,0.00189,0.567,common_101,F13,112,hour0
F13,94,0.060000000000000005,0.022628333333333334,0.37713888888888886,common_101,F13,112,hour0
F13,95,0.0033333333333333335,0.0015766666666666668,0.473,common_101,F13,112,hour0
F13,96,0.025,0.009905,0.3962,common_101,F13,112,hour0
F13,104,0.05833333333333331,0.01816166666666666,0.31134285714285714,common_101,F13,112,hour0
F13,106,0.02,0.00623,0.3115,common_101,F13,112,hour0
F13,119,0.0016666666666666668,0.0005283333333333333,0.317,common_101,F13,112,hour0
F13,121,0.015000000000000001,0.020411666666666668,1.3607777777777779,common_101,F13,112,hour0
F13,130,0.09499999999999992,0.07562333333333326,0.7960350877192982,common_101,F13,112,hour0
F13,132,0.011666666666666667,0.008643333333333333,0.7408571428571428,common_101,F13,112,hour0
F13,133,0.0033333333333333335,0.0031316666666666663,0.9394999999999998,common_101,F13,112,hour0
F13,139,0.0016666666666666668,0.0016683333333333333,1.001,common_101,F13,112,hour0
F13,171,0.01,0.00826,0.826,common_101,F13,112,hour0
F13,172,0.0016666666666666668,0.0014316666666666668,0.859,common_101,F13,112,hour0
F13,177,0.0016666666666666668,0.0016216666666666667,0.973,common_101,F13,112,hour0
F13,196,0.0016666666666666668,0.0009116666666666667,0.547,common_101,F13,112,hour0
F13,211,0.008333333333333333,0.004350000000000001,0.5220000000000001,common_101,F13,112,hour0
F47,69,0.0016666666666666668,0.000615,0.369,common_101,F13,112,hour0
F47,103,0.041666666666666664,0.027765,0.6663600000000001,common_101,F13,112,hour0
F47,117,0.013333333333333334,0.010891666666666668,0.816875,common_101,F13,112,hour0
F47,119,0.30000000000000043,0.25116333333333374,0.8372111111111112,common_101,F13,112,hour0
F47,120,0.011666666666666667,0.004503333333333334,0.38600000000000007,common_101,F13,112,hour0
F47,122,0.0016666666666666668,0.0009783333333333334,0.5870000000000001,common_101,F13,112,hour0
F47,123,0.01916666666666667,0.008261666666666667,0.43104347826086953,common_101,F13,112,hour0
F47,124,0.022500000000000003,0.010623333333333334,0.4721481481481481,common_101,F13,112,hour0
F47,126,0.085,0.04193666666666667,0.49337254901960786,common_101,F13,112,hour0
F47,138,0.016666666666666666,0.029249999999999998,1.755,common_101,F13,112,hour0
F47,154,0.0033333333333333335,0.005415,1.6244999999999998,common_101,F13,112,hour0
F47,176,0.0033333333333333335,0.00315,0.945,common_101,F13,112,hour0
F47,177,0.0016666666666666668,0.0016400000000000002,0.9840000000000001,common_101,F13,112,hour0
F47,196,0.0016666666666666668,0.00030166666666666666,0.181,common_101,F13,112,hour0
F47,209,0.03333333333333333,0.021338333333333334,0.64015,common_101,F13,112,hour0
F47,241,0.028333333333333335,0.016506666666666666,0.5825882352941176,common_101,F13,112,hour0
F13,37,6.944444444444444e-05,2.4791666666666665e-05,0.357,common_101,F13,112,daymean
F13,55,0.0022222222222222222,0.0011217361111111111,0.50478125,common_101,F13,112,daymean
F13,71,0.0011111111111111111,0.000634236111111111,0.5708125,common_101,F13,112,daymean
F13,76,0.016701388888888887,0.00925920138888889,0.5543970893970895,common_101,F13,112,daymean
F13,78,0.013819444444444443,0.007806874999999999,0.5649195979899497,common_101,F13,112,daymean
F13,80,0.007604166666666667,0.004379548611111111,0.5759406392694063,common_101,F13,112,daymean
F13,82,0.0005555555555555556,0.0002866666666666667,0.516,common_101,F13,112,daymean
F13,83,6.944444444444444e-05,3.854166666666667e-05,0.555,common_101,F13,112,daymean
F13,84,0.006736111111111111,0.0036005555555555556,0.5345154639175258,common_101,F13,112,daymean
F13,85,0.001701388888888889,0.0009913541666666666,0.582673469387755,common_101,F13,112,daymean
F13,89,0.0034027777777777776,0.001983541666666667,0.5829183673469389,common_101,F13,112,daymean
F13,90,0.040659722222222215,0.02222993055555555,0.5467309991460291,common_101,F13,112,daymean
F13,91,0.004652777777777778,0.0026938194444444444,0.5789701492537312,common_101,F13,112,daymean
F13,93,0.0015972222222222223,0.0006345833333333334,0.3973043478260869,common_101,F13,112,daymean
F13,94,0.062326388888888876,0.024426736111111104,0.39191643454038994,common_101,F13,112,daymean
F13,95,0.0045138888888888885,0.002144305555555555,0.4750461538461538,common_101,F13,112,daymean
F13,96,0.028229166666666666,0.011322013888888888,0.4010750307503075,common_101,F13,112,daymean
F13,104,0.06388888888888888,0.020475416666666666,0.3204847826086957,common_101,F13,112,daymean
F13,106,0.021041666666666663,0.006669999999999999,0.316990099009901,common_101,F13,112,daymean
F13,119,0.0016666666666666666,0.0005229166666666666,0.31375000000000003,common_101,F13,112,daymean
F13,120,0.0008333333333333334,0.0012360416666666665,1.4832499999999997,common_101,F13,112,daymean
F13,121,0.018055555555555554,0.02460673611111111,1.3628346153846154,common_101,F13,112,daymean
F13,130,0.05166666666666665,0.04042881944444444,0.7824932795698926,common_101,F13,112,daymean
F13,131,0.00034722222222222224,0.00026006944444444444,0.749,common_101,F13,112,daymean
F13,132,0.043125,0.040105625,0.9299855072463769,common_101,F13,112,daymean
F13,133,0.013194444444444444,0.013123333333333334,0.9946105263157895,common_101,F13,112,daymean
F13,134,0.0004861111111111111,0.00036722222222222223,0.7554285714285714,common_101,F13,112,daymean
F13,135,0.019791666666666666,0.01976222222222222,0.9985122807017542,common_101,F13,112,daymean
F13,137,0.0011111111111111111,0.0012658333333333334,1.13925,common_101,F13,112,daymean
F13,139,0.01888888888888889,0.02722673611111111,1.4414154411764706,common_101,F13,112,daymean
F13,140,6.944444444444444e-05,4.993055555555555e-05,0.719,common_101,F13,112,daymean
F13,146,0.0007638888888888889,0.0012433333333333333,1.6276363636363635,common_101,F13,112,daymean
F13,156,0.00048611111111111115,0.00036111111111111115,0.7428571428571429,common_101,F13,112,daymean
F13,171,0.01013888888888889,0.008734166666666666,0.8614520547945204,common_101,F13,112,daymean
F13,172,0.0021527777777777778,0.002322013888888889,1.0786129032258065,common_101,F13,112,daymean
F13,174,6.944444444444444e-05,6.930555555555555e-05,0.998,common_101,F13,112,daymean
F13,177,0.0024305555555555556,0.0024425694444444443,1.0049428571428571,common_101,F13,112,daymean
F13,178,0.0001388888888888889,0.0003059722222222222,2.203,common_101,F13,112,daymean
F13,196,0.002361111111111111,0.0013190277777777777,0.5586470588235294,common_101,F13,112,daymean
F13,197,0.0022916666666666667,0.0012912847222222223,0.563469696969697,common_101,F13,112,daymean
F13,211,0.007569444444444445,0.004014861111111111,0.5304036697247707,common_101,F13,112,daymean
F13,214,0.0011805555555555556,0.001100763888888889,0.9324117647058824,common_101,F13,112,daymean
F13,241,0.0004166666666666667,0.0006070833333333334,1.457,common_101,F13,112,daymean
F13,245,0.0006944444444444445,0.0005958333333333333,0.8579999999999999,common_101,F13,112,daymean
F47,69,0.0002777777777777778,0.000100625,0.36225,common_101,F13,112,daymean
F47,71,0.001388888888888889,0.0005145833333333334,0.3705,common_101,F13,112,daymean
F47,103,0.03833333333333333,0.025714652777777777,0.6708170289855073,common_101,F13,112,daymean
F47,117,0.012916666666666667,0.011594652777777778,0.8976505376344086,common_101,F13,112,daymean
F47,118,6.944444444444444e-05,2.1527777777777776e-05,0.31,common_101,F13,112,daymean
F47,119,0.22499999999999998,0.18909173611111108,0.8404077160493827,common_101,F13,112,daymean
F47,120,0.014375,0.005867013888888889,0.40814009661835743,common_101,F13,112,daymean
F47,122,0.0009027777777777777,0.0005389583333333333,0.5970000000000001,common_101,F13,112,daymean
F47,123,0.022118055555555554,0.009937569444444445,0.44929670329670335,common_101,F13,112,daymean
F47,124,0.03196759259259259,0.015766840277777777,0.4932132512671977,common_101,F13,112,daymean
F47,125,0.0002777777777777778,0.00018333333333333334,0.66,common_101,F13,112,daymean
F47,126,0.09063657407407405,0.045075868055555544,0.49732537351551526,common_101,F13,112,daymean
F47,128,0.0007638888888888889,0.0003802777777777778,0.49781818181818177,common_101,F13,112,daymean
F47,130,0.000625,0.00029881944444444444,0.4781111111111111,common_101,F13,112,daymean
F47,131,0.00034722222222222224,0.00024243055555555557,0.6982,common_101,F13,112,daymean
F47,136,0.0014583333333333334,0.0024774305555555556,1.6988095238095238,common_101,F13,112,daymean
F47,138,0.013541666666666667,0.023314305555555553,1.7216717948717946,common_101,F13,112,daymean
F47,139,0.0006944444444444445,0.0012988194444444447,1.8703000000000003,common_101,F13,112,daymean
F47,154,0.002916666666666667,0.004741458333333334,1.6256428571428572,common_101,F13,112,daymean
F47,174,0.0014583333333333334,0.002029861111111111,1.391904761904762,common_101,F13,112,daymean
F47,176,0.0033333333333333335,0.0032541666666666665,0.9762499999999998,common_101,F13,112,daymean
F47,177,0.0022916666666666667,0.00318875,1.3914545454545455,common_101,F13,112,daymean
F47,196,0.0016666666666666663,0.0002936805555555555,0.17620833333333333,common_101,F13,112,daymean
F47,209,0.020208333333333335,0.013024722222222224,0.6445223367697595,common_101,F13,112,daymean
F47,241,0.03145833333333333,0.019962916666666667,0.6345827814569537,common_101,F13,112,daymean
F47,242,0.0001388888888888889,0.00010041666666666666,0.723,common_101,F13,112,daymean
F13,104,0.005,0.00155,0.31,common_101,F47,160,hour0
F13,129,0.011666666666666667,0.008343333333333333,0.7151428571428571,common_101,F47,160,hour0
F13,135,0.0016666666666666668,0.0016150000000000001,0.969,common_101,F47,160,hour0
F13,142,0.005,0.002921666666666667,0.5843333333333334,common_101,F47,160,hour0
F13,146,0.0016666666666666668,0.002656666666666667,1.594,common_101,F47,160,hour0
F13,156,0.025,0.019081666666666667,0.7632666666666666,common_101,F47,160,hour0
F13,169,0.0033333333333333335,0.0026,0.7799999999999999,common_101,F47,160,hour0
F13,170,0.0016666666666666668,0.0008066666666666667,0.484,common_101,F47,160,hour0
F13,171,0.008333333333333333,0.006861666666666666,0.8233999999999999,common_101,F47,160,hour0
F13,173,0.0016666666666666668,0.0006966666666666667,0.418,common_101,F47,160,hour0
F13,174,0.0016666666666666668,0.0015216666666666668,0.913,common_101,F47,160,hour0
F13,176,0.0016666666666666668,0.00068,0.40800000000000003,common_101,F47,160,hour0
F13,214,0.005,0.004025,0.8049999999999999,common_101,F47,160,hour0
F13,241,0.0016666666666666668,0.0023833333333333332,1.43,common_101,F47,160,hour0
F13,242,0.0033333333333333335,0.0014133333333333333,0.42399999999999993,common_101,F47,160,hour0
F13,243,0.0016666666666666668,0.0026383333333333332,1.5829999999999997,common_101,F47,160,hour0
F47,103,0.005,0.00336,0.672,common_101,F47,160,hour0
F47,117,0.016666666666666666,0.013080000000000001,0.7848,common_101,F47,160,hour0
F47,120,0.06166666666666665,0.02352666666666666,0.38151351351351354,common_101,F47,160,hour0
F47,124,0.005,0.002275,0.455,common_101,F47,160,hour0
F47,128,0.03833333333333333,0.01763,0.4599130434782609,common_101,F47,160,hour0
F47,129,0.0033333333333333335,0.0022983333333333337,0.6895,common_101,F47,160,hour0
F47,130,0.02,0.009285000000000002,0.46425000000000005,common_101,F47,160,hour0
F47,132,0.008333333333333333,0.0194,2.3280000000000003,common_101,F47,160,hour0
F47,136,0.0016666666666666668,0.00276,1.656,common_101,F47,160,hour0
F47,140,0.0016666666666666668,0.0006700000000000001,0.4020000000000001,common_101,F47,160,hour0
F47,152,0.005833333333333334,0.0024716666666666667,0.4237142857142857,common_101,F47,160,hour0
F47,167,0.005,0.0022983333333333337,0.4596666666666667,common_101,F47,160,hour0
F47,168,0.013333333333333334,0.009966666666666667,0.7474999999999999,common_101,F47,160,hour0
F47,169,0.019166666666666665,0.00752,0.39234782608695656,common_101,F47,160,hour0
F47,170,0.22166666666666707,0.13671500000000025,0.6167593984962406,common_101,F47,160,hour0
F47,239,0.008333333333333333,0.003616666666666667,0.43400000000000005,common_101,F47,160,hour0
F47,240,0.0016666666666666668,0.0007783333333333335,0.467,common_101,F47,160,hour0
F47,241,0.003333333333333333,0.0019433333333333332,0.583,common_101,F47,160,hour0
F47,242,0.4799999999999989,0.3525316666666659,0.7344409722222223,common_101,F47,160,hour0
F13,91,0.0005555555555555556,0.00032930555555555556,0.59275,common_101,F47,160,daymean
F13,104,0.003125,0.0009840972222222221,0.3149111111111111,common_101,F47,160,daymean
F13,106,0.0001388888888888889,4.569444444444444e-05,0.329,common_101,F47,160,daymean
F13,129,0.0067013888888888895,0.0047541319444444445,0.7094248704663212,common_101,F47,160,daymean
F13,131,0.0002777777777777778,0.00021263888888888892,0.7655000000000001,common_101,F47,160,daymean
F13,135,0.0016666666666666668,0.0016956944444444445,1.0174166666666666,common_101,F47,160,daymean
F13,138,0.00045138888888888887,0.000318125,0.7047692307692308,common_101,F47,160,daymean
F13,141,0.0006944444444444445,0.0005006944444444445,0.721,common_101,F47,160,daymean
F13,142,0.005347222222222222,0.0023233333333333335,0.43449350649350654,common_101,F47,160,daymean
F13,146,0.0029861111111111113,0.004435277777777778,1.4853023255813953,common_101,F47,160,daymean
F13,154,0.002638888888888889,0.0010988194444444444,0.4163947368421052,common_101,F47,160,daymean
F13,155,0.0002777777777777778,0.00021993055555555557,0.7917500000000001,common_101,F47,160,daymean
F13,156,0.049305555555555554,0.03690552083333333,0.748506338028169,common_101,F47,160,daymean
F13,169,0.006643518518518519,0.005431342592592593,0.8175400696864111,common_101,F47,160,daymean
F13,170,0.001944444444444444,0.0009123611111111108,0.46921428571428564,common_101,F47,160,daymean
F13,171,0.012430555555555556,0.010833541666666667,0.8715251396648045,common_101,F47,160,daymean
F13,173,0.002777777777777778,0.0011524305555555556,0.414875,common_101,F47,160,daymean
F13,174,0.0036111111111111114,0.0034536805555555558,0.9564038461538461,common_101,F47,160,daymean
F13,176,0.0020833333333333333,0.0008863194444444445,0.42543333333333333,common_101,F47,160,daymean
F13,177,6.944444444444444e-05,6.6875e-05,0.963,common_101,F47,160,daymean
F13,214,0.008819444444444444,0.008276875,0.9384803149606299,common_101,F47,160,daymean
F13,241,0.0008333333333333334,0.0012010416666666667,1.44125,common_101,F47,160,daymean
F13,242,0.0044444444444444444,0.0019061111111111112,0.428875,common_101,F47,160,daymean
F13,243,0.0002777777777777778,0.0004397222222222222,1.583,common_101,F47,160,daymean
F13,244,0.0004398148148148148,0.00019458333333333334,0.44242105263157894,common_101,F47,160,daymean
F47,103,0.002916666666666667,0.0019290277777777778,0.6613809523809524,common_101,F47,160,daymean
F47,117,0.011666666666666667,0.010443541666666667,0.8951607142857143,common_101,F47,160,daymean
F47,119,0.0001388888888888889,0.00013291666666666665,0.957,common_101,F47,160,daymean
F47,120,0.060347222222222226,0.024167430555555557,0.4004729574223245,common_101,F47,160,daymean
F47,123,0.0002777777777777778,0.00011763888888888889,0.4235,common_101,F47,160,daymean
F47,124,0.005069444444444444,0.0023802777777777776,0.4695342465753425,common_101,F47,160,daymean
F47,126,0.0001388888888888889,7.013888888888888e-05,0.505,common_101,F47,160,daymean
F47,127,0.00017361111111111112,0.00012298611111111112,0.7084,common_101,F47,160,daymean
F47,128,0.05002314814814815,0.02448104166666667,0.4893942619157797,common_101,F47,160,daymean
F47,129,0.0038541666666666663,0.0027207638888888885,0.7059279279279279,common_101,F47,160,daymean
F47,130,0.02199074074074074,0.010667083333333334,0.48507157894736846,common_101,F47,160,daymean
F47,132,0.009583333333333333,0.02037548611111111,2.1261376811594204,common_101,F47,160,daymean
F47,136,0.00125,0.00204375,1.635,common_101,F47,160,daymean
F47,137,0.0004166666666666667,0.00021833333333333335,0.524,common_101,F47,160,daymean
F47,139,0.0014583333333333334,0.002474097222222222,1.6965238095238093,common_101,F47,160,daymean
F47,140,0.0005555555555555556,0.00022222222222222226,0.4000000000000001,common_101,F47,160,daymean
F47,152,0.0034606481481481485,0.0014797916666666668,0.4276053511705686,common_101,F47,160,daymean
F47,167,0.003541666666666667,0.0016915972222222224,0.47762745098039217,common_101,F47,160,daymean
F47,168,0.031006944444444445,0.024792152777777778,0.7995677491601344,common_101,F47,160,daymean
F47,169,0.008715277777777778,0.0034681944444444448,0.3979442231075697,common_101,F47,160,daymean
F47,170,0.3308217592592593,0.2609997685185185,0.7889437777700031,common_101,F47,160,daymean
F47,174,0.00034722222222222224,0.0003347222222222222,0.9639999999999999,common_101,F47,160,daymean
F47,175,0.0011805555555555556,0.0004526388888888889,0.3834117647058824,common_101,F47,160,daymean
F47,239,0.00439814814814815,0.0019088194444444454,0.4340052631578948,common_101,F47,160,daymean
F47,240,0.0005555555555555556,0.00026777777777777775,0.48199999999999993,common_101,F47,160,daymean
F47,241,0.0044444444444444444,0.002892777777777778,0.6508750000000001,common_101,F47,160,daymean
F47,242,0.3230555555555555,0.23405812499999995,0.7245135425623388,common_101,F47,160,daymean
F47,243,6.944444444444444e-05,3.638888888888889e-05,0.524,common_101,F47,160,daymean
F13,121,0.023333333333333334,0.030885000000000003,1.3236428571428571,common_101,F47,161,hour0
F13,130,0.006666666666666667,0.005253333333333334,0.788,common_101,F47,161,hour0
F13,135,0.011666666666666667,0.011296666666666667,0.9682857142857142,common_101,F47,161,hour0
F13,137,0.16333333333333325,0.1570199999999999,0.9613469387755101,common_101,F47,161,hour0
F13,139,0.018333333333333333,0.018945,1.0333636363636363,common_101,F47,161,hour0
F13,155,0.016666666666666666,0.013743333333333333,0.8246,common_101,F47,161,hour0
F13,156,0.07166666666666661,0.05586666666666663,0.7795348837209303,common_101,F47,161,hour0
F13,171,0.035,0.029098333333333334,0.8313809523809523,common_101,F47,161,hour0
F13,196,0.0016666666666666668,0.0008916666666666668,0.535,common_101,F47,161,hour0
F13,213,0.0033333333333333335,0.0010066666666666666,0.30199999999999994,common_101,F47,161,hour0
F13,214,0.018333333333333333,0.014641666666666667,0.7986363636363637,common_101,F47,161,hour0
F13,241,0.0016666666666666668,0.002436666666666667,1.462,common_101,F47,161,hour0
F13,243,0.0016666666666666668,0.0026383333333333332,1.5829999999999997,common_101,F47,161,hour0
F47,117,0.0016666666666666668,0.0013083333333333334,0.785,common_101,F47,161,hour0
F47,126,0.0016666666666666668,0.0008233333333333334,0.494,common_101,F47,161,hour0
F47,130,0.0016666666666666668,0.0007516666666666668,0.451,common_101,F47,161,hour0
F47,139,0.3866666666666668,0.6318750000000003,1.6341594827586208,common_101,F47,161,hour0
F47,154,0.055,0.08815833333333334,1.602878787878788,common_101,F47,161,hour0
F47,170,0.0033333333333333335,0.0023500000000000005,0.7050000000000001,common_101,F47,161,hour0
F47,174,0.0016666666666666668,0.0019733333333333334,1.184,common_101,F47,161,hour0
F47,176,0.0016666666666666668,0.0015833333333333333,0.95,common_101,F47,161,hour0
F47,239,0.01,0.004341666666666667,0.4341666666666667,common_101,F47,161,hour0
F47,241,0.15833333333333333,0.09336166666666665,0.5896526315789473,common_101,F47,161,hour0
F47,242,0.005,0.0036116666666666667,0.7223333333333333,common_101,F47,161,hour0
F13,80,6.944444444444444e-05,4.041666666666666e-05,0.582,common_101,F47,161,daymean
F13,82,0.0006944444444444445,0.0003807638888888889,0.5483,common_101,F47,161,daymean
F13,84,0.000625,0.00033395833333333335,0.5343333333333333,common_101,F47,161,daymean
F13,91,0.0007638888888888889,0.00043368055555555553,0.5677272727272726,common_101,F47,161,daymean
F13,93,0.0024305555555555556,0.0010000694444444445,0.41145714285714285,common_101,F47,161,daymean
F13,96,0.0004166666666666667,0.00016208333333333336,0.38900000000000007,common_101,F47,161,daymean
F13,104,0.0001388888888888889,4.208333333333333e-05,0.303,common_101,F47,161,daymean
F13,106,0.0007638888888888889,0.00024812500000000003,0.32481818181818184,common_101,F47,161,daymean
F13,120,0.0011805555555555556,0.001360763888888889,1.1526470588235296,common_101,F47,161,daymean
F13,121,0.02451388888888889,0.032756041666666666,1.3362237960339942,common_101,F47,161,daymean
F13,130,0.0008333333333333334,0.000653888888888889,0.7846666666666667,common_101,F47,161,daymean
F13,132,0.0001388888888888889,0.00010902777777777778,0.785,common_101,F47,161,daymean
F13,133,0.0001388888888888889,0.00013770833333333332,0.9914999999999999,common_101,F47,161,daymean
F13,135,0.017291666666666667,0.017645208333333332,1.02044578313253,common_101,F47,161,daymean
F13,137,0.11673611111111108,0.12571201388888886,1.0768905413444378,common_101,F47,161,daymean
F13,138,6.944444444444444e-05,5.243055555555556e-05,0.755,common_101,F47,161,daymean
F13,139,0.012569444444444444,0.016275,1.2948066298342542,common_101,F47,161,daymean
F13,140,0.00020833333333333335,0.000145625,0.699,common_101,F47,161,daymean
F13,141,0.00034722222222222224,0.00023625,0.6804,common_101,F47,161,daymean
F13,146,0.005625000000000001,0.008910486111111112,1.5840864197530864,common_101,F47,161,daymean
F13,154,0.0011805555555555558,0.00048138888888888895,0.4077647058823529,common_101,F47,161,daymean
F13,155,0.016458333333333332,0.013325069444444445,0.8096244725738397,common_101,F47,161,daymean
F13,156,0.11718749999999997,0.08813631944444443,0.7520965925925926,common_101,F47,161,daymean
F13,169,0.0014583333333333334,0.0012547916666666666,0.8604285714285713,common_101,F47,161,daymean
F13,170,0.0002777777777777778,0.00012854166666666667,0.46275,common_101,F47,161,daymean
F13,171,0.020694444444444442,0.017835069444444445,0.8618288590604029,common_101,F47,161,daymean
F13,172,0.0009027777777777778,0.0008411111111111112,0.9316923076923077,common_101,F47,161,daymean
F13,175,0.0015277777777777779,0.001454375,0.9519545454545454,common_101,F47,161,daymean
F13,177,0.0004166666666666667,0.00042708333333333335,1.025,common_101,F47,161,daymean
F13,196,0.0016666666666666668,0.0009133333333333335,0.548,common_101,F47,161,daymean
F13,211,0.00020833333333333335,0.00010937500000000002,0.525,common_101,F47,161,daymean
F13,213,0.003333333333333333,0.0010013194444444444,0.30039583333333336,common_101,F47,161,daymean
F13,214,0.023680555555555555,0.022270138888888888,0.9404398826979472,common_101,F47,161,daymean
F13,241,0.0018055555555555555,0.0026365972222222225,1.4602692307692309,common_101,F47,161,daymean
F13,242,6.944444444444444e-05,3.180555555555556e-05,0.458,common_101,F47,161,daymean
F13,243,0.0015277777777777779,0.0025636805555555556,1.6780454545454544,common_101,F47,161,daymean
F13,244,0.00020833333333333332,9.083333333333334e-05,0.43600000000000005,common_101,F47,161,daymean
F47,69,0.00034722222222222224,0.00012527777777777778,0.3608,common_101,F47,161,daymean
F47,117,0.009236111111111112,0.008422083333333334,0.9118646616541353,common_101,F47,161,daymean
F47,119,0.004375,0.004297847222222222,0.9823650793650792,common_101,F47,161,daymean
F47,120,0.0004861111111111111,0.00021833333333333335,0.4491428571428572,common_101,F47,161,daymean
F47,121,0.0009722222222222223,0.0006014583333333333,0.618642857142857,common_101,F47,161,daymean
F47,122,0.0002777777777777778,0.00016875,0.6075,common_101,F47,161,daymean
F47,123,6.944444444444444e-05,3.0416666666666666e-05,0.438,common_101,F47,161,daymean
F47,124,0.0001388888888888889,6.173611111111111e-05,0.4445,common_101,F47,161,daymean
F47,126,0.002638888888888889,0.0012804166666666667,0.4852105263157895,common_101,F47,161,daymean
F47,127,0.0004861111111111111,0.00035625,0.7328571428571429,common_101,F47,161,daymean
F47,128,0.006493055555555556,0.003216527777777778,0.495379679144385,common_101,F47,161,daymean
F47,129,0.0015277777777777779,0.0010725694444444446,0.7020454545454546,common_101,F47,161,daymean
F47,130,0.01420138888888889,0.0071556944444444446,0.5038728606356968,common_101,F47,161,daymean
F47,132,0.01840277777777778,0.048115625,2.6145849056603776,common_101,F47,161,daymean
F47,136,0.03152777777777777,0.05123131944444444,1.6249581497797356,common_101,F47,161,daymean
F47,138,0.02034722222222222,0.03461326388888889,1.7011296928327646,common_101,F47,161,daymean
F47,139,0.2933333333333332,0.48526527777777767,1.6543134469696972,common_101,F47,161,daymean
F47,152,0.0005555555555555556,0.00023486111111111112,0.42275,common_101,F47,161,daymean
F47,154,0.025763888888888888,0.04135111111111111,1.6050026954177898,common_101,F47,161,daymean
F47,167,6.944444444444444e-05,3.215277777777778e-05,0.46299999999999997,common_101,F47,161,daymean
F47,168,0.0004861111111111111,0.0003665972222222222,0.7541428571428571,common_101,F47,161,daymean
F47,170,0.02486111111111111,0.020016041666666665,0.8051145251396647,common_101,F47,161,daymean
F47,174,0.0016666666666666663,0.0019937499999999994,1.1962499999999998,common_101,F47,161,daymean
F47,175,0.0015277777777777779,0.0006550694444444444,0.42877272727272725,common_101,F47,161,daymean
F47,176,0.0001388888888888889,0.00013173611111111112,0.9485,common_101,F47,161,daymean
F47,239,0.016666666666666663,0.007231319444444443,0.43387916666666665,common_101,F47,161,daymean
F47,241,0.11986111111111108,0.07774045138888887,0.648587775202781,common_101,F47,161,daymean
F47,242,0.025381944444444443,0.018386979166666664,0.7244117647058823,common_101,F47,161,daymean
F13,55,0.0016666666666666668,0.0008516666666666667,0.511,common_2024,F13,98,hour0
F13,78,0.0016666666666666668,0.000945,0.567,common_2024,F13,98,hour0
F13,80,0.011666666666666667,0.006528333333333334,0.5595714285714286,common_2024,F13,98,hour0
F13,82,0.02,0.01029,0.5145000000000001,common_2024,F13,98,hour0
F13,84,0.0033333333333333335,0.0016933333333333334,0.508,common_2024,F13,98,hour0
F13,89,0.005,0.0027300000000000002,0.546,common_2024,F13,98,hour0
F13,90,0.015000000000000001,0.008085,0.5389999999999999,common_2024,F13,98,hour0
F13,91,0.11166666666666655,0.06324333333333326,0.5663582089552238,common_2024,F13,98,hour0
F13,93,0.22499999999999978,0.08517999999999991,0.37857777777777774,common_2024,F13,98,hour0
F13,94,0.021666666666666667,0.00817,0.3770769230769231,common_2024,F13,98,hour0
F13,96,0.03,0.011801666666666667,0.3933888888888889,common_2024,F13,98,hour0
F13,104,0.3325000000000003,0.10231416666666676,0.30771177944862155,common_2024,F13,98,hour0
F13,106,0.09749999999999995,0.029612499999999983,0.3037179487179487,common_2024,F13,98,hour0
F13,120,0.005,0.005950000000000001,1.1900000000000002,common_2024,F13,98,hour0
F13,211,0.005,0.0025766666666666668,0.5153333333333333,common_2024,F13,98,hour0
F13,212,0.0016666666666666668,0.0006050000000000001,0.36300000000000004,common_2024,F13,98,hour0
F47,102,0.005,0.0011,0.22,common_2024,F13,98,hour0
F47,103,0.06833333333333329,0.04504666666666664,0.659219512195122,common_2024,F13,98,hour0
F47,104,0.0016666666666666668,0.00034,0.20400000000000001,common_2024,F13,98,hour0
F47,118,0.0016666666666666666,0.00047833333333333327,0.287,common_2024,F13,98,hour0
F47,119,0.006666666666666667,0.005515,0.8272499999999999,common_2024,F13,98,hour0
F47,120,0.01,0.003816666666666667,0.3816666666666667,common_2024,F13,98,hour0
F47,123,0.0016666666666666668,0.0006916666666666667,0.415,common_2024,F13,98,hour0
F47,124,0.005,0.002275,0.455,common_2024,F13,98,hour0
F47,127,0.0016666666666666668,0.0010916666666666668,0.655,common_2024,F13,98,hour0
F47,128,0.0033333333333333335,0.0015600000000000002,0.468,common_2024,F13,98,hour0
F47,130,0.0016666666666666668,0.0007700000000000001,0.462,common_2024,F13,98,hour0
F47,136,0.0016666666666666668,0.002765,1.659,common_2024,F13,98,hour0
F47,243,0.0033333333333333335,0.0013633333333333334,0.409,common_2024,F13,98,hour0
F13,55,0.0031944444444444446,0.0016311805555555556,0.5106304347826087,common_2024,F13,98,daymean
F13,71,0.0002777777777777778,0.0001625,0.585,common_2024,F13,98,daymean
F13,72,0.0022916666666666667,0.0010927777777777778,0.47684848484848485,common_2024,F13,98,daymean
F13,76,0.015243055555555555,0.008715277777777778,0.5717539863325741,common_2024,F13,98,daymean
F13,77,6.944444444444444e-05,3.194444444444445e-05,0.46,common_2024,F13,98,daymean
F13,78,0.004618055555555556,0.002698541666666667,0.5843458646616542,common_2024,F13,98,daymean
F13,79,0.0006944444444444445,0.00034500000000000004,0.4968,common_2024,F13,98,daymean
F13,80,0.02940972222222222,0.01686409722222222,0.5734191263282172,common_2024,F13,98,daymean
F13,81,0.0001388888888888889,6.708333333333333e-05,0.483,common_2024,F13,98,daymean
F13,82,0.017361111111111112,0.009289791666666667,0.535092,common_2024,F13,98,daymean
F13,84,0.015902777777777776,0.008509201388888889,0.5350764192139739,common_2024,F13,98,daymean
F13,85,0.0001388888888888889,8.006944444444445e-05,0.5765,common_2024,F13,98,daymean
F13,89,0.011979166666666666,0.006790451388888888,0.5668550724637681,common_2024,F13,98,daymean
F13,90,0.016458333333333332,0.0090290625,0.5486012658227849,common_2024,F13,98,daymean
F13,91,0.07302083333333333,0.041580868055555546,0.5694384213029006,common_2024,F13,98,daymean
F13,93,0.21913194444444437,0.08722663194444441,0.3980553002693709,common_2024,F13,98,daymean
F13,94,0.023854166666666666,0.00932125,0.3907598253275109,common_2024,F13,98,daymean
F13,95,0.0002777777777777778,0.00012333333333333334,0.444,common_2024,F13,98,daymean
F13,96,0.02895833333333333,0.011503368055555555,0.39723860911270986,common_2024,F13,98,daymean
F13,104,0.31239583333333326,0.09999468749999998,0.3200896965655219,common_2024,F13,98,daymean
F13,106,0.08774305555555553,0.027796076388888886,0.31678947368421057,common_2024,F13,98,daymean
F13,119,6.944444444444444e-05,2.1458333333333334e-05,0.309,common_2024,F13,98,daymean
F13,120,0.005069444444444444,0.006926388888888889,1.3663013698630138,common_2024,F13,98,daymean
F13,121,0.0006944444444444445,0.0010434722222222221,1.5025999999999997,common_2024,F13,98,daymean
F13,129,0.0006944444444444445,0.0005148611111111111,0.7414,common_2024,F13,98,daymean
F13,135,0.0005555555555555556,0.0006124305555555555,1.1023749999999999,common_2024,F13,98,daymean
F13,137,0.0001388888888888889,0.00016180555555555555,1.165,common_2024,F13,98,daymean
F13,139,0.0002777777777777778,0.0004142361111111111,1.49125,common_2024,F13,98,daymean
F13,141,0.0005555555555555556,0.0004622222222222222,0.832,common_2024,F13,98,daymean
F13,171,0.0001388888888888889,0.00012291666666666665,0.8849999999999999,common_2024,F13,98,daymean
F13,174,0.0006944444444444445,0.0006434722222222223,0.9266,common_2024,F13,98,daymean
F13,177,0.0010416666666666667,0.001056875,1.0146000000000002,common_2024,F13,98,daymean
F13,196,0.000625,0.0003484027777777778,0.5574444444444444,common_2024,F13,98,daymean
F13,197,0.0010416666666666667,0.0005825,0.5592,common_2024,F13,98,daymean
F13,211,0.0033680555555555556,0.0017673611111111113,0.5247422680412371,common_2024,F13,98,daymean
F13,212,0.00034722222222222224,0.00012604166666666666,0.363,common_2024,F13,98,daymean
F13,214,0.0008333333333333334,0.0008920833333333333,1.0704999999999998,common_2024,F13,98,daymean
F47,71,6.944444444444444e-05,2.6805555555555557e-05,0.386,common_2024,F13,98,daymean
F47,102,0.004999999999999999,0.0010996527777777775,0.21993055555555555,common_2024,F13,98,daymean
F47,103,0.055555555555555546,0.03689798611111111,0.66416375,common_2024,F13,98,daymean
F47,104,0.0016666666666666668,0.0003479166666666666,0.20874999999999996,common_2024,F13,98,daymean
F47,118,0.0016666666666666666,0.00047833333333333327,0.287,common_2024,F13,98,daymean
F47,119,0.011527777777777777,0.009628194444444444,0.8352168674698796,common_2024,F13,98,daymean
F47,120,0.012847222222222223,0.005267291666666667,0.40999459459459453,common_2024,F13,98,daymean
F47,121,0.0013194444444444445,0.0007658333333333333,0.580421052631579,common_2024,F13,98,daymean
F47,123,0.006736111111111111,0.003042013888888889,0.45159793814432986,common_2024,F13,98,daymean
F47,124,0.012638888888888889,0.0059969444444444445,0.4744835164835165,common_2024,F13,98,daymean
F47,127,0.0009722222222222222,0.0006347222222222223,0.6528571428571429,common_2024,F13,98,daymean
F47,128,0.004791666666666667,0.002388541666666667,0.4984782608695652,common_2024,F13,98,daymean
F47,130,0.0020833333333333333,0.0010065972222222223,0.4831666666666667,common_2024,F13,98,daymean
F47,136,0.0016666666666666668,0.0027294444444444445,1.6376666666666666,common_2024,F13,98,daymean
F47,152,0.0009027777777777778,0.00040493055555555557,0.4485384615384615,common_2024,F13,98,daymean
F47,167,0.00034722222222222224,0.00014805555555555554,0.42639999999999995,common_2024,F13,98,daymean
F47,169,0.00020833333333333332,8.180555555555556e-05,0.3926666666666667,common_2024,F13,98,daymean
F47,174,6.944444444444444e-05,0.00010263888888888889,1.478,common_2024,F13,98,daymean
F47,176,6.944444444444444e-05,6.506944444444445e-05,0.937,common_2024,F13,98,daymean
F47,243,0.0005555555555555556,0.0002276388888888889,0.40975,common_2024,F13,98,daymean
F13,72,0.0016666666666666668,0.0007750000000000001,0.465,common_2024,F13,112,hour0
F13,76,0.028333333333333335,0.015400000000000002,0.5435294117647059,common_2024,F13,112,hour0
F13,78,0.008333333333333333,0.004724999999999999,0.567,common_2024,F13,112,hour0
F13,80,0.0033333333333333335,0.001905,0.5715,common_2024,F13,112,hour0
F13,84,0.0016666666666666668,0.0008383333333333334,0.503,common_2024,F13,112,hour0
F13,85,0.006666666666666667,0.0036566666666666674,0.5485000000000001,common_2024,F13,112,hour0
F13,89,0.005,0.002785,0.557,common_2024,F13,112,hour0
F13,90,0.04166666666666667,0.022513333333333337,0.54032,common_2024,F13,112,hour0
F13,93,0.0025,0.001035,0.4139999999999999,common_2024,F13,112,hour0
F13,94,0.06416666666666668,0.024175000000000002,0.37675324675324673,common_2024,F13,112,hour0
F13,96,0.021666666666666667,0.008545,0.3943846153846154,common_2024,F13,112,hour0
F13,104,0.05333333333333333,0.01654833333333333,0.31028125,common_2024,F13,112,hour0
F13,106,0.016666666666666666,0.005136666666666667,0.30820000000000003,common_2024,F13,112,hour0
F13,120,0.0016666666666666668,0.001955,1.173,common_2024,F13,112,hour0
F13,121,0.006666666666666667,0.009033333333333334,1.355,common_2024,F13,112,hour0
F13,130,0.10999999999999989,0.08768999999999992,0.7971818181818182,common_2024,F13,112,hour0
F13,132,0.013333333333333334,0.009906666666666668,0.743,common_2024,F13,112,hour0
F13,133,0.006666666666666667,0.006301666666666666,0.9452499999999999,common_2024,F13,112,hour0
F13,134,0.0016666666666666668,0.0012683333333333333,0.7609999999999999,common_2024,F13,112,hour0
F13,139,0.0016666666666666668,0.0018866666666666667,1.132,common_2024,F13,112,hour0
F13,171,0.011666666666666667,0.009605,0.8232857142857143,common_2024,F13,112,hour0
F13,172,0.006666666666666667,0.0057083333333333335,0.85625,common_2024,F13,112,hour0
F13,177,0.0016666666666666668,0.0016216666666666667,0.973,common_2024,F13,112,hour0
F13,178,0.0016666666666666668,0.0018950000000000002,1.137,common_2024,F13,112,hour0
F13,211,0.0033333333333333335,0.0016950000000000001,0.5085,common_2024,F13,112,hour0
F13,214,0.005,0.003995,0.799,common_2024,F13,112,hour0
F13,241,0.0016666666666666668,0.0024683333333333337,1.481,common_2024,F13,112,hour0
F47,103,0.021666666666666667,0.014333333333333335,0.6615384615384616,common_2024,F13,112,hour0
F47,117,0.011666666666666667,0.009436666666666668,0.8088571428571429,common_2024,F13,112,hour0
F47,119,0.32000000000000056,0.26820666666666715,0.8381458333333334,common_2024,F13,112,hour0
F47,120,0.023333333333333334,0.009038333333333334,0.38735714285714284,common_2024,F13,112,hour0
F47,123,0.023333333333333334,0.009871666666666667,0.4230714285714286,common_2024,F13,112,hour0
F47,124,0.030000000000000002,0.014375,0.47916666666666663,common_2024,F13,112,hour0
F47,125,0.0033333333333333335,0.002191666666666667,0.6575,common_2024,F13,112,hour0
F47,126,0.06333333333333334,0.031376666666666664,0.4954210526315789,common_2024,F13,112,hour0
F47,128,0.0016666666666666668,0.0007683333333333334,0.461,common_2024,F13,112,hour0
F47,136,0.0016666666666666668,0.00276,1.656,common_2024,F13,112,hour0
F47,138,0.01,0.01755,1.755,common_2024,F13,112,hour0
F47,154,0.0033333333333333335,0.005001666666666666,1.5004999999999997,common_2024,F13,112,hour0
F47,176,0.005,0.004723333333333334,0.9446666666666668,common_2024,F13,112,hour0
F47,209,0.028333333333333335,0.018131666666666667,0.6399411764705882,common_2024,F13,112,hour0
F47,241,0.025,0.014563333333333334,0.5825333333333333,common_2024,F13,112,hour0
F13,55,0.0005555555555555557,0.0003033333333333334,0.546,common_2024,F13,112,daymean
F13,72,0.0016666666666666668,0.0008019444444444445,0.4811666666666667,common_2024,F13,112,daymean
F13,76,0.021527777777777774,0.011950520833333332,0.5551209677419355,common_2024,F13,112,daymean
F13,77,0.00020833333333333335,0.00010479166666666667,0.503,common_2024,F13,112,daymean
F13,78,0.010555555555555554,0.006010277777777777,0.5693947368421053,common_2024,F13,112,daymean
F13,80,0.0053125,0.0030697222222222224,0.5778300653594771,common_2024,F13,112,daymean
F13,82,0.0003819444444444444,0.00021729166666666663,0.5689090909090909,common_2024,F13,112,daymean
F13,84,0.006597222222222222,0.0035334722222222226,0.5356000000000001,common_2024,F13,112,daymean
F13,85,0.0035416666666666665,0.001933715277777778,0.5459901960784315,common_2024,F13,112,daymean
F13,89,0.004895833333333333,0.002786423611111111,0.5691418439716313,common_2024,F13,112,daymean
F13,90,0.03961805555555555,0.021633437499999998,0.5460499561787905,common_2024,F13,112,daymean
F13,91,0.0016666666666666668,0.0009935416666666667,0.5961249999999999,common_2024,F13,112,daymean
F13,92,0.0008333333333333334,0.0004141666666666667,0.497,common_2024,F13,112,daymean
F13,93,0.0020833333333333333,0.0008513194444444445,0.40863333333333335,common_2024,F13,112,daymean
F13,94,0.05944444444444444,0.023283923611111108,0.39169217289719627,common_2024,F13,112,daymean
F13,96,0.026319444444444444,0.010574583333333332,0.4017783641160949,common_2024,F13,112,daymean
F13,104,0.058124999999999996,0.018606805555555554,0.3201170848267622,common_2024,F13,112,daymean
F13,106,0.018055555555555554,0.005715208333333333,0.3165346153846154,common_2024,F13,112,daymean
F13,119,0.0001388888888888889,4.3958333333333336e-05,0.3165,common_2024,F13,112,daymean
F13,120,0.003680555555555556,0.004773819444444444,1.2970377358490564,common_2024,F13,112,daymean
F13,121,0.008402777777777778,0.011665277777777778,1.3882644628099172,common_2024,F13,112,daymean
F13,130,0.056770833333333326,0.04452684027777777,0.784325993883792,common_2024,F13,112,daymean
F13,131,0.0011111111111111111,0.0008466666666666667,0.762,common_2024,F13,112,daymean
F13,132,0.06034722222222222,0.056270555555555546,0.932446490218642,common_2024,F13,112,daymean
F13,133,0.024027777777777776,0.023838263888888888,0.9921127167630058,common_2024,F13,112,daymean
F13,134,0.00048611111111111115,0.0003699305555555556,0.761,common_2024,F13,112,daymean
F13,135,0.012361111111111111,0.012686875,1.0263539325842697,common_2024,F13,112,daymean
F13,137,0.001736111111111111,0.002003888888888889,1.15424,common_2024,F13,112,daymean
F13,139,0.02236111111111111,0.031070069444444442,1.3894689440993788,common_2024,F13,112,daymean
F13,146,0.0016666666666666668,0.002453402777777778,1.4720416666666667,common_2024,F13,112,daymean
F13,156,0.0005902777777777778,0.00043038194444444444,0.7291176470588235,common_2024,F13,112,daymean
F13,171,0.012638888888888889,0.01078923611111111,0.8536538461538461,common_2024,F13,112,daymean
F13,172,0.0044444444444444444,0.00429375,0.96609375,common_2024,F13,112,daymean
F13,174,0.0004861111111111111,0.0004747222222222222,0.9765714285714285,common_2024,F13,112,daymean
F13,177,0.001736111111111111,0.0017094444444444444,0.9846400000000001,common_2024,F13,112,daymean
F13,178,0.0018055555555555557,0.0024841666666666666,1.3758461538461537,common_2024,F13,112,daymean
F13,179,6.944444444444444e-05,2.7986111111111112e-05,0.403,common_2024,F13,112,daymean
F13,196,0.0024305555555555556,0.0013436458333333334,0.5528142857142857,common_2024,F13,112,daymean
F13,197,0.006284722222222223,0.0035095833333333337,0.5584309392265193,common_2024,F13,112,daymean
F13,211,0.004930555555555555,0.002550694444444444,0.5173239436619718,common_2024,F13,112,daymean
F13,214,0.00576388888888889,0.0057755555555555555,1.002024096385542,common_2024,F13,112,daymean
F13,241,0.0009722222222222222,0.0013974305555555556,1.437357142857143,common_2024,F13,112,daymean
F13,243,0.0007638888888888889,0.0013004166666666667,1.7023636363636363,common_2024,F13,112,daymean
F47,103,0.022916666666666665,0.015261666666666666,0.6659636363636364,common_2024,F13,112,daymean
F47,117,0.014652777777777777,0.013817222222222222,0.9429763033175356,common_2024,F13,112,daymean
F47,119,0.23173611111111114,0.19573222222222225,0.844634102487264,common_2024,F13,112,daymean
F47,120,0.025277777777777777,0.0103403125,0.4090673076923077,common_2024,F13,112,daymean
F47,121,0.0006944444444444445,0.00040541666666666666,0.5838,common_2024,F13,112,daymean
F47,123,0.022638888888888892,0.010093541666666667,0.44584969325153373,common_2024,F13,112,daymean
F47,124,0.04203703703703703,0.020768541666666664,0.4940534140969163,common_2024,F13,112,daymean
F47,125,0.003263888888888889,0.0021863194444444447,0.6698510638297873,common_2024,F13,112,daymean
F47,126,0.07015046296296296,0.03502052083333333,0.49922009569377995,common_2024,F13,112,daymean
F47,128,0.0011805555555555556,0.0005672222222222222,0.4804705882352941,common_2024,F13,112,daymean
F47,131,0.0011805555555555556,0.0008476388888888889,0.718,common_2024,F13,112,daymean
F47,136,0.0027083333333333334,0.0045021527777777785,1.6623333333333337,common_2024,F13,112,daymean
F47,138,0.007708333333333333,0.013360625,1.7332702702702703,common_2024,F13,112,daymean
F47,139,0.0001388888888888889,0.00027277777777777776,1.964,common_2024,F13,112,daymean
F47,154,0.0027083333333333334,0.004366666666666666,1.612307692307692,common_2024,F13,112,daymean
F47,168,0.0001388888888888889,0.00011805555555555555,0.85,common_2024,F13,112,daymean
F47,174,0.0024305555555555556,0.0034209722222222224,1.4074857142857142,common_2024,F13,112,daymean
F47,176,0.003888888888888889,0.0037690972222222223,0.9691964285714285,common_2024,F13,112,daymean
F47,177,0.0004166666666666667,0.0004254166666666667,1.0210000000000001,common_2024,F13,112,daymean
F47,209,0.020416666666666663,0.01319534722222222,0.6463027210884353,common_2024,F13,112,daymean
F47,241,0.026319444444444444,0.017033819444444445,0.6471952506596307,common_2024,F13,112,daymean
F13,106,0.008333333333333333,0.0025383333333333334,0.30460000000000004,common_2024,F47,160,hour0
F13,129,0.013333333333333334,0.009436666666666666,0.7077499999999999,common_2024,F47,160,hour0
F13,141,0.0016666666666666668,0.0011233333333333334,0.674,common_2024,F47,160,hour0
F13,142,0.0033333333333333335,0.0022033333333333336,0.661,common_2024,F47,160,hour0
F13,154,0.0016666666666666668,0.0007116666666666667,0.427,common_2024,F47,160,hour0
F13,156,0.04666666666666667,0.035383333333333336,0.7582142857142857,common_2024,F47,160,hour0
F13,169,0.005,0.003851666666666667,0.7703333333333333,common_2024,F47,160,hour0
F13,171,0.011666666666666667,0.009611666666666668,0.823857142857143,common_2024,F47,160,hour0
F13,172,0.005,0.0042316666666666666,0.8463333333333333,common_2024,F47,160,hour0
F13,173,0.0016666666666666668,0.000675,0.40499999999999997,common_2024,F47,160,hour0
F13,174,0.0033333333333333335,0.0030600000000000002,0.918,common_2024,F47,160,hour0
F13,214,0.005,0.004025,0.8049999999999999,common_2024,F47,160,hour0
F13,242,0.005,0.0021616666666666668,0.43233333333333335,common_2024,F47,160,hour0
F47,103,0.0016666666666666668,0.0010733333333333335,0.644,common_2024,F47,160,hour0
F47,117,0.030000000000000002,0.02349333333333334,0.7831111111111112,common_2024,F47,160,hour0
F47,120,0.04833333333333331,0.018589999999999995,0.3846206896551725,common_2024,F47,160,hour0
F47,123,0.0016666666666666668,0.0006916666666666667,0.415,common_2024,F47,160,hour0
F47,124,0.0033333333333333335,0.0015166666666666668,0.455,common_2024,F47,160,hour0
F47,125,0.0016666666666666668,0.0010883333333333335,0.653,common_2024,F47,160,hour0
F47,127,0.0016666666666666668,0.0010716666666666667,0.643,common_2024,F47,160,hour0
F47,128,0.03833333333333333,0.017648333333333335,0.46039130434782616,common_2024,F47,160,hour0
F47,129,0.005,0.003485,0.697,common_2024,F47,160,hour0
F47,130,0.016666666666666666,0.0076566666666666675,0.45940000000000003,common_2024,F47,160,hour0
F47,132,0.011666666666666667,0.03441,2.9494285714285717,common_2024,F47,160,hour0
F47,136,0.006666666666666667,0.010881666666666666,1.6322499999999998,common_2024,F47,160,hour0
F47,140,0.0016666666666666668,0.0006700000000000001,0.4020000000000001,common_2024,F47,160,hour0
F47,152,0.006666666666666667,0.0028183333333333333,0.42274999999999996,common_2024,F47,160,hour0
F47,168,0.016666666666666666,0.012450000000000001,0.7470000000000001,common_2024,F47,160,hour0
F47,169,0.008333333333333333,0.00325,0.39,common_2024,F47,160,hour0
F47,170,0.23000000000000048,0.14188166666666696,0.6168768115942029,common_2024,F47,160,hour0
F47,175,0.0016666666666666668,0.0007216666666666667,0.433,common_2024,F47,160,hour0
F47,209,0.0016666666666666668,0.00107,0.6419999999999999,common_2024,F47,160,hour0
F47,239,0.008333333333333333,0.0036166666666666665,0.434,common_2024,F47,160,hour0
F47,240,0.0033333333333333335,0.0015966666666666668,0.47900000000000004,common_2024,F47,160,hour0
F47,241,0.005,0.0030416666666666665,0.6083333333333333,common_2024,F47,160,hour0
F47,242,0.4283333333333326,0.31460666666666615,0.7344902723735408,common_2024,F47,160,hour0
F47,243,0.01,0.004118333333333333,0.41183333333333333,common_2024,F47,160,hour0
F13,104,0.003402777777777778,0.0011029166666666668,0.32412244897959186,common_2024,F47,160,daymean
F13,106,0.00875,0.0027747222222222223,0.31711111111111107,common_2024,F47,160,daymean
F13,129,0.006388888888888889,0.004550069444444444,0.7121847826086956,common_2024,F47,160,daymean
F13,131,6.944444444444444e-05,5.201388888888889e-05,0.749,common_2024,F47,160,daymean
F13,135,0.0001388888888888889,0.00013569444444444444,0.977,common_2024,F47,160,daymean
F13,137,0.00020833333333333335,0.00022708333333333337,1.09,common_2024,F47,160,daymean
F13,138,0.0002777777777777778,0.00019958333333333335,0.7185,common_2024,F47,160,daymean
F13,141,0.0036458333333333334,0.0026594791666666668,0.7294571428571429,common_2024,F47,160,daymean
F13,142,0.0032291666666666666,0.0014240625,0.441,common_2024,F47,160,daymean
F13,146,0.000625,0.0009688888888888889,1.5502222222222222,common_2024,F47,160,daymean
F13,154,0.0031944444444444446,0.001313888888888889,0.41130434782608694,common_2024,F47,160,daymean
F13,155,0.0013194444444444445,0.0010659027777777778,0.8078421052631579,common_2024,F47,160,daymean
F13,156,0.06131944444444443,0.04593246527777777,0.7490685164212911,common_2024,F47,160,daymean
F13,169,0.008715277777777778,0.007049444444444445,0.8088605577689243,common_2024,F47,160,daymean
F13,170,0.0008333333333333334,0.00034416666666666667,0.413,common_2024,F47,160,daymean
F13,171,0.017847222222222223,0.015539236111111111,0.8706809338521401,common_2024,F47,160,daymean
F13,172,0.0022222222222222222,0.0021664583333333336,0.9749062500000001,common_2024,F47,160,daymean
F13,173,0.0015972222222222223,0.0006430555555555556,0.4026086956521739,common_2024,F47,160,daymean
F13,174,0.003541666666666667,0.0033434722222222225,0.9440392156862745,common_2024,F47,160,daymean
F13,176,0.0014236111111111112,0.0006432986111111112,0.4518780487804879,common_2024,F47,160,daymean
F13,214,0.012777777777777777,0.012230416666666665,0.9571630434782609,common_2024,F47,160,daymean
F13,241,6.944444444444444e-05,9.25e-05,1.332,common_2024,F47,160,daymean
F13,242,0.0030208333333333333,0.0013167708333333334,0.435896551724138,common_2024,F47,160,daymean
F13,244,0.0009027777777777777,0.00040500000000000003,0.4486153846153847,common_2024,F47,160,daymean
F13,245,0.0009027777777777778,0.0007489583333333334,0.8296153846153845,common_2024,F47,160,daymean
F47,103,0.0009027777777777777,0.0005977083333333333,0.6620769230769231,common_2024,F47,160,daymean
F47,117,0.023402777777777776,0.019742708333333334,0.8436053412462909,common_2024,F47,160,daymean
F47,120,0.048541666666666664,0.019758680555555554,0.4070457796852647,common_2024,F47,160,daymean
F47,123,0.0009027777777777777,0.0003797222222222222,0.4206153846153846,common_2024,F47,160,daymean
F47,124,0.005416666666666667,0.002504513888888889,0.46237179487179486,common_2024,F47,160,daymean
F47,125,0.0016666666666666668,0.0011293055555555557,0.6775833333333334,common_2024,F47,160,daymean
F47,127,0.0021527777777777778,0.0014755555555555557,0.6854193548387097,common_2024,F47,160,daymean
F47,128,0.03993055555555555,0.01930826388888889,0.4835460869565218,common_2024,F47,160,daymean
F47,129,0.005277777777777776,0.0036760416666666656,0.6965131578947369,common_2024,F47,160,daymean
F47,130,0.021180555555555557,0.010269791666666667,0.48486885245901634,common_2024,F47,160,daymean
F47,132,0.011041666666666667,0.02871673611111111,2.600761006289308,common_2024,F47,160,daymean
F47,136,0.005138888888888889,0.008354027777777778,1.6256486486486486,common_2024,F47,160,daymean
F47,138,0.0011805555555555556,0.0020177083333333336,1.7091176470588236,common_2024,F47,160,daymean
F47,140,0.00041666666666666664,0.00016736111111111113,0.4016666666666667,common_2024,F47,160,daymean
F47,152,0.008819444444444442,0.003821041666666666,0.43325196850393705,common_2024,F47,160,daymean
F47,167,0.0017361111111111112,0.0007835416666666668,0.45132,common_2024,F47,160,daymean
F47,168,0.02392361111111111,0.018785729166666664,0.7852380261248185,common_2024,F47,160,daymean
F47,169,0.0063194444444444435,0.002535,0.4011428571428572,common_2024,F47,160,daymean
F47,170,0.3229166666666667,0.2530336805555556,0.7835881720430108,common_2024,F47,160,daymean
F47,174,6.944444444444444e-05,8.222222222222222e-05,1.184,common_2024,F47,160,daymean
F47,175,0.0017708333333333335,0.0007313541666666666,0.4129999999999999,common_2024,F47,160,daymean
F47,209,0.0009722222222222223,0.000621388888888889,0.6391428571428572,common_2024,F47,160,daymean
F47,239,0.005555555555555554,0.0024402777777777773,0.43925000000000003,common_2024,F47,160,daymean
F47,240,0.002013888888888889,0.000965,0.4791724137931035,common_2024,F47,160,daymean
F47,241,0.005833333333333334,0.0038475000000000002,0.6595714285714286,common_2024,F47,160,daymean
F47,242,0.29711805555555554,0.21517496527777777,0.7242069650578474,common_2024,F47,160,daymean
F47,243,0.009375,0.004036388888888889,0.4305481481481482,common_2024,F47,160,daymean
F13,121,0.018333333333333333,0.02454166666666667,1.3386363636363638,common_2024,F47,161,hour0
F13,130,0.0033333333333333335,0.0026383333333333337,0.7915000000000001,common_2024,F47,161,hour0
F13,135,0.01,0.00969,0.9690000000000001,common_2024,F47,161,hour0
F13,137,0.1516666666666666,0.14580666666666658,0.9613626373626373,common_2024,F47,161,hour0
F13,139,0.02,0.020606666666666665,1.0303333333333333,common_2024,F47,161,hour0
F13,155,0.018333333333333333,0.015066666666666667,0.8218181818181819,common_2024,F47,161,hour0
F13,156,0.10333333333333322,0.08087833333333325,0.7826935483870968,common_2024,F47,161,hour0
F13,171,0.03666666666666667,0.030765,0.8390454545454545,common_2024,F47,161,hour0
F13,172,0.0016666666666666668,0.0014316666666666668,0.859,common_2024,F47,161,hour0
F13,214,0.018333333333333333,0.014646666666666669,0.798909090909091,common_2024,F47,161,hour0
F13,243,0.01,0.01583,1.583,common_2024,F47,161,hour0
F47,117,0.0033333333333333335,0.0029233333333333333,0.8769999999999999,common_2024,F47,161,hour0
F47,119,0.0033333333333333335,0.00281,0.843,common_2024,F47,161,hour0
F47,139,0.3916666666666666,0.6404666666666666,1.6352340425531917,common_2024,F47,161,hour0
F47,154,0.08666666666666666,0.13758166666666666,1.5874807692307693,common_2024,F47,161,hour0
F47,176,0.0033333333333333335,0.0031683333333333333,0.9504999999999999,common_2024,F47,161,hour0
F47,239,0.011666666666666667,0.005063333333333333,0.43399999999999994,common_2024,F47,161,hour0
F47,241,0.10833333333333334,0.06359,0.5869846153846153,common_2024,F47,161,hour0
F13,80,0.0008333333333333334,0.0004748611111111112,0.5698333333333334,common_2024,F47,161,daymean
F13,83,0.00020833333333333332,0.0001167361111111111,0.5603333333333333,common_2024,F47,161,daymean
F13,84,0.0011111111111111111,0.000630138888888889,0.5671250000000001,common_2024,F47,161,daymean
F13,93,0.0004861111111111111,0.0002073611111111111,0.42657142857142855,common_2024,F47,161,daymean
F13,106,0.0001388888888888889,4.423611111111112e-05,0.31850000000000006,common_2024,F47,161,daymean
F13,120,0.0018055555555555557,0.0026797222222222222,1.4841538461538462,common_2024,F47,161,daymean
F13,121,0.025069444444444443,0.03413486111111111,1.361612188365651,common_2024,F47,161,daymean
F13,130,0.0024305555555555556,0.0018923611111111112,0.7785714285714286,common_2024,F47,161,daymean
F13,131,0.0004166666666666667,0.00029979166666666663,0.7194999999999999,common_2024,F47,161,daymean
F13,133,0.00020833333333333332,0.00020416666666666668,0.9800000000000001,common_2024,F47,161,daymean
F13,135,0.012638888888888889,0.012962986111111111,1.025642857142857,common_2024,F47,161,daymean
F13,137,0.10041666666666665,0.10630583333333332,1.0586473029045644,common_2024,F47,161,daymean
F13,138,0.0010416666666666667,0.0007773611111111112,0.7462666666666667,common_2024,F47,161,daymean
F13,139,0.010416666666666666,0.013689930555555556,1.3142333333333334,common_2024,F47,161,daymean
F13,141,6.944444444444444e-05,4.6805555555555556e-05,0.674,common_2024,F47,161,daymean
F13,142,0.00020833333333333335,9.229166666666667e-05,0.443,common_2024,F47,161,daymean
F13,146,0.006527777777777778,0.010548125,1.6158829787234041,common_2024,F47,161,daymean
F13,154,0.0006944444444444445,0.0002807638888888889,0.4043,common_2024,F47,161,daymean
F13,155,0.02347222222222222,0.018836805555555555,0.8025147928994083,common_2024,F47,161,daymean
F13,156,0.15229166666666663,0.11449732638888886,0.751829229366165,common_2024,F47,161,daymean
F13,169,0.0005555555555555556,0.00045447916666666667,0.8180625,common_2024,F47,161,daymean
F13,170,0.0002777777777777778,0.00011152777777777778,0.40149999999999997,common_2024,F47,161,daymean
F13,171,0.030138888888888885,0.02613256944444444,0.8670714285714286,common_2024,F47,161,daymean
F13,172,0.0010416666666666667,0.0009447222222222222,0.9069333333333334,common_2024,F47,161,daymean
F13,173,0.00041666666666666664,0.0001676388888888889,0.40233333333333343,common_2024,F47,161,daymean
F13,175,0.0024305555555555556,0.0028286805555555556,1.1638,common_2024,F47,161,daymean
F13,176,0.00020833333333333332,9.17361111111111e-05,0.44033333333333335,common_2024,F47,161,daymean
F13,177,0.000625,0.0006401388888888889,1.0242222222222221,common_2024,F47,161,daymean
F13,178,6.944444444444444e-05,0.000185625,2.673,common_2024,F47,161,daymean
F13,211,0.0001388888888888889,7.291666666666667e-05,0.525,common_2024,F47,161,daymean
F13,213,0.0011111111111111111,0.0003327777777777778,0.29950000000000004,common_2024,F47,161,daymean
F13,214,0.02020833333333333,0.018243194444444444,0.9027560137457045,common_2024,F47,161,daymean
F13,241,0.003263888888888889,0.004764722222222222,1.4598297872340424,common_2024,F47,161,daymean
F13,243,0.003541666666666667,0.0061715277777777775,1.742549019607843,common_2024,F47,161,daymean
F13,244,0.0005555555555555556,0.00024222222222222223,0.436,common_2024,F47,161,daymean
F13,245,6.944444444444444e-05,5.826388888888889e-05,0.839,common_2024,F47,161,daymean
F47,69,6.944444444444444e-05,2.5069444444444443e-05,0.361,common_2024,F47,161,daymean
F47,71,0.00041666666666666664,0.00017069444444444445,0.40966666666666673,common_2024,F47,161,daymean
F47,103,0.0002777777777777778,0.00018708333333333337,0.6735000000000001,common_2024,F47,161,daymean
F47,104,0.0011805555555555556,0.00025361111111111114,0.21482352941176472,common_2024,F47,161,daymean
F47,117,0.010069444444444445,0.009207986111111111,0.9144482758620689,common_2024,F47,161,daymean
F47,119,0.004027777777777778,0.0035870138888888887,0.8905689655172414,common_2024,F47,161,daymean
F47,120,6.944444444444444e-05,2.6805555555555557e-05,0.386,common_2024,F47,161,daymean
F47,123,0.0003472222222222222,0.00016145833333333333,0.465,common_2024,F47,161,daymean
F47,128,0.005856481481481482,0.0028446527777777775,0.4857272727272727,common_2024,F47,161,daymean
F47,129,0.0002777777777777778,0.00018798611111111113,0.6767500000000001,common_2024,F47,161,daymean
F47,130,0.009699074074074075,0.004787777777777778,0.4936324582338902,common_2024,F47,161,daymean
F47,132,0.025555555555555554,0.06653895833333333,2.6036983695652176,common_2024,F47,161,daymean
F47,136,0.040208333333333325,0.06537263888888888,1.6258480138169258,common_2024,F47,161,daymean
F47,137,0.00020833333333333335,0.00010916666666666667,0.524,common_2024,F47,161,daymean
F47,138,0.02298611111111111,0.03885916666666666,1.690549848942598,common_2024,F47,161,daymean
F47,139,0.2834722222222221,0.47145326388888875,1.6631374326310633,common_2024,F47,161,daymean
F47,154,0.034027777777777775,0.05374847222222222,1.5795469387755103,common_2024,F47,161,daymean
F47,167,0.0004861111111111111,0.0002323611111111111,0.47800000000000004,common_2024,F47,161,daymean
F47,168,0.0007638888888888889,0.00058625,0.7674545454545454,common_2024,F47,161,daymean
F47,169,0.0001388888888888889,5.805555555555555e-05,0.418,common_2024,F47,161,daymean
F47,170,0.024270833333333332,0.020175937499999998,0.8312832618025751,common_2024,F47,161,daymean
F47,175,0.000625,0.0002380555555555556,0.38088888888888894,common_2024,F47,161,daymean
F47,176,0.0015277777777777779,0.0014552777777777778,0.9525454545454545,common_2024,F47,161,daymean
F47,209,0.0006944444444444445,0.0004465277777777778,0.643,common_2024,F47,161,daymean
F47,239,0.018333333333333337,0.007939722222222225,0.4330757575757576,common_2024,F47,161,daymean
F47,241,0.08833333333333332,0.05711138888888888,0.6465440251572326,common_2024,F47,161,daymean
F47,242,0.016145833333333335,0.011658715277777777,0.7220881720430106,common_2024,F47,161,daymean
F47,243,0.004791666666666667,0.002051388888888889,0.4281159420289855,common_2024,F47,161,daymean
F13,76,0.025,0.013675000000000001,0.547,purged1_7,F13,98,hour0
F13,80,0.005833333333333334,0.003261666666666667,0.5591428571428572,purged1_7,F13,98,hour0
F13,82,0.013333333333333334,0.006850000000000001,0.51375,purged1_7,F13,98,hour0
F13,84,0.0033333333333333335,0.0017600000000000003,0.528,purged1_7,F13,98,hour0
F13,89,0.005,0.0027533333333333338,0.5506666666666667,purged1_7,F13,98,hour0
F13,90,0.02,0.010830000000000001,0.5415000000000001,purged1_7,F13,98,hour0
F13,91,0.04583333333333332,0.025939999999999994,0.5659636363636363,purged1_7,F13,98,hour0
F13,93,0.16222222222222207,0.061530555555555505,0.3792979452054795,purged1_7,F13,98,hour0
F13,94,0.005555555555555556,0.002053888888888889,0.3697,purged1_7,F13,98,hour0
F13,100,0.1472222222222222,0.05622888888888888,0.3819320754716981,purged1_7,F13,98,hour0
F13,102,0.04666666666666667,0.017838333333333335,0.38225000000000003,purged1_7,F13,98,hour0
F13,104,0.15833333333333327,0.048481666666666645,0.30619999999999997,purged1_7,F13,98,hour0
F13,106,0.06055555555555553,0.018408333333333325,0.3039908256880734,purged1_7,F13,98,hour0
F13,109,0.011666666666666667,0.0038200000000000005,0.32742857142857146,purged1_7,F13,98,hour0
F13,110,0.03277777777777778,0.010951666666666669,0.3341186440677966,purged1_7,F13,98,hour0
F13,211,0.0033333333333333335,0.0017250000000000002,0.5175000000000001,purged1_7,F13,98,hour0
F47,97,0.07166666666666663,0.043491666666666644,0.6068604651162791,purged1_7,F13,98,hour0
F47,99,0.04166666666666667,0.02640166666666667,0.63364,purged1_7,F13,98,hour0
F47,101,0.011666666666666667,0.007306666666666666,0.6262857142857142,purged1_7,F13,98,hour0
F47,103,0.023333333333333334,0.015365000000000002,0.6585000000000001,purged1_7,F13,98,hour0
F47,108,0.08666666666666661,0.06130166666666662,0.707326923076923,purged1_7,F13,98,hour0
F47,119,0.0016666666666666668,0.0013066666666666667,0.7839999999999999,purged1_7,F13,98,hour0
F47,120,0.011666666666666667,0.00446,0.3822857142857143,purged1_7,F13,98,hour0
F47,122,0.0016666666666666668,0.0009916666666666667,0.595,purged1_7,F13,98,hour0
F47,128,0.0016666666666666668,0.0007616666666666668,0.457,purged1_7,F13,98,hour0
F47,231,0.0016666666666666668,0.003708333333333334,2.225,purged1_7,F13,98,hour0
F13,50,0.0022916666666666667,0.0009673611111111111,0.4221212121212121,purged1_7,F13,98,daymean
F13,55,0.0007638888888888888,0.00037833333333333333,0.4952727272727273,purged1_7,F13,98,daymean
F13,57,0.000625,0.0003514583333333334,0.5623333333333335,purged1_7,F13,98,daymean
F13,72,0.0002777777777777778,0.00011833333333333333,0.426,purged1_7,F13,98,daymean
F13,76,0.026006944444444447,0.014605833333333335,0.5616128170894527,purged1_7,F13,98,daymean
F13,77,0.0014583333333333334,0.0006698611111111112,0.45933333333333337,purged1_7,F13,98,daymean
F13,78,0.0029861111111111113,0.0017176388888888888,0.5752093023255813,purged1_7,F13,98,daymean
F13,79,0.0004166666666666667,0.00020777777777777778,0.49866666666666665,purged1_7,F13,98,daymean
F13,80,0.01940972222222222,0.011249583333333332,0.5795849731663685,purged1_7,F13,98,daymean
F13,82,0.017951388888888888,0.009633298611111112,0.5366324951644101,purged1_7,F13,98,daymean
F13,84,0.011944444444444445,0.006393020833333334,0.5352296511627908,purged1_7,F13,98,daymean
F13,85,0.001388888888888889,0.0007734027777777778,0.55685,purged1_7,F13,98,daymean
F13,89,0.008055555555555555,0.004460069444444445,0.5536637931034484,purged1_7,F13,98,daymean
F13,90,0.026493055555555554,0.014494236111111112,0.5470956749672347,purged1_7,F13,98,daymean
F13,91,0.03100694444444444,0.017556562499999998,0.5662138857782755,purged1_7,F13,98,daymean
F13,93,0.1292592592592592,0.05087464120370369,0.39358604942693415,purged1_7,F13,98,daymean
F13,94,0.004780092592592593,0.0018288425925925926,0.3825956416464891,purged1_7,F13,98,daymean
F13,96,0.009270833333333334,0.0037296875000000004,0.40230337078651685,purged1_7,F13,98,daymean
F13,100,0.1611342592592592,0.0662129398148148,0.4109178278982905,purged1_7,F13,98,daymean
F13,102,0.0695486111111111,0.026127326388888886,0.37566999500748877,purged1_7,F13,98,daymean
F13,104,0.14232638888888882,0.04554857638888887,0.3200290314710906,purged1_7,F13,98,daymean
F13,106,0.053171296296296286,0.016736111111111108,0.3147583804962995,purged1_7,F13,98,daymean
F13,109,0.0171875,0.005918576388888889,0.34435353535353536,purged1_7,F13,98,daymean
F13,110,0.028877314814814814,0.0103578125,0.35868336673346696,purged1_7,F13,98,daymean
F13,130,0.00034722222222222224,0.00027111111111111113,0.7808,purged1_7,F13,98,daymean
F13,132,0.00034722222222222224,0.00025819444444444447,0.7436,purged1_7,F13,98,daymean
F13,133,0.00034722222222222224,0.00034534722222222226,0.9946,purged1_7,F13,98,daymean
F13,139,0.00020833333333333332,0.00030465277777777777,1.4623333333333335,purged1_7,F13,98,daymean
F13,159,0.0004166666666666667,0.0002413888888888889,0.5793333333333333,purged1_7,F13,98,daymean
F13,197,0.0001388888888888889,7.486111111111112e-05,0.539,purged1_7,F13,98,daymean
F13,211,0.0021527777777777778,0.0011016666666666668,0.511741935483871,purged1_7,F13,98,daymean
F13,213,0.00020833333333333335,6.3125e-05,0.303,purged1_7,F13,98,daymean
F13,233,6.944444444444444e-05,4.3819444444444445e-05,0.631,purged1_7,F13,98,daymean
F47,97,0.046527777777777765,0.02810569444444444,0.6040626865671642,purged1_7,F13,98,daymean
F47,99,0.05100694444444444,0.03213288194444444,0.6299707283866576,purged1_7,F13,98,daymean
F47,101,0.0146875,0.009450833333333334,0.6434609929078015,purged1_7,F13,98,daymean
F47,103,0.021770833333333333,0.014490138888888887,0.6655757575757575,purged1_7,F13,98,daymean
F47,108,0.06513888888888889,0.04633576388888889,0.7113379530916845,purged1_7,F13,98,daymean
F47,119,0.004652777777777778,0.0037367361111111112,0.8031194029850746,purged1_7,F13,98,daymean
F47,120,0.007500000000000001,0.0031507638888888887,0.4201018518518518,purged1_7,F13,98,daymean
F47,121,0.00020833333333333332,0.00011923611111111111,0.5723333333333334,purged1_7,F13,98,daymean
F47,122,0.0016666666666666668,0.0010130555555555557,0.6078333333333333,purged1_7,F13,98,daymean
F47,123,0.0022916666666666667,0.0010483333333333334,0.4574545454545455,purged1_7,F13,98,daymean
F47,124,0.0034722222222222225,0.0016415277777777778,0.47275999999999996,purged1_7,F13,98,daymean
F47,128,0.0025694444444444445,0.0012554166666666668,0.48859459459459464,purged1_7,F13,98,daymean
F47,130,0.0021527777777777778,0.0011115972222222224,0.5163548387096775,purged1_7,F13,98,daymean
F47,136,0.0011805555555555556,0.0019495833333333331,1.6514117647058821,purged1_7,F13,98,daymean
F47,168,0.0001388888888888889,9.98611111111111e-05,0.719,purged1_7,F13,98,daymean
F47,216,0.0018055555555555555,0.0010134027777777778,0.5612692307692307,purged1_7,F13,98,daymean
F47,231,0.002361111111111111,0.004472569444444445,1.8942647058823532,purged1_7,F13,98,daymean
F13,55,0.0016666666666666668,0.0008516666666666667,0.511,purged1_7,F13,112,hour0
F13,76,0.011666666666666667,0.006416666666666667,0.55,purged1_7,F13,112,hour0
F13,78,0.0033333333333333335,0.00189,0.567,purged1_7,F13,112,hour0
F13,84,0.005,0.00264,0.528,purged1_7,F13,112,hour0
F13,85,0.0033333333333333335,0.001836666666666667,0.551,purged1_7,F13,112,hour0
F13,89,0.0016666666666666668,0.0009366666666666668,0.562,purged1_7,F13,112,hour0
F13,90,0.013333333333333334,0.007191666666666667,0.539375,purged1_7,F13,112,hour0
F13,94,0.034166666666666665,0.012851666666666667,0.3761463414634147,purged1_7,F13,112,hour0
F13,96,0.008333333333333333,0.003321666666666667,0.39860000000000007,purged1_7,F13,112,hour0
F13,100,0.005833333333333334,0.0022283333333333335,0.382,purged1_7,F13,112,hour0
F13,104,0.05166666666666667,0.016085000000000002,0.3113225806451613,purged1_7,F13,112,hour0
F13,106,0.0016666666666666668,0.0005283333333333333,0.317,purged1_7,F13,112,hour0
F13,108,0.0016666666666666668,0.0007166666666666667,0.43,purged1_7,F13,112,hour0
F13,109,0.16333333333333327,0.05372499999999998,0.3289285714285714,purged1_7,F13,112,hour0
F13,110,0.03833333333333333,0.012925,0.3371739130434783,purged1_7,F13,112,hour0
F13,121,0.0016666666666666668,0.0022583333333333335,1.355,purged1_7,F13,112,hour0
F13,130,0.06499999999999995,0.05183166666666663,0.7974102564102565,purged1_7,F13,112,hour0
F13,132,0.01,0.00743,0.743,purged1_7,F13,112,hour0
F13,134,0.0016666666666666668,0.001255,0.753,purged1_7,F13,112,hour0
F13,159,0.01,0.00628,0.628,purged1_7,F13,112,hour0
F13,160,0.0033333333333333335,0.00165,0.49499999999999994,purged1_7,F13,112,hour0
F13,211,0.0016666666666666668,0.0008516666666666667,0.511,purged1_7,F13,112,hour0
F13,231,0.03833333333333334,0.022156666666666665,0.5779999999999998,purged1_7,F13,112,hour0
F47,74,0.0016666666666666668,0.00034666666666666667,0.208,purged1_7,F13,112,hour0
F47,99,0.025,0.0159,0.636,purged1_7,F13,112,hour0
F47,101,0.021666666666666667,0.013863333333333333,0.6398461538461538,purged1_7,F13,112,hour0
F47,103,0.0033333333333333335,0.0021850000000000003,0.6555000000000001,purged1_7,F13,112,hour0
F47,108,0.07166666666666664,0.051021666666666646,0.7119302325581395,purged1_7,F13,112,hour0
F47,119,0.2550000000000003,0.2136350000000002,0.8377843137254901,purged1_7,F13,112,hour0
F47,120,0.025,0.009645,0.38580000000000003,purged1_7,F13,112,hour0
F47,123,0.018333333333333333,0.008,0.4363636363636364,purged1_7,F13,112,hour0
F47,124,0.03833333333333334,0.018266666666666667,0.4765217391304348,purged1_7,F13,112,hour0
F47,126,0.03333333333333333,0.016438333333333336,0.4931500000000001,purged1_7,F13,112,hour0
F47,138,0.0016666666666666668,0.002925,1.755,purged1_7,F13,112,hour0
F47,151,0.0016666666666666668,0.002086666666666667,1.252,purged1_7,F13,112,hour0
F47,209,0.02,0.012830000000000001,0.6415000000000001,purged1_7,F13,112,hour0
F47,241,0.006666666666666667,0.003885,0.58275,purged1_7,F13,112,hour0
F13,10,6.944444444444444e-05,2.5972222222222223e-05,0.374,purged1_7,F13,112,daymean
F13,55,0.0016666666666666668,0.0008358333333333334,0.5015000000000001,purged1_7,F13,112,daymean
F13,71,0.0005902777777777778,0.0003427777777777778,0.5807058823529412,purged1_7,F13,112,daymean
F13,76,0.015381944444444445,0.008537881944444445,0.555058690744921,purged1_7,F13,112,daymean
F13,78,0.004722222222222221,0.002688194444444444,0.5692647058823529,purged1_7,F13,112,daymean
F13,80,0.0007986111111111112,0.0004644444444444444,0.5815652173913043,purged1_7,F13,112,daymean
F13,82,0.000625,0.00034,0.544,purged1_7,F13,112,daymean
F13,84,0.00798611111111111,0.0042074999999999994,0.5268521739130434,purged1_7,F13,112,daymean
F13,85,0.0021527777777777778,0.001180625,0.5484193548387097,purged1_7,F13,112,daymean
F13,89,0.0013888888888888892,0.0008005555555555557,0.5763999999999999,purged1_7,F13,112,daymean
F13,90,0.016909722222222222,0.009257534722222223,0.5474681724845997,purged1_7,F13,112,daymean
F13,94,0.026041666666666664,0.010128749999999999,0.388944,purged1_7,F13,112,daymean
F13,96,0.008368055555555556,0.003377152777777778,0.4035767634854772,purged1_7,F13,112,daymean
F13,100,0.009965277777777778,0.0040704861111111115,0.4084668989547039,purged1_7,F13,112,daymean
F13,102,0.0036111111111111114,0.0012802083333333335,0.3545192307692308,purged1_7,F13,112,daymean
F13,104,0.05388888888888888,0.017315763888888887,0.32132345360824743,purged1_7,F13,112,daymean
F13,106,0.0005555555555555556,0.0001790277777777778,0.32225000000000004,purged1_7,F13,112,daymean
F13,108,0.0016666666666666668,0.0007706944444444445,0.4624166666666667,purged1_7,F13,112,daymean
F13,109,0.16833333333333328,0.05752999999999998,0.34176237623762373,purged1_7,F13,112,daymean
F13,110,0.04541666666666667,0.016083958333333336,0.35414220183486245,purged1_7,F13,112,daymean
F13,120,0.0011805555555555556,0.0016089583333333333,1.3628823529411764,purged1_7,F13,112,daymean
F13,121,0.0017361111111111112,0.002437916666666667,1.40424,purged1_7,F13,112,daymean
F13,130,0.029166666666666664,0.022928472222222218,0.7861190476190476,purged1_7,F13,112,daymean
F13,131,0.0009027777777777778,0.0007065972222222223,0.7826923076923077,purged1_7,F13,112,daymean
F13,132,0.03715277777777777,0.03462916666666666,0.9320747663551402,purged1_7,F13,112,daymean
F13,133,0.010972222222222222,0.010959791666666666,0.998867088607595,purged1_7,F13,112,daymean
F13,134,0.0016666666666666668,0.0012597222222222224,0.7558333333333334,purged1_7,F13,112,daymean
F13,135,0.014930555555555555,0.015040416666666665,1.0073581395348836,purged1_7,F13,112,daymean
F13,137,6.944444444444444e-05,8.173611111111112e-05,1.177,purged1_7,F13,112,daymean
F13,139,0.0059722222222222225,0.008630833333333332,1.4451627906976743,purged1_7,F13,112,daymean
F13,153,0.0005555555555555556,0.0008709722222222222,1.56775,purged1_7,F13,112,daymean
F13,156,0.0005555555555555556,0.0004225694444444445,0.7606250000000001,purged1_7,F13,112,daymean
F13,159,0.011527777777777777,0.006796180555555555,0.5895481927710844,purged1_7,F13,112,daymean
F13,160,0.003194444444444444,0.0015529166666666664,0.48613043478260864,purged1_7,F13,112,daymean
F13,177,0.0002777777777777778,0.00027395833333333336,0.9862500000000001,purged1_7,F13,112,daymean
F13,197,0.00034722222222222224,0.00019770833333333332,0.5693999999999999,purged1_7,F13,112,daymean
F13,211,0.001736111111111111,0.0008876388888888889,0.5112800000000001,purged1_7,F13,112,daymean
F13,231,0.03541666666666666,0.021041874999999995,0.5941235294117647,purged1_7,F13,112,daymean
F13,232,0.0001388888888888889,0.000105,0.756,purged1_7,F13,112,daymean
F47,74,0.0016666666666666668,0.00034673611111111114,0.20804166666666668,purged1_7,F13,112,daymean
F47,99,0.02166666666666666,0.013641597222222218,0.6296121794871795,purged1_7,F13,112,daymean
F47,101,0.020416666666666666,0.013211805555555555,0.6471088435374149,purged1_7,F13,112,daymean
F47,103,0.0036111111111111114,0.002392013888888889,0.6624038461538461,purged1_7,F13,112,daymean
F47,108,0.06381944444444444,0.045918194444444435,0.7195016322089226,purged1_7,F13,112,daymean
F47,109,0.0007638888888888889,0.00017722222222222225,0.232,purged1_7,F13,112,daymean
F47,117,0.0019444444444444444,0.001833541666666667,0.9429642857142859,purged1_7,F13,112,daymean
F47,119,0.19624999999999992,0.16379180555555548,0.8346079263977352,purged1_7,F13,112,daymean
F47,120,0.024166666666666666,0.00975361111111111,0.4035977011494253,purged1_7,F13,112,daymean
F47,123,0.02451388888888889,0.011077430555555556,0.4518838526912181,purged1_7,F13,112,daymean
F47,124,0.04877314814814814,0.02410753472222222,0.49427883246321785,purged1_7,F13,112,daymean
F47,126,0.03700231481481482,0.018422256944444448,0.49786768845792934,purged1_7,F13,112,daymean
F47,128,0.0008912037037037037,0.00043562500000000003,0.4888051948051948,purged1_7,F13,112,daymean
F47,130,6.944444444444444e-05,3.6180555555555555e-05,0.521,purged1_7,F13,112,daymean
F47,138,0.0009027777777777777,0.0015845138888888888,1.755153846153846,purged1_7,F13,112,daymean
F47,139,6.944444444444444e-05,0.00013215277777777778,1.903,purged1_7,F13,112,daymean
F47,151,0.0009722222222222222,0.0011656944444444445,1.199,purged1_7,F13,112,daymean
F47,154,0.0009027777777777777,0.0013321527777777778,1.4756153846153848,purged1_7,F13,112,daymean
F47,157,0.0008333333333333333,0.0006940277777777778,0.8328333333333334,purged1_7,F13,112,daymean
F47,176,0.0007638888888888889,0.0007591666666666667,0.9938181818181818,purged1_7,F13,112,daymean
F47,209,0.013148148148148145,0.008547685185185182,0.6501056338028168,purged1_7,F13,112,daymean
F47,241,0.009212962962962963,0.005942592592592592,0.6450251256281406,purged1_7,F13,112,daymean
F13,104,0.0016666666666666668,0.0005066666666666667,0.304,purged1_7,F47,160,hour0
F13,152,0.0033333333333333335,0.0015333333333333336,0.4600000000000001,purged1_7,F47,160,hour0
F13,156,0.075,0.05723,0.7630666666666668,purged1_7,F47,160,hour0
F13,159,0.0999999999999999,0.06275999999999993,0.6275999999999999,purged1_7,F47,160,hour0
F13,169,0.0016666666666666668,0.0013166666666666667,0.79,purged1_7,F47,160,hour0
F13,171,0.023333333333333334,0.019253333333333334,0.8251428571428572,purged1_7,F47,160,hour0
F13,231,0.005,0.002905,0.581,purged1_7,F47,160,hour0
F13,233,0.08833333333333328,0.05525666666666663,0.6255471698113207,purged1_7,F47,160,hour0
F13,242,0.0025,0.0010716666666666667,0.4286666666666667,purged1_7,F47,160,hour0
F47,97,0.0033333333333333335,0.00201,0.603,purged1_7,F47,160,hour0
F47,117,0.0033333333333333335,0.002616666666666667,0.785,purged1_7,F47,160,hour0
F47,120,0.025,0.009533333333333333,0.3813333333333333,purged1_7,F47,160,hour0
F47,124,0.005,0.0022483333333333335,0.4496666666666667,purged1_7,F47,160,hour0
F47,127,0.0016666666666666668,0.00107,0.6419999999999999,purged1_7,F47,160,hour0
F47,128,0.013333333333333334,0.0061466666666666675,0.461,purged1_7,F47,160,hour0
F47,129,0.0033333333333333335,0.0023433333333333336,0.7030000000000001,purged1_7,F47,160,hour0
F47,130,0.011666666666666667,0.005405,0.46328571428571425,purged1_7,F47,160,hour0
F47,132,0.0016666666666666668,0.005305,3.183,purged1_7,F47,160,hour0
F47,145,0.0016666666666666668,0.0037833333333333334,2.27,purged1_7,F47,160,hour0
F47,150,0.006666666666666667,0.002735,0.41025,purged1_7,F47,160,hour0
F47,151,0.0033333333333333335,0.004378333333333334,1.3135000000000001,purged1_7,F47,160,hour0
F47,152,0.004166666666666667,0.0017816666666666666,0.4276,purged1_7,F47,160,hour0
F47,157,0.011666666666666667,0.01778,1.524,purged1_7,F47,160,hour0
F47,158,0.0016666666666666668,0.0007016666666666667,0.42100000000000004,purged1_7,F47,160,hour0
F47,167,0.0016666666666666668,0.0007366666666666667,0.442,purged1_7,F47,160,hour0
F47,168,0.0033333333333333335,0.00247,0.741,purged1_7,F47,160,hour0
F47,169,0.0016666666666666668,0.0006500000000000001,0.39,purged1_7,F47,160,hour0
F47,170,0.2016666666666669,0.12430833333333348,0.616404958677686,purged1_7,F47,160,hour0
F47,216,0.0016666666666666668,0.0008800000000000001,0.528,purged1_7,F47,160,hour0
F47,229,0.006666666666666667,0.011455,1.7182499999999998,purged1_7,F47,160,hour0
F47,231,0.006666666666666667,0.015458333333333334,2.31875,purged1_7,F47,160,hour0
F47,241,0.011666666666666667,0.006995,0.5995714285714285,purged1_7,F47,160,hour0
F47,242,0.3666666666666666,0.2693116666666666,0.7344863636363637,purged1_7,F47,160,hour0
F13,80,6.944444444444444e-05,4.173611111111111e-05,0.601,purged1_7,F47,160,daymean
F13,100,0.0004166666666666667,0.00016493055555555556,0.3958333333333333,purged1_7,F47,160,daymean
F13,102,0.0005555555555555556,0.0002202777777777778,0.3965,purged1_7,F47,160,daymean
F13,104,0.00048611111111111115,0.0001477777777777778,0.304,purged1_7,F47,160,daymean
F13,106,0.0005555555555555556,0.00017777777777777779,0.32,purged1_7,F47,160,daymean
F13,110,0.0002777777777777778,0.000105,0.378,purged1_7,F47,160,daymean
F13,129,0.0006944444444444445,0.0005208333333333333,0.75,purged1_7,F47,160,daymean
F13,132,6.944444444444444e-05,6.791666666666666e-05,0.9779999999999999,purged1_7,F47,160,daymean
F13,133,6.944444444444444e-05,6.923611111111112e-05,0.9970000000000001,purged1_7,F47,160,daymean
F13,139,0.0004861111111111111,0.0006157638888888889,1.2667142857142857,purged1_7,F47,160,daymean
F13,141,0.0002777777777777778,0.00020027777777777776,0.721,purged1_7,F47,160,daymean
F13,146,0.0009027777777777777,0.0014345833333333335,1.5890769230769233,purged1_7,F47,160,daymean
F13,147,0.0002777777777777778,0.00010986111111111111,0.3955,purged1_7,F47,160,daymean
F13,152,0.005555555555555554,0.002492083333333333,0.4485750000000001,purged1_7,F47,160,daymean
F13,153,6.944444444444444e-05,0.00010715277777777778,1.543,purged1_7,F47,160,daymean
F13,154,0.0014583333333333334,0.0005925,0.4062857142857143,purged1_7,F47,160,daymean
F13,156,0.08600694444444443,0.06435920138888887,0.7483023819136051,purged1_7,F47,160,daymean
F13,159,0.10597222222222219,0.06323368055555553,0.5967005242463957,purged1_7,F47,160,daymean
F13,160,0.00034722222222222224,0.00015000000000000001,0.43200000000000005,purged1_7,F47,160,daymean
F13,161,0.0001388888888888889,7.166666666666667e-05,0.516,purged1_7,F47,160,daymean
F13,169,0.0011921296296296298,0.0009724537037037037,0.8157281553398057,purged1_7,F47,160,daymean
F13,171,0.02361111111111111,0.02036298611111111,0.8624323529411764,purged1_7,F47,160,daymean
F13,173,6.944444444444444e-05,2.8680555555555555e-05,0.413,purged1_7,F47,160,daymean
F13,174,0.0007638888888888889,0.0007386111111111111,0.9669090909090908,purged1_7,F47,160,daymean
F13,175,6.944444444444444e-05,0.00011354166666666667,1.635,purged1_7,F47,160,daymean
F13,176,0.0004166666666666667,0.00017090277777777777,0.4101666666666666,purged1_7,F47,160,daymean
F13,214,0.00034722222222222224,0.00031743055555555555,0.9142,purged1_7,F47,160,daymean
F13,231,0.0044444444444444444,0.0026007638888888886,0.5851718749999999,purged1_7,F47,160,daymean
F13,232,0.0007638888888888889,0.0005702777777777778,0.7465454545454546,purged1_7,F47,160,daymean
F13,233,0.07229166666666666,0.04532131944444444,0.6269231508165226,purged1_7,F47,160,daymean
F13,241,0.0001388888888888889,0.00019083333333333336,1.374,purged1_7,F47,160,daymean
F13,242,0.0006944444444444445,0.0002972222222222222,0.428,purged1_7,F47,160,daymean
F47,97,0.0022222222222222222,0.0013150694444444444,0.59178125,purged1_7,F47,160,daymean
F47,108,0.0004861111111111111,0.00034069444444444446,0.700857142857143,purged1_7,F47,160,daymean
F47,117,0.003125,0.002651458333333334,0.8484666666666668,purged1_7,F47,160,daymean
F47,120,0.023194444444444445,0.009519375,0.41041616766467065,purged1_7,F47,160,daymean
F47,123,0.0011805555555555556,0.0005170833333333334,0.438,purged1_7,F47,160,daymean
F47,124,0.004166666666666667,0.001968888888888889,0.47253333333333336,purged1_7,F47,160,daymean
F47,126,0.0006944444444444445,0.00034166666666666666,0.492,purged1_7,F47,160,daymean
F47,127,0.0014583333333333334,0.0009761111111111111,0.6693333333333333,purged1_7,F47,160,daymean
F47,128,0.020138888888888887,0.009964444444444444,0.4947862068965518,purged1_7,F47,160,daymean
F47,129,0.0036111111111111114,0.0025118055555555553,0.695576923076923,purged1_7,F47,160,daymean
F47,130,0.016666666666666666,0.008187847222222223,0.4912708333333334,purged1_7,F47,160,daymean
F47,132,0.0028472222222222223,0.008481388888888889,2.978829268292683,purged1_7,F47,160,daymean
F47,140,0.0002777777777777778,0.00010805555555555556,0.389,purged1_7,F47,160,daymean
F47,145,0.001388888888888889,0.003112083333333333,2.2406999999999995,purged1_7,F47,160,daymean
F47,150,0.006805555555555554,0.0028201388888888885,0.41438775510204084,purged1_7,F47,160,daymean
F47,151,0.003402777777777778,0.004258194444444445,1.2513877551020407,purged1_7,F47,160,daymean
F47,152,0.005625,0.0024649305555555553,0.43820987654320986,purged1_7,F47,160,daymean
F47,157,0.013541666666666667,0.016922708333333335,1.2496769230769231,purged1_7,F47,160,daymean
F47,158,0.0005555555555555556,0.00023104166666666667,0.415875,purged1_7,F47,160,daymean
F47,167,0.0007638888888888889,0.0003376388888888889,0.442,purged1_7,F47,160,daymean
F47,168,0.0040625,0.0032195833333333334,0.7925128205128205,purged1_7,F47,160,daymean
F47,169,6.944444444444444e-05,2.7083333333333335e-05,0.39,purged1_7,F47,160,daymean
F47,170,0.26780092592592586,0.209248449074074,0.7813581986342812,purged1_7,F47,160,daymean
F47,175,0.00034722222222222224,0.0001429861111111111,0.41179999999999994,purged1_7,F47,160,daymean
F47,216,0.001875,0.0010175000000000002,0.5426666666666667,purged1_7,F47,160,daymean
F47,229,0.00625,0.010976527777777778,1.7562444444444443,purged1_7,F47,160,daymean
F47,230,0.0001388888888888889,6.833333333333333e-05,0.492,purged1_7,F47,160,daymean
F47,231,0.006597222222222221,0.01386048611111111,2.100957894736842,purged1_7,F47,160,daymean
F47,239,0.000625,0.000294375,0.471,purged1_7,F47,160,daymean
F47,241,0.015555555555555553,0.010131527777777776,0.6513125,purged1_7,F47,160,daymean
F47,242,0.27503472222222225,0.19917434027777778,0.7241788915540966,purged1_7,F47,160,daymean
F13,121,0.018333333333333333,0.024030000000000003,1.310727272727273,purged1_7,F47,161,hour0
F13,130,0.0033333333333333335,0.0026383333333333337,0.7915000000000001,purged1_7,F47,161,hour0
F13,135,0.008333333333333333,0.008076666666666668,0.9692000000000002,purged1_7,F47,161,hour0
F13,137,0.17166666666666655,0.16518666666666657,0.9622524271844661,purged1_7,F47,161,hour0
F13,139,0.005,0.005240000000000001,1.048,purged1_7,F47,161,hour0
F13,151,0.030000000000000002,0.05087333333333334,1.6957777777777778,purged1_7,F47,161,hour0
F13,153,0.0016666666666666668,0.002741666666666667,1.645,purged1_7,F47,161,hour0
F13,155,0.0033333333333333335,0.002685,0.8054999999999999,purged1_7,F47,161,hour0
F13,159,0.059999999999999956,0.03757166666666664,0.6261944444444445,purged1_7,F47,161,hour0
F13,160,0.0016666666666666668,0.000825,0.49499999999999994,purged1_7,F47,161,hour0
F13,171,0.011666666666666667,0.009685,0.8301428571428571,purged1_7,F47,161,hour0
F13,214,0.015,0.012201666666666668,0.8134444444444445,purged1_7,F47,161,hour0
F47,99,0.0016666666666666668,0.0010600000000000002,0.6360000000000001,purged1_7,F47,161,hour0
F47,109,0.0016666666666666668,0.0003866666666666667,0.232,purged1_7,F47,161,hour0
F47,117,0.008333333333333333,0.006695,0.8034000000000001,purged1_7,F47,161,hour0
F47,139,0.26166666666666655,0.42741499999999977,1.6334331210191082,purged1_7,F47,161,hour0
F47,145,0.045000000000000005,0.09906166666666667,2.20137037037037,purged1_7,F47,161,hour0
F47,147,0.0016666666666666668,0.0030833333333333338,1.85,purged1_7,F47,161,hour0
F47,151,0.008333333333333333,0.010295,1.2354,purged1_7,F47,161,hour0
F47,154,0.04,0.06476666666666667,1.6191666666666666,purged1_7,F47,161,hour0
F47,156,0.0016666666666666668,0.00136,0.8160000000000001,purged1_7,F47,161,hour0
F47,157,0.05999999999999999,0.09068999999999998,1.5114999999999998,purged1_7,F47,161,hour0
F47,170,0.0016666666666666668,0.0010733333333333335,0.644,purged1_7,F47,161,hour0
F47,176,0.0016666666666666668,0.0015883333333333333,0.953,purged1_7,F47,161,hour0
F47,231,0.11999999999999997,0.21653333333333327,1.8044444444444445,purged1_7,F47,161,hour0
F47,239,0.015,0.0065183333333333334,0.4345555555555556,purged1_7,F47,161,hour0
F47,241,0.09166666666666667,0.05417833333333333,0.5910363636363636,purged1_7,F47,161,hour0
F47,242,0.01,0.00709,0.709,purged1_7,F47,161,hour0
F13,93,0.0009722222222222222,0.00038041666666666665,0.3912857142857143,purged1_7,F47,161,daymean
F13,109,6.944444444444444e-05,2.5277777777777776e-05,0.364,purged1_7,F47,161,daymean
F13,121,0.010208333333333333,0.013663541666666668,1.3384693877551022,purged1_7,F47,161,daymean
F13,130,0.0004166666666666667,0.00032368055555555557,0.7768333333333333,purged1_7,F47,161,daymean
F13,135,0.015833333333333335,0.015981111111111113,1.0093333333333334,purged1_7,F47,161,daymean
F13,137,0.12111111111111109,0.1286579861111111,1.0623136467889909,purged1_7,F47,161,daymean
F13,139,0.0028472222222222223,0.003699652777777778,1.299390243902439,purged1_7,F47,161,daymean
F13,140,6.944444444444444e-05,4.854166666666666e-05,0.699,purged1_7,F47,161,daymean
F13,146,0.0019444444444444446,0.0029403472222222227,1.5121785714285716,purged1_7,F47,161,daymean
F13,151,0.01986111111111111,0.033381666666666664,1.6807552447552447,purged1_7,F47,161,daymean
F13,153,0.0009027777777777777,0.0015110416666666666,1.6737692307692307,purged1_7,F47,161,daymean
F13,154,0.0008333333333333334,0.0003500694444444444,0.42008333333333325,purged1_7,F47,161,daymean
F13,155,0.003888888888888889,0.0031164583333333335,0.801375,purged1_7,F47,161,daymean
F13,156,0.041354166666666664,0.030930243055555553,0.7479353484466834,purged1_7,F47,161,daymean
F13,159,0.053541666666666654,0.03193402777777777,0.5964332036316472,purged1_7,F47,161,daymean
F13,160,0.0011805555555555556,0.0005325,0.45105882352941173,purged1_7,F47,161,daymean
F13,161,6.944444444444444e-05,3.5833333333333335e-05,0.516,purged1_7,F47,161,daymean
F13,169,6.944444444444444e-05,5.902777777777777e-05,0.85,purged1_7,F47,161,daymean
F13,171,0.007916666666666667,0.006799166666666667,0.8588421052631579,purged1_7,F47,161,daymean
F13,175,0.00125,0.0018845833333333334,1.5076666666666667,purged1_7,F47,161,daymean
F13,177,0.0005555555555555556,0.0005314583333333333,0.956625,purged1_7,F47,161,daymean
F13,213,0.0011805555555555556,0.0003438888888888889,0.2912941176470588,purged1_7,F47,161,daymean
F13,214,0.02326388888888889,0.022628680555555555,0.9726955223880597,purged1_7,F47,161,daymean
F13,232,0.00034722222222222224,0.00025243055555555555,0.727,purged1_7,F47,161,daymean
F13,241,6.944444444444444e-05,0.0001113888888888889,1.604,purged1_7,F47,161,daymean
F13,242,0.00020833333333333335,8.791666666666667e-05,0.422,purged1_7,F47,161,daymean
F47,99,0.0016666666666666666,0.0010805555555555555,0.6483333333333333,purged1_7,F47,161,daymean
F47,103,0.00020833333333333332,0.000145625,0.6990000000000001,purged1_7,F47,161,daymean
F47,108,0.0002777777777777778,0.00019444444444444443,0.7,purged1_7,F47,161,daymean
F47,109,0.0009027777777777777,0.0002079166666666667,0.23030769230769235,purged1_7,F47,161,daymean
F47,117,0.010763888888888889,0.009735416666666667,0.9044516129032258,purged1_7,F47,161,daymean
F47,119,0.0011805555555555556,0.0011250000000000001,0.9529411764705883,purged1_7,F47,161,daymean
F47,120,0.0001388888888888889,5.1666666666666664e-05,0.372,purged1_7,F47,161,daymean
F47,121,0.0008333333333333334,0.0005157638888888888,0.6189166666666666,purged1_7,F47,161,daymean
F47,125,0.0002777777777777778,0.000185,0.666,purged1_7,F47,161,daymean
F47,128,0.0018750000000000001,0.0009429166666666668,0.5028888888888889,purged1_7,F47,161,daymean
F47,130,0.007083333333333334,0.0035670833333333336,0.5035882352941177,purged1_7,F47,161,daymean
F47,132,0.011180555555555555,0.029808333333333333,2.666086956521739,purged1_7,F47,161,daymean
F47,136,0.0009027777777777778,0.0014713194444444444,1.6297692307692306,purged1_7,F47,161,daymean
F47,138,0.006597222222222222,0.011151527777777778,1.6903368421052631,purged1_7,F47,161,daymean
F47,139,0.16069444444444442,0.26527291666666664,1.6507908383751082,purged1_7,F47,161,daymean
F47,145,0.1048611111111111,0.22516118055555553,2.147232450331126,purged1_7,F47,161,daymean
F47,146,6.944444444444444e-05,4.819444444444444e-05,0.694,purged1_7,F47,161,daymean
F47,147,6.944444444444444e-05,0.00012847222222222223,1.85,purged1_7,F47,161,daymean
F47,150,0.005208333333333333,0.002192986111111111,0.4210533333333333,purged1_7,F47,161,daymean
F47,151,0.01013888888888889,0.01364076388888889,1.345390410958904,purged1_7,F47,161,daymean
F47,152,0.00020833333333333335,8.791666666666667e-05,0.422,purged1_7,F47,161,daymean
F47,154,0.019791666666666666,0.031260972222222225,1.579501754385965,purged1_7,F47,161,daymean
F47,155,0.0002777777777777778,0.00011916666666666666,0.429,purged1_7,F47,161,daymean
F47,156,0.002638888888888889,0.002196597222222222,0.8323947368421052,purged1_7,F47,161,daymean
F47,157,0.028333333333333332,0.034501944444444446,1.21771568627451,purged1_7,F47,161,daymean
F47,170,0.026250000000000002,0.021521180555555557,0.8198544973544973,purged1_7,F47,161,daymean
F47,176,0.00125,0.0012168055555555556,0.9734444444444444,purged1_7,F47,161,daymean
F47,209,6.944444444444444e-05,4.576388888888889e-05,0.659,purged1_7,F47,161,daymean
F47,216,0.002916666666666667,0.0015906250000000002,0.5453571428571429,purged1_7,F47,161,daymean
F47,229,0.0028472222222222223,0.005013611111111111,1.7608780487804878,purged1_7,F47,161,daymean
F47,231,0.15388888888888885,0.32323020833333327,2.1004129061371843,purged1_7,F47,161,daymean
F47,239,0.019791666666666662,0.008593541666666664,0.4342,purged1_7,F47,161,daymean
F47,241,0.08506944444444443,0.055475069444444434,0.6521151020408162,purged1_7,F47,161,daymean
F47,242,0.0215625,0.0155003125,0.7188550724637682,purged1_7,F47,161,daymean
F47,243,0.00020833333333333332,8.527777777777776e-05,0.40933333333333327,purged1_7,F47,161,daymean
F13,55,0.0016666666666666668,0.0008516666666666667,0.511,actual0_7,F13,112,hour0
F13,76,0.006666666666666667,0.003636666666666667,0.5455,actual0_7,F13,112,hour0
F13,78,0.0033333333333333335,0.00189,0.567,actual0_7,F13,112,hour0
F13,80,0.0016666666666666668,0.0009200000000000001,0.552,actual0_7,F13,112,hour0
F13,82,0.0016666666666666668,0.0008266666666666667,0.496,actual0_7,F13,112,hour0
F13,84,0.0033333333333333335,0.0017600000000000003,0.528,actual0_7,F13,112,hour0
F13,85,0.0033333333333333335,0.001826666666666667,0.548,actual0_7,F13,112,hour0
F13,90,0.01,0.005426666666666667,0.5426666666666667,actual0_7,F13,112,hour0
F13,94,0.03,0.011321666666666667,0.37738888888888894,actual0_7,F13,112,hour0
F13,95,0.0016666666666666668,0.0007766666666666667,0.466,actual0_7,F13,112,hour0
F13,96,0.01,0.0039700000000000004,0.397,actual0_7,F13,112,hour0
F13,98,0.0033333333333333335,0.0012433333333333333,0.37299999999999994,actual0_7,F13,112,hour0
F13,100,0.0016666666666666668,0.0006366666666666667,0.382,actual0_7,F13,112,hour0
F13,104,0.030000000000000002,0.009388333333333334,0.3129444444444444,actual0_7,F13,112,hour0
F13,106,0.011666666666666667,0.0036516666666666668,0.313,actual0_7,F13,112,hour0
F13,118,0.0033333333333333335,0.003581666666666667,1.0745,actual0_7,F13,112,hour0
F13,130,0.07833333333333327,0.06241499999999995,0.7967872340425532,actual0_7,F13,112,hour0
F13,132,0.02,0.014785,0.73925,actual0_7,F13,112,hour0
F13,139,0.0016666666666666668,0.0016816666666666666,1.009,actual0_7,F13,112,hour0
F13,171,0.006666666666666667,0.005491666666666667,0.82375,actual0_7,F13,112,hour0
F13,211,0.0016666666666666668,0.0008516666666666667,0.511,actual0_7,F13,112,hour0
F13,231,0.03833333333333334,0.02215,0.5778260869565217,actual0_7,F13,112,hour0
F47,99,0.025,0.015875,0.635,actual0_7,F13,112,hour0
F47,101,0.03166666666666667,0.020263333333333335,0.6398947368421053,actual0_7,F13,112,hour0
F47,103,0.018333333333333333,0.01216,0.6632727272727273,actual0_7,F13,112,hour0
F47,112,0.32333333333333336,0.23803833333333338,0.7362010309278352,actual0_7,F13,112,hour0
F47,117,0.011666666666666667,0.009283333333333334,0.7957142857142858,actual0_7,F13,112,hour0
F47,119,0.18166666666666656,0.1520999999999999,0.8372477064220183,actual0_7,F13,112,hour0
F47,120,0.008333333333333333,0.0032166666666666667,0.386,actual0_7,F13,112,hour0
F47,121,0.0016666666666666668,0.0010016666666666668,0.601,actual0_7,F13,112,hour0
F47,123,0.013333333333333334,0.00562,0.4215,actual0_7,F13,112,hour0
F47,124,0.02,0.009633333333333334,0.4816666666666667,actual0_7,F13,112,hour0
F47,126,0.058333333333333334,0.028923333333333332,0.4958285714285714,actual0_7,F13,112,hour0
F47,145,0.0016666666666666668,0.003833333333333333,2.3,actual0_7,F13,112,hour0
F47,150,0.0016666666666666668,0.000685,0.4109999999999999,actual0_7,F13,112,hour0
F47,154,0.0016666666666666668,0.0027733333333333334,1.664,actual0_7,F13,112,hour0
F47,209,0.016666666666666666,0.010691666666666667,0.6415000000000001,actual0_7,F13,112,hour0
F47,241,0.015000000000000001,0.008745,0.583,actual0_7,F13,112,hour0
F13,55,0.0016666666666666668,0.0008394444444444445,0.5036666666666667,actual0_7,F13,112,daymean
F13,67,0.0011111111111111111,0.0006322222222222223,0.5690000000000001,actual0_7,F13,112,daymean
F13,71,0.0001388888888888889,7.833333333333333e-05,0.564,actual0_7,F13,112,daymean
F13,76,0.013506944444444445,0.0075239236111111114,0.5570411311053984,actual0_7,F13,112,daymean
F13,78,0.0030555555555555557,0.0017303472222222223,0.5662954545454545,actual0_7,F13,112,daymean
F13,80,0.0011458333333333333,0.0006534375,0.5702727272727273,actual0_7,F13,112,daymean
F13,82,0.00048611111111111115,0.00024111111111111113,0.496,actual0_7,F13,112,daymean
F13,84,0.005347222222222223,0.0028255555555555555,0.5284155844155843,actual0_7,F13,112,daymean
F13,85,0.0008333333333333334,0.00045520833333333334,0.54625,actual0_7,F13,112,daymean
F13,89,0.0015972222222222223,0.0008790277777777778,0.5503478260869565,actual0_7,F13,112,daymean
F13,90,0.01736111111111111,0.009510833333333333,0.5478240000000001,actual0_7,F13,112,daymean
F13,94,0.03369212962962963,0.01319122685185185,0.39152250085881135,actual0_7,F13,112,daymean
F13,95,0.0014930555555555556,0.0007174305555555556,0.4805116279069767,actual0_7,F13,112,daymean
F13,96,0.01079861111111111,0.004312083333333333,0.3993183279742765,actual0_7,F13,112,daymean
F13,97,0.0005902777777777779,0.00027437500000000004,0.4648235294117647,actual0_7,F13,112,daymean
F13,98,0.006203703703703704,0.002476342592592593,0.3991716417910448,actual0_7,F13,112,daymean
F13,100,0.002361111111111111,0.0009628472222222223,0.4077941176470588,actual0_7,F13,112,daymean
F13,102,0.0010416666666666667,0.000351875,0.3378,actual0_7,F13,112,daymean
F13,104,0.045,0.014521458333333334,0.3226990740740741,actual0_7,F13,112,daymean
F13,106,0.013819444444444443,0.004413958333333333,0.31940201005025126,actual0_7,F13,112,daymean
F13,118,0.016666666666666666,0.022519861111111112,1.3511916666666668,actual0_7,F13,112,daymean
F13,120,0.0008333333333333334,0.0012827777777777779,1.5393333333333334,actual0_7,F13,112,daymean
F13,121,0.0029861111111111113,0.004187638888888889,1.402372093023256,actual0_7,F13,112,daymean
F13,130,0.03777777777777777,0.02958569444444444,0.7831507352941176,actual0_7,F13,112,daymean
F13,132,0.05336805555555555,0.049101736111111106,0.9200585556278464,actual0_7,F13,112,daymean
F13,133,0.016319444444444445,0.01626326388888889,0.9965574468085107,actual0_7,F13,112,daymean
F13,135,0.011666666666666667,0.011790277777777776,1.0105952380952379,actual0_7,F13,112,daymean
F13,137,0.0006944444444444445,0.0008223611111111112,1.1842000000000001,actual0_7,F13,112,daymean
F13,139,0.008888888888888889,0.01238861111111111,1.39371875,actual0_7,F13,112,daymean
F13,146,0.00020833333333333332,0.0003275,1.572,actual0_7,F13,112,daymean
F13,153,0.0004166666666666667,0.000663125,1.5915,actual0_7,F13,112,daymean
F13,156,0.0002777777777777778,0.0001998611111111111,0.7195,actual0_7,F13,112,daymean
F13,168,0.0002777777777777778,0.00018611111111111112,0.67,actual0_7,F13,112,daymean
F13,171,0.0036111111111111114,0.0030809722222222224,0.8531923076923077,actual0_7,F13,112,daymean
F13,174,0.00034722222222222224,0.0003359027777777778,0.9674,actual0_7,F13,112,daymean
F13,178,0.00034722222222222224,0.0009297916666666667,2.6778,actual0_7,F13,112,daymean
F13,179,0.0002777777777777778,0.00011027777777777779,0.397,actual0_7,F13,112,daymean
F13,196,0.0001388888888888889,7.979166666666665e-05,0.5744999999999999,actual0_7,F13,112,daymean
F13,197,0.0001388888888888889,7.916666666666666e-05,0.57,actual0_7,F13,112,daymean
F13,211,0.0005555555555555556,0.0002859027777777778,0.5146250000000001,actual0_7,F13,112,daymean
F13,214,0.0005555555555555556,0.0005989583333333334,1.0781250000000002,actual0_7,F13,112,daymean
F13,231,0.03618055555555555,0.021797777777777774,0.6024721689059501,actual0_7,F13,112,daymean
F13,232,0.00020833333333333332,0.00015055555555555555,0.7226666666666667,actual0_7,F13,112,daymean
F13,241,0.0001388888888888889,0.0002026388888888889,1.459,actual0_7,F13,112,daymean
F47,63,6.944444444444444e-05,2.2152777777777778e-05,0.319,actual0_7,F13,112,daymean
F47,71,6.944444444444444e-05,2.8263888888888887e-05,0.407,actual0_7,F13,112,daymean
F47,99,0.024652777777777777,0.015610277777777777,0.6332056338028169,actual0_7,F13,112,daymean
F47,101,0.02534722222222222,0.016266041666666665,0.6417287671232876,actual0_7,F13,112,daymean
F47,103,0.018333333333333333,0.012162916666666666,0.6634318181818181,actual0_7,F13,112,daymean
F47,112,0.26913194444444444,0.20269666666666664,0.753149787124242,actual0_7,F13,112,daymean
F47,117,0.005138888888888889,0.004302152777777778,0.8371756756756757,actual0_7,F13,112,daymean
F47,119,0.11923611111111107,0.09900229166666664,0.8303046010483403,actual0_7,F13,112,daymean
F47,120,0.017708333333333333,0.0073704861111111115,0.41621568627450983,actual0_7,F13,112,daymean
F47,121,0.0017361111111111112,0.001068125,0.61524,actual0_7,F13,112,daymean
F47,122,6.944444444444444e-05,4.041666666666666e-05,0.582,actual0_7,F13,112,daymean
F47,123,0.024722222222222222,0.011125902777777778,0.4500365168539326,actual0_7,F13,112,daymean
F47,124,0.03899305555555555,0.019396736111111108,0.4974407836153161,actual0_7,F13,112,daymean
F47,126,0.06319444444444444,0.03145395833333333,0.497732967032967,actual0_7,F13,112,daymean
F47,128,0.0007986111111111112,0.0003895138888888889,0.48773913043478256,actual0_7,F13,112,daymean
F47,130,6.944444444444444e-05,3.493055555555556e-05,0.503,actual0_7,F13,112,daymean
F47,131,6.944444444444444e-05,4.986111111111111e-05,0.718,actual0_7,F13,112,daymean
F47,136,0.0002777777777777778,0.00048451388888888893,1.74425,actual0_7,F13,112,daymean
F47,145,0.0013194444444444445,0.003034722222222222,2.3,actual0_7,F13,112,daymean
F47,149,0.0004861111111111111,0.0003465277777777778,0.712857142857143,actual0_7,F13,112,daymean
F47,150,0.0016666666666666668,0.0006968055555555555,0.4180833333333333,actual0_7,F13,112,daymean
F47,151,0.0009722222222222223,0.001381666666666667,1.4211428571428573,actual0_7,F13,112,daymean
F47,154,0.0019444444444444446,0.0031295833333333336,1.6095,actual0_7,F13,112,daymean
F47,176,6.944444444444444e-05,6.673611111111111e-05,0.961,actual0_7,F13,112,daymean
F47,193,6.944444444444444e-05,2.4305555555555554e-05,0.35,actual0_7,F13,112,daymean
F47,209,0.011875,0.007612638888888889,0.6410643274853801,actual0_7,F13,112,daymean
F47,216,6.944444444444444e-05,3.972222222222222e-05,0.572,actual0_7,F13,112,daymean
F47,241,0.017777777777777778,0.011354444444444443,0.6386875,actual0_7,F13,112,daymean
F13,104,0.0033333333333333335,0.0010033333333333333,0.301,actual0_7,F47,160,hour0
F13,146,0.0016666666666666668,0.0026933333333333336,1.616,actual0_7,F47,160,hour0
F13,152,0.0016666666666666666,0.0007133333333333334,0.42800000000000005,actual0_7,F47,160,hour0
F13,155,0.0016666666666666668,0.0013166666666666667,0.79,actual0_7,F47,160,hour0
F13,156,0.14500000000000002,0.11031500000000001,0.7607931034482759,actual0_7,F47,160,hour0
F13,168,0.1966666666666666,0.12997999999999998,0.6609152542372883,actual0_7,F47,160,hour0
F13,171,0.028333333333333335,0.023386666666666667,0.8254117647058823,actual0_7,F47,160,hour0
F13,175,0.0016666666666666668,0.0014950000000000002,0.8970000000000001,actual0_7,F47,160,hour0
F13,231,0.0016666666666666668,0.0009683333333333333,0.581,actual0_7,F47,160,hour0
F13,233,0.08166666666666661,0.05108333333333329,0.6255102040816326,actual0_7,F47,160,hour0
F47,97,0.006666666666666667,0.003948333333333333,0.5922499999999999,actual0_7,F47,160,hour0
F47,117,0.0016666666666666668,0.0013083333333333334,0.785,actual0_7,F47,160,hour0
F47,120,0.021666666666666667,0.008273333333333334,0.38184615384615384,actual0_7,F47,160,hour0
F47,123,0.0016666666666666668,0.0006883333333333333,0.413,actual0_7,F47,160,hour0
F47,124,0.005,0.0022700000000000003,0.45400000000000007,actual0_7,F47,160,hour0
F47,128,0.013333333333333334,0.0061466666666666675,0.461,actual0_7,F47,160,hour0
F47,129,0.0016666666666666668,0.0011616666666666668,0.697,actual0_7,F47,160,hour0
F47,130,0.005,0.0023250000000000002,0.465,actual0_7,F47,160,hour0
F47,145,0.008333333333333333,0.017426666666666667,2.0912,actual0_7,F47,160,hour0
F47,150,0.006666666666666667,0.002705,0.40574999999999994,actual0_7,F47,160,hour0
F47,151,0.005,0.006533333333333334,1.3066666666666666,actual0_7,F47,160,hour0
F47,152,0.0016666666666666668,0.0007033333333333334,0.422,actual0_7,F47,160,hour0
F47,167,0.0016666666666666668,0.0007083333333333334,0.425,actual0_7,F47,160,hour0
F47,168,0.0016666666666666668,0.001255,0.753,actual0_7,F47,160,hour0
F47,170,0.13166666666666652,0.08121166666666658,0.6167974683544305,actual0_7,F47,160,hour0
F47,216,0.0016666666666666668,0.0008800000000000001,0.528,actual0_7,F47,160,hour0
F47,229,0.011666666666666667,0.02009,1.722,actual0_7,F47,160,hour0
F47,231,0.008333333333333333,0.017723333333333334,2.1268000000000002,actual0_7,F47,160,hour0
F47,239,0.0016666666666666668,0.0007233333333333334,0.43400000000000005,actual0_7,F47,160,hour0
F47,241,0.015000000000000001,0.008745,0.583,actual0_7,F47,160,hour0
F47,242,0.2850000000000006,0.2094316666666671,0.7348479532163743,actual0_7,F47,160,hour0
F13,84,0.00048611111111111115,0.00026541666666666673,0.546,actual0_7,F47,160,daymean
F13,104,0.0021527777777777778,0.0006698611111111112,0.31116129032258066,actual0_7,F47,160,daymean
F13,130,0.00020833333333333335,0.00015708333333333335,0.754,actual0_7,F47,160,daymean
F13,135,0.0011111111111111111,0.0011665277777777778,1.0498750000000001,actual0_7,F47,160,daymean
F13,137,0.0009027777777777777,0.0011534722222222222,1.2776923076923077,actual0_7,F47,160,daymean
F13,138,0.00034722222222222224,0.0002623611111111111,0.7555999999999999,actual0_7,F47,160,daymean
F13,139,0.0008333333333333333,0.0011575694444444446,1.3890833333333337,actual0_7,F47,160,daymean
F13,146,0.00125,0.0019006944444444447,1.5205555555555557,actual0_7,F47,160,daymean
F13,147,0.0001388888888888889,5.513888888888889e-05,0.397,actual0_7,F47,160,daymean
F13,152,0.0005555555555555556,0.00023777777777777778,0.428,actual0_7,F47,160,daymean
F13,154,6.944444444444444e-05,2.791666666666667e-05,0.402,actual0_7,F47,160,daymean
F13,155,0.0011805555555555556,0.0009459027777777778,0.801235294117647,actual0_7,F47,160,daymean
F13,156,0.15451388888888884,0.11562069444444442,0.7482867415730338,actual0_7,F47,160,daymean
F13,168,0.1696527777777777,0.1121224305555555,0.6608935734752354,actual0_7,F47,160,daymean
F13,169,0.0014930555555555556,0.0012725,0.8522790697674418,actual0_7,F47,160,daymean
F13,171,0.027638888888888886,0.023807777777777775,0.8613869346733668,actual0_7,F47,160,daymean
F13,174,0.0015277777777777779,0.0014954166666666666,0.9788181818181817,actual0_7,F47,160,daymean
F13,175,0.0008333333333333334,0.0008347222222222223,1.0016666666666667,actual0_7,F47,160,daymean
F13,214,6.944444444444444e-05,5.8819444444444444e-05,0.847,actual0_7,F47,160,daymean
F13,231,0.0014583333333333334,0.0008755555555555556,0.6003809523809525,actual0_7,F47,160,daymean
F13,233,0.06805555555555555,0.042447013888888885,0.6237112244897959,actual0_7,F47,160,daymean
F13,243,6.944444444444444e-05,0.00011986111111111111,1.726,actual0_7,F47,160,daymean
F47,97,0.003541666666666667,0.0020857638888888887,0.5889215686274509,actual0_7,F47,160,daymean
F47,112,0.0001388888888888889,9.902777777777777e-05,0.713,actual0_7,F47,160,daymean
F47,117,0.0013194444444444445,0.0011119444444444445,0.8427368421052631,actual0_7,F47,160,daymean
F47,120,0.02347222222222222,0.009602708333333333,0.4091094674556213,actual0_7,F47,160,daymean
F47,121,0.0001388888888888889,8.458333333333333e-05,0.609,actual0_7,F47,160,daymean
F47,123,0.0019444444444444446,0.0008136111111111111,0.41842857142857137,actual0_7,F47,160,daymean
F47,124,0.004756944444444445,0.0022363194444444444,0.4701167883211679,actual0_7,F47,160,daymean
F47,127,0.0006944444444444445,0.00048347222222222227,0.6962,actual0_7,F47,160,daymean
F47,128,0.018217592592592594,0.008937569444444444,0.49060101651842436,actual0_7,F47,160,daymean
F47,129,0.0010416666666666667,0.0007407638888888889,0.7111333333333334,actual0_7,F47,160,daymean
F47,130,0.009108796296296297,0.0045427083333333335,0.4987166454891995,actual0_7,F47,160,daymean
F47,145,0.008194444444444445,0.017111041666666667,2.0881271186440675,actual0_7,F47,160,daymean
F47,150,0.007708333333333332,0.003171180555555555,0.4113963963963964,actual0_7,F47,160,daymean
F47,151,0.005694444444444445,0.007234652777777778,1.2704756097560976,actual0_7,F47,160,daymean
F47,152,0.0032638888888888887,0.0014070138888888886,0.4310851063829787,actual0_7,F47,160,daymean
F47,167,0.0016666666666666661,0.0007083333333333331,0.425,actual0_7,F47,160,daymean
F47,168,0.005625000000000001,0.004483541666666667,0.797074074074074,actual0_7,F47,160,daymean
F47,170,0.20225694444444436,0.1610184027777777,0.7961081545064378,actual0_7,F47,160,daymean
F47,176,6.944444444444444e-05,6.847222222222222e-05,0.986,actual0_7,F47,160,daymean
F47,216,0.0027083333333333334,0.0014927777777777778,0.5511794871794872,actual0_7,F47,160,daymean
F47,229,0.010208333333333333,0.017752499999999997,1.7390204081632652,actual0_7,F47,160,daymean
F47,231,0.008541666666666668,0.01747729166666667,2.0461219512195123,actual0_7,F47,160,daymean
F47,239,0.0007638888888888889,0.0003315972222222223,0.43409090909090914,actual0_7,F47,160,daymean
F47,241,0.020138888888888887,0.013120624999999999,0.6515068965517241,actual0_7,F47,160,daymean
F47,242,0.2242361111111111,0.16252270833333332,0.7247838340043357,actual0_7,F47,160,daymean
F13,121,0.01,0.012085,1.2085,actual1_7,F47,161,hour0
F13,130,0.005,0.003923333333333334,0.7846666666666668,actual1_7,F47,161,hour0
F13,135,0.006666666666666667,0.0064600000000000005,0.969,actual1_7,F47,161,hour0
F13,137,0.1699999999999999,0.16346666666666657,0.9615686274509804,actual1_7,F47,161,hour0
F13,139,0.005,0.005183333333333333,1.0366666666666666,actual1_7,F47,161,hour0
F13,151,0.018333333333333333,0.03111166666666667,1.697,actual1_7,F47,161,hour0
F13,153,0.0016666666666666668,0.002575,1.545,actual1_7,F47,161,hour0
F13,155,0.0016666666666666668,0.00135,0.8099999999999999,actual1_7,F47,161,hour0
F13,159,0.0633333333333333,0.03952999999999998,0.6241578947368421,actual1_7,F47,161,hour0
F13,171,0.015000000000000001,0.012451666666666666,0.830111111111111,actual1_7,F47,161,hour0
F13,177,0.0016666666666666668,0.0016216666666666667,0.973,actual1_7,F47,161,hour0
F13,214,0.02,0.016083333333333335,0.8041666666666667,actual1_7,F47,161,hour0
F47,74,0.0016666666666666668,0.000345,0.207,actual1_7,F47,161,hour0
F47,139,0.27999999999999986,0.4569549999999998,1.6319821428571428,actual1_7,F47,161,hour0
F47,145,0.05333333333333334,0.11863499999999999,2.2244062499999995,actual1_7,F47,161,hour0
F47,147,0.0016666666666666668,0.0030833333333333338,1.85,actual1_7,F47,161,hour0
F47,151,0.006666666666666667,0.008493333333333334,1.274,actual1_7,F47,161,hour0
F47,154,0.018333333333333333,0.030435,1.660090909090909,actual1_7,F47,161,hour0
F47,157,0.06999999999999997,0.10604499999999994,1.5149285714285714,actual1_7,F47,161,hour0
F47,170,0.0033333333333333335,0.0020566666666666667,0.617,actual1_7,F47,161,hour0
F47,176,0.0033333333333333335,0.00319,0.957,actual1_7,F47,161,hour0
F47,231,0.13499999999999995,0.2469649999999999,1.8293703703703703,actual1_7,F47,161,hour0
F47,239,0.015000000000000001,0.0065116666666666665,0.43411111111111106,actual1_7,F47,161,hour0
F47,241,0.09166666666666667,0.054101666666666666,0.5902,actual1_7,F47,161,hour0
F47,242,0.0016666666666666668,0.0012266666666666667,0.736,actual1_7,F47,161,hour0
F13,93,0.0006944444444444444,0.0002884722222222222,0.4154,actual1_7,F47,161,daymean
F13,106,6.944444444444444e-05,2.3194444444444445e-05,0.334,actual1_7,F47,161,daymean
F13,109,6.944444444444444e-05,2.6319444444444443e-05,0.379,actual1_7,F47,161,daymean
F13,111,0.0009027777777777777,0.0003427777777777778,0.3796923076923077,actual1_7,F47,161,daymean
F13,120,0.0011111111111111111,0.0015722222222222223,1.415,actual1_7,F47,161,daymean
F13,121,0.008194444444444445,0.010323958333333334,1.2598728813559321,actual1_7,F47,161,daymean
F13,130,0.0004861111111111111,0.0003793055555555556,0.7802857142857144,actual1_7,F47,161,daymean
F13,135,0.008541666666666666,0.008755277777777778,1.025008130081301,actual1_7,F47,161,daymean
F13,137,0.1133333333333333,0.12113368055555553,1.068826593137255,actual1_7,F47,161,daymean
F13,139,0.0019444444444444444,0.0023770833333333335,1.2225000000000001,actual1_7,F47,161,daymean
F13,146,0.0009722222222222222,0.0014750694444444446,1.517214285714286,actual1_7,F47,161,daymean
F13,151,0.011527777777777777,0.01940972222222222,1.683734939759036,actual1_7,F47,161,daymean
F13,153,0.0015972222222222223,0.0025490972222222226,1.5959565217391305,actual1_7,F47,161,daymean
F13,154,0.0013194444444444445,0.000553125,0.4192105263157895,actual1_7,F47,161,daymean
F13,155,0.0015972222222222223,0.0012947222222222223,0.8106086956521739,actual1_7,F47,161,daymean
F13,156,0.04746527777777777,0.03555038194444444,0.7489765910753474,actual1_7,F47,161,daymean
F13,159,0.05215277777777777,0.030940902777777772,0.5932743009320905,actual1_7,F47,161,daymean
F13,160,6.944444444444444e-05,3.298611111111111e-05,0.475,actual1_7,F47,161,daymean
F13,169,6.944444444444444e-05,6.173611111111111e-05,0.889,actual1_7,F47,161,daymean
F13,171,0.010972222222222222,0.009324791666666667,0.849854430379747,actual1_7,F47,161,daymean
F13,174,0.0001388888888888889,0.00013340277777777775,0.9604999999999998,actual1_7,F47,161,daymean
F13,177,0.0018055555555555555,0.0018027083333333332,0.998423076923077,actual1_7,F47,161,daymean
F13,196,6.944444444444444e-05,3.659722222222223e-05,0.527,actual1_7,F47,161,daymean
F13,214,0.023125,0.022119513888888886,0.9565195195195194,actual1_7,F47,161,daymean
F13,232,6.944444444444444e-05,5.319444444444444e-05,0.766,actual1_7,F47,161,daymean
F13,241,6.944444444444444e-05,0.00010131944444444445,1.459,actual1_7,F47,161,daymean
F13,243,6.944444444444444e-05,0.00012625,1.818,actual1_7,F47,161,daymean
F47,74,0.0014583333333333334,0.0003113888888888889,0.2135238095238095,actual1_7,F47,161,daymean
F47,96,6.944444444444444e-05,1.4722222222222222e-05,0.212,actual1_7,F47,161,daymean
F47,101,0.0006944444444444445,0.0004618055555555556,0.665,actual1_7,F47,161,daymean
F47,103,0.00034722222222222224,0.00024312500000000001,0.7002,actual1_7,F47,161,daymean
F47,104,0.0002777777777777778,5.694444444444444e-05,0.205,actual1_7,F47,161,daymean
F47,117,0.0015972222222222223,0.0016125,1.0095652173913043,actual1_7,F47,161,daymean
F47,119,0.0018055555555555557,0.0017040277777777778,0.9437692307692307,actual1_7,F47,161,daymean
F47,128,0.0009027777777777778,0.0004527083333333334,0.5014615384615385,actual1_7,F47,161,daymean
F47,129,0.0004166666666666667,0.00028298611111111113,0.6791666666666667,actual1_7,F47,161,daymean
F47,130,0.009375,0.004775277777777778,0.509362962962963,actual1_7,F47,161,daymean
F47,132,0.023888888888888887,0.060513194444444446,2.5331104651162795,actual1_7,F47,161,daymean
F47,136,0.00020833333333333332,0.0003458333333333333,1.66,actual1_7,F47,161,daymean
F47,138,0.008333333333333333,0.014127291666666666,1.695275,actual1_7,F47,161,daymean
F47,139,0.16659722222222217,0.2745339583333333,1.6478903709879118,actual1_7,F47,161,daymean
F47,145,0.10583333333333332,0.22603256944444441,2.135740813648294,actual1_7,F47,161,daymean
F47,146,0.00020833333333333335,0.00014291666666666668,0.686,actual1_7,F47,161,daymean
F47,147,0.0001388888888888889,0.00025625,1.8450000000000002,actual1_7,F47,161,daymean
F47,150,0.0048611111111111095,0.0020558333333333323,0.42291428571428563,actual1_7,F47,161,daymean
F47,151,0.007743055555555556,0.01086375,1.403031390134529,actual1_7,F47,161,daymean
F47,152,0.0010416666666666667,0.0004431944444444444,0.42546666666666666,actual1_7,F47,161,daymean
F47,154,0.013159722222222222,0.021305972222222223,1.619029023746702,actual1_7,F47,161,daymean
F47,155,0.0014583333333333332,0.0006256249999999999,0.42899999999999994,actual1_7,F47,161,daymean
F47,157,0.024999999999999998,0.03128243055555555,1.2512972222222223,actual1_7,F47,161,daymean
F47,159,0.0011805555555555556,0.0008597916666666667,0.7282941176470589,actual1_7,F47,161,daymean
F47,168,0.00020833333333333332,0.00015916666666666667,0.764,actual1_7,F47,161,daymean
F47,170,0.028194444444444446,0.023054166666666664,0.8176847290640393,actual1_7,F47,161,daymean
F47,176,0.0038888888888888888,0.003810208333333333,0.9797678571428571,actual1_7,F47,161,daymean
F47,215,0.0003472222222222222,0.00024354166666666665,0.7014,actual1_7,F47,161,daymean
F47,216,0.0009027777777777778,0.0004851388888888889,0.5373846153846153,actual1_7,F47,161,daymean
F47,229,0.006597222222222222,0.011652361111111112,1.7662526315789475,actual1_7,F47,161,daymean
F47,231,0.18097222222222217,0.383189236111111,2.1173925556408286,actual1_7,F47,161,daymean
F47,239,0.022708333333333334,0.009855277777777777,0.4339938837920489,actual1_7,F47,161,daymean
F47,241,0.0711111111111111,0.04583847222222222,0.6446035156250001,actual1_7,F47,161,daymean
F47,242,0.019895833333333335,0.0143853125,0.7230314136125654,actual1_7,F47,161,daymean
F47,243,0.0001388888888888889,5.25e-05,0.378,actual1_7,F47,161,daymean
