key,farm,day,y,p,bias,n,sse,sse_level,sse_shape,role,dong,sealed,late,cold,type,r,a1,a2,A1,A12,PR,PRD,CHo,CHo_from,CHi,CHi_from,in_temp,in_temp_rng,out_temp,dT,in_hum,in_hum_night,in_co2,in_co2_noon,out_rad,in_rad,vent,vent0,heat,thermal,shade,circfan,co2sup,fog,side,valve,wspd,out_hum
F13_100_8,F13,100,0.4057916666666667,0.36095969576308,-0.0448319709035866,24,0.0637558111755381,0.048237734762401,0.0155180764131371,single,A,True,False,True,N4 일반 날 수준 맞음(|편향|≤.1),0.044831970903586704,0.3935416666666667,0.4086666666666667,0.3935416666666667,0.4011041666666667,0.46108333333333335,0.39937500000000004,0.39,98.0,0.39,98.0,11.591666666666667,14.700000000000001,1.3166666666666667,10.275,57.75,62.833333333333336,381.8333333333333,411.6666666666667,127.54166666666667,,0.0,1.0,14.25,31.791666666666668,53.041666666666664,0.0,3.3333333333333335,0.625,,,2.1416666666666666,50.625
F13_101_8,F13,101,0.4510833333333333,0.4371573162071168,-0.0139260171262165,24,0.0103282428357787,0.0046544148719922,0.0056738279637865,single,B,False,False,False,N4 일반 날 수준 맞음(|편향|≤.1),0.013926017126216494,0.4735416666666667,0.482,0.4735416666666667,0.47777083333333337,0.4057916666666667,0.46108333333333335,0.454,99.0,0.454,99.0,13.491666666666667,10.3,1.3166666666666667,12.175,50.5,56.0,359.9166666666667,418.8333333333333,127.66666666666667,,6.041666666666667,0.0,38.416666666666664,37.0,36.708333333333336,38.875,3.1666666666666665,2.125,,,2.1750000000000003,50.625
F13_102_8,F13,102,0.3860833333333333,0.3757577537698092,-0.0103255795635241,24,0.042740244615617,0.002558822239744,0.040181422375873,first,A,True,False,True,N4 일반 날 수준 맞음(|편향|≤.1),0.01032557956352409,0.3177916666666666,0.3161666666666666,0.3177916666666666,0.3169791666666666,0.45108333333333334,0.39937500000000004,0.393,100.0,0.393,100.0,12.112499999999999,15.599999999999998,2.5083333333333333,9.604166666666666,60.083333333333336,57.5,382.125,406.6666666666667,113.75,,0.0,1.0,12.458333333333334,29.416666666666668,53.791666666666664,0.0,2.7083333333333335,0.25,,,1.6708333333333334,59.625
F13_103_9,F13,103,0.447375,0.4675320034206933,0.0201570034206932,24,0.0167803282229912,0.0097513148856441,0.007029013337347,second,B,False,False,False,N4 일반 날 수준 맞음(|편향|≤.1),-0.020157003420693265,0.4510833333333333,0.4610833333333333,0.4510833333333333,0.4560833333333333,0.38608333333333333,0.45108333333333334,0.439,101.0,0.439,101.0,14.2875,11.600000000000001,2.5083333333333333,11.779166666666667,55.166666666666664,53.0,368.6666666666667,441.3333333333333,113.75,,6.25,0.0,34.291666666666664,36.708333333333336,37.0,36.291666666666664,3.125,2.2083333333333335,,,1.6708333333333334,59.625
F13_104_9,F13,104,0.3177916666666666,0.4123723005745547,0.0945806339078881,24,0.2198359786381572,0.2146919114500309,0.0051440671881263,first,A,True,False,True,N4 일반 날 수준 맞음(|편향|≤.1),-0.09458063390788812,0.3860833333333333,0.4057916666666667,0.3860833333333333,0.3959375,0.447375,0.38608333333333333,0.316,102.0,0.316,102.0,12.116666666666667,16.3,1.8583333333333334,10.258333333333333,58.708333333333336,62.833333333333336,399.4166666666667,443.6666666666667,118.91666666666667,,0.0,1.0,16.833333333333332,30.166666666666668,52.916666666666664,0.0,3.5833333333333335,0.375,,,1.5041666666666667,59.0
F13_105_9,F13,105,0.442,0.4784296185862089,0.0364296185862088,24,0.0390704130724328,0.0318508106480797,0.0072196024243531,second,B,False,False,False,N4 일반 날 수준 맞음(|편향|≤.1),-0.03642961858620891,0.4510833333333333,0.4610833333333333,0.4510833333333333,0.4560833333333333,0.31779166666666664,0.447375,0.446,103.0,0.446,103.0,14.241666666666667,11.5,1.8583333333333334,12.383333333333333,53.958333333333336,56.666666666666664,372.8333333333333,443.3333333333333,118.91666666666667,,6.0,0.0,39.958333333333336,37.0,37.0,42.083333333333336,3.1666666666666665,2.75,,,1.5041666666666667,59.0
F13_106_9,F13,106,0.3161666666666666,0.508650875983558,0.1924842093168912,24,0.9034376735919298,0.8892041000723716,0.0142335735195582,single,A,True,False,False,N2 일반 날 과대(+.1 초과),-0.19248420931689136,0.3860833333333333,0.4057916666666667,0.3860833333333333,0.3959375,0.442,0.31779166666666664,0.305,104.0,0.305,104.0,13.066666666666668,18.2,1.4041666666666668,11.662500000000001,59.833333333333336,54.0,388.5,396.8333333333333,83.83333333333333,,2.5833333333333335,0.875,19.666666666666668,32.083333333333336,52.875,0.0,4.041666666666667,0.4166666666666667,,,2.1958333333333333,55.5
F13_107_9,F13,107,0.44425,0.4783607470942553,0.0341107470942553,24,0.0355667092317701,0.0279250336158779,0.0076416756158922,single,A,False,False,False,N4 일반 날 수준 맞음(|편향|≤.1),-0.03411074709425532,0.4510833333333333,0.4610833333333333,0.4510833333333333,0.4560833333333333,0.31616666666666665,0.31616666666666665,0.438,105.0,0.438,105.0,14.120833333333332,12.8,1.4041666666666668,12.716666666666665,56.5,51.0,366.5833333333333,393.0,83.83333333333333,,7.125,0.0,35.458333333333336,36.958333333333336,36.958333333333336,40.458333333333336,2.8333333333333335,1.9583333333333333,,,2.1958333333333333,55.166666666666664
F13_108_0,F13,108,0.4572083333333334,0.4758941572248505,0.0186858238915172,24,0.0162553048855105,0.0083798403481151,0.0078754645373953,single,B,False,False,False,N4 일반 날 수준 맞음(|편향|≤.1),-0.018685823891517128,0.44425,0.442,0.44425,0.443125,0.44425,0.442,0.445,107.0,0.445,107.0,16.041666666666668,10.799999999999999,9.200000000000001,6.841666666666667,70.08333333333333,77.0,367.7083333333333,394.1666666666667,31.833333333333332,,6.833333333333333,0.0,11.0,36.666666666666664,36.666666666666664,46.5,2.25,1.875,,,2.6833333333333336,70.66666666666667
F13_109_0,F13,109,0.3450416666666667,0.5133284182128802,0.1682867515462135,24,0.6897223155414981,0.679690337903448,0.01003197763805,single,B,True,False,True,N2 일반 날 과대(+.1 초과),-0.16828675154621353,0.3161666666666666,0.3177916666666666,0.3161666666666666,0.3169791666666666,0.4572083333333334,0.442,0.342,41.0,0.465,108.0,9.987499999999999,3.5,7.108333333333333,2.8791666666666655,73.125,84.0,371.9166666666667,368.0,115.16666666666667,,0.5416666666666666,0.9166666666666666,3.6666666666666665,32.0,53.125,0.0,3.125,0.75,,,1.2958333333333334,49.75
F13_10_0,F13,10,0.3742499999999999,0.3225697128140034,-0.0516802871859965,24,0.0675243644324294,0.0641004500070499,0.0034239144253794,first,A,False,False,False,N4 일반 날 수준 맞음(|편향|≤.1),0.05168028718599654,0.4005416666666666,0.335375,0.4005416666666666,0.3679583333333333,0.3919166666666667,0.3919166666666667,0.383,9.0,0.383,9.0,23.445833333333336,8.5,24.458333333333332,-1.0124999999999957,82.5,92.5,460.9583333333333,441.3333333333333,93.625,,0.16666666666666666,0.9583333333333334,22.916666666666668,45.833333333333336,53.458333333333336,27.5,0.0,0.0,,,0.7083333333333334,83.95833333333333
F13_110_0,F13,110,0.35375,0.4327402514875084,0.0789902514875084,24,0.1516318396062396,0.1497470359214359,0.0018848036848037,single,A,True,False,False,N4 일반 날 수준 맞음(|편향|≤.1),-0.07899025148750838,0.3177916666666666,0.3161666666666666,0.3177916666666666,0.3169791666666666,0.3450416666666667,0.31616666666666665,0.336,109.0,0.553,113.0,12.954166666666666,17.200000000000003,3.5708333333333333,9.383333333333333,59.458333333333336,58.666666666666664,393.5833333333333,417.1666666666667,111.79166666666667,,0.0,1.0,16.666666666666668,30.875,52.708333333333336,0.0,1.625,0.2916666666666667,,,1.0541666666666667,62.958333333333336
F13_111_0,F13,111,0.3712083333333333,0.5002577745277597,0.1290494411944263,24,0.4065178740143962,0.3996901985422486,0.0068276754721475,single,A,True,False,False,N2 일반 날 과대(+.1 초과),-0.12904944119442635,0.5405833333333333,0.9180416666666668,0.5405833333333333,0.7293125,0.35375,0.31616666666666665,0.352,110.0,0.303,212.0,13.3125,15.8,6.645833333333333,6.666666666666667,66.20833333333333,66.16666666666667,406.0,431.6666666666667,94.16666666666667,,0.0,1.0,8.416666666666666,30.25,52.708333333333336,0.0,2.7083333333333335,0.0,,,1.0583333333333333,64.875
F13_112_0,F13,112,0.3963333333333333,0.6446105613086749,0.2482772279753415,24,1.5098917408455603,1.4793979663468726,0.0304937744986879,first,A,True,False,False,N2 일반 날 과대(+.1 초과),-0.24827722797534157,1.101625,0.9369166666666668,1.101625,1.0192708333333336,0.3712083333333333,0.35375,0.367,111.0,0.367,111.0,13.641666666666666,14.799999999999999,9.762500000000001,3.8791666666666647,74.58333333333333,77.83333333333333,390.3333333333333,421.6666666666667,74.33333333333333,,0.0,1.0,2.7083333333333335,37.125,53.083333333333336,0.0,2.2916666666666665,0.0,,,1.8458333333333332,67.91666666666667
F13_113_1,F13,113,0.5562916666666667,0.5167262136172944,-0.0395654530493722,24,0.0418271324339671,0.0375702018000499,0.0042569306339172,second,B,False,False,False,N4 일반 날 수준 맞음(|편향|≤.1),0.03956545304937231,0.5396666666666666,0.2943333333333333,0.5396666666666666,0.4169999999999999,0.39633333333333337,0.3450416666666667,0.552,211.0,0.552,211.0,13.625,12.2,9.762500000000001,3.862499999999999,72.54166666666667,76.66666666666667,359.5416666666667,382.8333333333333,74.33333333333333,,5.833333333333333,0.125,4.416666666666667,33.291666666666664,31.541666666666668,37.541666666666664,2.0,0.4166666666666667,,,1.8458333333333332,67.91666666666667
F13_116_1,F13,116,0.9369166666666668,1.012071004964236,0.0751543382975693,24,0.2394811501543143,0.135556189558692,0.1039249605956223,second,B,True,False,True,N1 일반 날 오탐(예측≥.9),-0.07515433829756923,0.3712083333333333,0.292,0.3712083333333333,0.33160416666666664,0.2925,0.3450416666666667,0.907,214.0,0.907,214.0,10.741666666666667,6.5,4.391666666666667,6.3500000000000005,81.41666666666667,84.83333333333333,437.7916666666667,461.1666666666667,33.458333333333336,,0.0,1.0,45.125,31.25,31.25,0.7083333333333334,2.125,0.0,,,0.7625000000000001,81.54166666666667
F13_117_1,F13,117,0.3037916666666666,0.3177353308379946,0.0139436641713279,24,0.0113152381891579,0.0046662184925466,0.0066490196966113,first,A,False,False,True,N4 일반 날 수준 맞음(|편향|≤.1),-0.013943664171327974,0.3114166666666667,0.3266666666666666,0.3114166666666667,0.31904166666666667,0.9369166666666667,0.2925,0.298,115.0,0.298,115.0,12.6625,11.6,5.154166666666667,7.508333333333333,69.08333333333333,72.83333333333333,400.75,390.8333333333333,74.0,,18.666666666666668,0.3333333333333333,45.708333333333336,37.708333333333336,25.958333333333332,45.708333333333336,0.0,0.0,,,1.0625,76.08333333333333
F13_118_2,F13,118,1.101625,1.036322022298921,-0.0653029777010793,24,1.6504013968481557,0.1023474935190641,1.5480539033290914,second,B,True,False,True,H1 고EC 날(일평균≥1) 과소,0.06530297770107918,0.9369166666666668,0.3963333333333333,0.9369166666666668,0.666625,0.3037916666666666,0.3450416666666667,0.951,116.0,0.569,78.0,12.4125,14.8,5.154166666666667,7.258333333333333,77.58333333333333,82.5,437.9166666666667,456.0,74.0,,0.0,1.0,38.708333333333336,31.25,31.291666666666668,0.7083333333333334,2.125,0.0,,,1.0625,76.08333333333333
F13_119_2,F13,119,0.3114166666666667,0.4104769243431068,0.0990602576764401,24,0.2454604339868024,0.2355104316221454,0.009950002364657,first,A,False,False,True,N4 일반 날 수준 맞음(|편향|≤.1),-0.09906025767644011,0.3037916666666666,0.9369166666666668,0.3037916666666666,0.6203541666666668,1.101625,0.2925,0.316,117.0,0.316,117.0,12.333333333333334,5.699999999999999,7.966666666666666,4.366666666666668,74.04166666666667,75.16666666666667,394.3333333333333,383.6666666666667,35.708333333333336,,20.458333333333332,0.25,31.416666666666668,40.208333333333336,27.833333333333332,31.416666666666668,0.0,0.0,,,1.5999999999999999,73.875
F13_11_0,F13,11,0.3683333333333333,0.365836538443828,-0.0024967948895052,24,0.0206014627673208,0.0001496156332862,0.0204518471340346,second,B,False,False,False,N4 일반 날 수준 맞음(|편향|≤.1),0.0024967948895052716,0.2919583333333333,0.3835833333333333,0.2919583333333333,0.3377708333333333,0.37424999999999997,0.17720833333333333,0.36,180.0,0.36,180.0,20.473333333333336,3.3000000000000007,24.458333333333332,-3.984999999999996,94.26666666666667,95.5,453.3333333333333,449.8333333333333,93.625,,66.29166666666667,0.0,0.6666666666666666,21.0,91.0,0.0,0.0,1.3333333333333333,,,0.7083333333333334,83.95833333333333
F13_120_2,F13,120,1.25,1.0837445217867463,-0.1662554782132535,24,1.8700979239560795,0.6633812168620231,1.2067167070940563,second,B,True,False,True,H1 고EC 날(일평균≥1) 과소,0.1662554782132537,0.9369166666666668,0.3037916666666666,0.9369166666666668,0.6203541666666668,0.3114166666666667,0.5562916666666667,1.287,118.0,1.287,118.0,12.479166666666666,11.500000000000002,7.966666666666666,4.5125,82.79166666666667,86.16666666666667,439.375,458.1666666666667,35.708333333333336,,0.0,1.0,29.208333333333332,31.25,31.25,0.7083333333333334,2.125,0.0,,,1.5999999999999999,73.875
F13_121_2,F13,121,1.318375,0.8620253972386042,-0.4563496027613958,24,5.605018184978315,4.99811903857161,0.6068991464067048,single,B,True,False,False,H1 고EC 날(일평균≥1) 과소,0.4563496027613959,1.69325,0.9180416666666668,1.69325,1.3056458333333334,1.25,0.9369166666666667,1.415,120.0,1.415,120.0,12.9375,13.200000000000001,7.433333333333334,5.504166666666666,79.95833333333333,94.83333333333333,445.25,455.8333333333333,85.20833333333333,,0.0,1.0,24.416666666666668,31.25,31.25,0.7083333333333334,2.125,0.0,,,0.8333333333333334,74.125
F13_122_2,F13,122,0.3487916666666666,0.4237362346186344,0.0749445679519677,24,0.1489439001285253,0.1348005183721707,0.0141433817563546,first,A,False,False,False,N4 일반 날 수준 맞음(|편향|≤.1),-0.0749445679519678,0.2943333333333333,0.3894999999999999,0.2943333333333333,0.3419166666666666,1.3183749999999999,0.2925,0.333,215.0,0.333,215.0,13.387500000000001,14.6,3.670833333333333,9.716666666666669,62.666666666666664,67.5,417.2083333333333,397.0,113.625,,15.25,0.4166666666666667,48.041666666666664,35.458333333333336,24.791666666666668,48.041666666666664,0.0,0.0,,,0.7916666666666666,69.75
F13_125_3,F13,125,1.495083333333333,1.3508430787376895,-0.1442402545956439,24,0.715163549595948,0.4993260250995885,0.2158375244963594,second,B,False,False,False,H1 고EC 날(일평균≥1) 과소,0.1442402545956436,1.318375,1.69325,1.318375,1.5058125,0.3698333333333333,1.25,1.522,123.0,1.407,121.0,14.241666666666667,17.4,8.391666666666667,5.85,75.95833333333333,77.5,451.1666666666667,467.0,94.04166666666667,,1.625,0.8333333333333334,23.583333333333332,31.25,31.291666666666668,0.7083333333333334,2.125,0.0,,,1.1416666666666666,70.45833333333333
F13_126_3,F13,126,0.3818333333333333,0.5299600033289029,0.1481266699955696,24,0.6354239504240411,0.526596248735433,0.1088277016886081,first,A,False,False,False,N2 일반 날 과대(+.1 초과),-0.14812666999556962,0.3266666666666666,0.3487916666666666,0.3266666666666666,0.33772916666666664,1.4950833333333333,0.3114166666666667,0.411,46.0,0.167,45.0,13.487499999999999,8.299999999999999,11.775,1.7124999999999986,82.625,83.83333333333333,405.7916666666667,380.6666666666667,28.666666666666668,,25.166666666666668,0.16666666666666666,17.541666666666668,43.875,30.833333333333332,17.541666666666668,0.0,0.0,,,1.5333333333333332,78.75
F13_128_4,F13,128,0.7817083333333333,0.7085780549594746,-0.0731302783738586,24,0.2113711572920412,0.1283529027609133,0.0830182545311278,first,A,True,False,True,N4 일반 날 수준 맞음(|편향|≤.1),0.07313027837385877,1.495083333333333,0.3818333333333333,1.495083333333333,0.9384583333333332,1.5790416666666667,0.34879166666666667,0.709,156.0,0.709,156.0,12.308333333333332,10.899999999999999,-3.2375000000000003,15.545833333333333,59.75,59.333333333333336,405.3333333333333,434.5,90.125,,0.0,1.0,34.916666666666664,35.458333333333336,48.958333333333336,0.0,1.1666666666666667,0.0,,,1.325,51.5
F13_129_4,F13,129,0.7205833333333334,0.668900766872326,-0.0516825664610072,24,0.0689072860443442,0.0641061042239143,0.0048011818204298,second,B,False,False,True,N4 일반 날 수준 맞음(|편향|≤.1),0.05168256646100733,0.3818333333333333,1.495083333333333,0.3818333333333333,0.9384583333333332,0.7817083333333333,1.453,0.724,136.0,0.771,155.0,11.7125,9.000000000000002,-3.2375000000000003,14.950000000000001,63.125,62.0,351.5,348.6666666666667,90.125,,0.0,1.0,35.708333333333336,32.625,30.541666666666668,42.333333333333336,0.0,0.25,,,1.325,51.5
F13_12_0,F13,12,0.3505,0.326344825621782,-0.0241551743782179,24,0.0157406570394443,0.0140033387818108,0.0017373182576334,single,A,False,False,False,N4 일반 날 수준 맞음(|편향|≤.1),0.02415517437821796,0.4005416666666666,0.4014166666666667,0.4005416666666666,0.40097916666666666,0.36833333333333335,0.37424999999999997,0.362,10.0,0.362,10.0,22.424999999999997,6.699999999999999,23.541666666666668,-1.1166666666666707,86.20833333333333,93.33333333333333,467.75,460.8333333333333,54.583333333333336,,3.8333333333333335,0.7916666666666666,17.291666666666668,57.083333333333336,50.791666666666664,31.958333333333332,0.0,0.0,,,1.3916666666666666,85.20833333333333
F13_130_4,F13,130,0.773125,1.013897953945092,0.2407729539450921,24,1.4060712474485682,1.3913187684346906,0.0147524790138775,first,A,True,False,False,N1 일반 날 오탐(예측≥.9),-0.24077295394509213,1.495083333333333,0.3818333333333333,1.495083333333333,0.9384583333333332,0.7205833333333334,0.3698333333333333,0.802,128.0,0.802,128.0,14.183333333333332,14.5,-2.279166666666667,16.4625,57.25,61.5,399.5416666666667,399.8333333333333,109.0,,0.0,1.0,0.0,0.0,0.0,0.0,0.0,0.0,,,1.425,57.791666666666664
F13_131_4,F13,131,0.73775,0.759488692457463,0.0217386924574629,24,0.0263426769005405,0.0113416979942438,0.0150009789062967,second,B,False,False,False,N4 일반 날 수준 맞음(|편향|≤.1),-0.02173869245746296,0.3818333333333333,1.495083333333333,0.3818333333333333,0.9384583333333332,0.773125,0.7205833333333334,0.721,129.0,0.721,129.0,13.329166666666666,12.100000000000001,-2.279166666666667,15.608333333333333,63.708333333333336,63.666666666666664,340.75,346.1666666666667,109.0,,0.75,0.8333333333333334,24.291666666666668,32.625,30.541666666666668,41.291666666666664,0.0,1.25,,,1.425,57.791666666666664
F13_132_4,F13,132,0.8696666666666667,1.2839478313361832,0.4142811646695165,24,4.401396774082841,4.1190932015983455,0.2823035724844951,single,A,True,False,False,N1 일반 날 오탐(예측≥.9),-0.4142811646695165,1.495083333333333,0.3818333333333333,1.495083333333333,0.9384583333333332,0.73775,0.3818333333333333,0.747,130.0,0.747,130.0,15.229166666666666,14.000000000000002,0.8624999999999999,14.366666666666665,62.333333333333336,60.833333333333336,402.2916666666667,435.0,81.125,,0.0,1.0,0.0,34.791666666666664,52.75,0.0,2.0,0.0,,,1.1958333333333333,60.416666666666664
F13_133_5,F13,133,0.9788333333333332,1.215461937331661,0.2366286039983277,24,1.3933998821407183,1.3438343095247378,0.0495655726159804,first,A,True,False,False,N1 일반 날 오탐(예측≥.9),-0.23662860399832786,0.8696666666666667,0.7817083333333333,0.8696666666666667,0.8256875,0.8696666666666667,0.773125,0.942,132.0,0.942,132.0,16.170833333333334,6.299999999999999,4.533333333333333,11.637500000000001,67.70833333333333,65.0,408.4583333333333,432.1666666666667,45.458333333333336,,0.0,1.0,0.0,40.958333333333336,52.833333333333336,0.0,1.6666666666666667,0.0,,,1.0374999999999999,68.125
F13_134_5,F13,134,0.7533333333333333,0.741204460431426,-0.0121288729019074,24,0.0069846460205821,0.003530629388895,0.003454016631687,second,B,False,False,False,N4 일반 날 수준 맞음(|편향|≤.1),0.01212887290190734,0.73775,0.7205833333333334,0.73775,0.7291666666666667,0.9788333333333333,0.7205833333333334,0.735,232.0,0.427,152.0,15.75,3.200000000000001,4.533333333333333,11.216666666666667,68.75,69.33333333333333,341.25,325.5,45.458333333333336,,2.9166666666666665,0.625,1.75,32.625,30.541666666666668,41.916666666666664,0.0,0.0,,,1.0374999999999999,68.125
F13_135_5,F13,135,1.0125833333333334,1.0767927448928365,0.0642094115595029,24,0.1615545261370921,0.0989483647876231,0.0626061613494689,first,A,False,False,False,H2 고EC 날 과대,-0.0642094115595031,0.8696666666666667,0.7817083333333333,0.8696666666666667,0.8256875,0.7533333333333333,0.773125,0.975,133.0,0.975,133.0,14.279166666666667,12.4,1.5999999999999999,12.679166666666667,64.16666666666667,70.16666666666667,408.4583333333333,443.8333333333333,102.33333333333333,,4.458333333333333,0.8333333333333334,0.0,41.0,52.916666666666664,0.0,5.333333333333333,0.125,,,1.1458333333333333,64.25
F13_136_5,F13,136,0.73775,0.7654666935082641,0.0277166935082641,24,0.021806780958464,0.0184371623767452,0.0033696185817187,second,B,False,False,False,N4 일반 날 수준 맞음(|편향|≤.1),-0.027716693508264112,0.73775,0.8696666666666667,0.73775,0.8037083333333334,1.0125833333333334,0.7205833333333334,0.738,134.0,0.775,149.0,15.991666666666667,10.899999999999999,1.5999999999999999,14.391666666666667,69.0,70.83333333333333,322.7916666666667,297.1666666666667,102.33333333333333,,2.5416666666666665,0.7083333333333334,2.7083333333333335,32.625,30.541666666666668,41.583333333333336,0.0,1.75,,,1.1458333333333333,64.25
F13_137_5,F13,137,1.075875,1.268081190421879,0.192206190421879,24,1.3257762120109855,0.8866372712757989,0.4391389407351868,first,A,False,False,False,H2 고EC 날 과대,-0.19220619042187903,1.3034583333333332,1.52975,1.3034583333333332,1.4166041666666667,0.73775,0.8696666666666667,0.97,135.0,0.97,135.0,14.083333333333334,11.499999999999998,-0.07916666666666668,14.162500000000001,59.458333333333336,64.0,440.25,483.3333333333333,112.45833333333333,,3.125,0.8333333333333334,0.0,34.833333333333336,49.541666666666664,0.0,6.875,0.625,,,1.0125,56.916666666666664
F13_138_6,F13,138,0.7215416666666666,0.7548890702841403,0.0333474036174737,24,0.0339460298292753,0.0266891838726407,0.0072568459566346,second,B,False,False,False,N4 일반 날 수준 맞음(|편향|≤.1),-0.03334740361747368,0.73775,0.7533333333333333,0.73775,0.7455416666666667,1.075875,0.73775,0.739,148.0,0.724,136.0,13.733333333333334,15.900000000000002,-0.07916666666666668,13.812500000000002,65.375,68.83333333333333,322.375,310.5,112.45833333333333,,2.375,0.7083333333333334,6.958333333333333,33.0,30.916666666666668,40.916666666666664,0.0,3.0,,,1.0125,56.916666666666664
F13_139_6,F13,139,1.3034583333333332,0.9678910180034798,-0.3355673153298535,24,4.9160312996996405,2.7025301548244487,2.213501144875192,first,A,True,False,False,H1 고EC 날(일평균≥1) 과소,0.3355673153298534,1.075875,1.0125833333333334,1.075875,1.0442291666666668,0.7215416666666666,0.9788333333333333,1.068,137.0,0.722,138.0,14.133333333333333,10.9,2.841666666666667,11.291666666666666,63.375,65.83333333333333,356.0416666666667,428.0,97.25,,0.0,1.0,0.0,40.458333333333336,52.958333333333336,0.0,2.8333333333333335,0.0,,,1.3291666666666666,64.58333333333333
F13_13_1,F13,13,0.4005416666666666,0.2852039273281135,-0.1153377393385531,24,0.3208716605532453,0.3192670587774726,0.0016046017757726,single,B,False,False,False,N3 일반 날 과소(−.1 미만),0.11533773933855307,0.3505,0.3835833333333333,0.3505,0.3670416666666666,0.3505,0.17720833333333333,0.398,181.0,0.398,181.0,22.575,7.199999999999999,24.270833333333332,-1.6958333333333329,87.95833333333333,94.83333333333333,448.2916666666667,454.6666666666667,112.33333333333333,,7.958333333333333,0.8333333333333334,1.4166666666666667,21.0,90.95833333333333,0.0,0.0,1.7083333333333333,,,1.8916666666666666,86.04166666666667
F13_140_6,F13,140,0.714625,0.7835844877004727,0.0689594877004727,24,0.1233091636723539,0.1141298626538795,0.0091793010184744,second,B,False,False,False,N4 일반 날 수준 맞음(|편향|≤.1),-0.06895948770047278,0.73775,0.7533333333333333,0.73775,0.7455416666666667,1.3034583333333332,0.7215416666666666,0.722,138.0,0.749,131.0,15.429166666666667,7.800000000000001,2.841666666666667,12.5875,66.04166666666667,67.83333333333333,324.375,311.6666666666667,97.25,,2.875,0.6666666666666666,3.0833333333333335,33.0,30.916666666666668,40.708333333333336,0.0,1.5416666666666667,,,1.3291666666666666,64.58333333333333
F13_141_6,F13,141,0.7079166666666666,0.7505021067781086,0.0425854401114419,24,0.0579961049561155,0.043524473027645,0.0144716319284705,single,B,False,False,False,N4 일반 날 수준 맞음(|편향|≤.1),-0.04258544011144194,0.73775,0.7533333333333333,0.73775,0.7455416666666667,0.714625,0.714625,0.699,140.0,1.388,139.0,14.737499999999999,13.599999999999998,-1.2958333333333334,16.03333333333333,64.125,65.5,319.7916666666667,310.1666666666667,120.125,,1.7083333333333333,0.7916666666666666,2.1666666666666665,33.0,30.916666666666668,40.166666666666664,0.0,2.4166666666666665,,,1.1416666666666666,51.5
F13_142_6,F13,142,0.4254583333333333,0.4529278496271232,0.0274695162937898,24,0.0821633666693113,0.0181097838099549,0.0640535828593564,single,B,False,False,False,N4 일반 날 수준 맞음(|편향|≤.1),-0.027469516293789853,0.6891666666666666,1.4956666666666667,0.6891666666666666,1.0924166666666666,0.7079166666666666,0.7079166666666666,0.819,245.0,0.448,164.0,13.208333333333334,14.1,2.4083333333333337,10.8,67.83333333333333,70.5,391.1666666666667,389.0,89.5,,8.5,0.5,61.041666666666664,29.375,21.333333333333332,49.791666666666664,0.0,0.0,,,2.3249999999999997,60.333333333333336
F13_143_7,F13,143,1.52975,1.2328650952387057,-0.2968849047612943,24,2.6000407272021704,2.115375520202948,0.4846652069992228,single,A,False,False,False,H1 고EC 날(일평균≥1) 과소,0.29688490476129425,1.3034583333333332,1.075875,1.3034583333333332,1.1896666666666667,0.4254583333333333,1.0125833333333334,1.374,241.0,1.545,153.0,15.170833333333334,12.700000000000001,2.4166666666666665,12.754166666666668,59.875,59.5,383.4166666666667,414.0,89.5,,4.416666666666667,0.8333333333333334,0.0,41.166666666666664,53.125,0.0,11.875,0.0,,,2.3249999999999997,60.333333333333336
F13_145_7,F13,145,0.6891666666666666,0.7474485932467569,0.0582819265800903,24,0.0863079742211544,0.0815227911812889,0.0047851830398655,first,A,False,False,False,N4 일반 날 수준 맞음(|편향|≤.1),-0.05828192658009035,0.7079166666666666,0.714625,0.7079166666666666,0.7112708333333333,0.413875,0.413875,0.643,233.0,0.961,174.0,13.958333333333334,10.2,-1.7583333333333335,15.716666666666667,64.79166666666667,66.66666666666667,316.6666666666667,302.6666666666667,118.91666666666667,,0.9583333333333334,0.8333333333333334,4.541666666666667,33.0,30.916666666666668,47.75,0.0,1.5,,,1.4791666666666667,56.666666666666664
F13_146_7,F13,146,1.4956666666666667,1.3734061187932785,-0.1222605478733882,24,1.094381634847991,0.3587433975912252,0.7356382372567655,second,B,True,False,False,H1 고EC 날(일평균≥1) 과소,0.12226054787338825,1.3034583333333332,0.7079166666666666,1.3034583333333332,1.0056874999999998,0.6891666666666666,0.4254583333333333,1.706,151.0,1.706,151.0,14.441666666666668,15.499999999999998,-1.7583333333333335,16.200000000000003,57.583333333333336,61.333333333333336,377.2916666666667,419.3333333333333,118.91666666666667,,1.0,0.9166666666666666,0.0,37.25,51.375,0.0,3.8333333333333335,0.08333333333333333,,,1.4791666666666667,56.666666666666664
F13_147_7,F13,147,0.41225,0.4599873016606666,0.0477373016606666,24,0.1178777504567425,0.0546923992761957,0.0631853511805468,single,A,False,False,True,N4 일반 날 수준 맞음(|편향|≤.1),-0.04773730166066659,0.4254583333333333,0.7079166666666666,0.4254583333333333,0.5666875,1.4956666666666667,0.413875,,,,,11.658333333333333,10.999999999999998,0.7291666666666666,10.929166666666667,71.91666666666667,72.0,814.0833333333334,433.8333333333333,61.5,,9.5,0.5,57.958333333333336,21.916666666666668,14.291666666666666,52.833333333333336,0.0,0.0,,,2.345833333333333,66.29166666666667
F13_148_8,F13,148,0.7375833333333333,0.8415791868671479,0.1039958535338146,24,0.2620992497191229,0.2595633012534392,0.0025359484656837,single,B,False,False,False,N2 일반 날 과대(+.1 초과),-0.10399585353381469,0.4320416666666666,0.3487916666666666,0.4320416666666666,0.39041666666666663,0.41225,0.4254583333333333,,,0.409,147.0,16.4375,8.0,3.283333333333333,13.154166666666667,67.29166666666667,71.5,312.4166666666667,304.0,115.95833333333333,,1.625,0.75,1.375,33.375,31.291666666666668,46.458333333333336,0.0,2.2916666666666665,,,1.2458333333333333,63.958333333333336
F13_149_8,F13,149,0.7759166666666667,0.7134113715353263,-0.0625052951313404,24,0.1018817640765214,0.0937658860669432,0.0081158780095781,single,B,False,False,False,N4 일반 날 수준 맞음(|편향|≤.1),0.0625052951313404,0.4320416666666666,0.3487916666666666,0.4320416666666666,0.39041666666666663,0.7375833333333333,0.4254583333333333,,,0.422,242.0,19.141666666666666,6.800000000000001,10.070833333333333,9.070833333333333,70.95833333333333,71.66666666666667,324.5416666666667,313.1666666666667,80.29166666666667,,5.333333333333333,0.25,0.0,33.375,31.291666666666668,49.083333333333336,0.0,0.9583333333333334,,,2.495833333333333,74.16666666666667
F13_14_1,F13,14,0.3236666666666667,0.3411042007770768,0.0174375341104102,24,0.0098559646788869,0.0072976223004412,0.0025583423784456,first,A,False,False,False,N4 일반 날 수준 맞음(|편향|≤.1),-0.017437534110410102,0.335375,0.3835833333333333,0.335375,0.3594791666666666,0.40054166666666663,0.3505,0.322,182.0,0.322,182.0,24.116666666666664,9.3,24.325,-0.2083333333333357,80.83333333333333,92.0,439.1666666666667,419.3333333333333,151.45833333333334,,18.791666666666668,0.25,30.916666666666668,42.791666666666664,47.416666666666664,50.583333333333336,0.0,0.0,,,1.2583333333333333,82.83333333333333
F13_150_8,F13,150,0.8217500000000001,0.8359212841437659,0.0141712841437659,24,0.008553462044281,0.0048198070628004,0.0037336549814805,first,A,False,False,False,N4 일반 날 수준 맞음(|편향|≤.1),-0.014171284143765783,0.4320416666666666,0.3487916666666666,0.4320416666666666,0.39041666666666663,0.7759166666666667,0.41225,0.775,149.0,0.699,140.0,18.795833333333334,11.600000000000001,4.445833333333334,14.350000000000001,69.45833333333333,69.16666666666667,338.625,319.5,118.08333333333333,,3.125,0.7083333333333334,0.0,33.708333333333336,31.625,46.375,0.0,4.875,,,0.9874999999999999,63.708333333333336
F13_151_8,F13,151,1.676875,1.3730746683715818,-0.3038003316284182,24,2.391822101754352,2.215071395940885,0.1767507058134669,second,B,False,False,False,H1 고EC 날(일평균≥1) 과소,0.30380033162841813,1.7187916666666665,1.4315,1.7187916666666665,1.5751458333333332,0.8217500000000001,0.7375833333333333,1.793,243.0,0.435,244.0,17.5125,12.6,4.445833333333334,13.066666666666666,61.333333333333336,66.83333333333333,389.7916666666667,413.5,118.08333333333333,,5.291666666666667,0.8333333333333334,0.0,43.208333333333336,53.833333333333336,0.0,7.125,0.75,,,0.9874999999999999,63.708333333333336
F13_152_8,F13,152,0.4332083333333333,0.4397454976316349,0.0065371642983015,24,0.0042373656448992,0.0010256284095117,0.0032117372353874,single,A,False,False,False,N4 일반 날 수준 맞음(|편향|≤.1),-0.00653716429830159,0.3487916666666666,0.4320416666666666,0.3487916666666666,0.39041666666666663,1.676875,0.41225,0.408,144.0,0.408,144.0,13.424999999999999,12.399999999999999,3.8541666666666665,9.570833333333333,64.875,68.5,405.0416666666667,390.3333333333333,106.33333333333333,,16.791666666666668,0.375,64.45833333333333,35.041666666666664,24.0,57.916666666666664,0.0,0.0,,,0.9291666666666667,64.95833333333333
F13_153_9,F13,153,1.6374166666666667,1.460579697555007,-0.1768369691116597,24,1.041091298134437,0.750511527470354,0.2905797706640827,single,A,True,False,False,H1 고EC 날(일평균≥1) 과소,0.1768369691116598,1.676875,0.8217500000000001,1.676875,1.2493125,0.43320833333333336,0.41225,,,0.948,177.0,14.462499999999999,10.7,2.5625,11.899999999999999,65.91666666666667,66.16666666666667,359.625,379.6666666666667,60.75,,0.0,1.0,0.0,42.083333333333336,53.708333333333336,0.0,2.2916666666666665,0.0,,,1.25,63.041666666666664
F13_154_9,F13,154,0.412625,0.4880391456429706,0.0754141456429706,24,0.2095714553532784,0.1364950407134204,0.073076414639858,single,A,False,False,True,N4 일반 날 수준 맞음(|편향|≤.1),-0.07541414564297055,0.4332083333333333,0.8217500000000001,0.4332083333333333,0.6274791666666667,1.6374166666666667,0.43320833333333336,,,0.469,157.0,8.729166666666666,9.299999999999999,-3.0041666666666664,11.733333333333333,62.791666666666664,66.66666666666667,516.9583333333334,395.3333333333333,126.04166666666667,,8.291666666666666,0.6666666666666666,80.375,19.833333333333332,11.666666666666666,75.54166666666667,1.25,0.0,,,1.6791666666666665,50.5
F13_155_9,F13,155,0.807375,0.7666713821334956,-0.0407036178665044,24,0.0504254480743557,0.039762828178138,0.0106626198962176,first,A,False,False,True,N4 일반 날 수준 맞음(|편향|≤.1),0.04070361786650434,0.4332083333333333,0.8217500000000001,0.4332083333333333,0.6274791666666667,0.412625,0.412625,0.831,169.0,0.819,245.0,12.658333333333333,10.600000000000001,-3.7541666666666664,16.4125,69.54166666666667,71.0,345.5,297.3333333333333,136.04166666666666,,0.9166666666666666,0.8333333333333334,16.666666666666668,33.666666666666664,31.625,43.5,0.0,1.125,,,1.4875,57.333333333333336
F13_156_9,F13,156,0.7513333333333333,1.1226288208773665,0.371295487544033,24,3.383996218658844,3.308648137693468,0.0753480809653761,second,B,False,False,True,N1 일반 날 오탐(예측≥.9),-0.3712954875440332,1.676875,0.4332083333333333,1.676875,1.0550416666666667,0.807375,0.7375833333333333,0.771,155.0,1.45,146.0,12.616666666666667,14.2,-3.7541666666666664,16.370833333333334,57.666666666666664,61.666666666666664,374.0,430.0,136.04166666666666,,1.5,0.8333333333333334,38.291666666666664,38.083333333333336,50.958333333333336,0.0,7.833333333333333,0.5833333333333334,,,1.4875,57.333333333333336
F13_157_9,F13,157,0.4248333333333333,0.444871377583604,0.0200380442502707,24,0.0276218619450224,0.0096365572170193,0.017985304728003,single,B,False,False,True,N4 일반 날 수준 맞음(|편향|≤.1),-0.020038044250270726,0.4332083333333333,0.8217500000000001,0.4332083333333333,0.6274791666666667,0.7513333333333333,0.7513333333333333,0.423,154.0,0.423,154.0,7.558333333333334,13.1,-3.975,11.533333333333333,64.95833333333333,69.16666666666667,373.5416666666667,363.0,135.54166666666666,,6.5,0.7083333333333334,82.875,16.208333333333332,9.166666666666666,82.54166666666667,0.0,0.0,,,1.4708333333333332,56.833333333333336
F13_158_0,F13,158,0.4527083333333333,0.4302356620298402,-0.0224726713034931,24,0.0279739762956322,0.0121205029323562,0.015853473363276,single,B,False,False,True,N4 일반 날 수준 맞음(|편향|≤.1),0.02247267130349312,0.4248333333333333,0.807375,0.4248333333333333,0.6161041666666667,0.42483333333333334,0.42483333333333334,0.586,162.0,0.401,173.0,10.816666666666668,15.100000000000001,-1.0999999999999999,11.916666666666668,66.375,71.16666666666667,386.4583333333333,372.3333333333333,96.125,,9.75,0.625,72.08333333333333,18.125,12.916666666666666,70.41666666666667,0.0,0.0,,,1.075,62.875
F13_159_0,F13,159,0.5987083333333333,0.8806806898660074,0.2819723565326742,24,1.9364746993426447,1.9082018363661493,0.0282728629764958,first,A,False,False,False,N2 일반 날 과대(+.1 초과),-0.28197235653267416,0.7513333333333333,0.807375,0.7513333333333333,0.7793541666666666,0.4527083333333333,0.412625,0.596,163.0,0.478,158.0,13.120833333333332,13.9,-0.1875,13.308333333333332,61.25,69.66666666666667,378.0416666666667,422.1666666666667,132.95833333333334,,3.25,0.8333333333333334,0.0,36.0,54.541666666666664,0.0,12.458333333333334,0.5416666666666666,,,1.3791666666666667,61.166666666666664
F13_160_0,F13,160,0.4580833333333333,0.733498151843463,0.2754148185101296,24,1.8637110575887217,1.820479734119224,0.0432313234694978,second,B,False,False,False,N2 일반 날 과대(+.1 초과),-0.2754148185101297,0.807375,0.4248333333333333,0.807375,0.6161041666666667,0.5987083333333333,0.42483333333333334,0.478,158.0,1.038,175.0,14.254166666666668,11.100000000000001,-0.1875,14.441666666666668,72.54166666666667,76.33333333333333,311.0416666666667,295.0,132.95833333333334,,1.2916666666666667,0.7916666666666666,4.875,34.375,32.291666666666664,43.833333333333336,0.0,0.9166666666666666,,,1.3791666666666667,61.166666666666664
F13_161_0,F13,161,0.491625,0.4542485006126613,-0.0373764993873387,24,0.0442814366973959,0.0335280649548415,0.0107533717425543,single,B,False,False,True,N4 일반 날 수준 맞음(|편향|≤.1),0.03737649938733867,0.4248333333333333,0.807375,0.4248333333333333,0.6161041666666667,0.45808333333333334,0.42483333333333334,0.448,164.0,0.586,162.0,10.8375,12.900000000000002,-1.7249999999999999,12.5625,65.29166666666667,71.66666666666667,379.8333333333333,365.1666666666667,134.29166666666666,,9.833333333333334,0.5833333333333334,71.125,22.416666666666668,13.25,70.375,0.0,0.0,,,1.0708333333333333,57.791666666666664
F13_162_0,F13,162,0.585875,0.7484811226984204,0.1626061226984203,24,0.6603790555440261,0.6345780273363297,0.0258010282076963,first,A,True,False,True,N2 일반 날 과대(+.1 초과),-0.16260612269842034,0.7513333333333333,0.807375,0.7513333333333333,0.7793541666666666,0.491625,0.412625,0.577,159.0,0.63,168.0,12.358333333333333,11.0,-1.741666666666667,14.1,65.625,64.5,360.625,355.0,83.54166666666667,,0.0,1.0,18.625,55.166666666666664,55.625,0.0,1.125,0.0,,,0.8375,61.958333333333336
F13_166_1,F13,166,0.7276666666666668,0.7621528313595193,0.0344861646928525,24,0.0395975107351884,0.0285430933253412,0.0110544174098472,second,B,False,False,False,N4 일반 날 수준 맞음(|편향|≤.1),-0.03448616469285248,0.4580833333333333,0.585875,0.4580833333333333,0.5219791666666667,0.7327083333333334,0.4746666666666666,0.688,145.0,0.902,172.0,13.370833333333332,12.2,-1.9708333333333332,15.341666666666665,71.70833333333333,76.16666666666667,309.1666666666667,297.0,137.45833333333334,,1.6666666666666667,0.7916666666666666,19.458333333333332,34.708333333333336,32.625,42.791666666666664,0.0,1.375,,,1.6041666666666667,47.5
F13_167_1,F13,167,0.4324999999999999,0.4393331215658196,0.0068331215658196,24,0.0449530406496494,0.0011205972079984,0.0438324434416509,single,B,False,False,True,N4 일반 날 수준 맞음(|편향|≤.1),-0.006833121565819722,0.491625,0.585875,0.491625,0.5387500000000001,0.7276666666666668,0.4746666666666666,0.469,157.0,0.743,165.0,10.329166666666667,10.000000000000002,-1.3791666666666667,11.708333333333334,65.29166666666667,68.33333333333333,383.5,381.5,109.58333333333333,,10.208333333333334,0.5,77.75,24.416666666666668,16.958333333333332,76.625,0.0,0.0,,,1.0625,54.375
F13_168_2,F13,168,0.6692083333333333,0.7732799434703853,0.104071610137052,24,0.2695845180910838,0.2599416008764451,0.0096429172146387,first,A,True,False,False,N2 일반 날 과대(+.1 초과),-0.10407161013705202,0.7276666666666668,0.4324999999999999,0.7276666666666668,0.5800833333333333,0.43249999999999994,0.585875,0.743,165.0,0.577,159.0,13.6,15.1,-2.129166666666667,15.729166666666666,61.625,65.16666666666667,372.5833333333333,409.5,115.83333333333333,,0.0,1.0,26.833333333333332,38.5,50.75,0.0,2.1666666666666665,0.0,,,1.1875,51.416666666666664
F13_169_2,F13,169,0.8197916666666667,0.7031980673529826,-0.116593599313684,24,0.3349745335327566,0.3262576176220778,0.0087169159106788,second,B,False,False,False,N3 일반 날 과소(−.1 미만),0.11659359931368407,0.7276666666666668,0.4324999999999999,0.7276666666666668,0.5800833333333333,0.6692083333333333,0.43249999999999994,0.76,166.0,0.388,167.0,13.291666666666666,12.0,-2.129166666666667,15.420833333333333,72.33333333333333,74.0,306.75,298.1666666666667,115.83333333333333,,1.25,0.75,22.25,34.708333333333336,32.625,42.916666666666664,0.0,0.125,,,1.1875,51.416666666666664
F13_16_1,F13,16,0.322875,0.32940465450672,0.0065296545067199,24,0.0024640997631678,0.001023273311451,0.0014408264517167,first,A,False,False,False,N4 일반 날 수준 맞음(|편향|≤.1),-0.006529654506719995,0.335375,0.2919583333333333,0.335375,0.31366666666666665,0.4056666666666667,0.3236666666666667,0.319,14.0,0.319,14.0,24.045833333333334,13.899999999999999,24.6375,-0.591666666666665,75.91666666666667,90.83333333333333,446.0833333333333,416.8333333333333,187.70833333333334,,21.583333333333332,0.0,40.958333333333336,31.916666666666668,38.166666666666664,65.41666666666667,0.0,0.0,,,1.4625000000000001,70.5
F13_170_2,F13,170,0.433875,0.425716074756891,-0.0081589252431089,24,0.0151479575551194,0.0015976334669433,0.013550324088176,single,B,False,False,True,N4 일반 날 수준 맞음(|편향|≤.1),0.008158925243109016,0.4324999999999999,0.7276666666666668,0.4324999999999999,0.5800833333333333,0.8197916666666667,0.43249999999999994,0.401,173.0,0.504,161.0,11.120833333333332,16.1,-1.9749999999999999,13.095833333333331,64.20833333333333,70.5,384.4583333333333,367.0,138.5,,9.833333333333334,0.5833333333333334,70.33333333333333,22.875,15.208333333333334,69.70833333333333,0.0,0.0,,,0.9583333333333334,58.125
F13_171_2,F13,171,0.8714583333333333,0.7951884342613967,-0.0762698990719366,24,0.161999015625344,0.1396103401066415,0.0223886755187025,first,A,False,False,False,N4 일반 날 수준 맞음(|편향|≤.1),0.0762698990719366,0.7276666666666668,0.4324999999999999,0.7276666666666668,0.5800833333333333,0.433875,0.585875,0.827,150.0,1.374,241.0,13.679166666666667,15.100000000000001,0.21666666666666665,13.4625,61.25,69.33333333333333,371.4166666666667,411.5,140.45833333333334,,7.166666666666667,0.7916666666666666,0.0,36.458333333333336,55.416666666666664,0.0,13.875,1.0416666666666667,,,1.2750000000000001,58.75
F13_172_2,F13,172,0.978375,0.8587530853590756,-0.1196219146409244,24,0.6848096665489196,0.3434256590966545,0.3413840074522651,second,B,False,False,False,N3 일반 날 과소(−.1 미만),0.11962191464092442,0.7276666666666668,0.4324999999999999,0.7276666666666668,0.5800833333333333,0.8714583333333333,0.43249999999999994,0.885,171.0,0.429,160.0,15.166666666666666,16.1,0.21666666666666665,14.95,74.04166666666667,77.0,311.9583333333333,302.5,140.45833333333334,,2.0,0.75,5.916666666666667,35.416666666666664,33.333333333333336,42.916666666666664,0.0,2.375,,,1.2750000000000001,58.75
F13_173_3,F13,173,0.4209166666666666,0.4693796370129733,0.0484629703463066,24,0.0747856101327459,0.056367827874888,0.0184177822578579,single,A,False,False,True,N4 일반 날 수준 맞음(|편향|≤.1),-0.0484629703463067,0.433875,0.8197916666666667,0.433875,0.6268333333333334,0.9783749999999999,0.6692083333333333,0.388,167.0,1.663,217.0,10.887500000000001,6.800000000000001,0.8125,10.075000000000001,67.91666666666667,73.66666666666667,387.75,359.1666666666667,140.875,,11.708333333333334,0.5,65.375,28.25,19.625,60.916666666666664,0.9166666666666666,0.0,,,1.5374999999999999,64.375
F13_174_3,F13,174,0.9472083333333332,0.8104737621850878,-0.1367345711482455,24,0.4543074173284308,0.4487122307302712,0.0055951865981596,first,A,False,False,False,N3 일반 날 과소(−.1 미만),0.1367345711482454,0.8714583333333333,0.6692083333333333,0.8714583333333333,0.7703333333333333,0.42091666666666666,0.42091666666666666,0.902,172.0,0.462,170.0,15.1875,17.5,0.6416666666666667,14.545833333333333,62.291666666666664,67.66666666666667,378.4583333333333,413.6666666666667,143.625,,2.875,0.8333333333333334,0.0,39.041666666666664,68.20833333333333,0.0,5.166666666666667,0.5416666666666666,,,1.2458333333333333,66.5
F13_175_3,F13,175,1.2699166666666668,0.9678349393841468,-0.3020817272825198,24,5.508983217513971,2.1900808789917767,3.3189023385221943,second,B,False,False,False,H1 고EC 날(일평균≥1) 과소,0.30208172728252003,0.978375,0.8197916666666667,0.978375,0.8990833333333333,0.9472083333333333,0.433875,0.961,174.0,0.739,148.0,16.6375,14.4,0.6416666666666667,15.995833333333332,74.125,72.83333333333333,314.5833333333333,303.0,143.625,,2.8333333333333335,0.7083333333333334,5.208333333333333,35.208333333333336,33.125,43.125,0.0,2.4166666666666665,,,1.2458333333333333,66.5
F13_176_3,F13,176,0.4254166666666666,0.4330642699502837,0.007647603283617,24,0.0135801934831398,0.0014036600636061,0.0121765334195336,single,A,False,False,False,N4 일반 날 수준 맞음(|편향|≤.1),-0.007647603283617077,0.433875,0.978375,0.433875,0.706125,1.2699166666666668,0.42091666666666666,0.435,244.0,0.398,218.0,13.270833333333334,12.2,3.5875,9.683333333333334,68.79166666666667,74.5,380.4583333333333,361.1666666666667,116.16666666666667,,15.125,0.3333333333333333,50.375,36.333333333333336,25.166666666666668,49.291666666666664,0.0,0.0,,,1.375,67.33333333333333
F13_177_3,F13,177,1.0051249999999998,0.9423278559442752,-0.0627971440557246,24,0.121133458888026,0.0946435512373304,0.0264899076506955,single,A,False,False,False,H1 고EC 날(일평균≥1) 과소,0.06279714405572467,,,,,0.4254166666666666,0.42091666666666666,1.038,175.0,0.738,134.0,18.204166666666666,13.900000000000002,6.745833333333334,11.458333333333332,65.125,70.66666666666667,378.8333333333333,412.6666666666667,133.70833333333334,,5.208333333333333,0.7916666666666666,0.0,43.541666666666664,68.33333333333333,0.0,9.916666666666666,0.2916666666666667,,,1.1375,69.875
F13_178_4,F13,178,1.8420416666666668,1.040109930706094,-0.8019317359605727,24,21.784613711884525,15.434268219377705,6.350345492506822,single,B,False,False,False,H1 고EC 날(일평균≥1) 과소,0.8019317359605729,1.2699166666666668,0.4254166666666666,1.2699166666666668,0.8476666666666667,1.0051249999999998,0.433875,1.388,139.0,0.827,150.0,18.979166666666668,11.7,6.7749999999999995,12.20416666666667,76.95833333333333,78.33333333333333,315.8333333333333,297.8333333333333,133.66666666666666,,4.083333333333333,0.5833333333333334,0.0,35.583333333333336,33.5,43.375,0.0,3.125,,,1.1375,69.95833333333333
F13_179_4,F13,179,0.4014166666666667,0.2855157056131224,-0.1159009610535442,24,0.3269609708072568,0.3223927865552443,0.0045681842520125,single,A,False,True,False,N3 일반 날 과소(−.1 미만),0.1159009610535443,0.3919166666666667,0.3683333333333333,0.3919166666666667,0.380125,1.8420416666666668,0.4254166666666666,0.368,28.0,0.353,22.0,20.358333333333334,3.5,20.120833333333334,0.2375000000000007,87.16666666666667,92.66666666666667,457.5,434.6666666666667,42.833333333333336,,2.625,0.875,34.5,61.208333333333336,53.5,34.5,0.0,0.0,,,1.2958333333333334,90.58333333333333
F13_17_1,F13,17,0.3968333333333333,0.3378569984045591,-0.0589763349287742,24,0.0847386186137401,0.083476993959143,0.0012616246545971,second,B,False,False,False,N4 일반 날 수준 맞음(|편향|≤.1),0.05897633492877424,0.335375,0.2919583333333333,0.335375,0.31366666666666665,0.322875,0.36833333333333335,0.407,15.0,0.376,11.0,22.583333333333332,10.100000000000001,24.6375,-2.054166666666667,81.45833333333333,95.16666666666667,437.2916666666667,416.1666666666667,187.70833333333334,,57.666666666666664,0.125,14.625,21.0,84.04166666666667,0.0,0.0,6.458333333333333,,,1.4625000000000001,70.5
F13_180_4,F13,180,0.2919583333333333,0.2724714933779599,-0.0194868399553733,24,0.1344422225493241,0.009113686354712,0.125328536194612,single,B,False,True,False,N4 일반 날 수준 맞음(|편향|≤.1),0.019486839955373425,0.3683333333333333,0.3505,0.3683333333333333,0.3594166666666666,0.4014166666666667,0.9783749999999999,0.217,8.0,0.217,8.0,22.045833333333334,8.900000000000002,23.558333333333334,-1.5124999999999993,88.16666666666667,96.5,446.75,443.3333333333333,125.33333333333333,,59.583333333333336,0.041666666666666664,4.375,21.0,87.5,0.0,0.0,2.5,,,0.775,86.41666666666667
F13_181_4,F13,181,0.3835833333333333,0.2690028902184339,-0.1145804431148994,24,0.3265234985765666,0.315088270665761,0.0114352279108056,single,B,False,True,False,N3 일반 날 과소(−.1 미만),0.1145804431148994,0.3683333333333333,0.4005416666666666,0.3683333333333333,0.38443749999999993,0.2919583333333333,0.2919583333333333,0.376,11.0,0.407,15.0,21.158333333333335,6.699999999999999,23.541666666666668,-2.383333333333333,91.625,96.5,472.5,480.1666666666667,54.583333333333336,,41.333333333333336,0.375,0.0,21.0,91.66666666666667,0.0,0.0,0.0,,,1.3916666666666666,85.20833333333333
F13_182_4,F13,182,0.335375,0.2507728380422886,-0.0846021619577113,24,0.1754653339848838,0.1717806193900517,0.003684714594832,single,A,False,True,False,N4 일반 날 수준 맞음(|편향|≤.1),0.08460216195771136,0.3236666666666667,0.3968333333333333,0.3236666666666667,0.36025,0.38358333333333333,0.4014166666666667,0.342,12.0,0.342,12.0,24.349999999999998,8.7,24.270833333333332,0.07916666666666572,81.25,91.66666666666667,438.125,419.5,112.33333333333333,,11.583333333333334,0.3333333333333333,31.208333333333332,65.375,57.666666666666664,52.875,0.0,0.0,,,1.8916666666666666,86.04166666666667
F13_183_5,F13,183,0.3569166666666666,0.2856825287445458,-0.0712341379221208,24,0.1226479619160965,0.1217832577321857,0.0008647041839107,single,B,False,True,False,N4 일반 날 수준 맞음(|편향|≤.1),0.0712341379221208,0.3579583333333333,0.366625,0.3579583333333333,0.3622916666666667,0.33537500000000003,0.2919583333333333,0.359,24.0,0.359,24.0,21.175,7.5,21.295833333333334,-0.12083333333333357,81.58333333333333,86.0,441.2916666666667,429.5,114.83333333333333,,9.0,0.0,79.70833333333333,22.333333333333332,28.25,79.70833333333333,0.0,0.0,,,0.7708333333333334,90.79166666666667
F13_18_2,F13,18,0.3305416666666667,0.267428339562758,-0.0631133271039086,24,0.1016207094650272,0.0955990093949993,0.0060217000700279,first,A,False,False,False,N4 일반 날 수준 맞음(|편향|≤.1),0.06311332710390866,0.322875,0.3236666666666667,0.322875,0.3232708333333334,0.39683333333333337,0.322875,0.322,16.0,0.322,16.0,24.1125,11.399999999999999,24.895833333333332,-0.7833333333333314,71.91666666666667,78.66666666666667,428.5416666666667,412.8333333333333,175.58333333333334,,19.083333333333332,0.0,36.583333333333336,53.416666666666664,36.625,65.33333333333333,0.0,0.7083333333333334,,,1.3625,62.916666666666664
F13_195_6,F13,195,0.55625,0.4565281090794155,-0.0997218909205844,24,0.2423178149600489,0.2386669326906467,0.0036508822694022,single,A,False,True,False,N4 일반 날 수준 맞음(|편향|≤.1),0.09972189092058453,0.549625,0.5199166666666667,0.549625,0.5347708333333334,0.5376666666666666,0.5110416666666667,0.553,57.0,0.553,57.0,20.354166666666668,15.1,12.866666666666667,7.487500000000001,59.416666666666664,59.5,435.875,403.1666666666667,137.41666666666666,,25.875,0.7083333333333334,0.0,47.125,70.25,0.0,0.0,1.4583333333333333,,,0.6833333333333332,70.75
F13_196_6,F13,196,0.5474166666666667,0.4458307899200518,-0.1015858767466148,24,0.2522403058019787,0.247672568505082,0.0045677372968966,single,B,False,True,False,N3 일반 날 과소(−.1 미만),0.10158587674661484,0.5582916666666667,0.549625,0.5582916666666667,0.5539583333333333,0.55625,0.260125,0.552,195.0,0.552,195.0,17.979166666666668,17.0,13.987499999999999,3.991666666666669,71.70833333333333,83.0,440.0,408.0,130.83333333333334,,20.5,0.7083333333333334,0.0,40.75,70.20833333333333,0.0,0.0,0.20833333333333334,,,0.7791666666666667,72.95833333333333
F13_197_6,F13,197,0.5479166666666667,0.4744556423338719,-0.0734610243327947,24,0.1304191235090468,0.129516530304563,0.0009025932044838,single,A,True,True,False,N4 일반 날 수준 맞음(|편향|≤.1),0.07346102433279483,0.5582916666666667,0.5405833333333333,0.5582916666666667,0.5494375,0.5474166666666667,0.521125,0.549,196.0,0.175,49.0,17.658333333333335,12.6,14.954166666666666,2.7041666666666693,77.66666666666667,85.5,424.375,393.5,64.66666666666667,,5.666666666666667,0.875,0.0,56.166666666666664,70.08333333333333,1.25,0.0,0.0,,,1.0333333333333334,75.25
F13_198_6,F13,198,0.2760833333333333,0.2566555229314287,-0.0194278104019046,24,0.0100391270976649,0.0090585556082965,0.0009805714893684,single,B,False,True,False,N4 일반 날 수준 맞음(|편향|≤.1),0.01942781040190461,0.2655,0.2705,0.2655,0.268,0.5479166666666667,0.260125,0.278,63.0,0.278,63.0,17.533333333333335,15.399999999999999,10.674999999999999,6.858333333333336,61.875,73.83333333333333,386.5833333333333,366.5,146.16666666666666,,8.25,0.0,10.083333333333334,38.291666666666664,38.291666666666664,51.666666666666664,0.2916666666666667,6.291666666666667,,,1.2291666666666667,59.291666666666664
F13_19_2,F13,19,0.383375,0.2988383895764575,-0.0845366104235425,24,0.1741137085902327,0.171514524045643,0.0025991845445896,second,B,False,False,False,N4 일반 날 수준 맞음(|편향|≤.1),0.08453661042354255,0.3968333333333333,0.3236666666666667,0.3968333333333333,0.36025,0.3305416666666667,0.39683333333333337,0.394,17.0,0.394,17.0,22.570833333333336,10.400000000000002,24.895833333333332,-2.3249999999999957,78.29166666666667,86.83333333333333,416.8333333333333,405.0,175.58333333333334,,51.375,0.20833333333333334,11.875,21.0,86.08333333333333,0.0,0.0,6.958333333333333,,,1.3625,62.916666666666664
F13_20_2,F13,20,0.3419583333333333,0.2973633213603073,-0.044595011973026,24,0.0630327195586138,0.0477291622289839,0.0153035573296299,first,A,False,False,False,N4 일반 날 수준 맞음(|편향|≤.1),0.04459501197302601,0.322875,0.3236666666666667,0.322875,0.3232708333333334,0.383375,0.322875,0.333,18.0,0.333,18.0,24.22083333333333,13.699999999999996,25.087500000000002,-0.8666666666666707,76.08333333333333,90.83333333333333,458.9583333333333,421.5,188.875,,20.083333333333332,0.0,43.041666666666664,28.458333333333332,30.958333333333332,70.875,0.0,1.0416666666666667,,,0.775,70.91666666666667
F13_211_6,F13,211,0.5396666666666666,0.5805379230603703,0.0408712563937036,24,0.1001027868443584,0.0400910303807966,0.0600117564635618,single,B,False,True,False,N4 일반 날 수준 맞음(|편향|≤.1),-0.0408712563937037,0.5562916666666667,0.35375,0.5562916666666667,0.4550208333333334,0.27608333333333335,0.260125,0.489,92.0,0.352,110.0,14.020833333333334,14.5,6.645833333333333,7.375000000000001,67.79166666666667,65.16666666666667,379.2916666666667,407.8333333333333,94.16666666666667,,4.166666666666667,0.4166666666666667,13.541666666666666,33.666666666666664,31.708333333333332,32.5,1.2916666666666667,2.2083333333333335,,,1.0583333333333333,64.875
F13_212_7,F13,212,0.2943333333333333,0.2784447062732927,-0.0158886270600406,24,0.0134147421633016,0.0060587632764733,0.0073559788868283,single,A,False,True,False,N4 일반 날 수준 맞음(|편향|≤.1),0.015888627060040572,0.3894999999999999,0.5396666666666666,0.3894999999999999,0.46458333333333324,0.5396666666666666,0.5376666666666666,0.364,112.0,1.068,137.0,13.558333333333332,12.799999999999999,3.5083333333333333,10.049999999999999,60.333333333333336,63.0,414.25,400.0,110.625,,16.583333333333332,0.3333333333333333,43.291666666666664,34.458333333333336,23.375,43.291666666666664,0.0,0.0,,,0.9874999999999999,62.416666666666664
F13_213_7,F13,213,0.292,0.2812740289509466,-0.0107259710490533,24,0.0059895446809422,0.0027611149186831,0.0032284297622591,first,A,False,True,True,N4 일반 날 수준 맞음(|편향|≤.1),0.010725971049053373,0.5396666666666666,1.69325,0.5396666666666666,1.1164583333333333,0.29433333333333334,0.29433333333333334,0.303,212.0,0.489,92.0,12.0,3.200000000000001,5.191666666666666,6.808333333333334,73.33333333333333,70.0,419.8333333333333,403.0,32.791666666666664,,7.958333333333333,0.625,40.541666666666664,34.666666666666664,25.125,40.5,0.0,0.0,,,0.7916666666666666,80.5
F13_214_7,F13,214,0.9180416666666668,0.6531775664909703,-0.2648641001756964,24,1.9277820617239831,1.6836717974851525,0.2441102642388306,second,B,True,True,True,N3 일반 날 과소(−.1 미만),0.2648641001756965,1.69325,0.9369166666666668,1.69325,1.3150833333333334,0.292,0.27608333333333335,,,1.522,123.0,11.383333333333333,9.4,5.191666666666666,6.191666666666666,80.25,79.66666666666667,459.0,472.3333333333333,32.791666666666664,,0.0,1.0,40.916666666666664,30.541666666666668,30.541666666666668,0.7083333333333334,2.125,0.0,,,0.7916666666666666,80.5
F13_215_7,F13,215,0.3266666666666666,0.2351514657148871,-0.0915152009517795,24,0.2052185058389363,0.2010007681258703,0.0042177377130659,single,A,False,True,True,N4 일반 날 수준 맞음(|편향|≤.1),0.09151520095177951,0.3114166666666667,0.3037916666666666,0.3114166666666667,0.3076041666666667,0.9180416666666668,0.292,0.316,119.0,0.316,119.0,12.625,6.699999999999999,7.433333333333334,5.191666666666666,71.41666666666667,83.66666666666667,405.375,387.6666666666667,85.20833333333333,,22.375,0.16666666666666666,40.458333333333336,43.25,29.375,40.458333333333336,0.0,0.0,,,0.8333333333333334,74.125
F13_217_8,F13,217,1.69325,1.0237642343016269,-0.6694857656983731,24,10.925314486402382,10.757068571345688,0.1682459150566941,second,B,True,True,True,H1 고EC 날(일평균≥1) 과소,0.669485765698373,1.318375,1.25,1.318375,1.2841875,0.3744166666666667,0.27608333333333335,1.652,127.0,1.652,127.0,12.095833333333333,14.1,3.216666666666667,8.879166666666666,71.79166666666667,83.66666666666667,420.1666666666667,429.8333333333333,90.66666666666667,,0.0,1.0,48.666666666666664,31.25,31.25,0.7083333333333334,2.125,0.0,,,1.7708333333333333,50.875
F13_218_8,F13,218,0.3894999999999999,0.4129619500042613,0.0234619500042612,24,0.033580127384222,0.0132111143520589,0.020369013032163,single,A,False,True,True,N4 일반 날 수준 맞음(|편향|≤.1),-0.023461950004261378,0.3487916666666666,0.3037916666666666,0.3487916666666666,0.32629166666666665,1.69325,0.292,0.37,216.0,0.37,216.0,12.091666666666667,12.999999999999998,0.9500000000000001,11.141666666666667,58.375,60.166666666666664,415.0,399.0,109.79166666666667,,14.208333333333334,0.4583333333333333,65.0,30.041666666666668,19.541666666666668,64.83333333333333,0.0,0.0,,,0.8708333333333332,58.041666666666664
F13_21_2,F13,21,0.3625833333333333,0.2907051965243875,-0.0718781368089457,24,0.1368773699926037,0.1239951972270126,0.012882172765591,second,B,False,False,False,N4 일반 날 수준 맞음(|편향|≤.1),0.07187813680894584,0.3968333333333333,0.3236666666666667,0.3968333333333333,0.36025,0.34195833333333336,0.383375,0.378,19.0,0.378,19.0,22.650000000000002,10.700000000000003,25.087500000000002,-2.4375,82.25,94.33333333333333,450.75,426.5,188.875,,63.25,0.0,14.625,21.0,82.625,0.0,0.0,6.958333333333333,,,0.775,70.91666666666667
F13_22_2,F13,22,0.3542083333333333,0.2931460702781485,-0.0610622630551848,24,0.0968086214360063,0.0894863992660941,0.0073222221699121,first,A,False,False,False,N4 일반 날 수준 맞음(|편향|≤.1),0.06106226305518481,0.3968333333333333,0.3236666666666667,0.3968333333333333,0.36025,0.3625833333333333,0.322875,0.345,20.0,0.345,20.0,23.558333333333334,8.0,24.191666666666666,-0.6333333333333329,82.16666666666667,89.5,448.6666666666667,439.5,73.79166666666667,,33.166666666666664,0.0,15.708333333333334,38.166666666666664,57.958333333333336,36.125,0.0,0.0,,,1.2625,79.95833333333333
F13_231_8,F13,231,0.620875,0.9474454701171529,0.3265704701171527,24,2.5686298791518687,2.5595585268609145,0.0090713522909542,first,A,True,True,True,N1 일반 날 오탐(예측≥.9),-0.3265704701171529,1.4315,1.7187916666666665,1.4315,1.5751458333333332,0.38949999999999996,0.32666666666666666,0.569,78.0,0.951,116.0,12.524999999999999,14.7,6.133333333333333,6.391666666666666,77.5,82.16666666666667,344.0,329.8333333333333,81.66666666666667,,0.9583333333333334,0.9166666666666666,0.0,30.0,54.125,0.0,35.541666666666664,0.0,,,1.4041666666666668,73.41666666666667
F13_232_8,F13,232,0.738625,0.717294323370563,-0.0213306766294369,24,0.0638295882968172,0.0109199463712706,0.0529096419255466,second,B,False,True,True,N4 일반 날 수준 맞음(|편향|≤.1),0.021330676629436995,0.3487916666666666,0.4320416666666666,0.3487916666666666,0.39041666666666663,0.620875,0.5396666666666666,,,0.294,213.0,12.483333333333334,12.5,6.133333333333333,6.350000000000001,77.375,80.16666666666667,331.5416666666667,312.5,81.66666666666667,,3.7916666666666665,0.4166666666666667,15.041666666666666,32.291666666666664,30.208333333333332,42.333333333333336,9.958333333333334,0.2916666666666667,,,1.4041666666666668,73.41666666666667
F13_233_8,F13,233,0.6336666666666667,1.0635040073606763,0.4298373406940097,24,4.509467974606735,4.434243346917556,0.0752246276891783,single,B,True,True,True,N1 일반 날 오탐(예측≥.9),-0.4298373406940096,1.4315,1.7187916666666665,1.4315,1.5751458333333332,0.738625,0.738625,0.632,231.0,0.632,231.0,11.579166666666666,15.7,7.191666666666666,4.387499999999999,82.25,86.66666666666667,351.5833333333333,334.5,72.70833333333333,,0.0,1.0,31.875,28.625,52.5,1.25,33.958333333333336,0.0,,,1.7041666666666666,78.08333333333333
F13_241_9,F13,241,1.4315,1.030395348651122,-0.4011046513488782,24,4.1547462019055805,3.861238592008924,0.2935076098966562,single,A,False,True,False,H1 고EC 날(일평균≥1) 과소,0.40110465134887807,1.676875,1.4956666666666667,1.676875,1.5862708333333333,0.6336666666666667,0.3744166666666667,,,0.436,48.0,15.895833333333334,11.3,3.283333333333333,12.6125,59.25,64.83333333333333,374.0,421.6666666666667,115.95833333333333,,3.4583333333333335,0.8333333333333334,0.0,40.916666666666664,53.416666666666664,0.0,14.208333333333334,0.20833333333333334,,,1.2458333333333333,63.958333333333336
F13_242_9,F13,242,0.4320416666666666,0.4805438750058134,0.0485022083391467,24,0.1375728814497083,0.0564591411305759,0.0811137403191323,single,A,False,True,False,N4 일반 날 수준 맞음(|편향|≤.1),-0.04850220833914681,0.4332083333333333,0.7375833333333333,0.4332083333333333,0.5853958333333333,1.4315,0.38949999999999996,0.429,160.0,0.885,171.0,13.858333333333334,15.0,1.6666666666666667,12.191666666666668,65.79166666666667,67.16666666666667,394.75,395.0,91.83333333333333,,19.125,0.125,43.041666666666664,30.333333333333332,19.75,39.0,0.0,0.0,,,1.3416666666666668,56.208333333333336
F13_243_9,F13,243,1.7187916666666665,1.045207767117737,-0.6735838995489297,24,11.248521619446324,10.889166473557022,0.3593551458893014,single,A,False,True,False,H1 고EC 날(일평균≥1) 과소,0.6735838995489294,1.676875,1.4956666666666667,1.676875,1.5862708333333333,0.43204166666666666,0.43204166666666666,,,1.854,143.0,18.233333333333334,9.600000000000001,10.070833333333333,8.162500000000001,65.70833333333333,65.83333333333333,381.0416666666667,424.3333333333333,80.29166666666667,,6.208333333333333,0.7916666666666666,0.0,43.416666666666664,53.625,0.0,18.0,0.0,,,2.495833333333333,74.16666666666667
F13_244_9,F13,244,0.4400416666666666,0.3539598877171794,-0.0860817789494872,24,0.1987871677137092,0.1778417440106012,0.0209454237031079,single,A,False,True,False,N4 일반 날 수준 맞음(|편향|≤.1),0.08608177894948721,0.4332083333333333,0.7759166666666667,0.4332083333333333,0.6045625,1.7187916666666665,0.43204166666666666,0.409,176.0,1.793,243.0,14.754166666666668,14.500000000000002,3.983333333333333,10.770833333333336,71.0,74.66666666666667,410.5416666666667,400.6666666666667,93.54166666666667,,26.291666666666668,0.08333333333333333,40.416666666666664,36.291666666666664,24.458333333333332,31.166666666666668,0.0,0.0,,,0.9500000000000001,73.625
F13_245_9,F13,245,0.84025,0.7334157113366516,-0.1068342886633483,24,0.2783839079372187,0.2739255656208872,0.0044583423163314,single,A,False,True,False,N3 일반 날 과소(−.1 미만),0.10683428866334843,0.7375833333333333,0.7759166666666667,0.7375833333333333,0.75675,0.44004166666666666,0.43204166666666666,0.948,177.0,2.098,178.0,15.1875,7.800000000000001,2.5625,12.625,71.5,70.83333333333333,337.4166666666667,309.8333333333333,60.75,,0.16666666666666666,0.9583333333333334,3.125,33.708333333333336,31.625,43.0,0.0,0.0,,,1.25,63.041666666666664
F13_25_3,F13,25,0.3364583333333333,0.3545653514047278,0.0181070180713945,24,0.0085481093747464,0.0078687384825073,0.000679370892239,second,B,False,False,False,N4 일반 날 수준 맞음(|편향|≤.1),-0.018107018071394476,0.3542083333333333,0.3625833333333333,0.3542083333333333,0.3583958333333333,0.35479166666666667,0.34525,0.323,26.0,0.299,29.0,20.4375,4.699999999999999,22.508333333333336,-2.0708333333333364,93.79166666666667,95.5,489.0416666666667,489.0,49.791666666666664,,51.75,0.125,0.5,26.875,71.29166666666667,1.125,0.0,0.0,,,0.7333333333333334,88.20833333333333
F13_26_3,F13,26,0.3320833333333333,0.2977479230100603,-0.034335410323273,24,0.0319556879196378,0.0282940896496205,0.0036615982700172,single,A,False,False,False,N4 일반 날 수준 맞음(|편향|≤.1),0.034335410323272975,0.4005416666666666,0.3505,0.4005416666666666,0.3755208333333333,0.33645833333333336,0.34195833333333336,0.334,25.0,0.334,25.0,21.537499999999998,9.2,21.295833333333334,0.2416666666666636,88.91666666666667,97.66666666666667,452.875,421.1666666666667,114.83333333333333,,29.166666666666668,0.625,1.4166666666666667,60.25,50.083333333333336,0.0,0.0,2.9583333333333335,,,0.7708333333333334,90.79166666666667
F13_27_3,F13,27,0.3579583333333333,0.3284442570709052,-0.029514076262428,24,0.022153132387919,0.020905936742986,0.0012471956449329,single,B,False,False,False,N4 일반 날 수준 맞음(|편향|≤.1),0.029514076262428135,0.3569166666666666,0.322875,0.3569166666666666,0.3398958333333333,0.33208333333333334,0.33645833333333336,0.358,183.0,0.358,183.0,20.925,9.2,22.291666666666668,-1.3666666666666671,81.125,88.0,439.375,412.1666666666667,109.70833333333333,,10.208333333333334,0.0,80.95833333333333,18.375,27.166666666666668,80.95833333333333,0.0,0.0,,,1.1916666666666667,78.29166666666667
F13_28_4,F13,28,0.366625,0.2603703640217199,-0.1062546359782801,24,0.2747790200644937,0.2709611440050435,0.0038178760594501,single,B,False,False,False,N3 일반 날 과소(−.1 미만),0.10625463597828005,0.3579583333333333,0.3569166666666666,0.3579583333333333,0.35743749999999996,0.3579583333333333,0.33645833333333336,0.363,27.0,0.363,27.0,20.833333333333332,7.300000000000001,20.883333333333333,-0.05000000000000071,82.79166666666667,86.5,430.9583333333333,418.0,88.08333333333333,,12.875,0.5416666666666666,60.333333333333336,31.375,20.333333333333332,63.166666666666664,0.0,0.0,,,1.3166666666666667,90.58333333333333
F13_29_4,F13,29,0.3079583333333333,0.261368956129433,-0.0465893772039002,24,0.0597457590148934,0.0520936816379352,0.0076520773769581,single,A,False,False,False,N4 일반 날 수준 맞음(|편향|≤.1),0.04658937720390027,0.3320833333333333,0.3364583333333333,0.3320833333333333,0.3342708333333333,0.366625,0.33208333333333334,,,,,20.9375,9.200000000000003,20.870833333333334,0.06666666666666643,89.125,95.0,422.875,398.5,88.08333333333333,,46.125,0.4166666666666667,0.7083333333333334,61.083333333333336,50.75,0.0,0.0,1.875,,,1.3166666666666667,90.625
F13_30_4,F13,30,0.3590416666666666,0.3258055746073903,-0.0332360920592763,24,0.0364589130843296,0.0265113075689446,0.0099476055153849,first,A,False,False,False,N4 일반 날 수준 맞음(|편향|≤.1),0.0332360920592763,0.3320833333333333,0.3364583333333333,0.3320833333333333,0.3342708333333333,0.30795833333333333,0.30795833333333333,0.353,22.0,0.323,26.0,20.2375,6.699999999999999,18.979166666666668,1.2583333333333329,84.66666666666667,92.16666666666667,435.25,415.8333333333333,56.208333333333336,,16.666666666666668,0.375,1.0416666666666667,74.0,70.33333333333333,1.75,0.0,0.0,,,1.375,87.04166666666667
F13_31_4,F13,31,0.3203333333333333,0.300839723317154,-0.0194936100161793,24,0.0136504024819085,0.0091200199551092,0.0045303825267992,second,B,False,False,False,N4 일반 날 수준 맞음(|편향|≤.1),0.01949361001617933,0.3320833333333333,0.3364583333333333,0.3320833333333333,0.3342708333333333,0.35904166666666665,0.33645833333333336,0.299,29.0,0.368,28.0,19.3625,5.600000000000001,18.979166666666668,0.38333333333333286,85.33333333333333,89.5,442.0833333333333,424.1666666666667,56.208333333333336,,18.0,0.7083333333333334,0.0,59.083333333333336,100.0,14.416666666666666,0.0,0.0,,,1.375,87.04166666666667
F13_32_4,F13,32,0.3295,0.2611573165704,-0.0683426834295999,24,0.118327367128914,0.1120973370806043,0.0062300300483096,first,A,False,False,False,N4 일반 날 수준 맞음(|편향|≤.1),0.06834268342960004,0.3499166666666666,0.2634583333333333,0.3499166666666666,0.30668749999999995,0.32033333333333336,0.30795833333333333,0.336,30.0,0.329,31.0,20.079166666666666,12.8,18.475,1.6041666666666643,79.08333333333333,89.16666666666667,449.0833333333333,435.6666666666667,116.75,,20.291666666666668,0.25,10.916666666666666,47.5,42.791666666666664,17.833333333333332,0.0,0.0,,,0.6541666666666667,78.33333333333333
F13_33_5,F13,33,0.33975,0.3015811632094505,-0.0381688367905494,24,0.0364225529225974,0.0349646424466465,0.0014579104759509,second,B,False,False,False,N4 일반 날 수준 맞음(|편향|≤.1),0.0381688367905495,0.3203333333333333,0.3590416666666666,0.3203333333333333,0.3396874999999999,0.3295,0.32033333333333336,0.354,43.0,0.308,38.0,19.154166666666665,13.100000000000001,18.475,0.6791666666666636,81.41666666666667,91.66666666666667,450.8333333333333,436.0,116.75,,21.5,0.7083333333333334,3.375,58.916666666666664,99.79166666666667,13.083333333333334,0.0,0.0,,,0.6541666666666667,78.33333333333333
F13_34_5,F13,34,0.3499166666666666,0.3139008027900826,-0.036015863876584,24,0.031769189595095,0.031131418818639,0.0006377707764559,single,B,False,False,False,N4 일반 날 수준 맞음(|편향|≤.1),0.03601586387658401,0.3295,0.3203333333333333,0.3295,0.32491666666666663,0.33975,0.32033333333333336,0.346,33.0,0.346,33.0,17.720833333333335,16.6,14.475,3.2458333333333353,71.79166666666667,89.16666666666667,435.3333333333333,415.1666666666667,179.16666666666666,,23.5,0.6666666666666666,0.0,45.083333333333336,99.875,4.75,0.0,0.0,,,1.3666666666666665,65.91666666666667
F13_35_5,F13,35,0.2634583333333333,0.2059076878488248,-0.0575506454845085,24,0.0827321994219086,0.0794898430964058,0.0032423563255027,first,A,False,False,False,N4 일반 날 수준 맞음(|편향|≤.1),0.0575506454845085,0.3295,0.3590416666666666,0.3295,0.3442708333333333,0.34991666666666665,0.30795833333333333,0.304,32.0,0.304,32.0,17.416666666666668,12.600000000000001,14.545833333333334,2.8708333333333336,75.04166666666667,85.5,440.9583333333333,422.5,103.04166666666667,,15.291666666666666,0.0,3.625,41.458333333333336,36.416666666666664,11.541666666666666,0.0,0.4166666666666667,,,0.8708333333333332,67.08333333333333
F13_36_5,F13,36,0.3588333333333333,0.3258526080582689,-0.0329807252750644,24,0.0285467081272376,0.0261054777520626,0.002441230375175,second,B,False,False,False,N4 일반 날 수준 맞음(|편향|≤.1),0.032980725275064404,0.3203333333333333,0.3295,0.3203333333333333,0.32491666666666663,0.26345833333333335,0.32033333333333336,0.36,34.0,0.36,34.0,16.129166666666666,11.0,14.545833333333334,1.5833333333333321,77.33333333333333,89.5,436.4583333333333,421.5,103.04166666666667,,19.333333333333332,0.75,0.0,48.416666666666664,99.91666666666667,7.291666666666667,0.0,0.0,,,0.8708333333333332,67.08333333333333
F13_37_5,F13,37,0.338,0.3334442278884794,-0.0045557721115205,24,0.0161922514146225,0.0004981214287706,0.0156941299858519,single,B,False,False,False,N4 일반 날 수준 맞음(|편향|≤.1),0.0045557721115206395,0.3295,0.3203333333333333,0.3295,0.32491666666666663,0.35883333333333334,0.33975,0.361,36.0,0.361,36.0,18.1125,18.900000000000002,15.433333333333332,2.679166666666669,71.41666666666667,84.83333333333333,441.8333333333333,422.3333333333333,173.875,,29.166666666666668,0.625,25.458333333333332,51.375,100.0,0.3333333333333333,0.0,0.0,,,0.6041666666666666,71.08333333333333
F13_38_6,F13,38,0.297625,0.3367710842860683,0.0391460842860683,24,0.0380366411766942,0.0367779819583672,0.0012586592183269,single,B,False,False,False,N4 일반 날 수준 맞음(|편향|≤.1),-0.039146084286068306,0.338,0.3499166666666666,0.338,0.3439583333333333,0.338,0.338,0.301,37.0,0.301,37.0,18.787499999999998,16.400000000000002,17.304166666666667,1.4833333333333307,75.04166666666667,89.0,447.3333333333333,413.3333333333333,176.75,,28.458333333333332,0.625,17.583333333333332,53.75,97.83333333333333,6.125,0.0,0.125,,,0.75,73.66666666666667
F13_39_6,F13,39,0.1851666666666666,0.2413731118367116,0.0562064451700449,24,0.1080080488628763,0.0758199474876784,0.0321881013751979,single,A,False,False,False,N4 일반 날 수준 맞음(|편향|≤.1),-0.056206445170045,0.338,0.2634583333333333,0.338,0.30072916666666666,0.297625,0.26345833333333335,0.175,49.0,0.206,42.0,19.391666666666666,16.8,17.05,2.341666666666665,75.16666666666667,85.66666666666667,455.625,419.1666666666667,168.66666666666666,,17.083333333333332,0.0,19.958333333333332,39.541666666666664,36.458333333333336,30.25,0.0,2.0416666666666665,,,0.9041666666666667,73.79166666666667
F13_40_6,F13,40,0.1728333333333333,0.2415511021459661,0.0687177688126327,24,0.148666926458698,0.1133311620140745,0.0353357644446234,first,A,False,False,False,N4 일반 날 수준 맞음(|편향|≤.1),-0.06871776881263278,0.2634583333333333,0.338,0.2634583333333333,0.30072916666666666,0.18516666666666667,0.18516666666666667,0.202,39.0,0.202,39.0,17.716666666666665,10.1,17.270833333333332,0.44583333333333286,78.33333333333333,88.0,437.5833333333333,414.0,116.91666666666667,,23.208333333333332,0.0,11.541666666666666,31.833333333333332,32.5,20.416666666666668,0.0,1.1666666666666667,,,0.5916666666666667,72.875
F13_41_6,F13,41,0.3311666666666666,0.3263497313415211,-0.0048169353251455,24,0.0010543250540229,0.0005568687822392,0.0004974562717836,second,B,False,False,False,N4 일반 날 수준 맞음(|편향|≤.1),0.004816935325145488,0.3499166666666666,0.338,0.3499166666666666,0.3439583333333333,0.1728333333333333,0.297625,0.329,31.0,0.548,62.0,18.316666666666666,15.099999999999998,17.270833333333332,1.0458333333333343,78.33333333333333,91.16666666666667,436.4166666666667,414.1666666666667,116.91666666666667,,22.458333333333332,0.7083333333333334,0.0,45.875,99.91666666666667,9.458333333333334,0.0,0.0,,,0.5916666666666667,72.875
F13_42_6,F13,42,0.1494583333333333,0.2358622295176458,0.0864038961843124,24,0.2775934485853447,0.1791751986199068,0.0984182499654378,first,A,False,False,False,N4 일반 날 수준 맞음(|편향|≤.1),-0.08640389618431249,0.20025,0.1475833333333333,0.20025,0.17391666666666666,0.33116666666666666,0.1728333333333333,0.172,40.0,0.255,35.0,18.837500000000002,12.600000000000001,15.6,3.2375000000000025,79.08333333333333,85.5,446.2083333333333,405.6666666666667,83.875,,19.875,0.0,9.208333333333334,30.583333333333332,24.458333333333332,16.416666666666668,0.0,0.0,,,0.7041666666666666,71.04166666666667
F13_43_7,F13,43,0.3459166666666666,0.3252726006780096,-0.0206440659886569,24,0.0110089926715262,0.0102282590530565,0.0007807336184696,second,B,False,False,False,N4 일반 날 수준 맞음(|편향|≤.1),0.02064406598865698,0.3311666666666666,0.297625,0.3311666666666666,0.3143958333333333,0.14945833333333333,0.297625,0.308,38.0,0.342,41.0,16.325,13.399999999999999,15.6,0.7249999999999996,81.125,91.0,445.7083333333333,422.3333333333333,83.875,,14.666666666666666,0.7916666666666666,0.0,49.375,99.91666666666667,10.833333333333334,0.0,0.0,,,0.7041666666666666,71.04166666666667
F13_44_7,F13,44,0.20025,0.1847694513042869,-0.0154805486957131,24,0.0101153637360548,0.0057515373100882,0.0043638264259665,single,B,False,False,False,N4 일반 날 수준 맞음(|편향|≤.1),0.015480548695713109,0.1494583333333333,0.1728333333333333,0.1494583333333333,0.16114583333333332,0.34591666666666665,0.297625,0.206,42.0,0.354,43.0,16.779166666666665,17.0,12.012500000000001,4.766666666666664,72.25,87.5,432.8333333333333,403.5,171.125,,14.958333333333334,0.0,13.541666666666666,24.166666666666668,23.25,37.083333333333336,0.0,6.708333333333333,,,1.4833333333333334,61.625
F13_45_7,F13,45,0.1475833333333333,0.1765141852231659,0.0289308518898326,24,0.0513213211361233,0.0200878605857143,0.0312334605504089,first,A,False,False,False,N4 일반 날 수준 맞음(|편향|≤.1),-0.028930851889832604,0.1494583333333333,0.1728333333333333,0.1494583333333333,0.16114583333333332,0.20025,0.14945833333333333,0.255,35.0,0.486,79.0,16.354166666666668,20.6,10.179166666666667,6.175000000000001,69.875,82.66666666666667,450.2083333333333,420.0,166.58333333333334,,13.291666666666666,0.0,13.666666666666666,34.458333333333336,30.333333333333332,34.416666666666664,0.0,4.583333333333333,,,1.1458333333333333,62.75
F13_46_7,F13,46,0.3981666666666666,0.4041118212291179,0.0059451545624512,24,0.0102668845820451,0.0008482767065144,0.0094186078755307,second,B,False,False,False,N4 일반 날 수준 맞음(|편향|≤.1),-0.00594515456245126,0.3311666666666666,0.1494583333333333,0.3311666666666666,0.24031249999999996,0.14758333333333332,0.20025,0.383,124.0,0.513,67.0,14.904166666666667,16.2,10.179166666666667,4.725,65.375,84.5,440.2631578947368,434.0,166.58333333333334,,14.541666666666666,0.7916666666666666,16.708333333333332,38.458333333333336,59.833333333333336,0.08333333333333333,1.5416666666666667,2.2916666666666665,,,1.1458333333333333,62.75
F13_48_8,F13,48,0.4250833333333333,0.4127769899847729,-0.0123063433485603,24,0.0119207194357854,0.0036347060787037,0.0082860133570816,second,B,False,False,False,N4 일반 날 수준 맞음(|편향|≤.1),0.0123063433485604,0.3981666666666666,0.1475833333333333,0.3981666666666666,0.272875,0.151625,0.20025,,,,,21.27692307692308,13.000000000000002,11.554166666666667,9.722756410256412,54.15384615384615,,407.53846153846155,395.8,155.5,,24.125,0.7083333333333334,0.0,45.458333333333336,70.33333333333333,0.0,0.0,2.2083333333333335,,,0.9958333333333332,64.45833333333333
F13_49_8,F13,49,0.1499166666666666,0.1745948757465886,0.0246782090799219,24,0.031277673406657,0.0146163360814162,0.0166613373252407,first,A,False,False,False,N4 일반 날 수준 맞음(|편향|≤.1),-0.02467820907992202,0.1475833333333333,0.20025,0.1475833333333333,0.17391666666666666,0.4250833333333333,0.14758333333333332,0.186,44.0,0.186,44.0,16.645833333333332,17.9,12.941666666666668,3.704166666666664,72.33333333333333,81.16666666666667,448.7083333333333,416.3333333333333,113.29166666666667,,20.166666666666668,0.0,5.125,24.125,23.25,18.625,0.0,2.1666666666666665,,,0.9333333333333332,66.41666666666667
F13_50_8,F13,50,0.453625,0.4188958160345625,-0.0347291839654374,24,0.0386418666795541,0.0289467892537247,0.0096950774258293,second,B,False,False,False,N4 일반 날 수준 맞음(|편향|≤.1),0.034729183965437505,0.3981666666666666,0.1475833333333333,0.3981666666666666,0.272875,0.14991666666666667,0.20025,0.436,48.0,0.249,68.0,19.920833333333334,13.1,12.941666666666668,6.979166666666666,58.041666666666664,64.5,424.4166666666667,392.3333333333333,113.29166666666667,,23.041666666666668,0.6666666666666666,0.0,57.375,70.41666666666667,0.0,0.0,2.5416666666666665,,,0.9333333333333332,66.41666666666667
F13_51_8,F13,51,0.4850833333333333,0.4524758491797231,-0.0326074841536101,24,0.0320326685493538,0.0255179525478705,0.0065147160014833,single,B,False,False,False,N4 일반 날 수준 맞음(|편향|≤.1),0.0326074841536102,0.3981666666666666,0.1475833333333333,0.3981666666666666,0.272875,0.453625,0.3981666666666666,0.456,50.0,0.456,50.0,21.791666666666668,15.100000000000001,14.445833333333333,7.345833333333335,57.541666666666664,62.666666666666664,427.5,397.5,145.41666666666666,,27.541666666666668,0.6666666666666666,0.0,46.333333333333336,70.66666666666667,0.0,0.0,2.0,,,1.2333333333333334,68.45833333333333
F13_52_8,F13,52,0.2338333333333333,0.2468138204749956,0.0129804871416622,24,0.0044476261680674,0.0040438331144366,0.0004037930536307,single,A,False,False,False,N4 일반 날 수준 맞음(|편향|≤.1),-0.012980487141662278,0.1475833333333333,0.1494583333333333,0.1475833333333333,0.1485208333333333,0.4850833333333333,0.14758333333333332,0.249,68.0,0.268,59.0,23.583333333333332,13.100000000000001,14.433333333333332,9.15,52.041666666666664,55.5,419.875,383.8333333333333,145.375,,26.416666666666668,0.0,8.333333333333334,25.416666666666668,26.625,39.0,0.0,4.416666666666667,,,1.2333333333333334,68.45833333333333
F13_53_9,F13,53,0.2368333333333333,0.2653110114851258,0.0284776781517925,24,0.0203546730950302,0.0194634756700099,0.0008911974250203,single,B,False,False,False,N4 일반 날 수준 맞음(|편향|≤.1),-0.0284776781517925,0.2338333333333333,0.4850833333333333,0.2338333333333333,0.3594583333333333,0.23383333333333334,0.4250833333333333,0.232,52.0,0.232,52.0,23.77916666666667,7.699999999999999,14.841666666666667,8.937500000000002,55.833333333333336,60.0,397.7083333333333,366.6666666666667,137.0,,11.541666666666666,0.0,8.541666666666666,37.041666666666664,37.0,42.666666666666664,0.0,6.666666666666667,,,1.8458333333333332,76.16666666666667
F13_54_9,F13,54,0.2445416666666666,0.2606482769227531,0.0161066102560864,24,0.0073861516364368,0.0062261494545952,0.0011600021818416,single,A,False,False,False,N4 일반 날 수준 맞음(|편향|≤.1),-0.016106610256086507,0.2338333333333333,0.4850833333333333,0.2338333333333333,0.3594583333333333,0.23683333333333334,0.14991666666666667,0.241,53.0,0.241,53.0,24.229166666666668,12.599999999999998,12.954166666666666,11.275000000000002,48.208333333333336,58.666666666666664,385.2083333333333,376.0,149.29166666666666,,4.208333333333333,0.0,0.0,0.0,0.0,2.8333333333333335,0.0,0.0,,,1.6791666666666665,65.66666666666667
F13_55_9,F13,55,0.5199166666666667,0.4428711815687633,-0.0770454850979034,24,0.1439892430418932,0.1424641625753101,0.0015250804665831,single,A,False,False,False,N4 일반 날 수준 맞음(|편향|≤.1),0.07704548509790338,0.453625,0.4850833333333333,0.453625,0.46935416666666663,0.24454166666666666,0.14991666666666667,0.515,192.0,0.515,192.0,18.7375,12.8,8.854166666666666,9.883333333333335,53.625,57.5,398.9583333333333,382.6666666666667,154.54166666666666,,19.125,0.75,0.0,54.375,56.583333333333336,0.0,0.0,2.4166666666666665,,,0.9416666666666668,59.666666666666664
F13_56_9,F13,56,0.2577083333333334,0.261374692333293,0.0036663589999596,24,0.0016540099802551,0.000322612519598,0.001331397460657,single,B,False,False,False,N4 일반 날 수준 맞음(|편향|≤.1),-0.0036663589999596513,0.2338333333333333,0.4850833333333333,0.2338333333333333,0.3594583333333333,0.5199166666666667,0.23683333333333334,0.264,193.0,0.264,193.0,23.087500000000002,11.0,12.054166666666667,11.033333333333335,53.208333333333336,53.5,412.375,387.5,145.70833333333334,,21.25,0.0,8.25,28.666666666666668,28.708333333333332,50.541666666666664,0.0,6.916666666666667,,,0.7374999999999999,70.08333333333333
F13_57_9,F13,57,0.549625,0.4608717457770316,-0.0887532542229683,24,0.1899001303469934,0.1890513632440043,0.0008487671029891,first,A,False,False,False,N4 일반 날 수준 맞음(|편향|≤.1),0.08875325422296843,0.55625,0.5474166666666667,0.55625,0.5518333333333334,0.2577083333333334,0.23383333333333334,0.537,194.0,0.537,194.0,21.445833333333336,14.299999999999999,12.366666666666667,9.07916666666667,55.75,59.5,433.4583333333333,396.5,142.83333333333334,,24.166666666666668,0.6666666666666666,0.0,48.458333333333336,70.95833333333333,0.0,0.0,1.25,,,0.7625000000000001,70.5
F13_58_0,F13,58,0.258375,0.2448481127744385,-0.0135268872255615,24,0.0047371103209444,0.0043914402723134,0.000345670048631,second,B,False,False,False,N4 일반 날 수준 맞음(|편향|≤.1),0.013526887225561529,0.2577083333333334,0.5199166666666667,0.2577083333333334,0.3888125,0.549625,0.23683333333333334,0.258,56.0,0.258,56.0,23.008333333333336,11.7,12.366666666666667,10.64166666666667,52.833333333333336,53.333333333333336,428.4166666666667,392.8333333333333,142.83333333333334,,21.666666666666668,0.0,8.333333333333334,27.333333333333332,27.291666666666668,51.541666666666664,0.0,6.75,,,0.7625000000000001,70.5
F13_59_0,F13,59,0.2622916666666666,0.2385245966341257,-0.0237670700325409,24,0.0137249927026663,0.0135569668303609,0.0001680258723054,single,B,False,False,False,N4 일반 날 수준 맞음(|편향|≤.1),0.023767070032540888,0.5474166666666667,0.3569166666666666,0.5474166666666667,0.4521666666666666,0.258375,0.23683333333333334,0.262,58.0,0.262,58.0,22.070833333333336,13.099999999999998,12.866666666666667,9.20416666666667,56.583333333333336,53.5,431.0,399.6666666666667,137.41666666666666,,20.416666666666668,0.0,8.333333333333334,28.708333333333332,28.708333333333332,51.041666666666664,0.0,5.916666666666667,,,0.6833333333333332,70.75
F13_60_0,F13,60,0.2649583333333333,0.2236470658022457,-0.0413112675310876,24,0.0411599738190764,0.0409588998006022,0.0002010740184741,single,B,False,False,False,N4 일반 날 수준 맞음(|편향|≤.1),0.0413112675310876,0.55625,0.5479166666666667,0.55625,0.5520833333333334,0.26229166666666665,0.2577083333333334,0.268,59.0,0.549,196.0,19.6375,14.9,13.987499999999999,5.65,67.08333333333333,72.66666666666667,434.5416666666667,404.8333333333333,130.83333333333334,,15.75,0.0,8.416666666666666,33.125,33.166666666666664,51.333333333333336,0.0,5.25,,,0.7791666666666667,72.95833333333333
F13_61_0,F13,61,0.2642916666666666,0.2365020815557856,-0.027789585110881,24,0.0188170446761171,0.0185342649752377,0.0002827797008794,single,A,False,False,False,N4 일반 날 수준 맞음(|편향|≤.1),0.027789585110881004,0.5474166666666667,0.55625,0.5474166666666667,0.5518333333333334,0.26495833333333335,0.24454166666666666,0.27,60.0,0.27,60.0,19.029166666666665,11.3,14.954166666666666,4.074999999999999,71.5,75.0,420.3333333333333,392.6666666666667,64.66666666666667,,7.583333333333333,0.0,8.333333333333334,39.583333333333336,39.541666666666664,50.666666666666664,0.0,1.2916666666666667,,,1.0333333333333334,75.25
F13_62_0,F13,62,0.5582916666666667,0.4715012498414279,-0.0867904168252388,24,0.1845175142807458,0.1807818348647687,0.0037356794159771,first,A,False,False,False,N4 일반 날 수준 맞음(|편향|≤.1),0.08679041682523886,0.5405833333333333,0.2760833333333333,0.5405833333333333,0.4083333333333333,0.26429166666666665,0.26429166666666665,0.556,197.0,0.556,197.0,18.754166666666666,14.2,15.116666666666667,3.6374999999999993,75.45833333333333,88.83333333333333,405.375,391.5,119.625,,16.458333333333332,0.75,0.0,47.0,70.375,0.0,1.125,0.0,,,0.9708333333333333,79.79166666666667
F13_63_1,F13,63,0.2705,0.260585410702484,-0.0099145892975159,24,0.0033734247610006,0.002359177942522,0.0010142468184786,second,B,False,False,False,N4 일반 날 수준 맞음(|편향|≤.1),0.009914589297516041,0.2642916666666666,0.2760833333333333,0.2642916666666666,0.2701874999999999,0.5582916666666667,0.258375,0.268,61.0,0.268,61.0,20.125,11.7,15.116666666666667,5.008333333333333,71.20833333333333,81.33333333333333,403.7083333333333,384.1666666666667,119.625,,11.333333333333334,0.0,8.416666666666666,36.75,36.791666666666664,51.541666666666664,0.0,4.666666666666667,,,0.9708333333333333,79.79166666666667
F13_64_1,F13,64,0.5405833333333333,0.5305963816323084,-0.0099869517010249,24,0.0078314137913331,0.0023937409026865,0.0054376728886466,single,B,False,False,False,N4 일반 날 수준 맞음(|편향|≤.1),0.009986951701024926,0.5479166666666667,0.5582916666666667,0.5479166666666667,0.5531041666666667,0.2705,0.26229166666666665,0.548,62.0,0.172,40.0,15.720833333333333,14.7,10.674999999999999,5.045833333333334,66.16666666666667,83.5,405.5416666666667,426.1666666666667,146.16666666666666,,12.208333333333334,0.75,0.0,38.083333333333336,56.333333333333336,0.0,13.458333333333334,2.0,,,1.2291666666666667,59.291666666666664
F13_65_1,F13,65,0.2655,0.2594211134880491,-0.0060788865119508,24,0.0017957123483624,0.0008868686694042,0.0009088436789581,single,B,False,False,False,N4 일반 날 수준 맞음(|편향|≤.1),0.006078886511950932,0.2760833333333333,0.2642916666666666,0.2760833333333333,0.2701874999999999,0.5405833333333333,0.26495833333333335,0.276,198.0,0.389,96.0,16.6125,15.5,9.579166666666667,7.033333333333333,60.583333333333336,66.5,394.125,376.6666666666667,136.54166666666666,,7.5,0.0,12.791666666666666,38.166666666666664,38.208333333333336,51.416666666666664,0.2916666666666667,5.916666666666667,,,1.3041666666666667,60.458333333333336
F13_66_1,F13,66,0.2513333333333333,0.2555805678415483,0.0042472345082149,24,0.0010733870508683,0.0004329360232265,0.0006404510276418,single,A,False,False,False,N4 일반 날 수준 맞음(|편향|≤.1),-0.004247234508215014,0.2642916666666666,0.2760833333333333,0.2642916666666666,0.2701874999999999,0.2655,0.26429166666666665,0.26,65.0,0.26,65.0,16.087500000000002,12.200000000000001,9.825000000000001,6.262500000000001,64.25,66.16666666666667,414.6666666666667,400.5,90.375,,6.916666666666667,0.0,15.0,38.875,38.875,50.916666666666664,0.0,1.3333333333333333,,,0.775,67.66666666666667
F13_67_1,F13,67,0.5415833333333333,0.4790066018555841,-0.0625767314777491,24,0.0998668909855979,0.0939803357385196,0.0058865552470782,first,A,False,False,False,N4 일반 날 수준 맞음(|편향|≤.1),0.06257673147774923,0.549125,0.56725,0.549125,0.5581875000000001,0.25133333333333335,0.25133333333333335,0.56,80.0,0.56,80.0,15.491666666666667,18.3,11.183333333333332,4.308333333333335,71.70833333333333,83.33333333333333,422.9166666666667,407.5,124.25,,16.541666666666668,0.75,0.0,37.5,67.66666666666667,0.0,5.25,0.375,,,0.8250000000000001,73.41666666666667
F13_68_2,F13,68,0.2478749999999999,0.252286708521095,0.004411708521095,24,0.0007956942960954,0.0004671161298024,0.000328578166293,second,B,False,False,False,N4 일반 날 수준 맞음(|편향|≤.1),-0.004411708521095126,0.2655,0.2513333333333333,0.2655,0.25841666666666663,0.5415833333333333,0.2655,0.251,66.0,0.251,66.0,17.599999999999998,17.200000000000003,11.183333333333332,6.416666666666666,67.25,70.33333333333333,417.0833333333333,389.0,124.25,,9.75,0.0,12.125,37.583333333333336,37.583333333333336,51.958333333333336,0.0,5.291666666666667,,,0.8250000000000001,73.41666666666667
F13_69_2,F13,69,0.4289166666666666,0.4142263385874462,-0.0146903280792204,24,0.0123662907573508,0.0051793377378032,0.0071869530195476,single,A,False,False,False,N4 일반 날 수준 맞음(|편향|≤.1),0.014690328079220438,0.5415833333333333,0.2513333333333333,0.5415833333333333,0.3964583333333333,0.24787499999999998,0.25133333333333335,0.447,70.0,0.447,70.0,15.212499999999999,15.399999999999999,9.737499999999999,5.475,69.0,79.16666666666667,444.7916666666667,408.5,138.41666666666666,,11.666666666666666,0.6666666666666666,15.208333333333334,38.875,38.875,5.583333333333333,0.0,0.2916666666666667,,,0.8583333333333334,69.54166666666667
F13_70_2,F13,70,0.4429583333333333,0.4206893484777567,-0.0222689848555766,24,0.0210340410358531,0.0119017844759496,0.0091322565599034,first,A,False,False,False,N4 일반 날 수준 맞음(|편향|≤.1),0.0222689848555766,0.5415833333333333,0.2513333333333333,0.5415833333333333,0.3964583333333333,0.42891666666666667,0.25133333333333335,0.428,69.0,0.547,90.0,15.679166666666667,17.4,10.304166666666667,5.375,68.5,80.83333333333333,446.7083333333333,413.0,137.04166666666666,,12.791666666666666,0.6666666666666666,11.083333333333334,38.875,38.875,5.583333333333333,0.0,0.5416666666666666,,,0.7208333333333333,66.83333333333333
F13_71_2,F13,71,0.549125,0.5059186742609625,-0.0432063257390375,24,0.04841423241267,0.0448028780128275,0.0036113543998424,second,B,False,False,False,N4 일반 날 수준 맞음(|편향|≤.1),0.04320632573903749,0.5415833333333333,0.2513333333333333,0.5415833333333333,0.3964583333333333,0.44295833333333334,0.24787499999999998,0.547,90.0,0.428,69.0,15.1875,17.1,10.304166666666667,4.883333333333333,68.66666666666667,83.66666666666667,412.3333333333333,404.6666666666667,137.04166666666666,,16.458333333333332,0.75,0.0,36.5,60.375,0.0,6.0,1.875,,,0.7208333333333333,66.83333333333333
F13_72_2,F13,72,0.45575,0.4255125609307735,-0.0302374390692265,24,0.0284522673277223,0.0219432653151644,0.0065090020125579,first,A,False,False,False,N4 일반 날 수준 맞음(|편향|≤.1),0.03023743906922649,0.482875,0.4682083333333333,0.482875,0.47554166666666664,0.549125,0.42891666666666667,0.513,67.0,0.528,81.0,16.474999999999998,17.299999999999997,12.570833333333333,3.904166666666665,71.125,84.0,440.7083333333333,401.8333333333333,140.25,,12.25,0.6666666666666666,6.208333333333333,38.25,38.25,5.583333333333333,0.0,0.2916666666666667,,,1.075,68.29166666666667
F13_73_3,F13,73,0.56725,0.5318444894684793,-0.0354055105315206,24,0.0352565184014469,0.0300852042239429,0.005171314177504,second,B,False,False,False,N4 일반 날 수준 맞음(|편향|≤.1),0.035405510531520745,0.549125,0.5415833333333333,0.549125,0.5453541666666666,0.45575000000000004,0.24787499999999998,0.552,71.0,0.552,71.0,16.204166666666666,17.2,12.570833333333333,3.633333333333333,71.41666666666667,84.83333333333333,410.4583333333333,396.5,140.25,,15.125,0.75,0.0,40.0,67.25,0.0,11.041666666666666,1.5416666666666667,,,1.075,68.29166666666667
F13_75_3,F13,75,0.4682083333333333,0.4955559268304958,0.0273475934971624,24,0.0202451649088881,0.0179493808820649,0.0022957840268231,first,A,False,False,True,N4 일반 날 수준 맞음(|편향|≤.1),-0.027347593497162537,0.45575,0.4429583333333333,0.45575,0.4493541666666666,0.576125,0.44295833333333334,0.422,242.0,0.551,74.0,11.975,11.2,6.9624999999999995,5.0125,64.79166666666667,70.5,409.7916666666667,398.5,103.875,,3.5833333333333335,0.75,16.041666666666668,38.208333333333336,38.208333333333336,5.5,0.0,0.4166666666666667,,,1.6041666666666667,55.083333333333336
F13_76_3,F13,76,0.5653333333333334,0.494968137876124,-0.0703651954572093,24,0.125489867143356,0.1188302575615504,0.0066596095818055,second,B,True,False,True,N4 일반 날 수준 맞음(|편향|≤.1),0.07036519545720937,0.549125,0.45575,0.549125,0.5024375,0.46820833333333334,0.24787499999999998,0.551,74.0,0.317,106.0,12.75,13.9,6.9624999999999995,5.7875000000000005,68.54166666666667,79.0,403.7083333333333,428.3333333333333,103.875,,3.4583333333333335,0.9166666666666666,0.0,30.083333333333332,47.166666666666664,0.0,4.458333333333333,0.9166666666666666,,,1.6041666666666667,55.083333333333336
F13_77_3,F13,77,0.482875,0.5102783380282047,0.0274033380282047,24,0.0216134383424975,0.0180226304421132,0.0035908079003843,first,A,False,False,True,N4 일반 날 수준 맞음(|편향|≤.1),-0.02740333802820466,0.495625,0.5222916666666667,0.495625,0.5089583333333334,0.5653333333333334,0.45575000000000004,0.468,75.0,0.572,76.0,12.700000000000001,11.7,8.008333333333333,4.691666666666668,69.16666666666667,81.5,419.25,396.3333333333333,109.95833333333333,,5.125,0.7083333333333334,15.791666666666666,38.166666666666664,38.166666666666664,5.541666666666667,0.0,0.0,,,1.0125,61.666666666666664
F13_78_4,F13,78,0.5759583333333333,0.5336410921306358,-0.0423172412026975,24,0.0450976332029696,0.0429779736721747,0.0021196595307948,second,B,False,False,False,N4 일반 날 수준 맞음(|편향|≤.1),0.04231724120269753,0.5653333333333334,0.56725,0.5653333333333334,0.5662916666666666,0.482875,0.549125,0.572,76.0,0.468,75.0,13.054166666666667,15.700000000000001,8.008333333333333,5.045833333333334,69.33333333333333,83.0,407.125,427.1666666666667,109.95833333333333,,5.75,0.8333333333333334,0.0,31.958333333333332,54.916666666666664,0.0,6.625,1.0,,,1.0125,61.666666666666664
F13_79_4,F13,79,0.495625,0.4993405551424905,0.0037155551424904,24,0.007265119740922,0.0003313284004052,0.0069337913405167,first,A,False,False,False,N4 일반 날 수준 맞음(|편향|≤.1),-0.003715555142490501,0.482875,0.4682083333333333,0.482875,0.47554166666666664,0.5759583333333333,0.46820833333333334,0.482,77.0,0.482,77.0,13.183333333333332,11.899999999999999,10.25,2.933333333333332,73.75,80.33333333333333,419.4166666666667,397.0,109.45833333333333,,5.291666666666667,0.6666666666666666,8.375,38.208333333333336,38.208333333333336,5.541666666666667,0.0,0.0,,,1.3499999999999999,66.29166666666667
F13_80_4,F13,80,0.5730833333333333,0.5065561867857896,-0.0665271465475436,24,0.1112251437654772,0.1062206694662004,0.0050044742992768,second,B,False,False,False,N4 일반 날 수준 맞음(|편향|≤.1),0.06652714654754366,0.5653333333333334,0.56725,0.5653333333333334,0.5662916666666666,0.495625,0.5653333333333334,0.553,113.0,0.276,198.0,13.975,15.399999999999999,10.25,3.7249999999999996,71.125,80.5,399.9583333333333,435.0,109.45833333333333,,6.666666666666667,0.8333333333333334,1.125,32.166666666666664,58.083333333333336,0.0,9.875,0.0,,,1.3499999999999999,66.29166666666667
F13_81_4,F13,81,0.5222916666666667,0.4953750613307411,-0.0269166053359255,24,0.024675190619477,0.0173880874274394,0.0072871031920376,first,A,False,False,False,N4 일반 날 수준 맞음(|편향|≤.1),0.026916605335925603,0.482875,0.45575,0.482875,0.4693125,0.5730833333333333,0.46820833333333334,0.486,79.0,0.574,89.0,14.120833333333332,14.5,8.516666666666667,5.604166666666664,70.41666666666667,81.83333333333333,438.7083333333333,406.1666666666667,119.5,,8.625,0.6666666666666666,22.166666666666668,38.166666666666664,38.208333333333336,5.583333333333333,0.0,0.0,,,0.8291666666666666,67.75
F13_82_4,F13,82,0.5330833333333334,0.4991563290057079,-0.0339270043276253,24,0.031472829459789,0.027624998943521,0.003847830516268,second,B,False,False,False,N4 일반 날 수준 맞음(|편향|≤.1),0.033927004327625465,0.5653333333333334,0.56725,0.5653333333333334,0.5662916666666666,0.5222916666666667,0.5653333333333334,0.522,64.0,0.735,232.0,14.3125,16.8,8.516666666666667,5.7958333333333325,66.45833333333333,71.83333333333333,404.4583333333333,407.1666666666667,119.5,,12.958333333333334,0.7916666666666666,7.166666666666667,33.333333333333336,53.916666666666664,0.0,6.5,0.9166666666666666,,,0.8291666666666666,67.75
F13_83_5,F13,83,0.5427083333333333,0.530263389215726,-0.0124449441176073,24,0.0098913609975415,0.0037170392181688,0.0061743217793727,first,A,False,False,False,N4 일반 날 수준 맞음(|편향|≤.1),0.012444944117607326,0.5222916666666667,0.495625,0.5222916666666667,0.5089583333333334,0.5330833333333334,0.482875,0.528,81.0,0.411,46.0,14.345833333333333,13.400000000000002,10.4,3.945833333333333,72.54166666666667,79.0,423.2916666666667,392.5,115.20833333333333,,5.958333333333333,0.7083333333333334,13.166666666666666,38.208333333333336,38.166666666666664,5.583333333333333,0.0,0.0,,,1.7958333333333334,69.04166666666667
F13_84_5,F13,84,0.5364166666666667,0.5437127479288685,0.0072960812622017,24,0.0088253171568168,0.0012775872428316,0.0075477299139851,second,B,False,False,False,N4 일반 날 수준 맞음(|편향|≤.1),-0.007296081262201826,0.5730833333333333,0.5330833333333334,0.5730833333333333,0.5530833333333334,0.5427083333333333,0.5330833333333334,0.534,82.0,0.534,82.0,14.395833333333334,15.500000000000002,10.4,3.9958333333333336,72.79166666666667,82.33333333333333,409.4583333333333,444.0,115.20833333333333,,7.833333333333333,0.8333333333333334,0.9166666666666666,35.125,68.70833333333333,0.0,11.083333333333334,0.16666666666666666,,,1.7958333333333334,69.04166666666667
F13_85_5,F13,85,0.5724583333333334,0.5484286955416686,-0.0240296377916647,24,0.023855823412635,0.0138581638175664,0.0099976595950686,first,A,False,False,False,N4 일반 날 수준 맞음(|편향|≤.1),0.024029637791664782,0.5222916666666667,0.495625,0.5222916666666667,0.5089583333333334,0.5364166666666667,0.495625,0.555,83.0,0.555,83.0,15.283333333333333,13.0,13.637500000000001,1.6458333333333321,77.20833333333333,87.83333333333333,419.0,402.3333333333333,109.08333333333333,,9.875,0.6666666666666666,2.75,38.208333333333336,38.208333333333336,5.583333333333333,0.0,0.0,,,2.029166666666667,69.54166666666667
F13_86_5,F13,86,0.556875,0.521112531566619,-0.035762468433381,24,0.0325748413422561,0.0306948995627657,0.0018799417794903,second,B,False,False,False,N4 일반 날 수준 맞음(|편향|≤.1),0.035762468433381045,0.5330833333333334,0.5730833333333333,0.5330833333333334,0.5530833333333334,0.5724583333333334,0.5330833333333334,0.543,84.0,0.543,84.0,16.2875,12.700000000000001,13.637500000000001,2.6500000000000004,74.45833333333333,87.66666666666667,399.7916666666667,404.5,109.08333333333333,,8.708333333333334,0.8333333333333334,0.0,43.583333333333336,69.0,0.08333333333333333,13.958333333333334,0.08333333333333333,,,2.029166666666667,69.54166666666667
F13_88_6,F13,88,0.5509166666666667,0.4927771865823137,-0.0581394800843529,24,0.0856568462254995,0.081124779467493,0.0045320667580064,second,B,True,False,False,N4 일반 날 수준 맞음(|편향|≤.1),0.058139480084353046,0.5724583333333334,0.556875,0.5724583333333334,0.5646666666666667,0.5592916666666666,0.5330833333333334,0.559,86.0,0.559,86.0,12.883333333333333,5.5,9.754166666666666,3.1291666666666664,75.0,85.83333333333333,396.4166666666667,403.1666666666667,45.583333333333336,,0.0,1.0,0.0,41.791666666666664,69.33333333333333,1.25,1.125,0.0,,,1.5041666666666667,78.91666666666667
F13_89_6,F13,89,0.5786666666666667,0.5634085681109927,-0.0152580985556739,24,0.0132976086481791,0.0055874297168318,0.0077101789313473,first,A,False,False,False,N4 일반 날 수준 맞음(|편향|≤.1),0.015258098555673949,0.5724583333333334,0.5427083333333333,0.5724583333333334,0.5575833333333333,0.5509166666666667,0.5427083333333333,0.555,87.0,0.555,87.0,13.799999999999999,13.7,9.470833333333333,4.329166666666666,74.20833333333333,89.16666666666667,419.7916666666667,398.3333333333333,116.29166666666667,,7.875,0.6666666666666666,8.833333333333334,37.5,37.5,5.541666666666667,0.0,0.0,,,0.9458333333333333,67.0
F13_8_0,F13,8,0.1772083333333333,0.350297826049207,0.1730894927158737,24,0.7851720930742234,0.7190393397273239,0.0661327533468995,single,B,False,False,False,N2 일반 날 과대(+.1 초과),-0.1730894927158737,0.3835833333333333,0.2919583333333333,0.3835833333333333,0.3377708333333333,,,,,0.344,23.0,19.554166666666667,3.8999999999999986,20.120833333333334,-0.5666666666666664,93.375,96.33333333333333,461.625,460.6666666666667,42.833333333333336,,12.208333333333334,0.75,0.0,21.0,91.66666666666667,0.0,0.0,0.0,,,1.2958333333333334,90.58333333333333
F13_90_6,F13,90,0.5575416666666667,0.4514116948907418,-0.1061299717759249,24,0.2720658940857972,0.270325701819807,0.0017401922659902,second,B,False,False,False,N3 일반 날 과소(−.1 미만),0.10612997177592493,0.556875,0.5364166666666667,0.556875,0.5466458333333333,0.5786666666666667,0.5364166666666667,0.545,88.0,0.545,88.0,14.283333333333333,15.5,9.470833333333333,4.8125,71.91666666666667,85.5,404.1666666666667,428.0,116.29166666666667,,8.833333333333334,0.8333333333333334,0.0,37.083333333333336,54.0,0.0,5.958333333333333,1.0,,,0.9458333333333333,67.0
F13_91_6,F13,91,0.5779166666666666,0.5488861406682461,-0.0290305259984204,24,0.0215307823599246,0.0202265145538792,0.0013042678060454,single,A,False,False,True,N4 일반 날 수준 맞음(|편향|≤.1),0.029030525998420487,0.5427083333333333,0.5724583333333334,0.5427083333333333,0.5575833333333333,0.5575416666666667,0.5592916666666666,0.574,89.0,0.522,64.0,11.441666666666668,6.300000000000001,8.033333333333333,3.408333333333335,78.04166666666667,78.5,410.0416666666667,404.1666666666667,54.833333333333336,,1.7083333333333333,0.7916666666666666,13.25,37.5,37.5,5.541666666666667,0.0,0.0,,,2.254166666666667,76.25
F13_92_6,F13,92,0.4814166666666666,0.3937524140130235,-0.0876642526536431,24,0.2027544567377753,0.1844405086397228,0.0183139480980525,single,B,False,False,False,N4 일반 날 수준 맞음(|편향|≤.1),0.08766425265364308,0.5724583333333334,0.5427083333333333,0.5724583333333334,0.5575833333333333,0.5779166666666666,0.5509166666666667,0.427,152.0,0.581,91.0,15.354166666666666,13.100000000000001,6.4875,8.866666666666667,58.5,65.33333333333333,375.7083333333333,437.3333333333333,119.66666666666667,,5.916666666666667,0.0,22.375,37.791666666666664,37.5,34.583333333333336,2.8333333333333335,3.4583333333333335,,,1.2,57.25
F13_93_7,F13,93,0.3935416666666667,0.4913804182677574,0.0978387516010907,24,0.2418553983448148,0.2297381115566386,0.0121172867881761,single,B,False,False,False,N4 일반 날 수준 맞음(|편향|≤.1),-0.09783875160109073,0.5575416666666667,0.4814166666666666,0.5575416666666667,0.5194791666666667,0.48141666666666666,0.48141666666666666,0.398,218.0,0.351,122.0,14.3125,16.3,7.779166666666666,6.533333333333334,64.375,63.666666666666664,382.6666666666667,391.3333333333333,51.708333333333336,,6.375,0.8333333333333334,10.833333333333334,32.708333333333336,68.375,0.0,4.083333333333333,0.5,,,1.7208333333333332,68.29166666666667
F13_94_7,F13,94,0.4011666666666666,0.5216371549647331,0.1204704882980663,24,0.3545352560327553,0.3483153252185892,0.0062199308141661,first,A,False,False,False,N2 일반 날 과대(+.1 초과),-0.12047048829806645,0.5575416666666667,0.5786666666666667,0.5575416666666667,0.5681041666666666,0.3935416666666667,0.5592916666666666,0.387,93.0,0.387,93.0,16.033333333333335,14.1,13.579166666666666,2.4541666666666693,74.08333333333333,87.83333333333333,383.8333333333333,403.0,110.66666666666667,,13.5,0.8333333333333334,0.0,40.5,68.66666666666667,0.0,14.541666666666666,0.08333333333333333,,,2.3125,70.91666666666667
F13_95_7,F13,95,0.482,0.4073975901837093,-0.0746024098162907,24,0.1456402169299217,0.1335724692095468,0.0120677477203748,second,B,False,False,False,N4 일반 날 수준 맞음(|편향|≤.1),0.07460240981629068,0.4814166666666666,0.5575416666666667,0.4814166666666666,0.5194791666666667,0.40116666666666667,0.3935416666666667,0.465,72.0,0.579,73.0,17.829166666666666,15.000000000000002,13.579166666666666,4.25,68.875,78.0,380.0416666666667,432.1666666666667,110.66666666666667,,7.0,0.041666666666666664,9.0,36.666666666666664,36.791666666666664,33.166666666666664,2.9583333333333335,3.125,,,2.3125,70.91666666666667
F13_96_7,F13,96,0.4086666666666667,0.5421615889381963,0.1334949222715296,24,0.4532776924916428,0.4277014625347616,0.0255762299568811,first,A,False,False,False,N2 일반 날 과대(+.1 초과),-0.13349492227152965,0.5575416666666667,0.4814166666666666,0.5575416666666667,0.5194791666666667,0.482,0.40116666666666667,0.403,94.0,0.403,94.0,14.554166666666667,16.1,10.125,4.429166666666667,70.75,89.33333333333333,398.25,434.0,118.41666666666667,,5.416666666666667,0.8333333333333334,0.7083333333333334,33.75,53.541666666666664,1.25,7.875,1.6666666666666667,,,1.0416666666666667,63.458333333333336
F13_97_7,F13,97,0.4735416666666667,0.4294060988564523,-0.0441355678102142,24,0.051517069299116,0.0467507603023205,0.0047663089967955,second,B,False,False,False,N4 일반 날 수준 맞음(|편향|≤.1),0.04413556781021438,0.4814166666666666,0.5575416666666667,0.4814166666666666,0.5194791666666667,0.4086666666666667,0.3935416666666667,0.479,95.0,0.479,95.0,16.629166666666666,14.9,10.125,6.504166666666666,65.58333333333333,82.33333333333333,384.5416666666667,435.6666666666667,118.41666666666667,,6.708333333333333,0.0,14.5,37.083333333333336,36.708333333333336,32.541666666666664,2.6666666666666665,3.0833333333333335,,,1.0416666666666667,63.458333333333336
F13_98_8,F13,98,0.399375,0.4238207719001723,0.0244457719001723,24,0.0339636876295962,0.0143422983310861,0.0196213892985101,first,A,True,False,False,N4 일반 날 수준 맞음(|편향|≤.1),-0.02444577190017233,0.4086666666666667,0.3935416666666667,0.4086666666666667,0.4011041666666667,0.4735416666666667,0.40116666666666667,0.389,96.0,0.364,112.0,12.904166666666667,13.499999999999998,5.383333333333333,7.520833333333334,65.45833333333333,71.16666666666667,396.0833333333333,434.3333333333333,115.45833333333333,,0.0,1.0,4.625,32.0,53.125,0.0,2.7083333333333335,0.5,,,1.8791666666666667,52.0
F13_99_8,F13,99,0.4610833333333333,0.4232969112907733,-0.03778642204256,24,0.0383871034282637,0.0342675285786831,0.0041195748495806,second,B,False,False,False,N4 일반 날 수준 맞음(|편향|≤.1),0.03778642204256,0.4735416666666667,0.482,0.4735416666666667,0.47777083333333337,0.39937500000000004,0.3935416666666667,0.464,97.0,0.464,97.0,14.1,9.7,5.383333333333333,8.716666666666667,55.333333333333336,61.833333333333336,374.5,417.1666666666667,115.45833333333333,,6.333333333333333,0.0,23.666666666666668,36.958333333333336,36.958333333333336,36.166666666666664,4.958333333333333,2.9166666666666665,,,1.8791666666666667,52.0
F13_9_0,F13,9,0.3919166666666667,0.3141362634195068,-0.0777804032471598,24,0.1462800778290414,0.145194987102979,0.0010850907260623,single,A,False,False,False,N4 일반 날 수준 맞음(|편향|≤.1),0.0777804032471599,0.335375,0.4014166666666667,0.335375,0.36839583333333337,0.17720833333333333,,0.391,179.0,0.391,179.0,23.120833333333334,8.599999999999998,23.558333333333334,-0.4375,81.875,92.33333333333333,448.2916666666667,428.6666666666667,125.33333333333333,,0.3333333333333333,0.9166666666666666,24.041666666666668,39.916666666666664,34.791666666666664,28.583333333333332,0.0,0.0,,,0.775,86.41666666666667
F47_100_8,F47,100,0.2202499999999999,0.2772938676976257,0.0570438676976257,24,0.0856500775529388,0.0780960682057015,0.0075540093472373,first,A,False,False,False,N4 일반 날 수준 맞음(|편향|≤.1),-0.057043867697625816,0.2148333333333333,0.6706249999999999,0.2148333333333333,0.4427291666666666,0.6459583333333333,0.2085,0.224,98.0,0.224,98.0,15.354166666666666,12.5,10.125,5.229166666666666,66.625,86.16666666666667,409.875,391.0,118.41666666666667,,25.75,0.041666666666666664,27.666666666666668,45.0,31.166666666666668,27.666666666666668,0.0,0.6666666666666666,,,1.0416666666666667,63.458333333333336
F47_101_9,F47,101,0.6589166666666667,0.6166818531674231,-0.0422348134992436,24,0.0451801240722205,0.0428107073115814,0.002369416760639,second,B,False,False,False,N4 일반 날 수준 맞음(|편향|≤.1),0.04223481349924363,0.6459583333333333,0.6187083333333333,0.6459583333333333,0.6323333333333333,0.22024999999999997,0.6083333333333333,0.654,99.0,0.654,99.0,14.383333333333333,14.100000000000001,10.125,4.258333333333333,74.25,91.83333333333333,417.5833333333333,395.1666666666667,118.41666666666667,,6.791666666666667,0.6666666666666666,11.833333333333334,36.833333333333336,36.833333333333336,5.625,0.0,0.0,,,1.0416666666666667,63.458333333333336
F47_102_9,F47,102,0.2148333333333333,0.2803051169961731,0.0654717836628398,24,0.111997386734312,0.1028773069438488,0.0091200797904632,first,A,False,False,True,N4 일반 날 수준 맞음(|편향|≤.1),-0.06547178366283982,0.2202499999999999,0.2085,0.2202499999999999,0.21437499999999993,0.6589166666666667,0.2085,0.274,115.0,0.31,118.0,12.395833333333334,8.7,5.383333333333333,7.012500000000001,58.166666666666664,66.0,407.25,389.0,115.45833333333333,,14.875,0.20833333333333334,31.5,29.291666666666668,19.625,31.5,0.0,0.0,,,1.8791666666666667,52.0
F47_103_9,F47,103,0.6706249999999999,0.6628029411321968,-0.0078220588678032,24,0.0147350930223995,0.001468430518353,0.0132666625040464,second,B,False,False,False,N4 일반 날 수준 맞음(|편향|≤.1),0.007822058867803072,0.6187083333333333,0.2202499999999999,0.6187083333333333,0.4194791666666666,0.21483333333333332,0.6187083333333333,0.665,101.0,0.492,243.0,13.529166666666667,9.7,5.383333333333333,8.145833333333334,65.25,73.66666666666667,383.9583333333333,359.5,115.45833333333333,,4.875,0.7083333333333334,30.541666666666668,36.791666666666664,36.791666666666664,5.541666666666667,0.0,0.125,,,1.8791666666666667,52.0
F47_104_9,F47,104,0.2145833333333333,0.3049157036795776,0.0903323703462442,24,0.1997679236072775,0.1958384911769046,0.0039294324303729,single,A,False,False,True,N4 일반 날 수준 맞음(|편향|≤.1),-0.0903323703462443,0.2202499999999999,0.2085,0.2202499999999999,0.21437499999999993,0.6706249999999999,0.21483333333333332,0.217,102.0,0.217,102.0,12.183333333333332,10.000000000000002,1.3166666666666667,10.866666666666665,58.958333333333336,63.0,387.75,353.5,127.54166666666667,,7.625,0.5,48.0,19.791666666666668,9.375,48.0,0.0,0.0,,,2.1416666666666666,50.625
F47_105_9,F47,105,0.6841666666666667,0.5796125675858147,-0.1045540990808519,24,0.3419854887674953,0.2623574312306063,0.079628057536889,single,B,False,False,False,N3 일반 날 과소(−.1 미만),0.104554099080852,0.6187083333333333,0.2085,0.6187083333333333,0.41360416666666666,0.21458333333333335,0.6459583333333333,0.673,103.0,0.673,103.0,13.179166666666667,10.4,1.3166666666666667,11.8625,61.125,67.5,374.3333333333333,374.5,127.66666666666667,,3.4583333333333335,0.75,41.458333333333336,36.791666666666664,36.791666666666664,5.541666666666667,0.0,0.125,,,2.1750000000000003,50.625
F47_107_0,F47,107,0.2289583333333333,0.2971821871593648,0.0682238538260314,24,0.1178836211415965,0.111707861541017,0.0061757596005794,first,A,False,False,True,N4 일반 날 수준 맞음(|편향|≤.1),-0.0682238538260315,0.2145833333333333,0.2148333333333333,0.2145833333333333,0.21470833333333328,0.22083333333333333,0.21458333333333335,0.229,106.0,0.229,106.0,12.049999999999999,8.5,1.8583333333333334,10.191666666666666,64.70833333333333,67.16666666666667,437.2916666666667,435.6666666666667,118.91666666666667,,14.0,0.4583333333333333,46.125,30.916666666666668,19.166666666666668,46.125,0.0,0.0,,,1.5041666666666667,59.0
F47_108_0,F47,108,0.726625,0.5379653583012023,-0.1886596416987977,24,0.8826748175542986,0.8542190497420494,0.0284557678122491,second,B,False,False,True,N3 일반 날 과소(−.1 미만),0.18865964169879768,0.6841666666666667,0.6706249999999999,0.6841666666666667,0.6773958333333333,0.22895833333333335,0.6589166666666667,0.792,119.0,0.665,101.0,12.512500000000001,12.799999999999999,1.8583333333333334,10.654166666666669,64.0,65.5,366.0833333333333,366.1666666666667,118.91666666666667,,4.75,0.7083333333333334,42.666666666666664,36.791666666666664,36.833333333333336,5.541666666666667,0.0,0.0,,,1.5041666666666667,59.0
F47_109_0,F47,109,0.231,0.3074767131559185,0.0764767131559185,24,0.1590982305771386,0.1403685037231833,0.0187297268539552,single,A,False,False,True,N4 일반 날 수준 맞음(|편향|≤.1),-0.0764767131559185,0.6841666666666667,0.6706249999999999,0.6841666666666667,0.6773958333333333,0.726625,0.21458333333333335,0.235,107.0,0.235,107.0,12.0,7.300000000000001,1.4041666666666668,10.595833333333333,65.625,72.0,416.9166666666667,417.6666666666667,83.83333333333333,,0.0,1.0,33.208333333333336,0.20833333333333334,0.0,33.208333333333336,0.0,0.0,,,2.1958333333333333,55.5
F47_10_0,F47,10,0.146625,0.2204457367783563,0.0738207367783563,24,0.1311807389031158,0.1307880282839848,0.000392710619131,first,A,False,False,False,N4 일반 날 수준 맞음(|편향|≤.1),-0.0738207367783563,0.1315833333333333,0.2012916666666666,0.1315833333333333,0.16643749999999996,0.174625,0.174625,0.164,9.0,0.164,9.0,21.979166666666668,8.3,23.541666666666668,-1.5625,87.08333333333333,91.83333333333333,407.2083333333333,409.5,54.583333333333336,,32.0,0.2916666666666667,0.0,54.291666666666664,99.91666666666667,15.083333333333334,0.0,0.0,,,1.3916666666666666,85.20833333333333
F47_110_0,F47,110,0.7380416666666667,0.5444297985100905,-0.193611868156576,24,0.9821467357914188,0.8996533317859055,0.0824934040055134,single,B,False,False,False,N3 일반 날 과소(−.1 미만),0.19361186815657616,0.6841666666666667,0.6706249999999999,0.6841666666666667,0.6773958333333333,0.231,0.6706249999999999,0.731,108.0,0.689,105.0,13.625,7.200000000000001,1.4041666666666668,12.220833333333333,62.0,58.333333333333336,373.7916666666667,403.0,83.83333333333333,,4.916666666666667,0.7083333333333334,37.5,36.791666666666664,36.791666666666664,5.541666666666667,0.0,0.0,,,2.1958333333333333,55.166666666666664
F47_111_1,F47,111,0.236,0.4954779280833432,0.2594779280833432,24,1.6183763281240544,1.6158910838981917,0.0024852442258627,single,A,False,False,False,N2 일반 날 과대(+.1 초과),-0.2594779280833432,0.7380416666666667,0.231,0.7380416666666667,0.48452083333333335,0.7380416666666667,0.22083333333333333,0.234,109.0,0.743,110.0,14.170833333333334,7.199999999999999,9.200000000000001,4.970833333333333,78.75,77.33333333333333,391.7916666666667,427.6666666666667,31.833333333333332,,2.2916666666666665,0.8333333333333334,6.333333333333333,4.333333333333333,2.0833333333333335,6.333333333333333,0.0,0.0,,,2.6833333333333336,70.33333333333333
F47_112_1,F47,112,0.7764166666666666,0.6148940238834354,-0.1615226427832313,24,0.6395150377003018,0.6261495391603045,0.0133654985399973,single,B,False,False,False,N3 일반 날 과소(−.1 미만),0.16152264278323125,0.7380416666666667,0.726625,0.7380416666666667,0.7323333333333333,0.236,0.6841666666666667,0.743,110.0,0.234,109.0,14.612499999999999,5.299999999999999,9.200000000000001,5.412499999999998,74.66666666666667,77.16666666666667,357.7083333333333,352.3333333333333,31.833333333333332,,5.166666666666667,0.6666666666666666,4.875,36.791666666666664,36.791666666666664,5.541666666666667,0.0,0.0,,,2.6833333333333336,70.66666666666667
F47_113_1,F47,113,0.2504166666666667,0.2845915049577298,0.0341748382910631,24,0.028885329961499,0.0280300697332876,0.0008552602282113,first,A,False,False,False,N4 일반 날 수준 맞음(|편향|≤.1),-0.0341748382910631,0.2289583333333333,0.2145833333333333,0.2289583333333333,0.2217708333333333,0.7764166666666666,0.22895833333333335,0.243,111.0,0.243,111.0,13.491666666666667,12.899999999999999,7.108333333333333,6.383333333333334,60.625,73.5,404.7083333333333,383.5,115.16666666666667,,19.25,0.16666666666666666,41.791666666666664,38.416666666666664,27.75,41.791666666666664,0.0,1.0833333333333333,,,1.2958333333333334,49.75
F47_114_1,F47,114,0.7670833333333333,0.8413069199262894,0.074223586592956,24,0.5106314875353926,0.132219379361329,0.3784121081740635,second,B,False,False,True,N4 일반 날 수준 맞음(|편향|≤.1),-0.07422358659295603,0.726625,0.7380416666666667,0.726625,0.7323333333333333,0.2504166666666667,0.726625,0.778,112.0,0.778,112.0,11.733333333333334,15.0,7.108333333333333,4.625000000000001,69.83333333333333,89.83333333333333,419.0833333333333,391.6666666666667,115.16666666666667,,4.125,0.6666666666666666,26.958333333333332,32.583333333333336,33.291666666666664,5.5,0.0,0.125,,,1.2958333333333334,49.75
F47_116_2,F47,116,0.819,0.8251265147292637,0.0061265147292636,24,0.1682079571748535,0.0009008203854692,0.1673071367893843,second,B,False,False,True,N4 일반 날 수준 맞음(|편향|≤.1),-0.006126514729263732,0.7670833333333333,0.7380416666666667,0.7670833333333333,0.7525625,0.26308333333333334,0.7380416666666667,0.781,114.0,0.781,114.0,12.325000000000001,10.099999999999998,3.5708333333333333,8.754166666666668,66.20833333333333,68.33333333333333,432.25,406.5,111.79166666666667,,4.916666666666667,0.7083333333333334,44.458333333333336,36.791666666666664,36.833333333333336,5.583333333333333,0.0,0.0,,,1.0541666666666667,62.958333333333336
F47_117_2,F47,117,0.9079166666666666,0.8728468995624743,-0.0350697671041923,24,0.93167020647677,0.029517325553815,0.9021528809229552,single,B,False,False,False,N4 일반 날 수준 맞음(|편향|≤.1),0.035069767104192295,0.7670833333333333,0.2504166666666667,0.7670833333333333,0.50875,0.819,0.7670833333333333,0.792,116.0,0.792,116.0,12.995833333333332,13.5,6.645833333333333,6.349999999999999,71.75,74.0,425.75,404.6666666666667,94.16666666666667,,4.916666666666667,0.7083333333333334,24.625,36.791666666666664,36.791666666666664,5.583333333333333,0.0,0.0,,,1.0583333333333333,64.875
F47_118_2,F47,118,0.2856249999999999,0.3683102957649268,0.0826852957649268,24,0.16678743349051,0.1640845952576023,0.0027028382329077,single,A,False,False,False,N4 일반 날 수준 맞음(|편향|≤.1),-0.08268529576492689,0.2504166666666667,0.7670833333333333,0.2504166666666667,0.50875,0.9079166666666666,0.236,,,,,14.0,11.100000000000001,9.762500000000001,4.237499999999999,71.25,71.5,423.6666666666667,386.8333333333333,74.33333333333333,,21.083333333333332,0.08333333333333333,33.208333333333336,45.375,30.208333333333332,33.208333333333336,0.0,0.0,,,1.8458333333333332,67.91666666666667
F47_119_2,F47,119,0.921875,0.5984685594306286,-0.3234064405693713,24,2.973141858372814,2.510201419242008,0.4629404391308069,single,B,False,False,True,N3 일반 날 과소(−.1 미만),0.3234064405693714,0.7670833333333333,0.7764166666666666,0.7670833333333333,0.7717499999999999,0.28562499999999996,0.7670833333333333,0.877,117.0,0.877,117.0,12.4125,10.600000000000001,9.729166666666666,2.6833333333333336,78.54166666666667,81.0,386.125,393.0,74.33333333333333,,11.25,0.75,33.5,33.125,33.125,25.083333333333332,1.2083333333333333,1.5416666666666667,,,1.8458333333333332,67.875
F47_11_1,F47,11,0.2184583333333333,0.2584300743981382,0.0399717410648049,24,0.0392681656014163,0.0383457620100435,0.0009224035913728,second,B,False,False,False,N4 일반 날 수준 맞음(|편향|≤.1),-0.03997174106480489,0.248,0.2012916666666666,0.248,0.2246458333333333,0.146625,0.24050000000000002,0.236,179.0,0.194,13.0,21.191666666666666,6.099999999999998,23.541666666666668,-2.3500000000000014,85.875,91.33333333333333,439.1666666666667,435.8333333333333,54.583333333333336,,28.333333333333332,0.0,6.375,77.70833333333333,91.83333333333333,50.458333333333336,0.0,0.0,,,1.3916666666666666,85.20833333333333
F47_120_2,F47,120,0.4049583333333333,0.5607075680627794,0.1557492347294461,24,0.614439396907489,0.5821877788513944,0.0322516180560946,single,B,True,False,True,N2 일반 날 과대(+.1 초과),-0.15574923472944613,0.236,0.7670833333333333,0.236,0.5015416666666667,0.921875,0.819,,,0.792,119.0,12.549999999999999,15.400000000000002,3.5416666666666665,9.008333333333333,67.91666666666667,71.83333333333333,421.875,455.5,110.66666666666667,,0.0,1.0,14.375,29.375,52.541666666666664,0.0,2.9166666666666665,0.20833333333333334,,,0.9874999999999999,62.375
F47_121_3,F47,121,0.5975416666666666,0.6401199776625347,0.042578310995868,24,0.0655151311274822,0.0435099016142606,0.0220052295132216,single,B,False,False,True,N4 일반 날 수준 맞음(|편향|≤.1),-0.04257831099586806,0.9079166666666666,0.4049583333333333,0.9079166666666666,0.6564375,0.4049583333333333,0.4049583333333333,0.598,122.0,0.395,120.0,11.799999999999999,6.9,5.191666666666666,6.6083333333333325,75.54166666666667,78.66666666666667,423.125,441.3333333333333,32.791666666666664,,3.1666666666666665,0.375,9.666666666666666,33.625,31.583333333333332,32.708333333333336,0.5,0.0,,,0.7916666666666666,80.5
F47_122_3,F47,122,0.5997916666666666,0.5275402180513872,-0.0722514486152795,24,0.1364532065340238,0.125286523848153,0.0111666826858708,first,A,False,False,True,N4 일반 날 수준 맞음(|편향|≤.1),0.07225144861527943,0.2856249999999999,0.921875,0.2856249999999999,0.60375,0.5975416666666666,0.2504166666666667,0.597,121.0,0.597,121.0,11.733333333333334,4.4,4.391666666666667,7.341666666666668,75.41666666666667,75.16666666666667,382.4166666666667,360.5,33.458333333333336,,4.541666666666667,0.4583333333333333,23.583333333333332,34.75,32.625,19.333333333333332,0.4166666666666667,0.0,,,0.7625000000000001,81.54166666666667
F47_123_3,F47,123,0.44,0.6921080979920929,0.2521080979920929,24,1.552987160871874,1.5254038337565778,0.027583327115296,second,B,True,False,True,N2 일반 날 과대(+.1 초과),-0.25210809799209294,0.4049583333333333,0.921875,0.4049583333333333,0.6634166666666667,0.5997916666666666,0.4049583333333333,0.44,73.0,0.709,215.0,10.766666666666666,11.899999999999999,4.391666666666667,6.374999999999999,77.625,79.5,385.7083333333333,403.3333333333333,33.458333333333336,,0.0,1.0,6.166666666666667,28.833333333333332,52.583333333333336,0.0,1.875,0.0,,,0.7625000000000001,81.54166666666667
F47_124_3,F47,124,0.4794166666666666,0.6883417748761066,0.2089251082094398,24,1.0598402135462353,1.047592820167828,0.0122473933784073,single,B,True,False,True,N2 일반 날 과대(+.1 초과),-0.20892510820944,0.18425,0.2739166666666666,0.18425,0.2290833333333333,0.44,0.4049583333333333,0.492,243.0,0.374,193.0,11.4,7.699999999999999,7.966666666666666,3.4333333333333345,83.45833333333333,81.66666666666667,397.875,449.5,35.708333333333336,,0.0,1.0,1.875,28.666666666666668,67.33333333333333,0.0,2.2916666666666665,0.0,,,1.5999999999999999,73.875
F47_125_3,F47,125,0.671625,0.5899785726509023,-0.0816464273490977,24,0.1655332740770571,0.1599873383729159,0.0055459357041411,first,A,False,False,True,N4 일반 날 수준 맞음(|편향|≤.1),0.08164642734909777,0.70275,0.688125,0.70275,0.6954374999999999,0.47941666666666666,0.26308333333333334,0.667,209.0,0.667,209.0,12.829166666666666,9.799999999999999,7.433333333333334,5.395833333333332,72.20833333333333,85.33333333333333,361.25,383.5,85.20833333333333,,4.875,0.2916666666666667,17.083333333333332,26.375,26.375,33.791666666666664,1.7083333333333333,0.16666666666666666,,,0.8333333333333334,74.125
F47_126_4,F47,126,0.496875,0.6545825345297565,0.1577075345297564,24,0.6354102702328607,0.5969199947389037,0.038490275493957,second,B,True,False,True,N2 일반 날 과대(+.1 초과),-0.15770753452975644,0.4794166666666666,0.44,0.4794166666666666,0.4597083333333333,0.671625,0.44,0.5,124.0,0.572,216.0,12.479166666666666,11.799999999999999,7.433333333333334,5.0458333333333325,76.375,90.0,396.2083333333333,425.1666666666667,85.20833333333333,,0.0,1.0,3.625,31.75,52.916666666666664,0.20833333333333334,2.375,0.0,,,0.8333333333333334,74.125
F47_127_4,F47,127,0.688125,0.6831053346438426,-0.0050196653561574,24,0.0104421408415973,0.0006047289669073,0.0098374118746899,first,A,False,False,False,N4 일반 날 수준 맞음(|편향|≤.1),0.005019665356157388,0.671625,0.6549583333333334,0.671625,0.6632916666666667,0.496875,0.28562499999999996,0.677,146.0,0.66,125.0,13.420833333333333,15.3,3.670833333333333,9.75,64.95833333333333,64.66666666666667,373.8333333333333,404.8333333333333,113.625,,3.125,0.625,33.625,32.25,30.125,37.958333333333336,1.125,2.75,,,0.7916666666666666,69.75
F47_128_4,F47,128,0.4802916666666667,0.6573543153958302,0.1770626487291635,24,0.7661337277220486,0.7524283577996917,0.0137053699223568,second,B,True,False,True,N2 일반 날 과대(+.1 초과),-0.17706264872916355,0.44,0.671625,0.44,0.5558125,0.688125,0.44,0.467,126.0,0.467,126.0,12.754166666666668,16.6,3.670833333333333,9.083333333333336,62.833333333333336,65.5,390.7083333333333,420.6666666666667,113.625,,2.4166666666666665,0.9166666666666666,22.041666666666668,30.75,52.5,0.0,2.5416666666666665,0.5833333333333334,,,0.7916666666666666,69.75
F47_129_4,F47,129,0.71075,0.662778401157703,-0.0479715988422969,24,0.06089569690811,0.0552305830916703,0.0056651138164397,first,A,False,False,False,N4 일반 날 수준 맞음(|편향|≤.1),0.04797159884229696,0.671625,0.6549583333333334,0.671625,0.6632916666666667,0.48029166666666673,0.5997916666666666,0.708,127.0,0.677,146.0,14.362499999999999,18.0,8.391666666666667,5.970833333333331,69.41666666666667,64.33333333333333,371.7916666666667,401.8333333333333,94.04166666666667,,5.291666666666667,0.375,12.708333333333334,33.333333333333336,31.541666666666668,21.791666666666668,1.5416666666666667,2.2916666666666665,,,1.1416666666666666,70.45833333333333
F47_12_1,F47,12,0.1315833333333333,0.2137571615162916,0.0821738281829582,24,0.1656097637427984,0.1620609129178162,0.0035488508249821,single,B,False,False,False,N4 일반 날 수준 맞음(|편향|≤.1),-0.08217382818295829,0.174625,0.2074166666666666,0.174625,0.1910208333333333,0.21845833333333334,0.21845833333333334,0.14,10.0,0.14,10.0,23.22083333333333,8.0,24.270833333333332,-1.0500000000000007,82.04166666666667,90.66666666666667,376.2083333333333,362.1666666666667,112.33333333333333,,27.666666666666668,0.4583333333333333,10.625,60.833333333333336,99.75,8.083333333333334,1.125,0.0,,,1.8916666666666666,86.04166666666667
F47_130_4,F47,130,0.4907916666666667,1.0788351307781616,0.5880434641114949,24,8.50494041514276,8.299082776421928,0.2058576387208326,second,B,True,False,False,N1 일반 날 오탐(예측≥.9),-0.5880434641114949,0.4794166666666666,0.671625,0.4794166666666666,0.5755208333333333,0.71075,0.47941666666666666,0.428,239.0,0.471,128.0,13.829166666666666,16.3,8.391666666666667,5.437499999999998,68.70833333333333,64.83333333333333,407.7916666666667,488.5,94.04166666666667,,5.458333333333333,0.875,23.583333333333332,29.5,53.708333333333336,0.0,6.666666666666667,0.08333333333333333,,,1.1416666666666666,70.45833333333333
F47_131_5,F47,131,0.70275,0.6317118727959495,-0.0710381272040504,24,0.1347765011551901,0.1211139723998123,0.0136625287553777,single,A,False,False,False,N4 일반 날 수준 맞음(|편향|≤.1),0.07103812720405045,0.6549583333333334,0.671625,0.6549583333333334,0.6632916666666667,0.4907916666666667,0.671625,0.719,129.0,0.719,129.0,13.479166666666666,8.8,11.775,1.7041666666666657,83.5,82.66666666666667,358.5,361.5,28.666666666666668,,7.166666666666667,0.08333333333333333,2.0833333333333335,26.541666666666668,26.375,16.875,1.0,0.0,,,1.5333333333333332,78.75
F47_132_5,F47,132,2.7121666666666666,1.1796644374468468,-1.5325022292198198,24,61.0103453926729,56.36551398152921,4.644831411143692,single,B,True,False,True,H1 고EC 날(일평균≥1) 과소,1.5325022292198198,1.78825,2.176708333333333,1.78825,1.9824791666666663,0.70275,0.48029166666666673,2.75,231.0,2.75,231.0,12.066666666666668,12.7,-3.2375000000000003,15.304166666666669,72.16666666666667,73.0,434.7083333333333,449.6666666666667,90.125,,0.0,1.0,44.083333333333336,30.916666666666668,30.916666666666668,0.625,1.125,0.0,,,1.325,51.5
F47_133_5,F47,133,0.4665833333333333,0.4690598875893262,0.0024765542559928,24,0.0044772778411053,0.000147199703589,0.0043300781375163,first,A,False,False,True,N4 일반 날 수준 맞음(|편향|≤.1),-0.0024765542559929132,0.460875,0.7052499999999999,0.460875,0.5830624999999999,2.7121666666666666,0.688125,0.487,167.0,0.417,172.0,9.579166666666667,10.200000000000001,-2.279166666666667,11.858333333333334,64.45833333333333,69.16666666666667,503.4166666666667,425.1666666666667,109.0,,7.75,0.375,86.04166666666667,16.5,9.708333333333334,83.875,2.0833333333333335,0.0,,,1.425,57.791666666666664
F47_135_5,F47,135,0.4906666666666666,0.4461554116662238,-0.0445112550004428,24,0.0609286350803693,0.0475500437211467,0.0133785913592225,first,A,False,False,True,N4 일반 날 수준 맞음(|편향|≤.1),0.044511255000442784,0.4033333333333333,0.511375,0.4033333333333333,0.4573541666666667,2.3214166666666665,0.46658333333333335,0.482,133.0,0.482,133.0,11.416666666666666,10.7,0.8624999999999999,10.554166666666665,67.33333333333333,70.5,390.2916666666667,376.1666666666667,81.125,,16.25,0.25,60.541666666666664,24.958333333333332,16.875,56.25,0.0,0.0,,,1.1958333333333333,60.416666666666664
F47_136_6,F47,136,1.65275,1.8486759124177183,0.1959259124177185,24,1.2019996730719358,0.9212871157611724,0.2807125573107635,second,B,True,False,False,H2 고EC 날 과대,-0.1959259124177184,1.78825,2.7121666666666666,1.78825,2.250208333333333,0.49066666666666664,0.4907916666666667,1.659,134.0,1.659,134.0,13.887500000000001,13.400000000000002,0.8624999999999999,13.025,73.125,71.66666666666667,430.125,427.8333333333333,81.125,,0.0,1.0,14.958333333333334,31.25,31.25,0.7083333333333334,1.0,0.0,,,1.1958333333333333,60.416666666666664
F47_137_6,F47,137,0.511375,0.3953629008337493,-0.1160120991662507,24,0.325349600159152,0.3230113716710398,0.0023382284881122,first,A,False,False,True,N3 일반 날 과소(−.1 미만),0.11601209916625072,0.4906666666666666,0.433875,0.4906666666666666,0.4622708333333333,1.65275,0.46658333333333335,0.504,135.0,0.504,135.0,12.829166666666666,4.4,4.533333333333333,8.295833333333333,73.66666666666667,75.33333333333333,403.6666666666667,392.6666666666667,45.458333333333336,,24.958333333333332,0.08333333333333333,38.541666666666664,37.541666666666664,25.708333333333332,32.916666666666664,0.0,0.0,,,1.0374999999999999,68.125
F47_138_6,F47,138,1.7102916666666663,1.527369191638862,-0.1829224750278047,24,1.4377882371262691,0.8030551648871481,0.634733072239121,second,B,True,False,False,H1 고EC 날(일평균≥1) 과소,0.18292247502780423,2.7121666666666666,1.78825,2.7121666666666666,2.250208333333333,0.511375,1.65275,1.731,136.0,1.731,136.0,15.270833333333334,9.700000000000001,4.533333333333333,10.7375,73.54166666666667,77.0,446.9166666666667,462.3333333333333,45.458333333333336,,0.0,1.0,15.833333333333334,31.25,31.25,0.625,1.0,0.0,,,1.0374999999999999,68.125
F47_139_6,F47,139,1.684375,1.6031974329498329,-0.0811775670501673,24,0.2742202285535849,0.1581551374124259,0.116065091141159,single,B,True,False,False,H1 고EC 날(일평균≥1) 과소,0.0811775670501671,2.7121666666666666,1.78825,2.7121666666666666,2.250208333333333,1.7102916666666665,1.65275,1.684,138.0,1.684,138.0,14.583333333333334,14.899999999999999,1.5999999999999999,12.983333333333334,69.45833333333333,74.5,447.4583333333333,471.5,102.33333333333333,,0.08333333333333333,0.9583333333333334,4.833333333333333,31.25,31.291666666666668,0.7083333333333334,1.0,0.0,,,1.1458333333333333,64.25
F47_140_6,F47,140,0.4033333333333333,0.4460578250588768,0.0427244917255434,24,0.0449647679908927,0.0438091726369447,0.0011555953539479,first,A,False,False,True,N4 일반 날 수준 맞음(|편향|≤.1),-0.04272449172554349,0.409875,2.141625,0.409875,1.27575,1.684375,0.46658333333333335,0.421,158.0,0.836,170.0,11.408333333333333,13.399999999999999,-0.07916666666666668,11.4875,64.33333333333333,68.66666666666667,411.25,388.8333333333333,112.45833333333333,,13.5,0.375,64.54166666666667,27.125,17.416666666666668,57.458333333333336,0.0,0.0,,,1.0125,56.916666666666664
F47_141_7,F47,141,1.8655,1.732325321061334,-0.1331746789386658,24,1.5393489473087725,0.4256518826500015,1.1136970646587707,second,B,True,False,False,H1 고EC 날(일평균≥1) 과소,0.13317467893866586,1.684375,1.7102916666666663,1.684375,1.6973333333333331,0.4033333333333333,1.65275,1.903,139.0,1.903,139.0,14.579166666666666,15.399999999999999,-0.07916666666666668,14.658333333333333,67.5,69.5,445.4583333333333,463.8333333333333,112.45833333333333,,0.375,0.9166666666666666,12.833333333333334,31.25,31.25,0.7083333333333334,1.0,0.0,,,1.0125,56.916666666666664
F47_144_7,F47,144,0.409875,0.4446399668474177,0.0347649668474177,24,0.0324710177495481,0.0290064700776493,0.0034645476718987,single,A,False,False,True,N4 일반 날 수준 맞음(|편향|≤.1),-0.0347649668474177,0.4033333333333333,0.511375,0.4033333333333333,0.4573541666666667,2.0629166666666667,0.40291666666666665,0.404,142.0,0.488,165.0,12.424999999999999,16.799999999999997,-1.2958333333333334,13.720833333333331,63.541666666666664,68.33333333333333,386.0416666666667,379.0,120.125,,12.375,0.5833333333333334,68.875,22.416666666666668,13.208333333333334,71.08333333333333,0.0,0.0,,,1.1416666666666666,51.5
F47_145_7,F47,145,2.141625,1.5639494140162364,-0.5776755859837636,24,10.645216101272766,8.00901798340043,2.636198117872336,single,B,True,False,False,H1 고EC 날(일평균≥1) 과소,0.5776755859837635,1.684375,1.7102916666666663,1.684375,1.6973333333333331,0.409875,1.684375,2.331,143.0,2.331,143.0,13.829166666666667,15.5,-1.3,15.129166666666668,67.875,71.5,422.875,438.0,120.125,,0.3333333333333333,0.875,10.333333333333334,31.25,31.25,0.7083333333333334,1.0,0.0,,,1.1416666666666666,51.541666666666664
F47_146_8,F47,146,0.7000000000000001,0.7382930585967072,0.0382930585967072,24,0.048987467759606,0.0351926000805805,0.0137948676790255,first,A,False,False,False,N4 일반 날 수준 맞음(|편향|≤.1),-0.038293058596707175,0.409875,2.141625,0.409875,1.27575,2.141625,0.40291666666666665,0.715,149.0,0.852,153.0,15.254166666666668,5.299999999999999,5.916666666666667,9.337500000000002,65.08333333333333,67.5,304.2083333333333,292.6666666666667,81.625,,3.2916666666666665,0.4583333333333333,3.5,32.958333333333336,30.916666666666668,47.458333333333336,0.0,0.125,,,3.6208333333333336,64.29166666666667
F47_147_8,F47,147,1.7504583333333334,1.4152473602323197,-0.3352109731010135,24,2.794473213012618,2.696793515695881,0.0976796973167366,second,B,True,False,False,H1 고EC 날(일평균≥1) 과소,0.3352109731010138,2.141625,1.8655,2.141625,2.0035625,0.7000000000000001,1.8655,,,1.666,154.0,16.233333333333334,8.799999999999999,5.916666666666667,10.316666666666666,59.916666666666664,63.333333333333336,363.2916666666667,429.6666666666667,81.625,,0.0,1.0,0.0,41.291666666666664,53.833333333333336,0.0,5.875,0.0,,,3.6208333333333336,64.29166666666667
F47_148_8,F47,148,0.4057083333333333,0.4367200246879714,0.031011691354638,24,0.028721258832533,0.023081400016208,0.005639858816325,single,A,False,False,True,N4 일반 날 수준 맞음(|편향|≤.1),-0.031011691354638105,0.4033333333333333,0.409875,0.4033333333333333,0.40660416666666666,1.7504583333333334,0.40291666666666665,0.409,175.0,0.409,175.0,10.200000000000001,7.0,-1.7583333333333335,11.958333333333334,66.0,71.16666666666667,753.0,380.5,118.91666666666667,,10.041666666666666,0.4583333333333333,73.33333333333333,21.375,10.583333333333334,64.0,0.0,0.0,,,1.4791666666666667,56.666666666666664
F47_149_8,F47,149,0.6973333333333334,0.7669239654223867,0.0695906320890533,24,0.127416394255734,0.1162285457892955,0.0111878484664384,single,B,False,False,False,N4 일반 날 수준 맞음(|편향|≤.1),-0.06959063208905336,0.409875,2.141625,0.409875,1.27575,0.40570833333333334,1.7504583333333334,0.689,166.0,0.833,156.0,14.095833333333333,8.700000000000001,0.7291666666666666,13.366666666666667,68.83333333333333,66.5,341.9583333333333,350.3333333333333,61.5,,0.125,0.875,1.375,33.333333333333336,31.291666666666668,45.125,0.0,0.0,,,2.345833333333333,66.29166666666667
F47_14_1,F47,14,0.11625,0.149324921507496,0.033074921507496,24,0.0272371444401916,0.0262548103854486,0.0009823340547429,first,A,False,False,False,N4 일반 날 수준 맞음(|편향|≤.1),-0.03307492150749598,0.174625,0.146625,0.174625,0.16062500000000002,0.19295833333333334,0.146625,0.121,181.0,0.121,181.0,23.266666666666666,12.399999999999999,24.6375,-1.3708333333333336,76.54166666666667,91.83333333333333,378.5416666666667,382.5,187.70833333333334,,86.0,0.0,23.125,48.666666666666664,97.25,7.958333333333333,1.875,0.7916666666666666,,,1.4625000000000001,70.5
F47_150_8,F47,150,0.4267916666666667,0.5481494047590955,0.1213577380924287,24,0.5003833182822619,0.3534648142778528,0.146918504004409,single,A,False,False,False,N2 일반 날 과대(+.1 초과),-0.12135773809242878,0.409875,2.141625,0.409875,1.27575,0.6973333333333334,0.40570833333333334,,,0.715,149.0,13.591666666666667,14.899999999999999,3.283333333333333,10.308333333333334,68.91666666666667,79.16666666666667,380.9166666666667,385.6666666666667,115.95833333333333,,19.208333333333332,0.16666666666666666,46.958333333333336,34.0,24.416666666666668,33.25,0.0,0.0,,,1.2458333333333333,63.958333333333336
F47_151_9,F47,151,1.3133333333333332,1.339551974783813,0.0262186414504797,24,1.640712346681254,0.0164980118282115,1.624214334853043,single,B,False,False,False,H2 고EC 날 과대,-0.026218641450479696,0.6973333333333334,0.4267916666666667,0.6973333333333334,0.5620625,0.4267916666666667,0.6973333333333334,1.474,177.0,0.929,173.0,14.725,14.499999999999998,1.6666666666666667,13.058333333333334,58.541666666666664,60.666666666666664,381.7916666666667,415.3333333333333,91.83333333333333,,4.583333333333333,0.8333333333333334,0.0,35.625,51.166666666666664,0.0,5.416666666666667,0.7083333333333334,,,1.3416666666666668,56.208333333333336
F47_152_9,F47,152,0.4427083333333333,0.6376951151613482,0.1949867818280149,24,0.970488240958012,0.9124762821035016,0.0580119588545103,single,B,False,False,False,N2 일반 날 과대(+.1 초과),-0.19498678182801493,0.4267916666666667,0.6973333333333334,0.4267916666666667,0.5620625,1.3133333333333332,0.6973333333333334,0.451,93.0,1.588,151.0,15.8375,11.4,10.070833333333333,5.7666666666666675,73.79166666666667,75.0,389.5416666666667,386.1666666666667,80.29166666666667,,19.791666666666668,0.0,16.875,49.833333333333336,36.208333333333336,9.166666666666666,0.0,0.0,,,2.495833333333333,74.16666666666667
F47_153_9,F47,153,0.8378333333333333,0.799791709723663,-0.0380416236096702,24,0.0491711253577775,0.0347319630446357,0.0144391623131417,first,A,False,False,False,N4 일반 날 수준 맞음(|편향|≤.1),0.03804162360967034,0.6973333333333334,0.4267916666666667,0.6973333333333334,0.5620625,0.4427083333333333,0.40570833333333334,,,0.63,161.0,17.741666666666667,12.000000000000002,3.8541666666666665,13.887500000000001,70.0,70.16666666666667,343.4583333333333,332.1666666666667,106.33333333333333,,3.0,0.6666666666666666,0.0,33.666666666666664,31.625,44.875,0.0,3.0,,,0.9291666666666667,64.95833333333333
F47_154_9,F47,154,1.6209999999999998,1.3654870888707205,-0.2555129111292795,24,1.965738236296392,1.5668843460902178,0.3988538902061742,second,B,False,False,False,H1 고EC 날(일평균≥1) 과소,0.2555129111292793,0.6973333333333334,0.4267916666666667,0.6973333333333334,0.5620625,0.8378333333333333,0.4427083333333333,1.631,147.0,1.631,147.0,16.270833333333332,12.799999999999999,3.8541666666666665,12.416666666666666,60.5,63.333333333333336,393.875,421.1666666666667,106.33333333333333,,8.333333333333334,0.7916666666666666,0.0,40.208333333333336,53.916666666666664,0.0,9.833333333333334,0.0,,,0.9291666666666667,64.95833333333333
F47_155_9,F47,155,0.4156666666666666,0.455571173385122,0.0399045067184554,24,0.0451898352092291,0.038216871754638,0.0069729634545911,single,A,False,False,True,N4 일반 날 수준 맞음(|편향|≤.1),-0.03990450671845541,0.4057083333333333,0.4267916666666667,0.4057083333333333,0.41625,1.6209999999999998,0.40570833333333334,0.44,123.0,0.221,100.0,9.695833333333333,5.800000000000001,2.5625,7.133333333333333,66.70833333333333,66.33333333333333,424.7916666666667,376.8333333333333,60.75,,10.583333333333334,0.5,85.20833333333333,14.708333333333334,10.708333333333334,80.5,0.8333333333333334,0.0,,,1.25,63.041666666666664
F47_156_0,F47,156,0.83225,0.7653071971305848,-0.0669428028694151,24,0.1144963220063168,0.1075521325443211,0.0069441894619957,first,A,False,False,False,N4 일반 날 수준 맞음(|편향|≤.1),0.06694280286941523,0.8378333333333333,1.6209999999999998,0.8378333333333333,1.2294166666666666,0.41566666666666663,0.41566666666666663,0.836,170.0,2.144,145.0,14.075000000000001,12.299999999999999,-3.0,17.075000000000003,68.58333333333333,70.16666666666667,379.25,350.1666666666667,126.625,,1.375,0.7916666666666666,6.25,33.708333333333336,31.625,44.541666666666664,0.0,1.2083333333333333,,,1.6791666666666665,50.458333333333336
F47_157_0,F47,157,1.2108333333333332,0.9177052254889148,-0.2931281078444184,24,4.776282167961241,2.0621781026027763,2.7141040653584643,second,B,True,False,False,H1 고EC 날(일평균≥1) 과소,0.29312810784441845,1.6209999999999998,0.8378333333333333,1.6209999999999998,1.2294166666666666,0.83225,0.4427083333333333,,,0.669,160.0,13.983333333333334,17.3,-3.0,16.983333333333334,59.458333333333336,62.833333333333336,381.4583333333333,415.1666666666667,126.625,,0.0,1.0,0.0,35.333333333333336,48.875,0.0,1.375,0.0,,,1.6791666666666665,50.458333333333336
F47_158_0,F47,158,0.410125,0.454809976043967,0.0446849760439669,24,0.0539613918452821,0.0479219300171976,0.0060394618280845,single,A,False,False,True,N4 일반 날 수준 맞음(|편향|≤.1),-0.044684976043966984,0.4156666666666666,0.8378333333333333,0.4156666666666666,0.6267499999999999,1.2108333333333332,0.41566666666666663,,,0.664,159.0,10.058333333333334,9.9,-3.7541666666666664,13.8125,63.958333333333336,69.83333333333333,407.125,395.5,136.04166666666666,,5.5,0.7083333333333334,90.79166666666667,15.416666666666666,8.75,88.0,0.0,0.0,,,1.4875,57.333333333333336
F47_159_0,F47,159,0.721,0.7721601814223148,0.0511601814223148,24,0.1084498309328001,0.0628167399159399,0.0456330910168601,single,A,False,False,False,N4 일반 날 수준 맞음(|편향|≤.1),-0.05116018142231482,0.8378333333333333,0.4156666666666666,0.8378333333333333,0.6267499999999999,0.410125,0.410125,0.797,168.0,0.421,158.0,13.983333333333334,12.499999999999998,-3.975,17.958333333333336,70.0,68.0,239.91666666666666,253.16666666666666,135.54166666666666,,1.3333333333333333,0.7916666666666666,30.25,34.0,31.958333333333332,44.708333333333336,0.0,1.375,,,1.4708333333333332,56.833333333333336
F47_15_1,F47,15,0.1910416666666666,0.2352935215475163,0.0442518548808496,24,0.0472632458927918,0.0469974398494986,0.0002658060432932,second,B,False,False,False,N4 일반 날 수준 맞음(|편향|≤.1),-0.04425185488084968,0.2012916666666666,0.248,0.2012916666666666,0.2246458333333333,0.11625,0.13158333333333336,0.194,13.0,0.236,179.0,21.90833333333333,11.399999999999999,24.6375,-2.729166666666668,77.625,92.0,413.2083333333333,391.5,187.70833333333334,,31.916666666666668,0.0,29.791666666666668,67.29166666666667,81.20833333333333,51.166666666666664,0.0,0.08333333333333333,,,1.4625000000000001,70.5
F47_160_0,F47,160,0.6937083333333334,0.7809088242546939,0.0872004909213605,24,0.22124315307244,0.1824942148062308,0.0387489382662091,single,A,True,False,False,N4 일반 날 수준 맞음(|편향|≤.1),-0.08720049092136051,1.6209999999999998,0.8378333333333333,1.6209999999999998,1.2294166666666666,0.721,0.410125,0.695,242.0,0.795,157.0,13.333333333333334,12.0,-3.970833333333333,17.304166666666667,62.791666666666664,67.83333333333333,419.3333333333333,491.6666666666667,135.54166666666666,,1.625,0.9166666666666666,40.166666666666664,37.25,47.625,0.0,7.375,0.4166666666666667,,,1.4708333333333332,56.833333333333336
F47_161_1,F47,161,0.646,1.1534259160375182,0.5074259160375182,24,6.201374130337067,6.179545446396347,0.0218286839407202,single,B,False,False,False,N1 일반 날 오탐(예측≥.9),-0.5074259160375182,0.6937083333333334,1.2108333333333332,0.6937083333333334,0.9522708333333333,0.6937083333333334,0.4427083333333333,0.669,160.0,0.41,155.0,13.133333333333333,14.400000000000002,-1.1541666666666666,14.2875,60.791666666666664,65.33333333333333,398.2083333333333,421.5,96.125,,3.2083333333333335,0.8333333333333334,30.208333333333332,37.375,54.375,0.0,4.666666666666667,0.08333333333333333,,,1.0791666666666666,62.791666666666664
F47_163_1,F47,163,0.56975,0.7680150629838821,0.198265062983882,24,0.9520672674784,0.9434168448000652,0.0086504226783349,first,A,False,False,False,N2 일반 날 과대(+.1 초과),-0.19826506298388213,0.6937083333333334,1.2108333333333332,0.6937083333333334,0.9522708333333333,0.5778333333333333,0.5778333333333333,0.538,214.0,0.715,213.0,13.166666666666666,14.600000000000001,-1.7249999999999999,14.891666666666666,59.958333333333336,66.66666666666667,381.5,432.3333333333333,134.29166666666666,,4.875,0.7916666666666666,22.791666666666668,38.125,51.5,0.0,13.833333333333334,0.9166666666666666,,,1.0708333333333333,57.791666666666664
F47_165_1,F47,165,0.487875,0.4438219317904591,-0.0440530682095408,24,0.0521923737740224,0.0465761476481871,0.0056162261258353,single,A,False,False,True,N4 일반 날 수준 맞음(|편향|≤.1),0.04405306820954091,0.410125,0.83225,0.410125,0.6211875,0.465625,0.56975,0.493,164.0,0.418,169.0,9.295238095238094,8.6,-1.741666666666667,11.036904761904761,68.9047619047619,71.33333333333333,385.23809523809524,371.0,83.54166666666667,,11.125,0.375,68.0,21.5,13.25,66.04166666666667,0.0,0.0,,,0.8375,61.958333333333336
F47_166_2,F47,166,0.6535,0.7266146775653884,0.0731146775653885,24,0.1367280111897817,0.1282981458117775,0.0084298653780042,single,B,False,False,False,N4 일반 날 수준 맞음(|편향|≤.1),-0.07311467756538848,0.449,0.433875,0.449,0.44143750000000004,0.487875,0.465625,0.63,161.0,0.921,174.0,14.320833333333333,14.999999999999998,-0.004166666666666726,14.325,74.41666666666667,78.0,316.625,306.3333333333333,134.58333333333334,,1.625,0.7916666666666666,6.958333333333333,34.708333333333336,32.625,43.375,0.0,1.4166666666666667,,,1.0333333333333334,60.083333333333336
F47_167_2,F47,167,0.459625,0.4433851362563623,-0.0162398637436376,24,0.0120906290228539,0.006329596185886,0.0057610328369678,single,A,False,False,True,N4 일반 날 수준 맞음(|편향|≤.1),0.016239863743637728,0.4725833333333333,0.449,0.4725833333333333,0.46079166666666665,0.6535,0.487875,0.439,144.0,0.466,240.0,10.858333333333334,17.6,-1.9708333333333332,12.829166666666667,64.08333333333333,73.0,381.0833333333333,369.6666666666667,137.45833333333334,,4.958333333333333,0.625,71.91666666666667,21.0,12.0,70.91666666666667,0.0,0.0,,,1.6041666666666667,47.5
F47_168_2,F47,168,0.782625,0.7020593788227982,-0.0805656211772018,24,0.1673183770787125,0.1557796635760412,0.0115387135026712,single,B,False,False,False,N4 일반 날 수준 맞음(|편향|≤.1),0.08056562117720178,0.433875,0.4725833333333333,0.433875,0.4532291666666667,0.459625,0.465625,0.795,157.0,0.439,144.0,12.875,12.9,-1.3791666666666667,14.254166666666666,72.79166666666667,73.0,312.1666666666667,313.1666666666667,109.58333333333333,,1.5,0.8333333333333334,13.5,34.708333333333336,32.625,43.125,0.0,0.5416666666666666,,,1.0625,54.375
F47_169_2,F47,169,0.4135416666666667,0.4277488432408249,0.0142071765741582,24,0.0175509322923245,0.0048442527890234,0.012706679503301,single,A,False,False,True,N4 일반 날 수준 맞음(|편향|≤.1),-0.014207176574158209,0.4906666666666666,0.4725833333333333,0.4906666666666666,0.48162499999999997,0.782625,0.459625,0.417,172.0,0.797,168.0,10.033333333333333,9.7,-2.129166666666667,12.1625,64.54166666666667,69.66666666666667,378.9166666666667,367.8333333333333,115.83333333333333,,10.416666666666666,0.5416666666666666,74.16666666666667,22.333333333333332,13.291666666666666,74.16666666666667,0.0,0.0,,,1.1875,51.416666666666664
F47_16_2,F47,16,0.195875,0.2323679092257621,0.0364929092257621,24,0.0325676202649061,0.0319615781702331,0.000606042094673,single,B,False,False,False,N4 일반 날 수준 맞음(|편향|≤.1),-0.036492909225762094,0.1910416666666666,0.2012916666666666,0.1910416666666666,0.1961666666666666,0.19104166666666667,0.13158333333333336,0.196,15.0,0.196,15.0,21.916666666666668,9.899999999999999,24.895833333333332,-2.9791666666666643,73.5,79.5,395.25,385.0,175.58333333333334,,30.083333333333332,0.0,26.083333333333332,68.16666666666667,82.375,50.541666666666664,0.0,0.3333333333333333,,,1.3625,62.916666666666664
F47_170_2,F47,170,0.7702083333333333,0.7367119066423747,-0.0334964266909585,24,0.3634998139532519,0.0269282544255062,0.3365715595277456,first,A,False,False,False,N4 일반 날 수준 맞음(|편향|≤.1),0.033496426690958536,0.9253333333333332,0.9803333333333332,0.9253333333333332,0.9528333333333332,0.4135416666666667,0.4135416666666667,0.559,163.0,0.559,163.0,13.975,14.600000000000001,-1.9749999999999999,15.95,59.958333333333336,64.5,375.25,416.6666666666667,138.5,,3.4583333333333335,0.7916666666666666,33.416666666666664,36.916666666666664,49.75,0.0,6.916666666666667,0.8333333333333334,,,0.9583333333333334,58.125
F47_171_3,F47,171,0.8664999999999999,0.8935157027845787,0.0270157027845786,24,0.0632525076145829,0.0175163567266726,0.0457361508879103,second,B,False,False,False,N4 일반 날 수준 맞음(|편향|≤.1),-0.027015702784578766,0.782625,0.449,0.782625,0.6158125,0.7702083333333333,0.465625,0.833,156.0,0.493,164.0,14.129166666666668,15.599999999999998,-1.9749999999999999,16.104166666666668,73.375,74.83333333333333,314.9583333333333,303.3333333333333,138.5,,1.9166666666666667,0.75,24.625,35.416666666666664,33.333333333333336,43.0,0.0,2.2083333333333335,,,0.9583333333333334,58.125
F47_173_3,F47,173,0.9253333333333332,0.7845023157767267,-0.1408310175566066,24,0.5164394800061314,0.4760010121447018,0.0404384678614295,first,A,True,False,False,N3 일반 날 과소(−.1 미만),0.14083101755660654,0.7702083333333333,0.7242083333333333,0.7702083333333333,0.7472083333333333,0.44249999999999995,0.4135416666666667,0.921,174.0,1.979,229.0,14.904166666666667,17.0,0.8125,14.091666666666667,62.541666666666664,69.16666666666667,387.0,483.0,140.875,,0.25,0.9583333333333334,0.0,36.541666666666664,68.20833333333333,0.0,7.291666666666667,0.16666666666666666,,,1.5374999999999999,64.375
F47_174_3,F47,174,1.0531666666666666,0.913341618677134,-0.1398250479895328,24,1.3363540960993858,0.4692250570866035,0.8671290390127823,second,B,False,False,False,H1 고EC 날(일평균≥1) 과소,0.13982504798953255,0.782625,0.7702083333333333,0.782625,0.7764166666666666,0.9253333333333332,0.6535,0.868,171.0,0.689,166.0,14.845833333333333,9.5,0.8125,14.033333333333333,74.04166666666667,76.83333333333333,303.25,288.3333333333333,140.875,,1.5833333333333333,0.75,3.125,35.416666666666664,33.333333333333336,41.791666666666664,0.0,0.3333333333333333,,,1.5374999999999999,64.375
F47_175_3,F47,175,0.4049166666666666,0.4510393951071184,0.0461227284404517,24,0.0527320207828943,0.0510553458909997,0.0016766748918946,single,A,False,False,True,N4 일반 날 수준 맞음(|편향|≤.1),-0.04612272844045179,0.4135416666666667,0.449,0.4135416666666667,0.4312708333333334,1.0531666666666666,0.44249999999999995,0.418,169.0,0.868,171.0,12.641666666666666,16.5,0.6416666666666667,11.999999999999998,67.33333333333333,72.16666666666667,387.375,363.5,143.625,,13.083333333333334,0.5,62.916666666666664,32.083333333333336,22.75,61.791666666666664,0.0,0.0,,,1.2458333333333333,66.5
F47_176_4,F47,176,0.9803333333333332,0.8725391150176748,-0.1077942183156585,24,0.2908866490082954,0.2788702440548125,0.0120164049534828,first,A,True,False,False,N3 일반 날 과소(−.1 미만),0.10779421831565839,0.9253333333333332,0.7702083333333333,0.9253333333333332,0.8477708333333333,0.40491666666666665,0.40491666666666665,0.929,173.0,0.498,162.0,16.404166666666665,15.700000000000001,3.5875,12.816666666666665,64.5,69.33333333333333,405.1666666666667,463.6666666666667,116.16666666666667,,1.625,0.875,0.0,39.708333333333336,68.29166666666667,0.0,4.833333333333333,0.0,,,1.375,67.33333333333333
F47_177_4,F47,177,1.4867916666666667,1.005967367446494,-0.4808242992201726,24,9.156694187087504,5.548608161293682,3.608086025793821,second,B,False,False,False,H1 고EC 날(일평균≥1) 과소,0.4808242992201728,1.0531666666666666,0.8664999999999999,1.0531666666666666,0.9598333333333333,0.9803333333333333,0.782625,0.984,176.0,0.984,176.0,16.575,14.900000000000002,3.5875,12.987499999999999,75.91666666666667,78.0,317.4166666666667,299.0,116.16666666666667,,3.2083333333333335,0.6666666666666666,0.0,35.416666666666664,33.375,42.958333333333336,0.0,1.375,,,1.375,67.33333333333333
F47_178_4,F47,178,0.3057916666666666,0.6944515183155192,0.3886598516488526,24,3.6384424281887418,3.6253555268089945,0.0130869013797472,single,B,False,False,False,N2 일반 날 과대(+.1 초과),-0.38865985164885264,0.3572083333333333,0.2184583333333333,0.3572083333333333,0.2878333333333333,1.4867916666666667,0.8664999999999999,,,,,18.441666666666666,15.700000000000001,23.558333333333334,-5.116666666666667,78.0,75.5,403.4583333333333,412.6666666666667,125.33333333333333,,29.375,0.0,19.416666666666668,64.83333333333333,63.125,51.0,0.0,0.0,,,0.775,86.41666666666667
F47_179_4,F47,179,0.248,0.214167709257918,-0.0338322907420819,24,0.0312850202453774,0.0274709735245623,0.0038140467208151,single,B,False,True,False,N4 일반 날 수준 맞음(|편향|≤.1),0.033832290742081994,0.2184583333333333,0.3572083333333333,0.2184583333333333,0.2878333333333333,0.30579166666666663,0.30579166666666663,0.278,178.0,0.278,178.0,21.662499999999998,6.399999999999999,24.458333333333332,-2.7958333333333343,83.54166666666667,90.33333333333333,428.125,416.5,93.625,,30.583333333333332,0.0,15.416666666666666,69.70833333333333,60.583333333333336,52.083333333333336,0.0,0.08333333333333333,,,0.7083333333333334,83.95833333333333
F47_17_2,F47,17,0.112375,0.2275890830604333,0.1152140830604333,24,0.3198946341291325,0.3185828384509546,0.0013117956781778,first,A,False,False,False,N2 일반 날 과대(+.1 초과),-0.11521408306043329,0.11625,0.1315833333333333,0.11625,0.12391666666666665,0.19587500000000002,0.11625,0.116,14.0,0.116,14.0,23.21666666666667,12.600000000000001,25.087500000000002,-1.8708333333333336,78.04166666666667,91.5,384.1666666666667,372.1666666666667,188.875,,97.20833333333333,0.0,24.791666666666668,48.625,99.75,8.0,2.0833333333333335,0.7083333333333334,,,0.775,70.91666666666667
F47_180_4,F47,180,0.2012916666666666,0.2159824597222418,0.0146907930555751,24,0.0066701611519387,0.0051796656144416,0.001490495537497,single,B,False,True,False,N4 일반 날 수준 맞음(|편향|≤.1),-0.014690793055575219,0.1910416666666666,0.2184583333333333,0.1910416666666666,0.20474999999999996,0.248,0.248,0.209,11.0,0.209,11.0,22.258333333333336,5.400000000000002,24.270833333333332,-2.0124999999999957,83.41666666666667,90.66666666666667,411.875,398.8333333333333,112.33333333333333,,29.0,0.0,20.791666666666668,77.45833333333333,89.83333333333333,50.125,0.0,0.08333333333333333,,,1.8916666666666666,86.04166666666667
F47_18_2,F47,18,0.2031666666666667,0.2399819839132702,0.0368153172466035,24,0.0332263954222354,0.0325288220152336,0.0006975734070018,second,B,False,False,False,N4 일반 날 수준 맞음(|편향|≤.1),-0.0368153172466035,0.1910416666666666,0.11625,0.1910416666666666,0.15364583333333331,0.112375,0.19104166666666667,0.202,16.0,0.202,16.0,23.78333333333333,10.5,25.087500000000002,-1.3041666666666707,77.29166666666667,87.33333333333333,373.125,345.5,188.875,,28.791666666666668,0.0,30.25,59.708333333333336,63.666666666666664,50.125,0.0,0.0,,,0.775,70.91666666666667
F47_191_5,F47,191,0.2905,0.4596841846871621,0.1691841846871621,24,0.7031522046837386,0.686958920358235,0.0161932843255036,second,B,False,True,False,N2 일반 날 과대(+.1 초과),-0.16918418468716212,0.4183333333333334,0.2141666666666666,0.4183333333333334,0.31625,0.15512499999999999,0.20129166666666667,0.262,77.0,0.2,90.0,17.974999999999998,14.399999999999999,12.054166666666667,5.920833333333331,67.54166666666667,73.33333333333333,429.5833333333333,397.0,145.70833333333334,,20.75,0.6666666666666666,0.0,40.25,40.25,5.583333333333333,0.0,4.166666666666667,,,0.7374999999999999,70.08333333333333
F47_192_5,F47,192,0.1444166666666666,0.1555489608195711,0.0111322941529045,24,0.0187609531088922,0.002974271354563,0.0157866817543292,single,A,False,True,False,N4 일반 날 수준 맞음(|편향|≤.1),-0.011132294152904482,0.1687916666666666,0.1591666666666666,0.1687916666666666,0.1639791666666666,0.29050000000000004,0.122875,0.167,62.0,0.173,60.0,15.858333333333334,12.000000000000002,14.954166666666666,0.9041666666666686,78.16666666666667,84.83333333333333,457.6666666666667,384.8333333333333,64.66666666666667,,70.83333333333333,0.0,2.0833333333333335,40.458333333333336,37.25,4.583333333333333,0.0,0.0,,,1.0333333333333334,75.25
F47_193_6,F47,193,0.381,0.3719969902990425,-0.0090030097009574,24,0.014719741232561,0.0019453004082128,0.0127744408243482,single,B,False,True,False,N4 일반 날 수준 맞음(|편향|≤.1),0.00900300970095752,0.388125,0.379125,0.388125,0.383625,0.14441666666666667,0.20129166666666667,0.378,66.0,0.205,42.0,15.070833333333333,14.399999999999999,10.674999999999999,4.395833333333334,68.875,87.5,423.3333333333333,389.1666666666667,146.16666666666666,,11.125,0.6666666666666666,8.291666666666666,39.583333333333336,39.583333333333336,5.541666666666667,0.0,2.0,,,1.2291666666666667,59.291666666666664
F47_194_6,F47,194,0.253375,0.2488747547953632,-0.0045002452046367,24,0.0015308563555031,0.0004860529656445,0.0010448033898586,single,B,False,True,False,N4 일반 날 수준 맞음(|편향|≤.1),0.004500245204636821,0.2034166666666666,0.2582916666666666,0.2034166666666666,0.23085416666666658,0.381,0.24125,0.293,191.0,0.209,49.0,17.491666666666667,15.499999999999998,9.754166666666666,7.737500000000001,63.666666666666664,68.5,406.375,386.1666666666667,138.41666666666666,,8.125,0.0,14.541666666666666,37.958333333333336,37.958333333333336,52.333333333333336,0.2916666666666667,5.833333333333333,,,0.8583333333333334,69.625
F47_195_6,F47,195,0.1918333333333333,0.1989314422422369,0.0070981089089036,24,0.0022060918194372,0.0012091956019837,0.0009968962174534,single,A,False,True,False,N4 일반 날 수준 맞음(|편향|≤.1),-0.007098108908903611,0.2034166666666666,0.194125,0.2034166666666666,0.19877083333333329,0.253375,0.122875,0.191,76.0,0.191,76.0,16.712500000000002,16.8,12.570833333333333,4.141666666666669,67.70833333333333,73.66666666666667,445.1666666666667,407.0,140.25,,38.791666666666664,0.041666666666666664,32.458333333333336,42.75,38.166666666666664,37.583333333333336,0.0,1.875,,,1.075,68.29166666666667
F47_196_6,F47,196,0.18425,0.2500537643763147,0.0658037643763146,24,0.1396900250255726,0.103923249746245,0.0357667752793275,single,A,False,True,False,N4 일반 날 수준 맞음(|편향|≤.1),-0.06580376437631472,0.1935416666666667,0.1857083333333333,0.1935416666666667,0.189625,0.19183333333333333,0.14441666666666667,0.192,81.0,0.269,82.0,13.879166666666668,10.5,8.008333333333333,5.870833333333335,61.291666666666664,71.5,417.875,398.3333333333333,109.95833333333333,,23.833333333333332,0.16666666666666666,34.541666666666664,42.25,29.75,34.541666666666664,0.0,0.6666666666666666,,,1.0125,61.666666666666664
F47_19_2,F47,19,0.12375,0.2675143062938169,0.1437643062938169,24,0.4967464718268509,0.496036218339418,0.0007102534874329,first,A,False,False,False,N2 일반 날 과대(+.1 초과),-0.1437643062938169,0.11625,0.1315833333333333,0.11625,0.12391666666666665,0.2031666666666667,0.112375,0.115,17.0,0.115,17.0,23.125,10.0,24.191666666666666,-1.0666666666666664,83.0,91.0,407.1666666666667,378.8333333333333,73.79166666666667,,52.708333333333336,0.3333333333333333,6.25,60.041666666666664,100.0,11.333333333333334,5.333333333333333,0.0,,,1.2625,79.95833333333333
F47_209_6,F47,209,0.6549583333333334,0.3975308893377027,-0.2574274439956307,24,1.6252772268389055,1.5904533341309663,0.0348238927079391,single,A,False,True,True,N3 일반 날 과소(−.1 미만),0.2574274439956307,0.671625,0.5997916666666666,0.671625,0.6357083333333333,0.18425,0.14441666666666667,0.66,125.0,0.44,123.0,12.275,6.699999999999999,7.966666666666666,4.3083333333333345,74.45833333333333,75.5,355.25,384.8333333333333,35.708333333333336,,4.916666666666667,0.16666666666666666,9.541666666666666,32.291666666666664,29.916666666666668,38.708333333333336,0.8333333333333334,0.0,,,1.5999999999999999,73.875
F47_20_2,F47,20,0.2107083333333333,0.2368044324158903,0.026096099082557,24,0.0173860500694723,0.0163441532958391,0.0010418967736331,second,B,False,False,False,N4 일반 날 수준 맞음(|편향|≤.1),-0.026096099082557,0.2012916666666666,0.1910416666666666,0.2012916666666666,0.1961666666666666,0.12375000000000001,0.19104166666666667,0.209,18.0,0.209,18.0,21.558333333333334,10.100000000000001,24.191666666666666,-2.633333333333333,81.79166666666667,90.33333333333333,382.7916666666667,378.8333333333333,73.79166666666667,,29.041666666666668,0.0,8.875,71.91666666666667,60.416666666666664,48.708333333333336,0.0,0.16666666666666666,,,1.2625,79.95833333333333
F47_210_7,F47,210,0.51825,0.5161226562739047,-0.0021273437260952,24,0.0332877257519063,0.0001086141918949,0.0331791115600113,single,B,True,True,False,N4 일반 날 수준 맞음(|편향|≤.1),0.0021273437260952432,0.496875,2.7121666666666666,0.496875,1.6045208333333334,0.6549583333333334,0.253375,0.503,130.0,0.5,124.0,13.470833333333333,9.8,11.775,1.6958333333333329,88.875,90.16666666666667,411.0416666666667,422.0,28.666666666666668,,0.0,1.0,0.0,40.541666666666664,63.458333333333336,6.583333333333333,2.4583333333333335,0.0,,,1.5333333333333332,78.75
F47_212_7,F47,212,0.521125,0.370322737784487,-0.150802262215513,24,0.5496431954255149,0.5457917349435921,0.0038514604819227,second,B,True,True,True,N3 일반 날 과소(−.1 미만),0.15080226221551296,2.7121666666666666,0.4802916666666667,2.7121666666666666,1.5962291666666666,0.6885,0.253375,0.53,210.0,0.53,210.0,10.945833333333333,13.5,3.216666666666667,7.729166666666666,64.79166666666667,75.5,379.5833333333333,422.8333333333333,90.66666666666667,,0.0,1.0,13.791666666666666,28.625,53.041666666666664,0.0,3.5416666666666665,0.20833333333333334,,,1.7708333333333333,50.875
F47_214_7,F47,214,0.5314583333333333,0.4098626365047211,-0.1215956968286121,24,0.3905277078199201,0.3548523236936581,0.0356753841262619,single,B,True,True,True,N3 일반 날 과소(−.1 미만),0.12159569682861215,0.4802916666666667,0.4907916666666667,0.4802916666666667,0.48554166666666665,0.7032083333333333,0.253375,0.504,212.0,0.504,212.0,12.762500000000001,17.6,0.9500000000000001,11.812500000000002,60.791666666666664,55.0,399.7916666666667,429.0,109.79166666666667,,1.25,0.9166666666666666,25.916666666666668,29.666666666666668,52.375,0.0,4.75,0.375,,,0.8708333333333332,58.041666666666664
F47_215_8,F47,215,0.7052499999999999,0.6321319961626398,-0.0731180038373601,24,0.139509148267573,0.1283098196438452,0.0111993286237277,first,A,False,True,True,N4 일반 날 수준 맞음(|편향|≤.1),0.07311800383736011,0.70275,0.4725833333333333,0.70275,0.5876666666666667,0.5314583333333333,0.6549583333333334,0.715,213.0,0.708,127.0,11.195833333333333,4.299999999999999,5.383333333333333,5.8125,71.45833333333333,63.666666666666664,349.7083333333333,332.5,34.875,,3.8333333333333335,0.375,22.208333333333332,32.291666666666664,30.208333333333332,45.541666666666664,8.083333333333334,0.0,,,1.0208333333333333,74.70833333333333
F47_216_8,F47,216,0.5559583333333333,0.8945163067958538,0.3385579734625205,24,2.796282719123014,2.75091603348117,0.0453666856418446,second,B,True,True,True,N2 일반 날 과대(+.1 초과),-0.3385579734625205,0.521125,0.51825,0.521125,0.5196875,0.7052499999999999,0.51825,0.508,137.0,1.474,177.0,11.758333333333333,5.5,5.383333333333333,6.375,83.04166666666667,77.5,374.5416666666667,371.5,34.875,,0.0,1.0,13.0,30.208333333333332,66.29166666666667,5.458333333333333,28.708333333333332,0.0,,,1.0208333333333333,74.70833333333333
F47_21_3,F47,21,0.1480416666666666,0.2857952630095418,0.1377535963428751,24,0.4646394064552147,0.455425279329499,0.0092141271257156,first,A,False,False,False,N2 일반 날 과대(+.1 초과),-0.13775359634287518,0.12375,0.2107083333333333,0.12375,0.16722916666666665,0.2107083333333333,0.112375,0.13,19.0,0.216,20.0,21.045833333333334,9.1,22.508333333333336,-1.4625000000000021,88.58333333333333,90.83333333333333,359.3333333333333,368.3333333333333,49.791666666666664,,12.708333333333334,0.7083333333333334,0.0,59.916666666666664,100.0,11.75,0.0,0.0,,,0.7333333333333334,88.20833333333333
F47_229_8,F47,229,1.78825,1.2553000937681342,-0.5329499062318658,24,7.079498285231098,6.816854461261308,0.2626438239697908,single,A,True,True,True,H1 고EC 날(일평균≥1) 과소,0.5329499062318657,2.7121666666666666,0.521125,2.7121666666666666,1.6166458333333333,0.5559583333333333,0.6885,,,0.435,152.0,12.795833333333334,13.3,2.1041666666666665,10.691666666666668,62.916666666666664,72.33333333333333,389.5416666666667,428.3333333333333,116.91666666666667,,0.0,1.0,43.25,30.875,30.916666666666668,0.7083333333333334,1.0,0.0,,,1.3375000000000001,60.875
F47_22_3,F47,22,0.2175416666666666,0.2378316370809379,0.0202899704142712,24,0.010537963349182,0.009880389585888,0.0006575737632939,second,B,False,False,False,N4 일반 날 수준 맞음(|편향|≤.1),-0.020289970414271302,0.2107083333333333,0.195875,0.2107083333333333,0.20329166666666665,0.14804166666666665,0.19587500000000002,0.197,23.0,0.367,28.0,21.170833333333334,6.600000000000001,22.508333333333336,-1.3375000000000021,86.70833333333333,90.66666666666667,435.5416666666667,455.3333333333333,49.791666666666664,,29.583333333333332,0.0,0.2916666666666667,70.29166666666667,60.0,41.708333333333336,0.0,0.0,,,0.7333333333333334,88.20833333333333
F47_230_8,F47,230,0.460875,0.4445063835679918,-0.0163686164320081,24,0.0146756808214183,0.006430358493557,0.0082453223278613,first,A,False,True,True,N4 일반 날 수준 맞음(|편향|≤.1),0.016368616432008154,0.4665833333333333,0.4906666666666666,0.4665833333333333,0.47862499999999997,1.78825,0.7032083333333333,0.488,165.0,0.404,142.0,10.387500000000001,9.5,-0.5958333333333333,10.983333333333334,63.791666666666664,71.16666666666667,501.8333333333333,469.5,112.375,,3.2916666666666665,0.6666666666666666,77.66666666666667,19.875,10.958333333333334,77.25,0.0,0.0,,,1.9958333333333333,53.041666666666664
F47_231_8,F47,231,2.176708333333333,1.397158271103156,-0.7795500622301774,24,17.428764820527675,14.584759188553765,2.8440056319739107,second,B,True,True,False,H1 고EC 날(일평균≥1) 과소,0.779550062230177,2.7121666666666666,1.65275,2.7121666666666666,2.1824583333333334,0.460875,0.521125,1.979,229.0,0.731,108.0,14.179166666666667,14.600000000000001,-0.5958333333333333,14.775,69.29166666666667,72.83333333333333,392.5,387.5,112.375,,0.0,1.0,28.416666666666668,30.916666666666668,30.916666666666668,0.7083333333333334,1.0,0.0,,,1.9958333333333333,53.041666666666664
F47_239_9,F47,239,0.433875,0.5101318103727693,0.0762568103727693,24,0.2803908414568772,0.1395624270774839,0.1408284143793932,single,A,False,True,False,N4 일반 날 수준 맞음(|편향|≤.1),-0.07625681037276932,0.4267916666666667,0.4057083333333333,0.4267916666666667,0.41625,2.1767083333333335,0.460875,0.471,128.0,0.274,115.0,13.270833333333334,12.7,4.445833333333334,8.825,63.375,69.83333333333333,346.7083333333333,305.3333333333333,118.08333333333333,,20.333333333333332,0.16666666666666666,54.25,35.666666666666664,25.25,45.875,0.0,0.0,,,0.9874999999999999,63.708333333333336
F47_23_3,F47,23,0.181625,0.3017091993733949,0.1200841993733948,24,0.3493521502145669,0.3460851585395821,0.0032669916749847,first,A,False,False,False,N2 일반 날 과대(+.1 초과),-0.1200841993733949,0.12375,0.112375,0.12375,0.1180625,0.21754166666666666,0.112375,0.161,21.0,0.161,21.0,21.854166666666668,10.2,21.295833333333334,0.5583333333333336,82.66666666666667,91.0,389.5416666666667,380.5,114.83333333333333,,28.583333333333332,0.625,3.9166666666666665,54.791666666666664,99.70833333333333,13.041666666666666,3.4166666666666665,0.08333333333333333,,,0.7708333333333334,90.79166666666667
F47_240_9,F47,240,0.4725833333333333,0.4568754000854911,-0.0157079332478421,24,0.0113410558837147,0.0059217400060479,0.0054193158776667,single,A,False,True,True,N4 일반 날 수준 맞음(|편향|≤.1),0.0157079332478422,0.4057083333333333,0.4267916666666667,0.4057083333333333,0.41625,0.433875,0.433875,0.498,162.0,0.428,239.0,12.004166666666668,12.400000000000002,-0.1875,12.191666666666668,63.083333333333336,68.33333333333333,366.0,318.8333333333333,132.95833333333334,,9.083333333333334,0.4583333333333333,76.0,20.708333333333332,12.208333333333334,75.54166666666667,0.0,0.0,,,1.3791666666666667,61.166666666666664
F47_241_9,F47,241,0.65225,0.9229315927262052,0.2706815927262054,24,2.0466858286799976,1.7584445913790887,0.2882412373009089,single,B,False,True,False,N1 일반 날 오탐(예측≥.9),-0.2706815927262052,0.56975,0.646,0.56975,0.6078749999999999,0.47258333333333336,0.5314583333333333,,,0.538,214.0,14.775,13.100000000000001,-0.004166666666666726,14.779166666666667,66.79166666666667,73.66666666666667,392.4583333333333,424.5,134.58333333333334,,5.125,0.7916666666666666,0.0,36.0,54.875,0.0,10.5,0.5833333333333334,,,1.0333333333333334,60.083333333333336
F47_242_9,F47,242,0.7242083333333333,0.814588576320472,0.0903802429871387,24,0.2479304319020344,0.1960461197379419,0.0518843121640925,single,B,True,True,False,N4 일반 날 수준 맞음(|편향|≤.1),-0.09038024298713865,0.7702083333333333,0.9253333333333332,0.7702083333333333,0.8477708333333333,0.65225,0.5559583333333333,0.689,241.0,0.487,167.0,13.633333333333333,14.9,-1.3791666666666667,15.0125,63.958333333333336,63.666666666666664,418.125,477.5,109.58333333333333,,0.0,1.0,40.333333333333336,38.458333333333336,53.291666666666664,0.0,2.25,0.0,,,1.0625,54.375
F47_243_9,F47,243,0.449,0.4372319783608454,-0.0117680216391545,24,0.1680120643733251,0.0033236719991906,0.1646883923741345,single,A,False,True,False,N4 일반 날 수준 맞음(|편향|≤.1),0.011768021639154636,0.459625,0.782625,0.459625,0.621125,0.7242083333333333,0.433875,0.395,120.0,0.508,137.0,14.987499999999999,14.600000000000001,6.745833333333334,8.241666666666665,71.16666666666667,75.83333333333333,381.1666666666667,361.1666666666667,133.70833333333334,,21.291666666666668,0.20833333333333334,32.416666666666664,43.291666666666664,31.708333333333332,30.666666666666668,0.0,0.0,,,1.1375,69.875
F47_24_3,F47,24,0.2262083333333333,0.2861311845029366,0.0599228511696032,24,0.0872831257425002,0.0861779542150662,0.001105171527434,second,B,False,False,False,N4 일반 날 수준 맞음(|편향|≤.1),-0.05992285116960333,0.2107083333333333,0.2031666666666667,0.2107083333333333,0.2069375,0.181625,0.2031666666666667,0.223,22.0,0.223,22.0,20.620833333333334,8.0,21.295833333333334,-0.6750000000000007,83.75,90.83333333333333,417.3333333333333,401.5,114.83333333333333,,28.416666666666668,0.08333333333333333,13.25,70.29166666666667,64.08333333333333,40.208333333333336,0.0,0.0,,,0.7708333333333334,90.79166666666667
F47_25_3,F47,25,0.23175,0.2379059653998901,0.0061559653998901,24,0.0013836384318304,0.0009095018401114,0.0004741365917189,single,B,False,False,False,N4 일반 날 수준 맞음(|편향|≤.1),-0.006155965399890079,0.2107083333333333,0.2031666666666667,0.2107083333333333,0.2069375,0.22620833333333334,0.2107083333333333,0.231,24.0,0.231,24.0,20.145833333333332,9.2,22.291666666666668,-2.1458333333333357,82.04166666666667,92.83333333333333,407.2916666666667,382.1666666666667,109.70833333333333,,26.166666666666668,0.0,11.375,67.41666666666667,62.333333333333336,37.666666666666664,0.0,0.0,,,1.1916666666666667,78.29166666666667
F47_26_4,F47,26,0.2565416666666666,0.2059405459855387,-0.0506011206811279,24,0.0654787361150882,0.0614513619404658,0.0040273741746224,first,A,False,False,False,N4 일반 날 수준 맞음(|편향|≤.1),0.050601120681127904,0.181625,0.1480416666666666,0.181625,0.1648333333333333,0.23175,0.12375000000000001,0.216,20.0,0.226,6.0,21.204166666666666,9.2,20.883333333333333,0.32083333333333286,83.45833333333333,90.66666666666667,373.875,378.6666666666667,88.08333333333333,,27.75,0.625,2.2083333333333335,59.416666666666664,100.0,13.708333333333334,3.0416666666666665,0.0,,,1.3166666666666667,90.58333333333333
F47_27_4,F47,27,0.2447916666666666,0.2214970858498599,-0.0232945808168067,24,0.0155523595604453,0.0130232998903377,0.0025290596701076,second,B,False,False,False,N4 일반 날 수준 맞음(|편향|≤.1),0.023294580816806715,0.23175,0.2262083333333333,0.23175,0.22897916666666665,0.25654166666666667,0.21754166666666666,0.235,25.0,0.235,25.0,20.129166666666666,8.099999999999998,20.883333333333333,-0.7541666666666664,84.20833333333333,89.66666666666667,400.9166666666667,390.6666666666667,88.08333333333333,,31.791666666666668,0.0,7.291666666666667,70.95833333333333,59.75,38.583333333333336,0.0,0.0,,,1.3166666666666667,90.58333333333333
F47_28_4,F47,28,0.3716666666666666,0.3031251879024622,-0.0685414787642044,24,0.118467526650905,0.1127504234684134,0.0057171031824915,first,A,False,False,False,N4 일반 날 수준 맞음(|편향|≤.1),0.06854147876420441,0.23175,0.181625,0.23175,0.20668750000000002,0.24479166666666666,0.14804166666666665,0.331,7.0,0.289,26.0,22.375,13.7,21.775000000000002,0.5999999999999979,77.58333333333333,88.0,441.9583333333333,405.3333333333333,146.20833333333334,,12.333333333333334,0.5,23.541666666666668,39.458333333333336,36.833333333333336,28.5,0.0,0.3333333333333333,,,1.4041666666666668,77.54166666666667
F47_29_4,F47,29,0.2630416666666667,0.2541763485203546,-0.008865318146312,24,0.0057907988299258,0.0018862527800478,0.0039045460498779,second,B,False,False,False,N4 일반 날 수준 맞음(|편향|≤.1),0.008865318146312084,0.23175,0.2262083333333333,0.23175,0.22897916666666665,0.37166666666666665,0.22620833333333334,0.238,27.0,0.238,27.0,20.116666666666667,10.9,21.775000000000002,-1.658333333333335,79.45833333333333,89.16666666666667,408.75,377.5,146.20833333333334,,28.708333333333332,0.0,19.333333333333332,43.291666666666664,64.08333333333333,37.416666666666664,0.0,0.0,,,1.4041666666666668,77.54166666666667
F47_30_4,F47,30,0.2882499999999999,0.2297170899177216,-0.0585329100822783,24,0.0906756041752496,0.0822264375048019,0.0084491666704476,single,B,False,False,False,N4 일반 날 수준 맞음(|편향|≤.1),0.05853291008227829,0.23175,0.2262083333333333,0.23175,0.22897916666666665,0.2630416666666667,0.23175,0.289,26.0,0.197,23.0,20.925,12.799999999999999,21.816666666666666,-0.8916666666666657,86.70833333333333,95.16666666666667,432.4166666666667,391.8333333333333,146.20833333333334,,48.583333333333336,0.2916666666666667,6.25,56.625,45.166666666666664,0.0,0.0,4.791666666666667,,,1.4041666666666668,77.58333333333333
F47_31_5,F47,31,0.2799583333333333,0.3020147504481553,0.0220564171148219,24,0.0120379783654635,0.0116756528626322,0.0003623255028312,single,B,False,False,False,N4 일반 날 수준 맞음(|편향|≤.1),-0.02205641711482198,0.2882499999999999,0.3716666666666666,0.2882499999999999,0.32995833333333324,0.28824999999999995,0.24479166666666666,0.284,30.0,0.284,30.0,18.8875,5.1,18.979166666666668,-0.09166666666666856,90.08333333333333,95.16666666666667,424.25,396.3333333333333,56.208333333333336,,32.958333333333336,0.5833333333333334,0.0,61.625,51.416666666666664,0.0,0.0,0.0,,,1.375,87.04166666666667
F47_32_5,F47,32,0.2922083333333333,0.2538210762444985,-0.0383872570888348,24,0.0375919271159372,0.0353659561633031,0.0022259709526341,first,A,False,False,False,N4 일반 날 수준 맞음(|편향|≤.1),0.03838725708883478,0.2630416666666667,0.2447916666666666,0.2630416666666667,0.2539166666666666,0.27995833333333336,0.181625,0.293,40.0,0.238,39.0,18.066666666666666,11.2,18.475,-0.408333333333335,81.08333333333333,89.16666666666667,413.125,406.3333333333333,116.75,,27.666666666666668,0.0,6.166666666666667,34.708333333333336,61.25,39.416666666666664,0.0,0.0,,,0.6541666666666667,78.33333333333333
F47_33_5,F47,33,0.2754166666666667,0.2298438044997864,-0.0455728621668802,24,0.0533112280236637,0.049845258385955,0.0034659696377086,second,B,False,False,False,N4 일반 날 수준 맞음(|편향|≤.1),0.04557286216688031,0.2882499999999999,0.3716666666666666,0.2882499999999999,0.32995833333333324,0.29220833333333335,0.2630416666666667,0.277,31.0,0.277,31.0,18.216666666666665,11.299999999999999,18.475,-0.2583333333333364,87.83333333333333,95.0,436.5416666666667,417.3333333333333,116.75,,47.208333333333336,0.375,0.0,61.041666666666664,50.666666666666664,0.0,0.0,3.5416666666666665,,,0.6541666666666667,78.33333333333333
F47_35_5,F47,35,0.1194583333333333,0.1817356750616527,0.0622773417283194,24,0.0967584762483294,0.0930832150259011,0.0036752612224283,second,B,False,False,False,N4 일반 날 수준 맞음(|편향|≤.1),-0.06227734172831939,0.2882499999999999,0.2630416666666667,0.2882499999999999,0.27564583333333326,0.2825416666666667,0.2754166666666667,,,0.271,33.0,14.791666666666666,8.600000000000001,14.545833333333334,0.2458333333333318,83.91666666666667,92.33333333333333,426.875,404.5,103.04166666666667,,44.125,0.4583333333333333,0.0,61.041666666666664,50.666666666666664,0.0,0.0,5.041666666666667,,,0.8708333333333332,67.08333333333333
F47_36_6,F47,36,0.298875,0.2515028603705685,-0.0473721396294314,24,0.0766459862631948,0.0538588707136884,0.0227871155495064,first,A,False,False,False,N4 일반 날 수준 맞음(|편향|≤.1),0.04737213962943149,0.2922083333333333,0.1194583333333333,0.2922083333333333,0.2058333333333333,0.11945833333333333,0.2825416666666667,0.277,34.0,0.277,34.0,16.820833333333333,17.0,15.433333333333332,1.387500000000001,71.625,80.83333333333333,413.875,397.6666666666667,173.875,,27.541666666666668,0.0,17.083333333333332,31.25,86.83333333333333,31.75,0.0,2.25,,,0.6041666666666666,71.08333333333333
F47_37_6,F47,37,0.1395416666666666,0.2461599614740703,0.1066182948074036,24,0.3268216252760373,0.2728190589033223,0.054002566372715,second,B,False,False,False,N2 일반 날 과대(+.1 초과),-0.1066182948074037,0.2754166666666667,0.1194583333333333,0.2754166666666667,0.1974375,0.298875,0.11945833333333333,0.114,35.0,0.114,35.0,16.7,17.8,15.433333333333332,1.2666666666666675,80.25,89.0,437.9583333333333,415.0,173.875,,43.791666666666664,0.4583333333333333,0.0,60.541666666666664,50.0,0.0,0.0,8.541666666666666,,,0.6041666666666666,71.08333333333333
F47_38_6,F47,38,0.3015833333333333,0.2489366958830895,-0.0526466374502437,24,0.0775388488060679,0.0665200424356178,0.0110188063704501,first,A,False,False,False,N4 일반 날 수준 맞음(|편향|≤.1),0.05264663745024381,0.2922083333333333,0.2754166666666667,0.2922083333333333,0.2838125,0.13954166666666667,0.2825416666666667,0.307,36.0,0.307,36.0,17.775000000000002,14.100000000000001,17.304166666666667,0.470833333333335,74.08333333333333,83.83333333333333,414.7083333333333,389.3333333333333,176.75,,28.333333333333332,0.0,18.791666666666668,27.25,87.625,31.083333333333332,0.0,1.625,,,0.75,73.66666666666667
F47_39_6,F47,39,0.1654583333333333,0.2465375222007719,0.0810791888674386,24,0.2489711942190565,0.1577720368176428,0.0911991574014137,second,B,False,False,False,N4 일반 날 수준 맞음(|편향|≤.1),-0.08107918886743862,0.2754166666666667,0.1194583333333333,0.2754166666666667,0.1974375,0.30158333333333337,0.11945833333333333,0.115,37.0,0.115,37.0,17.9875,15.2,17.304166666666667,0.6833333333333336,81.91666666666667,91.66666666666667,440.5,405.3333333333333,176.75,,43.125,0.4583333333333333,2.8333333333333335,57.041666666666664,45.916666666666664,0.0,0.0,8.333333333333334,,,0.75,73.66666666666667
F47_40_6,F47,40,0.2968333333333333,0.2483804349087277,-0.0484528984246056,24,0.0693836588500893,0.0563444007778836,0.0130392580722056,single,A,False,False,False,N4 일반 날 수준 맞음(|편향|≤.1),0.048452898424605595,0.2922083333333333,0.1194583333333333,0.2922083333333333,0.2058333333333333,0.16545833333333335,0.2825416666666667,0.285,38.0,0.285,38.0,17.6375,13.8,17.05,0.5874999999999986,74.125,84.16666666666667,414.9583333333333,385.1666666666667,168.66666666666666,,25.291666666666668,0.0,19.125,24.875,89.08333333333333,32.333333333333336,0.0,1.75,,,0.9041666666666667,73.79166666666667
F47_42_7,F47,42,0.2124166666666666,0.1973543104106759,-0.0150623562559907,24,0.0086333198021083,0.0054449898235771,0.0031883299785311,second,B,False,False,False,N4 일반 날 수준 맞음(|편향|≤.1),0.0150623562559907,0.1654583333333333,0.1395416666666666,0.1654583333333333,0.15249999999999994,0.273125,0.11945833333333333,0.238,39.0,0.166,50.0,16.057894736842105,8.500000000000002,17.270833333333332,-1.2129385964912274,87.26315789473684,93.0,450.4736842105263,396.0,116.91666666666667,,18.041666666666668,0.5833333333333334,0.0,56.625,45.166666666666664,0.0,0.0,2.9166666666666665,,,0.5916666666666667,72.875
F47_43_7,F47,43,0.250375,0.2577651924510763,0.0073901924510763,24,0.0027314148907919,0.0013107586671346,0.0014206562236572,first,A,False,False,False,N4 일반 날 수준 맞음(|편향|≤.1),-0.007390192451076305,0.2968333333333333,0.3015833333333333,0.2968333333333333,0.2992083333333333,0.21241666666666667,0.273125,0.26,41.0,0.26,41.0,15.783333333333333,11.499999999999998,15.6,0.18333333333333357,77.95833333333333,86.66666666666667,409.875,390.6666666666667,83.875,,23.791666666666668,0.0,2.4166666666666665,21.458333333333332,92.25,34.458333333333336,0.0,1.0833333333333333,,,0.7041666666666666,71.04166666666667
F47_44_7,F47,44,0.2035,0.1760838514453078,-0.0274161485546922,24,0.0247114542394586,0.0180394848377508,0.0066719694017077,second,B,False,False,False,N4 일반 날 수준 맞음(|편향|≤.1),0.027416148554692182,0.1654583333333333,0.1395416666666666,0.1654583333333333,0.15249999999999994,0.250375,0.13954166666666667,0.205,42.0,0.378,66.0,15.7125,11.5,15.6,0.11250000000000071,84.91666666666667,93.0,445.25,414.3333333333333,83.875,,18.416666666666668,0.5833333333333334,0.0,56.375,45.125,0.0,0.0,2.0833333333333335,,,0.7041666666666666,71.04166666666667
F47_45_7,F47,45,0.2532916666666666,0.2618931827421999,0.0086015160755332,24,0.0059504979571234,0.0017756658911437,0.0041748320659796,first,A,False,False,False,N4 일반 날 수준 맞음(|편향|≤.1),-0.008601516075533333,0.1967083333333333,0.2488333333333333,0.1967083333333333,0.2227708333333333,0.20350000000000001,0.250375,0.248,43.0,0.248,43.0,15.104166666666666,12.0,12.012500000000001,3.091666666666665,62.208333333333336,85.66666666666667,394.2083333333333,363.5,171.125,,18.916666666666668,0.0,20.541666666666668,21.708333333333332,63.625,39.708333333333336,0.4583333333333333,0.3333333333333333,,,1.4833333333333334,61.625
F47_46_8,F47,46,0.1985833333333333,0.223871359487152,0.0252880261538186,24,0.017501757086938,0.0153476224021492,0.0021541346847888,second,B,False,False,False,N4 일반 날 수준 맞음(|편향|≤.1),-0.0252880261538187,0.2035,0.2124166666666666,0.2035,0.2079583333333333,0.25329166666666664,0.16545833333333335,0.196,44.0,0.196,44.0,13.866666666666667,11.1,12.012500000000001,1.854166666666666,75.5,92.83333333333333,424.4583333333333,387.6666666666667,171.125,,17.666666666666668,0.625,0.0,56.375,45.125,0.0,0.0,8.833333333333334,,,1.4833333333333334,61.625
F47_47_8,F47,47,0.1967083333333333,0.2117043077833351,0.0149959744500018,24,0.0109171494587839,0.0053971019929226,0.0055200474658613,single,B,False,False,False,N4 일반 날 수준 맞음(|편향|≤.1),-0.014995974450001809,0.2035,0.2124166666666666,0.2035,0.2079583333333333,0.19858333333333333,0.19858333333333333,0.196,46.0,0.196,46.0,13.991666666666667,14.599999999999998,10.179166666666667,3.8125,71.69565217391305,85.33333333333333,436.1666666666667,398.1666666666667,166.58333333333334,,16.708333333333332,0.625,23.708333333333332,56.416666666666664,45.166666666666664,0.0,0.0,8.166666666666666,,,1.1458333333333333,62.75
F47_48_8,F47,48,0.2488333333333333,0.2495202543076586,0.0006869209743253,24,0.0004309971990501,1.1324650199233017e-05,0.0004196725488508,first,A,False,False,False,N4 일반 날 수준 맞음(|편향|≤.1),-0.0006869209743252946,0.2532916666666666,0.250375,0.2532916666666666,0.2518333333333333,0.19670833333333335,0.250375,,,,,19.7625,16.3,11.554166666666667,8.208333333333332,52.45454545454545,62.25,412.4583333333333,383.5,155.5,,20.916666666666668,0.0,10.083333333333334,30.416666666666668,30.25,39.75,0.0,3.625,,,0.9958333333333332,64.45833333333333
F47_49_8,F47,49,0.203375,0.2202064986911229,0.0168314986911229,24,0.0081044793194212,0.0067991843565425,0.0013052949628786,second,B,False,False,False,N4 일반 날 수준 맞음(|편향|≤.1),-0.01683149869112291,0.2035,0.2124166666666666,0.2035,0.2079583333333333,0.24883333333333332,0.19670833333333335,0.193,84.0,0.193,84.0,17.558333333333334,17.799999999999997,11.554166666666667,6.004166666666666,68.08333333333333,76.83333333333333,444.875,406.0,155.5,,17.958333333333332,0.625,0.0,55.583333333333336,44.416666666666664,0.0,0.0,8.541666666666666,,,0.9958333333333332,64.45833333333333
F47_50_8,F47,50,0.1525,0.1714931466834135,0.0189931466834135,24,0.0201996191980807,0.0086577509025038,0.0115418682955768,first,A,False,False,False,N4 일반 날 수준 맞음(|편향|≤.1),-0.01899314668341351,0.16025,0.16,0.16025,0.16012500000000002,0.203375,0.24883333333333332,0.264,189.0,0.264,189.0,18.3875,20.2,14.433333333333332,3.9541666666666675,72.75,82.33333333333333,455.5416666666667,429.1666666666667,145.375,,15.833333333333334,0.0,12.541666666666666,25.0,18.333333333333332,30.583333333333332,0.0,3.4166666666666665,,,1.2333333333333334,68.45833333333333
F47_51_9,F47,51,0.2265416666666666,0.2423061173197297,0.015764450653063,24,0.0078163281653698,0.0059644297054286,0.0018518984599412,second,B,False,False,False,N4 일반 날 수준 맞음(|편향|≤.1),-0.01576445065306309,0.203375,0.2488333333333333,0.203375,0.22610416666666666,0.1525,0.19670833333333335,0.22,74.0,0.22,74.0,20.8875,13.9,14.433333333333332,6.4541666666666675,63.916666666666664,64.66666666666667,453.9166666666667,408.8333333333333,145.375,,21.958333333333332,0.5833333333333334,0.0,50.875,38.25,0.0,0.0,9.083333333333334,,,1.2333333333333334,68.45833333333333
F47_52_9,F47,52,0.16025,0.1872367788962563,0.0269867788962563,24,0.0257909405060819,0.0174788696446902,0.0083120708613916,first,A,False,False,False,N4 일반 날 수준 맞음(|편향|≤.1),-0.026986778896256308,0.1525,0.203375,0.1525,0.1779375,0.22654166666666667,0.1525,0.166,50.0,0.17,65.0,17.837500000000002,11.8,14.841666666666667,2.9958333333333353,73.95833333333333,86.83333333333333,432.9583333333333,405.8333333333333,137.0,,24.083333333333332,0.0,3.375,39.75,42.291666666666664,17.833333333333332,0.0,3.25,,,1.8458333333333332,76.16666666666667
F47_53_9,F47,53,0.239375,0.2740140296982811,0.0346390296982811,24,0.0352296020251636,0.0287966970825216,0.0064329049426419,second,B,False,False,False,N4 일반 날 수준 맞음(|편향|≤.1),-0.03463902969828109,0.203375,0.1525,0.203375,0.1779375,0.16025,0.19670833333333335,0.236,51.0,0.236,51.0,20.05909090909091,6.300000000000001,14.841666666666667,5.217424242424242,68.63636363636364,73.33333333333333,432.95454545454544,397.0,137.0,,17.708333333333332,0.5833333333333334,0.0,56.458333333333336,45.166666666666664,0.0,0.0,7.833333333333333,,,1.8458333333333332,76.16666666666667
F47_54_9,F47,54,0.16,0.1948179366360283,0.0348179366360283,24,0.0389385028490173,0.0290949290781715,0.0098435737708457,first,A,False,False,False,N4 일반 날 수준 맞음(|편향|≤.1),-0.03481793663602831,0.1525,0.203375,0.1525,0.1779375,0.239375,0.1525,0.166,52.0,0.166,52.0,16.983333333333334,14.0,12.954166666666666,4.029166666666669,70.66666666666667,88.33333333333333,417.125,399.6666666666667,149.29166666666666,,24.791666666666668,0.0,8.375,35.0,31.75,24.708333333333332,0.0,5.666666666666667,,,1.6791666666666665,65.66666666666667
F47_55_9,F47,55,0.250625,0.288400983449759,0.0377759834497589,24,0.0517324920378005,0.0342485982143151,0.0174838938234854,second,B,False,False,False,N4 일반 날 수준 맞음(|편향|≤.1),-0.03777598344975902,0.203375,0.1967083333333333,0.203375,0.20004166666666665,0.16,0.203375,0.246,53.0,0.246,53.0,18.591666666666665,5.300000000000001,12.954166666666666,5.637499999999999,63.625,70.33333333333333,411.25,387.8333333333333,149.29166666666666,,17.708333333333332,0.5833333333333334,0.0,55.541666666666664,44.458333333333336,0.0,0.0,9.0,,,1.6791666666666665,65.66666666666667
F47_57_0,F47,57,0.2646666666666666,0.2584134322128301,-0.0062532344538365,24,0.0058396931152409,0.0009384705872315,0.0049012225280093,second,B,False,False,False,N4 일반 날 수준 맞음(|편향|≤.1),0.00625323445383652,0.2265416666666666,0.250625,0.2265416666666666,0.23858333333333331,0.1525,0.22654166666666667,0.258,55.0,0.258,55.0,18.529166666666665,17.0,8.854166666666666,9.674999999999999,58.625,64.66666666666667,424.9166666666667,402.1666666666667,154.54166666666666,,18.208333333333332,0.5833333333333334,0.0,50.416666666666664,44.208333333333336,1.375,0.0,6.125,,,0.9416666666666668,59.666666666666664
F47_58_0,F47,58,0.1601666666666666,0.1644462151281814,0.0042795484615147,24,0.0108741554605679,0.0004395488408268,0.010434606619741,first,A,False,False,False,N4 일반 날 수준 맞음(|편향|≤.1),-0.004279548461514793,0.16,0.1525,0.16,0.15625,0.26466666666666666,0.1525,0.165,190.0,0.165,190.0,16.520833333333332,21.4,12.366666666666667,4.154166666666665,72.20833333333333,82.0,470.5416666666667,431.6666666666667,142.83333333333334,,50.041666666666664,0.0,10.416666666666666,26.208333333333332,27.208333333333332,19.583333333333332,0.0,3.0,,,0.7625000000000001,70.5
F47_59_0,F47,59,0.3138333333333333,0.3805257145690903,0.0666923812357569,24,0.1081265475622906,0.1067489691574931,0.0013775784047975,second,B,False,False,False,N4 일반 날 수준 맞음(|편향|≤.1),-0.06669238123575699,0.2265416666666666,0.239375,0.2265416666666666,0.23295833333333332,0.16016666666666665,0.239375,0.274,57.0,0.246,48.0,21.150000000000002,11.0,12.366666666666667,8.783333333333335,58.833333333333336,62.833333333333336,466.75,418.0,142.83333333333334,,22.541666666666668,0.6666666666666666,0.0,40.291666666666664,40.25,5.583333333333333,0.0,6.416666666666667,,,0.7625000000000001,70.5
F47_60_0,F47,60,0.1499166666666666,0.1611691358366004,0.0112524691699337,24,0.018965066146518,0.0030388334980874,0.0159262326484306,first,A,False,False,False,N4 일반 날 수준 맞음(|편향|≤.1),-0.011252469169933804,0.1591666666666666,0.1548333333333333,0.1591666666666666,0.15699999999999995,0.31383333333333335,0.1525,0.17,58.0,0.17,58.0,17.224999999999998,19.9,12.866666666666667,4.358333333333331,73.125,82.16666666666667,475.75,443.6666666666667,137.41666666666666,,57.208333333333336,0.0,9.166666666666666,26.666666666666668,35.166666666666664,15.833333333333334,0.0,4.458333333333333,,,0.6833333333333332,70.75
F47_61_1,F47,61,0.33525,0.3327579784115559,-0.002492021588444,24,0.0032807193462328,0.0001490441183345,0.0031316752278983,second,B,False,False,False,N4 일반 날 수준 맞음(|편향|≤.1),0.002492021588444082,0.3138333333333333,0.2646666666666666,0.3138333333333333,0.28924999999999995,0.14991666666666667,0.250625,0.319,59.0,0.319,59.0,19.9875,14.600000000000001,12.866666666666667,7.120833333333334,63.208333333333336,63.0,471.5416666666667,429.3333333333333,137.41666666666666,,20.25,0.6666666666666666,0.0,39.583333333333336,39.583333333333336,5.583333333333333,0.0,5.541666666666667,,,0.6833333333333332,70.75
F47_62_1,F47,62,0.1591666666666666,0.1683966673114031,0.0092300006447363,24,0.0072932527397969,0.002044629885644,0.0052486228541529,first,A,False,False,False,N4 일반 날 수준 맞음(|편향|≤.1),-0.009230000644736502,0.1499166666666666,0.1601666666666666,0.1499166666666666,0.15504166666666658,0.33525,0.14991666666666667,0.173,60.0,0.372,89.0,17.466666666666665,18.599999999999998,13.987499999999999,3.479166666666666,75.16666666666667,83.66666666666667,476.2083333333333,445.0,130.83333333333334,,64.95833333333333,0.0,16.375,27.875,24.333333333333332,17.083333333333332,0.0,3.125,,,0.7791666666666667,72.95833333333333
F47_63_1,F47,63,0.344875,0.3933359069011986,0.0484609069011986,24,0.0650572328971952,0.0563630279444794,0.0086942049527157,second,B,False,False,False,N4 일반 날 수준 맞음(|편향|≤.1),-0.048460906901198586,0.3138333333333333,0.1499166666666666,0.3138333333333333,0.23187499999999994,0.15916666666666668,0.26466666666666666,0.332,61.0,0.332,61.0,17.383333333333333,17.2,13.987499999999999,3.395833333333334,74.33333333333333,85.0,472.5833333333333,433.5,130.83333333333334,,19.208333333333332,0.6666666666666666,2.0833333333333335,39.583333333333336,39.583333333333336,5.583333333333333,0.0,3.875,,,0.7791666666666667,72.95833333333333
F47_64_1,F47,64,0.3558333333333334,0.4038386591325775,0.0480053257992442,24,0.0575085256617316,0.0553082713221979,0.0022002543395336,single,B,False,False,False,N4 일반 날 수준 맞음(|편향|≤.1),-0.0480053257992441,0.2905,0.146625,0.2905,0.2185625,0.344875,0.31383333333333335,0.349,63.0,0.349,63.0,16.866666666666667,13.000000000000002,14.954166666666666,1.9125000000000014,79.25,86.5,456.9583333333333,418.3333333333333,64.66666666666667,,8.666666666666666,0.6666666666666666,0.0,39.583333333333336,39.583333333333336,5.583333333333333,0.0,0.0,,,1.0333333333333334,75.25
F47_65_1,F47,65,0.1548333333333333,0.2022764681283243,0.047443134794991,24,0.0710204754031615,0.0540204249402165,0.017000050462945,first,A,False,False,False,N4 일반 날 수준 맞음(|편향|≤.1),-0.047443134794991015,0.1687916666666666,0.208875,0.1687916666666666,0.1888333333333333,0.3558333333333334,0.14991666666666667,0.17,192.0,0.17,192.0,18.470833333333335,15.599999999999998,15.116666666666667,3.354166666666668,77.29166666666667,90.16666666666667,440.3333333333333,422.6666666666667,119.625,,71.70833333333333,0.0,11.375,32.541666666666664,31.666666666666668,21.416666666666668,0.0,2.625,,,0.9708333333333333,79.79166666666667
F47_66_2,F47,66,0.379125,0.3997122460394089,0.0205872460394089,24,0.0140525414978352,0.0101720327876918,0.0038805087101433,second,B,False,False,False,N4 일반 날 수준 맞음(|편향|≤.1),-0.020587246039408924,0.3558333333333334,0.381,0.3558333333333334,0.3684166666666667,0.15483333333333335,0.33525,0.366,64.0,0.366,64.0,17.820833333333333,13.8,15.116666666666667,2.7041666666666657,80.125,91.66666666666667,441.5416666666667,416.6666666666667,119.625,,11.666666666666666,0.6666666666666666,0.0,39.583333333333336,39.583333333333336,5.583333333333333,0.0,1.6666666666666667,,,0.9708333333333333,79.79166666666667
F47_67_2,F47,67,0.1687916666666666,0.1671684153968123,-0.0016232512698543,24,0.0260121345008508,6.323867244201149e-05,0.0259488958284088,single,A,False,False,False,N4 일반 날 수준 맞음(|편향|≤.1),0.0016232512698542978,0.1444166666666666,0.1548333333333333,0.1444166666666666,0.14962499999999995,0.379125,0.14991666666666667,0.17,65.0,0.192,195.0,15.233333333333334,17.1,10.674999999999999,4.558333333333335,67.54166666666667,83.66666666666667,426.2916666666667,402.6666666666667,146.16666666666666,,42.916666666666664,0.08333333333333333,14.791666666666666,40.75,31.166666666666668,20.708333333333332,0.0,3.7916666666666665,,,1.2291666666666667,59.291666666666664
F47_68_2,F47,68,0.208875,0.1961522577795203,-0.0127227422204796,24,0.0057566587371201,0.0038848360706106,0.0018718226665095,first,A,False,False,False,N4 일반 날 수준 맞음(|편향|≤.1),0.0127227422204797,0.1548333333333333,0.1591666666666666,0.1548333333333333,0.15699999999999995,0.16879166666666667,0.15483333333333335,0.214,92.0,0.191,196.0,15.825000000000001,15.399999999999999,9.579166666666667,6.245833333333334,65.25,72.0,416.875,412.5,136.54166666666666,,24.208333333333332,0.041666666666666664,45.458333333333336,44.541666666666664,34.083333333333336,34.583333333333336,0.0,3.4583333333333335,,,1.3041666666666667,60.458333333333336
F47_69_2,F47,69,0.388125,0.4378110614389376,0.0496860614389376,24,0.0807829349491693,0.0592489128315331,0.0215340221176361,second,B,False,False,False,N4 일반 날 수준 맞음(|편향|≤.1),-0.04968606143893761,0.381,0.3558333333333334,0.381,0.3684166666666667,0.208875,0.344875,0.374,193.0,0.598,122.0,16.204166666666666,13.600000000000001,9.579166666666667,6.624999999999998,64.125,75.5,433.5416666666667,435.8333333333333,136.54166666666666,,9.25,0.6666666666666666,12.416666666666666,38.875,38.875,5.583333333333333,0.0,1.1666666666666667,,,1.3041666666666667,60.458333333333336
F47_6_0,F47,6,0.2405,0.2185981724639531,-0.0219018275360468,24,0.0144304320141749,0.0115125611860497,0.0029178708281251,single,B,False,False,False,N4 일반 날 수준 맞음(|편향|≤.1),0.021901827536046886,0.1315833333333333,0.2012916666666666,0.1315833333333333,0.16643749999999996,,,0.265,29.0,0.13,19.0,20.129166666666666,5.300000000000001,20.129166666666666,0.0,87.54166666666667,91.0,391.0833333333333,370.1666666666667,42.833333333333336,,14.041666666666666,0.7083333333333334,0.0,61.458333333333336,100.0,14.958333333333334,0.0,0.0,,,1.2958333333333334,90.58333333333333
F47_70_2,F47,70,0.1944166666666666,0.2153413985106283,0.0209247318439616,24,0.0127293634085495,0.0105082656658008,0.0022210977427486,first,A,False,False,False,N4 일반 날 수준 맞음(|편향|≤.1),-0.020924731843961708,0.1821249999999999,0.194125,0.1821249999999999,0.18812499999999993,0.388125,0.15483333333333335,0.212,68.0,0.2,87.0,15.549999999999999,11.399999999999999,9.825000000000001,5.724999999999998,64.91666666666667,71.0,456.6666666666667,439.0,90.375,,26.125,0.16666666666666666,58.291666666666664,41.875,31.875,34.25,0.0,0.0,,,0.775,67.66666666666667
F47_71_3,F47,71,0.4000416666666666,0.4327091566517782,0.0326674899851115,24,0.0294456830316424,0.0256119576462567,0.0038337253853856,second,B,False,False,False,N4 일반 날 수준 맞음(|편향|≤.1),-0.03266748998511165,0.388125,0.381,0.388125,0.38456250000000003,0.19441666666666668,0.3558333333333334,0.394,69.0,0.192,81.0,14.737499999999999,13.5,9.825000000000001,4.912499999999998,68.75,76.0,450.9166666666667,434.8333333333333,90.375,,5.708333333333333,0.6666666666666666,15.25,38.916666666666664,38.916666666666664,5.583333333333333,0.0,0.0,,,0.775,67.66666666666667
F47_72_3,F47,72,0.1821249999999999,0.1884229357247175,0.0062979357247175,24,0.0019059027981853,0.0009519358654241,0.0009539669327611,single,A,False,False,False,N4 일반 날 수준 맞음(|편향|≤.1),-0.006297935724717596,0.1944166666666666,0.208875,0.1944166666666666,0.2016458333333333,0.40004166666666663,0.16879166666666667,0.183,70.0,0.407,71.0,16.854166666666668,17.8,11.183333333333332,5.670833333333336,65.54166666666667,67.83333333333333,439.4166666666667,418.6666666666667,124.25,,39.375,0.0,47.333333333333336,44.666666666666664,37.916666666666664,42.541666666666664,0.0,0.0,,,0.8250000000000001,73.41666666666667
F47_73_3,F47,73,0.4183333333333334,0.417091904006546,-0.0012414293267873,24,0.0035063890598309,3.698752256178321e-05,0.0034694015372691,single,B,False,False,False,N4 일반 날 수준 맞음(|편향|≤.1),0.001241429326787391,0.388125,0.381,0.388125,0.38456250000000003,0.18212499999999998,0.379125,0.407,71.0,0.503,130.0,15.9625,17.2,11.170833333333334,4.791666666666666,71.25,80.83333333333333,457.7083333333333,420.5,124.25,,12.583333333333334,0.6666666666666666,13.166666666666666,38.875,38.916666666666664,5.583333333333333,0.0,0.5833333333333334,,,0.8250000000000001,73.41666666666667
F47_74_3,F47,74,0.2141666666666666,0.2809067845471074,0.0667401178804407,24,0.1128003839405283,0.1069018400326829,0.0058985439078454,single,B,False,False,False,N4 일반 날 수준 맞음(|편향|≤.1),-0.06674011788044079,0.388125,0.1944166666666666,0.388125,0.2912708333333333,0.4183333333333334,0.388125,0.209,49.0,0.274,57.0,17.9875,12.7,12.891666666666666,5.095833333333335,65.91666666666667,67.5,444.5,404.0,113.29166666666667,,18.375,0.5833333333333334,0.0,56.125,45.125,0.0,0.0,7.916666666666667,,,0.9333333333333332,66.375
F47_75_3,F47,75,0.194125,0.2049110419956366,0.0107860419956366,24,0.0097227140764947,0.0027921288463593,0.0069305852301354,single,A,False,False,False,N4 일반 날 수준 맞음(|편향|≤.1),-0.010786041995636597,0.208875,0.1944166666666666,0.208875,0.2016458333333333,0.21416666666666664,0.18212499999999998,0.257,45.0,0.44,73.0,15.595833333333333,17.1,9.737499999999999,5.858333333333334,65.125,77.0,446.2083333333333,412.1666666666667,138.41666666666666,,31.875,0.08333333333333333,51.208333333333336,44.916666666666664,34.208333333333336,44.541666666666664,0.0,1.9166666666666667,,,0.8583333333333334,69.54166666666667
F47_76_4,F47,76,0.2034166666666666,0.2050692812187178,0.0016526145520511,24,0.0015030909403032,6.554723658362975e-05,0.0014375437037196,first,A,False,False,False,N4 일반 날 수준 맞음(|편향|≤.1),-0.001652614552051207,0.194125,0.253375,0.194125,0.22375,0.194125,0.18212499999999998,0.209,75.0,0.209,75.0,15.625,18.4,10.304166666666667,5.320833333333333,65.08333333333333,74.66666666666667,449.5833333333333,414.6666666666667,137.04166666666666,,35.0,0.16666666666666666,49.75,40.625,32.333333333333336,53.458333333333336,0.0,1.9166666666666667,,,0.7208333333333333,66.83333333333333
F47_77_4,F47,77,0.2582916666666666,0.292294860318773,0.0340031936521063,24,0.0291652694180742,0.0277492122850234,0.0014160571330507,second,B,False,False,False,N4 일반 날 수준 맞음(|편향|≤.1),-0.03400319365210641,0.253375,0.1918333333333333,0.253375,0.22260416666666666,0.20341666666666666,0.21416666666666664,0.284,83.0,0.261,194.0,17.629166666666666,15.7,10.304166666666667,7.324999999999999,64.16666666666667,69.5,424.7916666666667,457.6666666666667,137.04166666666666,,10.0,0.0,11.458333333333334,36.583333333333336,36.708333333333336,52.666666666666664,2.25,5.791666666666667,,,0.7208333333333333,66.83333333333333
F47_78_4,F47,78,0.256375,0.2884525589540656,0.0320775589540655,24,0.0386454424083009,0.0246952749228372,0.0139501674854637,single,B,False,False,False,N4 일반 날 수준 맞음(|편향|≤.1),-0.032077558954065555,0.253375,0.194125,0.253375,0.22375,0.25829166666666664,0.21416666666666664,0.261,194.0,0.262,77.0,18.129166666666666,15.9,12.570833333333333,5.558333333333334,65.41666666666667,71.83333333333333,417.6666666666667,436.0,140.25,,9.041666666666666,0.0,9.0,36.625,36.666666666666664,51.625,2.625,5.5,,,1.075,68.29166666666667
F47_79_4,F47,79,0.1862916666666666,0.1965517603071603,0.0102600936404936,24,0.0038735660543056,0.0025264685162807,0.0013470975380249,first,A,False,False,False,N4 일반 날 수준 맞음(|편향|≤.1),-0.010260093640493684,0.1918333333333333,0.194125,0.1918333333333333,0.19297916666666665,0.256375,0.18212499999999998,0.192,195.0,0.167,62.0,13.558333333333332,11.900000000000002,9.633333333333333,3.924999999999999,61.666666666666664,81.0,413.2083333333333,401.8333333333333,116.95833333333333,,19.958333333333332,0.08333333333333333,26.083333333333332,39.25,29.5,26.083333333333332,0.0,1.0833333333333333,,,1.8499999999999999,53.75
F47_7_0,F47,7,0.3572083333333333,0.2094308324503197,-0.1477775008830135,24,0.5300237969159851,0.5241165544134978,0.0059072425024873,single,B,False,False,False,N3 일반 날 과소(−.1 미만),0.14777750088301358,0.2184583333333333,0.248,0.2184583333333333,0.23322916666666665,0.24050000000000002,0.24050000000000002,0.367,28.0,0.265,29.0,19.570833333333333,4.699999999999999,20.120833333333334,-0.5500000000000007,86.375,90.66666666666667,429.2083333333333,412.6666666666667,42.833333333333336,,21.375,0.0,0.0,73.58333333333333,59.25,51.375,0.0,0.0,,,1.2958333333333334,90.58333333333333
F47_80_4,F47,80,0.2494166666666666,0.3221000985076002,0.0726834318409335,24,0.1286531737747662,0.1267891503402153,0.0018640234345509,second,B,False,False,False,N4 일반 날 수준 맞음(|편향|≤.1),-0.0726834318409336,0.253375,0.1918333333333333,0.253375,0.22260416666666666,0.18629166666666666,0.21416666666666664,0.255,78.0,0.255,78.0,16.629166666666666,14.200000000000001,9.633333333333333,6.995833333333334,63.0,77.83333333333333,403.7083333333333,437.8333333333333,116.95833333333333,,6.5,0.0,10.291666666666666,38.416666666666664,38.416666666666664,53.541666666666664,3.0,3.625,,,1.8499999999999999,53.75
F47_81_5,F47,81,0.1857083333333333,0.2093508053224734,0.0236424719891401,24,0.017381341578497,0.0134151955621745,0.0039661460163224,first,A,False,False,True,N4 일반 날 수준 맞음(|편향|≤.1),-0.0236424719891401,0.18425,0.1862916666666666,0.18425,0.1852708333333333,0.24941666666666665,0.18629166666666666,0.183,79.0,0.183,79.0,12.804166666666667,10.0,6.9624999999999995,5.841666666666668,58.458333333333336,60.0,410.9166666666667,401.3333333333333,103.875,,24.0,0.08333333333333333,32.166666666666664,39.75,29.166666666666668,32.125,0.0,0.75,,,1.6041666666666667,55.083333333333336
F47_83_5,F47,83,0.2739166666666666,0.3214272051063809,0.0475105384397142,24,0.0543980433006364,0.0541740303079574,0.000224012992679,single,B,False,False,False,N4 일반 날 수준 맞음(|편향|≤.1),-0.04751053843971431,0.2494166666666666,0.256375,0.2494166666666666,0.2528958333333333,0.25795833333333335,0.24941666666666665,0.269,82.0,0.212,68.0,15.620833333333332,12.700000000000001,8.008333333333333,7.612499999999999,62.958333333333336,70.83333333333333,396.5416666666667,440.0,109.95833333333333,,6.666666666666667,0.0,12.583333333333334,38.208333333333336,38.208333333333336,53.833333333333336,2.375,3.2916666666666665,,,1.0125,61.666666666666664
F47_85_5,F47,85,0.1935416666666667,0.2007364675977514,0.0071948009310847,24,0.0016992930283168,0.0012423638505105,0.0004569291778062,first,A,False,False,False,N4 일반 날 수준 맞음(|편향|≤.1),-0.0071948009310847105,0.1967083333333333,0.1994583333333333,0.1967083333333333,0.19808333333333328,0.18833333333333332,0.18570833333333334,0.188,72.0,0.183,70.0,16.15294117647059,11.6,7.895833333333333,8.257107843137259,57.88235294117647,66.66666666666667,425.05882352941177,400.8333333333333,127.5,,26.916666666666668,0.0,37.083333333333336,43.5,28.958333333333332,37.083333333333336,0.0,0.7083333333333334,,,0.875,65.91666666666667
F47_86_6,F47,86,0.318125,0.2883004660105466,-0.0298245339894533,24,0.0242020738237343,0.0213480678645134,0.0028540059592209,second,B,False,False,False,N4 일반 날 수준 맞음(|편향|≤.1),0.029824533989453395,0.2739166666666666,0.2494166666666666,0.2739166666666666,0.2616666666666666,0.1935416666666667,0.24941666666666665,,,,,16.96,14.099999999999998,7.895833333333333,9.064166666666669,59.85,62.5,403.95,448.1666666666667,127.5,,6.541666666666667,0.0,19.875,37.833333333333336,37.833333333333336,52.875,2.4166666666666665,4.625,,,0.875,65.91666666666667
F47_87_6,F47,87,0.1967083333333333,0.2206149406027281,0.0239066072693947,24,0.0159827646332826,0.0137166209071938,0.0022661437260888,single,A,False,False,False,N4 일반 날 수준 맞음(|편향|≤.1),-0.02390660726939481,0.1935416666666667,0.1857083333333333,0.1935416666666667,0.189625,0.318125,0.18570833333333334,0.191,196.0,0.322,86.0,15.420833333333334,14.399999999999999,8.516666666666667,6.904166666666667,61.25,66.0,435.5416666666667,403.6666666666667,119.5,,31.125,0.0,33.333333333333336,43.291666666666664,30.875,37.916666666666664,0.0,0.0,,,0.8291666666666666,67.75
F47_88_6,F47,88,0.1994583333333333,0.2199202501109456,0.0204619167776122,24,0.0110176540210438,0.0100485609171343,0.0009690931039095,single,A,False,False,False,N4 일반 날 수준 맞음(|편향|≤.1),-0.020461916777612305,0.1935416666666667,0.1857083333333333,0.1935416666666667,0.189625,0.19670833333333335,0.18833333333333332,0.2,87.0,0.214,92.0,15.366666666666667,13.500000000000002,10.4,4.966666666666667,65.29166666666667,70.66666666666667,421.375,399.1666666666667,115.20833333333333,,27.958333333333332,0.0,24.291666666666668,45.75,37.5,24.291666666666668,0.0,0.0,,,1.7958333333333334,69.04166666666667
F47_89_6,F47,89,0.3682083333333333,0.3610909169704792,-0.0071174163628541,24,0.014279790812426,0.0012157827763733,0.0130640080360526,single,B,False,False,False,N4 일반 날 수준 맞음(|편향|≤.1),0.007117416362854123,0.2739166666666666,0.1935416666666667,0.2739166666666666,0.23372916666666665,0.19945833333333332,0.25795833333333335,0.378,91.0,0.202,88.0,17.916666666666668,13.899999999999999,13.637500000000001,4.279166666666667,70.29166666666667,79.16666666666667,393.0416666666667,439.6666666666667,109.08333333333333,,7.083333333333333,0.0,8.333333333333334,37.833333333333336,37.833333333333336,53.625,3.0416666666666665,4.125,,,2.029166666666667,69.54166666666667
F47_8_0,F47,8,0.2074166666666666,0.1855581761540423,-0.0218584905126243,24,0.0217149974606578,0.0114670465797717,0.010247950880886,single,A,False,False,False,N4 일반 날 수준 맞음(|편향|≤.1),0.021858490512624312,1.4867916666666667,0.9803333333333332,1.4867916666666667,1.2335625,0.35720833333333335,,0.226,6.0,0.331,7.0,22.72083333333333,10.3,23.558333333333334,-0.8375000000000021,82.5,91.0,382.0,365.1666666666667,125.33333333333333,,47.416666666666664,0.375,11.5,56.916666666666664,99.75,13.416666666666666,0.0,0.25,,,0.775,86.41666666666667
F47_90_6,F47,90,0.2009999999999999,0.2120491412406449,0.0110491412406448,24,0.0066400297732144,0.0029300045317372,0.0037100252414771,first,A,False,False,False,N4 일반 날 수준 맞음(|편향|≤.1),-0.011049141240644988,0.2069583333333333,0.4468749999999999,0.2069583333333333,0.32691666666666663,0.3682083333333333,0.1935416666666667,0.202,88.0,0.293,191.0,13.054166666666667,2.0,9.754166666666666,3.3000000000000007,73.41666666666667,78.33333333333333,416.75,398.8333333333333,45.583333333333336,,22.5,0.08333333333333333,29.583333333333332,39.5,29.0,29.583333333333332,0.0,0.0,,,1.5041666666666667,78.91666666666667
F47_91_7,F47,91,0.3677916666666667,0.3290924941774004,-0.0386991724892662,24,0.0365055158298263,0.0359430228324956,0.0005624929973306,second,B,False,False,False,N4 일반 날 수준 맞음(|편향|≤.1),0.0386991724892663,0.3682083333333333,0.1994583333333333,0.3682083333333333,0.28383333333333327,0.20099999999999998,0.27391666666666664,0.372,89.0,0.188,72.0,13.729166666666666,4.799999999999999,9.754166666666666,3.9749999999999996,70.45833333333333,77.0,385.5833333333333,403.3333333333333,45.583333333333336,,6.208333333333333,0.0,8.666666666666666,37.875,37.833333333333336,53.833333333333336,3.4166666666666665,0.0,,,1.5041666666666667,78.91666666666667
F47_92_7,F47,92,0.2069583333333333,0.2194589725845781,0.0125006392512447,24,0.0050010334499919,0.0037503835605542,0.0012506498894376,single,A,False,False,False,N4 일반 날 수준 맞음(|편향|≤.1),-0.01250063925124481,0.1994583333333333,0.2009999999999999,0.1994583333333333,0.2002291666666666,0.3677916666666667,0.19670833333333335,0.2,90.0,0.257,45.0,15.179166666666667,14.599999999999998,9.470833333333333,5.708333333333334,63.625,71.33333333333333,415.0,396.3333333333333,116.29166666666667,,26.291666666666668,0.0,22.708333333333332,44.583333333333336,30.708333333333332,23.416666666666668,0.0,0.3333333333333333,,,0.9458333333333333,67.0
F47_93_7,F47,93,0.4468749999999999,0.367571053562118,-0.079303946437882,24,0.1555320157774793,0.150938782094939,0.0045932336825403,single,A,False,False,False,N4 일반 날 수준 맞음(|편향|≤.1),0.07930394643788191,0.2009999999999999,0.3682083333333333,0.2009999999999999,0.2846041666666666,0.20695833333333333,0.19945833333333332,0.435,152.0,0.284,83.0,13.204166666666666,6.799999999999999,8.0,5.204166666666666,66.91666666666667,68.33333333333333,369.4166666666667,407.8333333333333,54.833333333333336,,6.083333333333333,0.0,16.708333333333332,37.5,37.833333333333336,43.0,2.5416666666666665,0.0,,,2.254166666666667,76.20833333333333
F47_95_7,F47,95,0.6083333333333333,0.6030057257916528,-0.0053276075416805,24,0.0028830795000657,0.0006812016508361,0.0022018778492296,second,B,False,False,False,N4 일반 날 수준 맞음(|편향|≤.1),0.00532760754168049,0.2009999999999999,0.1994583333333333,0.2009999999999999,0.2002291666666666,0.20895833333333333,0.318125,,,0.168,54.0,13.75,13.099999999999998,6.4875,7.2625,65.70833333333333,77.0,402.7083333333333,388.0,119.66666666666667,,4.875,0.7083333333333334,21.375,37.5,37.5,5.541666666666667,0.0,0.0,,,1.2,57.25
F47_96_8,F47,96,0.2085,0.3000111022219439,0.0915111022219439,24,0.212721076646552,0.2009827639170016,0.0117383127295503,first,A,False,False,False,N4 일반 날 수준 맞음(|편향|≤.1),-0.09151110222194389,0.6083333333333333,0.2069583333333333,0.6083333333333333,0.40764583333333326,0.6083333333333333,0.20695833333333333,0.214,94.0,0.614,95.0,14.916666666666666,13.600000000000001,7.779166666666666,7.1375,65.54166666666667,71.0,420.875,406.5,51.708333333333336,,9.958333333333334,0.6666666666666666,27.375,14.083333333333334,8.541666666666666,27.375,0.0,0.0,,,1.7208333333333332,68.29166666666667
F47_97_8,F47,97,0.6187083333333333,0.5877062165133056,-0.0310021168200277,24,0.03112449310105,0.0230671499357436,0.0080573431653064,second,B,False,False,False,N4 일반 날 수준 맞음(|편향|≤.1),0.031002116820027736,0.6083333333333333,0.2069583333333333,0.6083333333333333,0.40764583333333326,0.2085,0.3677916666666667,0.614,95.0,0.214,94.0,14.233333333333334,14.1,7.779166666666666,6.454166666666668,69.04166666666667,69.5,422.4583333333333,395.5,51.708333333333336,,7.875,0.6666666666666666,24.541666666666668,36.791666666666664,36.791666666666664,5.541666666666667,0.0,0.0,,,1.7208333333333332,68.29166666666667
F47_98_8,F47,98,0.218,0.2577908228467407,0.0397908228467406,24,0.0386930186734513,0.0379994299876968,0.0006935886857545,first,A,False,False,False,N4 일반 날 수준 맞음(|편향|≤.1),-0.03979082284674071,0.2069583333333333,0.6083333333333333,0.2069583333333333,0.40764583333333326,0.6187083333333333,0.2085,0.213,96.0,0.213,96.0,17.108333333333334,15.499999999999998,13.579166666666666,3.5291666666666686,70.45833333333333,78.0,399.875,389.6666666666667,110.66666666666667,,24.791666666666668,0.08333333333333333,16.666666666666668,52.875,44.833333333333336,30.333333333333332,0.0,0.0,,,2.3125,70.91666666666667
F47_99_8,F47,99,0.6459583333333333,0.5769139663436846,-0.0690443669896486,24,0.1225076098918959,0.1144109907120309,0.008096619179865,second,B,False,False,False,N4 일반 날 수준 맞음(|편향|≤.1),0.06904436698964866,0.6083333333333333,0.2069583333333333,0.6083333333333333,0.40764583333333326,0.218,0.3677916666666667,0.641,97.0,0.641,97.0,15.629166666666668,15.8,13.579166666666666,2.0500000000000025,77.54166666666667,91.0,406.375,390.5,110.66666666666667,,10.791666666666666,0.6666666666666666,4.166666666666667,36.833333333333336,36.791666666666664,5.541666666666667,0.0,0.0,,,2.3125,70.91666666666667
F47_9_0,F47,9,0.174625,0.1956109349184006,0.0209859349184006,24,0.0134039687783127,0.0105698271455843,0.0028341416327283,single,A,False,False,False,N4 일반 날 수준 맞음(|편향|≤.1),-0.02098593491840059,0.1315833333333333,0.11625,0.1315833333333333,0.12391666666666665,0.20741666666666667,0.20741666666666667,0.198,8.0,0.198,8.0,22.766666666666666,8.7,24.458333333333332,-1.6916666666666664,83.33333333333333,91.66666666666667,392.875,372.8333333333333,93.625,,68.16666666666667,0.0,6.75,59.166666666666664,99.70833333333333,12.291666666666666,0.0,0.08333333333333333,,,0.7083333333333334,83.95833333333333
