V,ens,farm,day,hour,v
DIAG10,A,F13,179,0,0.362
DIAG10,A,F13,179,1,
DIAG10,A,F13,179,2,
DIAG10,A,F13,179,3,
DIAG10,A,F13,179,4,
DIAG10,A,F13,179,5,
DIAG10,A,F13,179,6,
DIAG10,A,F13,179,7,
DIAG10,A,F13,179,8,
DIAG10,A,F13,179,9,
DIAG10,A,F13,179,10,
DIAG10,A,F13,179,11,
DIAG10,A,F13,179,12,
DIAG10,A,F13,179,13,
DIAG10,A,F13,179,14,
DIAG10,A,F13,179,15,
DIAG10,A,F13,179,16,
DIAG10,A,F13,179,17,
DIAG10,A,F13,179,18,
DIAG10,A,F13,179,19,
DIAG10,A,F13,179,20,
DIAG10,A,F13,179,21,
DIAG10,A,F13,179,22,
DIAG10,A,F13,179,23,
DIAG10,A,F13,180,0,0.217
DIAG10,A,F13,180,1,0.217
DIAG10,A,F13,180,2,0.217
DIAG10,A,F13,180,3,0.217
DIAG10,A,F13,180,4,0.217
DIAG10,A,F13,180,5,0.217
DIAG10,A,F13,180,6,0.217
DIAG10,A,F13,180,7,0.217
DIAG10,A,F13,180,8,0.217
DIAG10,A,F13,180,9,0.217
DIAG10,A,F13,180,10,0.217
DIAG10,A,F13,180,11,0.217
DIAG10,A,F13,180,12,0.217
DIAG10,A,F13,180,13,0.217
DIAG10,A,F13,180,14,0.217
DIAG10,A,F13,180,15,0.217
DIAG10,A,F13,180,16,0.217
DIAG10,A,F13,180,17,0.217
DIAG10,A,F13,180,18,0.217
DIAG10,A,F13,180,19,0.217
DIAG10,A,F13,180,20,0.217
DIAG10,A,F13,180,21,0.217
DIAG10,A,F13,180,22,0.217
DIAG10,A,F13,180,23,0.217
DIAG10,A,F13,181,0,0.376
DIAG10,A,F13,181,1,0.376
DIAG10,A,F13,181,2,0.376
DIAG10,A,F13,181,3,0.376
DIAG10,A,F13,181,4,0.376
DIAG10,A,F13,181,5,0.376
DIAG10,A,F13,181,6,0.376
DIAG10,A,F13,181,7,0.376
DIAG10,A,F13,181,8,0.376
DIAG10,A,F13,181,9,0.376
DIAG10,A,F13,181,10,0.376
DIAG10,A,F13,181,11,0.376
DIAG10,A,F13,181,12,0.376
DIAG10,A,F13,181,13,0.376
DIAG10,A,F13,181,14,0.376
DIAG10,A,F13,181,15,0.376
DIAG10,A,F13,181,16,0.376
DIAG10,A,F13,181,17,0.376
DIAG10,A,F13,181,18,0.376
DIAG10,A,F13,181,19,0.376
DIAG10,A,F13,181,20,0.376
DIAG10,A,F13,181,21,0.376
DIAG10,A,F13,181,22,0.376
DIAG10,A,F13,181,23,0.376
DIAG10,A,F13,182,0,
DIAG10,A,F13,182,1,
DIAG10,A,F13,182,2,
DIAG10,A,F13,182,3,
DIAG10,A,F13,182,4,
DIAG10,A,F13,182,5,
DIAG10,A,F13,182,6,
DIAG10,A,F13,182,7,
DIAG10,A,F13,182,8,
DIAG10,A,F13,182,9,
DIAG10,A,F13,182,10,
DIAG10,A,F13,182,11,
DIAG10,A,F13,182,12,
DIAG10,A,F13,182,13,
DIAG10,A,F13,182,14,
DIAG10,A,F13,182,15,
DIAG10,A,F13,182,16,
DIAG10,A,F13,182,17,
DIAG10,A,F13,182,18,
DIAG10,A,F13,182,19,
DIAG10,A,F13,182,20,
DIAG10,A,F13,182,21,
DIAG10,A,F13,182,22,
DIAG10,A,F13,182,23,
DIAG10,B,F13,179,0,0.362
DIAG10,B,F13,179,1,
DIAG10,B,F13,179,2,
DIAG10,B,F13,179,3,
DIAG10,B,F13,179,4,
DIAG10,B,F13,179,5,
DIAG10,B,F13,179,6,
DIAG10,B,F13,179,7,
DIAG10,B,F13,179,8,
DIAG10,B,F13,179,9,
DIAG10,B,F13,179,10,
DIAG10,B,F13,179,11,
DIAG10,B,F13,179,12,
DIAG10,B,F13,179,13,
DIAG10,B,F13,179,14,
DIAG10,B,F13,179,15,
DIAG10,B,F13,179,16,
DIAG10,B,F13,179,17,
DIAG10,B,F13,179,18,
DIAG10,B,F13,179,19,
DIAG10,B,F13,179,20,
DIAG10,B,F13,179,21,
DIAG10,B,F13,179,22,
DIAG10,B,F13,179,23,
DIAG10,B,F13,180,0,0.217
DIAG10,B,F13,180,1,0.217
DIAG10,B,F13,180,2,0.217
DIAG10,B,F13,180,3,0.217
DIAG10,B,F13,180,4,0.217
DIAG10,B,F13,180,5,0.217
DIAG10,B,F13,180,6,0.217
DIAG10,B,F13,180,7,0.217
DIAG10,B,F13,180,8,0.217
DIAG10,B,F13,180,9,0.217
DIAG10,B,F13,180,10,0.217
DIAG10,B,F13,180,11,0.217
DIAG10,B,F13,180,12,0.217
DIAG10,B,F13,180,13,0.217
DIAG10,B,F13,180,14,0.217
DIAG10,B,F13,180,15,0.217
DIAG10,B,F13,180,16,0.217
DIAG10,B,F13,180,17,0.217
DIAG10,B,F13,180,18,0.217
DIAG10,B,F13,180,19,0.217
DIAG10,B,F13,180,20,0.217
DIAG10,B,F13,180,21,0.217
DIAG10,B,F13,180,22,0.217
DIAG10,B,F13,180,23,0.217
DIAG10,B,F13,181,0,0.376
DIAG10,B,F13,181,1,0.376
DIAG10,B,F13,181,2,0.376
DIAG10,B,F13,181,3,0.376
DIAG10,B,F13,181,4,0.376
DIAG10,B,F13,181,5,0.376
DIAG10,B,F13,181,6,0.376
DIAG10,B,F13,181,7,0.376
DIAG10,B,F13,181,8,0.376
DIAG10,B,F13,181,9,0.376
DIAG10,B,F13,181,10,0.376
DIAG10,B,F13,181,11,0.376
DIAG10,B,F13,181,12,0.376
DIAG10,B,F13,181,13,0.376
DIAG10,B,F13,181,14,0.376
DIAG10,B,F13,181,15,0.376
DIAG10,B,F13,181,16,0.376
DIAG10,B,F13,181,17,0.376
DIAG10,B,F13,181,18,0.376
DIAG10,B,F13,181,19,0.376
DIAG10,B,F13,181,20,0.376
DIAG10,B,F13,181,21,0.376
DIAG10,B,F13,181,22,0.376
DIAG10,B,F13,181,23,0.376
DIAG10,B,F13,182,0,
DIAG10,B,F13,182,1,
DIAG10,B,F13,182,2,
DIAG10,B,F13,182,3,
DIAG10,B,F13,182,4,
DIAG10,B,F13,182,5,
DIAG10,B,F13,182,6,
DIAG10,B,F13,182,7,
DIAG10,B,F13,182,8,
DIAG10,B,F13,182,9,
DIAG10,B,F13,182,10,
DIAG10,B,F13,182,11,
DIAG10,B,F13,182,12,
DIAG10,B,F13,182,13,
DIAG10,B,F13,182,14,
DIAG10,B,F13,182,15,
DIAG10,B,F13,182,16,
DIAG10,B,F13,182,17,
DIAG10,B,F13,182,18,
DIAG10,B,F13,182,19,
DIAG10,B,F13,182,20,
DIAG10,B,F13,182,21,
DIAG10,B,F13,182,22,
DIAG10,B,F13,182,23,
DIAG10,C,F13,179,0,
DIAG10,C,F13,179,1,
DIAG10,C,F13,179,2,
DIAG10,C,F13,179,3,
DIAG10,C,F13,179,4,
DIAG10,C,F13,179,5,
DIAG10,C,F13,179,6,
DIAG10,C,F13,179,7,
DIAG10,C,F13,179,8,
DIAG10,C,F13,179,9,
DIAG10,C,F13,179,10,
DIAG10,C,F13,179,11,
DIAG10,C,F13,179,12,
DIAG10,C,F13,179,13,
DIAG10,C,F13,179,14,
DIAG10,C,F13,179,15,
DIAG10,C,F13,179,16,
DIAG10,C,F13,179,17,
DIAG10,C,F13,179,18,
DIAG10,C,F13,179,19,
DIAG10,C,F13,179,20,
DIAG10,C,F13,179,21,
DIAG10,C,F13,179,22,
DIAG10,C,F13,179,23,
DIAG10,C,F13,180,0,0.217
DIAG10,C,F13,180,1,0.217
DIAG10,C,F13,180,2,0.217
DIAG10,C,F13,180,3,0.217
DIAG10,C,F13,180,4,0.217
DIAG10,C,F13,180,5,0.217
DIAG10,C,F13,180,6,0.217
DIAG10,C,F13,180,7,0.217
DIAG10,C,F13,180,8,0.217
DIAG10,C,F13,180,9,0.217
DIAG10,C,F13,180,10,0.217
DIAG10,C,F13,180,11,0.217
DIAG10,C,F13,180,12,0.217
DIAG10,C,F13,180,13,0.217
DIAG10,C,F13,180,14,0.217
DIAG10,C,F13,180,15,0.217
DIAG10,C,F13,180,16,0.217
DIAG10,C,F13,180,17,0.217
DIAG10,C,F13,180,18,0.217
DIAG10,C,F13,180,19,0.217
DIAG10,C,F13,180,20,0.217
DIAG10,C,F13,180,21,0.217
DIAG10,C,F13,180,22,0.217
DIAG10,C,F13,180,23,0.217
DIAG10,C,F13,181,0,0.376
DIAG10,C,F13,181,1,0.376
DIAG10,C,F13,181,2,0.376
DIAG10,C,F13,181,3,0.376
DIAG10,C,F13,181,4,0.376
DIAG10,C,F13,181,5,0.376
DIAG10,C,F13,181,6,0.376
DIAG10,C,F13,181,7,0.376
DIAG10,C,F13,181,8,0.376
DIAG10,C,F13,181,9,0.376
DIAG10,C,F13,181,10,0.376
DIAG10,C,F13,181,11,0.376
DIAG10,C,F13,181,12,0.376
DIAG10,C,F13,181,13,0.376
DIAG10,C,F13,181,14,0.376
DIAG10,C,F13,181,15,0.376
DIAG10,C,F13,181,16,0.376
DIAG10,C,F13,181,17,0.376
DIAG10,C,F13,181,18,0.376
DIAG10,C,F13,181,19,0.376
DIAG10,C,F13,181,20,0.376
DIAG10,C,F13,181,21,0.376
DIAG10,C,F13,181,22,0.376
DIAG10,C,F13,181,23,0.376
DIAG10,C,F13,182,0,
DIAG10,C,F13,182,1,
DIAG10,C,F13,182,2,
DIAG10,C,F13,182,3,
DIAG10,C,F13,182,4,
DIAG10,C,F13,182,5,
DIAG10,C,F13,182,6,
DIAG10,C,F13,182,7,
DIAG10,C,F13,182,8,
DIAG10,C,F13,182,9,
DIAG10,C,F13,182,10,
DIAG10,C,F13,182,11,
DIAG10,C,F13,182,12,
DIAG10,C,F13,182,13,
DIAG10,C,F13,182,14,
DIAG10,C,F13,182,15,
DIAG10,C,F13,182,16,
DIAG10,C,F13,182,17,
DIAG10,C,F13,182,18,
DIAG10,C,F13,182,19,
DIAG10,C,F13,182,20,
DIAG10,C,F13,182,21,
DIAG10,C,F13,182,22,
DIAG10,C,F13,182,23,
DIAG10,A,F47,179,0,0.202
DIAG10,A,F47,179,1,
DIAG10,A,F47,179,2,
DIAG10,A,F47,179,3,
DIAG10,A,F47,179,4,
DIAG10,A,F47,179,5,
DIAG10,A,F47,179,6,
DIAG10,A,F47,179,7,
DIAG10,A,F47,179,8,
DIAG10,A,F47,179,9,
DIAG10,A,F47,179,10,
DIAG10,A,F47,179,11,
DIAG10,A,F47,179,12,
DIAG10,A,F47,179,13,
DIAG10,A,F47,179,14,
DIAG10,A,F47,179,15,
DIAG10,A,F47,179,16,
DIAG10,A,F47,179,17,
DIAG10,A,F47,179,18,
DIAG10,A,F47,179,19,
DIAG10,A,F47,179,20,
DIAG10,A,F47,179,21,
DIAG10,A,F47,179,22,
DIAG10,A,F47,179,23,
DIAG10,A,F47,180,0,0.209
DIAG10,A,F47,180,1,0.209
DIAG10,A,F47,180,2,0.209
DIAG10,A,F47,180,3,0.209
DIAG10,A,F47,180,4,0.209
DIAG10,A,F47,180,5,0.209
DIAG10,A,F47,180,6,0.209
DIAG10,A,F47,180,7,0.209
DIAG10,A,F47,180,8,0.209
DIAG10,A,F47,180,9,0.209
DIAG10,A,F47,180,10,0.209
DIAG10,A,F47,180,11,0.209
DIAG10,A,F47,180,12,0.209
DIAG10,A,F47,180,13,0.209
DIAG10,A,F47,180,14,0.209
DIAG10,A,F47,180,15,0.209
DIAG10,A,F47,180,16,0.209
DIAG10,A,F47,180,17,0.209
DIAG10,A,F47,180,18,0.209
DIAG10,A,F47,180,19,0.209
DIAG10,A,F47,180,20,0.209
DIAG10,A,F47,180,21,0.209
DIAG10,A,F47,180,22,0.209
DIAG10,A,F47,180,23,0.209
DIAG10,B,F47,179,0,0.209
DIAG10,B,F47,179,1,
DIAG10,B,F47,179,2,
DIAG10,B,F47,179,3,
DIAG10,B,F47,179,4,
DIAG10,B,F47,179,5,
DIAG10,B,F47,179,6,
DIAG10,B,F47,179,7,
DIAG10,B,F47,179,8,
DIAG10,B,F47,179,9,
DIAG10,B,F47,179,10,
DIAG10,B,F47,179,11,
DIAG10,B,F47,179,12,
DIAG10,B,F47,179,13,
DIAG10,B,F47,179,14,
DIAG10,B,F47,179,15,
DIAG10,B,F47,179,16,
DIAG10,B,F47,179,17,
DIAG10,B,F47,179,18,
DIAG10,B,F47,179,19,
DIAG10,B,F47,179,20,
DIAG10,B,F47,179,21,
DIAG10,B,F47,179,22,
DIAG10,B,F47,179,23,
DIAG10,B,F47,180,0,0.209
DIAG10,B,F47,180,1,0.209
DIAG10,B,F47,180,2,0.209
DIAG10,B,F47,180,3,0.209
DIAG10,B,F47,180,4,0.209
DIAG10,B,F47,180,5,0.209
DIAG10,B,F47,180,6,0.209
DIAG10,B,F47,180,7,0.209
DIAG10,B,F47,180,8,0.209
DIAG10,B,F47,180,9,0.209
DIAG10,B,F47,180,10,0.209
DIAG10,B,F47,180,11,0.209
DIAG10,B,F47,180,12,0.209
DIAG10,B,F47,180,13,0.209
DIAG10,B,F47,180,14,0.209
DIAG10,B,F47,180,15,0.209
DIAG10,B,F47,180,16,0.209
DIAG10,B,F47,180,17,0.209
DIAG10,B,F47,180,18,0.209
DIAG10,B,F47,180,19,0.209
DIAG10,B,F47,180,20,0.209
DIAG10,B,F47,180,21,0.209
DIAG10,B,F47,180,22,0.209
DIAG10,B,F47,180,23,0.209
DIAG10,C,F47,179,0,0.202
DIAG10,C,F47,179,1,
DIAG10,C,F47,179,2,
DIAG10,C,F47,179,3,
DIAG10,C,F47,179,4,
DIAG10,C,F47,179,5,
DIAG10,C,F47,179,6,
DIAG10,C,F47,179,7,
DIAG10,C,F47,179,8,
DIAG10,C,F47,179,9,
DIAG10,C,F47,179,10,
DIAG10,C,F47,179,11,
DIAG10,C,F47,179,12,
DIAG10,C,F47,179,13,
DIAG10,C,F47,179,14,
DIAG10,C,F47,179,15,
DIAG10,C,F47,179,16,
DIAG10,C,F47,179,17,
DIAG10,C,F47,179,18,
DIAG10,C,F47,179,19,
DIAG10,C,F47,179,20,
DIAG10,C,F47,179,21,
DIAG10,C,F47,179,22,
DIAG10,C,F47,179,23,
DIAG10,C,F47,180,0,0.209
DIAG10,C,F47,180,1,0.209
DIAG10,C,F47,180,2,0.209
DIAG10,C,F47,180,3,0.209
DIAG10,C,F47,180,4,0.209
DIAG10,C,F47,180,5,0.209
DIAG10,C,F47,180,6,0.209
DIAG10,C,F47,180,7,0.209
DIAG10,C,F47,180,8,0.209
DIAG10,C,F47,180,9,0.209
DIAG10,C,F47,180,10,0.209
DIAG10,C,F47,180,11,0.209
DIAG10,C,F47,180,12,0.209
DIAG10,C,F47,180,13,0.209
DIAG10,C,F47,180,14,0.209
DIAG10,C,F47,180,15,0.209
DIAG10,C,F47,180,16,0.209
DIAG10,C,F47,180,17,0.209
DIAG10,C,F47,180,18,0.209
DIAG10,C,F47,180,19,0.209
DIAG10,C,F47,180,20,0.209
DIAG10,C,F47,180,21,0.209
DIAG10,C,F47,180,22,0.209
DIAG10,C,F47,180,23,0.209
DIAG10,A,F13,183,0,
DIAG10,A,F13,183,1,
DIAG10,A,F13,183,2,
DIAG10,A,F13,183,3,
DIAG10,A,F13,183,4,
DIAG10,A,F13,183,5,
DIAG10,A,F13,183,6,
DIAG10,A,F13,183,7,
DIAG10,A,F13,183,8,
DIAG10,A,F13,183,9,
DIAG10,A,F13,183,10,
DIAG10,A,F13,183,11,
DIAG10,A,F13,183,12,
DIAG10,A,F13,183,13,
DIAG10,A,F13,183,14,
DIAG10,A,F13,183,15,
DIAG10,A,F13,183,16,
DIAG10,A,F13,183,17,
DIAG10,A,F13,183,18,
DIAG10,A,F13,183,19,
DIAG10,A,F13,183,20,
DIAG10,A,F13,183,21,
DIAG10,A,F13,183,22,
DIAG10,A,F13,183,23,
DIAG10,B,F13,183,0,
DIAG10,B,F13,183,1,
DIAG10,B,F13,183,2,
DIAG10,B,F13,183,3,
DIAG10,B,F13,183,4,
DIAG10,B,F13,183,5,
DIAG10,B,F13,183,6,
DIAG10,B,F13,183,7,
DIAG10,B,F13,183,8,
DIAG10,B,F13,183,9,
DIAG10,B,F13,183,10,
DIAG10,B,F13,183,11,
DIAG10,B,F13,183,12,
DIAG10,B,F13,183,13,
DIAG10,B,F13,183,14,
DIAG10,B,F13,183,15,
DIAG10,B,F13,183,16,
DIAG10,B,F13,183,17,
DIAG10,B,F13,183,18,
DIAG10,B,F13,183,19,
DIAG10,B,F13,183,20,
DIAG10,B,F13,183,21,
DIAG10,B,F13,183,22,
DIAG10,B,F13,183,23,
DIAG10,C,F13,183,0,
DIAG10,C,F13,183,1,
DIAG10,C,F13,183,2,
DIAG10,C,F13,183,3,
DIAG10,C,F13,183,4,
DIAG10,C,F13,183,5,
DIAG10,C,F13,183,6,
DIAG10,C,F13,183,7,
DIAG10,C,F13,183,8,
DIAG10,C,F13,183,9,
DIAG10,C,F13,183,10,
DIAG10,C,F13,183,11,
DIAG10,C,F13,183,12,
DIAG10,C,F13,183,13,
DIAG10,C,F13,183,14,
DIAG10,C,F13,183,15,
DIAG10,C,F13,183,16,
DIAG10,C,F13,183,17,
DIAG10,C,F13,183,18,
DIAG10,C,F13,183,19,
DIAG10,C,F13,183,20,
DIAG10,C,F13,183,21,
DIAG10,C,F13,183,22,
DIAG10,C,F13,183,23,
DIAG10,A,F47,191,0,0.274
DIAG10,A,F47,191,1,0.44
DIAG10,A,F47,191,2,0.44
DIAG10,A,F47,191,3,0.407
DIAG10,A,F47,191,4,0.407
DIAG10,A,F47,191,5,0.407
DIAG10,A,F47,191,6,
DIAG10,A,F47,191,7,
DIAG10,A,F47,191,8,
DIAG10,A,F47,191,9,
DIAG10,A,F47,191,10,
DIAG10,A,F47,191,11,
DIAG10,A,F47,191,12,
DIAG10,A,F47,191,13,
DIAG10,A,F47,191,14,
DIAG10,A,F47,191,15,
DIAG10,A,F47,191,16,
DIAG10,A,F47,191,17,
DIAG10,A,F47,191,18,
DIAG10,A,F47,191,19,
DIAG10,A,F47,191,20,
DIAG10,A,F47,191,21,
DIAG10,A,F47,191,22,
DIAG10,A,F47,191,23,
DIAG10,A,F47,192,0,0.17
DIAG10,A,F47,192,1,0.167
DIAG10,A,F47,192,2,0.167
DIAG10,A,F47,192,3,0.167
DIAG10,A,F47,192,4,0.167
DIAG10,A,F47,192,5,0.167
DIAG10,A,F47,192,6,0.167
DIAG10,A,F47,192,7,0.167
DIAG10,A,F47,192,8,0.167
DIAG10,A,F47,192,9,0.167
DIAG10,A,F47,192,10,0.167
DIAG10,A,F47,192,11,0.167
DIAG10,A,F47,192,12,
DIAG10,A,F47,192,13,
DIAG10,A,F47,192,14,
DIAG10,A,F47,192,15,
DIAG10,A,F47,192,16,
DIAG10,A,F47,192,17,
DIAG10,A,F47,192,18,
DIAG10,A,F47,192,19,
DIAG10,A,F47,192,20,
DIAG10,A,F47,192,21,
DIAG10,A,F47,192,22,
DIAG10,A,F47,192,23,
DIAG10,B,F47,191,0,0.274
DIAG10,B,F47,191,1,0.44
DIAG10,B,F47,191,2,0.44
DIAG10,B,F47,191,3,0.407
DIAG10,B,F47,191,4,0.407
DIAG10,B,F47,191,5,0.407
DIAG10,B,F47,191,6,0.407
DIAG10,B,F47,191,7,0.407
DIAG10,B,F47,191,8,0.407
DIAG10,B,F47,191,9,0.407
DIAG10,B,F47,191,10,0.407
DIAG10,B,F47,191,11,0.407
DIAG10,B,F47,191,12,
DIAG10,B,F47,191,13,
DIAG10,B,F47,191,14,
DIAG10,B,F47,191,15,
DIAG10,B,F47,191,16,
DIAG10,B,F47,191,17,
DIAG10,B,F47,191,18,
DIAG10,B,F47,191,19,
DIAG10,B,F47,191,20,
DIAG10,B,F47,191,21,
DIAG10,B,F47,191,22,
DIAG10,B,F47,191,23,
DIAG10,B,F47,192,0,0.17
DIAG10,B,F47,192,1,0.167
DIAG10,B,F47,192,2,0.167
DIAG10,B,F47,192,3,
DIAG10,B,F47,192,4,
DIAG10,B,F47,192,5,
DIAG10,B,F47,192,6,0.167
DIAG10,B,F47,192,7,0.167
DIAG10,B,F47,192,8,0.167
DIAG10,B,F47,192,9,0.167
DIAG10,B,F47,192,10,0.167
DIAG10,B,F47,192,11,0.167
DIAG10,B,F47,192,12,
DIAG10,B,F47,192,13,
DIAG10,B,F47,192,14,
DIAG10,B,F47,192,15,
DIAG10,B,F47,192,16,
DIAG10,B,F47,192,17,
DIAG10,B,F47,192,18,
DIAG10,B,F47,192,19,
DIAG10,B,F47,192,20,
DIAG10,B,F47,192,21,
DIAG10,B,F47,192,22,
DIAG10,B,F47,192,23,
DIAG10,C,F47,191,0,0.44
DIAG10,C,F47,191,1,0.44
DIAG10,C,F47,191,2,0.44
DIAG10,C,F47,191,3,0.407
DIAG10,C,F47,191,4,0.407
DIAG10,C,F47,191,5,0.407
DIAG10,C,F47,191,6,0.407
DIAG10,C,F47,191,7,0.407
DIAG10,C,F47,191,8,0.407
DIAG10,C,F47,191,9,0.407
DIAG10,C,F47,191,10,0.407
DIAG10,C,F47,191,11,0.407
DIAG10,C,F47,191,12,
DIAG10,C,F47,191,13,
DIAG10,C,F47,191,14,
DIAG10,C,F47,191,15,
DIAG10,C,F47,191,16,
DIAG10,C,F47,191,17,
DIAG10,C,F47,191,18,
DIAG10,C,F47,191,19,
DIAG10,C,F47,191,20,
DIAG10,C,F47,191,21,
DIAG10,C,F47,191,22,
DIAG10,C,F47,191,23,
DIAG10,C,F47,192,0,0.17
DIAG10,C,F47,192,1,
DIAG10,C,F47,192,2,
DIAG10,C,F47,192,3,
DIAG10,C,F47,192,4,
DIAG10,C,F47,192,5,
DIAG10,C,F47,192,6,
DIAG10,C,F47,192,7,
DIAG10,C,F47,192,8,
DIAG10,C,F47,192,9,
DIAG10,C,F47,192,10,
DIAG10,C,F47,192,11,
DIAG10,C,F47,192,12,
DIAG10,C,F47,192,13,
DIAG10,C,F47,192,14,
DIAG10,C,F47,192,15,
DIAG10,C,F47,192,16,
DIAG10,C,F47,192,17,
DIAG10,C,F47,192,18,
DIAG10,C,F47,192,19,
DIAG10,C,F47,192,20,
DIAG10,C,F47,192,21,
DIAG10,C,F47,192,22,
DIAG10,C,F47,192,23,
DIAG10,A,F13,195,0,0.553
DIAG10,A,F13,195,1,0.553
DIAG10,A,F13,195,2,0.553
DIAG10,A,F13,195,3,0.553
DIAG10,A,F13,195,4,0.553
DIAG10,A,F13,195,5,0.553
DIAG10,A,F13,195,6,0.553
DIAG10,A,F13,195,7,0.553
DIAG10,A,F13,195,8,0.553
DIAG10,A,F13,195,9,0.553
DIAG10,A,F13,195,10,0.553
DIAG10,A,F13,195,11,0.553
DIAG10,A,F13,195,12,0.553
DIAG10,A,F13,195,13,0.553
DIAG10,A,F13,195,14,0.553
DIAG10,A,F13,195,15,0.553
DIAG10,A,F13,195,16,0.553
DIAG10,A,F13,195,17,0.553
DIAG10,A,F13,195,18,0.553
DIAG10,A,F13,195,19,0.553
DIAG10,A,F13,195,20,0.553
DIAG10,A,F13,195,21,0.553
DIAG10,A,F13,195,22,0.553
DIAG10,A,F13,195,23,0.553
DIAG10,A,F13,196,0,0.5642310717045081
DIAG10,A,F13,196,1,0.5642310717045081
DIAG10,A,F13,196,2,0.5642310717045081
DIAG10,A,F13,196,3,0.5642310717045081
DIAG10,A,F13,196,4,0.5642310717045081
DIAG10,A,F13,196,5,0.5642310717045081
DIAG10,A,F13,196,6,0.5642310717045081
DIAG10,A,F13,196,7,0.5642310717045081
DIAG10,A,F13,196,8,0.5642310717045081
DIAG10,A,F13,196,9,0.5642310717045081
DIAG10,A,F13,196,10,0.5642310717045081
DIAG10,A,F13,196,11,0.5642310717045081
DIAG10,A,F13,196,12,0.5642310717045081
DIAG10,A,F13,196,13,0.5642310717045081
DIAG10,A,F13,196,14,0.5642310717045081
DIAG10,A,F13,196,15,0.5642310717045081
DIAG10,A,F13,196,16,0.5642310717045081
DIAG10,A,F13,196,17,0.5642310717045081
DIAG10,A,F13,196,18,0.5642310717045081
DIAG10,A,F13,196,19,0.5642310717045081
DIAG10,A,F13,196,20,0.5642310717045081
DIAG10,A,F13,196,21,0.5642310717045081
DIAG10,A,F13,196,22,0.5642310717045081
DIAG10,A,F13,196,23,0.5642310717045081
DIAG10,A,F13,197,0,0.5859986078336714
DIAG10,A,F13,197,1,0.5859986078336714
DIAG10,A,F13,197,2,0.5859986078336714
DIAG10,A,F13,197,3,0.5859986078336714
DIAG10,A,F13,197,4,0.5859986078336714
DIAG10,A,F13,197,5,0.5859986078336714
DIAG10,A,F13,197,6,0.5859986078336714
DIAG10,A,F13,197,7,0.5859986078336714
DIAG10,A,F13,197,8,0.5859986078336714
DIAG10,A,F13,197,9,0.5859986078336714
DIAG10,A,F13,197,10,0.5859986078336714
DIAG10,A,F13,197,11,0.5859986078336714
DIAG10,A,F13,197,12,0.5859986078336714
DIAG10,A,F13,197,13,0.5859986078336714
DIAG10,A,F13,197,14,0.5859986078336714
DIAG10,A,F13,197,15,0.5859986078336714
DIAG10,A,F13,197,16,0.5859986078336714
DIAG10,A,F13,197,17,0.5859986078336714
DIAG10,A,F13,197,18,0.5859986078336714
DIAG10,A,F13,197,19,0.5859986078336714
DIAG10,A,F13,197,20,0.5859986078336714
DIAG10,A,F13,197,21,0.5859986078336714
DIAG10,A,F13,197,22,0.5859986078336714
DIAG10,A,F13,197,23,0.5859986078336714
DIAG10,A,F13,198,0,0.278
DIAG10,A,F13,198,1,0.278
DIAG10,A,F13,198,2,0.278
DIAG10,A,F13,198,3,0.278
DIAG10,A,F13,198,4,0.278
DIAG10,A,F13,198,5,0.278
DIAG10,A,F13,198,6,0.278
DIAG10,A,F13,198,7,0.278
DIAG10,A,F13,198,8,0.278
DIAG10,A,F13,198,9,0.278
DIAG10,A,F13,198,10,0.278
DIAG10,A,F13,198,11,0.278
DIAG10,A,F13,198,12,0.278
DIAG10,A,F13,198,13,0.278
DIAG10,A,F13,198,14,0.278
DIAG10,A,F13,198,15,0.278
DIAG10,A,F13,198,16,0.278
DIAG10,A,F13,198,17,0.278
DIAG10,A,F13,198,18,0.278
DIAG10,A,F13,198,19,0.278
DIAG10,A,F13,198,20,0.278
DIAG10,A,F13,198,21,0.278
DIAG10,A,F13,198,22,0.278
DIAG10,A,F13,198,23,0.278
DIAG10,A,F13,211,0,0.351
DIAG10,A,F13,211,1,0.352
DIAG10,A,F13,211,2,0.352
DIAG10,A,F13,211,3,0.352
DIAG10,A,F13,211,4,0.352
DIAG10,A,F13,211,5,0.352
DIAG10,A,F13,211,6,0.352
DIAG10,A,F13,211,7,0.352
DIAG10,A,F13,211,8,0.352
DIAG10,A,F13,211,9,0.352
DIAG10,A,F13,211,10,0.352
DIAG10,A,F13,211,11,0.352
DIAG10,A,F13,211,12,0.352
DIAG10,A,F13,211,13,0.352
DIAG10,A,F13,211,14,0.352
DIAG10,A,F13,211,15,0.352
DIAG10,A,F13,211,16,0.352
DIAG10,A,F13,211,17,0.352
DIAG10,A,F13,211,18,0.352
DIAG10,A,F13,211,19,0.352
DIAG10,A,F13,211,20,0.352
DIAG10,A,F13,211,21,0.352
DIAG10,A,F13,211,22,0.352
DIAG10,A,F13,211,23,0.352
DIAG10,B,F13,195,0,0.553
DIAG10,B,F13,195,1,0.553
DIAG10,B,F13,195,2,0.553
DIAG10,B,F13,195,3,0.553
DIAG10,B,F13,195,4,0.553
DIAG10,B,F13,195,5,0.553
DIAG10,B,F13,195,6,0.553
DIAG10,B,F13,195,7,0.553
DIAG10,B,F13,195,8,0.553
DIAG10,B,F13,195,9,0.553
DIAG10,B,F13,195,10,0.553
DIAG10,B,F13,195,11,0.553
DIAG10,B,F13,195,12,0.553
DIAG10,B,F13,195,13,0.553
DIAG10,B,F13,195,14,0.553
DIAG10,B,F13,195,15,0.553
DIAG10,B,F13,195,16,0.553
DIAG10,B,F13,195,17,0.553
DIAG10,B,F13,195,18,0.553
DIAG10,B,F13,195,19,0.553
DIAG10,B,F13,195,20,0.553
DIAG10,B,F13,195,21,0.553
DIAG10,B,F13,195,22,0.553
DIAG10,B,F13,195,23,0.553
DIAG10,B,F13,196,0,0.5642310717045081
DIAG10,B,F13,196,1,0.5642310717045081
DIAG10,B,F13,196,2,0.5642310717045081
DIAG10,B,F13,196,3,0.5642310717045081
DIAG10,B,F13,196,4,0.5642310717045081
DIAG10,B,F13,196,5,0.5642310717045081
DIAG10,B,F13,196,6,0.5642310717045081
DIAG10,B,F13,196,7,0.5642310717045081
DIAG10,B,F13,196,8,0.5642310717045081
DIAG10,B,F13,196,9,0.5642310717045081
DIAG10,B,F13,196,10,0.5642310717045081
DIAG10,B,F13,196,11,0.5642310717045081
DIAG10,B,F13,196,12,0.5642310717045081
DIAG10,B,F13,196,13,0.5642310717045081
DIAG10,B,F13,196,14,0.5642310717045081
DIAG10,B,F13,196,15,0.5642310717045081
DIAG10,B,F13,196,16,0.5642310717045081
DIAG10,B,F13,196,17,0.5642310717045081
DIAG10,B,F13,196,18,0.5642310717045081
DIAG10,B,F13,196,19,0.5642310717045081
DIAG10,B,F13,196,20,0.5642310717045081
DIAG10,B,F13,196,21,0.5642310717045081
DIAG10,B,F13,196,22,0.5642310717045081
DIAG10,B,F13,196,23,0.5642310717045081
DIAG10,B,F13,197,0,0.5859986078336714
DIAG10,B,F13,197,1,0.5859986078336714
DIAG10,B,F13,197,2,0.5859986078336714
DIAG10,B,F13,197,3,0.5859986078336714
DIAG10,B,F13,197,4,0.5859986078336714
DIAG10,B,F13,197,5,0.5859986078336714
DIAG10,B,F13,197,6,0.5859986078336714
DIAG10,B,F13,197,7,0.5859986078336714
DIAG10,B,F13,197,8,0.5859986078336714
DIAG10,B,F13,197,9,0.5859986078336714
DIAG10,B,F13,197,10,0.5859986078336714
DIAG10,B,F13,197,11,0.5859986078336714
DIAG10,B,F13,197,12,0.5859986078336714
DIAG10,B,F13,197,13,0.5859986078336714
DIAG10,B,F13,197,14,0.5859986078336714
DIAG10,B,F13,197,15,0.5859986078336714
DIAG10,B,F13,197,16,0.5859986078336714
DIAG10,B,F13,197,17,0.5859986078336714
DIAG10,B,F13,197,18,0.5859986078336714
DIAG10,B,F13,197,19,0.5859986078336714
DIAG10,B,F13,197,20,0.5859986078336714
DIAG10,B,F13,197,21,0.5859986078336714
DIAG10,B,F13,197,22,0.5859986078336714
DIAG10,B,F13,197,23,0.5859986078336714
DIAG10,B,F13,198,0,0.278
DIAG10,B,F13,198,1,0.278
DIAG10,B,F13,198,2,0.278
DIAG10,B,F13,198,3,0.278
DIAG10,B,F13,198,4,0.278
DIAG10,B,F13,198,5,0.278
DIAG10,B,F13,198,6,0.278
DIAG10,B,F13,198,7,0.278
DIAG10,B,F13,198,8,0.278
DIAG10,B,F13,198,9,0.278
DIAG10,B,F13,198,10,0.278
DIAG10,B,F13,198,11,0.278
DIAG10,B,F13,198,12,0.278
DIAG10,B,F13,198,13,0.278
DIAG10,B,F13,198,14,0.278
DIAG10,B,F13,198,15,0.278
DIAG10,B,F13,198,16,0.278
DIAG10,B,F13,198,17,0.278
DIAG10,B,F13,198,18,0.278
DIAG10,B,F13,198,19,0.278
DIAG10,B,F13,198,20,0.278
DIAG10,B,F13,198,21,0.278
DIAG10,B,F13,198,22,0.278
DIAG10,B,F13,198,23,0.278
DIAG10,B,F13,211,0,0.738
DIAG10,B,F13,211,1,
DIAG10,B,F13,211,2,
DIAG10,B,F13,211,3,
DIAG10,B,F13,211,4,
DIAG10,B,F13,211,5,
DIAG10,B,F13,211,6,
DIAG10,B,F13,211,7,
DIAG10,B,F13,211,8,
DIAG10,B,F13,211,9,
DIAG10,B,F13,211,10,
DIAG10,B,F13,211,11,
DIAG10,B,F13,211,12,
DIAG10,B,F13,211,13,
DIAG10,B,F13,211,14,
DIAG10,B,F13,211,15,
DIAG10,B,F13,211,16,
DIAG10,B,F13,211,17,
DIAG10,B,F13,211,18,
DIAG10,B,F13,211,19,
DIAG10,B,F13,211,20,
DIAG10,B,F13,211,21,
DIAG10,B,F13,211,22,
DIAG10,B,F13,211,23,
DIAG10,C,F13,195,0,0.553
DIAG10,C,F13,195,1,0.553
DIAG10,C,F13,195,2,0.553
DIAG10,C,F13,195,3,0.553
DIAG10,C,F13,195,4,0.553
DIAG10,C,F13,195,5,0.553
DIAG10,C,F13,195,6,0.553
DIAG10,C,F13,195,7,0.553
DIAG10,C,F13,195,8,0.553
DIAG10,C,F13,195,9,0.553
DIAG10,C,F13,195,10,0.553
DIAG10,C,F13,195,11,0.553
DIAG10,C,F13,195,12,0.553
DIAG10,C,F13,195,13,0.553
DIAG10,C,F13,195,14,0.553
DIAG10,C,F13,195,15,0.553
DIAG10,C,F13,195,16,0.553
DIAG10,C,F13,195,17,0.553
DIAG10,C,F13,195,18,0.553
DIAG10,C,F13,195,19,0.553
DIAG10,C,F13,195,20,0.553
DIAG10,C,F13,195,21,0.553
DIAG10,C,F13,195,22,0.553
DIAG10,C,F13,195,23,0.553
DIAG10,C,F13,196,0,0.5642310717045081
DIAG10,C,F13,196,1,0.5642310717045081
DIAG10,C,F13,196,2,0.5642310717045081
DIAG10,C,F13,196,3,0.5642310717045081
DIAG10,C,F13,196,4,0.5642310717045081
DIAG10,C,F13,196,5,0.5642310717045081
DIAG10,C,F13,196,6,0.5642310717045081
DIAG10,C,F13,196,7,0.5642310717045081
DIAG10,C,F13,196,8,0.5642310717045081
DIAG10,C,F13,196,9,0.5642310717045081
DIAG10,C,F13,196,10,0.5642310717045081
DIAG10,C,F13,196,11,0.5642310717045081
DIAG10,C,F13,196,12,0.5642310717045081
DIAG10,C,F13,196,13,0.5642310717045081
DIAG10,C,F13,196,14,0.5642310717045081
DIAG10,C,F13,196,15,0.5642310717045081
DIAG10,C,F13,196,16,0.5642310717045081
DIAG10,C,F13,196,17,0.5642310717045081
DIAG10,C,F13,196,18,0.5642310717045081
DIAG10,C,F13,196,19,0.5642310717045081
DIAG10,C,F13,196,20,0.5642310717045081
DIAG10,C,F13,196,21,0.5642310717045081
DIAG10,C,F13,196,22,0.5642310717045081
DIAG10,C,F13,196,23,0.5642310717045081
DIAG10,C,F13,197,0,0.5859986078336714
DIAG10,C,F13,197,1,0.5859986078336714
DIAG10,C,F13,197,2,0.5859986078336714
DIAG10,C,F13,197,3,0.5859986078336714
DIAG10,C,F13,197,4,0.5859986078336714
DIAG10,C,F13,197,5,0.5859986078336714
DIAG10,C,F13,197,6,0.5859986078336714
DIAG10,C,F13,197,7,0.5859986078336714
DIAG10,C,F13,197,8,0.5859986078336714
DIAG10,C,F13,197,9,0.5859986078336714
DIAG10,C,F13,197,10,0.5859986078336714
DIAG10,C,F13,197,11,0.5859986078336714
DIAG10,C,F13,197,12,0.5859986078336714
DIAG10,C,F13,197,13,0.5859986078336714
DIAG10,C,F13,197,14,0.5859986078336714
DIAG10,C,F13,197,15,0.5859986078336714
DIAG10,C,F13,197,16,0.5859986078336714
DIAG10,C,F13,197,17,0.5859986078336714
DIAG10,C,F13,197,18,0.5859986078336714
DIAG10,C,F13,197,19,0.5859986078336714
DIAG10,C,F13,197,20,0.5859986078336714
DIAG10,C,F13,197,21,0.5859986078336714
DIAG10,C,F13,197,22,0.5859986078336714
DIAG10,C,F13,197,23,0.5859986078336714
DIAG10,C,F13,198,0,0.278
DIAG10,C,F13,198,1,0.278
DIAG10,C,F13,198,2,0.278
DIAG10,C,F13,198,3,0.278
DIAG10,C,F13,198,4,0.278
DIAG10,C,F13,198,5,0.278
DIAG10,C,F13,198,6,0.278
DIAG10,C,F13,198,7,0.278
DIAG10,C,F13,198,8,0.278
DIAG10,C,F13,198,9,0.278
DIAG10,C,F13,198,10,0.278
DIAG10,C,F13,198,11,0.278
DIAG10,C,F13,198,12,0.278
DIAG10,C,F13,198,13,0.278
DIAG10,C,F13,198,14,0.278
DIAG10,C,F13,198,15,0.278
DIAG10,C,F13,198,16,0.278
DIAG10,C,F13,198,17,0.278
DIAG10,C,F13,198,18,0.278
DIAG10,C,F13,198,19,0.278
DIAG10,C,F13,198,20,0.278
DIAG10,C,F13,198,21,0.278
DIAG10,C,F13,198,22,0.278
DIAG10,C,F13,198,23,0.278
DIAG10,C,F13,211,0,0.351
DIAG10,C,F13,211,1,0.352
DIAG10,C,F13,211,2,0.352
DIAG10,C,F13,211,3,0.352
DIAG10,C,F13,211,4,0.352
DIAG10,C,F13,211,5,0.352
DIAG10,C,F13,211,6,
DIAG10,C,F13,211,7,
DIAG10,C,F13,211,8,
DIAG10,C,F13,211,9,
DIAG10,C,F13,211,10,
DIAG10,C,F13,211,11,
DIAG10,C,F13,211,12,
DIAG10,C,F13,211,13,
DIAG10,C,F13,211,14,
DIAG10,C,F13,211,15,
DIAG10,C,F13,211,16,
DIAG10,C,F13,211,17,
DIAG10,C,F13,211,18,
DIAG10,C,F13,211,19,
DIAG10,C,F13,211,20,
DIAG10,C,F13,211,21,
DIAG10,C,F13,211,22,
DIAG10,C,F13,211,23,
DIAG10,A,F47,193,0,0.378
DIAG10,A,F47,193,1,0.378
DIAG10,A,F47,193,2,0.378
DIAG10,A,F47,193,3,0.378
DIAG10,A,F47,193,4,0.378
DIAG10,A,F47,193,5,0.378
DIAG10,A,F47,193,6,0.378
DIAG10,A,F47,193,7,0.378
DIAG10,A,F47,193,8,0.378
DIAG10,A,F47,193,9,0.378
DIAG10,A,F47,193,10,0.378
DIAG10,A,F47,193,11,0.378
DIAG10,A,F47,193,12,0.378
DIAG10,A,F47,193,13,0.378
DIAG10,A,F47,193,14,0.378
DIAG10,A,F47,193,15,0.378
DIAG10,A,F47,193,16,0.378
DIAG10,A,F47,193,17,0.378
DIAG10,A,F47,193,18,0.378
DIAG10,A,F47,193,19,0.378
DIAG10,A,F47,193,20,0.378
DIAG10,A,F47,193,21,0.378
DIAG10,A,F47,193,22,0.378
DIAG10,A,F47,193,23,0.378
DIAG10,A,F47,194,0,0.719
DIAG10,A,F47,194,1,
DIAG10,A,F47,194,2,
DIAG10,A,F47,194,3,
DIAG10,A,F47,194,4,
DIAG10,A,F47,194,5,
DIAG10,A,F47,194,6,
DIAG10,A,F47,194,7,
DIAG10,A,F47,194,8,
DIAG10,A,F47,194,9,
DIAG10,A,F47,194,10,
DIAG10,A,F47,194,11,
DIAG10,A,F47,194,12,
DIAG10,A,F47,194,13,
DIAG10,A,F47,194,14,
DIAG10,A,F47,194,15,
DIAG10,A,F47,194,16,
DIAG10,A,F47,194,17,
DIAG10,A,F47,194,18,
DIAG10,A,F47,194,19,
DIAG10,A,F47,194,20,
DIAG10,A,F47,194,21,
DIAG10,A,F47,194,22,
DIAG10,A,F47,194,23,
DIAG10,A,F47,195,0,0.191
DIAG10,A,F47,195,1,0.191
DIAG10,A,F47,195,2,0.191
DIAG10,A,F47,195,3,0.191
DIAG10,A,F47,195,4,0.191
DIAG10,A,F47,195,5,0.191
DIAG10,A,F47,195,6,0.191
DIAG10,A,F47,195,7,0.191
DIAG10,A,F47,195,8,0.191
DIAG10,A,F47,195,9,0.191
DIAG10,A,F47,195,10,0.191
DIAG10,A,F47,195,11,0.191
DIAG10,A,F47,195,12,0.191
DIAG10,A,F47,195,13,0.191
DIAG10,A,F47,195,14,0.191
DIAG10,A,F47,195,15,0.191
DIAG10,A,F47,195,16,0.191
DIAG10,A,F47,195,17,0.191
DIAG10,A,F47,195,18,0.191
DIAG10,A,F47,195,19,0.191
DIAG10,A,F47,195,20,0.191
DIAG10,A,F47,195,21,0.191
DIAG10,A,F47,195,22,0.191
DIAG10,A,F47,195,23,0.191
DIAG10,A,F47,196,0,0.168
DIAG10,A,F47,196,1,0.394
DIAG10,A,F47,196,2,0.394
DIAG10,A,F47,196,3,0.394
DIAG10,A,F47,196,4,0.394
DIAG10,A,F47,196,5,0.394
DIAG10,A,F47,196,6,0.394
DIAG10,A,F47,196,7,0.394
DIAG10,A,F47,196,8,0.394
DIAG10,A,F47,196,9,0.394
DIAG10,A,F47,196,10,0.394
DIAG10,A,F47,196,11,0.394
DIAG10,A,F47,196,12,0.394
DIAG10,A,F47,196,13,0.394
DIAG10,A,F47,196,14,0.394
DIAG10,A,F47,196,15,0.394
DIAG10,A,F47,196,16,0.394
DIAG10,A,F47,196,17,0.394
DIAG10,A,F47,196,18,0.394
DIAG10,A,F47,196,19,0.394
DIAG10,A,F47,196,20,0.394
DIAG10,A,F47,196,21,0.394
DIAG10,A,F47,196,22,0.394
DIAG10,A,F47,196,23,0.394
DIAG10,A,F47,209,0,0.8986390000000002
DIAG10,A,F47,209,1,0.8986390000000002
DIAG10,A,F47,209,2,0.8986390000000002
DIAG10,A,F47,209,3,0.8986390000000002
DIAG10,A,F47,209,4,0.8986390000000002
DIAG10,A,F47,209,5,0.8986390000000002
DIAG10,A,F47,209,6,0.8986390000000002
DIAG10,A,F47,209,7,0.8986390000000002
DIAG10,A,F47,209,8,0.8986390000000002
DIAG10,A,F47,209,9,0.8986390000000002
DIAG10,A,F47,209,10,0.8986390000000002
DIAG10,A,F47,209,11,0.8986390000000002
DIAG10,A,F47,209,12,0.8986390000000002
DIAG10,A,F47,209,13,0.8986390000000002
DIAG10,A,F47,209,14,0.8986390000000002
DIAG10,A,F47,209,15,0.8986390000000002
DIAG10,A,F47,209,16,0.8986390000000002
DIAG10,A,F47,209,17,0.8986390000000002
DIAG10,A,F47,209,18,0.8986390000000002
DIAG10,A,F47,209,19,0.8986390000000002
DIAG10,A,F47,209,20,0.8986390000000002
DIAG10,A,F47,209,21,0.8986390000000002
DIAG10,A,F47,209,22,0.8986390000000002
DIAG10,A,F47,209,23,0.8986390000000002
DIAG10,B,F47,193,0,0.378
DIAG10,B,F47,193,1,0.378
DIAG10,B,F47,193,2,0.378
DIAG10,B,F47,193,3,0.378
DIAG10,B,F47,193,4,0.378
DIAG10,B,F47,193,5,0.378
DIAG10,B,F47,193,6,0.378
DIAG10,B,F47,193,7,0.378
DIAG10,B,F47,193,8,0.378
DIAG10,B,F47,193,9,0.378
DIAG10,B,F47,193,10,0.378
DIAG10,B,F47,193,11,0.378
DIAG10,B,F47,193,12,0.378
DIAG10,B,F47,193,13,0.378
DIAG10,B,F47,193,14,0.378
DIAG10,B,F47,193,15,0.378
DIAG10,B,F47,193,16,0.378
DIAG10,B,F47,193,17,0.378
DIAG10,B,F47,193,18,0.378
DIAG10,B,F47,193,19,0.378
DIAG10,B,F47,193,20,0.378
DIAG10,B,F47,193,21,0.378
DIAG10,B,F47,193,22,0.378
DIAG10,B,F47,193,23,0.378
DIAG10,B,F47,194,0,0.183
DIAG10,B,F47,194,1,
DIAG10,B,F47,194,2,
DIAG10,B,F47,194,3,
DIAG10,B,F47,194,4,
DIAG10,B,F47,194,5,
DIAG10,B,F47,194,6,
DIAG10,B,F47,194,7,
DIAG10,B,F47,194,8,
DIAG10,B,F47,194,9,
DIAG10,B,F47,194,10,
DIAG10,B,F47,194,11,
DIAG10,B,F47,194,12,
DIAG10,B,F47,194,13,
DIAG10,B,F47,194,14,
DIAG10,B,F47,194,15,
DIAG10,B,F47,194,16,
DIAG10,B,F47,194,17,
DIAG10,B,F47,194,18,
DIAG10,B,F47,194,19,
DIAG10,B,F47,194,20,
DIAG10,B,F47,194,21,
DIAG10,B,F47,194,22,
DIAG10,B,F47,194,23,
DIAG10,B,F47,195,0,0.191
DIAG10,B,F47,195,1,0.191
DIAG10,B,F47,195,2,0.191
DIAG10,B,F47,195,3,0.191
DIAG10,B,F47,195,4,0.191
DIAG10,B,F47,195,5,0.191
DIAG10,B,F47,195,6,0.191
DIAG10,B,F47,195,7,0.191
DIAG10,B,F47,195,8,0.191
DIAG10,B,F47,195,9,0.191
DIAG10,B,F47,195,10,0.191
DIAG10,B,F47,195,11,0.191
DIAG10,B,F47,195,12,0.191
DIAG10,B,F47,195,13,0.191
DIAG10,B,F47,195,14,0.191
DIAG10,B,F47,195,15,0.191
DIAG10,B,F47,195,16,0.191
DIAG10,B,F47,195,17,0.191
DIAG10,B,F47,195,18,0.191
DIAG10,B,F47,195,19,0.191
DIAG10,B,F47,195,20,0.191
DIAG10,B,F47,195,21,0.191
DIAG10,B,F47,195,22,0.191
DIAG10,B,F47,195,23,0.191
DIAG10,B,F47,196,0,0.168
DIAG10,B,F47,196,1,0.394
DIAG10,B,F47,196,2,0.394
DIAG10,B,F47,196,3,0.394
DIAG10,B,F47,196,4,0.394
DIAG10,B,F47,196,5,0.394
DIAG10,B,F47,196,6,0.394
DIAG10,B,F47,196,7,0.394
DIAG10,B,F47,196,8,0.394
DIAG10,B,F47,196,9,0.394
DIAG10,B,F47,196,10,0.394
DIAG10,B,F47,196,11,0.394
DIAG10,B,F47,196,12,0.394
DIAG10,B,F47,196,13,0.394
DIAG10,B,F47,196,14,0.394
DIAG10,B,F47,196,15,0.394
DIAG10,B,F47,196,16,0.394
DIAG10,B,F47,196,17,0.394
DIAG10,B,F47,196,18,0.394
DIAG10,B,F47,196,19,0.394
DIAG10,B,F47,196,20,0.394
DIAG10,B,F47,196,21,0.394
DIAG10,B,F47,196,22,0.394
DIAG10,B,F47,196,23,0.394
DIAG10,B,F47,209,0,0.8986390000000002
DIAG10,B,F47,209,1,0.8986390000000002
DIAG10,B,F47,209,2,0.8986390000000002
DIAG10,B,F47,209,3,0.8986390000000002
DIAG10,B,F47,209,4,0.8986390000000002
DIAG10,B,F47,209,5,0.8986390000000002
DIAG10,B,F47,209,6,0.8986390000000002
DIAG10,B,F47,209,7,0.8986390000000002
DIAG10,B,F47,209,8,0.8986390000000002
DIAG10,B,F47,209,9,0.8986390000000002
DIAG10,B,F47,209,10,0.8986390000000002
DIAG10,B,F47,209,11,0.8986390000000002
DIAG10,B,F47,209,12,0.8986390000000002
DIAG10,B,F47,209,13,0.8986390000000002
DIAG10,B,F47,209,14,0.8986390000000002
DIAG10,B,F47,209,15,0.8986390000000002
DIAG10,B,F47,209,16,0.8986390000000002
DIAG10,B,F47,209,17,0.8986390000000002
DIAG10,B,F47,209,18,0.8986390000000002
DIAG10,B,F47,209,19,0.8986390000000002
DIAG10,B,F47,209,20,0.8986390000000002
DIAG10,B,F47,209,21,0.8986390000000002
DIAG10,B,F47,209,22,0.8986390000000002
DIAG10,B,F47,209,23,0.8986390000000002
DIAG10,C,F47,193,0,0.378
DIAG10,C,F47,193,1,0.378
DIAG10,C,F47,193,2,0.378
DIAG10,C,F47,193,3,0.378
DIAG10,C,F47,193,4,0.378
DIAG10,C,F47,193,5,0.378
DIAG10,C,F47,193,6,0.378
DIAG10,C,F47,193,7,0.378
DIAG10,C,F47,193,8,0.378
DIAG10,C,F47,193,9,0.378
DIAG10,C,F47,193,10,0.378
DIAG10,C,F47,193,11,0.378
DIAG10,C,F47,193,12,0.378
DIAG10,C,F47,193,13,0.378
DIAG10,C,F47,193,14,0.378
DIAG10,C,F47,193,15,0.378
DIAG10,C,F47,193,16,0.378
DIAG10,C,F47,193,17,0.378
DIAG10,C,F47,193,18,0.378
DIAG10,C,F47,193,19,0.378
DIAG10,C,F47,193,20,0.378
DIAG10,C,F47,193,21,0.378
DIAG10,C,F47,193,22,0.378
DIAG10,C,F47,193,23,0.378
DIAG10,C,F47,194,0,0.719
DIAG10,C,F47,194,1,
DIAG10,C,F47,194,2,
DIAG10,C,F47,194,3,
DIAG10,C,F47,194,4,
DIAG10,C,F47,194,5,
DIAG10,C,F47,194,6,
DIAG10,C,F47,194,7,
DIAG10,C,F47,194,8,
DIAG10,C,F47,194,9,
DIAG10,C,F47,194,10,
DIAG10,C,F47,194,11,
DIAG10,C,F47,194,12,
DIAG10,C,F47,194,13,
DIAG10,C,F47,194,14,
DIAG10,C,F47,194,15,
DIAG10,C,F47,194,16,
DIAG10,C,F47,194,17,
DIAG10,C,F47,194,18,
DIAG10,C,F47,194,19,
DIAG10,C,F47,194,20,
DIAG10,C,F47,194,21,
DIAG10,C,F47,194,22,
DIAG10,C,F47,194,23,
DIAG10,C,F47,195,0,0.191
DIAG10,C,F47,195,1,0.191
DIAG10,C,F47,195,2,0.191
DIAG10,C,F47,195,3,0.191
DIAG10,C,F47,195,4,0.191
DIAG10,C,F47,195,5,0.191
DIAG10,C,F47,195,6,0.191
DIAG10,C,F47,195,7,0.191
DIAG10,C,F47,195,8,0.191
DIAG10,C,F47,195,9,0.191
DIAG10,C,F47,195,10,0.191
DIAG10,C,F47,195,11,0.191
DIAG10,C,F47,195,12,0.191
DIAG10,C,F47,195,13,0.191
DIAG10,C,F47,195,14,0.191
DIAG10,C,F47,195,15,0.191
DIAG10,C,F47,195,16,0.191
DIAG10,C,F47,195,17,0.191
DIAG10,C,F47,195,18,0.191
DIAG10,C,F47,195,19,0.191
DIAG10,C,F47,195,20,0.191
DIAG10,C,F47,195,21,0.191
DIAG10,C,F47,195,22,0.191
DIAG10,C,F47,195,23,0.191
DIAG10,C,F47,196,0,0.192
DIAG10,C,F47,196,1,0.394
DIAG10,C,F47,196,2,0.394
DIAG10,C,F47,196,3,0.394
DIAG10,C,F47,196,4,0.394
DIAG10,C,F47,196,5,0.394
DIAG10,C,F47,196,6,0.394
DIAG10,C,F47,196,7,0.394
DIAG10,C,F47,196,8,0.394
DIAG10,C,F47,196,9,0.394
DIAG10,C,F47,196,10,0.394
DIAG10,C,F47,196,11,0.394
DIAG10,C,F47,196,12,0.394
DIAG10,C,F47,196,13,0.394
DIAG10,C,F47,196,14,0.394
DIAG10,C,F47,196,15,0.394
DIAG10,C,F47,196,16,0.394
DIAG10,C,F47,196,17,0.394
DIAG10,C,F47,196,18,0.394
DIAG10,C,F47,196,19,0.394
DIAG10,C,F47,196,20,0.394
DIAG10,C,F47,196,21,0.394
DIAG10,C,F47,196,22,0.394
DIAG10,C,F47,196,23,0.394
DIAG10,C,F47,209,0,0.8986390000000002
DIAG10,C,F47,209,1,0.8986390000000002
DIAG10,C,F47,209,2,0.8986390000000002
DIAG10,C,F47,209,3,0.8986390000000002
DIAG10,C,F47,209,4,0.8986390000000002
DIAG10,C,F47,209,5,0.8986390000000002
DIAG10,C,F47,209,6,0.8986390000000002
DIAG10,C,F47,209,7,0.8986390000000002
DIAG10,C,F47,209,8,0.8986390000000002
DIAG10,C,F47,209,9,0.8986390000000002
DIAG10,C,F47,209,10,0.8986390000000002
DIAG10,C,F47,209,11,0.8986390000000002
DIAG10,C,F47,209,12,0.8986390000000002
DIAG10,C,F47,209,13,0.8986390000000002
DIAG10,C,F47,209,14,0.8986390000000002
DIAG10,C,F47,209,15,0.8986390000000002
DIAG10,C,F47,209,16,0.8986390000000002
DIAG10,C,F47,209,17,0.8986390000000002
DIAG10,C,F47,209,18,0.8986390000000002
DIAG10,C,F47,209,19,0.8986390000000002
DIAG10,C,F47,209,20,0.8986390000000002
DIAG10,C,F47,209,21,0.8986390000000002
DIAG10,C,F47,209,22,0.8986390000000002
DIAG10,C,F47,209,23,0.8986390000000002
DIAG10,A,F13,212,0,0.722
DIAG10,A,F13,212,1,
DIAG10,A,F13,212,2,
DIAG10,A,F13,212,3,
DIAG10,A,F13,212,4,
DIAG10,A,F13,212,5,
DIAG10,A,F13,212,6,
DIAG10,A,F13,212,7,
DIAG10,A,F13,212,8,
DIAG10,A,F13,212,9,
DIAG10,A,F13,212,10,
DIAG10,A,F13,212,11,
DIAG10,A,F13,212,12,
DIAG10,A,F13,212,13,
DIAG10,A,F13,212,14,
DIAG10,A,F13,212,15,
DIAG10,A,F13,212,16,
DIAG10,A,F13,212,17,
DIAG10,A,F13,212,18,
DIAG10,A,F13,212,19,
DIAG10,A,F13,212,20,
DIAG10,A,F13,212,21,
DIAG10,A,F13,212,22,
DIAG10,A,F13,212,23,
DIAG10,A,F13,213,0,0.32698541952256893
DIAG10,A,F13,213,1,0.32698541952256893
DIAG10,A,F13,213,2,0.32698541952256893
DIAG10,A,F13,213,3,0.32698541952256893
DIAG10,A,F13,213,4,0.32698541952256893
DIAG10,A,F13,213,5,0.32698541952256893
DIAG10,A,F13,213,6,0.32698541952256893
DIAG10,A,F13,213,7,0.32698541952256893
DIAG10,A,F13,213,8,0.32698541952256893
DIAG10,A,F13,213,9,0.32698541952256893
DIAG10,A,F13,213,10,0.32698541952256893
DIAG10,A,F13,213,11,0.32698541952256893
DIAG10,A,F13,213,12,0.32698541952256893
DIAG10,A,F13,213,13,0.32698541952256893
DIAG10,A,F13,213,14,0.32698541952256893
DIAG10,A,F13,213,15,0.32698541952256893
DIAG10,A,F13,213,16,0.32698541952256893
DIAG10,A,F13,213,17,0.32698541952256893
DIAG10,A,F13,213,18,0.32698541952256893
DIAG10,A,F13,213,19,0.32698541952256893
DIAG10,A,F13,213,20,0.32698541952256893
DIAG10,A,F13,213,21,0.32698541952256893
DIAG10,A,F13,213,22,0.32698541952256893
DIAG10,A,F13,213,23,0.32698541952256893
DIAG10,A,F13,214,0,
DIAG10,A,F13,214,1,
DIAG10,A,F13,214,2,
DIAG10,A,F13,214,3,
DIAG10,A,F13,214,4,
DIAG10,A,F13,214,5,
DIAG10,A,F13,214,6,
DIAG10,A,F13,214,7,
DIAG10,A,F13,214,8,
DIAG10,A,F13,214,9,
DIAG10,A,F13,214,10,
DIAG10,A,F13,214,11,
DIAG10,A,F13,214,12,
DIAG10,A,F13,214,13,
DIAG10,A,F13,214,14,
DIAG10,A,F13,214,15,
DIAG10,A,F13,214,16,
DIAG10,A,F13,214,17,
DIAG10,A,F13,214,18,
DIAG10,A,F13,214,19,
DIAG10,A,F13,214,20,
DIAG10,A,F13,214,21,
DIAG10,A,F13,214,22,
DIAG10,A,F13,214,23,
DIAG10,A,F13,215,0,0.316
DIAG10,A,F13,215,1,0.316
DIAG10,A,F13,215,2,0.316
DIAG10,A,F13,215,3,0.316
DIAG10,A,F13,215,4,0.316
DIAG10,A,F13,215,5,0.316
DIAG10,A,F13,215,6,0.316
DIAG10,A,F13,215,7,0.316
DIAG10,A,F13,215,8,0.316
DIAG10,A,F13,215,9,0.316
DIAG10,A,F13,215,10,0.316
DIAG10,A,F13,215,11,0.316
DIAG10,A,F13,215,12,0.316
DIAG10,A,F13,215,13,0.316
DIAG10,A,F13,215,14,0.316
DIAG10,A,F13,215,15,0.316
DIAG10,A,F13,215,16,0.316
DIAG10,A,F13,215,17,0.316
DIAG10,A,F13,215,18,0.316
DIAG10,A,F13,215,19,0.316
DIAG10,A,F13,215,20,0.316
DIAG10,A,F13,215,21,0.316
DIAG10,A,F13,215,22,0.316
DIAG10,A,F13,215,23,0.316
DIAG10,B,F13,212,0,0.722
DIAG10,B,F13,212,1,
DIAG10,B,F13,212,2,
DIAG10,B,F13,212,3,
DIAG10,B,F13,212,4,
DIAG10,B,F13,212,5,
DIAG10,B,F13,212,6,
DIAG10,B,F13,212,7,
DIAG10,B,F13,212,8,
DIAG10,B,F13,212,9,
DIAG10,B,F13,212,10,
DIAG10,B,F13,212,11,
DIAG10,B,F13,212,12,
DIAG10,B,F13,212,13,
DIAG10,B,F13,212,14,
DIAG10,B,F13,212,15,
DIAG10,B,F13,212,16,
DIAG10,B,F13,212,17,
DIAG10,B,F13,212,18,
DIAG10,B,F13,212,19,
DIAG10,B,F13,212,20,
DIAG10,B,F13,212,21,
DIAG10,B,F13,212,22,
DIAG10,B,F13,212,23,
DIAG10,B,F13,213,0,0.32698541952256893
DIAG10,B,F13,213,1,0.32698541952256893
DIAG10,B,F13,213,2,0.32698541952256893
DIAG10,B,F13,213,3,0.32698541952256893
DIAG10,B,F13,213,4,0.32698541952256893
DIAG10,B,F13,213,5,0.32698541952256893
DIAG10,B,F13,213,6,0.32698541952256893
DIAG10,B,F13,213,7,0.32698541952256893
DIAG10,B,F13,213,8,0.32698541952256893
DIAG10,B,F13,213,9,0.32698541952256893
DIAG10,B,F13,213,10,0.32698541952256893
DIAG10,B,F13,213,11,0.32698541952256893
DIAG10,B,F13,213,12,0.32698541952256893
DIAG10,B,F13,213,13,0.32698541952256893
DIAG10,B,F13,213,14,0.32698541952256893
DIAG10,B,F13,213,15,0.32698541952256893
DIAG10,B,F13,213,16,0.32698541952256893
DIAG10,B,F13,213,17,0.32698541952256893
DIAG10,B,F13,213,18,0.32698541952256893
DIAG10,B,F13,213,19,0.32698541952256893
DIAG10,B,F13,213,20,0.32698541952256893
DIAG10,B,F13,213,21,0.32698541952256893
DIAG10,B,F13,213,22,0.32698541952256893
DIAG10,B,F13,213,23,0.32698541952256893
DIAG10,B,F13,214,0,
DIAG10,B,F13,214,1,
DIAG10,B,F13,214,2,
DIAG10,B,F13,214,3,
DIAG10,B,F13,214,4,
DIAG10,B,F13,214,5,
DIAG10,B,F13,214,6,
DIAG10,B,F13,214,7,
DIAG10,B,F13,214,8,
DIAG10,B,F13,214,9,
DIAG10,B,F13,214,10,
DIAG10,B,F13,214,11,
DIAG10,B,F13,214,12,
DIAG10,B,F13,214,13,
DIAG10,B,F13,214,14,
DIAG10,B,F13,214,15,
DIAG10,B,F13,214,16,
DIAG10,B,F13,214,17,
DIAG10,B,F13,214,18,
DIAG10,B,F13,214,19,
DIAG10,B,F13,214,20,
DIAG10,B,F13,214,21,
DIAG10,B,F13,214,22,
DIAG10,B,F13,214,23,0.32698541952256893
DIAG10,B,F13,215,0,0.316
DIAG10,B,F13,215,1,0.316
DIAG10,B,F13,215,2,0.316
DIAG10,B,F13,215,3,0.316
DIAG10,B,F13,215,4,0.316
DIAG10,B,F13,215,5,0.316
DIAG10,B,F13,215,6,0.316
DIAG10,B,F13,215,7,0.316
DIAG10,B,F13,215,8,0.316
DIAG10,B,F13,215,9,0.316
DIAG10,B,F13,215,10,0.316
DIAG10,B,F13,215,11,0.316
DIAG10,B,F13,215,12,0.316
DIAG10,B,F13,215,13,0.316
DIAG10,B,F13,215,14,0.316
DIAG10,B,F13,215,15,0.316
DIAG10,B,F13,215,16,0.316
DIAG10,B,F13,215,17,0.316
DIAG10,B,F13,215,18,0.316
DIAG10,B,F13,215,19,0.316
DIAG10,B,F13,215,20,0.316
DIAG10,B,F13,215,21,0.316
DIAG10,B,F13,215,22,0.316
DIAG10,B,F13,215,23,0.316
DIAG10,C,F13,212,0,0.722
DIAG10,C,F13,212,1,
DIAG10,C,F13,212,2,
DIAG10,C,F13,212,3,
DIAG10,C,F13,212,4,
DIAG10,C,F13,212,5,
DIAG10,C,F13,212,6,
DIAG10,C,F13,212,7,
DIAG10,C,F13,212,8,
DIAG10,C,F13,212,9,
DIAG10,C,F13,212,10,
DIAG10,C,F13,212,11,
DIAG10,C,F13,212,12,
DIAG10,C,F13,212,13,
DIAG10,C,F13,212,14,
DIAG10,C,F13,212,15,
DIAG10,C,F13,212,16,
DIAG10,C,F13,212,17,
DIAG10,C,F13,212,18,
DIAG10,C,F13,212,19,
DIAG10,C,F13,212,20,
DIAG10,C,F13,212,21,
DIAG10,C,F13,212,22,
DIAG10,C,F13,212,23,
DIAG10,C,F13,213,0,0.32698541952256893
DIAG10,C,F13,213,1,0.32698541952256893
DIAG10,C,F13,213,2,0.32698541952256893
DIAG10,C,F13,213,3,0.32698541952256893
DIAG10,C,F13,213,4,0.32698541952256893
DIAG10,C,F13,213,5,0.32698541952256893
DIAG10,C,F13,213,6,0.32698541952256893
DIAG10,C,F13,213,7,0.32698541952256893
DIAG10,C,F13,213,8,0.32698541952256893
DIAG10,C,F13,213,9,0.32698541952256893
DIAG10,C,F13,213,10,0.32698541952256893
DIAG10,C,F13,213,11,0.32698541952256893
DIAG10,C,F13,213,12,0.32698541952256893
DIAG10,C,F13,213,13,0.32698541952256893
DIAG10,C,F13,213,14,0.32698541952256893
DIAG10,C,F13,213,15,0.32698541952256893
DIAG10,C,F13,213,16,0.32698541952256893
DIAG10,C,F13,213,17,0.32698541952256893
DIAG10,C,F13,213,18,0.32698541952256893
DIAG10,C,F13,213,19,0.32698541952256893
DIAG10,C,F13,213,20,0.32698541952256893
DIAG10,C,F13,213,21,0.32698541952256893
DIAG10,C,F13,213,22,0.32698541952256893
DIAG10,C,F13,213,23,0.32698541952256893
DIAG10,C,F13,214,0,
DIAG10,C,F13,214,1,
DIAG10,C,F13,214,2,
DIAG10,C,F13,214,3,
DIAG10,C,F13,214,4,
DIAG10,C,F13,214,5,
DIAG10,C,F13,214,6,
DIAG10,C,F13,214,7,
DIAG10,C,F13,214,8,
DIAG10,C,F13,214,9,
DIAG10,C,F13,214,10,
DIAG10,C,F13,214,11,
DIAG10,C,F13,214,12,
DIAG10,C,F13,214,13,
DIAG10,C,F13,214,14,
DIAG10,C,F13,214,15,
DIAG10,C,F13,214,16,
DIAG10,C,F13,214,17,
DIAG10,C,F13,214,18,
DIAG10,C,F13,214,19,
DIAG10,C,F13,214,20,
DIAG10,C,F13,214,21,
DIAG10,C,F13,214,22,
DIAG10,C,F13,214,23,
DIAG10,C,F13,215,0,0.316
DIAG10,C,F13,215,1,0.316
DIAG10,C,F13,215,2,0.316
DIAG10,C,F13,215,3,0.316
DIAG10,C,F13,215,4,0.316
DIAG10,C,F13,215,5,0.316
DIAG10,C,F13,215,6,0.316
DIAG10,C,F13,215,7,0.316
DIAG10,C,F13,215,8,0.316
DIAG10,C,F13,215,9,0.316
DIAG10,C,F13,215,10,0.316
DIAG10,C,F13,215,11,0.316
DIAG10,C,F13,215,12,0.316
DIAG10,C,F13,215,13,0.316
DIAG10,C,F13,215,14,0.316
DIAG10,C,F13,215,15,0.316
DIAG10,C,F13,215,16,0.316
DIAG10,C,F13,215,17,0.316
DIAG10,C,F13,215,18,0.316
DIAG10,C,F13,215,19,0.316
DIAG10,C,F13,215,20,0.316
DIAG10,C,F13,215,21,0.316
DIAG10,C,F13,215,22,0.316
DIAG10,C,F13,215,23,0.316
DIAG10,A,F47,210,0,0.503
DIAG10,A,F47,210,1,0.503
DIAG10,A,F47,210,2,0.503
DIAG10,A,F47,210,3,0.503
DIAG10,A,F47,210,4,0.503
DIAG10,A,F47,210,5,0.503
DIAG10,A,F47,210,6,0.503
DIAG10,A,F47,210,7,0.503
DIAG10,A,F47,210,8,0.503
DIAG10,A,F47,210,9,0.503
DIAG10,A,F47,210,10,0.503
DIAG10,A,F47,210,11,0.503
DIAG10,A,F47,210,12,0.503
DIAG10,A,F47,210,13,0.503
DIAG10,A,F47,210,14,0.503
DIAG10,A,F47,210,15,0.503
DIAG10,A,F47,210,16,0.503
DIAG10,A,F47,210,17,0.503
DIAG10,A,F47,210,18,0.503
DIAG10,A,F47,210,19,0.503
DIAG10,A,F47,210,20,0.503
DIAG10,A,F47,210,21,0.503
DIAG10,A,F47,210,22,0.503
DIAG10,A,F47,210,23,0.503
DIAG10,A,F47,212,0,0.5065992935331474
DIAG10,A,F47,212,1,0.5065992935331474
DIAG10,A,F47,212,2,0.5065992935331474
DIAG10,A,F47,212,3,0.5065992935331474
DIAG10,A,F47,212,4,0.5065992935331474
DIAG10,A,F47,212,5,0.5065992935331474
DIAG10,A,F47,212,6,0.5065992935331474
DIAG10,A,F47,212,7,0.5065992935331474
DIAG10,A,F47,212,8,0.5065992935331474
DIAG10,A,F47,212,9,0.5065992935331474
DIAG10,A,F47,212,10,0.5065992935331474
DIAG10,A,F47,212,11,0.5065992935331474
DIAG10,A,F47,212,12,0.5065992935331474
DIAG10,A,F47,212,13,0.5065992935331474
DIAG10,A,F47,212,14,0.5065992935331474
DIAG10,A,F47,212,15,0.5065992935331474
DIAG10,A,F47,212,16,0.5065992935331474
DIAG10,A,F47,212,17,0.5065992935331474
DIAG10,A,F47,212,18,0.5065992935331474
DIAG10,A,F47,212,19,0.5065992935331474
DIAG10,A,F47,212,20,0.5065992935331474
DIAG10,A,F47,212,21,0.5065992935331474
DIAG10,A,F47,212,22,0.5065992935331474
DIAG10,A,F47,212,23,0.5065992935331474
DIAG10,A,F47,214,0,0.5013811575667824
DIAG10,A,F47,214,1,0.5013811575667824
DIAG10,A,F47,214,2,0.5013811575667824
DIAG10,A,F47,214,3,0.5013811575667824
DIAG10,A,F47,214,4,0.5013811575667824
DIAG10,A,F47,214,5,0.5013811575667824
DIAG10,A,F47,214,6,0.5013811575667824
DIAG10,A,F47,214,7,0.5013811575667824
DIAG10,A,F47,214,8,0.5013811575667824
DIAG10,A,F47,214,9,0.5013811575667824
DIAG10,A,F47,214,10,0.5013811575667824
DIAG10,A,F47,214,11,0.5013811575667824
DIAG10,A,F47,214,12,0.5013811575667824
DIAG10,A,F47,214,13,0.5013811575667824
DIAG10,A,F47,214,14,0.5013811575667824
DIAG10,A,F47,214,15,0.5013811575667824
DIAG10,A,F47,214,16,0.5013811575667824
DIAG10,A,F47,214,17,0.5013811575667824
DIAG10,A,F47,214,18,0.5013811575667824
DIAG10,A,F47,214,19,0.5013811575667824
DIAG10,A,F47,214,20,0.5013811575667824
DIAG10,A,F47,214,21,0.5013811575667824
DIAG10,A,F47,214,22,0.5013811575667824
DIAG10,A,F47,214,23,0.5013811575667824
DIAG10,B,F47,210,0,0.503
DIAG10,B,F47,210,1,0.503
DIAG10,B,F47,210,2,0.503
DIAG10,B,F47,210,3,0.503
DIAG10,B,F47,210,4,0.503
DIAG10,B,F47,210,5,0.503
DIAG10,B,F47,210,6,0.503
DIAG10,B,F47,210,7,0.503
DIAG10,B,F47,210,8,0.503
DIAG10,B,F47,210,9,0.503
DIAG10,B,F47,210,10,0.503
DIAG10,B,F47,210,11,0.503
DIAG10,B,F47,210,12,0.503
DIAG10,B,F47,210,13,0.503
DIAG10,B,F47,210,14,0.503
DIAG10,B,F47,210,15,0.503
DIAG10,B,F47,210,16,0.503
DIAG10,B,F47,210,17,0.503
DIAG10,B,F47,210,18,0.503
DIAG10,B,F47,210,19,0.503
DIAG10,B,F47,210,20,0.503
DIAG10,B,F47,210,21,0.503
DIAG10,B,F47,210,22,0.503
DIAG10,B,F47,210,23,0.503
DIAG10,B,F47,212,0,0.5065992935331474
DIAG10,B,F47,212,1,0.5065992935331474
DIAG10,B,F47,212,2,0.5065992935331474
DIAG10,B,F47,212,3,0.5065992935331474
DIAG10,B,F47,212,4,0.5065992935331474
DIAG10,B,F47,212,5,0.5065992935331474
DIAG10,B,F47,212,6,0.5065992935331474
DIAG10,B,F47,212,7,0.5065992935331474
DIAG10,B,F47,212,8,0.5065992935331474
DIAG10,B,F47,212,9,0.5065992935331474
DIAG10,B,F47,212,10,0.5065992935331474
DIAG10,B,F47,212,11,0.5065992935331474
DIAG10,B,F47,212,12,0.5065992935331474
DIAG10,B,F47,212,13,0.5065992935331474
DIAG10,B,F47,212,14,0.5065992935331474
DIAG10,B,F47,212,15,0.5065992935331474
DIAG10,B,F47,212,16,0.5065992935331474
DIAG10,B,F47,212,17,0.5065992935331474
DIAG10,B,F47,212,18,0.5065992935331474
DIAG10,B,F47,212,19,0.5065992935331474
DIAG10,B,F47,212,20,0.5065992935331474
DIAG10,B,F47,212,21,0.5065992935331474
DIAG10,B,F47,212,22,0.5065992935331474
DIAG10,B,F47,212,23,0.5065992935331474
DIAG10,B,F47,214,0,0.5013811575667824
DIAG10,B,F47,214,1,0.5013811575667824
DIAG10,B,F47,214,2,0.5013811575667824
DIAG10,B,F47,214,3,0.5013811575667824
DIAG10,B,F47,214,4,0.5013811575667824
DIAG10,B,F47,214,5,0.5013811575667824
DIAG10,B,F47,214,6,0.5013811575667824
DIAG10,B,F47,214,7,0.5013811575667824
DIAG10,B,F47,214,8,0.5013811575667824
DIAG10,B,F47,214,9,0.5013811575667824
DIAG10,B,F47,214,10,0.5013811575667824
DIAG10,B,F47,214,11,0.5013811575667824
DIAG10,B,F47,214,12,0.5013811575667824
DIAG10,B,F47,214,13,0.5013811575667824
DIAG10,B,F47,214,14,0.5013811575667824
DIAG10,B,F47,214,15,0.5013811575667824
DIAG10,B,F47,214,16,0.5013811575667824
DIAG10,B,F47,214,17,0.5013811575667824
DIAG10,B,F47,214,18,0.5013811575667824
DIAG10,B,F47,214,19,0.5013811575667824
DIAG10,B,F47,214,20,0.5013811575667824
DIAG10,B,F47,214,21,0.5013811575667824
DIAG10,B,F47,214,22,0.5013811575667824
DIAG10,B,F47,214,23,0.5013811575667824
DIAG10,C,F47,210,0,0.503
DIAG10,C,F47,210,1,0.503
DIAG10,C,F47,210,2,0.503
DIAG10,C,F47,210,3,0.503
DIAG10,C,F47,210,4,0.503
DIAG10,C,F47,210,5,0.503
DIAG10,C,F47,210,6,0.503
DIAG10,C,F47,210,7,0.503
DIAG10,C,F47,210,8,0.503
DIAG10,C,F47,210,9,0.503
DIAG10,C,F47,210,10,0.503
DIAG10,C,F47,210,11,0.503
DIAG10,C,F47,210,12,0.503
DIAG10,C,F47,210,13,0.503
DIAG10,C,F47,210,14,0.503
DIAG10,C,F47,210,15,0.503
DIAG10,C,F47,210,16,0.503
DIAG10,C,F47,210,17,0.503
DIAG10,C,F47,210,18,0.503
DIAG10,C,F47,210,19,0.503
DIAG10,C,F47,210,20,0.503
DIAG10,C,F47,210,21,0.503
DIAG10,C,F47,210,22,0.503
DIAG10,C,F47,210,23,0.503
DIAG10,C,F47,212,0,0.5065992935331474
DIAG10,C,F47,212,1,0.5065992935331474
DIAG10,C,F47,212,2,0.5065992935331474
DIAG10,C,F47,212,3,0.5065992935331474
DIAG10,C,F47,212,4,0.5065992935331474
DIAG10,C,F47,212,5,0.5065992935331474
DIAG10,C,F47,212,6,0.5065992935331474
DIAG10,C,F47,212,7,0.5065992935331474
DIAG10,C,F47,212,8,0.5065992935331474
DIAG10,C,F47,212,9,0.5065992935331474
DIAG10,C,F47,212,10,0.5065992935331474
DIAG10,C,F47,212,11,0.5065992935331474
DIAG10,C,F47,212,12,0.5065992935331474
DIAG10,C,F47,212,13,0.5065992935331474
DIAG10,C,F47,212,14,0.5065992935331474
DIAG10,C,F47,212,15,0.5065992935331474
DIAG10,C,F47,212,16,0.5065992935331474
DIAG10,C,F47,212,17,0.5065992935331474
DIAG10,C,F47,212,18,0.5065992935331474
DIAG10,C,F47,212,19,0.5065992935331474
DIAG10,C,F47,212,20,0.5065992935331474
DIAG10,C,F47,212,21,0.5065992935331474
DIAG10,C,F47,212,22,0.5065992935331474
DIAG10,C,F47,212,23,0.5065992935331474
DIAG10,C,F47,214,0,0.5013811575667824
DIAG10,C,F47,214,1,0.5013811575667824
DIAG10,C,F47,214,2,0.5013811575667824
DIAG10,C,F47,214,3,0.5013811575667824
DIAG10,C,F47,214,4,0.5013811575667824
DIAG10,C,F47,214,5,0.5013811575667824
DIAG10,C,F47,214,6,0.5013811575667824
DIAG10,C,F47,214,7,0.5013811575667824
DIAG10,C,F47,214,8,0.5013811575667824
DIAG10,C,F47,214,9,0.5013811575667824
DIAG10,C,F47,214,10,0.5013811575667824
DIAG10,C,F47,214,11,0.5013811575667824
DIAG10,C,F47,214,12,0.5013811575667824
DIAG10,C,F47,214,13,0.5013811575667824
DIAG10,C,F47,214,14,0.5013811575667824
DIAG10,C,F47,214,15,0.5013811575667824
DIAG10,C,F47,214,16,0.5013811575667824
DIAG10,C,F47,214,17,0.5013811575667824
DIAG10,C,F47,214,18,0.5013811575667824
DIAG10,C,F47,214,19,0.5013811575667824
DIAG10,C,F47,214,20,0.5013811575667824
DIAG10,C,F47,214,21,0.5013811575667824
DIAG10,C,F47,214,22,0.5013811575667824
DIAG10,C,F47,214,23,0.5013811575667824
DIAG10,A,F13,217,0,
DIAG10,A,F13,217,1,0.581
DIAG10,A,F13,217,2,0.581
DIAG10,A,F13,217,3,0.581
DIAG10,A,F13,217,4,0.581
DIAG10,A,F13,217,5,0.581
DIAG10,A,F13,217,6,0.581
DIAG10,A,F13,217,7,0.581
DIAG10,A,F13,217,8,0.581
DIAG10,A,F13,217,9,0.581
DIAG10,A,F13,217,10,0.581
DIAG10,A,F13,217,11,0.581
DIAG10,A,F13,217,12,
DIAG10,A,F13,217,13,
DIAG10,A,F13,217,14,
DIAG10,A,F13,217,15,
DIAG10,A,F13,217,16,
DIAG10,A,F13,217,17,
DIAG10,A,F13,217,18,
DIAG10,A,F13,217,19,
DIAG10,A,F13,217,20,
DIAG10,A,F13,217,21,
DIAG10,A,F13,217,22,
DIAG10,A,F13,217,23,
DIAG10,A,F13,218,0,
DIAG10,A,F13,218,1,
DIAG10,A,F13,218,2,
DIAG10,A,F13,218,3,
DIAG10,A,F13,218,4,
DIAG10,A,F13,218,5,
DIAG10,A,F13,218,6,
DIAG10,A,F13,218,7,
DIAG10,A,F13,218,8,
DIAG10,A,F13,218,9,
DIAG10,A,F13,218,10,
DIAG10,A,F13,218,11,
DIAG10,A,F13,218,12,
DIAG10,A,F13,218,13,
DIAG10,A,F13,218,14,
DIAG10,A,F13,218,15,
DIAG10,A,F13,218,16,
DIAG10,A,F13,218,17,
DIAG10,A,F13,218,18,
DIAG10,A,F13,218,19,
DIAG10,A,F13,218,20,
DIAG10,A,F13,218,21,
DIAG10,A,F13,218,22,
DIAG10,A,F13,218,23,
DIAG10,A,F13,231,0,0.6360153333333334
DIAG10,A,F13,231,1,0.6360153333333334
DIAG10,A,F13,231,2,0.6360153333333334
DIAG10,A,F13,231,3,0.6360153333333334
DIAG10,A,F13,231,4,0.6360153333333334
DIAG10,A,F13,231,5,0.6360153333333334
DIAG10,A,F13,231,6,0.6360153333333334
DIAG10,A,F13,231,7,0.6360153333333334
DIAG10,A,F13,231,8,0.6360153333333334
DIAG10,A,F13,231,9,0.6360153333333334
DIAG10,A,F13,231,10,0.6360153333333334
DIAG10,A,F13,231,11,0.6360153333333334
DIAG10,A,F13,231,12,0.6360153333333334
DIAG10,A,F13,231,13,0.6360153333333334
DIAG10,A,F13,231,14,0.6360153333333334
DIAG10,A,F13,231,15,0.6360153333333334
DIAG10,A,F13,231,16,0.6360153333333334
DIAG10,A,F13,231,17,0.6360153333333334
DIAG10,A,F13,231,18,0.6360153333333334
DIAG10,A,F13,231,19,0.6360153333333334
DIAG10,A,F13,231,20,0.6360153333333334
DIAG10,A,F13,231,21,0.6360153333333334
DIAG10,A,F13,231,22,0.6360153333333334
DIAG10,A,F13,231,23,0.6360153333333334
DIAG10,A,F13,232,0,0.6360153333333334
DIAG10,A,F13,232,1,0.6360153333333334
DIAG10,A,F13,232,2,0.6360153333333334
DIAG10,A,F13,232,3,0.6360153333333334
DIAG10,A,F13,232,4,0.6360153333333334
DIAG10,A,F13,232,5,0.6360153333333334
DIAG10,A,F13,232,6,0.6360153333333334
DIAG10,A,F13,232,7,0.6360153333333334
DIAG10,A,F13,232,8,0.6360153333333334
DIAG10,A,F13,232,9,0.6360153333333334
DIAG10,A,F13,232,10,0.6360153333333334
DIAG10,A,F13,232,11,0.6360153333333334
DIAG10,A,F13,232,12,0.6360153333333334
DIAG10,A,F13,232,13,0.6360153333333334
DIAG10,A,F13,232,14,0.6360153333333334
DIAG10,A,F13,232,15,0.6360153333333334
DIAG10,A,F13,232,16,0.6360153333333334
DIAG10,A,F13,232,17,0.6360153333333334
DIAG10,A,F13,232,18,0.6360153333333334
DIAG10,A,F13,232,19,0.6360153333333334
DIAG10,A,F13,232,20,0.6360153333333334
DIAG10,A,F13,232,21,0.6360153333333334
DIAG10,A,F13,232,22,0.6360153333333334
DIAG10,A,F13,232,23,0.6360153333333334
DIAG10,A,F13,233,0,0.9618974707065108
DIAG10,A,F13,233,1,0.9618974707065108
DIAG10,A,F13,233,2,0.9618974707065108
DIAG10,A,F13,233,3,0.9618974707065108
DIAG10,A,F13,233,4,0.9618974707065108
DIAG10,A,F13,233,5,0.9618974707065108
DIAG10,A,F13,233,6,0.9618974707065108
DIAG10,A,F13,233,7,0.9618974707065108
DIAG10,A,F13,233,8,0.9618974707065108
DIAG10,A,F13,233,9,0.9618974707065108
DIAG10,A,F13,233,10,0.9618974707065108
DIAG10,A,F13,233,11,0.9618974707065108
DIAG10,A,F13,233,12,0.9618974707065108
DIAG10,A,F13,233,13,0.9618974707065108
DIAG10,A,F13,233,14,0.9618974707065108
DIAG10,A,F13,233,15,0.9618974707065108
DIAG10,A,F13,233,16,0.9618974707065108
DIAG10,A,F13,233,17,0.9618974707065108
DIAG10,A,F13,233,18,0.9618974707065108
DIAG10,A,F13,233,19,0.9618974707065108
DIAG10,A,F13,233,20,0.9618974707065108
DIAG10,A,F13,233,21,0.9618974707065108
DIAG10,A,F13,233,22,0.9618974707065108
DIAG10,A,F13,233,23,0.9618974707065108
DIAG10,B,F13,217,0,
DIAG10,B,F13,217,1,0.581
DIAG10,B,F13,217,2,0.581
DIAG10,B,F13,217,3,0.581
DIAG10,B,F13,217,4,0.581
DIAG10,B,F13,217,5,0.581
DIAG10,B,F13,217,6,0.581
DIAG10,B,F13,217,7,0.581
DIAG10,B,F13,217,8,0.581
DIAG10,B,F13,217,9,0.581
DIAG10,B,F13,217,10,0.581
DIAG10,B,F13,217,11,0.581
DIAG10,B,F13,217,12,0.581
DIAG10,B,F13,217,13,0.581
DIAG10,B,F13,217,14,0.581
DIAG10,B,F13,217,15,0.581
DIAG10,B,F13,217,16,0.581
DIAG10,B,F13,217,17,0.581
DIAG10,B,F13,217,18,0.581
DIAG10,B,F13,217,19,0.581
DIAG10,B,F13,217,20,0.581
DIAG10,B,F13,217,21,0.581
DIAG10,B,F13,217,22,0.581
DIAG10,B,F13,217,23,0.581
DIAG10,B,F13,218,0,
DIAG10,B,F13,218,1,
DIAG10,B,F13,218,2,
DIAG10,B,F13,218,3,
DIAG10,B,F13,218,4,
DIAG10,B,F13,218,5,
DIAG10,B,F13,218,6,
DIAG10,B,F13,218,7,
DIAG10,B,F13,218,8,
DIAG10,B,F13,218,9,
DIAG10,B,F13,218,10,
DIAG10,B,F13,218,11,
DIAG10,B,F13,218,12,
DIAG10,B,F13,218,13,
DIAG10,B,F13,218,14,
DIAG10,B,F13,218,15,
DIAG10,B,F13,218,16,
DIAG10,B,F13,218,17,
DIAG10,B,F13,218,18,
DIAG10,B,F13,218,19,
DIAG10,B,F13,218,20,
DIAG10,B,F13,218,21,
DIAG10,B,F13,218,22,
DIAG10,B,F13,218,23,
DIAG10,B,F13,231,0,0.6360153333333334
DIAG10,B,F13,231,1,0.6360153333333334
DIAG10,B,F13,231,2,0.6360153333333334
DIAG10,B,F13,231,3,0.6360153333333334
DIAG10,B,F13,231,4,0.6360153333333334
DIAG10,B,F13,231,5,0.6360153333333334
DIAG10,B,F13,231,6,0.6360153333333334
DIAG10,B,F13,231,7,0.6360153333333334
DIAG10,B,F13,231,8,0.6360153333333334
DIAG10,B,F13,231,9,0.6360153333333334
DIAG10,B,F13,231,10,0.6360153333333334
DIAG10,B,F13,231,11,0.6360153333333334
DIAG10,B,F13,231,12,0.6360153333333334
DIAG10,B,F13,231,13,0.6360153333333334
DIAG10,B,F13,231,14,0.6360153333333334
DIAG10,B,F13,231,15,0.6360153333333334
DIAG10,B,F13,231,16,0.6360153333333334
DIAG10,B,F13,231,17,0.6360153333333334
DIAG10,B,F13,231,18,0.6360153333333334
DIAG10,B,F13,231,19,0.6360153333333334
DIAG10,B,F13,231,20,0.6360153333333334
DIAG10,B,F13,231,21,0.6360153333333334
DIAG10,B,F13,231,22,0.6360153333333334
DIAG10,B,F13,231,23,0.6360153333333334
DIAG10,B,F13,232,0,0.6360153333333334
DIAG10,B,F13,232,1,0.6360153333333334
DIAG10,B,F13,232,2,0.6360153333333334
DIAG10,B,F13,232,3,0.6360153333333334
DIAG10,B,F13,232,4,0.6360153333333334
DIAG10,B,F13,232,5,0.6360153333333334
DIAG10,B,F13,232,6,0.6360153333333334
DIAG10,B,F13,232,7,0.6360153333333334
DIAG10,B,F13,232,8,0.6360153333333334
DIAG10,B,F13,232,9,0.6360153333333334
DIAG10,B,F13,232,10,0.6360153333333334
DIAG10,B,F13,232,11,0.6360153333333334
DIAG10,B,F13,232,12,0.6360153333333334
DIAG10,B,F13,232,13,0.6360153333333334
DIAG10,B,F13,232,14,0.6360153333333334
DIAG10,B,F13,232,15,0.6360153333333334
DIAG10,B,F13,232,16,0.6360153333333334
DIAG10,B,F13,232,17,0.6360153333333334
DIAG10,B,F13,232,18,0.6360153333333334
DIAG10,B,F13,232,19,0.6360153333333334
DIAG10,B,F13,232,20,0.6360153333333334
DIAG10,B,F13,232,21,0.6360153333333334
DIAG10,B,F13,232,22,0.6360153333333334
DIAG10,B,F13,232,23,0.6360153333333334
DIAG10,B,F13,233,0,0.9618974707065108
DIAG10,B,F13,233,1,0.9618974707065108
DIAG10,B,F13,233,2,0.9618974707065108
DIAG10,B,F13,233,3,0.9618974707065108
DIAG10,B,F13,233,4,0.9618974707065108
DIAG10,B,F13,233,5,0.9618974707065108
DIAG10,B,F13,233,6,0.9618974707065108
DIAG10,B,F13,233,7,0.9618974707065108
DIAG10,B,F13,233,8,0.9618974707065108
DIAG10,B,F13,233,9,0.9618974707065108
DIAG10,B,F13,233,10,0.9618974707065108
DIAG10,B,F13,233,11,0.9618974707065108
DIAG10,B,F13,233,12,0.9618974707065108
DIAG10,B,F13,233,13,0.9618974707065108
DIAG10,B,F13,233,14,0.9618974707065108
DIAG10,B,F13,233,15,0.9618974707065108
DIAG10,B,F13,233,16,0.9618974707065108
DIAG10,B,F13,233,17,0.9618974707065108
DIAG10,B,F13,233,18,0.9618974707065108
DIAG10,B,F13,233,19,0.9618974707065108
DIAG10,B,F13,233,20,0.9618974707065108
DIAG10,B,F13,233,21,0.9618974707065108
DIAG10,B,F13,233,22,0.9618974707065108
DIAG10,B,F13,233,23,0.9618974707065108
DIAG10,C,F13,217,0,0.581
DIAG10,C,F13,217,1,0.581
DIAG10,C,F13,217,2,0.581
DIAG10,C,F13,217,3,0.581
DIAG10,C,F13,217,4,0.581
DIAG10,C,F13,217,5,0.581
DIAG10,C,F13,217,6,0.581
DIAG10,C,F13,217,7,0.581
DIAG10,C,F13,217,8,0.581
DIAG10,C,F13,217,9,0.581
DIAG10,C,F13,217,10,0.581
DIAG10,C,F13,217,11,0.581
DIAG10,C,F13,217,12,0.581
DIAG10,C,F13,217,13,0.581
DIAG10,C,F13,217,14,0.581
DIAG10,C,F13,217,15,0.581
DIAG10,C,F13,217,16,0.581
DIAG10,C,F13,217,17,0.581
DIAG10,C,F13,217,18,0.581
DIAG10,C,F13,217,19,0.581
DIAG10,C,F13,217,20,0.581
DIAG10,C,F13,217,21,0.581
DIAG10,C,F13,217,22,0.581
DIAG10,C,F13,217,23,0.581
DIAG10,C,F13,218,0,
DIAG10,C,F13,218,1,
DIAG10,C,F13,218,2,
DIAG10,C,F13,218,3,
DIAG10,C,F13,218,4,
DIAG10,C,F13,218,5,
DIAG10,C,F13,218,6,
DIAG10,C,F13,218,7,
DIAG10,C,F13,218,8,
DIAG10,C,F13,218,9,
DIAG10,C,F13,218,10,
DIAG10,C,F13,218,11,
DIAG10,C,F13,218,12,
DIAG10,C,F13,218,13,
DIAG10,C,F13,218,14,
DIAG10,C,F13,218,15,
DIAG10,C,F13,218,16,
DIAG10,C,F13,218,17,
DIAG10,C,F13,218,18,
DIAG10,C,F13,218,19,
DIAG10,C,F13,218,20,
DIAG10,C,F13,218,21,
DIAG10,C,F13,218,22,
DIAG10,C,F13,218,23,
DIAG10,C,F13,231,0,0.6360153333333334
DIAG10,C,F13,231,1,0.6360153333333334
DIAG10,C,F13,231,2,0.6360153333333334
DIAG10,C,F13,231,3,0.6360153333333334
DIAG10,C,F13,231,4,0.6360153333333334
DIAG10,C,F13,231,5,0.6360153333333334
DIAG10,C,F13,231,6,0.6360153333333334
DIAG10,C,F13,231,7,0.6360153333333334
DIAG10,C,F13,231,8,0.6360153333333334
DIAG10,C,F13,231,9,0.6360153333333334
DIAG10,C,F13,231,10,0.6360153333333334
DIAG10,C,F13,231,11,0.6360153333333334
DIAG10,C,F13,231,12,0.6360153333333334
DIAG10,C,F13,231,13,0.6360153333333334
DIAG10,C,F13,231,14,0.6360153333333334
DIAG10,C,F13,231,15,0.6360153333333334
DIAG10,C,F13,231,16,0.6360153333333334
DIAG10,C,F13,231,17,0.6360153333333334
DIAG10,C,F13,231,18,0.6360153333333334
DIAG10,C,F13,231,19,0.6360153333333334
DIAG10,C,F13,231,20,0.6360153333333334
DIAG10,C,F13,231,21,0.6360153333333334
DIAG10,C,F13,231,22,0.6360153333333334
DIAG10,C,F13,231,23,0.6360153333333334
DIAG10,C,F13,232,0,0.6360153333333334
DIAG10,C,F13,232,1,0.6360153333333334
DIAG10,C,F13,232,2,0.6360153333333334
DIAG10,C,F13,232,3,0.6360153333333334
DIAG10,C,F13,232,4,0.6360153333333334
DIAG10,C,F13,232,5,0.6360153333333334
DIAG10,C,F13,232,6,0.6360153333333334
DIAG10,C,F13,232,7,0.6360153333333334
DIAG10,C,F13,232,8,0.6360153333333334
DIAG10,C,F13,232,9,0.6360153333333334
DIAG10,C,F13,232,10,0.6360153333333334
DIAG10,C,F13,232,11,0.6360153333333334
DIAG10,C,F13,232,12,0.6360153333333334
DIAG10,C,F13,232,13,0.6360153333333334
DIAG10,C,F13,232,14,0.6360153333333334
DIAG10,C,F13,232,15,0.6360153333333334
DIAG10,C,F13,232,16,0.6360153333333334
DIAG10,C,F13,232,17,0.6360153333333334
DIAG10,C,F13,232,18,0.6360153333333334
DIAG10,C,F13,232,19,0.6360153333333334
DIAG10,C,F13,232,20,0.6360153333333334
DIAG10,C,F13,232,21,0.6360153333333334
DIAG10,C,F13,232,22,0.6360153333333334
DIAG10,C,F13,232,23,0.6360153333333334
DIAG10,C,F13,233,0,0.9618974707065108
DIAG10,C,F13,233,1,0.9618974707065108
DIAG10,C,F13,233,2,0.9618974707065108
DIAG10,C,F13,233,3,0.9618974707065108
DIAG10,C,F13,233,4,0.9618974707065108
DIAG10,C,F13,233,5,0.9618974707065108
DIAG10,C,F13,233,6,0.9618974707065108
DIAG10,C,F13,233,7,0.9618974707065108
DIAG10,C,F13,233,8,0.9618974707065108
DIAG10,C,F13,233,9,0.9618974707065108
DIAG10,C,F13,233,10,0.9618974707065108
DIAG10,C,F13,233,11,0.9618974707065108
DIAG10,C,F13,233,12,0.9618974707065108
DIAG10,C,F13,233,13,0.9618974707065108
DIAG10,C,F13,233,14,0.9618974707065108
DIAG10,C,F13,233,15,0.9618974707065108
DIAG10,C,F13,233,16,0.9618974707065108
DIAG10,C,F13,233,17,0.9618974707065108
DIAG10,C,F13,233,18,0.9618974707065108
DIAG10,C,F13,233,19,0.9618974707065108
DIAG10,C,F13,233,20,0.9618974707065108
DIAG10,C,F13,233,21,0.9618974707065108
DIAG10,C,F13,233,22,0.9618974707065108
DIAG10,C,F13,233,23,0.9618974707065108
DIAG10,A,F47,215,0,0.708
DIAG10,A,F47,215,1,0.708
DIAG10,A,F47,215,2,0.708
DIAG10,A,F47,215,3,0.708
DIAG10,A,F47,215,4,0.708
DIAG10,A,F47,215,5,0.708
DIAG10,A,F47,215,6,0.708
DIAG10,A,F47,215,7,0.708
DIAG10,A,F47,215,8,0.708
DIAG10,A,F47,215,9,0.708
DIAG10,A,F47,215,10,0.708
DIAG10,A,F47,215,11,0.708
DIAG10,A,F47,215,12,
DIAG10,A,F47,215,13,
DIAG10,A,F47,215,14,
DIAG10,A,F47,215,15,
DIAG10,A,F47,215,16,
DIAG10,A,F47,215,17,
DIAG10,A,F47,215,18,
DIAG10,A,F47,215,19,
DIAG10,A,F47,215,20,
DIAG10,A,F47,215,21,
DIAG10,A,F47,215,22,
DIAG10,A,F47,215,23,0.504
DIAG10,A,F47,216,0,0.708
DIAG10,A,F47,216,1,0.708
DIAG10,A,F47,216,2,0.708
DIAG10,A,F47,216,3,0.708
DIAG10,A,F47,216,4,0.708
DIAG10,A,F47,216,5,0.708
DIAG10,A,F47,216,6,0.708
DIAG10,A,F47,216,7,0.708
DIAG10,A,F47,216,8,0.708
DIAG10,A,F47,216,9,0.708
DIAG10,A,F47,216,10,0.708
DIAG10,A,F47,216,11,0.708
DIAG10,A,F47,216,12,
DIAG10,A,F47,216,13,
DIAG10,A,F47,216,14,
DIAG10,A,F47,216,15,
DIAG10,A,F47,216,16,
DIAG10,A,F47,216,17,
DIAG10,A,F47,216,18,
DIAG10,A,F47,216,19,
DIAG10,A,F47,216,20,
DIAG10,A,F47,216,21,
DIAG10,A,F47,216,22,
DIAG10,A,F47,216,23,
DIAG10,A,F47,229,0,1.6964228749999997
DIAG10,A,F47,229,1,1.6964228749999997
DIAG10,A,F47,229,2,1.6964228749999997
DIAG10,A,F47,229,3,1.6964228749999997
DIAG10,A,F47,229,4,1.6964228749999997
DIAG10,A,F47,229,5,1.6964228749999997
DIAG10,A,F47,229,6,1.6964228749999997
DIAG10,A,F47,229,7,1.6964228749999997
DIAG10,A,F47,229,8,1.6964228749999997
DIAG10,A,F47,229,9,1.6964228749999997
DIAG10,A,F47,229,10,1.6964228749999997
DIAG10,A,F47,229,11,1.6964228749999997
DIAG10,A,F47,229,12,1.6964228749999997
DIAG10,A,F47,229,13,1.6964228749999997
DIAG10,A,F47,229,14,1.6964228749999997
DIAG10,A,F47,229,15,1.6964228749999997
DIAG10,A,F47,229,16,1.6964228749999997
DIAG10,A,F47,229,17,1.6964228749999997
DIAG10,A,F47,229,18,1.6964228749999997
DIAG10,A,F47,229,19,1.6964228749999997
DIAG10,A,F47,229,20,1.6964228749999997
DIAG10,A,F47,229,21,1.6964228749999997
DIAG10,A,F47,229,22,1.6964228749999997
DIAG10,A,F47,229,23,1.6964228749999997
DIAG10,A,F47,230,0,
DIAG10,A,F47,230,1,
DIAG10,A,F47,230,2,
DIAG10,A,F47,230,3,
DIAG10,A,F47,230,4,
DIAG10,A,F47,230,5,
DIAG10,A,F47,230,6,
DIAG10,A,F47,230,7,
DIAG10,A,F47,230,8,
DIAG10,A,F47,230,9,
DIAG10,A,F47,230,10,
DIAG10,A,F47,230,11,
DIAG10,A,F47,230,12,
DIAG10,A,F47,230,13,
DIAG10,A,F47,230,14,
DIAG10,A,F47,230,15,
DIAG10,A,F47,230,16,
DIAG10,A,F47,230,17,
DIAG10,A,F47,230,18,
DIAG10,A,F47,230,19,
DIAG10,A,F47,230,20,
DIAG10,A,F47,230,21,
DIAG10,A,F47,230,22,
DIAG10,A,F47,230,23,
DIAG10,A,F47,231,0,1.2027676894077064
DIAG10,A,F47,231,1,1.2027676894077064
DIAG10,A,F47,231,2,1.2027676894077064
DIAG10,A,F47,231,3,1.2027676894077064
DIAG10,A,F47,231,4,1.2027676894077064
DIAG10,A,F47,231,5,1.2027676894077064
DIAG10,A,F47,231,6,1.2027676894077064
DIAG10,A,F47,231,7,1.2027676894077064
DIAG10,A,F47,231,8,1.2027676894077064
DIAG10,A,F47,231,9,1.2027676894077064
DIAG10,A,F47,231,10,1.2027676894077064
DIAG10,A,F47,231,11,1.2027676894077064
DIAG10,A,F47,231,12,1.2027676894077064
DIAG10,A,F47,231,13,1.2027676894077064
DIAG10,A,F47,231,14,1.2027676894077064
DIAG10,A,F47,231,15,1.2027676894077064
DIAG10,A,F47,231,16,1.2027676894077064
DIAG10,A,F47,231,17,1.2027676894077064
DIAG10,A,F47,231,18,1.2027676894077064
DIAG10,A,F47,231,19,1.2027676894077064
DIAG10,A,F47,231,20,1.2027676894077064
DIAG10,A,F47,231,21,1.2027676894077064
DIAG10,A,F47,231,22,1.2027676894077064
DIAG10,A,F47,231,23,1.2027676894077064
DIAG10,B,F47,215,0,0.708
DIAG10,B,F47,215,1,0.504
DIAG10,B,F47,215,2,0.504
DIAG10,B,F47,215,3,0.508
DIAG10,B,F47,215,4,0.508
DIAG10,B,F47,215,5,0.508
DIAG10,B,F47,215,6,0.504
DIAG10,B,F47,215,7,0.504
DIAG10,B,F47,215,8,0.504
DIAG10,B,F47,215,9,0.504
DIAG10,B,F47,215,10,0.504
DIAG10,B,F47,215,11,0.504
DIAG10,B,F47,215,12,
DIAG10,B,F47,215,13,
DIAG10,B,F47,215,14,
DIAG10,B,F47,215,15,
DIAG10,B,F47,215,16,
DIAG10,B,F47,215,17,
DIAG10,B,F47,215,18,
DIAG10,B,F47,215,19,
DIAG10,B,F47,215,20,
DIAG10,B,F47,215,21,
DIAG10,B,F47,215,22,
DIAG10,B,F47,215,23,0.504
DIAG10,B,F47,216,0,0.708
DIAG10,B,F47,216,1,0.708
DIAG10,B,F47,216,2,0.708
DIAG10,B,F47,216,3,0.708
DIAG10,B,F47,216,4,0.708
DIAG10,B,F47,216,5,0.708
DIAG10,B,F47,216,6,0.708
DIAG10,B,F47,216,7,0.708
DIAG10,B,F47,216,8,0.708
DIAG10,B,F47,216,9,0.708
DIAG10,B,F47,216,10,0.708
DIAG10,B,F47,216,11,0.708
DIAG10,B,F47,216,12,
DIAG10,B,F47,216,13,
DIAG10,B,F47,216,14,
DIAG10,B,F47,216,15,
DIAG10,B,F47,216,16,
DIAG10,B,F47,216,17,
DIAG10,B,F47,216,18,
DIAG10,B,F47,216,19,
DIAG10,B,F47,216,20,
DIAG10,B,F47,216,21,
DIAG10,B,F47,216,22,
DIAG10,B,F47,216,23,
DIAG10,B,F47,229,0,1.6964228749999997
DIAG10,B,F47,229,1,1.6964228749999997
DIAG10,B,F47,229,2,1.6964228749999997
DIAG10,B,F47,229,3,1.6964228749999997
DIAG10,B,F47,229,4,1.6964228749999997
DIAG10,B,F47,229,5,1.6964228749999997
DIAG10,B,F47,229,6,1.6964228749999997
DIAG10,B,F47,229,7,1.6964228749999997
DIAG10,B,F47,229,8,1.6964228749999997
DIAG10,B,F47,229,9,1.6964228749999997
DIAG10,B,F47,229,10,1.6964228749999997
DIAG10,B,F47,229,11,1.6964228749999997
DIAG10,B,F47,229,12,1.6964228749999997
DIAG10,B,F47,229,13,1.6964228749999997
DIAG10,B,F47,229,14,1.6964228749999997
DIAG10,B,F47,229,15,1.6964228749999997
DIAG10,B,F47,229,16,1.6964228749999997
DIAG10,B,F47,229,17,1.6964228749999997
DIAG10,B,F47,229,18,1.6964228749999997
DIAG10,B,F47,229,19,1.6964228749999997
DIAG10,B,F47,229,20,1.6964228749999997
DIAG10,B,F47,229,21,1.6964228749999997
DIAG10,B,F47,229,22,1.6964228749999997
DIAG10,B,F47,229,23,1.6964228749999997
DIAG10,B,F47,230,0,0.466
DIAG10,B,F47,230,1,
DIAG10,B,F47,230,2,
DIAG10,B,F47,230,3,
DIAG10,B,F47,230,4,
DIAG10,B,F47,230,5,
DIAG10,B,F47,230,6,
DIAG10,B,F47,230,7,
DIAG10,B,F47,230,8,
DIAG10,B,F47,230,9,
DIAG10,B,F47,230,10,
DIAG10,B,F47,230,11,
DIAG10,B,F47,230,12,
DIAG10,B,F47,230,13,
DIAG10,B,F47,230,14,
DIAG10,B,F47,230,15,
DIAG10,B,F47,230,16,
DIAG10,B,F47,230,17,
DIAG10,B,F47,230,18,
DIAG10,B,F47,230,19,
DIAG10,B,F47,230,20,
DIAG10,B,F47,230,21,
DIAG10,B,F47,230,22,
DIAG10,B,F47,230,23,
DIAG10,B,F47,231,0,1.2027676894077064
DIAG10,B,F47,231,1,1.2027676894077064
DIAG10,B,F47,231,2,1.2027676894077064
DIAG10,B,F47,231,3,1.2027676894077064
DIAG10,B,F47,231,4,1.2027676894077064
DIAG10,B,F47,231,5,1.2027676894077064
DIAG10,B,F47,231,6,1.2027676894077064
DIAG10,B,F47,231,7,1.2027676894077064
DIAG10,B,F47,231,8,1.2027676894077064
DIAG10,B,F47,231,9,1.2027676894077064
DIAG10,B,F47,231,10,1.2027676894077064
DIAG10,B,F47,231,11,1.2027676894077064
DIAG10,B,F47,231,12,1.2027676894077064
DIAG10,B,F47,231,13,1.2027676894077064
DIAG10,B,F47,231,14,1.2027676894077064
DIAG10,B,F47,231,15,1.2027676894077064
DIAG10,B,F47,231,16,1.2027676894077064
DIAG10,B,F47,231,17,1.2027676894077064
DIAG10,B,F47,231,18,1.2027676894077064
DIAG10,B,F47,231,19,1.2027676894077064
DIAG10,B,F47,231,20,1.2027676894077064
DIAG10,B,F47,231,21,1.2027676894077064
DIAG10,B,F47,231,22,1.2027676894077064
DIAG10,B,F47,231,23,1.2027676894077064
DIAG10,C,F47,215,0,0.708
DIAG10,C,F47,215,1,0.471
DIAG10,C,F47,215,2,0.471
DIAG10,C,F47,215,3,0.471
DIAG10,C,F47,215,4,0.471
DIAG10,C,F47,215,5,0.471
DIAG10,C,F47,215,6,0.471
DIAG10,C,F47,215,7,0.471
DIAG10,C,F47,215,8,0.471
DIAG10,C,F47,215,9,0.471
DIAG10,C,F47,215,10,0.471
DIAG10,C,F47,215,11,0.471
DIAG10,C,F47,215,12,0.471
DIAG10,C,F47,215,13,0.471
DIAG10,C,F47,215,14,0.471
DIAG10,C,F47,215,15,0.471
DIAG10,C,F47,215,16,0.471
DIAG10,C,F47,215,17,0.471
DIAG10,C,F47,215,18,0.471
DIAG10,C,F47,215,19,0.471
DIAG10,C,F47,215,20,0.471
DIAG10,C,F47,215,21,0.471
DIAG10,C,F47,215,22,0.471
DIAG10,C,F47,215,23,0.471
DIAG10,C,F47,216,0,0.708
DIAG10,C,F47,216,1,0.708
DIAG10,C,F47,216,2,0.708
DIAG10,C,F47,216,3,0.708
DIAG10,C,F47,216,4,0.708
DIAG10,C,F47,216,5,0.708
DIAG10,C,F47,216,6,0.708
DIAG10,C,F47,216,7,0.708
DIAG10,C,F47,216,8,0.708
DIAG10,C,F47,216,9,0.708
DIAG10,C,F47,216,10,0.708
DIAG10,C,F47,216,11,0.708
DIAG10,C,F47,216,12,
DIAG10,C,F47,216,13,
DIAG10,C,F47,216,14,
DIAG10,C,F47,216,15,
DIAG10,C,F47,216,16,
DIAG10,C,F47,216,17,
DIAG10,C,F47,216,18,
DIAG10,C,F47,216,19,
DIAG10,C,F47,216,20,
DIAG10,C,F47,216,21,
DIAG10,C,F47,216,22,
DIAG10,C,F47,216,23,
DIAG10,C,F47,229,0,1.6964228749999997
DIAG10,C,F47,229,1,1.6964228749999997
DIAG10,C,F47,229,2,1.6964228749999997
DIAG10,C,F47,229,3,1.6964228749999997
DIAG10,C,F47,229,4,1.6964228749999997
DIAG10,C,F47,229,5,1.6964228749999997
DIAG10,C,F47,229,6,1.6964228749999997
DIAG10,C,F47,229,7,1.6964228749999997
DIAG10,C,F47,229,8,1.6964228749999997
DIAG10,C,F47,229,9,1.6964228749999997
DIAG10,C,F47,229,10,1.6964228749999997
DIAG10,C,F47,229,11,1.6964228749999997
DIAG10,C,F47,229,12,1.6964228749999997
DIAG10,C,F47,229,13,1.6964228749999997
DIAG10,C,F47,229,14,1.6964228749999997
DIAG10,C,F47,229,15,1.6964228749999997
DIAG10,C,F47,229,16,1.6964228749999997
DIAG10,C,F47,229,17,1.6964228749999997
DIAG10,C,F47,229,18,1.6964228749999997
DIAG10,C,F47,229,19,1.6964228749999997
DIAG10,C,F47,229,20,1.6964228749999997
DIAG10,C,F47,229,21,1.6964228749999997
DIAG10,C,F47,229,22,1.6964228749999997
DIAG10,C,F47,229,23,1.6964228749999997
DIAG10,C,F47,230,0,0.466
DIAG10,C,F47,230,1,
DIAG10,C,F47,230,2,
DIAG10,C,F47,230,3,
DIAG10,C,F47,230,4,
DIAG10,C,F47,230,5,
DIAG10,C,F47,230,6,
DIAG10,C,F47,230,7,
DIAG10,C,F47,230,8,
DIAG10,C,F47,230,9,
DIAG10,C,F47,230,10,
DIAG10,C,F47,230,11,
DIAG10,C,F47,230,12,
DIAG10,C,F47,230,13,
DIAG10,C,F47,230,14,
DIAG10,C,F47,230,15,
DIAG10,C,F47,230,16,
DIAG10,C,F47,230,17,
DIAG10,C,F47,230,18,
DIAG10,C,F47,230,19,
DIAG10,C,F47,230,20,
DIAG10,C,F47,230,21,
DIAG10,C,F47,230,22,
DIAG10,C,F47,230,23,
DIAG10,C,F47,231,0,1.2027676894077064
DIAG10,C,F47,231,1,1.2027676894077064
DIAG10,C,F47,231,2,1.2027676894077064
DIAG10,C,F47,231,3,1.2027676894077064
DIAG10,C,F47,231,4,1.2027676894077064
DIAG10,C,F47,231,5,1.2027676894077064
DIAG10,C,F47,231,6,1.2027676894077064
DIAG10,C,F47,231,7,1.2027676894077064
DIAG10,C,F47,231,8,1.2027676894077064
DIAG10,C,F47,231,9,1.2027676894077064
DIAG10,C,F47,231,10,1.2027676894077064
DIAG10,C,F47,231,11,1.2027676894077064
DIAG10,C,F47,231,12,1.2027676894077064
DIAG10,C,F47,231,13,1.2027676894077064
DIAG10,C,F47,231,14,1.2027676894077064
DIAG10,C,F47,231,15,1.2027676894077064
DIAG10,C,F47,231,16,1.2027676894077064
DIAG10,C,F47,231,17,1.2027676894077064
DIAG10,C,F47,231,18,1.2027676894077064
DIAG10,C,F47,231,19,1.2027676894077064
DIAG10,C,F47,231,20,1.2027676894077064
DIAG10,C,F47,231,21,1.2027676894077064
DIAG10,C,F47,231,22,1.2027676894077064
DIAG10,C,F47,231,23,1.2027676894077064
DIAG10,A,F13,241,0,
DIAG10,A,F13,241,1,
DIAG10,A,F13,241,2,
DIAG10,A,F13,241,3,
DIAG10,A,F13,241,4,
DIAG10,A,F13,241,5,
DIAG10,A,F13,241,6,
DIAG10,A,F13,241,7,
DIAG10,A,F13,241,8,
DIAG10,A,F13,241,9,
DIAG10,A,F13,241,10,
DIAG10,A,F13,241,11,
DIAG10,A,F13,241,12,
DIAG10,A,F13,241,13,
DIAG10,A,F13,241,14,
DIAG10,A,F13,241,15,
DIAG10,A,F13,241,16,
DIAG10,A,F13,241,17,
DIAG10,A,F13,241,18,
DIAG10,A,F13,241,19,
DIAG10,A,F13,241,20,
DIAG10,A,F13,241,21,
DIAG10,A,F13,241,22,
DIAG10,A,F13,241,23,
DIAG10,A,F13,242,0,
DIAG10,A,F13,242,1,
DIAG10,A,F13,242,2,
DIAG10,A,F13,242,3,
DIAG10,A,F13,242,4,
DIAG10,A,F13,242,5,
DIAG10,A,F13,242,6,0.388
DIAG10,A,F13,242,7,0.388
DIAG10,A,F13,242,8,0.388
DIAG10,A,F13,242,9,0.388
DIAG10,A,F13,242,10,0.388
DIAG10,A,F13,242,11,0.388
DIAG10,A,F13,242,12,0.388
DIAG10,A,F13,242,13,0.388
DIAG10,A,F13,242,14,0.388
DIAG10,A,F13,242,15,0.388
DIAG10,A,F13,242,16,0.388
DIAG10,A,F13,242,17,0.388
DIAG10,A,F13,242,18,0.388
DIAG10,A,F13,242,19,0.388
DIAG10,A,F13,242,20,0.388
DIAG10,A,F13,242,21,0.388
DIAG10,A,F13,242,22,0.388
DIAG10,A,F13,242,23,
DIAG10,A,F13,243,0,
DIAG10,A,F13,243,1,
DIAG10,A,F13,243,2,
DIAG10,A,F13,243,3,
DIAG10,A,F13,243,4,
DIAG10,A,F13,243,5,
DIAG10,A,F13,243,6,
DIAG10,A,F13,243,7,
DIAG10,A,F13,243,8,
DIAG10,A,F13,243,9,
DIAG10,A,F13,243,10,
DIAG10,A,F13,243,11,
DIAG10,A,F13,243,12,
DIAG10,A,F13,243,13,
DIAG10,A,F13,243,14,
DIAG10,A,F13,243,15,
DIAG10,A,F13,243,16,
DIAG10,A,F13,243,17,
DIAG10,A,F13,243,18,
DIAG10,A,F13,243,19,
DIAG10,A,F13,243,20,
DIAG10,A,F13,243,21,
DIAG10,A,F13,243,22,
DIAG10,A,F13,243,23,
DIAG10,A,F13,244,0,
DIAG10,A,F13,244,1,
DIAG10,A,F13,244,2,
DIAG10,A,F13,244,3,
DIAG10,A,F13,244,4,
DIAG10,A,F13,244,5,
DIAG10,A,F13,244,6,
DIAG10,A,F13,244,7,
DIAG10,A,F13,244,8,
DIAG10,A,F13,244,9,
DIAG10,A,F13,244,10,
DIAG10,A,F13,244,11,
DIAG10,A,F13,244,12,
DIAG10,A,F13,244,13,
DIAG10,A,F13,244,14,
DIAG10,A,F13,244,15,
DIAG10,A,F13,244,16,
DIAG10,A,F13,244,17,
DIAG10,A,F13,244,18,
DIAG10,A,F13,244,19,
DIAG10,A,F13,244,20,
DIAG10,A,F13,244,21,
DIAG10,A,F13,244,22,
DIAG10,A,F13,244,23,
DIAG10,A,F13,245,0,0.553
DIAG10,A,F13,245,1,0.760724375
DIAG10,A,F13,245,2,0.760724375
DIAG10,A,F13,245,3,0.760724375
DIAG10,A,F13,245,4,0.760724375
DIAG10,A,F13,245,5,0.760724375
DIAG10,A,F13,245,6,0.760724375
DIAG10,A,F13,245,7,0.760724375
DIAG10,A,F13,245,8,0.760724375
DIAG10,A,F13,245,9,0.760724375
DIAG10,A,F13,245,10,0.760724375
DIAG10,A,F13,245,11,0.760724375
DIAG10,A,F13,245,12,0.760724375
DIAG10,A,F13,245,13,0.760724375
DIAG10,A,F13,245,14,0.760724375
DIAG10,A,F13,245,15,0.760724375
DIAG10,A,F13,245,16,0.760724375
DIAG10,A,F13,245,17,0.760724375
DIAG10,A,F13,245,18,0.760724375
DIAG10,A,F13,245,19,0.760724375
DIAG10,A,F13,245,20,0.760724375
DIAG10,A,F13,245,21,0.760724375
DIAG10,A,F13,245,22,0.760724375
DIAG10,A,F13,245,23,0.760724375
DIAG10,B,F13,241,0,
DIAG10,B,F13,241,1,
DIAG10,B,F13,241,2,
DIAG10,B,F13,241,3,
DIAG10,B,F13,241,4,
DIAG10,B,F13,241,5,
DIAG10,B,F13,241,6,
DIAG10,B,F13,241,7,
DIAG10,B,F13,241,8,
DIAG10,B,F13,241,9,
DIAG10,B,F13,241,10,
DIAG10,B,F13,241,11,
DIAG10,B,F13,241,12,
DIAG10,B,F13,241,13,
DIAG10,B,F13,241,14,
DIAG10,B,F13,241,15,
DIAG10,B,F13,241,16,
DIAG10,B,F13,241,17,
DIAG10,B,F13,241,18,
DIAG10,B,F13,241,19,
DIAG10,B,F13,241,20,
DIAG10,B,F13,241,21,
DIAG10,B,F13,241,22,
DIAG10,B,F13,241,23,
DIAG10,B,F13,242,0,
DIAG10,B,F13,242,1,0.388
DIAG10,B,F13,242,2,0.388
DIAG10,B,F13,242,3,0.388
DIAG10,B,F13,242,4,0.388
DIAG10,B,F13,242,5,0.388
DIAG10,B,F13,242,6,0.388
DIAG10,B,F13,242,7,0.388
DIAG10,B,F13,242,8,0.388
DIAG10,B,F13,242,9,0.388
DIAG10,B,F13,242,10,0.388
DIAG10,B,F13,242,11,0.388
DIAG10,B,F13,242,12,0.388
DIAG10,B,F13,242,13,0.388
DIAG10,B,F13,242,14,0.388
DIAG10,B,F13,242,15,0.388
DIAG10,B,F13,242,16,0.388
DIAG10,B,F13,242,17,0.388
DIAG10,B,F13,242,18,0.388
DIAG10,B,F13,242,19,0.388
DIAG10,B,F13,242,20,0.388
DIAG10,B,F13,242,21,0.388
DIAG10,B,F13,242,22,0.388
DIAG10,B,F13,242,23,
DIAG10,B,F13,243,0,
DIAG10,B,F13,243,1,
DIAG10,B,F13,243,2,
DIAG10,B,F13,243,3,
DIAG10,B,F13,243,4,
DIAG10,B,F13,243,5,
DIAG10,B,F13,243,6,
DIAG10,B,F13,243,7,
DIAG10,B,F13,243,8,
DIAG10,B,F13,243,9,
DIAG10,B,F13,243,10,
DIAG10,B,F13,243,11,
DIAG10,B,F13,243,12,
DIAG10,B,F13,243,13,
DIAG10,B,F13,243,14,
DIAG10,B,F13,243,15,
DIAG10,B,F13,243,16,
DIAG10,B,F13,243,17,
DIAG10,B,F13,243,18,
DIAG10,B,F13,243,19,
DIAG10,B,F13,243,20,
DIAG10,B,F13,243,21,
DIAG10,B,F13,243,22,
DIAG10,B,F13,243,23,
DIAG10,B,F13,244,0,
DIAG10,B,F13,244,1,
DIAG10,B,F13,244,2,
DIAG10,B,F13,244,3,
DIAG10,B,F13,244,4,
DIAG10,B,F13,244,5,
DIAG10,B,F13,244,6,
DIAG10,B,F13,244,7,
DIAG10,B,F13,244,8,
DIAG10,B,F13,244,9,
DIAG10,B,F13,244,10,
DIAG10,B,F13,244,11,
DIAG10,B,F13,244,12,
DIAG10,B,F13,244,13,
DIAG10,B,F13,244,14,
DIAG10,B,F13,244,15,
DIAG10,B,F13,244,16,
DIAG10,B,F13,244,17,
DIAG10,B,F13,244,18,
DIAG10,B,F13,244,19,
DIAG10,B,F13,244,20,
DIAG10,B,F13,244,21,
DIAG10,B,F13,244,22,
DIAG10,B,F13,244,23,
DIAG10,B,F13,245,0,0.553
DIAG10,B,F13,245,1,0.760724375
DIAG10,B,F13,245,2,0.760724375
DIAG10,B,F13,245,3,0.760724375
DIAG10,B,F13,245,4,0.760724375
DIAG10,B,F13,245,5,0.760724375
DIAG10,B,F13,245,6,0.760724375
DIAG10,B,F13,245,7,0.760724375
DIAG10,B,F13,245,8,0.760724375
DIAG10,B,F13,245,9,0.760724375
DIAG10,B,F13,245,10,0.760724375
DIAG10,B,F13,245,11,0.760724375
DIAG10,B,F13,245,12,0.760724375
DIAG10,B,F13,245,13,0.760724375
DIAG10,B,F13,245,14,0.760724375
DIAG10,B,F13,245,15,0.760724375
DIAG10,B,F13,245,16,0.760724375
DIAG10,B,F13,245,17,0.760724375
DIAG10,B,F13,245,18,0.760724375
DIAG10,B,F13,245,19,0.760724375
DIAG10,B,F13,245,20,0.760724375
DIAG10,B,F13,245,21,0.760724375
DIAG10,B,F13,245,22,0.760724375
DIAG10,B,F13,245,23,0.760724375
DIAG10,C,F13,241,0,
DIAG10,C,F13,241,1,
DIAG10,C,F13,241,2,
DIAG10,C,F13,241,3,
DIAG10,C,F13,241,4,
DIAG10,C,F13,241,5,
DIAG10,C,F13,241,6,
DIAG10,C,F13,241,7,
DIAG10,C,F13,241,8,
DIAG10,C,F13,241,9,
DIAG10,C,F13,241,10,
DIAG10,C,F13,241,11,
DIAG10,C,F13,241,12,
DIAG10,C,F13,241,13,
DIAG10,C,F13,241,14,
DIAG10,C,F13,241,15,
DIAG10,C,F13,241,16,
DIAG10,C,F13,241,17,
DIAG10,C,F13,241,18,
DIAG10,C,F13,241,19,
DIAG10,C,F13,241,20,
DIAG10,C,F13,241,21,
DIAG10,C,F13,241,22,
DIAG10,C,F13,241,23,
DIAG10,C,F13,242,0,
DIAG10,C,F13,242,1,
DIAG10,C,F13,242,2,
DIAG10,C,F13,242,3,
DIAG10,C,F13,242,4,
DIAG10,C,F13,242,5,
DIAG10,C,F13,242,6,0.388
DIAG10,C,F13,242,7,0.388
DIAG10,C,F13,242,8,0.388
DIAG10,C,F13,242,9,0.388
DIAG10,C,F13,242,10,0.388
DIAG10,C,F13,242,11,0.388
DIAG10,C,F13,242,12,0.388
DIAG10,C,F13,242,13,0.388
DIAG10,C,F13,242,14,0.388
DIAG10,C,F13,242,15,0.388
DIAG10,C,F13,242,16,0.388
DIAG10,C,F13,242,17,0.388
DIAG10,C,F13,242,18,0.388
DIAG10,C,F13,242,19,0.388
DIAG10,C,F13,242,20,0.388
DIAG10,C,F13,242,21,0.388
DIAG10,C,F13,242,22,0.388
DIAG10,C,F13,242,23,
DIAG10,C,F13,243,0,
DIAG10,C,F13,243,1,
DIAG10,C,F13,243,2,
DIAG10,C,F13,243,3,
DIAG10,C,F13,243,4,
DIAG10,C,F13,243,5,
DIAG10,C,F13,243,6,
DIAG10,C,F13,243,7,
DIAG10,C,F13,243,8,
DIAG10,C,F13,243,9,
DIAG10,C,F13,243,10,
DIAG10,C,F13,243,11,
DIAG10,C,F13,243,12,
DIAG10,C,F13,243,13,
DIAG10,C,F13,243,14,
DIAG10,C,F13,243,15,
DIAG10,C,F13,243,16,
DIAG10,C,F13,243,17,
DIAG10,C,F13,243,18,
DIAG10,C,F13,243,19,
DIAG10,C,F13,243,20,
DIAG10,C,F13,243,21,
DIAG10,C,F13,243,22,
DIAG10,C,F13,243,23,
DIAG10,C,F13,244,0,
DIAG10,C,F13,244,1,
DIAG10,C,F13,244,2,
DIAG10,C,F13,244,3,
DIAG10,C,F13,244,4,
DIAG10,C,F13,244,5,
DIAG10,C,F13,244,6,
DIAG10,C,F13,244,7,
DIAG10,C,F13,244,8,
DIAG10,C,F13,244,9,
DIAG10,C,F13,244,10,
DIAG10,C,F13,244,11,
DIAG10,C,F13,244,12,
DIAG10,C,F13,244,13,
DIAG10,C,F13,244,14,
DIAG10,C,F13,244,15,
DIAG10,C,F13,244,16,
DIAG10,C,F13,244,17,
DIAG10,C,F13,244,18,
DIAG10,C,F13,244,19,
DIAG10,C,F13,244,20,
DIAG10,C,F13,244,21,
DIAG10,C,F13,244,22,
DIAG10,C,F13,244,23,
DIAG10,C,F13,245,0,0.553
DIAG10,C,F13,245,1,0.760724375
DIAG10,C,F13,245,2,0.760724375
DIAG10,C,F13,245,3,0.760724375
DIAG10,C,F13,245,4,0.760724375
DIAG10,C,F13,245,5,0.760724375
DIAG10,C,F13,245,6,0.760724375
DIAG10,C,F13,245,7,0.760724375
DIAG10,C,F13,245,8,0.760724375
DIAG10,C,F13,245,9,0.760724375
DIAG10,C,F13,245,10,0.760724375
DIAG10,C,F13,245,11,0.760724375
DIAG10,C,F13,245,12,0.760724375
DIAG10,C,F13,245,13,0.760724375
DIAG10,C,F13,245,14,0.760724375
DIAG10,C,F13,245,15,0.760724375
DIAG10,C,F13,245,16,0.760724375
DIAG10,C,F13,245,17,0.760724375
DIAG10,C,F13,245,18,0.760724375
DIAG10,C,F13,245,19,0.760724375
DIAG10,C,F13,245,20,0.760724375
DIAG10,C,F13,245,21,0.760724375
DIAG10,C,F13,245,22,0.760724375
DIAG10,C,F13,245,23,0.760724375
DIAG10,A,F47,239,0,0.395
DIAG10,A,F47,239,1,0.6664368333333333
DIAG10,A,F47,239,2,0.6664368333333333
DIAG10,A,F47,239,3,0.6664368333333333
DIAG10,A,F47,239,4,0.6664368333333333
DIAG10,A,F47,239,5,0.6664368333333333
DIAG10,A,F47,239,6,0.6664368333333333
DIAG10,A,F47,239,7,0.6664368333333333
DIAG10,A,F47,239,8,0.6664368333333333
DIAG10,A,F47,239,9,0.6664368333333333
DIAG10,A,F47,239,10,0.6664368333333333
DIAG10,A,F47,239,11,0.6664368333333333
DIAG10,A,F47,239,12,0.6664368333333333
DIAG10,A,F47,239,13,0.6664368333333333
DIAG10,A,F47,239,14,0.6664368333333333
DIAG10,A,F47,239,15,0.6664368333333333
DIAG10,A,F47,239,16,0.6664368333333333
DIAG10,A,F47,239,17,0.6664368333333333
DIAG10,A,F47,239,18,0.6664368333333333
DIAG10,A,F47,239,19,0.6664368333333333
DIAG10,A,F47,239,20,0.6664368333333333
DIAG10,A,F47,239,21,0.6664368333333333
DIAG10,A,F47,239,22,0.6664368333333333
DIAG10,A,F47,239,23,0.6664368333333333
DIAG10,A,F47,240,0,0.409
DIAG10,A,F47,240,1,0.409
DIAG10,A,F47,240,2,0.409
DIAG10,A,F47,240,3,0.409
DIAG10,A,F47,240,4,0.409
DIAG10,A,F47,240,5,0.409
DIAG10,A,F47,240,6,0.409
DIAG10,A,F47,240,7,0.409
DIAG10,A,F47,240,8,0.409
DIAG10,A,F47,240,9,0.409
DIAG10,A,F47,240,10,0.409
DIAG10,A,F47,240,11,0.409
DIAG10,A,F47,240,12,0.409
DIAG10,A,F47,240,13,0.409
DIAG10,A,F47,240,14,0.409
DIAG10,A,F47,240,15,0.409
DIAG10,A,F47,240,16,0.409
DIAG10,A,F47,240,17,0.409
DIAG10,A,F47,240,18,0.409
DIAG10,A,F47,240,19,0.409
DIAG10,A,F47,240,20,0.409
DIAG10,A,F47,240,21,0.409
DIAG10,A,F47,240,22,0.409
DIAG10,A,F47,240,23,0.409
DIAG10,A,F47,241,0,0.6664368333333333
DIAG10,A,F47,241,1,0.63
DIAG10,A,F47,241,2,0.63
DIAG10,A,F47,241,3,
DIAG10,A,F47,241,4,
DIAG10,A,F47,241,5,
DIAG10,A,F47,241,6,
DIAG10,A,F47,241,7,
DIAG10,A,F47,241,8,
DIAG10,A,F47,241,9,
DIAG10,A,F47,241,10,
DIAG10,A,F47,241,11,
DIAG10,A,F47,241,12,
DIAG10,A,F47,241,13,
DIAG10,A,F47,241,14,
DIAG10,A,F47,241,15,
DIAG10,A,F47,241,16,
DIAG10,A,F47,241,17,
DIAG10,A,F47,241,18,
DIAG10,A,F47,241,19,
DIAG10,A,F47,241,20,
DIAG10,A,F47,241,21,
DIAG10,A,F47,241,22,
DIAG10,A,F47,241,23,
DIAG10,A,F47,242,0,
DIAG10,A,F47,242,1,
DIAG10,A,F47,242,2,
DIAG10,A,F47,242,3,
DIAG10,A,F47,242,4,
DIAG10,A,F47,242,5,
DIAG10,A,F47,242,6,
DIAG10,A,F47,242,7,
DIAG10,A,F47,242,8,
DIAG10,A,F47,242,9,
DIAG10,A,F47,242,10,
DIAG10,A,F47,242,11,
DIAG10,A,F47,242,12,
DIAG10,A,F47,242,13,
DIAG10,A,F47,242,14,
DIAG10,A,F47,242,15,
DIAG10,A,F47,242,16,
DIAG10,A,F47,242,17,
DIAG10,A,F47,242,18,
DIAG10,A,F47,242,19,
DIAG10,A,F47,242,20,
DIAG10,A,F47,242,21,
DIAG10,A,F47,242,22,
DIAG10,A,F47,242,23,
DIAG10,A,F47,243,0,0.708
DIAG10,A,F47,243,1,0.508
DIAG10,A,F47,243,2,0.508
DIAG10,A,F47,243,3,0.508
DIAG10,A,F47,243,4,0.508
DIAG10,A,F47,243,5,0.508
DIAG10,A,F47,243,6,0.508
DIAG10,A,F47,243,7,0.508
DIAG10,A,F47,243,8,0.508
DIAG10,A,F47,243,9,0.508
DIAG10,A,F47,243,10,0.508
DIAG10,A,F47,243,11,0.508
DIAG10,A,F47,243,12,0.508
DIAG10,A,F47,243,13,0.508
DIAG10,A,F47,243,14,0.508
DIAG10,A,F47,243,15,0.508
DIAG10,A,F47,243,16,0.508
DIAG10,A,F47,243,17,0.508
DIAG10,A,F47,243,18,0.508
DIAG10,A,F47,243,19,0.508
DIAG10,A,F47,243,20,0.508
DIAG10,A,F47,243,21,0.508
DIAG10,A,F47,243,22,0.508
DIAG10,A,F47,243,23,0.508
DIAG10,B,F47,239,0,0.395
DIAG10,B,F47,239,1,
DIAG10,B,F47,239,2,
DIAG10,B,F47,239,3,0.6664368333333333
DIAG10,B,F47,239,4,0.6664368333333333
DIAG10,B,F47,239,5,0.6664368333333333
DIAG10,B,F47,239,6,0.6664368333333333
DIAG10,B,F47,239,7,0.6664368333333333
DIAG10,B,F47,239,8,0.6664368333333333
DIAG10,B,F47,239,9,0.6664368333333333
DIAG10,B,F47,239,10,0.6664368333333333
DIAG10,B,F47,239,11,0.6664368333333333
DIAG10,B,F47,239,12,0.6664368333333333
DIAG10,B,F47,239,13,0.6664368333333333
DIAG10,B,F47,239,14,0.6664368333333333
DIAG10,B,F47,239,15,0.6664368333333333
DIAG10,B,F47,239,16,0.6664368333333333
DIAG10,B,F47,239,17,0.6664368333333333
DIAG10,B,F47,239,18,0.6664368333333333
DIAG10,B,F47,239,19,0.6664368333333333
DIAG10,B,F47,239,20,0.6664368333333333
DIAG10,B,F47,239,21,0.6664368333333333
DIAG10,B,F47,239,22,0.6664368333333333
DIAG10,B,F47,239,23,0.6664368333333333
DIAG10,B,F47,240,0,0.409
DIAG10,B,F47,240,1,0.409
DIAG10,B,F47,240,2,0.409
DIAG10,B,F47,240,3,0.409
DIAG10,B,F47,240,4,0.409
DIAG10,B,F47,240,5,0.409
DIAG10,B,F47,240,6,0.409
DIAG10,B,F47,240,7,0.409
DIAG10,B,F47,240,8,0.409
DIAG10,B,F47,240,9,0.409
DIAG10,B,F47,240,10,0.409
DIAG10,B,F47,240,11,0.409
DIAG10,B,F47,240,12,0.409
DIAG10,B,F47,240,13,0.409
DIAG10,B,F47,240,14,0.409
DIAG10,B,F47,240,15,0.409
DIAG10,B,F47,240,16,0.409
DIAG10,B,F47,240,17,0.409
DIAG10,B,F47,240,18,0.409
DIAG10,B,F47,240,19,0.409
DIAG10,B,F47,240,20,0.409
DIAG10,B,F47,240,21,0.409
DIAG10,B,F47,240,22,0.409
DIAG10,B,F47,240,23,0.409
DIAG10,B,F47,241,0,
DIAG10,B,F47,241,1,0.63
DIAG10,B,F47,241,2,0.63
DIAG10,B,F47,241,3,
DIAG10,B,F47,241,4,
DIAG10,B,F47,241,5,
DIAG10,B,F47,241,6,
DIAG10,B,F47,241,7,
DIAG10,B,F47,241,8,
DIAG10,B,F47,241,9,
DIAG10,B,F47,241,10,
DIAG10,B,F47,241,11,
DIAG10,B,F47,241,12,
DIAG10,B,F47,241,13,
DIAG10,B,F47,241,14,
DIAG10,B,F47,241,15,
DIAG10,B,F47,241,16,
DIAG10,B,F47,241,17,
DIAG10,B,F47,241,18,
DIAG10,B,F47,241,19,
DIAG10,B,F47,241,20,
DIAG10,B,F47,241,21,
DIAG10,B,F47,241,22,
DIAG10,B,F47,241,23,
DIAG10,B,F47,242,0,
DIAG10,B,F47,242,1,
DIAG10,B,F47,242,2,
DIAG10,B,F47,242,3,
DIAG10,B,F47,242,4,
DIAG10,B,F47,242,5,
DIAG10,B,F47,242,6,
DIAG10,B,F47,242,7,
DIAG10,B,F47,242,8,
DIAG10,B,F47,242,9,
DIAG10,B,F47,242,10,
DIAG10,B,F47,242,11,
DIAG10,B,F47,242,12,
DIAG10,B,F47,242,13,
DIAG10,B,F47,242,14,
DIAG10,B,F47,242,15,
DIAG10,B,F47,242,16,
DIAG10,B,F47,242,17,
DIAG10,B,F47,242,18,
DIAG10,B,F47,242,19,
DIAG10,B,F47,242,20,
DIAG10,B,F47,242,21,
DIAG10,B,F47,242,22,
DIAG10,B,F47,242,23,
DIAG10,B,F47,243,0,0.708
DIAG10,B,F47,243,1,0.508
DIAG10,B,F47,243,2,0.508
DIAG10,B,F47,243,3,0.508
DIAG10,B,F47,243,4,0.508
DIAG10,B,F47,243,5,0.508
DIAG10,B,F47,243,6,0.508
DIAG10,B,F47,243,7,0.508
DIAG10,B,F47,243,8,0.508
DIAG10,B,F47,243,9,0.508
DIAG10,B,F47,243,10,0.508
DIAG10,B,F47,243,11,0.508
DIAG10,B,F47,243,12,0.508
DIAG10,B,F47,243,13,0.508
DIAG10,B,F47,243,14,0.508
DIAG10,B,F47,243,15,0.508
DIAG10,B,F47,243,16,0.508
DIAG10,B,F47,243,17,0.508
DIAG10,B,F47,243,18,0.508
DIAG10,B,F47,243,19,0.508
DIAG10,B,F47,243,20,0.508
DIAG10,B,F47,243,21,0.508
DIAG10,B,F47,243,22,0.508
DIAG10,B,F47,243,23,0.508
DIAG10,C,F47,239,0,0.395
DIAG10,C,F47,239,1,
DIAG10,C,F47,239,2,
DIAG10,C,F47,239,3,0.6664368333333333
DIAG10,C,F47,239,4,0.6664368333333333
DIAG10,C,F47,239,5,0.6664368333333333
DIAG10,C,F47,239,6,0.6664368333333333
DIAG10,C,F47,239,7,0.6664368333333333
DIAG10,C,F47,239,8,0.6664368333333333
DIAG10,C,F47,239,9,0.6664368333333333
DIAG10,C,F47,239,10,0.6664368333333333
DIAG10,C,F47,239,11,0.6664368333333333
DIAG10,C,F47,239,12,0.6664368333333333
DIAG10,C,F47,239,13,0.6664368333333333
DIAG10,C,F47,239,14,0.6664368333333333
DIAG10,C,F47,239,15,0.6664368333333333
DIAG10,C,F47,239,16,0.6664368333333333
DIAG10,C,F47,239,17,0.6664368333333333
DIAG10,C,F47,239,18,0.6664368333333333
DIAG10,C,F47,239,19,0.6664368333333333
DIAG10,C,F47,239,20,0.6664368333333333
DIAG10,C,F47,239,21,0.6664368333333333
DIAG10,C,F47,239,22,0.6664368333333333
DIAG10,C,F47,239,23,0.6664368333333333
DIAG10,C,F47,240,0,0.409
DIAG10,C,F47,240,1,0.409
DIAG10,C,F47,240,2,0.409
DIAG10,C,F47,240,3,0.409
DIAG10,C,F47,240,4,0.409
DIAG10,C,F47,240,5,0.409
DIAG10,C,F47,240,6,0.409
DIAG10,C,F47,240,7,0.409
DIAG10,C,F47,240,8,0.409
DIAG10,C,F47,240,9,0.409
DIAG10,C,F47,240,10,0.409
DIAG10,C,F47,240,11,0.409
DIAG10,C,F47,240,12,0.409
DIAG10,C,F47,240,13,0.409
DIAG10,C,F47,240,14,0.409
DIAG10,C,F47,240,15,0.409
DIAG10,C,F47,240,16,0.409
DIAG10,C,F47,240,17,0.409
DIAG10,C,F47,240,18,0.409
DIAG10,C,F47,240,19,0.409
DIAG10,C,F47,240,20,0.409
DIAG10,C,F47,240,21,0.409
DIAG10,C,F47,240,22,0.409
DIAG10,C,F47,240,23,0.409
DIAG10,C,F47,241,0,0.6664368333333333
DIAG10,C,F47,241,1,0.63
DIAG10,C,F47,241,2,0.63
DIAG10,C,F47,241,3,
DIAG10,C,F47,241,4,
DIAG10,C,F47,241,5,
DIAG10,C,F47,241,6,
DIAG10,C,F47,241,7,
DIAG10,C,F47,241,8,
DIAG10,C,F47,241,9,
DIAG10,C,F47,241,10,
DIAG10,C,F47,241,11,
DIAG10,C,F47,241,12,
DIAG10,C,F47,241,13,
DIAG10,C,F47,241,14,
DIAG10,C,F47,241,15,
DIAG10,C,F47,241,16,
DIAG10,C,F47,241,17,
DIAG10,C,F47,241,18,
DIAG10,C,F47,241,19,
DIAG10,C,F47,241,20,
DIAG10,C,F47,241,21,
DIAG10,C,F47,241,22,
DIAG10,C,F47,241,23,
DIAG10,C,F47,242,0,
DIAG10,C,F47,242,1,
DIAG10,C,F47,242,2,
DIAG10,C,F47,242,3,
DIAG10,C,F47,242,4,
DIAG10,C,F47,242,5,
DIAG10,C,F47,242,6,
DIAG10,C,F47,242,7,
DIAG10,C,F47,242,8,
DIAG10,C,F47,242,9,
DIAG10,C,F47,242,10,
DIAG10,C,F47,242,11,
DIAG10,C,F47,242,12,
DIAG10,C,F47,242,13,
DIAG10,C,F47,242,14,
DIAG10,C,F47,242,15,
DIAG10,C,F47,242,16,
DIAG10,C,F47,242,17,
DIAG10,C,F47,242,18,
DIAG10,C,F47,242,19,
DIAG10,C,F47,242,20,
DIAG10,C,F47,242,21,
DIAG10,C,F47,242,22,
DIAG10,C,F47,242,23,
DIAG10,C,F47,243,0,0.708
DIAG10,C,F47,243,1,0.508
DIAG10,C,F47,243,2,0.508
DIAG10,C,F47,243,3,0.508
DIAG10,C,F47,243,4,0.508
DIAG10,C,F47,243,5,0.508
DIAG10,C,F47,243,6,0.508
DIAG10,C,F47,243,7,0.508
DIAG10,C,F47,243,8,0.508
DIAG10,C,F47,243,9,0.508
DIAG10,C,F47,243,10,0.508
DIAG10,C,F47,243,11,0.508
DIAG10,C,F47,243,12,0.508
DIAG10,C,F47,243,13,0.508
DIAG10,C,F47,243,14,0.508
DIAG10,C,F47,243,15,0.508
DIAG10,C,F47,243,16,0.508
DIAG10,C,F47,243,17,0.508
DIAG10,C,F47,243,18,0.508
DIAG10,C,F47,243,19,0.508
DIAG10,C,F47,243,20,0.508
DIAG10,C,F47,243,21,0.508
DIAG10,C,F47,243,22,0.508
DIAG10,C,F47,243,23,0.508
DIAG10y,A,F13,179,0,0.362
DIAG10y,A,F13,179,1,0.362
DIAG10y,A,F13,179,2,0.362
DIAG10y,A,F13,179,3,0.362
DIAG10y,A,F13,179,4,0.362
DIAG10y,A,F13,179,5,0.362
DIAG10y,A,F13,179,6,0.362
DIAG10y,A,F13,179,7,0.362
DIAG10y,A,F13,179,8,0.362
DIAG10y,A,F13,179,9,0.362
DIAG10y,A,F13,179,10,0.362
DIAG10y,A,F13,179,11,0.362
DIAG10y,A,F13,179,12,0.362
DIAG10y,A,F13,179,13,0.362
DIAG10y,A,F13,179,14,0.362
DIAG10y,A,F13,179,15,0.362
DIAG10y,A,F13,179,16,0.362
DIAG10y,A,F13,179,17,0.362
DIAG10y,A,F13,179,18,0.362
DIAG10y,A,F13,179,19,0.362
DIAG10y,A,F13,179,20,0.362
DIAG10y,A,F13,179,21,0.362
DIAG10y,A,F13,179,22,0.362
DIAG10y,A,F13,179,23,0.362
DIAG10y,A,F13,180,0,0.217
DIAG10y,A,F13,180,1,0.217
DIAG10y,A,F13,180,2,0.217
DIAG10y,A,F13,180,3,0.217
DIAG10y,A,F13,180,4,0.217
DIAG10y,A,F13,180,5,0.217
DIAG10y,A,F13,180,6,0.217
DIAG10y,A,F13,180,7,0.217
DIAG10y,A,F13,180,8,0.217
DIAG10y,A,F13,180,9,0.217
DIAG10y,A,F13,180,10,0.217
DIAG10y,A,F13,180,11,0.217
DIAG10y,A,F13,180,12,0.217
DIAG10y,A,F13,180,13,0.217
DIAG10y,A,F13,180,14,0.217
DIAG10y,A,F13,180,15,0.217
DIAG10y,A,F13,180,16,0.217
DIAG10y,A,F13,180,17,0.217
DIAG10y,A,F13,180,18,0.217
DIAG10y,A,F13,180,19,0.217
DIAG10y,A,F13,180,20,0.217
DIAG10y,A,F13,180,21,0.217
DIAG10y,A,F13,180,22,0.217
DIAG10y,A,F13,180,23,0.217
DIAG10y,A,F13,181,0,0.376
DIAG10y,A,F13,181,1,0.376
DIAG10y,A,F13,181,2,0.376
DIAG10y,A,F13,181,3,0.376
DIAG10y,A,F13,181,4,0.376
DIAG10y,A,F13,181,5,0.376
DIAG10y,A,F13,181,6,0.376
DIAG10y,A,F13,181,7,0.376
DIAG10y,A,F13,181,8,0.376
DIAG10y,A,F13,181,9,0.376
DIAG10y,A,F13,181,10,0.376
DIAG10y,A,F13,181,11,0.376
DIAG10y,A,F13,181,12,0.376
DIAG10y,A,F13,181,13,0.376
DIAG10y,A,F13,181,14,0.376
DIAG10y,A,F13,181,15,0.376
DIAG10y,A,F13,181,16,0.376
DIAG10y,A,F13,181,17,0.376
DIAG10y,A,F13,181,18,0.376
DIAG10y,A,F13,181,19,0.376
DIAG10y,A,F13,181,20,0.376
DIAG10y,A,F13,181,21,0.376
DIAG10y,A,F13,181,22,0.376
DIAG10y,A,F13,181,23,0.376
DIAG10y,A,F13,182,0,0.342
DIAG10y,A,F13,182,1,
DIAG10y,A,F13,182,2,
DIAG10y,A,F13,182,3,
DIAG10y,A,F13,182,4,
DIAG10y,A,F13,182,5,
DIAG10y,A,F13,182,6,
DIAG10y,A,F13,182,7,
DIAG10y,A,F13,182,8,
DIAG10y,A,F13,182,9,
DIAG10y,A,F13,182,10,
DIAG10y,A,F13,182,11,
DIAG10y,A,F13,182,12,
DIAG10y,A,F13,182,13,
DIAG10y,A,F13,182,14,
DIAG10y,A,F13,182,15,
DIAG10y,A,F13,182,16,
DIAG10y,A,F13,182,17,
DIAG10y,A,F13,182,18,
DIAG10y,A,F13,182,19,
DIAG10y,A,F13,182,20,
DIAG10y,A,F13,182,21,
DIAG10y,A,F13,182,22,
DIAG10y,A,F13,182,23,
DIAG10y,A,F13,183,0,
DIAG10y,A,F13,183,1,
DIAG10y,A,F13,183,2,
DIAG10y,A,F13,183,3,
DIAG10y,A,F13,183,4,
DIAG10y,A,F13,183,5,
DIAG10y,A,F13,183,6,
DIAG10y,A,F13,183,7,
DIAG10y,A,F13,183,8,
DIAG10y,A,F13,183,9,
DIAG10y,A,F13,183,10,
DIAG10y,A,F13,183,11,
DIAG10y,A,F13,183,12,
DIAG10y,A,F13,183,13,
DIAG10y,A,F13,183,14,
DIAG10y,A,F13,183,15,
DIAG10y,A,F13,183,16,
DIAG10y,A,F13,183,17,
DIAG10y,A,F13,183,18,
DIAG10y,A,F13,183,19,
DIAG10y,A,F13,183,20,
DIAG10y,A,F13,183,21,
DIAG10y,A,F13,183,22,
DIAG10y,A,F13,183,23,
DIAG10y,A,F13,241,0,
DIAG10y,A,F13,241,1,
DIAG10y,A,F13,241,2,
DIAG10y,A,F13,241,3,
DIAG10y,A,F13,241,4,
DIAG10y,A,F13,241,5,
DIAG10y,A,F13,241,6,
DIAG10y,A,F13,241,7,
DIAG10y,A,F13,241,8,
DIAG10y,A,F13,241,9,
DIAG10y,A,F13,241,10,
DIAG10y,A,F13,241,11,
DIAG10y,A,F13,241,12,
DIAG10y,A,F13,241,13,
DIAG10y,A,F13,241,14,
DIAG10y,A,F13,241,15,
DIAG10y,A,F13,241,16,
DIAG10y,A,F13,241,17,
DIAG10y,A,F13,241,18,
DIAG10y,A,F13,241,19,
DIAG10y,A,F13,241,20,
DIAG10y,A,F13,241,21,
DIAG10y,A,F13,241,22,
DIAG10y,A,F13,241,23,
DIAG10y,A,F13,242,0,
DIAG10y,A,F13,242,1,
DIAG10y,A,F13,242,2,
DIAG10y,A,F13,242,3,
DIAG10y,A,F13,242,4,
DIAG10y,A,F13,242,5,
DIAG10y,A,F13,242,6,
DIAG10y,A,F13,242,7,
DIAG10y,A,F13,242,8,
DIAG10y,A,F13,242,9,
DIAG10y,A,F13,242,10,
DIAG10y,A,F13,242,11,
DIAG10y,A,F13,242,12,
DIAG10y,A,F13,242,13,
DIAG10y,A,F13,242,14,
DIAG10y,A,F13,242,15,
DIAG10y,A,F13,242,16,
DIAG10y,A,F13,242,17,
DIAG10y,A,F13,242,18,
DIAG10y,A,F13,242,19,
DIAG10y,A,F13,242,20,
DIAG10y,A,F13,242,21,
DIAG10y,A,F13,242,22,
DIAG10y,A,F13,242,23,
DIAG10y,A,F13,243,0,
DIAG10y,A,F13,243,1,
DIAG10y,A,F13,243,2,
DIAG10y,A,F13,243,3,
DIAG10y,A,F13,243,4,
DIAG10y,A,F13,243,5,
DIAG10y,A,F13,243,6,
DIAG10y,A,F13,243,7,
DIAG10y,A,F13,243,8,
DIAG10y,A,F13,243,9,
DIAG10y,A,F13,243,10,
DIAG10y,A,F13,243,11,
DIAG10y,A,F13,243,12,
DIAG10y,A,F13,243,13,
DIAG10y,A,F13,243,14,
DIAG10y,A,F13,243,15,
DIAG10y,A,F13,243,16,
DIAG10y,A,F13,243,17,
DIAG10y,A,F13,243,18,
DIAG10y,A,F13,243,19,
DIAG10y,A,F13,243,20,
DIAG10y,A,F13,243,21,
DIAG10y,A,F13,243,22,
DIAG10y,A,F13,243,23,
DIAG10y,B,F13,179,0,0.362
DIAG10y,B,F13,179,1,0.362
DIAG10y,B,F13,179,2,0.362
DIAG10y,B,F13,179,3,0.362
DIAG10y,B,F13,179,4,0.362
DIAG10y,B,F13,179,5,0.362
DIAG10y,B,F13,179,6,0.362
DIAG10y,B,F13,179,7,0.362
DIAG10y,B,F13,179,8,0.362
DIAG10y,B,F13,179,9,0.362
DIAG10y,B,F13,179,10,0.362
DIAG10y,B,F13,179,11,0.362
DIAG10y,B,F13,179,12,0.362
DIAG10y,B,F13,179,13,0.362
DIAG10y,B,F13,179,14,0.362
DIAG10y,B,F13,179,15,0.362
DIAG10y,B,F13,179,16,0.362
DIAG10y,B,F13,179,17,0.362
DIAG10y,B,F13,179,18,0.362
DIAG10y,B,F13,179,19,0.362
DIAG10y,B,F13,179,20,0.362
DIAG10y,B,F13,179,21,0.362
DIAG10y,B,F13,179,22,0.362
DIAG10y,B,F13,179,23,0.362
DIAG10y,B,F13,180,0,0.217
DIAG10y,B,F13,180,1,0.217
DIAG10y,B,F13,180,2,0.217
DIAG10y,B,F13,180,3,0.217
DIAG10y,B,F13,180,4,0.217
DIAG10y,B,F13,180,5,0.217
DIAG10y,B,F13,180,6,0.217
DIAG10y,B,F13,180,7,0.217
DIAG10y,B,F13,180,8,0.217
DIAG10y,B,F13,180,9,0.217
DIAG10y,B,F13,180,10,0.217
DIAG10y,B,F13,180,11,0.217
DIAG10y,B,F13,180,12,0.217
DIAG10y,B,F13,180,13,0.217
DIAG10y,B,F13,180,14,0.217
DIAG10y,B,F13,180,15,0.217
DIAG10y,B,F13,180,16,0.217
DIAG10y,B,F13,180,17,0.217
DIAG10y,B,F13,180,18,0.217
DIAG10y,B,F13,180,19,0.217
DIAG10y,B,F13,180,20,0.217
DIAG10y,B,F13,180,21,0.217
DIAG10y,B,F13,180,22,0.217
DIAG10y,B,F13,180,23,0.217
DIAG10y,B,F13,181,0,0.376
DIAG10y,B,F13,181,1,0.376
DIAG10y,B,F13,181,2,0.376
DIAG10y,B,F13,181,3,0.376
DIAG10y,B,F13,181,4,0.376
DIAG10y,B,F13,181,5,0.376
DIAG10y,B,F13,181,6,0.376
DIAG10y,B,F13,181,7,0.376
DIAG10y,B,F13,181,8,0.376
DIAG10y,B,F13,181,9,0.376
DIAG10y,B,F13,181,10,0.376
DIAG10y,B,F13,181,11,0.376
DIAG10y,B,F13,181,12,0.376
DIAG10y,B,F13,181,13,0.376
DIAG10y,B,F13,181,14,0.376
DIAG10y,B,F13,181,15,0.376
DIAG10y,B,F13,181,16,0.376
DIAG10y,B,F13,181,17,0.376
DIAG10y,B,F13,181,18,0.376
DIAG10y,B,F13,181,19,0.376
DIAG10y,B,F13,181,20,0.376
DIAG10y,B,F13,181,21,0.376
DIAG10y,B,F13,181,22,0.376
DIAG10y,B,F13,181,23,0.376
DIAG10y,B,F13,182,0,
DIAG10y,B,F13,182,1,
DIAG10y,B,F13,182,2,
DIAG10y,B,F13,182,3,
DIAG10y,B,F13,182,4,
DIAG10y,B,F13,182,5,
DIAG10y,B,F13,182,6,
DIAG10y,B,F13,182,7,
DIAG10y,B,F13,182,8,
DIAG10y,B,F13,182,9,
DIAG10y,B,F13,182,10,
DIAG10y,B,F13,182,11,
DIAG10y,B,F13,182,12,
DIAG10y,B,F13,182,13,
DIAG10y,B,F13,182,14,
DIAG10y,B,F13,182,15,
DIAG10y,B,F13,182,16,
DIAG10y,B,F13,182,17,
DIAG10y,B,F13,182,18,
DIAG10y,B,F13,182,19,
DIAG10y,B,F13,182,20,
DIAG10y,B,F13,182,21,
DIAG10y,B,F13,182,22,
DIAG10y,B,F13,182,23,
DIAG10y,B,F13,183,0,
DIAG10y,B,F13,183,1,
DIAG10y,B,F13,183,2,
DIAG10y,B,F13,183,3,
DIAG10y,B,F13,183,4,
DIAG10y,B,F13,183,5,
DIAG10y,B,F13,183,6,
DIAG10y,B,F13,183,7,
DIAG10y,B,F13,183,8,
DIAG10y,B,F13,183,9,
DIAG10y,B,F13,183,10,
DIAG10y,B,F13,183,11,
DIAG10y,B,F13,183,12,
DIAG10y,B,F13,183,13,
DIAG10y,B,F13,183,14,
DIAG10y,B,F13,183,15,
DIAG10y,B,F13,183,16,
DIAG10y,B,F13,183,17,
DIAG10y,B,F13,183,18,
DIAG10y,B,F13,183,19,
DIAG10y,B,F13,183,20,
DIAG10y,B,F13,183,21,
DIAG10y,B,F13,183,22,
DIAG10y,B,F13,183,23,
DIAG10y,B,F13,241,0,
DIAG10y,B,F13,241,1,
DIAG10y,B,F13,241,2,
DIAG10y,B,F13,241,3,
DIAG10y,B,F13,241,4,
DIAG10y,B,F13,241,5,
DIAG10y,B,F13,241,6,
DIAG10y,B,F13,241,7,
DIAG10y,B,F13,241,8,
DIAG10y,B,F13,241,9,
DIAG10y,B,F13,241,10,
DIAG10y,B,F13,241,11,
DIAG10y,B,F13,241,12,
DIAG10y,B,F13,241,13,
DIAG10y,B,F13,241,14,
DIAG10y,B,F13,241,15,
DIAG10y,B,F13,241,16,
DIAG10y,B,F13,241,17,
DIAG10y,B,F13,241,18,
DIAG10y,B,F13,241,19,
DIAG10y,B,F13,241,20,
DIAG10y,B,F13,241,21,
DIAG10y,B,F13,241,22,
DIAG10y,B,F13,241,23,
DIAG10y,B,F13,242,0,
DIAG10y,B,F13,242,1,
DIAG10y,B,F13,242,2,
DIAG10y,B,F13,242,3,
DIAG10y,B,F13,242,4,
DIAG10y,B,F13,242,5,
DIAG10y,B,F13,242,6,
DIAG10y,B,F13,242,7,
DIAG10y,B,F13,242,8,
DIAG10y,B,F13,242,9,
DIAG10y,B,F13,242,10,
DIAG10y,B,F13,242,11,
DIAG10y,B,F13,242,12,
DIAG10y,B,F13,242,13,
DIAG10y,B,F13,242,14,
DIAG10y,B,F13,242,15,
DIAG10y,B,F13,242,16,
DIAG10y,B,F13,242,17,
DIAG10y,B,F13,242,18,
DIAG10y,B,F13,242,19,
DIAG10y,B,F13,242,20,
DIAG10y,B,F13,242,21,
DIAG10y,B,F13,242,22,
DIAG10y,B,F13,242,23,
DIAG10y,B,F13,243,0,
DIAG10y,B,F13,243,1,
DIAG10y,B,F13,243,2,
DIAG10y,B,F13,243,3,
DIAG10y,B,F13,243,4,
DIAG10y,B,F13,243,5,
DIAG10y,B,F13,243,6,
DIAG10y,B,F13,243,7,
DIAG10y,B,F13,243,8,
DIAG10y,B,F13,243,9,
DIAG10y,B,F13,243,10,
DIAG10y,B,F13,243,11,
DIAG10y,B,F13,243,12,
DIAG10y,B,F13,243,13,
DIAG10y,B,F13,243,14,
DIAG10y,B,F13,243,15,
DIAG10y,B,F13,243,16,
DIAG10y,B,F13,243,17,
DIAG10y,B,F13,243,18,
DIAG10y,B,F13,243,19,
DIAG10y,B,F13,243,20,
DIAG10y,B,F13,243,21,
DIAG10y,B,F13,243,22,
DIAG10y,B,F13,243,23,
DIAG10y,C,F13,179,0,0.362
DIAG10y,C,F13,179,1,0.362
DIAG10y,C,F13,179,2,0.362
DIAG10y,C,F13,179,3,0.362
DIAG10y,C,F13,179,4,0.362
DIAG10y,C,F13,179,5,0.362
DIAG10y,C,F13,179,6,0.362
DIAG10y,C,F13,179,7,0.362
DIAG10y,C,F13,179,8,0.362
DIAG10y,C,F13,179,9,0.362
DIAG10y,C,F13,179,10,0.362
DIAG10y,C,F13,179,11,0.362
DIAG10y,C,F13,179,12,0.362
DIAG10y,C,F13,179,13,0.362
DIAG10y,C,F13,179,14,0.362
DIAG10y,C,F13,179,15,0.362
DIAG10y,C,F13,179,16,0.362
DIAG10y,C,F13,179,17,0.362
DIAG10y,C,F13,179,18,0.362
DIAG10y,C,F13,179,19,0.362
DIAG10y,C,F13,179,20,0.362
DIAG10y,C,F13,179,21,0.362
DIAG10y,C,F13,179,22,0.362
DIAG10y,C,F13,179,23,0.362
DIAG10y,C,F13,180,0,0.217
DIAG10y,C,F13,180,1,0.217
DIAG10y,C,F13,180,2,0.217
DIAG10y,C,F13,180,3,0.217
DIAG10y,C,F13,180,4,0.217
DIAG10y,C,F13,180,5,0.217
DIAG10y,C,F13,180,6,0.217
DIAG10y,C,F13,180,7,0.217
DIAG10y,C,F13,180,8,0.217
DIAG10y,C,F13,180,9,0.217
DIAG10y,C,F13,180,10,0.217
DIAG10y,C,F13,180,11,0.217
DIAG10y,C,F13,180,12,0.217
DIAG10y,C,F13,180,13,0.217
DIAG10y,C,F13,180,14,0.217
DIAG10y,C,F13,180,15,0.217
DIAG10y,C,F13,180,16,0.217
DIAG10y,C,F13,180,17,0.217
DIAG10y,C,F13,180,18,0.217
DIAG10y,C,F13,180,19,0.217
DIAG10y,C,F13,180,20,0.217
DIAG10y,C,F13,180,21,0.217
DIAG10y,C,F13,180,22,0.217
DIAG10y,C,F13,180,23,0.217
DIAG10y,C,F13,181,0,0.376
DIAG10y,C,F13,181,1,0.376
DIAG10y,C,F13,181,2,0.376
DIAG10y,C,F13,181,3,0.376
DIAG10y,C,F13,181,4,0.376
DIAG10y,C,F13,181,5,0.376
DIAG10y,C,F13,181,6,0.376
DIAG10y,C,F13,181,7,0.376
DIAG10y,C,F13,181,8,0.376
DIAG10y,C,F13,181,9,0.376
DIAG10y,C,F13,181,10,0.376
DIAG10y,C,F13,181,11,0.376
DIAG10y,C,F13,181,12,0.376
DIAG10y,C,F13,181,13,0.376
DIAG10y,C,F13,181,14,0.376
DIAG10y,C,F13,181,15,0.376
DIAG10y,C,F13,181,16,0.376
DIAG10y,C,F13,181,17,0.376
DIAG10y,C,F13,181,18,0.376
DIAG10y,C,F13,181,19,0.376
DIAG10y,C,F13,181,20,0.376
DIAG10y,C,F13,181,21,0.376
DIAG10y,C,F13,181,22,0.376
DIAG10y,C,F13,181,23,0.376
DIAG10y,C,F13,182,0,0.342
DIAG10y,C,F13,182,1,0.342
DIAG10y,C,F13,182,2,0.342
DIAG10y,C,F13,182,3,
DIAG10y,C,F13,182,4,
DIAG10y,C,F13,182,5,
DIAG10y,C,F13,182,6,0.342
DIAG10y,C,F13,182,7,0.342
DIAG10y,C,F13,182,8,0.342
DIAG10y,C,F13,182,9,0.342
DIAG10y,C,F13,182,10,0.342
DIAG10y,C,F13,182,11,0.342
DIAG10y,C,F13,182,12,0.342
DIAG10y,C,F13,182,13,0.342
DIAG10y,C,F13,182,14,0.342
DIAG10y,C,F13,182,15,0.342
DIAG10y,C,F13,182,16,0.342
DIAG10y,C,F13,182,17,0.342
DIAG10y,C,F13,182,18,0.342
DIAG10y,C,F13,182,19,0.342
DIAG10y,C,F13,182,20,0.342
DIAG10y,C,F13,182,21,0.342
DIAG10y,C,F13,182,22,0.342
DIAG10y,C,F13,182,23,0.342
DIAG10y,C,F13,183,0,
DIAG10y,C,F13,183,1,
DIAG10y,C,F13,183,2,
DIAG10y,C,F13,183,3,
DIAG10y,C,F13,183,4,
DIAG10y,C,F13,183,5,
DIAG10y,C,F13,183,6,
DIAG10y,C,F13,183,7,
DIAG10y,C,F13,183,8,
DIAG10y,C,F13,183,9,
DIAG10y,C,F13,183,10,
DIAG10y,C,F13,183,11,
DIAG10y,C,F13,183,12,
DIAG10y,C,F13,183,13,
DIAG10y,C,F13,183,14,
DIAG10y,C,F13,183,15,
DIAG10y,C,F13,183,16,
DIAG10y,C,F13,183,17,
DIAG10y,C,F13,183,18,
DIAG10y,C,F13,183,19,
DIAG10y,C,F13,183,20,
DIAG10y,C,F13,183,21,
DIAG10y,C,F13,183,22,
DIAG10y,C,F13,183,23,
DIAG10y,C,F13,241,0,
DIAG10y,C,F13,241,1,
DIAG10y,C,F13,241,2,
DIAG10y,C,F13,241,3,
DIAG10y,C,F13,241,4,
DIAG10y,C,F13,241,5,
DIAG10y,C,F13,241,6,
DIAG10y,C,F13,241,7,
DIAG10y,C,F13,241,8,
DIAG10y,C,F13,241,9,
DIAG10y,C,F13,241,10,
DIAG10y,C,F13,241,11,
DIAG10y,C,F13,241,12,
DIAG10y,C,F13,241,13,
DIAG10y,C,F13,241,14,
DIAG10y,C,F13,241,15,
DIAG10y,C,F13,241,16,
DIAG10y,C,F13,241,17,
DIAG10y,C,F13,241,18,
DIAG10y,C,F13,241,19,
DIAG10y,C,F13,241,20,
DIAG10y,C,F13,241,21,
DIAG10y,C,F13,241,22,
DIAG10y,C,F13,241,23,
DIAG10y,C,F13,242,0,
DIAG10y,C,F13,242,1,
DIAG10y,C,F13,242,2,
DIAG10y,C,F13,242,3,
DIAG10y,C,F13,242,4,
DIAG10y,C,F13,242,5,
DIAG10y,C,F13,242,6,
DIAG10y,C,F13,242,7,
DIAG10y,C,F13,242,8,
DIAG10y,C,F13,242,9,
DIAG10y,C,F13,242,10,
DIAG10y,C,F13,242,11,
DIAG10y,C,F13,242,12,
DIAG10y,C,F13,242,13,
DIAG10y,C,F13,242,14,
DIAG10y,C,F13,242,15,
DIAG10y,C,F13,242,16,
DIAG10y,C,F13,242,17,
DIAG10y,C,F13,242,18,
DIAG10y,C,F13,242,19,
DIAG10y,C,F13,242,20,
DIAG10y,C,F13,242,21,
DIAG10y,C,F13,242,22,
DIAG10y,C,F13,242,23,
DIAG10y,C,F13,243,0,
DIAG10y,C,F13,243,1,
DIAG10y,C,F13,243,2,
DIAG10y,C,F13,243,3,
DIAG10y,C,F13,243,4,
DIAG10y,C,F13,243,5,
DIAG10y,C,F13,243,6,
DIAG10y,C,F13,243,7,
DIAG10y,C,F13,243,8,
DIAG10y,C,F13,243,9,
DIAG10y,C,F13,243,10,
DIAG10y,C,F13,243,11,
DIAG10y,C,F13,243,12,
DIAG10y,C,F13,243,13,
DIAG10y,C,F13,243,14,
DIAG10y,C,F13,243,15,
DIAG10y,C,F13,243,16,
DIAG10y,C,F13,243,17,
DIAG10y,C,F13,243,18,
DIAG10y,C,F13,243,19,
DIAG10y,C,F13,243,20,
DIAG10y,C,F13,243,21,
DIAG10y,C,F13,243,22,
DIAG10y,C,F13,243,23,
DIAG10y,A,F47,179,0,0.209
DIAG10y,A,F47,179,1,0.331
DIAG10y,A,F47,179,2,0.331
DIAG10y,A,F47,179,3,0.331
DIAG10y,A,F47,179,4,0.331
DIAG10y,A,F47,179,5,0.331
DIAG10y,A,F47,179,6,0.331
DIAG10y,A,F47,179,7,0.331
DIAG10y,A,F47,179,8,0.331
DIAG10y,A,F47,179,9,0.331
DIAG10y,A,F47,179,10,0.331
DIAG10y,A,F47,179,11,0.331
DIAG10y,A,F47,179,12,0.331
DIAG10y,A,F47,179,13,0.331
DIAG10y,A,F47,179,14,0.331
DIAG10y,A,F47,179,15,0.331
DIAG10y,A,F47,179,16,0.331
DIAG10y,A,F47,179,17,0.331
DIAG10y,A,F47,179,18,0.331
DIAG10y,A,F47,179,19,0.331
DIAG10y,A,F47,179,20,0.331
DIAG10y,A,F47,179,21,0.331
DIAG10y,A,F47,179,22,0.331
DIAG10y,A,F47,179,23,0.331
DIAG10y,A,F47,180,0,0.209
DIAG10y,A,F47,180,1,0.209
DIAG10y,A,F47,180,2,0.209
DIAG10y,A,F47,180,3,0.209
DIAG10y,A,F47,180,4,0.209
DIAG10y,A,F47,180,5,0.209
DIAG10y,A,F47,180,6,0.209
DIAG10y,A,F47,180,7,0.209
DIAG10y,A,F47,180,8,0.209
DIAG10y,A,F47,180,9,0.209
DIAG10y,A,F47,180,10,0.209
DIAG10y,A,F47,180,11,0.209
DIAG10y,A,F47,180,12,0.209
DIAG10y,A,F47,180,13,0.209
DIAG10y,A,F47,180,14,0.209
DIAG10y,A,F47,180,15,0.209
DIAG10y,A,F47,180,16,0.209
DIAG10y,A,F47,180,17,0.209
DIAG10y,A,F47,180,18,0.209
DIAG10y,A,F47,180,19,0.209
DIAG10y,A,F47,180,20,0.209
DIAG10y,A,F47,180,21,0.209
DIAG10y,A,F47,180,22,0.209
DIAG10y,A,F47,180,23,0.209
DIAG10y,A,F47,239,0,0.665
DIAG10y,A,F47,239,1,0.811841
DIAG10y,A,F47,239,2,0.811841
DIAG10y,A,F47,239,3,0.811841
DIAG10y,A,F47,239,4,0.811841
DIAG10y,A,F47,239,5,0.811841
DIAG10y,A,F47,239,6,0.811841
DIAG10y,A,F47,239,7,0.811841
DIAG10y,A,F47,239,8,0.811841
DIAG10y,A,F47,239,9,0.811841
DIAG10y,A,F47,239,10,0.811841
DIAG10y,A,F47,239,11,0.811841
DIAG10y,A,F47,239,12,0.811841
DIAG10y,A,F47,239,13,0.811841
DIAG10y,A,F47,239,14,0.811841
DIAG10y,A,F47,239,15,0.811841
DIAG10y,A,F47,239,16,0.811841
DIAG10y,A,F47,239,17,0.811841
DIAG10y,A,F47,239,18,0.811841
DIAG10y,A,F47,239,19,0.811841
DIAG10y,A,F47,239,20,0.811841
DIAG10y,A,F47,239,21,0.811841
DIAG10y,A,F47,239,22,0.811841
DIAG10y,A,F47,239,23,0.811841
DIAG10y,A,F47,240,0,0.409
DIAG10y,A,F47,240,1,0.409
DIAG10y,A,F47,240,2,0.409
DIAG10y,A,F47,240,3,0.409
DIAG10y,A,F47,240,4,0.409
DIAG10y,A,F47,240,5,0.409
DIAG10y,A,F47,240,6,0.409
DIAG10y,A,F47,240,7,0.409
DIAG10y,A,F47,240,8,0.409
DIAG10y,A,F47,240,9,0.409
DIAG10y,A,F47,240,10,0.409
DIAG10y,A,F47,240,11,0.409
DIAG10y,A,F47,240,12,0.409
DIAG10y,A,F47,240,13,0.409
DIAG10y,A,F47,240,14,0.409
DIAG10y,A,F47,240,15,0.409
DIAG10y,A,F47,240,16,0.409
DIAG10y,A,F47,240,17,0.409
DIAG10y,A,F47,240,18,0.409
DIAG10y,A,F47,240,19,0.409
DIAG10y,A,F47,240,20,0.409
DIAG10y,A,F47,240,21,0.409
DIAG10y,A,F47,240,22,0.409
DIAG10y,A,F47,240,23,0.409
DIAG10y,A,F47,241,0,
DIAG10y,A,F47,241,1,0.63
DIAG10y,A,F47,241,2,0.63
DIAG10y,A,F47,241,3,
DIAG10y,A,F47,241,4,
DIAG10y,A,F47,241,5,
DIAG10y,A,F47,241,6,
DIAG10y,A,F47,241,7,
DIAG10y,A,F47,241,8,
DIAG10y,A,F47,241,9,
DIAG10y,A,F47,241,10,
DIAG10y,A,F47,241,11,
DIAG10y,A,F47,241,12,
DIAG10y,A,F47,241,13,
DIAG10y,A,F47,241,14,
DIAG10y,A,F47,241,15,
DIAG10y,A,F47,241,16,
DIAG10y,A,F47,241,17,
DIAG10y,A,F47,241,18,
DIAG10y,A,F47,241,19,
DIAG10y,A,F47,241,20,
DIAG10y,A,F47,241,21,
DIAG10y,A,F47,241,22,
DIAG10y,A,F47,241,23,
DIAG10y,A,F47,242,0,
DIAG10y,A,F47,242,1,
DIAG10y,A,F47,242,2,
DIAG10y,A,F47,242,3,
DIAG10y,A,F47,242,4,
DIAG10y,A,F47,242,5,
DIAG10y,A,F47,242,6,
DIAG10y,A,F47,242,7,
DIAG10y,A,F47,242,8,
DIAG10y,A,F47,242,9,
DIAG10y,A,F47,242,10,
DIAG10y,A,F47,242,11,
DIAG10y,A,F47,242,12,
DIAG10y,A,F47,242,13,
DIAG10y,A,F47,242,14,
DIAG10y,A,F47,242,15,
DIAG10y,A,F47,242,16,
DIAG10y,A,F47,242,17,
DIAG10y,A,F47,242,18,
DIAG10y,A,F47,242,19,
DIAG10y,A,F47,242,20,
DIAG10y,A,F47,242,21,
DIAG10y,A,F47,242,22,
DIAG10y,A,F47,242,23,
DIAG10y,A,F47,243,0,0.508
DIAG10y,A,F47,243,1,0.508
DIAG10y,A,F47,243,2,0.508
DIAG10y,A,F47,243,3,0.508
DIAG10y,A,F47,243,4,0.508
DIAG10y,A,F47,243,5,0.508
DIAG10y,A,F47,243,6,0.508
DIAG10y,A,F47,243,7,0.508
DIAG10y,A,F47,243,8,0.508
DIAG10y,A,F47,243,9,0.508
DIAG10y,A,F47,243,10,0.508
DIAG10y,A,F47,243,11,0.508
DIAG10y,A,F47,243,12,0.508
DIAG10y,A,F47,243,13,0.508
DIAG10y,A,F47,243,14,0.508
DIAG10y,A,F47,243,15,0.508
DIAG10y,A,F47,243,16,0.508
DIAG10y,A,F47,243,17,0.508
DIAG10y,A,F47,243,18,0.508
DIAG10y,A,F47,243,19,0.508
DIAG10y,A,F47,243,20,0.508
DIAG10y,A,F47,243,21,0.508
DIAG10y,A,F47,243,22,0.508
DIAG10y,A,F47,243,23,0.508
DIAG10y,B,F47,179,0,0.209
DIAG10y,B,F47,179,1,0.331
DIAG10y,B,F47,179,2,0.331
DIAG10y,B,F47,179,3,0.331
DIAG10y,B,F47,179,4,0.331
DIAG10y,B,F47,179,5,0.331
DIAG10y,B,F47,179,6,0.331
DIAG10y,B,F47,179,7,0.331
DIAG10y,B,F47,179,8,0.331
DIAG10y,B,F47,179,9,0.331
DIAG10y,B,F47,179,10,0.331
DIAG10y,B,F47,179,11,0.331
DIAG10y,B,F47,179,12,0.331
DIAG10y,B,F47,179,13,0.331
DIAG10y,B,F47,179,14,0.331
DIAG10y,B,F47,179,15,0.331
DIAG10y,B,F47,179,16,0.331
DIAG10y,B,F47,179,17,0.331
DIAG10y,B,F47,179,18,0.331
DIAG10y,B,F47,179,19,0.331
DIAG10y,B,F47,179,20,0.331
DIAG10y,B,F47,179,21,0.331
DIAG10y,B,F47,179,22,0.331
DIAG10y,B,F47,179,23,0.331
DIAG10y,B,F47,180,0,0.209
DIAG10y,B,F47,180,1,0.209
DIAG10y,B,F47,180,2,0.209
DIAG10y,B,F47,180,3,0.209
DIAG10y,B,F47,180,4,0.209
DIAG10y,B,F47,180,5,0.209
DIAG10y,B,F47,180,6,0.209
DIAG10y,B,F47,180,7,0.209
DIAG10y,B,F47,180,8,0.209
DIAG10y,B,F47,180,9,0.209
DIAG10y,B,F47,180,10,0.209
DIAG10y,B,F47,180,11,0.209
DIAG10y,B,F47,180,12,0.209
DIAG10y,B,F47,180,13,0.209
DIAG10y,B,F47,180,14,0.209
DIAG10y,B,F47,180,15,0.209
DIAG10y,B,F47,180,16,0.209
DIAG10y,B,F47,180,17,0.209
DIAG10y,B,F47,180,18,0.209
DIAG10y,B,F47,180,19,0.209
DIAG10y,B,F47,180,20,0.209
DIAG10y,B,F47,180,21,0.209
DIAG10y,B,F47,180,22,0.209
DIAG10y,B,F47,180,23,0.209
DIAG10y,B,F47,239,0,0.665
DIAG10y,B,F47,239,1,0.811841
DIAG10y,B,F47,239,2,0.811841
DIAG10y,B,F47,239,3,0.811841
DIAG10y,B,F47,239,4,0.811841
DIAG10y,B,F47,239,5,0.811841
DIAG10y,B,F47,239,6,0.811841
DIAG10y,B,F47,239,7,0.811841
DIAG10y,B,F47,239,8,0.811841
DIAG10y,B,F47,239,9,0.811841
DIAG10y,B,F47,239,10,0.811841
DIAG10y,B,F47,239,11,0.811841
DIAG10y,B,F47,239,12,0.811841
DIAG10y,B,F47,239,13,0.811841
DIAG10y,B,F47,239,14,0.811841
DIAG10y,B,F47,239,15,0.811841
DIAG10y,B,F47,239,16,0.811841
DIAG10y,B,F47,239,17,0.811841
DIAG10y,B,F47,239,18,0.811841
DIAG10y,B,F47,239,19,0.811841
DIAG10y,B,F47,239,20,0.811841
DIAG10y,B,F47,239,21,0.811841
DIAG10y,B,F47,239,22,0.811841
DIAG10y,B,F47,239,23,0.811841
DIAG10y,B,F47,240,0,0.409
DIAG10y,B,F47,240,1,0.409
DIAG10y,B,F47,240,2,0.409
DIAG10y,B,F47,240,3,0.409
DIAG10y,B,F47,240,4,0.409
DIAG10y,B,F47,240,5,0.409
DIAG10y,B,F47,240,6,0.409
DIAG10y,B,F47,240,7,0.409
DIAG10y,B,F47,240,8,0.409
DIAG10y,B,F47,240,9,0.409
DIAG10y,B,F47,240,10,0.409
DIAG10y,B,F47,240,11,0.409
DIAG10y,B,F47,240,12,0.409
DIAG10y,B,F47,240,13,0.409
DIAG10y,B,F47,240,14,0.409
DIAG10y,B,F47,240,15,0.409
DIAG10y,B,F47,240,16,0.409
DIAG10y,B,F47,240,17,0.409
DIAG10y,B,F47,240,18,0.409
DIAG10y,B,F47,240,19,0.409
DIAG10y,B,F47,240,20,0.409
DIAG10y,B,F47,240,21,0.409
DIAG10y,B,F47,240,22,0.409
DIAG10y,B,F47,240,23,0.409
DIAG10y,B,F47,241,0,1.979
DIAG10y,B,F47,241,1,0.63
DIAG10y,B,F47,241,2,0.63
DIAG10y,B,F47,241,3,
DIAG10y,B,F47,241,4,
DIAG10y,B,F47,241,5,
DIAG10y,B,F47,241,6,
DIAG10y,B,F47,241,7,
DIAG10y,B,F47,241,8,
DIAG10y,B,F47,241,9,
DIAG10y,B,F47,241,10,
DIAG10y,B,F47,241,11,
DIAG10y,B,F47,241,12,
DIAG10y,B,F47,241,13,
DIAG10y,B,F47,241,14,
DIAG10y,B,F47,241,15,
DIAG10y,B,F47,241,16,
DIAG10y,B,F47,241,17,
DIAG10y,B,F47,241,18,
DIAG10y,B,F47,241,19,
DIAG10y,B,F47,241,20,
DIAG10y,B,F47,241,21,
DIAG10y,B,F47,241,22,
DIAG10y,B,F47,241,23,
DIAG10y,B,F47,242,0,
DIAG10y,B,F47,242,1,
DIAG10y,B,F47,242,2,
DIAG10y,B,F47,242,3,
DIAG10y,B,F47,242,4,
DIAG10y,B,F47,242,5,
DIAG10y,B,F47,242,6,
DIAG10y,B,F47,242,7,
DIAG10y,B,F47,242,8,
DIAG10y,B,F47,242,9,
DIAG10y,B,F47,242,10,
DIAG10y,B,F47,242,11,
DIAG10y,B,F47,242,12,
DIAG10y,B,F47,242,13,
DIAG10y,B,F47,242,14,
DIAG10y,B,F47,242,15,
DIAG10y,B,F47,242,16,
DIAG10y,B,F47,242,17,
DIAG10y,B,F47,242,18,
DIAG10y,B,F47,242,19,
DIAG10y,B,F47,242,20,
DIAG10y,B,F47,242,21,
DIAG10y,B,F47,242,22,
DIAG10y,B,F47,242,23,
DIAG10y,B,F47,243,0,0.508
DIAG10y,B,F47,243,1,0.508
DIAG10y,B,F47,243,2,0.508
DIAG10y,B,F47,243,3,0.508
DIAG10y,B,F47,243,4,0.508
DIAG10y,B,F47,243,5,0.508
DIAG10y,B,F47,243,6,0.508
DIAG10y,B,F47,243,7,0.508
DIAG10y,B,F47,243,8,0.508
DIAG10y,B,F47,243,9,0.508
DIAG10y,B,F47,243,10,0.508
DIAG10y,B,F47,243,11,0.508
DIAG10y,B,F47,243,12,0.508
DIAG10y,B,F47,243,13,0.508
DIAG10y,B,F47,243,14,0.508
DIAG10y,B,F47,243,15,0.508
DIAG10y,B,F47,243,16,0.508
DIAG10y,B,F47,243,17,0.508
DIAG10y,B,F47,243,18,0.508
DIAG10y,B,F47,243,19,0.508
DIAG10y,B,F47,243,20,0.508
DIAG10y,B,F47,243,21,0.508
DIAG10y,B,F47,243,22,0.508
DIAG10y,B,F47,243,23,0.508
DIAG10y,C,F47,179,0,0.209
DIAG10y,C,F47,179,1,0.331
DIAG10y,C,F47,179,2,0.331
DIAG10y,C,F47,179,3,0.331
DIAG10y,C,F47,179,4,0.331
DIAG10y,C,F47,179,5,0.331
DIAG10y,C,F47,179,6,0.331
DIAG10y,C,F47,179,7,0.331
DIAG10y,C,F47,179,8,0.331
DIAG10y,C,F47,179,9,0.331
DIAG10y,C,F47,179,10,0.331
DIAG10y,C,F47,179,11,0.331
DIAG10y,C,F47,179,12,0.331
DIAG10y,C,F47,179,13,0.331
DIAG10y,C,F47,179,14,0.331
DIAG10y,C,F47,179,15,0.331
DIAG10y,C,F47,179,16,0.331
DIAG10y,C,F47,179,17,0.331
DIAG10y,C,F47,179,18,0.331
DIAG10y,C,F47,179,19,0.331
DIAG10y,C,F47,179,20,0.331
DIAG10y,C,F47,179,21,0.331
DIAG10y,C,F47,179,22,0.331
DIAG10y,C,F47,179,23,0.202
DIAG10y,C,F47,180,0,0.209
DIAG10y,C,F47,180,1,0.209
DIAG10y,C,F47,180,2,0.209
DIAG10y,C,F47,180,3,0.209
DIAG10y,C,F47,180,4,0.209
DIAG10y,C,F47,180,5,0.209
DIAG10y,C,F47,180,6,0.209
DIAG10y,C,F47,180,7,0.209
DIAG10y,C,F47,180,8,0.209
DIAG10y,C,F47,180,9,0.209
DIAG10y,C,F47,180,10,0.209
DIAG10y,C,F47,180,11,0.209
DIAG10y,C,F47,180,12,0.209
DIAG10y,C,F47,180,13,0.209
DIAG10y,C,F47,180,14,0.209
DIAG10y,C,F47,180,15,0.209
DIAG10y,C,F47,180,16,0.209
DIAG10y,C,F47,180,17,0.209
DIAG10y,C,F47,180,18,0.209
DIAG10y,C,F47,180,19,0.209
DIAG10y,C,F47,180,20,0.209
DIAG10y,C,F47,180,21,0.209
DIAG10y,C,F47,180,22,0.209
DIAG10y,C,F47,180,23,0.209
DIAG10y,C,F47,239,0,0.665
DIAG10y,C,F47,239,1,0.811841
DIAG10y,C,F47,239,2,0.811841
DIAG10y,C,F47,239,3,0.811841
DIAG10y,C,F47,239,4,0.811841
DIAG10y,C,F47,239,5,0.811841
DIAG10y,C,F47,239,6,0.811841
DIAG10y,C,F47,239,7,0.811841
DIAG10y,C,F47,239,8,0.811841
DIAG10y,C,F47,239,9,0.811841
DIAG10y,C,F47,239,10,0.811841
DIAG10y,C,F47,239,11,0.811841
DIAG10y,C,F47,239,12,0.811841
DIAG10y,C,F47,239,13,0.811841
DIAG10y,C,F47,239,14,0.811841
DIAG10y,C,F47,239,15,0.811841
DIAG10y,C,F47,239,16,0.811841
DIAG10y,C,F47,239,17,0.811841
DIAG10y,C,F47,239,18,0.811841
DIAG10y,C,F47,239,19,0.811841
DIAG10y,C,F47,239,20,0.811841
DIAG10y,C,F47,239,21,0.811841
DIAG10y,C,F47,239,22,0.811841
DIAG10y,C,F47,239,23,0.811841
DIAG10y,C,F47,240,0,0.409
DIAG10y,C,F47,240,1,0.409
DIAG10y,C,F47,240,2,0.409
DIAG10y,C,F47,240,3,0.409
DIAG10y,C,F47,240,4,0.409
DIAG10y,C,F47,240,5,0.409
DIAG10y,C,F47,240,6,0.409
DIAG10y,C,F47,240,7,0.409
DIAG10y,C,F47,240,8,0.409
DIAG10y,C,F47,240,9,0.409
DIAG10y,C,F47,240,10,0.409
DIAG10y,C,F47,240,11,0.409
DIAG10y,C,F47,240,12,0.409
DIAG10y,C,F47,240,13,0.409
DIAG10y,C,F47,240,14,0.409
DIAG10y,C,F47,240,15,0.409
DIAG10y,C,F47,240,16,0.409
DIAG10y,C,F47,240,17,0.409
DIAG10y,C,F47,240,18,0.409
DIAG10y,C,F47,240,19,0.409
DIAG10y,C,F47,240,20,0.409
DIAG10y,C,F47,240,21,0.409
DIAG10y,C,F47,240,22,0.409
DIAG10y,C,F47,240,23,0.409
DIAG10y,C,F47,241,0,1.979
DIAG10y,C,F47,241,1,0.63
DIAG10y,C,F47,241,2,0.63
DIAG10y,C,F47,241,3,
DIAG10y,C,F47,241,4,
DIAG10y,C,F47,241,5,
DIAG10y,C,F47,241,6,
DIAG10y,C,F47,241,7,
DIAG10y,C,F47,241,8,
DIAG10y,C,F47,241,9,
DIAG10y,C,F47,241,10,
DIAG10y,C,F47,241,11,
DIAG10y,C,F47,241,12,
DIAG10y,C,F47,241,13,
DIAG10y,C,F47,241,14,
DIAG10y,C,F47,241,15,
DIAG10y,C,F47,241,16,
DIAG10y,C,F47,241,17,
DIAG10y,C,F47,241,18,
DIAG10y,C,F47,241,19,
DIAG10y,C,F47,241,20,
DIAG10y,C,F47,241,21,
DIAG10y,C,F47,241,22,
DIAG10y,C,F47,241,23,
DIAG10y,C,F47,242,0,
DIAG10y,C,F47,242,1,
DIAG10y,C,F47,242,2,
DIAG10y,C,F47,242,3,
DIAG10y,C,F47,242,4,
DIAG10y,C,F47,242,5,
DIAG10y,C,F47,242,6,
DIAG10y,C,F47,242,7,
DIAG10y,C,F47,242,8,
DIAG10y,C,F47,242,9,
DIAG10y,C,F47,242,10,
DIAG10y,C,F47,242,11,
DIAG10y,C,F47,242,12,
DIAG10y,C,F47,242,13,
DIAG10y,C,F47,242,14,
DIAG10y,C,F47,242,15,
DIAG10y,C,F47,242,16,
DIAG10y,C,F47,242,17,
DIAG10y,C,F47,242,18,
DIAG10y,C,F47,242,19,
DIAG10y,C,F47,242,20,
DIAG10y,C,F47,242,21,
DIAG10y,C,F47,242,22,
DIAG10y,C,F47,242,23,
DIAG10y,C,F47,243,0,0.508
DIAG10y,C,F47,243,1,0.508
DIAG10y,C,F47,243,2,0.508
DIAG10y,C,F47,243,3,0.508
DIAG10y,C,F47,243,4,0.508
DIAG10y,C,F47,243,5,0.508
DIAG10y,C,F47,243,6,0.508
DIAG10y,C,F47,243,7,0.508
DIAG10y,C,F47,243,8,0.508
DIAG10y,C,F47,243,9,0.508
DIAG10y,C,F47,243,10,0.508
DIAG10y,C,F47,243,11,0.508
DIAG10y,C,F47,243,12,0.508
DIAG10y,C,F47,243,13,0.508
DIAG10y,C,F47,243,14,0.508
DIAG10y,C,F47,243,15,0.508
DIAG10y,C,F47,243,16,0.508
DIAG10y,C,F47,243,17,0.508
DIAG10y,C,F47,243,18,0.508
DIAG10y,C,F47,243,19,0.508
DIAG10y,C,F47,243,20,0.508
DIAG10y,C,F47,243,21,0.508
DIAG10y,C,F47,243,22,0.508
DIAG10y,C,F47,243,23,0.508
DIAG10y,A,F13,244,0,
DIAG10y,A,F13,244,1,
DIAG10y,A,F13,244,2,
DIAG10y,A,F13,244,3,
DIAG10y,A,F13,244,4,
DIAG10y,A,F13,244,5,
DIAG10y,A,F13,244,6,
DIAG10y,A,F13,244,7,
DIAG10y,A,F13,244,8,
DIAG10y,A,F13,244,9,
DIAG10y,A,F13,244,10,
DIAG10y,A,F13,244,11,
DIAG10y,A,F13,244,12,
DIAG10y,A,F13,244,13,
DIAG10y,A,F13,244,14,
DIAG10y,A,F13,244,15,
DIAG10y,A,F13,244,16,
DIAG10y,A,F13,244,17,
DIAG10y,A,F13,244,18,
DIAG10y,A,F13,244,19,
DIAG10y,A,F13,244,20,
DIAG10y,A,F13,244,21,
DIAG10y,A,F13,244,22,
DIAG10y,A,F13,244,23,
DIAG10y,A,F13,245,0,0.760724375
DIAG10y,A,F13,245,1,0.760724375
DIAG10y,A,F13,245,2,0.760724375
DIAG10y,A,F13,245,3,0.760724375
DIAG10y,A,F13,245,4,0.760724375
DIAG10y,A,F13,245,5,0.760724375
DIAG10y,A,F13,245,6,0.760724375
DIAG10y,A,F13,245,7,0.760724375
DIAG10y,A,F13,245,8,0.760724375
DIAG10y,A,F13,245,9,0.760724375
DIAG10y,A,F13,245,10,0.760724375
DIAG10y,A,F13,245,11,0.760724375
DIAG10y,A,F13,245,12,0.760724375
DIAG10y,A,F13,245,13,0.760724375
DIAG10y,A,F13,245,14,0.760724375
DIAG10y,A,F13,245,15,0.760724375
DIAG10y,A,F13,245,16,0.760724375
DIAG10y,A,F13,245,17,0.760724375
DIAG10y,A,F13,245,18,0.760724375
DIAG10y,A,F13,245,19,0.760724375
DIAG10y,A,F13,245,20,0.760724375
DIAG10y,A,F13,245,21,0.760724375
DIAG10y,A,F13,245,22,0.760724375
DIAG10y,A,F13,245,23,0.760724375
DIAG10y,B,F13,244,0,
DIAG10y,B,F13,244,1,
DIAG10y,B,F13,244,2,
DIAG10y,B,F13,244,3,
DIAG10y,B,F13,244,4,
DIAG10y,B,F13,244,5,
DIAG10y,B,F13,244,6,
DIAG10y,B,F13,244,7,
DIAG10y,B,F13,244,8,
DIAG10y,B,F13,244,9,
DIAG10y,B,F13,244,10,
DIAG10y,B,F13,244,11,
DIAG10y,B,F13,244,12,
DIAG10y,B,F13,244,13,
DIAG10y,B,F13,244,14,
DIAG10y,B,F13,244,15,
DIAG10y,B,F13,244,16,
DIAG10y,B,F13,244,17,
DIAG10y,B,F13,244,18,
DIAG10y,B,F13,244,19,
DIAG10y,B,F13,244,20,
DIAG10y,B,F13,244,21,
DIAG10y,B,F13,244,22,
DIAG10y,B,F13,244,23,
DIAG10y,B,F13,245,0,0.760724375
DIAG10y,B,F13,245,1,0.760724375
DIAG10y,B,F13,245,2,0.760724375
DIAG10y,B,F13,245,3,0.760724375
DIAG10y,B,F13,245,4,0.760724375
DIAG10y,B,F13,245,5,0.760724375
DIAG10y,B,F13,245,6,0.760724375
DIAG10y,B,F13,245,7,0.760724375
DIAG10y,B,F13,245,8,0.760724375
DIAG10y,B,F13,245,9,0.760724375
DIAG10y,B,F13,245,10,0.760724375
DIAG10y,B,F13,245,11,0.760724375
DIAG10y,B,F13,245,12,0.760724375
DIAG10y,B,F13,245,13,0.760724375
DIAG10y,B,F13,245,14,0.760724375
DIAG10y,B,F13,245,15,0.760724375
DIAG10y,B,F13,245,16,0.760724375
DIAG10y,B,F13,245,17,0.760724375
DIAG10y,B,F13,245,18,0.760724375
DIAG10y,B,F13,245,19,0.760724375
DIAG10y,B,F13,245,20,0.760724375
DIAG10y,B,F13,245,21,0.760724375
DIAG10y,B,F13,245,22,0.760724375
DIAG10y,B,F13,245,23,0.760724375
DIAG10y,C,F13,244,0,
DIAG10y,C,F13,244,1,
DIAG10y,C,F13,244,2,
DIAG10y,C,F13,244,3,
DIAG10y,C,F13,244,4,
DIAG10y,C,F13,244,5,
DIAG10y,C,F13,244,6,
DIAG10y,C,F13,244,7,
DIAG10y,C,F13,244,8,
DIAG10y,C,F13,244,9,
DIAG10y,C,F13,244,10,
DIAG10y,C,F13,244,11,
DIAG10y,C,F13,244,12,
DIAG10y,C,F13,244,13,
DIAG10y,C,F13,244,14,
DIAG10y,C,F13,244,15,
DIAG10y,C,F13,244,16,
DIAG10y,C,F13,244,17,
DIAG10y,C,F13,244,18,
DIAG10y,C,F13,244,19,
DIAG10y,C,F13,244,20,
DIAG10y,C,F13,244,21,
DIAG10y,C,F13,244,22,
DIAG10y,C,F13,244,23,
DIAG10y,C,F13,245,0,0.760724375
DIAG10y,C,F13,245,1,0.760724375
DIAG10y,C,F13,245,2,0.760724375
DIAG10y,C,F13,245,3,0.760724375
DIAG10y,C,F13,245,4,0.760724375
DIAG10y,C,F13,245,5,0.760724375
DIAG10y,C,F13,245,6,0.760724375
DIAG10y,C,F13,245,7,0.760724375
DIAG10y,C,F13,245,8,0.760724375
DIAG10y,C,F13,245,9,0.760724375
DIAG10y,C,F13,245,10,0.760724375
DIAG10y,C,F13,245,11,0.760724375
DIAG10y,C,F13,245,12,0.760724375
DIAG10y,C,F13,245,13,0.760724375
DIAG10y,C,F13,245,14,0.760724375
DIAG10y,C,F13,245,15,0.760724375
DIAG10y,C,F13,245,16,0.760724375
DIAG10y,C,F13,245,17,0.760724375
DIAG10y,C,F13,245,18,0.760724375
DIAG10y,C,F13,245,19,0.760724375
DIAG10y,C,F13,245,20,0.760724375
DIAG10y,C,F13,245,21,0.760724375
DIAG10y,C,F13,245,22,0.760724375
DIAG10y,C,F13,245,23,0.760724375
DIAG10y,A,F13,195,0,0.553
DIAG10y,A,F13,195,1,0.553
DIAG10y,A,F13,195,2,0.553
DIAG10y,A,F13,195,3,0.553
DIAG10y,A,F13,195,4,0.553
DIAG10y,A,F13,195,5,0.553
DIAG10y,A,F13,195,6,0.553
DIAG10y,A,F13,195,7,0.553
DIAG10y,A,F13,195,8,0.553
DIAG10y,A,F13,195,9,0.553
DIAG10y,A,F13,195,10,0.553
DIAG10y,A,F13,195,11,0.553
DIAG10y,A,F13,195,12,0.553
DIAG10y,A,F13,195,13,0.553
DIAG10y,A,F13,195,14,0.553
DIAG10y,A,F13,195,15,0.553
DIAG10y,A,F13,195,16,0.553
DIAG10y,A,F13,195,17,0.553
DIAG10y,A,F13,195,18,0.553
DIAG10y,A,F13,195,19,0.553
DIAG10y,A,F13,195,20,0.553
DIAG10y,A,F13,195,21,0.553
DIAG10y,A,F13,195,22,0.553
DIAG10y,A,F13,195,23,0.553
DIAG10y,B,F13,195,0,0.553
DIAG10y,B,F13,195,1,0.553
DIAG10y,B,F13,195,2,0.553
DIAG10y,B,F13,195,3,0.553
DIAG10y,B,F13,195,4,0.553
DIAG10y,B,F13,195,5,0.553
DIAG10y,B,F13,195,6,0.553
DIAG10y,B,F13,195,7,0.553
DIAG10y,B,F13,195,8,0.553
DIAG10y,B,F13,195,9,0.553
DIAG10y,B,F13,195,10,0.553
DIAG10y,B,F13,195,11,0.553
DIAG10y,B,F13,195,12,0.553
DIAG10y,B,F13,195,13,0.553
DIAG10y,B,F13,195,14,0.553
DIAG10y,B,F13,195,15,0.553
DIAG10y,B,F13,195,16,0.553
DIAG10y,B,F13,195,17,0.553
DIAG10y,B,F13,195,18,0.553
DIAG10y,B,F13,195,19,0.553
DIAG10y,B,F13,195,20,0.553
DIAG10y,B,F13,195,21,0.553
DIAG10y,B,F13,195,22,0.553
DIAG10y,B,F13,195,23,0.553
DIAG10y,C,F13,195,0,0.553
DIAG10y,C,F13,195,1,0.553
DIAG10y,C,F13,195,2,0.553
DIAG10y,C,F13,195,3,0.553
DIAG10y,C,F13,195,4,0.553
DIAG10y,C,F13,195,5,0.553
DIAG10y,C,F13,195,6,0.553
DIAG10y,C,F13,195,7,0.553
DIAG10y,C,F13,195,8,0.553
DIAG10y,C,F13,195,9,0.553
DIAG10y,C,F13,195,10,0.553
DIAG10y,C,F13,195,11,0.553
DIAG10y,C,F13,195,12,0.553
DIAG10y,C,F13,195,13,0.553
DIAG10y,C,F13,195,14,0.553
DIAG10y,C,F13,195,15,0.553
DIAG10y,C,F13,195,16,0.553
DIAG10y,C,F13,195,17,0.553
DIAG10y,C,F13,195,18,0.553
DIAG10y,C,F13,195,19,0.553
DIAG10y,C,F13,195,20,0.553
DIAG10y,C,F13,195,21,0.553
DIAG10y,C,F13,195,22,0.553
DIAG10y,C,F13,195,23,0.553
DIAG10y,A,F47,191,0,0.274
DIAG10y,A,F47,191,1,
DIAG10y,A,F47,191,2,
DIAG10y,A,F47,191,3,
DIAG10y,A,F47,191,4,
DIAG10y,A,F47,191,5,
DIAG10y,A,F47,191,6,
DIAG10y,A,F47,191,7,
DIAG10y,A,F47,191,8,
DIAG10y,A,F47,191,9,
DIAG10y,A,F47,191,10,
DIAG10y,A,F47,191,11,
DIAG10y,A,F47,191,12,
DIAG10y,A,F47,191,13,
DIAG10y,A,F47,191,14,
DIAG10y,A,F47,191,15,
DIAG10y,A,F47,191,16,
DIAG10y,A,F47,191,17,
DIAG10y,A,F47,191,18,
DIAG10y,A,F47,191,19,
DIAG10y,A,F47,191,20,
DIAG10y,A,F47,191,21,
DIAG10y,A,F47,191,22,
DIAG10y,A,F47,191,23,
DIAG10y,A,F47,192,0,0.17
DIAG10y,A,F47,192,1,0.173
DIAG10y,A,F47,192,2,0.173
DIAG10y,A,F47,192,3,
DIAG10y,A,F47,192,4,
DIAG10y,A,F47,192,5,
DIAG10y,A,F47,192,6,0.173
DIAG10y,A,F47,192,7,0.173
DIAG10y,A,F47,192,8,0.173
DIAG10y,A,F47,192,9,0.173
DIAG10y,A,F47,192,10,0.173
DIAG10y,A,F47,192,11,0.173
DIAG10y,A,F47,192,12,
DIAG10y,A,F47,192,13,
DIAG10y,A,F47,192,14,
DIAG10y,A,F47,192,15,
DIAG10y,A,F47,192,16,
DIAG10y,A,F47,192,17,
DIAG10y,A,F47,192,18,
DIAG10y,A,F47,192,19,
DIAG10y,A,F47,192,20,
DIAG10y,A,F47,192,21,
DIAG10y,A,F47,192,22,
DIAG10y,A,F47,192,23,
DIAG10y,A,F47,193,0,0.378
DIAG10y,A,F47,193,1,0.378
DIAG10y,A,F47,193,2,0.378
DIAG10y,A,F47,193,3,0.378
DIAG10y,A,F47,193,4,0.378
DIAG10y,A,F47,193,5,0.378
DIAG10y,A,F47,193,6,0.378
DIAG10y,A,F47,193,7,0.378
DIAG10y,A,F47,193,8,0.378
DIAG10y,A,F47,193,9,0.378
DIAG10y,A,F47,193,10,0.378
DIAG10y,A,F47,193,11,0.378
DIAG10y,A,F47,193,12,0.378
DIAG10y,A,F47,193,13,0.378
DIAG10y,A,F47,193,14,0.378
DIAG10y,A,F47,193,15,0.378
DIAG10y,A,F47,193,16,0.378
DIAG10y,A,F47,193,17,0.378
DIAG10y,A,F47,193,18,0.378
DIAG10y,A,F47,193,19,0.378
DIAG10y,A,F47,193,20,0.378
DIAG10y,A,F47,193,21,0.378
DIAG10y,A,F47,193,22,0.378
DIAG10y,A,F47,193,23,0.378
DIAG10y,A,F47,194,0,
DIAG10y,A,F47,194,1,
DIAG10y,A,F47,194,2,
DIAG10y,A,F47,194,3,0.372
DIAG10y,A,F47,194,4,0.372
DIAG10y,A,F47,194,5,0.372
DIAG10y,A,F47,194,6,0.372
DIAG10y,A,F47,194,7,0.372
DIAG10y,A,F47,194,8,0.372
DIAG10y,A,F47,194,9,0.372
DIAG10y,A,F47,194,10,0.372
DIAG10y,A,F47,194,11,0.372
DIAG10y,A,F47,194,12,0.372
DIAG10y,A,F47,194,13,0.372
DIAG10y,A,F47,194,14,0.372
DIAG10y,A,F47,194,15,0.372
DIAG10y,A,F47,194,16,0.372
DIAG10y,A,F47,194,17,0.372
DIAG10y,A,F47,194,18,0.372
DIAG10y,A,F47,194,19,0.372
DIAG10y,A,F47,194,20,0.372
DIAG10y,A,F47,194,21,0.372
DIAG10y,A,F47,194,22,0.372
DIAG10y,A,F47,194,23,0.372
DIAG10y,A,F47,195,0,
DIAG10y,A,F47,195,1,0.36862978639861227
DIAG10y,A,F47,195,2,0.36862978639861227
DIAG10y,A,F47,195,3,
DIAG10y,A,F47,195,4,
DIAG10y,A,F47,195,5,
DIAG10y,A,F47,195,6,
DIAG10y,A,F47,195,7,
DIAG10y,A,F47,195,8,
DIAG10y,A,F47,195,9,
DIAG10y,A,F47,195,10,
DIAG10y,A,F47,195,11,
DIAG10y,A,F47,195,12,
DIAG10y,A,F47,195,13,
DIAG10y,A,F47,195,14,
DIAG10y,A,F47,195,15,
DIAG10y,A,F47,195,16,
DIAG10y,A,F47,195,17,
DIAG10y,A,F47,195,18,
DIAG10y,A,F47,195,19,
DIAG10y,A,F47,195,20,
DIAG10y,A,F47,195,21,
DIAG10y,A,F47,195,22,
DIAG10y,A,F47,195,23,
DIAG10y,B,F47,191,0,0.274
DIAG10y,B,F47,191,1,
DIAG10y,B,F47,191,2,
DIAG10y,B,F47,191,3,
DIAG10y,B,F47,191,4,
DIAG10y,B,F47,191,5,
DIAG10y,B,F47,191,6,
DIAG10y,B,F47,191,7,
DIAG10y,B,F47,191,8,
DIAG10y,B,F47,191,9,
DIAG10y,B,F47,191,10,
DIAG10y,B,F47,191,11,
DIAG10y,B,F47,191,12,
DIAG10y,B,F47,191,13,
DIAG10y,B,F47,191,14,
DIAG10y,B,F47,191,15,
DIAG10y,B,F47,191,16,
DIAG10y,B,F47,191,17,
DIAG10y,B,F47,191,18,
DIAG10y,B,F47,191,19,
DIAG10y,B,F47,191,20,
DIAG10y,B,F47,191,21,
DIAG10y,B,F47,191,22,
DIAG10y,B,F47,191,23,
DIAG10y,B,F47,192,0,0.167
DIAG10y,B,F47,192,1,0.167
DIAG10y,B,F47,192,2,0.167
DIAG10y,B,F47,192,3,
DIAG10y,B,F47,192,4,
DIAG10y,B,F47,192,5,
DIAG10y,B,F47,192,6,0.167
DIAG10y,B,F47,192,7,0.167
DIAG10y,B,F47,192,8,0.167
DIAG10y,B,F47,192,9,0.167
DIAG10y,B,F47,192,10,0.167
DIAG10y,B,F47,192,11,0.167
DIAG10y,B,F47,192,12,
DIAG10y,B,F47,192,13,
DIAG10y,B,F47,192,14,
DIAG10y,B,F47,192,15,
DIAG10y,B,F47,192,16,
DIAG10y,B,F47,192,17,
DIAG10y,B,F47,192,18,
DIAG10y,B,F47,192,19,
DIAG10y,B,F47,192,20,
DIAG10y,B,F47,192,21,
DIAG10y,B,F47,192,22,
DIAG10y,B,F47,192,23,
DIAG10y,B,F47,193,0,0.378
DIAG10y,B,F47,193,1,0.378
DIAG10y,B,F47,193,2,0.378
DIAG10y,B,F47,193,3,0.378
DIAG10y,B,F47,193,4,0.378
DIAG10y,B,F47,193,5,0.378
DIAG10y,B,F47,193,6,0.378
DIAG10y,B,F47,193,7,0.378
DIAG10y,B,F47,193,8,0.378
DIAG10y,B,F47,193,9,0.378
DIAG10y,B,F47,193,10,0.378
DIAG10y,B,F47,193,11,0.378
DIAG10y,B,F47,193,12,0.378
DIAG10y,B,F47,193,13,0.378
DIAG10y,B,F47,193,14,0.378
DIAG10y,B,F47,193,15,0.378
DIAG10y,B,F47,193,16,0.378
DIAG10y,B,F47,193,17,0.378
DIAG10y,B,F47,193,18,0.378
DIAG10y,B,F47,193,19,0.378
DIAG10y,B,F47,193,20,0.378
DIAG10y,B,F47,193,21,0.378
DIAG10y,B,F47,193,22,0.378
DIAG10y,B,F47,193,23,0.378
DIAG10y,B,F47,194,0,
DIAG10y,B,F47,194,1,
DIAG10y,B,F47,194,2,
DIAG10y,B,F47,194,3,
DIAG10y,B,F47,194,4,
DIAG10y,B,F47,194,5,
DIAG10y,B,F47,194,6,
DIAG10y,B,F47,194,7,
DIAG10y,B,F47,194,8,
DIAG10y,B,F47,194,9,
DIAG10y,B,F47,194,10,
DIAG10y,B,F47,194,11,
DIAG10y,B,F47,194,12,
DIAG10y,B,F47,194,13,
DIAG10y,B,F47,194,14,
DIAG10y,B,F47,194,15,
DIAG10y,B,F47,194,16,
DIAG10y,B,F47,194,17,
DIAG10y,B,F47,194,18,
DIAG10y,B,F47,194,19,
DIAG10y,B,F47,194,20,
DIAG10y,B,F47,194,21,
DIAG10y,B,F47,194,22,
DIAG10y,B,F47,194,23,
DIAG10y,B,F47,195,0,
DIAG10y,B,F47,195,1,0.32722057026652956
DIAG10y,B,F47,195,2,0.32722057026652956
DIAG10y,B,F47,195,3,
DIAG10y,B,F47,195,4,
DIAG10y,B,F47,195,5,
DIAG10y,B,F47,195,6,
DIAG10y,B,F47,195,7,
DIAG10y,B,F47,195,8,
DIAG10y,B,F47,195,9,
DIAG10y,B,F47,195,10,
DIAG10y,B,F47,195,11,
DIAG10y,B,F47,195,12,
DIAG10y,B,F47,195,13,
DIAG10y,B,F47,195,14,
DIAG10y,B,F47,195,15,
DIAG10y,B,F47,195,16,
DIAG10y,B,F47,195,17,
DIAG10y,B,F47,195,18,
DIAG10y,B,F47,195,19,
DIAG10y,B,F47,195,20,
DIAG10y,B,F47,195,21,
DIAG10y,B,F47,195,22,
DIAG10y,B,F47,195,23,
DIAG10y,C,F47,191,0,0.274
DIAG10y,C,F47,191,1,
DIAG10y,C,F47,191,2,
DIAG10y,C,F47,191,3,
DIAG10y,C,F47,191,4,
DIAG10y,C,F47,191,5,
DIAG10y,C,F47,191,6,
DIAG10y,C,F47,191,7,
DIAG10y,C,F47,191,8,
DIAG10y,C,F47,191,9,
DIAG10y,C,F47,191,10,
DIAG10y,C,F47,191,11,
DIAG10y,C,F47,191,12,
DIAG10y,C,F47,191,13,
DIAG10y,C,F47,191,14,
DIAG10y,C,F47,191,15,
DIAG10y,C,F47,191,16,
DIAG10y,C,F47,191,17,
DIAG10y,C,F47,191,18,
DIAG10y,C,F47,191,19,
DIAG10y,C,F47,191,20,
DIAG10y,C,F47,191,21,
DIAG10y,C,F47,191,22,
DIAG10y,C,F47,191,23,
DIAG10y,C,F47,192,0,0.17
DIAG10y,C,F47,192,1,0.167
DIAG10y,C,F47,192,2,0.167
DIAG10y,C,F47,192,3,0.167
DIAG10y,C,F47,192,4,0.167
DIAG10y,C,F47,192,5,0.167
DIAG10y,C,F47,192,6,0.167
DIAG10y,C,F47,192,7,0.167
DIAG10y,C,F47,192,8,0.167
DIAG10y,C,F47,192,9,0.167
DIAG10y,C,F47,192,10,0.167
DIAG10y,C,F47,192,11,0.167
DIAG10y,C,F47,192,12,
DIAG10y,C,F47,192,13,
DIAG10y,C,F47,192,14,
DIAG10y,C,F47,192,15,
DIAG10y,C,F47,192,16,
DIAG10y,C,F47,192,17,
DIAG10y,C,F47,192,18,
DIAG10y,C,F47,192,19,
DIAG10y,C,F47,192,20,
DIAG10y,C,F47,192,21,
DIAG10y,C,F47,192,22,
DIAG10y,C,F47,192,23,
DIAG10y,C,F47,193,0,0.378
DIAG10y,C,F47,193,1,0.378
DIAG10y,C,F47,193,2,0.378
DIAG10y,C,F47,193,3,0.378
DIAG10y,C,F47,193,4,0.378
DIAG10y,C,F47,193,5,0.378
DIAG10y,C,F47,193,6,0.378
DIAG10y,C,F47,193,7,0.378
DIAG10y,C,F47,193,8,0.378
DIAG10y,C,F47,193,9,0.378
DIAG10y,C,F47,193,10,0.378
DIAG10y,C,F47,193,11,0.378
DIAG10y,C,F47,193,12,0.378
DIAG10y,C,F47,193,13,0.378
DIAG10y,C,F47,193,14,0.378
DIAG10y,C,F47,193,15,0.378
DIAG10y,C,F47,193,16,0.378
DIAG10y,C,F47,193,17,0.378
DIAG10y,C,F47,193,18,0.378
DIAG10y,C,F47,193,19,0.378
DIAG10y,C,F47,193,20,0.378
DIAG10y,C,F47,193,21,0.378
DIAG10y,C,F47,193,22,0.378
DIAG10y,C,F47,193,23,0.378
DIAG10y,C,F47,194,0,
DIAG10y,C,F47,194,1,
DIAG10y,C,F47,194,2,
DIAG10y,C,F47,194,3,0.372
DIAG10y,C,F47,194,4,0.372
DIAG10y,C,F47,194,5,0.372
DIAG10y,C,F47,194,6,0.372
DIAG10y,C,F47,194,7,0.372
DIAG10y,C,F47,194,8,0.372
DIAG10y,C,F47,194,9,0.372
DIAG10y,C,F47,194,10,0.372
DIAG10y,C,F47,194,11,0.372
DIAG10y,C,F47,194,12,0.372
DIAG10y,C,F47,194,13,0.372
DIAG10y,C,F47,194,14,0.372
DIAG10y,C,F47,194,15,0.372
DIAG10y,C,F47,194,16,0.372
DIAG10y,C,F47,194,17,0.372
DIAG10y,C,F47,194,18,0.372
DIAG10y,C,F47,194,19,0.372
DIAG10y,C,F47,194,20,0.372
DIAG10y,C,F47,194,21,0.372
DIAG10y,C,F47,194,22,0.372
DIAG10y,C,F47,194,23,0.372
DIAG10y,C,F47,195,0,
DIAG10y,C,F47,195,1,0.36862978639861227
DIAG10y,C,F47,195,2,0.36862978639861227
DIAG10y,C,F47,195,3,
DIAG10y,C,F47,195,4,
DIAG10y,C,F47,195,5,
DIAG10y,C,F47,195,6,
DIAG10y,C,F47,195,7,
DIAG10y,C,F47,195,8,
DIAG10y,C,F47,195,9,
DIAG10y,C,F47,195,10,
DIAG10y,C,F47,195,11,
DIAG10y,C,F47,195,12,
DIAG10y,C,F47,195,13,
DIAG10y,C,F47,195,14,
DIAG10y,C,F47,195,15,
DIAG10y,C,F47,195,16,
DIAG10y,C,F47,195,17,
DIAG10y,C,F47,195,18,
DIAG10y,C,F47,195,19,
DIAG10y,C,F47,195,20,
DIAG10y,C,F47,195,21,
DIAG10y,C,F47,195,22,
DIAG10y,C,F47,195,23,
DIAG10y,A,F13,196,0,0.255
DIAG10y,A,F13,196,1,0.255
DIAG10y,A,F13,196,2,0.255
DIAG10y,A,F13,196,3,0.255
DIAG10y,A,F13,196,4,0.255
DIAG10y,A,F13,196,5,0.255
DIAG10y,A,F13,196,6,0.255
DIAG10y,A,F13,196,7,0.255
DIAG10y,A,F13,196,8,0.255
DIAG10y,A,F13,196,9,0.255
DIAG10y,A,F13,196,10,0.255
DIAG10y,A,F13,196,11,0.255
DIAG10y,A,F13,196,12,0.255
DIAG10y,A,F13,196,13,0.255
DIAG10y,A,F13,196,14,0.255
DIAG10y,A,F13,196,15,0.255
DIAG10y,A,F13,196,16,0.255
DIAG10y,A,F13,196,17,0.255
DIAG10y,A,F13,196,18,0.255
DIAG10y,A,F13,196,19,0.255
DIAG10y,A,F13,196,20,0.255
DIAG10y,A,F13,196,21,0.255
DIAG10y,A,F13,196,22,0.255
DIAG10y,A,F13,196,23,0.255
DIAG10y,A,F13,197,0,0.2760036743954756
DIAG10y,A,F13,197,1,0.2760036743954756
DIAG10y,A,F13,197,2,0.2760036743954756
DIAG10y,A,F13,197,3,0.2760036743954756
DIAG10y,A,F13,197,4,0.2760036743954756
DIAG10y,A,F13,197,5,0.2760036743954756
DIAG10y,A,F13,197,6,0.2760036743954756
DIAG10y,A,F13,197,7,0.2760036743954756
DIAG10y,A,F13,197,8,0.2760036743954756
DIAG10y,A,F13,197,9,0.2760036743954756
DIAG10y,A,F13,197,10,0.2760036743954756
DIAG10y,A,F13,197,11,0.2760036743954756
DIAG10y,A,F13,197,12,0.2760036743954756
DIAG10y,A,F13,197,13,0.2760036743954756
DIAG10y,A,F13,197,14,0.2760036743954756
DIAG10y,A,F13,197,15,0.2760036743954756
DIAG10y,A,F13,197,16,0.2760036743954756
DIAG10y,A,F13,197,17,0.2760036743954756
DIAG10y,A,F13,197,18,0.2760036743954756
DIAG10y,A,F13,197,19,0.2760036743954756
DIAG10y,A,F13,197,20,0.2760036743954756
DIAG10y,A,F13,197,21,0.2760036743954756
DIAG10y,A,F13,197,22,0.2760036743954756
DIAG10y,A,F13,197,23,0.2760036743954756
DIAG10y,A,F13,198,0,0.278
DIAG10y,A,F13,198,1,0.278
DIAG10y,A,F13,198,2,0.278
DIAG10y,A,F13,198,3,0.278
DIAG10y,A,F13,198,4,0.278
DIAG10y,A,F13,198,5,0.278
DIAG10y,A,F13,198,6,0.278
DIAG10y,A,F13,198,7,0.278
DIAG10y,A,F13,198,8,0.278
DIAG10y,A,F13,198,9,0.278
DIAG10y,A,F13,198,10,0.278
DIAG10y,A,F13,198,11,0.278
DIAG10y,A,F13,198,12,0.278
DIAG10y,A,F13,198,13,0.278
DIAG10y,A,F13,198,14,0.278
DIAG10y,A,F13,198,15,0.278
DIAG10y,A,F13,198,16,0.278
DIAG10y,A,F13,198,17,0.278
DIAG10y,A,F13,198,18,0.278
DIAG10y,A,F13,198,19,0.278
DIAG10y,A,F13,198,20,0.278
DIAG10y,A,F13,198,21,0.278
DIAG10y,A,F13,198,22,0.278
DIAG10y,A,F13,198,23,0.278
DIAG10y,B,F13,196,0,0.255
DIAG10y,B,F13,196,1,0.255
DIAG10y,B,F13,196,2,0.255
DIAG10y,B,F13,196,3,0.255
DIAG10y,B,F13,196,4,0.255
DIAG10y,B,F13,196,5,0.255
DIAG10y,B,F13,196,6,0.255
DIAG10y,B,F13,196,7,0.255
DIAG10y,B,F13,196,8,0.255
DIAG10y,B,F13,196,9,0.255
DIAG10y,B,F13,196,10,0.255
DIAG10y,B,F13,196,11,0.255
DIAG10y,B,F13,196,12,0.255
DIAG10y,B,F13,196,13,0.255
DIAG10y,B,F13,196,14,0.255
DIAG10y,B,F13,196,15,0.255
DIAG10y,B,F13,196,16,0.255
DIAG10y,B,F13,196,17,0.255
DIAG10y,B,F13,196,18,0.255
DIAG10y,B,F13,196,19,0.255
DIAG10y,B,F13,196,20,0.255
DIAG10y,B,F13,196,21,0.255
DIAG10y,B,F13,196,22,0.255
DIAG10y,B,F13,196,23,0.255
DIAG10y,B,F13,197,0,0.2760036743954756
DIAG10y,B,F13,197,1,0.2760036743954756
DIAG10y,B,F13,197,2,0.2760036743954756
DIAG10y,B,F13,197,3,0.2760036743954756
DIAG10y,B,F13,197,4,0.2760036743954756
DIAG10y,B,F13,197,5,0.2760036743954756
DIAG10y,B,F13,197,6,0.2760036743954756
DIAG10y,B,F13,197,7,0.2760036743954756
DIAG10y,B,F13,197,8,0.2760036743954756
DIAG10y,B,F13,197,9,0.2760036743954756
DIAG10y,B,F13,197,10,0.2760036743954756
DIAG10y,B,F13,197,11,0.2760036743954756
DIAG10y,B,F13,197,12,0.2760036743954756
DIAG10y,B,F13,197,13,0.2760036743954756
DIAG10y,B,F13,197,14,0.2760036743954756
DIAG10y,B,F13,197,15,0.2760036743954756
DIAG10y,B,F13,197,16,0.2760036743954756
DIAG10y,B,F13,197,17,0.2760036743954756
DIAG10y,B,F13,197,18,0.2760036743954756
DIAG10y,B,F13,197,19,0.2760036743954756
DIAG10y,B,F13,197,20,0.2760036743954756
DIAG10y,B,F13,197,21,0.2760036743954756
DIAG10y,B,F13,197,22,0.2760036743954756
DIAG10y,B,F13,197,23,0.2760036743954756
DIAG10y,B,F13,198,0,0.278
DIAG10y,B,F13,198,1,0.278
DIAG10y,B,F13,198,2,0.278
DIAG10y,B,F13,198,3,0.278
DIAG10y,B,F13,198,4,0.278
DIAG10y,B,F13,198,5,0.278
DIAG10y,B,F13,198,6,0.278
DIAG10y,B,F13,198,7,0.278
DIAG10y,B,F13,198,8,0.278
DIAG10y,B,F13,198,9,0.278
DIAG10y,B,F13,198,10,0.278
DIAG10y,B,F13,198,11,0.278
DIAG10y,B,F13,198,12,0.278
DIAG10y,B,F13,198,13,0.278
DIAG10y,B,F13,198,14,0.278
DIAG10y,B,F13,198,15,0.278
DIAG10y,B,F13,198,16,0.278
DIAG10y,B,F13,198,17,0.278
DIAG10y,B,F13,198,18,0.278
DIAG10y,B,F13,198,19,0.278
DIAG10y,B,F13,198,20,0.278
DIAG10y,B,F13,198,21,0.278
DIAG10y,B,F13,198,22,0.278
DIAG10y,B,F13,198,23,0.278
DIAG10y,C,F13,196,0,0.255
DIAG10y,C,F13,196,1,
DIAG10y,C,F13,196,2,
DIAG10y,C,F13,196,3,
DIAG10y,C,F13,196,4,
DIAG10y,C,F13,196,5,
DIAG10y,C,F13,196,6,0.255
DIAG10y,C,F13,196,7,0.255
DIAG10y,C,F13,196,8,0.255
DIAG10y,C,F13,196,9,0.255
DIAG10y,C,F13,196,10,0.255
DIAG10y,C,F13,196,11,0.255
DIAG10y,C,F13,196,12,0.255
DIAG10y,C,F13,196,13,0.255
DIAG10y,C,F13,196,14,0.255
DIAG10y,C,F13,196,15,0.255
DIAG10y,C,F13,196,16,0.255
DIAG10y,C,F13,196,17,0.255
DIAG10y,C,F13,196,18,0.255
DIAG10y,C,F13,196,19,0.255
DIAG10y,C,F13,196,20,0.255
DIAG10y,C,F13,196,21,0.255
DIAG10y,C,F13,196,22,0.255
DIAG10y,C,F13,196,23,0.255
DIAG10y,C,F13,197,0,0.2760036743954756
DIAG10y,C,F13,197,1,0.2760036743954756
DIAG10y,C,F13,197,2,0.2760036743954756
DIAG10y,C,F13,197,3,0.2760036743954756
DIAG10y,C,F13,197,4,0.2760036743954756
DIAG10y,C,F13,197,5,0.2760036743954756
DIAG10y,C,F13,197,6,0.2760036743954756
DIAG10y,C,F13,197,7,0.2760036743954756
DIAG10y,C,F13,197,8,0.2760036743954756
DIAG10y,C,F13,197,9,0.2760036743954756
DIAG10y,C,F13,197,10,0.2760036743954756
DIAG10y,C,F13,197,11,0.2760036743954756
DIAG10y,C,F13,197,12,0.2760036743954756
DIAG10y,C,F13,197,13,0.2760036743954756
DIAG10y,C,F13,197,14,0.2760036743954756
DIAG10y,C,F13,197,15,0.2760036743954756
DIAG10y,C,F13,197,16,0.2760036743954756
DIAG10y,C,F13,197,17,0.2760036743954756
DIAG10y,C,F13,197,18,0.2760036743954756
DIAG10y,C,F13,197,19,0.2760036743954756
DIAG10y,C,F13,197,20,0.2760036743954756
DIAG10y,C,F13,197,21,0.2760036743954756
DIAG10y,C,F13,197,22,0.2760036743954756
DIAG10y,C,F13,197,23,0.2760036743954756
DIAG10y,C,F13,198,0,0.278
DIAG10y,C,F13,198,1,0.278
DIAG10y,C,F13,198,2,0.278
DIAG10y,C,F13,198,3,0.278
DIAG10y,C,F13,198,4,0.278
DIAG10y,C,F13,198,5,0.278
DIAG10y,C,F13,198,6,0.278
DIAG10y,C,F13,198,7,0.278
DIAG10y,C,F13,198,8,0.278
DIAG10y,C,F13,198,9,0.278
DIAG10y,C,F13,198,10,0.278
DIAG10y,C,F13,198,11,0.278
DIAG10y,C,F13,198,12,0.278
DIAG10y,C,F13,198,13,0.278
DIAG10y,C,F13,198,14,0.278
DIAG10y,C,F13,198,15,0.278
DIAG10y,C,F13,198,16,0.278
DIAG10y,C,F13,198,17,0.278
DIAG10y,C,F13,198,18,0.278
DIAG10y,C,F13,198,19,0.278
DIAG10y,C,F13,198,20,0.278
DIAG10y,C,F13,198,21,0.278
DIAG10y,C,F13,198,22,0.278
DIAG10y,C,F13,198,23,0.278
DIAG10y,A,F47,196,0,0.168
DIAG10y,A,F47,196,1,0.394
DIAG10y,A,F47,196,2,0.394
DIAG10y,A,F47,196,3,0.394
DIAG10y,A,F47,196,4,0.394
DIAG10y,A,F47,196,5,0.394
DIAG10y,A,F47,196,6,0.394
DIAG10y,A,F47,196,7,0.394
DIAG10y,A,F47,196,8,0.394
DIAG10y,A,F47,196,9,0.394
DIAG10y,A,F47,196,10,0.394
DIAG10y,A,F47,196,11,0.394
DIAG10y,A,F47,196,12,0.394
DIAG10y,A,F47,196,13,0.394
DIAG10y,A,F47,196,14,0.394
DIAG10y,A,F47,196,15,0.394
DIAG10y,A,F47,196,16,0.394
DIAG10y,A,F47,196,17,0.394
DIAG10y,A,F47,196,18,0.394
DIAG10y,A,F47,196,19,0.394
DIAG10y,A,F47,196,20,0.394
DIAG10y,A,F47,196,21,0.394
DIAG10y,A,F47,196,22,0.394
DIAG10y,A,F47,196,23,0.168
DIAG10y,B,F47,196,0,0.168
DIAG10y,B,F47,196,1,0.394
DIAG10y,B,F47,196,2,0.394
DIAG10y,B,F47,196,3,0.394
DIAG10y,B,F47,196,4,0.394
DIAG10y,B,F47,196,5,0.394
DIAG10y,B,F47,196,6,0.394
DIAG10y,B,F47,196,7,0.394
DIAG10y,B,F47,196,8,0.394
DIAG10y,B,F47,196,9,0.394
DIAG10y,B,F47,196,10,0.394
DIAG10y,B,F47,196,11,0.394
DIAG10y,B,F47,196,12,0.394
DIAG10y,B,F47,196,13,0.394
DIAG10y,B,F47,196,14,0.394
DIAG10y,B,F47,196,15,0.394
DIAG10y,B,F47,196,16,0.394
DIAG10y,B,F47,196,17,0.394
DIAG10y,B,F47,196,18,0.394
DIAG10y,B,F47,196,19,0.394
DIAG10y,B,F47,196,20,0.394
DIAG10y,B,F47,196,21,0.394
DIAG10y,B,F47,196,22,0.394
DIAG10y,B,F47,196,23,0.168
DIAG10y,C,F47,196,0,0.168
DIAG10y,C,F47,196,1,0.394
DIAG10y,C,F47,196,2,0.394
DIAG10y,C,F47,196,3,0.394
DIAG10y,C,F47,196,4,0.394
DIAG10y,C,F47,196,5,0.394
DIAG10y,C,F47,196,6,0.394
DIAG10y,C,F47,196,7,0.394
DIAG10y,C,F47,196,8,0.394
DIAG10y,C,F47,196,9,0.394
DIAG10y,C,F47,196,10,0.394
DIAG10y,C,F47,196,11,0.394
DIAG10y,C,F47,196,12,0.394
DIAG10y,C,F47,196,13,0.394
DIAG10y,C,F47,196,14,0.394
DIAG10y,C,F47,196,15,0.394
DIAG10y,C,F47,196,16,0.394
DIAG10y,C,F47,196,17,0.394
DIAG10y,C,F47,196,18,0.394
DIAG10y,C,F47,196,19,0.394
DIAG10y,C,F47,196,20,0.394
DIAG10y,C,F47,196,21,0.394
DIAG10y,C,F47,196,22,0.394
DIAG10y,C,F47,196,23,0.168
DIAG10y,A,F13,211,0,0.351
DIAG10y,A,F13,211,1,0.352
DIAG10y,A,F13,211,2,0.352
DIAG10y,A,F13,211,3,0.352
DIAG10y,A,F13,211,4,0.352
DIAG10y,A,F13,211,5,0.352
DIAG10y,A,F13,211,6,0.4492882916666667
DIAG10y,A,F13,211,7,0.4492882916666667
DIAG10y,A,F13,211,8,0.4492882916666667
DIAG10y,A,F13,211,9,0.4492882916666667
DIAG10y,A,F13,211,10,0.4492882916666667
DIAG10y,A,F13,211,11,0.4492882916666667
DIAG10y,A,F13,211,12,0.4492882916666667
DIAG10y,A,F13,211,13,0.4492882916666667
DIAG10y,A,F13,211,14,0.4492882916666667
DIAG10y,A,F13,211,15,0.4492882916666667
DIAG10y,A,F13,211,16,0.4492882916666667
DIAG10y,A,F13,211,17,0.4492882916666667
DIAG10y,A,F13,211,18,0.4492882916666667
DIAG10y,A,F13,211,19,0.4492882916666667
DIAG10y,A,F13,211,20,0.4492882916666667
DIAG10y,A,F13,211,21,0.4492882916666667
DIAG10y,A,F13,211,22,0.4492882916666667
DIAG10y,A,F13,211,23,0.4492882916666667
DIAG10y,A,F13,212,0,0.722
DIAG10y,A,F13,212,1,0.722
DIAG10y,A,F13,212,2,0.722
DIAG10y,A,F13,212,3,0.722
DIAG10y,A,F13,212,4,0.722
DIAG10y,A,F13,212,5,0.722
DIAG10y,A,F13,212,6,0.722
DIAG10y,A,F13,212,7,0.722
DIAG10y,A,F13,212,8,0.722
DIAG10y,A,F13,212,9,0.722
DIAG10y,A,F13,212,10,0.722
DIAG10y,A,F13,212,11,0.722
DIAG10y,A,F13,212,12,
DIAG10y,A,F13,212,13,
DIAG10y,A,F13,212,14,
DIAG10y,A,F13,212,15,
DIAG10y,A,F13,212,16,
DIAG10y,A,F13,212,17,
DIAG10y,A,F13,212,18,
DIAG10y,A,F13,212,19,
DIAG10y,A,F13,212,20,
DIAG10y,A,F13,212,21,
DIAG10y,A,F13,212,22,
DIAG10y,A,F13,212,23,
DIAG10y,A,F13,213,0,0.30856838357840366
DIAG10y,A,F13,213,1,0.30856838357840366
DIAG10y,A,F13,213,2,0.30856838357840366
DIAG10y,A,F13,213,3,0.30856838357840366
DIAG10y,A,F13,213,4,0.30856838357840366
DIAG10y,A,F13,213,5,0.30856838357840366
DIAG10y,A,F13,213,6,0.30856838357840366
DIAG10y,A,F13,213,7,0.30856838357840366
DIAG10y,A,F13,213,8,0.30856838357840366
DIAG10y,A,F13,213,9,0.30856838357840366
DIAG10y,A,F13,213,10,0.30856838357840366
DIAG10y,A,F13,213,11,0.30856838357840366
DIAG10y,A,F13,213,12,0.30856838357840366
DIAG10y,A,F13,213,13,0.30856838357840366
DIAG10y,A,F13,213,14,0.30856838357840366
DIAG10y,A,F13,213,15,0.30856838357840366
DIAG10y,A,F13,213,16,0.30856838357840366
DIAG10y,A,F13,213,17,0.30856838357840366
DIAG10y,A,F13,213,18,0.30856838357840366
DIAG10y,A,F13,213,19,0.30856838357840366
DIAG10y,A,F13,213,20,0.30856838357840366
DIAG10y,A,F13,213,21,0.30856838357840366
DIAG10y,A,F13,213,22,0.30856838357840366
DIAG10y,A,F13,213,23,0.30856838357840366
DIAG10y,B,F13,211,0,0.351
DIAG10y,B,F13,211,1,
DIAG10y,B,F13,211,2,
DIAG10y,B,F13,211,3,
DIAG10y,B,F13,211,4,
DIAG10y,B,F13,211,5,
DIAG10y,B,F13,211,6,
DIAG10y,B,F13,211,7,
DIAG10y,B,F13,211,8,
DIAG10y,B,F13,211,9,
DIAG10y,B,F13,211,10,
DIAG10y,B,F13,211,11,
DIAG10y,B,F13,211,12,
DIAG10y,B,F13,211,13,
DIAG10y,B,F13,211,14,
DIAG10y,B,F13,211,15,
DIAG10y,B,F13,211,16,
DIAG10y,B,F13,211,17,
DIAG10y,B,F13,211,18,
DIAG10y,B,F13,211,19,
DIAG10y,B,F13,211,20,
DIAG10y,B,F13,211,21,
DIAG10y,B,F13,211,22,
DIAG10y,B,F13,211,23,
DIAG10y,B,F13,212,0,0.722
DIAG10y,B,F13,212,1,0.722
DIAG10y,B,F13,212,2,0.722
DIAG10y,B,F13,212,3,0.722
DIAG10y,B,F13,212,4,0.722
DIAG10y,B,F13,212,5,0.722
DIAG10y,B,F13,212,6,0.722
DIAG10y,B,F13,212,7,0.722
DIAG10y,B,F13,212,8,0.722
DIAG10y,B,F13,212,9,0.722
DIAG10y,B,F13,212,10,0.722
DIAG10y,B,F13,212,11,0.722
DIAG10y,B,F13,212,12,
DIAG10y,B,F13,212,13,
DIAG10y,B,F13,212,14,
DIAG10y,B,F13,212,15,
DIAG10y,B,F13,212,16,
DIAG10y,B,F13,212,17,
DIAG10y,B,F13,212,18,
DIAG10y,B,F13,212,19,
DIAG10y,B,F13,212,20,
DIAG10y,B,F13,212,21,
DIAG10y,B,F13,212,22,
DIAG10y,B,F13,212,23,
DIAG10y,B,F13,213,0,0.30856838357840366
DIAG10y,B,F13,213,1,0.30856838357840366
DIAG10y,B,F13,213,2,0.30856838357840366
DIAG10y,B,F13,213,3,0.30856838357840366
DIAG10y,B,F13,213,4,0.30856838357840366
DIAG10y,B,F13,213,5,0.30856838357840366
DIAG10y,B,F13,213,6,0.30856838357840366
DIAG10y,B,F13,213,7,0.30856838357840366
DIAG10y,B,F13,213,8,0.30856838357840366
DIAG10y,B,F13,213,9,0.30856838357840366
DIAG10y,B,F13,213,10,0.30856838357840366
DIAG10y,B,F13,213,11,0.30856838357840366
DIAG10y,B,F13,213,12,0.30856838357840366
DIAG10y,B,F13,213,13,0.30856838357840366
DIAG10y,B,F13,213,14,0.30856838357840366
DIAG10y,B,F13,213,15,0.30856838357840366
DIAG10y,B,F13,213,16,0.30856838357840366
DIAG10y,B,F13,213,17,0.30856838357840366
DIAG10y,B,F13,213,18,0.30856838357840366
DIAG10y,B,F13,213,19,0.30856838357840366
DIAG10y,B,F13,213,20,0.30856838357840366
DIAG10y,B,F13,213,21,0.30856838357840366
DIAG10y,B,F13,213,22,0.30856838357840366
DIAG10y,B,F13,213,23,0.30856838357840366
DIAG10y,C,F13,211,0,0.351
DIAG10y,C,F13,211,1,0.352
DIAG10y,C,F13,211,2,0.352
DIAG10y,C,F13,211,3,0.352
DIAG10y,C,F13,211,4,0.352
DIAG10y,C,F13,211,5,0.352
DIAG10y,C,F13,211,6,0.352
DIAG10y,C,F13,211,7,0.352
DIAG10y,C,F13,211,8,0.352
DIAG10y,C,F13,211,9,0.352
DIAG10y,C,F13,211,10,0.352
DIAG10y,C,F13,211,11,0.352
DIAG10y,C,F13,211,12,0.352
DIAG10y,C,F13,211,13,0.352
DIAG10y,C,F13,211,14,0.352
DIAG10y,C,F13,211,15,0.352
DIAG10y,C,F13,211,16,0.352
DIAG10y,C,F13,211,17,0.352
DIAG10y,C,F13,211,18,0.352
DIAG10y,C,F13,211,19,0.352
DIAG10y,C,F13,211,20,0.352
DIAG10y,C,F13,211,21,0.352
DIAG10y,C,F13,211,22,0.352
DIAG10y,C,F13,211,23,0.352
DIAG10y,C,F13,212,0,0.722
DIAG10y,C,F13,212,1,0.722
DIAG10y,C,F13,212,2,0.722
DIAG10y,C,F13,212,3,0.722
DIAG10y,C,F13,212,4,0.722
DIAG10y,C,F13,212,5,0.722
DIAG10y,C,F13,212,6,0.722
DIAG10y,C,F13,212,7,0.722
DIAG10y,C,F13,212,8,0.722
DIAG10y,C,F13,212,9,0.722
DIAG10y,C,F13,212,10,0.722
DIAG10y,C,F13,212,11,0.722
DIAG10y,C,F13,212,12,
DIAG10y,C,F13,212,13,
DIAG10y,C,F13,212,14,
DIAG10y,C,F13,212,15,
DIAG10y,C,F13,212,16,
DIAG10y,C,F13,212,17,
DIAG10y,C,F13,212,18,
DIAG10y,C,F13,212,19,
DIAG10y,C,F13,212,20,
DIAG10y,C,F13,212,21,
DIAG10y,C,F13,212,22,
DIAG10y,C,F13,212,23,
DIAG10y,C,F13,213,0,0.30856838357840366
DIAG10y,C,F13,213,1,0.30856838357840366
DIAG10y,C,F13,213,2,0.30856838357840366
DIAG10y,C,F13,213,3,0.30856838357840366
DIAG10y,C,F13,213,4,0.30856838357840366
DIAG10y,C,F13,213,5,0.30856838357840366
DIAG10y,C,F13,213,6,0.30856838357840366
DIAG10y,C,F13,213,7,0.30856838357840366
DIAG10y,C,F13,213,8,0.30856838357840366
DIAG10y,C,F13,213,9,0.30856838357840366
DIAG10y,C,F13,213,10,0.30856838357840366
DIAG10y,C,F13,213,11,0.30856838357840366
DIAG10y,C,F13,213,12,0.30856838357840366
DIAG10y,C,F13,213,13,0.30856838357840366
DIAG10y,C,F13,213,14,0.30856838357840366
DIAG10y,C,F13,213,15,0.30856838357840366
DIAG10y,C,F13,213,16,0.30856838357840366
DIAG10y,C,F13,213,17,0.30856838357840366
DIAG10y,C,F13,213,18,0.30856838357840366
DIAG10y,C,F13,213,19,0.30856838357840366
DIAG10y,C,F13,213,20,0.30856838357840366
DIAG10y,C,F13,213,21,0.30856838357840366
DIAG10y,C,F13,213,22,0.30856838357840366
DIAG10y,C,F13,213,23,0.30856838357840366
DIAG10y,A,F47,209,0,0.5113017083333333
DIAG10y,A,F47,209,1,0.5113017083333333
DIAG10y,A,F47,209,2,0.5113017083333333
DIAG10y,A,F47,209,3,0.5113017083333333
DIAG10y,A,F47,209,4,0.5113017083333333
DIAG10y,A,F47,209,5,0.5113017083333333
DIAG10y,A,F47,209,6,0.5113017083333333
DIAG10y,A,F47,209,7,0.5113017083333333
DIAG10y,A,F47,209,8,0.5113017083333333
DIAG10y,A,F47,209,9,0.5113017083333333
DIAG10y,A,F47,209,10,0.5113017083333333
DIAG10y,A,F47,209,11,0.5113017083333333
DIAG10y,A,F47,209,12,0.5113017083333333
DIAG10y,A,F47,209,13,0.5113017083333333
DIAG10y,A,F47,209,14,0.5113017083333333
DIAG10y,A,F47,209,15,0.5113017083333333
DIAG10y,A,F47,209,16,0.5113017083333333
DIAG10y,A,F47,209,17,0.5113017083333333
DIAG10y,A,F47,209,18,0.5113017083333333
DIAG10y,A,F47,209,19,0.5113017083333333
DIAG10y,A,F47,209,20,0.5113017083333333
DIAG10y,A,F47,209,21,0.5113017083333333
DIAG10y,A,F47,209,22,0.5113017083333333
DIAG10y,A,F47,209,23,0.5113017083333333
DIAG10y,A,F47,210,0,0.503
DIAG10y,A,F47,210,1,0.503
DIAG10y,A,F47,210,2,0.503
DIAG10y,A,F47,210,3,0.503
DIAG10y,A,F47,210,4,0.503
DIAG10y,A,F47,210,5,0.503
DIAG10y,A,F47,210,6,0.503
DIAG10y,A,F47,210,7,0.503
DIAG10y,A,F47,210,8,0.503
DIAG10y,A,F47,210,9,0.503
DIAG10y,A,F47,210,10,0.503
DIAG10y,A,F47,210,11,0.503
DIAG10y,A,F47,210,12,0.503
DIAG10y,A,F47,210,13,0.503
DIAG10y,A,F47,210,14,0.503
DIAG10y,A,F47,210,15,0.503
DIAG10y,A,F47,210,16,0.503
DIAG10y,A,F47,210,17,0.503
DIAG10y,A,F47,210,18,0.503
DIAG10y,A,F47,210,19,0.503
DIAG10y,A,F47,210,20,0.503
DIAG10y,A,F47,210,21,0.503
DIAG10y,A,F47,210,22,0.503
DIAG10y,A,F47,210,23,0.503
DIAG10y,A,F47,212,0,0.5046809938628852
DIAG10y,A,F47,212,1,0.5046809938628852
DIAG10y,A,F47,212,2,0.5046809938628852
DIAG10y,A,F47,212,3,0.5046809938628852
DIAG10y,A,F47,212,4,0.5046809938628852
DIAG10y,A,F47,212,5,0.5046809938628852
DIAG10y,A,F47,212,6,0.5046809938628852
DIAG10y,A,F47,212,7,0.5046809938628852
DIAG10y,A,F47,212,8,0.5046809938628852
DIAG10y,A,F47,212,9,0.5046809938628852
DIAG10y,A,F47,212,10,0.5046809938628852
DIAG10y,A,F47,212,11,0.5046809938628852
DIAG10y,A,F47,212,12,0.5046809938628852
DIAG10y,A,F47,212,13,0.5046809938628852
DIAG10y,A,F47,212,14,0.5046809938628852
DIAG10y,A,F47,212,15,0.5046809938628852
DIAG10y,A,F47,212,16,0.5046809938628852
DIAG10y,A,F47,212,17,0.5046809938628852
DIAG10y,A,F47,212,18,0.5046809938628852
DIAG10y,A,F47,212,19,0.5046809938628852
DIAG10y,A,F47,212,20,0.5046809938628852
DIAG10y,A,F47,212,21,0.5046809938628852
DIAG10y,A,F47,212,22,0.5046809938628852
DIAG10y,A,F47,212,23,0.5046809938628852
DIAG10y,B,F47,209,0,0.5113017083333333
DIAG10y,B,F47,209,1,0.5113017083333333
DIAG10y,B,F47,209,2,0.5113017083333333
DIAG10y,B,F47,209,3,0.5113017083333333
DIAG10y,B,F47,209,4,0.5113017083333333
DIAG10y,B,F47,209,5,0.5113017083333333
DIAG10y,B,F47,209,6,0.5113017083333333
DIAG10y,B,F47,209,7,0.5113017083333333
DIAG10y,B,F47,209,8,0.5113017083333333
DIAG10y,B,F47,209,9,0.5113017083333333
DIAG10y,B,F47,209,10,0.5113017083333333
DIAG10y,B,F47,209,11,0.5113017083333333
DIAG10y,B,F47,209,12,0.5113017083333333
DIAG10y,B,F47,209,13,0.5113017083333333
DIAG10y,B,F47,209,14,0.5113017083333333
DIAG10y,B,F47,209,15,0.5113017083333333
DIAG10y,B,F47,209,16,0.5113017083333333
DIAG10y,B,F47,209,17,0.5113017083333333
DIAG10y,B,F47,209,18,0.5113017083333333
DIAG10y,B,F47,209,19,0.5113017083333333
DIAG10y,B,F47,209,20,0.5113017083333333
DIAG10y,B,F47,209,21,0.5113017083333333
DIAG10y,B,F47,209,22,0.5113017083333333
DIAG10y,B,F47,209,23,0.5113017083333333
DIAG10y,B,F47,210,0,0.503
DIAG10y,B,F47,210,1,0.503
DIAG10y,B,F47,210,2,0.503
DIAG10y,B,F47,210,3,0.503
DIAG10y,B,F47,210,4,0.503
DIAG10y,B,F47,210,5,0.503
DIAG10y,B,F47,210,6,0.503
DIAG10y,B,F47,210,7,0.503
DIAG10y,B,F47,210,8,0.503
DIAG10y,B,F47,210,9,0.503
DIAG10y,B,F47,210,10,0.503
DIAG10y,B,F47,210,11,0.503
DIAG10y,B,F47,210,12,0.503
DIAG10y,B,F47,210,13,0.503
DIAG10y,B,F47,210,14,0.503
DIAG10y,B,F47,210,15,0.503
DIAG10y,B,F47,210,16,0.503
DIAG10y,B,F47,210,17,0.503
DIAG10y,B,F47,210,18,0.503
DIAG10y,B,F47,210,19,0.503
DIAG10y,B,F47,210,20,0.503
DIAG10y,B,F47,210,21,0.503
DIAG10y,B,F47,210,22,0.503
DIAG10y,B,F47,210,23,0.503
DIAG10y,B,F47,212,0,0.5046809938628852
DIAG10y,B,F47,212,1,0.5046809938628852
DIAG10y,B,F47,212,2,0.5046809938628852
DIAG10y,B,F47,212,3,0.5046809938628852
DIAG10y,B,F47,212,4,0.5046809938628852
DIAG10y,B,F47,212,5,0.5046809938628852
DIAG10y,B,F47,212,6,0.5046809938628852
DIAG10y,B,F47,212,7,0.5046809938628852
DIAG10y,B,F47,212,8,0.5046809938628852
DIAG10y,B,F47,212,9,0.5046809938628852
DIAG10y,B,F47,212,10,0.5046809938628852
DIAG10y,B,F47,212,11,0.5046809938628852
DIAG10y,B,F47,212,12,0.5046809938628852
DIAG10y,B,F47,212,13,0.5046809938628852
DIAG10y,B,F47,212,14,0.5046809938628852
DIAG10y,B,F47,212,15,0.5046809938628852
DIAG10y,B,F47,212,16,0.5046809938628852
DIAG10y,B,F47,212,17,0.5046809938628852
DIAG10y,B,F47,212,18,0.5046809938628852
DIAG10y,B,F47,212,19,0.5046809938628852
DIAG10y,B,F47,212,20,0.5046809938628852
DIAG10y,B,F47,212,21,0.5046809938628852
DIAG10y,B,F47,212,22,0.5046809938628852
DIAG10y,B,F47,212,23,0.5046809938628852
DIAG10y,C,F47,209,0,0.5113017083333333
DIAG10y,C,F47,209,1,0.5113017083333333
DIAG10y,C,F47,209,2,0.5113017083333333
DIAG10y,C,F47,209,3,0.5113017083333333
DIAG10y,C,F47,209,4,0.5113017083333333
DIAG10y,C,F47,209,5,0.5113017083333333
DIAG10y,C,F47,209,6,0.5113017083333333
DIAG10y,C,F47,209,7,0.5113017083333333
DIAG10y,C,F47,209,8,0.5113017083333333
DIAG10y,C,F47,209,9,0.5113017083333333
DIAG10y,C,F47,209,10,0.5113017083333333
DIAG10y,C,F47,209,11,0.5113017083333333
DIAG10y,C,F47,209,12,0.5113017083333333
DIAG10y,C,F47,209,13,0.5113017083333333
DIAG10y,C,F47,209,14,0.5113017083333333
DIAG10y,C,F47,209,15,0.5113017083333333
DIAG10y,C,F47,209,16,0.5113017083333333
DIAG10y,C,F47,209,17,0.5113017083333333
DIAG10y,C,F47,209,18,0.5113017083333333
DIAG10y,C,F47,209,19,0.5113017083333333
DIAG10y,C,F47,209,20,0.5113017083333333
DIAG10y,C,F47,209,21,0.5113017083333333
DIAG10y,C,F47,209,22,0.5113017083333333
DIAG10y,C,F47,209,23,0.5113017083333333
DIAG10y,C,F47,210,0,0.503
DIAG10y,C,F47,210,1,0.503
DIAG10y,C,F47,210,2,0.503
DIAG10y,C,F47,210,3,0.503
DIAG10y,C,F47,210,4,0.503
DIAG10y,C,F47,210,5,0.503
DIAG10y,C,F47,210,6,0.503
DIAG10y,C,F47,210,7,0.503
DIAG10y,C,F47,210,8,0.503
DIAG10y,C,F47,210,9,0.503
DIAG10y,C,F47,210,10,0.503
DIAG10y,C,F47,210,11,0.503
DIAG10y,C,F47,210,12,0.503
DIAG10y,C,F47,210,13,0.503
DIAG10y,C,F47,210,14,0.503
DIAG10y,C,F47,210,15,0.503
DIAG10y,C,F47,210,16,0.503
DIAG10y,C,F47,210,17,0.503
DIAG10y,C,F47,210,18,0.503
DIAG10y,C,F47,210,19,0.503
DIAG10y,C,F47,210,20,0.503
DIAG10y,C,F47,210,21,0.503
DIAG10y,C,F47,210,22,0.503
DIAG10y,C,F47,210,23,0.503
DIAG10y,C,F47,212,0,0.5046809938628852
DIAG10y,C,F47,212,1,0.5046809938628852
DIAG10y,C,F47,212,2,0.5046809938628852
DIAG10y,C,F47,212,3,0.5046809938628852
DIAG10y,C,F47,212,4,0.5046809938628852
DIAG10y,C,F47,212,5,0.5046809938628852
DIAG10y,C,F47,212,6,0.5046809938628852
DIAG10y,C,F47,212,7,0.5046809938628852
DIAG10y,C,F47,212,8,0.5046809938628852
DIAG10y,C,F47,212,9,0.5046809938628852
DIAG10y,C,F47,212,10,0.5046809938628852
DIAG10y,C,F47,212,11,0.5046809938628852
DIAG10y,C,F47,212,12,0.5046809938628852
DIAG10y,C,F47,212,13,0.5046809938628852
DIAG10y,C,F47,212,14,0.5046809938628852
DIAG10y,C,F47,212,15,0.5046809938628852
DIAG10y,C,F47,212,16,0.5046809938628852
DIAG10y,C,F47,212,17,0.5046809938628852
DIAG10y,C,F47,212,18,0.5046809938628852
DIAG10y,C,F47,212,19,0.5046809938628852
DIAG10y,C,F47,212,20,0.5046809938628852
DIAG10y,C,F47,212,21,0.5046809938628852
DIAG10y,C,F47,212,22,0.5046809938628852
DIAG10y,C,F47,212,23,0.5046809938628852
DIAG10y,A,F13,214,0,
DIAG10y,A,F13,214,1,
DIAG10y,A,F13,214,2,
DIAG10y,A,F13,214,3,
DIAG10y,A,F13,214,4,
DIAG10y,A,F13,214,5,
DIAG10y,A,F13,214,6,
DIAG10y,A,F13,214,7,
DIAG10y,A,F13,214,8,
DIAG10y,A,F13,214,9,
DIAG10y,A,F13,214,10,
DIAG10y,A,F13,214,11,
DIAG10y,A,F13,214,12,
DIAG10y,A,F13,214,13,
DIAG10y,A,F13,214,14,
DIAG10y,A,F13,214,15,
DIAG10y,A,F13,214,16,
DIAG10y,A,F13,214,17,
DIAG10y,A,F13,214,18,
DIAG10y,A,F13,214,19,
DIAG10y,A,F13,214,20,
DIAG10y,A,F13,214,21,
DIAG10y,A,F13,214,22,
DIAG10y,A,F13,214,23,
DIAG10y,A,F13,215,0,0.316
DIAG10y,A,F13,215,1,0.316
DIAG10y,A,F13,215,2,0.316
DIAG10y,A,F13,215,3,0.316
DIAG10y,A,F13,215,4,0.316
DIAG10y,A,F13,215,5,0.316
DIAG10y,A,F13,215,6,0.316
DIAG10y,A,F13,215,7,0.316
DIAG10y,A,F13,215,8,0.316
DIAG10y,A,F13,215,9,0.316
DIAG10y,A,F13,215,10,0.316
DIAG10y,A,F13,215,11,0.316
DIAG10y,A,F13,215,12,0.316
DIAG10y,A,F13,215,13,0.316
DIAG10y,A,F13,215,14,0.316
DIAG10y,A,F13,215,15,0.316
DIAG10y,A,F13,215,16,0.316
DIAG10y,A,F13,215,17,0.316
DIAG10y,A,F13,215,18,0.316
DIAG10y,A,F13,215,19,0.316
DIAG10y,A,F13,215,20,0.316
DIAG10y,A,F13,215,21,0.316
DIAG10y,A,F13,215,22,0.316
DIAG10y,A,F13,215,23,0.316
DIAG10y,A,F13,217,0,
DIAG10y,A,F13,217,1,
DIAG10y,A,F13,217,2,
DIAG10y,A,F13,217,3,0.581
DIAG10y,A,F13,217,4,0.581
DIAG10y,A,F13,217,5,0.581
DIAG10y,A,F13,217,6,0.581
DIAG10y,A,F13,217,7,0.581
DIAG10y,A,F13,217,8,0.581
DIAG10y,A,F13,217,9,0.581
DIAG10y,A,F13,217,10,0.581
DIAG10y,A,F13,217,11,0.581
DIAG10y,A,F13,217,12,
DIAG10y,A,F13,217,13,
DIAG10y,A,F13,217,14,
DIAG10y,A,F13,217,15,
DIAG10y,A,F13,217,16,
DIAG10y,A,F13,217,17,
DIAG10y,A,F13,217,18,
DIAG10y,A,F13,217,19,
DIAG10y,A,F13,217,20,
DIAG10y,A,F13,217,21,
DIAG10y,A,F13,217,22,
DIAG10y,A,F13,217,23,
DIAG10y,A,F13,218,0,
DIAG10y,A,F13,218,1,
DIAG10y,A,F13,218,2,
DIAG10y,A,F13,218,3,
DIAG10y,A,F13,218,4,
DIAG10y,A,F13,218,5,
DIAG10y,A,F13,218,6,
DIAG10y,A,F13,218,7,
DIAG10y,A,F13,218,8,
DIAG10y,A,F13,218,9,
DIAG10y,A,F13,218,10,
DIAG10y,A,F13,218,11,
DIAG10y,A,F13,218,12,
DIAG10y,A,F13,218,13,
DIAG10y,A,F13,218,14,
DIAG10y,A,F13,218,15,
DIAG10y,A,F13,218,16,
DIAG10y,A,F13,218,17,
DIAG10y,A,F13,218,18,
DIAG10y,A,F13,218,19,
DIAG10y,A,F13,218,20,
DIAG10y,A,F13,218,21,
DIAG10y,A,F13,218,22,
DIAG10y,A,F13,218,23,
DIAG10y,B,F13,214,0,
DIAG10y,B,F13,214,1,
DIAG10y,B,F13,214,2,
DIAG10y,B,F13,214,3,
DIAG10y,B,F13,214,4,
DIAG10y,B,F13,214,5,
DIAG10y,B,F13,214,6,
DIAG10y,B,F13,214,7,
DIAG10y,B,F13,214,8,
DIAG10y,B,F13,214,9,
DIAG10y,B,F13,214,10,
DIAG10y,B,F13,214,11,
DIAG10y,B,F13,214,12,
DIAG10y,B,F13,214,13,
DIAG10y,B,F13,214,14,
DIAG10y,B,F13,214,15,
DIAG10y,B,F13,214,16,
DIAG10y,B,F13,214,17,
DIAG10y,B,F13,214,18,
DIAG10y,B,F13,214,19,
DIAG10y,B,F13,214,20,
DIAG10y,B,F13,214,21,
DIAG10y,B,F13,214,22,
DIAG10y,B,F13,214,23,
DIAG10y,B,F13,215,0,0.316
DIAG10y,B,F13,215,1,0.316
DIAG10y,B,F13,215,2,0.316
DIAG10y,B,F13,215,3,0.316
DIAG10y,B,F13,215,4,0.316
DIAG10y,B,F13,215,5,0.316
DIAG10y,B,F13,215,6,0.316
DIAG10y,B,F13,215,7,0.316
DIAG10y,B,F13,215,8,0.316
DIAG10y,B,F13,215,9,0.316
DIAG10y,B,F13,215,10,0.316
DIAG10y,B,F13,215,11,0.316
DIAG10y,B,F13,215,12,0.316
DIAG10y,B,F13,215,13,0.316
DIAG10y,B,F13,215,14,0.316
DIAG10y,B,F13,215,15,0.316
DIAG10y,B,F13,215,16,0.316
DIAG10y,B,F13,215,17,0.316
DIAG10y,B,F13,215,18,0.316
DIAG10y,B,F13,215,19,0.316
DIAG10y,B,F13,215,20,0.316
DIAG10y,B,F13,215,21,0.316
DIAG10y,B,F13,215,22,0.316
DIAG10y,B,F13,215,23,0.316
DIAG10y,B,F13,217,0,
DIAG10y,B,F13,217,1,
DIAG10y,B,F13,217,2,
DIAG10y,B,F13,217,3,0.581
DIAG10y,B,F13,217,4,0.581
DIAG10y,B,F13,217,5,0.581
DIAG10y,B,F13,217,6,0.581
DIAG10y,B,F13,217,7,0.581
DIAG10y,B,F13,217,8,0.581
DIAG10y,B,F13,217,9,0.581
DIAG10y,B,F13,217,10,0.581
DIAG10y,B,F13,217,11,0.581
DIAG10y,B,F13,217,12,
DIAG10y,B,F13,217,13,
DIAG10y,B,F13,217,14,
DIAG10y,B,F13,217,15,
DIAG10y,B,F13,217,16,
DIAG10y,B,F13,217,17,
DIAG10y,B,F13,217,18,
DIAG10y,B,F13,217,19,
DIAG10y,B,F13,217,20,
DIAG10y,B,F13,217,21,
DIAG10y,B,F13,217,22,
DIAG10y,B,F13,217,23,
DIAG10y,B,F13,218,0,
DIAG10y,B,F13,218,1,
DIAG10y,B,F13,218,2,
DIAG10y,B,F13,218,3,
DIAG10y,B,F13,218,4,
DIAG10y,B,F13,218,5,
DIAG10y,B,F13,218,6,
DIAG10y,B,F13,218,7,
DIAG10y,B,F13,218,8,
DIAG10y,B,F13,218,9,
DIAG10y,B,F13,218,10,
DIAG10y,B,F13,218,11,
DIAG10y,B,F13,218,12,
DIAG10y,B,F13,218,13,
DIAG10y,B,F13,218,14,
DIAG10y,B,F13,218,15,
DIAG10y,B,F13,218,16,
DIAG10y,B,F13,218,17,
DIAG10y,B,F13,218,18,
DIAG10y,B,F13,218,19,
DIAG10y,B,F13,218,20,
DIAG10y,B,F13,218,21,
DIAG10y,B,F13,218,22,
DIAG10y,B,F13,218,23,
DIAG10y,C,F13,214,0,
DIAG10y,C,F13,214,1,
DIAG10y,C,F13,214,2,
DIAG10y,C,F13,214,3,
DIAG10y,C,F13,214,4,
DIAG10y,C,F13,214,5,
DIAG10y,C,F13,214,6,
DIAG10y,C,F13,214,7,
DIAG10y,C,F13,214,8,
DIAG10y,C,F13,214,9,
DIAG10y,C,F13,214,10,
DIAG10y,C,F13,214,11,
DIAG10y,C,F13,214,12,
DIAG10y,C,F13,214,13,
DIAG10y,C,F13,214,14,
DIAG10y,C,F13,214,15,
DIAG10y,C,F13,214,16,
DIAG10y,C,F13,214,17,
DIAG10y,C,F13,214,18,
DIAG10y,C,F13,214,19,
DIAG10y,C,F13,214,20,
DIAG10y,C,F13,214,21,
DIAG10y,C,F13,214,22,
DIAG10y,C,F13,214,23,
DIAG10y,C,F13,215,0,0.316
DIAG10y,C,F13,215,1,0.316
DIAG10y,C,F13,215,2,0.316
DIAG10y,C,F13,215,3,0.316
DIAG10y,C,F13,215,4,0.316
DIAG10y,C,F13,215,5,0.316
DIAG10y,C,F13,215,6,0.316
DIAG10y,C,F13,215,7,0.316
DIAG10y,C,F13,215,8,0.316
DIAG10y,C,F13,215,9,0.316
DIAG10y,C,F13,215,10,0.316
DIAG10y,C,F13,215,11,0.316
DIAG10y,C,F13,215,12,0.316
DIAG10y,C,F13,215,13,0.316
DIAG10y,C,F13,215,14,0.316
DIAG10y,C,F13,215,15,0.316
DIAG10y,C,F13,215,16,0.316
DIAG10y,C,F13,215,17,0.316
DIAG10y,C,F13,215,18,0.316
DIAG10y,C,F13,215,19,0.316
DIAG10y,C,F13,215,20,0.316
DIAG10y,C,F13,215,21,0.316
DIAG10y,C,F13,215,22,0.316
DIAG10y,C,F13,215,23,0.316
DIAG10y,C,F13,217,0,0.581
DIAG10y,C,F13,217,1,0.581
DIAG10y,C,F13,217,2,0.581
DIAG10y,C,F13,217,3,0.581
DIAG10y,C,F13,217,4,0.581
DIAG10y,C,F13,217,5,0.581
DIAG10y,C,F13,217,6,0.581
DIAG10y,C,F13,217,7,0.581
DIAG10y,C,F13,217,8,0.581
DIAG10y,C,F13,217,9,0.581
DIAG10y,C,F13,217,10,0.581
DIAG10y,C,F13,217,11,0.581
DIAG10y,C,F13,217,12,
DIAG10y,C,F13,217,13,
DIAG10y,C,F13,217,14,
DIAG10y,C,F13,217,15,
DIAG10y,C,F13,217,16,
DIAG10y,C,F13,217,17,
DIAG10y,C,F13,217,18,
DIAG10y,C,F13,217,19,
DIAG10y,C,F13,217,20,
DIAG10y,C,F13,217,21,
DIAG10y,C,F13,217,22,
DIAG10y,C,F13,217,23,
DIAG10y,C,F13,218,0,
DIAG10y,C,F13,218,1,
DIAG10y,C,F13,218,2,
DIAG10y,C,F13,218,3,
DIAG10y,C,F13,218,4,
DIAG10y,C,F13,218,5,
DIAG10y,C,F13,218,6,
DIAG10y,C,F13,218,7,
DIAG10y,C,F13,218,8,
DIAG10y,C,F13,218,9,
DIAG10y,C,F13,218,10,
DIAG10y,C,F13,218,11,
DIAG10y,C,F13,218,12,
DIAG10y,C,F13,218,13,
DIAG10y,C,F13,218,14,
DIAG10y,C,F13,218,15,
DIAG10y,C,F13,218,16,
DIAG10y,C,F13,218,17,
DIAG10y,C,F13,218,18,
DIAG10y,C,F13,218,19,
DIAG10y,C,F13,218,20,
DIAG10y,C,F13,218,21,
DIAG10y,C,F13,218,22,
DIAG10y,C,F13,218,23,
DIAG10y,A,F47,214,0,0.504
DIAG10y,A,F47,214,1,0.504
DIAG10y,A,F47,214,2,0.504
DIAG10y,A,F47,214,3,0.504
DIAG10y,A,F47,214,4,0.504
DIAG10y,A,F47,214,5,0.504
DIAG10y,A,F47,214,6,0.504
DIAG10y,A,F47,214,7,0.504
DIAG10y,A,F47,214,8,0.504
DIAG10y,A,F47,214,9,0.504
DIAG10y,A,F47,214,10,0.504
DIAG10y,A,F47,214,11,0.504
DIAG10y,A,F47,214,12,0.504
DIAG10y,A,F47,214,13,0.504
DIAG10y,A,F47,214,14,0.504
DIAG10y,A,F47,214,15,0.504
DIAG10y,A,F47,214,16,0.504
DIAG10y,A,F47,214,17,0.504
DIAG10y,A,F47,214,18,0.504
DIAG10y,A,F47,214,19,0.504
DIAG10y,A,F47,214,20,0.504
DIAG10y,A,F47,214,21,0.504
DIAG10y,A,F47,214,22,0.504
DIAG10y,A,F47,214,23,0.504
DIAG10y,A,F47,215,0,0.708
DIAG10y,A,F47,215,1,0.708
DIAG10y,A,F47,215,2,0.708
DIAG10y,A,F47,215,3,0.708
DIAG10y,A,F47,215,4,0.708
DIAG10y,A,F47,215,5,0.708
DIAG10y,A,F47,215,6,0.708
DIAG10y,A,F47,215,7,0.708
DIAG10y,A,F47,215,8,0.708
DIAG10y,A,F47,215,9,0.708
DIAG10y,A,F47,215,10,0.708
DIAG10y,A,F47,215,11,0.708
DIAG10y,A,F47,215,12,0.708
DIAG10y,A,F47,215,13,0.708
DIAG10y,A,F47,215,14,0.708
DIAG10y,A,F47,215,15,0.708
DIAG10y,A,F47,215,16,0.708
DIAG10y,A,F47,215,17,0.708
DIAG10y,A,F47,215,18,0.708
DIAG10y,A,F47,215,19,0.708
DIAG10y,A,F47,215,20,0.708
DIAG10y,A,F47,215,21,0.708
DIAG10y,A,F47,215,22,0.708
DIAG10y,A,F47,215,23,0.708
DIAG10y,A,F47,216,0,0.5126873073457476
DIAG10y,A,F47,216,1,0.5126873073457476
DIAG10y,A,F47,216,2,0.5126873073457476
DIAG10y,A,F47,216,3,0.5126873073457476
DIAG10y,A,F47,216,4,0.5126873073457476
DIAG10y,A,F47,216,5,0.5126873073457476
DIAG10y,A,F47,216,6,0.5126873073457476
DIAG10y,A,F47,216,7,0.5126873073457476
DIAG10y,A,F47,216,8,0.5126873073457476
DIAG10y,A,F47,216,9,0.5126873073457476
DIAG10y,A,F47,216,10,0.5126873073457476
DIAG10y,A,F47,216,11,0.5126873073457476
DIAG10y,A,F47,216,12,0.5126873073457476
DIAG10y,A,F47,216,13,0.5126873073457476
DIAG10y,A,F47,216,14,0.5126873073457476
DIAG10y,A,F47,216,15,0.5126873073457476
DIAG10y,A,F47,216,16,0.5126873073457476
DIAG10y,A,F47,216,17,0.5126873073457476
DIAG10y,A,F47,216,18,0.5126873073457476
DIAG10y,A,F47,216,19,0.5126873073457476
DIAG10y,A,F47,216,20,0.5126873073457476
DIAG10y,A,F47,216,21,0.5126873073457476
DIAG10y,A,F47,216,22,0.5126873073457476
DIAG10y,A,F47,216,23,0.5126873073457476
DIAG10y,B,F47,214,0,0.504
DIAG10y,B,F47,214,1,0.504
DIAG10y,B,F47,214,2,0.504
DIAG10y,B,F47,214,3,0.504
DIAG10y,B,F47,214,4,0.504
DIAG10y,B,F47,214,5,0.504
DIAG10y,B,F47,214,6,0.504
DIAG10y,B,F47,214,7,0.504
DIAG10y,B,F47,214,8,0.504
DIAG10y,B,F47,214,9,0.504
DIAG10y,B,F47,214,10,0.504
DIAG10y,B,F47,214,11,0.504
DIAG10y,B,F47,214,12,0.504
DIAG10y,B,F47,214,13,0.504
DIAG10y,B,F47,214,14,0.504
DIAG10y,B,F47,214,15,0.504
DIAG10y,B,F47,214,16,0.504
DIAG10y,B,F47,214,17,0.504
DIAG10y,B,F47,214,18,0.504
DIAG10y,B,F47,214,19,0.504
DIAG10y,B,F47,214,20,0.504
DIAG10y,B,F47,214,21,0.504
DIAG10y,B,F47,214,22,0.504
DIAG10y,B,F47,214,23,0.504
DIAG10y,B,F47,215,0,0.219
DIAG10y,B,F47,215,1,0.708
DIAG10y,B,F47,215,2,0.708
DIAG10y,B,F47,215,3,0.708
DIAG10y,B,F47,215,4,0.708
DIAG10y,B,F47,215,5,0.708
DIAG10y,B,F47,215,6,0.708
DIAG10y,B,F47,215,7,0.708
DIAG10y,B,F47,215,8,0.708
DIAG10y,B,F47,215,9,0.708
DIAG10y,B,F47,215,10,0.708
DIAG10y,B,F47,215,11,0.708
DIAG10y,B,F47,215,12,0.708
DIAG10y,B,F47,215,13,0.708
DIAG10y,B,F47,215,14,0.708
DIAG10y,B,F47,215,15,0.708
DIAG10y,B,F47,215,16,0.708
DIAG10y,B,F47,215,17,0.708
DIAG10y,B,F47,215,18,0.708
DIAG10y,B,F47,215,19,0.708
DIAG10y,B,F47,215,20,0.708
DIAG10y,B,F47,215,21,0.708
DIAG10y,B,F47,215,22,0.708
DIAG10y,B,F47,215,23,0.708
DIAG10y,B,F47,216,0,0.5126873073457476
DIAG10y,B,F47,216,1,0.5126873073457476
DIAG10y,B,F47,216,2,0.5126873073457476
DIAG10y,B,F47,216,3,0.5126873073457476
DIAG10y,B,F47,216,4,0.5126873073457476
DIAG10y,B,F47,216,5,0.5126873073457476
DIAG10y,B,F47,216,6,0.5126873073457476
DIAG10y,B,F47,216,7,0.5126873073457476
DIAG10y,B,F47,216,8,0.5126873073457476
DIAG10y,B,F47,216,9,0.5126873073457476
DIAG10y,B,F47,216,10,0.5126873073457476
DIAG10y,B,F47,216,11,0.5126873073457476
DIAG10y,B,F47,216,12,0.5126873073457476
DIAG10y,B,F47,216,13,0.5126873073457476
DIAG10y,B,F47,216,14,0.5126873073457476
DIAG10y,B,F47,216,15,0.5126873073457476
DIAG10y,B,F47,216,16,0.5126873073457476
DIAG10y,B,F47,216,17,0.5126873073457476
DIAG10y,B,F47,216,18,0.5126873073457476
DIAG10y,B,F47,216,19,0.5126873073457476
DIAG10y,B,F47,216,20,0.5126873073457476
DIAG10y,B,F47,216,21,0.5126873073457476
DIAG10y,B,F47,216,22,0.5126873073457476
DIAG10y,B,F47,216,23,0.5126873073457476
DIAG10y,C,F47,214,0,0.504
DIAG10y,C,F47,214,1,0.504
DIAG10y,C,F47,214,2,0.504
DIAG10y,C,F47,214,3,0.504
DIAG10y,C,F47,214,4,0.504
DIAG10y,C,F47,214,5,0.504
DIAG10y,C,F47,214,6,0.504
DIAG10y,C,F47,214,7,0.504
DIAG10y,C,F47,214,8,0.504
DIAG10y,C,F47,214,9,0.504
DIAG10y,C,F47,214,10,0.504
DIAG10y,C,F47,214,11,0.504
DIAG10y,C,F47,214,12,0.504
DIAG10y,C,F47,214,13,0.504
DIAG10y,C,F47,214,14,0.504
DIAG10y,C,F47,214,15,0.504
DIAG10y,C,F47,214,16,0.504
DIAG10y,C,F47,214,17,0.504
DIAG10y,C,F47,214,18,0.504
DIAG10y,C,F47,214,19,0.504
DIAG10y,C,F47,214,20,0.504
DIAG10y,C,F47,214,21,0.504
DIAG10y,C,F47,214,22,0.504
DIAG10y,C,F47,214,23,0.504
DIAG10y,C,F47,215,0,0.708
DIAG10y,C,F47,215,1,0.708
DIAG10y,C,F47,215,2,0.708
DIAG10y,C,F47,215,3,0.708
DIAG10y,C,F47,215,4,0.708
DIAG10y,C,F47,215,5,0.708
DIAG10y,C,F47,215,6,0.708
DIAG10y,C,F47,215,7,0.708
DIAG10y,C,F47,215,8,0.708
DIAG10y,C,F47,215,9,0.708
DIAG10y,C,F47,215,10,0.708
DIAG10y,C,F47,215,11,0.708
DIAG10y,C,F47,215,12,0.708
DIAG10y,C,F47,215,13,0.708
DIAG10y,C,F47,215,14,0.708
DIAG10y,C,F47,215,15,0.708
DIAG10y,C,F47,215,16,0.708
DIAG10y,C,F47,215,17,0.708
DIAG10y,C,F47,215,18,0.708
DIAG10y,C,F47,215,19,0.708
DIAG10y,C,F47,215,20,0.708
DIAG10y,C,F47,215,21,0.708
DIAG10y,C,F47,215,22,0.708
DIAG10y,C,F47,215,23,0.708
DIAG10y,C,F47,216,0,0.5126873073457476
DIAG10y,C,F47,216,1,0.5126873073457476
DIAG10y,C,F47,216,2,0.5126873073457476
DIAG10y,C,F47,216,3,0.5126873073457476
DIAG10y,C,F47,216,4,0.5126873073457476
DIAG10y,C,F47,216,5,0.5126873073457476
DIAG10y,C,F47,216,6,0.5126873073457476
DIAG10y,C,F47,216,7,0.5126873073457476
DIAG10y,C,F47,216,8,0.5126873073457476
DIAG10y,C,F47,216,9,0.5126873073457476
DIAG10y,C,F47,216,10,0.5126873073457476
DIAG10y,C,F47,216,11,0.5126873073457476
DIAG10y,C,F47,216,12,0.5126873073457476
DIAG10y,C,F47,216,13,0.5126873073457476
DIAG10y,C,F47,216,14,0.5126873073457476
DIAG10y,C,F47,216,15,0.5126873073457476
DIAG10y,C,F47,216,16,0.5126873073457476
DIAG10y,C,F47,216,17,0.5126873073457476
DIAG10y,C,F47,216,18,0.5126873073457476
DIAG10y,C,F47,216,19,0.5126873073457476
DIAG10y,C,F47,216,20,0.5126873073457476
DIAG10y,C,F47,216,21,0.5126873073457476
DIAG10y,C,F47,216,22,0.5126873073457476
DIAG10y,C,F47,216,23,0.5126873073457476
DIAG10y,A,F13,231,0,0.6360153333333334
DIAG10y,A,F13,231,1,0.6360153333333334
DIAG10y,A,F13,231,2,0.6360153333333334
DIAG10y,A,F13,231,3,0.6360153333333334
DIAG10y,A,F13,231,4,0.6360153333333334
DIAG10y,A,F13,231,5,0.6360153333333334
DIAG10y,A,F13,231,6,0.6360153333333334
DIAG10y,A,F13,231,7,0.6360153333333334
DIAG10y,A,F13,231,8,0.6360153333333334
DIAG10y,A,F13,231,9,0.6360153333333334
DIAG10y,A,F13,231,10,0.6360153333333334
DIAG10y,A,F13,231,11,0.6360153333333334
DIAG10y,A,F13,231,12,0.6360153333333334
DIAG10y,A,F13,231,13,0.6360153333333334
DIAG10y,A,F13,231,14,0.6360153333333334
DIAG10y,A,F13,231,15,0.6360153333333334
DIAG10y,A,F13,231,16,0.6360153333333334
DIAG10y,A,F13,231,17,0.6360153333333334
DIAG10y,A,F13,231,18,0.6360153333333334
DIAG10y,A,F13,231,19,0.6360153333333334
DIAG10y,A,F13,231,20,0.6360153333333334
DIAG10y,A,F13,231,21,0.6360153333333334
DIAG10y,A,F13,231,22,0.6360153333333334
DIAG10y,A,F13,231,23,0.6360153333333334
DIAG10y,B,F13,231,0,0.6360153333333334
DIAG10y,B,F13,231,1,0.6360153333333334
DIAG10y,B,F13,231,2,0.6360153333333334
DIAG10y,B,F13,231,3,0.6360153333333334
DIAG10y,B,F13,231,4,0.6360153333333334
DIAG10y,B,F13,231,5,0.6360153333333334
DIAG10y,B,F13,231,6,0.6360153333333334
DIAG10y,B,F13,231,7,0.6360153333333334
DIAG10y,B,F13,231,8,0.6360153333333334
DIAG10y,B,F13,231,9,0.6360153333333334
DIAG10y,B,F13,231,10,0.6360153333333334
DIAG10y,B,F13,231,11,0.6360153333333334
DIAG10y,B,F13,231,12,0.6360153333333334
DIAG10y,B,F13,231,13,0.6360153333333334
DIAG10y,B,F13,231,14,0.6360153333333334
DIAG10y,B,F13,231,15,0.6360153333333334
DIAG10y,B,F13,231,16,0.6360153333333334
DIAG10y,B,F13,231,17,0.6360153333333334
DIAG10y,B,F13,231,18,0.6360153333333334
DIAG10y,B,F13,231,19,0.6360153333333334
DIAG10y,B,F13,231,20,0.6360153333333334
DIAG10y,B,F13,231,21,0.6360153333333334
DIAG10y,B,F13,231,22,0.6360153333333334
DIAG10y,B,F13,231,23,0.6360153333333334
DIAG10y,C,F13,231,0,0.6360153333333334
DIAG10y,C,F13,231,1,0.6360153333333334
DIAG10y,C,F13,231,2,0.6360153333333334
DIAG10y,C,F13,231,3,0.6360153333333334
DIAG10y,C,F13,231,4,0.6360153333333334
DIAG10y,C,F13,231,5,0.6360153333333334
DIAG10y,C,F13,231,6,0.6360153333333334
DIAG10y,C,F13,231,7,0.6360153333333334
DIAG10y,C,F13,231,8,0.6360153333333334
DIAG10y,C,F13,231,9,0.6360153333333334
DIAG10y,C,F13,231,10,0.6360153333333334
DIAG10y,C,F13,231,11,0.6360153333333334
DIAG10y,C,F13,231,12,0.6360153333333334
DIAG10y,C,F13,231,13,0.6360153333333334
DIAG10y,C,F13,231,14,0.6360153333333334
DIAG10y,C,F13,231,15,0.6360153333333334
DIAG10y,C,F13,231,16,0.6360153333333334
DIAG10y,C,F13,231,17,0.6360153333333334
DIAG10y,C,F13,231,18,0.6360153333333334
DIAG10y,C,F13,231,19,0.6360153333333334
DIAG10y,C,F13,231,20,0.6360153333333334
DIAG10y,C,F13,231,21,0.6360153333333334
DIAG10y,C,F13,231,22,0.6360153333333334
DIAG10y,C,F13,231,23,0.6360153333333334
DIAG10y,A,F47,229,0,1.6964228749999997
DIAG10y,A,F47,229,1,1.6964228749999997
DIAG10y,A,F47,229,2,1.6964228749999997
DIAG10y,A,F47,229,3,1.6964228749999997
DIAG10y,A,F47,229,4,1.6964228749999997
DIAG10y,A,F47,229,5,1.6964228749999997
DIAG10y,A,F47,229,6,1.6964228749999997
DIAG10y,A,F47,229,7,1.6964228749999997
DIAG10y,A,F47,229,8,1.6964228749999997
DIAG10y,A,F47,229,9,1.6964228749999997
DIAG10y,A,F47,229,10,1.6964228749999997
DIAG10y,A,F47,229,11,1.6964228749999997
DIAG10y,A,F47,229,12,1.6964228749999997
DIAG10y,A,F47,229,13,1.6964228749999997
DIAG10y,A,F47,229,14,1.6964228749999997
DIAG10y,A,F47,229,15,1.6964228749999997
DIAG10y,A,F47,229,16,1.6964228749999997
DIAG10y,A,F47,229,17,1.6964228749999997
DIAG10y,A,F47,229,18,1.6964228749999997
DIAG10y,A,F47,229,19,1.6964228749999997
DIAG10y,A,F47,229,20,1.6964228749999997
DIAG10y,A,F47,229,21,1.6964228749999997
DIAG10y,A,F47,229,22,1.6964228749999997
DIAG10y,A,F47,229,23,1.6964228749999997
DIAG10y,A,F47,230,0,
DIAG10y,A,F47,230,1,
DIAG10y,A,F47,230,2,
DIAG10y,A,F47,230,3,
DIAG10y,A,F47,230,4,
DIAG10y,A,F47,230,5,
DIAG10y,A,F47,230,6,
DIAG10y,A,F47,230,7,
DIAG10y,A,F47,230,8,
DIAG10y,A,F47,230,9,
DIAG10y,A,F47,230,10,
DIAG10y,A,F47,230,11,
DIAG10y,A,F47,230,12,
DIAG10y,A,F47,230,13,
DIAG10y,A,F47,230,14,
DIAG10y,A,F47,230,15,
DIAG10y,A,F47,230,16,
DIAG10y,A,F47,230,17,
DIAG10y,A,F47,230,18,
DIAG10y,A,F47,230,19,
DIAG10y,A,F47,230,20,
DIAG10y,A,F47,230,21,
DIAG10y,A,F47,230,22,
DIAG10y,A,F47,230,23,
DIAG10y,A,F47,231,0,1.0589094495799387
DIAG10y,A,F47,231,1,1.0589094495799387
DIAG10y,A,F47,231,2,1.0589094495799387
DIAG10y,A,F47,231,3,1.0589094495799387
DIAG10y,A,F47,231,4,1.0589094495799387
DIAG10y,A,F47,231,5,1.0589094495799387
DIAG10y,A,F47,231,6,1.0589094495799387
DIAG10y,A,F47,231,7,1.0589094495799387
DIAG10y,A,F47,231,8,1.0589094495799387
DIAG10y,A,F47,231,9,1.0589094495799387
DIAG10y,A,F47,231,10,1.0589094495799387
DIAG10y,A,F47,231,11,1.0589094495799387
DIAG10y,A,F47,231,12,1.0589094495799387
DIAG10y,A,F47,231,13,1.0589094495799387
DIAG10y,A,F47,231,14,1.0589094495799387
DIAG10y,A,F47,231,15,1.0589094495799387
DIAG10y,A,F47,231,16,1.0589094495799387
DIAG10y,A,F47,231,17,1.0589094495799387
DIAG10y,A,F47,231,18,1.0589094495799387
DIAG10y,A,F47,231,19,1.0589094495799387
DIAG10y,A,F47,231,20,1.0589094495799387
DIAG10y,A,F47,231,21,1.0589094495799387
DIAG10y,A,F47,231,22,1.0589094495799387
DIAG10y,A,F47,231,23,1.0589094495799387
DIAG10y,B,F47,229,0,1.6964228749999997
DIAG10y,B,F47,229,1,1.6964228749999997
DIAG10y,B,F47,229,2,1.6964228749999997
DIAG10y,B,F47,229,3,1.6964228749999997
DIAG10y,B,F47,229,4,1.6964228749999997
DIAG10y,B,F47,229,5,1.6964228749999997
DIAG10y,B,F47,229,6,1.6964228749999997
DIAG10y,B,F47,229,7,1.6964228749999997
DIAG10y,B,F47,229,8,1.6964228749999997
DIAG10y,B,F47,229,9,1.6964228749999997
DIAG10y,B,F47,229,10,1.6964228749999997
DIAG10y,B,F47,229,11,1.6964228749999997
DIAG10y,B,F47,229,12,1.6964228749999997
DIAG10y,B,F47,229,13,1.6964228749999997
DIAG10y,B,F47,229,14,1.6964228749999997
DIAG10y,B,F47,229,15,1.6964228749999997
DIAG10y,B,F47,229,16,1.6964228749999997
DIAG10y,B,F47,229,17,1.6964228749999997
DIAG10y,B,F47,229,18,1.6964228749999997
DIAG10y,B,F47,229,19,1.6964228749999997
DIAG10y,B,F47,229,20,1.6964228749999997
DIAG10y,B,F47,229,21,1.6964228749999997
DIAG10y,B,F47,229,22,1.6964228749999997
DIAG10y,B,F47,229,23,1.6964228749999997
DIAG10y,B,F47,230,0,
DIAG10y,B,F47,230,1,
DIAG10y,B,F47,230,2,
DIAG10y,B,F47,230,3,
DIAG10y,B,F47,230,4,
DIAG10y,B,F47,230,5,
DIAG10y,B,F47,230,6,
DIAG10y,B,F47,230,7,
DIAG10y,B,F47,230,8,
DIAG10y,B,F47,230,9,
DIAG10y,B,F47,230,10,
DIAG10y,B,F47,230,11,
DIAG10y,B,F47,230,12,
DIAG10y,B,F47,230,13,
DIAG10y,B,F47,230,14,
DIAG10y,B,F47,230,15,
DIAG10y,B,F47,230,16,
DIAG10y,B,F47,230,17,
DIAG10y,B,F47,230,18,
DIAG10y,B,F47,230,19,
DIAG10y,B,F47,230,20,
DIAG10y,B,F47,230,21,
DIAG10y,B,F47,230,22,
DIAG10y,B,F47,230,23,
DIAG10y,B,F47,231,0,1.0589094495799387
DIAG10y,B,F47,231,1,1.0589094495799387
DIAG10y,B,F47,231,2,1.0589094495799387
DIAG10y,B,F47,231,3,1.0589094495799387
DIAG10y,B,F47,231,4,1.0589094495799387
DIAG10y,B,F47,231,5,1.0589094495799387
DIAG10y,B,F47,231,6,1.0589094495799387
DIAG10y,B,F47,231,7,1.0589094495799387
DIAG10y,B,F47,231,8,1.0589094495799387
DIAG10y,B,F47,231,9,1.0589094495799387
DIAG10y,B,F47,231,10,1.0589094495799387
DIAG10y,B,F47,231,11,1.0589094495799387
DIAG10y,B,F47,231,12,1.0589094495799387
DIAG10y,B,F47,231,13,1.0589094495799387
DIAG10y,B,F47,231,14,1.0589094495799387
DIAG10y,B,F47,231,15,1.0589094495799387
DIAG10y,B,F47,231,16,1.0589094495799387
DIAG10y,B,F47,231,17,1.0589094495799387
DIAG10y,B,F47,231,18,1.0589094495799387
DIAG10y,B,F47,231,19,1.0589094495799387
DIAG10y,B,F47,231,20,1.0589094495799387
DIAG10y,B,F47,231,21,1.0589094495799387
DIAG10y,B,F47,231,22,1.0589094495799387
DIAG10y,B,F47,231,23,1.0589094495799387
DIAG10y,C,F47,229,0,1.6964228749999997
DIAG10y,C,F47,229,1,1.6964228749999997
DIAG10y,C,F47,229,2,1.6964228749999997
DIAG10y,C,F47,229,3,1.6964228749999997
DIAG10y,C,F47,229,4,1.6964228749999997
DIAG10y,C,F47,229,5,1.6964228749999997
DIAG10y,C,F47,229,6,1.6964228749999997
DIAG10y,C,F47,229,7,1.6964228749999997
DIAG10y,C,F47,229,8,1.6964228749999997
DIAG10y,C,F47,229,9,1.6964228749999997
DIAG10y,C,F47,229,10,1.6964228749999997
DIAG10y,C,F47,229,11,1.6964228749999997
DIAG10y,C,F47,229,12,1.6964228749999997
DIAG10y,C,F47,229,13,1.6964228749999997
DIAG10y,C,F47,229,14,1.6964228749999997
DIAG10y,C,F47,229,15,1.6964228749999997
DIAG10y,C,F47,229,16,1.6964228749999997
DIAG10y,C,F47,229,17,1.6964228749999997
DIAG10y,C,F47,229,18,1.6964228749999997
DIAG10y,C,F47,229,19,1.6964228749999997
DIAG10y,C,F47,229,20,1.6964228749999997
DIAG10y,C,F47,229,21,1.6964228749999997
DIAG10y,C,F47,229,22,1.6964228749999997
DIAG10y,C,F47,229,23,1.6964228749999997
DIAG10y,C,F47,230,0,
DIAG10y,C,F47,230,1,
DIAG10y,C,F47,230,2,
DIAG10y,C,F47,230,3,
DIAG10y,C,F47,230,4,
DIAG10y,C,F47,230,5,
DIAG10y,C,F47,230,6,
DIAG10y,C,F47,230,7,
DIAG10y,C,F47,230,8,
DIAG10y,C,F47,230,9,
DIAG10y,C,F47,230,10,
DIAG10y,C,F47,230,11,
DIAG10y,C,F47,230,12,
DIAG10y,C,F47,230,13,
DIAG10y,C,F47,230,14,
DIAG10y,C,F47,230,15,
DIAG10y,C,F47,230,16,
DIAG10y,C,F47,230,17,
DIAG10y,C,F47,230,18,
DIAG10y,C,F47,230,19,
DIAG10y,C,F47,230,20,
DIAG10y,C,F47,230,21,
DIAG10y,C,F47,230,22,
DIAG10y,C,F47,230,23,
DIAG10y,C,F47,231,0,1.0589094495799387
DIAG10y,C,F47,231,1,1.0589094495799387
DIAG10y,C,F47,231,2,1.0589094495799387
DIAG10y,C,F47,231,3,1.0589094495799387
DIAG10y,C,F47,231,4,1.0589094495799387
DIAG10y,C,F47,231,5,1.0589094495799387
DIAG10y,C,F47,231,6,1.0589094495799387
DIAG10y,C,F47,231,7,1.0589094495799387
DIAG10y,C,F47,231,8,1.0589094495799387
DIAG10y,C,F47,231,9,1.0589094495799387
DIAG10y,C,F47,231,10,1.0589094495799387
DIAG10y,C,F47,231,11,1.0589094495799387
DIAG10y,C,F47,231,12,1.0589094495799387
DIAG10y,C,F47,231,13,1.0589094495799387
DIAG10y,C,F47,231,14,1.0589094495799387
DIAG10y,C,F47,231,15,1.0589094495799387
DIAG10y,C,F47,231,16,1.0589094495799387
DIAG10y,C,F47,231,17,1.0589094495799387
DIAG10y,C,F47,231,18,1.0589094495799387
DIAG10y,C,F47,231,19,1.0589094495799387
DIAG10y,C,F47,231,20,1.0589094495799387
DIAG10y,C,F47,231,21,1.0589094495799387
DIAG10y,C,F47,231,22,1.0589094495799387
DIAG10y,C,F47,231,23,1.0589094495799387
DIAG10y,A,F13,232,0,0.6360153333333334
DIAG10y,A,F13,232,1,0.6360153333333334
DIAG10y,A,F13,232,2,0.6360153333333334
DIAG10y,A,F13,232,3,0.6360153333333334
DIAG10y,A,F13,232,4,0.6360153333333334
DIAG10y,A,F13,232,5,0.6360153333333334
DIAG10y,A,F13,232,6,0.6360153333333334
DIAG10y,A,F13,232,7,0.6360153333333334
DIAG10y,A,F13,232,8,0.6360153333333334
DIAG10y,A,F13,232,9,0.6360153333333334
DIAG10y,A,F13,232,10,0.6360153333333334
DIAG10y,A,F13,232,11,0.6360153333333334
DIAG10y,A,F13,232,12,
DIAG10y,A,F13,232,13,
DIAG10y,A,F13,232,14,
DIAG10y,A,F13,232,15,
DIAG10y,A,F13,232,16,
DIAG10y,A,F13,232,17,
DIAG10y,A,F13,232,18,
DIAG10y,A,F13,232,19,
DIAG10y,A,F13,232,20,
DIAG10y,A,F13,232,21,
DIAG10y,A,F13,232,22,
DIAG10y,A,F13,232,23,
DIAG10y,A,F13,233,0,
DIAG10y,A,F13,233,1,
DIAG10y,A,F13,233,2,
DIAG10y,A,F13,233,3,
DIAG10y,A,F13,233,4,
DIAG10y,A,F13,233,5,
DIAG10y,A,F13,233,6,
DIAG10y,A,F13,233,7,
DIAG10y,A,F13,233,8,
DIAG10y,A,F13,233,9,
DIAG10y,A,F13,233,10,
DIAG10y,A,F13,233,11,
DIAG10y,A,F13,233,12,
DIAG10y,A,F13,233,13,
DIAG10y,A,F13,233,14,
DIAG10y,A,F13,233,15,
DIAG10y,A,F13,233,16,
DIAG10y,A,F13,233,17,
DIAG10y,A,F13,233,18,
DIAG10y,A,F13,233,19,
DIAG10y,A,F13,233,20,
DIAG10y,A,F13,233,21,
DIAG10y,A,F13,233,22,
DIAG10y,A,F13,233,23,
DIAG10y,B,F13,232,0,0.6360153333333334
DIAG10y,B,F13,232,1,0.6360153333333334
DIAG10y,B,F13,232,2,0.6360153333333334
DIAG10y,B,F13,232,3,0.6360153333333334
DIAG10y,B,F13,232,4,0.6360153333333334
DIAG10y,B,F13,232,5,0.6360153333333334
DIAG10y,B,F13,232,6,0.6360153333333334
DIAG10y,B,F13,232,7,0.6360153333333334
DIAG10y,B,F13,232,8,0.6360153333333334
DIAG10y,B,F13,232,9,0.6360153333333334
DIAG10y,B,F13,232,10,0.6360153333333334
DIAG10y,B,F13,232,11,0.6360153333333334
DIAG10y,B,F13,232,12,
DIAG10y,B,F13,232,13,
DIAG10y,B,F13,232,14,
DIAG10y,B,F13,232,15,
DIAG10y,B,F13,232,16,
DIAG10y,B,F13,232,17,
DIAG10y,B,F13,232,18,
DIAG10y,B,F13,232,19,
DIAG10y,B,F13,232,20,
DIAG10y,B,F13,232,21,
DIAG10y,B,F13,232,22,
DIAG10y,B,F13,232,23,
DIAG10y,B,F13,233,0,
DIAG10y,B,F13,233,1,
DIAG10y,B,F13,233,2,
DIAG10y,B,F13,233,3,
DIAG10y,B,F13,233,4,
DIAG10y,B,F13,233,5,
DIAG10y,B,F13,233,6,
DIAG10y,B,F13,233,7,
DIAG10y,B,F13,233,8,
DIAG10y,B,F13,233,9,
DIAG10y,B,F13,233,10,
DIAG10y,B,F13,233,11,
DIAG10y,B,F13,233,12,
DIAG10y,B,F13,233,13,
DIAG10y,B,F13,233,14,
DIAG10y,B,F13,233,15,
DIAG10y,B,F13,233,16,
DIAG10y,B,F13,233,17,
DIAG10y,B,F13,233,18,
DIAG10y,B,F13,233,19,
DIAG10y,B,F13,233,20,
DIAG10y,B,F13,233,21,
DIAG10y,B,F13,233,22,
DIAG10y,B,F13,233,23,
DIAG10y,C,F13,232,0,0.6360153333333334
DIAG10y,C,F13,232,1,0.6360153333333334
DIAG10y,C,F13,232,2,0.6360153333333334
DIAG10y,C,F13,232,3,0.6360153333333334
DIAG10y,C,F13,232,4,0.6360153333333334
DIAG10y,C,F13,232,5,0.6360153333333334
DIAG10y,C,F13,232,6,0.6360153333333334
DIAG10y,C,F13,232,7,0.6360153333333334
DIAG10y,C,F13,232,8,0.6360153333333334
DIAG10y,C,F13,232,9,0.6360153333333334
DIAG10y,C,F13,232,10,0.6360153333333334
DIAG10y,C,F13,232,11,0.6360153333333334
DIAG10y,C,F13,232,12,0.6360153333333334
DIAG10y,C,F13,232,13,0.6360153333333334
DIAG10y,C,F13,232,14,0.6360153333333334
DIAG10y,C,F13,232,15,0.6360153333333334
DIAG10y,C,F13,232,16,0.6360153333333334
DIAG10y,C,F13,232,17,0.6360153333333334
DIAG10y,C,F13,232,18,0.6360153333333334
DIAG10y,C,F13,232,19,0.6360153333333334
DIAG10y,C,F13,232,20,0.6360153333333334
DIAG10y,C,F13,232,21,0.6360153333333334
DIAG10y,C,F13,232,22,0.6360153333333334
DIAG10y,C,F13,232,23,
DIAG10y,C,F13,233,0,
DIAG10y,C,F13,233,1,
DIAG10y,C,F13,233,2,
DIAG10y,C,F13,233,3,
DIAG10y,C,F13,233,4,
DIAG10y,C,F13,233,5,
DIAG10y,C,F13,233,6,
DIAG10y,C,F13,233,7,
DIAG10y,C,F13,233,8,
DIAG10y,C,F13,233,9,
DIAG10y,C,F13,233,10,
DIAG10y,C,F13,233,11,
DIAG10y,C,F13,233,12,
DIAG10y,C,F13,233,13,
DIAG10y,C,F13,233,14,
DIAG10y,C,F13,233,15,
DIAG10y,C,F13,233,16,
DIAG10y,C,F13,233,17,
DIAG10y,C,F13,233,18,
DIAG10y,C,F13,233,19,
DIAG10y,C,F13,233,20,
DIAG10y,C,F13,233,21,
DIAG10y,C,F13,233,22,
DIAG10y,C,F13,233,23,
