node,k,late,err,errB,merr,y
"('F13', 44)",1,False,0.004399711698316794,0.005749999999999977,-0.015480548695713137,0.20025
"('F13', 45)",2,False,0.040444234932550116,0.05841666666666667,0.02893085188983263,0.14758333333333332
"('F13', 45)",1,False,0.019448108123968688,0.03841666666666668,0.02893085188983263,0.14758333333333332
"('F13', 50)",1,False,0.007322891602499826,-0.017625000000000002,-0.03472918396543745,0.453625
"('F13', 51)",2,False,0.01376767787467309,-0.04908333333333331,-0.032607484153610145,0.4850833333333333
"('F13', 51)",1,False,-0.005319032665900503,-0.029083333333333294,-0.032607484153610145,0.4850833333333333
"('F13', 55)",1,False,0.004107581485362943,-0.00491666666666668,-0.07704548509790338,0.5199166666666667
"('F13', 57)",1,False,0.0006117420560349807,-0.012624999999999997,-0.08875325422296837,0.549625
"('F13', 195)",2,True,0.03503236770468188,-0.01924999999999999,-0.09972189092058453,0.55625
"('F13', 196)",3,True,0.0970392003426157,-0.01041666666666663,-0.10158587674661484,0.5474166666666667
"('F13', 197)",4,True,0.12895671111468443,-0.010916666666666686,-0.07346102433279478,0.5479166666666667
"('F13', 62)",5,False,0.15135411836427404,-0.021291666666666598,-0.08679041682523875,0.5582916666666666
"('F13', 64)",6,False,0.21862340851631112,-0.0035833333333332718,-0.009986951701024926,0.5405833333333333
"('F13', 82)",7,False,0.26966895899630083,0.003916666666666679,-0.03392700432762541,0.5330833333333334
"('F13', 84)",8,False,0.3023311799690678,0.0005833333333333801,0.007296081262201826,0.5364166666666667
"('F13', 195)",1,True,0.030696468936775356,-0.003249999999999975,-0.09972189092058453,0.55625
"('F13', 196)",2,True,0.09270330157470918,0.0055833333333333846,-0.10158587674661484,0.5474166666666667
"('F13', 197)",3,True,0.12462081234677791,0.005083333333333329,-0.07346102433279478,0.5479166666666667
"('F13', 62)",4,False,0.14701821959636752,-0.0052916666666665835,-0.08679041682523875,0.5582916666666666
"('F13', 64)",5,False,0.2142875097484046,0.012416666666666742,-0.009986951701024926,0.5405833333333333
"('F13', 82)",6,False,0.2653330602283943,0.019916666666666694,-0.03392700432762541,0.5330833333333334
"('F13', 84)",7,False,0.29799528120116126,0.016583333333333394,0.007296081262201826,0.5364166666666667
"('F13', 86)",8,False,0.30224075121622773,-0.003874999999999962,-0.035762468433380934,0.556875
"('F13', 196)",1,True,0.04103613773441095,0.004583333333333384,-0.10158587674661484,0.5474166666666667
"('F13', 197)",2,True,0.07295364850647978,0.004083333333333328,-0.07346102433279478,0.5479166666666667
"('F13', 62)",3,False,0.09535105575606928,-0.006291666666666584,-0.08679041682523875,0.5582916666666666
"('F13', 64)",4,False,0.16262034590810626,0.011416666666666742,-0.009986951701024926,0.5405833333333333
"('F13', 82)",5,False,0.21366589638809597,0.018916666666666693,-0.03392700432762541,0.5330833333333334
"('F13', 84)",6,False,0.2463281173608629,0.015583333333333393,0.007296081262201826,0.5364166666666667
"('F13', 86)",7,False,0.2505735873759294,-0.004874999999999963,-0.035762468433380934,0.556875
"('F13', 88)",8,False,0.2633429156115208,0.001083333333333325,-0.058139480084353046,0.5509166666666667
"('F13', 197)",1,True,0.010444180669942127,0.001083333333333325,-0.07346102433279478,0.5479166666666667
"('F13', 62)",2,False,0.032841587919531734,-0.009291666666666587,-0.08679041682523875,0.5582916666666666
"('F13', 64)",3,False,0.10011087807156882,0.008416666666666739,-0.009986951701024926,0.5405833333333333
"('F13', 82)",4,False,0.15115642855155853,0.01591666666666669,-0.03392700432762541,0.5330833333333334
"('F13', 84)",5,False,0.18381864952432547,0.01258333333333339,0.007296081262201826,0.5364166666666667
"('F13', 86)",6,False,0.18806411953939195,-0.007874999999999965,-0.035762468433380934,0.556875
"('F13', 88)",7,False,0.20083344777498335,-0.0019166666666666776,-0.058139480084353046,0.5509166666666667
"('F13', 90)",8,False,0.20970941825233014,-0.00854166666666667,-0.10612997177592493,0.5575416666666667
"('F13', 62)",1,False,0.021997867488491418,-0.002291666666666581,-0.08679041682523875,0.5582916666666666
"('F13', 64)",2,False,0.0892671576405285,0.015416666666666745,-0.009986951701024926,0.5405833333333333
"('F13', 82)",3,False,0.14031270812051821,0.022916666666666696,-0.03392700432762541,0.5330833333333334
"('F13', 84)",4,False,0.17297492909328516,0.019583333333333397,0.007296081262201826,0.5364166666666667
"('F13', 86)",5,False,0.17722039910835163,-0.0008749999999999591,-0.035762468433380934,0.556875
"('F13', 88)",6,False,0.18998972734394304,0.005083333333333329,-0.058139480084353046,0.5509166666666667
"('F13', 90)",7,False,0.19886569782128982,-0.0015416666666666634,-0.10612997177592493,0.5575416666666667
"('F13', 71)",8,False,0.22000963112424765,0.0068750000000000755,-0.04320632573903749,0.549125
"('F13', 64)",1,False,0.03955388905596047,0.007416666666666738,-0.009986951701024926,0.5405833333333333
"('F13', 82)",2,False,0.09059943953595018,0.01491666666666669,-0.03392700432762541,0.5330833333333334
"('F13', 84)",3,False,0.12326166050871712,0.01158333333333339,0.007296081262201826,0.5364166666666667
"('F13', 86)",4,False,0.1275071305237836,-0.008874999999999966,-0.035762468433380934,0.556875
"('F13', 88)",5,False,0.140276458759375,-0.0029166666666666785,-0.058139480084353046,0.5509166666666667
"('F13', 90)",6,False,0.14915242923672178,-0.00954166666666667,-0.10612997177592493,0.5575416666666667
"('F13', 71)",7,False,0.1702963625396796,-0.0011249999999999316,-0.04320632573903749,0.549125
"('F13', 73)",8,False,0.16924372019186207,-0.01924999999999999,-0.035405510531520745,0.56725
"('F13', 82)",1,False,0.015387249149466653,-0.011083333333333334,-0.03392700432762541,0.5330833333333334
"('F13', 84)",2,False,0.048049470122233595,-0.014416666666666633,0.007296081262201826,0.5364166666666667
"('F13', 86)",3,False,0.05229494013730007,-0.03487499999999999,-0.035762468433380934,0.556875
"('F13', 88)",4,False,0.06506426837289148,-0.0289166666666667,-0.058139480084353046,0.5509166666666667
"('F13', 90)",5,False,0.07394023885023826,-0.035541666666666694,-0.10612997177592493,0.5575416666666667
"('F13', 71)",6,False,0.09508417215319609,-0.027124999999999955,-0.04320632573903749,0.549125
"('F13', 73)",7,False,0.09403152980537854,-0.04525000000000001,-0.035405510531520745,0.56725
"('F13', 84)",1,False,0.007649709660861759,-0.0024166666666666226,0.007296081262201826,0.5364166666666667
"('F13', 86)",2,False,0.011895179675928236,-0.02287499999999998,-0.035762468433380934,0.556875
"('F13', 88)",3,False,0.02466450791151975,-0.01691666666666669,-0.058139480084353046,0.5509166666666667
"('F13', 90)",4,False,0.03354047838886631,-0.023541666666666683,-0.10612997177592493,0.5575416666666667
"('F13', 71)",5,False,0.05468441169182414,-0.015124999999999944,-0.04320632573903749,0.549125
"('F13', 73)",6,False,0.0536317693440066,-0.03325,-0.035405510531520745,0.56725
"('F13', 86)",1,False,0.005346689731480114,-0.01387499999999997,-0.035762468433380934,0.556875
"('F13', 88)",2,False,0.01811601796707163,-0.007916666666666683,-0.058139480084353046,0.5509166666666667
"('F13', 90)",3,False,0.02699198844441819,-0.014541666666666675,-0.10612997177592493,0.5575416666666667
"('F13', 71)",4,False,0.04813592174737602,-0.006124999999999936,-0.04320632573903749,0.549125
"('F13', 73)",5,False,0.047083279399558475,-0.024249999999999994,-0.035405510531520745,0.56725
"('F13', 88)",1,False,0.0035812766807072904,0.008083333333333331,-0.058139480084353046,0.5509166666666667
"('F13', 90)",2,False,0.012457247158053852,0.0014583333333333393,-0.10612997177592493,0.5575416666666667
"('F13', 71)",3,False,0.03360118046101168,0.009875000000000078,-0.04320632573903749,0.549125
"('F13', 73)",4,False,0.032548538113194136,-0.00824999999999998,-0.035405510531520745,0.56725
"('F13', 90)",1,False,0.004993224231510718,-0.012541666666666673,-0.10612997177592493,0.5575416666666667
"('F13', 71)",2,False,0.026137157534468547,-0.004124999999999934,-0.04320632573903749,0.549125
"('F13', 73)",3,False,0.025084515186651002,-0.022249999999999992,-0.035405510531520745,0.56725
"('F13', 71)",1,False,0.002517946861565701,-0.0021249999999999325,-0.04320632573903749,0.549125
"('F13', 73)",2,False,0.0014653045137481557,-0.02024999999999999,-0.035405510531520745,0.56725
"('F13', 73)",1,False,-0.010625789973568334,-0.015249999999999986,-0.035405510531520745,0.56725
"('F13', 76)",1,False,-0.016832828071821515,-0.014333333333333198,-0.07036519545720915,0.5653333333333332
"('F13', 78)",2,False,-0.023754021365572586,-0.024958333333333305,-0.04231724120269753,0.5759583333333333
"('F13', 231)",3,True,-0.04795354444993849,-0.06987500000000002,0.3265704701171527,0.6208750000000001
"('F13', 233)",4,True,0.028058872295281256,-0.08266666666666667,0.4298373406940096,0.6336666666666667
"('F47', 209)",5,True,-0.002747222350699463,-0.10395833333333337,-0.25742744399563083,0.6549583333333334
"('F47', 125)",6,False,-0.04050287033007571,-0.12062499999999998,-0.08164642734909777,0.671625
"('F47', 127)",7,False,-0.024583548856451864,-0.13712499999999994,-0.00501966535615761,0.688125
"('F47', 129)",8,False,0.0036996106892227543,-0.15974999999999995,-0.04797159884229696,0.71075
"('F13', 78)",1,False,0.0013747422032832635,-0.003958333333333397,-0.04231724120269753,0.5759583333333333
"('F13', 231)",2,True,-0.02282478088108264,-0.04887500000000011,0.3265704701171527,0.6208750000000001
"('F13', 233)",3,True,0.053187635864137106,-0.06166666666666676,0.4298373406940096,0.6336666666666667
"('F47', 209)",4,True,0.022381541218156387,-0.08295833333333347,-0.25742744399563083,0.6549583333333334
"('F47', 125)",5,False,-0.015374106761219752,-0.09962500000000007,-0.08164642734909777,0.671625
"('F47', 127)",6,False,0.0005452147124040962,-0.11612500000000003,-0.00501966535615761,0.688125
"('F47', 129)",7,False,0.028828374258078715,-0.13875000000000004,-0.04797159884229696,0.71075
"('F13', 232)",8,True,0.06776061802629973,-0.1666249999999999,-0.021330676629436773,0.7386249999999999
"('F13', 231)",1,True,-0.04083982994371549,-0.051875000000000115,0.3265704701171527,0.6208750000000001
"('F13', 233)",2,True,0.03517258680150426,-0.06466666666666676,0.4298373406940096,0.6336666666666667
"('F47', 209)",3,True,0.004366492155523538,-0.08595833333333347,-0.25742744399563083,0.6549583333333334
"('F47', 125)",4,False,-0.03338915582385271,-0.10262500000000008,-0.08164642734909777,0.671625
"('F47', 127)",5,False,-0.017469834350228863,-0.11912500000000004,-0.00501966535615761,0.688125
"('F47', 129)",6,False,0.010813325195445755,-0.14175000000000004,-0.04797159884229696,0.71075
"('F13', 232)",7,True,0.049745568963666775,-0.16962499999999991,-0.021330676629436773,0.7386249999999999
"('F47', 108)",8,False,0.15395549001418296,-0.15762500000000002,-0.18865964169879768,0.726625
"('F13', 233)",1,True,0.07508952224484533,-0.0016666666666667052,0.4298373406940096,0.6336666666666667
"('F47', 209)",2,True,0.04428342759886461,-0.022958333333333414,-0.25742744399563083,0.6549583333333334
"('F47', 125)",3,False,0.006527779619488361,-0.03962500000000002,-0.08164642734909777,0.671625
"('F47', 127)",4,False,0.02244710109311221,-0.05612499999999998,-0.00501966535615761,0.688125
"('F47', 129)",5,False,0.05073026063878683,-0.07874999999999999,-0.04797159884229696,0.71075
"('F13', 232)",6,True,0.08966250440700785,-0.10662499999999986,-0.021330676629436773,0.7386249999999999
"('F47', 108)",7,False,0.19387242545752403,-0.09462499999999996,-0.18865964169879768,0.726625
"('F47', 110)",8,False,0.32581124499071423,-0.1060416666666667,-0.19361186815657616,0.7380416666666667
"('F47', 209)",1,True,-0.090257378309886,-0.011958333333333404,-0.25742744399563083,0.6549583333333334
"('F47', 125)",2,False,-0.12801302628926214,-0.02862500000000001,-0.08164642734909777,0.671625
"('F47', 127)",3,False,-0.1120937048156383,-0.04512499999999997,-0.00501966535615761,0.688125
"('F47', 129)",4,False,-0.08381054526996368,-0.06774999999999998,-0.04797159884229696,0.71075
"('F13', 232)",5,True,-0.04487830150174266,-0.09562499999999985,-0.021330676629436773,0.7386249999999999
"('F47', 108)",6,False,0.05933161954877353,-0.08362499999999995,-0.18865964169879768,0.726625
"('F47', 110)",7,False,0.19127043908196373,-0.09504166666666669,-0.19361186815657616,0.7380416666666667
"('F47', 112)",8,False,0.2980093509947771,-0.13341666666666663,-0.16152264278323125,0.7764166666666666
"('F47', 125)",1,False,-0.008152467142216291,-0.00462499999999999,-0.08164642734909777,0.671625
"('F47', 127)",2,False,0.007766854331407558,-0.02112499999999995,-0.00501966535615761,0.688125
"('F47', 129)",3,False,0.036050013877082177,-0.043749999999999956,-0.04797159884229696,0.71075
"('F13', 232)",4,True,0.0749822576453032,-0.07162499999999983,-0.021330676629436773,0.7386249999999999
"('F47', 108)",5,False,0.17919217869581938,-0.05962499999999993,-0.18865964169879768,0.726625
"('F47', 110)",6,False,0.3111309982290096,-0.07104166666666667,-0.19361186815657616,0.7380416666666667
"('F47', 112)",7,False,0.41786991014182273,-0.1094166666666666,-0.16152264278323125,0.7764166666666666
"('F47', 114)",8,False,0.35630384058420184,-0.1000833333333333,0.07422358659295591,0.7670833333333333
"('F47', 127)",1,False,-0.01720627153291121,-0.028124999999999956,-0.00501966535615761,0.688125
"('F47', 129)",2,False,0.011076888012763408,-0.05074999999999996,-0.04797159884229696,0.71075
"('F13', 232)",3,True,0.05000913178098443,-0.07862499999999983,-0.021330676629436773,0.7386249999999999
"('F47', 108)",4,False,0.15421905283150072,-0.06662499999999993,-0.18865964169879768,0.726625
"('F47', 110)",5,False,0.2861578723646907,-0.07804166666666668,-0.19361186815657616,0.7380416666666667
"('F47', 112)",6,False,0.3928967842775041,-0.11641666666666661,-0.16152264278323125,0.7764166666666666
"('F47', 114)",7,False,0.3313307147198832,-0.10708333333333331,0.07422358659295591,0.7670833333333333
"('F47', 116)",8,False,0.24674916256261303,-0.15899999999999992,0.006126514729263732,0.819
"('F47', 129)",1,False,0.03515936096906125,-0.00275000000000003,-0.04797159884229696,0.71075
"('F13', 232)",2,True,0.07409160473728227,-0.030624999999999902,-0.021330676629436773,0.7386249999999999
"('F47', 108)",3,False,0.17830152578779856,-0.018625000000000003,-0.18865964169879768,0.726625
"('F47', 110)",4,False,0.31024034532098854,-0.030041666666666744,-0.19361186815657616,0.7380416666666667
"('F47', 112)",5,False,0.4169792572338017,-0.06841666666666668,-0.16152264278323125,0.7764166666666666
"('F47', 114)",6,False,0.3554131876761808,-0.05908333333333338,0.07422358659295591,0.7670833333333333
"('F47', 116)",7,False,0.2708316355189111,-0.11099999999999999,0.006126514729263732,0.819
"('F13', 214)",8,True,0.2409826166744634,-0.2100416666666668,-0.2648641001756966,0.9180416666666668
"('F13', 232)",1,True,0.03675100782324814,-0.019624999999999893,-0.021330676629436773,0.7386249999999999
"('F47', 108)",2,False,0.14096092887376444,-0.007624999999999993,-0.18865964169879768,0.726625
"('F47', 110)",3,False,0.2728997484069544,-0.019041666666666734,-0.19361186815657616,0.7380416666666667
"('F47', 112)",4,False,0.37963866031976756,-0.05741666666666667,-0.16152264278323125,0.7764166666666666
"('F47', 114)",5,False,0.31807259076214667,-0.04808333333333337,0.07422358659295591,0.7670833333333333
"('F47', 116)",6,False,0.23349103860487697,-0.09999999999999998,0.006126514729263732,0.819
"('F13', 214)",7,True,0.20364201976042928,-0.19904166666666678,-0.2648641001756966,0.9180416666666668
"('F13', 116)",8,False,0.2985837348083443,-0.21791666666666676,0.07515433829756935,0.9369166666666667
"('F47', 108)",1,False,0.05538709198113645,0.008375000000000021,-0.18865964169879768,0.726625
"('F47', 110)",2,False,0.18732591151432665,-0.0030416666666667203,-0.19361186815657616,0.7380416666666667
"('F47', 112)",3,False,0.2940648234271398,-0.04141666666666666,-0.16152264278323125,0.7764166666666666
"('F47', 114)",4,False,0.23249875386951901,-0.03208333333333335,0.07422358659295591,0.7670833333333333
"('F47', 116)",5,False,0.1479172017122491,-0.08399999999999996,0.006126514729263732,0.819
"('F13', 214)",6,True,0.11806818286780152,-0.18304166666666677,-0.2648641001756966,0.9180416666666668
"('F13', 116)",7,False,0.21300989791571656,-0.20191666666666674,0.07515433829756935,0.9369166666666667
"('F13', 118)",8,False,0.18922220777504317,-0.3666250000000001,-0.06530297770107962,1.101625
"('F47', 110)",1,False,0.10023138763379702,-0.007041666666666724,-0.19361186815657616,0.7380416666666667
"('F47', 112)",2,False,0.20697029954661006,-0.04541666666666666,-0.16152264278323125,0.7764166666666666
"('F47', 114)",3,False,0.14540422998898916,-0.036083333333333356,0.07422358659295591,0.7670833333333333
"('F47', 116)",4,False,0.06082267783171924,-0.08799999999999997,0.006126514729263732,0.819
"('F13', 214)",5,True,0.03097365898727178,-0.18704166666666677,-0.2648641001756966,0.9180416666666668
"('F13', 116)",6,False,0.12591537403518693,-0.20591666666666675,0.07515433829756935,0.9369166666666667
"('F13', 118)",7,False,0.10212768389451354,-0.3706250000000001,-0.06530297770107962,1.101625
"('F13', 120)",8,False,0.02178355352017669,-0.519,-0.16625547821325348,1.25
"('F47', 112)",1,False,0.0370542177503107,-0.03341666666666665,-0.16152264278323125,0.7764166666666666
"('F47', 114)",2,False,-0.024511851807310192,-0.024083333333333345,0.07422358659295591,0.7670833333333333
"('F47', 116)",3,False,-0.10909340396458012,-0.07599999999999996,0.006126514729263732,0.819
"('F13', 214)",4,True,-0.13894242280902758,-0.17504166666666676,-0.2648641001756966,0.9180416666666668
"('F13', 116)",5,False,-0.044000707761112645,-0.19391666666666674,0.07515433829756935,0.9369166666666667
"('F13', 118)",6,False,-0.06778839790178615,-0.3586250000000001,-0.06530297770107962,1.101625
"('F13', 120)",7,False,-0.148132528276123,-0.507,-0.16625547821325348,1.25
"('F13', 121)",8,False,-0.12053864631775335,-0.5753750000000001,-0.4563496027613959,1.318375
"('F47', 114)",1,False,-0.10195092729597988,0.010916666666666686,0.07422358659295591,0.7670833333333333
"('F47', 116)",2,False,-0.1865324794532498,-0.040999999999999925,0.006126514729263732,0.819
"('F13', 214)",3,True,-0.21638149829769726,-0.14004166666666673,-0.2648641001756966,0.9180416666666668
"('F13', 116)",4,False,-0.12143978324978233,-0.1589166666666667,0.07515433829756935,0.9369166666666667
"('F13', 118)",5,False,-0.14522747339045583,-0.32362500000000005,-0.06530297770107962,1.101625
"('F13', 120)",6,False,-0.22557160376479257,-0.472,-0.16625547821325348,1.25
"('F13', 121)",7,False,-0.19797772180642292,-0.540375,-0.4563496027613959,1.318375
"('F47', 116)",1,False,-0.04968952203421506,-0.03799999999999992,0.006126514729263732,0.819
"('F13', 214)",2,True,-0.07953854087866252,-0.13704166666666673,-0.2648641001756966,0.9180416666666668
"('F13', 116)",3,False,0.01540317416925241,-0.1559166666666667,0.07515433829756935,0.9369166666666667
"('F13', 118)",4,False,-0.00838451597142087,-0.32062500000000005,-0.06530297770107962,1.101625
"('F13', 120)",5,False,-0.08872864634575772,-0.469,-0.16625547821325348,1.25
"('F13', 121)",6,False,-0.061134764387388074,-0.537375,-0.4563496027613959,1.318375
"('F13', 214)",1,True,-0.07273744733723664,-0.12604166666666672,-0.2648641001756966,0.9180416666666668
"('F13', 116)",2,False,0.022204267710678294,-0.1449166666666667,0.07515433829756935,0.9369166666666667
"('F13', 118)",3,False,-0.0015834224299953181,-0.30962500000000004,-0.06530297770107962,1.101625
"('F13', 120)",4,False,-0.08192755280433217,-0.45799999999999996,-0.16625547821325348,1.25
"('F13', 121)",5,False,-0.05433367084596252,-0.526375,-0.4563496027613959,1.318375
"('F13', 116)",1,False,0.013343346723681204,-0.029916666666666702,0.07515433829756935,0.9369166666666667
"('F13', 118)",2,False,-0.010444343416992075,-0.19462500000000005,-0.06530297770107962,1.101625
"('F13', 120)",3,False,-0.09078847379132893,-0.34299999999999997,-0.16625547821325348,1.25
"('F13', 121)",4,False,-0.06319459183295928,-0.41137500000000005,-0.4563496027613959,1.318375
"('F13', 118)",1,False,-0.08269680936132495,-0.15062500000000012,-0.06530297770107962,1.101625
"('F13', 120)",2,False,-0.1630409397356618,-0.29900000000000004,-0.16625547821325348,1.25
"('F13', 121)",3,False,-0.13544705777729238,-0.3673750000000001,-0.4563496027613959,1.318375
"('F13', 120)",1,False,0.05450535196105277,0.03699999999999992,-0.16625547821325348,1.25
"('F13', 121)",2,False,0.08209923391942242,-0.03137500000000015,-0.4563496027613959,1.318375
"('F13', 121)",1,False,0.1501714466324615,0.09662499999999996,-0.4563496027613959,1.318375
"('F13', 125)",1,False,-0.04932393801066359,0.026916666666666478,-0.14424025459564405,1.4950833333333335
"('F13', 217)",1,True,-0.008116018163445204,-0.04125000000000023,-0.6694857656983733,1.6932500000000001
"('F13', 117)",1,False,-0.0522198717163152,-0.005791666666666695,0.013943664171327919,0.3037916666666667
"('F13', 119)",2,False,-0.12453370635715577,-0.013416666666666688,0.09906025767644017,0.3114166666666667
"('F13', 215)",3,True,-0.18279131286151404,-0.028666666666666674,-0.09151520095177954,0.32666666666666666
"('F13', 122)",4,False,-0.23148230702014802,-0.05079166666666668,0.07494456795196774,0.34879166666666667
"('F13', 119)",1,False,-0.05280273862811863,0.004583333333333328,0.09906025767644017,0.3114166666666667
"('F13', 215)",2,True,-0.1110603451324769,-0.010666666666666658,-0.09151520095177954,0.32666666666666666
"('F13', 122)",3,False,-0.15975133929111088,-0.03279166666666666,0.07494456795196774,0.34879166666666667
"('F13', 215)",1,True,-0.04117134453741378,-0.010666666666666658,-0.09151520095177954,0.32666666666666666
"('F13', 122)",2,False,-0.08986233869604776,-0.03279166666666666,0.07494456795196774,0.34879166666666667
"('F13', 122)",1,False,-0.04034063775087765,-0.01579166666666665,0.07494456795196774,0.34879166666666667
"('F13', 69)",1,False,-0.05480405381842918,-0.04591666666666666,-0.01469032807922055,0.42891666666666667
"('F47', 123)",2,False,-0.007863212749320836,-0.056999999999999995,0.25210809799209283,0.44
"('F47', 93)",3,False,0.037007221979618865,-0.06387500000000007,-0.07930394643788208,0.4468750000000001
"('F13', 75)",4,False,0.0399532612074186,-0.08520833333333333,0.02734759349716237,0.46820833333333334
"('F47', 124)",5,False,0.08390585854374105,-0.09641666666666665,0.2089251082094397,0.47941666666666666
"('F47', 126)",6,False,0.1167650326846778,-0.113875,0.15770753452975655,0.496875
"('F47', 128)",7,False,0.16494010929961783,-0.09729166666666672,0.1770626487291635,0.48029166666666673
"('F47', 130)",8,False,0.1083660728637808,-0.10779166666666667,0.5880434641114949,0.4907916666666667
"('F47', 123)",1,False,0.03390581832919126,-0.01200000000000001,0.25210809799209283,0.44
"('F47', 93)",2,False,0.07877625305813091,-0.018875000000000086,-0.07930394643788208,0.4468750000000001
"('F13', 75)",3,False,0.08172229228593075,-0.040208333333333346,0.02734759349716237,0.46820833333333334
"('F47', 124)",4,False,0.1256748896222532,-0.051416666666666666,0.2089251082094397,0.47941666666666666
"('F47', 126)",5,False,0.15853406376318996,-0.06887500000000002,0.15770753452975655,0.496875
"('F47', 128)",6,False,0.20670914037812999,-0.052291666666666736,0.1770626487291635,0.48029166666666673
"('F47', 130)",7,False,0.15013510394229296,-0.06279166666666669,0.5880434641114949,0.4907916666666667
"('F47', 210)",8,True,-0.01748812032892877,-0.09025,-0.0021273437260952432,0.51825
"('F47', 93)",1,False,0.022947688507070185,-0.0068750000000000755,-0.07930394643788208,0.4468750000000001
"('F13', 75)",2,False,0.02589372773486992,-0.028208333333333335,0.02734759349716237,0.46820833333333334
"('F47', 124)",3,False,0.06984632507119232,-0.039416666666666655,0.2089251082094397,0.47941666666666666
"('F47', 126)",4,False,0.10270549921212907,-0.05687500000000001,0.15770753452975655,0.496875
"('F47', 128)",5,False,0.1508805758270691,-0.040291666666666726,0.1770626487291635,0.48029166666666673
"('F47', 130)",6,False,0.09430653939123207,-0.05079166666666668,0.5880434641114949,0.4907916666666667
"('F47', 210)",7,True,-0.07331668487998966,-0.07824999999999999,-0.0021273437260952432,0.51825
"('F47', 212)",8,True,-0.1102687670866867,-0.08112499999999995,-0.1508022622155129,0.521125
"('F13', 75)",1,False,-0.005382841685981521,-0.017208333333333325,0.02734759349716237,0.46820833333333334
"('F47', 124)",2,False,0.038569755650340876,-0.028416666666666646,0.2089251082094397,0.47941666666666666
"('F47', 126)",3,False,0.07142892979127763,-0.045875,0.15770753452975655,0.496875
"('F47', 128)",4,False,0.11960400640621766,-0.029291666666666716,0.1770626487291635,0.48029166666666673
"('F47', 130)",5,False,0.06302996997038063,-0.03979166666666667,0.5880434641114949,0.4907916666666667
"('F47', 210)",6,True,-0.1045932543008411,-0.06724999999999998,-0.0021273437260952432,0.51825
"('F47', 212)",7,True,-0.14154533650753814,-0.07012499999999994,-0.1508022622155129,0.521125
"('F47', 214)",8,True,-0.1115349199420288,-0.08045833333333324,-0.1215956968286121,0.5314583333333333
"('F47', 124)",1,False,0.031856135446187206,-0.01141666666666663,0.2089251082094397,0.47941666666666666
"('F47', 126)",2,False,0.06471530958712396,-0.028874999999999984,0.15770753452975655,0.496875
"('F47', 128)",3,False,0.1128903862020641,-0.0122916666666667,0.1770626487291635,0.48029166666666673
"('F47', 130)",4,False,0.05631634976622707,-0.022791666666666655,0.5880434641114949,0.4907916666666667
"('F47', 210)",5,True,-0.11130687450499466,-0.05024999999999996,-0.0021273437260952432,0.51825
"('F47', 212)",6,True,-0.1482589567116917,-0.05312499999999992,-0.1508022622155129,0.521125
"('F47', 214)",7,True,-0.11824854014618236,-0.06345833333333323,-0.1215956968286121,0.5314583333333333
"('F13', 158)",8,False,-0.05709661353118595,0.015291666666666703,-0.02247267130349312,0.4527083333333333
"('F47', 126)",1,False,0.06629563240053366,0.003124999999999989,0.15770753452975655,0.496875
"('F47', 128)",2,False,0.11447070901547368,0.019708333333333272,0.1770626487291635,0.48029166666666673
"('F47', 130)",3,False,0.057896672579636654,0.009208333333333318,0.5880434641114949,0.4907916666666667
"('F47', 210)",4,True,-0.10972655169158507,-0.01824999999999999,-0.0021273437260952432,0.51825
"('F47', 212)",5,True,-0.14667863389828212,-0.02112499999999995,-0.1508022622155129,0.521125
"('F47', 214)",6,True,-0.11666821733277277,-0.031458333333333255,-0.1215956968286121,0.5314583333333333
"('F13', 158)",7,False,-0.05551629071777636,0.047291666666666676,-0.02247267130349312,0.4527083333333333
"('F47', 240)",8,True,-0.09678684715718427,0.027416666666666645,-0.0157079332478422,0.47258333333333336
"('F47', 128)",1,False,-0.01289706281440628,-0.013291666666666702,0.1770626487291635,0.48029166666666673
"('F47', 130)",2,False,-0.0694710992502433,-0.023791666666666655,0.5880434641114949,0.4907916666666667
"('F47', 210)",3,True,-0.23709432352146503,-0.05124999999999996,-0.0021273437260952432,0.51825
"('F47', 212)",4,True,-0.2740464057281621,-0.05412499999999992,-0.1508022622155129,0.521125
"('F47', 214)",5,True,-0.24403598916265273,-0.06445833333333323,-0.1215956968286121,0.5314583333333333
"('F13', 158)",6,False,-0.18288406254765632,0.014291666666666702,-0.02247267130349312,0.4527083333333333
"('F47', 240)",7,True,-0.22415461898706424,-0.005583333333333329,-0.0157079332478422,0.47258333333333336
"('F13', 161)",8,False,-0.28578431714505736,-0.024624999999999952,-0.03737649938733867,0.491625
"('F47', 130)",1,False,-0.08407333717940474,-0.019791666666666707,0.5880434641114949,0.4907916666666667
"('F47', 210)",2,True,-0.25169656145062647,-0.047250000000000014,-0.0021273437260952432,0.51825
"('F47', 212)",3,True,-0.2886486436573235,-0.050124999999999975,-0.1508022622155129,0.521125
"('F47', 214)",4,True,-0.25863822709181417,-0.06045833333333328,-0.1215956968286121,0.5314583333333333
"('F13', 158)",5,False,-0.19748630047681776,0.01829166666666665,-0.02247267130349312,0.4527083333333333
"('F47', 240)",6,True,-0.23875685691622567,-0.001583333333333381,-0.0157079332478422,0.47258333333333336
"('F13', 161)",7,False,-0.3003865550742188,-0.020625000000000004,-0.03737649938733867,0.491625
"('F47', 165)",8,False,-0.29421376653766707,-0.01687500000000003,-0.04405306820954091,0.487875
"('F47', 210)",1,True,-0.08890344124191774,-0.015249999999999986,-0.0021273437260952432,0.51825
"('F47', 212)",2,True,-0.12585552344861478,-0.018124999999999947,-0.1508022622155129,0.521125
"('F47', 214)",3,True,-0.09584510688310544,-0.028458333333333252,-0.1215956968286121,0.5314583333333333
"('F13', 158)",4,False,-0.034693180268109025,0.05029166666666668,-0.02247267130349312,0.4527083333333333
"('F47', 240)",5,True,-0.07596373670751694,0.030416666666666647,-0.0157079332478422,0.47258333333333336
"('F13', 161)",6,False,-0.13759343486551007,0.011375000000000024,-0.03737649938733867,0.491625
"('F47', 165)",7,False,-0.13142064632895833,0.015125,-0.04405306820954091,0.487875
"('F47', 212)",1,True,0.004845227131722418,0.008875000000000077,-0.1508022622155129,0.521125
"('F47', 214)",2,True,0.03485564369723171,-0.0014583333333332282,-0.1215956968286121,0.5314583333333333
"('F13', 158)",3,False,0.09600757031222823,0.0772916666666667,-0.02247267130349312,0.4527083333333333
"('F47', 240)",4,True,0.05473701387282026,0.05741666666666667,-0.0157079332478422,0.47258333333333336
"('F13', 161)",5,False,-0.006892684285172868,0.03837500000000005,-0.03737649938733867,0.491625
"('F47', 165)",6,False,-0.0007198957486211355,0.042125000000000024,-0.04405306820954091,0.487875
"('F47', 214)",1,True,0.0062005578098357494,-0.02745833333333325,-0.1215956968286121,0.5314583333333333
"('F13', 158)",2,False,0.06735248442483227,0.05129166666666668,-0.02247267130349312,0.4527083333333333
"('F47', 240)",3,True,0.026081927985424302,0.03141666666666665,-0.0157079332478422,0.47258333333333336
"('F13', 161)",4,False,-0.03554777017256883,0.012375000000000025,-0.03737649938733867,0.491625
"('F47', 165)",5,False,-0.029374981636017095,0.016125,-0.04405306820954091,0.487875
"('F13', 158)",1,False,0.06970420616373468,0.08529166666666671,-0.02247267130349312,0.4527083333333333
"('F47', 240)",2,True,0.028433649724326715,0.06541666666666668,-0.0157079332478422,0.47258333333333336
"('F13', 161)",3,False,-0.033196048433666414,0.046375000000000055,-0.03737649938733867,0.491625
"('F47', 165)",4,False,-0.027023259897114682,0.05012500000000003,-0.04405306820954091,0.487875
"('F47', 240)",1,True,-0.018679314227258992,0.005416666666666625,-0.0157079332478422,0.47258333333333336
"('F13', 161)",2,False,-0.08030901238525212,-0.013624999999999998,-0.03737649938733867,0.491625
"('F47', 165)",3,False,-0.07413622384870039,-0.009875000000000023,-0.04405306820954091,0.487875
"('F13', 161)",1,False,-0.04842510786469062,-0.025624999999999953,-0.03737649938733867,0.491625
"('F47', 165)",2,False,-0.04225231932813889,-0.021874999999999978,-0.04405306820954091,0.487875
"('F47', 165)",1,False,0.013302329946174585,0.016125,-0.04405306820954091,0.487875
"('F47', 133)",1,False,-0.031841039303409646,-0.01858333333333334,0.002476554255992802,0.46658333333333335
"('F47', 230)",2,True,-0.028553065331952177,-0.01287499999999997,-0.016368616432008154,0.460875
"('F47', 230)",1,True,-0.019954307827078688,0.021125000000000005,-0.016368616432008154,0.460875
"('F13', 150)",1,False,-0.025366842199068818,-0.04675000000000007,0.014171284143765783,0.8217500000000001
"('F47', 153)",2,False,0.01696029731973292,-0.0628333333333333,-0.03804162360967034,0.8378333333333333
"('F13', 245)",3,True,0.05607129728564064,-0.06525000000000003,-0.10683428866334843,0.84025
"('F47', 156)",4,False,0.06121424386241936,-0.05725000000000002,-0.06694280286941523,0.83225
"('F13', 142)",5,False,0.48971088698651694,0.3495416666666667,0.027469516293789853,0.4254583333333333
"('F47', 153)",1,False,0.02849330612489709,-0.010833333333333361,-0.03804162360967034,0.8378333333333333
"('F13', 245)",2,True,0.06760430609080481,-0.013250000000000095,-0.10683428866334843,0.84025
"('F47', 156)",3,False,0.07274725266758353,-0.005250000000000088,-0.06694280286941523,0.83225
"('F13', 142)",4,False,0.5012438957916812,0.40154166666666663,0.027469516293789853,0.4254583333333333
"('F13', 245)",1,True,-0.001418583157015596,0.011749999999999927,-0.10683428866334843,0.84025
"('F47', 156)",2,False,0.0037243634197631215,0.019749999999999934,-0.06694280286941523,0.83225
"('F13', 142)",3,False,0.4322210065438607,0.42654166666666665,0.027469516293789853,0.4254583333333333
"('F47', 156)",1,False,-0.0032101168170802774,-0.013250000000000095,-0.06694280286941523,0.83225
"('F13', 142)",2,False,0.4252865263070173,0.3935416666666666,0.027469516293789853,0.4254583333333333
"('F13', 142)",1,False,0.4147013314624592,0.40754166666666664,0.027469516293789853,0.4254583333333333
"('F47', 148)",1,False,-0.02407640249657428,0.002291666666666692,0.031011691354638105,0.4057083333333333
"('F13', 147)",2,False,0.004165052827065641,-0.0042500000000000315,0.04773730166066664,0.41225
"('F47', 150)",3,False,-0.20136864176822156,-0.018791666666666706,0.12135773809242878,0.4267916666666667
"('F13', 242)",4,True,-0.3366527665842412,-0.024041666666666683,0.0485022083391467,0.43204166666666666
"('F47', 152)",5,False,-0.4819875045587298,-0.03470833333333334,0.19498678182801493,0.4427083333333333
"('F13', 244)",6,True,-0.5624255185495025,-0.03204166666666669,-0.08608177894948721,0.44004166666666666
"('F47', 239)",7,True,-0.7143801788905428,-0.025875000000000037,0.07625681037276932,0.433875
"('F13', 152)",8,False,-0.8043859065702836,-0.025208333333333388,0.006537164298301534,0.43320833333333336
"('F13', 147)",1,False,0.07523039300246925,-0.000250000000000028,0.04773730166066664,0.41225
"('F47', 150)",2,False,-0.130303301592818,-0.014791666666666703,0.12135773809242878,0.4267916666666667
"('F13', 242)",3,True,-0.26558742640883765,-0.02004166666666668,0.0485022083391467,0.43204166666666666
"('F47', 152)",4,False,-0.41092216438332624,-0.030708333333333337,0.19498678182801493,0.4427083333333333
"('F13', 244)",5,True,-0.49136017837409895,-0.028041666666666687,-0.08608177894948721,0.44004166666666666
"('F47', 239)",6,True,-0.6433148387151393,-0.021875000000000033,0.07625681037276932,0.433875
"('F13', 152)",7,False,-0.7333205663948801,-0.021208333333333385,0.006537164298301534,0.43320833333333336
"('F47', 155)",8,False,-0.7127908467536161,-0.0036666666666666514,0.03990450671845541,0.41566666666666663
"('F47', 150)",1,False,-0.30292090279725875,-0.017791666666666706,0.12135773809242878,0.4267916666666667
"('F13', 242)",2,True,-0.4382050276132784,-0.023041666666666683,0.0485022083391467,0.43204166666666666
"('F47', 152)",3,False,-0.583539765587767,-0.03370833333333334,0.19498678182801493,0.4427083333333333
"('F13', 244)",4,True,-0.6639777795785398,-0.03104166666666669,-0.08608177894948721,0.44004166666666666
"('F47', 239)",5,True,-0.8159324399195801,-0.024875000000000036,0.07625681037276932,0.433875
"('F13', 152)",6,False,-0.9059381675993209,-0.024208333333333387,0.006537164298301534,0.43320833333333336
"('F47', 155)",7,False,-0.885408447958057,-0.006666666666666654,0.03990450671845541,0.41566666666666663
"('F13', 154)",8,False,-0.7955786481310221,-0.0036249999999999893,0.07541414564297072,0.41262499999999996
"('F13', 242)",1,True,-0.07956120661190735,-4.166666666666208e-05,0.0485022083391467,0.43204166666666666
"('F47', 152)",2,False,-0.22489594458639595,-0.01070833333333332,0.19498678182801493,0.4427083333333333
"('F13', 244)",3,True,-0.30533395857716866,-0.00804166666666667,-0.08608177894948721,0.44004166666666666
"('F47', 239)",4,True,-0.45728861891820904,-0.0018750000000000155,0.07625681037276932,0.433875
"('F13', 152)",5,False,-0.5472943465979498,-0.0012083333333333668,0.006537164298301534,0.43320833333333336
"('F47', 155)",6,False,-0.5267646269566859,0.016333333333333366,0.03990450671845541,0.41566666666666663
"('F13', 154)",7,False,-0.4369348271296511,0.01937500000000003,0.07541414564297072,0.41262499999999996
"('F47', 158)",8,False,-0.4468085877467739,0.021874999999999978,0.044684976043966984,0.410125
"('F47', 152)",1,False,-0.12240245422937823,-0.02070833333333333,0.19498678182801493,0.4427083333333333
"('F13', 244)",2,True,-0.20284046822015095,-0.018041666666666678,-0.08608177894948721,0.44004166666666666
"('F47', 239)",3,True,-0.35479512856119133,-0.011875000000000024,0.07625681037276932,0.433875
"('F13', 152)",4,False,-0.44480085624093213,-0.011208333333333376,0.006537164298301534,0.43320833333333336
"('F47', 155)",5,False,-0.4242711365996682,0.0063333333333333575,0.03990450671845541,0.41566666666666663
"('F13', 154)",6,False,-0.3344413367726334,0.009375000000000022,0.07541414564297072,0.41262499999999996
"('F47', 158)",7,False,-0.3443150973897562,0.011874999999999969,0.044684976043966984,0.410125
"('F13', 157)",8,False,-0.3380540089575049,-0.0028333333333333544,0.02003804425027078,0.42483333333333334
"('F13', 244)",1,True,-0.045697947439872044,-0.0050416666666666665,-0.08608177894948721,0.44004166666666666
"('F47', 239)",2,True,-0.19765260778091243,0.0011249999999999871,0.07625681037276932,0.433875
"('F13', 152)",3,False,-0.2876583354606532,0.0017916666666666359,0.006537164298301534,0.43320833333333336
"('F47', 155)",4,False,-0.2671286158193893,0.01933333333333337,0.03990450671845541,0.41566666666666663
"('F13', 154)",5,False,-0.17729881599235447,0.022375000000000034,0.07541414564297072,0.41262499999999996
"('F47', 158)",6,False,-0.18717257660947728,0.02487499999999998,0.044684976043966984,0.410125
"('F13', 157)",7,False,-0.18091148817722602,0.010166666666666657,0.02003804425027078,0.42483333333333334
"('F47', 167)",8,False,-0.24005656730808717,-0.024625000000000008,-0.016239863743637672,0.459625
"('F47', 239)",1,True,-0.14122408767899036,0.0011249999999999871,0.07625681037276932,0.433875
"('F13', 152)",2,False,-0.23122981535873116,0.0017916666666666359,0.006537164298301534,0.43320833333333336
"('F47', 155)",3,False,-0.21070009571746723,0.01933333333333337,0.03990450671845541,0.41566666666666663
"('F13', 154)",4,False,-0.12087029589043241,0.022375000000000034,0.07541414564297072,0.41262499999999996
"('F47', 158)",5,False,-0.13074405650755522,0.02487499999999998,0.044684976043966984,0.410125
"('F13', 157)",6,False,-0.12448296807530396,0.010166666666666657,0.02003804425027078,0.42483333333333334
"('F47', 167)",7,False,-0.1836280472061651,-0.024625000000000008,-0.016239863743637672,0.459625
"('F13', 167)",8,False,-0.1354421228567948,0.0025000000000000577,0.006833121565819722,0.43249999999999994
"('F13', 152)",1,False,-0.039554665885050744,-0.00520833333333337,0.006537164298301534,0.43320833333333336
"('F47', 155)",2,False,-0.01902494624378681,0.012333333333333363,0.03990450671845541,0.41566666666666663
"('F13', 154)",3,False,0.070804853583248,0.015375000000000028,0.07541414564297072,0.41262499999999996
"('F47', 158)",4,False,0.0609310929661252,0.017874999999999974,0.044684976043966984,0.410125
"('F13', 157)",5,False,0.06719218139837646,0.003166666666666651,0.02003804425027078,0.42483333333333334
"('F47', 167)",6,False,0.008047102267515316,-0.031625000000000014,-0.016239863743637672,0.459625
"('F13', 167)",7,False,0.05623302661688562,-0.0044999999999999485,0.006833121565819722,0.43249999999999994
"('F47', 169)",8,False,0.062149667206726766,0.014458333333333295,0.014207176574158209,0.4135416666666667
"('F47', 155)",1,False,0.016919738594818823,0.011333333333333362,0.03990450671845541,0.41566666666666663
"('F13', 154)",2,False,0.10674953842185358,0.014375000000000027,0.07541414564297072,0.41262499999999996
"('F47', 158)",3,False,0.09687577780473094,0.016874999999999973,0.044684976043966984,0.410125
"('F13', 157)",4,False,0.1031368662369822,0.00216666666666665,0.02003804425027078,0.42483333333333334
"('F47', 167)",5,False,0.043991787106121005,-0.032625000000000015,-0.016239863743637672,0.459625
"('F13', 167)",6,False,0.0921777114554913,-0.005499999999999949,0.006833121565819722,0.43249999999999994
"('F47', 169)",7,False,0.09809435204533257,0.013458333333333294,0.014207176574158209,0.4135416666666667
"('F13', 170)",8,False,0.06849712242280459,-0.00687500000000002,-0.008158925243108961,0.433875
"('F13', 154)",1,False,0.06460728621129508,-0.0026249999999999885,0.07541414564297072,0.41262499999999996
"('F47', 158)",2,False,0.05473352559417227,-0.00012500000000004174,0.044684976043966984,0.410125
"('F13', 157)",3,False,0.06099461402642353,-0.014833333333333365,0.02003804425027078,0.42483333333333334
"('F47', 167)",4,False,0.001849534895562388,-0.04962500000000003,-0.016239863743637672,0.459625
"('F13', 167)",5,False,0.05003545924493269,-0.022499999999999964,0.006833121565819722,0.43249999999999994
"('F47', 169)",6,False,0.05595209983477384,-0.0035416666666667207,0.014207176574158209,0.4135416666666667
"('F13', 170)",7,False,0.026354870212245918,-0.023875000000000035,-0.008158925243108961,0.433875
"('F47', 158)",1,False,-0.016991541901593854,0.01287499999999997,0.044684976043966984,0.410125
"('F13', 157)",2,False,-0.010730453469342593,-0.0018333333333333535,0.02003804425027078,0.42483333333333334
"('F47', 167)",3,False,-0.06987553260020374,-0.03662500000000002,-0.016239863743637672,0.459625
"('F13', 167)",4,False,-0.021689608250833436,-0.009499999999999953,0.006833121565819722,0.43249999999999994
"('F47', 169)",5,False,-0.015772967660992288,0.00945833333333329,0.014207176574158209,0.4135416666666667
"('F13', 170)",6,False,-0.04537019728352021,-0.010875000000000024,-0.008158925243108961,0.433875
"('F13', 157)",1,False,-0.00944261506310562,-0.0038333333333333552,0.02003804425027078,0.42483333333333334
"('F47', 167)",2,False,-0.06858769419396676,-0.03862500000000002,-0.016239863743637672,0.459625
"('F13', 167)",3,False,-0.020401769844596462,-0.011499999999999955,0.006833121565819722,0.43249999999999994
"('F47', 169)",4,False,-0.014485129254755313,0.007458333333333289,0.014207176574158209,0.4135416666666667
"('F13', 170)",5,False,-0.044082358877283234,-0.012875000000000025,-0.008158925243108961,0.433875
"('F47', 167)",1,False,0.00028551262425902113,0.009374999999999967,-0.016239863743637672,0.459625
"('F13', 167)",2,False,0.04847143697362932,0.03650000000000003,0.006833121565819722,0.43249999999999994
"('F47', 169)",3,False,0.05438807756347047,0.055458333333333276,0.014207176574158209,0.4135416666666667
"('F13', 170)",4,False,0.02479084794094255,0.03512499999999996,-0.008158925243108961,0.433875
"('F13', 167)",1,False,0.05379606341534393,0.05450000000000005,0.006833121565819722,0.43249999999999994
"('F47', 169)",2,False,0.05971270400518508,0.07345833333333329,0.014207176574158209,0.4135416666666667
"('F13', 170)",3,False,0.03011547438265716,0.05312499999999998,-0.008158925243108961,0.433875
"('F47', 169)",1,False,-0.04268945044968253,-0.025541666666666685,0.014207176574158209,0.4135416666666667
"('F13', 170)",2,False,-0.07228668007221045,-0.045875,-0.008158925243108961,0.433875
"('F13', 170)",1,False,-0.038854804527262754,-0.015875000000000028,-0.008158925243108961,0.433875
"('F13', 173)",1,False,-0.01843662220961112,-0.003916666666666679,0.048462970346306644,0.42091666666666666
"('F47', 140)",2,False,-0.008930939968521012,0.01366666666666666,0.042724491725543434,0.4033333333333333
"('F47', 140)",1,False,-0.00849047951708981,-0.0023333333333332984,0.042724491725543434,0.4033333333333333
"('F47', 144)",1,False,-0.0009810229992254782,-0.005874999999999964,0.034764966847417866,0.409875
"('F47', 135)",2,False,-0.11587973403335744,-0.08666666666666661,-0.044511255000442784,0.49066666666666664
"('F47', 137)",3,False,-0.13537503999108264,-0.107375,-0.11601209916625083,0.511375
"('F47', 216)",4,True,-0.23168570500688457,-0.1519583333333333,0.3385579734625206,0.5559583333333333
"('F47', 135)",1,False,-0.08551481743014028,-0.05166666666666664,-0.044511255000442784,0.49066666666666664
"('F47', 137)",2,False,-0.10501012338786547,-0.07237500000000002,-0.11601209916625083,0.511375
"('F47', 216)",3,True,-0.2013207884036674,-0.11695833333333333,0.3385579734625206,0.5559583333333333
"('F47', 137)",1,False,-0.002482156390639312,-0.00737500000000002,-0.11601209916625083,0.511375
"('F47', 216)",2,True,-0.09879282140644119,-0.05195833333333333,0.3385579734625206,0.5559583333333333
"('F47', 216)",1,True,-0.10528347430607432,-0.047958333333333325,0.3385579734625206,0.5559583333333333
"('F47', 154)",1,False,-0.03976680255575871,0.08500000000000019,-0.2555129111292793,1.6209999999999998
"('F13', 153)",2,False,-0.17830079402358257,0.06858333333333322,-0.1768369691116598,1.6374166666666667
"('F47', 157)",3,False,0.18614293997496723,0.49516666666666675,-0.29312810784441823,1.2108333333333332
"('F13', 156)",4,False,0.4021320452209446,0.9546666666666667,0.37129548754403296,0.7513333333333333
"('F47', 160)",5,False,0.4804641224125381,1.0122916666666666,0.08720049092136062,0.6937083333333334
"('F47', 161)",6,False,0.5516319506458699,1.06,0.5074259160375182,0.646
"('F13', 159)",7,False,0.6525892047732881,1.1072916666666668,0.28197235653267416,0.5987083333333333
"('F47', 163)",8,False,0.6928565661229367,1.13625,0.1982650629838819,0.56975
"('F13', 153)",1,False,-0.07020854738009552,0.028583333333333183,-0.1768369691116598,1.6374166666666667
"('F47', 157)",2,False,0.29423518661845427,0.4551666666666667,-0.29312810784441823,1.2108333333333332
"('F13', 156)",3,False,0.5102242918644316,0.9146666666666666,0.37129548754403296,0.7513333333333333
"('F47', 160)",4,False,0.5885563690560252,0.9722916666666666,0.08720049092136062,0.6937083333333334
"('F47', 161)",5,False,0.6597241972893569,1.02,0.5074259160375182,0.646
"('F13', 159)",6,False,0.7606814514167751,1.0672916666666667,0.28197235653267416,0.5987083333333333
"('F47', 163)",7,False,0.8009488127664237,1.09625,0.1982650629838819,0.56975
"('F13', 162)",8,False,0.795886690344959,1.0801249999999998,0.16260612269842023,0.585875
"('F47', 157)",1,False,0.3579941809444993,0.3341666666666667,-0.29312810784441823,1.2108333333333332
"('F13', 156)",2,False,0.5739832861904769,0.7936666666666666,0.37129548754403296,0.7513333333333333
"('F47', 160)",3,False,0.6523153633820704,0.8512916666666666,0.08720049092136062,0.6937083333333334
"('F47', 161)",4,False,0.723483191615402,0.8989999999999999,0.5074259160375182,0.646
"('F13', 159)",5,False,0.8244404457428202,0.9462916666666666,0.28197235653267416,0.5987083333333333
"('F47', 163)",6,False,0.8647078070924687,0.97525,0.1982650629838819,0.56975
"('F13', 162)",7,False,0.859645684671004,0.9591249999999999,0.16260612269842023,0.585875
"('F47', 241)",8,True,0.7362595521343831,0.8927499999999999,0.2706815927262055,0.65225
"('F13', 156)",1,False,-0.23161118440099604,0.04366666666666674,0.37129548754403296,0.7513333333333333
"('F47', 160)",2,False,-0.15327910720940252,0.10129166666666667,0.08720049092136062,0.6937083333333334
"('F47', 161)",3,False,-0.08211127897607085,0.14900000000000002,0.5074259160375182,0.646
"('F13', 159)",4,False,0.01884597515134734,0.19629166666666675,0.28197235653267416,0.5987083333333333
"('F47', 163)",5,False,0.05911333650099593,0.22525000000000006,0.1982650629838819,0.56975
"('F13', 162)",6,False,0.054051214079531285,0.209125,0.16260612269842023,0.585875
"('F47', 241)",7,True,-0.06933491845708961,0.14275000000000004,0.2706815927262055,0.65225
"('F13', 129)",8,False,-0.1248393393637297,0.07441666666666669,-0.05168256646100733,0.7205833333333334
"('F47', 160)",1,False,0.09697392349424472,0.015291666666666592,0.08720049092136062,0.6937083333333334
"('F47', 161)",2,False,0.1681417517275764,0.06299999999999994,0.5074259160375182,0.646
"('F13', 159)",3,False,0.2690990058549946,0.11029166666666668,0.28197235653267416,0.5987083333333333
"('F47', 163)",4,False,0.30936636720464317,0.13924999999999998,0.1982650629838819,0.56975
"('F13', 162)",5,False,0.3043042447831785,0.12312499999999993,0.16260612269842023,0.585875
"('F47', 241)",6,True,0.18091811224655763,0.05674999999999997,0.2706815927262055,0.65225
"('F13', 129)",7,False,0.12541369133991753,-0.01158333333333339,-0.05168256646100733,0.7205833333333334
"('F13', 131)",8,False,0.13940487176275318,-0.028750000000000053,0.02173869245746307,0.73775
"('F47', 161)",1,False,0.0019430446668334822,0.02300000000000002,0.5074259160375182,0.646
"('F13', 159)",2,False,0.10290029879425167,0.07029166666666675,0.28197235653267416,0.5987083333333333
"('F47', 163)",3,False,0.14316766014390025,0.09925000000000006,0.1982650629838819,0.56975
"('F13', 162)",4,False,0.1381055377224356,0.083125,0.16260612269842023,0.585875
"('F47', 241)",5,True,0.014719405185814716,0.016750000000000043,0.2706815927262055,0.65225
"('F13', 129)",6,False,-0.04078501572082538,-0.051583333333333314,-0.05168256646100733,0.7205833333333334
"('F13', 131)",7,False,-0.026793835297989732,-0.06874999999999998,0.02173869245746307,0.73775
"('F13', 159)",1,False,0.04040448403051777,0.03129166666666672,0.28197235653267416,0.5987083333333333
"('F47', 163)",2,False,0.08067184538016636,0.060250000000000026,0.1982650629838819,0.56975
"('F13', 162)",3,False,0.07560972295870172,0.04412499999999997,0.16260612269842023,0.585875
"('F47', 241)",4,True,-0.04777640957791918,-0.022249999999999992,0.2706815927262055,0.65225
"('F13', 129)",5,False,-0.10328083048455927,-0.09058333333333335,-0.05168256646100733,0.7205833333333334
"('F13', 131)",6,False,-0.08928965006172362,-0.10775000000000001,0.02173869245746307,0.73775
"('F47', 163)",1,False,0.0029216385092099006,0.007249999999999979,0.1982650629838819,0.56975
"('F13', 162)",2,False,-0.0021404839122547425,-0.008875000000000077,0.16260612269842023,0.585875
"('F47', 241)",3,True,-0.12552661644887564,-0.07525000000000004,0.2706815927262055,0.65225
"('F13', 129)",4,False,-0.18103103735551573,-0.1435833333333334,-0.05168256646100733,0.7205833333333334
"('F13', 131)",5,False,-0.1670398569326801,-0.16075000000000006,0.02173869245746307,0.73775
"('F13', 162)",1,False,-0.017547050500277717,-0.026874999999999982,0.16260612269842023,0.585875
"('F47', 241)",2,True,-0.1409331830368986,-0.09324999999999994,0.2706815927262055,0.65225
"('F13', 129)",3,False,-0.1964376039435387,-0.1615833333333333,-0.05168256646100733,0.7205833333333334
"('F13', 131)",4,False,-0.18244642352070306,-0.17874999999999996,0.02173869245746307,0.73775
"('F47', 241)",1,True,-0.10904482145871386,-0.06625000000000003,0.2706815927262055,0.65225
"('F13', 129)",2,False,-0.16454924236535395,-0.1345833333333334,-0.05168256646100733,0.7205833333333334
"('F13', 131)",3,False,-0.1505580619425183,-0.15175000000000005,0.02173869245746307,0.73775
"('F13', 129)",1,False,-0.026624943648481114,-0.03158333333333341,-0.05168256646100733,0.7205833333333334
"('F13', 131)",2,False,-0.012633763225645467,-0.04875000000000007,0.02173869245746307,0.73775
"('F13', 131)",1,False,-0.0030759074880077897,-0.016750000000000043,0.02173869245746307,0.73775
"('F47', 159)",1,False,0.06932675040467351,0.050000000000000044,0.05116018142231482,0.721
"('F13', 160)",1,False,0.06235484528158214,0.039916666666666656,0.27541481851012967,0.45808333333333334
"('F47', 166)",1,False,-0.018675881818370765,-0.057499999999999996,0.0731146775653887,0.6535
"('F13', 166)",2,False,-0.056416433993234594,-0.1316666666666666,0.034486164692852705,0.7276666666666666
"('F47', 168)",3,False,-0.03842049542351089,-0.18662500000000004,-0.08056562117720178,0.782625
"('F13', 169)",4,False,-0.027717631441537716,-0.22379166666666672,-0.11659359931368407,0.8197916666666667
"('F47', 171)",5,False,0.018200505971746272,-0.27049999999999996,0.027015702784578766,0.8664999999999999
"('F13', 172)",6,False,0.09607936804825157,-0.38237500000000013,-0.11962191464092464,0.9783750000000001
"('F47', 174)",7,False,0.1870405089433811,-0.4571666666666666,-0.13982504798953266,1.0531666666666666
"('F13', 175)",8,False,0.1659743104548792,-0.6739166666666668,-0.3020817272825199,1.2699166666666668
"('F13', 166)",1,False,-0.008083589336909447,-0.03866666666666663,0.034486164692852705,0.7276666666666666
"('F47', 168)",2,False,0.009912349232814255,-0.09362500000000007,-0.08056562117720178,0.782625
"('F13', 169)",3,False,0.02061521321478743,-0.13079166666666675,-0.11659359931368407,0.8197916666666667
"('F47', 171)",4,False,0.06653335062807142,-0.1775,0.027015702784578766,0.8664999999999999
"('F13', 172)",5,False,0.14441221270457671,-0.28937500000000016,-0.11962191464092464,0.9783750000000001
"('F47', 174)",6,False,0.23537335359970624,-0.36416666666666664,-0.13982504798953266,1.0531666666666666
"('F13', 175)",7,False,0.21430715511120435,-0.5809166666666669,-0.3020817272825199,1.2699166666666668
"('F47', 177)",8,False,0.24717733808290698,-0.7977916666666668,-0.4808242992201728,1.4867916666666667
"('F47', 168)",1,False,0.027710473104842315,-0.022625000000000006,-0.08056562117720178,0.782625
"('F13', 169)",2,False,0.03841333708681549,-0.05979166666666669,-0.11659359931368407,0.8197916666666667
"('F47', 171)",3,False,0.08433147450009948,-0.10649999999999993,0.027015702784578766,0.8664999999999999
"('F13', 172)",4,False,0.16221033657660489,-0.2183750000000001,-0.11962191464092464,0.9783750000000001
"('F47', 174)",5,False,0.2531714774717344,-0.2931666666666666,-0.13982504798953266,1.0531666666666666
"('F13', 175)",6,False,0.23210527898323252,-0.5099166666666668,-0.3020817272825199,1.2699166666666668
"('F47', 177)",7,False,0.26497546195493515,-0.7267916666666667,-0.4808242992201728,1.4867916666666667
"('F13', 178)",8,False,0.14695320877860762,-1.0820416666666668,-0.8019317359605729,1.8420416666666668
"('F13', 169)",1,False,0.025500801886838786,-0.022791666666666655,-0.11659359931368407,0.8197916666666667
"('F47', 171)",2,False,0.07141893930012277,-0.0694999999999999,0.027015702784578766,0.8664999999999999
"('F13', 172)",3,False,0.14929780137662807,-0.18137500000000006,-0.11962191464092464,0.9783750000000001
"('F47', 174)",4,False,0.2402589422717576,-0.25616666666666654,-0.13982504798953266,1.0531666666666666
"('F13', 175)",5,False,0.2191927437832557,-0.47291666666666676,-0.3020817272825199,1.2699166666666668
"('F47', 177)",6,False,0.25206292675495834,-0.6897916666666667,-0.4808242992201728,1.4867916666666667
"('F13', 178)",7,False,0.1340406735786308,-1.0450416666666666,-0.8019317359605729,1.8420416666666668
"('F47', 171)",1,False,0.04308908784542764,-0.035499999999999976,0.027015702784578766,0.8664999999999999
"('F13', 172)",2,False,0.12096794992193305,-0.14737500000000014,-0.11962191464092464,0.9783750000000001
"('F47', 174)",3,False,0.21192909081706213,-0.22216666666666662,-0.13982504798953266,1.0531666666666666
"('F13', 175)",4,False,0.19086289232856024,-0.43891666666666684,-0.3020817272825199,1.2699166666666668
"('F47', 177)",5,False,0.2237330753002631,-0.6557916666666668,-0.4808242992201728,1.4867916666666667
"('F13', 178)",6,False,0.10571082212393534,-1.0110416666666668,-0.8019317359605729,1.8420416666666668
"('F13', 172)",1,False,0.0029866212776629153,-0.11037500000000011,-0.11962191464092464,0.9783750000000001
"('F47', 174)",2,False,0.09394776217279222,-0.1851666666666666,-0.13982504798953266,1.0531666666666666
"('F13', 175)",3,False,0.07288156368429033,-0.4019166666666668,-0.3020817272825199,1.2699166666666668
"('F47', 177)",4,False,0.10575174665599318,-0.6187916666666667,-0.4808242992201728,1.4867916666666667
"('F13', 178)",5,False,-0.012270506520334568,-0.9740416666666668,-0.8019317359605729,1.8420416666666668
"('F47', 174)",1,False,-0.01197630333339128,-0.15116666666666656,-0.13982504798953266,1.0531666666666666
"('F13', 175)",2,False,-0.03304250182189317,-0.3679166666666668,-0.3020817272825199,1.2699166666666668
"('F47', 177)",3,False,-0.00017231885019031168,-0.5847916666666667,-0.4808242992201728,1.4867916666666667
"('F13', 178)",4,False,-0.11819457202651806,-0.9400416666666668,-0.8019317359605729,1.8420416666666668
"('F13', 175)",1,False,-0.2305272776000773,-0.34891666666666676,-0.3020817272825199,1.2699166666666668
"('F47', 177)",2,False,-0.19765709462837466,-0.5657916666666667,-0.4808242992201728,1.4867916666666667
"('F13', 178)",3,False,-0.3156793478047022,-0.9210416666666668,-0.8019317359605729,1.8420416666666668
"('F47', 177)",1,False,-0.27944326169577427,-0.4487916666666667,-0.4808242992201728,1.4867916666666667
"('F13', 178)",2,False,-0.3974655148721018,-0.8040416666666668,-0.8019317359605729,1.8420416666666668
"('F13', 178)",1,False,-0.2050825625804289,-0.3680416666666668,-0.8019317359605729,1.8420416666666668
"('F13', 213)",1,True,0.01783879244708192,0.01100000000000001,-0.010725971049053373,0.292
"('F47', 77)",2,False,0.0484032948344002,0.04470833333333335,0.034003193652106356,0.25829166666666664
"('F47', 75)",3,False,0.12211713295290882,0.108875,0.010786041995636708,0.194125
"('F47', 76)",4,False,0.12910429734220794,0.09958333333333333,0.0016526145520511515,0.20341666666666666
"('F47', 195)",5,True,0.12458403084494704,0.11116666666666666,0.007098108908903611,0.19183333333333333
"('F47', 79)",6,False,0.11841853901841068,0.11670833333333333,0.0102600936404936,0.18629166666666666
"('F47', 81)",7,False,0.09184740417387435,0.11729166666666666,0.0236424719891401,0.18570833333333334
"('F47', 196)",8,True,-0.010275027959282479,0.11874999999999997,0.06580376437631469,0.18425000000000002
"('F47', 77)",1,False,0.039856085468599534,0.03570833333333334,0.034003193652106356,0.25829166666666664
"('F47', 75)",2,False,0.11356992358710816,0.09987499999999999,0.010786041995636708,0.194125
"('F47', 76)",3,False,0.12055708797640727,0.09058333333333332,0.0016526145520511515,0.20341666666666666
"('F47', 195)",4,True,0.11603682147914637,0.10216666666666666,0.007098108908903611,0.19183333333333333
"('F47', 79)",5,False,0.10987132965261001,0.10770833333333332,0.0102600936404936,0.18629166666666666
"('F47', 81)",6,False,0.08330019480807369,0.10829166666666665,0.0236424719891401,0.18570833333333334
"('F47', 196)",7,True,-0.018822237325083147,0.10974999999999996,0.06580376437631469,0.18425000000000002
"('F47', 87)",8,False,-0.06768798963417966,0.09729166666666664,0.023906607269394753,0.19670833333333335
"('F47', 75)",1,False,0.06540141710042058,0.06787500000000002,0.010786041995636708,0.194125
"('F47', 76)",2,False,0.07238858148971963,0.05858333333333335,0.0016526145520511515,0.20341666666666666
"('F47', 195)",3,True,0.06786831499245874,0.07016666666666668,0.007098108908903611,0.19183333333333333
"('F47', 79)",4,False,0.06170282316592232,0.07570833333333335,0.0102600936404936,0.18629166666666666
"('F47', 81)",5,False,0.035131688321385995,0.07629166666666667,0.0236424719891401,0.18570833333333334
"('F47', 196)",6,True,-0.06699074381177084,0.07774999999999999,0.06580376437631469,0.18425000000000002
"('F47', 87)",7,False,-0.11585649612086735,0.06529166666666666,0.023906607269394753,0.19670833333333335
"('F47', 49)",8,False,-0.11012594523069297,0.05862500000000001,0.016831498691122992,0.203375
"('F47', 76)",1,False,0.022075167713584032,0.005583333333333329,0.0016526145520511515,0.20341666666666666
"('F47', 195)",2,True,0.017554901216323138,0.017166666666666663,0.007098108908903611,0.19183333333333333
"('F47', 79)",3,False,0.011389409389786748,0.02270833333333333,0.0102600936404936,0.18629166666666666
"('F47', 81)",4,False,-0.015181725454749578,0.023291666666666655,0.0236424719891401,0.18570833333333334
"('F47', 196)",5,True,-0.11730415758790641,0.024749999999999966,0.06580376437631469,0.18425000000000002
"('F47', 87)",6,False,-0.16616990989700292,0.012291666666666645,0.023906607269394753,0.19670833333333335
"('F47', 49)",7,False,-0.16043935900682854,0.005624999999999991,0.016831498691122992,0.203375
"('F47', 74)",8,False,-0.18796659247286987,-0.005166666666666708,0.06674011788044068,0.2141666666666667
"('F47', 195)",1,True,-0.014949798429549382,-0.0008333333333333248,0.007098108908903611,0.19183333333333333
"('F47', 79)",2,False,-0.021115290256085772,0.004708333333333342,0.0102600936404936,0.18629166666666666
"('F47', 81)",3,False,-0.0476864251006221,0.005291666666666667,0.0236424719891401,0.18570833333333334
"('F47', 196)",4,True,-0.14980885723377893,0.006749999999999978,0.06580376437631469,0.18425000000000002
"('F47', 87)",5,False,-0.19867460954287544,-0.005708333333333343,0.023906607269394753,0.19670833333333335
"('F47', 49)",6,False,-0.19294405865270106,-0.012374999999999997,0.016831498691122992,0.203375
"('F47', 74)",7,False,-0.2204712921187424,-0.023166666666666696,0.06674011788044068,0.2141666666666667
"('F47', 51)",8,False,-0.24918595869417615,-0.03554166666666664,0.01576445065306306,0.22654166666666664
"('F47', 79)",1,False,-0.0064429026986695115,0.005708333333333343,0.0102600936404936,0.18629166666666666
"('F47', 81)",2,False,-0.03301403754320584,0.006291666666666668,0.0236424719891401,0.18570833333333334
"('F47', 196)",3,True,-0.13513646967636267,0.007749999999999979,0.06580376437631469,0.18425000000000002
"('F47', 87)",4,False,-0.18400222198545918,-0.004708333333333342,0.023906607269394753,0.19670833333333335
"('F47', 49)",5,False,-0.1782716710952848,-0.011374999999999996,0.016831498691122992,0.203375
"('F47', 74)",6,False,-0.20579890456132613,-0.022166666666666696,0.06674011788044068,0.2141666666666667
"('F47', 51)",7,False,-0.23451357113675989,-0.03454166666666664,0.01576445065306306,0.22654166666666664
"('F47', 53)",8,False,-0.2598811733934032,-0.04737499999999997,0.03463902969828117,0.23937499999999998
"('F47', 81)",1,False,-0.03862431582141343,-0.0027083333333333404,0.0236424719891401,0.18570833333333334
"('F47', 196)",2,True,-0.14074674795457026,-0.0012500000000000289,0.06580376437631469,0.18425000000000002
"('F47', 87)",3,False,-0.18961250026366677,-0.01370833333333335,0.023906607269394753,0.19670833333333335
"('F47', 49)",4,False,-0.1838819493734924,-0.020375000000000004,0.016831498691122992,0.203375
"('F47', 74)",5,False,-0.21140918283953372,-0.031166666666666704,0.06674011788044068,0.2141666666666667
"('F47', 51)",6,False,-0.24012384941496748,-0.043541666666666645,0.01576445065306306,0.22654166666666664
"('F47', 53)",7,False,-0.2654914516716108,-0.05637499999999998,0.03463902969828117,0.23937499999999998
"('F47', 55)",8,False,-0.32013309613823987,-0.06762500000000005,0.03777598344975891,0.25062500000000004
"('F47', 196)",1,True,-0.09673240356190288,0.007749999999999979,0.06580376437631469,0.18425000000000002
"('F47', 87)",2,False,-0.1455981558709994,-0.004708333333333342,0.023906607269394753,0.19670833333333335
"('F47', 49)",3,False,-0.139867604980825,-0.011374999999999996,0.016831498691122992,0.203375
"('F47', 74)",4,False,-0.16739483844686634,-0.022166666666666696,0.06674011788044068,0.2141666666666667
"('F47', 51)",5,False,-0.1961095050223001,-0.03454166666666664,0.01576445065306306,0.22654166666666664
"('F47', 53)",6,False,-0.2214771072789434,-0.04737499999999997,0.03463902969828117,0.23937499999999998
"('F47', 55)",7,False,-0.2761187517455725,-0.05862500000000004,0.03777598344975891,0.25062500000000004
"('F47', 57)",8,False,-0.32354525252773986,-0.07266666666666666,-0.00625323445383652,0.26466666666666666
"('F47', 87)",1,False,-0.02071270093150193,-0.005708333333333343,0.023906607269394753,0.19670833333333335
"('F47', 49)",2,False,-0.014982150041327552,-0.012374999999999997,0.016831498691122992,0.203375
"('F47', 74)",3,False,-0.04250938350736888,-0.023166666666666696,0.06674011788044068,0.2141666666666667
"('F47', 51)",4,False,-0.07122405008280264,-0.03554166666666664,0.01576445065306306,0.22654166666666664
"('F47', 53)",5,False,-0.09659165233944594,-0.048374999999999974,0.03463902969828117,0.23937499999999998
"('F47', 55)",6,False,-0.15123329680607503,-0.05962500000000004,0.03777598344975891,0.25062500000000004
"('F47', 57)",7,False,-0.1986597975882424,-0.07366666666666666,-0.00625323445383652,0.26466666666666666
"('F47', 191)",8,True,-0.2289566746116232,-0.09950000000000003,0.16918418468716218,0.29050000000000004
"('F47', 49)",1,False,0.01520259911236127,-0.003374999999999989,0.016831498691122992,0.203375
"('F47', 74)",2,False,-0.012324634353680058,-0.014166666666666689,0.06674011788044068,0.2141666666666667
"('F47', 51)",3,False,-0.041039300929113814,-0.02654166666666663,0.01576445065306306,0.22654166666666664
"('F47', 53)",4,False,-0.06640690318575712,-0.039374999999999966,0.03463902969828117,0.23937499999999998
"('F47', 55)",5,False,-0.12104854765238621,-0.05062500000000003,0.03777598344975891,0.25062500000000004
"('F47', 57)",6,False,-0.16847504843455358,-0.06466666666666665,-0.00625323445383652,0.26466666666666666
"('F47', 191)",7,True,-0.19877192545793437,-0.09050000000000002,0.16918418468716218,0.29050000000000004
"('F47', 59)",8,False,-0.23175435567389024,-0.11383333333333334,0.06669238123575694,0.31383333333333335
"('F47', 74)",1,False,-0.02965305950463698,-0.005166666666666708,0.06674011788044068,0.2141666666666667
"('F47', 51)",2,False,-0.058367726080070736,-0.01754166666666665,0.01576445065306306,0.22654166666666664
"('F47', 53)",3,False,-0.08373532833671404,-0.030374999999999985,0.03463902969828117,0.23937499999999998
"('F47', 55)",4,False,-0.13837697280334313,-0.04162500000000005,0.03777598344975891,0.25062500000000004
"('F47', 57)",5,False,-0.1858034735855105,-0.05566666666666667,-0.00625323445383652,0.26466666666666666
"('F47', 191)",6,True,-0.2161003506088913,-0.08150000000000004,0.16918418468716218,0.29050000000000004
"('F47', 59)",7,False,-0.24908278082484717,-0.10483333333333336,0.06669238123575694,0.31383333333333335
"('F47', 61)",8,False,-0.23706578876366544,-0.12625,-0.0024920215884440267,0.33525
"('F47', 51)",1,False,-0.012789519453063503,-0.00654166666666664,0.01576445065306306,0.22654166666666664
"('F47', 53)",2,False,-0.03815712170970681,-0.019374999999999976,0.03463902969828117,0.23937499999999998
"('F47', 55)",3,False,-0.0927987661763359,-0.03062500000000004,0.03777598344975891,0.25062500000000004
"('F47', 57)",4,False,-0.14022526695850326,-0.04466666666666666,-0.00625323445383652,0.26466666666666666
"('F47', 191)",5,True,-0.17052214398188406,-0.07050000000000003,0.16918418468716218,0.29050000000000004
"('F47', 59)",6,False,-0.20350457419783993,-0.09383333333333335,0.06669238123575694,0.31383333333333335
"('F47', 61)",7,False,-0.1914875821366582,-0.11524999999999999,-0.0024920215884440267,0.33525
"('F47', 63)",8,False,-0.17840038385312104,-0.12487500000000004,0.0484609069011987,0.34487500000000004
"('F47', 53)",1,False,-0.018384986926789,-0.003374999999999989,0.03463902969828117,0.23937499999999998
"('F47', 55)",2,False,-0.07302663139341808,-0.014625000000000055,0.03777598344975891,0.25062500000000004
"('F47', 57)",3,False,-0.12045313217558545,-0.028666666666666674,-0.00625323445383652,0.26466666666666666
"('F47', 191)",4,True,-0.15075000919896625,-0.05450000000000005,0.16918418468716218,0.29050000000000004
"('F47', 59)",5,False,-0.18373243941492212,-0.07783333333333337,0.06669238123575694,0.31383333333333335
"('F47', 61)",6,False,-0.1717154473537404,-0.09925,-0.0024920215884440267,0.33525
"('F47', 63)",7,False,-0.15862824907020323,-0.10887500000000006,0.0484609069011987,0.34487500000000004
"('F47', 64)",8,False,-0.15319830937914586,-0.11983333333333329,0.048005325799244325,0.3558333333333333
"('F47', 55)",1,False,-0.0403611699439711,-0.004625000000000046,0.03777598344975891,0.25062500000000004
"('F47', 57)",2,False,-0.08778767072613847,-0.018666666666666665,-0.00625323445383652,0.26466666666666666
"('F47', 191)",3,True,-0.11808454774951926,-0.04450000000000004,0.16918418468716218,0.29050000000000004
"('F47', 59)",4,False,-0.15106697796547514,-0.06783333333333336,0.06669238123575694,0.31383333333333335
"('F47', 61)",5,False,-0.1390499859042934,-0.08925,-0.0024920215884440267,0.33525
"('F47', 63)",6,False,-0.12596278762075624,-0.09887500000000005,0.0484609069011987,0.34487500000000004
"('F47', 64)",7,False,-0.12053284792969887,-0.10983333333333328,0.048005325799244325,0.3558333333333333
"('F47', 28)",8,False,-0.137387994923292,-0.12566666666666665,-0.06854147876420447,0.37166666666666665
"('F47', 57)",1,False,-0.02071982215085122,-0.006666666666666654,-0.00625323445383652,0.26466666666666666
"('F47', 191)",2,True,-0.051016699174232016,-0.03250000000000003,0.16918418468716218,0.29050000000000004
"('F47', 59)",3,False,-0.08399912939018789,-0.055833333333333346,0.06669238123575694,0.31383333333333335
"('F47', 61)",4,False,-0.07198213732900616,-0.07724999999999999,-0.0024920215884440267,0.33525
"('F47', 63)",5,False,-0.058894939045469,-0.08687500000000004,0.0484609069011987,0.34487500000000004
"('F47', 64)",6,False,-0.053464999354411624,-0.09783333333333327,0.048005325799244325,0.3558333333333333
"('F47', 28)",7,False,-0.07032014634800476,-0.11366666666666664,-0.06854147876420447,0.37166666666666665
"('F13', 179)",8,True,-0.08187533650373174,-0.1434166666666667,-0.11590096105354425,0.4014166666666667
"('F47', 191)",1,True,-0.046343126265040724,-0.016500000000000015,0.16918418468716218,0.29050000000000004
"('F47', 59)",2,False,-0.0793255564809966,-0.03983333333333333,0.06669238123575694,0.31383333333333335
"('F47', 61)",3,False,-0.06730856441981486,-0.06124999999999997,-0.0024920215884440267,0.33525
"('F47', 63)",4,False,-0.054221366136277704,-0.07087500000000002,0.0484609069011987,0.34487500000000004
"('F47', 64)",5,False,-0.04879142644522033,-0.08183333333333326,0.048005325799244325,0.3558333333333333
"('F47', 28)",6,False,-0.06564657343881347,-0.09766666666666662,-0.06854147876420447,0.37166666666666665
"('F13', 179)",7,True,-0.07720176359454045,-0.12741666666666668,-0.11590096105354425,0.4014166666666667
"('F13', 9)",8,False,-0.05252443758468878,-0.11791666666666661,-0.07778040324715979,0.39191666666666664
"('F47', 59)",1,False,-0.008158988795172406,-0.02083333333333337,0.06669238123575694,0.31383333333333335
"('F47', 61)",2,False,0.0038580032660093244,-0.04225000000000001,-0.0024920215884440267,0.33525
"('F47', 63)",3,False,0.016945201549546485,-0.05187500000000006,0.0484609069011987,0.34487500000000004
"('F47', 64)",4,False,0.022375141240603857,-0.0628333333333333,0.048005325799244325,0.3558333333333333
"('F47', 28)",5,False,0.005519994247010718,-0.07866666666666666,-0.06854147876420447,0.37166666666666665
"('F13', 179)",6,True,-0.006035195908716262,-0.10841666666666672,-0.11590096105354425,0.4014166666666667
"('F13', 9)",7,False,0.018642130101135412,-0.09891666666666665,-0.07778040324715979,0.39191666666666664
"('F13', 10)",8,False,0.029529423702520374,-0.08124999999999999,-0.05168028718599654,0.37424999999999997
"('F47', 61)",1,False,0.0027903253225953217,-0.016249999999999987,-0.0024920215884440267,0.33525
"('F47', 63)",2,False,0.015877523606132482,-0.025875000000000037,0.0484609069011987,0.34487500000000004
"('F47', 64)",3,False,0.021307463297189855,-0.036833333333333274,0.048005325799244325,0.3558333333333333
"('F47', 28)",4,False,0.004452316303596715,-0.05266666666666664,-0.06854147876420447,0.37166666666666665
"('F13', 179)",5,True,-0.007102873852130265,-0.0824166666666667,-0.11590096105354425,0.4014166666666667
"('F13', 9)",6,False,0.01757445215772141,-0.07291666666666663,-0.07778040324715979,0.39191666666666664
"('F13', 10)",7,False,0.02846174575910637,-0.055249999999999966,-0.05168028718599654,0.37424999999999997
"('F13', 12)",8,False,0.02928833211356302,-0.03149999999999997,-0.02415517437821796,0.3505
"('F47', 63)",1,False,-0.010612475709343372,-0.012875000000000025,0.0484609069011987,0.34487500000000004
"('F47', 64)",2,False,-0.005182536018285999,-0.023833333333333262,0.048005325799244325,0.3558333333333333
"('F47', 28)",3,False,-0.02203768301187914,-0.03966666666666663,-0.06854147876420447,0.37166666666666665
"('F13', 179)",4,True,-0.03359287316760612,-0.06941666666666668,-0.11590096105354425,0.4014166666666667
"('F13', 9)",5,False,-0.008915547157754444,-0.05991666666666662,-0.07778040324715979,0.39191666666666664
"('F13', 10)",6,False,0.0019717464436305177,-0.042249999999999954,-0.05168028718599654,0.37424999999999997
"('F13', 12)",7,False,0.0027983327980871664,-0.01849999999999996,-0.02415517437821796,0.3505
"('F13', 182)",8,True,0.0076215884682755974,-0.0033749999999999614,-0.08460216195771131,0.335375
"('F47', 64)",1,False,-0.0003009724719317819,-0.006833333333333302,0.048005325799244325,0.3558333333333333
"('F47', 28)",2,False,-0.01715611946552492,-0.02266666666666667,-0.06854147876420447,0.37166666666666665
"('F13', 179)",3,True,-0.0287113096212519,-0.05241666666666672,-0.11590096105354425,0.4014166666666667
"('F13', 9)",4,False,-0.004033983611400227,-0.04291666666666666,-0.07778040324715979,0.39191666666666664
"('F13', 10)",5,False,0.006853309989984735,-0.025249999999999995,-0.05168028718599654,0.37424999999999997
"('F13', 12)",6,False,0.007679896344441384,-0.0015000000000000013,-0.02415517437821796,0.3505
"('F13', 182)",7,True,0.012503152014629815,0.013624999999999998,-0.08460216195771131,0.335375
"('F13', 14)",8,False,0.014920041423360841,0.025333333333333263,0.01743753411041027,0.3236666666666667
"('F47', 28)",1,False,-0.016901832843917386,-0.005666666666666653,-0.06854147876420447,0.37166666666666665
"('F13', 179)",2,True,-0.028457022999644366,-0.03541666666666671,-0.11590096105354425,0.4014166666666667
"('F13', 9)",3,False,-0.0037796969897926913,-0.025916666666666643,-0.07778040324715979,0.39191666666666664
"('F13', 10)",4,False,0.007107596611592271,-0.00824999999999998,-0.05168028718599654,0.37424999999999997
"('F13', 12)",5,False,0.00793418296604892,0.015500000000000014,-0.02415517437821796,0.3505
"('F13', 182)",6,True,0.01275743863623735,0.030625000000000013,-0.08460216195771131,0.335375
"('F13', 14)",7,False,0.015174328044968377,0.04233333333333328,0.01743753411041027,0.3236666666666667
"('F13', 16)",8,False,0.009690365594754613,0.04312499999999997,0.006529654506719995,0.322875
"('F13', 179)",1,True,-0.013078170763895947,-0.034416666666666706,-0.11590096105354425,0.4014166666666667
"('F13', 9)",2,False,0.011599155245955728,-0.024916666666666643,-0.07778040324715979,0.39191666666666664
"('F13', 10)",3,False,0.02248644884734069,-0.007249999999999979,-0.05168028718599654,0.37424999999999997
"('F13', 12)",4,False,0.02331303520179734,0.016500000000000015,-0.02415517437821796,0.3505
"('F13', 182)",5,True,0.02813629087198577,0.031625000000000014,-0.08460216195771131,0.335375
"('F13', 14)",6,False,0.030553180280716796,0.04333333333333328,0.01743753411041027,0.3236666666666667
"('F13', 16)",7,False,0.025069217830503032,0.04412499999999997,0.006529654506719995,0.322875
"('F13', 18)",8,False,-0.0038335278178279197,0.036458333333333315,-0.06311332710390866,0.3305416666666667
"('F13', 9)",1,False,0.02027806522120268,-0.0009166666666666212,-0.07778040324715979,0.39191666666666664
"('F13', 10)",2,False,0.03116535882258764,0.016750000000000043,-0.05168028718599654,0.37424999999999997
"('F13', 12)",3,False,0.03199194517704429,0.040500000000000036,-0.02415517437821796,0.3505
"('F13', 182)",4,True,0.03681520084723272,0.055625000000000036,-0.08460216195771131,0.335375
"('F13', 14)",5,False,0.03923209025596375,0.0673333333333333,0.01743753411041027,0.3236666666666667
"('F13', 16)",6,False,0.03374812780574998,0.06812499999999999,0.006529654506719995,0.322875
"('F13', 18)",7,False,0.0048453821574190314,0.060458333333333336,-0.06311332710390866,0.3305416666666667
"('F13', 20)",8,False,-0.029878569671406785,0.04904166666666665,-0.044595011973026066,0.34195833333333336
"('F13', 10)",1,False,-0.001187775569635563,0.008750000000000036,-0.05168028718599654,0.37424999999999997
"('F13', 12)",2,False,-0.0003611892151789142,0.03250000000000003,-0.02415517437821796,0.3505
"('F13', 182)",3,True,0.004462066455009517,0.04762500000000003,-0.08460216195771131,0.335375
"('F13', 14)",4,False,0.0068789558637405435,0.059333333333333294,0.01743753411041027,0.3236666666666667
"('F13', 16)",5,False,0.0013949934135267794,0.060124999999999984,0.006529654506719995,0.322875
"('F13', 18)",6,False,-0.027507752234804173,0.05245833333333333,-0.06311332710390866,0.3305416666666667
"('F13', 20)",7,False,-0.06223170406362999,0.04104166666666664,-0.044595011973026066,0.34195833333333336
"('F13', 22)",8,False,-0.1053627551085482,0.028791666666666604,-0.06106226305518492,0.3542083333333334
"('F13', 12)",1,False,0.006894386413055953,0.01150000000000001,-0.02415517437821796,0.3505
"('F13', 182)",2,True,0.011717642083244384,0.02662500000000001,-0.08460216195771131,0.335375
"('F13', 14)",3,False,0.01413453149197541,0.038333333333333275,0.01743753411041027,0.3236666666666667
"('F13', 16)",4,False,0.008650569041761647,0.039124999999999965,0.006529654506719995,0.322875
"('F13', 18)",5,False,-0.020252176606569305,0.03145833333333331,-0.06311332710390866,0.3305416666666667
"('F13', 20)",6,False,-0.05497612843539512,0.020041666666666624,-0.044595011973026066,0.34195833333333336
"('F13', 22)",7,False,-0.09810717948031333,0.007791666666666586,-0.06106226305518492,0.3542083333333334
"('F13', 182)",1,True,0.005699688468737807,0.0066250000000000475,-0.08460216195771131,0.335375
"('F13', 14)",2,False,0.008116577877468834,0.018333333333333313,0.01743753411041027,0.3236666666666667
"('F13', 16)",3,False,0.0026326154272550695,0.019125000000000003,0.006529654506719995,0.322875
"('F13', 18)",4,False,-0.026270130221075882,0.011458333333333348,-0.06311332710390866,0.3305416666666667
"('F13', 20)",5,False,-0.0609940820499017,4.166666666666208e-05,-0.044595011973026066,0.34195833333333336
"('F13', 22)",6,False,-0.10412513309481991,-0.012208333333333377,-0.06106226305518492,0.3542083333333334
"('F13', 14)",1,False,-0.008441833061430981,-0.0016666666666667052,0.01743753411041027,0.3236666666666667
"('F13', 16)",2,False,-0.013925795511644745,-0.0008750000000000147,0.006529654506719995,0.322875
"('F13', 18)",3,False,-0.0428285411599757,-0.00854166666666667,-0.06311332710390866,0.3305416666666667
"('F13', 20)",4,False,-0.07755249298880151,-0.019958333333333356,-0.044595011973026066,0.34195833333333336
"('F13', 22)",5,False,-0.12068354403371973,-0.032208333333333394,-0.06106226305518492,0.3542083333333334
"('F13', 16)",1,False,-0.0029183393045458805,-0.0038750000000000173,0.006529654506719995,0.322875
"('F13', 18)",2,False,-0.03182108495287683,-0.011541666666666672,-0.06311332710390866,0.3305416666666667
"('F13', 20)",3,False,-0.06654503678170265,-0.02295833333333336,-0.044595011973026066,0.34195833333333336
"('F13', 22)",4,False,-0.10967608782662086,-0.0352083333333334,-0.06106226305518492,0.3542083333333334
"('F13', 18)",1,False,-0.024675156923405273,-0.00854166666666667,-0.06311332710390866,0.3305416666666667
"('F13', 20)",2,False,-0.05939910875223109,-0.019958333333333356,-0.044595011973026066,0.34195833333333336
"('F13', 22)",3,False,-0.1025301597971493,-0.032208333333333394,-0.06106226305518492,0.3542083333333334
"('F13', 20)",1,False,-0.03756382786013629,-0.008958333333333346,-0.044595011973026066,0.34195833333333336
"('F13', 22)",2,False,-0.0806948789050545,-0.021208333333333385,-0.06106226305518492,0.3542083333333334
"('F13', 22)",1,False,-0.029715667452570815,-0.00920833333333343,-0.06106226305518492,0.3542083333333334
"('F13', 183)",1,True,0.004808047899230783,0.0020833333333333814,-0.07123413792212085,0.3569166666666666
"('F13', 30)",2,False,-0.028321987157382322,-4.166666666671759e-05,-0.03323609205927641,0.3590416666666667
"('F13', 32)",3,False,-0.03566796490652663,0.02949999999999997,-0.06834268342959998,0.3295
"('F13', 30)",1,False,-0.024271137332312342,-0.0010416666666667185,-0.03323609205927641,0.3590416666666667
"('F13', 32)",2,False,-0.03161711508145665,0.02849999999999997,-0.06834268342959998,0.3295
"('F13', 32)",1,False,-0.012340790091238563,0.006500000000000006,-0.06834268342959998,0.3295
"('F47', 43)",1,False,0.0029695279084336335,0.009624999999999995,0.007390192451076361,0.250375
"('F47', 45)",2,False,-0.004966959609408794,0.006708333333333372,0.008601516075533278,0.25329166666666664
"('F47', 113)",3,False,-0.0039205993952100004,0.009583333333333333,0.03417483829106316,0.2504166666666667
"('F47', 45)",1,False,-0.016655759041543483,-0.005291666666666639,0.008601516075533278,0.25329166666666664
"('F47', 113)",2,False,-0.01560939882734469,-0.002416666666666678,0.03417483829106316,0.2504166666666667
"('F47', 113)",1,False,0.007645274642622657,0.00658333333333333,0.03417483829106316,0.2504166666666667
"('F13', 143)",1,False,-0.07808534065390349,-0.15574999999999983,-0.29688490476129425,1.52975
"('F47', 147)",2,False,-0.15353430002877544,-0.3764583333333331,-0.33521097310101355,1.7504583333333332
"('F13', 146)",3,False,0.027933059231596502,-0.12166666666666659,-0.12226054787338825,1.4956666666666667
"('F47', 147)",1,False,0.09553579933700407,0.10354166666666687,-0.33521097310101355,1.7504583333333332
"('F13', 146)",2,False,0.277003158597376,0.3583333333333334,-0.12226054787338825,1.4956666666666667
"('F13', 146)",1,False,0.08173804865434864,0.1353333333333333,-0.12226054787338825,1.4956666666666667
"('F47', 23)",1,False,-0.018557668423756113,-0.020625000000000004,0.1200841993733949,0.181625
"('F47', 22)",2,False,-0.05721517987831079,-0.05654166666666666,0.020289970414271247,0.21754166666666666
"('F47', 24)",3,False,-0.07556398540353465,-0.06520833333333334,0.059922851169603275,0.22620833333333334
"('F47', 25)",4,False,-0.08428698952180608,-0.07075000000000001,0.006155965399890134,0.23175
"('F47', 27)",5,False,-0.09742970067284668,-0.08379166666666665,-0.023294580816806715,0.24479166666666666
"('F47', 29)",6,False,-0.11888415777121575,-0.10204166666666667,-0.008865318146312029,0.2630416666666667
"('F47', 6)",7,False,-0.10826345424805303,-0.07950000000000002,-0.02190182753604683,0.24050000000000002
"('F47', 8)",8,False,-0.06931582084087246,-0.04641666666666666,-0.02185849051262434,0.20741666666666667
"('F47', 22)",1,False,-0.021864801252631627,-0.020541666666666653,0.020289970414271247,0.21754166666666666
"('F47', 24)",2,False,-0.04021360677785549,-0.029208333333333336,0.059922851169603275,0.22620833333333334
"('F47', 25)",3,False,-0.048936610896126914,-0.03475,0.006155965399890134,0.23175
"('F47', 27)",4,False,-0.06207932204716751,-0.04779166666666665,-0.023294580816806715,0.24479166666666666
"('F47', 29)",5,False,-0.08353377914553659,-0.06604166666666667,-0.008865318146312029,0.2630416666666667
"('F47', 6)",6,False,-0.07291307562237387,-0.04350000000000001,-0.02190182753604683,0.24050000000000002
"('F47', 8)",7,False,-0.03396544221519329,-0.010416666666666657,-0.02185849051262434,0.20741666666666667
"('F47', 9)",8,False,-0.0037482967772195785,0.022374999999999978,0.020985934918400645,0.17462500000000003
"('F47', 24)",1,False,-0.012284725584179007,-0.003208333333333341,0.059922851169603275,0.22620833333333334
"('F47', 25)",2,False,-0.021007729702450434,-0.008750000000000008,0.006155965399890134,0.23175
"('F47', 27)",3,False,-0.03415044085349103,-0.021791666666666654,-0.023294580816806715,0.24479166666666666
"('F47', 29)",4,False,-0.055604897951860105,-0.04004166666666667,-0.008865318146312029,0.2630416666666667
"('F47', 6)",5,False,-0.04498419442869739,-0.017500000000000016,-0.02190182753604683,0.24050000000000002
"('F47', 8)",6,False,-0.006036561021516812,0.015583333333333338,-0.02185849051262434,0.20741666666666667
"('F47', 9)",7,False,0.0241805844164569,0.048374999999999974,0.020985934918400645,0.17462500000000003
"('F47', 10)",8,False,0.04548365990665795,0.076375,0.07382073677835632,0.146625
"('F47', 25)",1,False,0.0036334498346450583,-0.0007500000000000007,0.006155965399890134,0.23175
"('F47', 27)",2,False,-0.00950926131639554,-0.013791666666666647,-0.023294580816806715,0.24479166666666666
"('F47', 29)",3,False,-0.030963718414764613,-0.03204166666666666,-0.008865318146312029,0.2630416666666667
"('F47', 6)",4,False,-0.020343014891601896,-0.009500000000000008,-0.02190182753604683,0.24050000000000002
"('F47', 8)",5,False,0.01860461851557868,0.023583333333333345,-0.02185849051262434,0.20741666666666667
"('F47', 9)",6,False,0.048821763953552394,0.05637499999999998,0.020985934918400645,0.17462500000000003
"('F47', 10)",7,False,0.07012483944375345,0.084375,0.07382073677835632,0.146625
"('F47', 12)",8,False,0.08790410825269526,0.09941666666666665,0.08217382818295821,0.13158333333333336
"('F47', 27)",1,False,-0.014073670846351388,-0.00979166666666667,-0.023294580816806715,0.24479166666666666
"('F47', 29)",2,False,-0.03552812794472046,-0.028041666666666687,-0.008865318146312029,0.2630416666666667
"('F47', 6)",3,False,-0.024907424421557744,-0.005500000000000033,-0.02190182753604683,0.24050000000000002
"('F47', 8)",4,False,0.014040208985622832,0.02758333333333332,-0.02185849051262434,0.20741666666666667
"('F47', 9)",5,False,0.044257354423596545,0.060374999999999956,0.020985934918400645,0.17462500000000003
"('F47', 10)",6,False,0.0655604299137976,0.08837499999999998,0.07382073677835632,0.146625
"('F47', 12)",7,False,0.08333969872273941,0.10341666666666663,0.08217382818295821,0.13158333333333336
"('F47', 29)",1,False,-0.03326762686301821,-0.025041666666666684,-0.008865318146312029,0.2630416666666667
"('F47', 6)",2,False,-0.02264692333985549,-0.00250000000000003,-0.02190182753604683,0.24050000000000002
"('F47', 8)",3,False,0.016300710067325086,0.030583333333333323,-0.02185849051262434,0.20741666666666667
"('F47', 9)",4,False,0.0465178555052988,0.06337499999999996,0.020985934918400645,0.17462500000000003
"('F47', 10)",5,False,0.06782093099549985,0.09137499999999998,0.07382073677835632,0.146625
"('F47', 12)",6,False,0.08560019980444167,0.10641666666666663,0.08217382818295821,0.13158333333333336
"('F47', 6)",1,False,0.015597420925486688,0.024499999999999994,-0.02190182753604683,0.24050000000000002
"('F47', 8)",2,False,0.05454505433266724,0.05758333333333335,-0.02185849051262434,0.20741666666666667
"('F47', 9)",3,False,0.08476219977064098,0.09037499999999998,0.020985934918400645,0.17462500000000003
"('F47', 10)",4,False,0.10606527526084203,0.11837500000000001,0.07382073677835632,0.146625
"('F47', 12)",5,False,0.12384454406978387,0.13341666666666666,0.08217382818295821,0.13158333333333336
"('F47', 8)",1,False,0.03307754756905973,0.01858333333333334,-0.02185849051262434,0.20741666666666667
"('F47', 9)",2,False,0.06329469300703344,0.051374999999999976,0.020985934918400645,0.17462500000000003
"('F47', 10)",3,False,0.0845977684972345,0.079375,0.07382073677835632,0.146625
"('F47', 12)",4,False,0.10237703730617631,0.09441666666666665,0.08217382818295821,0.13158333333333336
"('F47', 9)",1,False,0.0042117380867823795,0.02337499999999998,0.020985934918400645,0.17462500000000003
"('F47', 10)",2,False,0.02551481357698343,0.051375000000000004,0.07382073677835632,0.146625
"('F47', 12)",3,False,0.04329408238592525,0.06641666666666665,0.08217382818295821,0.13158333333333336
"('F47', 10)",1,False,0.008258640731108352,0.017375,0.07382073677835632,0.146625
"('F47', 12)",2,False,0.02603790954005017,0.03241666666666665,0.08217382818295821,0.13158333333333336
"('F47', 12)",1,False,0.01938009622710629,0.008416666666666656,0.08217382818295821,0.13158333333333336
"('F47', 14)",1,False,-0.003225151739298257,0.00474999999999999,0.033074921507496066,0.11625
"('F47', 17)",2,False,-0.0006874813445034156,0.008624999999999994,0.11521408306043338,0.112375
"('F47', 19)",3,False,0.0021591754952541703,-0.0027499999999999886,0.14376430629381698,0.12374999999999999
"('F13', 8)",4,False,-0.04609498794755054,-0.05620833333333333,0.17308949271587373,0.17720833333333333
"('F13', 180)",5,True,-0.1642346311085326,-0.17095833333333332,-0.01948683995537337,0.2919583333333333
"('F13', 11)",6,False,-0.2538718472166698,-0.24733333333333335,-0.002496794889505327,0.36833333333333335
"('F13', 181)",7,True,-0.2772428949115513,-0.26258333333333334,-0.11458044311489946,0.38358333333333333
"('F13', 13)",8,False,-0.2736032289028267,-0.27954166666666663,-0.11533773933855312,0.40054166666666663
"('F47', 17)",1,False,0.0096561791522677,0.0036250000000000032,0.11521408306043338,0.112375
"('F47', 19)",2,False,0.012502835992025271,-0.007749999999999979,0.14376430629381698,0.12374999999999999
"('F13', 8)",3,False,-0.03575132745077944,-0.06120833333333332,0.17308949271587373,0.17720833333333333
"('F13', 180)",4,True,-0.1538909706117615,-0.17595833333333333,-0.01948683995537337,0.2919583333333333
"('F13', 11)",5,False,-0.24352818671989868,-0.25233333333333335,-0.002496794889505327,0.36833333333333335
"('F13', 181)",6,True,-0.2668992344147802,-0.26758333333333334,-0.11458044311489946,0.38358333333333333
"('F13', 13)",7,False,-0.2632595684060556,-0.28454166666666664,-0.11533773933855312,0.40054166666666663
"('F47', 19)",1,False,-0.0006294775443045908,-0.00874999999999998,0.14376430629381698,0.12374999999999999
"('F13', 8)",2,False,-0.04888364098710932,-0.062208333333333324,0.17308949271587373,0.17720833333333333
"('F13', 180)",3,True,-0.16702328414809137,-0.17695833333333333,-0.01948683995537337,0.2919583333333333
"('F13', 11)",4,False,-0.25666050025622855,-0.25333333333333335,-0.002496794889505327,0.36833333333333335
"('F13', 181)",5,True,-0.28003154795111007,-0.26858333333333334,-0.11458044311489946,0.38358333333333333
"('F13', 13)",6,False,-0.27639188194238545,-0.28554166666666664,-0.11533773933855312,0.40054166666666663
"('F13', 8)",1,False,-0.04529793647768446,-0.047208333333333324,0.17308949271587373,0.17720833333333333
"('F13', 180)",2,True,-0.1634375796386665,-0.16195833333333332,-0.01948683995537337,0.2919583333333333
"('F13', 11)",3,False,-0.2530747957468037,-0.23833333333333334,-0.002496794889505327,0.36833333333333335
"('F13', 181)",4,True,-0.2764458434416852,-0.2535833333333333,-0.11458044311489946,0.38358333333333333
"('F13', 13)",5,False,-0.2728061774329606,-0.2705416666666666,-0.11533773933855312,0.40054166666666663
"('F13', 180)",1,True,-0.08563095771777543,-0.07495833333333332,-0.01948683995537337,0.2919583333333333
"('F13', 11)",2,False,-0.17526817382591262,-0.15133333333333335,-0.002496794889505327,0.36833333333333335
"('F13', 181)",3,True,-0.19863922152079413,-0.16658333333333333,-0.11458044311489946,0.38358333333333333
"('F13', 13)",4,False,-0.19499955551206952,-0.18354166666666663,-0.11533773933855312,0.40054166666666663
"('F13', 11)",1,False,-0.030223526149661395,-0.00833333333333336,-0.002496794889505327,0.36833333333333335
"('F13', 181)",2,True,-0.053594573844542914,-0.023583333333333345,-0.11458044311489946,0.38358333333333333
"('F13', 13)",3,False,-0.049954907835818296,-0.04054166666666664,-0.11533773933855312,0.40054166666666663
"('F13', 181)",1,True,-0.02194184700991303,-0.007583333333333331,-0.11458044311489946,0.38358333333333333
"('F13', 13)",2,False,-0.01830218100118841,-0.02454166666666663,-0.11533773933855312,0.40054166666666663
"('F13', 13)",1,False,0.001428892784824165,-0.002541666666666609,-0.11533773933855312,0.40054166666666663
"('F13', 17)",1,False,0.015083881248634634,0.010166666666666602,-0.05897633492877424,0.39683333333333337
"('F13', 19)",2,False,0.02175274754767792,0.02362499999999995,-0.08453661042354249,0.383375
"('F13', 21)",3,False,0.07642081174028031,0.044416666666666715,-0.07187813680894573,0.36258333333333326
"('F13', 19)",1,False,-0.007718238381865694,0.010624999999999996,-0.08453661042354249,0.383375
"('F13', 21)",2,False,0.0469498258107367,0.03141666666666676,-0.07187813680894573,0.36258333333333326
"('F13', 21)",1,False,0.03728281150120921,0.015416666666666745,-0.07187813680894573,0.36258333333333326
"('F13', 27)",1,False,-0.008187020199101502,-0.013958333333333406,-0.029514076262428135,0.3579583333333334
"('F13', 28)",2,False,0.04494586783631116,-0.022625000000000006,-0.10625463597828005,0.366625
"('F47', 7)",3,False,0.0623035909193711,-0.013208333333333377,-0.14777750088301356,0.35720833333333335
"('F13', 29)",4,False,0.09828031594310088,0.03604166666666664,-0.04658937720390027,0.30795833333333333
"('F47', 30)",5,False,0.1415178733428128,0.05575000000000002,-0.05853291008227829,0.28824999999999995
"('F47', 31)",6,False,0.18103648118723453,0.06404166666666661,0.02205641711482198,0.27995833333333336
"('F47', 33)",7,False,0.2032298353890833,0.06858333333333327,-0.04557286216688025,0.2754166666666667
"('F13', 35)",8,False,0.20831852724994115,0.08054166666666662,-0.0575506454845085,0.26345833333333335
"('F13', 28)",1,False,0.04747842607124919,-0.0036249999999999893,-0.10625463597828005,0.366625
"('F47', 7)",2,False,0.06483614915430913,0.005791666666666639,-0.14777750088301356,0.35720833333333335
"('F13', 29)",3,False,0.10081287417803891,0.055041666666666655,-0.04658937720390027,0.30795833333333333
"('F47', 30)",4,False,0.14405043157775083,0.07475000000000004,-0.05853291008227829,0.28824999999999995
"('F47', 31)",5,False,0.18356903942217256,0.08304166666666662,0.02205641711482198,0.27995833333333336
"('F47', 33)",6,False,0.20576239362402132,0.08758333333333329,-0.04557286216688025,0.2754166666666667
"('F13', 35)",7,False,0.21085108548487919,0.09954166666666664,-0.0575506454845085,0.26345833333333335
"('F47', 50)",8,False,0.304990988137525,0.2105,0.01899314668341351,0.1525
"('F47', 7)",1,False,0.015099743137165778,0.010791666666666644,-0.14777750088301356,0.35720833333333335
"('F13', 29)",2,False,0.05107646816089556,0.06004166666666666,-0.04658937720390027,0.30795833333333333
"('F47', 30)",3,False,0.09431402556060747,0.07975000000000004,-0.05853291008227829,0.28824999999999995
"('F47', 31)",4,False,0.1338326334050292,0.08804166666666663,0.02205641711482198,0.27995833333333336
"('F47', 33)",5,False,0.15602598760687797,0.0925833333333333,-0.04557286216688025,0.2754166666666667
"('F13', 35)",6,False,0.16111467946773583,0.10454166666666664,-0.0575506454845085,0.26345833333333335
"('F47', 50)",7,False,0.25525458212038166,0.2155,0.01899314668341351,0.1525
"('F47', 52)",8,False,0.23653043735959206,0.20775,0.026986778896256364,0.16025
"('F13', 29)",1,False,0.008793759375331,0.023041666666666683,-0.04658937720390027,0.30795833333333333
"('F47', 30)",2,False,0.05203131677504286,0.042750000000000066,-0.05853291008227829,0.28824999999999995
"('F47', 31)",3,False,0.0915499246194646,0.05104166666666665,0.02205641711482198,0.27995833333333336
"('F47', 33)",4,False,0.11374327882131335,0.05558333333333332,-0.04557286216688025,0.2754166666666667
"('F13', 35)",5,False,0.11883197068217122,0.06754166666666667,-0.0575506454845085,0.26345833333333335
"('F47', 50)",6,False,0.21297187333481707,0.17850000000000002,0.01899314668341351,0.1525
"('F47', 52)",7,False,0.19424772857402745,0.17075,0.026986778896256364,0.16025
"('F47', 54)",8,False,0.18588691082404116,0.171,0.03481793663602831,0.16
"('F47', 30)",1,False,0.029960874591251574,0.010750000000000037,-0.05853291008227829,0.28824999999999995
"('F47', 31)",2,False,0.06947948243567331,0.019041666666666623,0.02205641711482198,0.27995833333333336
"('F47', 33)",3,False,0.09167283663752207,0.02358333333333329,-0.04557286216688025,0.2754166666666667
"('F13', 35)",4,False,0.09676152849837993,0.03554166666666664,-0.0575506454845085,0.26345833333333335
"('F47', 50)",5,False,0.19090143115102579,0.1465,0.01899314668341351,0.1525
"('F47', 52)",6,False,0.17217728639023616,0.13874999999999998,0.026986778896256364,0.16025
"('F47', 54)",7,False,0.16381646864024987,0.13899999999999998,0.03481793663602831,0.16
"('F47', 31)",1,False,0.010090653863382815,0.00404166666666661,0.02205641711482198,0.27995833333333336
"('F47', 33)",2,False,0.03228400806523157,0.008583333333333276,-0.04557286216688025,0.2754166666666667
"('F13', 35)",3,False,0.03737269992608949,0.020541666666666625,-0.0575506454845085,0.26345833333333335
"('F47', 50)",4,False,0.1315126025787353,0.13149999999999998,0.01899314668341351,0.1525
"('F47', 52)",5,False,0.11278845781794566,0.12374999999999997,0.026986778896256364,0.16025
"('F47', 54)",6,False,0.10442764006795938,0.12399999999999997,0.03481793663602831,0.16
"('F47', 33)",1,False,0.023674393131091487,0.0015833333333333255,-0.04557286216688025,0.2754166666666667
"('F13', 35)",2,False,0.02876308499194935,0.013541666666666674,-0.0575506454845085,0.26345833333333335
"('F47', 50)",3,False,0.1229029876445952,0.12450000000000003,0.01899314668341351,0.1525
"('F47', 52)",4,False,0.10417884288380558,0.11675000000000002,0.026986778896256364,0.16025
"('F47', 54)",5,False,0.09581802513381929,0.11700000000000002,0.03481793663602831,0.16
"('F13', 35)",1,False,-0.007527635000153632,0.007541666666666669,-0.0575506454845085,0.26345833333333335
"('F47', 50)",2,False,0.08661226765249216,0.11850000000000002,0.01899314668341351,0.1525
"('F47', 52)",3,False,0.06788812289170254,0.11075000000000002,0.026986778896256364,0.16025
"('F47', 54)",4,False,0.05952730514171625,0.11100000000000002,0.03481793663602831,0.16
"('F47', 50)",1,False,0.08582304586009379,0.10250000000000001,0.01899314668341351,0.1525
"('F47', 52)",2,False,0.06709890109930416,0.09475,0.026986778896256364,0.16025
"('F47', 54)",3,False,0.05873808334931788,0.095,0.03481793663602831,0.16
"('F47', 52)",1,False,-0.011733302688252262,0.005750000000000005,0.026986778896256364,0.16025
"('F47', 54)",2,False,-0.02009412043823855,0.006000000000000005,0.03481793663602831,0.16
"('F47', 54)",1,False,-0.0008303180825486312,0.006000000000000005,0.03481793663602831,0.16
"('F47', 58)",1,False,-0.0004547273912062777,0.004833333333333356,0.004279548461514737,0.16016666666666665
"('F47', 60)",2,False,0.007158052221183014,0.015083333333333337,0.011252469169933776,0.14991666666666667
"('F47', 62)",3,False,-0.012291925590010189,0.005833333333333329,0.009230000644736419,0.15916666666666668
"('F47', 192)",4,True,-0.0053493813467625495,0.020583333333333342,0.011132294152904537,0.14441666666666667
"('F47', 65)",5,False,-0.0170566059872837,0.010166666666666657,0.047443134794991015,0.15483333333333335
"('F47', 67)",6,False,-0.035583882297875596,-0.0037916666666666654,-0.001623251269854381,0.16879166666666667
"('F47', 68)",7,False,-0.060490915793929956,-0.043875,-0.0127227422204797,0.208875
"('F47', 70)",8,False,-0.06994733917940385,-0.029416666666666674,0.02092473184396168,0.19441666666666668
"('F47', 60)",1,False,0.009164601901678365,0.020083333333333342,0.011252469169933776,0.14991666666666667
"('F47', 62)",2,False,-0.010285375909514838,0.010833333333333334,0.009230000644736419,0.15916666666666668
"('F47', 192)",3,True,-0.0033428316662671986,0.025583333333333347,0.011132294152904537,0.14441666666666667
"('F47', 65)",4,False,-0.01505005630678835,0.015166666666666662,0.047443134794991015,0.15483333333333335
"('F47', 67)",5,False,-0.033577332617380246,0.001208333333333339,-0.001623251269854381,0.16879166666666667
"('F47', 68)",6,False,-0.058484366113434605,-0.03887499999999999,-0.0127227422204797,0.208875
"('F47', 70)",7,False,-0.0679407894989085,-0.02441666666666667,0.02092473184396168,0.19441666666666668
"('F47', 72)",8,False,-0.07385544023820387,-0.01212499999999997,0.006297935724717596,0.18212499999999998
"('F47', 62)",1,False,-0.0035429419325879175,0.013833333333333309,0.009230000644736419,0.15916666666666668
"('F47', 192)",2,True,0.0033996023106597217,0.02858333333333332,0.011132294152904537,0.14441666666666667
"('F47', 65)",3,False,-0.00830762232986143,0.018166666666666637,0.047443134794991015,0.15483333333333335
"('F47', 67)",4,False,-0.026834898640453325,0.004208333333333314,-0.001623251269854381,0.16879166666666667
"('F47', 68)",5,False,-0.051741932136507685,-0.03587500000000002,-0.0127227422204797,0.208875
"('F47', 70)",6,False,-0.06119835552198158,-0.021416666666666695,0.02092473184396168,0.19441666666666668
"('F47', 72)",7,False,-0.06711300626127695,-0.009124999999999994,0.006297935724717596,0.18212499999999998
"('F47', 90)",8,False,-0.06905652714570143,-0.027999999999999997,0.011049141240644905,0.20099999999999998
"('F47', 192)",1,True,0.007259364653869116,0.022583333333333344,0.011132294152904537,0.14441666666666667
"('F47', 65)",2,False,-0.004447859986652036,0.012166666666666659,0.047443134794991015,0.15483333333333335
"('F47', 67)",3,False,-0.02297513629724393,-0.0017916666666666636,-0.001623251269854381,0.16879166666666667
"('F47', 68)",4,False,-0.04788216979329829,-0.041874999999999996,-0.0127227422204797,0.208875
"('F47', 70)",5,False,-0.057338593178772185,-0.027416666666666673,0.02092473184396168,0.19441666666666668
"('F47', 72)",6,False,-0.06325324391806755,-0.015124999999999972,0.006297935724717596,0.18212499999999998
"('F47', 90)",7,False,-0.06519676480249204,-0.033999999999999975,0.011049141240644905,0.20099999999999998
"('F47', 92)",8,False,-0.07110093474648568,-0.039958333333333346,0.012500639251244783,0.20695833333333336
"('F47', 65)",1,False,0.008230751836358574,0.015166666666666662,0.047443134794991015,0.15483333333333335
"('F47', 67)",2,False,-0.01029652447423332,0.001208333333333339,-0.001623251269854381,0.16879166666666667
"('F47', 68)",3,False,-0.03520355797028768,-0.03887499999999999,-0.0127227422204797,0.208875
"('F47', 70)",4,False,-0.044659981355761574,-0.02441666666666667,0.02092473184396168,0.19441666666666668
"('F47', 72)",5,False,-0.05057463209505694,-0.01212499999999997,0.006297935724717596,0.18212499999999998
"('F47', 90)",6,False,-0.052518152979481425,-0.030999999999999972,0.011049141240644905,0.20099999999999998
"('F47', 92)",7,False,-0.05842232292347507,-0.03695833333333334,0.012500639251244783,0.20695833333333336
"('F47', 88)",8,False,-0.06391447916574916,-0.02945833333333331,0.020461916777612277,0.19945833333333332
"('F47', 67)",1,False,-0.008273140904487192,0.001208333333333339,-0.001623251269854381,0.16879166666666667
"('F47', 68)",2,False,-0.03318017440054155,-0.03887499999999999,-0.0127227422204797,0.208875
"('F47', 70)",3,False,-0.042636597786015445,-0.02441666666666667,0.02092473184396168,0.19441666666666668
"('F47', 72)",4,False,-0.048551248525310814,-0.01212499999999997,0.006297935724717596,0.18212499999999998
"('F47', 90)",5,False,-0.050494769409735296,-0.030999999999999972,0.011049141240644905,0.20099999999999998
"('F47', 92)",6,False,-0.056398939353728944,-0.03695833333333334,0.012500639251244783,0.20695833333333336
"('F47', 88)",7,False,-0.06189109559600303,-0.02945833333333331,0.020461916777612277,0.19945833333333332
"('F13', 49)",8,False,-0.028156220199009485,0.020083333333333342,0.024678209079921964,0.14991666666666667
"('F47', 68)",1,False,-0.010636790329092899,-0.007874999999999993,-0.0127227422204797,0.208875
"('F47', 70)",2,False,-0.020093213714566793,0.00658333333333333,0.02092473184396168,0.19441666666666668
"('F47', 72)",3,False,-0.02600786445386216,0.01887500000000003,0.006297935724717596,0.18212499999999998
"('F47', 90)",4,False,-0.027951385338286644,2.7755575615628914e-17,0.011049141240644905,0.20099999999999998
"('F47', 92)",5,False,-0.03385555528228029,-0.005958333333333343,0.012500639251244783,0.20695833333333336
"('F47', 88)",6,False,-0.03934771152455438,0.0015416666666666912,0.020461916777612277,0.19945833333333332
"('F13', 49)",7,False,-0.005612836127560833,0.05108333333333334,0.024678209079921964,0.14991666666666667
"('F13', 39)",8,False,-0.046863947040084286,0.015833333333333338,0.056206445170044916,0.18516666666666667
"('F47', 70)",1,False,-0.013450106429786196,0.017583333333333312,0.02092473184396168,0.19441666666666668
"('F47', 72)",2,False,-0.019364757169081565,0.029875000000000013,0.006297935724717596,0.18212499999999998
"('F47', 90)",3,False,-0.021308278053506047,0.01100000000000001,0.011049141240644905,0.20099999999999998
"('F47', 92)",4,False,-0.027212447997499695,0.005041666666666639,0.012500639251244783,0.20695833333333336
"('F47', 88)",5,False,-0.03270460423977378,0.012541666666666673,0.020461916777612277,0.19945833333333332
"('F13', 49)",6,False,0.0010302711572197643,0.062083333333333324,0.024678209079921964,0.14991666666666667
"('F13', 39)",7,False,-0.04022083975530369,0.02683333333333332,0.056206445170044916,0.18516666666666667
"('F13', 40)",8,False,-0.0361211146305023,0.03916666666666668,0.06871776881263275,0.1728333333333333
"('F47', 72)",1,False,-0.004290372877167964,0.0008750000000000147,0.006297935724717596,0.18212499999999998
"('F47', 90)",2,False,-0.006233893761592446,-0.017999999999999988,0.011049141240644905,0.20099999999999998
"('F47', 92)",3,False,-0.012138063705586094,-0.02395833333333336,0.012500639251244783,0.20695833333333336
"('F47', 88)",4,False,-0.017630219947860182,-0.016458333333333325,0.020461916777612277,0.19945833333333332
"('F13', 49)",5,False,0.016104655449133365,0.033083333333333326,0.024678209079921964,0.14991666666666667
"('F13', 39)",6,False,-0.02514645546339009,-0.002166666666666678,0.056206445170044916,0.18516666666666667
"('F13', 40)",7,False,-0.0210467303385887,0.010166666666666685,0.06871776881263275,0.1728333333333333
"('F47', 90)",1,False,-0.007920585413607018,-0.012999999999999984,0.011049141240644905,0.20099999999999998
"('F47', 92)",2,False,-0.013824755357600665,-0.018958333333333355,0.012500639251244783,0.20695833333333336
"('F47', 88)",3,False,-0.019316911599874753,-0.01145833333333332,0.020461916777612277,0.19945833333333332
"('F13', 49)",4,False,0.014417963797118794,0.03808333333333333,0.024678209079921964,0.14991666666666667
"('F13', 39)",5,False,-0.02683314711540466,0.0028333333333333266,0.056206445170044916,0.18516666666666667
"('F13', 40)",6,False,-0.02273342199060327,0.01516666666666669,0.06871776881263275,0.1728333333333333
"('F47', 92)",1,False,-0.005478009276024848,-0.006958333333333344,0.012500639251244783,0.20695833333333336
"('F47', 88)",2,False,-0.010970165518298935,0.0005416666666666903,0.020461916777612277,0.19945833333333332
"('F13', 49)",3,False,0.02276470987869461,0.05008333333333334,0.024678209079921964,0.14991666666666667
"('F13', 39)",4,False,-0.018486401033828842,0.014833333333333337,0.056206445170044916,0.18516666666666667
"('F13', 40)",5,False,-0.014386675909027452,0.0271666666666667,0.06871776881263275,0.1728333333333333
"('F47', 88)",1,False,-0.00037072861013898173,0.014541666666666675,0.020461916777612277,0.19945833333333332
"('F13', 49)",2,False,0.033364146786854565,0.06408333333333333,0.024678209079921964,0.14991666666666667
"('F13', 39)",3,False,-0.007886964125668888,0.028833333333333322,0.056206445170044916,0.18516666666666667
"('F13', 40)",4,False,-0.0037872390008674983,0.041166666666666685,0.06871776881263275,0.1728333333333333
"('F13', 49)",1,False,0.03940543527305737,0.05208333333333334,0.024678209079921964,0.14991666666666667
"('F13', 39)",2,False,-0.0018456756394660823,0.01683333333333334,0.056206445170044916,0.18516666666666667
"('F13', 40)",3,False,0.0022540494853353077,0.029166666666666702,0.06871776881263275,0.1728333333333333
"('F13', 39)",1,False,-0.021948297417877682,-0.010166666666666685,0.056206445170044916,0.18516666666666667
"('F13', 40)",2,False,-0.017848572293076292,0.002166666666666678,0.06871776881263275,0.1728333333333333
"('F13', 40)",1,False,0.018173942098103246,0.029166666666666702,0.06871776881263275,0.1728333333333333
"('F47', 37)",1,False,-0.018250252236568024,-0.02554166666666667,0.10661829480740362,0.13954166666666667
"('F47', 39)",2,False,-0.03600585600825615,-0.051458333333333314,0.08107918886743865,0.16545833333333332
"('F47', 42)",3,False,-0.07794259513576404,-0.0984166666666667,-0.015062356255990755,0.2124166666666667
"('F47', 44)",4,False,-0.0533792697658316,-0.08950000000000001,-0.02741614855469221,0.20350000000000001
"('F47', 46)",5,False,-0.023332961721832246,-0.08458333333333333,0.02528802615381867,0.19858333333333333
"('F47', 47)",6,False,0.010249774212745283,-0.08270833333333334,0.014995974450001892,0.19670833333333335
"('F47', 39)",1,False,-0.04650599115282823,-0.05045833333333331,0.08107918886743865,0.16545833333333332
"('F47', 42)",2,False,-0.08844273028033613,-0.09741666666666669,-0.015062356255990755,0.2124166666666667
"('F47', 44)",3,False,-0.0638794049104037,-0.08850000000000001,-0.02741614855469221,0.20350000000000001
"('F47', 46)",4,False,-0.033833096866404344,-0.08358333333333333,0.02528802615381867,0.19858333333333333
"('F47', 47)",5,False,-0.0002503609318268152,-0.08170833333333334,0.014995974450001892,0.19670833333333335
"('F47', 42)",1,False,0.02724429403961115,0.02558333333333329,-0.015062356255990755,0.2124166666666667
"('F47', 44)",2,False,0.05180761940954359,0.034499999999999975,-0.02741614855469221,0.20350000000000001
"('F47', 46)",3,False,0.08185392745354292,0.039416666666666655,0.02528802615381867,0.19858333333333333
"('F47', 47)",4,False,0.11543666338812045,0.04129166666666664,0.014995974450001892,0.19670833333333335
"('F47', 44)",1,False,0.013892457874448816,0.0014999999999999736,-0.02741614855469221,0.20350000000000001
"('F47', 46)",2,False,0.04393876591844817,0.006416666666666654,0.02528802615381867,0.19858333333333333
"('F47', 47)",3,False,0.07752150185302567,0.008291666666666642,0.014995974450001892,0.19670833333333335
"('F47', 46)",1,False,0.0104229664438939,-0.0025833333333333264,0.02528802615381867,0.19858333333333333
"('F47', 47)",2,False,0.04400570237847143,-0.0007083333333333386,0.014995974450001892,0.19670833333333335
"('F47', 47)",1,False,0.030732616324277512,-0.0007083333333333386,0.014995974450001892,0.19670833333333335
"('F13', 58)",1,False,-0.017840415711468965,-0.012375000000000025,-0.013526887225561529,0.258375
"('F13', 52)",2,False,0.014473789151270011,0.012166666666666659,0.01298048714166225,0.23383333333333334
"('F13', 53)",3,False,0.00860924887255457,0.009166666666666684,0.028477678151792557,0.2368333333333333
"('F13', 54)",4,False,-0.017604037613754953,0.0014583333333333393,0.01610661025608645,0.24454166666666666
"('F13', 52)",1,False,0.033638734484545685,0.028166666666666673,0.01298048714166225,0.23383333333333334
"('F13', 53)",2,False,0.0277741942058303,0.0251666666666667,0.028477678151792557,0.2368333333333333
"('F13', 54)",3,False,0.0015609077195207766,0.017458333333333353,0.01610661025608645,0.24454166666666666
"('F13', 53)",1,False,-0.011509212965173099,-0.004833333333333301,0.028477678151792557,0.2368333333333333
"('F13', 54)",2,False,-0.03772249945148262,-0.012541666666666645,0.01610661025608645,0.24454166666666666
"('F13', 54)",1,False,-0.021023436716669452,-0.003541666666666665,0.01610661025608645,0.24454166666666666
"('F13', 56)",1,False,-0.001583705505726285,0.00629166666666664,0.003666358999959596,0.2577083333333334
"('F13', 59)",2,False,-0.013222388306801558,0.0017083333333333672,-0.023767070032540916,0.26229166666666665
"('F13', 60)",3,False,-0.0094012528651643,-0.0009583333333333388,-0.04131126753108766,0.26495833333333335
"('F13', 61)",4,False,-0.005598147420387278,-0.00029166666666663454,-0.02778958511088106,0.26429166666666665
"('F13', 63)",5,False,-0.012304093018109308,-0.006500000000000006,-0.00991458929751593,0.2705
"('F13', 198)",6,True,-0.017254383772050463,-0.012083333333333335,-0.019427810401904666,0.27608333333333335
"('F13', 66)",7,False,0.00762239891612182,0.01266666666666666,0.004247234508214959,0.25133333333333335
"('F13', 68)",8,False,0.012184704013734865,0.016125000000000028,0.004411708521095042,0.24787499999999998
"('F13', 59)",1,False,-0.009289959993605545,-0.004291666666666638,-0.023767070032540916,0.26229166666666665
"('F13', 60)",2,False,-0.005468824551968232,-0.006958333333333344,-0.04131126753108766,0.26495833333333335
"('F13', 61)",3,False,-0.0016657191071913213,-0.00629166666666664,-0.02778958511088106,0.26429166666666665
"('F13', 63)",4,False,-0.008371664704913295,-0.012500000000000011,-0.00991458929751593,0.2705
"('F13', 198)",5,True,-0.013321955458854451,-0.01808333333333334,-0.019427810401904666,0.27608333333333335
"('F13', 66)",6,False,0.011554827229317832,0.006666666666666654,0.004247234508214959,0.25133333333333335
"('F13', 68)",7,False,0.016117132326930877,0.010125000000000023,0.004411708521095042,0.24787499999999998
"('F47', 194)",8,True,0.006471745410749907,0.00462499999999999,-0.004500245204636738,0.253375
"('F13', 60)",1,False,0.007504055077685312,0.0030416666666666647,-0.04131126753108766,0.26495833333333335
"('F13', 61)",2,False,0.011307160522462223,0.003708333333333369,-0.02778958511088106,0.26429166666666665
"('F13', 63)",3,False,0.004601214924740249,-0.0025000000000000022,-0.00991458929751593,0.2705
"('F13', 198)",4,True,-0.00034907582920090663,-0.008083333333333331,-0.019427810401904666,0.27608333333333335
"('F13', 66)",5,False,0.024527706858971376,0.016666666666666663,0.004247234508214959,0.25133333333333335
"('F13', 68)",6,False,0.029090011956584422,0.020125000000000032,0.004411708521095042,0.24787499999999998
"('F47', 194)",7,True,0.01944462504040345,0.014624999999999999,-0.004500245204636738,0.253375
"('F47', 78)",8,False,0.05334019203303475,0.011624999999999996,0.032077558954065555,0.256375
"('F13', 61)",1,False,0.0036778260257891993,0.005708333333333371,-0.02778958511088106,0.26429166666666665
"('F13', 63)",2,False,-0.0030281195719327747,-0.0005000000000000004,-0.00991458929751593,0.2705
"('F13', 198)",3,True,-0.00797841032587393,-0.0060833333333333295,-0.019427810401904666,0.27608333333333335
"('F13', 66)",4,False,0.016898372362298353,0.018666666666666665,0.004247234508214959,0.25133333333333335
"('F13', 68)",5,False,0.021460677459911398,0.022125000000000034,0.004411708521095042,0.24787499999999998
"('F47', 194)",6,True,0.011815290543730428,0.016625,-0.004500245204636738,0.253375
"('F47', 78)",7,False,0.045710857536361726,0.013624999999999998,0.032077558954065555,0.256375
"('F47', 80)",8,False,0.0924405565510387,0.02058333333333337,0.0726834318409336,0.24941666666666665
"('F13', 63)",1,False,-0.008810598443597606,-0.0025000000000000022,-0.00991458929751593,0.2705
"('F13', 198)",2,True,-0.013760889197538761,-0.008083333333333331,-0.019427810401904666,0.27608333333333335
"('F13', 66)",3,False,0.011115893490633522,0.016666666666666663,0.004247234508214959,0.25133333333333335
"('F13', 68)",4,False,0.015678198588246567,0.020125000000000032,0.004411708521095042,0.24787499999999998
"('F47', 194)",5,True,0.006032811672065597,0.014624999999999999,-0.004500245204636738,0.253375
"('F47', 78)",6,False,0.039928378664696895,0.011624999999999996,0.032077558954065555,0.256375
"('F47', 80)",7,False,0.08665807767937386,0.01858333333333337,0.0726834318409336,0.24941666666666665
"('F13', 198)",1,True,0.0006717353600519949,0.0019166666666666776,-0.019427810401904666,0.27608333333333335
"('F13', 66)",2,False,0.025548518048224278,0.026666666666666672,0.004247234508214959,0.25133333333333335
"('F13', 68)",3,False,0.030110823145837323,0.03012500000000004,0.004411708521095042,0.24787499999999998
"('F47', 194)",4,True,0.020465436229656353,0.024625000000000008,-0.004500245204636738,0.253375
"('F47', 78)",5,False,0.05436100322228765,0.021625000000000005,0.032077558954065555,0.256375
"('F47', 80)",6,False,0.10109070223696462,0.028583333333333377,0.0726834318409336,0.24941666666666665
"('F13', 66)",1,False,0.026673381435988686,0.02466666666666667,0.004247234508214959,0.25133333333333335
"('F13', 68)",2,False,0.03123568653360173,0.02812500000000004,0.004411708521095042,0.24787499999999998
"('F47', 194)",3,True,0.02159029961742076,0.022625000000000006,-0.004500245204636738,0.253375
"('F47', 78)",4,False,0.05548586661005206,0.019625000000000004,0.032077558954065555,0.256375
"('F47', 80)",5,False,0.10221556562472903,0.026583333333333375,0.0726834318409336,0.24941666666666665
"('F13', 68)",1,False,0.0020808721918461337,0.0031250000000000167,0.004411708521095042,0.24787499999999998
"('F47', 194)",2,True,-0.007564514724334809,-0.002375000000000016,-0.004500245204636738,0.253375
"('F47', 78)",3,False,0.026331052268296462,-0.005375000000000019,0.032077558954065555,0.256375
"('F47', 80)",4,False,0.07306075128297343,0.0015833333333333532,0.0726834318409336,0.24941666666666665
"('F47', 194)",1,True,-0.00875852325200957,-0.004375000000000018,-0.004500245204636738,0.253375
"('F47', 78)",2,False,0.0251370437406217,-0.00737500000000002,0.032077558954065555,0.256375
"('F47', 80)",3,False,0.07186674275529867,-0.00041666666666664853,0.0726834318409336,0.24941666666666665
"('F47', 78)",1,False,0.04085741794195552,0.00462499999999999,0.032077558954065555,0.256375
"('F47', 80)",2,False,0.08758711695663249,0.011583333333333362,0.0726834318409336,0.24941666666666665
"('F47', 80)",1,False,0.01934717179720416,0.005583333333333357,0.0726834318409336,0.24941666666666665
"('F47', 83)",1,False,0.0008449481762538569,-0.00491666666666668,0.0475105384397142,0.2739166666666667
"('F13', 65)",2,False,0.019022501444315165,0.003500000000000003,-0.006078886511950876,0.2655
"('F13', 65)",1,False,0.02175537334478267,0.01849999999999996,-0.006078886511950876,0.2655
"('F47', 85)",1,False,0.0013266269210047144,-0.0005416666666666348,0.007194800931084794,0.19354166666666664
"('F47', 98)",1,False,-0.006798784910329425,-0.0050000000000000044,0.03979082284674065,0.218
"('F47', 100)",2,False,-0.054868909799299204,-0.007249999999999979,0.05704386769762579,0.22024999999999997
"('F47', 102)",3,False,-0.12226584655426351,-0.0018333333333333257,0.06547178366283984,0.21483333333333332
"('F47', 104)",4,False,-0.1327723034836011,-0.0015833333333333532,0.09033237034624425,0.21458333333333335
"('F47', 100)",1,False,-0.048911844058375675,0.003750000000000031,0.05704386769762579,0.22024999999999997
"('F47', 102)",2,False,-0.11630878081333998,0.009166666666666684,0.06547178366283984,0.21483333333333332
"('F47', 104)",3,False,-0.12681523774267758,0.009416666666666657,0.09033237034624425,0.21458333333333335
"('F47', 102)",1,False,-0.05842877692871132,0.006166666666666681,0.06547178366283984,0.21483333333333332
"('F47', 104)",2,False,-0.06893523385804892,0.006416666666666654,0.09033237034624425,0.21458333333333335
"('F47', 104)",1,False,0.0011554097004005393,0.0024166666666666503,0.09033237034624425,0.21458333333333335
"('F47', 107)",1,False,-0.02449604165434832,4.166666666666208e-05,0.06822385382603144,0.22895833333333335
"('F47', 109)",2,False,-0.007587694161412695,-0.0020000000000000018,0.0764767131559185,0.231
"('F47', 111)",3,False,0.04408655832999164,-0.0069999999999999785,0.25947792808334325,0.236
"('F47', 109)",1,False,0.03494534539212371,0.003999999999999976,0.0764767131559185,0.231
"('F47', 111)",2,False,0.08661959788352802,-0.0010000000000000009,0.25947792808334325,0.236
"('F47', 111)",1,False,0.0036967047746887804,-0.001999999999999974,0.25947792808334325,0.236
"('F47', 36)",1,False,-0.043496319848381315,-0.03487499999999999,-0.04737213962943149,0.298875
"('F47', 38)",2,False,-0.0530610193711242,-0.03758333333333336,-0.05264663745024381,0.30158333333333337
"('F47', 40)",3,False,-0.056534792024879904,-0.032833333333333325,-0.04845289842460568,0.29683333333333334
"('F47', 32)",4,False,-0.051247252747756156,-0.028208333333333335,-0.038387257088834836,0.29220833333333335
"('F47', 38)",1,False,-0.0014844403492254021,0.005416666666666625,-0.05264663745024381,0.30158333333333337
"('F47', 40)",2,False,-0.0049582130029811045,0.010166666666666657,-0.04845289842460568,0.29683333333333334
"('F47', 32)",3,False,0.0003293262741426717,0.014791666666666647,-0.038387257088834836,0.29220833333333335
"('F47', 40)",1,False,-0.02118577390299209,-0.011833333333333362,-0.04845289842460568,0.29683333333333334
"('F47', 32)",2,False,-0.015898234625868313,-0.007208333333333372,-0.038387257088834836,0.29220833333333335
"('F47', 32)",1,False,0.0004836567677954928,0.000791666666666635,-0.038387257088834836,0.29220833333333335
"('F47', 119)",1,False,-0.027844036238496406,-0.044875,-0.3234064405693714,0.921875
"('F13', 134)",2,False,0.16253268426178902,0.1236666666666667,-0.012128872901907561,0.7533333333333333
"('F13', 136)",3,False,0.178584418978588,0.13924999999999998,0.027716693508264112,0.73775
"('F13', 138)",4,False,0.23243201618710863,0.15545833333333337,0.03334740361747368,0.7215416666666666
"('F13', 140)",5,False,0.28119390435648495,0.16237500000000016,0.06895948770047278,0.7146249999999998
"('F13', 141)",6,False,0.3166434552140851,0.16908333333333325,0.04258544011144183,0.7079166666666667
"('F13', 134)",1,False,0.036220234209880076,0.03866666666666674,-0.012128872901907561,0.7533333333333333
"('F13', 136)",2,False,0.05227196892667907,0.05425000000000002,0.027716693508264112,0.73775
"('F13', 138)",3,False,0.10611956613519968,0.0704583333333334,0.03334740361747368,0.7215416666666666
"('F13', 140)",4,False,0.154881454304576,0.0773750000000002,0.06895948770047278,0.7146249999999998
"('F13', 141)",5,False,0.19033100516217638,0.08408333333333329,0.04258544011144183,0.7079166666666667
"('F13', 136)",1,False,0.002677227533602222,0.00024999999999997247,0.027716693508264112,0.73775
"('F13', 138)",2,False,0.05652482474212284,0.016458333333333353,0.03334740361747368,0.7215416666666666
"('F13', 140)",3,False,0.10528671291149916,0.023375000000000146,0.06895948770047278,0.7146249999999998
"('F13', 141)",4,False,0.14073626376909953,0.03008333333333324,0.04258544011144183,0.7079166666666667
"('F13', 138)",1,False,0.0344436361025412,0.00245833333333334,0.03334740361747368,0.7215416666666666
"('F13', 140)",2,False,0.08320552427191752,0.009375000000000133,0.06895948770047278,0.7146249999999998
"('F13', 141)",3,False,0.1186550751295179,0.016083333333333227,0.04258544011144183,0.7079166666666667
"('F13', 140)",1,False,0.030657434847013443,0.0073750000000001315,0.06895948770047278,0.7146249999999998
"('F13', 141)",2,False,0.06610698570461382,0.014083333333333226,0.04258544011144183,0.7079166666666667
"('F13', 141)",1,False,0.007044601838313236,-0.008916666666666795,0.04258544011144183,0.7079166666666667
"('F13', 110)",1,False,-0.030281751951982183,-0.043749999999999956,0.07899025148750854,0.35374999999999995
"('F13', 111)",2,False,-0.019097600970314932,-0.06120833333333331,0.12904944119442635,0.3712083333333333
"('F13', 112)",3,False,-0.02297897034092572,-0.08633333333333337,0.2482772279753414,0.39633333333333337
"('F47', 120)",4,False,-0.004638121907700354,-0.09495833333333337,0.15574923472944607,0.40495833333333336
"('F13', 93)",5,False,0.09812191347688154,-0.08354166666666668,0.09783875160109073,0.3935416666666667
"('F13', 94)",6,False,0.16356480526570039,-0.09116666666666667,0.12047048829806639,0.40116666666666667
"('F13', 96)",7,False,0.20822344357901762,-0.09866666666666668,0.13349492227152954,0.4086666666666667
"('F13', 98)",8,False,0.2498053095914603,-0.08937500000000004,0.024445771900172275,0.39937500000000004
"('F13', 111)",1,False,0.0030901989773001737,-0.019208333333333327,0.12904944119442635,0.3712083333333333
"('F13', 112)",2,False,-0.000791170393310614,-0.04433333333333339,0.2482772279753414,0.39633333333333337
"('F47', 120)",3,False,0.01754967803991475,-0.052958333333333385,0.15574923472944607,0.40495833333333336
"('F13', 93)",4,False,0.12030971342449659,-0.0415416666666667,0.09783875160109073,0.3935416666666667
"('F13', 94)",5,False,0.1857526052133156,-0.04916666666666669,0.12047048829806639,0.40116666666666667
"('F13', 96)",6,False,0.23041124352663261,-0.0566666666666667,0.13349492227152954,0.4086666666666667
"('F13', 98)",7,False,0.2719931095390753,-0.047375000000000056,0.024445771900172275,0.39937500000000004
"('F13', 100)",8,False,0.241874113629792,-0.05379166666666674,-0.044831970903586704,0.4057916666666667
"('F13', 112)",1,False,-0.048073028775190096,-0.029333333333333378,0.2482772279753414,0.39633333333333337
"('F47', 120)",2,False,-0.02973218034196473,-0.03795833333333337,0.15574923472944607,0.40495833333333336
"('F13', 93)",3,False,0.07302785504261716,-0.026541666666666686,0.09783875160109073,0.3935416666666667
"('F13', 94)",4,False,0.13847074683143612,-0.03416666666666668,0.12047048829806639,0.40116666666666667
"('F13', 96)",5,False,0.18312938514475313,-0.041666666666666685,0.13349492227152954,0.4086666666666667
"('F13', 98)",6,False,0.2247112511571958,-0.03237500000000004,0.024445771900172275,0.39937500000000004
"('F13', 100)",7,False,0.19459225524791252,-0.038791666666666724,-0.044831970903586704,0.4057916666666667
"('F13', 102)",8,False,0.18815328942381881,-0.01908333333333334,-0.010325579563524145,0.38608333333333333
"('F47', 120)",1,False,-0.005621825684869519,-0.040958333333333374,0.15574923472944607,0.40495833333333336
"('F13', 93)",2,False,0.09713820969971237,-0.02954166666666669,0.09783875160109073,0.3935416666666667
"('F13', 94)",3,False,0.16258110148853122,-0.03716666666666668,0.12047048829806639,0.40116666666666667
"('F13', 96)",4,False,0.20723973980184845,-0.04466666666666669,0.13349492227152954,0.4086666666666667
"('F13', 98)",5,False,0.24882160581429114,-0.035375000000000045,0.024445771900172275,0.39937500000000004
"('F13', 100)",6,False,0.21870260990500784,-0.04179166666666673,-0.044831970903586704,0.4057916666666667
"('F13', 102)",7,False,0.21226364408091414,-0.022083333333333344,-0.010325579563524145,0.38608333333333333
"('F13', 104)",8,False,0.26152680298504416,0.046208333333333296,0.09458063390788807,0.3177916666666667
"('F13', 93)",1,False,0.02830848796561941,0.0014583333333333393,0.09783875160109073,0.3935416666666667
"('F13', 94)",2,False,0.09375137975443831,-0.006166666666666654,0.12047048829806639,0.40116666666666667
"('F13', 96)",3,False,0.1384100180677555,-0.01366666666666666,0.13349492227152954,0.4086666666666667
"('F13', 98)",4,False,0.17999188408019817,-0.004375000000000018,0.024445771900172275,0.39937500000000004
"('F13', 100)",5,False,0.14987288817091488,-0.0107916666666667,-0.044831970903586704,0.4057916666666667
"('F13', 102)",6,False,0.14343392234682117,0.008916666666666684,-0.010325579563524145,0.38608333333333333
"('F13', 104)",7,False,0.1926970812509512,0.07720833333333332,0.09458063390788807,0.3177916666666667
"('F13', 106)",8,False,0.20702032535391296,0.07883333333333337,0.1924842093168913,0.31616666666666665
"('F13', 94)",1,False,0.033017544177242064,-0.01416666666666666,0.12047048829806639,0.40116666666666667
"('F13', 96)",2,False,0.07767618249055919,-0.021666666666666667,0.13349492227152954,0.4086666666666667
"('F13', 98)",3,False,0.11925804850300192,-0.012375000000000025,0.024445771900172275,0.39937500000000004
"('F13', 100)",4,False,0.08913905259371863,-0.018791666666666706,-0.044831970903586704,0.4057916666666667
"('F13', 102)",5,False,0.08270008676962498,0.0009166666666666767,-0.010325579563524145,0.38608333333333333
"('F13', 104)",6,False,0.13196324567375495,0.06920833333333332,0.09458063390788807,0.3177916666666667
"('F13', 106)",7,False,0.14628648977671677,0.07083333333333336,0.1924842093168913,0.31616666666666665
"('F13', 96)",1,False,0.019470832295208906,-0.005666666666666653,0.13349492227152954,0.4086666666666667
"('F13', 98)",2,False,0.06105269830765159,0.0036249999999999893,0.024445771900172275,0.39937500000000004
"('F13', 100)",3,False,0.030933702398368346,-0.0027916666666666923,-0.044831970903586704,0.4057916666666667
"('F13', 102)",4,False,0.0244947365742747,0.01691666666666669,-0.010325579563524145,0.38608333333333333
"('F13', 104)",5,False,0.07375789547840467,0.08520833333333333,0.09458063390788807,0.3177916666666667
"('F13', 106)",6,False,0.08808113958136649,0.08683333333333337,0.1924842093168913,0.31616666666666665
"('F13', 98)",1,False,-0.01529728137796682,-0.010375000000000023,0.024445771900172275,0.39937500000000004
"('F13', 100)",2,False,-0.04541627728725006,-0.016791666666666705,-0.044831970903586704,0.4057916666666667
"('F13', 102)",3,False,-0.05185524311134371,0.0029166666666666785,-0.010325579563524145,0.38608333333333333
"('F13', 104)",4,False,-0.0025920842072137407,0.07120833333333332,0.09458063390788807,0.3177916666666667
"('F13', 106)",5,False,0.011731159895748078,0.07283333333333336,0.1924842093168913,0.31616666666666665
"('F13', 100)",1,False,-0.028149002889785113,-0.015791666666666704,-0.044831970903586704,0.4057916666666667
"('F13', 102)",2,False,-0.03458796871387876,0.003916666666666679,-0.010325579563524145,0.38608333333333333
"('F13', 104)",3,False,0.014675190190251208,0.07220833333333332,0.09458063390788807,0.3177916666666667
"('F13', 106)",4,False,0.028998434293213027,0.07383333333333336,0.1924842093168913,0.31616666666666665
"('F13', 102)",1,False,-0.015316579344646919,0.006916666666666682,-0.010325579563524145,0.38608333333333333
"('F13', 104)",2,False,0.03394657955948305,0.07520833333333332,0.09458063390788807,0.3177916666666667
"('F13', 106)",3,False,0.048269823662444866,0.07683333333333336,0.1924842093168913,0.31616666666666665
"('F13', 104)",1,False,-0.0013825040031584246,-0.0017916666666666914,0.09458063390788807,0.3177916666666667
"('F13', 106)",2,False,0.012940740099803394,-0.0001666666666666483,0.1924842093168913,0.31616666666666665
"('F13', 106)",1,False,-0.00949659604623232,-0.011166666666666658,0.1924842093168913,0.31616666666666665
"('F13', 145)",1,False,-0.01393544469626129,-0.012166666666666548,0.05828192658009035,0.6891666666666666
"('F47', 149)",2,False,-0.014967585252428584,-0.020333333333333203,0.06959063208905347,0.6973333333333332
"('F13', 148)",3,False,-0.04754440966753548,-0.06058333333333321,0.10399585353381469,0.7375833333333333
"('F13', 128)",4,False,-0.05786766349706929,-0.10470833333333329,-0.07313027837385877,0.7817083333333333
"('F13', 130)",5,False,-0.06756302734039865,-0.0961249999999999,0.24077295394509213,0.773125
"('F13', 132)",6,False,-0.22115531331116256,-0.19266666666666665,0.4142811646695165,0.8696666666666667
"('F13', 133)",7,False,-0.35459094676955716,-0.3018333333333333,0.23662860399832775,0.9788333333333333
"('F13', 135)",8,False,-0.45868107947288095,-0.33558333333333334,0.06420941155950288,1.0125833333333334
"('F47', 149)",1,False,-0.013818614985218969,-0.009333333333333305,0.06959063208905347,0.6973333333333332
"('F13', 148)",2,False,-0.046395439400325866,-0.04958333333333331,0.10399585353381469,0.7375833333333333
"('F13', 128)",3,False,-0.056718693229859674,-0.0937083333333334,-0.07313027837385877,0.7817083333333333
"('F13', 130)",4,False,-0.06641405707318904,-0.085125,0.24077295394509213,0.773125
"('F13', 132)",5,False,-0.22000634304395295,-0.18166666666666675,0.4142811646695165,0.8696666666666667
"('F13', 133)",6,False,-0.35344197650234754,-0.2908333333333334,0.23662860399832775,0.9788333333333333
"('F13', 135)",7,False,-0.45753210920567133,-0.32458333333333345,0.06420941155950288,1.0125833333333334
"('F13', 137)",8,False,-0.5910022393327409,-0.3878750000000002,0.1922061904218788,1.0758750000000001
"('F13', 148)",1,False,-0.017020101018861977,-0.02258333333333329,0.10399585353381469,0.7375833333333333
"('F13', 128)",2,False,-0.027343354848395784,-0.06670833333333337,-0.07313027837385877,0.7817083333333333
"('F13', 130)",3,False,-0.03703871869172515,-0.05812499999999998,0.24077295394509213,0.773125
"('F13', 132)",4,False,-0.19063100466248906,-0.15466666666666673,0.4142811646695165,0.8696666666666667
"('F13', 133)",5,False,-0.32406663812088365,-0.26383333333333336,0.23662860399832775,0.9788333333333333
"('F13', 135)",6,False,-0.42815677082420744,-0.2975833333333334,0.06420941155950288,1.0125833333333334
"('F13', 137)",7,False,-0.561626900951277,-0.36087500000000017,0.1922061904218788,1.0758750000000001
"('F13', 139)",8,False,-0.7353462308055748,-0.5884583333333334,-0.3355673153298536,1.3034583333333334
"('F13', 128)",1,False,-0.019587185817054875,-0.04270833333333335,-0.07313027837385877,0.7817083333333333
"('F13', 130)",2,False,-0.02928254966038424,-0.03412499999999996,0.24077295394509213,0.773125
"('F13', 132)",3,False,-0.18287483563114815,-0.1306666666666667,0.4142811646695165,0.8696666666666667
"('F13', 133)",4,False,-0.31631046908954275,-0.23983333333333334,0.23662860399832775,0.9788333333333333
"('F13', 135)",5,False,-0.42040060179286654,-0.2735833333333334,0.06420941155950288,1.0125833333333334
"('F13', 137)",6,False,-0.5538707319199361,-0.33687500000000015,0.1922061904218788,1.0758750000000001
"('F13', 139)",7,False,-0.7275900617742339,-0.5644583333333334,-0.3355673153298536,1.3034583333333334
"('F47', 151)",8,False,-0.7815844220900641,-0.5743333333333333,0.026218641450479696,1.3133333333333332
"('F13', 130)",1,False,0.015462767981875625,0.028875000000000095,0.24077295394509213,0.773125
"('F13', 132)",2,False,-0.13812951798888828,-0.06766666666666665,0.4142811646695165,0.8696666666666667
"('F13', 133)",3,False,-0.2715651514472829,-0.1768333333333333,0.23662860399832775,0.9788333333333333
"('F13', 135)",4,False,-0.37565528415060667,-0.21058333333333334,0.06420941155950288,1.0125833333333334
"('F13', 137)",5,False,-0.5091254142776762,-0.2738750000000001,0.1922061904218788,1.0758750000000001
"('F13', 139)",6,False,-0.682844744131974,-0.5014583333333333,-0.3355673153298536,1.3034583333333334
"('F47', 151)",7,False,-0.7368391044478042,-0.5113333333333332,0.026218641450479696,1.3133333333333332
"('F13', 243)",8,True,-1.1371704013379085,-0.9167916666666664,-0.6735838995489294,1.7187916666666665
"('F13', 132)",1,False,-0.17867409375290033,-0.1226666666666667,0.4142811646695165,0.8696666666666667
"('F13', 133)",2,False,-0.31210972721129493,-0.23183333333333334,0.23662860399832775,0.9788333333333333
"('F13', 135)",3,False,-0.4161998599146187,-0.2655833333333334,0.06420941155950288,1.0125833333333334
"('F13', 137)",4,False,-0.5496699900416883,-0.32887500000000014,0.1922061904218788,1.0758750000000001
"('F13', 139)",5,False,-0.7233893198959861,-0.5564583333333334,-0.3355673153298536,1.3034583333333334
"('F47', 151)",6,False,-0.7773836802118163,-0.5663333333333332,0.026218641450479696,1.3133333333333332
"('F13', 243)",7,True,-1.1777149771019206,-0.9717916666666665,-0.6735838995489294,1.7187916666666665
"('F13', 133)",1,False,-0.07156005769468987,-0.036833333333333385,0.23662860399832775,0.9788333333333333
"('F13', 135)",2,False,-0.17565019039801366,-0.07058333333333344,0.06420941155950288,1.0125833333333334
"('F13', 137)",3,False,-0.3091203205250832,-0.1338750000000002,0.1922061904218788,1.0758750000000001
"('F13', 139)",4,False,-0.48283965037938104,-0.36145833333333344,-0.3355673153298536,1.3034583333333334
"('F47', 151)",5,False,-0.5368340106952112,-0.3713333333333333,0.026218641450479696,1.3133333333333332
"('F13', 243)",6,True,-0.9371653075853155,-0.7767916666666665,-0.6735838995489294,1.7187916666666665
"('F13', 135)",1,False,-0.05969303104345236,-0.03758333333333341,0.06420941155950288,1.0125833333333334
"('F13', 137)",2,False,-0.1931631611705219,-0.10087500000000016,0.1922061904218788,1.0758750000000001
"('F13', 139)",3,False,-0.36688249102481973,-0.3284583333333334,-0.3355673153298536,1.3034583333333334
"('F47', 151)",4,False,-0.4208768513406499,-0.33833333333333326,0.026218641450479696,1.3133333333333332
"('F13', 243)",5,True,-0.8212081482307542,-0.7437916666666665,-0.6735838995489294,1.7187916666666665
"('F13', 137)",1,False,-0.1907220044496798,-0.10587500000000016,0.1922061904218788,1.0758750000000001
"('F13', 139)",2,False,-0.3644413343039776,-0.3334583333333334,-0.3355673153298536,1.3034583333333334
"('F47', 151)",3,False,-0.4184356946198078,-0.34333333333333327,0.026218641450479696,1.3133333333333332
"('F13', 243)",4,True,-0.8187669915099121,-0.7487916666666665,-0.6735838995489294,1.7187916666666665
"('F13', 139)",1,False,-0.2435729344704256,-0.23545833333333333,-0.3355673153298536,1.3034583333333334
"('F47', 151)",2,False,-0.29756729478625576,-0.24533333333333318,0.026218641450479696,1.3133333333333332
"('F13', 243)",3,True,-0.69789859167636,-0.6507916666666664,-0.6735838995489294,1.7187916666666665
"('F47', 151)",1,False,0.034566157610284254,0.07466666666666666,0.026218641450479696,1.3133333333333332
"('F13', 243)",2,True,-0.36576513927982,-0.3307916666666666,-0.6735838995489294,1.7187916666666665
"('F13', 243)",1,True,-0.15198018801166824,-0.13079166666666642,-0.6735838995489294,1.7187916666666665
"('F47', 179)",1,True,0.003745104419904166,0.030000000000000027,-0.033832290742081966,0.248
"('F47', 11)",2,False,0.032591686354873944,0.05954166666666669,0.039971741064804917,0.21845833333333334
"('F47', 180)",3,True,0.020902868063036373,0.07670833333333338,0.014690793055575163,0.20129166666666665
"('F47', 11)",1,False,0.01160579471607856,0.01754166666666665,0.039971741064804917,0.21845833333333334
"('F47', 180)",2,True,-8.302357575901143e-05,0.03470833333333334,0.014690793055575163,0.20129166666666665
"('F47', 180)",1,True,-0.014233513463018183,0.007708333333333345,0.014690793055575163,0.20129166666666665
"('F47', 15)",1,False,0.0014739347101240807,0.0029583333333333406,0.04425185488084962,0.19104166666666667
"('F47', 16)",2,False,-0.008510595061409776,-0.0018750000000000155,0.03649290922576212,0.19587500000000002
"('F47', 18)",3,False,-0.010277916012893823,-0.009166666666666684,0.036815317246603585,0.2031666666666667
"('F47', 20)",4,False,-0.038767174907804736,-0.016708333333333353,0.026096099082556945,0.21070833333333336
"('F47', 26)",5,False,-0.0790757558142233,-0.06254166666666666,-0.05060112068112796,0.25654166666666667
"('F13', 31)",6,False,-0.14855511155481296,-0.12633333333333335,-0.01949361001617933,0.32033333333333336
"('F13', 33)",7,False,-0.16827831644622374,-0.14575,-0.0381688367905495,0.33975
"('F13', 34)",8,False,-0.16456693483211302,-0.15591666666666665,-0.03601586387658401,0.34991666666666665
"('F47', 16)",1,False,-0.0037022113465281503,0.00012499999999998623,0.03649290922576212,0.19587500000000002
"('F47', 18)",2,False,-0.005469532298012197,-0.007166666666666682,0.036815317246603585,0.2031666666666667
"('F47', 20)",3,False,-0.03395879119292311,-0.014708333333333351,0.026096099082556945,0.21070833333333336
"('F47', 26)",4,False,-0.07426737209934167,-0.06054166666666666,-0.05060112068112796,0.25654166666666667
"('F13', 31)",5,False,-0.14374672783993134,-0.12433333333333335,-0.01949361001617933,0.32033333333333336
"('F13', 33)",6,False,-0.1634699327313421,-0.14375,-0.0381688367905495,0.33975
"('F13', 34)",7,False,-0.1597585511172314,-0.15391666666666665,-0.03601586387658401,0.34991666666666665
"('F13', 36)",8,False,-0.1846116127295405,-0.16283333333333327,-0.03298072527506446,0.3588333333333333
"('F47', 18)",1,False,0.004337968857618807,-0.001166666666666677,0.036815317246603585,0.2031666666666667
"('F47', 20)",2,False,-0.024151290037292106,-0.008708333333333346,0.026096099082556945,0.21070833333333336
"('F47', 26)",3,False,-0.06445987094371067,-0.054541666666666655,-0.05060112068112796,0.25654166666666667
"('F13', 31)",4,False,-0.13393922668430033,-0.11833333333333335,-0.01949361001617933,0.32033333333333336
"('F13', 33)",5,False,-0.1536624315757111,-0.13774999999999998,-0.0381688367905495,0.33975
"('F13', 34)",6,False,-0.14995104996160039,-0.14791666666666664,-0.03601586387658401,0.34991666666666665
"('F13', 36)",7,False,-0.1748041115739095,-0.15683333333333327,-0.03298072527506446,0.3588333333333333
"('F13', 37)",8,False,-0.15353373059287898,-0.1359999999999999,-0.004555772111520473,0.3379999999999999
"('F47', 20)",1,False,-0.017182919672917324,-0.0017083333333333672,0.026096099082556945,0.21070833333333336
"('F47', 26)",2,False,-0.057491500579335886,-0.047541666666666677,-0.05060112068112796,0.25654166666666667
"('F13', 31)",3,False,-0.12697085631992555,-0.11133333333333337,-0.01949361001617933,0.32033333333333336
"('F13', 33)",4,False,-0.14669406121133632,-0.13075,-0.0381688367905495,0.33975
"('F13', 34)",5,False,-0.1429826795972256,-0.14091666666666666,-0.03601586387658401,0.34991666666666665
"('F13', 36)",6,False,-0.1678357412095347,-0.1498333333333333,-0.03298072527506446,0.3588333333333333
"('F13', 37)",7,False,-0.1465653602285042,-0.12899999999999992,-0.004555772111520473,0.3379999999999999
"('F13', 38)",8,False,-0.1175683522766775,-0.08862499999999998,0.03914608428606836,0.297625
"('F47', 26)",1,False,-0.03248687017636645,-0.04054166666666667,-0.05060112068112796,0.25654166666666667
"('F13', 31)",2,False,-0.10196622591695612,-0.10433333333333336,-0.01949361001617933,0.32033333333333336
"('F13', 33)",3,False,-0.12168943080836689,-0.12375,-0.0381688367905495,0.33975
"('F13', 34)",4,False,-0.11797804919425617,-0.13391666666666666,-0.03601586387658401,0.34991666666666665
"('F13', 36)",5,False,-0.14283111080656527,-0.14283333333333328,-0.03298072527506446,0.3588333333333333
"('F13', 37)",6,False,-0.12156072982553476,-0.12199999999999991,-0.004555772111520473,0.3379999999999999
"('F13', 38)",7,False,-0.09256372187370807,-0.08162499999999998,0.03914608428606836,0.297625
"('F13', 41)",8,False,-0.1169632583887126,-0.11516666666666667,-0.004816935325145544,0.33116666666666666
"('F13', 31)",1,False,-0.039038389401668594,-0.03133333333333338,-0.01949361001617933,0.32033333333333336
"('F13', 33)",2,False,-0.05876159429307937,-0.05075000000000002,-0.0381688367905495,0.33975
"('F13', 34)",3,False,-0.055050212678968646,-0.060916666666666675,-0.03601586387658401,0.34991666666666665
"('F13', 36)",4,False,-0.07990327429127775,-0.0698333333333333,-0.03298072527506446,0.3588333333333333
"('F13', 37)",5,False,-0.058632893310247236,-0.04899999999999993,-0.004555772111520473,0.3379999999999999
"('F13', 38)",6,False,-0.029635885358420544,-0.008624999999999994,0.03914608428606836,0.297625
"('F13', 41)",7,False,-0.05403542187342508,-0.042166666666666686,-0.004816935325145544,0.33116666666666666
"('F13', 43)",8,False,-0.056973085033887094,-0.05691666666666667,-0.020644065988657034,0.34591666666666665
"('F13', 33)",1,False,-0.008494461447785984,-0.010749999999999982,-0.0381688367905495,0.33975
"('F13', 34)",2,False,-0.004783079833675263,-0.02091666666666664,-0.03601586387658401,0.34991666666666665
"('F13', 36)",3,False,-0.029636141445984365,-0.029833333333333267,-0.03298072527506446,0.3588333333333333
"('F13', 37)",4,False,-0.008365760464953853,-0.008999999999999897,-0.004555772111520473,0.3379999999999999
"('F13', 38)",5,False,0.02063124748687284,0.03137500000000004,0.03914608428606836,0.297625
"('F13', 41)",6,False,-0.0037682890281316994,-0.00216666666666665,-0.004816935325145544,0.33116666666666666
"('F13', 43)",7,False,-0.006705952188593711,-0.016916666666666635,-0.020644065988657034,0.34591666666666665
"('F47', 66)",8,False,-0.04338555253470977,-0.050124999999999975,0.020587246039408924,0.379125
"('F13', 34)",1,False,0.0023539353804597485,-0.003916666666666679,-0.03601586387658401,0.34991666666666665
"('F13', 36)",2,False,-0.022499126231849353,-0.012833333333333308,-0.03298072527506446,0.3588333333333333
"('F13', 37)",3,False,-0.0012287452508188412,0.008000000000000063,-0.004555772111520473,0.3379999999999999
"('F13', 38)",4,False,0.02776826270100785,0.048375,0.03914608428606836,0.297625
"('F13', 41)",5,False,0.0033687261860033124,0.01483333333333331,-0.004816935325145544,0.33116666666666666
"('F13', 43)",6,False,0.0004310630255413006,8.333333333332416e-05,-0.020644065988657034,0.34591666666666665
"('F47', 66)",7,False,-0.03624853732057476,-0.033125000000000016,0.020587246039408924,0.379125
"('F47', 193)",8,True,-0.03827796255084537,-0.03500000000000003,-0.009003009700957465,0.381
"('F13', 36)",1,False,-0.03115321712505842,0.0011666666666667047,-0.03298072527506446,0.3588333333333333
"('F13', 37)",2,False,-0.009882836144027907,0.022000000000000075,-0.004555772111520473,0.3379999999999999
"('F13', 38)",3,False,0.019114171807798785,0.062375000000000014,0.03914608428606836,0.297625
"('F13', 41)",4,False,-0.005285364707205753,0.028833333333333322,-0.004816935325145544,0.33116666666666666
"('F13', 43)",5,False,-0.008223027867667765,0.014083333333333337,-0.020644065988657034,0.34591666666666665
"('F47', 66)",6,False,-0.044902628213783824,-0.019125000000000003,0.020587246039408924,0.379125
"('F47', 193)",7,True,-0.04693205344405443,-0.02100000000000002,-0.009003009700957465,0.381
"('F47', 69)",8,False,-0.03791582113431807,-0.02812500000000001,0.04968606143893761,0.388125
"('F13', 37)",1,False,0.01298065549980254,0.023000000000000076,-0.004555772111520473,0.3379999999999999
"('F13', 38)",2,False,0.04197766345162923,0.06337500000000001,0.03914608428606836,0.297625
"('F13', 41)",3,False,0.017578126936624694,0.029833333333333323,-0.004816935325145544,0.33116666666666666
"('F13', 43)",4,False,0.014640463776162682,0.015083333333333337,-0.020644065988657034,0.34591666666666665
"('F47', 66)",5,False,-0.022039136569953377,-0.018125000000000002,0.020587246039408924,0.379125
"('F47', 193)",6,True,-0.024068561800223987,-0.020000000000000018,-0.009003009700957465,0.381
"('F47', 69)",7,False,-0.015052329490487626,-0.02712500000000001,0.04968606143893761,0.388125
"('F47', 71)",8,False,-0.02607947445476,-0.03904166666666664,0.0326674899851116,0.40004166666666663
"('F13', 38)",1,False,-0.014476192871443527,0.003375000000000017,0.03914608428606836,0.297625
"('F13', 41)",2,False,-0.038875729386448066,-0.030166666666666675,-0.004816935325145544,0.33116666666666666
"('F13', 43)",3,False,-0.04181339254691008,-0.04491666666666666,-0.020644065988657034,0.34591666666666665
"('F47', 66)",4,False,-0.07849299289302614,-0.078125,0.020587246039408924,0.379125
"('F47', 193)",5,True,-0.08052241812329675,-0.08000000000000002,-0.009003009700957465,0.381
"('F47', 69)",6,False,-0.07150618581356039,-0.08712500000000001,0.04968606143893761,0.388125
"('F47', 71)",7,False,-0.08253333077783276,-0.09904166666666664,0.0326674899851116,0.40004166666666663
"('F13', 46)",8,False,-0.06640782269280077,-0.09716666666666673,0.005945154562451149,0.3981666666666667
"('F13', 41)",1,False,-0.021750685404714643,-0.02316666666666667,-0.004816935325145544,0.33116666666666666
"('F13', 43)",2,False,-0.024688348565176654,-0.037916666666666654,-0.020644065988657034,0.34591666666666665
"('F47', 66)",3,False,-0.06136794891129271,-0.071125,0.020587246039408924,0.379125
"('F47', 193)",4,True,-0.06339737414156332,-0.07300000000000001,-0.009003009700957465,0.381
"('F47', 69)",5,False,-0.05438114183182696,-0.080125,0.04968606143893761,0.388125
"('F47', 71)",6,False,-0.06540828679609934,-0.09204166666666663,0.0326674899851116,0.40004166666666663
"('F13', 46)",7,False,-0.04928277871106734,-0.09016666666666673,0.005945154562451149,0.3981666666666667
"('F13', 126)",8,False,-0.13318488468217643,-0.0738333333333333,0.14812666999556962,0.3818333333333333
"('F13', 43)",1,False,0.0010794901834458304,-0.003916666666666624,-0.020644065988657034,0.34591666666666665
"('F47', 66)",2,False,-0.03560011016267023,-0.037124999999999964,0.020587246039408924,0.379125
"('F47', 193)",3,True,-0.03762953539294084,-0.03899999999999998,-0.009003009700957465,0.381
"('F47', 69)",4,False,-0.028613303083204478,-0.04612499999999997,0.04968606143893761,0.388125
"('F47', 71)",5,False,-0.03964044804747685,-0.0580416666666666,0.0326674899851116,0.40004166666666663
"('F13', 46)",6,False,-0.02351493996244486,-0.0561666666666667,0.005945154562451149,0.3981666666666667
"('F13', 126)",7,False,-0.10741704593355395,-0.039833333333333276,0.14812666999556962,0.3818333333333333
"('F47', 66)",1,False,-0.033592529504066215,-0.02512500000000001,0.020587246039408924,0.379125
"('F47', 193)",2,True,-0.035621954734336825,-0.027000000000000024,-0.009003009700957465,0.381
"('F47', 69)",3,False,-0.026605722424600464,-0.034125000000000016,0.04968606143893761,0.388125
"('F47', 71)",4,False,-0.03763286738887284,-0.04604166666666665,0.0326674899851116,0.40004166666666663
"('F13', 46)",5,False,-0.021507359303840845,-0.04416666666666674,0.005945154562451149,0.3981666666666667
"('F13', 126)",6,False,-0.10540946527494993,-0.02783333333333332,0.14812666999556962,0.3818333333333333
"('F47', 193)",1,True,-0.0065618829183266,-0.0030000000000000027,-0.009003009700957465,0.381
"('F47', 69)",2,False,0.0024543493914097603,-0.010124999999999995,0.04968606143893761,0.388125
"('F47', 71)",3,False,-0.008572795572862613,-0.022041666666666626,0.0326674899851116,0.40004166666666663
"('F13', 46)",4,False,0.0075527125121693794,-0.02016666666666672,0.005945154562451149,0.3981666666666667
"('F13', 126)",5,False,-0.07634939345893971,-0.0038333333333332997,0.14812666999556962,0.3818333333333333
"('F47', 69)",1,False,0.005137166440955576,-0.014124999999999999,0.04968606143893761,0.388125
"('F47', 71)",2,False,-0.005889978523316797,-0.02604166666666663,0.0326674899851116,0.40004166666666663
"('F13', 46)",3,False,0.010235529561715195,-0.024166666666666725,0.005945154562451149,0.3981666666666667
"('F13', 126)",4,False,-0.07366657640939389,-0.007833333333333303,0.14812666999556962,0.3818333333333333
"('F47', 71)",1,False,-0.002937040925296841,-0.006041666666666612,0.0326674899851116,0.40004166666666663
"('F13', 46)",2,False,0.013188467159735151,-0.004166666666666707,0.005945154562451149,0.3981666666666667
"('F13', 126)",3,False,-0.07071363881137394,0.012166666666666714,0.14812666999556962,0.3818333333333333
"('F13', 46)",1,False,0.0230415906344536,0.008833333333333249,0.005945154562451149,0.3981666666666667
"('F13', 126)",2,False,-0.060860515336655485,0.02516666666666667,0.14812666999556962,0.3818333333333333
"('F13', 126)",1,False,-0.08085050384012882,0.029166666666666674,0.14812666999556962,0.3818333333333333
"('F13', 218)",1,True,-0.03727679783457161,-0.019499999999999962,0.023461950004261378,0.38949999999999996
"('F47', 175)",2,False,-0.055073144265015084,-0.03491666666666665,0.04612272844045173,0.40491666666666665
"('F13', 176)",3,False,-0.0669049836581685,-0.055416666666666614,0.007647603283617133,0.4254166666666666
"('F47', 243)",4,True,-0.18550168224546054,-0.07900000000000007,-0.011768021639154524,0.44900000000000007
"('F13', 81)",5,False,-0.3235238743724109,-0.15229166666666671,-0.026916605335925603,0.5222916666666667
"('F13', 83)",6,False,-0.3319177381605484,-0.17270833333333335,-0.012444944117607326,0.5427083333333333
"('F13', 85)",7,False,-0.35133640001661753,-0.2024583333333334,-0.024029637791664782,0.5724583333333334
"('F47', 175)",1,False,-0.0011180826806661548,-0.0069166666666666266,0.04612272844045173,0.40491666666666665
"('F13', 176)",2,False,-0.012949922073819564,-0.02741666666666659,0.007647603283617133,0.4254166666666666
"('F47', 243)",3,True,-0.1315466206611116,-0.051000000000000045,-0.011768021639154524,0.44900000000000007
"('F13', 81)",4,False,-0.269568812788062,-0.12429166666666669,-0.026916605335925603,0.5222916666666667
"('F13', 83)",5,False,-0.2779626765761995,-0.14470833333333333,-0.012444944117607326,0.5427083333333333
"('F13', 85)",6,False,-0.2973813384322686,-0.17445833333333338,-0.024029637791664782,0.5724583333333334
"('F13', 176)",1,False,-0.016968187332355833,-0.016416666666666635,0.007647603283617133,0.4254166666666666
"('F47', 243)",2,True,-0.13556488591964788,-0.04000000000000009,-0.011768021639154524,0.44900000000000007
"('F13', 81)",3,False,-0.27358707804659826,-0.11329166666666673,-0.026916605335925603,0.5222916666666667
"('F13', 83)",4,False,-0.28198094183473577,-0.13370833333333337,-0.012444944117607326,0.5427083333333333
"('F13', 85)",5,False,-0.3013996036908049,-0.16345833333333343,-0.024029637791664782,0.5724583333333334
"('F47', 243)",1,True,-0.14132714933574253,-0.04000000000000009,-0.011768021639154524,0.44900000000000007
"('F13', 81)",2,False,-0.2793493414626929,-0.11329166666666673,-0.026916605335925603,0.5222916666666667
"('F13', 83)",3,False,-0.2877432052508304,-0.13370833333333337,-0.012444944117607326,0.5427083333333333
"('F13', 85)",4,False,-0.3071618671068995,-0.16345833333333343,-0.024029637791664782,0.5724583333333334
"('F13', 81)",1,False,-0.04545167107930953,-0.030291666666666717,-0.026916605335925603,0.5222916666666667
"('F13', 83)",2,False,-0.05384553486744703,-0.050708333333333355,-0.012444944117607326,0.5427083333333333
"('F13', 85)",3,False,-0.07326419672351614,-0.08045833333333341,-0.024029637791664782,0.5724583333333334
"('F13', 83)",1,False,-0.0115053009927929,-0.014708333333333323,-0.012444944117607326,0.5427083333333333
"('F13', 85)",2,False,-0.030923962848862008,-0.04445833333333338,-0.024029637791664782,0.5724583333333334
"('F13', 85)",1,False,-0.019749920137546173,-0.017458333333333353,-0.024029637791664782,0.5724583333333334
"('F13', 89)",1,False,-0.022323374344323188,-0.023666666666666725,-0.01525809855567406,0.5786666666666668
"('F13', 91)",2,False,-0.00839563933131704,-0.022916666666666696,-0.029030525998420487,0.5779166666666667
"('F47', 95)",3,False,0.009814926628202159,-0.053333333333333344,-0.005327607541680601,0.6083333333333334
"('F47', 97)",4,False,0.02634720432692572,-0.06370833333333326,-0.031002116820027736,0.6187083333333333
"('F47', 99)",5,False,0.036219514351483406,-0.09095833333333325,-0.06904436698964866,0.6459583333333333
"('F47', 101)",6,False,0.05120344010880851,-0.10391666666666666,-0.04223481349924374,0.6589166666666667
"('F47', 103)",7,False,0.05763988986933588,-0.11562499999999987,-0.007822058867803183,0.6706249999999999
"('F47', 105)",8,False,0.18003185226885787,-0.12916666666666665,-0.104554099080852,0.6841666666666667
"('F13', 91)",1,False,0.011018484426263409,-0.00391666666666679,-0.029030525998420487,0.5779166666666667
"('F47', 95)",2,False,0.029229050385782607,-0.03433333333333344,-0.005327607541680601,0.6083333333333334
"('F47', 97)",3,False,0.04576132808450617,-0.04470833333333335,-0.031002116820027736,0.6187083333333333
"('F47', 99)",4,False,0.055633638109063854,-0.07195833333333335,-0.06904436698964866,0.6459583333333333
"('F47', 101)",5,False,0.07061756386638895,-0.08491666666666675,-0.04223481349924374,0.6589166666666667
"('F47', 103)",6,False,0.07705401362691633,-0.09662499999999996,-0.007822058867803183,0.6706249999999999
"('F47', 105)",7,False,0.19944597602643832,-0.11016666666666675,-0.104554099080852,0.6841666666666667
"('F47', 95)",1,False,0.0010596335074469776,-0.02733333333333343,-0.005327607541680601,0.6083333333333334
"('F47', 97)",2,False,0.01759191120617054,-0.037708333333333344,-0.031002116820027736,0.6187083333333333
"('F47', 99)",3,False,0.027464221230728225,-0.06495833333333334,-0.06904436698964866,0.6459583333333333
"('F47', 101)",4,False,0.042448146988053326,-0.07791666666666675,-0.04223481349924374,0.6589166666666667
"('F47', 103)",5,False,0.0488845967485807,-0.08962499999999995,-0.007822058867803183,0.6706249999999999
"('F47', 105)",6,False,0.17127655914810258,-0.10316666666666674,-0.104554099080852,0.6841666666666667
"('F47', 97)",1,False,0.0013256045536191863,-0.004708333333333314,-0.031002116820027736,0.6187083333333333
"('F47', 99)",2,False,0.01119791457817687,-0.03195833333333331,-0.06904436698964866,0.6459583333333333
"('F47', 101)",3,False,0.02618184033550197,-0.044916666666666716,-0.04223481349924374,0.6589166666666667
"('F47', 103)",4,False,0.032618290096029345,-0.056624999999999925,-0.007822058867803183,0.6706249999999999
"('F47', 105)",5,False,0.15501025249555134,-0.07016666666666671,-0.104554099080852,0.6841666666666667
"('F47', 99)",1,False,0.021258061123319516,-0.004958333333333287,-0.06904436698964866,0.6459583333333333
"('F47', 101)",2,False,0.03624198688064462,-0.017916666666666692,-0.04223481349924374,0.6589166666666667
"('F47', 103)",3,False,0.04267843664117199,-0.0296249999999999,-0.007822058867803183,0.6706249999999999
"('F47', 105)",4,False,0.16507039904069398,-0.043166666666666687,-0.104554099080852,0.6841666666666667
"('F47', 101)",1,False,0.013229863959784649,-0.00491666666666668,-0.04223481349924374,0.6589166666666667
"('F47', 103)",2,False,0.019666313720312023,-0.01662499999999989,-0.007822058867803183,0.6706249999999999
"('F47', 105)",3,False,0.14205827611983401,-0.030166666666666675,-0.104554099080852,0.6841666666666667
"('F47', 103)",1,False,-0.0005192216126395088,-0.00562499999999988,-0.007822058867803183,0.6706249999999999
"('F47', 105)",2,False,0.12187274078688237,-0.019166666666666665,-0.104554099080852,0.6841666666666667
"('F47', 105)",1,False,0.10075735186055146,-0.011166666666666658,-0.104554099080852,0.6841666666666667
"('F47', 215)",1,True,0.04746265508511982,0.009749999999999925,-0.07311800383736033,0.70525
"('F47', 131)",2,False,0.10929213421642581,0.012249999999999983,-0.07103812720405045,0.70275
"('F47', 131)",1,False,0.04647971402892159,0.006249999999999978,-0.07103812720405045,0.70275
"('F47', 242)",1,True,-0.0378942380249464,0.01879166666666665,0.09038024298713887,0.7242083333333333
"('F13', 168)",2,False,0.033663001978964546,0.0737916666666667,0.10407161013705202,0.6692083333333333
"('F47', 170)",3,False,-0.11835732894732931,-0.02720833333333328,-0.033496426690958536,0.7702083333333333
"('F13', 171)",4,False,-0.27291992414967703,-0.12845833333333334,-0.0762698990719366,0.8714583333333333
"('F47', 173)",5,False,-0.3388913442074365,-0.18233333333333324,-0.14083101755660654,0.9253333333333332
"('F13', 174)",6,False,-0.335449086058364,-0.20420833333333321,-0.1367345711482454,0.9472083333333332
"('F47', 176)",7,False,-0.3275240255649169,-0.23733333333333329,-0.1077942183156585,0.9803333333333333
"('F13', 177)",8,False,-0.2606169494568872,-0.26212499999999983,-0.06279714405572456,1.0051249999999998
"('F13', 168)",1,False,-0.009406097982330941,0.025791666666666657,0.10407161013705202,0.6692083333333333
"('F47', 170)",2,False,-0.1614264289086248,-0.07520833333333332,-0.033496426690958536,0.7702083333333333
"('F13', 171)",3,False,-0.3159890241109725,-0.17645833333333338,-0.0762698990719366,0.8714583333333333
"('F47', 173)",4,False,-0.381960444168732,-0.23033333333333328,-0.14083101755660654,0.9253333333333332
"('F13', 174)",5,False,-0.3785181860196595,-0.25220833333333326,-0.1367345711482454,0.9472083333333332
"('F47', 176)",6,False,-0.3705931255262124,-0.2853333333333333,-0.1077942183156585,0.9803333333333333
"('F13', 177)",7,False,-0.30368604941818267,-0.3101249999999999,-0.06279714405572456,1.0051249999999998
"('F47', 170)",1,False,-0.16179531275012582,-0.14020833333333327,-0.033496426690958536,0.7702083333333333
"('F13', 171)",2,False,-0.31635790795247354,-0.24145833333333333,-0.0762698990719366,0.8714583333333333
"('F47', 173)",3,False,-0.382329328010233,-0.2953333333333332,-0.14083101755660654,0.9253333333333332
"('F13', 174)",4,False,-0.3788870698611605,-0.3172083333333332,-0.1367345711482454,0.9472083333333332
"('F47', 176)",5,False,-0.3709620093677134,-0.3503333333333333,-0.1077942183156585,0.9803333333333333
"('F13', 177)",6,False,-0.3040549332596837,-0.3751249999999998,-0.06279714405572456,1.0051249999999998
"('F13', 171)",1,False,-0.057486490787613365,-0.03545833333333337,-0.0762698990719366,0.8714583333333333
"('F47', 173)",2,False,-0.12345791084537283,-0.08933333333333326,-0.14083101755660654,0.9253333333333332
"('F13', 174)",3,False,-0.12001565269630032,-0.11120833333333324,-0.1367345711482454,0.9472083333333332
"('F47', 176)",4,False,-0.11209059220285322,-0.1443333333333333,-0.1077942183156585,0.9803333333333333
"('F13', 177)",5,False,-0.04518351609482352,-0.16912499999999986,-0.06279714405572456,1.0051249999999998
"('F47', 173)",1,False,-0.05563931836057601,-0.04033333333333322,-0.14083101755660654,0.9253333333333332
"('F13', 174)",2,False,-0.0521970602115035,-0.0622083333333332,-0.1367345711482454,0.9472083333333332
"('F47', 176)",3,False,-0.0442719997180564,-0.09533333333333327,-0.1077942183156585,0.9803333333333333
"('F13', 177)",4,False,0.02263507638997342,-0.12012499999999982,-0.06279714405572456,1.0051249999999998
"('F13', 174)",1,False,0.025196790219919163,-0.01820833333333316,-0.1367345711482454,0.9472083333333332
"('F47', 176)",2,False,0.033121850713366374,-0.05133333333333323,-0.1077942183156585,0.9803333333333333
"('F13', 177)",3,False,0.10002892682139608,-0.07612499999999978,-0.06279714405572456,1.0051249999999998
"('F47', 176)",1,False,0.017388334127594107,-0.019333333333333313,-0.1077942183156585,0.9803333333333333
"('F13', 177)",2,False,0.0842954102356237,-0.04412499999999986,-0.06279714405572456,1.0051249999999998
"('F13', 177)",1,False,0.04421717026480021,-0.02112499999999984,-0.06279714405572456,1.0051249999999998
"('F47', 231)",1,True,-0.2816096143199267,-0.19770833333333337,-0.7795500622301776,2.1767083333333335
"('F47', 132)",2,False,-0.5728439084562096,-0.7331666666666665,-1.5325022292198198,2.7121666666666666
"('F47', 132)",1,False,0.06507993247577559,0.037833333333333385,-1.5325022292198198,2.7121666666666666
"('F47', 136)",1,False,0.08871664795071488,0.006250000000000089,0.1959259124177184,1.65275
"('F47', 138)",2,False,0.25280565250873277,-0.05129166666666651,-0.18292247502780445,1.7102916666666665
"('F47', 139)",3,False,0.5239102112010381,-0.025374999999999925,-0.0811775670501671,1.684375
"('F47', 141)",4,False,0.564469717414255,-0.2064999999999999,-0.13317467893866586,1.8655
"('F47', 138)",1,False,0.17377019864650656,0.02070833333333355,-0.18292247502780445,1.7102916666666665
"('F47', 139)",2,False,0.4448747573388119,0.04662500000000014,-0.0811775670501671,1.684375
"('F47', 141)",3,False,0.4854342635520288,-0.13449999999999984,-0.13317467893866586,1.8655
"('F47', 139)",1,False,0.08162459530073707,-0.0003750000000000142,-0.0811775670501671,1.684375
"('F47', 141)",2,False,0.1221841015139542,-0.1815,-0.13317467893866586,1.8655
"('F47', 141)",1,False,0.06503147864710823,0.03750000000000009,-0.13317467893866586,1.8655
"('F47', 145)",1,False,0.22599849823688523,0.18937500000000007,-0.5776755859837637,2.141625
