seed,farm,day,mean_y,mean_A,mean_B,mean_max_possible,mean_min_possible,unreachable_above_day_level,high
7,F13,8,0.17720833333333333,0.36636673537216913,0.36636673537216913,0.36636673537216913,0.36636673537216913,False,False
7,F13,9,0.39191666666666664,0.32807902988559096,0.32807902988559096,0.32807902988559096,0.32807902988559096,True,False
7,F13,10,0.37424999999999997,0.34198298322551174,0.34198298322551174,0.34198298322551174,0.34198298322551174,True,False
7,F13,11,0.36833333333333335,0.37353022455347773,0.37353022455347773,0.37353022455347773,0.37353022455347773,False,False
7,F13,12,0.3505,0.34212949301518475,0.34212949301518475,0.34212949301518475,0.34212949301518475,True,False
7,F13,13,0.40054166666666663,0.2887656265281834,0.30423165486507925,0.30423165486507925,0.2887656265281834,True,False
7,F13,14,0.3236666666666667,0.34604852557441035,0.32973498071200974,0.3465075236007202,0.3292759826856999,False,False
7,F13,16,0.322875,0.3333040767767423,0.3459911370075354,0.34854778629679184,0.33074742748748587,False,False
7,F13,17,0.39683333333333337,0.33712762051380424,0.33956985931764344,0.3453852500916856,0.33131222973976215,True,False
7,F13,18,0.3305416666666667,0.27952011629073353,0.3256083230341243,0.3256083230341243,0.27952011629073353,True,False
7,F13,19,0.383375,0.3033683172176493,0.32499681979041045,0.32499681979041045,0.3033683172176493,True,False
7,F13,20,0.34195833333333336,0.30654661204155115,0.33454096502749414,0.33454096502749414,0.30654661204155115,True,False
7,F13,21,0.36258333333333326,0.2974419518818007,0.33013997797498135,0.33013997797498135,0.2974419518818007,True,False
7,F13,22,0.3542083333333334,0.3121067989696024,0.3358527281913934,0.3362893413816552,0.3116701857793405,True,False
7,F13,25,0.3364583333333333,0.3421537899548035,0.34277919711451627,0.3500219294225653,0.33491105764675444,False,False
7,F13,26,0.33208333333333334,0.2954226420497184,0.3238130102592504,0.3238130102592504,0.2954226420497184,True,False
7,F13,27,0.3579583333333334,0.3311771999012079,0.3368994100205178,0.34071997497682566,0.3273566349449001,True,False
7,F13,28,0.366625,0.25828372398412053,0.31603815420669995,0.31603815420669995,0.25828372398412053,True,False
7,F13,29,0.30795833333333333,0.28031041950148566,0.31483351619728045,0.31483351619728045,0.28031041950148566,False,False
7,F13,30,0.3590416666666667,0.3319993690354426,0.3408720044388338,0.3408720044388338,0.3319993690354426,True,False
7,F13,31,0.32033333333333336,0.29587789019619665,0.3058955898957181,0.30665415243796296,0.2951193276539517,True,False
7,F13,32,0.3295,0.26000072342406494,0.2996300710168247,0.2996300710168247,0.26000072342406494,True,False
7,F13,33,0.33975,0.30288006543422963,0.31266680100957145,0.3131636030386809,0.3023832634051202,True,False
7,F13,34,0.34991666666666665,0.3205207231078352,0.33343830149052245,0.3348219889355611,0.3191370356627965,True,False
7,F13,35,0.26345833333333335,0.2019419528634725,0.27131628791296913,0.27131628791296913,0.2019419528634725,False,False
7,F13,36,0.3588333333333333,0.31791468376427756,0.3182289683859453,0.3246806676659688,0.311462984484254,True,False
7,F13,37,0.3379999999999999,0.3319656711366991,0.3305507547593125,0.3368838463813663,0.3256325795146453,True,False
7,F13,38,0.297625,0.34245546148359196,0.3404897336024925,0.34525305773660886,0.3376921373494757,False,False
7,F13,39,0.18516666666666667,0.23896175427214153,0.279111037307953,0.279111037307953,0.23896175427214153,False,False
7,F13,40,0.1728333333333333,0.24550166704889864,0.2787045429174308,0.2787045429174308,0.24550166704889864,False,False
7,F13,41,0.33116666666666666,0.32724675374645135,0.33397267359779437,0.33650336911566225,0.32471605822858346,False,False
7,F13,42,0.14945833333333333,0.23949446440160085,0.27725980972363146,0.27725980972363146,0.23949446440160085,False,False
7,F13,43,0.34591666666666665,0.32084059289647726,0.3330159292753647,0.3330159292753647,0.32084059289647726,True,False
7,F13,44,0.20025,0.17760818642098677,0.20294264640408632,0.20294264640408632,0.17760818642098677,False,False
7,F13,45,0.14758333333333332,0.17633895933171875,0.19429616197096403,0.19429616197096403,0.17633895933171875,False,False
7,F13,46,0.3981666666666667,0.3644695057828066,0.3148301821822625,0.3644695057828066,0.3148301821822625,True,False
7,F13,48,0.4250833333333334,0.39083015955091915,0.3325198899327511,0.39083015955091915,0.3325198899327511,True,False
7,F13,49,0.14991666666666667,0.17502975783552444,0.18393029015353854,0.18427755203065996,0.17468249595840302,False,False
7,F13,50,0.453625,0.3992224626628693,0.32595067997629085,0.3992224626628693,0.32595067997629085,True,False
7,F13,51,0.4850833333333333,0.45034153232874646,0.3543605456062748,0.45034153232874646,0.3543605456062748,True,False
7,F13,52,0.23383333333333334,0.2387740751496115,0.21417092414838954,0.2387740751496115,0.21417092414838954,False,False
7,F13,53,0.2368333333333333,0.2617376557482553,0.30404998951266643,0.30404998951266643,0.2617376557482553,False,False
7,F13,54,0.24454166666666666,0.272866605117544,0.30119963030196023,0.30512478558278294,0.2689414498367213,False,False
7,F13,55,0.5199166666666667,0.436383151290018,0.42171114416553745,0.436383151290018,0.42171114416553745,True,False
7,F13,56,0.2577083333333334,0.2587335736613546,0.2817901618787026,0.29188098054260386,0.24864275499745328,False,False
7,F13,57,0.549625,0.45617276129660045,0.43226306062790004,0.45617276129660045,0.43226306062790004,True,False
7,F13,58,0.258375,0.2471554599222993,0.2508342468307192,0.2520017144898603,0.24598799226315818,True,False
7,F13,59,0.26229166666666665,0.2430006460937261,0.2505952777032041,0.2506040628989746,0.24299186089795563,True,False
7,F13,60,0.26495833333333335,0.23089784969797778,0.2481166681069457,0.25585247402344596,0.22316204378147753,True,False
7,F13,61,0.26429166666666665,0.24499731385040657,0.24027241721271206,0.25145225841241475,0.23381747265070393,True,False
7,F13,62,0.5582916666666666,0.46202401847169594,0.3691451456200332,0.46202401847169594,0.3691451456200332,True,False
7,F13,63,0.2705,0.2638646562065475,0.2584734063460115,0.26579657665481166,0.2565414858977474,True,False
7,F13,64,0.5405833333333333,0.5206737279815067,0.41589418311607096,0.5206737279815067,0.41589418311607096,True,False
7,F13,65,0.2655,0.2570022810529992,0.2601809967855054,0.27194345330026654,0.2452398245382381,False,False
7,F13,66,0.25133333333333335,0.2513734788386029,0.26582046541748733,0.2693296465384347,0.2478642977176555,False,False
7,F13,67,0.5415833333333333,0.4724333372228949,0.35592302317933755,0.4724333372228949,0.35592302317933755,True,False
7,F13,68,0.24787499999999998,0.25721855991207154,0.2596292398489366,0.2613230328626127,0.2555247668983954,False,False
7,F13,69,0.42891666666666667,0.41551053182930914,0.33689772713244465,0.41551053182930914,0.33689772713244465,True,False
7,F13,70,0.44295833333333334,0.4194742185635545,0.3480767460238574,0.4201628719707342,0.3473880926166777,True,False
7,F13,71,0.549125,0.5102604123563573,0.43663802173787586,0.5102604123563573,0.43663802173787586,True,False
7,F13,72,0.45575000000000004,0.4222753835696345,0.3449996326887514,0.4222753835696345,0.3449996326887514,True,False
7,F13,73,0.56725,0.5282761884202428,0.5272463568128881,0.5366744653098646,0.5188480799232663,True,False
7,F13,75,0.46820833333333334,0.48812664524472194,0.4272712570063198,0.48812664524472194,0.4272712570063198,False,False
7,F13,76,0.5653333333333332,0.4992382094398476,0.48017917422451656,0.5079369910458448,0.47148039261851943,True,False
7,F13,77,0.48287499999999994,0.4994283188572742,0.4574256498815002,0.5006503352022128,0.45620363353656174,False,False
7,F13,78,0.5759583333333333,0.5455346026015707,0.541040249054794,0.5499533016482678,0.536621550008097,True,False
7,F13,79,0.495625,0.5173294191703187,0.46052796567465676,0.5175777796913685,0.46027960515360683,False,False
7,F13,80,0.5730833333333333,0.5102574493105657,0.5064216279734777,0.5248819892890095,0.4917970879950338,True,False
7,F13,81,0.5222916666666667,0.5135138925746182,0.4825631390249237,0.5135138925746182,0.4825631390249237,True,False
7,F13,82,0.5330833333333334,0.4978467441837535,0.5016376148666751,0.5048822843546014,0.49460207469582745,True,False
7,F13,83,0.5427083333333333,0.5270064799427113,0.5085081014319555,0.5270517364410915,0.5084628449335753,True,False
7,F13,84,0.5364166666666667,0.5455979354655666,0.5543466296263846,0.5543466296263846,0.5455979354655666,False,False
7,F13,85,0.5724583333333334,0.5448292192523732,0.5181273787941582,0.5450303419831384,0.5179262560633929,True,False
7,F13,86,0.556875,0.5116330088292212,0.5276495909949709,0.5331390454806196,0.5061435543435725,True,False
7,F13,88,0.5509166666666667,0.4966713679937791,0.5042887397561767,0.5126602350947985,0.48829987265515723,True,False
7,F13,89,0.5786666666666668,0.5590153269482755,0.5257657914891677,0.5590153269482755,0.5257657914891677,True,False
7,F13,90,0.5575416666666667,0.4346186881524032,0.4962279399477298,0.4963466917351667,0.4344999363649662,True,False
7,F13,91,0.5779166666666667,0.5400302366761008,0.5431602730804672,0.5437948937631832,0.5393956159933849,True,False
7,F13,92,0.48141666666666677,0.4408017344037127,0.36726194731377876,0.4408017344037127,0.36726194731377876,True,False
7,F13,93,0.3935416666666667,0.4789110995736108,0.5111730988486382,0.5135645805557315,0.4765196178665174,False,False
7,F13,94,0.40116666666666667,0.5249122080351959,0.5454241664849806,0.5454241664849806,0.5249122080351959,False,False
7,F13,95,0.482,0.4229905216468848,0.42925689825712404,0.44425685376262175,0.407990566141387,True,False
7,F13,96,0.4086666666666667,0.5286875811938851,0.5530711915795333,0.5536969068188923,0.5280618659545263,False,False
7,F13,97,0.47354166666666675,0.4329808545619029,0.4117347694430738,0.45186277971407085,0.3928528442909059,True,False
7,F13,98,0.39937500000000004,0.4095005623339644,0.4701356011892854,0.4701356011892854,0.4095005623339644,False,False
7,F13,99,0.4610833333333333,0.4292369790542767,0.4262358418299861,0.4421833930053504,0.4132894278789125,True,False
7,F13,100,0.4057916666666667,0.3594134244678731,0.447669715265592,0.447669715265592,0.3594134244678731,False,False
7,F13,101,0.45108333333333334,0.4396557368943892,0.4616447589292241,0.4661166622745599,0.4351838335490532,False,False
7,F13,102,0.38608333333333333,0.3700556076461637,0.43259352049706107,0.43259352049706107,0.3700556076461637,False,False
7,F13,103,0.447375,0.4749178467329713,0.46793913059102743,0.4752117039288907,0.46764527339510814,False,False
7,F13,104,0.3177916666666667,0.4178286116014929,0.4434804267438166,0.4434804267438166,0.4178286116014929,False,False
7,F13,105,0.44199999999999995,0.4796703085130128,0.47296407678368757,0.4796703085130128,0.47296407678368757,False,False
7,F13,106,0.31616666666666665,0.4893579959339545,0.45294445019352647,0.4893579959339545,0.45294445019352647,False,False
7,F13,107,0.44425000000000003,0.48752916516892847,0.4751343936728894,0.48752916516892847,0.4751343936728894,False,False
7,F13,108,0.45720833333333327,0.4716552636964028,0.4822954999652273,0.4898766545654376,0.46407410909619257,False,False
7,F13,109,0.3450416666666667,0.5161369192248504,0.522656711726456,0.5236021159549297,0.5151915149963767,False,False
7,F13,110,0.35374999999999995,0.4117343786851569,0.41301545205258594,0.4176171474500099,0.40713268328773294,False,False
7,F13,111,0.3712083333333333,0.49327330463485214,0.4990059376854492,0.5051169123804966,0.4871623299398047,False,False
7,F13,112,0.39633333333333337,0.6791173531115944,0.601809728996521,0.6791173531115944,0.601809728996521,False,False
7,F13,113,0.5562916666666667,0.5439313551229524,0.5314584966075294,0.5449107244373352,0.5304791272931467,True,False
7,F13,116,0.9369166666666667,1.0195613859851205,0.7742354436400699,1.0195613859851205,0.7742354436400699,False,False
7,F13,117,0.3037916666666667,0.3207263803941624,0.3810617043027267,0.3810617043027267,0.3207263803941624,False,False
7,F13,118,1.101625,1.1136738056627389,0.8244994793203645,1.1136738056627389,0.8244994793203645,False,True
7,F13,119,0.3114166666666667,0.4120924925375478,0.4533355057307508,0.4533355057307508,0.4120924925375478,False,False
7,F13,120,1.25,1.1649290522279323,0.8669713334124906,1.1649290522279323,0.8669713334124906,True,True
7,F13,121,1.318375,0.8730572393381698,0.6938485678297117,0.8730572393381698,0.6938485678297117,True,True
7,F13,122,0.34879166666666667,0.42748035767330944,0.399841186857661,0.4276087509686968,0.39971279356227357,False,False
7,F13,125,1.4950833333333335,1.4364752987178564,1.1772350345907168,1.4364752987178564,1.1772350345907168,True,True
7,F13,126,0.3818333333333333,0.5824813945153839,0.6037934900903775,0.626194516184554,0.5600803684212073,False,False
7,F13,128,0.7817083333333333,0.7692607604625127,0.5716224155763889,0.7692607604625127,0.5716224155763889,True,False
7,F13,129,0.7205833333333334,0.652338110534582,0.5435026955707026,0.652338110534582,0.5435026955707026,True,False
7,F13,130,0.773125,1.0405171912075561,0.7405171912075561,1.0405171912075561,0.7405171912075561,False,False
7,F13,131,0.73775,0.7361495393900125,0.5899550982598222,0.7361495393900125,0.5899550982598222,True,False
7,F13,132,0.8696666666666667,1.2704336858007645,0.9704336858007644,1.2704336858007645,0.9704336858007644,False,False
7,F13,133,0.9788333333333333,1.2042690845523372,0.9042690845523372,1.2042690845523372,0.9042690845523372,False,False
7,F13,134,0.7533333333333333,0.7315361363320666,0.5538750677021436,0.7315361363320666,0.5538750677021436,True,False
7,F13,135,1.0125833333333334,1.1258510361053145,0.825946986453404,1.1258510361053145,0.825946986453404,False,True
7,F13,136,0.73775,0.7450701792217908,0.583295008677645,0.7450701792217908,0.583295008677645,False,False
7,F13,137,1.0758750000000001,1.3065909775221125,1.0065909775221125,1.3065909775221125,1.0065909775221125,False,True
7,F13,138,0.7215416666666666,0.7431859709592731,0.7012701680643176,0.7448286302225652,0.6996275088010254,False,False
7,F13,139,1.3034583333333334,0.9557728578937557,0.8673041814762522,0.9577588192110152,0.8653182201589926,True,True
7,F13,140,0.7146249999999998,0.7535287573392436,0.7554869557256406,0.7652431328431598,0.7437725802217248,False,False
7,F13,141,0.7079166666666667,0.7473438102149169,0.7477074449351094,0.7617727230165756,0.7332785321334508,False,False
7,F13,142,0.4254583333333333,0.47474649024767807,0.5454205125634523,0.5454205125634523,0.47474649024767807,False,False
7,F13,143,1.52975,1.2578242385171021,1.0904041063063936,1.2578242385171021,1.0904041063063936,True,True
7,F13,145,0.6891666666666666,0.7334081169580843,0.7307203254831163,0.7338481091576171,0.7302803332835833,False,False
7,F13,146,1.4956666666666667,1.3972269976097913,1.113065467653751,1.3972269976097913,1.113065467653751,True,True
7,F13,147,0.41225,0.49619794679927387,0.568527619997827,0.5952340851603465,0.4694914816367543,False,False
7,F13,148,0.7375833333333333,0.8571555317652031,0.793329503060218,0.8571555317652031,0.793329503060218,False,False
7,F13,149,0.7759166666666667,0.7960117582828073,0.6732442638496808,0.7960117582828073,0.6732442638496808,False,False
7,F13,150,0.8217500000000001,0.8318210527752014,0.7878073833141889,0.8318210527752014,0.7878073833141889,False,False
7,F13,151,1.676875,1.3831552114143024,1.1448239638534385,1.3831552114143024,1.1448239638534385,True,True
7,F13,152,0.43320833333333336,0.4231313408436341,0.4413999181466817,0.4449144537340471,0.4196168052562687,False,False
7,F13,153,1.6374166666666667,1.5234495078460923,1.3355350482688315,1.5234495078460923,1.3355350482688315,True,True
7,F13,154,0.41262499999999996,0.4614140321723937,0.5194147761650482,0.5203118907980291,0.4605169175394129,False,False
7,F13,155,0.8073750000000001,0.7518404689979984,0.7404972293720512,0.7567582391142298,0.7355794592558199,True,False
7,F13,156,0.7513333333333333,1.1247425269365474,0.8887684586190107,1.1247425269365474,0.8887684586190107,False,False
7,F13,157,0.42483333333333334,0.44201119318438936,0.5244863181027423,0.5244863181027423,0.44201119318438936,False,False
7,F13,158,0.4527083333333333,0.44094724198749374,0.4805561096649173,0.48166988322484183,0.4398334684275691,False,False
7,F13,159,0.5987083333333333,0.8737305602566421,0.9255313008815186,0.9376012619153101,0.8616605992228505,False,False
7,F13,160,0.45808333333333334,0.723324527309538,0.730425437916328,0.7423337794111653,0.7114161858147007,False,False
7,F13,161,0.491625,0.45112444331583507,0.48690089630812916,0.49134534527257,0.4466799943513942,True,False
7,F13,162,0.585875,0.7356525571234568,0.8623038789035404,0.8696102766212769,0.7283461594057203,False,False
7,F13,166,0.7276666666666666,0.7668487056675849,0.74151463401338,0.7694488117029025,0.7389145279780625,False,False
7,F13,167,0.43249999999999994,0.44837537838381686,0.447984402819563,0.4514235822875959,0.44493619891578406,False,False
7,F13,168,0.6692083333333333,0.7795989792623118,0.6920099247504927,0.7836946125213187,0.6879142914914859,False,False
7,F13,169,0.8197916666666667,0.7142823125348845,0.7258928770587012,0.7328510029765033,0.7073241866170822,True,False
7,F13,170,0.433875,0.43398778350244555,0.44435190881204506,0.44502199408762594,0.43331769822686467,False,False
7,F13,171,0.8714583333333333,0.8365300494854568,0.8624563822733796,0.8901884975495676,0.8087979342092689,False,False
7,F13,172,0.9783750000000001,0.8907695479746941,0.8111691837838421,0.8907695479746941,0.8111691837838421,True,False
7,F13,173,0.42091666666666666,0.4626594688483043,0.45559047075722364,0.46484552519159755,0.4534044144139304,False,False
7,F13,174,0.9472083333333332,0.8164584642909433,0.960167426327601,0.960167426327601,0.8164584642909433,False,False
7,F13,175,1.2699166666666668,0.9244925949071391,0.8193138990881206,0.9244925949071391,0.8193138990881206,True,True
7,F13,176,0.4254166666666666,0.4337297700457136,0.44301450825608607,0.44730862818366113,0.4294356501181386,False,False
7,F13,177,1.0051249999999998,0.9379982645730909,1.009308646942065,1.0174093921179015,0.9298975193972545,False,True
7,F13,178,1.8420416666666668,1.136464358415114,1.0555371954052388,1.136464358415114,1.0555371954052388,True,True
7,F13,179,0.4014166666666667,0.32357799730451436,0.32357799730451436,0.32357799730451436,0.32357799730451436,True,False
7,F13,180,0.2919583333333333,0.29847167388302315,0.29847167388302315,0.29847167388302315,0.29847167388302315,False,False
7,F13,181,0.38358333333333333,0.29694636704332544,0.29694636704332544,0.29694636704332544,0.29694636704332544,True,False
7,F13,182,0.335375,0.27472961076262936,0.27472961076262936,0.27472961076262936,0.27472961076262936,True,False
7,F13,183,0.3569166666666666,0.27911920348608255,0.3183130193554656,0.3183130193554656,0.27911920348608255,True,False
7,F13,195,0.55625,0.4601359202273465,0.4123632822474119,0.4601359202273465,0.4123632822474119,True,False
7,F13,196,0.5474166666666667,0.43449454517307706,0.4002503130833883,0.43449454517307706,0.4002503130833883,True,False
7,F13,197,0.5479166666666667,0.47609949406530355,0.42028902059760326,0.47609949406530355,0.42028902059760326,True,False
7,F13,198,0.27608333333333335,0.25347568728412584,0.3052224648530459,0.3052224648530459,0.25347568728412584,False,False
7,F13,211,0.5396666666666666,0.5533018261329807,0.4700360003827724,0.5533018261329807,0.4700360003827724,False,False
7,F13,212,0.29433333333333334,0.253739558835869,0.3564385710634362,0.3564385710634362,0.253739558835869,False,False
7,F13,213,0.292,0.25410939661374804,0.3709804443054363,0.3709804443054363,0.25410939661374804,False,False
7,F13,214,0.9180416666666668,0.6544633569191295,0.5858384753806228,0.6544633569191295,0.5858384753806228,True,False
7,F13,215,0.32666666666666666,0.2396696646758422,0.35923994770941103,0.35923994770941103,0.2396696646758422,False,False
7,F13,217,1.6932500000000001,1.0711904777345231,0.8596480415711408,1.0711904777345231,0.8596480415711408,True,True
7,F13,218,0.38949999999999996,0.3889728223728593,0.37809605629847604,0.3889728223728593,0.37809605629847604,True,False
7,F13,231,0.6208750000000001,1.0495943008519695,0.8549047282976971,1.0495943008519695,0.8549047282976971,False,False
7,F13,232,0.7386249999999999,0.7032414305472624,0.5748732921968792,0.7032414305472624,0.5748732921968792,True,False
7,F13,233,0.6336666666666667,1.0118913207966755,0.8240485356437978,1.0118913207966755,0.8240485356437978,False,False
7,F13,241,1.4315,1.0209890242261521,0.7781121993177328,1.0209890242261521,0.7781121993177328,True,True
7,F13,242,0.43204166666666666,0.5500286044197331,0.4488479165181642,0.5500286044197331,0.4488479165181642,False,False
7,F13,243,1.7187916666666665,1.0178744747868997,0.8050656026634071,1.0178744747868997,0.8050656026634071,True,True
7,F13,244,0.44004166666666666,0.3762965359120945,0.4174173194053692,0.41897787003621034,0.3747359852812533,True,False
7,F13,245,0.84025,0.7266220645015543,0.5876625341760947,0.7266220645015543,0.5876625341760947,True,False
7,F47,6,0.24050000000000002,0.2052855089465311,0.2052855089465311,0.2052855089465311,0.2052855089465311,True,False
7,F47,7,0.35720833333333335,0.2077818425594231,0.2077818425594231,0.2077818425594231,0.2077818425594231,True,False
7,F47,8,0.20741666666666667,0.16995955352896883,0.16995955352896883,0.16995955352896883,0.16995955352896883,True,False
7,F47,9,0.17462500000000003,0.18338462011396386,0.18338462011396386,0.18338462011396386,0.18338462011396386,False,False
7,F47,10,0.146625,0.20647369877665908,0.20647369877665908,0.20647369877665908,0.20647369877665908,False,False
7,F47,11,0.21845833333333334,0.2563173008766348,0.261127072941938,0.261127072941938,0.2563173008766348,False,False
7,F47,12,0.13158333333333336,0.19221015603747213,0.21393882761078556,0.21393882761078556,0.19221015603747213,False,False
7,F47,14,0.11625,0.15003573778477677,0.1823888326030336,0.1823888326030336,0.15003573778477677,False,False
7,F47,15,0.19104166666666667,0.23223298173912157,0.24418961979990295,0.24418961979990295,0.23223298173912157,False,False
7,F47,16,0.19587500000000002,0.23920599247191454,0.23868785949443846,0.24791286117244005,0.229980990793913,False,False
7,F47,17,0.112375,0.23569043070337212,0.21129268250548527,0.23569043070337212,0.21129268250548527,False,False
7,F47,18,0.2031666666666667,0.24179473201684618,0.23596470273180944,0.24728680920100324,0.23047262554765233,False,False
7,F47,19,0.12374999999999999,0.2610052129610363,0.22186708664148425,0.2610052129610363,0.22186708664148425,False,False
7,F47,20,0.21070833333333336,0.2370111231881956,0.24433458262192678,0.24433458262192678,0.2370111231881956,False,False
7,F47,21,0.1480416666666667,0.24287958439647891,0.21927281766514514,0.24287958439647891,0.21927281766514514,False,False
7,F47,22,0.21754166666666666,0.236872459885594,0.23879058222250807,0.24266731758353455,0.23299572452456752,False,False
7,F47,23,0.181625,0.2694626173286183,0.23184772229488457,0.2694626173286183,0.23184772229488457,False,False
7,F47,24,0.22620833333333334,0.28675820786997547,0.27112116872160924,0.28675820786997547,0.27112116872160924,False,False
7,F47,25,0.23175,0.23976836133784954,0.2451639277262491,0.2477969925562408,0.2371352965078579,False,False
7,F47,26,0.25654166666666667,0.20327652012009886,0.20535264161842282,0.20747324935520325,0.20115591238331842,True,False
7,F47,27,0.24479166666666666,0.2351192407246443,0.24853061548353084,0.2492438718870471,0.23440598432112802,False,False
7,F47,28,0.37166666666666665,0.3107667932726013,0.257897327208247,0.3107667932726013,0.257897327208247,True,False
7,F47,29,0.2630416666666667,0.266150624661839,0.23331766540392995,0.266150624661839,0.23331766540392995,False,False
7,F47,30,0.28824999999999995,0.23871465223287913,0.2284694942170814,0.23871465223287913,0.2284694942170814,True,False
7,F47,31,0.27995833333333336,0.2963382431991836,0.280202360342098,0.2963382431991836,0.280202360342098,False,False
7,F47,32,0.29220833333333335,0.2579713671588386,0.2526888719045411,0.26470619582447413,0.24595404323890557,True,False
7,F47,33,0.2754166666666667,0.21683158023268836,0.2329655009381916,0.23317583756381755,0.21662124360706247,True,False
7,F47,35,0.11945833333333333,0.17489794908549686,0.2178990474755553,0.2178990474755553,0.17489794908549686,False,False
7,F47,36,0.298875,0.253593376014351,0.2546326239350561,0.2587035372847252,0.24952246266468184,True,False
7,F47,37,0.13954166666666667,0.2376550354633734,0.2597695012335284,0.2597695012335284,0.2376550354633734,False,False
7,F47,38,0.30158333333333337,0.2533003440155329,0.25527786965782084,0.2594134394415761,0.24916477423177766,True,False
7,F47,39,0.16545833333333332,0.2366979744300007,0.2585012303113679,0.2585012303113679,0.2366979744300007,False,False
7,F47,40,0.29683333333333334,0.25142351696839343,0.25816335212221214,0.2624890874803906,0.24709778161021498,True,False
7,F47,42,0.2124166666666667,0.1915190657137811,0.23049905529932083,0.23049905529932083,0.1915190657137811,False,False
7,F47,43,0.250375,0.2685513963734966,0.2780478992248807,0.28041128884250927,0.266188006755868,False,False
7,F47,44,0.20350000000000001,0.16926714801608958,0.20799062633348328,0.20799062633348328,0.16926714801608958,False,False
7,F47,45,0.25329166666666664,0.2641140876212021,0.27472051383773755,0.27472051383773755,0.2641140876212021,False,False
7,F47,46,0.19858333333333333,0.21004705019242595,0.20561507036875307,0.21210632429704154,0.20355579626413753,False,False
7,F47,47,0.19670833333333335,0.19216944056896337,0.19618315963167424,0.1970720056403277,0.1912805945603099,False,False
7,F47,48,0.24883333333333332,0.23814437043890369,0.25931519437266687,0.26551640517470176,0.23194315963686882,False,False
7,F47,49,0.203375,0.20455160904177147,0.19672780874180276,0.20463225848371294,0.1966471592998613,False,False
7,F47,50,0.1525,0.16975149312300855,0.21197290884068423,0.21385387594143068,0.16787052602226213,False,False
7,F47,51,0.22654166666666664,0.25210237551147785,0.2369220720156685,0.2569341743700097,0.23209027315713662,False,False
7,F47,52,0.16025,0.1869587785457345,0.23334279863889815,0.23368061910358193,0.18662095808105073,False,False
7,F47,53,0.23937499999999998,0.2725395104929163,0.25211106822443535,0.27602411442467273,0.2486264642926789,False,False
7,F47,54,0.16,0.19550607071809356,0.2113154848413016,0.21137210341248724,0.19544945214690798,False,False
7,F47,55,0.25062500000000004,0.28652399139587387,0.25246559821848974,0.28652399139587387,0.25246559821848974,False,False
7,F47,57,0.26466666666666666,0.27123859912245746,0.24976846697481672,0.27123859912245746,0.24976846697481672,False,False
7,F47,58,0.16016666666666665,0.1552374202770262,0.16820145797843952,0.1682350511057448,0.1552038271497209,False,False
7,F47,59,0.31383333333333335,0.3691785953841437,0.2989805232939535,0.3691785953841437,0.2989805232939535,False,False
7,F47,60,0.14991666666666667,0.15841158040457498,0.171670964116759,0.17169735539597228,0.15838518912536176,False,False
7,F47,61,0.33525,0.3279507683728567,0.2939021016605345,0.3279507683728567,0.2939021016605345,True,False
7,F47,62,0.15916666666666668,0.16276187133117284,0.1681722691494403,0.171092033389477,0.15984210709113614,False,False
7,F47,63,0.34487500000000004,0.3838010857463472,0.2850020527722525,0.3838010857463472,0.2850020527722525,False,False
7,F47,64,0.3558333333333333,0.3945789239150311,0.2972924869618318,0.3945789239150311,0.2972924869618318,False,False
7,F47,65,0.15483333333333335,0.19543305803922903,0.20228159713253416,0.2059536471872477,0.19176100798451556,False,False
7,F47,66,0.379125,0.3991895794340516,0.34830000516997944,0.3991895794340516,0.34830000516997944,False,False
7,F47,67,0.16879166666666667,0.16802538898867073,0.16509399733943966,0.1691800244758864,0.163939361852224,False,False
7,F47,68,0.208875,0.20534807072108463,0.20503280482776443,0.2091744251416684,0.20120645040718066,False,False
7,F47,69,0.388125,0.43323825533248916,0.3383137264000206,0.43323825533248916,0.3383137264000206,False,False
7,F47,70,0.19441666666666668,0.21690926429609123,0.22567371733307007,0.22905854237854287,0.21352443925061845,False,False
7,F47,71,0.40004166666666663,0.4326534264543835,0.38289125459871415,0.4326534264543835,0.38289125459871415,False,False
7,F47,72,0.18212499999999998,0.196234028908132,0.2196399565064946,0.22167398860051035,0.19419999681411623,False,False
7,F47,73,0.4183333333333334,0.4172597532561408,0.3795076049501758,0.4172597532561408,0.3795076049501758,True,False
7,F47,74,0.2141666666666667,0.3065264053499229,0.2757663664521633,0.3065264053499229,0.2757663664521633,False,False
7,F47,75,0.194125,0.2108684792818336,0.22041141640251108,0.2237477059284647,0.20753218975587998,False,False
7,F47,76,0.20341666666666666,0.21916231874962597,0.2071121708397038,0.21916231874962597,0.2071121708397038,False,False
7,F47,77,0.25829166666666664,0.30290376702887994,0.2877999273417641,0.3048863619216467,0.2858173324489973,False,False
7,F47,78,0.256375,0.2939504957614065,0.2755724195845624,0.30003402357434705,0.2694888917716219,False,False
7,F47,79,0.18629166666666666,0.23631765708687316,0.2346835614867486,0.24734124917233222,0.2236599694012896,False,False
7,F47,80,0.24941666666666665,0.3362777513168808,0.30087243214085824,0.3362777513168808,0.30087243214085824,False,False
7,F47,81,0.18570833333333334,0.20916204045892547,0.22292828653230523,0.22465947887387908,0.20743084811735166,False,False
7,F47,83,0.2739166666666667,0.32510104141917845,0.2905400905401631,0.32510104141917845,0.2905400905401631,False,False
7,F47,85,0.19354166666666664,0.2016473842575184,0.20123309937339373,0.20326255782032274,0.19961792581058943,False,False
7,F47,86,0.318125,0.28926194844733016,0.274838399376473,0.28926194844733016,0.274838399376473,True,False
7,F47,87,0.19670833333333335,0.22343466150836452,0.2090510511328787,0.22343466150836452,0.2090510511328787,False,False
7,F47,88,0.19945833333333332,0.23176606258283453,0.24638336178960119,0.24732642792474144,0.23082299644769422,False,False
7,F47,89,0.3682083333333333,0.3862825579221936,0.3060131006802116,0.3862825579221936,0.3060131006802116,False,False
7,F47,90,0.20099999999999998,0.2169905112671795,0.2510645050397519,0.25631081184308874,0.2117442044638426,False,False
7,F47,91,0.3677916666666667,0.3390290128381636,0.31812073635844085,0.3390290128381636,0.31812073635844085,True,False
7,F47,92,0.20695833333333336,0.2251603799480264,0.23986452339944883,0.24193457775584926,0.22309032559162598,False,False
7,F47,93,0.4468750000000001,0.3784163560559337,0.33012326800658026,0.3784163560559337,0.33012326800658026,True,False
7,F47,95,0.6083333333333334,0.5807118495305165,0.4642246215098811,0.5807118495305165,0.4642246215098811,True,False
7,F47,96,0.2085,0.24932817672140314,0.2428746514795527,0.2518323035897259,0.2403705246112299,False,False
7,F47,97,0.6187083333333333,0.5901524977265269,0.45772679924270565,0.5901524977265269,0.45772679924270565,True,False
7,F47,98,0.218,0.2600155066870031,0.23613009385599584,0.2600155066870031,0.23613009385599584,False,False
7,F47,99,0.6459583333333333,0.5694412021840297,0.4198178410765812,0.5694412021840297,0.4198178410765812,True,False
7,F47,100,0.22024999999999997,0.26795018083650257,0.24796684318708864,0.2723765658670583,0.24354045815653294,False,False
7,F47,101,0.6589166666666667,0.6304191461025578,0.5243894684988236,0.6304191461025578,0.5243894684988236,True,False
7,F47,102,0.21483333333333332,0.29560901354427327,0.25636026145234786,0.29560901354427327,0.25636026145234786,False,False
7,F47,103,0.6706249999999999,0.6875700350018853,0.5378015280602467,0.6875700350018853,0.5378015280602467,False,False
7,F47,104,0.21458333333333335,0.2963360022163237,0.26468144563252943,0.2963360022163237,0.26468144563252943,False,False
7,F47,105,0.6841666666666667,0.5629158627171533,0.4468353005243649,0.5629158627171533,0.4468353005243649,True,False
7,F47,107,0.22895833333333335,0.303151266680118,0.27894537890124466,0.31169691967219,0.27039972590917266,False,False
7,F47,108,0.726625,0.5484457293577826,0.4869325495573403,0.5494774885986073,0.48590079031651534,True,False
7,F47,109,0.231,0.2937543070777872,0.2712322786008032,0.299635550564189,0.26535103511440145,False,False
7,F47,110,0.7380416666666667,0.5124082602108017,0.5132810227609546,0.526224400503482,0.4994648824682744,True,False
7,F47,111,0.236,0.5004587540791113,0.44014287314156886,0.5063405321814741,0.4342610950392061,False,False
7,F47,112,0.7764166666666666,0.570410292209505,0.5236946403228852,0.570410292209505,0.5236946403228852,True,False
7,F47,113,0.2504166666666667,0.3102103477842857,0.2838641479675674,0.3185623743888551,0.275512121362998,False,False
7,F47,114,0.7670833333333333,0.9219249915804691,0.7168828268878471,0.9219249915804691,0.7168828268878471,False,False
7,F47,116,0.819,0.8726624264038015,0.7610414218354795,0.8726624264038015,0.7610414218354795,False,False
7,F47,117,0.9079166666666666,0.9018273620050357,0.7281132833669254,0.9018273620050357,0.7281132833669254,True,False
7,F47,118,0.285625,0.3947589271681123,0.34101202090371263,0.3947727348434471,0.3409982132283777,False,False
7,F47,119,0.921875,0.5971496637132888,0.5571358672781668,0.6001406385135325,0.5541448924779231,True,False
7,F47,120,0.40495833333333336,0.5876406466712555,0.6207551596992135,0.6238317280747169,0.584564078295752,False,False
7,F47,121,0.5975416666666666,0.6456516649114113,0.5447807365331373,0.6478109052618873,0.5426214961826614,False,False
7,F47,122,0.5997916666666666,0.5660611173479645,0.5275867646848443,0.5758491236469667,0.5177987583858421,True,False
7,F47,123,0.44,0.6258157516733199,0.5612327706412338,0.6260232559176763,0.5610252663968776,False,False
7,F47,124,0.47941666666666666,0.6433410596715147,0.6546044077959072,0.6674924332348784,0.6304530342325433,False,False
7,F47,125,0.671625,0.6123046381229181,0.5990136222034064,0.6416915044736357,0.5696267558526888,True,False
7,F47,126,0.496875,0.6346288381659314,0.5863587828105582,0.6346288381659314,0.5863587828105582,False,False
7,F47,127,0.688125,0.6771272071213099,0.5484096453108337,0.6771272071213099,0.5484096453108337,True,False
7,F47,128,0.48029166666666673,0.6737000747424435,0.6543542101039254,0.683010241840642,0.6450440430057269,False,False
7,F47,129,0.71075,0.6617150642989157,0.6676170930535488,0.6748408553624495,0.6544913019900149,True,False
7,F47,130,0.4907916666666667,1.062864222237528,0.8401390813764884,1.062864222237528,0.8401390813764884,False,False
7,F47,131,0.70275,0.6408440348522889,0.5834331396262789,0.6449931195257813,0.5792840549527865,True,False
7,F47,132,2.7121666666666666,1.2505759431392744,1.0148624851857224,1.2505759431392744,1.0148624851857224,True,True
7,F47,133,0.46658333333333335,0.4619345226188232,0.33625524506615645,0.4619345226188232,0.33625524506615645,True,False
7,F47,135,0.49066666666666664,0.4518364356482352,0.3356441199784892,0.4518364356482352,0.3356441199784892,True,False
7,F47,136,1.65275,1.8321080231934619,1.554658303334269,1.8321080231934619,1.554658303334269,False,True
7,F47,137,0.511375,0.42643909758531323,0.4255790849393393,0.4679189253525595,0.38409925717209314,True,False
7,F47,138,1.7102916666666665,1.5701894930025233,1.2701894930025233,1.5701894930025233,1.2701894930025233,True,True
7,F47,139,1.684375,1.6637904258826106,1.3637904258826106,1.6637904258826106,1.3637904258826106,True,True
7,F47,140,0.4033333333333333,0.4571096597729853,0.3514400063637559,0.4571096597729853,0.3514400063637559,False,False
7,F47,141,1.8655,1.7513187359368463,1.605124970466271,1.773395900156105,1.5830478062470117,True,True
7,F47,144,0.409875,0.43583112913386685,0.33285273263949416,0.43583112913386685,0.33285273263949416,False,False
7,F47,145,2.141625,1.5792689823587842,1.5170630943534416,1.6322038483000527,1.4641282284121726,True,True
7,F47,146,0.6999999999999998,0.8405556636687358,0.6734920263384291,0.8405556636687358,0.6734920263384291,False,False
7,F47,147,1.7504583333333332,1.4462362741521126,1.1462362741521126,1.4462362741521126,1.1462362741521126,True,True
7,F47,148,0.4057083333333333,0.41908573718362696,0.37306197843746797,0.4440857371836269,0.3480619784374679,False,False
7,F47,149,0.6973333333333332,0.7723596780763411,0.7676730060492473,0.8008988037583332,0.7391338803672552,False,False
7,F47,150,0.4267916666666667,0.5619556593651956,0.5503193195602497,0.5791787991652164,0.5330961797602288,False,False
7,F47,151,1.3133333333333332,1.3748304427318352,1.2899350363417097,1.3878420176492874,1.2769234614242577,False,True
7,F47,152,0.4427083333333333,0.7296135476810579,0.681919595970728,0.7550953669220513,0.6564377767297347,False,False
7,F47,153,0.8378333333333333,0.7963252820820506,0.694139981681066,0.8019672348010095,0.6884980289621074,True,False
7,F47,154,1.6209999999999998,1.4069667360792124,1.1168153340103215,1.4069667360792124,1.1168153340103215,True,True
7,F47,155,0.41566666666666663,0.4954585921981068,0.4206959350285748,0.4954585921981068,0.4206959350285748,False,False
7,F47,156,0.83225,0.7534801324589436,0.7776921605892061,0.8350271070695392,0.6961451859786104,False,False
7,F47,157,1.2108333333333332,0.932484993130935,1.1834926682948759,1.1834926682948759,0.932484993130935,True,True
7,F47,158,0.410125,0.4495770187931887,0.3951618589385393,0.4495770187931887,0.3951618589385393,False,False
7,F47,159,0.721,0.7825088337593957,0.8053103075979634,0.8449450687703354,0.7428740725870239,False,False
7,F47,160,0.6937083333333334,0.7576050514459105,1.0173876045789658,1.0174465937010526,0.7575460623238239,False,False
7,F47,161,0.646,1.143033852593695,1.0919369049338281,1.2094425493598082,1.0255282081677148,False,False
7,F47,163,0.56975,0.7441179217819248,0.9543262135446633,0.9543262135446633,0.7441179217819248,False,False
7,F47,165,0.487875,0.4446848869199292,0.4260565900442972,0.4446848869199292,0.4260565900442972,True,False
7,F47,166,0.6535,0.7256964408262644,0.7476884337035915,0.7529992804292718,0.720385594100584,False,False
7,F47,167,0.459625,0.4329189230923512,0.4066484512292359,0.4329189230923512,0.4066484512292359,True,False
7,F47,168,0.782625,0.7215200734858883,0.8192582548645445,0.8192582548645445,0.7215200734858883,False,False
7,F47,169,0.4135416666666667,0.4392130710014846,0.4229023572865678,0.4392130710014846,0.4229023572865678,False,False
7,F47,170,0.7702083333333333,0.7563572214048021,0.7482588593867128,0.798320583324453,0.706295497467062,False,False
7,F47,171,0.8664999999999999,0.8788861332102003,0.8112489990438757,0.8788861332102003,0.8112489990438757,False,False
7,F47,173,0.9253333333333332,0.8247418044959702,1.0937606143778706,1.0937606143778706,0.8247418044959702,False,False
7,F47,174,1.0531666666666666,0.9023518580236973,0.8467470131827373,0.9023518580236973,0.8467470131827373,True,True
7,F47,175,0.40491666666666665,0.4637228122576295,0.44721864250970417,0.4637228122576295,0.44721864250970417,False,False
7,F47,176,0.9803333333333333,0.8881767759052922,1.1310825088908771,1.1310825088908771,0.8881767759052922,False,False
7,F47,177,1.4867916666666667,1.0424969107968625,0.9932049717743423,1.0424969107968625,0.9932049717743423,True,True
7,F47,178,0.3057916666666667,0.7244211606416876,0.4913465719599726,0.7244211606416876,0.4913465719599726,False,False
7,F47,179,0.248,0.2290757072129114,0.2290757072129114,0.2290757072129114,0.2290757072129114,True,False
7,F47,180,0.20129166666666665,0.23420337867230615,0.23420337867230615,0.23420337867230615,0.23420337867230615,False,False
7,F47,191,0.29050000000000004,0.44442138074226767,0.3389843440786777,0.44442138074226767,0.3389843440786777,False,False
7,F47,192,0.14441666666666667,0.15429223854890536,0.20089842693338236,0.20089842693338236,0.15429223854890536,False,False
7,F47,193,0.381,0.34706134688800466,0.2978364246638787,0.34706134688800466,0.2978364246638787,True,False
7,F47,194,0.253375,0.24876924550653276,0.24844451597218511,0.24900929294274557,0.24820446853597233,True,False
7,F47,195,0.19183333333333333,0.1985832439335544,0.22402423159223603,0.22402423159223603,0.1985832439335544,False,False
7,F47,196,0.18425000000000002,0.24561546267594772,0.23830847664584953,0.24577906106629932,0.23814487825549793,False,False
7,F47,209,0.6549583333333334,0.4637575736184682,0.3558243102126382,0.4637575736184682,0.3558243102126382,True,False
7,F47,210,0.51825,0.5206820154934658,0.3872837820537877,0.5206820154934658,0.3872837820537877,False,False
7,F47,212,0.521125,0.38906746155975164,0.3281815522259311,0.38906746155975164,0.3281815522259311,True,False
7,F47,214,0.5314583333333333,0.3992371841202474,0.32399375119421475,0.3992371841202474,0.32399375119421475,True,False
7,F47,215,0.70525,0.635326697295984,0.5131761113181836,0.635326697295984,0.5131761113181836,True,False
7,F47,216,0.5559583333333333,0.8507382518642208,0.6236423824042974,0.8507382518642208,0.6236423824042974,False,False
7,F47,229,1.78825,1.300296567366719,1.000296567366719,1.300296567366719,1.000296567366719,True,True
7,F47,230,0.460875,0.42726186136106364,0.3496109523849666,0.42726186136106364,0.3496109523849666,True,False
7,F47,231,2.1767083333333335,1.3658007478619865,1.0658007478619864,1.3658007478619865,1.0658007478619864,True,True
7,F47,239,0.433875,0.6216162522930394,0.5912863793010176,0.6505934824838332,0.5623091491102238,False,False
7,F47,240,0.47258333333333336,0.46183663290650734,0.5401684991656476,0.5488100347340797,0.453195097338075,False,False
7,F47,241,0.65225,0.9217892121030734,0.992506813418435,0.9931144913084236,0.9211815342130851,False,False
7,F47,242,0.7242083333333333,0.8359791846542673,1.052510484124814,1.052510484124814,0.8359791846542673,False,False
7,F47,243,0.44900000000000007,0.4766417046229896,0.3880549673753914,0.4766417046229896,0.3880549673753914,False,False
101,F13,8,0.17720833333333333,0.35802961000399725,0.35802961000399725,0.35802961000399725,0.35802961000399725,False,False
101,F13,9,0.39191666666666664,0.32392899496736116,0.32392899496736116,0.32392899496736116,0.32392899496736116,True,False
101,F13,10,0.37424999999999997,0.33546108362327437,0.33546108362327437,0.33546108362327437,0.33546108362327437,True,False
101,F13,11,0.36833333333333335,0.36886253724825036,0.36886253724825036,0.36886253724825036,0.36886253724825036,False,False
101,F13,12,0.3505,0.33382229527079144,0.33382229527079144,0.33382229527079144,0.33382229527079144,True,False
101,F13,13,0.40054166666666663,0.28806343672421986,0.3044172843963401,0.3044172843963401,0.28806343672421986,True,False
101,F13,14,0.3236666666666667,0.33995857859692863,0.32733222554373204,0.34088512089807105,0.3264056832425896,False,False
101,F13,16,0.322875,0.3272429597831546,0.3438367963112625,0.34527359925368417,0.32580615684073294,False,False
101,F13,17,0.39683333333333337,0.3351786124983682,0.33845655853582013,0.3437626766626805,0.3298724943715078,True,False
101,F13,18,0.3305416666666667,0.274895573230993,0.3234686949462055,0.3234686949462055,0.274895573230993,True,False
101,F13,19,0.383375,0.30267638187757734,0.323177963796221,0.3232848294705626,0.30256951620323574,True,False
101,F13,20,0.34195833333333336,0.30178597586339945,0.3327529182331775,0.3327529182331775,0.30178597586339945,True,False
101,F13,21,0.36258333333333326,0.29237480167894636,0.32690553795758953,0.32690553795758953,0.29237480167894636,True,False
101,F13,22,0.3542083333333334,0.3076399040100745,0.33452430311542947,0.33459079392841645,0.3075734131970875,True,False
101,F13,25,0.3364583333333333,0.3417973873323527,0.3431749216023247,0.35014037301337303,0.33483193592130434,False,False
101,F13,26,0.33208333333333334,0.29450982171966755,0.32309781577639957,0.32309781577639957,0.29450982171966755,True,False
101,F13,27,0.3579583333333334,0.32755610944692576,0.3357520477288059,0.33871343738999377,0.32459471978573784,True,False
101,F13,28,0.366625,0.2636494650785246,0.3179278749574182,0.3179278749574182,0.2636494650785246,True,False
101,F13,29,0.30795833333333333,0.2785872166851701,0.31451145312108914,0.31451145312108914,0.2785872166851701,False,False
101,F13,30,0.3590416666666667,0.33014535959035235,0.3400269555461772,0.3400269555461772,0.33014535959035235,True,False
101,F13,31,0.32033333333333336,0.2968425022643088,0.30571750640482676,0.3065749483173414,0.2959850603517941,True,False
101,F13,32,0.3295,0.2614645915496922,0.3001816487226708,0.3001816487226708,0.2614645915496922,True,False
101,F13,33,0.33975,0.3072324102855432,0.3150106850303294,0.316101962204351,0.30614113311152163,True,False
101,F13,34,0.34991666666666665,0.32302677275064723,0.33525658426716615,0.33673666842556393,0.32154668859224933,True,False
101,F13,35,0.26345833333333335,0.20450961798411482,0.27244680720181147,0.27244680720181147,0.20450961798411482,False,False
101,F13,36,0.3588333333333333,0.318149901352434,0.3188467847266123,0.3248848002392715,0.3121118858397747,True,False
101,F13,37,0.3379999999999999,0.33065483493583936,0.32948906136509815,0.33578075637218374,0.3243631399287537,True,False
101,F13,38,0.297625,0.34082381716799776,0.3409020967746022,0.34470775065369663,0.3370181632889033,False,False
101,F13,39,0.18516666666666667,0.2385003878815842,0.2783021187313901,0.2783021187313901,0.2385003878815842,False,False
101,F13,40,0.1728333333333333,0.24533234172732113,0.2784155472591993,0.2784155472591993,0.24533234172732113,False,False
101,F13,41,0.33116666666666666,0.32774822448976093,0.33424447044253647,0.3367684730558312,0.3252242218764662,False,False
101,F13,42,0.14945833333333333,0.24234683510286295,0.2799344329914367,0.2799344329914367,0.24234683510286295,False,False
101,F13,43,0.34591666666666665,0.32402538947964005,0.3351912147339003,0.3351912147339003,0.32402538947964005,True,False
101,F13,44,0.20025,0.18204666749091156,0.20459165223794648,0.20459165223794648,0.18204666749091156,False,False
101,F13,45,0.14758333333333332,0.1778488652841411,0.1950350749236344,0.1950350749236344,0.1778488652841411,False,False
101,F13,46,0.3981666666666667,0.36546885026353343,0.31557799220950505,0.36546885026353343,0.31557799220950505,True,False
101,F13,48,0.4250833333333334,0.39229191702284033,0.33328695474895464,0.39229191702284033,0.33328695474895464,True,False
101,F13,49,0.14991666666666667,0.16999172413823926,0.18160819458685018,0.18175230020049984,0.16984761852458963,False,False
101,F13,50,0.453625,0.3963627808250065,0.3253383146975893,0.3963627808250065,0.3253383146975893,True,False
101,F13,51,0.4850833333333333,0.44848147105055486,0.3533759905132352,0.44848147105055486,0.3533759905132352,True,False
101,F13,52,0.23383333333333334,0.24175474009834405,0.21518449045242627,0.24175474009834405,0.21518449045242627,False,False
101,F13,53,0.2368333333333333,0.2664238166033523,0.3050721438399833,0.3050721438399833,0.2664238166033523,False,False
101,F13,54,0.24454166666666666,0.277351312071324,0.3024752658338914,0.30709925933511567,0.27272731857009974,False,False
101,F13,55,0.5199166666666667,0.4383690857461193,0.4228613927321511,0.4383690857461193,0.4228613927321511,True,False
101,F13,56,0.2577083333333334,0.2605425049021569,0.2820970141361563,0.2924179224682883,0.2502215965700249,False,False
101,F13,57,0.549625,0.4608487323551731,0.4341562702410822,0.4608487323551731,0.4341562702410822,True,False
101,F13,58,0.258375,0.24732598107600068,0.25012124595677004,0.252060699046548,0.2453865279862227,True,False
101,F13,59,0.26229166666666665,0.24367925583772906,0.2502199716114975,0.25055210969022956,0.24334711775899698,True,False
101,F13,60,0.26495833333333335,0.2319969801841446,0.24779883530999627,0.25590628617861205,0.22388952931552886,True,False
101,F13,61,0.26429166666666665,0.24634792100806144,0.24050332826025214,0.2522497154748133,0.23460153379350032,True,False
101,F13,62,0.5582916666666666,0.4654420006120706,0.3704155612523133,0.4654420006120706,0.3704155612523133,True,False
101,F13,63,0.2705,0.2629133882770666,0.2577468051174303,0.2649013603595399,0.255758833034957,True,False
101,F13,64,0.5405833333333333,0.5239097840845318,0.41925481375978824,0.5239097840845318,0.41925481375978824,True,False
101,F13,65,0.2655,0.25522753567305495,0.259758975918497,0.2707858200056446,0.24420069158590732,False,False
101,F13,66,0.25133333333333335,0.2518338797833201,0.2664197220185838,0.2698177819463575,0.24843581985554644,False,False
101,F13,67,0.5415833333333333,0.47170019322769235,0.3560513651471415,0.47170019322769235,0.3560513651471415,True,False
101,F13,68,0.24787499999999998,0.25553803915518897,0.257846385907948,0.2594771224384213,0.25390730262471567,False,False
101,F13,69,0.42891666666666667,0.4149967777317419,0.336118785007326,0.4149967777317419,0.336118785007326,True,False
101,F13,70,0.44295833333333334,0.4180627819930671,0.34685339513023283,0.4188370630803861,0.3460791140429138,True,False
101,F13,71,0.549125,0.5048924344983207,0.43301573013847244,0.5048924344983207,0.43301573013847244,True,False
101,F13,72,0.45575000000000004,0.4258418038416147,0.3468404080589083,0.4258418038416147,0.3468404080589083,True,False
101,F13,73,0.56725,0.52870873965918,0.5279009969823997,0.5373747726958654,0.5192349639457142,True,False
101,F13,75,0.46820833333333334,0.4929844345565217,0.4277223140939827,0.4929844345565217,0.4277223140939827,False,False
101,F13,76,0.5653333333333332,0.501565130254871,0.4808368992371422,0.5096909674746416,0.47271106201737173,True,False
101,F13,77,0.48287499999999994,0.5036439344998067,0.4595759643317329,0.5043948700897903,0.4588250287417492,False,False
101,F13,78,0.5759583333333333,0.5461851323733536,0.5411581386891059,0.5501768062525034,0.5371664648099562,True,False
101,F13,79,0.495625,0.5192637626769399,0.4617226212380352,0.5194719920664393,0.4615143918485359,False,False
101,F13,80,0.5730833333333333,0.5068208024192874,0.5044901087539421,0.5224154700544067,0.4888954411188228,True,False
101,F13,81,0.5222916666666667,0.5133114983244881,0.4831505578790433,0.5133114983244881,0.4831505578790433,True,False
101,F13,82,0.5330833333333334,0.5036155165917123,0.5044028624480252,0.5085979439470788,0.4994204350926587,True,False
101,F13,83,0.5427083333333333,0.5281541414400582,0.5095305169171319,0.528199211171644,0.5094854471855461,True,False
101,F13,84,0.5364166666666667,0.5424572099880836,0.5526141184842931,0.5526141184842931,0.5424572099880836,False,False
101,F13,85,0.5724583333333334,0.5475786261535268,0.5198475926073295,0.5476993298411857,0.5197268889196706,True,False
101,F13,86,0.556875,0.512025624144789,0.5275209042667656,0.53313986728275,0.5064066611288046,True,False
101,F13,88,0.5509166666666667,0.4984871586831625,0.5058769287209498,0.5143165107177325,0.4900475766863798,True,False
101,F13,89,0.5786666666666668,0.5580775060784212,0.5262982692691524,0.5580775060784212,0.5262982692691524,True,False
101,F13,90,0.5575416666666667,0.43506250866996066,0.49606173288900274,0.49630488628773267,0.4348193552712307,True,False
101,F13,91,0.5779166666666667,0.5373621850372768,0.5436900349316836,0.5436990272125528,0.5373531927564076,True,False
101,F13,92,0.48141666666666677,0.4423480696263043,0.36878269615924975,0.4423480696263043,0.36878269615924975,True,False
101,F13,93,0.3935416666666667,0.4827339161233221,0.5137951836519803,0.5162601062521164,0.480268993523186,False,False
101,F13,94,0.40116666666666667,0.523932798478984,0.5467740517745575,0.5467740517745575,0.523932798478984,False,False
101,F13,95,0.482,0.4287984297590571,0.43288891046693195,0.4483858905017252,0.4133014497242638,True,False
101,F13,96,0.4086666666666667,0.5253924379749072,0.5518084153644813,0.5523146614814117,0.5248861918579769,False,False
101,F13,97,0.47354166666666675,0.43841306040960654,0.414102951860912,0.4558128156168264,0.396703196653692,True,False
101,F13,98,0.39937500000000004,0.40748053096832515,0.4707757933184062,0.4707757933184062,0.40748053096832515,False,False
101,F13,99,0.4610833333333333,0.43086608700579826,0.42768344177132805,0.4435509139442151,0.4149986148329113,True,False
101,F13,100,0.4057916666666667,0.35844199071734445,0.4481121447186016,0.4481121447186016,0.35844199071734445,False,False
101,F13,101,0.45108333333333334,0.4378644717455866,0.46204211620818336,0.4660095220453157,0.4338970659084544,False,False
101,F13,102,0.38608333333333333,0.3701552822071467,0.432972837902921,0.432972837902921,0.3701552822071467,False,False
101,F13,103,0.447375,0.47131783484355133,0.4668696118028923,0.47241515030744946,0.46577229633899414,False,False
101,F13,104,0.3177916666666667,0.4160212706935773,0.44249077540414133,0.44249077540414133,0.4160212706935773,False,False
101,F13,105,0.44199999999999995,0.47603706841180654,0.4711909697072132,0.4760501504103452,0.4711778877086745,False,False
101,F13,106,0.31616666666666665,0.48789056523338026,0.45240666764615334,0.48789056523338026,0.45240666764615334,False,False
101,F13,107,0.44425000000000003,0.48015147651796997,0.47332740577552695,0.48024558551948576,0.47323329677401116,False,False
101,F13,108,0.45720833333333327,0.46997498096935003,0.4820433612159272,0.4891365950292709,0.4628817471560063,False,False
101,F13,109,0.3450416666666667,0.5171328791083349,0.5230910127159653,0.5243795862824419,0.5158443055418583,False,False
101,F13,110,0.35374999999999995,0.415651980178328,0.4153766529583634,0.4210725165337064,0.409956116602985,False,False
101,F13,111,0.3712083333333333,0.48879658595274017,0.4974744600023353,0.5022967249704209,0.4839743209846547,False,False
101,F13,112,0.39633333333333337,0.6786240579329915,0.6019431364946358,0.6786240579329915,0.6019431364946358,False,False
101,F13,113,0.5562916666666667,0.5489653458683773,0.5347987179552812,0.5496257238963503,0.5341383399273081,True,False
101,F13,116,0.9369166666666667,1.0042991583018521,0.7653950972365949,1.0042991583018521,0.7653950972365949,False,False
101,F13,117,0.3037916666666667,0.31921477302251106,0.38127313904383514,0.38127313904383514,0.31921477302251106,False,False
101,F13,118,1.101625,1.0808127775989964,0.7994445630548767,1.0808127775989964,0.7994445630548767,True,True
101,F13,119,0.3114166666666667,0.4125825685092557,0.4514212467493642,0.4514511158892227,0.41255269936939715,False,False
101,F13,120,1.25,1.1522574425804948,0.8557044738161634,1.1522574425804948,0.8557044738161634,True,True
101,F13,121,1.318375,0.8684982434527408,0.6921154539302377,0.8684982434527408,0.6921154539302377,True,True
101,F13,122,0.34879166666666667,0.4300833227791892,0.40019641137685763,0.4301123027311238,0.40016743142492306,False,False
101,F13,125,1.4950833333333335,1.4331287048993442,1.1742941256680486,1.4331287048993442,1.1742941256680486,True,True
101,F13,126,0.3818333333333333,0.5659581799925081,0.5982203230180329,0.6181030939023437,0.5460754091081973,False,False
101,F13,128,0.7817083333333333,0.7625571763995281,0.5698243850072168,0.7625571763995281,0.5698243850072168,True,False
101,F13,129,0.7205833333333334,0.6670780813911884,0.5514667012506714,0.6670780813911884,0.5514667012506714,True,False
101,F13,130,0.773125,1.0464671190506196,0.7464671190506195,1.0464671190506196,0.7464671190506195,False,False
101,F13,131,0.73775,0.742860133678798,0.5937856379094026,0.742860133678798,0.5937856379094026,False,False
101,F13,132,0.8696666666666667,1.2850583780638012,0.9850583780638011,1.2850583780638012,0.9850583780638011,False,False
101,F13,133,0.9788333333333333,1.2295410906407154,0.9295410906407152,1.2295410906407154,0.9295410906407152,False,False
101,F13,134,0.7533333333333333,0.7303890823065945,0.5527867582642751,0.7303890823065945,0.5527867582642751,True,False
101,F13,135,1.0125833333333334,1.159105971017973,0.859105971017973,1.159105971017973,0.859105971017973,False,True
101,F13,136,0.73775,0.7509054475700512,0.5856160723106306,0.7509054475700512,0.5856160723106306,False,False
101,F13,137,1.0758750000000001,1.2999825616320215,0.9999825616320214,1.2999825616320215,0.9999825616320214,False,True
101,F13,138,0.7215416666666666,0.7481841231507476,0.7048452566798561,0.7496352170192301,0.7033941628113736,False,False
101,F13,139,1.3034583333333334,0.9532833249533503,0.8695281883715463,0.9571538278015964,0.8656576855233004,True,True
101,F13,140,0.7146249999999998,0.7645557740947551,0.7600735230293165,0.7742774050139527,0.750351892110119,False,False
101,F13,141,0.7079166666666667,0.7522253243558842,0.7495370781938288,0.7647658937047392,0.7369965088449737,False,False
101,F13,142,0.4254583333333333,0.4745304124228535,0.5461556244064197,0.5461556244064197,0.4745304124228535,False,False
101,F13,143,1.52975,1.2618949255353096,1.0914514470752283,1.2618949255353096,1.0914514470752283,True,True
101,F13,145,0.6891666666666666,0.7391294853277547,0.732313658956603,0.7391294853277547,0.732313658956603,False,False
101,F13,146,1.4956666666666667,1.406567497415164,1.1210241165664694,1.406567497415164,1.1210241165664694,True,True
101,F13,147,0.41225,0.48899001238385775,0.5666360139807026,0.5895909844280834,0.46603504193647693,False,False
101,F13,148,0.7375833333333333,0.8577645184446546,0.7941429959437188,0.8577645184446546,0.7941429959437188,False,False
101,F13,149,0.7759166666666667,0.7841033511727682,0.667498796365113,0.7841033511727682,0.667498796365113,False,False
101,F13,150,0.8217500000000001,0.8226375458680296,0.7843454575245961,0.822863084599979,0.7841199187926464,False,False
101,F13,151,1.676875,1.3803499580290157,1.1406213704747674,1.3803499580290157,1.1406213704747674,True,True
101,F13,152,0.43320833333333336,0.4228985796865674,0.44201846857533694,0.44546252898376765,0.4194545192781367,False,False
101,F13,153,1.6374166666666667,1.5318412969236916,1.339309555256077,1.5318412969236916,1.339309555256077,True,True
101,F13,154,0.41262499999999996,0.4637427790161029,0.5181355781628083,0.519251676626936,0.46262668055197514,False,False
101,F13,155,0.8073750000000001,0.7584979441662232,0.7446595918908194,0.7633821503524997,0.7397753857045429,True,False
101,F13,156,0.7513333333333333,1.1192144611615582,0.8866271901420854,1.1192144611615582,0.8866271901420854,False,False
101,F13,157,0.42483333333333334,0.4343948639942599,0.520446502493481,0.520446502493481,0.4343948639942599,False,False
101,F13,158,0.4527083333333333,0.44625340328655594,0.48356376340893,0.48478808199591833,0.4450290846995675,False,False
101,F13,159,0.5987083333333333,0.8775206287974725,0.9283980403401308,0.9406040366372702,0.865314632500333,False,False
101,F13,160,0.45808333333333334,0.732280724902469,0.7331009620040767,0.7465896250406434,0.7187920618659023,False,False
101,F13,161,0.491625,0.45763692166657294,0.48958959087324483,0.49458441189025587,0.45264210064956184,False,False
101,F13,162,0.585875,0.7425360841774774,0.8658599796295302,0.8736726406867263,0.7347234231202812,False,False
101,F13,166,0.7276666666666666,0.7744511570649865,0.7461306112222111,0.7765667171903404,0.7440150510968571,False,False
101,F13,167,0.43249999999999994,0.4450424311571172,0.44633951998879184,0.44907901514530657,0.44230293600060255,False,False
101,F13,168,0.6692083333333333,0.7755464356365865,0.6900511856866274,0.779680422949855,0.6859171983733588,False,False
101,F13,169,0.8197916666666667,0.7194532460620012,0.7286500353158241,0.7363739573558478,0.7117293240219776,True,False
101,F13,170,0.433875,0.42768246661881415,0.44219351471726515,0.4424032436234566,0.4274727377126226,False,False
101,F13,171,0.8714583333333333,0.8298895024579677,0.8601388107105997,0.8865062237373432,0.8035220894312239,False,False
101,F13,172,0.9783750000000001,0.8978033307133882,0.8164052780026605,0.8978033307133882,0.8164052780026605,True,False
101,F13,173,0.42091666666666666,0.46487048243507373,0.45753883364405207,0.4670467411879507,0.4553625748911751,False,False
101,F13,174,0.9472083333333332,0.8168859407917136,0.9620075238038774,0.9620075238038774,0.8168859407917136,False,False
101,F13,175,1.2699166666666668,0.9493475294593491,0.8327570669483113,0.9493475294593491,0.8327570669483113,True,True
101,F13,176,0.4254166666666666,0.4395960635115231,0.44676664319040355,0.451932911634672,0.4344297950672546,False,False
101,F13,177,1.0051249999999998,0.9326704800991413,1.008562513614602,1.0158712232087552,0.925361770504988,False,True
101,F13,178,1.8420416666666668,1.1270170239196728,1.0497899718549353,1.1270170239196728,1.0497899718549353,True,True
101,F13,179,0.4014166666666667,0.3235043008759009,0.3235043008759009,0.3235043008759009,0.3235043008759009,True,False
101,F13,180,0.2919583333333333,0.29638234679352654,0.29638234679352654,0.29638234679352654,0.29638234679352654,False,False
101,F13,181,0.38358333333333333,0.29732386558839796,0.29732386558839796,0.29732386558839796,0.29732386558839796,True,False
101,F13,182,0.335375,0.27122529273433843,0.27122529273433843,0.27122529273433843,0.27122529273433843,True,False
101,F13,183,0.3569166666666666,0.2842872913849173,0.32191804619301134,0.32191804619301134,0.2842872913849173,True,False
101,F13,195,0.55625,0.46726717207242396,0.41627982532079094,0.46726717207242396,0.41627982532079094,True,False
101,F13,196,0.5474166666666667,0.4369924392663904,0.4025168135691832,0.4369924392663904,0.4025168135691832,True,False
101,F13,197,0.5479166666666667,0.4695499969572718,0.41710290288913643,0.4695499969572718,0.41710290288913643,True,False
101,F13,198,0.27608333333333335,0.2535187232596445,0.30607141577495517,0.30607141577495517,0.2535187232596445,False,False
101,F13,211,0.5396666666666666,0.5490989150138229,0.4677851731496941,0.5490989150138229,0.4677851731496941,False,False
101,F13,212,0.29433333333333334,0.2597067192802585,0.3588994071553268,0.3588994071553268,0.2597067192802585,False,False
101,F13,213,0.292,0.256626415874238,0.3727507108790302,0.3727507108790302,0.256626415874238,False,False
101,F13,214,0.9180416666666668,0.6675592110452443,0.5903992379835792,0.6675592110452443,0.5903992379835792,True,False
101,F13,215,0.32666666666666666,0.24068040936301296,0.3588988615576028,0.3588988615576028,0.24068040936301296,False,False
101,F13,217,1.6932500000000001,1.0743226753756032,0.8667696206535146,1.0743226753756032,0.8667696206535146,True,True
101,F13,218,0.38949999999999996,0.39005862298864774,0.37899580693865825,0.39005862298864774,0.37899580693865825,False,False
101,F13,231,0.6208750000000001,1.0222713421348886,0.8411228392116584,1.0222713421348886,0.8411228392116584,False,False
101,F13,232,0.7386249999999999,0.70958614372312,0.5784972818752107,0.70958614372312,0.5784972818752107,True,False
101,F13,233,0.6336666666666667,1.0457177032234404,0.8292484383822064,1.0457177032234404,0.8292484383822064,False,False
101,F13,241,1.4315,1.0353344871435501,0.7868334639824722,1.0353344871435501,0.7868334639824722,True,True
101,F13,242,0.43204166666666666,0.5449463475809148,0.4493110142774226,0.5449463475809148,0.4493110142774226,False,False
101,F13,243,1.7187916666666665,1.0296117745817257,0.8097158179926808,1.0296117745817257,0.8097158179926808,True,True
101,F13,244,0.44004166666666666,0.3724712963375653,0.41620933157673035,0.41723537012193707,0.3714452577923586,True,False
101,F13,245,0.84025,0.7267784592384657,0.5865828914016274,0.7267784592384657,0.5865828914016274,True,False
101,F47,6,0.24050000000000002,0.19939679542703917,0.19939679542703917,0.19939679542703917,0.19939679542703917,True,False
101,F47,7,0.35720833333333335,0.2045226921454573,0.2045226921454573,0.2045226921454573,0.2045226921454573,True,False
101,F47,8,0.20741666666666667,0.16704488205996537,0.16704488205996537,0.16704488205996537,0.16704488205996537,True,False
101,F47,9,0.17462500000000003,0.1805895330658469,0.1805895330658469,0.1805895330658469,0.1805895330658469,False,False
101,F47,10,0.146625,0.2039797724635176,0.2039797724635176,0.2039797724635176,0.2039797724635176,False,False
101,F47,11,0.21845833333333334,0.25592656480081283,0.2615124081760163,0.2615124081760163,0.25592656480081283,False,False
101,F47,12,0.13158333333333336,0.18991673825810806,0.2128783217906082,0.2128783217906082,0.18991673825810806,False,False
101,F47,14,0.11625,0.1462625210202978,0.1812866450096576,0.1812866450096576,0.1462625210202978,False,False
101,F47,15,0.19104166666666667,0.2279671657165566,0.2420049627648524,0.2420049627648524,0.2279671657165566,False,False
101,F47,16,0.19587500000000002,0.23646650433623037,0.23581686098757101,0.24449354071859677,0.22778982460520458,False,False
101,F47,17,0.112375,0.2257797122750811,0.20580010007545055,0.2257797122750811,0.20580010007545055,False,False
101,F47,18,0.2031666666666667,0.24272800544724682,0.23631793696095707,0.2477252064236414,0.23132073598456246,False,False
101,F47,19,0.12374999999999999,0.25804126367431773,0.22049271678524981,0.25804126367431773,0.22049271678524981,False,False
101,F47,20,0.21070833333333336,0.236706342004639,0.24359334510761813,0.2436084402979474,0.23669124681430972,False,False
101,F47,21,0.1480416666666667,0.24491110608243308,0.21927467119632324,0.24491110608243308,0.21927467119632324,False,False
101,F47,22,0.21754166666666666,0.23684527600052205,0.2386746800947747,0.2426490055208407,0.23287095057445603,False,False
101,F47,23,0.181625,0.26833295527410134,0.23009265422753347,0.26833295527410134,0.23009265422753347,False,False
101,F47,24,0.22620833333333334,0.28640752941243863,0.270545308504987,0.28640752941243863,0.270545308504987,False,False
101,F47,25,0.23175,0.2399178038000365,0.2444134124694847,0.24720084427903877,0.23713037199048245,False,False
101,F47,26,0.25654166666666667,0.19719898600323796,0.20196181680371136,0.20311068167715543,0.1960501211297939,True,False
101,F47,27,0.24479166666666666,0.23415677237775948,0.24829444547178461,0.249009242746786,0.2334419751027581,False,False
101,F47,28,0.37166666666666665,0.30836728099726335,0.2563552663172296,0.30836728099726335,0.2563552663172296,True,False
101,F47,29,0.2630416666666667,0.2651654420065984,0.23239130882106038,0.2651654420065984,0.23239130882106038,False,False
101,F47,30,0.28824999999999995,0.23701643557346186,0.22733068486123384,0.23701643557346186,0.22733068486123384,True,False
101,F47,31,0.27995833333333336,0.29840627820670806,0.2807454932319771,0.29840627820670806,0.2807454932319771,False,False
101,F47,32,0.29220833333333335,0.2586285378400126,0.2532785794567796,0.2653192240681231,0.24658789322866922,True,False
101,F47,33,0.2754166666666667,0.218644098196726,0.23481839717025074,0.23508255516101406,0.21837994020596266,True,False
101,F47,35,0.11945833333333333,0.1803091874029792,0.2201929470630882,0.2201929470630882,0.1803091874029792,False,False
101,F47,36,0.298875,0.2521914179247472,0.2536635479302546,0.2575637786966068,0.24829118715839496,True,False
101,F47,37,0.13954166666666667,0.24070415621752525,0.261182172852959,0.2611988922025454,0.2406874368679389,False,False
101,F47,38,0.30158333333333337,0.2523827828724218,0.2541923937599811,0.25860100866053803,0.24797416797186486,True,False
101,F47,39,0.16545833333333332,0.23900854621469372,0.259754211896456,0.2597668493355633,0.2389959087755864,False,False
101,F47,40,0.29683333333333334,0.2525196537765115,0.2585076447614541,0.2633036415509967,0.24772365698696885,True,False
101,F47,42,0.2124166666666667,0.19368915905341386,0.2312881828334449,0.2312881828334449,0.19368915905341386,False,False
101,F47,43,0.250375,0.26769515146892536,0.2777758038100661,0.28008331856138824,0.26538763671760324,False,False
101,F47,44,0.20350000000000001,0.17396951001523972,0.20984568108637222,0.20984568108637222,0.17396951001523972,False,False
101,F47,45,0.25329166666666664,0.2681933872471222,0.2772042373394172,0.2772042373394172,0.2681933872471222,False,False
101,F47,46,0.19858333333333333,0.21767090240017706,0.20999508939068057,0.21910629883297647,0.20855969295788115,False,False
101,F47,47,0.19670833333333335,0.1976563979402561,0.1994406880732822,0.20112794432922235,0.19596914168431598,False,False
101,F47,48,0.24883333333333332,0.23932134673622318,0.2596607467769454,0.2662194217734688,0.23276267173969978,False,False
101,F47,49,0.203375,0.20082750942196745,0.19519789999118875,0.20127136112299124,0.194754048290165,True,False
101,F47,50,0.1525,0.16682173707360726,0.21106967870651316,0.21210837490641463,0.1657830408737058,False,False
101,F47,51,0.22654166666666664,0.24708821135958448,0.233758333935421,0.25244266391445813,0.22840388138054743,False,False
101,F47,52,0.16025,0.18745976988590074,0.23421891838682665,0.23450327327778084,0.1871754149949466,False,False
101,F47,53,0.23937499999999998,0.27049954458505043,0.2499538530111286,0.273670752473326,0.24678264512285308,False,False
101,F47,54,0.16,0.19403212146363744,0.21021933211770868,0.21025579508439873,0.19399565849694742,False,False
101,F47,55,0.25062500000000004,0.2820322303748397,0.2510403514206825,0.2820322303748397,0.2510403514206825,False,False
101,F47,57,0.26466666666666666,0.27340607704803105,0.2497510828168372,0.27340607704803105,0.2497510828168372,False,False
101,F47,58,0.16016666666666665,0.15450550422223117,0.1679577691895108,0.16798555141168384,0.15447772200005816,False,False
101,F47,59,0.31383333333333335,0.3741735689949428,0.3002839085965392,0.3741735689949428,0.3002839085965392,False,False
101,F47,60,0.14991666666666667,0.1572767442761128,0.17121201039162104,0.17121201039162104,0.1572767442761128,False,False
101,F47,61,0.33525,0.32641611769961804,0.29417460091984665,0.32641611769961804,0.29417460091984665,True,False
101,F47,62,0.15916666666666668,0.16093064488904477,0.16727948084123034,0.16953120682478398,0.1586789189054911,False,False
101,F47,63,0.34487500000000004,0.38132506708897096,0.284325528812232,0.38132506708897096,0.284325528812232,False,False
101,F47,64,0.3558333333333333,0.3929276101844665,0.29695479109324135,0.3929276101844665,0.29695479109324135,False,False
101,F47,65,0.15483333333333335,0.1939371163173493,0.20163765697710365,0.205026309414819,0.19054846387963398,False,False
101,F47,66,0.379125,0.39806007148665334,0.3477919625469171,0.39806007148665334,0.3477919625469171,False,False
101,F47,67,0.16879166666666667,0.16658054021268653,0.16463690239023257,0.16777186212239906,0.16344558048052002,True,False
101,F47,68,0.208875,0.2051559974774134,0.2045864049029543,0.20895400569712552,0.20078839668324214,False,False
101,F47,69,0.388125,0.43555727208592204,0.3379659588257542,0.43555727208592204,0.3379659588257542,False,False
101,F47,70,0.19441666666666668,0.21540675333682677,0.22476633804195045,0.22814360897794464,0.21202948240083253,False,False
101,F47,71,0.40004166666666663,0.43333551325545255,0.383203945567816,0.43333551325545255,0.383203945567816,False,False
101,F47,72,0.18212499999999998,0.192692251530014,0.21737485795456127,0.21892806273112952,0.19113904675344573,False,False
101,F47,73,0.4183333333333334,0.4166789455199971,0.3794871215482786,0.4166789455199971,0.3794871215482786,True,False
101,F47,74,0.2141666666666667,0.3174112285668198,0.28038825597429784,0.3174112285668198,0.28038825597429784,False,False
101,F47,75,0.194125,0.21232376890382468,0.2214380193849151,0.22516584129992778,0.20859594698881204,False,False
101,F47,76,0.20341666666666666,0.2205218778187842,0.20746379127600156,0.2205218778187842,0.20746379127600156,False,False
101,F47,77,0.25829166666666664,0.30160079773112436,0.2870843909829595,0.3036228507717617,0.28506233794232216,False,False
101,F47,78,0.256375,0.2933898352641187,0.2760618423966817,0.3000462428293263,0.2694054348314741,False,False
101,F47,79,0.18629166666666666,0.23640957323576503,0.23323031196244695,0.24684507727051144,0.22279480792770057,False,False
101,F47,80,0.24941666666666665,0.33754105297185905,0.301040737858897,0.33754105297185905,0.301040737858897,False,False
101,F47,81,0.18570833333333334,0.21105902335199414,0.22355407326555565,0.22584986578697974,0.20876323083057002,False,False
101,F47,83,0.2739166666666667,0.3239224753486032,0.2908678883089098,0.3239224753486032,0.2908678883089098,False,False
101,F47,85,0.19354166666666664,0.20312412781493627,0.2020350183662197,0.20453212111350308,0.20062702506765287,False,False
101,F47,86,0.318125,0.29188919276160064,0.27582115105614086,0.29188919276160064,0.27582115105614086,True,False
101,F47,87,0.19670833333333335,0.22580210518772795,0.21042706527100616,0.22580210518772795,0.21042706527100616,False,False
101,F47,88,0.19945833333333332,0.23564094207239314,0.24844522913301606,0.24989153462422978,0.23419463658117942,False,False
101,F47,89,0.3682083333333333,0.38708965571393605,0.3070971749317547,0.38708965571393605,0.3070971749317547,False,False
101,F47,90,0.20099999999999998,0.22452258681600554,0.2544641456873871,0.2613074156537473,0.21767931684964528,False,False
101,F47,91,0.3677916666666667,0.3388411651900099,0.3179170859828829,0.3388411651900099,0.3179170859828829,True,False
101,F47,92,0.20695833333333336,0.22569315949449079,0.2401781022905841,0.2422649735825169,0.22360628820255793,False,False
101,F47,93,0.4468750000000001,0.37892358895994116,0.33003467189120356,0.37892358895994116,0.33003467189120356,True,False
101,F47,95,0.6083333333333334,0.586515515017347,0.466007900158884,0.586515515017347,0.466007900158884,True,False
101,F47,96,0.2085,0.24685152876722186,0.2426026461066281,0.2502860889215353,0.23916808595231465,False,False
101,F47,97,0.6187083333333333,0.5977088128921508,0.46004482930942986,0.5977088128921508,0.46004482930942986,True,False
101,F47,98,0.218,0.26047649778702475,0.23671406823790728,0.26047649778702475,0.23671406823790728,False,False
101,F47,99,0.6459583333333333,0.5668991210341666,0.41830485003010726,0.5668991210341666,0.41830485003010726,True,False
101,F47,100,0.22024999999999997,0.2784325995708193,0.25101545776587497,0.2820646700813887,0.2473833872553056,False,False
101,F47,101,0.6589166666666667,0.625902091394536,0.5223875343176624,0.625902091394536,0.5223875343176624,True,False
101,F47,102,0.21483333333333332,0.2934888783394613,0.256647599296245,0.2934888783394613,0.256647599296245,False,False
101,F47,103,0.6706249999999999,0.6766468797394185,0.5345855402415374,0.6766468797394185,0.5345855402415374,False,False
101,F47,104,0.21458333333333335,0.2988202615969013,0.26707074282227067,0.2988202615969013,0.26707074282227067,False,False
101,F47,105,0.6841666666666667,0.5585384857100039,0.44244048272428627,0.5585384857100039,0.44244048272428627,True,False
101,F47,107,0.22895833333333335,0.3105281693760857,0.2825829649128893,0.3181151342817623,0.27499600000721264,False,False
101,F47,108,0.726625,0.5464873208594332,0.485367748558619,0.547654436329093,0.4842006330889593,True,False
101,F47,109,0.231,0.29638146998085463,0.27367420407942467,0.30232141732910905,0.26773425673117024,False,False
101,F47,110,0.7380416666666667,0.5164659443104886,0.5185350544237277,0.5314491269897543,0.5035518717444619,True,False
101,F47,111,0.236,0.5115917048920666,0.44649751439548996,0.5170346484250019,0.4410545708625547,False,False
101,F47,112,0.7764166666666666,0.593240898063144,0.5348789126208267,0.593240898063144,0.5348789126208267,True,False
101,F47,113,0.2504166666666667,0.30932683145888196,0.28475970660800065,0.31819909237016314,0.27588744569671947,False,False
101,F47,114,0.7670833333333333,0.9364046826293144,0.7251450361058073,0.9364046826293144,0.7251450361058073,False,False
101,F47,116,0.819,0.8258508438083108,0.742737451346836,0.8258508438083108,0.742737451346836,False,False
101,F47,117,0.9079166666666666,0.8639271477640235,0.712052594311506,0.8639271477640235,0.712052594311506,True,False
101,F47,118,0.285625,0.39795265914294803,0.34430532401081937,0.39795265914294803,0.34430532401081937,False,False
101,F47,119,0.921875,0.5909472330396994,0.5528887554073761,0.5940403050687794,0.5497956833782961,True,False
101,F47,120,0.40495833333333336,0.5838299085277631,0.6197349099110198,0.6223259253001826,0.5812388931386002,False,False
101,F47,121,0.5975416666666666,0.6474650767947395,0.5440655204756318,0.6488022157700704,0.5427283815003011,False,False
101,F47,122,0.5997916666666666,0.5758964606958974,0.5322007090800034,0.5838878840012728,0.524209285774628,True,False
101,F47,123,0.44,0.6229913371743582,0.5613964593586446,0.6235204843170145,0.5608673122159885,False,False
101,F47,124,0.47941666666666666,0.63882496819733,0.6546174283099029,0.666580877202989,0.6268615193042439,False,False
101,F47,125,0.671625,0.6165560833342001,0.6007502386706066,0.6448094312084964,0.5724968907963103,True,False
101,F47,126,0.496875,0.6409999744726372,0.5929827471798791,0.6409999744726372,0.5929827471798791,False,False
101,F47,127,0.688125,0.6793639431272108,0.5473650497221821,0.6793639431272108,0.5473650497221821,True,False
101,F47,128,0.48029166666666673,0.6737585421138483,0.6561993012231196,0.6845130065349254,0.6454448368020427,False,False
101,F47,129,0.71075,0.6707960911723738,0.6749958537861929,0.683624516096507,0.6621674288620595,True,False
101,F47,130,0.4907916666666667,1.0498159342673805,0.8377618521424202,1.0498159342673805,0.8377618521424202,False,False
101,F47,131,0.70275,0.6370474873573392,0.5818705052352551,0.6414299622430913,0.577488030349503,True,False
101,F47,132,2.7121666666666666,1.2342825001594264,1.00570434778999,1.2342825001594264,1.00570434778999,True,True
101,F47,133,0.46658333333333335,0.45062174359068113,0.33122603180518817,0.45062174359068113,0.33122603180518817,True,False
101,F47,135,0.49066666666666664,0.4459258796295946,0.33181207739785107,0.4459258796295946,0.33181207739785107,True,False
101,F47,136,1.65275,1.8290275221651011,1.5526939473231618,1.8290275221651011,1.5526939473231618,False,True
101,F47,137,0.511375,0.42910719046720597,0.4261494382580124,0.46944063107190165,0.3858159976533167,True,False
101,F47,138,1.7102916666666665,1.5760271545515518,1.276027154551552,1.5760271545515518,1.276027154551552,True,True
101,F47,139,1.684375,1.6783477458622003,1.3783477458622004,1.6783477458622003,1.3783477458622004,True,True
101,F47,140,0.4033333333333333,0.45005077183705683,0.34784703277641665,0.45005077183705683,0.34784703277641665,False,False
101,F47,141,1.8655,1.7573292385134867,1.6060408097662335,1.7781256563716983,1.5852443919080226,True,True
101,F47,144,0.409875,0.4391584299395128,0.3341341986299247,0.4391584299395128,0.3341341986299247,False,False
101,F47,145,2.141625,1.587570316967405,1.524610211727006,1.6406866931635224,1.4714938355308889,True,True
101,F47,146,0.6999999999999998,0.8244093030025326,0.6661515100843852,0.8244093030025326,0.6661515100843852,False,False
101,F47,147,1.7504583333333332,1.4340286743510322,1.134028674351032,1.4340286743510322,1.134028674351032,True,True
101,F47,148,0.4057083333333333,0.44480067943640705,0.39695607463065397,0.4698006794364071,0.371956074630654,False,False
101,F47,149,0.6973333333333332,0.7732784994388341,0.7670684160077318,0.8009195012869651,0.7394274141596008,False,False
101,F47,150,0.4267916666666667,0.5739911293420502,0.5544925201134888,0.5886644646469216,0.5398191848086173,False,False
101,F47,151,1.3133333333333332,1.3613753933595545,1.2841413234663925,1.3787876529932417,1.266729063832705,False,True
101,F47,152,0.4427083333333333,0.7431618120614321,0.6904190600003827,0.76864534888685,0.6649355231749645,False,False
101,F47,153,0.8378333333333333,0.7985199670840929,0.6953013111521984,0.8040986844699077,0.6897225937663833,True,False
101,F47,154,1.6209999999999998,1.3922701926339993,1.1056295161612615,1.3922701926339993,1.1056295161612615,True,True
101,F47,155,0.41566666666666663,0.5128994456513345,0.42877955080029584,0.5128994456513345,0.42877955080029584,False,False
101,F47,156,0.83225,0.7536395305654304,0.7785590752843374,0.8355756834700764,0.6966229223796914,False,False
101,F47,157,1.2108333333333332,0.9474463053714036,1.1945885028366732,1.1945885028366732,0.9474463053714036,True,True
101,F47,158,0.410125,0.45456349857162964,0.39758755739228296,0.45456349857162964,0.39758755739228296,False,False
101,F47,159,0.721,0.7727683280278308,0.8017960837276492,0.8372537291838267,0.7373106825716534,False,False
101,F47,160,0.6937083333333334,0.7550354418530215,1.0187712324651388,1.0187712324651388,0.7550354418530215,False,False
101,F47,161,0.646,1.133805547796671,1.0868123871928588,1.2025729729021373,1.0180449620873926,False,False
101,F47,163,0.56975,0.7480122201455894,0.9577950455353244,0.9577950455353244,0.7480122201455894,False,False
101,F47,165,0.487875,0.4444107150219834,0.42582573695997755,0.4444107150219834,0.42582573695997755,True,False
101,F47,166,0.6535,0.7316385817268508,0.7492860497903499,0.7558884245956028,0.7250362069215979,False,False
101,F47,167,0.459625,0.4263548005291851,0.40452141425802574,0.4263548005291851,0.40452141425802574,True,False
101,F47,168,0.782625,0.7216829173109748,0.8215152797099693,0.8215152797099693,0.7216829173109748,False,False
101,F47,169,0.4135416666666667,0.43171185158706654,0.4192572262551821,0.43171185158706654,0.4192572262551821,False,False
101,F47,170,0.7702083333333333,0.75189092997573,0.7441227898459424,0.7940922172386083,0.701921502583064,False,False
101,F47,171,0.8664999999999999,0.8944353875911654,0.8218215316257326,0.8944353875911654,0.8218215316257326,False,False
101,F47,173,0.9253333333333332,0.8254914278401744,1.0952138851876263,1.0952138851876263,0.8254914278401744,False,False
101,F47,174,1.0531666666666666,0.9292270543419224,0.8605461934800401,0.9292270543419224,0.8605461934800401,True,True
101,F47,175,0.40491666666666665,0.46725827216923027,0.4498930617371795,0.46725827216923027,0.4498930617371795,False,False
101,F47,176,0.9803333333333333,0.8986830696239609,1.1402327551565878,1.1402327551565878,0.8986830696239609,False,False
101,F47,177,1.4867916666666667,1.0404901036294092,0.9935626342019415,1.0404901036294092,0.9935626342019415,True,True
101,F47,178,0.3057916666666667,0.7787697019931951,0.5145201254475523,0.7787697019931951,0.5145201254475523,False,False
101,F47,179,0.248,0.23223030961061786,0.23223030961061786,0.23223030961061786,0.23223030961061786,True,False
101,F47,180,0.20129166666666665,0.23639383712605833,0.23639383712605833,0.23639383712605833,0.23639383712605833,False,False
101,F47,191,0.29050000000000004,0.45190554149571915,0.34237538775111637,0.45190554149571915,0.34237538775111637,False,False
101,F47,192,0.14441666666666667,0.15646427546534802,0.2022656525864901,0.2022656525864901,0.15646427546534802,False,False
101,F47,193,0.381,0.34690676209180743,0.2988637612244984,0.34690676209180743,0.2988637612244984,True,False
101,F47,194,0.253375,0.2496144014588785,0.24929568116156484,0.2497972126355652,0.2491128699848781,True,False
101,F47,195,0.19183333333333333,0.20114300037461544,0.22590890737936478,0.22590890737936478,0.20114300037461544,False,False
101,F47,196,0.18425000000000002,0.24513176795491942,0.23693278392270697,0.24531794321432857,0.2367466086632978,False,False
101,F47,209,0.6549583333333334,0.4667263320234114,0.3568850506898591,0.4667263320234114,0.3568850506898591,True,False
101,F47,210,0.51825,0.5321562983210529,0.39401748325752955,0.5321562983210529,0.39401748325752955,False,False
101,F47,212,0.521125,0.3907075909371424,0.3285362078049069,0.3907075909371424,0.3285362078049069,True,False
101,F47,214,0.5314583333333333,0.4036875506508601,0.3250422706031965,0.4036875506508601,0.3250422706031965,True,False
101,F47,215,0.70525,0.6418792388894795,0.5162951942163211,0.6418792388894795,0.5162951942163211,True,False
101,F47,216,0.5559583333333333,0.8662195315098827,0.6261062263718868,0.8662195315098827,0.6261062263718868,False,False
101,F47,229,1.78825,1.2852675610478521,0.9852675610478521,1.2852675610478521,0.9852675610478521,True,True
101,F47,230,0.460875,0.4282783844716853,0.35250173157315406,0.4282783844716853,0.35250173157315406,True,False
101,F47,231,2.1767083333333335,1.3596612410200664,1.0596612410200663,1.3596612410200664,1.0596612410200663,True,True
101,F47,239,0.433875,0.6268171458141152,0.5978270604108936,0.6567292404054559,0.5679149658195528,False,False
101,F47,240,0.47258333333333336,0.46822532175055115,0.5432663603659618,0.5532524355508713,0.4582392465656417,False,False
101,F47,241,0.65225,0.9172772481219239,0.9917412776664208,0.9917986205695802,0.9172199052187647,False,False
101,F47,242,0.7242083333333333,0.8269486655379578,1.050674379413903,1.050674379413903,0.8269486655379578,False,False
101,F47,243,0.44900000000000007,0.472299336335617,0.38789898445005866,0.472299336335617,0.38789898445005866,False,False
2024,F13,8,0.17720833333333333,0.3591086788986204,0.3591086788986204,0.3591086788986204,0.3591086788986204,False,False
2024,F13,9,0.39191666666666664,0.3229822299702096,0.3229822299702096,0.3229822299702096,0.3229822299702096,True,False
2024,F13,10,0.37424999999999997,0.3385837210965493,0.3385837210965493,0.3385837210965493,0.3385837210965493,True,False
2024,F13,11,0.36833333333333335,0.3686198122758408,0.3686198122758408,0.3686198122758408,0.3686198122758408,False,False
2024,F13,12,0.3505,0.33806862277189587,0.33806862277189587,0.33806862277189587,0.33806862277189587,True,False
2024,F13,13,0.40054166666666663,0.2923662257552798,0.3071889349866141,0.3071889349866141,0.2923662257552798,True,False
2024,F13,14,0.3236666666666667,0.3434044086361802,0.32760335767604537,0.3440116250472498,0.3269961412649757,False,False
2024,F13,16,0.322875,0.32619305284548256,0.3423001086313387,0.3437034561552947,0.32478970532152657,False,False
2024,F13,17,0.39683333333333337,0.33881509780675706,0.340098557898228,0.34677022652178663,0.33214342918319845,True,False
2024,F13,18,0.3305416666666667,0.2762729471939612,0.32387222087668094,0.32387222087668094,0.2762729471939612,True,False
2024,F13,19,0.383375,0.30570771520059875,0.32493281821954895,0.3251755738496001,0.3054649595705475,True,False
2024,F13,20,0.34195833333333336,0.3038954757738124,0.33230432093541035,0.33230432093541035,0.3038954757738124,True,False
2024,F13,21,0.36258333333333326,0.29479756703315435,0.3280930456030091,0.3280930456030091,0.29479756703315435,True,False
2024,F13,22,0.3542083333333334,0.30800939400956656,0.33349745993358776,0.33375304881269097,0.3077538051304634,True,False
2024,F13,25,0.3364583333333333,0.34264727079684215,0.34320827251696023,0.350554811042588,0.3353007322712143,False,False
2024,F13,26,0.33208333333333334,0.2959646799777232,0.32370512235774207,0.3237358744427548,0.29593392789271045,True,False
2024,F13,27,0.3579583333333334,0.33020656249826846,0.3363098087992817,0.3401751408895197,0.32634123040803037,True,False
2024,F13,28,0.366625,0.2621469181954427,0.3169544075039385,0.3169544075039385,0.2621469181954427,True,False
2024,F13,29,0.30795833333333333,0.27960912375454994,0.3150942956953353,0.3150942956953353,0.27960912375454994,False,False
2024,F13,30,0.3590416666666667,0.33019446191766955,0.3397355624743647,0.3397355624743647,0.33019446191766955,True,False
2024,F13,31,0.32033333333333336,0.29295078340549413,0.30370941895364206,0.3042058891552546,0.2924543132038815,True,False
2024,F13,32,0.3295,0.26126884598167216,0.30008359897406117,0.30008359897406117,0.26126884598167216,True,False
2024,F13,33,0.33975,0.3054684191398658,0.31410052138031314,0.31483857164465595,0.304730368875523,True,False
2024,F13,34,0.34991666666666665,0.3221904602797733,0.334387245675592,0.3361574669427741,0.3204202390125912,True,False
2024,F13,35,0.26345833333333335,0.20197023598820393,0.27069918795091247,0.27069918795091247,0.20197023598820393,False,False
2024,F13,36,0.3588333333333333,0.3195409476950659,0.3192675349229364,0.3259758587442323,0.31283262387377003,True,False
2024,F13,37,0.3379999999999999,0.3300389281369874,0.32954028444835326,0.3355638473569463,0.32401536522839436,True,False
2024,F13,38,0.297625,0.34007326363781903,0.34019047937739616,0.34428800255691067,0.33597574045830453,False,False
2024,F13,39,0.18516666666666667,0.23570669939468916,0.277470382176999,0.277470382176999,0.23570669939468916,False,False
2024,F13,40,0.1728333333333333,0.24105667212645035,0.2762388025419034,0.2762388025419034,0.24105667212645035,False,False
2024,F13,41,0.33116666666666666,0.32924916035662194,0.3345524277494916,0.33738904528664776,0.32641254281946575,False,False
2024,F13,42,0.14945833333333333,0.23752786444633722,0.2764198549495513,0.2764198549495513,0.23752786444633722,False,False
2024,F13,43,0.34591666666666665,0.3212146133788685,0.33331786901889615,0.33331786901889615,0.3212146133788685,True,False
2024,F13,44,0.20025,0.17926911841253604,0.20352684520989675,0.20352684520989675,0.17926911841253604,False,False
2024,F13,45,0.14758333333333332,0.17475543552545503,0.19366069634026598,0.19366069634026598,0.17475543552545503,False,False
2024,F13,46,0.3981666666666667,0.3634490871022753,0.3147126361889881,0.3634490871022753,0.3147126361889881,True,False
2024,F13,48,0.4250833333333334,0.3963133409157548,0.3348849917879056,0.3963133409157548,0.3348849917879056,True,False
2024,F13,49,0.14991666666666667,0.17288718389384802,0.1826273126583929,0.1828945473541755,0.17261994919806542,False,False
2024,F13,50,0.453625,0.39951448367302955,0.3261581011411513,0.39951448367302955,0.3261581011411513,True,False
2024,F13,51,0.4850833333333333,0.44672708327162125,0.35231446099226854,0.44672708327162125,0.35231446099226854,True,False
2024,F13,52,0.23383333333333334,0.24164414051644956,0.21561415391200822,0.24164414051644956,0.21561415391200822,False,False
2024,F13,53,0.2368333333333333,0.2643090081376543,0.30509388752338373,0.30509388752338373,0.2643090081376543,False,False
2024,F13,54,0.24454166666666666,0.28076178244141264,0.3066360859870026,0.31186284184752616,0.2755350265808891,False,False
2024,F13,55,0.5199166666666667,0.4368466256756829,0.42142795227189994,0.4368466256756829,0.42142795227189994,True,False
2024,F13,56,0.2577083333333334,0.2602855365525825,0.2819947569469845,0.29232638554838525,0.24995390795118175,False,False
2024,F13,57,0.549625,0.45710039490244925,0.4326322990844869,0.45710039490244925,0.4326322990844869,True,False
2024,F13,58,0.258375,0.24656345498412757,0.2502841704803365,0.251468590007043,0.24537903545742104,True,False
2024,F13,59,0.26229166666666665,0.2420419514885781,0.2502224662858877,0.25027608329013007,0.24198833448433574,True,False
2024,F13,60,0.26495833333333335,0.23094410472922608,0.24748736074835517,0.25523238636345136,0.22319907911412992,True,False
2024,F13,61,0.26429166666666665,0.2468073267462203,0.24020085271735622,0.2523624381038737,0.23464574135970284,True,False
2024,F13,62,0.5582916666666666,0.46286994700891837,0.36995759118948907,0.46286994700891837,0.36995759118948907,True,False
2024,F13,63,0.2705,0.26170303028988745,0.2576144209423266,0.26393227017572557,0.25538518105648855,True,False
2024,F13,64,0.5405833333333333,0.5236244457483324,0.419281466836962,0.5236244457483324,0.419281466836962,True,False
2024,F13,65,0.2655,0.25645875785150746,0.2602097014327483,0.27167004170859704,0.24499841757565877,False,False
2024,F13,66,0.25133333333333335,0.2515276519775051,0.2661009857019751,0.269545157097352,0.24808348058212812,False,False
2024,F13,67,0.5415833333333333,0.47214258246087965,0.35611281002900425,0.47214258246087965,0.35611281002900425,True,False
2024,F13,68,0.24787499999999998,0.2557819473973906,0.2584933068774078,0.26012252313234097,0.2541527311424574,False,False
2024,F13,69,0.42891666666666667,0.4126940432920261,0.33532116455537536,0.4126940432920261,0.33532116455537536,True,False
2024,F13,70,0.44295833333333334,0.41670396177586366,0.3468676362394904,0.4176026808758042,0.34596891713954986,True,False
2024,F13,71,0.549125,0.5048473696954477,0.4335482093206964,0.5048473696954477,0.4335482093206964,True,False
2024,F13,72,0.45575000000000004,0.4249424107644923,0.3474169230644117,0.4249424107644923,0.3474169230644117,True,False
2024,F13,73,0.56725,0.5291811240022567,0.5269567493073831,0.5369674017573722,0.5191704715522676,True,False
2024,F13,75,0.46820833333333334,0.48917641235401343,0.4270614980251439,0.48917641235401343,0.4270614980251439,False,False
2024,F13,76,0.5653333333333332,0.49792406483541923,0.47861561546379744,0.5067522530521772,0.4697874272470394,True,False
2024,F13,77,0.48287499999999994,0.4984919447698475,0.45692913555379766,0.49990504982688355,0.45551603049676154,False,False
2024,F13,78,0.5759583333333333,0.5446220553955329,0.5408805836159734,0.5497716015849727,0.5357310374265336,True,False
2024,F13,79,0.495625,0.5237139290256257,0.4629449875208067,0.5237809920874033,0.46287792445902926,False,False
2024,F13,80,0.5730833333333333,0.5097658541846091,0.5058265922674051,0.5245127199936608,0.49107972645835346,True,False
2024,F13,81,0.5222916666666667,0.51936830403813,0.48492512412517436,0.51936830403813,0.48492512412517436,True,False
2024,F13,82,0.5330833333333334,0.5063257438269276,0.5051348781221888,0.5103360670376357,0.5011245549114808,True,False
2024,F13,83,0.5427083333333333,0.5264742830432917,0.5089519914327177,0.5265728787686624,0.5088533957073469,True,False
2024,F13,84,0.5364166666666667,0.5440059913788415,0.5528646139406356,0.552899019488143,0.5439715858313342,False,False
2024,F13,85,0.5724583333333334,0.5436204616491095,0.5181793340600684,0.5439781894561606,0.5178216062530173,True,False
2024,F13,86,0.556875,0.5161391666211254,0.5298383767084657,0.53571760518913,0.510259938140461,True,False
2024,F13,88,0.5509166666666667,0.49797973948992375,0.5043506244296121,0.5130560400123875,0.4892743239071485,True,False
2024,F13,89,0.5786666666666668,0.5585004143962005,0.5261427226920111,0.5585004143962005,0.5261427226920111,True,False
2024,F13,90,0.5575416666666667,0.4360457391060706,0.49673942667236787,0.4969685025379011,0.4358166632405373,True,False
2024,F13,91,0.5779166666666667,0.5359845961668207,0.5414601239585797,0.541586335120882,0.5358583850045184,True,False
2024,F13,92,0.48141666666666677,0.43862659597145237,0.3660672060179304,0.43862659597145237,0.3660672060179304,True,False
2024,F13,93,0.3935416666666667,0.4810828787663915,0.5116461466746068,0.5144186701914852,0.4783103552495131,False,False
2024,F13,94,0.40116666666666667,0.5219286264398266,0.5458907227223825,0.5458907227223825,0.5219286264398266,False,False
2024,F13,95,0.482,0.421894701404294,0.42876663001743376,0.44356657913913883,0.40709475228258896,True,False
2024,F13,96,0.4086666666666667,0.5206079175622825,0.5495352970575299,0.5500039709390597,0.5201392436807528,False,False
2024,F13,97,0.47354166666666675,0.43247877809178564,0.4117047811303183,0.4515542230402325,0.3926293361818714,True,False
2024,F13,98,0.39937500000000004,0.4069961557964681,0.4700688917642128,0.4700688917642128,0.4069961557964681,False,False
2024,F13,99,0.4610833333333333,0.43313913342711646,0.4287297282097362,0.44543392229629025,0.41643493934056225,True,False
2024,F13,100,0.4057916666666667,0.3569819015989342,0.44756025850173126,0.44756025850173126,0.3569819015989342,False,False
2024,F13,101,0.45108333333333334,0.4405850501998973,0.4632412809844711,0.4677596845703677,0.4360666466140007,False,False
2024,F13,102,0.38608333333333333,0.3658355430325317,0.43206953528666636,0.43206953528666636,0.3658355430325317,False,False
2024,F13,103,0.447375,0.4717462706818065,0.4668212249701365,0.47264798397561353,0.46591951167632945,False,False
2024,F13,104,0.3177916666666667,0.4230212526938631,0.44691843376770457,0.44691843376770457,0.4230212526938631,False,False
2024,F13,105,0.44199999999999995,0.48208911955601624,0.4739413706241684,0.48208911955601624,0.4739413706241684,False,False
2024,F13,106,0.31616666666666665,0.4876206101193043,0.4533606022340632,0.4876206101193043,0.4533606022340632,False,False
2024,F13,107,0.44425000000000003,0.4810156737969135,0.4721196883474566,0.4810156737969135,0.4721196883474566,False,False
2024,F13,108,0.45720833333333327,0.469831215307774,0.4815631424534752,0.4885861179014325,0.4628082398598168,False,False
2024,F13,109,0.3450416666666667,0.5198962521781056,0.5243435723306681,0.526350231408483,0.5178895931002908,False,False
2024,F13,110,0.35374999999999995,0.4127711596896271,0.4142369513986319,0.4187715769561124,0.40823653413214656,False,False
2024,F13,111,0.3712083333333333,0.4870013247690894,0.4958632582118487,0.500853956926444,0.48201062605449413,False,False
2024,F13,112,0.39633333333333337,0.6740286812090952,0.5975267742515497,0.6740286812090952,0.5975267742515497,False,False
2024,F13,113,0.5562916666666667,0.5428041208237095,0.530567916487006,0.543839023213121,0.5295330140975945,True,False
2024,F13,116,0.9369166666666667,1.015246392006499,0.7681752912940464,1.015246392006499,0.7681752912940464,False,False
2024,F13,117,0.3037916666666667,0.31949730250065617,0.3813142255754831,0.3813142255754831,0.31949730250065617,False,False
2024,F13,118,1.101625,1.0918634773907332,0.8091358737914595,1.0918634773907332,0.8091358737914595,True,True
2024,F13,119,0.3114166666666667,0.41550233269595677,0.45256443494448434,0.4526989444587802,0.4153678231816608,False,False
2024,F13,120,1.25,1.1529354354751167,0.856830709882635,1.1529354354751167,0.856830709882635,True,True
2024,F13,121,1.318375,0.8730002444887018,0.6935471427772885,0.8730002444887018,0.6935471427772885,True,True
2024,F13,122,0.34879166666666667,0.426974686150053,0.39833405099274594,0.42704940645656597,0.398259330686233,False,False
2024,F13,125,1.4950833333333335,1.4391803789469233,1.1809153742658896,1.4391803789469233,1.1809153742658896,True,True
2024,F13,126,0.3818333333333333,0.5701966926434275,0.5993309287525592,0.6201492821703899,0.5493783392255969,False,False
2024,F13,128,0.7817083333333333,0.7859642097333014,0.5777777824035665,0.7859642097333014,0.5777777824035665,False,False
2024,F13,129,0.7205833333333334,0.6683867316556354,0.5517499456974683,0.6683867316556354,0.5517499456974683,True,False
2024,F13,130,0.773125,1.038983447878221,0.738983447878221,1.038983447878221,0.738983447878221,False,False
2024,F13,131,0.73775,0.7393463173290273,0.5915296693854724,0.7393463173290273,0.5915296693854724,False,False
2024,F13,132,0.8696666666666667,1.2693065502191478,0.9693065502191477,1.2693065502191478,0.9693065502191477,False,False
2024,F13,133,0.9788333333333333,1.2257273568323872,0.9257273568323873,1.2257273568323872,0.9257273568323873,False,False
2024,F13,134,0.7533333333333333,0.7382834333540341,0.5564781713464467,0.7382834333540341,0.5564781713464467,True,False
2024,F13,135,1.0125833333333334,1.1291358158346965,0.8292289218273453,1.1291358158346965,0.8292289218273453,False,True
2024,F13,136,0.73775,0.7460177769293143,0.5840041069409597,0.7460177769293143,0.5840041069409597,False,False
2024,F13,137,1.0758750000000001,1.308333509696992,1.0083335096969919,1.308333509696992,1.0083335096969919,False,True
2024,F13,138,0.7215416666666666,0.7536814052020685,0.7069032390429958,0.7547724995996145,0.7058121446454498,False,False
2024,F13,139,1.3034583333333334,0.9583293942511378,0.8662806932165591,0.9595080219049419,0.865102065562755,True,True
2024,F13,140,0.7146249999999998,0.7581728650279688,0.7571015940213948,0.7690055671833543,0.7462688918660092,False,False
2024,F13,141,0.7079166666666667,0.755379694930169,0.7508557205748904,0.7668480124917779,0.7393874030132815,False,False
2024,F13,142,0.4254583333333333,0.47688999545906885,0.5445831977022967,0.5445831977022967,0.47688999545906885,False,False
2024,F13,143,1.52975,1.2757867665458733,1.1014444911070285,1.2757867665458733,1.1014444911070285,True,True
2024,F13,145,0.6891666666666666,0.7343285262891251,0.7306793500277539,0.7345596524706872,0.7304482238461917,False,False
2024,F13,146,1.4956666666666667,1.3988737625152943,1.1151942908735661,1.3988737625152943,1.1151942908735661,True,True
2024,F13,147,0.41225,0.4829551772278884,0.5637748105265294,0.584103484150328,0.46262650360409,False,False
2024,F13,148,0.7375833333333333,0.8669652368397992,0.7986406090775674,0.8669652368397992,0.7986406090775674,False,False
2024,F13,149,0.7759166666666667,0.7965524252274476,0.6738657523873987,0.7965524252274476,0.6738657523873987,False,False
2024,F13,150,0.8217500000000001,0.8272383986824655,0.7889134819895763,0.8275681165499345,0.7885837641221074,False,False
2024,F13,151,1.676875,1.401486607878632,1.1562297550770175,1.401486607878632,1.1562297550770175,True,True
2024,F13,152,0.43320833333333336,0.4275205627755246,0.4443340307124859,0.448105941122928,0.42374865236508247,False,False
2024,F13,153,1.6374166666666667,1.504497218173179,1.324819590596549,1.504497218173179,1.324819590596549,True,True
2024,F13,154,0.41262499999999996,0.4568387359509525,0.5171779215577268,0.5178560467710163,0.45616061073766295,False,False
2024,F13,155,0.8073750000000001,0.7535710908796996,0.7473520709080382,0.7610028650367772,0.7399202967509607,True,False
2024,F13,156,0.7513333333333333,1.116288932631682,0.8845417574673107,1.116288932631682,0.8845417574673107,False,False
2024,F13,157,0.42483333333333334,0.43749762602935566,0.5214439471448195,0.5214439471448195,0.43749762602935566,False,False
2024,F13,158,0.4527083333333333,0.44225638275288787,0.4813601313488743,0.4825011786747447,0.4411153354270175,False,False
2024,F13,159,0.5987083333333333,0.8859308154274984,0.9299652663178118,0.9442020284572648,0.8716940532880454,False,False
2024,F13,160,0.45808333333333334,0.7279816195805692,0.7313567858563124,0.7443136655818603,0.715024739855021,False,False
2024,F13,161,0.491625,0.4505990409202343,0.48599164765568287,0.4905371324639074,0.44605355611200975,True,False
2024,F13,162,0.585875,0.7356579860948925,0.8609566286532626,0.8684560541845068,0.7281585605636481,False,False
2024,F13,166,0.7276666666666666,0.7781370020421186,0.7499570556851726,0.7804683688110355,0.7476256889162557,False,False
2024,F13,167,0.43249999999999994,0.44732596977698247,0.4482316091715928,0.4509141695355822,0.44464340941299313,False,False
2024,F13,168,0.6692083333333333,0.7699685022275554,0.6861762954800038,0.7742195786570152,0.6819252190505439,False,False
2024,F13,169,0.8197916666666667,0.7099961110574856,0.7231649238339063,0.7293264594909066,0.7038345754004854,True,False
2024,F13,170,0.433875,0.4301305311432786,0.4431817505047689,0.4435729708026892,0.4297393108453584,False,False
2024,F13,171,0.8714583333333333,0.8135718267500739,0.8506592092673827,0.8747978674953334,0.7894331685221232,False,False
2024,F13,172,0.9783750000000001,0.8823017785783577,0.8061422180607684,0.8823017785783577,0.8061422180607684,True,False
2024,F13,173,0.42091666666666666,0.4653843456518305,0.4570091041069848,0.4674340639920695,0.45495938576674577,False,False
2024,F13,174,0.9472083333333332,0.8216757998316598,0.9629540784113785,0.9629540784113785,0.8216757998316598,False,False
2024,F13,175,1.2699166666666668,0.9538436527878739,0.8326098647963165,0.9538436527878739,0.8326098647963165,True,True
2024,F13,176,0.4254166666666666,0.43885747213596754,0.4449801568036884,0.45044593920297765,0.4333916897366783,False,False
2024,F13,177,1.0051249999999998,0.9369642031005263,1.0114424852350936,1.0191764013083355,0.9292302870272843,False,True
2024,F13,178,1.8420416666666668,1.1329339022003924,1.0528767727731054,1.1329339022003924,1.0528767727731054,True,True
2024,F13,179,0.4014166666666667,0.32731802866051996,0.32731802866051996,0.32731802866051996,0.32731802866051996,True,False
2024,F13,180,0.2919583333333333,0.2858273880701593,0.2858273880701593,0.2858273880701593,0.2858273880701593,True,False
2024,F13,181,0.38358333333333333,0.29077577976009183,0.29077577976009183,0.29077577976009183,0.29077577976009183,True,False
2024,F13,182,0.335375,0.2763627990290813,0.2763627990290813,0.2763627990290813,0.2763627990290813,True,False
2024,F13,183,0.3569166666666666,0.27962523387706345,0.32022932708012614,0.32022932708012614,0.27962523387706345,True,False
2024,F13,195,0.55625,0.4666072268114314,0.4148888526049514,0.4666072268114314,0.4148888526049514,True,False
2024,F13,196,0.5474166666666667,0.4379293538044367,0.4024184773808929,0.4379293538044367,0.4024184773808929,True,False
2024,F13,197,0.5479166666666667,0.4713154190266226,0.4170950423458643,0.4713154190266226,0.4170950423458643,True,False
2024,F13,198,0.27608333333333335,0.25191319782392463,0.304659452865137,0.304659452865137,0.25191319782392463,False,False
2024,F13,211,0.5396666666666666,0.5529331473135238,0.4694292599191838,0.5529331473135238,0.4694292599191838,False,False
2024,F13,212,0.29433333333333334,0.25618120612900674,0.3565763024785807,0.3565763024785807,0.25618120612900674,False,False
2024,F13,213,0.292,0.25464397068521955,0.36981223858333606,0.36981223858333606,0.25464397068521955,False,False
2024,F13,214,0.9180416666666668,0.624345857075698,0.5680547826828775,0.624345857075698,0.5680547826828775,True,False
2024,F13,215,0.32666666666666666,0.2439937334925325,0.36158293363348637,0.36158293363348637,0.2439937334925325,False,False
2024,F13,217,1.6932500000000001,1.060802280311983,0.8554871117147128,1.060802280311983,0.8554871117147128,True,True
2024,F13,218,0.38949999999999996,0.3990779680140286,0.38270896610307553,0.3990779680140286,0.38270896610307553,False,False
2024,F13,231,0.6208750000000001,1.0447643266852034,0.8529070094140064,1.0447643266852034,0.8529070094140064,False,False
2024,F13,232,0.7386249999999999,0.7114498439270408,0.5800179011374674,0.7114498439270408,0.5800179011374674,True,False
2024,F13,233,0.6336666666666667,1.0815636273598377,0.8416535766589327,1.0815636273598377,0.8416535766589327,False,False
2024,F13,241,1.4315,1.0308403196956073,0.7846707026785801,1.0308403196956073,0.7846707026785801,True,True
2024,F13,242,0.43204166666666666,0.5494574906577506,0.4516808122518767,0.5494574906577506,0.4516808122518767,False,False
2024,F13,243,1.7187916666666665,1.0264481901975293,0.8106556800919814,1.0264481901975293,0.8106556800919814,True,True
2024,F13,244,0.44004166666666666,0.37255346217040475,0.4156331157365451,0.4166946497090165,0.3714919281979334,True,False
2024,F13,245,0.84025,0.7196733204477089,0.5844644903840823,0.7196733204477089,0.5844644903840823,True,False
2024,F47,6,0.24050000000000002,0.19705738692747812,0.19705738692747812,0.19705738692747812,0.19705738692747812,True,False
2024,F47,7,0.35720833333333335,0.20650412833585427,0.20650412833585427,0.20650412833585427,0.20650412833585427,True,False
2024,F47,8,0.20741666666666667,0.1640657713090423,0.1640657713090423,0.1640657713090423,0.1640657713090423,True,False
2024,F47,9,0.17462500000000003,0.17943702715955334,0.17943702715955334,0.17943702715955334,0.17943702715955334,False,False
2024,F47,10,0.146625,0.20080674338076276,0.20080674338076276,0.20080674338076276,0.20080674338076276,False,False
2024,F47,11,0.21845833333333334,0.2556859297833935,0.2604788383299956,0.2604788383299956,0.2556859297833935,False,False
2024,F47,12,0.13158333333333336,0.19299894140132715,0.21417967656650672,0.21417967656650672,0.19299894140132715,False,False
2024,F47,14,0.11625,0.14985265579633605,0.18285099760812387,0.18285099760812387,0.14985265579633605,False,False
2024,F47,15,0.19104166666666667,0.22947616481242342,0.24260505654695608,0.24260505654695608,0.22947616481242342,False,False
2024,F47,16,0.19587500000000002,0.24054647372104088,0.2374487005081268,0.24707370063562215,0.23092147359354553,False,False
2024,F47,17,0.112375,0.2236390710828248,0.2039999946476415,0.2236390710828248,0.2039999946476415,False,False
2024,F47,18,0.2031666666666667,0.24164853001648515,0.23580428180716428,0.246833968806815,0.2306188430168344,False,False
2024,F47,19,0.12374999999999999,0.25591857184315975,0.2198649325677878,0.25591857184315975,0.2198649325677878,False,False
2024,F47,20,0.21070833333333336,0.2401543824510949,0.24676137796539735,0.24677272848717116,0.2401430319293211,False,False
2024,F47,21,0.1480416666666667,0.2436763495024089,0.21905009333112183,0.2436763495024089,0.21905009333112183,False,False
2024,F47,22,0.21754166666666666,0.23757641505770208,0.2388909162913032,0.24296807804441908,0.23349925330458618,False,False
2024,F47,23,0.181625,0.268491645518846,0.23004040182487806,0.268491645518846,0.23004040182487806,False,False
2024,F47,24,0.22620833333333334,0.2870195644413007,0.27025253381253167,0.2870195644413007,0.27025253381253167,False,False
2024,F47,25,0.23175,0.2402535009273533,0.24464313588341172,0.24737466283826462,0.23752197397250038,False,False
2024,F47,26,0.25654166666666667,0.20002341077265318,0.20429662322608833,0.20587815578852342,0.19844187821021808,True,False
2024,F47,27,0.24479166666666666,0.23423881461970433,0.2483917289559966,0.24910085198305074,0.23352969159265022,False,False
2024,F47,28,0.37166666666666665,0.31368146651537165,0.25921796713133227,0.31368146651537165,0.25921796713133227,True,False
2024,F47,29,0.2630416666666667,0.2669645319350867,0.2335494186969611,0.2669645319350867,0.2335494186969611,False,False
2024,F47,30,0.28824999999999995,0.2364538615303278,0.2270102266922275,0.2364538615303278,0.2270102266922275,True,False
2024,F47,31,0.27995833333333336,0.2953944124956893,0.28014003462726894,0.2953944124956893,0.28014003462726894,False,False
2024,F47,32,0.29220833333333335,0.25650288432217744,0.2518680927117733,0.26359855635089596,0.24477242068305483,True,False
2024,F47,33,0.2754166666666667,0.209370740029339,0.23013933488744706,0.23018068523837476,0.20932938967841133,True,False
2024,F47,35,0.11945833333333333,0.17742513449675826,0.2183349804288323,0.2183349804288323,0.17742513449675826,False,False
2024,F47,36,0.298875,0.2528101416068579,0.25344443808817335,0.2578896520717949,0.2483649276232364,True,False
2024,F47,37,0.13954166666666667,0.236652438818325,0.26003477546081827,0.26003477546081827,0.236652438818325,False,False
2024,F47,38,0.30158333333333337,0.25312253116465455,0.2542324850197942,0.2591464777223423,0.24820853846210653,True,False
2024,F47,39,0.16545833333333332,0.2356542380667869,0.2584839198600451,0.2584839198600451,0.2356542380667869,False,False
2024,F47,40,0.29683333333333334,0.2512169976256248,0.2576169866626458,0.26227173713483976,0.2465622471534309,True,False
2024,F47,42,0.2124166666666667,0.19022114991468853,0.22990238128766452,0.22990238128766452,0.19022114991468853,False,False
2024,F47,43,0.250375,0.26630595674182606,0.27687137642912407,0.2791644419219716,0.26401289124897853,False,False
2024,F47,44,0.20350000000000001,0.17168756778603642,0.20952255778324216,0.20952255778324216,0.17168756778603642,False,False
2024,F47,45,0.25329166666666664,0.26744739851461663,0.2764714027180976,0.2764714027180976,0.26744739851461663,False,False
2024,F47,46,0.19858333333333333,0.21348975762480996,0.20792855243852904,0.21534012015384044,0.20607818990949855,False,False
2024,F47,47,0.19670833333333335,0.19462772860672106,0.19789308038898665,0.1989764971741638,0.19354431182154389,False,False
2024,F47,48,0.24883333333333332,0.24005615852606418,0.2603747553100687,0.2668570417393678,0.23357387209676506,False,False
2024,F47,49,0.203375,0.2049811127883401,0.19696324282844765,0.2050262436328735,0.1969181119839142,False,False
2024,F47,50,0.1525,0.1690536344197092,0.21132787891579877,0.2133507062683988,0.16703080706710915,False,False
2024,F47,51,0.22654166666666664,0.25384376668928266,0.23746363410316393,0.2584246822371265,0.23288271855532014,False,False
2024,F47,52,0.16025,0.1877933017535944,0.23443771096136132,0.23474379912523147,0.18748721358972423,False,False
2024,F47,53,0.23937499999999998,0.27502196741151586,0.25390369614173597,0.27849761885641267,0.25042804469683916,False,False
2024,F47,54,0.16,0.194485623959197,0.21043512824559105,0.21047747831378452,0.19444327389100347,False,False
2024,F47,55,0.25062500000000004,0.28446891567118215,0.25294561471536364,0.28446891567118215,0.25294561471536364,False,False
2024,F47,57,0.26466666666666666,0.27326993159040125,0.24906590317537505,0.27326993159040125,0.24906590317537505,False,False
2024,F47,58,0.16016666666666665,0.1568882945927634,0.16818184150039636,0.16840882732664908,0.15666130876651072,False,False
2024,F47,59,0.31383333333333335,0.3735786489479989,0.3003006359763383,0.3735786489479989,0.3003006359763383,False,False
2024,F47,60,0.14991666666666667,0.1612539811919577,0.17294986664875892,0.1732797078316786,0.160924140009038,False,False
2024,F47,61,0.33525,0.32817636191787347,0.2947062957997701,0.32817636191787347,0.2947062957997701,True,False
2024,F47,62,0.15916666666666668,0.16262309886062834,0.16822438095322778,0.17097143275463486,0.15987604705922123,False,False
2024,F47,63,0.34487500000000004,0.38558545140792955,0.28544885049399565,0.38558545140792955,0.28544885049399565,False,False
2024,F47,64,0.3558333333333333,0.3971235279040235,0.29813351655371895,0.3971235279040235,0.29813351655371895,False,False
2024,F47,65,0.15483333333333335,0.19280277814754945,0.2006207937292539,0.20449984884517403,0.18892372303162933,False,False
2024,F47,66,0.379125,0.39595884408827625,0.34671903523229003,0.39595884408827625,0.34671903523229003,False,False
2024,F47,67,0.16879166666666667,0.17163440982383152,0.16600712400123588,0.17269710210621622,0.1649444317188512,False,False
2024,F47,68,0.208875,0.20427920697088187,0.20401639608158054,0.2081515162710612,0.2001440867814012,True,False
2024,F47,69,0.388125,0.4387984561109515,0.33977129667604644,0.4387984561109515,0.33977129667604644,False,False
2024,F47,70,0.19441666666666668,0.2166405260346632,0.2255847365465268,0.2290872524211871,0.21313801016000286,False,False
2024,F47,71,0.40004166666666663,0.4337822140844749,0.38274057308728765,0.4337822140844749,0.38274057308728765,False,False
2024,F47,72,0.18212499999999998,0.19506974261038734,0.21818568702002203,0.22019756964787826,0.19305785998253108,False,False
2024,F47,73,0.4183333333333334,0.41590706264207616,0.3783658156095336,0.41590706264207616,0.3783658156095336,True,False
2024,F47,74,0.2141666666666667,0.31544256413075183,0.2786868135337802,0.31544256413075183,0.2786868135337802,False,False
2024,F47,75,0.194125,0.2132759083596434,0.22136640825066647,0.22533504618408562,0.2093072704262243,False,False
2024,F47,76,0.20341666666666666,0.2180728532755601,0.2069252957385123,0.2180728532755601,0.2069252957385123,False,False
2024,F47,77,0.25829166666666664,0.3051774200338733,0.2890815613959826,0.30709145774743524,0.2871675236824207,False,False
2024,F47,78,0.256375,0.29212251909435377,0.2745718197145696,0.29844676777107093,0.26824757103785246,False,False
2024,F47,79,0.18629166666666666,0.23700553369002073,0.23391688056161433,0.24765920170836986,0.2232632125432652,False,False
2024,F47,80,0.24941666666666665,0.33944250399595727,0.3020229040497508,0.33944250399595727,0.3020229040497508,False,False
2024,F47,81,0.18570833333333334,0.20874210100136026,0.22236074008413356,0.2241360823552757,0.2069667587302181,False,False
2024,F47,83,0.2739166666666667,0.32884750452033823,0.2926161402052313,0.32884750452033823,0.2926161402052313,False,False
2024,F47,85,0.19354166666666664,0.20331493015906607,0.20206214689437677,0.20463913908295817,0.20073793797048467,False,False
2024,F47,86,0.318125,0.2927916315182278,0.27607555385861526,0.2927916315182278,0.27607555385861526,True,False
2024,F47,87,0.19670833333333335,0.22680664905509804,0.2099545325164033,0.22680664905509804,0.2099545325164033,False,False
2024,F47,88,0.19945833333333332,0.2333959589008909,0.2467733171042246,0.248098563378251,0.23207071262686443,False,False
2024,F47,89,0.3682083333333333,0.3826600753587959,0.30375384152992,0.3826600753587959,0.30375384152992,False,False
2024,F47,90,0.20099999999999998,0.22305721707806173,0.25429554136687543,0.2603684963370265,0.21698426210791064,False,False
2024,F47,91,0.3677916666666667,0.33737638933426767,0.3176233531716137,0.33737638933426767,0.3176233531716137,True,False
2024,F47,92,0.20695833333333336,0.2255869215086815,0.24029172022104814,0.24217020746769743,0.2237084342620322,False,False
2024,F47,93,0.4468750000000001,0.37944378468111806,0.32985846071874597,0.37944378468111806,0.32985846071874597,True,False
2024,F47,95,0.6083333333333334,0.5807385458596053,0.46550817553509893,0.5807385458596053,0.46550817553509893,True,False
2024,F47,96,0.2085,0.23770103351643526,0.23658072411288275,0.24344637116244952,0.23083538646686844,False,False
2024,F47,97,0.6187083333333333,0.5938368443280292,0.459097615172295,0.5938368443280292,0.459097615172295,True,False
2024,F47,98,0.218,0.2605291687071036,0.23520099180234685,0.2605291687071036,0.23520099180234685,False,False
2024,F47,99,0.6459583333333333,0.5667451472103813,0.41744671968240227,0.5667451472103813,0.41744671968240227,True,False
2024,F47,100,0.22024999999999997,0.27122207650535324,0.24669352855480042,0.275279845703926,0.24263575935622764,False,False
2024,F47,101,0.6589166666666667,0.63178978633649,0.5245938903944992,0.63178978633649,0.5245938903944992,True,False
2024,F47,102,0.21483333333333332,0.2959121412762555,0.25796805309267157,0.2959121412762555,0.25796805309267157,False,False
2024,F47,103,0.6706249999999999,0.6880394140364917,0.5389699798881457,0.6880394140364917,0.5389699798881457,False,False
2024,F47,104,0.21458333333333335,0.3039327562768563,0.27036713360783354,0.3039327562768563,0.27036713360783354,False,False
2024,F47,105,0.6841666666666667,0.5642073777504835,0.44665356437477727,0.5642073777504835,0.44665356437477727,True,False
2024,F47,107,0.22895833333333335,0.3101075027284946,0.28203597225952604,0.31772766452075557,0.2744158104672651,False,False
2024,F47,108,0.726625,0.551052441590011,0.4868376442387616,0.5514419579062854,0.4864481279224872,True,False
2024,F47,109,0.231,0.2938181237972924,0.27246959085913436,0.299937523004391,0.2663501916520357,False,False
2024,F47,110,0.7380416666666667,0.5237601477482027,0.5225152118057731,0.5365863520937079,0.5096890074602679,True,False
2024,F47,111,0.236,0.5023809833343372,0.44064662579537944,0.5081515144627042,0.43487609466701266,False,False
2024,F47,112,0.7764166666666666,0.5781490192629174,0.529495539549763,0.5781490192629174,0.529495539549763,True,False
2024,F47,113,0.2504166666666667,0.30838812609507377,0.2844183316406066,0.31728574152975964,0.2755207162059207,False,False
2024,F47,114,0.7670833333333333,0.9312010832701704,0.7220978173005896,0.9312010832701704,0.7220978173005896,False,False
2024,F47,116,0.819,0.8308142219745145,0.7432307529263262,0.8308142219745145,0.7432307529263262,False,False
2024,F47,117,0.9079166666666666,0.8741274998579396,0.7182216810362779,0.8741274998579396,0.7182216810362779,True,False
2024,F47,118,0.285625,0.3956763693986023,0.34168782652887625,0.3956763693986023,0.34168782652887625,False,False
2024,F47,119,0.921875,0.5916538578366591,0.5520657659691784,0.5945225884664628,0.5491970353393748,True,False
2024,F47,120,0.40495833333333336,0.5864504179642238,0.6231870083736688,0.6256508802928739,0.5839865460450187,False,False
2024,F47,121,0.5975416666666666,0.6417259983281794,0.540575687153051,0.6436711809803427,0.5386305045008878,False,False
2024,F47,122,0.5997916666666666,0.5734749493383099,0.5294074234979592,0.5813858856253767,0.5214964872108924,True,False
2024,F47,123,0.44,0.6374221123590482,0.5666915644148409,0.6374221123590482,0.5666915644148409,False,False
2024,F47,124,0.47941666666666666,0.6495759603680001,0.6573396213677767,0.6712386794275776,0.6356769023081993,False,False
2024,F47,125,0.671625,0.6175466617220905,0.5997273066614935,0.6453124913407163,0.5719614770428677,True,False
2024,F47,126,0.496875,0.6314777768008879,0.5813217506445756,0.6314777768008879,0.5813217506445756,False,False
2024,F47,127,0.688125,0.6788135971793396,0.54686054422854,0.6788135971793396,0.54686054422854,True,False
2024,F47,128,0.48029166666666673,0.6887571148385815,0.6556025067627037,0.6911784675752966,0.6531811540259885,False,False
2024,F47,129,0.71075,0.669615091621132,0.6689930247327891,0.679429604362899,0.6591785119910221,True,False
2024,F47,130,0.4907916666666667,1.0552023159667605,0.8333461679979038,1.0552023159667605,0.8333461679979038,False,False
2024,F47,131,0.70275,0.641769874026289,0.584094655237363,0.6459902911849662,0.5798742380786859,True,False
2024,F47,132,2.7121666666666666,1.2514761570220763,1.013299561381248,1.2514761570220763,1.013299561381248,True,True
2024,F47,133,0.46658333333333335,0.46328056837386394,0.33856601839054495,0.46328056837386394,0.33856601839054495,True,False
2024,F47,135,0.49066666666666664,0.4514836766829878,0.3363135824204633,0.4514836766829878,0.3363135824204633,True,False
2024,F47,136,1.65275,1.8292973644179178,1.5532884366382202,1.8292973644179178,1.5532884366382202,False,True
2024,F47,137,0.511375,0.43784107629092417,0.43097484294593097,0.47570669055885473,0.39310922867800047,True,False
2024,F47,138,1.7102916666666665,1.5719287885692061,1.271928788569206,1.5719287885692061,1.271928788569206,True,True
2024,F47,139,1.684375,1.6676783072887744,1.3676783072887744,1.6676783072887744,1.3676783072887744,True,True
2024,F47,140,0.4033333333333333,0.4683631310794849,0.3552066113497859,0.4683631310794849,0.3552066113497859,False,False
2024,F47,141,1.8655,1.7569113023900658,1.6088254072899533,1.778256920229864,1.5874797894501553,True,True
2024,F47,144,0.409875,0.439717152626522,0.3347217845333758,0.439717152626522,0.3347217845333758,False,False
2024,F47,145,2.141625,1.570984153149779,1.5131752682810327,1.6268282437787331,1.4573311776520785,True,True
2024,F47,146,0.6999999999999998,0.8390243740549147,0.6735524361857333,0.8390243740549147,0.6735524361857333,False,False
2024,F47,147,1.7504583333333332,1.452295495541625,1.152295495541625,1.452295495541625,1.152295495541625,True,True
2024,F47,148,0.4057083333333333,0.4250785568221205,0.3784734684412916,0.45007855682212056,0.3534734684412915,False,False
2024,F47,149,0.6973333333333332,0.7615683162587908,0.7620038791476086,0.7924396039513063,0.7311325914550931,False,False
2024,F47,150,0.4267916666666667,0.5614337215133937,0.5504957471526553,0.5798715935474466,0.5320578751186024,False,False
2024,F47,151,1.3133333333333332,1.3538250520462114,1.2796321134618136,1.3728389313391407,1.2606182341688845,False,True
2024,F47,152,0.4427083333333333,0.739501410847129,0.6875310340411352,0.7644579703450972,0.6625744745431671,False,False
2024,F47,153,0.8378333333333333,0.7888547991089432,0.6901317663395427,0.7946083093694062,0.6843782560790798,True,False
2024,F47,154,1.6209999999999998,1.4013261343157941,1.1128643253419328,1.4013261343157941,1.1128643253419328,True,True
2024,F47,155,0.41566666666666663,0.5070441913669398,0.4269840803399972,0.5070441913669398,0.4269840803399972,False,False
2024,F47,156,0.83225,0.7525622419657076,0.7774214232407749,0.8343796005072098,0.6956040646992726,False,False
2024,F47,157,1.2108333333333332,0.9426601794808112,1.191275993726474,1.191275993726474,0.9426601794808112,True,True
2024,F47,158,0.410125,0.4458449728617671,0.39265565383081613,0.4458449728617671,0.39265565383081613,False,False
2024,F47,159,0.721,0.766022596947507,0.7962264370993366,0.8303601827539744,0.7318888512928688,False,False
2024,F47,160,0.6937083333333334,0.7436922906010848,1.0106220192020359,1.0106220192020359,0.7436922906010848,False,False
2024,F47,161,0.646,1.129613239283288,1.0834864947008067,1.1985608849344223,1.0145388490496725,False,False
2024,F47,163,0.56975,0.7394181364447435,0.9528567279759962,0.9528567279759962,0.7394181364447435,False,False
2024,F47,165,0.487875,0.4469644063685072,0.42815041977216683,0.4469644063685072,0.42815041977216683,True,False
2024,F47,166,0.6535,0.7225277378393001,0.7463563225948245,0.7515090627746305,0.7173749976594941,False,False
2024,F47,167,0.459625,0.42981655143846015,0.40564222472040995,0.42981655143846015,0.40564222472040995,True,False
2024,F47,168,0.782625,0.7145134976096589,0.817310338967931,0.817310338967931,0.7145134976096589,False,False
2024,F47,169,0.4135416666666667,0.43348900470116014,0.41961656722951063,0.43348900470116014,0.41961656722951063,False,False
2024,F47,170,0.7702083333333333,0.7473882868729019,0.741984702652843,0.7899917323419268,0.699381257183818,False,False
2024,F47,171,0.8664999999999999,0.8935193839271127,0.8218607209616375,0.8935193839271127,0.8218607209616375,False,False
2024,F47,173,0.9253333333333332,0.825757730546421,1.0949058905360258,1.0949058905360258,0.825757730546421,False,False
2024,F47,174,1.0531666666666666,0.9237154913658493,0.8575324386900119,0.9237154913658493,0.8575324386900119,True,True
2024,F47,175,0.40491666666666665,0.46886718294937985,0.44883321075818444,0.46886718294937985,0.44883321075818444,False,False
2024,F47,176,0.9803333333333333,0.874853500639604,1.1195305476243689,1.1195305476243689,0.874853500639604,False,False
2024,F47,177,1.4867916666666667,1.041453120518993,0.993005891585314,1.041453120518993,0.993005891585314,True,True
2024,F47,178,0.3057916666666667,0.7675996003544098,0.5059082401458249,0.7675996003544098,0.5059082401458249,False,False
2024,F47,179,0.248,0.22709313973997144,0.22709313973997144,0.22709313973997144,0.22709313973997144,True,False
2024,F47,180,0.20129166666666665,0.22961129278430656,0.22961129278430656,0.22961129278430656,0.22961129278430656,False,False
2024,F47,191,0.29050000000000004,0.45185549851723145,0.34230102262672063,0.45185549851723145,0.34230102262672063,False,False
2024,F47,192,0.14441666666666667,0.15596354982332705,0.2028447904773216,0.2028447904773216,0.15596354982332705,False,False
2024,F47,193,0.381,0.34593231741373304,0.29705141058195844,0.34593231741373304,0.29705141058195844,True,False
2024,F47,194,0.253375,0.251876552270966,0.24955402782598335,0.251876552270966,0.24955402782598335,True,False
2024,F47,195,0.19183333333333333,0.20080573660640458,0.22485134634870116,0.22485134634870116,0.20080573660640458,False,False
2024,F47,196,0.18425000000000002,0.2470716428652,0.23862472239157986,0.24712449403337422,0.23857187122340565,False,False
2024,F47,209,0.6549583333333334,0.4659742630959725,0.3558374250666018,0.4659742630959725,0.3558374250666018,True,False
2024,F47,210,0.51825,0.5255282600981062,0.39025231329602433,0.5255282600981062,0.39025231329602433,False,False
2024,F47,212,0.521125,0.3867396354524488,0.3272246079301585,0.3867396354524488,0.3272246079301585,True,False
2024,F47,214,0.5314583333333333,0.39935407948038454,0.32455692922885954,0.39935407948038454,0.32455692922885954,True,False
2024,F47,215,0.70525,0.645766652060681,0.5189953217246086,0.645766652060681,0.5189953217246086,True,False
2024,F47,216,0.5559583333333333,0.8650814579218844,0.6273223000326572,0.8650814579218844,0.6273223000326572,False,False
2024,F47,229,1.78825,1.2879131477262442,0.9879131477262444,1.2879131477262442,0.9879131477262444,True,True
2024,F47,230,0.460875,0.4225745736351707,0.34612028540311246,0.4225745736351707,0.34612028540311246,True,False
2024,F47,231,2.1767083333333335,1.364040442555056,1.0640404425550563,1.364040442555056,1.0640404425550563,True,True
2024,F47,239,0.433875,0.6322682656126756,0.5999526616764103,0.6598576564710376,0.5723632708180483,False,False
2024,F47,240,0.47258333333333336,0.4656466513451811,0.543226394220325,0.5516186685789309,0.4572543769865751,False,False
2024,F47,241,0.65225,0.9328822234133348,0.9993531316505916,1.0010900250771426,0.931145329986784,False,False
2024,F47,242,0.7242083333333333,0.8238726556584259,1.052175796704266,1.052175796704266,0.8238726556584259,False,False
2024,F47,243,0.44900000000000007,0.4758965811950981,0.38768343476880435,0.4758965811950981,0.38768343476880435,False,False
