row_id,farm,day,hour,raw_ec,ec,raw_decimal_digits,significant_digits,last_digit,low_precision,digit05,grid001,grid01,grid1,scientific,magnitude,sub_ec,v2,strict_linear,plateau6
F13_008_00,F13,8,0,0.142,0.142,3,3,2,1,0,1,0,0,0,-1,0.1419999999999999,0.35664434595315,False,False
F13_008_01,F13,8,1,0.125,0.125,3,3,5,1,1,1,0,0,0,-1,0.125,0.3544706551896986,False,False
F13_008_02,F13,8,2,0.123,0.123,3,3,3,1,0,1,0,0,0,-1,0.123,0.3538170340652686,False,False
F13_008_03,F13,8,3,0.122,0.122,3,3,2,1,0,1,0,0,0,-1,0.122,0.3525604059111172,False,False
F13_008_04,F13,8,4,0.12,0.12,2,2,2,1,0,1,1,0,0,-1,0.12,0.3507810991988541,False,False
F13_008_05,F13,8,5,0.12,0.12,2,2,2,1,0,1,1,0,0,-1,0.12,0.3495695286056745,False,False
F13_008_06,F13,8,6,0.119,0.119,3,3,9,1,0,1,0,0,0,-1,0.1189999999999999,0.3491131526856928,False,False
F13_008_07,F13,8,7,0.118,0.118,3,3,8,1,0,1,0,0,0,-1,0.1179999999999999,0.3489340941761218,False,False
F13_008_08,F13,8,8,0.117,0.117,3,3,7,1,0,1,0,0,0,-1,0.117,0.3506501132677948,False,False
F13_008_09,F13,8,9,0.139,0.139,3,3,9,1,0,1,0,0,0,-1,0.139,0.3498848660860089,False,False
F13_008_10,F13,8,10,0.14,0.14,2,2,4,1,0,1,1,0,0,-1,0.14,0.3488538294175428,False,False
F13_008_11,F13,8,11,0.145,0.145,3,3,5,1,1,1,0,0,0,-1,0.1449999999999999,0.3437437919515848,False,False
F13_008_12,F13,8,12,0.193,0.193,3,3,3,1,0,1,0,0,0,-1,0.193,0.3449399613008694,False,False
F13_008_13,F13,8,13,0.182,0.182,3,3,2,1,0,1,0,0,0,-1,0.182,0.34168544480416,False,False
F13_008_14,F13,8,14,0.191,0.191,3,3,1,1,0,1,0,0,0,-1,0.191,0.3495589106523863,False,False
F13_008_15,F13,8,15,0.182,0.182,3,3,2,1,0,1,0,0,0,-1,0.182,0.3439765538618669,False,False
F13_008_16,F13,8,16,0.253,0.253,3,3,3,1,0,1,0,0,0,-1,0.253,0.3449445154892387,False,False
F13_008_17,F13,8,17,0.267,0.267,3,3,7,1,0,1,0,0,0,-1,0.267,0.3472428451040414,False,False
F13_008_18,F13,8,18,0.264,0.264,3,3,4,1,0,1,0,0,0,-1,0.264,0.359727961441114,False,False
F13_008_19,F13,8,19,0.265,0.265,3,3,5,1,1,1,0,0,0,-1,0.265,0.3602795628807944,False,False
F13_008_20,F13,8,20,0.249,0.249,3,3,9,1,0,1,0,0,0,-1,0.249,0.3577164942250249,False,False
F13_008_21,F13,8,21,0.238,0.238,3,3,8,1,0,1,0,0,0,-1,0.2379999999999999,0.358170853886972,False,False
F13_008_22,F13,8,22,0.222,0.222,3,3,2,1,0,1,0,0,0,-1,0.222,0.3556739685235308,False,False
F13_008_23,F13,8,23,0.217,0.217,3,3,7,1,0,1,0,0,0,-1,0.217,0.3551762981763478,False,False
F13_009_00,F13,9,0,0.391,0.391,3,3,1,1,0,1,0,0,0,-1,0.391,0.2851605273590135,False,False
F13_009_01,F13,9,1,0.39,0.39,2,2,9,1,0,1,1,0,0,-1,0.39,0.3066113001229232,False,False
F13_009_02,F13,9,2,0.39,0.39,2,2,9,1,0,1,1,0,0,-1,0.39,0.3092108951036128,False,False
F13_009_03,F13,9,3,0.389,0.389,3,3,9,1,0,1,0,0,0,-1,0.389,0.3072706884860967,False,False
F13_009_04,F13,9,4,0.388,0.388,3,3,8,1,0,1,0,0,0,-1,0.388,0.3086660413617687,False,False
F13_009_05,F13,9,5,0.388,0.388,3,3,8,1,0,1,0,0,0,-1,0.388,0.3035538667462283,False,False
F13_009_06,F13,9,6,0.387,0.387,3,3,7,1,0,1,0,0,0,-1,0.387,0.3051194316614139,False,False
F13_009_07,F13,9,7,0.388,0.388,3,3,8,1,0,1,0,0,0,-1,0.388,0.3015133887557524,False,False
F13_009_08,F13,9,8,0.388,0.388,3,3,8,1,0,1,0,0,0,-1,0.388,0.3021389128187967,False,False
F13_009_09,F13,9,9,0.389,0.389,3,3,9,1,0,1,0,0,0,-1,0.389,0.3136765869792448,False,False
F13_009_10,F13,9,10,0.392,0.392,3,3,2,1,0,1,0,0,0,-1,0.392,0.3151838899181109,False,False
F13_009_11,F13,9,11,0.392,0.392,3,3,2,1,0,1,0,0,0,-1,0.392,0.3138452571833759,False,False
F13_009_12,F13,9,12,0.393,0.393,3,3,3,1,0,1,0,0,0,-1,0.393,0.3166293422646731,False,False
F13_009_13,F13,9,13,0.394,0.394,3,3,4,1,0,1,0,0,0,-1,0.394,0.321748715754027,False,False
F13_009_14,F13,9,14,0.396,0.396,3,3,6,1,0,1,0,0,0,-1,0.396,0.3278760907481186,False,False
F13_009_15,F13,9,15,0.4,0.4,1,1,4,1,0,1,1,1,0,-1,0.4,0.327620470019038,False,False
F13_009_16,F13,9,16,0.4,0.4,1,1,4,1,0,1,1,1,0,-1,0.4,0.3251839332965107,False,False
F13_009_17,F13,9,17,0.401,0.401,3,3,1,1,0,1,0,0,0,-1,0.401,0.3310332440696698,False,False
F13_009_18,F13,9,18,0.4,0.4,1,1,4,1,0,1,1,1,0,-1,0.4,0.3247158035559381,False,False
F13_009_19,F13,9,19,0.397,0.397,3,3,7,1,0,1,0,0,0,-1,0.397,0.3226569442254763,False,False
F13_009_20,F13,9,20,0.394,0.394,3,3,4,1,0,1,0,0,0,-1,0.394,0.3270976368851829,False,False
F13_009_21,F13,9,21,0.39,0.39,2,2,9,1,0,1,1,0,0,-1,0.39,0.3264465654007451,False,False
F13_009_22,F13,9,22,0.386,0.386,3,3,6,1,0,1,0,0,0,-1,0.386,0.3285355593577862,False,False
F13_009_23,F13,9,23,0.383,0.383,3,3,3,1,0,1,0,0,0,-1,0.383,0.3265816003245253,False,False
F13_010_00,F13,10,0,0.38,0.38,2,2,8,1,0,1,1,0,0,-1,0.38,0.3323573010633428,False,False
F13_010_01,F13,10,1,0.378,0.378,3,3,8,1,0,1,0,0,0,-1,0.378,0.3356682546248024,False,False
F13_010_02,F13,10,2,0.377,0.377,3,3,7,1,0,1,0,0,0,-1,0.377,0.3344615240755869,False,False
F13_010_03,F13,10,3,0.376,0.376,3,3,6,1,0,1,0,0,0,-1,0.376,0.3327837156663749,False,False
F13_010_04,F13,10,4,0.375,0.375,3,3,5,1,1,1,0,0,0,-1,0.375,0.3317232556711544,False,False
F13_010_05,F13,10,5,0.374,0.374,3,3,4,1,0,1,0,0,0,-1,0.374,0.3295813409301173,False,False
F13_010_06,F13,10,6,0.379,0.379,3,3,9,1,0,1,0,0,0,-1,0.379,0.3277976517600677,False,False
F13_010_07,F13,10,7,0.377,0.377,3,3,7,1,0,1,0,0,0,-1,0.377,0.3263620255483396,False,False
F13_010_08,F13,10,8,0.375,0.375,3,3,5,1,1,1,0,0,0,-1,0.375,0.3268352281458349,False,False
F13_010_09,F13,10,9,0.373,0.373,3,3,3,1,0,1,0,0,0,-1,0.373,0.3339307052360369,False,False
F13_010_10,F13,10,10,0.372,0.372,3,3,2,1,0,1,0,0,0,-1,0.372,0.3358536045375888,False,False
F13_010_11,F13,10,11,0.372,0.372,3,3,2,1,0,1,0,0,0,-1,0.372,0.3289901056593789,False,False
F13_010_12,F13,10,12,0.373,0.373,3,3,3,1,0,1,0,0,0,-1,0.373,0.3421136600554258,False,False
F13_010_13,F13,10,13,0.373,0.373,3,3,3,1,0,1,0,0,0,-1,0.373,0.3282513621706129,False,False
F13_010_14,F13,10,14,0.374,0.374,3,3,4,1,0,1,0,0,0,-1,0.374,0.3331452419224083,False,False
F13_010_15,F13,10,15,0.375,0.375,3,3,5,1,1,1,0,0,0,-1,0.375,0.3365120625852959,False,False
F13_010_16,F13,10,16,0.377,0.377,3,3,7,1,0,1,0,0,0,-1,0.377,0.334462334044551,False,False
F13_010_17,F13,10,17,0.379,0.379,3,3,9,1,0,1,0,0,0,-1,0.379,0.3418979425941693,False,False
F13_010_18,F13,10,18,0.378,0.378,3,3,8,1,0,1,0,0,0,-1,0.378,0.3317818346842179,False,False
F13_010_19,F13,10,19,0.376,0.376,3,3,6,1,0,1,0,0,0,-1,0.376,0.3330801613184289,False,False
F13_010_20,F13,10,20,0.373,0.373,3,3,3,1,0,1,0,0,0,-1,0.373,0.3336634119936678,False,False
F13_010_21,F13,10,21,0.369,0.369,3,3,9,1,0,1,0,0,0,-1,0.3689999999999999,0.3305460259624819,False,False
F13_010_22,F13,10,22,0.365,0.365,3,3,5,1,1,1,0,0,0,-1,0.3649999999999999,0.330952500629024,False,False
F13_010_23,F13,10,23,0.362,0.362,3,3,2,1,0,1,0,0,0,-1,0.3619999999999999,0.3329920750914099,False,False
F13_011_00,F13,11,0,0.357,0.357,3,3,7,1,0,1,0,0,0,-1,0.3569999999999999,0.3920901017211631,False,False
F13_011_01,F13,11,1,0.355,0.355,3,3,5,1,1,1,0,0,0,-1,0.3549999999999999,0.387728317265196,False,False
F13_011_02,F13,11,2,0.352,0.352,3,3,2,1,0,1,0,0,0,-1,0.3519999999999999,0.3854627613666901,False,False
F13_011_03,F13,11,3,0.35,0.35,2,2,5,1,1,1,1,0,0,-1,0.3499999999999999,0.3831599916636176,False,False
F13_011_04,F13,11,4,0.347,0.347,3,3,7,1,0,1,0,0,0,-1,0.3469999999999999,0.3796164961040715,False,False
F13_011_05,F13,11,5,0.345,0.345,3,3,5,1,1,1,0,0,0,-1,0.3449999999999999,0.3763907572035274,False,False
F13_011_06,F13,11,6,0.342,0.342,3,3,2,1,0,1,0,0,0,-1,0.342,0.3749107527601504,False,False
F13_011_07,F13,11,7,0.34,0.34,2,2,4,1,0,1,1,0,0,-1,0.34,0.3756249680176971,False,False
F13_011_08,F13,11,8,0.337,0.337,3,3,7,1,0,1,0,0,0,-1,0.337,0.3673613309933375,False,False
F13_011_09,F13,11,9,0.364,0.364,3,3,4,1,0,1,0,0,0,-1,0.3639999999999999,0.3519067042959104,False,False
F13_011_10,F13,11,10,0.366,0.366,3,3,6,1,0,1,0,0,0,-1,0.3659999999999999,0.3520835529872756,False,False
F13_011_11,F13,11,11,0.365,0.365,3,3,5,1,1,1,0,0,0,-1,0.3649999999999999,0.3530183065891974,False,False
F13_011_12,F13,11,12,0.38,0.38,2,2,8,1,0,1,1,0,0,-1,0.38,0.3519485096949711,False,False
F13_011_13,F13,11,13,0.38,0.38,2,2,8,1,0,1,1,0,0,-1,0.38,0.3545466656679523,False,False
F13_011_14,F13,11,14,0.377,0.377,3,3,7,1,0,1,0,0,0,-1,0.377,0.3636020039094807,False,False
F13_011_15,F13,11,15,0.375,0.375,3,3,5,1,1,1,0,0,0,-1,0.375,0.3589912580969535,False,False
F13_011_16,F13,11,16,0.393,0.393,3,3,3,1,0,1,0,0,0,-1,0.393,0.36367460444221,False,False
F13_011_17,F13,11,17,0.395,0.395,3,3,5,1,1,1,0,0,0,-1,0.395,0.3698315094864505,False,False
F13_011_18,F13,11,18,0.394,0.394,3,3,4,1,0,1,0,0,0,-1,0.394,0.377308784829798,False,False
F13_011_19,F13,11,19,0.391,0.391,3,3,1,1,0,1,0,0,0,-1,0.391,0.3767463775096631,False,False
F13_011_20,F13,11,20,0.389,0.389,3,3,9,1,0,1,0,0,0,-1,0.389,0.3757963556044922,False,False
F13_011_21,F13,11,21,0.387,0.387,3,3,7,1,0,1,0,0,0,-1,0.387,0.3774354892635269,False,False
F13_011_22,F13,11,22,0.383,0.383,3,3,3,1,0,1,0,0,0,-1,0.383,0.3767810209857064,False,False
F13_011_23,F13,11,23,0.376,0.376,3,3,6,1,0,1,0,0,0,-1,0.376,0.3780281993564046,False,False
F13_012_00,F13,12,0,0.359,0.359,3,3,9,1,0,1,0,0,0,-1,0.3589999999999999,0.3352451485531419,False,False
F13_012_01,F13,12,1,0.356,0.356,3,3,6,1,0,1,0,0,0,-1,0.3559999999999999,0.340047390326963,False,False
F13_012_02,F13,12,2,0.354,0.354,3,3,4,1,0,1,0,0,0,-1,0.3539999999999999,0.3392551764735403,False,False
F13_012_03,F13,12,3,0.352,0.352,3,3,2,1,0,1,0,0,0,-1,0.3519999999999999,0.3382061278249919,False,False
F13_012_04,F13,12,4,0.351,0.351,3,3,1,1,0,1,0,0,0,-1,0.3509999999999999,0.3361209454608755,False,False
F13_012_05,F13,12,5,0.35,0.35,2,2,5,1,1,1,1,0,0,-1,0.3499999999999999,0.3367573519995633,False,False
F13_012_06,F13,12,6,0.352,0.352,3,3,2,1,0,1,0,0,0,-1,0.3519999999999999,0.3324893258373592,False,False
F13_012_07,F13,12,7,0.351,0.351,3,3,1,1,0,1,0,0,0,-1,0.3509999999999999,0.3335213218631561,False,False
F13_012_08,F13,12,8,0.35,0.35,2,2,5,1,1,1,1,0,0,-1,0.3499999999999999,0.3289983425785886,False,False
F13_012_09,F13,12,9,0.351,0.351,3,3,1,1,0,1,0,0,0,-1,0.3509999999999999,0.3364662165846404,False,False
F13_012_10,F13,12,10,0.35,0.35,2,2,5,1,1,1,1,0,0,-1,0.3499999999999999,0.3311980038011377,False,False
F13_012_11,F13,12,11,0.35,0.35,2,2,5,1,1,1,1,0,0,-1,0.3499999999999999,0.3329812100535451,False,False
F13_012_12,F13,12,12,0.35,0.35,2,2,5,1,1,1,1,0,0,-1,0.3499999999999999,0.3319887378303745,False,False
F13_012_13,F13,12,13,0.349,0.349,3,3,9,1,0,1,0,0,0,-1,0.3489999999999999,0.3267084697229422,False,False
F13_012_14,F13,12,14,0.352,0.352,3,3,2,1,0,1,0,0,0,-1,0.3519999999999999,0.3278945866446812,False,False
F13_012_15,F13,12,15,0.353,0.353,3,3,3,1,0,1,0,0,0,-1,0.3529999999999999,0.3297745344831671,False,False
F13_012_16,F13,12,16,0.353,0.353,3,3,3,1,0,1,0,0,0,-1,0.3529999999999999,0.3201486717353589,False,False
F13_012_17,F13,12,17,0.352,0.352,3,3,2,1,0,1,0,0,0,-1,0.3519999999999999,0.314945280601364,False,False
F13_012_18,F13,12,18,0.351,0.351,3,3,1,1,0,1,0,0,0,-1,0.3509999999999999,0.3182230221270374,False,False
F13_012_19,F13,12,19,0.349,0.349,3,3,9,1,0,1,0,0,0,-1,0.3489999999999999,0.3304368669525383,False,False
F13_012_20,F13,12,20,0.347,0.347,3,3,7,1,0,1,0,0,0,-1,0.3469999999999999,0.333580045630364,False,False
F13_012_21,F13,12,21,0.345,0.345,3,3,5,1,1,1,0,0,0,-1,0.3449999999999999,0.3300615816052133,False,False
F13_012_22,F13,12,22,0.343,0.343,3,3,3,1,0,1,0,0,0,-1,0.343,0.3313560316975151,False,False
F13_012_23,F13,12,23,0.342,0.342,3,3,2,1,0,1,0,0,0,-1,0.342,0.3248301263653889,False,False
F13_013_00,F13,13,0,0.397,0.397,3,3,7,1,0,1,0,0,0,-1,0.397,0.2816742894368145,False,False
F13_013_01,F13,13,1,0.394,0.394,3,3,4,1,0,1,0,0,0,-1,0.394,0.2731339758290759,False,False
F13_013_02,F13,13,2,0.392,0.392,3,3,2,1,0,1,0,0,0,-1,0.392,0.2695357822039988,False,False
F13_013_03,F13,13,3,0.388,0.388,3,3,8,1,0,1,0,0,0,-1,0.388,0.268382096631898,False,False
F13_013_04,F13,13,4,0.385,0.385,3,3,5,1,1,1,0,0,0,-1,0.385,0.2673179948897368,False,False
F13_013_05,F13,13,5,0.379,0.379,3,3,9,1,0,1,0,0,0,-1,0.379,0.263564548992931,False,False
F13_013_06,F13,13,6,0.377,0.377,3,3,7,1,0,1,0,0,0,-1,0.377,0.2618440116960851,False,False
F13_013_07,F13,13,7,0.376,0.376,3,3,6,1,0,1,0,0,0,-1,0.376,0.2596519027933655,False,False
F13_013_08,F13,13,8,0.375,0.375,3,3,5,1,1,1,0,0,0,-1,0.375,0.2637962533817316,False,False
F13_013_09,F13,13,9,0.396,0.396,3,3,6,1,0,1,0,0,0,-1,0.396,0.2657746165426807,False,False
F13_013_10,F13,13,10,0.397,0.397,3,3,7,1,0,1,0,0,0,-1,0.397,0.2679983522036188,False,False
F13_013_11,F13,13,11,0.395,0.395,3,3,5,1,1,1,0,0,0,-1,0.395,0.2701987726582374,False,False
F13_013_12,F13,13,12,0.41,0.41,2,2,1,1,0,1,1,0,0,-1,0.4099999999999999,0.2917261314940199,False,False
F13_013_13,F13,13,13,0.41,0.41,2,2,1,1,0,1,1,0,0,-1,0.4099999999999999,0.2956686906215748,False,False
F13_013_14,F13,13,14,0.409,0.409,3,3,9,1,0,1,0,0,0,-1,0.4089999999999999,0.3007733023687957,False,False
F13_013_15,F13,13,15,0.406,0.406,3,3,6,1,0,1,0,0,0,-1,0.406,0.3041019328085475,False,False
F13_013_16,F13,13,16,0.422,0.422,3,3,2,1,0,1,0,0,0,-1,0.4219999999999999,0.3120538115364355,False,False
F13_013_17,F13,13,17,0.426,0.426,3,3,6,1,0,1,0,0,0,-1,0.4259999999999999,0.3068934808588852,False,False
F13_013_18,F13,13,18,0.424,0.424,3,3,4,1,0,1,0,0,0,-1,0.4239999999999999,0.3021969822892843,False,False
F13_013_19,F13,13,19,0.422,0.422,3,3,2,1,0,1,0,0,0,-1,0.4219999999999999,0.3026257702714846,False,False
F13_013_20,F13,13,20,0.413,0.413,3,3,3,1,0,1,0,0,0,-1,0.4129999999999999,0.2995327440168744,False,False
F13_013_21,F13,13,21,0.409,0.409,3,3,9,1,0,1,0,0,0,-1,0.4089999999999999,0.2974179900486247,False,False
F13_013_22,F13,13,22,0.407,0.407,3,3,7,1,0,1,0,0,0,-1,0.4069999999999999,0.3108468481148961,False,False
F13_013_23,F13,13,23,0.404,0.404,3,3,4,1,0,1,0,0,0,-1,0.404,0.3134044976046812,False,False
F13_014_00,F13,14,0,0.32,0.32,2,2,2,1,0,1,1,0,0,-1,0.32,0.3390561409433814,False,False
F13_014_01,F13,14,1,0.318,0.318,3,3,8,1,0,1,0,0,0,-1,0.318,0.3447615754734954,False,False
F13_014_02,F13,14,2,0.317,0.317,3,3,7,1,0,1,0,0,0,-1,0.317,0.3398320752784257,False,False
F13_014_03,F13,14,3,0.316,0.316,3,3,6,1,0,1,0,0,0,-1,0.316,0.3369584275725184,False,False
F13_014_04,F13,14,4,0.314,0.314,3,3,4,1,0,1,0,0,0,-1,0.314,0.3380502574233787,False,False
F13_014_05,F13,14,5,0.313,0.313,3,3,3,1,0,1,0,0,0,-1,0.313,0.3385615739092401,False,False
F13_014_06,F13,14,6,0.316,0.316,3,3,6,1,0,1,0,0,0,-1,0.316,0.3390035090236784,False,False
F13_014_07,F13,14,7,0.319,0.319,3,3,9,1,0,1,0,0,0,-1,0.319,0.3318115968650318,False,False
F13_014_08,F13,14,8,0.32,0.32,2,2,2,1,0,1,1,0,0,-1,0.32,0.3317854979219035,False,False
F13_014_09,F13,14,9,0.32,0.32,2,2,2,1,0,1,1,0,0,-1,0.32,0.335755949552954,False,False
F13_014_10,F13,14,10,0.321,0.321,3,3,1,1,0,1,0,0,0,-1,0.321,0.33144225825346,False,False
F13_014_11,F13,14,11,0.323,0.323,3,3,3,1,0,1,0,0,0,-1,0.323,0.3276922575250508,False,False
F13_014_12,F13,14,12,0.326,0.326,3,3,6,1,0,1,0,0,0,-1,0.326,0.3334737486632117,False,False
F13_014_13,F13,14,13,0.328,0.328,3,3,8,1,0,1,0,0,0,-1,0.328,0.3383250774090013,False,False
F13_014_14,F13,14,14,0.333,0.333,3,3,3,1,0,1,0,0,0,-1,0.333,0.347478859251489,False,False
F13_014_15,F13,14,15,0.335,0.335,3,3,5,1,1,1,0,0,0,-1,0.335,0.3416893269071473,False,False
F13_014_16,F13,14,16,0.336,0.336,3,3,6,1,0,1,0,0,0,-1,0.336,0.341797071223168,False,False
F13_014_17,F13,14,17,0.335,0.335,3,3,5,1,1,1,0,0,0,-1,0.335,0.3381759946270724,False,False
F13_014_18,F13,14,18,0.334,0.334,3,3,4,1,0,1,0,0,0,-1,0.334,0.3388200816510436,False,False
F13_014_19,F13,14,19,0.332,0.332,3,3,2,1,0,1,0,0,0,-1,0.332,0.3452000759008848,False,False
F13_014_20,F13,14,20,0.328,0.328,3,3,8,1,0,1,0,0,0,-1,0.328,0.3428114559649654,False,False
F13_014_21,F13,14,21,0.324,0.324,3,3,4,1,0,1,0,0,0,-1,0.324,0.3406453928824425,False,False
F13_014_22,F13,14,22,0.321,0.321,3,3,1,1,0,1,0,0,0,-1,0.321,0.341585506328064,False,False
F13_014_23,F13,14,23,0.319,0.319,3,3,9,1,0,1,0,0,0,-1,0.319,0.3334617178426545,False,False
F13_016_00,F13,16,0,0.316,0.316,3,3,6,1,0,1,0,0,0,-1,0.316,0.317341846960067,False,False
F13_016_01,F13,16,1,0.314,0.314,3,3,4,1,0,1,0,0,0,-1,0.314,0.3238821666489624,False,False
F13_016_02,F13,16,2,0.311,0.311,3,3,1,1,0,1,0,0,0,-1,0.311,0.3138536082880353,False,False
F13_016_03,F13,16,3,0.308,0.308,3,3,8,1,0,1,0,0,0,-1,0.308,0.3180788666386177,False,False
F13_016_04,F13,16,4,0.305,0.305,3,3,5,1,1,1,0,0,0,-1,0.3049999999999999,0.3197437108387024,False,False
F13_016_05,F13,16,5,0.303,0.303,3,3,3,1,0,1,0,0,0,-1,0.3029999999999999,0.3188930259692289,False,False
F13_016_06,F13,16,6,0.306,0.306,3,3,6,1,0,1,0,0,0,-1,0.3059999999999999,0.3159638596558161,False,False
F13_016_07,F13,16,7,0.31,0.31,2,2,1,1,0,1,1,0,0,-1,0.31,0.3078962860137151,False,False
F13_016_08,F13,16,8,0.313,0.313,3,3,3,1,0,1,0,0,0,-1,0.313,0.3153399632947365,False,False
F13_016_09,F13,16,9,0.315,0.315,3,3,5,1,1,1,0,0,0,-1,0.315,0.3235333527328684,False,False
F13_016_10,F13,16,10,0.318,0.318,3,3,8,1,0,1,0,0,0,-1,0.318,0.3245829602104116,False,False
F13_016_11,F13,16,11,0.325,0.325,3,3,5,1,1,1,0,0,0,-1,0.325,0.3256640314476972,False,False
F13_016_12,F13,16,12,0.33,0.33,2,2,3,1,0,1,1,0,0,-1,0.33,0.3259460654336494,False,False
F13_016_13,F13,16,13,0.334,0.334,3,3,4,1,0,1,0,0,0,-1,0.334,0.3303546462298627,False,False
F13_016_14,F13,16,14,0.339,0.339,3,3,9,1,0,1,0,0,0,-1,0.339,0.334120233122975,False,False
F13_016_15,F13,16,15,0.341,0.341,3,3,1,1,0,1,0,0,0,-1,0.341,0.3293671556793479,False,False
F13_016_16,F13,16,16,0.341,0.341,3,3,1,1,0,1,0,0,0,-1,0.341,0.3330017798984069,False,False
F13_016_17,F13,16,17,0.34,0.34,2,2,4,1,0,1,1,0,0,-1,0.34,0.3331196255902803,False,False
F13_016_18,F13,16,18,0.339,0.339,3,3,9,1,0,1,0,0,0,-1,0.339,0.332356135973881,False,False
F13_016_19,F13,16,19,0.336,0.336,3,3,6,1,0,1,0,0,0,-1,0.336,0.3391091708916879,False,False
F13_016_20,F13,16,20,0.332,0.332,3,3,2,1,0,1,0,0,0,-1,0.332,0.3339467492866043,False,False
F13_016_21,F13,16,21,0.327,0.327,3,3,7,1,0,1,0,0,0,-1,0.327,0.3303105086711579,False,False
F13_016_22,F13,16,22,0.324,0.324,3,3,4,1,0,1,0,0,0,-1,0.324,0.3302077886634846,False,False
F13_016_23,F13,16,23,0.322,0.322,3,3,2,1,0,1,0,0,0,-1,0.322,0.3244686781729305,False,False
F13_017_00,F13,17,0,0.402,0.402,3,3,2,1,0,1,0,0,0,-1,0.402,0.3403386701170107,False,False
F13_017_01,F13,17,1,0.397,0.397,3,3,7,1,0,1,0,0,0,-1,0.397,0.3384975972840233,False,False
F13_017_02,F13,17,2,0.394,0.394,3,3,4,1,0,1,0,0,0,-1,0.394,0.335936146820951,False,False
F13_017_03,F13,17,3,0.39,0.39,2,2,9,1,0,1,1,0,0,-1,0.39,0.3341855420933886,False,False
F13_017_04,F13,17,4,0.387,0.387,3,3,7,1,0,1,0,0,0,-1,0.387,0.3337422909738875,False,False
F13_017_05,F13,17,5,0.385,0.385,3,3,5,1,1,1,0,0,0,-1,0.385,0.3319188757219571,False,False
F13_017_06,F13,17,6,0.383,0.383,3,3,3,1,0,1,0,0,0,-1,0.383,0.3291050470152731,False,False
F13_017_07,F13,17,7,0.382,0.382,3,3,2,1,0,1,0,0,0,-1,0.382,0.329585285598857,False,False
F13_017_08,F13,17,8,0.378,0.378,3,3,8,1,0,1,0,0,0,-1,0.378,0.3258525992039059,False,False
F13_017_09,F13,17,9,0.398,0.398,3,3,8,1,0,1,0,0,0,-1,0.398,0.3254433556280704,False,False
F13_017_10,F13,17,10,0.396,0.396,3,3,6,1,0,1,0,0,0,-1,0.396,0.3360655017728454,False,False
F13_017_11,F13,17,11,0.392,0.392,3,3,2,1,0,1,0,0,0,-1,0.392,0.3440936770620995,False,False
F13_017_12,F13,17,12,0.405,0.405,3,3,5,1,1,1,0,0,0,-1,0.405,0.347265584422968,False,False
F13_017_13,F13,17,13,0.402,0.402,3,3,2,1,0,1,0,0,0,-1,0.402,0.3482584340622602,False,False
F13_017_14,F13,17,14,0.397,0.397,3,3,7,1,0,1,0,0,0,-1,0.397,0.3490648004958985,False,False
F13_017_15,F13,17,15,0.393,0.393,3,3,3,1,0,1,0,0,0,-1,0.393,0.350406771201991,False,False
F13_017_16,F13,17,16,0.412,0.412,3,3,2,1,0,1,0,0,0,-1,0.4119999999999999,0.3479095610635165,False,False
F13_017_17,F13,17,17,0.412,0.412,3,3,2,1,0,1,0,0,0,-1,0.4119999999999999,0.3518251520746423,False,False
F13_017_18,F13,17,18,0.411,0.411,3,3,1,1,0,1,0,0,0,-1,0.4109999999999999,0.3553515586099992,False,False
F13_017_19,F13,17,19,0.409,0.409,3,3,9,1,0,1,0,0,0,-1,0.4089999999999999,0.3551797153356062,False,False
F13_017_20,F13,17,20,0.406,0.406,3,3,6,1,0,1,0,0,0,-1,0.406,0.3480630505688467,False,False
F13_017_21,F13,17,21,0.402,0.402,3,3,2,1,0,1,0,0,0,-1,0.402,0.3417684789469975,False,False
F13_017_22,F13,17,22,0.397,0.397,3,3,7,1,0,1,0,0,0,-1,0.397,0.3409642164720105,False,False
F13_017_23,F13,17,23,0.394,0.394,3,3,4,1,0,1,0,0,0,-1,0.394,0.3410800940566541,False,False
F13_018_00,F13,18,0,0.32,0.32,2,2,2,1,0,1,1,0,0,-1,0.32,0.2952455967745137,False,False
F13_018_01,F13,18,1,0.318,0.318,3,3,8,1,0,1,0,0,0,-1,0.318,0.2862573795808874,False,False
F13_018_02,F13,18,2,0.316,0.316,3,3,6,1,0,1,0,0,0,-1,0.316,0.2681301995796174,False,False
F13_018_03,F13,18,3,0.313,0.313,3,3,3,1,0,1,0,0,0,-1,0.313,0.2625524917025838,False,False
F13_018_04,F13,18,4,0.311,0.311,3,3,1,1,0,1,0,0,0,-1,0.311,0.2626370799583994,False,False
F13_018_05,F13,18,5,0.309,0.309,3,3,9,1,0,1,0,0,0,-1,0.309,0.2614204558214446,False,False
F13_018_06,F13,18,6,0.313,0.313,3,3,3,1,0,1,0,0,0,-1,0.313,0.2650555242846106,False,False
F13_018_07,F13,18,7,0.318,0.318,3,3,8,1,0,1,0,0,0,-1,0.318,0.258783890451407,False,False
F13_018_08,F13,18,8,0.32,0.32,2,2,2,1,0,1,1,0,0,-1,0.32,0.2587735565568913,False,False
F13_018_09,F13,18,9,0.322,0.322,3,3,2,1,0,1,0,0,0,-1,0.322,0.261699786498539,False,False
F13_018_10,F13,18,10,0.325,0.325,3,3,5,1,1,1,0,0,0,-1,0.325,0.2604494236610295,False,False
F13_018_11,F13,18,11,0.333,0.333,3,3,3,1,0,1,0,0,0,-1,0.333,0.2630027758083218,False,False
F13_018_12,F13,18,12,0.337,0.337,3,3,7,1,0,1,0,0,0,-1,0.337,0.2659811830393276,False,False
F13_018_13,F13,18,13,0.342,0.342,3,3,2,1,0,1,0,0,0,-1,0.342,0.2626079776741624,False,False
F13_018_14,F13,18,14,0.347,0.347,3,3,7,1,0,1,0,0,0,-1,0.3469999999999999,0.2719910252613548,False,False
F13_018_15,F13,18,15,0.348,0.348,3,3,8,1,0,1,0,0,0,-1,0.3479999999999999,0.259249093941804,False,False
F13_018_16,F13,18,16,0.349,0.349,3,3,9,1,0,1,0,0,0,-1,0.3489999999999999,0.2650171737699136,False,False
F13_018_17,F13,18,17,0.35,0.35,2,2,5,1,1,1,1,0,0,-1,0.3499999999999999,0.2652590287293056,False,False
F13_018_18,F13,18,18,0.348,0.348,3,3,8,1,0,1,0,0,0,-1,0.3479999999999999,0.2655126157697758,False,False
F13_018_19,F13,18,19,0.346,0.346,3,3,6,1,0,1,0,0,0,-1,0.3459999999999999,0.2687559376928433,False,False
F13_018_20,F13,18,20,0.342,0.342,3,3,2,1,0,1,0,0,0,-1,0.342,0.2691889074861172,False,False
F13_018_21,F13,18,21,0.338,0.338,3,3,8,1,0,1,0,0,0,-1,0.338,0.2665250252005045,False,False
F13_018_22,F13,18,22,0.335,0.335,3,3,5,1,1,1,0,0,0,-1,0.335,0.2662592206017488,False,False
F13_018_23,F13,18,23,0.333,0.333,3,3,3,1,0,1,0,0,0,-1,0.333,0.2670258670546416,False,False
F13_019_00,F13,19,0,0.39,0.39,2,2,9,1,0,1,1,0,0,-1,0.39,0.3195958943321,False,False
F13_019_01,F13,19,1,0.387,0.387,3,3,7,1,0,1,0,0,0,-1,0.387,0.3135645638849576,False,False
F13_019_02,F13,19,2,0.385,0.385,3,3,5,1,1,1,0,0,0,-1,0.385,0.3085807567202893,False,False
F13_019_03,F13,19,3,0.381,0.381,3,3,1,1,0,1,0,0,0,-1,0.381,0.3073897247121139,False,False
F13_019_04,F13,19,4,0.378,0.378,3,3,8,1,0,1,0,0,0,-1,0.378,0.3070707305823172,False,False
F13_019_05,F13,19,5,0.376,0.376,3,3,6,1,0,1,0,0,0,-1,0.376,0.2982214799323442,False,False
F13_019_06,F13,19,6,0.373,0.373,3,3,3,1,0,1,0,0,0,-1,0.373,0.2960201645801929,False,False
F13_019_07,F13,19,7,0.37,0.37,2,2,7,1,0,1,1,0,0,-1,0.37,0.294372133928934,False,False
F13_019_08,F13,19,8,0.366,0.366,3,3,6,1,0,1,0,0,0,-1,0.3659999999999999,0.2930677305123199,False,False
F13_019_09,F13,19,9,0.383,0.383,3,3,3,1,0,1,0,0,0,-1,0.383,0.2954079906145538,False,False
F13_019_10,F13,19,10,0.38,0.38,2,2,8,1,0,1,1,0,0,-1,0.38,0.297442012252275,False,False
F13_019_11,F13,19,11,0.374,0.374,3,3,4,1,0,1,0,0,0,-1,0.374,0.2983536122782459,False,False
F13_019_12,F13,19,12,0.39,0.39,2,2,9,1,0,1,1,0,0,-1,0.39,0.2956009009805336,False,False
F13_019_13,F13,19,13,0.387,0.387,3,3,7,1,0,1,0,0,0,-1,0.387,0.2947166601959168,False,False
F13_019_14,F13,19,14,0.382,0.382,3,3,2,1,0,1,0,0,0,-1,0.382,0.2997858218814062,False,False
F13_019_15,F13,19,15,0.386,0.386,3,3,6,1,0,1,0,0,0,-1,0.386,0.3088165123172764,False,False
F13_019_16,F13,19,16,0.397,0.397,3,3,7,1,0,1,0,0,0,-1,0.397,0.3157742873399234,False,False
F13_019_17,F13,19,17,0.395,0.395,3,3,5,1,1,1,0,0,0,-1,0.395,0.3088103670583088,False,False
F13_019_18,F13,19,18,0.394,0.394,3,3,4,1,0,1,0,0,0,-1,0.394,0.3108815908648354,False,False
F13_019_19,F13,19,19,0.392,0.392,3,3,2,1,0,1,0,0,0,-1,0.392,0.3132563798290672,False,False
F13_019_20,F13,19,20,0.389,0.389,3,3,9,1,0,1,0,0,0,-1,0.389,0.3115231753905515,False,False
F13_019_21,F13,19,21,0.386,0.386,3,3,6,1,0,1,0,0,0,-1,0.386,0.309479418521725,False,False
F13_019_22,F13,19,22,0.382,0.382,3,3,2,1,0,1,0,0,0,-1,0.382,0.3123901127437328,False,False
F13_019_23,F13,19,23,0.378,0.378,3,3,8,1,0,1,0,0,0,-1,0.378,0.3120913025846861,False,False
F13_020_00,F13,20,0,0.33,0.33,2,2,3,1,0,1,1,0,0,-1,0.33,0.3143785170127158,False,False
F13_020_01,F13,20,1,0.328,0.328,3,3,8,1,0,1,0,0,0,-1,0.328,0.3150740560210463,False,False
F13_020_02,F13,20,2,0.326,0.326,3,3,6,1,0,1,0,0,0,-1,0.326,0.3111388222736667,False,False
F13_020_03,F13,20,3,0.324,0.324,3,3,4,1,0,1,0,0,0,-1,0.324,0.2939000331612697,False,False
F13_020_04,F13,20,4,0.322,0.322,3,3,2,1,0,1,0,0,0,-1,0.322,0.2879734835367313,False,False
F13_020_05,F13,20,5,0.32,0.32,2,2,2,1,0,1,1,0,0,-1,0.32,0.2864682189720873,False,False
F13_020_06,F13,20,6,0.321,0.321,3,3,1,1,0,1,0,0,0,-1,0.321,0.2866201458114615,False,False
F13_020_07,F13,20,7,0.326,0.326,3,3,6,1,0,1,0,0,0,-1,0.326,0.2747637036766974,False,False
F13_020_08,F13,20,8,0.329,0.329,3,3,9,1,0,1,0,0,0,-1,0.329,0.2780199468877767,False,False
F13_020_09,F13,20,9,0.331,0.331,3,3,1,1,0,1,0,0,0,-1,0.331,0.2822540991996197,False,False
F13_020_10,F13,20,10,0.336,0.336,3,3,6,1,0,1,0,0,0,-1,0.336,0.2834766599709277,False,False
F13_020_11,F13,20,11,0.344,0.344,3,3,4,1,0,1,0,0,0,-1,0.3439999999999999,0.2840124142832457,False,False
F13_020_12,F13,20,12,0.35,0.35,2,2,5,1,1,1,1,0,0,-1,0.3499999999999999,0.2846609485657542,False,False
F13_020_13,F13,20,13,0.355,0.355,3,3,5,1,1,1,0,0,0,-1,0.3549999999999999,0.279781039560657,False,False
F13_020_14,F13,20,14,0.362,0.362,3,3,2,1,0,1,0,0,0,-1,0.3619999999999999,0.2891216004288514,False,False
F13_020_15,F13,20,15,0.363,0.363,3,3,3,1,0,1,0,0,0,-1,0.3629999999999999,0.2893156471961466,False,False
F13_020_16,F13,20,16,0.363,0.363,3,3,3,1,0,1,0,0,0,-1,0.3629999999999999,0.2894324813725796,False,False
F13_020_17,F13,20,17,0.362,0.362,3,3,2,1,0,1,0,0,0,-1,0.3619999999999999,0.2860363150769023,False,False
F13_020_18,F13,20,18,0.361,0.361,3,3,1,1,0,1,0,0,0,-1,0.3609999999999999,0.2870789812352635,False,False
F13_020_19,F13,20,19,0.358,0.358,3,3,8,1,0,1,0,0,0,-1,0.3579999999999999,0.289241312627094,False,False
F13_020_20,F13,20,20,0.354,0.354,3,3,4,1,0,1,0,0,0,-1,0.3539999999999999,0.289694402394905,False,False
F13_020_21,F13,20,21,0.35,0.35,2,2,5,1,1,1,1,0,0,-1,0.3499999999999999,0.2859586127827329,False,False
F13_020_22,F13,20,22,0.347,0.347,3,3,7,1,0,1,0,0,0,-1,0.3469999999999999,0.2860495579202485,False,False
F13_020_23,F13,20,23,0.345,0.345,3,3,5,1,1,1,0,0,0,-1,0.3449999999999999,0.2845297630646137,False,False
F13_021_00,F13,21,0,0.375,0.375,3,3,5,1,1,1,0,0,0,-1,0.375,0.3072132632184145,False,False
F13_021_01,F13,21,1,0.371,0.371,3,3,1,1,0,1,0,0,0,-1,0.371,0.3034156969125286,False,False
F13_021_02,F13,21,2,0.368,0.368,3,3,8,1,0,1,0,0,0,-1,0.3679999999999999,0.2976602170328275,False,False
F13_021_03,F13,21,3,0.364,0.364,3,3,4,1,0,1,0,0,0,-1,0.3639999999999999,0.2929796718278215,False,False
F13_021_04,F13,21,4,0.361,0.361,3,3,1,1,0,1,0,0,0,-1,0.3609999999999999,0.2916369610270948,False,False
F13_021_05,F13,21,5,0.356,0.356,3,3,6,1,0,1,0,0,0,-1,0.3559999999999999,0.2884842405815936,False,False
F13_021_06,F13,21,6,0.354,0.354,3,3,4,1,0,1,0,0,0,-1,0.3539999999999999,0.2865202605557838,False,False
F13_021_07,F13,21,7,0.351,0.351,3,3,1,1,0,1,0,0,0,-1,0.3509999999999999,0.2839536392399768,False,False
F13_021_08,F13,21,8,0.351,0.351,3,3,1,1,0,1,0,0,0,-1,0.3509999999999999,0.2827004370265701,False,False
F13_021_09,F13,21,9,0.365,0.365,3,3,5,1,1,1,0,0,0,-1,0.3649999999999999,0.2870916086766817,False,False
F13_021_10,F13,21,10,0.363,0.363,3,3,3,1,0,1,0,0,0,-1,0.3629999999999999,0.2876801408655481,False,False
F13_021_11,F13,21,11,0.359,0.359,3,3,9,1,0,1,0,0,0,-1,0.3589999999999999,0.2943079419571408,False,False
F13_021_12,F13,21,12,0.37,0.37,2,2,7,1,0,1,1,0,0,-1,0.37,0.2936825907342233,False,False
F13_021_13,F13,21,13,0.367,0.367,3,3,7,1,0,1,0,0,0,-1,0.3669999999999999,0.294246076852116,False,False
F13_021_14,F13,21,14,0.362,0.362,3,3,2,1,0,1,0,0,0,-1,0.3619999999999999,0.297420346097193,False,False
F13_021_15,F13,21,15,0.356,0.356,3,3,6,1,0,1,0,0,0,-1,0.3559999999999999,0.2966736903490135,False,False
F13_021_16,F13,21,16,0.37,0.37,2,2,7,1,0,1,1,0,0,-1,0.37,0.3098957663629425,False,False
F13_021_17,F13,21,17,0.37,0.37,2,2,7,1,0,1,1,0,0,-1,0.37,0.3075121541946696,False,False
F13_021_18,F13,21,18,0.369,0.369,3,3,9,1,0,1,0,0,0,-1,0.3689999999999999,0.3111934330237607,False,False
F13_021_19,F13,21,19,0.367,0.367,3,3,7,1,0,1,0,0,0,-1,0.3669999999999999,0.3155209187021378,False,False
F13_021_20,F13,21,20,0.364,0.364,3,3,4,1,0,1,0,0,0,-1,0.3639999999999999,0.3140000896288657,False,False
F13_021_21,F13,21,21,0.359,0.359,3,3,9,1,0,1,0,0,0,-1,0.3589999999999999,0.3161504755201645,False,False
F13_021_22,F13,21,22,0.356,0.356,3,3,6,1,0,1,0,0,0,-1,0.3559999999999999,0.3192741109086983,False,False
F13_021_23,F13,21,23,0.354,0.354,3,3,4,1,0,1,0,0,0,-1,0.3539999999999999,0.3195393911593979,False,False
F13_022_00,F13,22,0,0.343,0.343,3,3,3,1,0,1,0,0,0,-1,0.343,0.3035705931632206,False,False
F13_022_01,F13,22,1,0.341,0.341,3,3,1,1,0,1,0,0,0,-1,0.341,0.3054866008066315,False,False
F13_022_02,F13,22,2,0.34,0.34,2,2,4,1,0,1,1,0,0,-1,0.34,0.3036431204241427,False,False
F13_022_03,F13,22,3,0.339,0.339,3,3,9,1,0,1,0,0,0,-1,0.339,0.3004421320723158,False,False
F13_022_04,F13,22,4,0.338,0.338,3,3,8,1,0,1,0,0,0,-1,0.338,0.2962530637605307,False,False
F13_022_05,F13,22,5,0.337,0.337,3,3,7,1,0,1,0,0,0,-1,0.337,0.2957195940792189,False,False
F13_022_06,F13,22,6,0.34,0.34,2,2,4,1,0,1,1,0,0,-1,0.34,0.297887529337998,False,False
F13_022_07,F13,22,7,0.348,0.348,3,3,8,1,0,1,0,0,0,-1,0.3479999999999999,0.2972010045437052,False,False
F13_022_08,F13,22,8,0.35,0.35,2,2,5,1,1,1,1,0,0,-1,0.3499999999999999,0.2826159522183509,False,False
F13_022_09,F13,22,9,0.351,0.351,3,3,1,1,0,1,0,0,0,-1,0.3509999999999999,0.2841298750100212,False,False
F13_022_10,F13,22,10,0.353,0.353,3,3,3,1,0,1,0,0,0,-1,0.3529999999999999,0.2824574642751676,False,False
F13_022_11,F13,22,11,0.357,0.357,3,3,7,1,0,1,0,0,0,-1,0.3569999999999999,0.2876432332492636,False,False
F13_022_12,F13,22,12,0.36,0.36,2,2,6,1,0,1,1,0,0,-1,0.3599999999999999,0.284135022821428,False,False
F13_022_13,F13,22,13,0.364,0.364,3,3,4,1,0,1,0,0,0,-1,0.3639999999999999,0.2838395408648967,False,False
F13_022_14,F13,22,14,0.369,0.369,3,3,9,1,0,1,0,0,0,-1,0.3689999999999999,0.2852706978842097,False,False
F13_022_15,F13,22,15,0.371,0.371,3,3,1,1,0,1,0,0,0,-1,0.371,0.2804452507477426,False,False
F13_022_16,F13,22,16,0.37,0.37,2,2,7,1,0,1,1,0,0,-1,0.37,0.2903501172996791,False,False
F13_022_17,F13,22,17,0.369,0.369,3,3,9,1,0,1,0,0,0,-1,0.3689999999999999,0.2899244169012665,False,False
F13_022_18,F13,22,18,0.367,0.367,3,3,7,1,0,1,0,0,0,-1,0.3669999999999999,0.2887129421338772,False,False
F13_022_19,F13,22,19,0.365,0.365,3,3,5,1,1,1,0,0,0,-1,0.3649999999999999,0.2865456717189418,False,False
F13_022_20,F13,22,20,0.362,0.362,3,3,2,1,0,1,0,0,0,-1,0.3619999999999999,0.2831733202094,False,False
F13_022_21,F13,22,21,0.358,0.358,3,3,8,1,0,1,0,0,0,-1,0.3579999999999999,0.281494180069872,False,False
F13_022_22,F13,22,22,0.356,0.356,3,3,6,1,0,1,0,0,0,-1,0.3559999999999999,0.2800423190326386,False,False
F13_022_23,F13,22,23,0.353,0.353,3,3,3,1,0,1,0,0,0,-1,0.3529999999999999,0.2789923585482158,False,False
F13_025_00,F13,25,0,0.339,0.339,3,3,9,1,0,1,0,0,0,-1,0.339,0.3565594929186128,False,False
F13_025_01,F13,25,1,0.336,0.336,3,3,6,1,0,1,0,0,0,-1,0.336,0.3527217927590216,False,False
F13_025_02,F13,25,2,0.333,0.333,3,3,3,1,0,1,0,0,0,-1,0.333,0.3512923746350773,False,False
F13_025_03,F13,25,3,0.331,0.331,3,3,1,1,0,1,0,0,0,-1,0.331,0.3465063711529052,False,False
F13_025_04,F13,25,4,0.328,0.328,3,3,8,1,0,1,0,0,0,-1,0.328,0.3447431293692909,False,False
F13_025_05,F13,25,5,0.327,0.327,3,3,7,1,0,1,0,0,0,-1,0.327,0.3431617677976637,False,False
F13_025_06,F13,25,6,0.328,0.328,3,3,8,1,0,1,0,0,0,-1,0.328,0.3419514984766207,False,False
F13_025_07,F13,25,7,0.328,0.328,3,3,8,1,0,1,0,0,0,-1,0.328,0.3434119052634159,False,False
F13_025_08,F13,25,8,0.327,0.327,3,3,7,1,0,1,0,0,0,-1,0.327,0.3387554337291218,False,False
F13_025_09,F13,25,9,0.337,0.337,3,3,7,1,0,1,0,0,0,-1,0.337,0.3419681134123499,False,False
F13_025_10,F13,25,10,0.338,0.338,3,3,8,1,0,1,0,0,0,-1,0.338,0.3443954968366546,False,False
F13_025_11,F13,25,11,0.335,0.335,3,3,5,1,1,1,0,0,0,-1,0.335,0.3450333614416634,False,False
F13_025_12,F13,25,12,0.342,0.342,3,3,2,1,0,1,0,0,0,-1,0.342,0.344262413732822,False,False
F13_025_13,F13,25,13,0.342,0.342,3,3,2,1,0,1,0,0,0,-1,0.342,0.3434367645409548,False,False
F13_025_14,F13,25,14,0.342,0.342,3,3,2,1,0,1,0,0,0,-1,0.342,0.3484538697661392,False,False
F13_025_15,F13,25,15,0.342,0.342,3,3,2,1,0,1,0,0,0,-1,0.342,0.3495604638332978,False,False
F13_025_16,F13,25,16,0.346,0.346,3,3,6,1,0,1,0,0,0,-1,0.3459999999999999,0.3470506000409187,False,False
F13_025_17,F13,25,17,0.346,0.346,3,3,6,1,0,1,0,0,0,-1,0.3459999999999999,0.3438434805310205,False,False
F13_025_18,F13,25,18,0.346,0.346,3,3,6,1,0,1,0,0,0,-1,0.3459999999999999,0.3311846519205781,False,False
F13_025_19,F13,25,19,0.342,0.342,3,3,2,1,0,1,0,0,0,-1,0.342,0.3442708791036502,False,False
F13_025_20,F13,25,20,0.337,0.337,3,3,7,1,0,1,0,0,0,-1,0.337,0.3389627124314385,False,False
F13_025_21,F13,25,21,0.335,0.335,3,3,5,1,1,1,0,0,0,-1,0.335,0.3440283601178876,False,False
F13_025_22,F13,25,22,0.334,0.334,3,3,4,1,0,1,0,0,0,-1,0.334,0.3400915285914615,False,False
F13_025_23,F13,25,23,0.334,0.334,3,3,4,1,0,1,0,0,0,-1,0.334,0.3336627466634681,False,False
F13_026_00,F13,26,0,0.335,0.335,3,3,5,1,1,1,0,0,0,-1,0.335,0.3008129890527782,False,False
F13_026_01,F13,26,1,0.334,0.334,3,3,4,1,0,1,0,0,0,-1,0.334,0.297426151545656,False,False
F13_026_02,F13,26,2,0.332,0.332,3,3,2,1,0,1,0,0,0,-1,0.332,0.2961920022480281,False,False
F13_026_03,F13,26,3,0.332,0.332,3,3,2,1,0,1,0,0,0,-1,0.332,0.2945117290059987,False,False
F13_026_04,F13,26,4,0.331,0.331,3,3,1,1,0,1,0,0,0,-1,0.331,0.2928255185654071,False,False
F13_026_05,F13,26,5,0.331,0.331,3,3,1,1,0,1,0,0,0,-1,0.331,0.2909759017207653,False,False
F13_026_06,F13,26,6,0.33,0.33,2,2,3,1,0,1,1,0,0,-1,0.33,0.2932046718052861,False,False
F13_026_07,F13,26,7,0.33,0.33,2,2,3,1,0,1,1,0,0,-1,0.33,0.288806860716346,False,False
F13_026_08,F13,26,8,0.328,0.328,3,3,8,1,0,1,0,0,0,-1,0.328,0.2967917661415989,False,False
F13_026_09,F13,26,9,0.337,0.337,3,3,7,1,0,1,0,0,0,-1,0.337,0.2961450173151132,False,False
F13_026_10,F13,26,10,0.334,0.334,3,3,4,1,0,1,0,0,0,-1,0.334,0.3002056138412254,False,False
F13_026_11,F13,26,11,0.33,0.33,2,2,3,1,0,1,1,0,0,-1,0.33,0.2833139280954573,False,False
F13_026_12,F13,26,12,0.338,0.338,3,3,8,1,0,1,0,0,0,-1,0.338,0.2863908349691457,False,False
F13_026_13,F13,26,13,0.333,0.333,3,3,3,1,0,1,0,0,0,-1,0.333,0.2925725111578855,False,False
F13_026_14,F13,26,14,0.33,0.33,2,2,3,1,0,1,1,0,0,-1,0.33,0.2872213761061861,False,False
F13_026_15,F13,26,15,0.323,0.323,3,3,3,1,0,1,0,0,0,-1,0.323,0.2914669186066216,False,False
F13_026_16,F13,26,16,0.34,0.34,2,2,4,1,0,1,1,0,0,-1,0.34,0.2874238958638083,False,False
F13_026_17,F13,26,17,0.339,0.339,3,3,9,1,0,1,0,0,0,-1,0.339,0.2900575974255684,False,False
F13_026_18,F13,26,18,0.337,0.337,3,3,7,1,0,1,0,0,0,-1,0.337,0.2918170692565343,False,False
F13_026_19,F13,26,19,0.335,0.335,3,3,5,1,1,1,0,0,0,-1,0.335,0.3015264568987641,False,False
F13_026_20,F13,26,20,0.332,0.332,3,3,2,1,0,1,0,0,0,-1,0.332,0.2974566257325651,False,False
F13_026_21,F13,26,21,0.33,0.33,2,2,3,1,0,1,1,0,0,-1,0.33,0.296935937009465,False,False
F13_026_22,F13,26,22,0.326,0.326,3,3,6,1,0,1,0,0,0,-1,0.326,0.2951501883755894,False,False
F13_026_23,F13,26,23,0.323,0.323,3,3,3,1,0,1,0,0,0,-1,0.323,0.2942042608541561,False,False
F13_027_00,F13,27,0,0.355,0.355,3,3,5,1,1,1,0,0,0,-1,0.3549999999999999,0.2532059462868696,False,False
F13_027_01,F13,27,1,0.352,0.352,3,3,2,1,0,1,0,0,0,-1,0.3519999999999999,0.2568996339052268,False,False
F13_027_02,F13,27,2,0.347,0.347,3,3,7,1,0,1,0,0,0,-1,0.3469999999999999,0.2547928829998895,False,False
F13_027_03,F13,27,3,0.345,0.345,3,3,5,1,1,1,0,0,0,-1,0.3449999999999999,0.2543818016213827,False,False
F13_027_04,F13,27,4,0.343,0.343,3,3,3,1,0,1,0,0,0,-1,0.343,0.2544646864494309,False,False
F13_027_05,F13,27,5,0.341,0.341,3,3,1,1,0,1,0,0,0,-1,0.341,0.2548837295353636,False,False
F13_027_06,F13,27,6,0.339,0.339,3,3,9,1,0,1,0,0,0,-1,0.339,0.2546168453894645,False,False
F13_027_07,F13,27,7,0.345,0.345,3,3,5,1,1,1,0,0,0,-1,0.3449999999999999,0.2526828775160304,False,False
F13_027_08,F13,27,8,0.344,0.344,3,3,4,1,0,1,0,0,0,-1,0.3439999999999999,0.2551665870525783,False,False
F13_027_09,F13,27,9,0.346,0.346,3,3,6,1,0,1,0,0,0,-1,0.3459999999999999,0.2583244745024924,False,False
F13_027_10,F13,27,10,0.35,0.35,2,2,5,1,1,1,1,0,0,-1,0.3499999999999999,0.2586972108985979,False,False
F13_027_11,F13,27,11,0.356,0.356,3,3,6,1,0,1,0,0,0,-1,0.3559999999999999,0.2599700993426874,False,False
F13_027_12,F13,27,12,0.361,0.361,3,3,1,1,0,1,0,0,0,-1,0.3609999999999999,0.2636600031851701,False,False
F13_027_13,F13,27,13,0.369,0.369,3,3,9,1,0,1,0,0,0,-1,0.3689999999999999,0.2659375356404584,False,False
F13_027_14,F13,27,14,0.372,0.372,3,3,2,1,0,1,0,0,0,-1,0.372,0.2674178984403035,False,False
F13_027_15,F13,27,15,0.374,0.374,3,3,4,1,0,1,0,0,0,-1,0.374,0.2682293102991096,False,False
F13_027_16,F13,27,16,0.372,0.372,3,3,2,1,0,1,0,0,0,-1,0.372,0.2703786579393781,False,False
F13_027_17,F13,27,17,0.373,0.373,3,3,3,1,0,1,0,0,0,-1,0.373,0.2703353869965076,False,False
F13_027_18,F13,27,18,0.374,0.374,3,3,4,1,0,1,0,0,0,-1,0.374,0.2690793647419699,False,False
F13_027_19,F13,27,19,0.371,0.371,3,3,1,1,0,1,0,0,0,-1,0.371,0.2671778215358813,False,False
F13_027_20,F13,27,20,0.369,0.369,3,3,9,1,0,1,0,0,0,-1,0.3689999999999999,0.2705367061604401,False,False
F13_027_21,F13,27,21,0.366,0.366,3,3,6,1,0,1,0,0,0,-1,0.3659999999999999,0.2691874346539838,False,False
F13_027_22,F13,27,22,0.364,0.364,3,3,4,1,0,1,0,0,0,-1,0.3639999999999999,0.2681708102672963,False,False
F13_027_23,F13,27,23,0.363,0.363,3,3,3,1,0,1,0,0,0,-1,0.3629999999999999,0.2681146940426247,False,False
F13_028_00,F13,28,0,0.362,0.362,3,3,2,1,0,1,0,0,0,-1,0.3619999999999999,0.2166049600617061,False,False
F13_028_01,F13,28,1,0.36,0.36,2,2,6,1,0,1,1,0,0,-1,0.3599999999999999,0.2555059965290109,False,False
F13_028_02,F13,28,2,0.358,0.358,3,3,8,1,0,1,0,0,0,-1,0.3579999999999999,0.2662262268571281,False,False
F13_028_03,F13,28,3,0.356,0.356,3,3,6,1,0,1,0,0,0,-1,0.3559999999999999,0.2708374201688761,False,False
F13_028_04,F13,28,4,0.354,0.354,3,3,4,1,0,1,0,0,0,-1,0.3539999999999999,0.2727613582770394,False,False
F13_028_05,F13,28,5,0.353,0.353,3,3,3,1,0,1,0,0,0,-1,0.3529999999999999,0.2741582505082514,False,False
F13_028_06,F13,28,6,0.351,0.351,3,3,1,1,0,1,0,0,0,-1,0.3509999999999999,0.2752679935738151,False,False
F13_028_07,F13,28,7,0.358,0.358,3,3,8,1,0,1,0,0,0,-1,0.3579999999999999,0.2779625485939259,False,False
F13_028_08,F13,28,8,0.359,0.359,3,3,9,1,0,1,0,0,0,-1,0.3589999999999999,0.2782104694214168,False,False
F13_028_09,F13,28,9,0.358,0.358,3,3,8,1,0,1,0,0,0,-1,0.3579999999999999,0.2774493880105194,False,False
F13_028_10,F13,28,10,0.362,0.362,3,3,2,1,0,1,0,0,0,-1,0.3619999999999999,0.2772434357029466,False,False
F13_028_11,F13,28,11,0.367,0.367,3,3,7,1,0,1,0,0,0,-1,0.3669999999999999,0.2788734251763455,False,False
F13_028_12,F13,28,12,0.369,0.369,3,3,9,1,0,1,0,0,0,-1,0.3689999999999999,0.282568554626143,False,False
F13_028_13,F13,28,13,0.372,0.372,3,3,2,1,0,1,0,0,0,-1,0.372,0.2761347172535511,False,False
F13_028_14,F13,28,14,0.376,0.376,3,3,6,1,0,1,0,0,0,-1,0.376,0.2718254585997733,False,False
F13_028_15,F13,28,15,0.378,0.378,3,3,8,1,0,1,0,0,0,-1,0.378,0.2681627804592485,False,False
F13_028_16,F13,28,16,0.379,0.379,3,3,9,1,0,1,0,0,0,-1,0.379,0.2699987506277205,False,False
F13_028_17,F13,28,17,0.381,0.381,3,3,1,1,0,1,0,0,0,-1,0.381,0.271695186360375,False,False
F13_028_18,F13,28,18,0.382,0.382,3,3,2,1,0,1,0,0,0,-1,0.382,0.2770959220630947,False,False
F13_028_19,F13,28,19,0.379,0.379,3,3,9,1,0,1,0,0,0,-1,0.379,0.2763447606275393,False,False
F13_028_20,F13,28,20,0.376,0.376,3,3,6,1,0,1,0,0,0,-1,0.376,0.2796413616341857,False,False
F13_028_21,F13,28,21,0.372,0.372,3,3,2,1,0,1,0,0,0,-1,0.372,0.2809546630775887,False,False
F13_028_22,F13,28,22,0.369,0.369,3,3,9,1,0,1,0,0,0,-1,0.3689999999999999,0.2774383743526487,False,False
F13_028_23,F13,28,23,0.368,0.368,3,3,8,1,0,1,0,0,0,-1,0.3679999999999999,0.279629743504792,False,False
F13_029_00,F13,29,0,0.31,0.31,2,2,1,1,0,1,1,0,0,-1,0.31,0.3028144865727459,False,False
F13_029_01,F13,29,1,0.304,0.304,3,3,4,1,0,1,0,0,0,-1,0.3039999999999999,0.3006974737062522,False,False
F13_029_02,F13,29,2,0.304,0.304,3,3,4,1,0,1,0,0,0,-1,0.3039999999999999,0.3009526135726562,False,False
F13_029_03,F13,29,3,0.302,0.302,3,3,2,1,0,1,0,0,0,-1,0.3019999999999999,0.3002531933158538,False,False
F13_029_04,F13,29,4,0.301,0.301,3,3,1,1,0,1,0,0,0,-1,0.3009999999999999,0.2989510282922913,False,False
F13_029_05,F13,29,5,0.299,0.299,3,3,9,1,0,1,0,0,0,-1,0.2989999999999999,0.2969494753159903,False,False
F13_029_06,F13,29,6,0.297,0.297,3,3,7,1,0,1,0,0,0,-1,0.2969999999999999,0.2823911498193399,False,False
F13_029_07,F13,29,7,0.297,0.297,3,3,7,1,0,1,0,0,0,-1,0.2969999999999999,0.2706296636019084,False,False
F13_029_08,F13,29,8,0.296,0.296,3,3,6,1,0,1,0,0,0,-1,0.2959999999999999,0.2538563362599278,False,False
F13_029_09,F13,29,9,0.312,0.312,3,3,2,1,0,1,0,0,0,-1,0.312,0.2528192671366145,False,False
F13_029_10,F13,29,10,0.309,0.309,3,3,9,1,0,1,0,0,0,-1,0.309,0.2578888336262786,False,False
F13_029_11,F13,29,11,0.304,0.304,3,3,4,1,0,1,0,0,0,-1,0.3039999999999999,0.2693051831874496,False,False
F13_029_12,F13,29,12,0.318,0.318,3,3,8,1,0,1,0,0,0,-1,0.318,0.2697359142229021,False,False
F13_029_13,F13,29,13,0.316,0.316,3,3,6,1,0,1,0,0,0,-1,0.316,0.2746287333971914,False,False
F13_029_14,F13,29,14,0.313,0.313,3,3,3,1,0,1,0,0,0,-1,0.313,0.2737773658912677,False,False
F13_029_15,F13,29,15,0.309,0.309,3,3,9,1,0,1,0,0,0,-1,0.309,0.2795882524145655,False,False
F13_029_16,F13,29,16,0.319,0.319,3,3,9,1,0,1,0,0,0,-1,0.319,0.2796731804980633,False,False
F13_029_17,F13,29,17,0.319,0.319,3,3,9,1,0,1,0,0,0,-1,0.319,0.2887234395005791,False,False
F13_029_18,F13,29,18,0.318,0.318,3,3,8,1,0,1,0,0,0,-1,0.318,0.2932329906145703,False,False
F13_029_19,F13,29,19,0.316,0.316,3,3,6,1,0,1,0,0,0,-1,0.316,0.299131196851657,False,False
F13_029_20,F13,29,20,0.313,0.313,3,3,3,1,0,1,0,0,0,-1,0.313,0.2912989402772342,False,False
F13_029_21,F13,29,21,0.31,0.31,2,2,1,1,0,1,1,0,0,-1,0.31,0.286744182664226,False,False
F13_029_22,F13,29,22,0.306,0.306,3,3,6,1,0,1,0,0,0,-1,0.3059999999999999,0.2833846895828553,False,False
F13_029_23,F13,29,23,0.299,0.299,3,3,9,1,0,1,0,0,0,-1,0.2989999999999999,0.2821957054190397,False,False
F13_030_00,F13,30,0,0.364,0.364,3,3,4,1,0,1,0,0,0,-1,0.3639999999999999,0.3611791605981509,False,False
F13_030_01,F13,30,1,0.361,0.361,3,3,1,1,0,1,0,0,0,-1,0.3609999999999999,0.354736761676268,False,False
F13_030_02,F13,30,2,0.358,0.358,3,3,8,1,0,1,0,0,0,-1,0.3579999999999999,0.3590648024886787,False,False
F13_030_03,F13,30,3,0.355,0.355,3,3,5,1,1,1,0,0,0,-1,0.3549999999999999,0.3497017051738553,False,False
F13_030_04,F13,30,4,0.353,0.353,3,3,3,1,0,1,0,0,0,-1,0.3529999999999999,0.3547155715928785,False,False
F13_030_05,F13,30,5,0.351,0.351,3,3,1,1,0,1,0,0,0,-1,0.3509999999999999,0.3558504941935827,False,False
F13_030_06,F13,30,6,0.362,0.362,3,3,2,1,0,1,0,0,0,-1,0.3619999999999999,0.3496046102023757,False,False
F13_030_07,F13,30,7,0.365,0.365,3,3,5,1,1,1,0,0,0,-1,0.3649999999999999,0.3487685255339457,False,False
F13_030_08,F13,30,8,0.364,0.364,3,3,4,1,0,1,0,0,0,-1,0.3639999999999999,0.3270754256795591,False,False
F13_030_09,F13,30,9,0.365,0.365,3,3,5,1,1,1,0,0,0,-1,0.3649999999999999,0.324744512453475,False,False
F13_030_10,F13,30,10,0.364,0.364,3,3,4,1,0,1,0,0,0,-1,0.3639999999999999,0.3220599119123681,False,False
F13_030_11,F13,30,11,0.364,0.364,3,3,4,1,0,1,0,0,0,-1,0.3639999999999999,0.3173570838802187,False,False
F13_030_12,F13,30,12,0.366,0.366,3,3,6,1,0,1,0,0,0,-1,0.3659999999999999,0.3236829393399383,False,False
F13_030_13,F13,30,13,0.367,0.367,3,3,7,1,0,1,0,0,0,-1,0.3669999999999999,0.316057044613248,False,False
F13_030_14,F13,30,14,0.367,0.367,3,3,7,1,0,1,0,0,0,-1,0.3669999999999999,0.3173742086424792,False,False
F13_030_15,F13,30,15,0.367,0.367,3,3,7,1,0,1,0,0,0,-1,0.3669999999999999,0.3217715405312559,False,False
F13_030_16,F13,30,16,0.366,0.366,3,3,6,1,0,1,0,0,0,-1,0.3659999999999999,0.3244592076653899,False,False
F13_030_17,F13,30,17,0.364,0.364,3,3,4,1,0,1,0,0,0,-1,0.3639999999999999,0.3211246078944238,False,False
F13_030_18,F13,30,18,0.361,0.361,3,3,1,1,0,1,0,0,0,-1,0.3609999999999999,0.3265710982992503,False,False
F13_030_19,F13,30,19,0.357,0.357,3,3,7,1,0,1,0,0,0,-1,0.3569999999999999,0.3232391712645458,False,False
F13_030_20,F13,30,20,0.352,0.352,3,3,2,1,0,1,0,0,0,-1,0.3519999999999999,0.3186850878785662,False,False
F13_030_21,F13,30,21,0.347,0.347,3,3,7,1,0,1,0,0,0,-1,0.3469999999999999,0.3220222715716295,False,False
F13_030_22,F13,30,22,0.341,0.341,3,3,1,1,0,1,0,0,0,-1,0.341,0.3172770501273153,False,False
F13_030_23,F13,30,23,0.336,0.336,3,3,6,1,0,1,0,0,0,-1,0.336,0.3192298676868471,False,False
F13_031_00,F13,31,0,0.307,0.307,3,3,7,1,0,1,0,0,0,-1,0.307,0.3046211971495862,False,False
F13_031_01,F13,31,1,0.307,0.307,3,3,7,1,0,1,0,0,0,-1,0.307,0.3010164309486452,False,False
F13_031_02,F13,31,2,0.307,0.307,3,3,7,1,0,1,0,0,0,-1,0.307,0.2983853629776993,False,False
F13_031_03,F13,31,3,0.307,0.307,3,3,7,1,0,1,0,0,0,-1,0.307,0.2965337651076747,False,False
F13_031_04,F13,31,4,0.307,0.307,3,3,7,1,0,1,0,0,0,-1,0.307,0.2961319844530893,False,False
F13_031_05,F13,31,5,0.308,0.308,3,3,8,1,0,1,0,0,0,-1,0.308,0.2969726321739166,False,False
F13_031_06,F13,31,6,0.307,0.307,3,3,7,1,0,1,0,0,0,-1,0.307,0.2980971832550389,False,False
F13_031_07,F13,31,7,0.313,0.313,3,3,3,1,0,1,0,0,0,-1,0.313,0.2958015999134656,False,False
F13_031_08,F13,31,8,0.323,0.323,3,3,3,1,0,1,0,0,0,-1,0.323,0.2976178892868351,False,False
F13_031_09,F13,31,9,0.323,0.323,3,3,3,1,0,1,0,0,0,-1,0.323,0.2896280090171738,False,False
F13_031_10,F13,31,10,0.323,0.323,3,3,3,1,0,1,0,0,0,-1,0.323,0.2871830291342384,False,False
F13_031_11,F13,31,11,0.323,0.323,3,3,3,1,0,1,0,0,0,-1,0.323,0.2896064731678228,False,False
F13_031_12,F13,31,12,0.324,0.324,3,3,4,1,0,1,0,0,0,-1,0.324,0.2871246648290761,False,False
F13_031_13,F13,31,13,0.325,0.325,3,3,5,1,1,1,0,0,0,-1,0.325,0.2877037561306627,False,False
F13_031_14,F13,31,14,0.326,0.326,3,3,6,1,0,1,0,0,0,-1,0.326,0.2888088148543038,False,False
F13_031_15,F13,31,15,0.327,0.327,3,3,7,1,0,1,0,0,0,-1,0.327,0.3012066009037551,False,False
F13_031_16,F13,31,16,0.327,0.327,3,3,7,1,0,1,0,0,0,-1,0.327,0.3064496802029677,False,False
F13_031_17,F13,31,17,0.328,0.328,3,3,8,1,0,1,0,0,0,-1,0.328,0.304827602106759,False,False
F13_031_18,F13,31,18,0.329,0.329,3,3,9,1,0,1,0,0,0,-1,0.329,0.3026186575064852,False,False
F13_031_19,F13,31,19,0.33,0.33,2,2,3,1,0,1,1,0,0,-1,0.33,0.3008660259250891,False,False
F13_031_20,F13,31,20,0.33,0.33,2,2,3,1,0,1,1,0,0,-1,0.33,0.3012305670950076,False,False
F13_031_21,F13,31,21,0.329,0.329,3,3,9,1,0,1,0,0,0,-1,0.329,0.3035922615936296,False,False
F13_031_22,F13,31,22,0.329,0.329,3,3,9,1,0,1,0,0,0,-1,0.329,0.3037825279264403,False,False
F13_031_23,F13,31,23,0.329,0.329,3,3,9,1,0,1,0,0,0,-1,0.329,0.3029492635980762,False,False
F13_032_00,F13,32,0,0.333,0.333,3,3,3,1,0,1,0,0,0,-1,0.333,0.2824702735085612,False,False
F13_032_01,F13,32,1,0.33,0.33,2,2,3,1,0,1,1,0,0,-1,0.33,0.2838746908371619,False,False
F13_032_02,F13,32,2,0.327,0.327,3,3,7,1,0,1,0,0,0,-1,0.327,0.2842181584187771,False,False
F13_032_03,F13,32,3,0.325,0.325,3,3,5,1,1,1,0,0,0,-1,0.325,0.2806534589991209,False,False
F13_032_04,F13,32,4,0.323,0.323,3,3,3,1,0,1,0,0,0,-1,0.323,0.2766147168869119,False,False
F13_032_05,F13,32,5,0.32,0.32,2,2,2,1,0,1,1,0,0,-1,0.32,0.274235356578697,False,False
F13_032_06,F13,32,6,0.327,0.327,3,3,7,1,0,1,0,0,0,-1,0.327,0.251313495547301,False,False
F13_032_07,F13,32,7,0.326,0.326,3,3,6,1,0,1,0,0,0,-1,0.326,0.248499491734319,False,False
F13_032_08,F13,32,8,0.324,0.324,3,3,4,1,0,1,0,0,0,-1,0.324,0.2472558066654281,False,False
F13_032_09,F13,32,9,0.324,0.324,3,3,4,1,0,1,0,0,0,-1,0.324,0.2449037458256328,False,False
F13_032_10,F13,32,10,0.327,0.327,3,3,7,1,0,1,0,0,0,-1,0.327,0.2521606699818791,False,False
F13_032_11,F13,32,11,0.332,0.332,3,3,2,1,0,1,0,0,0,-1,0.332,0.2576878210516877,False,False
F13_032_12,F13,32,12,0.339,0.339,3,3,9,1,0,1,0,0,0,-1,0.339,0.2619832439908628,False,False
F13_032_13,F13,32,13,0.344,0.344,3,3,4,1,0,1,0,0,0,-1,0.3439999999999999,0.2612639292796414,False,False
F13_032_14,F13,32,14,0.348,0.348,3,3,8,1,0,1,0,0,0,-1,0.3479999999999999,0.2598433212246646,False,False
F13_032_15,F13,32,15,0.347,0.347,3,3,7,1,0,1,0,0,0,-1,0.3469999999999999,0.2566541850508475,False,False
F13_032_16,F13,32,16,0.345,0.345,3,3,5,1,1,1,0,0,0,-1,0.3449999999999999,0.2639431786637993,False,False
F13_032_17,F13,32,17,0.342,0.342,3,3,2,1,0,1,0,0,0,-1,0.342,0.2614789305842317,False,False
F13_032_18,F13,32,18,0.337,0.337,3,3,7,1,0,1,0,0,0,-1,0.337,0.2687156450231742,False,False
F13_032_19,F13,32,19,0.331,0.331,3,3,1,1,0,1,0,0,0,-1,0.331,0.2676002932441398,False,False
F13_032_20,F13,32,20,0.325,0.325,3,3,5,1,1,1,0,0,0,-1,0.325,0.2685892391025839,False,False
F13_032_21,F13,32,21,0.318,0.318,3,3,8,1,0,1,0,0,0,-1,0.318,0.2634304587358809,False,False
F13_032_22,F13,32,22,0.31,0.31,2,2,1,1,0,1,1,0,0,-1,0.31,0.2653404920150255,False,False
F13_032_23,F13,32,23,0.304,0.304,3,3,4,1,0,1,0,0,0,-1,0.3039999999999999,0.2609481760415313,False,False
F13_033_00,F13,33,0,0.329,0.329,3,3,9,1,0,1,0,0,0,-1,0.329,0.3066396045676074,False,False
F13_033_01,F13,33,1,0.328,0.328,3,3,8,1,0,1,0,0,0,-1,0.328,0.3049517625506743,False,False
F13_033_02,F13,33,2,0.328,0.328,3,3,8,1,0,1,0,0,0,-1,0.328,0.3036933554685682,False,False
F13_033_03,F13,33,3,0.328,0.328,3,3,8,1,0,1,0,0,0,-1,0.328,0.3019767054109763,False,False
F13_033_04,F13,33,4,0.328,0.328,3,3,8,1,0,1,0,0,0,-1,0.328,0.300060189444848,False,False
F13_033_05,F13,33,5,0.328,0.328,3,3,8,1,0,1,0,0,0,-1,0.328,0.298596682901588,False,False
F13_033_06,F13,33,6,0.327,0.327,3,3,7,1,0,1,0,0,0,-1,0.327,0.2935517094818719,False,False
F13_033_07,F13,33,7,0.328,0.328,3,3,8,1,0,1,0,0,0,-1,0.328,0.2986412709880289,False,False
F13_033_08,F13,33,8,0.329,0.329,3,3,9,1,0,1,0,0,0,-1,0.329,0.3050299288198316,False,False
F13_033_09,F13,33,9,0.329,0.329,3,3,9,1,0,1,0,0,0,-1,0.329,0.3044515127811096,False,False
F13_033_10,F13,33,10,0.329,0.329,3,3,9,1,0,1,0,0,0,-1,0.329,0.2960414713297187,False,False
F13_033_11,F13,33,11,0.334,0.334,3,3,4,1,0,1,0,0,0,-1,0.334,0.2968215116147414,False,False
F13_033_12,F13,33,12,0.343,0.343,3,3,3,1,0,1,0,0,0,-1,0.343,0.291614226347902,False,False
F13_033_13,F13,33,13,0.351,0.351,3,3,1,1,0,1,0,0,0,-1,0.3509999999999999,0.3073825188283274,False,False
F13_033_14,F13,33,14,0.357,0.357,3,3,7,1,0,1,0,0,0,-1,0.3569999999999999,0.3032873249932563,False,False
F13_033_15,F13,33,15,0.359,0.359,3,3,9,1,0,1,0,0,0,-1,0.3589999999999999,0.3168967184033987,False,False
F13_033_16,F13,33,16,0.357,0.357,3,3,7,1,0,1,0,0,0,-1,0.3569999999999999,0.3199285292198565,False,False
F13_033_17,F13,33,17,0.357,0.357,3,3,7,1,0,1,0,0,0,-1,0.3569999999999999,0.3151015491950093,False,False
F13_033_18,F13,33,18,0.354,0.354,3,3,4,1,0,1,0,0,0,-1,0.3539999999999999,0.3151382214728834,False,False
F13_033_19,F13,33,19,0.349,0.349,3,3,9,1,0,1,0,0,0,-1,0.3489999999999999,0.3144808457505856,False,False
F13_033_20,F13,33,20,0.345,0.345,3,3,5,1,1,1,0,0,0,-1,0.3449999999999999,0.3124854112488992,False,False
F13_033_21,F13,33,21,0.345,0.345,3,3,5,1,1,1,0,0,0,-1,0.3449999999999999,0.3140486137835962,False,False
F13_033_22,F13,33,22,0.346,0.346,3,3,6,1,0,1,0,0,0,-1,0.3459999999999999,0.3134660621061977,False,False
F13_033_23,F13,33,23,0.346,0.346,3,3,6,1,0,1,0,0,0,-1,0.3459999999999999,0.3117468937399484,False,False
F13_034_00,F13,34,0,0.345,0.345,3,3,5,1,1,1,0,0,0,-1,0.3449999999999999,0.3148522416430834,False,False
F13_034_01,F13,34,1,0.344,0.344,3,3,4,1,0,1,0,0,0,-1,0.3439999999999999,0.3077694628313285,False,False
F13_034_02,F13,34,2,0.343,0.343,3,3,3,1,0,1,0,0,0,-1,0.343,0.3046908767696242,False,False
F13_034_03,F13,34,3,0.342,0.342,3,3,2,1,0,1,0,0,0,-1,0.342,0.306664363834439,False,False
F13_034_04,F13,34,4,0.342,0.342,3,3,2,1,0,1,0,0,0,-1,0.342,0.3074175250020986,False,False
F13_034_05,F13,34,5,0.341,0.341,3,3,1,1,0,1,0,0,0,-1,0.341,0.3150752777426013,False,False
F13_034_06,F13,34,6,0.341,0.341,3,3,1,1,0,1,0,0,0,-1,0.341,0.3093763523431962,False,False
F13_034_07,F13,34,7,0.34,0.34,2,2,4,1,0,1,1,0,0,-1,0.34,0.317586977425558,False,False
F13_034_08,F13,34,8,0.337,0.337,3,3,7,1,0,1,0,0,0,-1,0.337,0.3149263052658567,False,False
F13_034_09,F13,34,9,0.335,0.335,3,3,5,1,1,1,0,0,0,-1,0.335,0.3188670034538331,False,False
F13_034_10,F13,34,10,0.338,0.338,3,3,8,1,0,1,0,0,0,-1,0.338,0.3270473859091062,False,False
F13_034_11,F13,34,11,0.343,0.343,3,3,3,1,0,1,0,0,0,-1,0.343,0.3359634953437139,False,False
F13_034_12,F13,34,12,0.348,0.348,3,3,8,1,0,1,0,0,0,-1,0.3479999999999999,0.3361170454311619,False,False
F13_034_13,F13,34,13,0.351,0.351,3,3,1,1,0,1,0,0,0,-1,0.3509999999999999,0.3387966676604945,False,False
F13_034_14,F13,34,14,0.356,0.356,3,3,6,1,0,1,0,0,0,-1,0.3559999999999999,0.3403268697058999,False,False
F13_034_15,F13,34,15,0.36,0.36,2,2,6,1,0,1,1,0,0,-1,0.3599999999999999,0.3369229171773521,False,False
F13_034_16,F13,34,16,0.362,0.362,3,3,2,1,0,1,0,0,0,-1,0.3619999999999999,0.3452327751509837,False,False
F13_034_17,F13,34,17,0.362,0.362,3,3,2,1,0,1,0,0,0,-1,0.3619999999999999,0.3426179322254931,False,False
F13_034_18,F13,34,18,0.362,0.362,3,3,2,1,0,1,0,0,0,-1,0.3619999999999999,0.338117005653865,False,False
F13_034_19,F13,34,19,0.363,0.363,3,3,3,1,0,1,0,0,0,-1,0.3629999999999999,0.339818156603286,False,False
F13_034_20,F13,34,20,0.362,0.362,3,3,2,1,0,1,0,0,0,-1,0.3619999999999999,0.3376103087700074,False,False
F13_034_21,F13,34,21,0.361,0.361,3,3,1,1,0,1,0,0,0,-1,0.3609999999999999,0.3408125469435199,False,False
F13_034_22,F13,34,22,0.36,0.36,2,2,6,1,0,1,1,0,0,-1,0.3599999999999999,0.3406952287413448,False,False
F13_034_23,F13,34,23,0.36,0.36,2,2,6,1,0,1,1,0,0,-1,0.3599999999999999,0.3404228770605147,False,False
F13_035_00,F13,35,0,0.279,0.279,3,3,9,1,0,1,0,0,0,-1,0.279,0.2148153832986703,False,False
F13_035_01,F13,35,1,0.278,0.278,3,3,8,1,0,1,0,0,0,-1,0.278,0.2128187836950075,False,False
F13_035_02,F13,35,2,0.277,0.277,3,3,7,1,0,1,0,0,0,-1,0.277,0.2111344409447452,False,False
F13_035_03,F13,35,3,0.275,0.275,3,3,5,1,1,1,0,0,0,-1,0.275,0.2095015263938453,False,False
F13_035_04,F13,35,4,0.275,0.275,3,3,5,1,1,1,0,0,0,-1,0.275,0.2079515585649975,False,False
F13_035_05,F13,35,5,0.275,0.275,3,3,5,1,1,1,0,0,0,-1,0.275,0.2075022666826714,False,False
F13_035_06,F13,35,6,0.265,0.265,3,3,5,1,1,1,0,0,0,-1,0.265,0.1879535797681292,False,False
F13_035_07,F13,35,7,0.259,0.259,3,3,9,1,0,1,0,0,0,-1,0.259,0.1641639480315292,False,False
F13_035_08,F13,35,8,0.256,0.256,3,3,6,1,0,1,0,0,0,-1,0.256,0.1729120463662007,False,False
F13_035_09,F13,35,9,0.254,0.254,3,3,4,1,0,1,0,0,0,-1,0.254,0.1781191281920565,False,False
F13_035_10,F13,35,10,0.254,0.254,3,3,4,1,0,1,0,0,0,-1,0.254,0.176656394616806,False,False
F13_035_11,F13,35,11,0.256,0.256,3,3,6,1,0,1,0,0,0,-1,0.256,0.1934452796804406,False,False
F13_035_12,F13,35,12,0.258,0.258,3,3,8,1,0,1,0,0,0,-1,0.258,0.1984988118164643,False,False
F13_035_13,F13,35,13,0.261,0.261,3,3,1,1,0,1,0,0,0,-1,0.261,0.2087977785326352,False,False
F13_035_14,F13,35,14,0.26,0.26,2,2,6,1,0,1,1,0,0,-1,0.26,0.2108531033231925,False,False
F13_035_15,F13,35,15,0.264,0.264,3,3,4,1,0,1,0,0,0,-1,0.264,0.2096787936726523,False,False
F13_035_16,F13,35,16,0.264,0.264,3,3,4,1,0,1,0,0,0,-1,0.264,0.2066251577997528,False,False
F13_035_17,F13,35,17,0.264,0.264,3,3,4,1,0,1,0,0,0,-1,0.264,0.2069214785956379,False,False
F13_035_18,F13,35,18,0.262,0.262,3,3,2,1,0,1,0,0,0,-1,0.262,0.203581018512786,False,False
F13_035_19,F13,35,19,0.26,0.26,2,2,6,1,0,1,1,0,0,-1,0.26,0.2004556565530787,False,False
F13_035_20,F13,35,20,0.259,0.259,3,3,9,1,0,1,0,0,0,-1,0.259,0.1995568720757594,False,False
F13_035_21,F13,35,21,0.257,0.257,3,3,7,1,0,1,0,0,0,-1,0.257,0.2002586718554924,False,False
F13_035_22,F13,35,22,0.256,0.256,3,3,6,1,0,1,0,0,0,-1,0.256,0.1963936672143475,False,False
F13_035_23,F13,35,23,0.255,0.255,3,3,5,1,1,1,0,0,0,-1,0.255,0.2006944652151795,False,False
F13_036_00,F13,36,0,0.36,0.36,2,2,6,1,0,1,1,0,0,-1,0.3599999999999999,0.3538584254842108,False,False
F13_036_01,F13,36,1,0.359,0.359,3,3,9,1,0,1,0,0,0,-1,0.3589999999999999,0.3280008169200934,False,False
F13_036_02,F13,36,2,0.358,0.358,3,3,8,1,0,1,0,0,0,-1,0.3579999999999999,0.3214169170408972,False,False
F13_036_03,F13,36,3,0.358,0.358,3,3,8,1,0,1,0,0,0,-1,0.3579999999999999,0.3183188818885604,False,False
F13_036_04,F13,36,4,0.357,0.357,3,3,7,1,0,1,0,0,0,-1,0.3569999999999999,0.3145444937817181,False,False
F13_036_05,F13,36,5,0.357,0.357,3,3,7,1,0,1,0,0,0,-1,0.3569999999999999,0.3127284713745114,False,False
F13_036_06,F13,36,6,0.356,0.356,3,3,6,1,0,1,0,0,0,-1,0.3559999999999999,0.3071132156042321,False,False
F13_036_07,F13,36,7,0.356,0.356,3,3,6,1,0,1,0,0,0,-1,0.3559999999999999,0.3084939556780376,False,False
F13_036_08,F13,36,8,0.354,0.354,3,3,4,1,0,1,0,0,0,-1,0.3539999999999999,0.315569099202271,False,False
F13_036_09,F13,36,9,0.352,0.352,3,3,2,1,0,1,0,0,0,-1,0.3519999999999999,0.3183698033159592,False,False
F13_036_10,F13,36,10,0.352,0.352,3,3,2,1,0,1,0,0,0,-1,0.3519999999999999,0.3087633705387646,False,False
F13_036_11,F13,36,11,0.354,0.354,3,3,4,1,0,1,0,0,0,-1,0.3539999999999999,0.3102799101268178,False,False
F13_036_12,F13,36,12,0.356,0.356,3,3,6,1,0,1,0,0,0,-1,0.3559999999999999,0.3122738420201067,False,False
F13_036_13,F13,36,13,0.358,0.358,3,3,8,1,0,1,0,0,0,-1,0.3579999999999999,0.3134794093988419,False,False
F13_036_14,F13,36,14,0.36,0.36,2,2,6,1,0,1,1,0,0,-1,0.3599999999999999,0.3126788840760509,False,False
F13_036_15,F13,36,15,0.362,0.362,3,3,2,1,0,1,0,0,0,-1,0.3619999999999999,0.3273969609366814,False,False
F13_036_16,F13,36,16,0.362,0.362,3,3,2,1,0,1,0,0,0,-1,0.3619999999999999,0.3356263639874973,False,False
F13_036_17,F13,36,17,0.363,0.363,3,3,3,1,0,1,0,0,0,-1,0.3629999999999999,0.3314477411352241,False,False
F13_036_18,F13,36,18,0.364,0.364,3,3,4,1,0,1,0,0,0,-1,0.3639999999999999,0.3281099901670969,False,False
F13_036_19,F13,36,19,0.364,0.364,3,3,4,1,0,1,0,0,0,-1,0.3639999999999999,0.3305309926697283,False,False
F13_036_20,F13,36,20,0.364,0.364,3,3,4,1,0,1,0,0,0,-1,0.3639999999999999,0.3299756883400367,False,False
F13_036_21,F13,36,21,0.363,0.363,3,3,3,1,0,1,0,0,0,-1,0.3629999999999999,0.3289629736794351,False,False
F13_036_22,F13,36,22,0.362,0.362,3,3,2,1,0,1,0,0,0,-1,0.3619999999999999,0.3317977459304261,False,False
F13_036_23,F13,36,23,0.361,0.361,3,3,1,1,0,1,0,0,0,-1,0.3609999999999999,0.3301755406382679,False,False
F13_037_00,F13,37,0,0.36,0.36,2,2,6,1,0,1,1,0,0,-1,0.3599999999999999,0.3230785572621489,False,False
F13_037_01,F13,37,1,0.359,0.359,3,3,9,1,0,1,0,0,0,-1,0.3589999999999999,0.3237624168213194,False,False
F13_037_02,F13,37,2,0.359,0.359,3,3,9,1,0,1,0,0,0,-1,0.3589999999999999,0.3186755428091264,False,False
F13_037_03,F13,37,3,0.357,0.357,3,3,7,1,0,1,0,0,0,-1,0.3569999999999999,0.3144118962277387,False,False
F13_037_04,F13,37,4,0.356,0.356,3,3,6,1,0,1,0,0,0,-1,0.3559999999999999,0.3135993885599582,False,False
F13_037_05,F13,37,5,0.355,0.355,3,3,5,1,1,1,0,0,0,-1,0.3549999999999999,0.3116213592683506,False,False
F13_037_06,F13,37,6,0.355,0.355,3,3,5,1,1,1,0,0,0,-1,0.3549999999999999,0.3089750452887836,False,False
F13_037_07,F13,37,7,0.354,0.354,3,3,4,1,0,1,0,0,0,-1,0.3539999999999999,0.3092605210806574,False,False
F13_037_08,F13,37,8,0.348,0.348,3,3,8,1,0,1,0,0,0,-1,0.3479999999999999,0.3068297231506317,False,False
F13_037_09,F13,37,9,0.346,0.346,3,3,6,1,0,1,0,0,0,-1,0.3459999999999999,0.3194207160121448,False,False
F13_037_10,F13,37,10,0.347,0.347,3,3,7,1,0,1,0,0,0,-1,0.3469999999999999,0.316138650189178,False,False
F13_037_11,F13,37,11,0.352,0.352,3,3,2,1,0,1,0,0,0,-1,0.3519999999999999,0.3073429855597292,False,False
F13_037_12,F13,37,12,0.355,0.355,3,3,5,1,1,1,0,0,0,-1,0.3549999999999999,0.3134607027254552,False,False
F13_037_13,F13,37,13,0.356,0.356,3,3,6,1,0,1,0,0,0,-1,0.3559999999999999,0.3163720733277075,False,False
F13_037_14,F13,37,14,0.357,0.357,3,3,7,1,0,1,0,0,0,-1,0.3569999999999999,0.3238504209372077,False,False
F13_037_15,F13,37,15,0.339,0.339,3,3,9,1,0,1,0,0,0,-1,0.339,0.328893738901998,False,False
F13_037_16,F13,37,16,0.311,0.311,3,3,1,1,0,1,0,0,0,-1,0.311,0.3207113752562026,False,False
F13_037_17,F13,37,17,0.311,0.311,3,3,1,1,0,1,0,0,0,-1,0.311,0.3322455960856047,False,False
F13_037_18,F13,37,18,0.31,0.31,2,2,1,1,0,1,1,0,0,-1,0.31,0.3368996451109899,False,False
F13_037_19,F13,37,19,0.309,0.309,3,3,9,1,0,1,0,0,0,-1,0.309,0.3299663180700661,False,False
F13_037_20,F13,37,20,0.307,0.307,3,3,7,1,0,1,0,0,0,-1,0.307,0.3241133210239806,False,False
F13_037_21,F13,37,21,0.305,0.305,3,3,5,1,1,1,0,0,0,-1,0.3049999999999999,0.3325334819426778,False,False
F13_037_22,F13,37,22,0.303,0.303,3,3,3,1,0,1,0,0,0,-1,0.3029999999999999,0.3329914901176176,False,False
F13_037_23,F13,37,23,0.301,0.301,3,3,1,1,0,1,0,0,0,-1,0.3009999999999999,0.3287602515261064,False,False
F13_038_00,F13,38,0,0.299,0.299,3,3,9,1,0,1,0,0,0,-1,0.2989999999999999,0.3477377700348441,False,False
F13_038_01,F13,38,1,0.297,0.297,3,3,7,1,0,1,0,0,0,-1,0.2969999999999999,0.346980608701871,False,False
F13_038_02,F13,38,2,0.294,0.294,3,3,4,1,0,1,0,0,0,-1,0.2939999999999999,0.3396700954201356,False,False
F13_038_03,F13,38,3,0.293,0.293,3,3,3,1,0,1,0,0,0,-1,0.2929999999999999,0.3374382426279775,False,False
F13_038_04,F13,38,4,0.291,0.291,3,3,1,1,0,1,0,0,0,-1,0.2909999999999999,0.3353636103420147,False,False
F13_038_05,F13,38,5,0.29,0.29,2,2,9,1,0,1,1,0,0,-1,0.2899999999999999,0.3344184699783751,False,False
F13_038_06,F13,38,6,0.289,0.289,3,3,9,1,0,1,0,0,0,-1,0.2889999999999999,0.3297678315181636,False,False
F13_038_07,F13,38,7,0.287,0.287,3,3,7,1,0,1,0,0,0,-1,0.2869999999999999,0.3325290505195136,False,False
F13_038_08,F13,38,8,0.283,0.283,3,3,3,1,0,1,0,0,0,-1,0.2829999999999999,0.3362057134274535,False,False
F13_038_09,F13,38,9,0.281,0.281,3,3,1,1,0,1,0,0,0,-1,0.281,0.3401240155619104,False,False
F13_038_10,F13,38,10,0.283,0.283,3,3,3,1,0,1,0,0,0,-1,0.2829999999999999,0.3322215218744711,False,False
F13_038_11,F13,38,11,0.288,0.288,3,3,8,1,0,1,0,0,0,-1,0.2879999999999999,0.3330228101967637,False,False
F13_038_12,F13,38,12,0.292,0.292,3,3,2,1,0,1,0,0,0,-1,0.2919999999999999,0.3275651025350141,False,False
F13_038_13,F13,38,13,0.297,0.297,3,3,7,1,0,1,0,0,0,-1,0.2969999999999999,0.3301733436376916,False,False
F13_038_14,F13,38,14,0.299,0.299,3,3,9,1,0,1,0,0,0,-1,0.2989999999999999,0.3440385471834549,False,False
F13_038_15,F13,38,15,0.302,0.302,3,3,2,1,0,1,0,0,0,-1,0.3019999999999999,0.3510073702566866,False,False
F13_038_16,F13,38,16,0.307,0.307,3,3,7,1,0,1,0,0,0,-1,0.307,0.3368583264072155,False,False
F13_038_17,F13,38,17,0.31,0.31,2,2,1,1,0,1,1,0,0,-1,0.31,0.3399327722346524,False,False
F13_038_18,F13,38,18,0.311,0.311,3,3,1,1,0,1,0,0,0,-1,0.311,0.3432198220709421,False,False
F13_038_19,F13,38,19,0.312,0.312,3,3,2,1,0,1,0,0,0,-1,0.312,0.3427118102919065,False,False
F13_038_20,F13,38,20,0.311,0.311,3,3,1,1,0,1,0,0,0,-1,0.311,0.3406241883255187,False,False
F13_038_21,F13,38,21,0.31,0.31,2,2,1,1,0,1,1,0,0,-1,0.31,0.347684383840366,False,False
F13_038_22,F13,38,22,0.309,0.309,3,3,9,1,0,1,0,0,0,-1,0.309,0.3467392221308423,False,False
F13_038_23,F13,38,23,0.308,0.308,3,3,8,1,0,1,0,0,0,-1,0.308,0.3455430692614717,False,False
F13_039_00,F13,39,0,0.217,0.217,3,3,7,1,0,1,0,0,0,-1,0.217,0.2495484400212774,False,False
F13_039_01,F13,39,1,0.216,0.216,3,3,6,1,0,1,0,0,0,-1,0.216,0.2474660797100359,False,False
F13_039_02,F13,39,2,0.214,0.214,3,3,4,1,0,1,0,0,0,-1,0.214,0.2435716104033717,False,False
F13_039_03,F13,39,3,0.213,0.213,3,3,3,1,0,1,0,0,0,-1,0.2129999999999999,0.2428247591238059,False,False
F13_039_04,F13,39,4,0.212,0.212,3,3,2,1,0,1,0,0,0,-1,0.2119999999999999,0.2399520284424724,False,False
F13_039_05,F13,39,5,0.214,0.214,3,3,4,1,0,1,0,0,0,-1,0.214,0.2309018768278946,False,False
F13_039_06,F13,39,6,0.149,0.149,3,3,9,1,0,1,0,0,0,-1,0.1489999999999999,0.2294812683757983,False,False
F13_039_07,F13,39,7,0.084,0.084,3,2,4,1,0,1,0,0,0,-2,0.084,0.21621752580153,False,False
F13_039_08,F13,39,8,0.084,0.084,3,2,4,1,0,1,0,0,0,-2,0.084,0.2202139632850941,False,False
F13_039_09,F13,39,9,0.084,0.084,3,2,4,1,0,1,0,0,0,-2,0.084,0.2218799890056237,False,False
F13_039_10,F13,39,10,0.118,0.118,3,3,8,1,0,1,0,0,0,-1,0.1179999999999999,0.2303818948701354,False,False
F13_039_11,F13,39,11,0.17,0.17,2,2,7,1,0,1,1,0,0,-1,0.17,0.2340247310130254,False,False
F13_039_12,F13,39,12,0.203,0.203,3,3,3,1,0,1,0,0,0,-1,0.203,0.2369555729924435,False,False
F13_039_13,F13,39,13,0.207,0.207,3,3,7,1,0,1,0,0,0,-1,0.2069999999999999,0.2372304179403378,False,False
F13_039_14,F13,39,14,0.205,0.205,3,3,5,1,1,1,0,0,0,-1,0.2049999999999999,0.2409434312252894,False,False
F13_039_15,F13,39,15,0.211,0.211,3,3,1,1,0,1,0,0,0,-1,0.2109999999999999,0.2419551860165211,False,False
F13_039_16,F13,39,16,0.213,0.213,3,3,3,1,0,1,0,0,0,-1,0.2129999999999999,0.2425563771343757,False,False
F13_039_17,F13,39,17,0.205,0.205,3,3,5,1,1,1,0,0,0,-1,0.2049999999999999,0.2399327714816337,False,False
F13_039_18,F13,39,18,0.206,0.206,3,3,6,1,0,1,0,0,0,-1,0.2059999999999999,0.2417629064394774,False,False
F13_039_19,F13,39,19,0.205,0.205,3,3,5,1,1,1,0,0,0,-1,0.2049999999999999,0.2415194127865249,False,False
F13_039_20,F13,39,20,0.205,0.205,3,3,5,1,1,1,0,0,0,-1,0.2049999999999999,0.2429951552052669,False,False
F13_039_21,F13,39,21,0.204,0.204,3,3,4,1,0,1,0,0,0,-1,0.2039999999999999,0.2379373013935315,False,False
F13_039_22,F13,39,22,0.203,0.203,3,3,3,1,0,1,0,0,0,-1,0.203,0.2389113848542084,False,False
F13_039_23,F13,39,23,0.202,0.202,3,3,2,1,0,1,0,0,0,-1,0.202,0.2426466373591632,False,False
F13_040_00,F13,40,0,0.201,0.201,3,3,1,1,0,1,0,0,0,-1,0.201,0.2579954657376291,False,False
F13_040_01,F13,40,1,0.201,0.201,3,3,1,1,0,1,0,0,0,-1,0.201,0.2602067319863363,False,False
F13_040_02,F13,40,2,0.2,0.2,1,1,2,1,0,1,1,1,0,-1,0.2,0.2596503540477023,False,False
F13_040_03,F13,40,3,0.2,0.2,1,1,2,1,0,1,1,1,0,-1,0.2,0.258732085559966,False,False
F13_040_04,F13,40,4,0.199,0.199,3,3,9,1,0,1,0,0,0,-1,0.199,0.2581328922171466,False,False
F13_040_05,F13,40,5,0.199,0.199,3,3,9,1,0,1,0,0,0,-1,0.199,0.257419385387817,False,False
F13_040_06,F13,40,6,0.146,0.146,3,3,6,1,0,1,0,0,0,-1,0.1459999999999999,0.2440402469640096,False,False
F13_040_07,F13,40,7,0.081,0.081,3,2,1,1,0,1,0,0,0,-2,0.081,0.2379127460532957,False,False
F13_040_08,F13,40,8,0.081,0.081,3,2,1,1,0,1,0,0,0,-2,0.081,0.2321873960124332,False,False
F13_040_09,F13,40,9,0.081,0.081,3,2,1,1,0,1,0,0,0,-2,0.081,0.2283581707685762,False,False
F13_040_10,F13,40,10,0.096,0.096,3,2,6,1,0,1,0,0,0,-2,0.096,0.2310760900362479,False,False
F13_040_11,F13,40,11,0.129,0.129,3,3,9,1,0,1,0,0,0,-1,0.129,0.2331190270943763,False,False
F13_040_12,F13,40,12,0.193,0.193,3,3,3,1,0,1,0,0,0,-1,0.193,0.2352808148831382,False,False
F13_040_13,F13,40,13,0.199,0.199,3,3,9,1,0,1,0,0,0,-1,0.199,0.237432084037787,False,False
F13_040_14,F13,40,14,0.197,0.197,3,3,7,1,0,1,0,0,0,-1,0.197,0.2386248312265076,False,False
F13_040_15,F13,40,15,0.201,0.201,3,3,1,1,0,1,0,0,0,-1,0.201,0.2372051064197428,False,False
F13_040_16,F13,40,16,0.202,0.202,3,3,2,1,0,1,0,0,0,-1,0.202,0.2443569903754782,False,False
F13_040_17,F13,40,17,0.196,0.196,3,3,6,1,0,1,0,0,0,-1,0.196,0.2389457215046721,False,False
F13_040_18,F13,40,18,0.195,0.195,3,3,5,1,1,1,0,0,0,-1,0.195,0.2380378278101271,False,False
F13_040_19,F13,40,19,0.195,0.195,3,3,5,1,1,1,0,0,0,-1,0.195,0.2372023553310218,False,False
F13_040_20,F13,40,20,0.195,0.195,3,3,5,1,1,1,0,0,0,-1,0.195,0.234919982848453,False,False
F13_040_21,F13,40,21,0.195,0.195,3,3,5,1,1,1,0,0,0,-1,0.195,0.2311961726920021,False,False
F13_040_22,F13,40,22,0.194,0.194,3,3,4,1,0,1,0,0,0,-1,0.194,0.2316014674698388,False,False
F13_040_23,F13,40,23,0.172,0.172,3,3,2,1,0,1,0,0,0,-1,0.1719999999999999,0.2344120153857589,False,False
F13_041_00,F13,41,0,0.326,0.326,3,3,6,1,0,1,0,0,0,-1,0.326,0.3201849701414909,False,False
F13_041_01,F13,41,1,0.325,0.325,3,3,5,1,1,1,0,0,0,-1,0.325,0.3221347750377749,False,False
F13_041_02,F13,41,2,0.325,0.325,3,3,5,1,1,1,0,0,0,-1,0.325,0.3225786934238716,False,False
F13_041_03,F13,41,3,0.324,0.324,3,3,4,1,0,1,0,0,0,-1,0.324,0.3226451377847756,False,False
F13_041_04,F13,41,4,0.324,0.324,3,3,4,1,0,1,0,0,0,-1,0.324,0.3212646530572099,False,False
F13_041_05,F13,41,5,0.323,0.323,3,3,3,1,0,1,0,0,0,-1,0.323,0.3199685823753046,False,False
F13_041_06,F13,41,6,0.323,0.323,3,3,3,1,0,1,0,0,0,-1,0.323,0.313476376269049,False,False
F13_041_07,F13,41,7,0.323,0.323,3,3,3,1,0,1,0,0,0,-1,0.323,0.3156771316554331,False,False
F13_041_08,F13,41,8,0.32,0.32,2,2,2,1,0,1,1,0,0,-1,0.32,0.3192538567988396,False,False
F13_041_09,F13,41,9,0.319,0.319,3,3,9,1,0,1,0,0,0,-1,0.319,0.3221876972875741,False,False
F13_041_10,F13,41,10,0.321,0.321,3,3,1,1,0,1,0,0,0,-1,0.321,0.316694201593585,False,False
F13_041_11,F13,41,11,0.324,0.324,3,3,4,1,0,1,0,0,0,-1,0.324,0.3238586418850194,False,False
F13_041_12,F13,41,12,0.327,0.327,3,3,7,1,0,1,0,0,0,-1,0.327,0.3221826479705439,False,False
F13_041_13,F13,41,13,0.329,0.329,3,3,9,1,0,1,0,0,0,-1,0.329,0.33395186793315,False,False
F13_041_14,F13,41,14,0.333,0.333,3,3,3,1,0,1,0,0,0,-1,0.333,0.3289949840338892,False,False
F13_041_15,F13,41,15,0.337,0.337,3,3,7,1,0,1,0,0,0,-1,0.337,0.3297299526725707,False,False
F13_041_16,F13,41,16,0.34,0.34,2,2,4,1,0,1,1,0,0,-1,0.34,0.3403850555950883,False,False
F13_041_17,F13,41,17,0.343,0.343,3,3,3,1,0,1,0,0,0,-1,0.343,0.336152280750391,False,False
F13_041_18,F13,41,18,0.345,0.345,3,3,5,1,1,1,0,0,0,-1,0.3449999999999999,0.3327004366078464,False,False
F13_041_19,F13,41,19,0.345,0.345,3,3,5,1,1,1,0,0,0,-1,0.3449999999999999,0.3423439420670584,False,False
F13_041_20,F13,41,20,0.344,0.344,3,3,4,1,0,1,0,0,0,-1,0.3439999999999999,0.340640896428951,False,False
F13_041_21,F13,41,21,0.343,0.343,3,3,3,1,0,1,0,0,0,-1,0.343,0.3402209588465915,False,False
F13_041_22,F13,41,22,0.343,0.343,3,3,3,1,0,1,0,0,0,-1,0.343,0.3405739849302855,False,False
F13_041_23,F13,41,23,0.342,0.342,3,3,2,1,0,1,0,0,0,-1,0.342,0.3352483299629859,False,False
F13_042_00,F13,42,0,0.097,0.097,3,2,7,1,0,1,0,0,0,-2,0.097,0.2628817485152212,False,False
F13_042_01,F13,42,1,0.081,0.081,3,2,1,1,0,1,0,0,0,-2,0.081,0.2478427590977253,False,False
F13_042_02,F13,42,2,0.079,0.079,3,2,9,1,0,1,0,0,0,-2,0.079,0.2435621947008246,False,True
F13_042_03,F13,42,3,0.079,0.079,3,2,9,1,0,1,0,0,0,-2,0.079,0.2404100419771245,False,True
F13_042_04,F13,42,4,0.079,0.079,3,2,9,1,0,1,0,0,0,-2,0.079,0.2383782474202279,False,True
F13_042_05,F13,42,5,0.079,0.079,3,2,9,1,0,1,0,0,0,-2,0.079,0.2367611528555426,False,True
F13_042_06,F13,42,6,0.079,0.079,3,2,9,1,0,1,0,0,0,-2,0.079,0.2258676544973041,False,True
F13_042_07,F13,42,7,0.079,0.079,3,2,9,1,0,1,0,0,0,-2,0.079,0.219712632137508,False,True
F13_042_08,F13,42,8,0.078,0.078,3,2,8,1,0,1,0,0,0,-2,0.078,0.2206442065257688,False,False
F13_042_09,F13,42,9,0.078,0.078,3,2,8,1,0,1,0,0,0,-2,0.078,0.2271946828869394,False,False
F13_042_10,F13,42,10,0.096,0.096,3,2,6,1,0,1,0,0,0,-2,0.096,0.2240962799024808,False,False
F13_042_11,F13,42,11,0.192,0.192,3,3,2,1,0,1,0,0,0,-1,0.192,0.2276818445781347,False,False
F13_042_12,F13,42,12,0.198,0.198,3,3,8,1,0,1,0,0,0,-1,0.198,0.2308684701813789,False,False
F13_042_13,F13,42,13,0.205,0.205,3,3,5,1,1,1,0,0,0,-1,0.2049999999999999,0.2316944286720581,False,False
F13_042_14,F13,42,14,0.208,0.208,3,3,8,1,0,1,0,0,0,-1,0.2079999999999999,0.2306353555142234,False,False
F13_042_15,F13,42,15,0.21,0.21,2,2,1,1,0,1,1,0,0,-1,0.2099999999999999,0.2306638749109147,False,False
F13_042_16,F13,42,16,0.21,0.21,2,2,1,1,0,1,1,0,0,-1,0.2099999999999999,0.2370235803508653,False,False
F13_042_17,F13,42,17,0.21,0.21,2,2,1,1,0,1,1,0,0,-1,0.2099999999999999,0.238721541441196,False,False
F13_042_18,F13,42,18,0.21,0.21,2,2,1,1,0,1,1,0,0,-1,0.2099999999999999,0.2378515780750686,False,False
F13_042_19,F13,42,19,0.21,0.21,2,2,1,1,0,1,1,0,0,-1,0.2099999999999999,0.2373528242627412,False,False
F13_042_20,F13,42,20,0.209,0.209,3,3,9,1,0,1,0,0,0,-1,0.2089999999999999,0.2370327418322832,False,False
F13_042_21,F13,42,21,0.208,0.208,3,3,8,1,0,1,0,0,0,-1,0.2079999999999999,0.2350170691861724,False,False
F13_042_22,F13,42,22,0.207,0.207,3,3,7,1,0,1,0,0,0,-1,0.2069999999999999,0.23418818004345,False,False
F13_042_23,F13,42,23,0.206,0.206,3,3,6,1,0,1,0,0,0,-1,0.2059999999999999,0.2304429042605081,False,False
F13_043_00,F13,43,0,0.34,0.34,2,2,4,1,0,1,1,0,0,-1,0.34,0.3244758679387032,False,False
F13_043_01,F13,43,1,0.339,0.339,3,3,9,1,0,1,0,0,0,-1,0.339,0.3263892262296633,False,False
F13_043_02,F13,43,2,0.338,0.338,3,3,8,1,0,1,0,0,0,-1,0.338,0.3269949208630894,False,False
F13_043_03,F13,43,3,0.338,0.338,3,3,8,1,0,1,0,0,0,-1,0.338,0.3270111747394033,False,False
F13_043_04,F13,43,4,0.338,0.338,3,3,8,1,0,1,0,0,0,-1,0.338,0.327620585444408,False,False
F13_043_05,F13,43,5,0.338,0.338,3,3,8,1,0,1,0,0,0,-1,0.338,0.3262812436830722,False,False
F13_043_06,F13,43,6,0.337,0.337,3,3,7,1,0,1,0,0,0,-1,0.337,0.3233604723330559,False,False
F13_043_07,F13,43,7,0.338,0.338,3,3,8,1,0,1,0,0,0,-1,0.338,0.3206810715384939,False,False
F13_043_08,F13,43,8,0.337,0.337,3,3,7,1,0,1,0,0,0,-1,0.337,0.315965923957393,False,False
F13_043_09,F13,43,9,0.337,0.337,3,3,7,1,0,1,0,0,0,-1,0.337,0.31660865425578,False,False
F13_043_10,F13,43,10,0.336,0.336,3,3,6,1,0,1,0,0,0,-1,0.336,0.3121227176474408,False,False
F13_043_11,F13,43,11,0.339,0.339,3,3,9,1,0,1,0,0,0,-1,0.339,0.3080999944509512,False,False
F13_043_12,F13,43,12,0.34,0.34,2,2,4,1,0,1,1,0,0,-1,0.34,0.3214206104449568,False,False
F13_043_13,F13,43,13,0.347,0.347,3,3,7,1,0,1,0,0,0,-1,0.3469999999999999,0.3234625225666902,False,False
F13_043_14,F13,43,14,0.353,0.353,3,3,3,1,0,1,0,0,0,-1,0.3529999999999999,0.3220069963416303,False,False
F13_043_15,F13,43,15,0.355,0.355,3,3,5,1,1,1,0,0,0,-1,0.3549999999999999,0.3312761240246976,False,False
F13_043_16,F13,43,16,0.356,0.356,3,3,6,1,0,1,0,0,0,-1,0.3559999999999999,0.3286352016593091,False,False
F13_043_17,F13,43,17,0.357,0.357,3,3,7,1,0,1,0,0,0,-1,0.3569999999999999,0.3303331076687307,False,False
F13_043_18,F13,43,18,0.358,0.358,3,3,8,1,0,1,0,0,0,-1,0.3579999999999999,0.3285980567766697,False,False
F13_043_19,F13,43,19,0.358,0.358,3,3,8,1,0,1,0,0,0,-1,0.3579999999999999,0.3306395945568688,False,False
F13_043_20,F13,43,20,0.357,0.357,3,3,7,1,0,1,0,0,0,-1,0.3569999999999999,0.328975816444293,False,False
F13_043_21,F13,43,21,0.357,0.357,3,3,7,1,0,1,0,0,0,-1,0.3569999999999999,0.3278357982944577,False,False
F13_043_22,F13,43,22,0.355,0.355,3,3,5,1,1,1,0,0,0,-1,0.3549999999999999,0.3267841210656893,False,False
F13_043_23,F13,43,23,0.354,0.354,3,3,4,1,0,1,0,0,0,-1,0.3539999999999999,0.3266274920750996,False,False
F13_044_00,F13,44,0,0.205,0.205,3,3,5,1,1,1,0,0,0,-1,0.2049999999999999,0.1754544529759196,False,False
F13_044_01,F13,44,1,0.204,0.204,3,3,4,1,0,1,0,0,0,-1,0.2039999999999999,0.1797649437405504,False,False
F13_044_02,F13,44,2,0.204,0.204,3,3,4,1,0,1,0,0,0,-1,0.2039999999999999,0.1733249327122578,False,False
F13_044_03,F13,44,3,0.204,0.204,3,3,4,1,0,1,0,0,0,-1,0.2039999999999999,0.1717063912855416,False,False
F13_044_04,F13,44,4,0.203,0.203,3,3,3,1,0,1,0,0,0,-1,0.203,0.1718257728337789,False,False
F13_044_05,F13,44,5,0.203,0.203,3,3,3,1,0,1,0,0,0,-1,0.203,0.1727331531053036,False,False
F13_044_06,F13,44,6,0.202,0.202,3,3,2,1,0,1,0,0,0,-1,0.202,0.159716555700507,False,False
F13_044_07,F13,44,7,0.202,0.202,3,3,2,1,0,1,0,0,0,-1,0.202,0.1493335628683834,False,False
F13_044_08,F13,44,8,0.201,0.201,3,3,1,1,0,1,0,0,0,-1,0.201,0.1524030485310221,False,False
F13_044_09,F13,44,9,0.204,0.204,3,3,4,1,0,1,0,0,0,-1,0.2039999999999999,0.1551167625826735,False,False
F13_044_10,F13,44,10,0.211,0.211,3,3,1,1,0,1,0,0,0,-1,0.2109999999999999,0.1645904044142489,False,False
F13_044_11,F13,44,11,0.21,0.21,2,2,1,1,0,1,1,0,0,-1,0.2099999999999999,0.1695665710912614,False,False
F13_044_12,F13,44,12,0.21,0.21,2,2,1,1,0,1,1,0,0,-1,0.2099999999999999,0.1757695977254056,False,False
F13_044_13,F13,44,13,0.206,0.206,3,3,6,1,0,1,0,0,0,-1,0.2059999999999999,0.1788592208062965,False,False
F13_044_14,F13,44,14,0.202,0.202,3,3,2,1,0,1,0,0,0,-1,0.202,0.1794661757862503,False,False
F13_044_15,F13,44,15,0.201,0.201,3,3,1,1,0,1,0,0,0,-1,0.201,0.1803817505304991,False,False
F13_044_16,F13,44,16,0.204,0.204,3,3,4,1,0,1,0,0,0,-1,0.2039999999999999,0.1829392887922611,False,False
F13_044_17,F13,44,17,0.196,0.196,3,3,6,1,0,1,0,0,0,-1,0.196,0.1873209320723625,False,False
F13_044_18,F13,44,18,0.192,0.192,3,3,2,1,0,1,0,0,0,-1,0.192,0.1871711141657277,False,False
F13_044_19,F13,44,19,0.191,0.191,3,3,1,1,0,1,0,0,0,-1,0.191,0.1873553398568612,False,False
F13_044_20,F13,44,20,0.19,0.19,2,2,9,1,0,1,1,0,0,-1,0.19,0.1869809354268772,False,False
F13_044_21,F13,44,21,0.188,0.188,3,3,8,1,0,1,0,0,0,-1,0.188,0.185476267857941,False,False
F13_044_22,F13,44,22,0.187,0.187,3,3,7,1,0,1,0,0,0,-1,0.187,0.1882942106934902,False,False
F13_044_23,F13,44,23,0.186,0.186,3,3,6,1,0,1,0,0,0,-1,0.186,0.185114054761052,False,False
F13_045_00,F13,45,0,0.185,0.185,3,3,5,1,1,1,0,0,0,-1,0.185,0.1902048714105351,False,False
F13_045_01,F13,45,1,0.184,0.184,3,3,4,1,0,1,0,0,0,-1,0.184,0.1823740386553336,False,False
F13_045_02,F13,45,2,0.184,0.184,3,3,4,1,0,1,0,0,0,-1,0.184,0.179025957583157,False,False
F13_045_03,F13,45,3,0.183,0.183,3,3,3,1,0,1,0,0,0,-1,0.183,0.1767091535149374,False,False
F13_045_04,F13,45,4,0.177,0.177,3,3,7,1,0,1,0,0,0,-1,0.1769999999999999,0.1699003978043332,False,False
F13_045_05,F13,45,5,0.1,0.1,1,1,1,1,0,1,1,1,0,-1,0.1,0.1705633077106356,False,False
F13_045_06,F13,45,6,0.076,0.076,3,2,6,1,0,1,0,0,0,-2,0.0759999999999999,0.1628930066640574,False,False
F13_045_07,F13,45,7,0.073,0.073,3,2,3,1,0,1,0,0,0,-2,0.0729999999999999,0.1423542689703805,False,False
F13_045_08,F13,45,8,0.073,0.073,3,2,3,1,0,1,0,0,0,-2,0.0729999999999999,0.1459509740703519,False,False
F13_045_09,F13,45,9,0.073,0.073,3,2,3,1,0,1,0,0,0,-2,0.0729999999999999,0.1517670891072156,False,False
F13_045_10,F13,45,10,0.074,0.074,3,2,4,1,0,1,0,0,0,-2,0.0739999999999999,0.1607823535392715,False,False
F13_045_11,F13,45,11,0.075,0.075,3,2,5,1,1,1,0,0,0,-2,0.0749999999999999,0.1692109969409776,False,False
F13_045_12,F13,45,12,0.163,0.163,3,3,3,1,0,1,0,0,0,-1,0.163,0.1752674383906072,False,False
F13_045_13,F13,45,13,0.179,0.179,3,3,9,1,0,1,0,0,0,-1,0.1789999999999999,0.1793736425450173,False,False
F13_045_14,F13,45,14,0.188,0.188,3,3,8,1,0,1,0,0,0,-1,0.188,0.1843646058032033,False,False
F13_045_15,F13,45,15,0.179,0.179,3,3,9,1,0,1,0,0,0,-1,0.1789999999999999,0.1887054439286022,False,False
F13_045_16,F13,45,16,0.18,0.18,2,2,8,1,0,1,1,0,0,-1,0.1799999999999999,0.1865011751502295,False,False
F13_045_17,F13,45,17,0.176,0.176,3,3,6,1,0,1,0,0,0,-1,0.1759999999999999,0.1866483783177512,False,False
F13_045_18,F13,45,18,0.173,0.173,3,3,3,1,0,1,0,0,0,-1,0.1729999999999999,0.1899539127617489,False,False
F13_045_19,F13,45,19,0.172,0.172,3,3,2,1,0,1,0,0,0,-1,0.1719999999999999,0.1880370676907317,False,False
F13_045_20,F13,45,20,0.171,0.171,3,3,1,1,0,1,0,0,0,-1,0.171,0.1840756981998567,False,False
F13_045_21,F13,45,21,0.169,0.169,3,3,9,1,0,1,0,0,0,-1,0.169,0.1837552491572199,False,False
F13_045_22,F13,45,22,0.168,0.168,3,3,8,1,0,1,0,0,0,-1,0.168,0.1827650370938874,False,False
F13_045_23,F13,45,23,0.167,0.167,3,3,7,1,0,1,0,0,0,-1,0.167,0.1837486942405207,False,False
F13_046_00,F13,46,0,0.374,0.374,3,3,4,1,0,1,0,0,0,-1,0.374,0.3662766028613423,False,False
F13_046_01,F13,46,1,0.374,0.374,3,3,4,1,0,1,0,0,0,-1,0.374,0.3688559611597087,False,False
F13_046_02,F13,46,2,0.373,0.373,3,3,3,1,0,1,0,0,0,-1,0.373,0.3674676752629186,False,False
F13_046_03,F13,46,3,0.372,0.372,3,3,2,1,0,1,0,0,0,-1,0.372,0.3652703402885297,False,False
F13_046_04,F13,46,4,0.372,0.372,3,3,2,1,0,1,0,0,0,-1,0.372,0.3577540330952889,False,False
F13_046_05,F13,46,5,0.37,0.37,2,2,7,1,0,1,1,0,0,-1,0.37,0.3561377472662715,False,False
F13_046_06,F13,46,6,0.369,0.369,3,3,9,1,0,1,0,0,0,-1,0.3689999999999999,0.3521839003043408,False,False
F13_046_07,F13,46,7,0.371,0.371,3,3,1,1,0,1,0,0,0,-1,0.371,0.363236361631077,False,False
F13_046_08,F13,46,8,0.37,0.37,2,2,7,1,0,1,1,0,0,-1,0.37,0.3657658128126062,False,False
F13_046_09,F13,46,9,0.366,0.366,3,3,6,1,0,1,0,0,0,-1,0.3659999999999999,0.378075262574536,False,False
F13_046_10,F13,46,10,0.358,0.358,3,3,8,1,0,1,0,0,0,-1,0.3579999999999999,0.3730992703985459,False,False
F13_046_11,F13,46,11,0.359,0.359,3,3,9,1,0,1,0,0,0,-1,0.3589999999999999,0.3835075145481515,False,False
F13_046_12,F13,46,12,0.377,0.377,3,3,7,1,0,1,0,0,0,-1,0.377,0.3866903644243892,False,False
F13_046_13,F13,46,13,0.401,0.401,3,3,1,1,0,1,0,0,0,-1,0.401,0.3900751315221452,False,False
F13_046_14,F13,46,14,0.424,0.424,3,3,4,1,0,1,0,0,0,-1,0.4239999999999999,0.3881024788498767,False,False
F13_046_15,F13,46,15,0.437,0.437,3,3,7,1,0,1,0,0,0,-1,0.437,0.3921425271030091,False,False
F13_046_16,F13,46,16,0.447,0.447,3,3,7,1,0,1,0,0,0,-1,0.447,0.398678212570129,False,False
F13_046_17,F13,46,17,0.453,0.453,3,3,3,1,0,1,0,0,0,-1,0.453,0.4075551730668652,False,False
F13_046_18,F13,46,18,0.452,0.452,3,3,2,1,0,1,0,0,0,-1,0.452,0.4083962061835857,False,False
F13_046_19,F13,46,19,0.445,0.445,3,3,5,1,1,1,0,0,0,-1,0.445,0.4089205650816103,False,False
F13_046_20,F13,46,20,0.436,0.436,3,3,6,1,0,1,0,0,0,-1,0.436,0.4068062094963365,False,False
F13_046_21,F13,46,21,0.427,0.427,3,3,7,1,0,1,0,0,0,-1,0.4269999999999999,0.3924757332078012,False,False
F13_046_22,F13,46,22,0.418,0.418,3,3,8,1,0,1,0,0,0,-1,0.4179999999999999,0.3896847011665454,False,False
F13_046_23,F13,46,23,0.411,0.411,3,3,1,1,0,1,0,0,0,-1,0.4109999999999999,0.3866506134547407,False,False
F13_048_00,F13,48,0,0.404,0.404,3,3,4,1,0,1,0,0,0,-1,0.404,0.4138982108738816,False,False
F13_048_01,F13,48,1,0.398,0.398,3,3,8,1,0,1,0,0,0,-1,0.398,0.4091999006918669,False,False
F13_048_02,F13,48,2,0.393,0.393,3,3,3,1,0,1,0,0,0,-1,0.393,0.4054692918616285,False,False
F13_048_03,F13,48,3,0.389,0.389,3,3,9,1,0,1,0,0,0,-1,0.389,0.4026125483828564,False,False
F13_048_04,F13,48,4,0.387,0.387,3,3,7,1,0,1,0,0,0,-1,0.387,0.4004202413963297,False,False
F13_048_05,F13,48,5,0.386,0.386,3,3,6,1,0,1,0,0,0,-1,0.386,0.398411723074002,False,False
F13_048_06,F13,48,6,0.386,0.386,3,3,6,1,0,1,0,0,0,-1,0.386,0.396432123356903,False,False
F13_048_07,F13,48,7,0.386,0.386,3,3,6,1,0,1,0,0,0,-1,0.386,0.3993852180593663,False,False
F13_048_08,F13,48,8,0.386,0.386,3,3,6,1,0,1,0,0,0,-1,0.386,0.3974796274330118,False,False
F13_048_09,F13,48,9,0.388,0.388,3,3,8,1,0,1,0,0,0,-1,0.388,0.3994748482648244,False,False
F13_048_10,F13,48,10,0.401,0.401,3,3,1,1,0,1,0,0,0,-1,0.401,0.385200790616056,False,False
F13_048_11,F13,48,11,0.423,0.423,3,3,3,1,0,1,0,0,0,-1,0.4229999999999999,0.4209236085808745,False,False
F13_048_12,F13,48,12,0.439,0.439,3,3,9,1,0,1,0,0,0,-1,0.439,0.4277292271105387,False,False
F13_048_13,F13,48,13,0.452,0.452,3,3,2,1,0,1,0,0,0,-1,0.452,0.4338109025549536,False,False
F13_048_14,F13,48,14,0.462,0.462,3,3,2,1,0,1,0,0,0,-1,0.462,0.432070335116147,False,False
F13_048_15,F13,48,15,0.468,0.468,3,3,8,1,0,1,0,0,0,-1,0.468,0.4314850561344804,False,False
F13_048_16,F13,48,16,0.469,0.469,3,3,9,1,0,1,0,0,0,-1,0.4689999999999999,0.431232341622556,False,False
F13_048_17,F13,48,17,0.47,0.47,2,2,7,1,0,1,1,0,0,-1,0.4699999999999999,0.4268701734793085,False,False
F13_048_18,F13,48,18,0.47,0.47,2,2,7,1,0,1,1,0,0,-1,0.4699999999999999,0.4271986555918072,False,False
F13_048_19,F13,48,19,0.465,0.465,3,3,5,1,1,1,0,0,0,-1,0.465,0.4306582904053867,False,False
F13_048_20,F13,48,20,0.456,0.456,3,3,6,1,0,1,0,0,0,-1,0.456,0.429374340482896,False,False
F13_048_21,F13,48,21,0.447,0.447,3,3,7,1,0,1,0,0,0,-1,0.447,0.4303025042763647,False,False
F13_048_22,F13,48,22,0.441,0.441,3,3,1,1,0,1,0,0,0,-1,0.441,0.4314891411419932,False,False
F13_048_23,F13,48,23,0.436,0.436,3,3,6,1,0,1,0,0,0,-1,0.436,0.4315440324033045,False,False
F13_049_00,F13,49,0,0.165,0.165,3,3,5,1,1,1,0,0,0,-1,0.165,0.1841911009217039,False,False
F13_049_01,F13,49,1,0.164,0.164,3,3,4,1,0,1,0,0,0,-1,0.164,0.1824277070114797,False,False
F13_049_02,F13,49,2,0.163,0.163,3,3,3,1,0,1,0,0,0,-1,0.163,0.1823418769365732,False,False
F13_049_03,F13,49,3,0.162,0.162,3,3,2,1,0,1,0,0,0,-1,0.162,0.1815278184269606,False,False
F13_049_04,F13,49,4,0.161,0.161,3,3,1,1,0,1,0,0,0,-1,0.161,0.1801979182106034,False,False
F13_049_05,F13,49,5,0.16,0.16,2,2,6,1,0,1,1,0,0,-1,0.16,0.1785097896369747,False,False
F13_049_06,F13,49,6,0.159,0.159,3,3,9,1,0,1,0,0,0,-1,0.159,0.1705359517863527,False,False
F13_049_07,F13,49,7,0.083,0.083,3,2,3,1,0,1,0,0,0,-2,0.083,0.1607660023171969,False,False
F13_049_08,F13,49,8,0.063,0.063,3,2,3,1,0,1,0,0,0,-2,0.063,0.1565240597291994,False,False
F13_049_09,F13,49,9,0.063,0.063,3,2,3,1,0,1,0,0,0,-2,0.063,0.1640699861969665,False,False
F13_049_10,F13,49,10,0.098,0.098,3,2,8,1,0,1,0,0,0,-2,0.098,0.1629426784957234,False,False
F13_049_11,F13,49,11,0.153,0.153,3,3,3,1,0,1,0,0,0,-1,0.153,0.1640554118892818,False,False
F13_049_12,F13,49,12,0.163,0.163,3,3,3,1,0,1,0,0,0,-1,0.163,0.1733737344582281,False,False
F13_049_13,F13,49,13,0.165,0.165,3,3,5,1,1,1,0,0,0,-1,0.165,0.1784925316385699,False,False
F13_049_14,F13,49,14,0.168,0.168,3,3,8,1,0,1,0,0,0,-1,0.168,0.1787026394434443,False,False
F13_049_15,F13,49,15,0.168,0.168,3,3,8,1,0,1,0,0,0,-1,0.168,0.1817048864046632,False,False
F13_049_16,F13,49,16,0.168,0.168,3,3,8,1,0,1,0,0,0,-1,0.168,0.1819474007682564,False,False
F13_049_17,F13,49,17,0.168,0.168,3,3,8,1,0,1,0,0,0,-1,0.168,0.1817082243945977,False,False
F13_049_18,F13,49,18,0.167,0.167,3,3,7,1,0,1,0,0,0,-1,0.167,0.182513877679604,False,False
F13_049_19,F13,49,19,0.166,0.166,3,3,6,1,0,1,0,0,0,-1,0.166,0.1789823634532921,False,False
F13_049_20,F13,49,20,0.165,0.165,3,3,5,1,1,1,0,0,0,-1,0.165,0.1794641146926797,False,False
F13_049_21,F13,49,21,0.166,0.166,3,3,6,1,0,1,0,0,0,-1,0.166,0.1750580109512145,False,False
F13_049_22,F13,49,22,0.165,0.165,3,3,5,1,1,1,0,0,0,-1,0.165,0.1805127629970508,False,False
F13_049_23,F13,49,23,0.175,0.175,3,3,5,1,1,1,0,0,0,-1,0.1749999999999999,0.1799371910033945,False,False
F13_050_00,F13,50,0,0.431,0.431,3,3,1,1,0,1,0,0,0,-1,0.4309999999999999,0.4008485033668138,False,False
F13_050_01,F13,50,1,0.426,0.426,3,3,6,1,0,1,0,0,0,-1,0.4259999999999999,0.4034794376155558,False,False
F13_050_02,F13,50,2,0.421,0.421,3,3,1,1,0,1,0,0,0,-1,0.4209999999999999,0.4018047742084859,False,False
F13_050_03,F13,50,3,0.417,0.417,3,3,7,1,0,1,0,0,0,-1,0.4169999999999999,0.3987288131767798,False,False
F13_050_04,F13,50,4,0.414,0.414,3,3,4,1,0,1,0,0,0,-1,0.4139999999999999,0.3973824881334804,False,False
F13_050_05,F13,50,5,0.412,0.412,3,3,2,1,0,1,0,0,0,-1,0.4119999999999999,0.3950204742053263,False,False
F13_050_06,F13,50,6,0.409,0.409,3,3,9,1,0,1,0,0,0,-1,0.4089999999999999,0.3885376069227203,False,False
F13_050_07,F13,50,7,0.409,0.409,3,3,9,1,0,1,0,0,0,-1,0.4089999999999999,0.4007698610492959,False,False
F13_050_08,F13,50,8,0.42,0.42,2,2,2,1,0,1,1,0,0,-1,0.4199999999999999,0.4065366514346876,False,False
F13_050_09,F13,50,9,0.431,0.431,3,3,1,1,0,1,0,0,0,-1,0.4309999999999999,0.4017101780605831,False,False
F13_050_10,F13,50,10,0.448,0.448,3,3,8,1,0,1,0,0,0,-1,0.448,0.405251321105185,False,False
F13_050_11,F13,50,11,0.464,0.464,3,3,4,1,0,1,0,0,0,-1,0.464,0.4141791178000739,False,False
F13_050_12,F13,50,12,0.473,0.473,3,3,3,1,0,1,0,0,0,-1,0.4729999999999999,0.4167104558397056,False,False
F13_050_13,F13,50,13,0.481,0.481,3,3,1,1,0,1,0,0,0,-1,0.4809999999999999,0.4291448078923386,False,False
F13_050_14,F13,50,14,0.487,0.487,3,3,7,1,0,1,0,0,0,-1,0.4869999999999999,0.4290140565628547,False,False
F13_050_15,F13,50,15,0.491,0.491,3,3,1,1,0,1,0,0,0,-1,0.4909999999999999,0.4281584339129233,False,False
F13_050_16,F13,50,16,0.492,0.492,3,3,2,1,0,1,0,0,0,-1,0.4919999999999999,0.4241136011670465,False,False
F13_050_17,F13,50,17,0.492,0.492,3,3,2,1,0,1,0,0,0,-1,0.4919999999999999,0.4202526578756391,False,False
F13_050_18,F13,50,18,0.492,0.492,3,3,2,1,0,1,0,0,0,-1,0.4919999999999999,0.4177973566662652,False,False
F13_050_19,F13,50,19,0.488,0.488,3,3,8,1,0,1,0,0,0,-1,0.4879999999999999,0.4203578450356317,False,False
F13_050_20,F13,50,20,0.484,0.484,3,3,4,1,0,1,0,0,0,-1,0.4839999999999999,0.4209641972978196,False,False
F13_050_21,F13,50,21,0.477,0.477,3,3,7,1,0,1,0,0,0,-1,0.4769999999999999,0.4287649941001585,False,False
F13_050_22,F13,50,22,0.472,0.472,3,3,2,1,0,1,0,0,0,-1,0.4719999999999999,0.4283322003474996,False,False
F13_050_23,F13,50,23,0.456,0.456,3,3,6,1,0,1,0,0,0,-1,0.456,0.4289695307321717,False,False
F13_051_00,F13,51,0,0.434,0.434,3,3,4,1,0,1,0,0,0,-1,0.434,0.4037441664361546,False,False
F13_051_01,F13,51,1,0.461,0.461,3,3,1,1,0,1,0,0,0,-1,0.461,0.3997490032406519,False,False
F13_051_02,F13,51,2,0.458,0.458,3,3,8,1,0,1,0,0,0,-1,0.458,0.3990300663740344,False,False
F13_051_03,F13,51,3,0.455,0.455,3,3,5,1,1,1,0,0,0,-1,0.455,0.3995884445528241,False,False
F13_051_04,F13,51,4,0.452,0.452,3,3,2,1,0,1,0,0,0,-1,0.452,0.3979123065046642,False,False
F13_051_05,F13,51,5,0.45,0.45,2,2,5,1,1,1,1,0,0,-1,0.45,0.3961829324534492,False,False
F13_051_06,F13,51,6,0.448,0.448,3,3,8,1,0,1,0,0,0,-1,0.448,0.3928356162471813,False,False
F13_051_07,F13,51,7,0.461,0.461,3,3,1,1,0,1,0,0,0,-1,0.461,0.3985288930031462,False,False
F13_051_08,F13,51,8,0.468,0.468,3,3,8,1,0,1,0,0,0,-1,0.468,0.4046338113490632,False,False
F13_051_09,F13,51,9,0.47,0.47,2,2,7,1,0,1,1,0,0,-1,0.4699999999999999,0.3951271486040898,False,False
F13_051_10,F13,51,10,0.477,0.477,3,3,7,1,0,1,0,0,0,-1,0.4769999999999999,0.4120886752021663,False,False
F13_051_11,F13,51,11,0.49,0.49,2,2,9,1,0,1,1,0,0,-1,0.4899999999999999,0.425184170954292,False,False
F13_051_12,F13,51,12,0.504,0.504,3,3,4,1,0,1,0,0,0,-1,0.504,0.4308248230119493,False,False
F13_051_13,F13,51,13,0.51,0.51,2,2,1,1,0,1,1,0,0,-1,0.51,0.4321518449181125,False,False
F13_051_14,F13,51,14,0.512,0.512,3,3,2,1,0,1,0,0,0,-1,0.512,0.4369247157216461,False,False
F13_051_15,F13,51,15,0.515,0.515,3,3,5,1,1,1,0,0,0,-1,0.515,0.4408942045422816,False,False
F13_051_16,F13,51,16,0.521,0.521,3,3,1,1,0,1,0,0,0,-1,0.521,0.4328053228961308,False,False
F13_051_17,F13,51,17,0.521,0.521,3,3,1,1,0,1,0,0,0,-1,0.521,0.4298057861111339,False,False
F13_051_18,F13,51,18,0.518,0.518,3,3,8,1,0,1,0,0,0,-1,0.518,0.4343725672206513,False,False
F13_051_19,F13,51,19,0.514,0.514,3,3,4,1,0,1,0,0,0,-1,0.514,0.4331017705220932,False,False
F13_051_20,F13,51,20,0.507,0.507,3,3,7,1,0,1,0,0,0,-1,0.507,0.4352269283634289,False,False
F13_051_21,F13,51,21,0.501,0.501,3,3,1,1,0,1,0,0,0,-1,0.501,0.4426763098584267,False,False
F13_051_22,F13,51,22,0.498,0.498,3,3,8,1,0,1,0,0,0,-1,0.498,0.4426079205356897,False,False
F13_051_23,F13,51,23,0.497,0.497,3,3,7,1,0,1,0,0,0,-1,0.497,0.4411050608228243,False,False
F13_052_00,F13,52,0,0.229,0.229,3,3,9,1,0,1,0,0,0,-1,0.229,0.2387207087912964,False,False
F13_052_01,F13,52,1,0.235,0.235,3,3,5,1,1,1,0,0,0,-1,0.2349999999999999,0.2403549256916984,False,False
F13_052_02,F13,52,2,0.234,0.234,3,3,4,1,0,1,0,0,0,-1,0.234,0.2409514275033987,False,False
F13_052_03,F13,52,3,0.233,0.233,3,3,3,1,0,1,0,0,0,-1,0.233,0.2398054926239836,False,False
F13_052_04,F13,52,4,0.233,0.233,3,3,3,1,0,1,0,0,0,-1,0.233,0.2402505169622573,False,False
F13_052_05,F13,52,5,0.232,0.232,3,3,2,1,0,1,0,0,0,-1,0.232,0.2344417058495547,False,False
F13_052_06,F13,52,6,0.231,0.231,3,3,1,1,0,1,0,0,0,-1,0.231,0.2404027769802175,False,False
F13_052_07,F13,52,7,0.231,0.231,3,3,1,1,0,1,0,0,0,-1,0.231,0.2336366625800641,False,False
F13_052_08,F13,52,8,0.231,0.231,3,3,1,1,0,1,0,0,0,-1,0.231,0.2390515012643341,False,False
F13_052_09,F13,52,9,0.231,0.231,3,3,1,1,0,1,0,0,0,-1,0.231,0.2379014178667698,False,False
F13_052_10,F13,52,10,0.232,0.232,3,3,2,1,0,1,0,0,0,-1,0.232,0.2360026243281026,False,False
F13_052_11,F13,52,11,0.233,0.233,3,3,3,1,0,1,0,0,0,-1,0.233,0.2455425703705872,False,False
F13_052_12,F13,52,12,0.235,0.235,3,3,5,1,1,1,0,0,0,-1,0.2349999999999999,0.2515984255858629,False,False
F13_052_13,F13,52,13,0.237,0.237,3,3,7,1,0,1,0,0,0,-1,0.2369999999999999,0.254304374907389,False,False
F13_052_14,F13,52,14,0.238,0.238,3,3,8,1,0,1,0,0,0,-1,0.2379999999999999,0.2564209495549263,False,False
F13_052_15,F13,52,15,0.238,0.238,3,3,8,1,0,1,0,0,0,-1,0.2379999999999999,0.2547272579746195,False,False
F13_052_16,F13,52,16,0.237,0.237,3,3,7,1,0,1,0,0,0,-1,0.2369999999999999,0.2520728386205122,False,False
F13_052_17,F13,52,17,0.237,0.237,3,3,7,1,0,1,0,0,0,-1,0.2369999999999999,0.252053583057115,False,False
F13_052_18,F13,52,18,0.236,0.236,3,3,6,1,0,1,0,0,0,-1,0.2359999999999999,0.2486538054363019,False,False
F13_052_19,F13,52,19,0.235,0.235,3,3,5,1,1,1,0,0,0,-1,0.2349999999999999,0.2494044672974073,False,False
F13_052_20,F13,52,20,0.235,0.235,3,3,5,1,1,1,0,0,0,-1,0.2349999999999999,0.2497829205313239,False,False
F13_052_21,F13,52,21,0.234,0.234,3,3,4,1,0,1,0,0,0,-1,0.234,0.2496337060304848,False,False
F13_052_22,F13,52,22,0.233,0.233,3,3,3,1,0,1,0,0,0,-1,0.233,0.2490330951527302,False,False
F13_052_23,F13,52,23,0.232,0.232,3,3,2,1,0,1,0,0,0,-1,0.232,0.2477248265544025,False,False
F13_053_00,F13,53,0,0.232,0.232,3,3,2,1,0,1,0,0,0,-1,0.232,0.2686243032137029,False,False
F13_053_01,F13,53,1,0.231,0.231,3,3,1,1,0,1,0,0,0,-1,0.231,0.2721331142603706,False,False
F13_053_02,F13,53,2,0.231,0.231,3,3,1,1,0,1,0,0,0,-1,0.231,0.2732120860995043,False,False
F13_053_03,F13,53,3,0.231,0.231,3,3,1,1,0,1,0,0,0,-1,0.231,0.2622060307202059,False,False
F13_053_04,F13,53,4,0.23,0.23,2,2,3,1,0,1,1,0,0,-1,0.23,0.2676176717653793,False,True
F13_053_05,F13,53,5,0.23,0.23,2,2,3,1,0,1,1,0,0,-1,0.23,0.2667665787199501,False,True
F13_053_06,F13,53,6,0.23,0.23,2,2,3,1,0,1,1,0,0,-1,0.23,0.2718319369001308,False,True
F13_053_07,F13,53,7,0.23,0.23,2,2,3,1,0,1,1,0,0,-1,0.23,0.25550842403058,False,True
F13_053_08,F13,53,8,0.23,0.23,2,2,3,1,0,1,1,0,0,-1,0.23,0.2606377780903239,False,True
F13_053_09,F13,53,9,0.23,0.23,2,2,3,1,0,1,1,0,0,-1,0.23,0.2581690383421508,False,True
F13_053_10,F13,53,10,0.233,0.233,3,3,3,1,0,1,0,0,0,-1,0.233,0.2560025305423168,False,False
F13_053_11,F13,53,11,0.235,0.235,3,3,5,1,1,1,0,0,0,-1,0.2349999999999999,0.2614149192409628,False,False
F13_053_12,F13,53,12,0.237,0.237,3,3,7,1,0,1,0,0,0,-1,0.2369999999999999,0.2599624213771117,False,False
F13_053_13,F13,53,13,0.238,0.238,3,3,8,1,0,1,0,0,0,-1,0.2379999999999999,0.2614802411464284,False,False
F13_053_14,F13,53,14,0.241,0.241,3,3,1,1,0,1,0,0,0,-1,0.2409999999999999,0.2675873286081742,False,False
F13_053_15,F13,53,15,0.244,0.244,3,3,4,1,0,1,0,0,0,-1,0.2439999999999999,0.2681275603351759,False,False
F13_053_16,F13,53,16,0.246,0.246,3,3,6,1,0,1,0,0,0,-1,0.246,0.2658255724331568,False,False
F13_053_17,F13,53,17,0.245,0.245,3,3,5,1,1,1,0,0,0,-1,0.245,0.2760635367709229,False,False
F13_053_18,F13,53,18,0.245,0.245,3,3,5,1,1,1,0,0,0,-1,0.245,0.2740580815678037,False,False
F13_053_19,F13,53,19,0.245,0.245,3,3,5,1,1,1,0,0,0,-1,0.245,0.2721158876784889,False,False
F13_053_20,F13,53,20,0.244,0.244,3,3,4,1,0,1,0,0,0,-1,0.2439999999999999,0.2714068253628712,False,False
F13_053_21,F13,53,21,0.243,0.243,3,3,3,1,0,1,0,0,0,-1,0.2429999999999999,0.2701962595152444,False,False
F13_053_22,F13,53,22,0.242,0.242,3,3,2,1,0,1,0,0,0,-1,0.2419999999999999,0.2698875475316984,False,False
F13_053_23,F13,53,23,0.241,0.241,3,3,1,1,0,1,0,0,0,-1,0.2409999999999999,0.2686722424966794,False,False
F13_054_00,F13,54,0,0.24,0.24,2,2,4,1,0,1,1,0,0,-1,0.2399999999999999,0.2799532673267737,False,False
F13_054_01,F13,54,1,0.239,0.239,3,3,9,1,0,1,0,0,0,-1,0.2389999999999999,0.2787718797080125,False,False
F13_054_02,F13,54,2,0.239,0.239,3,3,9,1,0,1,0,0,0,-1,0.2389999999999999,0.2893891570822044,False,False
F13_054_03,F13,54,3,0.238,0.238,3,3,8,1,0,1,0,0,0,-1,0.2379999999999999,0.2892816065552098,False,False
F13_054_04,F13,54,4,0.238,0.238,3,3,8,1,0,1,0,0,0,-1,0.2379999999999999,0.2884098987192745,False,False
F13_054_05,F13,54,5,0.238,0.238,3,3,8,1,0,1,0,0,0,-1,0.2379999999999999,0.287209886383449,False,False
F13_054_06,F13,54,6,0.237,0.237,3,3,7,1,0,1,0,0,0,-1,0.2369999999999999,0.2842679460892232,False,False
F13_054_07,F13,54,7,0.237,0.237,3,3,7,1,0,1,0,0,0,-1,0.2369999999999999,0.2797975078546135,False,False
F13_054_08,F13,54,8,0.237,0.237,3,3,7,1,0,1,0,0,0,-1,0.2369999999999999,0.275185344013924,False,False
F13_054_09,F13,54,9,0.238,0.238,3,3,8,1,0,1,0,0,0,-1,0.2379999999999999,0.2714891755115485,False,False
F13_054_10,F13,54,10,0.239,0.239,3,3,9,1,0,1,0,0,0,-1,0.2389999999999999,0.2781591940355498,False,False
F13_054_11,F13,54,11,0.242,0.242,3,3,2,1,0,1,0,0,0,-1,0.2419999999999999,0.2803989098931285,False,False
F13_054_12,F13,54,12,0.245,0.245,3,3,5,1,1,1,0,0,0,-1,0.245,0.2819794135044926,False,False
F13_054_13,F13,54,13,0.249,0.249,3,3,9,1,0,1,0,0,0,-1,0.249,0.2863111624486578,False,False
F13_054_14,F13,54,14,0.252,0.252,3,3,2,1,0,1,0,0,0,-1,0.252,0.2879398901365457,False,False
F13_054_15,F13,54,15,0.254,0.254,3,3,4,1,0,1,0,0,0,-1,0.254,0.2924508111598963,False,False
F13_054_16,F13,54,16,0.255,0.255,3,3,5,1,1,1,0,0,0,-1,0.255,0.2982549402919282,False,False
F13_054_17,F13,54,17,0.254,0.254,3,3,4,1,0,1,0,0,0,-1,0.254,0.2972432384366715,False,False
F13_054_18,F13,54,18,0.254,0.254,3,3,4,1,0,1,0,0,0,-1,0.254,0.3003560344079985,False,False
F13_054_19,F13,54,19,0.252,0.252,3,3,2,1,0,1,0,0,0,-1,0.252,0.2979020534941896,False,False
F13_054_20,F13,54,20,0.251,0.251,3,3,1,1,0,1,0,0,0,-1,0.251,0.3007529499989779,False,False
F13_054_21,F13,54,21,0.249,0.249,3,3,9,1,0,1,0,0,0,-1,0.249,0.3014134763697725,False,False
F13_054_22,F13,54,22,0.247,0.247,3,3,7,1,0,1,0,0,0,-1,0.247,0.3000187083084483,False,False
F13_054_23,F13,54,23,0.245,0.245,3,3,5,1,1,1,0,0,0,-1,0.245,0.3003513797068139,False,False
F13_055_00,F13,55,0,0.511,0.511,3,3,1,1,0,1,0,0,0,-1,0.511,0.4536946786260293,False,False
F13_055_01,F13,55,1,0.508,0.508,3,3,8,1,0,1,0,0,0,-1,0.508,0.4517507559916669,False,False
F13_055_02,F13,55,2,0.504,0.504,3,3,4,1,0,1,0,0,0,-1,0.504,0.4519918473120844,False,False
F13_055_03,F13,55,3,0.499,0.499,3,3,9,1,0,1,0,0,0,-1,0.499,0.4517418205169111,False,False
F13_055_04,F13,55,4,0.496,0.496,3,3,6,1,0,1,0,0,0,-1,0.496,0.4504568413818876,False,False
F13_055_05,F13,55,5,0.492,0.492,3,3,2,1,0,1,0,0,0,-1,0.4919999999999999,0.4494273465010194,False,False
F13_055_06,F13,55,6,0.489,0.489,3,3,9,1,0,1,0,0,0,-1,0.4889999999999999,0.4476925406191723,False,False
F13_055_07,F13,55,7,0.488,0.488,3,3,8,1,0,1,0,0,0,-1,0.4879999999999999,0.449169305358629,False,False
F13_055_08,F13,55,8,0.493,0.493,3,3,3,1,0,1,0,0,0,-1,0.4929999999999999,0.4631461112845055,False,False
F13_055_09,F13,55,9,0.496,0.496,3,3,6,1,0,1,0,0,0,-1,0.496,0.4644125643817481,False,False
F13_055_10,F13,55,10,0.506,0.506,3,3,6,1,0,1,0,0,0,-1,0.506,0.4564789555619611,False,False
F13_055_11,F13,55,11,0.522,0.522,3,3,2,1,0,1,0,0,0,-1,0.522,0.4607843601420776,False,False
F13_055_12,F13,55,12,0.527,0.527,3,3,7,1,0,1,0,0,0,-1,0.527,0.4675744224627993,False,False
F13_055_13,F13,55,13,0.531,0.531,3,3,1,1,0,1,0,0,0,-1,0.531,0.4742423864894914,False,False
F13_055_14,F13,55,14,0.533,0.533,3,3,3,1,0,1,0,0,0,-1,0.533,0.4793941912199586,False,False
F13_055_15,F13,55,15,0.543,0.543,3,3,3,1,0,1,0,0,0,-1,0.543,0.4773988681542067,False,False
F13_055_16,F13,55,16,0.553,0.553,3,3,3,1,0,1,0,0,0,-1,0.553,0.489383315976032,False,False
F13_055_17,F13,55,17,0.554,0.554,3,3,4,1,0,1,0,0,0,-1,0.554,0.4897694078217356,False,False
F13_055_18,F13,55,18,0.554,0.554,3,3,4,1,0,1,0,0,0,-1,0.554,0.4914467015371517,False,False
F13_055_19,F13,55,19,0.549,0.549,3,3,9,1,0,1,0,0,0,-1,0.549,0.4861590454122439,False,False
F13_055_20,F13,55,20,0.542,0.542,3,3,2,1,0,1,0,0,0,-1,0.542,0.4752893641758369,False,False
F13_055_21,F13,55,21,0.533,0.533,3,3,3,1,0,1,0,0,0,-1,0.533,0.464624348148676,False,False
F13_055_22,F13,55,22,0.529,0.529,3,3,9,1,0,1,0,0,0,-1,0.529,0.4640513067173545,False,False
F13_055_23,F13,55,23,0.526,0.526,3,3,6,1,0,1,0,0,0,-1,0.526,0.4628445845834797,False,False
F13_056_00,F13,56,0,0.26,0.26,2,2,6,1,0,1,1,0,0,-1,0.26,0.270879923633117,False,False
F13_056_01,F13,56,1,0.257,0.257,3,3,7,1,0,1,0,0,0,-1,0.257,0.2654505201405197,False,False
F13_056_02,F13,56,2,0.254,0.254,3,3,4,1,0,1,0,0,0,-1,0.254,0.2714364458066459,False,False
F13_056_03,F13,56,3,0.252,0.252,3,3,2,1,0,1,0,0,0,-1,0.252,0.2652732519431849,False,False
F13_056_04,F13,56,4,0.25,0.25,2,2,5,1,1,1,1,0,0,-1,0.25,0.2648294369268027,False,False
F13_056_05,F13,56,5,0.249,0.249,3,3,9,1,0,1,0,0,0,-1,0.249,0.2634351119839754,False,False
F13_056_06,F13,56,6,0.247,0.247,3,3,7,1,0,1,0,0,0,-1,0.247,0.2672321112171312,False,False
F13_056_07,F13,56,7,0.247,0.247,3,3,7,1,0,1,0,0,0,-1,0.247,0.2536009357497754,False,False
F13_056_08,F13,56,8,0.25,0.25,2,2,5,1,1,1,1,0,0,-1,0.25,0.2582296706547831,False,False
F13_056_09,F13,56,9,0.251,0.251,3,3,1,1,0,1,0,0,0,-1,0.251,0.2559539541580317,False,False
F13_056_10,F13,56,10,0.253,0.253,3,3,3,1,0,1,0,0,0,-1,0.253,0.2481890034432708,False,False
F13_056_11,F13,56,11,0.258,0.258,3,3,8,1,0,1,0,0,0,-1,0.258,0.2518340197012995,False,False
F13_056_12,F13,56,12,0.26,0.26,2,2,6,1,0,1,1,0,0,-1,0.26,0.2569206913015976,False,False
F13_056_13,F13,56,13,0.262,0.262,3,3,2,1,0,1,0,0,0,-1,0.262,0.2640490591613524,False,False
F13_056_14,F13,56,14,0.265,0.265,3,3,5,1,1,1,0,0,0,-1,0.265,0.2632651947886398,False,False
F13_056_15,F13,56,15,0.267,0.267,3,3,7,1,0,1,0,0,0,-1,0.267,0.2598566941101124,False,False
F13_056_16,F13,56,16,0.268,0.268,3,3,8,1,0,1,0,0,0,-1,0.268,0.2623273834898812,False,False
F13_056_17,F13,56,17,0.266,0.266,3,3,6,1,0,1,0,0,0,-1,0.266,0.2628145863976825,False,False
F13_056_18,F13,56,18,0.265,0.265,3,3,5,1,1,1,0,0,0,-1,0.265,0.2643665804355706,False,False
F13_056_19,F13,56,19,0.264,0.264,3,3,4,1,0,1,0,0,0,-1,0.264,0.2641999593948951,False,False
F13_056_20,F13,56,20,0.262,0.262,3,3,2,1,0,1,0,0,0,-1,0.262,0.2643509588116174,False,False
F13_056_21,F13,56,21,0.261,0.261,3,3,1,1,0,1,0,0,0,-1,0.261,0.2630064477412065,False,False
F13_056_22,F13,56,22,0.259,0.259,3,3,9,1,0,1,0,0,0,-1,0.259,0.2630682100465878,False,False
F13_056_23,F13,56,23,0.258,0.258,3,3,8,1,0,1,0,0,0,-1,0.258,0.2632744199346565,False,False
F13_057_00,F13,57,0,0.534,0.534,3,3,4,1,0,1,0,0,0,-1,0.534,0.4349615726265335,False,False
F13_057_01,F13,57,1,0.531,0.531,3,3,1,1,0,1,0,0,0,-1,0.531,0.4373333772363176,False,False
F13_057_02,F13,57,2,0.528,0.528,3,3,8,1,0,1,0,0,0,-1,0.528,0.4359722627029891,False,False
F13_057_03,F13,57,3,0.525,0.525,3,3,5,1,1,1,0,0,0,-1,0.525,0.4303875271363868,False,False
F13_057_04,F13,57,4,0.522,0.522,3,3,2,1,0,1,0,0,0,-1,0.522,0.4263388995198059,False,False
F13_057_05,F13,57,5,0.52,0.52,2,2,2,1,0,1,1,0,0,-1,0.52,0.4217514217222091,False,False
F13_057_06,F13,57,6,0.517,0.517,3,3,7,1,0,1,0,0,0,-1,0.517,0.4182953531324281,False,False
F13_057_07,F13,57,7,0.529,0.529,3,3,9,1,0,1,0,0,0,-1,0.529,0.4223264121547051,False,False
F13_057_08,F13,57,8,0.534,0.534,3,3,4,1,0,1,0,0,0,-1,0.534,0.4379471147964865,False,False
F13_057_09,F13,57,9,0.535,0.535,3,3,5,1,1,1,0,0,0,-1,0.535,0.4403225225108746,False,False
F13_057_10,F13,57,10,0.539,0.539,3,3,9,1,0,1,0,0,0,-1,0.539,0.4437107486415002,False,False
F13_057_11,F13,57,11,0.551,0.551,3,3,1,1,0,1,0,0,0,-1,0.551,0.4587101588467006,False,False
F13_057_12,F13,57,12,0.561,0.561,3,3,1,1,0,1,0,0,0,-1,0.561,0.4556718778160833,False,False
F13_057_13,F13,57,13,0.563,0.563,3,3,3,1,0,1,0,0,0,-1,0.563,0.4684428891027903,False,False
F13_057_14,F13,57,14,0.571,0.571,3,3,1,1,0,1,0,0,0,-1,0.571,0.4761186125807183,False,False
F13_057_15,F13,57,15,0.579,0.579,3,3,9,1,0,1,0,0,0,-1,0.5789999999999998,0.4712570721406123,False,False
F13_057_16,F13,57,16,0.58,0.58,2,2,8,1,0,1,1,0,0,-1,0.5799999999999998,0.4775711849817558,False,False
F13_057_17,F13,57,17,0.579,0.579,3,3,9,1,0,1,0,0,0,-1,0.5789999999999998,0.4805047130003225,False,False
F13_057_18,F13,57,18,0.578,0.578,3,3,8,1,0,1,0,0,0,-1,0.5779999999999998,0.4812614467462425,False,False
F13_057_19,F13,57,19,0.575,0.575,3,3,5,1,1,1,0,0,0,-1,0.5749999999999998,0.4764667512910678,False,False
F13_057_20,F13,57,20,0.569,0.569,3,3,9,1,0,1,0,0,0,-1,0.569,0.4759694151681013,False,False
F13_057_21,F13,57,21,0.561,0.561,3,3,1,1,0,1,0,0,0,-1,0.561,0.4714148164633162,False,False
F13_057_22,F13,57,22,0.557,0.557,3,3,7,1,0,1,0,0,0,-1,0.557,0.4699267914868293,False,False
F13_057_23,F13,57,23,0.553,0.553,3,3,3,1,0,1,0,0,0,-1,0.553,0.4698561807066877,False,False
F13_058_00,F13,58,0,0.256,0.256,3,3,6,1,0,1,0,0,0,-1,0.256,0.2498590845975154,False,False
F13_058_01,F13,58,1,0.255,0.255,3,3,5,1,1,1,0,0,0,-1,0.255,0.2494182030308173,False,False
F13_058_02,F13,58,2,0.254,0.254,3,3,4,1,0,1,0,0,0,-1,0.254,0.2470332962261665,False,False
F13_058_03,F13,58,3,0.253,0.253,3,3,3,1,0,1,0,0,0,-1,0.253,0.2466129021855126,False,False
F13_058_04,F13,58,4,0.251,0.251,3,3,1,1,0,1,0,0,0,-1,0.251,0.2432725082727273,False,False
F13_058_05,F13,58,5,0.25,0.25,2,2,5,1,1,1,1,0,0,-1,0.25,0.2374772754203446,False,False
F13_058_06,F13,58,6,0.249,0.249,3,3,9,1,0,1,0,0,0,-1,0.249,0.2387429655353716,False,False
F13_058_07,F13,58,7,0.25,0.25,2,2,5,1,1,1,1,0,0,-1,0.25,0.2391854669190273,False,False
F13_058_08,F13,58,8,0.253,0.253,3,3,3,1,0,1,0,0,0,-1,0.253,0.2388955262985228,False,False
F13_058_09,F13,58,9,0.254,0.254,3,3,4,1,0,1,0,0,0,-1,0.254,0.2446293567977833,False,False
F13_058_10,F13,58,10,0.257,0.257,3,3,7,1,0,1,0,0,0,-1,0.257,0.2379964374565276,False,False
F13_058_11,F13,58,11,0.259,0.259,3,3,9,1,0,1,0,0,0,-1,0.259,0.2369900821076678,False,False
F13_058_12,F13,58,12,0.261,0.261,3,3,1,1,0,1,0,0,0,-1,0.261,0.2411742454957696,False,False
F13_058_13,F13,58,13,0.26,0.26,2,2,6,1,0,1,1,0,0,-1,0.26,0.2464097940077778,False,False
F13_058_14,F13,58,14,0.263,0.263,3,3,3,1,0,1,0,0,0,-1,0.263,0.2491374464594424,False,False
F13_058_15,F13,58,15,0.264,0.264,3,3,4,1,0,1,0,0,0,-1,0.264,0.2506338339348478,False,False
F13_058_16,F13,58,16,0.265,0.265,3,3,5,1,1,1,0,0,0,-1,0.265,0.2515960616137815,False,False
F13_058_17,F13,58,17,0.265,0.265,3,3,5,1,1,1,0,0,0,-1,0.265,0.2558516984755226,False,False
F13_058_18,F13,58,18,0.265,0.265,3,3,5,1,1,1,0,0,0,-1,0.265,0.2499769384687409,False,False
F13_058_19,F13,58,19,0.265,0.265,3,3,5,1,1,1,0,0,0,-1,0.265,0.2515643323186923,False,False
F13_058_20,F13,58,20,0.264,0.264,3,3,4,1,0,1,0,0,0,-1,0.264,0.2506449489651022,False,False
F13_058_21,F13,58,21,0.263,0.263,3,3,3,1,0,1,0,0,0,-1,0.263,0.2495986572628988,False,False
F13_058_22,F13,58,22,0.263,0.263,3,3,3,1,0,1,0,0,0,-1,0.263,0.2497925937884806,False,False
F13_058_23,F13,58,23,0.262,0.262,3,3,2,1,0,1,0,0,0,-1,0.262,0.2495623679385956,False,False
F13_059_00,F13,59,0,0.261,0.261,3,3,1,1,0,1,0,0,0,-1,0.261,0.2412707013504529,False,False
F13_059_01,F13,59,1,0.26,0.26,2,2,6,1,0,1,1,0,0,-1,0.26,0.2397071977578735,False,False
F13_059_02,F13,59,2,0.26,0.26,2,2,6,1,0,1,1,0,0,-1,0.26,0.2347817780586432,False,False
F13_059_03,F13,59,3,0.259,0.259,3,3,9,1,0,1,0,0,0,-1,0.259,0.2341965699439623,False,False
F13_059_04,F13,59,4,0.258,0.258,3,3,8,1,0,1,0,0,0,-1,0.258,0.2330897486969608,False,False
F13_059_05,F13,59,5,0.258,0.258,3,3,8,1,0,1,0,0,0,-1,0.258,0.2315983043346358,False,False
F13_059_06,F13,59,6,0.257,0.257,3,3,7,1,0,1,0,0,0,-1,0.257,0.2319402432217582,False,False
F13_059_07,F13,59,7,0.257,0.257,3,3,7,1,0,1,0,0,0,-1,0.257,0.2292078193516831,False,False
F13_059_08,F13,59,8,0.258,0.258,3,3,8,1,0,1,0,0,0,-1,0.258,0.2326053496890438,False,False
F13_059_09,F13,59,9,0.257,0.257,3,3,7,1,0,1,0,0,0,-1,0.257,0.2357505184684132,False,False
F13_059_10,F13,59,10,0.257,0.257,3,3,7,1,0,1,0,0,0,-1,0.257,0.2286217548107059,False,False
F13_059_11,F13,59,11,0.254,0.254,3,3,4,1,0,1,0,0,0,-1,0.254,0.2315454895753336,False,False
F13_059_12,F13,59,12,0.258,0.258,3,3,8,1,0,1,0,0,0,-1,0.258,0.2350808627061559,False,False
F13_059_13,F13,59,13,0.262,0.262,3,3,2,1,0,1,0,0,0,-1,0.262,0.2431783712615984,False,False
F13_059_14,F13,59,14,0.263,0.263,3,3,3,1,0,1,0,0,0,-1,0.263,0.2428194050396576,False,False
F13_059_15,F13,59,15,0.266,0.266,3,3,6,1,0,1,0,0,0,-1,0.266,0.2418218758737624,False,False
F13_059_16,F13,59,16,0.267,0.267,3,3,7,1,0,1,0,0,0,-1,0.267,0.2411015104063843,False,False
F13_059_17,F13,59,17,0.268,0.268,3,3,8,1,0,1,0,0,0,-1,0.268,0.2475957404639513,False,False
F13_059_18,F13,59,18,0.269,0.269,3,3,9,1,0,1,0,0,0,-1,0.269,0.2436607780852153,False,False
F13_059_19,F13,59,19,0.27,0.27,2,2,7,1,0,1,1,0,0,-1,0.27,0.2448921900928613,False,False
F13_059_20,F13,59,20,0.27,0.27,2,2,7,1,0,1,1,0,0,-1,0.27,0.2444873114930881,False,False
F13_059_21,F13,59,21,0.269,0.269,3,3,9,1,0,1,0,0,0,-1,0.269,0.2434138537141153,False,False
F13_059_22,F13,59,22,0.269,0.269,3,3,9,1,0,1,0,0,0,-1,0.269,0.2415868161507881,False,False
F13_059_23,F13,59,23,0.268,0.268,3,3,8,1,0,1,0,0,0,-1,0.268,0.2396670613345293,False,False
F13_060_00,F13,60,0,0.267,0.267,3,3,7,1,0,1,0,0,0,-1,0.267,0.2206815513595309,False,False
F13_060_01,F13,60,1,0.265,0.265,3,3,5,1,1,1,0,0,0,-1,0.265,0.2180557525664312,False,False
F13_060_02,F13,60,2,0.264,0.264,3,3,4,1,0,1,0,0,0,-1,0.264,0.2203200347343175,False,False
F13_060_03,F13,60,3,0.263,0.263,3,3,3,1,0,1,0,0,0,-1,0.263,0.2198708233490323,False,False
F13_060_04,F13,60,4,0.261,0.261,3,3,1,1,0,1,0,0,0,-1,0.261,0.2176187466346762,False,False
F13_060_05,F13,60,5,0.26,0.26,2,2,6,1,0,1,1,0,0,-1,0.26,0.2175522493127727,False,False
F13_060_06,F13,60,6,0.259,0.259,3,3,9,1,0,1,0,0,0,-1,0.259,0.2166304882500301,False,False
F13_060_07,F13,60,7,0.259,0.259,3,3,9,1,0,1,0,0,0,-1,0.259,0.2127980966606373,False,False
F13_060_08,F13,60,8,0.255,0.255,3,3,5,1,1,1,0,0,0,-1,0.255,0.2188215454969953,False,False
F13_060_09,F13,60,9,0.252,0.252,3,3,2,1,0,1,0,0,0,-1,0.252,0.2216799893642048,False,False
F13_060_10,F13,60,10,0.254,0.254,3,3,4,1,0,1,0,0,0,-1,0.254,0.2191701877202998,False,False
F13_060_11,F13,60,11,0.259,0.259,3,3,9,1,0,1,0,0,0,-1,0.259,0.2170379259789435,False,False
F13_060_12,F13,60,12,0.263,0.263,3,3,3,1,0,1,0,0,0,-1,0.263,0.2199966285419431,False,False
F13_060_13,F13,60,13,0.267,0.267,3,3,7,1,0,1,0,0,0,-1,0.267,0.224742305721803,False,False
F13_060_14,F13,60,14,0.267,0.267,3,3,7,1,0,1,0,0,0,-1,0.267,0.2276683135059945,False,False
F13_060_15,F13,60,15,0.27,0.27,2,2,7,1,0,1,1,0,0,-1,0.27,0.2290090512891012,False,False
F13_060_16,F13,60,16,0.271,0.271,3,3,1,1,0,1,0,0,0,-1,0.271,0.2307833339541328,False,False
F13_060_17,F13,60,17,0.272,0.272,3,3,2,1,0,1,0,0,0,-1,0.272,0.2335096277353453,False,False
F13_060_18,F13,60,18,0.273,0.273,3,3,3,1,0,1,0,0,0,-1,0.273,0.2330074455958923,False,False
F13_060_19,F13,60,19,0.273,0.273,3,3,3,1,0,1,0,0,0,-1,0.273,0.2354421941491164,False,False
F13_060_20,F13,60,20,0.272,0.272,3,3,2,1,0,1,0,0,0,-1,0.272,0.234849948581896,False,False
F13_060_21,F13,60,21,0.272,0.272,3,3,2,1,0,1,0,0,0,-1,0.272,0.2340322268795294,False,False
F13_060_22,F13,60,22,0.271,0.271,3,3,1,1,0,1,0,0,0,-1,0.271,0.2323113035219697,False,False
F13_060_23,F13,60,23,0.27,0.27,2,2,7,1,0,1,1,0,0,-1,0.27,0.2321157129333908,False,False
F13_061_00,F13,61,0,0.269,0.269,3,3,9,1,0,1,0,0,0,-1,0.269,0.2369283903754805,False,False
F13_061_01,F13,61,1,0.267,0.267,3,3,7,1,0,1,0,0,0,-1,0.267,0.2318170714987041,False,False
F13_061_02,F13,61,2,0.266,0.266,3,3,6,1,0,1,0,0,0,-1,0.266,0.2347678426532014,False,False
F13_061_03,F13,61,3,0.264,0.264,3,3,4,1,0,1,0,0,0,-1,0.264,0.2336754127200795,False,False
F13_061_04,F13,61,4,0.263,0.263,3,3,3,1,0,1,0,0,0,-1,0.263,0.2308807864890244,False,False
F13_061_05,F13,61,5,0.262,0.262,3,3,2,1,0,1,0,0,0,-1,0.262,0.2289565749912365,False,False
F13_061_06,F13,61,6,0.261,0.261,3,3,1,1,0,1,0,0,0,-1,0.261,0.2344567137845764,False,False
F13_061_07,F13,61,7,0.261,0.261,3,3,1,1,0,1,0,0,0,-1,0.261,0.2263767035227017,False,False
F13_061_08,F13,61,8,0.256,0.256,3,3,6,1,0,1,0,0,0,-1,0.256,0.2295053032400397,False,False
F13_061_09,F13,61,9,0.253,0.253,3,3,3,1,0,1,0,0,0,-1,0.253,0.2413700830735889,False,False
F13_061_10,F13,61,10,0.254,0.254,3,3,4,1,0,1,0,0,0,-1,0.254,0.2399594673171972,False,False
F13_061_11,F13,61,11,0.257,0.257,3,3,7,1,0,1,0,0,0,-1,0.257,0.246165860442449,False,False
F13_061_12,F13,61,12,0.26,0.26,2,2,6,1,0,1,1,0,0,-1,0.26,0.2433314920322819,False,False
F13_061_13,F13,61,13,0.264,0.264,3,3,4,1,0,1,0,0,0,-1,0.264,0.2413236375151051,False,False
F13_061_14,F13,61,14,0.265,0.265,3,3,5,1,1,1,0,0,0,-1,0.265,0.2492301105830782,False,False
F13_061_15,F13,61,15,0.267,0.267,3,3,7,1,0,1,0,0,0,-1,0.267,0.2537393088951134,False,False
F13_061_16,F13,61,16,0.268,0.268,3,3,8,1,0,1,0,0,0,-1,0.268,0.2492501040321151,False,False
F13_061_17,F13,61,17,0.27,0.27,2,2,7,1,0,1,1,0,0,-1,0.27,0.2467733449834923,False,False
F13_061_18,F13,61,18,0.27,0.27,2,2,7,1,0,1,1,0,0,-1,0.27,0.2460387385343039,False,False
F13_061_19,F13,61,19,0.27,0.27,2,2,7,1,0,1,1,0,0,-1,0.27,0.2510739246271157,False,False
F13_061_20,F13,61,20,0.27,0.27,2,2,7,1,0,1,1,0,0,-1,0.27,0.2495671179426811,False,False
F13_061_21,F13,61,21,0.269,0.269,3,3,9,1,0,1,0,0,0,-1,0.269,0.2494712657577449,False,False
F13_061_22,F13,61,22,0.269,0.269,3,3,9,1,0,1,0,0,0,-1,0.269,0.250430627352233,False,False
F13_061_23,F13,61,23,0.268,0.268,3,3,8,1,0,1,0,0,0,-1,0.268,0.2503068226031931,False,False
F13_062_00,F13,62,0,0.553,0.553,3,3,3,1,0,1,0,0,0,-1,0.553,0.4619003708496527,False,False
F13_062_01,F13,62,1,0.551,0.551,3,3,1,1,0,1,0,0,0,-1,0.551,0.4603309327918574,False,False
F13_062_02,F13,62,2,0.55,0.55,2,2,5,1,1,1,1,0,0,-1,0.55,0.4599518304083406,False,False
F13_062_03,F13,62,3,0.548,0.548,3,3,8,1,0,1,0,0,0,-1,0.548,0.4585770333163237,False,False
F13_062_04,F13,62,4,0.546,0.546,3,3,6,1,0,1,0,0,0,-1,0.546,0.4575425324862724,False,False
F13_062_05,F13,62,5,0.545,0.545,3,3,5,1,1,1,0,0,0,-1,0.545,0.455071728193876,False,False
F13_062_06,F13,62,6,0.544,0.544,3,3,4,1,0,1,0,0,0,-1,0.544,0.4511462550979006,False,False
F13_062_07,F13,62,7,0.543,0.543,3,3,3,1,0,1,0,0,0,-1,0.543,0.4449881266939689,False,False
F13_062_08,F13,62,8,0.548,0.548,3,3,8,1,0,1,0,0,0,-1,0.548,0.4538143162768374,False,False
F13_062_09,F13,62,9,0.548,0.548,3,3,8,1,0,1,0,0,0,-1,0.548,0.4652131853118654,False,False
F13_062_10,F13,62,10,0.548,0.548,3,3,8,1,0,1,0,0,0,-1,0.548,0.4590747202465547,False,False
F13_062_11,F13,62,11,0.549,0.549,3,3,9,1,0,1,0,0,0,-1,0.549,0.4600113016591245,False,False
F13_062_12,F13,62,12,0.56,0.56,2,2,6,1,0,1,1,0,0,-1,0.56,0.4673227701285853,False,False
F13_062_13,F13,62,13,0.569,0.569,3,3,9,1,0,1,0,0,0,-1,0.569,0.4668501948030264,False,False
F13_062_14,F13,62,14,0.576,0.576,3,3,6,1,0,1,0,0,0,-1,0.5759999999999998,0.4737045569109801,False,False
F13_062_15,F13,62,15,0.579,0.579,3,3,9,1,0,1,0,0,0,-1,0.5789999999999998,0.4840353813718972,False,False
F13_062_16,F13,62,16,0.579,0.579,3,3,9,1,0,1,0,0,0,-1,0.5789999999999998,0.498826130890484,False,False
F13_062_17,F13,62,17,0.582,0.582,3,3,2,1,0,1,0,0,0,-1,0.5819999999999999,0.4939112690446844,False,False
F13_062_18,F13,62,18,0.58,0.58,2,2,8,1,0,1,1,0,0,-1,0.5799999999999998,0.494695073598057,False,False
F13_062_19,F13,62,19,0.573,0.573,3,3,3,1,0,1,0,0,0,-1,0.573,0.4968838454687213,False,False
F13_062_20,F13,62,20,0.567,0.567,3,3,7,1,0,1,0,0,0,-1,0.567,0.4958526885089512,False,False
F13_062_21,F13,62,21,0.56,0.56,2,2,6,1,0,1,1,0,0,-1,0.56,0.4923606099624571,False,False
F13_062_22,F13,62,22,0.553,0.553,3,3,3,1,0,1,0,0,0,-1,0.553,0.4874576529981743,False,False
F13_062_23,F13,62,23,0.548,0.548,3,3,8,1,0,1,0,0,0,-1,0.548,0.4843861330289277,False,False
F13_063_00,F13,63,0,0.267,0.267,3,3,7,1,0,1,0,0,0,-1,0.267,0.2646240836703543,False,False
F13_063_01,F13,63,1,0.267,0.267,3,3,7,1,0,1,0,0,0,-1,0.267,0.2626168189685479,False,False
F13_063_02,F13,63,2,0.266,0.266,3,3,6,1,0,1,0,0,0,-1,0.266,0.2585229971885945,False,False
F13_063_03,F13,63,3,0.266,0.266,3,3,6,1,0,1,0,0,0,-1,0.266,0.2583600861104374,False,False
F13_063_04,F13,63,4,0.265,0.265,3,3,5,1,1,1,0,0,0,-1,0.265,0.2571322352705092,False,False
F13_063_05,F13,63,5,0.265,0.265,3,3,5,1,1,1,0,0,0,-1,0.265,0.2515462635182764,False,False
F13_063_06,F13,63,6,0.264,0.264,3,3,4,1,0,1,0,0,0,-1,0.264,0.256578029263604,False,False
F13_063_07,F13,63,7,0.265,0.265,3,3,5,1,1,1,0,0,0,-1,0.265,0.2474394816935784,False,False
F13_063_08,F13,63,8,0.259,0.259,3,3,9,1,0,1,0,0,0,-1,0.259,0.2500734838922739,False,False
F13_063_09,F13,63,9,0.258,0.258,3,3,8,1,0,1,0,0,0,-1,0.258,0.2517760231506029,False,False
F13_063_10,F13,63,10,0.26,0.26,2,2,6,1,0,1,1,0,0,-1,0.26,0.2542599680370797,False,False
F13_063_11,F13,63,11,0.262,0.262,3,3,2,1,0,1,0,0,0,-1,0.262,0.2552294926747635,False,False
F13_063_12,F13,63,12,0.265,0.265,3,3,5,1,1,1,0,0,0,-1,0.265,0.2533350757878404,False,False
F13_063_13,F13,63,13,0.269,0.269,3,3,9,1,0,1,0,0,0,-1,0.269,0.258598941676828,False,False
F13_063_14,F13,63,14,0.271,0.271,3,3,1,1,0,1,0,0,0,-1,0.271,0.2606786024412197,False,False
F13_063_15,F13,63,15,0.28,0.28,2,2,8,1,0,1,1,0,0,-1,0.28,0.2646381789522598,False,False
F13_063_16,F13,63,16,0.283,0.283,3,3,3,1,0,1,0,0,0,-1,0.2829999999999999,0.2641668926621239,False,False
F13_063_17,F13,63,17,0.28,0.28,2,2,8,1,0,1,1,0,0,-1,0.28,0.2640156153387192,False,False
F13_063_18,F13,63,18,0.281,0.281,3,3,1,1,0,1,0,0,0,-1,0.281,0.2648039648438332,False,False
F13_063_19,F13,63,19,0.281,0.281,3,3,1,1,0,1,0,0,0,-1,0.281,0.2661545050561992,False,False
F13_063_20,F13,63,20,0.281,0.281,3,3,1,1,0,1,0,0,0,-1,0.281,0.2647321601698408,False,False
F13_063_21,F13,63,21,0.28,0.28,2,2,8,1,0,1,1,0,0,-1,0.28,0.2618512807162969,False,False
F13_063_22,F13,63,22,0.279,0.279,3,3,9,1,0,1,0,0,0,-1,0.279,0.2619980339522579,False,False
F13_063_23,F13,63,23,0.278,0.278,3,3,8,1,0,1,0,0,0,-1,0.278,0.2651002211486972,False,False
F13_064_00,F13,64,0,0.545,0.545,3,3,5,1,1,1,0,0,0,-1,0.545,0.4238679625276,False,False
F13_064_01,F13,64,1,0.541,0.541,3,3,1,1,0,1,0,0,0,-1,0.541,0.432091128671055,False,False
F13_064_02,F13,64,2,0.537,0.537,3,3,7,1,0,1,0,0,0,-1,0.537,0.4301908363610948,False,False
F13_064_03,F13,64,3,0.532,0.532,3,3,2,1,0,1,0,0,0,-1,0.532,0.4300173653106196,False,False
F13_064_04,F13,64,4,0.528,0.528,3,3,8,1,0,1,0,0,0,-1,0.528,0.4313434808168097,False,False
F13_064_05,F13,64,5,0.523,0.523,3,3,3,1,0,1,0,0,0,-1,0.523,0.430829552599296,False,False
F13_064_06,F13,64,6,0.518,0.518,3,3,8,1,0,1,0,0,0,-1,0.518,0.4301310114090608,False,False
F13_064_07,F13,64,7,0.514,0.514,3,3,4,1,0,1,0,0,0,-1,0.514,0.4332550184604342,False,False
F13_064_08,F13,64,8,0.52,0.52,2,2,2,1,0,1,1,0,0,-1,0.52,0.436750522159406,False,False
F13_064_09,F13,64,9,0.523,0.523,3,3,3,1,0,1,0,0,0,-1,0.523,0.4450150075887925,False,False
F13_064_10,F13,64,10,0.528,0.528,3,3,8,1,0,1,0,0,0,-1,0.528,0.448390959304802,False,False
F13_064_11,F13,64,11,0.537,0.537,3,3,7,1,0,1,0,0,0,-1,0.537,0.4629375817932665,False,False
F13_064_12,F13,64,12,0.549,0.549,3,3,9,1,0,1,0,0,0,-1,0.549,0.4767102855682354,False,False
F13_064_13,F13,64,13,0.556,0.556,3,3,6,1,0,1,0,0,0,-1,0.556,0.489116031052619,False,False
F13_064_14,F13,64,14,0.561,0.561,3,3,1,1,0,1,0,0,0,-1,0.561,0.4887531096983545,False,False
F13_064_15,F13,64,15,0.562,0.562,3,3,2,1,0,1,0,0,0,-1,0.562,0.481762078351509,False,False
F13_064_16,F13,64,16,0.567,0.567,3,3,7,1,0,1,0,0,0,-1,0.567,0.4976188129558849,False,False
F13_064_17,F13,64,17,0.57,0.57,2,2,7,1,0,1,1,0,0,-1,0.57,0.5078575895212624,False,False
F13_064_18,F13,64,18,0.565,0.565,3,3,5,1,1,1,0,0,0,-1,0.565,0.5072858190238831,False,False
F13_064_19,F13,64,19,0.558,0.558,3,3,8,1,0,1,0,0,0,-1,0.558,0.5024234440641633,False,False
F13_064_20,F13,64,20,0.549,0.549,3,3,9,1,0,1,0,0,0,-1,0.549,0.4939583023631608,False,False
F13_064_21,F13,64,21,0.539,0.539,3,3,9,1,0,1,0,0,0,-1,0.539,0.4867387983207033,False,False
F13_064_22,F13,64,22,0.53,0.53,2,2,3,1,0,1,1,0,0,-1,0.53,0.4847854349262245,False,False
F13_064_23,F13,64,23,0.522,0.522,3,3,2,1,0,1,0,0,0,-1,0.522,0.4835624416861358,False,False
F13_065_00,F13,65,0,0.273,0.273,3,3,3,1,0,1,0,0,0,-1,0.273,0.2509126446869112,False,False
F13_065_01,F13,65,1,0.271,0.271,3,3,1,1,0,1,0,0,0,-1,0.271,0.2489777130574644,False,False
F13_065_02,F13,65,2,0.269,0.269,3,3,9,1,0,1,0,0,0,-1,0.269,0.2503275471517948,False,False
F13_065_03,F13,65,3,0.267,0.267,3,3,7,1,0,1,0,0,0,-1,0.267,0.2493133876386614,False,False
F13_065_04,F13,65,4,0.266,0.266,3,3,6,1,0,1,0,0,0,-1,0.266,0.2503872158309751,False,False
F13_065_05,F13,65,5,0.264,0.264,3,3,4,1,0,1,0,0,0,-1,0.264,0.244933813930609,False,False
F13_065_06,F13,65,6,0.263,0.263,3,3,3,1,0,1,0,0,0,-1,0.263,0.2493646096728806,False,False
F13_065_07,F13,65,7,0.262,0.262,3,3,2,1,0,1,0,0,0,-1,0.262,0.2406546111489186,False,False
F13_065_08,F13,65,8,0.259,0.259,3,3,9,1,0,1,0,0,0,-1,0.259,0.2448553218588417,False,False
F13_065_09,F13,65,9,0.255,0.255,3,3,5,1,1,1,0,0,0,-1,0.255,0.2527168550676944,False,False
F13_065_10,F13,65,10,0.255,0.255,3,3,5,1,1,1,0,0,0,-1,0.255,0.2540093170300372,False,False
F13_065_11,F13,65,11,0.258,0.258,3,3,8,1,0,1,0,0,0,-1,0.258,0.2563261800071136,False,False
F13_065_12,F13,65,12,0.264,0.264,3,3,4,1,0,1,0,0,0,-1,0.264,0.2575528548511606,False,False
F13_065_13,F13,65,13,0.269,0.269,3,3,9,1,0,1,0,0,0,-1,0.269,0.2529633572974283,False,False
F13_065_14,F13,65,14,0.268,0.268,3,3,8,1,0,1,0,0,0,-1,0.268,0.2563035463224255,False,False
F13_065_15,F13,65,15,0.27,0.27,2,2,7,1,0,1,1,0,0,-1,0.27,0.2568963069965888,False,False
F13_065_16,F13,65,16,0.27,0.27,2,2,7,1,0,1,1,0,0,-1,0.27,0.2644980974636339,False,False
F13_065_17,F13,65,17,0.271,0.271,3,3,1,1,0,1,0,0,0,-1,0.271,0.2687824440686523,False,False
F13_065_18,F13,65,18,0.271,0.271,3,3,1,1,0,1,0,0,0,-1,0.271,0.2659599666351878,False,False
F13_065_19,F13,65,19,0.27,0.27,2,2,7,1,0,1,1,0,0,-1,0.27,0.26532386848256,False,False
F13_065_20,F13,65,20,0.268,0.268,3,3,8,1,0,1,0,0,0,-1,0.268,0.2648806837716604,False,False
F13_065_21,F13,65,21,0.266,0.266,3,3,6,1,0,1,0,0,0,-1,0.266,0.2614456468421423,False,False
F13_065_22,F13,65,22,0.263,0.263,3,3,3,1,0,1,0,0,0,-1,0.263,0.2581326500614394,False,False
F13_065_23,F13,65,23,0.26,0.26,2,2,6,1,0,1,1,0,0,-1,0.26,0.2584578539530076,False,False
F13_066_00,F13,66,0,0.258,0.258,3,3,8,1,0,1,0,0,0,-1,0.258,0.2511972992261661,False,False
F13_066_01,F13,66,1,0.256,0.256,3,3,6,1,0,1,0,0,0,-1,0.256,0.2491124454565717,False,False
F13_066_02,F13,66,2,0.254,0.254,3,3,4,1,0,1,0,0,0,-1,0.254,0.2473250537673152,False,False
F13_066_03,F13,66,3,0.253,0.253,3,3,3,1,0,1,0,0,0,-1,0.253,0.2458289683164769,False,False
F13_066_04,F13,66,4,0.251,0.251,3,3,1,1,0,1,0,0,0,-1,0.251,0.2471092364273186,False,False
F13_066_05,F13,66,5,0.25,0.25,2,2,5,1,1,1,1,0,0,-1,0.25,0.2436959402909913,False,False
F13_066_06,F13,66,6,0.249,0.249,3,3,9,1,0,1,0,0,0,-1,0.249,0.2454878621169827,False,False
F13_066_07,F13,66,7,0.249,0.249,3,3,9,1,0,1,0,0,0,-1,0.249,0.2388526730152273,False,False
F13_066_08,F13,66,8,0.244,0.244,3,3,4,1,0,1,0,0,0,-1,0.2439999999999999,0.250096154305732,False,False
F13_066_09,F13,66,9,0.24,0.24,2,2,4,1,0,1,1,0,0,-1,0.2399999999999999,0.2526779382851497,False,False
F13_066_10,F13,66,10,0.241,0.241,3,3,1,1,0,1,0,0,0,-1,0.2409999999999999,0.2563608919780311,False,False
F13_066_11,F13,66,11,0.242,0.242,3,3,2,1,0,1,0,0,0,-1,0.2419999999999999,0.2542439700059292,False,False
F13_066_12,F13,66,12,0.246,0.246,3,3,6,1,0,1,0,0,0,-1,0.246,0.2574631458323112,False,False
F13_066_13,F13,66,13,0.251,0.251,3,3,1,1,0,1,0,0,0,-1,0.251,0.2614636612914345,False,False
F13_066_14,F13,66,14,0.252,0.252,3,3,2,1,0,1,0,0,0,-1,0.252,0.2655711918238244,False,False
F13_066_15,F13,66,15,0.254,0.254,3,3,4,1,0,1,0,0,0,-1,0.254,0.2689729522428365,False,False
F13_066_16,F13,66,16,0.255,0.255,3,3,5,1,1,1,0,0,0,-1,0.255,0.2663166612275998,False,False
F13_066_17,F13,66,17,0.257,0.257,3,3,7,1,0,1,0,0,0,-1,0.257,0.2637442057084432,False,False
F13_066_18,F13,66,18,0.258,0.258,3,3,8,1,0,1,0,0,0,-1,0.258,0.26232840711095,False,False
F13_066_19,F13,66,19,0.257,0.257,3,3,7,1,0,1,0,0,0,-1,0.257,0.2623309260175408,False,False
F13_066_20,F13,66,20,0.256,0.256,3,3,6,1,0,1,0,0,0,-1,0.256,0.2623600622018954,False,False
F13_066_21,F13,66,21,0.255,0.255,3,3,5,1,1,1,0,0,0,-1,0.255,0.261071375276257,False,False
F13_066_22,F13,66,22,0.253,0.253,3,3,3,1,0,1,0,0,0,-1,0.253,0.2595275778998174,False,False
F13_066_23,F13,66,23,0.251,0.251,3,3,1,1,0,1,0,0,0,-1,0.251,0.2557802569514059,False,False
F13_067_00,F13,67,0,0.534,0.534,3,3,4,1,0,1,0,0,0,-1,0.534,0.4438659179083125,False,False
F13_067_01,F13,67,1,0.529,0.529,3,3,9,1,0,1,0,0,0,-1,0.529,0.446378394667145,False,False
F13_067_02,F13,67,2,0.523,0.523,3,3,3,1,0,1,0,0,0,-1,0.523,0.4418821490801685,False,False
F13_067_03,F13,67,3,0.518,0.518,3,3,8,1,0,1,0,0,0,-1,0.518,0.4365975850714069,False,False
F13_067_04,F13,67,4,0.512,0.512,3,3,2,1,0,1,0,0,0,-1,0.512,0.4362908711147276,False,False
F13_067_05,F13,67,5,0.507,0.507,3,3,7,1,0,1,0,0,0,-1,0.507,0.4332459256273727,False,False
F13_067_06,F13,67,6,0.502,0.502,3,3,2,1,0,1,0,0,0,-1,0.502,0.4280262350682985,False,False
F13_067_07,F13,67,7,0.497,0.497,3,3,7,1,0,1,0,0,0,-1,0.497,0.4315066360910629,False,False
F13_067_08,F13,67,8,0.504,0.504,3,3,4,1,0,1,0,0,0,-1,0.504,0.441028530067099,False,False
F13_067_09,F13,67,9,0.508,0.508,3,3,8,1,0,1,0,0,0,-1,0.508,0.448234080899438,False,False
F13_067_10,F13,67,10,0.51,0.51,2,2,1,1,0,1,1,0,0,-1,0.51,0.4510832858155022,False,False
F13_067_11,F13,67,11,0.524,0.524,3,3,4,1,0,1,0,0,0,-1,0.524,0.4651970786743976,False,False
F13_067_12,F13,67,12,0.544,0.544,3,3,4,1,0,1,0,0,0,-1,0.544,0.4839863548370619,False,False
F13_067_13,F13,67,13,0.559,0.559,3,3,9,1,0,1,0,0,0,-1,0.559,0.4937826880530409,False,False
F13_067_14,F13,67,14,0.569,0.569,3,3,9,1,0,1,0,0,0,-1,0.569,0.490565026903986,False,False
F13_067_15,F13,67,15,0.575,0.575,3,3,5,1,1,1,0,0,0,-1,0.5749999999999998,0.4903397986099067,False,False
F13_067_16,F13,67,16,0.58,0.58,2,2,8,1,0,1,1,0,0,-1,0.5799999999999998,0.5081527336898082,False,False
F13_067_17,F13,67,17,0.589,0.589,3,3,9,1,0,1,0,0,0,-1,0.5889999999999999,0.5106341089212733,False,False
F13_067_18,F13,67,18,0.593,0.593,3,3,3,1,0,1,0,0,0,-1,0.5929999999999999,0.5071541275576907,False,False
F13_067_19,F13,67,19,0.586,0.586,3,3,6,1,0,1,0,0,0,-1,0.5859999999999999,0.5071599413738662,False,False
F13_067_20,F13,67,20,0.58,0.58,2,2,8,1,0,1,1,0,0,-1,0.5799999999999998,0.496562467981365,False,False
F13_067_21,F13,67,21,0.575,0.575,3,3,5,1,1,1,0,0,0,-1,0.5749999999999998,0.4999950058601001,False,False
F13_067_22,F13,67,22,0.567,0.567,3,3,7,1,0,1,0,0,0,-1,0.567,0.4978559412705969,False,False
F13_067_23,F13,67,23,0.513,0.513,3,3,3,1,0,1,0,0,0,-1,0.513,0.4890089150712623,False,False
F13_068_00,F13,68,0,0.249,0.249,3,3,9,1,0,1,0,0,0,-1,0.249,0.2580483690433716,False,False
F13_068_01,F13,68,1,0.248,0.248,3,3,8,1,0,1,0,0,0,-1,0.248,0.2586870892540794,False,False
F13_068_02,F13,68,2,0.246,0.246,3,3,6,1,0,1,0,0,0,-1,0.246,0.2561014504952507,False,False
F13_068_03,F13,68,3,0.245,0.245,3,3,5,1,1,1,0,0,0,-1,0.245,0.2563599469462085,False,False
F13_068_04,F13,68,4,0.244,0.244,3,3,4,1,0,1,0,0,0,-1,0.2439999999999999,0.2542818237491033,False,False
F13_068_05,F13,68,5,0.243,0.243,3,3,3,1,0,1,0,0,0,-1,0.2429999999999999,0.255694310448137,False,False
F13_068_06,F13,68,6,0.242,0.242,3,3,2,1,0,1,0,0,0,-1,0.2419999999999999,0.2536893876797305,False,False
F13_068_07,F13,68,7,0.242,0.242,3,3,2,1,0,1,0,0,0,-1,0.2419999999999999,0.2459180321539459,False,False
F13_068_08,F13,68,8,0.236,0.236,3,3,6,1,0,1,0,0,0,-1,0.2359999999999999,0.2517161233804721,False,False
F13_068_09,F13,68,9,0.234,0.234,3,3,4,1,0,1,0,0,0,-1,0.234,0.2500221099949425,False,False
F13_068_10,F13,68,10,0.239,0.239,3,3,9,1,0,1,0,0,0,-1,0.2389999999999999,0.2506012261552764,False,False
F13_068_11,F13,68,11,0.243,0.243,3,3,3,1,0,1,0,0,0,-1,0.2429999999999999,0.2552357429258137,False,False
F13_068_12,F13,68,12,0.249,0.249,3,3,9,1,0,1,0,0,0,-1,0.249,0.2578960659269983,False,False
F13_068_13,F13,68,13,0.254,0.254,3,3,4,1,0,1,0,0,0,-1,0.254,0.2582021289761798,False,False
F13_068_14,F13,68,14,0.251,0.251,3,3,1,1,0,1,0,0,0,-1,0.251,0.2625970858292969,False,False
F13_068_15,F13,68,15,0.25,0.25,2,2,5,1,1,1,1,0,0,-1,0.25,0.2642567741948713,False,False
F13_068_16,F13,68,16,0.252,0.252,3,3,2,1,0,1,0,0,0,-1,0.252,0.2603863824913866,False,False
F13_068_17,F13,68,17,0.254,0.254,3,3,4,1,0,1,0,0,0,-1,0.254,0.2646621283405659,False,False
F13_068_18,F13,68,18,0.256,0.256,3,3,6,1,0,1,0,0,0,-1,0.256,0.2613453754523426,False,False
F13_068_19,F13,68,19,0.256,0.256,3,3,6,1,0,1,0,0,0,-1,0.256,0.261953242281005,False,False
F13_068_20,F13,68,20,0.256,0.256,3,3,6,1,0,1,0,0,0,-1,0.256,0.2625926918570117,False,False
F13_068_21,F13,68,21,0.256,0.256,3,3,6,1,0,1,0,0,0,-1,0.256,0.2612659113433094,False,False
F13_068_22,F13,68,22,0.255,0.255,3,3,5,1,1,1,0,0,0,-1,0.255,0.2606178926965631,False,False
F13_068_23,F13,68,23,0.249,0.249,3,3,9,1,0,1,0,0,0,-1,0.249,0.2607691973140378,False,False
F13_069_00,F13,69,0,0.387,0.387,3,3,7,1,0,1,0,0,0,-1,0.387,0.4157478761891454,False,False
F13_069_01,F13,69,1,0.409,0.409,3,3,9,1,0,1,0,0,0,-1,0.4089999999999999,0.3981511334271026,False,False
F13_069_02,F13,69,2,0.405,0.405,3,3,5,1,1,1,0,0,0,-1,0.405,0.3976738200224114,False,False
F13_069_03,F13,69,3,0.399,0.399,3,3,9,1,0,1,0,0,0,-1,0.399,0.397710854961884,False,False
F13_069_04,F13,69,4,0.396,0.396,3,3,6,1,0,1,0,0,0,-1,0.396,0.3927585117619939,False,False
F13_069_05,F13,69,5,0.393,0.393,3,3,3,1,0,1,0,0,0,-1,0.393,0.391759970570374,False,False
F13_069_06,F13,69,6,0.391,0.391,3,3,1,1,0,1,0,0,0,-1,0.391,0.3956145729707932,False,False
F13_069_07,F13,69,7,0.391,0.391,3,3,1,1,0,1,0,0,0,-1,0.391,0.3944891799911067,False,False
F13_069_08,F13,69,8,0.395,0.395,3,3,5,1,1,1,0,0,0,-1,0.395,0.3862124658579152,False,False
F13_069_09,F13,69,9,0.4,0.4,1,1,4,1,0,1,1,1,0,-1,0.4,0.3848466239989585,False,False
F13_069_10,F13,69,10,0.409,0.409,3,3,9,1,0,1,0,0,0,-1,0.4089999999999999,0.398541598303458,False,False
F13_069_11,F13,69,11,0.427,0.427,3,3,7,1,0,1,0,0,0,-1,0.4269999999999999,0.4061476720800466,False,False
F13_069_12,F13,69,12,0.441,0.441,3,3,1,1,0,1,0,0,0,-1,0.441,0.4135034114728937,False,False
F13_069_13,F13,69,13,0.453,0.453,3,3,3,1,0,1,0,0,0,-1,0.453,0.4141683188998176,False,False
F13_069_14,F13,69,14,0.461,0.461,3,3,1,1,0,1,0,0,0,-1,0.461,0.4213750857154001,False,False
F13_069_15,F13,69,15,0.471,0.471,3,3,1,1,0,1,0,0,0,-1,0.4709999999999999,0.4301570970947689,False,False
F13_069_16,F13,69,16,0.475,0.475,3,3,5,1,1,1,0,0,0,-1,0.4749999999999999,0.4269747330264308,False,False
F13_069_17,F13,69,17,0.475,0.475,3,3,5,1,1,1,0,0,0,-1,0.4749999999999999,0.4324500784442711,False,False
F13_069_18,F13,69,18,0.472,0.472,3,3,2,1,0,1,0,0,0,-1,0.4719999999999999,0.4402256309691473,False,False
F13_069_19,F13,69,19,0.467,0.467,3,3,7,1,0,1,0,0,0,-1,0.467,0.4426627168328807,False,False
F13_069_20,F13,69,20,0.46,0.46,2,2,6,1,0,1,1,0,0,-1,0.46,0.4384912033066219,False,False
F13_069_21,F13,69,21,0.451,0.451,3,3,1,1,0,1,0,0,0,-1,0.451,0.4346631361433165,False,False
F13_069_22,F13,69,22,0.438,0.438,3,3,8,1,0,1,0,0,0,-1,0.438,0.4320944789315136,False,False
F13_069_23,F13,69,23,0.428,0.428,3,3,8,1,0,1,0,0,0,-1,0.4279999999999999,0.4250960738014178,False,False
F13_070_00,F13,70,0,0.422,0.422,3,3,2,1,0,1,0,0,0,-1,0.4219999999999999,0.4236965942251153,False,False
F13_070_01,F13,70,1,0.417,0.417,3,3,7,1,0,1,0,0,0,-1,0.4169999999999999,0.4156056659131067,False,False
F13_070_02,F13,70,2,0.413,0.413,3,3,3,1,0,1,0,0,0,-1,0.4129999999999999,0.4113638219869844,False,False
F13_070_03,F13,70,3,0.409,0.409,3,3,9,1,0,1,0,0,0,-1,0.4089999999999999,0.4038851176136623,False,False
F13_070_04,F13,70,4,0.406,0.406,3,3,6,1,0,1,0,0,0,-1,0.406,0.4018936498339021,False,False
F13_070_05,F13,70,5,0.403,0.403,3,3,3,1,0,1,0,0,0,-1,0.403,0.3976103869553394,False,False
F13_070_06,F13,70,6,0.401,0.401,3,3,1,1,0,1,0,0,0,-1,0.401,0.4046915105310238,False,False
F13_070_07,F13,70,7,0.403,0.403,3,3,3,1,0,1,0,0,0,-1,0.403,0.3921467677053389,False,False
F13_070_08,F13,70,8,0.405,0.405,3,3,5,1,1,1,0,0,0,-1,0.405,0.3973449785405348,False,False
F13_070_09,F13,70,9,0.411,0.411,3,3,1,1,0,1,0,0,0,-1,0.4109999999999999,0.3934707882319985,False,False
F13_070_10,F13,70,10,0.419,0.419,3,3,9,1,0,1,0,0,0,-1,0.4189999999999999,0.4071509049055446,False,False
F13_070_11,F13,70,11,0.437,0.437,3,3,7,1,0,1,0,0,0,-1,0.437,0.4122502729353891,False,False
F13_070_12,F13,70,12,0.452,0.452,3,3,2,1,0,1,0,0,0,-1,0.452,0.4195577380228242,False,False
F13_070_13,F13,70,13,0.465,0.465,3,3,5,1,1,1,0,0,0,-1,0.465,0.4256011436568689,False,False
F13_070_14,F13,70,14,0.475,0.475,3,3,5,1,1,1,0,0,0,-1,0.4749999999999999,0.4286763302281316,False,False
F13_070_15,F13,70,15,0.484,0.484,3,3,4,1,0,1,0,0,0,-1,0.4839999999999999,0.4300857069606863,False,False
F13_070_16,F13,70,16,0.49,0.49,2,2,9,1,0,1,1,0,0,-1,0.4899999999999999,0.4299391143320106,False,False
F13_070_17,F13,70,17,0.491,0.491,3,3,1,1,0,1,0,0,0,-1,0.4909999999999999,0.4371119525127723,False,False
F13_070_18,F13,70,18,0.489,0.489,3,3,9,1,0,1,0,0,0,-1,0.4889999999999999,0.4380687988773238,False,False
F13_070_19,F13,70,19,0.484,0.484,3,3,4,1,0,1,0,0,0,-1,0.4839999999999999,0.4449438667751635,False,False
F13_070_20,F13,70,20,0.477,0.477,3,3,7,1,0,1,0,0,0,-1,0.4769999999999999,0.4370196941608625,False,False
F13_070_21,F13,70,21,0.47,0.47,2,2,7,1,0,1,1,0,0,-1,0.4699999999999999,0.4362623739505205,False,False
F13_070_22,F13,70,22,0.461,0.461,3,3,1,1,0,1,0,0,0,-1,0.461,0.4322620265682721,False,False
F13_070_23,F13,70,23,0.447,0.447,3,3,7,1,0,1,0,0,0,-1,0.447,0.4245131798147561,False,False
F13_071_00,F13,71,0,0.541,0.541,3,3,1,1,0,1,0,0,0,-1,0.541,0.50661193289417,False,False
F13_071_01,F13,71,1,0.535,0.535,3,3,5,1,1,1,0,0,0,-1,0.535,0.5033245002674562,False,False
F13_071_02,F13,71,2,0.528,0.528,3,3,8,1,0,1,0,0,0,-1,0.528,0.500544980023201,False,False
F13_071_03,F13,71,3,0.523,0.523,3,3,3,1,0,1,0,0,0,-1,0.523,0.4980133039651656,False,False
F13_071_04,F13,71,4,0.519,0.519,3,3,9,1,0,1,0,0,0,-1,0.519,0.4939192276831123,False,False
F13_071_05,F13,71,5,0.514,0.514,3,3,4,1,0,1,0,0,0,-1,0.514,0.4902610395963447,False,False
F13_071_06,F13,71,6,0.511,0.511,3,3,1,1,0,1,0,0,0,-1,0.511,0.484558655172506,False,False
F13_071_07,F13,71,7,0.507,0.507,3,3,7,1,0,1,0,0,0,-1,0.507,0.4855303117125823,False,False
F13_071_08,F13,71,8,0.515,0.515,3,3,5,1,1,1,0,0,0,-1,0.515,0.4960734722104844,False,False
F13_071_09,F13,71,9,0.511,0.511,3,3,1,1,0,1,0,0,0,-1,0.511,0.4983797215742911,False,False
F13_071_10,F13,71,10,0.521,0.521,3,3,1,1,0,1,0,0,0,-1,0.521,0.4889664551799639,False,False
F13_071_11,F13,71,11,0.541,0.541,3,3,1,1,0,1,0,0,0,-1,0.541,0.505258996106253,False,False
F13_071_12,F13,71,12,0.562,0.562,3,3,2,1,0,1,0,0,0,-1,0.562,0.5246595000295253,False,False
F13_071_13,F13,71,13,0.572,0.572,3,3,2,1,0,1,0,0,0,-1,0.572,0.5342930671238272,False,False
F13_071_14,F13,71,14,0.579,0.579,3,3,9,1,0,1,0,0,0,-1,0.5789999999999998,0.5251332606424604,False,False
F13_071_15,F13,71,15,0.584,0.584,3,3,4,1,0,1,0,0,0,-1,0.5839999999999999,0.521383727765014,False,False
F13_071_16,F13,71,16,0.589,0.589,3,3,9,1,0,1,0,0,0,-1,0.5889999999999999,0.5419064009150533,False,False
F13_071_17,F13,71,17,0.594,0.594,3,3,4,1,0,1,0,0,0,-1,0.5939999999999999,0.5412564011567246,False,False
F13_071_18,F13,71,18,0.591,0.591,3,3,1,1,0,1,0,0,0,-1,0.5909999999999999,0.5456318552499279,False,False
F13_071_19,F13,71,19,0.585,0.585,3,3,5,1,1,1,0,0,0,-1,0.5849999999999999,0.5483264867469204,False,False
F13_071_20,F13,71,20,0.577,0.577,3,3,7,1,0,1,0,0,0,-1,0.5769999999999998,0.547518609767426,False,False
F13_071_21,F13,71,21,0.568,0.568,3,3,8,1,0,1,0,0,0,-1,0.568,0.5431255562258643,False,False
F13_071_22,F13,71,22,0.56,0.56,2,2,6,1,0,1,1,0,0,-1,0.56,0.5328495099199004,False,False
F13_071_23,F13,71,23,0.552,0.552,3,3,2,1,0,1,0,0,0,-1,0.552,0.5283463602149292,False,False
F13_072_00,F13,72,0,0.436,0.436,3,3,6,1,0,1,0,0,0,-1,0.436,0.4176672250671428,False,False
F13_072_01,F13,72,1,0.431,0.431,3,3,1,1,0,1,0,0,0,-1,0.4309999999999999,0.416427963651118,False,False
F13_072_02,F13,72,2,0.426,0.426,3,3,6,1,0,1,0,0,0,-1,0.4259999999999999,0.4143450013081897,False,False
F13_072_03,F13,72,3,0.421,0.421,3,3,1,1,0,1,0,0,0,-1,0.4209999999999999,0.40878655908345,False,False
F13_072_04,F13,72,4,0.417,0.417,3,3,7,1,0,1,0,0,0,-1,0.4169999999999999,0.4023619817478212,False,False
F13_072_05,F13,72,5,0.416,0.416,3,3,6,1,0,1,0,0,0,-1,0.4159999999999999,0.4042097851884453,False,False
F13_072_06,F13,72,6,0.414,0.414,3,3,4,1,0,1,0,0,0,-1,0.4139999999999999,0.404977913558982,False,False
F13_072_07,F13,72,7,0.417,0.417,3,3,7,1,0,1,0,0,0,-1,0.4169999999999999,0.3997130865480863,False,False
F13_072_08,F13,72,8,0.42,0.42,2,2,2,1,0,1,1,0,0,-1,0.4199999999999999,0.4006561993109329,False,False
F13_072_09,F13,72,9,0.428,0.428,3,3,8,1,0,1,0,0,0,-1,0.4279999999999999,0.3921112270954014,False,False
F13_072_10,F13,72,10,0.437,0.437,3,3,7,1,0,1,0,0,0,-1,0.437,0.3803399363922599,False,False
F13_072_11,F13,72,11,0.456,0.456,3,3,6,1,0,1,0,0,0,-1,0.456,0.4117543923693169,False,False
F13_072_12,F13,72,12,0.468,0.468,3,3,8,1,0,1,0,0,0,-1,0.468,0.4220106985581707,False,False
F13_072_13,F13,72,13,0.48,0.48,2,2,8,1,0,1,1,0,0,-1,0.4799999999999999,0.429499292635857,False,False
F13_072_14,F13,72,14,0.489,0.489,3,3,9,1,0,1,0,0,0,-1,0.4889999999999999,0.4307737114752597,False,False
F13_072_15,F13,72,15,0.498,0.498,3,3,8,1,0,1,0,0,0,-1,0.498,0.4336615457344551,False,False
F13_072_16,F13,72,16,0.502,0.502,3,3,2,1,0,1,0,0,0,-1,0.502,0.4307939209773673,False,False
F13_072_17,F13,72,17,0.503,0.503,3,3,3,1,0,1,0,0,0,-1,0.503,0.4435018171101268,False,False
F13_072_18,F13,72,18,0.5,0.5,1,1,5,1,1,1,1,1,0,-1,0.5,0.4421451268434226,False,False
F13_072_19,F13,72,19,0.494,0.494,3,3,4,1,0,1,0,0,0,-1,0.4939999999999999,0.44801794764056,False,False
F13_072_20,F13,72,20,0.48,0.48,2,2,8,1,0,1,1,0,0,-1,0.4799999999999999,0.4480695797079182,False,False
F13_072_21,F13,72,21,0.472,0.472,3,3,2,1,0,1,0,0,0,-1,0.4719999999999999,0.4480228714824104,False,False
F13_072_22,F13,72,22,0.468,0.468,3,3,8,1,0,1,0,0,0,-1,0.468,0.4417791244220534,False,False
F13_072_23,F13,72,23,0.465,0.465,3,3,5,1,1,1,0,0,0,-1,0.465,0.4431407957153694,False,False
F13_073_00,F13,73,0,0.545,0.545,3,3,5,1,1,1,0,0,0,-1,0.545,0.5273134259845697,False,False
F13_073_01,F13,73,1,0.538,0.538,3,3,8,1,0,1,0,0,0,-1,0.538,0.5225049884632526,False,False
F13_073_02,F13,73,2,0.532,0.532,3,3,2,1,0,1,0,0,0,-1,0.532,0.5197684482443791,False,False
F13_073_03,F13,73,3,0.527,0.527,3,3,7,1,0,1,0,0,0,-1,0.527,0.5134022102916064,False,False
F13_073_04,F13,73,4,0.523,0.523,3,3,3,1,0,1,0,0,0,-1,0.523,0.5097064093157331,False,False
F13_073_05,F13,73,5,0.52,0.52,2,2,2,1,0,1,1,0,0,-1,0.52,0.5064390370110785,False,False
F13_073_06,F13,73,6,0.517,0.517,3,3,7,1,0,1,0,0,0,-1,0.517,0.5025743618502576,False,False
F13_073_07,F13,73,7,0.528,0.528,3,3,8,1,0,1,0,0,0,-1,0.528,0.502140281372893,False,False
F13_073_08,F13,73,8,0.541,0.541,3,3,1,1,0,1,0,0,0,-1,0.541,0.5082346937521016,False,False
F13_073_09,F13,73,9,0.539,0.539,3,3,9,1,0,1,0,0,0,-1,0.539,0.5153371604308982,False,False
F13_073_10,F13,73,10,0.548,0.548,3,3,8,1,0,1,0,0,0,-1,0.548,0.4643343543718905,False,False
F13_073_11,F13,73,11,0.565,0.565,3,3,5,1,1,1,0,0,0,-1,0.565,0.5187724814911114,False,False
F13_073_12,F13,73,12,0.587,0.587,3,3,7,1,0,1,0,0,0,-1,0.5869999999999999,0.534312969333878,False,False
F13_073_13,F13,73,13,0.596,0.596,3,3,6,1,0,1,0,0,0,-1,0.5959999999999999,0.538724853317414,False,False
F13_073_14,F13,73,14,0.601,0.601,3,3,1,1,0,1,0,0,0,-1,0.6009999999999999,0.5472450953728419,False,False
F13_073_15,F13,73,15,0.605,0.605,3,3,5,1,1,1,0,0,0,-1,0.6049999999999999,0.534463082257944,False,False
F13_073_16,F13,73,16,0.609,0.609,3,3,9,1,0,1,0,0,0,-1,0.6089999999999999,0.5450860930969729,False,False
F13_073_17,F13,73,17,0.614,0.614,3,3,4,1,0,1,0,0,0,-1,0.6139999999999999,0.5498575073838649,False,False
F13_073_18,F13,73,18,0.613,0.613,3,3,3,1,0,1,0,0,0,-1,0.6129999999999999,0.5593315844065716,False,False
F13_073_19,F13,73,19,0.607,0.607,3,3,7,1,0,1,0,0,0,-1,0.6069999999999999,0.5585849768221895,False,False
F13_073_20,F13,73,20,0.6,0.6,1,1,6,1,0,1,1,1,0,-1,0.5999999999999999,0.5574559977751387,False,False
F13_073_21,F13,73,21,0.594,0.594,3,3,4,1,0,1,0,0,0,-1,0.5939999999999999,0.5526509599207261,False,False
F13_073_22,F13,73,22,0.586,0.586,3,3,6,1,0,1,0,0,0,-1,0.5859999999999999,0.5511622233595765,False,False
F13_073_23,F13,73,23,0.579,0.579,3,3,9,1,0,1,0,0,0,-1,0.5789999999999998,0.5465396168927932,False,False
F13_075_00,F13,75,0,0.453,0.453,3,3,3,1,0,1,0,0,0,-1,0.453,0.4916679030337702,False,False
F13_075_01,F13,75,1,0.452,0.452,3,3,2,1,0,1,0,0,0,-1,0.452,0.5022997254130117,False,False
F13_075_02,F13,75,2,0.45,0.45,2,2,5,1,1,1,1,0,0,-1,0.45,0.4976915948231444,False,False
F13_075_03,F13,75,3,0.447,0.447,3,3,7,1,0,1,0,0,0,-1,0.447,0.4903721626586413,False,False
F13_075_04,F13,75,4,0.447,0.447,3,3,7,1,0,1,0,0,0,-1,0.447,0.4872187055117676,False,False
F13_075_05,F13,75,5,0.447,0.447,3,3,7,1,0,1,0,0,0,-1,0.447,0.4862217437168321,False,False
F13_075_06,F13,75,6,0.446,0.446,3,3,6,1,0,1,0,0,0,-1,0.446,0.4877693988087775,False,False
F13_075_07,F13,75,7,0.449,0.449,3,3,9,1,0,1,0,0,0,-1,0.449,0.4878468940663455,False,False
F13_075_08,F13,75,8,0.454,0.454,3,3,4,1,0,1,0,0,0,-1,0.454,0.4691931938488165,False,False
F13_075_09,F13,75,9,0.463,0.463,3,3,3,1,0,1,0,0,0,-1,0.463,0.4757062958706685,False,False
F13_075_10,F13,75,10,0.461,0.461,3,3,1,1,0,1,0,0,0,-1,0.461,0.4815455889376454,False,False
F13_075_11,F13,75,11,0.466,0.466,3,3,6,1,0,1,0,0,0,-1,0.466,0.4807166951699944,False,False
F13_075_12,F13,75,12,0.466,0.466,3,3,6,1,0,1,0,0,0,-1,0.466,0.4938926864191163,False,False
F13_075_13,F13,75,13,0.478,0.478,3,3,8,1,0,1,0,0,0,-1,0.4779999999999999,0.4995794370707462,False,False
F13_075_14,F13,75,14,0.487,0.487,3,3,7,1,0,1,0,0,0,-1,0.4869999999999999,0.5051839335164651,False,False
F13_075_15,F13,75,15,0.5,0.5,1,1,5,1,1,1,1,1,0,-1,0.5,0.5107103314137634,False,False
F13_075_16,F13,75,16,0.5,0.5,1,1,5,1,1,1,1,1,0,-1,0.5,0.5056199412991979,False,False
F13_075_17,F13,75,17,0.497,0.497,3,3,7,1,0,1,0,0,0,-1,0.497,0.5017781174797525,False,False
F13_075_18,F13,75,18,0.492,0.492,3,3,2,1,0,1,0,0,0,-1,0.4919999999999999,0.5121485908580774,False,False
F13_075_19,F13,75,19,0.486,0.486,3,3,6,1,0,1,0,0,0,-1,0.4859999999999999,0.521121459757442,False,False
F13_075_20,F13,75,20,0.48,0.48,2,2,8,1,0,1,1,0,0,-1,0.4799999999999999,0.519656728196123,False,False
F13_075_21,F13,75,21,0.476,0.476,3,3,6,1,0,1,0,0,0,-1,0.4759999999999999,0.5209487922757639,False,False
F13_075_22,F13,75,22,0.472,0.472,3,3,2,1,0,1,0,0,0,-1,0.4719999999999999,0.5147829616363928,False,False
F13_075_23,F13,75,23,0.468,0.468,3,3,8,1,0,1,0,0,0,-1,0.468,0.510009968401748,False,False
F13_076_00,F13,76,0,0.546,0.546,3,3,6,1,0,1,0,0,0,-1,0.546,0.4919634192376804,False,False
F13_076_01,F13,76,1,0.543,0.543,3,3,3,1,0,1,0,0,0,-1,0.543,0.4913498458034118,False,False
F13_076_02,F13,76,2,0.54,0.54,2,2,4,1,0,1,1,0,0,-1,0.54,0.4883859178613745,False,False
F13_076_03,F13,76,3,0.537,0.537,3,3,7,1,0,1,0,0,0,-1,0.537,0.4868310190591902,False,False
F13_076_04,F13,76,4,0.535,0.535,3,3,5,1,1,1,0,0,0,-1,0.535,0.4854042373477475,False,False
F13_076_05,F13,76,5,0.533,0.533,3,3,3,1,0,1,0,0,0,-1,0.533,0.4827867544488851,False,False
F13_076_06,F13,76,6,0.531,0.531,3,3,1,1,0,1,0,0,0,-1,0.531,0.4812784757401952,False,False
F13_076_07,F13,76,7,0.528,0.528,3,3,8,1,0,1,0,0,0,-1,0.528,0.4682158093756569,False,False
F13_076_08,F13,76,8,0.541,0.541,3,3,1,1,0,1,0,0,0,-1,0.541,0.4819642695500244,False,False
F13_076_09,F13,76,9,0.553,0.553,3,3,3,1,0,1,0,0,0,-1,0.553,0.4860379627817832,False,False
F13_076_10,F13,76,10,0.561,0.561,3,3,1,1,0,1,0,0,0,-1,0.561,0.4847065100184773,False,False
F13_076_11,F13,76,11,0.561,0.561,3,3,1,1,0,1,0,0,0,-1,0.561,0.4832201639884693,False,False
F13_076_12,F13,76,12,0.562,0.562,3,3,2,1,0,1,0,0,0,-1,0.562,0.4822667394039267,False,False
F13_076_13,F13,76,13,0.577,0.577,3,3,7,1,0,1,0,0,0,-1,0.5769999999999998,0.4958573146771989,False,False
F13_076_14,F13,76,14,0.592,0.592,3,3,2,1,0,1,0,0,0,-1,0.5919999999999999,0.4833402325601553,False,False
F13_076_15,F13,76,15,0.598,0.598,3,3,8,1,0,1,0,0,0,-1,0.5979999999999999,0.4582076201331113,False,False
F13_076_16,F13,76,16,0.606,0.606,3,3,6,1,0,1,0,0,0,-1,0.6059999999999999,0.4890377188535871,False,False
F13_076_17,F13,76,17,0.607,0.607,3,3,7,1,0,1,0,0,0,-1,0.6069999999999999,0.513393648982533,False,False
F13_076_18,F13,76,18,0.603,0.603,3,3,3,1,0,1,0,0,0,-1,0.6029999999999999,0.5208221303255047,False,False
F13_076_19,F13,76,19,0.596,0.596,3,3,6,1,0,1,0,0,0,-1,0.5959999999999999,0.5202364283665182,False,False
F13_076_20,F13,76,20,0.588,0.588,3,3,8,1,0,1,0,0,0,-1,0.5879999999999999,0.5184556604058088,False,False
F13_076_21,F13,76,21,0.582,0.582,3,3,2,1,0,1,0,0,0,-1,0.5819999999999999,0.5117441541180348,False,False
F13_076_22,F13,76,22,0.576,0.576,3,3,6,1,0,1,0,0,0,-1,0.5759999999999998,0.5099236673882627,False,False
F13_076_23,F13,76,23,0.572,0.572,3,3,2,1,0,1,0,0,0,-1,0.572,0.5061116873429566,False,False
F13_077_00,F13,77,0,0.465,0.465,3,3,5,1,1,1,0,0,0,-1,0.465,0.5264350037953994,False,False
F13_077_01,F13,77,1,0.463,0.463,3,3,3,1,0,1,0,0,0,-1,0.463,0.505271328841547,False,False
F13_077_02,F13,77,2,0.462,0.462,3,3,2,1,0,1,0,0,0,-1,0.462,0.5154640920386541,False,False
F13_077_03,F13,77,3,0.46,0.46,2,2,6,1,0,1,1,0,0,-1,0.46,0.5102021196421566,False,False
F13_077_04,F13,77,4,0.457,0.457,3,3,7,1,0,1,0,0,0,-1,0.457,0.5039653599858964,False,False
F13_077_05,F13,77,5,0.456,0.456,3,3,6,1,0,1,0,0,0,-1,0.456,0.5033963375467758,False,False
F13_077_06,F13,77,6,0.456,0.456,3,3,6,1,0,1,0,0,0,-1,0.456,0.4957569622110737,False,False
F13_077_07,F13,77,7,0.458,0.458,3,3,8,1,0,1,0,0,0,-1,0.458,0.4930511469267052,False,False
F13_077_08,F13,77,8,0.462,0.462,3,3,2,1,0,1,0,0,0,-1,0.462,0.4839954453707588,False,False
F13_077_09,F13,77,9,0.472,0.472,3,3,2,1,0,1,0,0,0,-1,0.4719999999999999,0.5003906320219526,False,False
F13_077_10,F13,77,10,0.471,0.471,3,3,1,1,0,1,0,0,0,-1,0.4709999999999999,0.4989560517873774,False,False
F13_077_11,F13,77,11,0.481,0.481,3,3,1,1,0,1,0,0,0,-1,0.4809999999999999,0.4987093017067367,False,False
F13_077_12,F13,77,12,0.49,0.49,2,2,9,1,0,1,1,0,0,-1,0.4899999999999999,0.5035193630102807,False,False
F13_077_13,F13,77,13,0.506,0.506,3,3,6,1,0,1,0,0,0,-1,0.506,0.5101302190870222,False,False
F13_077_14,F13,77,14,0.51,0.51,2,2,1,1,0,1,1,0,0,-1,0.51,0.5177880072553837,False,False
F13_077_15,F13,77,15,0.521,0.521,3,3,1,1,0,1,0,0,0,-1,0.521,0.5225436570824546,False,False
F13_077_16,F13,77,16,0.52,0.52,2,2,2,1,0,1,1,0,0,-1,0.52,0.5176260783205135,False,False
F13_077_17,F13,77,17,0.513,0.513,3,3,3,1,0,1,0,0,0,-1,0.513,0.5166757430632722,False,False
F13_077_18,F13,77,18,0.507,0.507,3,3,7,1,0,1,0,0,0,-1,0.507,0.529852578613844,False,False
F13_077_19,F13,77,19,0.503,0.503,3,3,3,1,0,1,0,0,0,-1,0.503,0.5281284648581581,False,False
F13_077_20,F13,77,20,0.496,0.496,3,3,6,1,0,1,0,0,0,-1,0.496,0.5255837655894328,False,False
F13_077_21,F13,77,21,0.491,0.491,3,3,1,1,0,1,0,0,0,-1,0.4909999999999999,0.5180541665551809,False,False
F13_077_22,F13,77,22,0.487,0.487,3,3,7,1,0,1,0,0,0,-1,0.4869999999999999,0.5156318025928106,False,False
F13_077_23,F13,77,23,0.482,0.482,3,3,2,1,0,1,0,0,0,-1,0.4819999999999999,0.5137046051124661,False,False
F13_078_00,F13,78,0,0.567,0.567,3,3,7,1,0,1,0,0,0,-1,0.567,0.542923916946157,False,False
F13_078_01,F13,78,1,0.563,0.563,3,3,3,1,0,1,0,0,0,-1,0.563,0.5423797665142563,False,False
F13_078_02,F13,78,2,0.56,0.56,2,2,6,1,0,1,1,0,0,-1,0.56,0.539297215352681,False,False
F13_078_03,F13,78,3,0.556,0.556,3,3,6,1,0,1,0,0,0,-1,0.556,0.5359838688484965,False,False
F13_078_04,F13,78,4,0.553,0.553,3,3,3,1,0,1,0,0,0,-1,0.553,0.5328809357023434,False,False
F13_078_05,F13,78,5,0.551,0.551,3,3,1,1,0,1,0,0,0,-1,0.551,0.5305348195403629,False,False
F13_078_06,F13,78,6,0.549,0.549,3,3,9,1,0,1,0,0,0,-1,0.549,0.5283333754410608,False,False
F13_078_07,F13,78,7,0.547,0.547,3,3,7,1,0,1,0,0,0,-1,0.547,0.5199264076929406,False,False
F13_078_08,F13,78,8,0.557,0.557,3,3,7,1,0,1,0,0,0,-1,0.557,0.5242431186570107,False,False
F13_078_09,F13,78,9,0.566,0.566,3,3,6,1,0,1,0,0,0,-1,0.566,0.5089533829766023,False,False
F13_078_10,F13,78,10,0.564,0.564,3,3,4,1,0,1,0,0,0,-1,0.564,0.5294265173494119,False,False
F13_078_11,F13,78,11,0.567,0.567,3,3,7,1,0,1,0,0,0,-1,0.567,0.516454957789876,False,False
F13_078_12,F13,78,12,0.584,0.584,3,3,4,1,0,1,0,0,0,-1,0.5839999999999999,0.5417391753654464,False,False
F13_078_13,F13,78,13,0.597,0.597,3,3,7,1,0,1,0,0,0,-1,0.5969999999999999,0.5354484272721141,False,False
F13_078_14,F13,78,14,0.601,0.601,3,3,1,1,0,1,0,0,0,-1,0.6009999999999999,0.5540831936706323,False,False
F13_078_15,F13,78,15,0.606,0.606,3,3,6,1,0,1,0,0,0,-1,0.6059999999999999,0.552040171742166,False,False
F13_078_16,F13,78,16,0.609,0.609,3,3,9,1,0,1,0,0,0,-1,0.6089999999999999,0.5570178160073608,False,False
F13_078_17,F13,78,17,0.608,0.608,3,3,8,1,0,1,0,0,0,-1,0.6079999999999999,0.5636732567898568,False,False
F13_078_18,F13,78,18,0.602,0.602,3,3,2,1,0,1,0,0,0,-1,0.6019999999999999,0.5686494547686055,False,False
F13_078_19,F13,78,19,0.597,0.597,3,3,7,1,0,1,0,0,0,-1,0.5969999999999999,0.5673525892714015,False,False
F13_078_20,F13,78,20,0.591,0.591,3,3,1,1,0,1,0,0,0,-1,0.5909999999999999,0.5620565354249619,False,False
F13_078_21,F13,78,21,0.583,0.583,3,3,3,1,0,1,0,0,0,-1,0.5829999999999999,0.5610311669830834,False,False
F13_078_22,F13,78,22,0.576,0.576,3,3,6,1,0,1,0,0,0,-1,0.5759999999999998,0.5586450437834389,False,False
F13_078_23,F13,78,23,0.569,0.569,3,3,9,1,0,1,0,0,0,-1,0.569,0.5554932614860159,False,False
F13_079_00,F13,79,0,0.478,0.478,3,3,8,1,0,1,0,0,0,-1,0.4779999999999999,0.5241622678968187,False,False
F13_079_01,F13,79,1,0.475,0.475,3,3,5,1,1,1,0,0,0,-1,0.4749999999999999,0.5133533142841477,False,False
F13_079_02,F13,79,2,0.474,0.474,3,3,4,1,0,1,0,0,0,-1,0.4739999999999999,0.5195962842068502,False,False
F13_079_03,F13,79,3,0.471,0.471,3,3,1,1,0,1,0,0,0,-1,0.4709999999999999,0.5167921202956579,False,False
F13_079_04,F13,79,4,0.47,0.47,2,2,7,1,0,1,1,0,0,-1,0.4699999999999999,0.5206213991140982,False,False
F13_079_05,F13,79,5,0.469,0.469,3,3,9,1,0,1,0,0,0,-1,0.4689999999999999,0.5192559586729075,False,False
F13_079_06,F13,79,6,0.467,0.467,3,3,7,1,0,1,0,0,0,-1,0.467,0.5098011933378618,False,False
F13_079_07,F13,79,7,0.467,0.467,3,3,7,1,0,1,0,0,0,-1,0.467,0.5039943512483773,False,False
F13_079_08,F13,79,8,0.471,0.471,3,3,1,1,0,1,0,0,0,-1,0.4709999999999999,0.5048553005309429,False,False
F13_079_09,F13,79,9,0.482,0.482,3,3,2,1,0,1,0,0,0,-1,0.4819999999999999,0.5103020743847033,False,False
F13_079_10,F13,79,10,0.483,0.483,3,3,3,1,0,1,0,0,0,-1,0.4829999999999999,0.5215974439757007,False,False
F13_079_11,F13,79,11,0.496,0.496,3,3,6,1,0,1,0,0,0,-1,0.496,0.523902863613034,False,False
F13_079_12,F13,79,12,0.505,0.505,3,3,5,1,1,1,0,0,0,-1,0.505,0.531712438408904,False,False
F13_079_13,F13,79,13,0.519,0.519,3,3,9,1,0,1,0,0,0,-1,0.519,0.5353752329295224,False,False
F13_079_14,F13,79,14,0.522,0.522,3,3,2,1,0,1,0,0,0,-1,0.522,0.5414483053117762,False,False
F13_079_15,F13,79,15,0.533,0.533,3,3,3,1,0,1,0,0,0,-1,0.533,0.5438809405587745,False,False
F13_079_16,F13,79,16,0.534,0.534,3,3,4,1,0,1,0,0,0,-1,0.534,0.5389246037755223,False,False
F13_079_17,F13,79,17,0.532,0.532,3,3,2,1,0,1,0,0,0,-1,0.532,0.5398048303498962,False,False
F13_079_18,F13,79,18,0.526,0.526,3,3,6,1,0,1,0,0,0,-1,0.526,0.5468996258779101,False,False
F13_079_19,F13,79,19,0.521,0.521,3,3,1,1,0,1,0,0,0,-1,0.521,0.5483087679956288,False,False
F13_079_20,F13,79,20,0.515,0.515,3,3,5,1,1,1,0,0,0,-1,0.515,0.5485235072253476,False,False
F13_079_21,F13,79,21,0.505,0.505,3,3,5,1,1,1,0,0,0,-1,0.505,0.5446048902601989,False,False
F13_079_22,F13,79,22,0.494,0.494,3,3,4,1,0,1,0,0,0,-1,0.4939999999999999,0.5450584232669776,False,False
F13_079_23,F13,79,23,0.486,0.486,3,3,6,1,0,1,0,0,0,-1,0.4859999999999999,0.5331492353019546,False,False
F13_080_00,F13,80,0,0.56,0.56,2,2,6,1,0,1,1,0,0,-1,0.56,0.5033596344183209,False,False
F13_080_01,F13,80,1,0.557,0.557,3,3,7,1,0,1,0,0,0,-1,0.557,0.5205628691770179,False,False
F13_080_02,F13,80,2,0.552,0.552,3,3,2,1,0,1,0,0,0,-1,0.552,0.5137642403433601,False,False
F13_080_03,F13,80,3,0.549,0.549,3,3,9,1,0,1,0,0,0,-1,0.549,0.513565541722575,False,False
F13_080_04,F13,80,4,0.546,0.546,3,3,6,1,0,1,0,0,0,-1,0.546,0.510809619675167,False,False
F13_080_05,F13,80,5,0.545,0.545,3,3,5,1,1,1,0,0,0,-1,0.545,0.5096791338454485,False,False
F13_080_06,F13,80,6,0.544,0.544,3,3,4,1,0,1,0,0,0,-1,0.544,0.5072216521855158,False,False
F13_080_07,F13,80,7,0.544,0.544,3,3,4,1,0,1,0,0,0,-1,0.544,0.4951696824929683,False,False
F13_080_08,F13,80,8,0.555,0.555,3,3,5,1,1,1,0,0,0,-1,0.555,0.5055518439792972,False,False
F13_080_09,F13,80,9,0.564,0.564,3,3,4,1,0,1,0,0,0,-1,0.564,0.5198059675205056,False,False
F13_080_10,F13,80,10,0.582,0.582,3,3,2,1,0,1,0,0,0,-1,0.5819999999999999,0.4963443668408196,False,False
F13_080_11,F13,80,11,0.594,0.594,3,3,4,1,0,1,0,0,0,-1,0.5939999999999999,0.5087812557596849,False,False
F13_080_12,F13,80,12,0.601,0.601,3,3,1,1,0,1,0,0,0,-1,0.6009999999999999,0.5113001444224754,False,False
F13_080_13,F13,80,13,0.603,0.603,3,3,3,1,0,1,0,0,0,-1,0.6029999999999999,0.5157247753888351,False,False
F13_080_14,F13,80,14,0.598,0.598,3,3,8,1,0,1,0,0,0,-1,0.5979999999999999,0.5377557589737407,False,False
F13_080_15,F13,80,15,0.596,0.596,3,3,6,1,0,1,0,0,0,-1,0.5959999999999999,0.5377446487048843,False,False
F13_080_16,F13,80,16,0.6,0.6,1,1,6,1,0,1,1,1,0,-1,0.5999999999999999,0.5457957900247317,False,False
F13_080_17,F13,80,17,0.6,0.6,1,1,6,1,0,1,1,1,0,-1,0.5999999999999999,0.5515055670694943,False,False
F13_080_18,F13,80,18,0.595,0.595,3,3,5,1,1,1,0,0,0,-1,0.5949999999999999,0.5517461839960687,False,False
F13_080_19,F13,80,19,0.587,0.587,3,3,7,1,0,1,0,0,0,-1,0.5869999999999999,0.5469747472075436,False,False
F13_080_20,F13,80,20,0.581,0.581,3,3,1,1,0,1,0,0,0,-1,0.5809999999999998,0.5504714413942801,False,False
F13_080_21,F13,80,21,0.574,0.574,3,3,4,1,0,1,0,0,0,-1,0.574,0.5474769621358067,False,False
F13_080_22,F13,80,22,0.567,0.567,3,3,7,1,0,1,0,0,0,-1,0.567,0.5439086807974118,False,False
F13_080_23,F13,80,23,0.56,0.56,2,2,6,1,0,1,1,0,0,-1,0.56,0.5461139726743033,False,False
F13_081_00,F13,81,0,0.501,0.501,3,3,1,1,0,1,0,0,0,-1,0.501,0.5318478146024574,False,False
F13_081_01,F13,81,1,0.494,0.494,3,3,4,1,0,1,0,0,0,-1,0.4939999999999999,0.5122395373302822,False,False
F13_081_02,F13,81,2,0.491,0.491,3,3,1,1,0,1,0,0,0,-1,0.4909999999999999,0.500779918414363,False,False
F13_081_03,F13,81,3,0.488,0.488,3,3,8,1,0,1,0,0,0,-1,0.4879999999999999,0.4969455107460904,False,False
F13_081_04,F13,81,4,0.486,0.486,3,3,6,1,0,1,0,0,0,-1,0.4859999999999999,0.4931652859339877,False,False
F13_081_05,F13,81,5,0.484,0.484,3,3,4,1,0,1,0,0,0,-1,0.4839999999999999,0.491661878396978,False,False
F13_081_06,F13,81,6,0.483,0.483,3,3,3,1,0,1,0,0,0,-1,0.4829999999999999,0.4969854564446478,False,False
F13_081_07,F13,81,7,0.483,0.483,3,3,3,1,0,1,0,0,0,-1,0.4829999999999999,0.497495779691067,False,False
F13_081_08,F13,81,8,0.484,0.484,3,3,4,1,0,1,0,0,0,-1,0.4839999999999999,0.4831164712677881,False,False
F13_081_09,F13,81,9,0.498,0.498,3,3,8,1,0,1,0,0,0,-1,0.498,0.5004543557925423,False,False
F13_081_10,F13,81,10,0.502,0.502,3,3,2,1,0,1,0,0,0,-1,0.502,0.5138752191759725,False,False
F13_081_11,F13,81,11,0.517,0.517,3,3,7,1,0,1,0,0,0,-1,0.517,0.4993236169748343,False,False
F13_081_12,F13,81,12,0.53,0.53,2,2,3,1,0,1,1,0,0,-1,0.53,0.5105704218610033,False,False
F13_081_13,F13,81,13,0.549,0.549,3,3,9,1,0,1,0,0,0,-1,0.549,0.5154946544382814,False,False
F13_081_14,F13,81,14,0.553,0.553,3,3,3,1,0,1,0,0,0,-1,0.553,0.5320611425094703,False,False
F13_081_15,F13,81,15,0.566,0.566,3,3,6,1,0,1,0,0,0,-1,0.566,0.5399795622552505,False,False
F13_081_16,F13,81,16,0.569,0.569,3,3,9,1,0,1,0,0,0,-1,0.569,0.5399299851745418,False,False
F13_081_17,F13,81,17,0.57,0.57,2,2,7,1,0,1,1,0,0,-1,0.57,0.5421213050106753,False,False
F13_081_18,F13,81,18,0.567,0.567,3,3,7,1,0,1,0,0,0,-1,0.567,0.5468741208162737,False,False
F13_081_19,F13,81,19,0.56,0.56,2,2,6,1,0,1,1,0,0,-1,0.56,0.548055513169111,False,False
F13_081_20,F13,81,20,0.552,0.552,3,3,2,1,0,1,0,0,0,-1,0.552,0.5419659501526581,False,False
F13_081_21,F13,81,21,0.543,0.543,3,3,3,1,0,1,0,0,0,-1,0.543,0.5411998151988886,False,False
F13_081_22,F13,81,22,0.537,0.537,3,3,7,1,0,1,0,0,0,-1,0.537,0.541719188065652,False,False
F13_081_23,F13,81,23,0.528,0.528,3,3,8,1,0,1,0,0,0,-1,0.528,0.5324755346768582,False,False
F13_082_00,F13,82,0,0.516,0.516,3,3,6,1,0,1,0,0,0,-1,0.516,0.5173913855020488,False,False
F13_082_01,F13,82,1,0.512,0.512,3,3,2,1,0,1,0,0,0,-1,0.512,0.5087804940384042,False,False
F13_082_02,F13,82,2,0.509,0.509,3,3,9,1,0,1,0,0,0,-1,0.509,0.5035427954342943,False,False
F13_082_03,F13,82,3,0.505,0.505,3,3,5,1,1,1,0,0,0,-1,0.505,0.5025512808033348,False,False
F13_082_04,F13,82,4,0.502,0.502,3,3,2,1,0,1,0,0,0,-1,0.502,0.4892539934153984,False,False
F13_082_05,F13,82,5,0.503,0.503,3,3,3,1,0,1,0,0,0,-1,0.503,0.5036309000219626,False,False
F13_082_06,F13,82,6,0.498,0.498,3,3,8,1,0,1,0,0,0,-1,0.498,0.4979901288841296,False,False
F13_082_07,F13,82,7,0.496,0.496,3,3,6,1,0,1,0,0,0,-1,0.496,0.4987379411879551,False,False
F13_082_08,F13,82,8,0.505,0.505,3,3,5,1,1,1,0,0,0,-1,0.505,0.5065867643796048,False,False
F13_082_09,F13,82,9,0.51,0.51,2,2,1,1,0,1,1,0,0,-1,0.51,0.5075852938052356,False,False
F13_082_10,F13,82,10,0.515,0.515,3,3,5,1,1,1,0,0,0,-1,0.515,0.5136156497033894,False,False
F13_082_11,F13,82,11,0.525,0.525,3,3,5,1,1,1,0,0,0,-1,0.525,0.5017112657763036,False,False
F13_082_12,F13,82,12,0.544,0.544,3,3,4,1,0,1,0,0,0,-1,0.544,0.5108894396099458,False,False
F13_082_13,F13,82,13,0.556,0.556,3,3,6,1,0,1,0,0,0,-1,0.556,0.5180077814963612,False,False
F13_082_14,F13,82,14,0.564,0.564,3,3,4,1,0,1,0,0,0,-1,0.564,0.5232659160005261,False,False
F13_082_15,F13,82,15,0.567,0.567,3,3,7,1,0,1,0,0,0,-1,0.567,0.5264963236022723,False,False
F13_082_16,F13,82,16,0.573,0.573,3,3,3,1,0,1,0,0,0,-1,0.573,0.5386371193054402,False,False
F13_082_17,F13,82,17,0.576,0.576,3,3,6,1,0,1,0,0,0,-1,0.5759999999999998,0.5380957829600564,False,False
F13_082_18,F13,82,18,0.573,0.573,3,3,3,1,0,1,0,0,0,-1,0.573,0.5414923745787849,False,False
F13_082_19,F13,82,19,0.565,0.565,3,3,5,1,1,1,0,0,0,-1,0.565,0.5385973745520884,False,False
F13_082_20,F13,82,20,0.556,0.556,3,3,6,1,0,1,0,0,0,-1,0.556,0.5343299076198347,False,False
F13_082_21,F13,82,21,0.549,0.549,3,3,9,1,0,1,0,0,0,-1,0.549,0.535828291370012,False,False
F13_082_22,F13,82,22,0.541,0.541,3,3,1,1,0,1,0,0,0,-1,0.541,0.5349253252231063,False,False
F13_082_23,F13,82,23,0.534,0.534,3,3,4,1,0,1,0,0,0,-1,0.534,0.5336621073862348,False,False
F13_083_00,F13,83,0,0.519,0.519,3,3,9,1,0,1,0,0,0,-1,0.519,0.5232901073962565,False,False
F13_083_01,F13,83,1,0.517,0.517,3,3,7,1,0,1,0,0,0,-1,0.517,0.5188384554875282,False,False
F13_083_02,F13,83,2,0.512,0.512,3,3,2,1,0,1,0,0,0,-1,0.512,0.5168836555833706,False,False
F13_083_03,F13,83,3,0.507,0.507,3,3,7,1,0,1,0,0,0,-1,0.507,0.5132347171846682,False,False
F13_083_04,F13,83,4,0.504,0.504,3,3,4,1,0,1,0,0,0,-1,0.504,0.5063554880449684,False,False
F13_083_05,F13,83,5,0.501,0.501,3,3,1,1,0,1,0,0,0,-1,0.501,0.5033125137989684,False,False
F13_083_06,F13,83,6,0.5,0.5,1,1,5,1,1,1,1,1,0,-1,0.5,0.5100525320562507,False,False
F13_083_07,F13,83,7,0.501,0.501,3,3,1,1,0,1,0,0,0,-1,0.501,0.5078633486517175,False,False
F13_083_08,F13,83,8,0.508,0.508,3,3,8,1,0,1,0,0,0,-1,0.508,0.5062240411501733,False,False
F13_083_09,F13,83,9,0.525,0.525,3,3,5,1,1,1,0,0,0,-1,0.525,0.5150292302084836,False,False
F13_083_10,F13,83,10,0.527,0.527,3,3,7,1,0,1,0,0,0,-1,0.527,0.514011647449118,False,False
F13_083_11,F13,83,11,0.538,0.538,3,3,8,1,0,1,0,0,0,-1,0.538,0.5228220124984923,False,False
F13_083_12,F13,83,12,0.549,0.549,3,3,9,1,0,1,0,0,0,-1,0.549,0.5264897815834896,False,False
F13_083_13,F13,83,13,0.566,0.566,3,3,6,1,0,1,0,0,0,-1,0.566,0.53185229274244,False,False
F13_083_14,F13,83,14,0.571,0.571,3,3,1,1,0,1,0,0,0,-1,0.571,0.5247412686416845,False,False
F13_083_15,F13,83,15,0.585,0.585,3,3,5,1,1,1,0,0,0,-1,0.5849999999999999,0.5379095318680733,False,False
F13_083_16,F13,83,16,0.588,0.588,3,3,8,1,0,1,0,0,0,-1,0.5879999999999999,0.5370048528495912,False,False
F13_083_17,F13,83,17,0.589,0.589,3,3,9,1,0,1,0,0,0,-1,0.5889999999999999,0.5483206850448643,False,False
F13_083_18,F13,83,18,0.586,0.586,3,3,6,1,0,1,0,0,0,-1,0.5859999999999999,0.5465333548845259,False,False
F13_083_19,F13,83,19,0.58,0.58,2,2,8,1,0,1,1,0,0,-1,0.5799999999999998,0.5450193147795456,False,False
F13_083_20,F13,83,20,0.573,0.573,3,3,3,1,0,1,0,0,0,-1,0.573,0.5428235729658115,False,False
F13_083_21,F13,83,21,0.565,0.565,3,3,5,1,1,1,0,0,0,-1,0.565,0.5392503357180454,False,False
F13_083_22,F13,83,22,0.559,0.559,3,3,9,1,0,1,0,0,0,-1,0.559,0.5382658923672052,False,False
F13_083_23,F13,83,23,0.555,0.555,3,3,5,1,1,1,0,0,0,-1,0.555,0.5419407110352598,False,False
F13_084_00,F13,84,0,0.528,0.528,3,3,8,1,0,1,0,0,0,-1,0.528,0.5362867374260222,False,False
F13_084_01,F13,84,1,0.521,0.521,3,3,1,1,0,1,0,0,0,-1,0.521,0.5360519765566008,False,False
F13_084_02,F13,84,2,0.515,0.515,3,3,5,1,1,1,0,0,0,-1,0.515,0.5339049679163279,False,False
F13_084_03,F13,84,3,0.508,0.508,3,3,8,1,0,1,0,0,0,-1,0.508,0.5248046639863307,False,False
F13_084_04,F13,84,4,0.506,0.506,3,3,6,1,0,1,0,0,0,-1,0.506,0.528551302603355,False,False
F13_084_05,F13,84,5,0.504,0.504,3,3,4,1,0,1,0,0,0,-1,0.504,0.527320058585696,False,False
F13_084_06,F13,84,6,0.5,0.5,1,1,5,1,1,1,1,1,0,-1,0.5,0.526782297881777,False,False
F13_084_07,F13,84,7,0.496,0.496,3,3,6,1,0,1,0,0,0,-1,0.496,0.5247021676189263,False,False
F13_084_08,F13,84,8,0.503,0.503,3,3,3,1,0,1,0,0,0,-1,0.503,0.5282446896242352,False,False
F13_084_09,F13,84,9,0.512,0.512,3,3,2,1,0,1,0,0,0,-1,0.512,0.5278948157613796,False,False
F13_084_10,F13,84,10,0.52,0.52,2,2,2,1,0,1,1,0,0,-1,0.52,0.5232401064554808,False,False
F13_084_11,F13,84,11,0.526,0.526,3,3,6,1,0,1,0,0,0,-1,0.526,0.5488579236027397,False,False
F13_084_12,F13,84,12,0.546,0.546,3,3,6,1,0,1,0,0,0,-1,0.546,0.5494564940098529,False,False
F13_084_13,F13,84,13,0.555,0.555,3,3,5,1,1,1,0,0,0,-1,0.555,0.5579981914514551,False,False
F13_084_14,F13,84,14,0.561,0.561,3,3,1,1,0,1,0,0,0,-1,0.561,0.5495841826493236,False,False
F13_084_15,F13,84,15,0.565,0.565,3,3,5,1,1,1,0,0,0,-1,0.565,0.5506520721427142,False,False
F13_084_16,F13,84,16,0.574,0.574,3,3,4,1,0,1,0,0,0,-1,0.574,0.5591922272606367,False,False
F13_084_17,F13,84,17,0.579,0.579,3,3,9,1,0,1,0,0,0,-1,0.5789999999999998,0.56293241468396,False,False
F13_084_18,F13,84,18,0.576,0.576,3,3,6,1,0,1,0,0,0,-1,0.5759999999999998,0.563223476509189,False,False
F13_084_19,F13,84,19,0.57,0.57,2,2,7,1,0,1,1,0,0,-1,0.57,0.5620948539816659,False,False
F13_084_20,F13,84,20,0.562,0.562,3,3,2,1,0,1,0,0,0,-1,0.562,0.5628208519793465,False,False
F13_084_21,F13,84,21,0.555,0.555,3,3,5,1,1,1,0,0,0,-1,0.555,0.5572869975022843,False,False
F13_084_22,F13,84,22,0.549,0.549,3,3,9,1,0,1,0,0,0,-1,0.549,0.5541015850115758,False,False
F13_084_23,F13,84,23,0.543,0.543,3,3,3,1,0,1,0,0,0,-1,0.543,0.5509176062982765,False,False
F13_085_00,F13,85,0,0.551,0.551,3,3,1,1,0,1,0,0,0,-1,0.551,0.5519040378521081,False,False
F13_085_01,F13,85,1,0.548,0.548,3,3,8,1,0,1,0,0,0,-1,0.548,0.5525744360894148,False,False
F13_085_02,F13,85,2,0.547,0.547,3,3,7,1,0,1,0,0,0,-1,0.547,0.548084441067254,False,False
F13_085_03,F13,85,3,0.545,0.545,3,3,5,1,1,1,0,0,0,-1,0.545,0.5483073433180033,False,False
F13_085_04,F13,85,4,0.544,0.544,3,3,4,1,0,1,0,0,0,-1,0.544,0.5478383908166035,False,False
F13_085_05,F13,85,5,0.542,0.542,3,3,2,1,0,1,0,0,0,-1,0.542,0.5478617279637045,False,False
F13_085_06,F13,85,6,0.54,0.54,2,2,4,1,0,1,1,0,0,-1,0.54,0.5485228943407723,False,False
F13_085_07,F13,85,7,0.539,0.539,3,3,9,1,0,1,0,0,0,-1,0.539,0.5401301089923971,False,False
F13_085_08,F13,85,8,0.538,0.538,3,3,8,1,0,1,0,0,0,-1,0.538,0.5268973939645158,False,False
F13_085_09,F13,85,9,0.555,0.555,3,3,5,1,1,1,0,0,0,-1,0.555,0.523020691034972,False,False
F13_085_10,F13,85,10,0.558,0.558,3,3,8,1,0,1,0,0,0,-1,0.558,0.5424088368161823,False,False
F13_085_11,F13,85,11,0.573,0.573,3,3,3,1,0,1,0,0,0,-1,0.573,0.5483075529170924,False,False
F13_085_12,F13,85,12,0.581,0.581,3,3,1,1,0,1,0,0,0,-1,0.5809999999999998,0.5422884954279614,False,False
F13_085_13,F13,85,13,0.598,0.598,3,3,8,1,0,1,0,0,0,-1,0.5979999999999999,0.546380967780401,False,False
F13_085_14,F13,85,14,0.601,0.601,3,3,1,1,0,1,0,0,0,-1,0.6009999999999999,0.5481396694651345,False,False
F13_085_15,F13,85,15,0.615,0.615,3,3,5,1,1,1,0,0,0,-1,0.6149999999999999,0.5505482001474296,False,False
F13_085_16,F13,85,16,0.616,0.616,3,3,6,1,0,1,0,0,0,-1,0.6159999999999999,0.5594386903575425,False,False
F13_085_17,F13,85,17,0.616,0.616,3,3,6,1,0,1,0,0,0,-1,0.6159999999999999,0.5693676077216367,False,False
F13_085_18,F13,85,18,0.611,0.611,3,3,1,1,0,1,0,0,0,-1,0.6109999999999999,0.5595651797260577,False,False
F13_085_19,F13,85,19,0.602,0.602,3,3,2,1,0,1,0,0,0,-1,0.6019999999999999,0.5651812369318568,False,False
F13_085_20,F13,85,20,0.595,0.595,3,3,5,1,1,1,0,0,0,-1,0.5949999999999999,0.5604794095962725,False,False
F13_085_21,F13,85,21,0.587,0.587,3,3,7,1,0,1,0,0,0,-1,0.5869999999999999,0.5546092556911321,False,False
F13_085_22,F13,85,22,0.572,0.572,3,3,2,1,0,1,0,0,0,-1,0.572,0.5504734737963344,False,False
F13_085_23,F13,85,23,0.565,0.565,3,3,5,1,1,1,0,0,0,-1,0.565,0.5540229216574972,False,False
F13_086_00,F13,86,0,0.538,0.538,3,3,8,1,0,1,0,0,0,-1,0.538,0.4993865332197799,False,False
F13_086_01,F13,86,1,0.534,0.534,3,3,4,1,0,1,0,0,0,-1,0.534,0.5006718938020746,False,False
F13_086_02,F13,86,2,0.531,0.531,3,3,1,1,0,1,0,0,0,-1,0.531,0.4953780255811826,False,False
F13_086_03,F13,86,3,0.528,0.528,3,3,8,1,0,1,0,0,0,-1,0.528,0.4953466749103236,False,False
F13_086_04,F13,86,4,0.527,0.527,3,3,7,1,0,1,0,0,0,-1,0.527,0.4920339601065483,False,False
F13_086_05,F13,86,5,0.526,0.526,3,3,6,1,0,1,0,0,0,-1,0.526,0.4910359164440414,False,False
F13_086_06,F13,86,6,0.524,0.524,3,3,4,1,0,1,0,0,0,-1,0.524,0.491493117127126,False,False
F13_086_07,F13,86,7,0.531,0.531,3,3,1,1,0,1,0,0,0,-1,0.531,0.4742783702057891,False,False
F13_086_08,F13,86,8,0.54,0.54,2,2,4,1,0,1,1,0,0,-1,0.54,0.4927228307206301,False,False
F13_086_09,F13,86,9,0.544,0.544,3,3,4,1,0,1,0,0,0,-1,0.544,0.5091623524235328,False,False
F13_086_10,F13,86,10,0.547,0.547,3,3,7,1,0,1,0,0,0,-1,0.547,0.5031392435969172,False,False
F13_086_11,F13,86,11,0.557,0.557,3,3,7,1,0,1,0,0,0,-1,0.557,0.5054000067468442,False,False
F13_086_12,F13,86,12,0.568,0.568,3,3,8,1,0,1,0,0,0,-1,0.568,0.5120871982754295,False,False
F13_086_13,F13,86,13,0.576,0.576,3,3,6,1,0,1,0,0,0,-1,0.5759999999999998,0.5184537760475922,False,False
F13_086_14,F13,86,14,0.581,0.581,3,3,1,1,0,1,0,0,0,-1,0.5809999999999998,0.5163788659267989,False,False
F13_086_15,F13,86,15,0.583,0.583,3,3,3,1,0,1,0,0,0,-1,0.5829999999999999,0.5221017591458967,False,False
F13_086_16,F13,86,16,0.589,0.589,3,3,9,1,0,1,0,0,0,-1,0.5889999999999999,0.5287077891875402,False,False
F13_086_17,F13,86,17,0.593,0.593,3,3,3,1,0,1,0,0,0,-1,0.5929999999999999,0.5314421392377715,False,False
F13_086_18,F13,86,18,0.59,0.59,2,2,9,1,0,1,1,0,0,-1,0.5899999999999999,0.5323173187713715,False,False
F13_086_19,F13,86,19,0.584,0.584,3,3,4,1,0,1,0,0,0,-1,0.5839999999999999,0.5313430882165269,False,False
F13_086_20,F13,86,20,0.578,0.578,3,3,8,1,0,1,0,0,0,-1,0.5779999999999998,0.5231471339940523,False,False
F13_086_21,F13,86,21,0.572,0.572,3,3,2,1,0,1,0,0,0,-1,0.572,0.523429590781719,False,False
F13_086_22,F13,86,22,0.565,0.565,3,3,5,1,1,1,0,0,0,-1,0.565,0.5269155549950917,False,False
F13_086_23,F13,86,23,0.559,0.559,3,3,9,1,0,1,0,0,0,-1,0.559,0.525151266725558,False,False
F13_088_00,F13,88,0,0.554,0.554,3,3,4,1,0,1,0,0,0,-1,0.554,0.5040614039206072,False,False
F13_088_01,F13,88,1,0.549,0.549,3,3,9,1,0,1,0,0,0,-1,0.549,0.5059101997505793,False,False
F13_088_02,F13,88,2,0.545,0.545,3,3,5,1,1,1,0,0,0,-1,0.545,0.5049111336451939,False,False
F13_088_03,F13,88,3,0.541,0.541,3,3,1,1,0,1,0,0,0,-1,0.541,0.5030892241609856,False,False
F13_088_04,F13,88,4,0.538,0.538,3,3,8,1,0,1,0,0,0,-1,0.538,0.5020117267958922,False,False
F13_088_05,F13,88,5,0.534,0.534,3,3,4,1,0,1,0,0,0,-1,0.534,0.4997764627931998,False,False
F13_088_06,F13,88,6,0.53,0.53,2,2,3,1,0,1,1,0,0,-1,0.53,0.498955432868591,False,False
F13_088_07,F13,88,7,0.529,0.529,3,3,9,1,0,1,0,0,0,-1,0.529,0.4937174516169753,False,False
F13_088_08,F13,88,8,0.538,0.538,3,3,8,1,0,1,0,0,0,-1,0.538,0.4972709369088171,False,False
F13_088_09,F13,88,9,0.548,0.548,3,3,8,1,0,1,0,0,0,-1,0.548,0.5041509284673408,False,False
F13_088_10,F13,88,10,0.554,0.554,3,3,4,1,0,1,0,0,0,-1,0.554,0.4985669741318559,False,False
F13_088_11,F13,88,11,0.556,0.556,3,3,6,1,0,1,0,0,0,-1,0.556,0.4955799083523652,False,False
F13_088_12,F13,88,12,0.561,0.561,3,3,1,1,0,1,0,0,0,-1,0.561,0.4966575256478845,False,False
F13_088_13,F13,88,13,0.565,0.565,3,3,5,1,1,1,0,0,0,-1,0.565,0.4980944803406181,False,False
F13_088_14,F13,88,14,0.568,0.568,3,3,8,1,0,1,0,0,0,-1,0.568,0.5059253974937304,False,False
F13_088_15,F13,88,15,0.565,0.565,3,3,5,1,1,1,0,0,0,-1,0.565,0.5164502350813573,False,False
F13_088_16,F13,88,16,0.568,0.568,3,3,8,1,0,1,0,0,0,-1,0.568,0.5110938445881315,False,False
F13_088_17,F13,88,17,0.566,0.566,3,3,6,1,0,1,0,0,0,-1,0.566,0.5001125985255424,False,False
F13_088_18,F13,88,18,0.561,0.561,3,3,1,1,0,1,0,0,0,-1,0.561,0.5073903388297335,False,False
F13_088_19,F13,88,19,0.557,0.557,3,3,7,1,0,1,0,0,0,-1,0.557,0.507552125430006,False,False
F13_088_20,F13,88,20,0.553,0.553,3,3,3,1,0,1,0,0,0,-1,0.553,0.5075331922716297,False,False
F13_088_21,F13,88,21,0.55,0.55,2,2,5,1,1,1,1,0,0,-1,0.55,0.506703224457473,False,False
F13_088_22,F13,88,22,0.547,0.547,3,3,7,1,0,1,0,0,0,-1,0.547,0.5075621523700755,False,False
F13_088_23,F13,88,23,0.545,0.545,3,3,5,1,1,1,0,0,0,-1,0.545,0.5066146322281917,False,False
F13_089_00,F13,89,0,0.553,0.553,3,3,3,1,0,1,0,0,0,-1,0.553,0.5550192380418452,False,False
F13_089_01,F13,89,1,0.551,0.551,3,3,1,1,0,1,0,0,0,-1,0.551,0.5546663810977766,False,False
F13_089_02,F13,89,2,0.549,0.549,3,3,9,1,0,1,0,0,0,-1,0.549,0.5527881085964154,False,False
F13_089_03,F13,89,3,0.548,0.548,3,3,8,1,0,1,0,0,0,-1,0.548,0.5507895981227021,False,False
F13_089_04,F13,89,4,0.547,0.547,3,3,7,1,0,1,0,0,0,-1,0.547,0.5482962179059532,False,False
F13_089_05,F13,89,5,0.546,0.546,3,3,6,1,0,1,0,0,0,-1,0.546,0.5460903982448813,False,False
F13_089_06,F13,89,6,0.546,0.546,3,3,6,1,0,1,0,0,0,-1,0.546,0.5340561158808077,False,False
F13_089_07,F13,89,7,0.546,0.546,3,3,6,1,0,1,0,0,0,-1,0.546,0.5190980847645329,False,False
F13_089_08,F13,89,8,0.55,0.55,2,2,5,1,1,1,1,0,0,-1,0.55,0.5329109817510768,False,False
F13_089_09,F13,89,9,0.562,0.562,3,3,2,1,0,1,0,0,0,-1,0.562,0.5390164890251925,False,False
F13_089_10,F13,89,10,0.565,0.565,3,3,5,1,1,1,0,0,0,-1,0.565,0.5413419282005472,False,False
F13_089_11,F13,89,11,0.577,0.577,3,3,7,1,0,1,0,0,0,-1,0.5769999999999998,0.5523248490492302,False,False
F13_089_12,F13,89,12,0.586,0.586,3,3,6,1,0,1,0,0,0,-1,0.5859999999999999,0.5512526483260283,False,False
F13_089_13,F13,89,13,0.605,0.605,3,3,5,1,1,1,0,0,0,-1,0.6049999999999999,0.5569143746272934,False,False
F13_089_14,F13,89,14,0.607,0.607,3,3,7,1,0,1,0,0,0,-1,0.6069999999999999,0.5668432474875764,False,False
F13_089_15,F13,89,15,0.618,0.618,3,3,8,1,0,1,0,0,0,-1,0.6179999999999999,0.5716941643001293,False,False
F13_089_16,F13,89,16,0.623,0.623,3,3,3,1,0,1,0,0,0,-1,0.623,0.5818966855319528,False,False
F13_089_17,F13,89,17,0.624,0.624,3,3,4,1,0,1,0,0,0,-1,0.624,0.5800122633222484,False,False
F13_089_18,F13,89,18,0.62,0.62,2,2,2,1,0,1,1,0,0,-1,0.62,0.5789654410709671,False,False
F13_089_19,F13,89,19,0.612,0.612,3,3,2,1,0,1,0,0,0,-1,0.6119999999999999,0.5776590685585512,False,False
F13_089_20,F13,89,20,0.6,0.6,1,1,6,1,0,1,1,1,0,-1,0.5999999999999999,0.5711654122563463,False,False
F13_089_21,F13,89,21,0.594,0.594,3,3,4,1,0,1,0,0,0,-1,0.5939999999999999,0.5697737452105656,False,False
F13_089_22,F13,89,22,0.585,0.585,3,3,5,1,1,1,0,0,0,-1,0.5849999999999999,0.5593985731784811,False,False
F13_089_23,F13,89,23,0.574,0.574,3,3,4,1,0,1,0,0,0,-1,0.574,0.5598193554908221,False,False
F13_090_00,F13,90,0,0.543,0.543,3,3,3,1,0,1,0,0,0,-1,0.543,0.4163902556507077,False,False
F13_090_01,F13,90,1,0.541,0.541,3,3,1,1,0,1,0,0,0,-1,0.541,0.4184890814394685,False,False
F13_090_02,F13,90,2,0.539,0.539,3,3,9,1,0,1,0,0,0,-1,0.539,0.4177469705336157,False,False
F13_090_03,F13,90,3,0.537,0.537,3,3,7,1,0,1,0,0,0,-1,0.537,0.4166021596771692,False,False
F13_090_04,F13,90,4,0.536,0.536,3,3,6,1,0,1,0,0,0,-1,0.536,0.4169353363561217,False,False
F13_090_05,F13,90,5,0.535,0.535,3,3,5,1,1,1,0,0,0,-1,0.535,0.4159884898906465,False,False
F13_090_06,F13,90,6,0.534,0.534,3,3,4,1,0,1,0,0,0,-1,0.534,0.4145180127387544,False,False
F13_090_07,F13,90,7,0.533,0.533,3,3,3,1,0,1,0,0,0,-1,0.533,0.412745885313705,False,False
F13_090_08,F13,90,8,0.54,0.54,2,2,4,1,0,1,1,0,0,-1,0.54,0.4099596544066793,False,False
F13_090_09,F13,90,9,0.545,0.545,3,3,5,1,1,1,0,0,0,-1,0.545,0.4296668199970744,False,False
F13_090_10,F13,90,10,0.549,0.549,3,3,9,1,0,1,0,0,0,-1,0.549,0.4282401739418574,False,False
F13_090_11,F13,90,11,0.551,0.551,3,3,1,1,0,1,0,0,0,-1,0.551,0.430859397669987,False,False
F13_090_12,F13,90,12,0.564,0.564,3,3,4,1,0,1,0,0,0,-1,0.564,0.4460492208054059,False,False
F13_090_13,F13,90,13,0.577,0.577,3,3,7,1,0,1,0,0,0,-1,0.5769999999999998,0.4526216287318589,False,False
F13_090_14,F13,90,14,0.582,0.582,3,3,2,1,0,1,0,0,0,-1,0.5819999999999999,0.4588416629824718,False,False
F13_090_15,F13,90,15,0.584,0.584,3,3,4,1,0,1,0,0,0,-1,0.5839999999999999,0.4497511951832427,False,False
F13_090_16,F13,90,16,0.59,0.59,2,2,9,1,0,1,1,0,0,-1,0.5899999999999999,0.457896366212726,False,False
F13_090_17,F13,90,17,0.593,0.593,3,3,3,1,0,1,0,0,0,-1,0.5929999999999999,0.4602493522469993,False,False
F13_090_18,F13,90,18,0.589,0.589,3,3,9,1,0,1,0,0,0,-1,0.5889999999999999,0.4598869172050014,False,False
F13_090_19,F13,90,19,0.581,0.581,3,3,1,1,0,1,0,0,0,-1,0.5809999999999998,0.4509360284869381,False,False
F13_090_20,F13,90,20,0.572,0.572,3,3,2,1,0,1,0,0,0,-1,0.572,0.4497316079582784,False,False
F13_090_21,F13,90,21,0.564,0.564,3,3,4,1,0,1,0,0,0,-1,0.564,0.4555129995869091,False,False
F13_090_22,F13,90,22,0.555,0.555,3,3,5,1,1,1,0,0,0,-1,0.555,0.4512136186077552,False,False
F13_090_23,F13,90,23,0.547,0.547,3,3,7,1,0,1,0,0,0,-1,0.547,0.4447635442214453,False,False
F13_091_00,F13,91,0,0.567,0.567,3,3,7,1,0,1,0,0,0,-1,0.567,0.5300917892182834,False,False
F13_091_01,F13,91,1,0.563,0.563,3,3,3,1,0,1,0,0,0,-1,0.563,0.5287704168804519,False,False
F13_091_02,F13,91,2,0.558,0.558,3,3,8,1,0,1,0,0,0,-1,0.558,0.520301644582425,False,False
F13_091_03,F13,91,3,0.559,0.559,3,3,9,1,0,1,0,0,0,-1,0.559,0.5263383877896048,False,False
F13_091_04,F13,91,4,0.56,0.56,2,2,6,1,0,1,1,0,0,-1,0.56,0.5260662810527252,False,False
F13_091_05,F13,91,5,0.559,0.559,3,3,9,1,0,1,0,0,0,-1,0.559,0.5146789999069262,False,False
F13_091_06,F13,91,6,0.561,0.561,3,3,1,1,0,1,0,0,0,-1,0.561,0.5152940880102285,False,False
F13_091_07,F13,91,7,0.561,0.561,3,3,1,1,0,1,0,0,0,-1,0.561,0.518182390239972,False,False
F13_091_08,F13,91,8,0.566,0.566,3,3,6,1,0,1,0,0,0,-1,0.566,0.5140786272997871,False,False
F13_091_09,F13,91,9,0.578,0.578,3,3,8,1,0,1,0,0,0,-1,0.5779999999999998,0.5277549733035449,False,False
F13_091_10,F13,91,10,0.583,0.583,3,3,3,1,0,1,0,0,0,-1,0.5829999999999999,0.51497304873067,False,False
F13_091_11,F13,91,11,0.577,0.577,3,3,7,1,0,1,0,0,0,-1,0.5769999999999998,0.5155151059630767,False,False
F13_091_12,F13,91,12,0.572,0.572,3,3,2,1,0,1,0,0,0,-1,0.572,0.5193412759890327,False,False
F13_091_13,F13,91,13,0.581,0.581,3,3,1,1,0,1,0,0,0,-1,0.5809999999999998,0.525864184390868,False,False
F13_091_14,F13,91,14,0.585,0.585,3,3,5,1,1,1,0,0,0,-1,0.5849999999999999,0.540900257284709,False,False
F13_091_15,F13,91,15,0.598,0.598,3,3,8,1,0,1,0,0,0,-1,0.5979999999999999,0.5431045740305662,False,False
F13_091_16,F13,91,16,0.6,0.6,1,1,6,1,0,1,1,1,0,-1,0.5999999999999999,0.5503920524321378,False,False
F13_091_17,F13,91,17,0.599,0.599,3,3,9,1,0,1,0,0,0,-1,0.5989999999999999,0.5619560345875216,False,False
F13_091_18,F13,91,18,0.597,0.597,3,3,7,1,0,1,0,0,0,-1,0.5969999999999999,0.5679576370948475,False,False
F13_091_19,F13,91,19,0.595,0.595,3,3,5,1,1,1,0,0,0,-1,0.5949999999999999,0.5651177772008655,False,False
F13_091_20,F13,91,20,0.593,0.593,3,3,3,1,0,1,0,0,0,-1,0.5929999999999999,0.5625988284919388,False,False
F13_091_21,F13,91,21,0.589,0.589,3,3,9,1,0,1,0,0,0,-1,0.5889999999999999,0.5526365880016666,False,False
F13_091_22,F13,91,22,0.588,0.588,3,3,8,1,0,1,0,0,0,-1,0.5879999999999999,0.5561759833466488,False,False
F13_091_23,F13,91,23,0.581,0.581,3,3,1,1,0,1,0,0,0,-1,0.5809999999999998,0.5494612735864437,False,False
F13_092_00,F13,92,0,0.435,0.435,3,3,5,1,1,1,0,0,0,-1,0.435,0.4301762361539252,False,False
F13_092_01,F13,92,1,0.454,0.454,3,3,4,1,0,1,0,0,0,-1,0.454,0.4297804001158534,False,False
F13_092_02,F13,92,2,0.451,0.451,3,3,1,1,0,1,0,0,0,-1,0.451,0.4273052576741875,False,False
F13_092_03,F13,92,3,0.448,0.448,3,3,8,1,0,1,0,0,0,-1,0.448,0.4237108709292558,False,False
F13_092_04,F13,92,4,0.445,0.445,3,3,5,1,1,1,0,0,0,-1,0.445,0.4230579966190418,False,False
F13_092_05,F13,92,5,0.442,0.442,3,3,2,1,0,1,0,0,0,-1,0.442,0.4094985096787082,False,False
F13_092_06,F13,92,6,0.439,0.439,3,3,9,1,0,1,0,0,0,-1,0.439,0.4172980156709789,False,False
F13_092_07,F13,92,7,0.438,0.438,3,3,8,1,0,1,0,0,0,-1,0.438,0.4220912392666783,False,False
F13_092_08,F13,92,8,0.438,0.438,3,3,8,1,0,1,0,0,0,-1,0.438,0.4232603268425999,False,False
F13_092_09,F13,92,9,0.441,0.441,3,3,1,1,0,1,0,0,0,-1,0.441,0.4243653500582744,False,False
F13_092_10,F13,92,10,0.454,0.454,3,3,4,1,0,1,0,0,0,-1,0.454,0.4220641396053168,False,False
F13_092_11,F13,92,11,0.472,0.472,3,3,2,1,0,1,0,0,0,-1,0.4719999999999999,0.4216828649002459,False,False
F13_092_12,F13,92,12,0.488,0.488,3,3,8,1,0,1,0,0,0,-1,0.4879999999999999,0.4327385567794416,False,False
F13_092_13,F13,92,13,0.505,0.505,3,3,5,1,1,1,0,0,0,-1,0.505,0.4458172613861169,False,False
F13_092_14,F13,92,14,0.522,0.522,3,3,2,1,0,1,0,0,0,-1,0.522,0.4407005307591171,False,False
F13_092_15,F13,92,15,0.535,0.535,3,3,5,1,1,1,0,0,0,-1,0.535,0.4605465960910521,False,False
F13_092_16,F13,92,16,0.54,0.54,2,2,4,1,0,1,1,0,0,-1,0.54,0.4550374591515017,False,False
F13_092_17,F13,92,17,0.536,0.536,3,3,6,1,0,1,0,0,0,-1,0.536,0.4509478906232713,False,False
F13_092_18,F13,92,18,0.535,0.535,3,3,5,1,1,1,0,0,0,-1,0.535,0.4514497933307566,False,False
F13_092_19,F13,92,19,0.528,0.528,3,3,8,1,0,1,0,0,0,-1,0.528,0.4463159740077731,False,False
F13_092_20,F13,92,20,0.517,0.517,3,3,7,1,0,1,0,0,0,-1,0.517,0.4430063689310654,False,False
F13_092_21,F13,92,21,0.505,0.505,3,3,5,1,1,1,0,0,0,-1,0.505,0.4395158862069418,False,False
F13_092_22,F13,92,22,0.497,0.497,3,3,7,1,0,1,0,0,0,-1,0.497,0.4346966153622092,False,False
F13_092_23,F13,92,23,0.489,0.489,3,3,9,1,0,1,0,0,0,-1,0.4889999999999999,0.4257365425768991,False,False
F13_093_00,F13,93,0,0.382,0.382,3,3,2,1,0,1,0,0,0,-1,0.382,0.4681950128195205,False,False
F13_093_01,F13,93,1,0.376,0.376,3,3,6,1,0,1,0,0,0,-1,0.376,0.466867141460764,False,False
F13_093_02,F13,93,2,0.37,0.37,2,2,7,1,0,1,1,0,0,-1,0.37,0.4667219350668492,False,False
F13_093_03,F13,93,3,0.366,0.366,3,3,6,1,0,1,0,0,0,-1,0.3659999999999999,0.467244229110787,False,False
F13_093_04,F13,93,4,0.362,0.362,3,3,2,1,0,1,0,0,0,-1,0.3619999999999999,0.461338925505026,False,False
F13_093_05,F13,93,5,0.356,0.356,3,3,6,1,0,1,0,0,0,-1,0.3559999999999999,0.4595536487494467,False,False
F13_093_06,F13,93,6,0.354,0.354,3,3,4,1,0,1,0,0,0,-1,0.3539999999999999,0.4636456623163528,False,False
F13_093_07,F13,93,7,0.353,0.353,3,3,3,1,0,1,0,0,0,-1,0.3529999999999999,0.4527988724444008,False,False
F13_093_08,F13,93,8,0.379,0.379,3,3,9,1,0,1,0,0,0,-1,0.379,0.4635523490614408,False,False
F13_093_09,F13,93,9,0.419,0.419,3,3,9,1,0,1,0,0,0,-1,0.4189999999999999,0.4674241860440859,False,False
F13_093_10,F13,93,10,0.43,0.43,2,2,3,1,0,1,1,0,0,-1,0.4299999999999999,0.4718159043009558,False,False
F13_093_11,F13,93,11,0.418,0.418,3,3,8,1,0,1,0,0,0,-1,0.4179999999999999,0.4720130859874903,False,False
F13_093_12,F13,93,12,0.411,0.411,3,3,1,1,0,1,0,0,0,-1,0.4109999999999999,0.4991587872727026,False,False
F13_093_13,F13,93,13,0.409,0.409,3,3,9,1,0,1,0,0,0,-1,0.4089999999999999,0.5087802377993034,False,False
F13_093_14,F13,93,14,0.407,0.407,3,3,7,1,0,1,0,0,0,-1,0.4069999999999999,0.4999563798754586,False,False
F13_093_15,F13,93,15,0.409,0.409,3,3,9,1,0,1,0,0,0,-1,0.4089999999999999,0.5106329425987816,False,False
F13_093_16,F13,93,16,0.415,0.415,3,3,5,1,1,1,0,0,0,-1,0.4149999999999999,0.5198591170395161,False,False
F13_093_17,F13,93,17,0.419,0.419,3,3,9,1,0,1,0,0,0,-1,0.4189999999999999,0.5213783192650158,False,False
F13_093_18,F13,93,18,0.417,0.417,3,3,7,1,0,1,0,0,0,-1,0.4169999999999999,0.5245636109952142,False,False
F13_093_19,F13,93,19,0.412,0.412,3,3,2,1,0,1,0,0,0,-1,0.4119999999999999,0.5164665879100258,False,False
F13_093_20,F13,93,20,0.404,0.404,3,3,4,1,0,1,0,0,0,-1,0.404,0.5104732292683756,False,False
F13_093_21,F13,93,21,0.398,0.398,3,3,8,1,0,1,0,0,0,-1,0.398,0.507020034815508,False,False
F13_093_22,F13,93,22,0.392,0.392,3,3,2,1,0,1,0,0,0,-1,0.392,0.504864740058937,False,False
F13_093_23,F13,93,23,0.387,0.387,3,3,7,1,0,1,0,0,0,-1,0.387,0.5041848133685887,False,False
F13_094_00,F13,94,0,0.382,0.382,3,3,2,1,0,1,0,0,0,-1,0.382,0.4925935975212761,False,False
F13_094_01,F13,94,1,0.378,0.378,3,3,8,1,0,1,0,0,0,-1,0.378,0.4955605098108697,False,False
F13_094_02,F13,94,2,0.375,0.375,3,3,5,1,1,1,0,0,0,-1,0.375,0.4992393487781748,False,False
F13_094_03,F13,94,3,0.372,0.372,3,3,2,1,0,1,0,0,0,-1,0.372,0.498653671343322,False,False
F13_094_04,F13,94,4,0.369,0.369,3,3,9,1,0,1,0,0,0,-1,0.3689999999999999,0.5005870084313094,False,False
F13_094_05,F13,94,5,0.366,0.366,3,3,6,1,0,1,0,0,0,-1,0.3659999999999999,0.5030739944386363,False,False
F13_094_06,F13,94,6,0.364,0.364,3,3,4,1,0,1,0,0,0,-1,0.3639999999999999,0.5066224010685229,False,False
F13_094_07,F13,94,7,0.362,0.362,3,3,2,1,0,1,0,0,0,-1,0.3619999999999999,0.5085758217042519,False,False
F13_094_08,F13,94,8,0.373,0.373,3,3,3,1,0,1,0,0,0,-1,0.373,0.4990377338430703,False,False
F13_094_09,F13,94,9,0.394,0.394,3,3,4,1,0,1,0,0,0,-1,0.394,0.5230472100586895,False,False
F13_094_10,F13,94,10,0.414,0.414,3,3,4,1,0,1,0,0,0,-1,0.4139999999999999,0.5056985874136164,False,False
F13_094_11,F13,94,11,0.418,0.418,3,3,8,1,0,1,0,0,0,-1,0.4179999999999999,0.5345608679581022,False,False
F13_094_12,F13,94,12,0.421,0.421,3,3,1,1,0,1,0,0,0,-1,0.4209999999999999,0.5325597069007996,False,False
F13_094_13,F13,94,13,0.423,0.423,3,3,3,1,0,1,0,0,0,-1,0.4229999999999999,0.5387806514181356,False,False
F13_094_14,F13,94,14,0.426,0.426,3,3,6,1,0,1,0,0,0,-1,0.4259999999999999,0.5450105621070562,False,False
F13_094_15,F13,94,15,0.427,0.427,3,3,7,1,0,1,0,0,0,-1,0.4269999999999999,0.5453065479256431,False,False
F13_094_16,F13,94,16,0.43,0.43,2,2,3,1,0,1,1,0,0,-1,0.4299999999999999,0.553641543102973,False,False
F13_094_17,F13,94,17,0.433,0.433,3,3,3,1,0,1,0,0,0,-1,0.433,0.5595409852294766,False,False
F13_094_18,F13,94,18,0.431,0.431,3,3,1,1,0,1,0,0,0,-1,0.4309999999999999,0.5626256681297273,False,False
F13_094_19,F13,94,19,0.425,0.425,3,3,5,1,1,1,0,0,0,-1,0.4249999999999999,0.5592600090918279,False,False
F13_094_20,F13,94,20,0.42,0.42,2,2,2,1,0,1,1,0,0,-1,0.4199999999999999,0.5481777289106208,False,False
F13_094_21,F13,94,21,0.414,0.414,3,3,4,1,0,1,0,0,0,-1,0.4139999999999999,0.5434503963122472,False,False
F13_094_22,F13,94,22,0.408,0.408,3,3,8,1,0,1,0,0,0,-1,0.4079999999999999,0.5436687194012068,False,False
F13_094_23,F13,94,23,0.403,0.403,3,3,3,1,0,1,0,0,0,-1,0.403,0.542124853278305,False,False
F13_095_00,F13,95,0,0.476,0.476,3,3,6,1,0,1,0,0,0,-1,0.4759999999999999,0.438043301959959,False,False
F13_095_01,F13,95,1,0.47,0.47,2,2,7,1,0,1,1,0,0,-1,0.4699999999999999,0.4342690940365365,False,False
F13_095_02,F13,95,2,0.465,0.465,3,3,5,1,1,1,0,0,0,-1,0.465,0.4283590026315707,False,False
F13_095_03,F13,95,3,0.459,0.459,3,3,9,1,0,1,0,0,0,-1,0.459,0.4217309603724668,False,False
F13_095_04,F13,95,4,0.455,0.455,3,3,5,1,1,1,0,0,0,-1,0.455,0.4236719982222806,False,False
F13_095_05,F13,95,5,0.45,0.45,2,2,5,1,1,1,1,0,0,-1,0.45,0.4201115033211544,False,False
F13_095_06,F13,95,6,0.446,0.446,3,3,6,1,0,1,0,0,0,-1,0.446,0.4299865251373813,False,False
F13_095_07,F13,95,7,0.444,0.444,3,3,4,1,0,1,0,0,0,-1,0.444,0.4289559948272104,False,False
F13_095_08,F13,95,8,0.454,0.454,3,3,4,1,0,1,0,0,0,-1,0.454,0.4400326899216102,False,False
F13_095_09,F13,95,9,0.458,0.458,3,3,8,1,0,1,0,0,0,-1,0.458,0.4482791778892236,False,False
F13_095_10,F13,95,10,0.466,0.466,3,3,6,1,0,1,0,0,0,-1,0.466,0.4405957051215056,False,False
F13_095_11,F13,95,11,0.48,0.48,2,2,8,1,0,1,1,0,0,-1,0.4799999999999999,0.4489169834892281,False,False
F13_095_12,F13,95,12,0.493,0.493,3,3,3,1,0,1,0,0,0,-1,0.4929999999999999,0.4343378272339671,False,False
F13_095_13,F13,95,13,0.504,0.504,3,3,4,1,0,1,0,0,0,-1,0.504,0.4305090598468247,False,False
F13_095_14,F13,95,14,0.517,0.517,3,3,7,1,0,1,0,0,0,-1,0.517,0.4398164348805087,False,False
F13_095_15,F13,95,15,0.52,0.52,2,2,2,1,0,1,1,0,0,-1,0.52,0.4698762830915158,False,False
F13_095_16,F13,95,16,0.519,0.519,3,3,9,1,0,1,0,0,0,-1,0.519,0.4702537482176545,False,False
F13_095_17,F13,95,17,0.516,0.516,3,3,6,1,0,1,0,0,0,-1,0.516,0.4647367783998821,False,False
F13_095_18,F13,95,18,0.513,0.513,3,3,3,1,0,1,0,0,0,-1,0.513,0.4658455915289443,False,False
F13_095_19,F13,95,19,0.507,0.507,3,3,7,1,0,1,0,0,0,-1,0.507,0.4623447895088325,False,False
F13_095_20,F13,95,20,0.5,0.5,1,1,5,1,1,1,1,1,0,-1,0.5,0.4624259857827555,False,False
F13_095_21,F13,95,21,0.492,0.492,3,3,2,1,0,1,0,0,0,-1,0.4919999999999999,0.461573893119805,False,False
F13_095_22,F13,95,22,0.485,0.485,3,3,5,1,1,1,0,0,0,-1,0.4849999999999999,0.4612881288696711,False,False
F13_095_23,F13,95,23,0.479,0.479,3,3,9,1,0,1,0,0,0,-1,0.4789999999999999,0.4583686081240597,False,False
F13_096_00,F13,96,0,0.399,0.399,3,3,9,1,0,1,0,0,0,-1,0.399,0.5178095883856603,False,False
F13_096_01,F13,96,1,0.395,0.395,3,3,5,1,1,1,0,0,0,-1,0.395,0.4811100195756261,False,False
F13_096_02,F13,96,2,0.392,0.392,3,3,2,1,0,1,0,0,0,-1,0.392,0.4680597419294294,False,False
F13_096_03,F13,96,3,0.39,0.39,2,2,9,1,0,1,1,0,0,-1,0.39,0.4841705177842998,False,False
F13_096_04,F13,96,4,0.389,0.389,3,3,9,1,0,1,0,0,0,-1,0.389,0.4879570458810116,False,False
F13_096_05,F13,96,5,0.387,0.387,3,3,7,1,0,1,0,0,0,-1,0.387,0.493111275007699,False,False
F13_096_06,F13,96,6,0.384,0.384,3,3,4,1,0,1,0,0,0,-1,0.384,0.5027742517556985,False,False
F13_096_07,F13,96,7,0.381,0.381,3,3,1,1,0,1,0,0,0,-1,0.381,0.5097480480507118,False,False
F13_096_08,F13,96,8,0.387,0.387,3,3,7,1,0,1,0,0,0,-1,0.387,0.5249135382467491,False,False
F13_096_09,F13,96,9,0.398,0.398,3,3,8,1,0,1,0,0,0,-1,0.398,0.5238418709577265,False,False
F13_096_10,F13,96,10,0.411,0.411,3,3,1,1,0,1,0,0,0,-1,0.4109999999999999,0.5296667977321396,False,False
F13_096_11,F13,96,11,0.42,0.42,2,2,2,1,0,1,1,0,0,-1,0.4199999999999999,0.535711798055147,False,False
F13_096_12,F13,96,12,0.427,0.427,3,3,7,1,0,1,0,0,0,-1,0.4269999999999999,0.553671858938854,False,False
F13_096_13,F13,96,13,0.431,0.431,3,3,1,1,0,1,0,0,0,-1,0.4309999999999999,0.5655137225777505,False,False
F13_096_14,F13,96,14,0.431,0.431,3,3,1,1,0,1,0,0,0,-1,0.4309999999999999,0.5489400689129873,False,False
F13_096_15,F13,96,15,0.433,0.433,3,3,3,1,0,1,0,0,0,-1,0.433,0.561229691997331,False,False
F13_096_16,F13,96,16,0.439,0.439,3,3,9,1,0,1,0,0,0,-1,0.439,0.5711823548393526,False,False
F13_096_17,F13,96,17,0.44,0.44,2,2,4,1,0,1,1,0,0,-1,0.44,0.5748134807167657,False,False
F13_096_18,F13,96,18,0.435,0.435,3,3,5,1,1,1,0,0,0,-1,0.435,0.5764567708051066,False,False
F13_096_19,F13,96,19,0.426,0.426,3,3,6,1,0,1,0,0,0,-1,0.4259999999999999,0.5669947456413134,False,False
F13_096_20,F13,96,20,0.417,0.417,3,3,7,1,0,1,0,0,0,-1,0.4169999999999999,0.5578720476949479,False,False
F13_096_21,F13,96,21,0.408,0.408,3,3,8,1,0,1,0,0,0,-1,0.4079999999999999,0.5573154234295608,False,False
F13_096_22,F13,96,22,0.399,0.399,3,3,9,1,0,1,0,0,0,-1,0.399,0.5465520892078971,False,False
F13_096_23,F13,96,23,0.389,0.389,3,3,9,1,0,1,0,0,0,-1,0.389,0.5483916857699525,False,False
F13_097_00,F13,97,0,0.473,0.473,3,3,3,1,0,1,0,0,0,-1,0.4729999999999999,0.4578557624184356,False,False
F13_097_01,F13,97,1,0.466,0.466,3,3,6,1,0,1,0,0,0,-1,0.466,0.4538625042036488,False,False
F13_097_02,F13,97,2,0.462,0.462,3,3,2,1,0,1,0,0,0,-1,0.462,0.4499916236503291,False,False
F13_097_03,F13,97,3,0.458,0.458,3,3,8,1,0,1,0,0,0,-1,0.458,0.4475602013945758,False,False
F13_097_04,F13,97,4,0.455,0.455,3,3,5,1,1,1,0,0,0,-1,0.455,0.4432832704651074,False,False
F13_097_05,F13,97,5,0.451,0.451,3,3,1,1,0,1,0,0,0,-1,0.451,0.4441296623083395,False,False
F13_097_06,F13,97,6,0.445,0.445,3,3,5,1,1,1,0,0,0,-1,0.445,0.4336717929671827,False,False
F13_097_07,F13,97,7,0.441,0.441,3,3,1,1,0,1,0,0,0,-1,0.441,0.4321638856645508,False,False
F13_097_08,F13,97,8,0.44,0.44,2,2,4,1,0,1,1,0,0,-1,0.44,0.4525759567596242,False,False
F13_097_09,F13,97,9,0.438,0.438,3,3,8,1,0,1,0,0,0,-1,0.438,0.4516703032791388,False,False
F13_097_10,F13,97,10,0.45,0.45,2,2,5,1,1,1,1,0,0,-1,0.45,0.439784793682128,False,False
F13_097_11,F13,97,11,0.458,0.458,3,3,8,1,0,1,0,0,0,-1,0.458,0.4471106772243757,False,False
F13_097_12,F13,97,12,0.472,0.472,3,3,2,1,0,1,0,0,0,-1,0.4719999999999999,0.45187523741766,False,False
F13_097_13,F13,97,13,0.487,0.487,3,3,7,1,0,1,0,0,0,-1,0.4869999999999999,0.4329504168710098,False,False
F13_097_14,F13,97,14,0.502,0.502,3,3,2,1,0,1,0,0,0,-1,0.502,0.4526837734236453,False,False
F13_097_15,F13,97,15,0.514,0.514,3,3,4,1,0,1,0,0,0,-1,0.514,0.475342875559985,False,False
F13_097_16,F13,97,16,0.517,0.517,3,3,7,1,0,1,0,0,0,-1,0.517,0.4700855509565013,False,False
F13_097_17,F13,97,17,0.513,0.513,3,3,3,1,0,1,0,0,0,-1,0.513,0.4676654163670847,False,False
F13_097_18,F13,97,18,0.51,0.51,2,2,1,1,0,1,1,0,0,-1,0.51,0.4651032379153473,False,False
F13_097_19,F13,97,19,0.502,0.502,3,3,2,1,0,1,0,0,0,-1,0.502,0.4635913081752586,False,False
F13_097_20,F13,97,20,0.492,0.492,3,3,2,1,0,1,0,0,0,-1,0.4919999999999999,0.4622199192247338,False,False
F13_097_21,F13,97,21,0.482,0.482,3,3,2,1,0,1,0,0,0,-1,0.4819999999999999,0.4578607292743609,False,False
F13_097_22,F13,97,22,0.473,0.473,3,3,3,1,0,1,0,0,0,-1,0.4729999999999999,0.4565286145190455,False,False
F13_097_23,F13,97,23,0.464,0.464,3,3,4,1,0,1,0,0,0,-1,0.464,0.447366302713014,False,False
F13_098_00,F13,98,0,0.381,0.381,3,3,1,1,0,1,0,0,0,-1,0.381,0.4152637917642971,False,False
F13_098_01,F13,98,1,0.376,0.376,3,3,6,1,0,1,0,0,0,-1,0.376,0.4048264512660438,False,False
F13_098_02,F13,98,2,0.372,0.372,3,3,2,1,0,1,0,0,0,-1,0.372,0.4021379030316473,False,False
F13_098_03,F13,98,3,0.369,0.369,3,3,9,1,0,1,0,0,0,-1,0.3689999999999999,0.4001502356360852,False,False
F13_098_04,F13,98,4,0.367,0.367,3,3,7,1,0,1,0,0,0,-1,0.3669999999999999,0.409703726833474,False,False
F13_098_05,F13,98,5,0.365,0.365,3,3,5,1,1,1,0,0,0,-1,0.3649999999999999,0.4073192557911913,False,False
F13_098_06,F13,98,6,0.364,0.364,3,3,4,1,0,1,0,0,0,-1,0.3639999999999999,0.4154129653881379,False,False
F13_098_07,F13,98,7,0.364,0.364,3,3,4,1,0,1,0,0,0,-1,0.3639999999999999,0.4055793060473506,False,False
F13_098_08,F13,98,8,0.369,0.369,3,3,9,1,0,1,0,0,0,-1,0.3689999999999999,0.4132529150897002,False,False
F13_098_09,F13,98,9,0.381,0.381,3,3,1,1,0,1,0,0,0,-1,0.381,0.4128309966396844,False,False
F13_098_10,F13,98,10,0.397,0.397,3,3,7,1,0,1,0,0,0,-1,0.397,0.4196768847545836,False,False
F13_098_11,F13,98,11,0.408,0.408,3,3,8,1,0,1,0,0,0,-1,0.4079999999999999,0.4040810978538423,False,False
F13_098_12,F13,98,12,0.415,0.415,3,3,5,1,1,1,0,0,0,-1,0.4149999999999999,0.4017164031886633,False,False
F13_098_13,F13,98,13,0.424,0.424,3,3,4,1,0,1,0,0,0,-1,0.4239999999999999,0.4020916540548157,False,False
F13_098_14,F13,98,14,0.432,0.432,3,3,2,1,0,1,0,0,0,-1,0.432,0.4060000184484352,False,False
F13_098_15,F13,98,15,0.442,0.442,3,3,2,1,0,1,0,0,0,-1,0.442,0.4232936484916765,False,False
F13_098_16,F13,98,16,0.448,0.448,3,3,8,1,0,1,0,0,0,-1,0.448,0.4249667581305788,False,False
F13_098_17,F13,98,17,0.446,0.446,3,3,6,1,0,1,0,0,0,-1,0.446,0.4341269945960935,False,False
F13_098_18,F13,98,18,0.436,0.436,3,3,6,1,0,1,0,0,0,-1,0.436,0.418120325236594,False,False
F13_098_19,F13,98,19,0.425,0.425,3,3,5,1,1,1,0,0,0,-1,0.4249999999999999,0.4112832015175848,False,False
F13_098_20,F13,98,20,0.413,0.413,3,3,3,1,0,1,0,0,0,-1,0.4129999999999999,0.4053732403593394,False,False
F13_098_21,F13,98,21,0.404,0.404,3,3,4,1,0,1,0,0,0,-1,0.404,0.4051777679466966,False,False
F13_098_22,F13,98,22,0.397,0.397,3,3,7,1,0,1,0,0,0,-1,0.397,0.4031568246098912,False,False
F13_098_23,F13,98,23,0.39,0.39,2,2,9,1,0,1,1,0,0,-1,0.39,0.4046156715350083,False,False
F13_099_00,F13,99,0,0.456,0.456,3,3,6,1,0,1,0,0,0,-1,0.456,0.4168061464934131,False,False
F13_099_01,F13,99,1,0.449,0.449,3,3,9,1,0,1,0,0,0,-1,0.449,0.4087487721900358,False,False
F13_099_02,F13,99,2,0.443,0.443,3,3,3,1,0,1,0,0,0,-1,0.443,0.4092297777781773,False,False
F13_099_03,F13,99,3,0.438,0.438,3,3,8,1,0,1,0,0,0,-1,0.438,0.4067404988634267,False,False
F13_099_04,F13,99,4,0.433,0.433,3,3,3,1,0,1,0,0,0,-1,0.433,0.4092702164358028,False,False
F13_099_05,F13,99,5,0.429,0.429,3,3,9,1,0,1,0,0,0,-1,0.4289999999999999,0.4103794107691409,False,False
F13_099_06,F13,99,6,0.426,0.426,3,3,6,1,0,1,0,0,0,-1,0.4259999999999999,0.4095092290097367,False,False
F13_099_07,F13,99,7,0.423,0.423,3,3,3,1,0,1,0,0,0,-1,0.4229999999999999,0.4139987410883057,False,False
F13_099_08,F13,99,8,0.433,0.433,3,3,3,1,0,1,0,0,0,-1,0.433,0.4212676096167723,False,False
F13_099_09,F13,99,9,0.437,0.437,3,3,7,1,0,1,0,0,0,-1,0.437,0.4264274058516257,False,False
F13_099_10,F13,99,10,0.444,0.444,3,3,4,1,0,1,0,0,0,-1,0.444,0.417341723906352,False,False
F13_099_11,F13,99,11,0.459,0.459,3,3,9,1,0,1,0,0,0,-1,0.459,0.4200839267320111,False,False
F13_099_12,F13,99,12,0.471,0.471,3,3,1,1,0,1,0,0,0,-1,0.4709999999999999,0.4273753842182114,False,False
F13_099_13,F13,99,13,0.483,0.483,3,3,3,1,0,1,0,0,0,-1,0.4829999999999999,0.4352650881772809,False,False
F13_099_14,F13,99,14,0.488,0.488,3,3,8,1,0,1,0,0,0,-1,0.4879999999999999,0.4559674167418321,False,False
F13_099_15,F13,99,15,0.503,0.503,3,3,3,1,0,1,0,0,0,-1,0.503,0.4729617545372176,False,False
F13_099_16,F13,99,16,0.508,0.508,3,3,8,1,0,1,0,0,0,-1,0.508,0.4598441582976375,False,False
F13_099_17,F13,99,17,0.503,0.503,3,3,3,1,0,1,0,0,0,-1,0.503,0.4537224914683575,False,False
F13_099_18,F13,99,18,0.497,0.497,3,3,7,1,0,1,0,0,0,-1,0.497,0.4593093424104384,False,False
F13_099_19,F13,99,19,0.487,0.487,3,3,7,1,0,1,0,0,0,-1,0.4869999999999999,0.4541705857553445,False,False
F13_099_20,F13,99,20,0.475,0.475,3,3,5,1,1,1,0,0,0,-1,0.4749999999999999,0.4533078885680546,False,False
F13_099_21,F13,99,21,0.467,0.467,3,3,7,1,0,1,0,0,0,-1,0.467,0.4518635187016215,False,False
F13_099_22,F13,99,22,0.46,0.46,2,2,6,1,0,1,1,0,0,-1,0.46,0.4478972151418192,False,False
F13_099_23,F13,99,23,0.454,0.454,3,3,4,1,0,1,0,0,0,-1,0.454,0.4479691933903245,False,False
F13_100_00,F13,100,0,0.382,0.382,3,3,2,1,0,1,0,0,0,-1,0.382,0.3533545615032826,False,False
F13_100_01,F13,100,1,0.379,0.379,3,3,9,1,0,1,0,0,0,-1,0.379,0.351444060711954,False,False
F13_100_02,F13,100,2,0.377,0.377,3,3,7,1,0,1,0,0,0,-1,0.377,0.3482744001965306,False,False
F13_100_03,F13,100,3,0.376,0.376,3,3,6,1,0,1,0,0,0,-1,0.376,0.3464444357229626,False,False
F13_100_04,F13,100,4,0.375,0.375,3,3,5,1,1,1,0,0,0,-1,0.375,0.3475550715257532,False,False
F13_100_05,F13,100,5,0.375,0.375,3,3,5,1,1,1,0,0,0,-1,0.375,0.3514387523902375,False,False
F13_100_06,F13,100,6,0.375,0.375,3,3,5,1,1,1,0,0,0,-1,0.375,0.3450999734301111,False,False
F13_100_07,F13,100,7,0.376,0.376,3,3,6,1,0,1,0,0,0,-1,0.376,0.3370135298759308,False,False
F13_100_08,F13,100,8,0.385,0.385,3,3,5,1,1,1,0,0,0,-1,0.385,0.3442221582842311,False,False
F13_100_09,F13,100,9,0.393,0.393,3,3,3,1,0,1,0,0,0,-1,0.393,0.3483123334408651,False,False
F13_100_10,F13,100,10,0.406,0.406,3,3,6,1,0,1,0,0,0,-1,0.406,0.3626106864897957,False,False
F13_100_11,F13,100,11,0.417,0.417,3,3,7,1,0,1,0,0,0,-1,0.4169999999999999,0.3577000191362309,False,False
F13_100_12,F13,100,12,0.425,0.425,3,3,5,1,1,1,0,0,0,-1,0.4249999999999999,0.3583425502883703,False,False
F13_100_13,F13,100,13,0.433,0.433,3,3,3,1,0,1,0,0,0,-1,0.433,0.3562144495470867,False,False
F13_100_14,F13,100,14,0.441,0.441,3,3,1,1,0,1,0,0,0,-1,0.441,0.3746423767108602,False,False
F13_100_15,F13,100,15,0.45,0.45,2,2,5,1,1,1,1,0,0,-1,0.45,0.3827066771267689,False,False
F13_100_16,F13,100,16,0.456,0.456,3,3,6,1,0,1,0,0,0,-1,0.456,0.3790271468675671,False,False
F13_100_17,F13,100,17,0.452,0.452,3,3,2,1,0,1,0,0,0,-1,0.452,0.3651716275138071,False,False
F13_100_18,F13,100,18,0.438,0.438,3,3,8,1,0,1,0,0,0,-1,0.438,0.3637897203786735,False,False
F13_100_19,F13,100,19,0.425,0.425,3,3,5,1,1,1,0,0,0,-1,0.4249999999999999,0.3626589451676396,False,False
F13_100_20,F13,100,20,0.411,0.411,3,3,1,1,0,1,0,0,0,-1,0.4109999999999999,0.3675889098458911,False,False
F13_100_21,F13,100,21,0.402,0.402,3,3,2,1,0,1,0,0,0,-1,0.402,0.355286835811668,False,False
F13_100_22,F13,100,22,0.397,0.397,3,3,7,1,0,1,0,0,0,-1,0.397,0.3529000007884951,False,False
F13_100_23,F13,100,23,0.393,0.393,3,3,3,1,0,1,0,0,0,-1,0.393,0.3534970058059936,False,False
F13_101_00,F13,101,0,0.449,0.449,3,3,9,1,0,1,0,0,0,-1,0.449,0.425875328855332,False,False
F13_101_01,F13,101,1,0.442,0.442,3,3,2,1,0,1,0,0,0,-1,0.442,0.4338894951693204,False,False
F13_101_02,F13,101,2,0.437,0.437,3,3,7,1,0,1,0,0,0,-1,0.437,0.4340633484353478,False,False
F13_101_03,F13,101,3,0.435,0.435,3,3,5,1,1,1,0,0,0,-1,0.435,0.4332379263930902,False,False
F13_101_04,F13,101,4,0.432,0.432,3,3,2,1,0,1,0,0,0,-1,0.432,0.4259689856613836,False,False
F13_101_05,F13,101,5,0.428,0.428,3,3,8,1,0,1,0,0,0,-1,0.4279999999999999,0.4292887975717682,False,False
F13_101_06,F13,101,6,0.424,0.424,3,3,4,1,0,1,0,0,0,-1,0.4239999999999999,0.4308142679476852,False,False
F13_101_07,F13,101,7,0.421,0.421,3,3,1,1,0,1,0,0,0,-1,0.4209999999999999,0.4245698618342307,False,False
F13_101_08,F13,101,8,0.417,0.417,3,3,7,1,0,1,0,0,0,-1,0.4169999999999999,0.4147960661142757,False,False
F13_101_09,F13,101,9,0.414,0.414,3,3,4,1,0,1,0,0,0,-1,0.4139999999999999,0.4152154464870798,False,False
F13_101_10,F13,101,10,0.428,0.428,3,3,8,1,0,1,0,0,0,-1,0.4279999999999999,0.4265807678852287,False,False
F13_101_11,F13,101,11,0.446,0.446,3,3,6,1,0,1,0,0,0,-1,0.446,0.4273036873969871,False,False
F13_101_12,F13,101,12,0.463,0.463,3,3,3,1,0,1,0,0,0,-1,0.463,0.4347703081944192,False,False
F13_101_13,F13,101,13,0.477,0.477,3,3,7,1,0,1,0,0,0,-1,0.4769999999999999,0.4360444990043758,False,False
F13_101_14,F13,101,14,0.492,0.492,3,3,2,1,0,1,0,0,0,-1,0.4919999999999999,0.4594831341136991,False,False
F13_101_15,F13,101,15,0.497,0.497,3,3,7,1,0,1,0,0,0,-1,0.497,0.4722518004110386,False,False
F13_101_16,F13,101,16,0.497,0.497,3,3,7,1,0,1,0,0,0,-1,0.497,0.4597839041500241,False,False
F13_101_17,F13,101,17,0.486,0.486,3,3,6,1,0,1,0,0,0,-1,0.4859999999999999,0.4561885187054577,False,False
F13_101_18,F13,101,18,0.478,0.478,3,3,8,1,0,1,0,0,0,-1,0.4779999999999999,0.4604092655016562,False,False
F13_101_19,F13,101,19,0.468,0.468,3,3,8,1,0,1,0,0,0,-1,0.468,0.4620474966311621,False,False
F13_101_20,F13,101,20,0.459,0.459,3,3,9,1,0,1,0,0,0,-1,0.459,0.4594442119656188,False,False
F13_101_21,F13,101,21,0.452,0.452,3,3,2,1,0,1,0,0,0,-1,0.452,0.4581702575599925,False,False
F13_101_22,F13,101,22,0.445,0.445,3,3,5,1,1,1,0,0,0,-1,0.445,0.4574372638665506,False,False
F13_101_23,F13,101,23,0.439,0.439,3,3,9,1,0,1,0,0,0,-1,0.439,0.454775315267501,False,False
F13_102_00,F13,102,0,0.389,0.389,3,3,9,1,0,1,0,0,0,-1,0.389,0.3875719010021365,False,False
F13_102_01,F13,102,1,0.387,0.387,3,3,7,1,0,1,0,0,0,-1,0.387,0.3716380791923742,False,False
F13_102_02,F13,102,2,0.386,0.386,3,3,6,1,0,1,0,0,0,-1,0.386,0.3651287196347141,False,False
F13_102_03,F13,102,3,0.386,0.386,3,3,6,1,0,1,0,0,0,-1,0.386,0.3670957450827508,False,False
F13_102_04,F13,102,4,0.386,0.386,3,3,6,1,0,1,0,0,0,-1,0.386,0.3579896664379836,False,False
F13_102_05,F13,102,5,0.385,0.385,3,3,5,1,1,1,0,0,0,-1,0.385,0.3705424305414207,False,False
F13_102_06,F13,102,6,0.387,0.387,3,3,7,1,0,1,0,0,0,-1,0.387,0.3660892821302559,False,False
F13_102_07,F13,102,7,0.389,0.389,3,3,9,1,0,1,0,0,0,-1,0.389,0.3708289094784578,False,False
F13_102_08,F13,102,8,0.396,0.396,3,3,6,1,0,1,0,0,0,-1,0.396,0.3656086453451834,False,False
F13_102_09,F13,102,9,0.408,0.408,3,3,8,1,0,1,0,0,0,-1,0.4079999999999999,0.3634234043113115,False,False
F13_102_10,F13,102,10,0.422,0.422,3,3,2,1,0,1,0,0,0,-1,0.4219999999999999,0.3741714474431593,False,False
F13_102_11,F13,102,11,0.494,0.494,3,3,4,1,0,1,0,0,0,-1,0.4939999999999999,0.3759815720246311,False,False
F13_102_12,F13,102,12,0.448,0.448,3,3,8,1,0,1,0,0,0,-1,0.448,0.375629238547037,False,False
F13_102_13,F13,102,13,0.431,0.431,3,3,1,1,0,1,0,0,0,-1,0.4309999999999999,0.3708752362458203,False,False
F13_102_14,F13,102,14,0.414,0.414,3,3,4,1,0,1,0,0,0,-1,0.4139999999999999,0.3852423178678792,False,False
F13_102_15,F13,102,15,0.395,0.395,3,3,5,1,1,1,0,0,0,-1,0.395,0.3947691737853642,False,False
F13_102_16,F13,102,16,0.386,0.386,3,3,6,1,0,1,0,0,0,-1,0.386,0.3918870862195761,False,False
F13_102_17,F13,102,17,0.378,0.378,3,3,8,1,0,1,0,0,0,-1,0.378,0.3822106228873792,False,False
F13_102_18,F13,102,18,0.363,0.363,3,3,3,1,0,1,0,0,0,-1,0.3629999999999999,0.3775043860914015,False,False
F13_102_19,F13,102,19,0.347,0.347,3,3,7,1,0,1,0,0,0,-1,0.3469999999999999,0.376938586680196,False,False
F13_102_20,F13,102,20,0.331,0.331,3,3,1,1,0,1,0,0,0,-1,0.331,0.3766262503449333,False,False
F13_102_21,F13,102,21,0.323,0.323,3,3,3,1,0,1,0,0,0,-1,0.323,0.3795682958646223,False,False
F13_102_22,F13,102,22,0.319,0.319,3,3,9,1,0,1,0,0,0,-1,0.319,0.3754432056236597,False,False
F13_102_23,F13,102,23,0.316,0.316,3,3,6,1,0,1,0,0,0,-1,0.316,0.3749247574502807,False,False
F13_103_00,F13,103,0,0.434,0.434,3,3,4,1,0,1,0,0,0,-1,0.434,0.4629092628534582,False,False
F13_103_01,F13,103,1,0.43,0.43,2,2,3,1,0,1,1,0,0,-1,0.4299999999999999,0.4731790447211071,False,False
F13_103_02,F13,103,2,0.425,0.425,3,3,5,1,1,1,0,0,0,-1,0.4249999999999999,0.4689103739667093,False,False
F13_103_03,F13,103,3,0.422,0.422,3,3,2,1,0,1,0,0,0,-1,0.4219999999999999,0.4625093670264675,False,False
F13_103_04,F13,103,4,0.418,0.418,3,3,8,1,0,1,0,0,0,-1,0.4179999999999999,0.4715764167194195,False,False
F13_103_05,F13,103,5,0.414,0.414,3,3,4,1,0,1,0,0,0,-1,0.4139999999999999,0.4707062125290677,False,False
F13_103_06,F13,103,6,0.41,0.41,2,2,1,1,0,1,1,0,0,-1,0.4099999999999999,0.4710556541358168,False,False
F13_103_07,F13,103,7,0.408,0.408,3,3,8,1,0,1,0,0,0,-1,0.4079999999999999,0.4649531747740611,False,False
F13_103_08,F13,103,8,0.415,0.415,3,3,5,1,1,1,0,0,0,-1,0.4149999999999999,0.4768900576332375,False,False
F13_103_09,F13,103,9,0.422,0.422,3,3,2,1,0,1,0,0,0,-1,0.4219999999999999,0.4735181259100465,False,False
F13_103_10,F13,103,10,0.43,0.43,2,2,3,1,0,1,1,0,0,-1,0.4299999999999999,0.4697285297899123,False,False
F13_103_11,F13,103,11,0.438,0.438,3,3,8,1,0,1,0,0,0,-1,0.438,0.4737653567504464,False,False
F13_103_12,F13,103,12,0.448,0.448,3,3,8,1,0,1,0,0,0,-1,0.448,0.4873571283536309,False,False
F13_103_13,F13,103,13,0.458,0.458,3,3,8,1,0,1,0,0,0,-1,0.458,0.489353852519304,False,False
F13_103_14,F13,103,14,0.478,0.478,3,3,8,1,0,1,0,0,0,-1,0.4779999999999999,0.4939141273834238,False,False
F13_103_15,F13,103,15,0.492,0.492,3,3,2,1,0,1,0,0,0,-1,0.4919999999999999,0.4881620618035644,False,False
F13_103_16,F13,103,16,0.497,0.497,3,3,7,1,0,1,0,0,0,-1,0.497,0.5039114528449655,False,False
F13_103_17,F13,103,17,0.494,0.494,3,3,4,1,0,1,0,0,0,-1,0.4939999999999999,0.4963823622582637,False,False
F13_103_18,F13,103,18,0.492,0.492,3,3,2,1,0,1,0,0,0,-1,0.4919999999999999,0.494765185227593,False,False
F13_103_19,F13,103,19,0.481,0.481,3,3,1,1,0,1,0,0,0,-1,0.4809999999999999,0.49286712475467,False,False
F13_103_20,F13,103,20,0.471,0.471,3,3,1,1,0,1,0,0,0,-1,0.4709999999999999,0.4927200930552155,False,False
F13_103_21,F13,103,21,0.462,0.462,3,3,2,1,0,1,0,0,0,-1,0.462,0.4915862280627905,False,False
F13_103_22,F13,103,22,0.452,0.452,3,3,2,1,0,1,0,0,0,-1,0.452,0.4860477703607479,False,False
F13_103_23,F13,103,23,0.446,0.446,3,3,6,1,0,1,0,0,0,-1,0.446,0.4916122097667535,False,False
F13_104_00,F13,104,0,0.31,0.31,2,2,1,1,0,1,1,0,0,-1,0.31,0.4039079061225086,False,False
F13_104_01,F13,104,1,0.308,0.308,3,3,8,1,0,1,0,0,0,-1,0.308,0.4023320557815754,False,False
F13_104_02,F13,104,2,0.306,0.306,3,3,6,1,0,1,0,0,0,-1,0.3059999999999999,0.3977065559605955,False,False
F13_104_03,F13,104,3,0.304,0.304,3,3,4,1,0,1,0,0,0,-1,0.3039999999999999,0.4085502466850222,False,False
F13_104_04,F13,104,4,0.303,0.303,3,3,3,1,0,1,0,0,0,-1,0.3029999999999999,0.399104950063991,False,False
F13_104_05,F13,104,5,0.3,0.3,1,1,3,1,0,1,1,1,0,-1,0.2999999999999999,0.3973169616951171,False,False
F13_104_06,F13,104,6,0.298,0.298,3,3,8,1,0,1,0,0,0,-1,0.2979999999999999,0.4130276872413816,False,False
F13_104_07,F13,104,7,0.298,0.298,3,3,8,1,0,1,0,0,0,-1,0.2979999999999999,0.4009652064194327,False,False
F13_104_08,F13,104,8,0.311,0.311,3,3,1,1,0,1,0,0,0,-1,0.311,0.3983209162948171,False,False
F13_104_09,F13,104,9,0.332,0.332,3,3,2,1,0,1,0,0,0,-1,0.332,0.4021984335809635,False,False
F13_104_10,F13,104,10,0.34,0.34,2,2,4,1,0,1,1,0,0,-1,0.34,0.4083116502213959,False,False
F13_104_11,F13,104,11,0.332,0.332,3,3,2,1,0,1,0,0,0,-1,0.332,0.4288758113967702,False,False
F13_104_12,F13,104,12,0.329,0.329,3,3,9,1,0,1,0,0,0,-1,0.329,0.4148206775296053,False,False
F13_104_13,F13,104,13,0.331,0.331,3,3,1,1,0,1,0,0,0,-1,0.331,0.4151106453101091,False,False
F13_104_14,F13,104,14,0.332,0.332,3,3,2,1,0,1,0,0,0,-1,0.332,0.4263406089974404,False,False
F13_104_15,F13,104,15,0.337,0.337,3,3,7,1,0,1,0,0,0,-1,0.337,0.4376030207565399,False,False
F13_104_16,F13,104,16,0.341,0.341,3,3,1,1,0,1,0,0,0,-1,0.341,0.4417582637436287,False,False
F13_104_17,F13,104,17,0.337,0.337,3,3,7,1,0,1,0,0,0,-1,0.337,0.4372885796411697,False,False
F13_104_18,F13,104,18,0.326,0.326,3,3,6,1,0,1,0,0,0,-1,0.326,0.4298883981939491,False,False
F13_104_19,F13,104,19,0.319,0.319,3,3,9,1,0,1,0,0,0,-1,0.319,0.4260059158605839,False,False
F13_104_20,F13,104,20,0.313,0.313,3,3,3,1,0,1,0,0,0,-1,0.313,0.4241523120345131,False,False
F13_104_21,F13,104,21,0.309,0.309,3,3,9,1,0,1,0,0,0,-1,0.309,0.4336175771844195,False,False
F13_104_22,F13,104,22,0.306,0.306,3,3,6,1,0,1,0,0,0,-1,0.3059999999999999,0.4194698166855774,False,False
F13_104_23,F13,104,23,0.305,0.305,3,3,5,1,1,1,0,0,0,-1,0.3049999999999999,0.4198908373639842,False,False
F13_105_00,F13,105,0,0.44,0.44,2,2,4,1,0,1,1,0,0,-1,0.44,0.4845437749451226,False,False
F13_105_01,F13,105,1,0.434,0.434,3,3,4,1,0,1,0,0,0,-1,0.434,0.4848742752486238,False,False
F13_105_02,F13,105,2,0.43,0.43,2,2,3,1,0,1,1,0,0,-1,0.4299999999999999,0.4830455653740833,False,False
F13_105_03,F13,105,3,0.424,0.424,3,3,4,1,0,1,0,0,0,-1,0.4239999999999999,0.4753358669048233,False,False
F13_105_04,F13,105,4,0.42,0.42,2,2,2,1,0,1,1,0,0,-1,0.4199999999999999,0.4651609789278744,False,False
F13_105_05,F13,105,5,0.415,0.415,3,3,5,1,1,1,0,0,0,-1,0.4149999999999999,0.4792564069085708,False,False
F13_105_06,F13,105,6,0.411,0.411,3,3,1,1,0,1,0,0,0,-1,0.4109999999999999,0.4757908670578052,False,False
F13_105_07,F13,105,7,0.408,0.408,3,3,8,1,0,1,0,0,0,-1,0.4079999999999999,0.4809254555005706,False,False
F13_105_08,F13,105,8,0.406,0.406,3,3,6,1,0,1,0,0,0,-1,0.406,0.4817257075935435,False,False
F13_105_09,F13,105,9,0.403,0.403,3,3,3,1,0,1,0,0,0,-1,0.403,0.4705240478460562,False,False
F13_105_10,F13,105,10,0.405,0.405,3,3,5,1,1,1,0,0,0,-1,0.405,0.4690758170793473,False,False
F13_105_11,F13,105,11,0.425,0.425,3,3,5,1,1,1,0,0,0,-1,0.4249999999999999,0.4799422615398334,False,False
F13_105_12,F13,105,12,0.444,0.444,3,3,4,1,0,1,0,0,0,-1,0.444,0.4883089026955702,False,False
F13_105_13,F13,105,13,0.461,0.461,3,3,1,1,0,1,0,0,0,-1,0.461,0.5017784593016249,False,False
F13_105_14,F13,105,14,0.478,0.478,3,3,8,1,0,1,0,0,0,-1,0.4779999999999999,0.5005519888240513,False,False
F13_105_15,F13,105,15,0.485,0.485,3,3,5,1,1,1,0,0,0,-1,0.4849999999999999,0.5140046011462271,False,False
F13_105_16,F13,105,16,0.487,0.487,3,3,7,1,0,1,0,0,0,-1,0.4869999999999999,0.5011395680151844,False,False
F13_105_17,F13,105,17,0.484,0.484,3,3,4,1,0,1,0,0,0,-1,0.4839999999999999,0.5054519703849549,False,False
F13_105_18,F13,105,18,0.481,0.481,3,3,1,1,0,1,0,0,0,-1,0.4809999999999999,0.5066345101073382,False,False
F13_105_19,F13,105,19,0.471,0.471,3,3,1,1,0,1,0,0,0,-1,0.4709999999999999,0.499911286239262,False,False
F13_105_20,F13,105,20,0.461,0.461,3,3,1,1,0,1,0,0,0,-1,0.461,0.4965437384677534,False,False
F13_105_21,F13,105,21,0.452,0.452,3,3,2,1,0,1,0,0,0,-1,0.452,0.4862786551081264,False,False
F13_105_22,F13,105,22,0.445,0.445,3,3,5,1,1,1,0,0,0,-1,0.445,0.501944727665581,False,False
F13_105_23,F13,105,23,0.438,0.438,3,3,8,1,0,1,0,0,0,-1,0.438,0.4901641920222971,False,False
F13_106_00,F13,106,0,0.303,0.303,3,3,3,1,0,1,0,0,0,-1,0.3029999999999999,0.4957174613264871,False,False
F13_106_01,F13,106,1,0.302,0.302,3,3,2,1,0,1,0,0,0,-1,0.3019999999999999,0.4529688700668521,False,False
F13_106_02,F13,106,2,0.302,0.302,3,3,2,1,0,1,0,0,0,-1,0.3019999999999999,0.4583061762284834,False,False
F13_106_03,F13,106,3,0.301,0.301,3,3,1,1,0,1,0,0,0,-1,0.3009999999999999,0.4587862425678279,False,False
F13_106_04,F13,106,4,0.301,0.301,3,3,1,1,0,1,0,0,0,-1,0.3009999999999999,0.4899441165758117,False,False
F13_106_05,F13,106,5,0.301,0.301,3,3,1,1,0,1,0,0,0,-1,0.3009999999999999,0.453011971068417,False,False
F13_106_06,F13,106,6,0.302,0.302,3,3,2,1,0,1,0,0,0,-1,0.3019999999999999,0.5176728323355803,False,False
F13_106_07,F13,106,7,0.302,0.302,3,3,2,1,0,1,0,0,0,-1,0.3019999999999999,0.4581925922485531,False,False
F13_106_08,F13,106,8,0.307,0.307,3,3,7,1,0,1,0,0,0,-1,0.307,0.447254630164718,False,False
F13_106_09,F13,106,9,0.311,0.311,3,3,1,1,0,1,0,0,0,-1,0.311,0.4430104055744889,False,False
F13_106_10,F13,106,10,0.317,0.317,3,3,7,1,0,1,0,0,0,-1,0.317,0.45203110539797,False,False
F13_106_11,F13,106,11,0.319,0.319,3,3,9,1,0,1,0,0,0,-1,0.319,0.4471739432314378,False,False
F13_106_12,F13,106,12,0.322,0.322,3,3,2,1,0,1,0,0,0,-1,0.322,0.4566544974839934,False,False
F13_106_13,F13,106,13,0.333,0.333,3,3,3,1,0,1,0,0,0,-1,0.333,0.4867325169177741,False,False
F13_106_14,F13,106,14,0.334,0.334,3,3,4,1,0,1,0,0,0,-1,0.334,0.497843529284476,False,False
F13_106_15,F13,106,15,0.333,0.333,3,3,3,1,0,1,0,0,0,-1,0.333,0.4906100678542329,False,False
F13_106_16,F13,106,16,0.333,0.333,3,3,3,1,0,1,0,0,0,-1,0.333,0.4852511749729899,False,False
F13_106_17,F13,106,17,0.333,0.333,3,3,3,1,0,1,0,0,0,-1,0.333,0.4910187069164466,False,False
F13_106_18,F13,106,18,0.329,0.329,3,3,9,1,0,1,0,0,0,-1,0.329,0.4804637101977556,False,False
F13_106_19,F13,106,19,0.325,0.325,3,3,5,1,1,1,0,0,0,-1,0.325,0.4725680641848858,False,False
F13_106_20,F13,106,20,0.323,0.323,3,3,3,1,0,1,0,0,0,-1,0.323,0.474048688145239,False,False
F13_106_21,F13,106,21,0.32,0.32,2,2,2,1,0,1,1,0,0,-1,0.32,0.4713989341614292,False,False
F13_106_22,F13,106,22,0.318,0.318,3,3,8,1,0,1,0,0,0,-1,0.318,0.468679275770887,False,False
F13_106_23,F13,106,23,0.317,0.317,3,3,7,1,0,1,0,0,0,-1,0.317,0.4676603723377239,False,False
F13_107_00,F13,107,0,0.432,0.432,3,3,2,1,0,1,0,0,0,-1,0.432,0.4725820110551204,False,False
F13_107_01,F13,107,1,0.425,0.425,3,3,5,1,1,1,0,0,0,-1,0.4249999999999999,0.4849276365363128,False,False
F13_107_02,F13,107,2,0.42,0.42,2,2,2,1,0,1,1,0,0,-1,0.4199999999999999,0.4736140517091506,False,False
F13_107_03,F13,107,3,0.416,0.416,3,3,6,1,0,1,0,0,0,-1,0.4159999999999999,0.4820686880492617,False,False
F13_107_04,F13,107,4,0.412,0.412,3,3,2,1,0,1,0,0,0,-1,0.4119999999999999,0.4749684734217209,False,False
F13_107_05,F13,107,5,0.41,0.41,2,2,1,1,0,1,1,0,0,-1,0.4099999999999999,0.4767670235517091,False,False
F13_107_06,F13,107,6,0.41,0.41,2,2,1,1,0,1,1,0,0,-1,0.4099999999999999,0.468833526450224,False,False
F13_107_07,F13,107,7,0.41,0.41,2,2,1,1,0,1,1,0,0,-1,0.4099999999999999,0.4628296130098295,False,False
F13_107_08,F13,107,8,0.412,0.412,3,3,2,1,0,1,0,0,0,-1,0.4119999999999999,0.4765763990073612,False,False
F13_107_09,F13,107,9,0.412,0.412,3,3,2,1,0,1,0,0,0,-1,0.4119999999999999,0.4821741030468645,False,False
F13_107_10,F13,107,10,0.423,0.423,3,3,3,1,0,1,0,0,0,-1,0.4229999999999999,0.4686675372648299,False,False
F13_107_11,F13,107,11,0.441,0.441,3,3,1,1,0,1,0,0,0,-1,0.441,0.4773336013675502,False,False
F13_107_12,F13,107,12,0.458,0.458,3,3,8,1,0,1,0,0,0,-1,0.458,0.4827841933583813,False,False
F13_107_13,F13,107,13,0.475,0.475,3,3,5,1,1,1,0,0,0,-1,0.4749999999999999,0.4968774840096503,False,False
F13_107_14,F13,107,14,0.483,0.483,3,3,3,1,0,1,0,0,0,-1,0.4829999999999999,0.4847774193374568,False,False
F13_107_15,F13,107,15,0.486,0.486,3,3,6,1,0,1,0,0,0,-1,0.4859999999999999,0.4989524687057591,False,False
F13_107_16,F13,107,16,0.485,0.485,3,3,5,1,1,1,0,0,0,-1,0.4849999999999999,0.5110708201256333,False,False
F13_107_17,F13,107,17,0.482,0.482,3,3,2,1,0,1,0,0,0,-1,0.4819999999999999,0.5014236393218379,False,False
F13_107_18,F13,107,18,0.48,0.48,2,2,8,1,0,1,1,0,0,-1,0.4799999999999999,0.4997353463284273,False,False
F13_107_19,F13,107,19,0.473,0.473,3,3,3,1,0,1,0,0,0,-1,0.4729999999999999,0.4905222818518407,False,False
F13_107_20,F13,107,20,0.465,0.465,3,3,5,1,1,1,0,0,0,-1,0.465,0.494513626356759,False,False
F13_107_21,F13,107,21,0.457,0.457,3,3,7,1,0,1,0,0,0,-1,0.457,0.49493380746821,False,False
F13_107_22,F13,107,22,0.45,0.45,2,2,5,1,1,1,1,0,0,-1,0.45,0.4883257550772593,False,False
F13_107_23,F13,107,23,0.445,0.445,3,3,5,1,1,1,0,0,0,-1,0.445,0.4808879768619079,False,False
F13_108_00,F13,108,0,0.44,0.44,2,2,4,1,0,1,1,0,0,-1,0.44,0.4743478644032245,False,False
F13_108_01,F13,108,1,0.436,0.436,3,3,6,1,0,1,0,0,0,-1,0.436,0.4689319355568153,False,False
F13_108_02,F13,108,2,0.433,0.433,3,3,3,1,0,1,0,0,0,-1,0.433,0.4607004526437215,False,False
F13_108_03,F13,108,3,0.432,0.432,3,3,2,1,0,1,0,0,0,-1,0.432,0.4631334395580863,False,False
F13_108_04,F13,108,4,0.43,0.43,2,2,3,1,0,1,1,0,0,-1,0.4299999999999999,0.4527220178999078,False,False
F13_108_05,F13,108,5,0.427,0.427,3,3,7,1,0,1,0,0,0,-1,0.4269999999999999,0.4537076865497825,False,False
F13_108_06,F13,108,6,0.424,0.424,3,3,4,1,0,1,0,0,0,-1,0.4239999999999999,0.4473631930769563,False,False
F13_108_07,F13,108,7,0.421,0.421,3,3,1,1,0,1,0,0,0,-1,0.4209999999999999,0.4461186879901823,False,False
F13_108_08,F13,108,8,0.433,0.433,3,3,3,1,0,1,0,0,0,-1,0.433,0.4482087688508254,False,False
F13_108_09,F13,108,9,0.437,0.437,3,3,7,1,0,1,0,0,0,-1,0.437,0.4594152340838134,False,False
F13_108_10,F13,108,10,0.438,0.438,3,3,8,1,0,1,0,0,0,-1,0.438,0.4470118881818501,False,False
F13_108_11,F13,108,11,0.445,0.445,3,3,5,1,1,1,0,0,0,-1,0.445,0.44978599111141,False,False
F13_108_12,F13,108,12,0.455,0.455,3,3,5,1,1,1,0,0,0,-1,0.455,0.4537334370985521,False,False
F13_108_13,F13,108,13,0.463,0.463,3,3,3,1,0,1,0,0,0,-1,0.463,0.4635471777949924,False,False
F13_108_14,F13,108,14,0.482,0.482,3,3,2,1,0,1,0,0,0,-1,0.4819999999999999,0.4666653934547775,False,False
F13_108_15,F13,108,15,0.495,0.495,3,3,5,1,1,1,0,0,0,-1,0.495,0.4754191313152093,False,False
F13_108_16,F13,108,16,0.5,0.5,1,1,5,1,1,1,1,1,0,-1,0.5,0.4782468068387912,False,False
F13_108_17,F13,108,17,0.497,0.497,3,3,7,1,0,1,0,0,0,-1,0.497,0.4661244526151067,False,False
F13_108_18,F13,108,18,0.496,0.496,3,3,6,1,0,1,0,0,0,-1,0.496,0.4710475734082628,False,False
F13_108_19,F13,108,19,0.491,0.491,3,3,1,1,0,1,0,0,0,-1,0.4909999999999999,0.4717321719348722,False,False
F13_108_20,F13,108,20,0.484,0.484,3,3,4,1,0,1,0,0,0,-1,0.4839999999999999,0.4670054805798811,False,False
F13_108_21,F13,108,21,0.478,0.478,3,3,8,1,0,1,0,0,0,-1,0.4779999999999999,0.4695310285411059,False,False
F13_108_22,F13,108,22,0.471,0.471,3,3,1,1,0,1,0,0,0,-1,0.4709999999999999,0.470057527734911,False,False
F13_108_23,F13,108,23,0.465,0.465,3,3,5,1,1,1,0,0,0,-1,0.465,0.4693459686811079,False,False
F13_109_00,F13,109,0,0.33,0.33,2,2,3,1,0,1,1,0,0,-1,0.33,0.5268319606576624,False,False
F13_109_01,F13,109,1,0.328,0.328,3,3,8,1,0,1,0,0,0,-1,0.328,0.5276025867737403,False,False
F13_109_02,F13,109,2,0.328,0.328,3,3,8,1,0,1,0,0,0,-1,0.328,0.5259763015516727,False,False
F13_109_03,F13,109,3,0.327,0.327,3,3,7,1,0,1,0,0,0,-1,0.327,0.523000861194266,False,False
F13_109_04,F13,109,4,0.326,0.326,3,3,6,1,0,1,0,0,0,-1,0.326,0.5167492311572023,False,False
F13_109_05,F13,109,5,0.325,0.325,3,3,5,1,1,1,0,0,0,-1,0.325,0.5146872837780265,False,False
F13_109_06,F13,109,6,0.325,0.325,3,3,5,1,1,1,0,0,0,-1,0.325,0.5142964885873871,False,False
F13_109_07,F13,109,7,0.324,0.324,3,3,4,1,0,1,0,0,0,-1,0.324,0.5026558193108234,False,False
F13_109_08,F13,109,8,0.326,0.326,3,3,6,1,0,1,0,0,0,-1,0.326,0.5054926561400837,False,False
F13_109_09,F13,109,9,0.331,0.331,3,3,1,1,0,1,0,0,0,-1,0.331,0.505727067311088,False,False
F13_109_10,F13,109,10,0.343,0.343,3,3,3,1,0,1,0,0,0,-1,0.343,0.51790174735948,False,False
F13_109_11,F13,109,11,0.354,0.354,3,3,4,1,0,1,0,0,0,-1,0.3539999999999999,0.5064411940381367,False,False
F13_109_12,F13,109,12,0.358,0.358,3,3,8,1,0,1,0,0,0,-1,0.3579999999999999,0.5087080926390753,False,False
F13_109_13,F13,109,13,0.364,0.364,3,3,4,1,0,1,0,0,0,-1,0.3639999999999999,0.5150166202885444,False,False
F13_109_14,F13,109,14,0.37,0.37,2,2,7,1,0,1,1,0,0,-1,0.37,0.5190372645294609,False,False
F13_109_15,F13,109,15,0.376,0.376,3,3,6,1,0,1,0,0,0,-1,0.376,0.5219014530212736,False,False
F13_109_16,F13,109,16,0.381,0.381,3,3,1,1,0,1,0,0,0,-1,0.381,0.5256687395008997,False,False
F13_109_17,F13,109,17,0.379,0.379,3,3,9,1,0,1,0,0,0,-1,0.379,0.5287935169757015,False,False
F13_109_18,F13,109,18,0.369,0.369,3,3,9,1,0,1,0,0,0,-1,0.3689999999999999,0.53517842070928,False,False
F13_109_19,F13,109,19,0.357,0.357,3,3,7,1,0,1,0,0,0,-1,0.3569999999999999,0.5182382117486765,False,False
F13_109_20,F13,109,20,0.345,0.345,3,3,5,1,1,1,0,0,0,-1,0.3449999999999999,0.5058049319889701,False,False
F13_109_21,F13,109,21,0.341,0.341,3,3,1,1,0,1,0,0,0,-1,0.341,0.5054418706140412,False,False
F13_109_22,F13,109,22,0.338,0.338,3,3,8,1,0,1,0,0,0,-1,0.338,0.4989730114027028,False,False
F13_109_23,F13,109,23,0.336,0.336,3,3,6,1,0,1,0,0,0,-1,0.336,0.4974836165366907,False,False
F13_110_00,F13,110,0,0.335,0.335,3,3,5,1,1,1,0,0,0,-1,0.335,0.3986239018888244,False,False
F13_110_01,F13,110,1,0.333,0.333,3,3,3,1,0,1,0,0,0,-1,0.333,0.3920822539499778,False,False
F13_110_02,F13,110,2,0.333,0.333,3,3,3,1,0,1,0,0,0,-1,0.333,0.3879766961480135,False,False
F13_110_03,F13,110,3,0.333,0.333,3,3,3,1,0,1,0,0,0,-1,0.333,0.3888326419427781,False,False
F13_110_04,F13,110,4,0.333,0.333,3,3,3,1,0,1,0,0,0,-1,0.333,0.3854872250521156,False,False
F13_110_05,F13,110,5,0.333,0.333,3,3,3,1,0,1,0,0,0,-1,0.333,0.3863497151538178,False,False
F13_110_06,F13,110,6,0.334,0.334,3,3,4,1,0,1,0,0,0,-1,0.334,0.3868674353460804,False,False
F13_110_07,F13,110,7,0.334,0.334,3,3,4,1,0,1,0,0,0,-1,0.334,0.3736780983374573,False,False
F13_110_08,F13,110,8,0.337,0.337,3,3,7,1,0,1,0,0,0,-1,0.337,0.3856122748915766,False,False
F13_110_09,F13,110,9,0.337,0.337,3,3,7,1,0,1,0,0,0,-1,0.337,0.3997339436598733,False,False
F13_110_10,F13,110,10,0.342,0.342,3,3,2,1,0,1,0,0,0,-1,0.342,0.4106164581304244,False,False
F13_110_11,F13,110,11,0.351,0.351,3,3,1,1,0,1,0,0,0,-1,0.3509999999999999,0.4112087838664269,False,False
F13_110_12,F13,110,12,0.359,0.359,3,3,9,1,0,1,0,0,0,-1,0.3589999999999999,0.4109559817722936,False,False
F13_110_13,F13,110,13,0.369,0.369,3,3,9,1,0,1,0,0,0,-1,0.3689999999999999,0.4207217029479464,False,False
F13_110_14,F13,110,14,0.378,0.378,3,3,8,1,0,1,0,0,0,-1,0.378,0.4193246112202075,False,False
F13_110_15,F13,110,15,0.387,0.387,3,3,7,1,0,1,0,0,0,-1,0.387,0.4344684163168411,False,False
F13_110_16,F13,110,16,0.393,0.393,3,3,3,1,0,1,0,0,0,-1,0.393,0.4390168172405185,False,False
F13_110_17,F13,110,17,0.392,0.392,3,3,2,1,0,1,0,0,0,-1,0.392,0.4435925823535089,False,False
F13_110_18,F13,110,18,0.383,0.383,3,3,3,1,0,1,0,0,0,-1,0.383,0.4352831722821831,False,False
F13_110_19,F13,110,19,0.372,0.372,3,3,2,1,0,1,0,0,0,-1,0.372,0.4190687583732937,False,False
F13_110_20,F13,110,20,0.36,0.36,2,2,6,1,0,1,1,0,0,-1,0.3599999999999999,0.4188495335653193,False,False
F13_110_21,F13,110,21,0.356,0.356,3,3,6,1,0,1,0,0,0,-1,0.3559999999999999,0.423414061022691,False,False
F13_110_22,F13,110,22,0.354,0.354,3,3,4,1,0,1,0,0,0,-1,0.3539999999999999,0.4150404574299113,False,False
F13_110_23,F13,110,23,0.352,0.352,3,3,2,1,0,1,0,0,0,-1,0.3519999999999999,0.4135232063910443,False,False
F13_111_00,F13,111,0,0.35,0.35,2,2,5,1,1,1,1,0,0,-1,0.3499999999999999,0.4668710063135846,False,False
F13_111_01,F13,111,1,0.349,0.349,3,3,9,1,0,1,0,0,0,-1,0.3489999999999999,0.4556356589918484,False,False
F13_111_02,F13,111,2,0.349,0.349,3,3,9,1,0,1,0,0,0,-1,0.3489999999999999,0.4556072130586691,False,False
F13_111_03,F13,111,3,0.349,0.349,3,3,9,1,0,1,0,0,0,-1,0.3489999999999999,0.4575303458721537,False,False
F13_111_04,F13,111,4,0.349,0.349,3,3,9,1,0,1,0,0,0,-1,0.3489999999999999,0.4524343728126145,False,False
F13_111_05,F13,111,5,0.349,0.349,3,3,9,1,0,1,0,0,0,-1,0.3489999999999999,0.4568649938460551,False,False
F13_111_06,F13,111,6,0.348,0.348,3,3,8,1,0,1,0,0,0,-1,0.3479999999999999,0.4571103703699553,False,False
F13_111_07,F13,111,7,0.35,0.35,2,2,5,1,1,1,1,0,0,-1,0.3499999999999999,0.4551524711141068,False,False
F13_111_08,F13,111,8,0.351,0.351,3,3,1,1,0,1,0,0,0,-1,0.3509999999999999,0.4607956828948778,False,False
F13_111_09,F13,111,9,0.352,0.352,3,3,2,1,0,1,0,0,0,-1,0.3519999999999999,0.4729528374242386,False,False
F13_111_10,F13,111,10,0.359,0.359,3,3,9,1,0,1,0,0,0,-1,0.3589999999999999,0.4830239722296773,False,False
F13_111_11,F13,111,11,0.369,0.369,3,3,9,1,0,1,0,0,0,-1,0.3689999999999999,0.4876956376340539,False,False
F13_111_12,F13,111,12,0.376,0.376,3,3,6,1,0,1,0,0,0,-1,0.376,0.4824831360146569,False,False
F13_111_13,F13,111,13,0.385,0.385,3,3,5,1,1,1,0,0,0,-1,0.385,0.4883850882966378,False,False
F13_111_14,F13,111,14,0.394,0.394,3,3,4,1,0,1,0,0,0,-1,0.394,0.4920273578595686,False,False
F13_111_15,F13,111,15,0.405,0.405,3,3,5,1,1,1,0,0,0,-1,0.405,0.507816880089435,False,False
F13_111_16,F13,111,16,0.41,0.41,2,2,1,1,0,1,1,0,0,-1,0.4099999999999999,0.531305336119525,False,False
F13_111_17,F13,111,17,0.41,0.41,2,2,1,1,0,1,1,0,0,-1,0.4099999999999999,0.5369707568138756,False,False
F13_111_18,F13,111,18,0.403,0.403,3,3,3,1,0,1,0,0,0,-1,0.403,0.5288586317880775,False,False
F13_111_19,F13,111,19,0.396,0.396,3,3,6,1,0,1,0,0,0,-1,0.396,0.5224583129709657,False,False
F13_111_20,F13,111,20,0.387,0.387,3,3,7,1,0,1,0,0,0,-1,0.387,0.5171880231651481,False,False
F13_111_21,F13,111,21,0.379,0.379,3,3,9,1,0,1,0,0,0,-1,0.379,0.5317279723087347,False,False
F13_111_22,F13,111,22,0.373,0.373,3,3,3,1,0,1,0,0,0,-1,0.373,0.5267081014114356,False,False
F13_111_23,F13,111,23,0.367,0.367,3,3,7,1,0,1,0,0,0,-1,0.3669999999999999,0.5284788737658849,False,False
F13_112_00,F13,112,0,0.365,0.365,3,3,5,1,1,1,0,0,0,-1,0.3649999999999999,0.6910294953203663,False,False
F13_112_01,F13,112,1,0.365,0.365,3,3,5,1,1,1,0,0,0,-1,0.3649999999999999,0.6819352160885515,False,False
F13_112_02,F13,112,2,0.364,0.364,3,3,4,1,0,1,0,0,0,-1,0.3639999999999999,0.6745853110623585,False,False
F13_112_03,F13,112,3,0.364,0.364,3,3,4,1,0,1,0,0,0,-1,0.3639999999999999,0.6710439122907476,False,False
F13_112_04,F13,112,4,0.364,0.364,3,3,4,1,0,1,0,0,0,-1,0.3639999999999999,0.6669500759851253,False,False
F13_112_05,F13,112,5,0.363,0.363,3,3,3,1,0,1,0,0,0,-1,0.3629999999999999,0.6527583245943172,False,False
F13_112_06,F13,112,6,0.363,0.363,3,3,3,1,0,1,0,0,0,-1,0.3629999999999999,0.6578439345297548,False,False
F13_112_07,F13,112,7,0.363,0.363,3,3,3,1,0,1,0,0,0,-1,0.3629999999999999,0.6502118376519594,False,False
F13_112_08,F13,112,8,0.366,0.366,3,3,6,1,0,1,0,0,0,-1,0.3659999999999999,0.6617667566535198,False,False
F13_112_09,F13,112,9,0.38,0.38,2,2,8,1,0,1,1,0,0,-1,0.38,0.6858757286822089,False,False
F13_112_10,F13,112,10,0.403,0.403,3,3,3,1,0,1,0,0,0,-1,0.403,0.6835675271028203,False,False
F13_112_11,F13,112,11,0.419,0.419,3,3,9,1,0,1,0,0,0,-1,0.4189999999999999,0.6831478026776889,False,False
F13_112_12,F13,112,12,0.427,0.427,3,3,7,1,0,1,0,0,0,-1,0.4269999999999999,0.6957084314619704,False,False
F13_112_13,F13,112,13,0.426,0.426,3,3,6,1,0,1,0,0,0,-1,0.4259999999999999,0.7088790256522683,False,False
F13_112_14,F13,112,14,0.427,0.427,3,3,7,1,0,1,0,0,0,-1,0.4269999999999999,0.6991296498117195,False,False
F13_112_15,F13,112,15,0.435,0.435,3,3,5,1,1,1,0,0,0,-1,0.435,0.714897696097085,False,False
F13_112_16,F13,112,16,0.441,0.441,3,3,1,1,0,1,0,0,0,-1,0.441,0.7406857573538541,False,False
F13_112_17,F13,112,17,0.441,0.441,3,3,1,1,0,1,0,0,0,-1,0.441,0.7270892022139727,False,False
F13_112_18,F13,112,18,0.434,0.434,3,3,4,1,0,1,0,0,0,-1,0.434,0.7145130597919304,False,False
F13_112_19,F13,112,19,0.425,0.425,3,3,5,1,1,1,0,0,0,-1,0.4249999999999999,0.7031686242344314,False,False
F13_112_20,F13,112,20,0.415,0.415,3,3,5,1,1,1,0,0,0,-1,0.4149999999999999,0.6945312496333536,False,False
F13_112_21,F13,112,21,0.404,0.404,3,3,4,1,0,1,0,0,0,-1,0.404,0.6800907225409208,False,False
F13_112_22,F13,112,22,0.394,0.394,3,3,4,1,0,1,0,0,0,-1,0.394,0.6651994283568964,False,False
F13_112_23,F13,112,23,0.364,0.364,3,3,4,1,0,1,0,0,0,-1,0.3639999999999999,0.6616642943384838,False,False
F13_113_00,F13,113,0,0.547,0.547,3,3,7,1,0,1,0,0,0,-1,0.547,0.4752868472111911,False,False
F13_113_01,F13,113,1,0.542,0.542,3,3,2,1,0,1,0,0,0,-1,0.542,0.4752802050388133,False,False
F13_113_02,F13,113,2,0.538,0.538,3,3,8,1,0,1,0,0,0,-1,0.538,0.4726010968010134,False,False
F13_113_03,F13,113,3,0.534,0.534,3,3,4,1,0,1,0,0,0,-1,0.534,0.4708237369244192,False,False
F13_113_04,F13,113,4,0.531,0.531,3,3,1,1,0,1,0,0,0,-1,0.531,0.4686596766874293,False,False
F13_113_05,F13,113,5,0.528,0.528,3,3,8,1,0,1,0,0,0,-1,0.528,0.4723614670122227,False,False
F13_113_06,F13,113,6,0.525,0.525,3,3,5,1,1,1,0,0,0,-1,0.525,0.469731139509654,False,False
F13_113_07,F13,113,7,0.523,0.523,3,3,3,1,0,1,0,0,0,-1,0.523,0.4755179627891981,False,False
F13_113_08,F13,113,8,0.529,0.529,3,3,9,1,0,1,0,0,0,-1,0.529,0.4840722181085256,False,False
F13_113_09,F13,113,9,0.533,0.533,3,3,3,1,0,1,0,0,0,-1,0.533,0.4817407532149252,False,False
F13_113_10,F13,113,10,0.537,0.537,3,3,7,1,0,1,0,0,0,-1,0.537,0.4938227393541118,False,False
F13_113_11,F13,113,11,0.55,0.55,2,2,5,1,1,1,1,0,0,-1,0.55,0.5105529497921415,False,False
F13_113_12,F13,113,12,0.563,0.563,3,3,3,1,0,1,0,0,0,-1,0.563,0.5154092399133003,False,False
F13_113_13,F13,113,13,0.57,0.57,2,2,7,1,0,1,1,0,0,-1,0.57,0.5145910215724044,False,False
F13_113_14,F13,113,14,0.581,0.581,3,3,1,1,0,1,0,0,0,-1,0.5809999999999998,0.517849109246639,False,False
F13_113_15,F13,113,15,0.596,0.596,3,3,6,1,0,1,0,0,0,-1,0.5959999999999999,0.528443856764713,False,False
F13_113_16,F13,113,16,0.601,0.601,3,3,1,1,0,1,0,0,0,-1,0.6009999999999999,0.5230273354032243,False,False
F13_113_17,F13,113,17,0.598,0.598,3,3,8,1,0,1,0,0,0,-1,0.5979999999999999,0.5077812894167719,False,False
F13_113_18,F13,113,18,0.592,0.592,3,3,2,1,0,1,0,0,0,-1,0.5919999999999999,0.5118197595357443,False,False
F13_113_19,F13,113,19,0.584,0.584,3,3,4,1,0,1,0,0,0,-1,0.5839999999999999,0.5091253804651859,False,False
F13_113_20,F13,113,20,0.575,0.575,3,3,5,1,1,1,0,0,0,-1,0.5749999999999998,0.503295979333155,False,False
F13_113_21,F13,113,21,0.565,0.565,3,3,5,1,1,1,0,0,0,-1,0.565,0.4923584889629419,False,False
F13_113_22,F13,113,22,0.556,0.556,3,3,6,1,0,1,0,0,0,-1,0.556,0.4950180179360934,False,False
F13_113_23,F13,113,23,0.553,0.553,3,3,3,1,0,1,0,0,0,-1,0.553,0.4915893032351492,False,False
F13_116_00,F13,116,0,0.884,0.884,3,3,4,1,0,1,0,0,0,-1,0.884,0.9705369499222828,False,False
F13_116_01,F13,116,1,0.862,0.862,3,3,2,1,0,1,0,0,0,-1,0.8619999999999999,0.9516733488923874,False,False
F13_116_02,F13,116,2,0.855,0.855,3,3,5,1,1,1,0,0,0,-1,0.8549999999999999,0.9520660745427452,False,False
F13_116_03,F13,116,3,0.848,0.848,3,3,8,1,0,1,0,0,0,-1,0.8479999999999999,0.9300116670218364,False,False
F13_116_04,F13,116,4,0.835,0.835,3,3,5,1,1,1,0,0,0,-1,0.8349999999999999,0.9192334416281832,False,False
F13_116_05,F13,116,5,0.832,0.832,3,3,2,1,0,1,0,0,0,-1,0.8319999999999999,0.9237714540755,False,False
F13_116_06,F13,116,6,0.823,0.823,3,3,3,1,0,1,0,0,0,-1,0.823,0.9195796672604976,False,False
F13_116_07,F13,116,7,0.819,0.819,3,3,9,1,0,1,0,0,0,-1,0.819,0.9153346855053232,False,False
F13_116_08,F13,116,8,0.819,0.819,3,3,9,1,0,1,0,0,0,-1,0.819,0.9103684861717408,False,False
F13_116_09,F13,116,9,0.827,0.827,3,3,7,1,0,1,0,0,0,-1,0.8269999999999998,0.9006655075574623,False,False
F13_116_10,F13,116,10,0.842,0.842,3,3,2,1,0,1,0,0,0,-1,0.8419999999999999,0.976958643441728,False,False
F13_116_11,F13,116,11,0.851,0.851,3,3,1,1,0,1,0,0,0,-1,0.8509999999999999,0.9317513319949932,False,False
F13_116_12,F13,116,12,0.867,0.867,3,3,7,1,0,1,0,0,0,-1,0.8669999999999999,1.0151600041805215,False,False
F13_116_13,F13,116,13,0.894,0.894,3,3,4,1,0,1,0,0,0,-1,0.894,1.0408651695198996,False,False
F13_116_14,F13,116,14,0.955,0.955,3,3,5,1,1,1,0,0,0,-1,0.955,1.1027249583158123,False,False
F13_116_15,F13,116,15,1.115,1.115,3,4,5,1,1,1,0,0,0,0,1.115,1.0809723547272343,False,False
F13_116_16,F13,116,16,1.225,1.225,3,4,5,1,1,1,0,0,0,0,1.225,1.1416922216359544,False,False
F13_116_17,F13,116,17,1.184,1.184,3,4,4,1,0,1,0,0,0,0,1.184,1.1933716934183398,False,False
F13_116_18,F13,116,18,1.116,1.116,3,4,6,1,0,1,0,0,0,0,1.116,1.1926667835419622,False,False
F13_116_19,F13,116,19,1.085,1.085,3,4,5,1,1,1,0,0,0,0,1.085,1.1612855212102082,False,False
F13_116_20,F13,116,20,1.019,1.019,3,4,9,1,0,1,0,0,0,0,1.019,1.17914481505828,False,False
F13_116_21,F13,116,21,1.0,1.0,1,1,1,1,0,1,1,1,0,0,1.0,1.1464848895195456,False,False
F13_116_22,F13,116,22,0.978,0.978,3,3,8,1,0,1,0,0,0,-1,0.978,1.111725782597035,False,False
F13_116_23,F13,116,23,0.951,0.951,3,3,1,1,0,1,0,0,0,-1,0.951,1.1057369603866931,False,False
F13_117_00,F13,117,0,0.3,0.3,1,1,3,1,0,1,1,1,0,-1,0.2999999999999999,0.3456109888451633,False,False
F13_117_01,F13,117,1,0.301,0.301,3,3,1,1,0,1,0,0,0,-1,0.3009999999999999,0.3383562967153109,False,False
F13_117_02,F13,117,2,0.302,0.302,3,3,2,1,0,1,0,0,0,-1,0.3019999999999999,0.3274672608165651,False,False
F13_117_03,F13,117,3,0.302,0.302,3,3,2,1,0,1,0,0,0,-1,0.3019999999999999,0.3273184757491199,False,False
F13_117_04,F13,117,4,0.302,0.302,3,3,2,1,0,1,0,0,0,-1,0.3019999999999999,0.3276179520116084,False,False
F13_117_05,F13,117,5,0.303,0.303,3,3,3,1,0,1,0,0,0,-1,0.3029999999999999,0.3257144536751679,False,False
F13_117_06,F13,117,6,0.296,0.296,3,3,6,1,0,1,0,0,0,-1,0.2959999999999999,0.3214516349026753,False,False
F13_117_07,F13,117,7,0.287,0.287,3,3,7,1,0,1,0,0,0,-1,0.2869999999999999,0.3204925181741389,False,False
F13_117_08,F13,117,8,0.289,0.289,3,3,9,1,0,1,0,0,0,-1,0.2889999999999999,0.3179966614972092,False,False
F13_117_09,F13,117,9,0.288,0.288,3,3,8,1,0,1,0,0,0,-1,0.2879999999999999,0.3229073324999736,False,False
F13_117_10,F13,117,10,0.29,0.29,2,2,9,1,0,1,1,0,0,-1,0.2899999999999999,0.318016198721675,False,False
F13_117_11,F13,117,11,0.295,0.295,3,3,5,1,1,1,0,0,0,-1,0.2949999999999999,0.3120816079794319,False,False
F13_117_12,F13,117,12,0.295,0.295,3,3,5,1,1,1,0,0,0,-1,0.2949999999999999,0.3101768829914971,False,False
F13_117_13,F13,117,13,0.299,0.299,3,3,9,1,0,1,0,0,0,-1,0.2989999999999999,0.3140968196786651,False,False
F13_117_14,F13,117,14,0.31,0.31,2,2,1,1,0,1,1,0,0,-1,0.31,0.3119369998678346,False,False
F13_117_15,F13,117,15,0.316,0.316,3,3,6,1,0,1,0,0,0,-1,0.316,0.3181261475201874,False,False
F13_117_16,F13,117,16,0.314,0.314,3,3,4,1,0,1,0,0,0,-1,0.314,0.3205853132416693,False,False
F13_117_17,F13,117,17,0.313,0.313,3,3,3,1,0,1,0,0,0,-1,0.313,0.3248557498220391,False,False
F13_117_18,F13,117,18,0.313,0.313,3,3,3,1,0,1,0,0,0,-1,0.313,0.3240680758421463,False,False
F13_117_19,F13,117,19,0.313,0.313,3,3,3,1,0,1,0,0,0,-1,0.313,0.3233294935895013,False,False
F13_117_20,F13,117,20,0.314,0.314,3,3,4,1,0,1,0,0,0,-1,0.314,0.3222727450895959,False,False
F13_117_21,F13,117,21,0.316,0.316,3,3,6,1,0,1,0,0,0,-1,0.316,0.3208004617886062,False,False
F13_117_22,F13,117,22,0.317,0.317,3,3,7,1,0,1,0,0,0,-1,0.317,0.331224000900073,False,False
F13_117_23,F13,117,23,0.316,0.316,3,3,6,1,0,1,0,0,0,-1,0.316,0.3310482597386905,False,False
F13_118_00,F13,118,0,0.93,0.93,2,2,3,1,0,1,1,0,0,-1,0.93,1.1174518946662222,False,False
F13_118_01,F13,118,1,0.907,0.907,3,3,7,1,0,1,0,0,0,-1,0.907,1.1002359192865128,False,False
F13_118_02,F13,118,2,0.883,0.883,3,3,3,1,0,1,0,0,0,-1,0.883,1.108621137856681,False,False
F13_118_03,F13,118,3,0.876,0.876,3,3,6,1,0,1,0,0,0,-1,0.876,1.1011327933437058,False,False
F13_118_04,F13,118,4,0.862,0.862,3,3,2,1,0,1,0,0,0,-1,0.8619999999999999,1.117158131223697,False,False
F13_118_05,F13,118,5,0.86,0.86,2,2,6,1,0,1,1,0,0,-1,0.8599999999999999,1.1208752417724668,False,False
F13_118_06,F13,118,6,0.854,0.854,3,3,4,1,0,1,0,0,0,-1,0.8539999999999999,1.105922876024353,False,False
F13_118_07,F13,118,7,0.849,0.849,3,3,9,1,0,1,0,0,0,-1,0.8489999999999999,1.1166990579675646,False,False
F13_118_08,F13,118,8,0.848,0.848,3,3,8,1,0,1,0,0,0,-1,0.8479999999999999,1.1179782125085345,False,False
F13_118_09,F13,118,9,0.847,0.847,3,3,7,1,0,1,0,0,0,-1,0.8469999999999999,1.2161094368636134,False,False
F13_118_10,F13,118,10,0.859,0.859,3,3,9,1,0,1,0,0,0,-1,0.8589999999999999,1.2383511433252927,False,False
F13_118_11,F13,118,11,0.867,0.867,3,3,7,1,0,1,0,0,0,-1,0.8669999999999999,1.1742197113801112,False,False
F13_118_12,F13,118,12,0.87,0.87,2,2,7,1,0,1,1,0,0,-1,0.87,1.157540449116026,False,False
F13_118_13,F13,118,13,0.883,0.883,3,3,3,1,0,1,0,0,0,-1,0.883,1.0870034805582256,False,False
F13_118_14,F13,118,14,1.065,1.065,3,4,5,1,1,1,0,0,0,0,1.065,1.1344437144053197,False,False
F13_118_15,F13,118,15,1.337,1.337,3,4,7,1,0,1,0,0,0,0,1.337,1.1070205592935236,False,False
F13_118_16,F13,118,16,1.529,1.529,3,4,9,1,0,1,0,0,0,0,1.529,1.131338900672116,False,False
F13_118_17,F13,118,17,1.599,1.599,3,4,9,1,0,1,0,0,0,0,1.599,1.1633764193265344,False,False
F13_118_18,F13,118,18,1.606,1.606,3,4,6,1,0,1,0,0,0,0,1.606,1.1837800178056903,False,False
F13_118_19,F13,118,19,1.564,1.564,3,4,4,1,0,1,0,0,0,0,1.564,1.1927188570115574,False,False
F13_118_20,F13,118,20,1.49,1.49,2,3,9,1,0,1,1,0,0,0,1.49,1.201892661720821,False,False
F13_118_21,F13,118,21,1.415,1.415,3,4,5,1,1,1,0,0,0,0,1.415,1.1916167467161278,False,False
F13_118_22,F13,118,22,1.352,1.352,3,4,2,1,0,1,0,0,0,0,1.352,1.1770537138258936,False,False
F13_118_23,F13,118,23,1.287,1.287,3,4,7,1,0,1,0,0,0,0,1.287,1.1705555618049068,False,False
F13_119_00,F13,119,0,0.316,0.316,3,3,6,1,0,1,0,0,0,-1,0.316,0.4236508955895243,False,False
F13_119_01,F13,119,1,0.316,0.316,3,3,6,1,0,1,0,0,0,-1,0.316,0.4224132272677078,False,False
F13_119_02,F13,119,2,0.316,0.316,3,3,6,1,0,1,0,0,0,-1,0.316,0.4186666280520972,False,False
F13_119_03,F13,119,3,0.316,0.316,3,3,6,1,0,1,0,0,0,-1,0.316,0.4211972716914842,False,False
F13_119_04,F13,119,4,0.316,0.316,3,3,6,1,0,1,0,0,0,-1,0.316,0.405674491693653,False,False
F13_119_05,F13,119,5,0.317,0.317,3,3,7,1,0,1,0,0,0,-1,0.317,0.4081183970237367,False,False
F13_119_06,F13,119,6,0.312,0.312,3,3,2,1,0,1,0,0,0,-1,0.312,0.3887049899851133,False,False
F13_119_07,F13,119,7,0.3,0.3,1,1,3,1,0,1,1,1,0,-1,0.2999999999999999,0.3816942704322724,False,False
F13_119_08,F13,119,8,0.302,0.302,3,3,2,1,0,1,0,0,0,-1,0.3019999999999999,0.3780241017410718,False,False
F13_119_09,F13,119,9,0.301,0.301,3,3,1,1,0,1,0,0,0,-1,0.3009999999999999,0.374493811290418,False,False
F13_119_10,F13,119,10,0.301,0.301,3,3,1,1,0,1,0,0,0,-1,0.3009999999999999,0.3738883717369389,False,False
F13_119_11,F13,119,11,0.306,0.306,3,3,6,1,0,1,0,0,0,-1,0.3059999999999999,0.3767786552843944,False,False
F13_119_12,F13,119,12,0.311,0.311,3,3,1,1,0,1,0,0,0,-1,0.311,0.3747185742334764,False,False
F13_119_13,F13,119,13,0.309,0.309,3,3,9,1,0,1,0,0,0,-1,0.309,0.3774422056259138,False,False
F13_119_14,F13,119,14,0.311,0.311,3,3,1,1,0,1,0,0,0,-1,0.311,0.3846599884128798,False,False
F13_119_15,F13,119,15,0.313,0.313,3,3,3,1,0,1,0,0,0,-1,0.313,0.3850646424861858,False,False
F13_119_16,F13,119,16,0.313,0.313,3,3,3,1,0,1,0,0,0,-1,0.313,0.3871190432703007,False,False
F13_119_17,F13,119,17,0.312,0.312,3,3,2,1,0,1,0,0,0,-1,0.312,0.3773527655467608,False,False
F13_119_18,F13,119,18,0.312,0.312,3,3,2,1,0,1,0,0,0,-1,0.312,0.3739707550280898,False,False
F13_119_19,F13,119,19,0.314,0.314,3,3,4,1,0,1,0,0,0,-1,0.314,0.3725554948260339,False,False
F13_119_20,F13,119,20,0.314,0.314,3,3,4,1,0,1,0,0,0,-1,0.314,0.3671242428972333,False,False
F13_119_21,F13,119,21,0.315,0.315,3,3,5,1,1,1,0,0,0,-1,0.315,0.3706337143243114,False,False
F13_119_22,F13,119,22,0.315,0.315,3,3,5,1,1,1,0,0,0,-1,0.315,0.3773666491600127,False,False
F13_119_23,F13,119,23,0.316,0.316,3,3,6,1,0,1,0,0,0,-1,0.316,0.3786323635326351,False,False
F13_120_00,F13,120,0,1.227,1.227,3,4,7,1,0,1,0,0,0,0,1.227,1.1608231592255822,False,False
F13_120_01,F13,120,1,1.173,1.173,3,4,3,1,0,1,0,0,0,0,1.173,1.1189862643263706,False,False
F13_120_02,F13,120,2,1.116,1.116,3,4,6,1,0,1,0,0,0,0,1.116,1.0977255571026654,False,False
F13_120_03,F13,120,3,1.083,1.083,3,4,3,1,0,1,0,0,0,0,1.083,1.0922264398210373,False,False
F13_120_04,F13,120,4,1.061,1.061,3,4,1,1,0,1,0,0,0,0,1.061,1.0866326243558018,False,False
F13_120_05,F13,120,5,1.031,1.031,3,4,1,1,0,1,0,0,0,0,1.031,1.0853966185525796,False,False
F13_120_06,F13,120,6,1.008,1.008,3,4,8,1,0,1,0,0,0,0,1.008,1.0801635419822588,False,False
F13_120_07,F13,120,7,1.002,1.002,3,4,2,1,0,1,0,0,0,0,1.002,1.0751478129030247,False,False
F13_120_08,F13,120,8,0.973,0.973,3,3,3,1,0,1,0,0,0,-1,0.973,1.0818937272319276,False,False
F13_120_09,F13,120,9,0.901,0.901,3,3,1,1,0,1,0,0,0,-1,0.901,1.2102864343533548,False,False
F13_120_10,F13,120,10,0.908,0.908,3,3,8,1,0,1,0,0,0,-1,0.908,1.181744921506461,False,False
F13_120_11,F13,120,11,0.92,0.92,2,2,2,1,0,1,1,0,0,-1,0.92,1.1582976559711478,False,False
F13_120_12,F13,120,12,1.016,1.016,3,4,6,1,0,1,0,0,0,0,1.016,1.2023580780165388,False,False
F13_120_13,F13,120,13,1.272,1.272,3,4,2,1,0,1,0,0,0,0,1.272,1.1684625624564633,False,False
F13_120_14,F13,120,14,1.426,1.426,3,4,6,1,0,1,0,0,0,0,1.426,1.1829664315039228,False,False
F13_120_15,F13,120,15,1.534,1.534,3,4,4,1,0,1,0,0,0,0,1.534,1.1414616040356431,False,False
F13_120_16,F13,120,16,1.608,1.608,3,4,8,1,0,1,0,0,0,0,1.608,1.138869230372814,False,False
F13_120_17,F13,120,17,1.605,1.605,3,4,5,1,1,1,0,0,0,0,1.605,1.1737868731234222,False,False
F13_120_18,F13,120,18,1.597,1.597,3,4,7,1,0,1,0,0,0,0,1.597,1.1804285847223257,False,False
F13_120_19,F13,120,19,1.578,1.578,3,4,8,1,0,1,0,0,0,0,1.578,1.1789229908425802,False,False
F13_120_20,F13,120,20,1.55,1.55,2,3,5,1,1,1,1,0,0,0,1.55,1.1730028765483198,False,False
F13_120_21,F13,120,21,1.52,1.52,2,3,2,1,0,1,1,0,0,0,1.52,1.16531474114558,False,False
F13_120_22,F13,120,22,1.476,1.476,3,4,6,1,0,1,0,0,0,0,1.476,1.157319025709116,False,False
F13_120_23,F13,120,23,1.415,1.415,3,4,5,1,1,1,0,0,0,0,1.415,1.1537319678740805,False,False
F13_121_00,F13,121,0,1.355,1.355,3,4,5,1,1,1,0,0,0,0,1.355,0.7445341228205004,False,False
F13_121_01,F13,121,1,1.33,1.33,2,3,3,1,0,1,1,0,0,0,1.33,0.745243701927083,False,False
F13_121_02,F13,121,2,1.306,1.306,3,4,6,1,0,1,0,0,0,0,1.306,0.7346831750528046,False,False
F13_121_03,F13,121,3,1.294,1.294,3,4,4,1,0,1,0,0,0,0,1.294,0.7344298218168657,False,False
F13_121_04,F13,121,4,1.262,1.262,3,4,2,1,0,1,0,0,0,0,1.262,0.7263610382302292,False,False
F13_121_05,F13,121,5,1.24,1.24,2,3,4,1,0,1,1,0,0,0,1.24,0.7207680623965508,False,False
F13_121_06,F13,121,6,1.224,1.224,3,4,4,1,0,1,0,0,0,0,1.224,0.7142170325041357,False,False
F13_121_07,F13,121,7,1.202,1.202,3,4,2,1,0,1,0,0,0,0,1.202,0.7130452437907453,False,False
F13_121_08,F13,121,8,1.114,1.114,3,4,4,1,0,1,0,0,0,0,1.114,0.7311847811506652,False,False
F13_121_09,F13,121,9,0.936,0.936,3,3,6,1,0,1,0,0,0,-1,0.936,0.8126210174057253,False,False
F13_121_10,F13,121,10,0.928,0.928,3,3,8,1,0,1,0,0,0,-1,0.928,0.7581594288279042,False,False
F13_121_11,F13,121,11,0.978,0.978,3,3,8,1,0,1,0,0,0,-1,0.978,0.8091972262363504,False,False
F13_121_12,F13,121,12,1.134,1.134,3,4,4,1,0,1,0,0,0,0,1.134,0.8389274726120037,False,False
F13_121_13,F13,121,13,1.353,1.353,3,4,3,1,0,1,0,0,0,0,1.353,0.8261319978507297,False,False
F13_121_14,F13,121,14,1.516,1.516,3,4,6,1,0,1,0,0,0,0,1.516,0.8213057690114506,False,False
F13_121_15,F13,121,15,1.489,1.489,3,4,9,1,0,1,0,0,0,0,1.489,0.7975561235651971,False,False
F13_121_16,F13,121,16,1.509,1.509,3,4,9,1,0,1,0,0,0,0,1.509,0.8121695195781328,False,False
F13_121_17,F13,121,17,1.524,1.524,3,4,4,1,0,1,0,0,0,0,1.524,0.8752998684184394,False,False
F13_121_18,F13,121,18,1.541,1.541,3,4,1,1,0,1,0,0,0,0,1.541,0.900210771795086,False,False
F13_121_19,F13,121,19,1.529,1.529,3,4,9,1,0,1,0,0,0,0,1.529,0.8964365280337949,False,False
F13_121_20,F13,121,20,1.529,1.529,3,4,9,1,0,1,0,0,0,0,1.529,0.9101646593525654,False,False
F13_121_21,F13,121,21,1.505,1.505,3,4,5,1,1,1,0,0,0,0,1.505,0.9038790112518248,False,False
F13_121_22,F13,121,22,1.436,1.436,3,4,6,1,0,1,0,0,0,0,1.436,0.8993660900197081,False,False
F13_121_23,F13,121,23,1.407,1.407,3,4,7,1,0,1,0,0,0,0,1.407,0.9151706826231653,False,False
F13_122_00,F13,122,0,0.333,0.333,3,3,3,1,0,1,0,0,0,-1,0.333,0.4266971816258088,False,False
F13_122_01,F13,122,1,0.333,0.333,3,3,3,1,0,1,0,0,0,-1,0.333,0.414893177167404,False,False
F13_122_02,F13,122,2,0.333,0.333,3,3,3,1,0,1,0,0,0,-1,0.333,0.41239836016382,False,False
F13_122_03,F13,122,3,0.334,0.334,3,3,4,1,0,1,0,0,0,-1,0.334,0.4121418811632595,False,False
F13_122_04,F13,122,4,0.335,0.335,3,3,5,1,1,1,0,0,0,-1,0.335,0.4095674827568801,False,False
F13_122_05,F13,122,5,0.336,0.336,3,3,6,1,0,1,0,0,0,-1,0.336,0.4069550972212252,False,False
F13_122_06,F13,122,6,0.336,0.336,3,3,6,1,0,1,0,0,0,-1,0.336,0.4062878082193727,False,False
F13_122_07,F13,122,7,0.316,0.316,3,3,6,1,0,1,0,0,0,-1,0.316,0.3950632061455636,False,False
F13_122_08,F13,122,8,0.318,0.318,3,3,8,1,0,1,0,0,0,-1,0.318,0.4027758690543451,False,False
F13_122_09,F13,122,9,0.32,0.32,2,2,2,1,0,1,1,0,0,-1,0.32,0.3868594557473644,False,False
F13_122_10,F13,122,10,0.316,0.316,3,3,6,1,0,1,0,0,0,-1,0.316,0.3797355604241435,False,False
F13_122_11,F13,122,11,0.325,0.325,3,3,5,1,1,1,0,0,0,-1,0.325,0.3849228454037173,False,False
F13_122_12,F13,122,12,0.339,0.339,3,3,9,1,0,1,0,0,0,-1,0.339,0.3972353780145327,False,False
F13_122_13,F13,122,13,0.358,0.358,3,3,8,1,0,1,0,0,0,-1,0.3579999999999999,0.3862824148818788,False,False
F13_122_14,F13,122,14,0.372,0.372,3,3,2,1,0,1,0,0,0,-1,0.372,0.3902005737014928,False,False
F13_122_15,F13,122,15,0.383,0.383,3,3,3,1,0,1,0,0,0,-1,0.383,0.3905684802181452,False,False
F13_122_16,F13,122,16,0.392,0.392,3,3,2,1,0,1,0,0,0,-1,0.392,0.3955967358126218,False,False
F13_122_17,F13,122,17,0.39,0.39,2,2,9,1,0,1,1,0,0,-1,0.39,0.3933437257772515,False,False
F13_122_18,F13,122,18,0.384,0.384,3,3,4,1,0,1,0,0,0,-1,0.384,0.3861387371891749,False,False
F13_122_19,F13,122,19,0.378,0.378,3,3,8,1,0,1,0,0,0,-1,0.378,0.3812250093191584,False,False
F13_122_20,F13,122,20,0.371,0.371,3,3,1,1,0,1,0,0,0,-1,0.371,0.3773327179943524,False,False
F13_122_21,F13,122,21,0.363,0.363,3,3,3,1,0,1,0,0,0,-1,0.3629999999999999,0.3855985703769341,False,False
F13_122_22,F13,122,22,0.355,0.355,3,3,5,1,1,1,0,0,0,-1,0.3549999999999999,0.3825727555825698,False,False
F13_122_23,F13,122,23,0.351,0.351,3,3,1,1,0,1,0,0,0,-1,0.3509999999999999,0.3965242856767451,False,False
F13_125_00,F13,125,0,1.491,1.491,3,4,1,1,0,1,0,0,0,0,1.491,1.4887335876748549,False,False
F13_125_01,F13,125,1,1.477,1.477,3,4,7,1,0,1,0,0,0,0,1.477,1.4783949104050058,False,False
F13_125_02,F13,125,2,1.464,1.464,3,4,4,1,0,1,0,0,0,0,1.464,1.471279465883865,False,False
F13_125_03,F13,125,3,1.432,1.432,3,4,2,1,0,1,0,0,0,0,1.432,1.476453308628158,False,False
F13_125_04,F13,125,4,1.409,1.409,3,4,9,1,0,1,0,0,0,0,1.409,1.473680380052126,False,False
F13_125_05,F13,125,5,1.405,1.405,3,4,5,1,1,1,0,0,0,0,1.405,1.4594843361650562,False,False
F13_125_06,F13,125,6,1.409,1.409,3,4,9,1,0,1,0,0,0,0,1.409,1.4394088470140276,False,False
F13_125_07,F13,125,7,1.404,1.404,3,4,4,1,0,1,0,0,0,0,1.404,1.4128709078039026,False,False
F13_125_08,F13,125,8,1.46,1.46,2,3,6,1,0,1,1,0,0,0,1.46,1.4103298840145355,False,False
F13_125_09,F13,125,9,1.558,1.558,3,4,8,1,0,1,0,0,0,0,1.558,1.351251674480452,False,False
F13_125_10,F13,125,10,1.547,1.547,3,4,7,1,0,1,0,0,0,0,1.547,1.3494042883198158,False,False
F13_125_11,F13,125,11,1.515,1.515,3,4,5,1,1,1,0,0,0,0,1.515,1.2723523192032593,False,False
F13_125_12,F13,125,12,1.477,1.477,3,4,7,1,0,1,0,0,0,0,1.477,1.2569454016692627,False,False
F13_125_13,F13,125,13,1.514,1.514,3,4,4,1,0,1,0,0,0,0,1.514,1.296217649672724,False,False
F13_125_14,F13,125,14,1.526,1.526,3,4,6,1,0,1,0,0,0,0,1.526,1.3153313345327649,False,False
F13_125_15,F13,125,15,1.531,1.531,3,4,1,1,0,1,0,0,0,0,1.531,1.318242235847082,False,False
F13_125_16,F13,125,16,1.546,1.546,3,4,6,1,0,1,0,0,0,0,1.546,1.3242384671189835,False,False
F13_125_17,F13,125,17,1.571,1.571,3,4,1,1,0,1,0,0,0,0,1.571,1.3830040273443096,False,False
F13_125_18,F13,125,18,1.586,1.586,3,4,6,1,0,1,0,0,0,0,1.586,1.436374276445321,False,False
F13_125_19,F13,125,19,1.586,1.586,3,4,6,1,0,1,0,0,0,0,1.586,1.4660633681943664,False,False
F13_125_20,F13,125,20,1.549,1.549,3,4,9,1,0,1,0,0,0,0,1.549,1.472374745052499,False,False
F13_125_21,F13,125,21,1.494,1.494,3,4,4,1,0,1,0,0,0,0,1.494,1.4594946404887377,False,False
F13_125_22,F13,125,22,1.477,1.477,3,4,7,1,0,1,0,0,0,0,1.477,1.45013883195978,False,False
F13_125_23,F13,125,23,1.454,1.454,3,4,4,1,0,1,0,0,0,0,1.454,1.4251286176038604,False,False
F13_126_00,F13,126,0,0.378,0.378,3,3,8,1,0,1,0,0,0,-1,0.378,0.6248574182215321,False,False
F13_126_01,F13,126,1,0.373,0.373,3,3,3,1,0,1,0,0,0,-1,0.373,0.6178903595877397,False,False
F13_126_02,F13,126,2,0.369,0.369,3,3,9,1,0,1,0,0,0,-1,0.3689999999999999,0.6463718704246197,False,False
F13_126_03,F13,126,3,0.366,0.366,3,3,6,1,0,1,0,0,0,-1,0.3659999999999999,0.6564035632324472,False,False
F13_126_04,F13,126,4,0.364,0.364,3,3,4,1,0,1,0,0,0,-1,0.3639999999999999,0.5918772608678617,False,False
F13_126_05,F13,126,5,0.363,0.363,3,3,3,1,0,1,0,0,0,-1,0.3629999999999999,0.5695828087942052,False,False
F13_126_06,F13,126,6,0.363,0.363,3,3,3,1,0,1,0,0,0,-1,0.3629999999999999,0.5318676039496779,False,False
F13_126_07,F13,126,7,0.369,0.369,3,3,9,1,0,1,0,0,0,-1,0.3689999999999999,0.5136737456158518,False,False
F13_126_08,F13,126,8,0.369,0.369,3,3,9,1,0,1,0,0,0,-1,0.3689999999999999,0.5053464724046939,False,False
F13_126_09,F13,126,9,0.371,0.371,3,3,1,1,0,1,0,0,0,-1,0.371,0.5198316159962848,False,False
F13_126_10,F13,126,10,0.375,0.375,3,3,5,1,1,1,0,0,0,-1,0.375,0.51273578959103,False,False
F13_126_11,F13,126,11,0.38,0.38,2,2,8,1,0,1,1,0,0,-1,0.38,0.5473644902628254,False,False
F13_126_12,F13,126,12,0.388,0.388,3,3,8,1,0,1,0,0,0,-1,0.388,0.5417459941140425,False,False
F13_126_13,F13,126,13,0.398,0.398,3,3,8,1,0,1,0,0,0,-1,0.398,0.5465207774353502,False,False
F13_126_14,F13,126,14,0.4,0.4,1,1,4,1,0,1,1,1,0,-1,0.4,0.5443346474471773,False,False
F13_126_15,F13,126,15,0.4,0.4,1,1,4,1,0,1,1,1,0,-1,0.4,0.545253443348734,False,False
F13_126_16,F13,126,16,0.402,0.402,3,3,2,1,0,1,0,0,0,-1,0.402,0.5338688753718984,False,False
F13_126_17,F13,126,17,0.398,0.398,3,3,8,1,0,1,0,0,0,-1,0.398,0.5537816012477556,False,False
F13_126_18,F13,126,18,0.396,0.396,3,3,6,1,0,1,0,0,0,-1,0.396,0.5395835075044757,False,False
F13_126_19,F13,126,19,0.394,0.394,3,3,4,1,0,1,0,0,0,-1,0.394,0.5255738331399468,False,False
F13_126_20,F13,126,20,0.392,0.392,3,3,2,1,0,1,0,0,0,-1,0.392,0.5046491764002007,False,False
F13_126_21,F13,126,21,0.389,0.389,3,3,9,1,0,1,0,0,0,-1,0.389,0.4925319863122269,False,False
F13_126_22,F13,126,22,0.385,0.385,3,3,5,1,1,1,0,0,0,-1,0.385,0.4923610481209431,False,False
F13_126_23,F13,126,23,0.382,0.382,3,3,2,1,0,1,0,0,0,-1,0.382,0.4877896813580837,False,False
F13_128_00,F13,128,0,0.721,0.721,3,3,1,1,0,1,0,0,0,-1,0.7209999999999999,0.7747556645309371,False,False
F13_128_01,F13,128,1,0.712,0.712,3,3,2,1,0,1,0,0,0,-1,0.7119999999999999,0.8113062502087716,False,False
F13_128_02,F13,128,2,0.709,0.709,3,3,9,1,0,1,0,0,0,-1,0.7089999999999999,0.7604734861947546,False,False
F13_128_03,F13,128,3,0.708,0.708,3,3,8,1,0,1,0,0,0,-1,0.7079999999999999,0.7492752483535265,False,False
F13_128_04,F13,128,4,0.701,0.701,3,3,1,1,0,1,0,0,0,-1,0.7009999999999998,0.7803861364766521,False,False
F13_128_05,F13,128,5,0.695,0.695,3,3,5,1,1,1,0,0,0,-1,0.695,0.7872438006576176,False,False
F13_128_06,F13,128,6,0.693,0.693,3,3,3,1,0,1,0,0,0,-1,0.693,0.7951073036074873,False,False
F13_128_07,F13,128,7,0.697,0.697,3,3,7,1,0,1,0,0,0,-1,0.697,0.8151136209415366,False,False
F13_128_08,F13,128,8,0.747,0.747,3,3,7,1,0,1,0,0,0,-1,0.747,0.8349619489471917,False,False
F13_128_09,F13,128,9,0.779,0.779,3,3,9,1,0,1,0,0,0,-1,0.779,0.8696352416921725,False,False
F13_128_10,F13,128,10,0.79,0.79,2,2,9,1,0,1,1,0,0,-1,0.79,0.8066127253961137,False,False
F13_128_11,F13,128,11,0.823,0.823,3,3,3,1,0,1,0,0,0,-1,0.823,0.7850454537769922,False,False
F13_128_12,F13,128,12,0.829,0.829,3,3,9,1,0,1,0,0,0,-1,0.8289999999999998,0.7718673895688813,False,False
F13_128_13,F13,128,13,0.833,0.833,3,3,3,1,0,1,0,0,0,-1,0.8329999999999999,0.7896452290387534,False,False
F13_128_14,F13,128,14,0.837,0.837,3,3,7,1,0,1,0,0,0,-1,0.8369999999999999,0.8012657257661163,False,False
F13_128_15,F13,128,15,0.844,0.844,3,3,4,1,0,1,0,0,0,-1,0.8439999999999999,0.8065753897240017,False,False
F13_128_16,F13,128,16,0.852,0.852,3,3,2,1,0,1,0,0,0,-1,0.8519999999999999,0.8305648530113356,False,False
F13_128_17,F13,128,17,0.854,0.854,3,3,4,1,0,1,0,0,0,-1,0.8539999999999999,0.8249874622661987,False,False
F13_128_18,F13,128,18,0.846,0.846,3,3,6,1,0,1,0,0,0,-1,0.8459999999999999,0.8100451156010817,False,False
F13_128_19,F13,128,19,0.837,0.837,3,3,7,1,0,1,0,0,0,-1,0.8369999999999999,0.8043177164180821,False,False
F13_128_20,F13,128,20,0.827,0.827,3,3,7,1,0,1,0,0,0,-1,0.8269999999999998,0.8120001944997354,False,False
F13_128_21,F13,128,21,0.817,0.817,3,3,7,1,0,1,0,0,0,-1,0.817,0.8346564505106648,False,False
F13_128_22,F13,128,22,0.808,0.808,3,3,8,1,0,1,0,0,0,-1,0.808,0.8257069547469762,False,False
F13_128_23,F13,128,23,0.802,0.802,3,3,2,1,0,1,0,0,0,-1,0.802,0.7971914815154613,False,False
F13_129_00,F13,129,0,0.715,0.715,3,3,5,1,1,1,0,0,0,-1,0.7149999999999999,0.6185172896730448,False,False
F13_129_01,F13,129,1,0.71,0.71,2,2,1,1,0,1,1,0,0,-1,0.7099999999999999,0.6167174372085491,False,False
F13_129_02,F13,129,2,0.705,0.705,3,3,5,1,1,1,0,0,0,-1,0.7049999999999998,0.6130544738393892,False,False
F13_129_03,F13,129,3,0.7,0.7,1,1,7,1,0,1,1,1,0,-1,0.6999999999999998,0.6121265714385892,False,False
F13_129_04,F13,129,4,0.697,0.697,3,3,7,1,0,1,0,0,0,-1,0.697,0.5977981484281929,False,False
F13_129_05,F13,129,5,0.693,0.693,3,3,3,1,0,1,0,0,0,-1,0.693,0.5929115734293894,False,False
F13_129_06,F13,129,6,0.689,0.689,3,3,9,1,0,1,0,0,0,-1,0.689,0.5891680939579959,False,False
F13_129_07,F13,129,7,0.685,0.685,3,3,5,1,1,1,0,0,0,-1,0.685,0.5891445112652712,False,False
F13_129_08,F13,129,8,0.697,0.697,3,3,7,1,0,1,0,0,0,-1,0.697,0.5808356056518225,False,False
F13_129_09,F13,129,9,0.704,0.704,3,3,4,1,0,1,0,0,0,-1,0.7039999999999998,0.6135209862897945,False,False
F13_129_10,F13,129,10,0.705,0.705,3,3,5,1,1,1,0,0,0,-1,0.7049999999999998,0.6179749602193103,False,False
F13_129_11,F13,129,11,0.711,0.711,3,3,1,1,0,1,0,0,0,-1,0.7109999999999999,0.6339367800456066,False,False
F13_129_12,F13,129,12,0.721,0.721,3,3,1,1,0,1,0,0,0,-1,0.7209999999999999,0.632027206993768,False,False
F13_129_13,F13,129,13,0.728,0.728,3,3,8,1,0,1,0,0,0,-1,0.7279999999999999,0.6331828204651104,False,False
F13_129_14,F13,129,14,0.739,0.739,3,3,9,1,0,1,0,0,0,-1,0.7389999999999999,0.6380053301291261,False,False
F13_129_15,F13,129,15,0.751,0.751,3,3,1,1,0,1,0,0,0,-1,0.751,0.6589434860130815,False,False
F13_129_16,F13,129,16,0.761,0.761,3,3,1,1,0,1,0,0,0,-1,0.761,0.6689811235244864,False,False
F13_129_17,F13,129,17,0.76,0.76,2,2,6,1,0,1,1,0,0,-1,0.76,0.6547629037800317,False,False
F13_129_18,F13,129,18,0.755,0.755,3,3,5,1,1,1,0,0,0,-1,0.755,0.661392133107176,False,False
F13_129_19,F13,129,19,0.748,0.748,3,3,8,1,0,1,0,0,0,-1,0.748,0.6595199874165992,False,False
F13_129_20,F13,129,20,0.741,0.741,3,3,1,1,0,1,0,0,0,-1,0.7409999999999999,0.6500774161678586,False,False
F13_129_21,F13,129,21,0.733,0.733,3,3,3,1,0,1,0,0,0,-1,0.7329999999999999,0.6494602360181956,False,False
F13_129_22,F13,129,22,0.725,0.725,3,3,5,1,1,1,0,0,0,-1,0.7249999999999999,0.6522203984918687,False,False
F13_129_23,F13,129,23,0.721,0.721,3,3,1,1,0,1,0,0,0,-1,0.7209999999999999,0.6507633257977185,False,False
F13_130_00,F13,130,0,0.798,0.798,3,3,8,1,0,1,0,0,0,-1,0.798,1.085409769545862,False,False
F13_130_01,F13,130,1,0.796,0.796,3,3,6,1,0,1,0,0,0,-1,0.796,1.0731467949310285,False,False
F13_130_02,F13,130,2,0.794,0.794,3,3,4,1,0,1,0,0,0,-1,0.794,1.047543967877013,False,False
F13_130_03,F13,130,3,0.79,0.79,2,2,9,1,0,1,1,0,0,-1,0.79,1.0333657941078898,False,False
F13_130_04,F13,130,4,0.785,0.785,3,3,5,1,1,1,0,0,0,-1,0.785,1.089198722271988,False,False
F13_130_05,F13,130,5,0.78,0.78,2,2,8,1,0,1,1,0,0,-1,0.78,1.0769048281014717,False,False
F13_130_06,F13,130,6,0.774,0.774,3,3,4,1,0,1,0,0,0,-1,0.774,1.089457465465833,False,False
F13_130_07,F13,130,7,0.77,0.77,2,2,7,1,0,1,1,0,0,-1,0.77,1.0748027670445142,False,False
F13_130_08,F13,130,8,0.766,0.766,3,3,6,1,0,1,0,0,0,-1,0.766,1.0838578077553749,False,False
F13_130_09,F13,130,9,0.758,0.758,3,3,8,1,0,1,0,0,0,-1,0.758,1.0524192739794929,False,False
F13_130_10,F13,130,10,0.754,0.754,3,3,4,1,0,1,0,0,0,-1,0.754,1.0201105534731163,False,False
F13_130_11,F13,130,11,0.758,0.758,3,3,8,1,0,1,0,0,0,-1,0.758,1.0213168732763027,False,False
F13_130_12,F13,130,12,0.763,0.763,3,3,3,1,0,1,0,0,0,-1,0.763,1.0116890352332424,False,False
F13_130_13,F13,130,13,0.768,0.768,3,3,8,1,0,1,0,0,0,-1,0.768,1.0094603567094615,False,False
F13_130_14,F13,130,14,0.777,0.777,3,3,7,1,0,1,0,0,0,-1,0.777,1.0308262611049268,False,False
F13_130_15,F13,130,15,0.782,0.782,3,3,2,1,0,1,0,0,0,-1,0.782,1.078565916332448,False,False
F13_130_16,F13,130,16,0.784,0.784,3,3,4,1,0,1,0,0,0,-1,0.784,1.1242342231177047,False,False
F13_130_17,F13,130,17,0.784,0.784,3,3,4,1,0,1,0,0,0,-1,0.784,1.17218334647439,False,False
F13_130_18,F13,130,18,0.779,0.779,3,3,9,1,0,1,0,0,0,-1,0.779,1.1907956260348749,False,False
F13_130_19,F13,130,19,0.772,0.772,3,3,2,1,0,1,0,0,0,-1,0.772,1.2085115718523205,False,False
F13_130_20,F13,130,20,0.764,0.764,3,3,4,1,0,1,0,0,0,-1,0.764,1.201529736398328,False,False
F13_130_21,F13,130,21,0.759,0.759,3,3,9,1,0,1,0,0,0,-1,0.759,1.1891205314152606,False,False
F13_130_22,F13,130,22,0.753,0.753,3,3,3,1,0,1,0,0,0,-1,0.753,1.1868265603504653,False,False
F13_130_23,F13,130,23,0.747,0.747,3,3,7,1,0,1,0,0,0,-1,0.747,1.182586548146249,False,False
F13_131_00,F13,131,0,0.718,0.718,3,3,8,1,0,1,0,0,0,-1,0.7179999999999999,0.7224699060165946,False,False
F13_131_01,F13,131,1,0.716,0.716,3,3,6,1,0,1,0,0,0,-1,0.7159999999999999,0.7172434995950205,False,False
F13_131_02,F13,131,2,0.714,0.714,3,3,4,1,0,1,0,0,0,-1,0.7139999999999999,0.7077023930152863,False,False
F13_131_03,F13,131,3,0.71,0.71,2,2,1,1,0,1,1,0,0,-1,0.7099999999999999,0.7040649537046996,False,False
F13_131_04,F13,131,4,0.705,0.705,3,3,5,1,1,1,0,0,0,-1,0.7049999999999998,0.7022905930521425,False,False
F13_131_05,F13,131,5,0.701,0.701,3,3,1,1,0,1,0,0,0,-1,0.7009999999999998,0.6990436881859927,False,False
F13_131_06,F13,131,6,0.698,0.698,3,3,8,1,0,1,0,0,0,-1,0.698,0.6861454214250126,False,False
F13_131_07,F13,131,7,0.695,0.695,3,3,5,1,1,1,0,0,0,-1,0.695,0.6758924403666033,False,False
F13_131_08,F13,131,8,0.7,0.7,1,1,7,1,0,1,1,1,0,-1,0.6999999999999998,0.667735089657118,False,False
F13_131_09,F13,131,9,0.708,0.708,3,3,8,1,0,1,0,0,0,-1,0.7079999999999999,0.6938897190965855,False,False
F13_131_10,F13,131,10,0.715,0.715,3,3,5,1,1,1,0,0,0,-1,0.7149999999999999,0.706496357043969,False,False
F13_131_11,F13,131,11,0.728,0.728,3,3,8,1,0,1,0,0,0,-1,0.7279999999999999,0.7036949501989916,False,False
F13_131_12,F13,131,12,0.746,0.746,3,3,6,1,0,1,0,0,0,-1,0.746,0.7105946722637206,False,False
F13_131_13,F13,131,13,0.763,0.763,3,3,3,1,0,1,0,0,0,-1,0.763,0.7261996860109567,False,False
F13_131_14,F13,131,14,0.782,0.782,3,3,2,1,0,1,0,0,0,-1,0.782,0.7274006718775181,False,False
F13_131_15,F13,131,15,0.785,0.785,3,3,5,1,1,1,0,0,0,-1,0.785,0.7369368617694603,False,False
F13_131_16,F13,131,16,0.787,0.787,3,3,7,1,0,1,0,0,0,-1,0.787,0.7467607044092623,False,False
F13_131_17,F13,131,17,0.779,0.779,3,3,9,1,0,1,0,0,0,-1,0.779,0.7404036877756169,False,False
F13_131_18,F13,131,18,0.772,0.772,3,3,2,1,0,1,0,0,0,-1,0.772,0.7410797980203571,False,False
F13_131_19,F13,131,19,0.766,0.766,3,3,6,1,0,1,0,0,0,-1,0.766,0.7404734144170692,False,False
F13_131_20,F13,131,20,0.76,0.76,2,2,6,1,0,1,1,0,0,-1,0.76,0.7389169564933838,False,False
F13_131_21,F13,131,21,0.756,0.756,3,3,6,1,0,1,0,0,0,-1,0.756,0.7361845548705543,False,False
F13_131_22,F13,131,22,0.753,0.753,3,3,3,1,0,1,0,0,0,-1,0.753,0.7351499723185693,False,False
F13_131_23,F13,131,23,0.749,0.749,3,3,9,1,0,1,0,0,0,-1,0.749,0.7329305693477408,False,False
F13_132_00,F13,132,0,0.743,0.743,3,3,3,1,0,1,0,0,0,-1,0.7429999999999999,1.46834531013115,False,False
F13_132_01,F13,132,1,0.738,0.738,3,3,8,1,0,1,0,0,0,-1,0.7379999999999999,1.414394224072537,False,False
F13_132_02,F13,132,2,0.733,0.733,3,3,3,1,0,1,0,0,0,-1,0.7329999999999999,1.3625548481364542,False,False
F13_132_03,F13,132,3,0.726,0.726,3,3,6,1,0,1,0,0,0,-1,0.7259999999999999,1.343757930431344,False,False
F13_132_04,F13,132,4,0.719,0.719,3,3,9,1,0,1,0,0,0,-1,0.7189999999999999,1.3600680772844558,False,False
F13_132_05,F13,132,5,0.714,0.714,3,3,4,1,0,1,0,0,0,-1,0.7139999999999999,1.352731973782218,False,False
F13_132_06,F13,132,6,0.711,0.711,3,3,1,1,0,1,0,0,0,-1,0.7109999999999999,1.3278181011526389,False,False
F13_132_07,F13,132,7,0.716,0.716,3,3,6,1,0,1,0,0,0,-1,0.7159999999999999,1.2784342764252534,False,False
F13_132_08,F13,132,8,0.785,0.785,3,3,5,1,1,1,0,0,0,-1,0.785,1.2696414831193004,False,False
F13_132_09,F13,132,9,0.885,0.885,3,3,5,1,1,1,0,0,0,-1,0.885,1.2875342947501935,False,False
F13_132_10,F13,132,10,0.923,0.923,3,3,3,1,0,1,0,0,0,-1,0.923,1.2498453331887696,False,False
F13_132_11,F13,132,11,0.946,0.946,3,3,6,1,0,1,0,0,0,-1,0.946,1.2345482753646038,False,False
F13_132_12,F13,132,12,0.961,0.961,3,3,1,1,0,1,0,0,0,-1,0.961,1.2333901117490766,False,False
F13_132_13,F13,132,13,0.968,0.968,3,3,8,1,0,1,0,0,0,-1,0.968,1.2605942332478572,False,False
F13_132_14,F13,132,14,0.976,0.976,3,3,6,1,0,1,0,0,0,-1,0.976,1.324490564168871,False,False
F13_132_15,F13,132,15,0.981,0.981,3,3,1,1,0,1,0,0,0,-1,0.981,1.3529562672456223,False,False
F13_132_16,F13,132,16,0.978,0.978,3,3,8,1,0,1,0,0,0,-1,0.978,1.408802339124882,False,False
F13_132_17,F13,132,17,0.968,0.968,3,3,8,1,0,1,0,0,0,-1,0.968,1.4494830526367086,False,False
F13_132_18,F13,132,18,0.96,0.96,2,2,6,1,0,1,1,0,0,-1,0.96,1.4192752680190952,False,False
F13_132_19,F13,132,19,0.955,0.955,3,3,5,1,1,1,0,0,0,-1,0.955,1.4047519075980852,False,False
F13_132_20,F13,132,20,0.951,0.951,3,3,1,1,0,1,0,0,0,-1,0.951,1.4027482251809444,False,False
F13_132_21,F13,132,21,0.948,0.948,3,3,8,1,0,1,0,0,0,-1,0.948,1.4000361296134078,False,False
F13_132_22,F13,132,22,0.945,0.945,3,3,5,1,1,1,0,0,0,-1,0.945,1.3954565456192187,False,False
F13_132_23,F13,132,23,0.942,0.942,3,3,2,1,0,1,0,0,0,-1,0.942,1.388207578195014,False,False
F13_133_00,F13,133,0,0.941,0.941,3,3,1,1,0,1,0,0,0,-1,0.941,1.3330472305859442,False,False
F13_133_01,F13,133,1,0.939,0.939,3,3,9,1,0,1,0,0,0,-1,0.939,1.3037651847179292,False,False
F13_133_02,F13,133,2,0.938,0.938,3,3,8,1,0,1,0,0,0,-1,0.938,1.2971528624611404,False,False
F13_133_03,F13,133,3,0.936,0.936,3,3,6,1,0,1,0,0,0,-1,0.936,1.2915122046005596,False,False
F13_133_04,F13,133,4,0.935,0.935,3,3,5,1,1,1,0,0,0,-1,0.935,1.2878050739378986,False,False
F13_133_05,F13,133,5,0.934,0.934,3,3,4,1,0,1,0,0,0,-1,0.934,1.2839408108077754,False,False
F13_133_06,F13,133,6,0.933,0.933,3,3,3,1,0,1,0,0,0,-1,0.933,1.2776833133149372,False,False
F13_133_07,F13,133,7,0.938,0.938,3,3,8,1,0,1,0,0,0,-1,0.938,1.2654320611582897,False,False
F13_133_08,F13,133,8,0.96,0.96,2,2,6,1,0,1,1,0,0,-1,0.96,1.2836488223962677,False,False
F13_133_09,F13,133,9,0.981,0.981,3,3,1,1,0,1,0,0,0,-1,0.981,1.2783809164938509,False,False
F13_133_10,F13,133,10,0.997,0.997,3,3,7,1,0,1,0,0,0,-1,0.997,1.2557389474521108,False,False
F13_133_11,F13,133,11,1.002,1.002,3,4,2,1,0,1,0,0,0,0,1.002,1.2475011583716586,False,False
F13_133_12,F13,133,12,0.997,0.997,3,3,7,1,0,1,0,0,0,-1,0.997,1.2508146957968846,False,False
F13_133_13,F13,133,13,0.996,0.996,3,3,6,1,0,1,0,0,0,-1,0.996,1.2470632555143932,False,False
F13_133_14,F13,133,14,1.003,1.003,3,4,3,1,0,1,0,0,0,0,1.003,1.2779672185265611,False,False
F13_133_15,F13,133,15,1.016,1.016,3,4,6,1,0,1,0,0,0,0,1.016,1.3257913754221793,False,False
F13_133_16,F13,133,16,1.029,1.029,3,4,9,1,0,1,0,0,0,0,1.029,1.3347144235772894,False,False
F13_133_17,F13,133,17,1.048,1.048,3,4,8,1,0,1,0,0,0,0,1.048,1.3440378529371064,False,False
F13_133_18,F13,133,18,1.024,1.024,3,4,4,1,0,1,0,0,0,0,1.024,1.3315041986839895,False,False
F13_133_19,F13,133,19,1.008,1.008,3,4,8,1,0,1,0,0,0,0,1.008,1.3248726421825332,False,False
F13_133_20,F13,133,20,0.997,0.997,3,3,7,1,0,1,0,0,0,-1,0.997,1.3337160470559748,False,False
F13_133_21,F13,133,21,0.986,0.986,3,3,6,1,0,1,0,0,0,-1,0.986,1.304853915879148,False,False
F13_133_22,F13,133,22,0.979,0.979,3,3,9,1,0,1,0,0,0,-1,0.979,1.2952578968496278,False,False
F13_133_23,F13,133,23,0.975,0.975,3,3,5,1,1,1,0,0,0,-1,0.975,1.2910511432503664,False,False
F13_134_00,F13,134,0,0.76,0.76,2,2,6,1,0,1,1,0,0,-1,0.76,0.7485709959421524,False,False
F13_134_01,F13,134,1,0.758,0.758,3,3,8,1,0,1,0,0,0,-1,0.758,0.7441457947763038,False,False
F13_134_02,F13,134,2,0.757,0.757,3,3,7,1,0,1,0,0,0,-1,0.757,0.7416747291549974,False,False
F13_134_03,F13,134,3,0.755,0.755,3,3,5,1,1,1,0,0,0,-1,0.755,0.7388942658970002,False,False
F13_134_04,F13,134,4,0.754,0.754,3,3,4,1,0,1,0,0,0,-1,0.754,0.7374362022493894,False,False
F13_134_05,F13,134,5,0.753,0.753,3,3,3,1,0,1,0,0,0,-1,0.753,0.7362645767773927,False,False
F13_134_06,F13,134,6,0.751,0.751,3,3,1,1,0,1,0,0,0,-1,0.751,0.7350845320385347,False,False
F13_134_07,F13,134,7,0.75,0.75,2,2,5,1,1,1,1,0,0,-1,0.75,0.7370075928874888,False,False
F13_134_08,F13,134,8,0.755,0.755,3,3,5,1,1,1,0,0,0,-1,0.755,0.73448478511827,False,False
F13_134_09,F13,134,9,0.761,0.761,3,3,1,1,0,1,0,0,0,-1,0.761,0.7397123405164581,False,False
F13_134_10,F13,134,10,0.764,0.764,3,3,4,1,0,1,0,0,0,-1,0.764,0.7415384376596105,False,False
F13_134_11,F13,134,11,0.764,0.764,3,3,4,1,0,1,0,0,0,-1,0.764,0.7457466141850216,False,False
F13_134_12,F13,134,12,0.76,0.76,2,2,6,1,0,1,1,0,0,-1,0.76,0.7454106636239821,False,False
F13_134_13,F13,134,13,0.758,0.758,3,3,8,1,0,1,0,0,0,-1,0.758,0.7458248161696788,False,False
F13_134_14,F13,134,14,0.757,0.757,3,3,7,1,0,1,0,0,0,-1,0.757,0.7556810386400962,False,False
F13_134_15,F13,134,15,0.756,0.756,3,3,6,1,0,1,0,0,0,-1,0.756,0.7646640270666447,False,False
F13_134_16,F13,134,16,0.755,0.755,3,3,5,1,1,1,0,0,0,-1,0.755,0.7499585865432389,False,False
F13_134_17,F13,134,17,0.751,0.751,3,3,1,1,0,1,0,0,0,-1,0.751,0.7475331890043169,False,False
F13_134_18,F13,134,18,0.75,0.75,2,2,5,1,1,1,1,0,0,-1,0.75,0.756929546931558,False,False
F13_134_19,F13,134,19,0.747,0.747,3,3,7,1,0,1,0,0,0,-1,0.747,0.7545270757020923,False,False
F13_134_20,F13,134,20,0.744,0.744,3,3,4,1,0,1,0,0,0,-1,0.7439999999999999,0.7514680072467228,False,False
F13_134_21,F13,134,21,0.742,0.742,3,3,2,1,0,1,0,0,0,-1,0.7419999999999999,0.7498593174252441,False,False
F13_134_22,F13,134,22,0.74,0.74,2,2,4,1,0,1,1,0,0,-1,0.7399999999999999,0.7474342510570728,False,False
F13_134_23,F13,134,23,0.738,0.738,3,3,8,1,0,1,0,0,0,-1,0.7379999999999999,0.7469188592302491,False,False
F13_135_00,F13,135,0,0.969,0.969,3,3,9,1,0,1,0,0,0,-1,0.969,1.191989774367191,False,False
F13_135_01,F13,135,1,0.964,0.964,3,3,4,1,0,1,0,0,0,-1,0.964,1.128379238215614,False,False
F13_135_02,F13,135,2,0.96,0.96,2,2,6,1,0,1,1,0,0,-1,0.96,1.1012727950870391,False,False
F13_135_03,F13,135,3,0.956,0.956,3,3,6,1,0,1,0,0,0,-1,0.956,1.1081920925289035,False,False
F13_135_04,F13,135,4,0.955,0.955,3,3,5,1,1,1,0,0,0,-1,0.955,1.1207935796067758,False,False
F13_135_05,F13,135,5,0.954,0.954,3,3,4,1,0,1,0,0,0,-1,0.954,1.1002892718823158,False,False
F13_135_06,F13,135,6,0.951,0.951,3,3,1,1,0,1,0,0,0,-1,0.951,1.0930416506327136,False,False
F13_135_07,F13,135,7,0.949,0.949,3,3,9,1,0,1,0,0,0,-1,0.949,1.069461991822123,False,False
F13_135_08,F13,135,8,0.958,0.958,3,3,8,1,0,1,0,0,0,-1,0.958,1.0915608111275352,False,False
F13_135_09,F13,135,9,0.982,0.982,3,3,2,1,0,1,0,0,0,-1,0.982,1.0948781674768076,False,False
F13_135_10,F13,135,10,1.0,1.0,1,1,1,1,0,1,1,1,0,0,1.0,1.0935448384638495,False,False
F13_135_11,F13,135,11,1.004,1.004,3,4,4,1,0,1,0,0,0,0,1.004,1.1017934871700188,False,False
F13_135_12,F13,135,12,1.012,1.012,3,4,2,1,0,1,0,0,0,0,1.012,1.1444903951880867,False,False
F13_135_13,F13,135,13,1.037,1.037,3,4,7,1,0,1,0,0,0,0,1.037,1.1724099545240851,False,False
F13_135_14,F13,135,14,1.045,1.045,3,4,5,1,1,1,0,0,0,0,1.045,1.1256315470673508,False,False
F13_135_15,F13,135,15,1.043,1.043,3,4,3,1,0,1,0,0,0,0,1.043,1.1576527936276113,False,False
F13_135_16,F13,135,16,1.149,1.149,3,4,9,1,0,1,0,0,0,0,1.149,1.1869456896304913,False,False
F13_135_17,F13,135,17,1.229,1.229,3,4,9,1,0,1,0,0,0,0,1.229,1.2127404736862764,False,False
F13_135_18,F13,135,18,1.146,1.146,3,4,6,1,0,1,0,0,0,0,1.146,1.2022539308549711,False,False
F13_135_19,F13,135,19,1.075,1.075,3,4,5,1,1,1,0,0,0,0,1.075,1.190904294144278,False,False
F13_135_20,F13,135,20,1.025,1.025,3,4,5,1,1,1,0,0,0,0,1.025,1.1995873021465395,False,False
F13_135_21,F13,135,21,0.992,0.992,3,3,2,1,0,1,0,0,0,-1,0.992,1.1962184152965851,False,False
F13_135_22,F13,135,22,0.977,0.977,3,3,7,1,0,1,0,0,0,-1,0.977,1.1678307041050124,False,False
F13_135_23,F13,135,23,0.97,0.97,2,2,7,1,0,1,1,0,0,-1,0.97,1.1644227432720486,False,False
F13_136_00,F13,136,0,0.735,0.735,3,3,5,1,1,1,0,0,0,-1,0.7349999999999999,0.7502060409864587,False,False
F13_136_01,F13,136,1,0.733,0.733,3,3,3,1,0,1,0,0,0,-1,0.7329999999999999,0.7416838595826389,False,False
F13_136_02,F13,136,2,0.73,0.73,2,2,3,1,0,1,1,0,0,-1,0.7299999999999999,0.7409212610674633,False,False
F13_136_03,F13,136,3,0.728,0.728,3,3,8,1,0,1,0,0,0,-1,0.7279999999999999,0.7445385293911092,False,False
F13_136_04,F13,136,4,0.727,0.727,3,3,7,1,0,1,0,0,0,-1,0.7269999999999999,0.7440659378012034,False,False
F13_136_05,F13,136,5,0.725,0.725,3,3,5,1,1,1,0,0,0,-1,0.7249999999999999,0.7407045171551301,False,False
F13_136_06,F13,136,6,0.722,0.722,3,3,2,1,0,1,0,0,0,-1,0.7219999999999999,0.7397703378660676,False,False
F13_136_07,F13,136,7,0.718,0.718,3,3,8,1,0,1,0,0,0,-1,0.7179999999999999,0.7401253332243907,False,False
F13_136_08,F13,136,8,0.721,0.721,3,3,1,1,0,1,0,0,0,-1,0.7209999999999999,0.7483498094475661,False,False
F13_136_09,F13,136,9,0.725,0.725,3,3,5,1,1,1,0,0,0,-1,0.7249999999999999,0.7568834292202262,False,False
F13_136_10,F13,136,10,0.723,0.723,3,3,3,1,0,1,0,0,0,-1,0.7229999999999999,0.7506937289911964,False,False
F13_136_11,F13,136,11,0.729,0.729,3,3,9,1,0,1,0,0,0,-1,0.7289999999999999,0.771816574263016,False,False
F13_136_12,F13,136,12,0.743,0.743,3,3,3,1,0,1,0,0,0,-1,0.7429999999999999,0.7774513256003388,False,False
F13_136_13,F13,136,13,0.75,0.75,2,2,5,1,1,1,1,0,0,-1,0.75,0.7725508308470914,False,False
F13_136_14,F13,136,14,0.756,0.756,3,3,6,1,0,1,0,0,0,-1,0.756,0.8036542279100571,False,False
F13_136_15,F13,136,15,0.765,0.765,3,3,5,1,1,1,0,0,0,-1,0.765,0.8060906866994904,False,False
F13_136_16,F13,136,16,0.77,0.77,2,2,7,1,0,1,1,0,0,-1,0.77,0.7911909394732278,False,False
F13_136_17,F13,136,17,0.766,0.766,3,3,6,1,0,1,0,0,0,-1,0.766,0.782740356880295,False,False
F13_136_18,F13,136,18,0.76,0.76,2,2,6,1,0,1,1,0,0,-1,0.76,0.801898918626031,False,False
F13_136_19,F13,136,19,0.75,0.75,2,2,5,1,1,1,1,0,0,-1,0.75,0.7876071185217866,False,False
F13_136_20,F13,136,20,0.742,0.742,3,3,2,1,0,1,0,0,0,-1,0.7419999999999999,0.7926922718685909,False,False
F13_136_21,F13,136,21,0.735,0.735,3,3,5,1,1,1,0,0,0,-1,0.7349999999999999,0.770776951696762,False,False
F13_136_22,F13,136,22,0.729,0.729,3,3,9,1,0,1,0,0,0,-1,0.7289999999999999,0.7640633379962296,False,False
F13_136_23,F13,136,23,0.724,0.724,3,3,4,1,0,1,0,0,0,-1,0.7239999999999999,0.764013402093683,False,False
F13_137_00,F13,137,0,0.965,0.965,3,3,5,1,1,1,0,0,0,-1,0.965,1.3657398868056785,False,False
F13_137_01,F13,137,1,0.961,0.961,3,3,1,1,0,1,0,0,0,-1,0.961,1.3020738079002827,False,False
F13_137_02,F13,137,2,0.958,0.958,3,3,8,1,0,1,0,0,0,-1,0.958,1.303885857401003,False,False
F13_137_03,F13,137,3,0.955,0.955,3,3,5,1,1,1,0,0,0,-1,0.955,1.256120652744543,False,False
F13_137_04,F13,137,4,0.951,0.951,3,3,1,1,0,1,0,0,0,-1,0.951,1.2759386725813826,False,False
F13_137_05,F13,137,5,0.948,0.948,3,3,8,1,0,1,0,0,0,-1,0.948,1.2800938092590814,False,False
F13_137_06,F13,137,6,0.944,0.944,3,3,4,1,0,1,0,0,0,-1,0.944,1.2624945814961783,False,False
F13_137_07,F13,137,7,0.947,0.947,3,3,7,1,0,1,0,0,0,-1,0.947,1.2596381880226062,False,False
F13_137_08,F13,137,8,0.966,0.966,3,3,6,1,0,1,0,0,0,-1,0.966,1.2266277271175796,False,False
F13_137_09,F13,137,9,0.99,0.99,2,2,9,1,0,1,1,0,0,-1,0.99,1.1971679292315796,False,False
F13_137_10,F13,137,10,1.008,1.008,3,4,8,1,0,1,0,0,0,0,1.008,1.1997211089742694,False,False
F13_137_11,F13,137,11,1.021,1.021,3,4,1,1,0,1,0,0,0,0,1.021,1.1623908133434364,False,False
F13_137_12,F13,137,12,1.032,1.032,3,4,2,1,0,1,0,0,0,0,1.032,1.235273023085408,False,False
F13_137_13,F13,137,13,1.085,1.085,3,4,5,1,1,1,0,0,0,0,1.085,1.2336335636098998,False,False
F13_137_14,F13,137,14,1.159,1.159,3,4,9,1,0,1,0,0,0,0,1.159,1.2426866554976377,False,False
F13_137_15,F13,137,15,1.177,1.177,3,4,7,1,0,1,0,0,0,0,1.177,1.2670271876180772,False,False
F13_137_16,F13,137,16,1.331,1.331,3,4,1,1,0,1,0,0,0,0,1.331,1.2962452110181744,False,False
F13_137_17,F13,137,17,1.407,1.407,3,4,7,1,0,1,0,0,0,0,1.407,1.3291772610739478,False,False
F13_137_18,F13,137,18,1.309,1.309,3,4,9,1,0,1,0,0,0,0,1.309,1.3105075460078512,False,False
F13_137_19,F13,137,19,1.24,1.24,2,3,4,1,0,1,1,0,0,0,1.24,1.3302817053781406,False,False
F13_137_20,F13,137,20,1.182,1.182,3,4,2,1,0,1,0,0,0,0,1.182,1.3525316797494993,False,False
F13_137_21,F13,137,21,1.127,1.127,3,4,7,1,0,1,0,0,0,0,1.127,1.347942576361759,False,False
F13_137_22,F13,137,22,1.09,1.09,2,3,9,1,0,1,1,0,0,0,1.09,1.3455486460832249,False,False
F13_137_23,F13,137,23,1.068,1.068,3,4,8,1,0,1,0,0,0,0,1.068,1.336227771332806,False,False
F13_138_00,F13,138,0,0.719,0.719,3,3,9,1,0,1,0,0,0,-1,0.7189999999999999,0.7427061475539366,False,False
F13_138_01,F13,138,1,0.715,0.715,3,3,5,1,1,1,0,0,0,-1,0.7149999999999999,0.736517667454748,True,False
F13_138_02,F13,138,2,0.71,0.71,2,2,1,1,0,1,1,0,0,-1,0.7099999999999999,0.7242204482843133,True,False
F13_138_03,F13,138,3,0.705,0.705,3,3,5,1,1,1,0,0,0,-1,0.7049999999999998,0.7271055423162267,True,False
F13_138_04,F13,138,4,0.7,0.7,1,1,7,1,0,1,1,1,0,-1,0.6999999999999998,0.728894107683693,True,False
F13_138_05,F13,138,5,0.695,0.695,3,3,5,1,1,1,0,0,0,-1,0.695,0.7222563913451471,True,False
F13_138_06,F13,138,6,0.69,0.69,2,2,9,1,0,1,1,0,0,-1,0.69,0.7234395803805663,True,False
F13_138_07,F13,138,7,0.686,0.686,3,3,6,1,0,1,0,0,0,-1,0.686,0.7201545172356502,False,False
F13_138_08,F13,138,8,0.689,0.689,3,3,9,1,0,1,0,0,0,-1,0.689,0.71877080382853,False,False
F13_138_09,F13,138,9,0.694,0.694,3,3,4,1,0,1,0,0,0,-1,0.694,0.7367017550834137,False,False
F13_138_10,F13,138,10,0.698,0.698,3,3,8,1,0,1,0,0,0,-1,0.698,0.7336207770726992,False,False
F13_138_11,F13,138,11,0.711,0.711,3,3,1,1,0,1,0,0,0,-1,0.7109999999999999,0.7387420914303439,False,False
F13_138_12,F13,138,12,0.729,0.729,3,3,9,1,0,1,0,0,0,-1,0.7289999999999999,0.753063959017616,False,False
F13_138_13,F13,138,13,0.747,0.747,3,3,7,1,0,1,0,0,0,-1,0.747,0.774370710694576,False,False
F13_138_14,F13,138,14,0.749,0.749,3,3,9,1,0,1,0,0,0,-1,0.749,0.7974692332538051,False,False
F13_138_15,F13,138,15,0.754,0.754,3,3,4,1,0,1,0,0,0,-1,0.754,0.8205189022940608,False,False
F13_138_16,F13,138,16,0.759,0.759,3,3,9,1,0,1,0,0,0,-1,0.759,0.830364480656348,False,False
F13_138_17,F13,138,17,0.755,0.755,3,3,5,1,1,1,0,0,0,-1,0.755,0.8256307782669194,False,False
F13_138_18,F13,138,18,0.749,0.749,3,3,9,1,0,1,0,0,0,-1,0.749,0.8242724562516381,False,False
F13_138_19,F13,138,19,0.744,0.744,3,3,4,1,0,1,0,0,0,-1,0.7439999999999999,0.8134527541354046,False,False
F13_138_20,F13,138,20,0.739,0.739,3,3,9,1,0,1,0,0,0,-1,0.7389999999999999,0.8042847893271807,False,False
F13_138_21,F13,138,21,0.732,0.732,3,3,2,1,0,1,0,0,0,-1,0.7319999999999999,0.794950086683805,False,False
F13_138_22,F13,138,22,0.726,0.726,3,3,6,1,0,1,0,0,0,-1,0.7259999999999999,0.781925450863387,False,False
F13_138_23,F13,138,23,0.722,0.722,3,3,2,1,0,1,0,0,0,-1,0.7219999999999999,0.7768446322859983,False,False
F13_139_00,F13,139,0,1.048,1.048,3,4,8,1,0,1,0,0,0,0,1.048,1.095256447373138,False,False
F13_139_01,F13,139,1,1.031,1.031,3,4,1,1,0,1,0,0,0,0,1.031,1.0715882805720405,False,False
F13_139_02,F13,139,2,1.018,1.018,3,4,8,1,0,1,0,0,0,0,1.018,1.0603933781102717,False,False
F13_139_03,F13,139,3,1.01,1.01,2,3,1,1,0,1,1,0,0,0,1.01,1.0393916763530109,False,False
F13_139_04,F13,139,4,1.004,1.004,3,4,4,1,0,1,0,0,0,0,1.004,1.033352616917521,False,False
F13_139_05,F13,139,5,1.001,1.001,3,4,1,1,0,1,0,0,0,0,1.001,1.0211564000771085,False,False
F13_139_06,F13,139,6,0.999,0.999,3,3,9,1,0,1,0,0,0,-1,0.999,1.0083852417430192,False,False
F13_139_07,F13,139,7,1.009,1.009,3,4,9,1,0,1,0,0,0,0,1.009,0.9991389938716284,False,False
F13_139_08,F13,139,8,1.132,1.132,3,4,2,1,0,1,0,0,0,0,1.132,1.0438200768371264,False,False
F13_139_09,F13,139,9,1.152,1.152,3,4,2,1,0,1,0,0,0,0,1.152,1.0287479788845744,False,False
F13_139_10,F13,139,10,1.107,1.107,3,4,7,1,0,1,0,0,0,0,1.107,1.02947391763914,False,False
F13_139_11,F13,139,11,1.091,1.091,3,4,1,1,0,1,0,0,0,0,1.091,1.011486369585108,False,False
F13_139_12,F13,139,12,1.095,1.095,3,4,5,1,1,1,0,0,0,0,1.095,1.025657350714945,False,False
F13_139_13,F13,139,13,1.185,1.185,3,4,5,1,1,1,0,0,0,0,1.185,1.0197565645429312,False,False
F13_139_14,F13,139,14,1.306,1.306,3,4,6,1,0,1,0,0,0,0,1.306,1.0513225094518504,False,False
F13_139_15,F13,139,15,1.646,1.646,3,4,6,1,0,1,0,0,0,0,1.646,1.0299916431351162,False,False
F13_139_16,F13,139,16,1.883,1.883,3,4,3,1,0,1,0,0,0,0,1.883,1.0506400002763303,False,False
F13_139_17,F13,139,17,1.932,1.932,3,4,2,1,0,1,0,0,0,0,1.932,1.0557666264004149,False,False
F13_139_18,F13,139,18,1.851,1.851,3,4,1,1,0,1,0,0,0,0,1.851,1.0534858255577313,False,False
F13_139_19,F13,139,19,1.758,1.758,3,4,8,1,0,1,0,0,0,0,1.758,1.0515123868808018,False,False
F13_139_20,F13,139,20,1.659,1.659,3,4,9,1,0,1,0,0,0,0,1.659,1.0539011091595647,False,False
F13_139_21,F13,139,21,1.53,1.53,2,3,3,1,0,1,1,0,0,0,1.53,1.0535320146621143,False,False
F13_139_22,F13,139,22,1.448,1.448,3,4,8,1,0,1,0,0,0,0,1.448,1.0392917858852204,False,False
F13_139_23,F13,139,23,1.388,1.388,3,4,8,1,0,1,0,0,0,0,1.388,1.035286796720316,False,False
F13_140_00,F13,140,0,0.717,0.717,3,3,7,1,0,1,0,0,0,-1,0.7169999999999999,0.7726369622595449,False,False
F13_140_01,F13,140,1,0.714,0.714,3,3,4,1,0,1,0,0,0,-1,0.7139999999999999,0.7702142879070288,False,False
F13_140_02,F13,140,2,0.711,0.711,3,3,1,1,0,1,0,0,0,-1,0.7109999999999999,0.7654503345815533,False,False
F13_140_03,F13,140,3,0.708,0.708,3,3,8,1,0,1,0,0,0,-1,0.7079999999999999,0.7631703936325386,False,False
F13_140_04,F13,140,4,0.707,0.707,3,3,7,1,0,1,0,0,0,-1,0.7069999999999999,0.7606803195793885,False,False
F13_140_05,F13,140,5,0.706,0.706,3,3,6,1,0,1,0,0,0,-1,0.7059999999999998,0.7602099480527555,False,False
F13_140_06,F13,140,6,0.706,0.706,3,3,6,1,0,1,0,0,0,-1,0.7059999999999998,0.7610156097463021,False,False
F13_140_07,F13,140,7,0.705,0.705,3,3,5,1,1,1,0,0,0,-1,0.7049999999999998,0.7609749658347517,False,False
F13_140_08,F13,140,8,0.707,0.707,3,3,7,1,0,1,0,0,0,-1,0.7069999999999999,0.763432924333161,False,False
F13_140_09,F13,140,9,0.711,0.711,3,3,1,1,0,1,0,0,0,-1,0.7109999999999999,0.7598795464711809,False,False
F13_140_10,F13,140,10,0.714,0.714,3,3,4,1,0,1,0,0,0,-1,0.7139999999999999,0.7618474859979167,False,False
F13_140_11,F13,140,11,0.711,0.711,3,3,1,1,0,1,0,0,0,-1,0.7109999999999999,0.7686441974576222,False,False
F13_140_12,F13,140,12,0.712,0.712,3,3,2,1,0,1,0,0,0,-1,0.7119999999999999,0.7677622495705528,False,False
F13_140_13,F13,140,13,0.722,0.722,3,3,2,1,0,1,0,0,0,-1,0.7219999999999999,0.7730117618322498,False,False
F13_140_14,F13,140,14,0.728,0.728,3,3,8,1,0,1,0,0,0,-1,0.7279999999999999,0.7802866180792845,False,False
F13_140_15,F13,140,15,0.736,0.736,3,3,6,1,0,1,0,0,0,-1,0.7359999999999999,0.7929892411320145,False,False
F13_140_16,F13,140,16,0.738,0.738,3,3,8,1,0,1,0,0,0,-1,0.7379999999999999,0.786726330751921,False,False
F13_140_17,F13,140,17,0.732,0.732,3,3,2,1,0,1,0,0,0,-1,0.7319999999999999,0.7870839809930082,False,False
F13_140_18,F13,140,18,0.725,0.725,3,3,5,1,1,1,0,0,0,-1,0.7249999999999999,0.7848334192271627,False,False
F13_140_19,F13,140,19,0.719,0.719,3,3,9,1,0,1,0,0,0,-1,0.7189999999999999,0.7786135231899808,False,False
F13_140_20,F13,140,20,0.713,0.713,3,3,3,1,0,1,0,0,0,-1,0.7129999999999999,0.7785417476041799,False,False
F13_140_21,F13,140,21,0.707,0.707,3,3,7,1,0,1,0,0,0,-1,0.7069999999999999,0.7756958139664043,False,False
F13_140_22,F13,140,22,0.703,0.703,3,3,3,1,0,1,0,0,0,-1,0.7029999999999998,0.7731804241541431,False,False
F13_140_23,F13,140,23,0.699,0.699,3,3,9,1,0,1,0,0,0,-1,0.699,0.7707117246529244,False,False
F13_141_00,F13,141,0,0.696,0.696,3,3,6,1,0,1,0,0,0,-1,0.696,0.7759881201259257,False,False
F13_141_01,F13,141,1,0.693,0.693,3,3,3,1,0,1,0,0,0,-1,0.693,0.7646041073079581,False,False
F13_141_02,F13,141,2,0.689,0.689,3,3,9,1,0,1,0,0,0,-1,0.689,0.7674267673430137,False,False
F13_141_03,F13,141,3,0.685,0.685,3,3,5,1,1,1,0,0,0,-1,0.685,0.7591968956811324,False,False
F13_141_04,F13,141,4,0.681,0.681,3,3,1,1,0,1,0,0,0,-1,0.681,0.7633422713626308,False,False
F13_141_05,F13,141,5,0.678,0.678,3,3,8,1,0,1,0,0,0,-1,0.678,0.7632218958696295,False,False
F13_141_06,F13,141,6,0.674,0.674,3,3,4,1,0,1,0,0,0,-1,0.674,0.7587713007190485,False,False
F13_141_07,F13,141,7,0.671,0.671,3,3,1,1,0,1,0,0,0,-1,0.671,0.7623952932327702,False,False
F13_141_08,F13,141,8,0.672,0.672,3,3,2,1,0,1,0,0,0,-1,0.672,0.7545050597788758,False,False
F13_141_09,F13,141,9,0.674,0.674,3,3,4,1,0,1,0,0,0,-1,0.674,0.7683049127870154,False,False
F13_141_10,F13,141,10,0.676,0.676,3,3,6,1,0,1,0,0,0,-1,0.676,0.7724720419206705,False,False
F13_141_11,F13,141,11,0.688,0.688,3,3,8,1,0,1,0,0,0,-1,0.688,0.7699705393531934,False,False
F13_141_12,F13,141,12,0.704,0.704,3,3,4,1,0,1,0,0,0,-1,0.7039999999999998,0.7717898056440333,False,False
F13_141_13,F13,141,13,0.717,0.717,3,3,7,1,0,1,0,0,0,-1,0.7169999999999999,0.7829783207828422,False,False
F13_141_14,F13,141,14,0.728,0.728,3,3,8,1,0,1,0,0,0,-1,0.7279999999999999,0.805801110577647,False,False
F13_141_15,F13,141,15,0.74,0.74,2,2,4,1,0,1,1,0,0,-1,0.7399999999999999,0.822571834887832,False,False
F13_141_16,F13,141,16,0.744,0.744,3,3,4,1,0,1,0,0,0,-1,0.7439999999999999,0.8355337257874675,False,False
F13_141_17,F13,141,17,0.741,0.741,3,3,1,1,0,1,0,0,0,-1,0.7409999999999999,0.829568059159704,False,False
F13_141_18,F13,141,18,0.736,0.736,3,3,6,1,0,1,0,0,0,-1,0.7359999999999999,0.8227534568671026,False,False
F13_141_19,F13,141,19,0.729,0.729,3,3,9,1,0,1,0,0,0,-1,0.7289999999999999,0.8219077941769674,False,False
F13_141_20,F13,141,20,0.721,0.721,3,3,1,1,0,1,0,0,0,-1,0.7209999999999999,0.8147705906419274,False,False
F13_141_21,F13,141,21,0.714,0.714,3,3,4,1,0,1,0,0,0,-1,0.7139999999999999,0.8074308080653727,False,False
F13_141_22,F13,141,22,0.707,0.707,3,3,7,1,0,1,0,0,0,-1,0.7069999999999999,0.8022460257345883,False,False
F13_141_23,F13,141,23,0.832,0.832,3,3,2,1,0,1,0,0,0,-1,0.8319999999999999,0.7950275884123609,False,False
F13_142_00,F13,142,0,0.661,0.661,3,3,1,1,0,1,0,0,0,-1,0.661,0.4542870620150824,False,False
F13_142_01,F13,142,1,0.407,0.407,3,3,7,1,0,1,0,0,0,-1,0.4069999999999999,0.4559201315816388,False,False
F13_142_02,F13,142,2,0.407,0.407,3,3,7,1,0,1,0,0,0,-1,0.4069999999999999,0.4542673277045249,False,False
F13_142_03,F13,142,3,0.407,0.407,3,3,7,1,0,1,0,0,0,-1,0.4069999999999999,0.4548468759727688,False,False
F13_142_04,F13,142,4,0.407,0.407,3,3,7,1,0,1,0,0,0,-1,0.4069999999999999,0.4562743783796999,False,False
F13_142_05,F13,142,5,0.407,0.407,3,3,7,1,0,1,0,0,0,-1,0.4069999999999999,0.4549383532552693,False,False
F13_142_06,F13,142,6,0.397,0.397,3,3,7,1,0,1,0,0,0,-1,0.397,0.4571947879043638,False,False
F13_142_07,F13,142,7,0.389,0.389,3,3,9,1,0,1,0,0,0,-1,0.389,0.4552874281195099,False,False
F13_142_08,F13,142,8,0.391,0.391,3,3,1,1,0,1,0,0,0,-1,0.391,0.4532202711485239,False,False
F13_142_09,F13,142,9,0.393,0.393,3,3,3,1,0,1,0,0,0,-1,0.393,0.4531704191258309,False,False
F13_142_10,F13,142,10,0.396,0.396,3,3,6,1,0,1,0,0,0,-1,0.396,0.4474007674259564,False,False
F13_142_11,F13,142,11,0.386,0.386,3,3,6,1,0,1,0,0,0,-1,0.386,0.4401513656841276,False,False
F13_142_12,F13,142,12,0.403,0.403,3,3,3,1,0,1,0,0,0,-1,0.403,0.4775054398357691,False,False
F13_142_13,F13,142,13,0.415,0.415,3,3,5,1,1,1,0,0,0,-1,0.4149999999999999,0.4898778908591663,False,False
F13_142_14,F13,142,14,0.433,0.433,3,3,3,1,0,1,0,0,0,-1,0.433,0.5368741212518551,False,False
F13_142_15,F13,142,15,0.444,0.444,3,3,4,1,0,1,0,0,0,-1,0.444,0.5793925625488664,False,False
F13_142_16,F13,142,16,0.448,0.448,3,3,8,1,0,1,0,0,0,-1,0.448,0.567567241668041,False,False
F13_142_17,F13,142,17,0.449,0.449,3,3,9,1,0,1,0,0,0,-1,0.449,0.667210128768749,False,False
F13_142_18,F13,142,18,0.443,0.443,3,3,3,1,0,1,0,0,0,-1,0.443,0.5049070900155137,False,False
F13_142_19,F13,142,19,0.436,0.436,3,3,6,1,0,1,0,0,0,-1,0.436,0.501578794832087,False,False
F13_142_20,F13,142,20,0.431,0.431,3,3,1,1,0,1,0,0,0,-1,0.4309999999999999,0.4980867477652803,False,False
F13_142_21,F13,142,21,0.425,0.425,3,3,5,1,1,1,0,0,0,-1,0.4249999999999999,0.4929836425228304,False,False
F13_142_22,F13,142,22,0.42,0.42,2,2,2,1,0,1,1,0,0,-1,0.4199999999999999,0.4944306002056922,False,False
F13_142_23,F13,142,23,0.416,0.416,3,3,6,1,0,1,0,0,0,-1,0.4159999999999999,0.4854265286315643,False,False
F13_143_00,F13,143,0,1.41,1.41,2,3,1,1,0,1,1,0,0,0,1.41,1.1730947104747584,False,False
F13_143_01,F13,143,1,1.499,1.499,3,4,9,1,0,1,0,0,0,0,1.499,1.162367603158676,False,False
F13_143_02,F13,143,2,1.459,1.459,3,4,9,1,0,1,0,0,0,0,1.459,1.1472209500337551,False,False
F13_143_03,F13,143,3,1.411,1.411,3,4,1,1,0,1,0,0,0,0,1.411,1.134355628062241,False,False
F13_143_04,F13,143,4,1.362,1.362,3,4,2,1,0,1,0,0,0,0,1.362,1.1329065152350577,False,False
F13_143_05,F13,143,5,1.339,1.339,3,4,9,1,0,1,0,0,0,0,1.339,1.1146756628341734,False,False
F13_143_06,F13,143,6,1.314,1.314,3,4,4,1,0,1,0,0,0,0,1.314,1.1177787606480574,False,False
F13_143_07,F13,143,7,1.304,1.304,3,4,4,1,0,1,0,0,0,0,1.304,1.1079856715029144,False,False
F13_143_08,F13,143,8,1.362,1.362,3,4,2,1,0,1,0,0,0,0,1.362,1.1198303633008382,False,False
F13_143_09,F13,143,9,1.217,1.217,3,4,7,1,0,1,0,0,0,0,1.217,1.1340779505110556,False,False
F13_143_10,F13,143,10,1.153,1.153,3,4,3,1,0,1,0,0,0,0,1.153,1.1268977408432388,False,False
F13_143_11,F13,143,11,1.097,1.097,3,4,7,1,0,1,0,0,0,0,1.097,1.1078280493235582,False,False
F13_143_12,F13,143,12,1.262,1.262,3,4,2,1,0,1,0,0,0,0,1.262,1.1552441299647611,False,False
F13_143_13,F13,143,13,1.479,1.479,3,4,9,1,0,1,0,0,0,0,1.479,1.2090143971079823,False,False
F13_143_14,F13,143,14,1.569,1.569,3,4,9,1,0,1,0,0,0,0,1.569,1.237939487696059,False,False
F13_143_15,F13,143,15,1.612,1.612,3,4,2,1,0,1,0,0,0,0,1.612,1.3258305241991306,False,False
F13_143_16,F13,143,16,1.816,1.816,3,4,6,1,0,1,0,0,0,0,1.816,1.3614863328379023,False,False
F13_143_17,F13,143,17,1.9,1.9,1,2,9,1,0,1,1,1,0,0,1.9,1.4286471639508966,False,False
F13_143_18,F13,143,18,1.879,1.879,3,4,9,1,0,1,0,0,0,0,1.879,1.4438462474649496,False,False
F13_143_19,F13,143,19,1.859,1.859,3,4,9,1,0,1,0,0,0,0,1.859,1.4406670534669592,False,False
F13_143_20,F13,143,20,1.856,1.856,3,4,6,1,0,1,0,0,0,0,1.856,1.426590004597934,False,False
F13_143_21,F13,143,21,1.853,1.853,3,4,3,1,0,1,0,0,0,0,1.853,1.4052650144578611,False,False
F13_143_22,F13,143,22,1.848,1.848,3,4,8,1,0,1,0,0,0,0,1.848,1.4030051245676838,False,False
F13_143_23,F13,143,23,1.854,1.854,3,4,4,1,0,1,0,0,0,0,1.854,1.3888242012446537,False,False
F13_145_00,F13,145,0,0.674,0.674,3,3,4,1,0,1,0,0,0,-1,0.674,0.7424224619044067,False,False
F13_145_01,F13,145,1,0.672,0.672,3,3,2,1,0,1,0,0,0,-1,0.672,0.7418761613835835,False,False
F13_145_02,F13,145,2,0.67,0.67,2,2,7,1,0,1,1,0,0,-1,0.67,0.7374395606820098,False,False
F13_145_03,F13,145,3,0.668,0.668,3,3,8,1,0,1,0,0,0,-1,0.668,0.7246565047590035,False,False
F13_145_04,F13,145,4,0.667,0.667,3,3,7,1,0,1,0,0,0,-1,0.667,0.7209083067053293,False,False
F13_145_05,F13,145,5,0.665,0.665,3,3,5,1,1,1,0,0,0,-1,0.665,0.7302437365881757,False,False
F13_145_06,F13,145,6,0.664,0.664,3,3,4,1,0,1,0,0,0,-1,0.664,0.717260487625242,False,False
F13_145_07,F13,145,7,0.663,0.663,3,3,3,1,0,1,0,0,0,-1,0.663,0.7265002462336118,False,False
F13_145_08,F13,145,8,0.671,0.671,3,3,1,1,0,1,0,0,0,-1,0.671,0.7274819190750093,False,False
F13_145_09,F13,145,9,0.673,0.673,3,3,3,1,0,1,0,0,0,-1,0.673,0.7312823467173966,False,False
F13_145_10,F13,145,10,0.671,0.671,3,3,1,1,0,1,0,0,0,-1,0.671,0.7291775830904897,False,False
F13_145_11,F13,145,11,0.676,0.676,3,3,6,1,0,1,0,0,0,-1,0.676,0.732241089362575,False,False
F13_145_12,F13,145,12,0.688,0.688,3,3,8,1,0,1,0,0,0,-1,0.688,0.7340700603999337,False,False
F13_145_13,F13,145,13,0.701,0.701,3,3,1,1,0,1,0,0,0,-1,0.7009999999999998,0.7426490234466411,False,False
F13_145_14,F13,145,14,0.717,0.717,3,3,7,1,0,1,0,0,0,-1,0.7169999999999999,0.7568670835883629,False,False
F13_145_15,F13,145,15,0.726,0.726,3,3,6,1,0,1,0,0,0,-1,0.7259999999999999,0.7624673932546581,False,False
F13_145_16,F13,145,16,0.73,0.73,2,2,3,1,0,1,1,0,0,-1,0.7299999999999999,0.7704813885314687,False,False
F13_145_17,F13,145,17,0.726,0.726,3,3,6,1,0,1,0,0,0,-1,0.7259999999999999,0.7587173603968487,False,False
F13_145_18,F13,145,18,0.718,0.718,3,3,8,1,0,1,0,0,0,-1,0.7179999999999999,0.7673263364620692,True,False
F13_145_19,F13,145,19,0.712,0.712,3,3,2,1,0,1,0,0,0,-1,0.7119999999999999,0.7664072146460851,True,False
F13_145_20,F13,145,20,0.706,0.706,3,3,6,1,0,1,0,0,0,-1,0.7059999999999998,0.7616131188934141,True,False
F13_145_21,F13,145,21,0.7,0.7,1,1,7,1,0,1,1,1,0,-1,0.6999999999999998,0.7443931914738274,True,False
F13_145_22,F13,145,22,0.694,0.694,3,3,4,1,0,1,0,0,0,-1,0.694,0.7482434982723832,True,False
F13_145_23,F13,145,23,0.688,0.688,3,3,8,1,0,1,0,0,0,-1,0.688,0.7567042055461294,True,False
F13_146_00,F13,146,0,1.616,1.616,3,4,6,1,0,1,0,0,0,0,1.616,1.484612689865889,False,False
F13_146_01,F13,146,1,1.608,1.608,3,4,8,1,0,1,0,0,0,0,1.608,1.4914048605141,False,False
F13_146_02,F13,146,2,1.604,1.604,3,4,4,1,0,1,0,0,0,0,1.604,1.453765038339895,False,False
F13_146_03,F13,146,3,1.594,1.594,3,4,4,1,0,1,0,0,0,0,1.594,1.421584336981376,False,False
F13_146_04,F13,146,4,1.584,1.584,3,4,4,1,0,1,0,0,0,0,1.584,1.4044225025439323,False,False
F13_146_05,F13,146,5,1.565,1.565,3,4,5,1,1,1,0,0,0,0,1.565,1.3726028996808397,False,False
F13_146_06,F13,146,6,1.542,1.542,3,4,2,1,0,1,0,0,0,0,1.542,1.3754648884512943,False,False
F13_146_07,F13,146,7,1.539,1.539,3,4,9,1,0,1,0,0,0,0,1.539,1.3558725008401118,False,False
F13_146_08,F13,146,8,1.437,1.437,3,4,7,1,0,1,0,0,0,0,1.437,1.375931391014121,False,False
F13_146_09,F13,146,9,1.274,1.274,3,4,4,1,0,1,0,0,0,0,1.274,1.3591951350189555,False,False
F13_146_10,F13,146,10,1.123,1.123,3,4,3,1,0,1,0,0,0,0,1.123,1.357589462422612,False,False
F13_146_11,F13,146,11,1.065,1.065,3,4,5,1,1,1,0,0,0,0,1.065,1.3496576249678878,False,False
F13_146_12,F13,146,12,1.109,1.109,3,4,9,1,0,1,0,0,0,0,1.109,1.3650789533081245,False,False
F13_146_13,F13,146,13,1.216,1.216,3,4,6,1,0,1,0,0,0,0,1.216,1.3315029092420008,False,False
F13_146_14,F13,146,14,1.547,1.547,3,4,7,1,0,1,0,0,0,0,1.547,1.3925494807260812,False,False
F13_146_15,F13,146,15,1.643,1.643,3,4,3,1,0,1,0,0,0,0,1.643,1.4150137812035672,False,False
F13_146_16,F13,146,16,1.715,1.715,3,4,5,1,1,1,0,0,0,0,1.715,1.4232177968202362,False,False
F13_146_17,F13,146,17,1.729,1.729,3,4,9,1,0,1,0,0,0,0,1.729,1.4270482920456544,False,False
F13_146_18,F13,146,18,1.681,1.681,3,4,1,1,0,1,0,0,0,0,1.681,1.4374114958728712,False,False
F13_146_19,F13,146,19,1.635,1.635,3,4,5,1,1,1,0,0,0,0,1.635,1.430955661863586,False,False
F13_146_20,F13,146,20,1.589,1.589,3,4,9,1,0,1,0,0,0,0,1.589,1.418704719636945,False,False
F13_146_21,F13,146,21,1.538,1.538,3,4,8,1,0,1,0,0,0,0,1.538,1.4033625860369023,False,False
F13_146_22,F13,146,22,1.493,1.493,3,4,3,1,0,1,0,0,0,0,1.493,1.3923792706808484,False,False
F13_146_23,F13,146,23,1.45,1.45,2,3,5,1,1,1,1,0,0,0,1.45,1.385541710208396,False,False
F13_147_00,F13,147,0,0.413,0.413,3,3,3,1,0,1,0,0,0,-1,0.4129999999999999,0.4621014627312647,False,False
F13_147_01,F13,147,1,0.415,0.415,3,3,5,1,1,1,0,0,0,-1,0.4149999999999999,0.4607250531068405,False,False
F13_147_02,F13,147,2,0.417,0.417,3,3,7,1,0,1,0,0,0,-1,0.4169999999999999,0.460187685546724,False,False
F13_147_03,F13,147,3,0.417,0.417,3,3,7,1,0,1,0,0,0,-1,0.4169999999999999,0.5295476194176614,False,False
F13_147_04,F13,147,4,0.418,0.418,3,3,8,1,0,1,0,0,0,-1,0.4179999999999999,0.4683726916957298,False,False
F13_147_05,F13,147,5,0.418,0.418,3,3,8,1,0,1,0,0,0,-1,0.4179999999999999,0.4635932558472271,False,False
F13_147_06,F13,147,6,0.417,0.417,3,3,7,1,0,1,0,0,0,-1,0.4169999999999999,0.4558184515799731,False,False
F13_147_07,F13,147,7,0.417,0.417,3,3,7,1,0,1,0,0,0,-1,0.4169999999999999,0.4487652545658644,False,False
F13_147_08,F13,147,8,0.409,0.409,3,3,9,1,0,1,0,0,0,-1,0.4089999999999999,0.4473062111635707,False,False
F13_147_09,F13,147,9,0.395,0.395,3,3,5,1,1,1,0,0,0,-1,0.395,0.437139946663851,False,False
F13_147_10,F13,147,10,0.398,0.398,3,3,8,1,0,1,0,0,0,-1,0.398,0.4393461365363819,False,False
F13_147_11,F13,147,11,0.397,0.397,3,3,7,1,0,1,0,0,0,-1,0.397,0.446292019888427,False,False
F13_147_12,F13,147,12,0.395,0.395,3,3,5,1,1,1,0,0,0,-1,0.395,0.4898393434309489,False,False
F13_147_13,F13,147,13,0.404,0.404,3,3,4,1,0,1,0,0,0,-1,0.404,0.4855248718953095,False,False
F13_147_14,F13,147,14,0.408,0.408,3,3,8,1,0,1,0,0,0,-1,0.4079999999999999,0.5516552698903725,False,False
F13_147_15,F13,147,15,0.414,0.414,3,3,4,1,0,1,0,0,0,-1,0.4139999999999999,0.6167214665306484,False,False
F13_147_16,F13,147,16,0.422,0.422,3,3,2,1,0,1,0,0,0,-1,0.4219999999999999,0.5287715126866773,False,False
F13_147_17,F13,147,17,0.426,0.426,3,3,6,1,0,1,0,0,0,-1,0.4259999999999999,0.4942964679624691,False,False
F13_147_18,F13,147,18,0.426,0.426,3,3,6,1,0,1,0,0,0,-1,0.4259999999999999,0.4928827768927057,False,False
F13_147_19,F13,147,19,0.422,0.422,3,3,2,1,0,1,0,0,0,-1,0.4219999999999999,0.4840717896362429,False,False
F13_147_20,F13,147,20,0.417,0.417,3,3,7,1,0,1,0,0,0,-1,0.4169999999999999,0.4787297232764392,False,False
F13_147_21,F13,147,21,0.411,0.411,3,3,1,1,0,1,0,0,0,-1,0.4109999999999999,0.5214897385708137,False,False
F13_147_22,F13,147,22,0.409,0.409,3,3,9,1,0,1,0,0,0,-1,0.4089999999999999,0.554578324170655,False,False
F13_147_23,F13,147,23,0.409,0.409,3,3,9,1,0,1,0,0,0,-1,0.4089999999999999,0.5286383384226572,False,False
F13_148_00,F13,148,0,0.715,0.715,3,3,5,1,1,1,0,0,0,-1,0.7149999999999999,0.8849820443786451,False,False
F13_148_01,F13,148,1,0.714,0.714,3,3,4,1,0,1,0,0,0,-1,0.7139999999999999,0.839856965225455,False,False
F13_148_02,F13,148,2,0.714,0.714,3,3,4,1,0,1,0,0,0,-1,0.7139999999999999,0.8506898599142116,False,False
F13_148_03,F13,148,3,0.713,0.713,3,3,3,1,0,1,0,0,0,-1,0.7129999999999999,0.84869748770948,False,False
F13_148_04,F13,148,4,0.711,0.711,3,3,1,1,0,1,0,0,0,-1,0.7109999999999999,0.846953663148678,False,False
F13_148_05,F13,148,5,0.709,0.709,3,3,9,1,0,1,0,0,0,-1,0.7089999999999999,0.8398259759624395,False,False
F13_148_06,F13,148,6,0.707,0.707,3,3,7,1,0,1,0,0,0,-1,0.7069999999999999,0.8371055097319664,False,False
F13_148_07,F13,148,7,0.704,0.704,3,3,4,1,0,1,0,0,0,-1,0.7039999999999998,0.8363718319582649,False,False
F13_148_08,F13,148,8,0.709,0.709,3,3,9,1,0,1,0,0,0,-1,0.7089999999999999,0.8316387977902407,False,False
F13_148_09,F13,148,9,0.716,0.716,3,3,6,1,0,1,0,0,0,-1,0.7159999999999999,0.8257677414237703,False,False
F13_148_10,F13,148,10,0.719,0.719,3,3,9,1,0,1,0,0,0,-1,0.7189999999999999,0.8368506443802032,False,False
F13_148_11,F13,148,11,0.731,0.731,3,3,1,1,0,1,0,0,0,-1,0.7309999999999999,0.8583162866594812,False,False
F13_148_12,F13,148,12,0.748,0.748,3,3,8,1,0,1,0,0,0,-1,0.748,0.87702138198055,False,False
F13_148_13,F13,148,13,0.76,0.76,2,2,6,1,0,1,1,0,0,-1,0.76,0.9145535267167846,False,False
F13_148_14,F13,148,14,0.77,0.77,2,2,7,1,0,1,1,0,0,-1,0.77,0.9333391515880108,False,False
F13_148_15,F13,148,15,0.779,0.779,3,3,9,1,0,1,0,0,0,-1,0.779,0.982235686533952,False,False
F13_148_16,F13,148,16,0.782,0.782,3,3,2,1,0,1,0,0,0,-1,0.782,1.0002692800912043,False,False
F13_148_17,F13,148,17,0.778,0.778,3,3,8,1,0,1,0,0,0,-1,0.778,0.9645879043601304,False,False
F13_148_18,F13,148,18,0.771,0.771,3,3,1,1,0,1,0,0,0,-1,0.771,0.9683812915091948,False,False
F13_148_19,F13,148,19,0.764,0.764,3,3,4,1,0,1,0,0,0,-1,0.764,0.955869451768702,False,False
F13_148_20,F13,148,20,0.756,0.756,3,3,6,1,0,1,0,0,0,-1,0.756,0.9365385776523204,False,False
F13_148_21,F13,148,21,0.749,0.749,3,3,9,1,0,1,0,0,0,-1,0.749,0.9273257405251628,False,False
F13_148_22,F13,148,22,0.744,0.744,3,3,4,1,0,1,0,0,0,-1,0.7439999999999999,0.921519347318492,False,False
F13_148_23,F13,148,23,0.739,0.739,3,3,9,1,0,1,0,0,0,-1,0.7389999999999999,0.902130790266401,False,False
F13_149_00,F13,149,0,0.757,0.757,3,3,7,1,0,1,0,0,0,-1,0.757,0.725455262827908,False,False
F13_149_01,F13,149,1,0.755,0.755,3,3,5,1,1,1,0,0,0,-1,0.755,0.6936820180088745,False,False
F13_149_02,F13,149,2,0.753,0.753,3,3,3,1,0,1,0,0,0,-1,0.753,0.716888622097815,False,False
F13_149_03,F13,149,3,0.752,0.752,3,3,2,1,0,1,0,0,0,-1,0.752,0.7176721122626266,False,False
F13_149_04,F13,149,4,0.751,0.751,3,3,1,1,0,1,0,0,0,-1,0.751,0.7175642600257238,False,False
F13_149_05,F13,149,5,0.751,0.751,3,3,1,1,0,1,0,0,0,-1,0.751,0.7180237076438547,False,False
F13_149_06,F13,149,6,0.75,0.75,2,2,5,1,1,1,1,0,0,-1,0.75,0.728073793460919,False,False
F13_149_07,F13,149,7,0.75,0.75,2,2,5,1,1,1,1,0,0,-1,0.75,0.7308635271547617,False,False
F13_149_08,F13,149,8,0.757,0.757,3,3,7,1,0,1,0,0,0,-1,0.757,0.764746400803314,False,False
F13_149_09,F13,149,9,0.764,0.764,3,3,4,1,0,1,0,0,0,-1,0.764,0.741511643982385,False,False
F13_149_10,F13,149,10,0.772,0.772,3,3,2,1,0,1,0,0,0,-1,0.772,0.7540219176734587,False,False
F13_149_11,F13,149,11,0.783,0.783,3,3,3,1,0,1,0,0,0,-1,0.783,0.751676292241675,False,False
F13_149_12,F13,149,12,0.789,0.789,3,3,9,1,0,1,0,0,0,-1,0.789,0.7791740381528258,False,False
F13_149_13,F13,149,13,0.795,0.795,3,3,5,1,1,1,0,0,0,-1,0.795,0.7662610418575603,False,False
F13_149_14,F13,149,14,0.801,0.801,3,3,1,1,0,1,0,0,0,-1,0.801,0.7787412382273269,False,False
F13_149_15,F13,149,15,0.807,0.807,3,3,7,1,0,1,0,0,0,-1,0.807,0.7982882915417376,False,False
F13_149_16,F13,149,16,0.808,0.808,3,3,8,1,0,1,0,0,0,-1,0.808,0.8234487925629479,False,False
F13_149_17,F13,149,17,0.805,0.805,3,3,5,1,1,1,0,0,0,-1,0.805,0.8095270784098931,False,False
F13_149_18,F13,149,18,0.8,0.8,1,1,8,1,0,1,1,1,0,-1,0.8,0.7972659909293444,False,False
F13_149_19,F13,149,19,0.794,0.794,3,3,4,1,0,1,0,0,0,-1,0.794,0.8285791758467816,False,False
F13_149_20,F13,149,20,0.789,0.789,3,3,9,1,0,1,0,0,0,-1,0.789,0.8021222486016998,False,False
F13_149_21,F13,149,21,0.784,0.784,3,3,4,1,0,1,0,0,0,-1,0.784,0.8267870901084869,False,False
F13_149_22,F13,149,22,0.78,0.78,2,2,8,1,0,1,1,0,0,-1,0.78,0.8277068453638468,False,False
F13_149_23,F13,149,23,0.775,0.775,3,3,5,1,1,1,0,0,0,-1,0.775,0.8289526283310242,False,False
F13_150_00,F13,150,0,0.799,0.799,3,3,9,1,0,1,0,0,0,-1,0.799,0.8009058790649591,False,False
F13_150_01,F13,150,1,0.794,0.794,3,3,4,1,0,1,0,0,0,-1,0.794,0.802118405965823,False,False
F13_150_02,F13,150,2,0.789,0.789,3,3,9,1,0,1,0,0,0,-1,0.789,0.7992608958344587,False,False
F13_150_03,F13,150,3,0.786,0.786,3,3,6,1,0,1,0,0,0,-1,0.786,0.797640010524786,False,False
F13_150_04,F13,150,4,0.785,0.785,3,3,5,1,1,1,0,0,0,-1,0.785,0.7915236317232532,False,False
F13_150_05,F13,150,5,0.783,0.783,3,3,3,1,0,1,0,0,0,-1,0.783,0.7911953211183858,False,False
F13_150_06,F13,150,6,0.782,0.782,3,3,2,1,0,1,0,0,0,-1,0.782,0.7886432027629162,False,False
F13_150_07,F13,150,7,0.78,0.78,2,2,8,1,0,1,1,0,0,-1,0.78,0.7795966211379387,False,False
F13_150_08,F13,150,8,0.786,0.786,3,3,6,1,0,1,0,0,0,-1,0.786,0.7717041318367923,False,False
F13_150_09,F13,150,9,0.795,0.795,3,3,5,1,1,1,0,0,0,-1,0.795,0.7837916919973585,False,False
F13_150_10,F13,150,10,0.802,0.802,3,3,2,1,0,1,0,0,0,-1,0.802,0.7899977815081499,False,False
F13_150_11,F13,150,11,0.813,0.813,3,3,3,1,0,1,0,0,0,-1,0.813,0.7893766724807102,False,False
F13_150_12,F13,150,12,0.827,0.827,3,3,7,1,0,1,0,0,0,-1,0.8269999999999998,0.8104803550387822,False,False
F13_150_13,F13,150,13,0.841,0.841,3,3,1,1,0,1,0,0,0,-1,0.8409999999999999,0.8399868704991682,False,False
F13_150_14,F13,150,14,0.856,0.856,3,3,6,1,0,1,0,0,0,-1,0.8559999999999999,0.8631697707851337,False,False
F13_150_15,F13,150,15,0.869,0.869,3,3,9,1,0,1,0,0,0,-1,0.8689999999999999,0.8551310024780798,False,False
F13_150_16,F13,150,16,0.879,0.879,3,3,9,1,0,1,0,0,0,-1,0.879,0.8650992514041226,False,False
F13_150_17,F13,150,17,0.875,0.875,3,3,5,1,1,1,0,0,0,-1,0.875,0.8512903401638736,False,False
F13_150_18,F13,150,18,0.869,0.869,3,3,9,1,0,1,0,0,0,-1,0.8689999999999999,0.8711816820125524,False,False
F13_150_19,F13,150,19,0.86,0.86,2,2,6,1,0,1,1,0,0,-1,0.8599999999999999,0.8764305135670561,False,False
F13_150_20,F13,150,20,0.851,0.851,3,3,1,1,0,1,0,0,0,-1,0.8509999999999999,0.8621365198784396,False,False
F13_150_21,F13,150,21,0.841,0.841,3,3,1,1,0,1,0,0,0,-1,0.8409999999999999,0.8551869680316504,False,False
F13_150_22,F13,150,22,0.833,0.833,3,3,3,1,0,1,0,0,0,-1,0.8329999999999999,0.849349053508376,False,False
F13_150_23,F13,150,23,0.827,0.827,3,3,7,1,0,1,0,0,0,-1,0.8269999999999998,0.8388280400055547,False,False
F13_151_00,F13,151,0,1.697,1.697,3,4,7,1,0,1,0,0,0,0,1.697,1.2667793907736082,False,False
F13_151_01,F13,151,1,1.654,1.654,3,4,4,1,0,1,0,0,0,0,1.654,1.2750285526582772,False,False
F13_151_02,F13,151,2,1.592,1.592,3,4,2,1,0,1,0,0,0,0,1.592,1.2660532406408438,False,False
F13_151_03,F13,151,3,1.552,1.552,3,4,2,1,0,1,0,0,0,0,1.552,1.2541267327768433,False,False
F13_151_04,F13,151,4,1.538,1.538,3,4,8,1,0,1,0,0,0,0,1.538,1.24542468775375,False,False
F13_151_05,F13,151,5,1.536,1.536,3,4,6,1,0,1,0,0,0,0,1.536,1.2394018102350408,False,False
F13_151_06,F13,151,6,1.525,1.525,3,4,5,1,1,1,0,0,0,0,1.525,1.23845805344804,False,False
F13_151_07,F13,151,7,1.54,1.54,2,3,4,1,0,1,1,0,0,0,1.54,1.2145187046547044,False,False
F13_151_08,F13,151,8,1.675,1.675,3,4,5,1,1,1,0,0,0,0,1.675,1.2442716494495918,False,False
F13_151_09,F13,151,9,1.679,1.679,3,4,9,1,0,1,0,0,0,0,1.679,1.2561348960777834,False,False
F13_151_10,F13,151,10,1.573,1.573,3,4,3,1,0,1,0,0,0,0,1.573,1.2546187336469807,False,False
F13_151_11,F13,151,11,1.546,1.546,3,4,6,1,0,1,0,0,0,0,1.546,1.2205757910004404,False,False
F13_151_12,F13,151,12,1.59,1.59,2,3,9,1,0,1,1,0,0,0,1.59,1.2056934783493969,False,False
F13_151_13,F13,151,13,1.617,1.617,3,4,7,1,0,1,0,0,0,0,1.617,1.2083778562179963,False,False
F13_151_14,F13,151,14,1.652,1.652,3,4,2,1,0,1,0,0,0,0,1.652,1.2086456842438698,False,False
F13_151_15,F13,151,15,1.647,1.647,3,4,7,1,0,1,0,0,0,0,1.647,1.3053517561668802,False,False
F13_151_16,F13,151,16,1.71,1.71,2,3,1,1,0,1,1,0,0,0,1.71,1.3007631409486202,False,False
F13_151_17,F13,151,17,1.881,1.881,3,4,1,1,0,1,0,0,0,0,1.881,1.3259504532849844,False,False
F13_151_18,F13,151,18,1.99,1.99,2,3,9,1,0,1,1,0,0,0,1.99,1.338448751472322,False,False
F13_151_19,F13,151,19,1.915,1.915,3,4,5,1,1,1,0,0,0,0,1.915,1.3546955560948295,False,False
F13_151_20,F13,151,20,1.865,1.865,3,4,5,1,1,1,0,0,0,0,1.865,1.3551855891447633,False,False
F13_151_21,F13,151,21,1.81,1.81,2,3,1,1,0,1,1,0,0,0,1.81,1.338025256312371,False,False
F13_151_22,F13,151,22,1.755,1.755,3,4,5,1,1,1,0,0,0,0,1.755,1.3310176500771729,False,False
F13_151_23,F13,151,23,1.706,1.706,3,4,6,1,0,1,0,0,0,0,1.706,1.3235122937392976,False,False
F13_152_00,F13,152,0,0.428,0.428,3,3,8,1,0,1,0,0,0,-1,0.4279999999999999,0.4613650258896925,False,False
F13_152_01,F13,152,1,0.428,0.428,3,3,8,1,0,1,0,0,0,-1,0.4279999999999999,0.429055338149582,False,False
F13_152_02,F13,152,2,0.428,0.428,3,3,8,1,0,1,0,0,0,-1,0.4279999999999999,0.4255675210372935,False,False
F13_152_03,F13,152,3,0.428,0.428,3,3,8,1,0,1,0,0,0,-1,0.4279999999999999,0.4229216953511672,False,False
F13_152_04,F13,152,4,0.428,0.428,3,3,8,1,0,1,0,0,0,-1,0.4279999999999999,0.4223786987852459,False,False
F13_152_05,F13,152,5,0.429,0.429,3,3,9,1,0,1,0,0,0,-1,0.4289999999999999,0.418611619023666,False,False
F13_152_06,F13,152,6,0.429,0.429,3,3,9,1,0,1,0,0,0,-1,0.4289999999999999,0.4165757247202597,False,False
F13_152_07,F13,152,7,0.425,0.425,3,3,5,1,1,1,0,0,0,-1,0.4249999999999999,0.4148071351691627,False,False
F13_152_08,F13,152,8,0.411,0.411,3,3,1,1,0,1,0,0,0,-1,0.4109999999999999,0.413733647663809,False,False
F13_152_09,F13,152,9,0.412,0.412,3,3,2,1,0,1,0,0,0,-1,0.4119999999999999,0.4097287500026767,False,False
F13_152_10,F13,152,10,0.415,0.415,3,3,5,1,1,1,0,0,0,-1,0.4149999999999999,0.3966289967839566,False,False
F13_152_11,F13,152,11,0.422,0.422,3,3,2,1,0,1,0,0,0,-1,0.4219999999999999,0.4011239269816425,False,False
F13_152_12,F13,152,12,0.433,0.433,3,3,3,1,0,1,0,0,0,-1,0.433,0.407379733298785,False,False
F13_152_13,F13,152,13,0.441,0.441,3,3,1,1,0,1,0,0,0,-1,0.441,0.4139121484445031,False,False
F13_152_14,F13,152,14,0.441,0.441,3,3,1,1,0,1,0,0,0,-1,0.441,0.4153980704127251,False,False
F13_152_15,F13,152,15,0.451,0.451,3,3,1,1,0,1,0,0,0,-1,0.451,0.4170128487855296,False,False
F13_152_16,F13,152,16,0.459,0.459,3,3,9,1,0,1,0,0,0,-1,0.459,0.423584024099523,False,False
F13_152_17,F13,152,17,0.463,0.463,3,3,3,1,0,1,0,0,0,-1,0.463,0.4270766876434434,False,False
F13_152_18,F13,152,18,0.457,0.457,3,3,7,1,0,1,0,0,0,-1,0.457,0.4213389021641868,False,False
F13_152_19,F13,152,19,0.448,0.448,3,3,8,1,0,1,0,0,0,-1,0.448,0.4223935829093443,False,False
F13_152_20,F13,152,20,0.439,0.439,3,3,9,1,0,1,0,0,0,-1,0.439,0.4220593700946335,False,False
F13_152_21,F13,152,21,0.429,0.429,3,3,9,1,0,1,0,0,0,-1,0.4289999999999999,0.4303037950300273,False,False
F13_152_22,F13,152,22,0.426,0.426,3,3,6,1,0,1,0,0,0,-1,0.4259999999999999,0.41906991235794,False,False
F13_152_23,F13,152,23,0.427,0.427,3,3,7,1,0,1,0,0,0,-1,0.4269999999999999,0.4238109106598154,False,False
F13_153_00,F13,153,0,1.645,1.645,3,4,5,1,1,1,0,0,0,0,1.645,1.5698807365936371,False,False
F13_153_01,F13,153,1,1.626,1.626,3,4,6,1,0,1,0,0,0,0,1.626,1.5733229774844075,False,False
F13_153_02,F13,153,2,1.612,1.612,3,4,2,1,0,1,0,0,0,0,1.612,1.56419599403548,False,False
F13_153_03,F13,153,3,1.603,1.603,3,4,3,1,0,1,0,0,0,0,1.603,1.5565623348744846,False,False
F13_153_04,F13,153,4,1.593,1.593,3,4,3,1,0,1,0,0,0,0,1.593,1.5523464672610352,False,False
F13_153_05,F13,153,5,1.574,1.574,3,4,4,1,0,1,0,0,0,0,1.574,1.5660499592145425,False,False
F13_153_06,F13,153,6,1.559,1.559,3,4,9,1,0,1,0,0,0,0,1.559,1.5630092772063715,False,False
F13_153_07,F13,153,7,1.572,1.572,3,4,2,1,0,1,0,0,0,0,1.572,1.5284485146668612,False,False
F13_153_08,F13,153,8,1.765,1.765,3,4,5,1,1,1,0,0,0,0,1.765,1.5058982405471857,False,False
F13_153_09,F13,153,9,1.829,1.829,3,4,9,1,0,1,0,0,0,0,1.829,1.4793138659754974,False,False
F13_153_10,F13,153,10,1.757,1.757,3,4,7,1,0,1,0,0,0,0,1.757,1.4676389973397173,False,False
F13_153_11,F13,153,11,1.644,1.644,3,4,4,1,0,1,0,0,0,0,1.644,1.491209593175305,False,False
F13_153_12,F13,153,12,1.543,1.543,3,4,3,1,0,1,0,0,0,0,1.543,1.4880717327740056,False,False
F13_153_13,F13,153,13,1.488,1.488,3,4,8,1,0,1,0,0,0,0,1.488,1.4872708801476238,False,False
F13_153_14,F13,153,14,1.574,1.574,3,4,4,1,0,1,0,0,0,0,1.574,1.4944912905769567,False,False
F13_153_15,F13,153,15,1.608,1.608,3,4,8,1,0,1,0,0,0,0,1.608,1.5181625231750804,False,False
F13_153_16,F13,153,16,1.704,1.704,3,4,4,1,0,1,0,0,0,0,1.704,1.5206667380988104,False,False
F13_153_17,F13,153,17,1.803,1.803,3,4,3,1,0,1,0,0,0,0,1.803,1.4928626719945104,False,False
F13_153_18,F13,153,18,1.752,1.752,3,4,2,1,0,1,0,0,0,0,1.752,1.510189397321084,False,False
F13_153_19,F13,153,19,1.68,1.68,2,3,8,1,0,1,1,0,0,0,1.68,1.511433428989145,False,False
F13_153_20,F13,153,20,1.648,1.648,3,4,8,1,0,1,0,0,0,0,1.648,1.4975028826092442,False,False
F13_153_21,F13,153,21,1.608,1.608,3,4,8,1,0,1,0,0,0,0,1.608,1.4917385395080591,False,False
F13_153_22,F13,153,22,1.566,1.566,3,4,6,1,0,1,0,0,0,0,1.566,1.4832411744963667,False,False
F13_153_23,F13,153,23,1.545,1.545,3,4,5,1,1,1,0,0,0,0,1.545,1.476900493338008,False,False
F13_154_00,F13,154,0,0.41,0.41,2,2,1,1,0,1,1,0,0,-1,0.4099999999999999,0.4252268213733435,False,False
F13_154_01,F13,154,1,0.411,0.411,3,3,1,1,0,1,0,0,0,-1,0.4109999999999999,0.4291734351709206,False,False
F13_154_02,F13,154,2,0.411,0.411,3,3,1,1,0,1,0,0,0,-1,0.4109999999999999,0.4294495333288084,False,False
F13_154_03,F13,154,3,0.412,0.412,3,3,2,1,0,1,0,0,0,-1,0.4119999999999999,0.4273125673548771,False,False
F13_154_04,F13,154,4,0.412,0.412,3,3,2,1,0,1,0,0,0,-1,0.4119999999999999,0.426559997390167,False,False
F13_154_05,F13,154,5,0.413,0.413,3,3,3,1,0,1,0,0,0,-1,0.4129999999999999,0.4267131049793093,False,False
F13_154_06,F13,154,6,0.398,0.398,3,3,8,1,0,1,0,0,0,-1,0.398,0.4262603807614402,False,False
F13_154_07,F13,154,7,0.393,0.393,3,3,3,1,0,1,0,0,0,-1,0.393,0.4280463355770022,False,False
F13_154_08,F13,154,8,0.394,0.394,3,3,4,1,0,1,0,0,0,-1,0.394,0.4304873876216227,False,False
F13_154_09,F13,154,9,0.396,0.396,3,3,6,1,0,1,0,0,0,-1,0.396,0.4573218031598384,False,False
F13_154_10,F13,154,10,0.399,0.399,3,3,9,1,0,1,0,0,0,-1,0.399,0.471123577386463,False,False
F13_154_11,F13,154,11,0.407,0.407,3,3,7,1,0,1,0,0,0,-1,0.4069999999999999,0.4977241633570734,False,False
F13_154_12,F13,154,12,0.398,0.398,3,3,8,1,0,1,0,0,0,-1,0.398,0.4664485332181707,False,False
F13_154_13,F13,154,13,0.402,0.402,3,3,2,1,0,1,0,0,0,-1,0.402,0.4816310998123151,False,False
F13_154_14,F13,154,14,0.414,0.414,3,3,4,1,0,1,0,0,0,-1,0.4139999999999999,0.4747137607852831,False,False
F13_154_15,F13,154,15,0.421,0.421,3,3,1,1,0,1,0,0,0,-1,0.4209999999999999,0.4798024372221128,False,False
F13_154_16,F13,154,16,0.426,0.426,3,3,6,1,0,1,0,0,0,-1,0.4259999999999999,0.4779303546474363,False,False
F13_154_17,F13,154,17,0.428,0.428,3,3,8,1,0,1,0,0,0,-1,0.4279999999999999,0.4985862781671167,False,False
F13_154_18,F13,154,18,0.429,0.429,3,3,9,1,0,1,0,0,0,-1,0.4289999999999999,0.4856670353169628,False,False
F13_154_19,F13,154,19,0.428,0.428,3,3,8,1,0,1,0,0,0,-1,0.4279999999999999,0.4884135245845143,False,False
F13_154_20,F13,154,20,0.427,0.427,3,3,7,1,0,1,0,0,0,-1,0.4269999999999999,0.4854792291268456,False,False
F13_154_21,F13,154,21,0.426,0.426,3,3,6,1,0,1,0,0,0,-1,0.4259999999999999,0.4867596924893877,False,False
F13_154_22,F13,154,22,0.425,0.425,3,3,5,1,1,1,0,0,0,-1,0.4249999999999999,0.4878854700279267,False,False
F13_154_23,F13,154,23,0.423,0.423,3,3,3,1,0,1,0,0,0,-1,0.4229999999999999,0.4789265366770654,False,False
F13_155_00,F13,155,0,0.826,0.826,3,3,6,1,0,1,0,0,0,-1,0.8259999999999998,0.6178292813064512,False,False
F13_155_01,F13,155,1,0.818,0.818,3,3,8,1,0,1,0,0,0,-1,0.818,0.6205082905108203,False,False
F13_155_02,F13,155,2,0.812,0.812,3,3,2,1,0,1,0,0,0,-1,0.812,0.6177997826014067,False,False
F13_155_03,F13,155,3,0.806,0.806,3,3,6,1,0,1,0,0,0,-1,0.806,0.6098249669011728,False,False
F13_155_04,F13,155,4,0.799,0.799,3,3,9,1,0,1,0,0,0,-1,0.799,0.6630141432452171,False,False
F13_155_05,F13,155,5,0.794,0.794,3,3,4,1,0,1,0,0,0,-1,0.794,0.6656871824346191,False,False
F13_155_06,F13,155,6,0.789,0.789,3,3,9,1,0,1,0,0,0,-1,0.789,0.664591046575926,False,False
F13_155_07,F13,155,7,0.785,0.785,3,3,5,1,1,1,0,0,0,-1,0.785,0.6616553406738283,False,False
F13_155_08,F13,155,8,0.79,0.79,2,2,9,1,0,1,1,0,0,-1,0.79,0.6660328541776364,False,False
F13_155_09,F13,155,9,0.797,0.797,3,3,7,1,0,1,0,0,0,-1,0.797,0.6742578411998474,False,False
F13_155_10,F13,155,10,0.802,0.802,3,3,2,1,0,1,0,0,0,-1,0.802,0.671301696967806,False,False
F13_155_11,F13,155,11,0.811,0.811,3,3,1,1,0,1,0,0,0,-1,0.811,0.6752216620607047,False,False
F13_155_12,F13,155,12,0.824,0.824,3,3,4,1,0,1,0,0,0,-1,0.824,0.6848363120405568,False,False
F13_155_13,F13,155,13,0.828,0.828,3,3,8,1,0,1,0,0,0,-1,0.8279999999999998,0.689250438290217,False,False
F13_155_14,F13,155,14,0.831,0.831,3,3,1,1,0,1,0,0,0,-1,0.8309999999999998,0.7101513911070717,False,False
F13_155_15,F13,155,15,0.834,0.834,3,3,4,1,0,1,0,0,0,-1,0.8339999999999999,0.7108221499212666,False,False
F13_155_16,F13,155,16,0.836,0.836,3,3,6,1,0,1,0,0,0,-1,0.8359999999999999,0.720781521903956,False,False
F13_155_17,F13,155,17,0.83,0.83,2,2,3,1,0,1,1,0,0,-1,0.8299999999999998,0.7107608395414599,False,False
F13_155_18,F13,155,18,0.82,0.82,2,2,2,1,0,1,1,0,0,-1,0.82,0.7159086327698756,False,False
F13_155_19,F13,155,19,0.81,0.81,2,2,1,1,0,1,1,0,0,-1,0.81,0.7159778044462851,False,False
F13_155_20,F13,155,20,0.798,0.798,3,3,8,1,0,1,0,0,0,-1,0.798,0.7133657530893242,False,False
F13_155_21,F13,155,21,0.788,0.788,3,3,8,1,0,1,0,0,0,-1,0.788,0.7082042011313662,False,False
F13_155_22,F13,155,22,0.778,0.778,3,3,8,1,0,1,0,0,0,-1,0.778,0.7037795183836242,False,False
F13_155_23,F13,155,23,0.771,0.771,3,3,1,1,0,1,0,0,0,-1,0.771,0.7070650267567588,False,False
F13_156_00,F13,156,0,0.785,0.785,3,3,5,1,1,1,0,0,0,-1,0.785,1.3226271493522734,False,False
F13_156_01,F13,156,1,0.775,0.775,3,3,5,1,1,1,0,0,0,-1,0.775,1.1612495414190716,False,False
F13_156_02,F13,156,2,0.766,0.766,3,3,6,1,0,1,0,0,0,-1,0.766,1.1113847425167254,False,False
F13_156_03,F13,156,3,0.759,0.759,3,3,9,1,0,1,0,0,0,-1,0.759,1.0914675101235487,False,False
F13_156_04,F13,156,4,0.754,0.754,3,3,4,1,0,1,0,0,0,-1,0.754,1.0774575282906231,False,False
F13_156_05,F13,156,5,0.749,0.749,3,3,9,1,0,1,0,0,0,-1,0.749,1.0679700550244835,False,False
F13_156_06,F13,156,6,0.744,0.744,3,3,4,1,0,1,0,0,0,-1,0.7439999999999999,1.0637965975962014,False,False
F13_156_07,F13,156,7,0.741,0.741,3,3,1,1,0,1,0,0,0,-1,0.7409999999999999,1.0621850345005952,False,False
F13_156_08,F13,156,8,0.751,0.751,3,3,1,1,0,1,0,0,0,-1,0.751,1.0875514701991016,False,False
F13_156_09,F13,156,9,0.77,0.77,2,2,7,1,0,1,1,0,0,-1,0.77,1.1543385098293326,False,False
F13_156_10,F13,156,10,0.766,0.766,3,3,6,1,0,1,0,0,0,-1,0.766,1.1050022607961942,False,False
F13_156_11,F13,156,11,0.743,0.743,3,3,3,1,0,1,0,0,0,-1,0.7429999999999999,1.0977972453887477,False,False
F13_156_12,F13,156,12,0.752,0.752,3,3,2,1,0,1,0,0,0,-1,0.752,1.1023857991966737,False,False
F13_156_13,F13,156,13,0.758,0.758,3,3,8,1,0,1,0,0,0,-1,0.758,1.0844051811707218,False,False
F13_156_14,F13,156,14,0.757,0.757,3,3,7,1,0,1,0,0,0,-1,0.757,1.101429982368063,False,False
F13_156_15,F13,156,15,0.755,0.755,3,3,5,1,1,1,0,0,0,-1,0.755,1.0854791171539595,False,False
F13_156_16,F13,156,16,0.763,0.763,3,3,3,1,0,1,0,0,0,-1,0.763,1.0762260799483665,False,False
F13_156_17,F13,156,17,0.766,0.766,3,3,6,1,0,1,0,0,0,-1,0.766,1.090773691318586,False,False
F13_156_18,F13,156,18,0.757,0.757,3,3,7,1,0,1,0,0,0,-1,0.757,1.0785770892218407,False,False
F13_156_19,F13,156,19,0.744,0.744,3,3,4,1,0,1,0,0,0,-1,0.7439999999999999,1.063204762276583,False,False
F13_156_20,F13,156,20,0.733,0.733,3,3,3,1,0,1,0,0,0,-1,0.7329999999999999,1.048232766561528,False,False
F13_156_21,F13,156,21,0.722,0.722,3,3,2,1,0,1,0,0,0,-1,0.7219999999999999,1.0582354950117123,False,False
F13_156_22,F13,156,22,0.713,0.713,3,3,3,1,0,1,0,0,0,-1,0.7129999999999999,1.0521605782430088,False,False
F13_156_23,F13,156,23,0.709,0.709,3,3,9,1,0,1,0,0,0,-1,0.7089999999999999,1.0466559565266582,False,False
F13_157_00,F13,157,0,0.425,0.425,3,3,5,1,1,1,0,0,0,-1,0.4249999999999999,0.4448051531444554,False,False
F13_157_01,F13,157,1,0.429,0.429,3,3,9,1,0,1,0,0,0,-1,0.4289999999999999,0.4398638326310113,False,False
F13_157_02,F13,157,2,0.432,0.432,3,3,2,1,0,1,0,0,0,-1,0.432,0.4366523478171413,False,False
F13_157_03,F13,157,3,0.433,0.433,3,3,3,1,0,1,0,0,0,-1,0.433,0.4351520946197849,False,False
F13_157_04,F13,157,4,0.434,0.434,3,3,4,1,0,1,0,0,0,-1,0.434,0.4342036762642136,False,False
F13_157_05,F13,157,5,0.435,0.435,3,3,5,1,1,1,0,0,0,-1,0.435,0.4326639029287735,False,False
F13_157_06,F13,157,6,0.436,0.436,3,3,6,1,0,1,0,0,0,-1,0.436,0.4293837775988652,False,False
F13_157_07,F13,157,7,0.435,0.435,3,3,5,1,1,1,0,0,0,-1,0.435,0.4274072237884016,False,False
F13_157_08,F13,157,8,0.384,0.384,3,3,4,1,0,1,0,0,0,-1,0.384,0.4261077794539238,False,False
F13_157_09,F13,157,9,0.388,0.388,3,3,8,1,0,1,0,0,0,-1,0.388,0.4248210243441815,False,False
F13_157_10,F13,157,10,0.398,0.398,3,3,8,1,0,1,0,0,0,-1,0.398,0.4365922066570534,False,False
F13_157_11,F13,157,11,0.415,0.415,3,3,5,1,1,1,0,0,0,-1,0.4149999999999999,0.4321232754093808,False,False
F13_157_12,F13,157,12,0.411,0.411,3,3,1,1,0,1,0,0,0,-1,0.4109999999999999,0.4533626524643876,False,False
F13_157_13,F13,157,13,0.411,0.411,3,3,1,1,0,1,0,0,0,-1,0.4109999999999999,0.4358514772147665,False,False
F13_157_14,F13,157,14,0.435,0.435,3,3,5,1,1,1,0,0,0,-1,0.435,0.4309701386868066,False,False
F13_157_15,F13,157,15,0.425,0.425,3,3,5,1,1,1,0,0,0,-1,0.4249999999999999,0.4520545325911118,False,False
F13_157_16,F13,157,16,0.415,0.415,3,3,5,1,1,1,0,0,0,-1,0.4149999999999999,0.4318221652647096,False,False
F13_157_17,F13,157,17,0.423,0.423,3,3,3,1,0,1,0,0,0,-1,0.4229999999999999,0.4323148558342463,False,False
F13_157_18,F13,157,18,0.427,0.427,3,3,7,1,0,1,0,0,0,-1,0.4269999999999999,0.4322608526983913,False,False
F13_157_19,F13,157,19,0.431,0.431,3,3,1,1,0,1,0,0,0,-1,0.4309999999999999,0.4303724011394616,False,False
F13_157_20,F13,157,20,0.433,0.433,3,3,3,1,0,1,0,0,0,-1,0.433,0.4289960920075367,False,False
F13_157_21,F13,157,21,0.435,0.435,3,3,5,1,1,1,0,0,0,-1,0.435,0.4284669121880987,False,False
F13_157_22,F13,157,22,0.437,0.437,3,3,7,1,0,1,0,0,0,-1,0.437,0.4297793907352289,False,False
F13_157_23,F13,157,23,0.469,0.469,3,3,9,1,0,1,0,0,0,-1,0.4689999999999999,0.4296567244334524,False,False
F13_158_00,F13,158,0,0.518,0.518,3,3,8,1,0,1,0,0,0,-1,0.518,0.443608144943235,False,False
F13_158_01,F13,158,1,0.44,0.44,2,2,4,1,0,1,1,0,0,-1,0.44,0.4333493888829342,False,False
F13_158_02,F13,158,2,0.443,0.443,3,3,3,1,0,1,0,0,0,-1,0.443,0.4305564744585223,False,False
F13_158_03,F13,158,3,0.445,0.445,3,3,5,1,1,1,0,0,0,-1,0.445,0.4288108184089226,False,False
F13_158_04,F13,158,4,0.446,0.446,3,3,6,1,0,1,0,0,0,-1,0.446,0.4276385289662427,False,False
F13_158_05,F13,158,5,0.448,0.448,3,3,8,1,0,1,0,0,0,-1,0.448,0.4262316479527664,False,False
F13_158_06,F13,158,6,0.428,0.428,3,3,8,1,0,1,0,0,0,-1,0.4279999999999999,0.4232421162366338,False,False
F13_158_07,F13,158,7,0.402,0.402,3,3,2,1,0,1,0,0,0,-1,0.402,0.4190436701325827,False,False
F13_158_08,F13,158,8,0.406,0.406,3,3,6,1,0,1,0,0,0,-1,0.406,0.4172769863994984,False,False
F13_158_09,F13,158,9,0.411,0.411,3,3,1,1,0,1,0,0,0,-1,0.4109999999999999,0.4189389938418538,False,False
F13_158_10,F13,158,10,0.42,0.42,2,2,2,1,0,1,1,0,0,-1,0.4199999999999999,0.4053204741466706,False,False
F13_158_11,F13,158,11,0.401,0.401,3,3,1,1,0,1,0,0,0,-1,0.401,0.4152173375470054,False,False
F13_158_12,F13,158,12,0.422,0.422,3,3,2,1,0,1,0,0,0,-1,0.4219999999999999,0.4208436301993386,False,False
F13_158_13,F13,158,13,0.448,0.448,3,3,8,1,0,1,0,0,0,-1,0.448,0.4300987107182439,False,False
F13_158_14,F13,158,14,0.468,0.468,3,3,8,1,0,1,0,0,0,-1,0.468,0.4282295393229809,False,False
F13_158_15,F13,158,15,0.479,0.479,3,3,9,1,0,1,0,0,0,-1,0.4789999999999999,0.4333038356711572,False,False
F13_158_16,F13,158,16,0.482,0.482,3,3,2,1,0,1,0,0,0,-1,0.4819999999999999,0.428787362528914,False,False
F13_158_17,F13,158,17,0.482,0.482,3,3,2,1,0,1,0,0,0,-1,0.4819999999999999,0.4349971051261166,False,False
F13_158_18,F13,158,18,0.482,0.482,3,3,2,1,0,1,0,0,0,-1,0.4819999999999999,0.4334673387684346,False,False
F13_158_19,F13,158,19,0.481,0.481,3,3,1,1,0,1,0,0,0,-1,0.4809999999999999,0.4348902269336637,False,False
F13_158_20,F13,158,20,0.479,0.479,3,3,9,1,0,1,0,0,0,-1,0.4789999999999999,0.4349209494432648,False,False
F13_158_21,F13,158,21,0.478,0.478,3,3,8,1,0,1,0,0,0,-1,0.4779999999999999,0.4344506475430811,False,False
F13_158_22,F13,158,22,0.478,0.478,3,3,8,1,0,1,0,0,0,-1,0.4779999999999999,0.4295122842240882,False,False
F13_158_23,F13,158,23,0.478,0.478,3,3,8,1,0,1,0,0,0,-1,0.4779999999999999,0.4326415255796114,False,False
F13_159_00,F13,159,0,0.628,0.628,3,3,8,1,0,1,0,0,0,-1,0.628,0.9686548070731302,False,False
F13_159_01,F13,159,1,0.625,0.625,3,3,5,1,1,1,0,0,0,-1,0.625,0.9553036340332012,False,False
F13_159_02,F13,159,2,0.623,0.623,3,3,3,1,0,1,0,0,0,-1,0.623,0.9496427199772844,False,False
F13_159_03,F13,159,3,0.621,0.621,3,3,1,1,0,1,0,0,0,-1,0.621,0.9428000908669188,False,False
F13_159_04,F13,159,4,0.621,0.621,3,3,1,1,0,1,0,0,0,-1,0.621,0.9288400113690592,False,False
F13_159_05,F13,159,5,0.621,0.621,3,3,1,1,0,1,0,0,0,-1,0.621,0.9327833888141392,False,False
F13_159_06,F13,159,6,0.622,0.622,3,3,2,1,0,1,0,0,0,-1,0.622,0.9307292257365636,False,False
F13_159_07,F13,159,7,0.622,0.622,3,3,2,1,0,1,0,0,0,-1,0.622,0.911148284881864,False,False
F13_159_08,F13,159,8,0.614,0.614,3,3,4,1,0,1,0,0,0,-1,0.6139999999999999,0.942967814593396,False,False
F13_159_09,F13,159,9,0.583,0.583,3,3,3,1,0,1,0,0,0,-1,0.5829999999999999,0.9406201526797728,False,False
F13_159_10,F13,159,10,0.558,0.558,3,3,8,1,0,1,0,0,0,-1,0.558,0.9288872803103903,False,False
F13_159_11,F13,159,11,0.549,0.549,3,3,9,1,0,1,0,0,0,-1,0.549,0.9437452633942542,False,False
F13_159_12,F13,159,12,0.567,0.567,3,3,7,1,0,1,0,0,0,-1,0.567,0.9592062640607092,False,False
F13_159_13,F13,159,13,0.582,0.582,3,3,2,1,0,1,0,0,0,-1,0.5819999999999999,0.9775298945045277,False,False
F13_159_14,F13,159,14,0.591,0.591,3,3,1,1,0,1,0,0,0,-1,0.5909999999999999,0.9899152955247515,False,False
F13_159_15,F13,159,15,0.589,0.589,3,3,9,1,0,1,0,0,0,-1,0.5889999999999999,1.0137438533498693,False,False
F13_159_16,F13,159,16,0.598,0.598,3,3,8,1,0,1,0,0,0,-1,0.5979999999999999,1.0335849784590776,False,False
F13_159_17,F13,159,17,0.609,0.609,3,3,9,1,0,1,0,0,0,-1,0.6089999999999999,1.0451670359326397,False,False
F13_159_18,F13,159,18,0.607,0.607,3,3,7,1,0,1,0,0,0,-1,0.6069999999999999,1.052843557661922,False,False
F13_159_19,F13,159,19,0.6,0.6,1,1,6,1,0,1,1,1,0,-1,0.5999999999999999,1.0421327243116756,False,False
F13_159_20,F13,159,20,0.594,0.594,3,3,4,1,0,1,0,0,0,-1,0.5939999999999999,1.0252705954209091,False,False
F13_159_21,F13,159,21,0.587,0.587,3,3,7,1,0,1,0,0,0,-1,0.5869999999999999,1.011320104229544,False,False
F13_159_22,F13,159,22,0.581,0.581,3,3,1,1,0,1,0,0,0,-1,0.5809999999999998,0.9980247145336592,False,False
F13_159_23,F13,159,23,0.577,0.577,3,3,7,1,0,1,0,0,0,-1,0.5769999999999998,0.9954064090483318,False,False
F13_160_00,F13,160,0,0.495,0.495,3,3,5,1,1,1,0,0,0,-1,0.495,0.6982304372900817,False,False
F13_160_01,F13,160,1,0.491,0.491,3,3,1,1,0,1,0,0,0,-1,0.4909999999999999,0.6979668520695951,False,False
F13_160_02,F13,160,2,0.487,0.487,3,3,7,1,0,1,0,0,0,-1,0.4869999999999999,0.693868399320733,False,False
F13_160_03,F13,160,3,0.483,0.483,3,3,3,1,0,1,0,0,0,-1,0.4829999999999999,0.6895728436765634,False,False
F13_160_04,F13,160,4,0.481,0.481,3,3,1,1,0,1,0,0,0,-1,0.4809999999999999,0.6855043564107068,False,False
F13_160_05,F13,160,5,0.479,0.479,3,3,9,1,0,1,0,0,0,-1,0.4789999999999999,0.6841092786225753,False,False
F13_160_06,F13,160,6,0.478,0.478,3,3,8,1,0,1,0,0,0,-1,0.4779999999999999,0.6864353532662875,False,False
F13_160_07,F13,160,7,0.475,0.475,3,3,5,1,1,1,0,0,0,-1,0.4749999999999999,0.6895357080921664,False,False
F13_160_08,F13,160,8,0.46,0.46,2,2,6,1,0,1,1,0,0,-1,0.46,0.6892070764989762,False,False
F13_160_09,F13,160,9,0.444,0.444,3,3,4,1,0,1,0,0,0,-1,0.444,0.7038637222532667,False,False
F13_160_10,F13,160,10,0.433,0.433,3,3,3,1,0,1,0,0,0,-1,0.433,0.703556528729665,False,False
F13_160_11,F13,160,11,0.433,0.433,3,3,3,1,0,1,0,0,0,-1,0.433,0.7136689190449205,False,False
F13_160_12,F13,160,12,0.434,0.434,3,3,4,1,0,1,0,0,0,-1,0.434,0.7322346012184439,False,False
F13_160_13,F13,160,13,0.44,0.44,2,2,4,1,0,1,1,0,0,-1,0.44,0.7527487398143996,False,False
F13_160_14,F13,160,14,0.446,0.446,3,3,6,1,0,1,0,0,0,-1,0.446,0.7748479939842036,False,False
F13_160_15,F13,160,15,0.452,0.452,3,3,2,1,0,1,0,0,0,-1,0.452,0.8112752679350654,False,False
F13_160_16,F13,160,16,0.46,0.46,2,2,6,1,0,1,1,0,0,-1,0.46,0.8215301530993157,False,False
F13_160_17,F13,160,17,0.464,0.464,3,3,4,1,0,1,0,0,0,-1,0.464,0.7958540490154274,False,False
F13_160_18,F13,160,18,0.46,0.46,2,2,6,1,0,1,1,0,0,-1,0.46,0.7939358193599015,False,False
F13_160_19,F13,160,19,0.452,0.452,3,3,2,1,0,1,0,0,0,-1,0.452,0.7796632206641332,False,False
F13_160_20,F13,160,20,0.445,0.445,3,3,5,1,1,1,0,0,0,-1,0.445,0.7717814610189361,False,False
F13_160_21,F13,160,21,0.439,0.439,3,3,9,1,0,1,0,0,0,-1,0.439,0.7661106913837821,False,False
F13_160_22,F13,160,22,0.434,0.434,3,3,4,1,0,1,0,0,0,-1,0.434,0.7635632606385141,False,False
F13_160_23,F13,160,23,0.429,0.429,3,3,9,1,0,1,0,0,0,-1,0.4289999999999999,0.7574643529755473,False,False
F13_161_00,F13,161,0,0.468,0.468,3,3,8,1,0,1,0,0,0,-1,0.468,0.4452257228485027,False,False
F13_161_01,F13,161,1,0.47,0.47,2,2,7,1,0,1,1,0,0,-1,0.4699999999999999,0.434296548013102,False,False
F13_161_02,F13,161,2,0.472,0.472,3,3,2,1,0,1,0,0,0,-1,0.4719999999999999,0.432524650796784,False,False
F13_161_03,F13,161,3,0.473,0.473,3,3,3,1,0,1,0,0,0,-1,0.4729999999999999,0.4295053426142089,False,False
F13_161_04,F13,161,4,0.474,0.474,3,3,4,1,0,1,0,0,0,-1,0.4739999999999999,0.4272327803747541,False,False
F13_161_05,F13,161,5,0.474,0.474,3,3,4,1,0,1,0,0,0,-1,0.4739999999999999,0.4259348495985936,False,False
F13_161_06,F13,161,6,0.473,0.473,3,3,3,1,0,1,0,0,0,-1,0.4729999999999999,0.4233722703474492,False,False
F13_161_07,F13,161,7,0.471,0.471,3,3,1,1,0,1,0,0,0,-1,0.4709999999999999,0.4221738301174516,False,False
F13_161_08,F13,161,8,0.47,0.47,2,2,7,1,0,1,1,0,0,-1,0.4699999999999999,0.4207372528589418,False,False
F13_161_09,F13,161,9,0.472,0.472,3,3,2,1,0,1,0,0,0,-1,0.4719999999999999,0.4180076303974791,False,False
F13_161_10,F13,161,10,0.478,0.478,3,3,8,1,0,1,0,0,0,-1,0.4779999999999999,0.4164361867647581,False,False
F13_161_11,F13,161,11,0.491,0.491,3,3,1,1,0,1,0,0,0,-1,0.4909999999999999,0.4179913209101697,False,False
F13_161_12,F13,161,12,0.508,0.508,3,3,8,1,0,1,0,0,0,-1,0.508,0.4204502469898804,False,False
F13_161_13,F13,161,13,0.488,0.488,3,3,8,1,0,1,0,0,0,-1,0.4879999999999999,0.4229287074293954,False,False
F13_161_14,F13,161,14,0.503,0.503,3,3,3,1,0,1,0,0,0,-1,0.503,0.4277930613026075,False,False
F13_161_15,F13,161,15,0.516,0.516,3,3,6,1,0,1,0,0,0,-1,0.516,0.4296770650523487,False,False
F13_161_16,F13,161,16,0.522,0.522,3,3,2,1,0,1,0,0,0,-1,0.522,0.4395365978868273,False,False
F13_161_17,F13,161,17,0.52,0.52,2,2,2,1,0,1,1,0,0,-1,0.52,0.4261073930834637,False,False
F13_161_18,F13,161,18,0.516,0.516,3,3,6,1,0,1,0,0,0,-1,0.516,0.4259350507597037,False,False
F13_161_19,F13,161,19,0.512,0.512,3,3,2,1,0,1,0,0,0,-1,0.512,0.4272552830115319,False,False
F13_161_20,F13,161,20,0.51,0.51,2,2,1,1,0,1,1,0,0,-1,0.51,0.4262667189614834,False,False
F13_161_21,F13,161,21,0.508,0.508,3,3,8,1,0,1,0,0,0,-1,0.508,0.4257215734796171,False,False
F13_161_22,F13,161,22,0.506,0.506,3,3,6,1,0,1,0,0,0,-1,0.506,0.4262295076819197,False,False
F13_161_23,F13,161,23,0.504,0.504,3,3,4,1,0,1,0,0,0,-1,0.504,0.4264905252040425,False,False
F13_162_00,F13,162,0,0.554,0.554,3,3,4,1,0,1,0,0,0,-1,0.554,0.7530907181245191,False,False
F13_162_01,F13,162,1,0.549,0.549,3,3,9,1,0,1,0,0,0,-1,0.549,0.7214908040111316,False,False
F13_162_02,F13,162,2,0.548,0.548,3,3,8,1,0,1,0,0,0,-1,0.548,0.7497122288542787,False,False
F13_162_03,F13,162,3,0.546,0.546,3,3,6,1,0,1,0,0,0,-1,0.546,0.7246994841683966,False,False
F13_162_04,F13,162,4,0.543,0.543,3,3,3,1,0,1,0,0,0,-1,0.543,0.7207101799274541,False,False
F13_162_05,F13,162,5,0.544,0.544,3,3,4,1,0,1,0,0,0,-1,0.544,0.7374992186775272,False,False
F13_162_06,F13,162,6,0.542,0.542,3,3,2,1,0,1,0,0,0,-1,0.542,0.7390749292461684,False,False
F13_162_07,F13,162,7,0.538,0.538,3,3,8,1,0,1,0,0,0,-1,0.538,0.7260788689793871,False,False
F13_162_08,F13,162,8,0.548,0.548,3,3,8,1,0,1,0,0,0,-1,0.548,0.740474457150591,False,False
F13_162_09,F13,162,9,0.577,0.577,3,3,7,1,0,1,0,0,0,-1,0.5769999999999998,0.7852611028730743,False,False
F13_162_10,F13,162,10,0.591,0.591,3,3,1,1,0,1,0,0,0,-1,0.5909999999999999,0.7631073417413178,False,False
F13_162_11,F13,162,11,0.598,0.598,3,3,8,1,0,1,0,0,0,-1,0.5979999999999999,0.7447167070634015,False,False
F13_162_12,F13,162,12,0.607,0.607,3,3,7,1,0,1,0,0,0,-1,0.6069999999999999,0.7556745326657371,False,False
F13_162_13,F13,162,13,0.616,0.616,3,3,6,1,0,1,0,0,0,-1,0.6159999999999999,0.767851420754787,False,False
F13_162_14,F13,162,14,0.62,0.62,2,2,2,1,0,1,1,0,0,-1,0.62,0.7810337312427431,False,False
F13_162_15,F13,162,15,0.627,0.627,3,3,7,1,0,1,0,0,0,-1,0.627,0.8103726045069636,False,False
F13_162_16,F13,162,16,0.631,0.631,3,3,1,1,0,1,0,0,0,-1,0.631,0.8220347713605664,False,False
F13_162_17,F13,162,17,0.634,0.634,3,3,4,1,0,1,0,0,0,-1,0.634,0.7938439459022648,False,False
F13_162_18,F13,162,18,0.631,0.631,3,3,1,1,0,1,0,0,0,-1,0.631,0.7722427550098029,False,False
F13_162_19,F13,162,19,0.623,0.623,3,3,3,1,0,1,0,0,0,-1,0.623,0.7528277847462815,False,False
F13_162_20,F13,162,20,0.613,0.613,3,3,3,1,0,1,0,0,0,-1,0.6129999999999999,0.7428597897261715,False,False
F13_162_21,F13,162,21,0.603,0.603,3,3,3,1,0,1,0,0,0,-1,0.6029999999999999,0.7336545695343204,False,False
F13_162_22,F13,162,22,0.592,0.592,3,3,2,1,0,1,0,0,0,-1,0.5919999999999999,0.7339243756438543,False,False
F13_162_23,F13,162,23,0.586,0.586,3,3,6,1,0,1,0,0,0,-1,0.5859999999999999,0.7846516952927564,False,False
F13_166_00,F13,166,0,0.683,0.683,3,3,3,1,0,1,0,0,0,-1,0.683,0.76111830505114,False,False
F13_166_01,F13,166,1,0.676,0.676,3,3,6,1,0,1,0,0,0,-1,0.676,0.7565892371488236,False,False
F13_166_02,F13,166,2,0.671,0.671,3,3,1,1,0,1,0,0,0,-1,0.671,0.7538734159876698,False,False
F13_166_03,F13,166,3,0.665,0.665,3,3,5,1,1,1,0,0,0,-1,0.665,0.7476228561228714,False,False
F13_166_04,F13,166,4,0.66,0.66,2,2,6,1,0,1,1,0,0,-1,0.66,0.7472661820280053,False,False
F13_166_05,F13,166,5,0.656,0.656,3,3,6,1,0,1,0,0,0,-1,0.656,0.7447063998513419,False,False
F13_166_06,F13,166,6,0.652,0.652,3,3,2,1,0,1,0,0,0,-1,0.652,0.7442709615804266,False,False
F13_166_07,F13,166,7,0.649,0.649,3,3,9,1,0,1,0,0,0,-1,0.649,0.7405684856853522,False,False
F13_166_08,F13,166,8,0.66,0.66,2,2,6,1,0,1,1,0,0,-1,0.66,0.7460020461606038,False,False
F13_166_09,F13,166,9,0.674,0.674,3,3,4,1,0,1,0,0,0,-1,0.674,0.7466316128571637,False,False
F13_166_10,F13,166,10,0.689,0.689,3,3,9,1,0,1,0,0,0,-1,0.689,0.7529694354244547,False,False
F13_166_11,F13,166,11,0.711,0.711,3,3,1,1,0,1,0,0,0,-1,0.7109999999999999,0.7696176338154869,False,False
F13_166_12,F13,166,12,0.742,0.742,3,3,2,1,0,1,0,0,0,-1,0.7419999999999999,0.7847228691374389,False,False
F13_166_13,F13,166,13,0.768,0.768,3,3,8,1,0,1,0,0,0,-1,0.768,0.8138398235712629,False,False
F13_166_14,F13,166,14,0.792,0.792,3,3,2,1,0,1,0,0,0,-1,0.792,0.8419434319420038,False,False
F13_166_15,F13,166,15,0.808,0.808,3,3,8,1,0,1,0,0,0,-1,0.808,0.8813444615605692,False,False
F13_166_16,F13,166,16,0.813,0.813,3,3,3,1,0,1,0,0,0,-1,0.813,0.9003047443731915,False,False
F13_166_17,F13,166,17,0.812,0.812,3,3,2,1,0,1,0,0,0,-1,0.812,0.8820002679269576,False,False
F13_166_18,F13,166,18,0.803,0.803,3,3,3,1,0,1,0,0,0,-1,0.803,0.8719168276227153,False,False
F13_166_19,F13,166,19,0.793,0.793,3,3,3,1,0,1,0,0,0,-1,0.793,0.8514203845552648,False,False
F13_166_20,F13,166,20,0.784,0.784,3,3,4,1,0,1,0,0,0,-1,0.784,0.8381969009320697,False,False
F13_166_21,F13,166,21,0.776,0.776,3,3,6,1,0,1,0,0,0,-1,0.776,0.8295761678944018,False,False
F13_166_22,F13,166,22,0.767,0.767,3,3,7,1,0,1,0,0,0,-1,0.767,0.8290708434148149,False,False
F13_166_23,F13,166,23,0.76,0.76,2,2,6,1,0,1,1,0,0,-1,0.76,0.8277327369242001,False,False
F13_167_00,F13,167,0,0.486,0.486,3,3,6,1,0,1,0,0,0,-1,0.4859999999999999,0.4352054997195991,False,False
F13_167_01,F13,167,1,0.484,0.484,3,3,4,1,0,1,0,0,0,-1,0.4839999999999999,0.4334327281426463,False,False
F13_167_02,F13,167,2,0.482,0.482,3,3,2,1,0,1,0,0,0,-1,0.4819999999999999,0.4316268147187148,False,False
F13_167_03,F13,167,3,0.482,0.482,3,3,2,1,0,1,0,0,0,-1,0.4819999999999999,0.4310213886663192,False,False
F13_167_04,F13,167,4,0.481,0.481,3,3,1,1,0,1,0,0,0,-1,0.4809999999999999,0.4298266685590508,False,False
F13_167_05,F13,167,5,0.481,0.481,3,3,1,1,0,1,0,0,0,-1,0.4809999999999999,0.4290154620508243,False,False
F13_167_06,F13,167,6,0.481,0.481,3,3,1,1,0,1,0,0,0,-1,0.4809999999999999,0.4275694311915976,False,False
F13_167_07,F13,167,7,0.47,0.47,2,2,7,1,0,1,1,0,0,-1,0.4699999999999999,0.4260553434608553,False,False
F13_167_08,F13,167,8,0.441,0.441,3,3,1,1,0,1,0,0,0,-1,0.441,0.4263880555108137,False,False
F13_167_09,F13,167,9,0.444,0.444,3,3,4,1,0,1,0,0,0,-1,0.444,0.4196870643034348,False,False
F13_167_10,F13,167,10,0.438,0.438,3,3,8,1,0,1,0,0,0,-1,0.438,0.4206405955120455,False,False
F13_167_11,F13,167,11,0.414,0.414,3,3,4,1,0,1,0,0,0,-1,0.4139999999999999,0.4165274234331353,False,False
F13_167_12,F13,167,12,0.425,0.425,3,3,5,1,1,1,0,0,0,-1,0.4249999999999999,0.4226488417559175,False,False
F13_167_13,F13,167,13,0.428,0.428,3,3,8,1,0,1,0,0,0,-1,0.4279999999999999,0.4285537703545746,False,False
F13_167_14,F13,167,14,0.405,0.405,3,3,5,1,1,1,0,0,0,-1,0.405,0.4351532705846868,False,False
F13_167_15,F13,167,15,0.417,0.417,3,3,7,1,0,1,0,0,0,-1,0.4169999999999999,0.4384130346003483,False,False
F13_167_16,F13,167,16,0.413,0.413,3,3,3,1,0,1,0,0,0,-1,0.4129999999999999,0.4455034248285595,False,False
F13_167_17,F13,167,17,0.384,0.384,3,3,4,1,0,1,0,0,0,-1,0.384,0.4414708409459087,False,False
F13_167_18,F13,167,18,0.386,0.386,3,3,6,1,0,1,0,0,0,-1,0.386,0.4395255672153904,False,False
F13_167_19,F13,167,19,0.387,0.387,3,3,7,1,0,1,0,0,0,-1,0.387,0.4397530418801229,False,False
F13_167_20,F13,167,20,0.387,0.387,3,3,7,1,0,1,0,0,0,-1,0.387,0.4390996468728252,False,False
F13_167_21,F13,167,21,0.388,0.388,3,3,8,1,0,1,0,0,0,-1,0.388,0.4403515617438004,False,False
F13_167_22,F13,167,22,0.388,0.388,3,3,8,1,0,1,0,0,0,-1,0.388,0.4407439260657043,False,False
F13_167_23,F13,167,23,0.388,0.388,3,3,8,1,0,1,0,0,0,-1,0.388,0.439326272738569,False,False
F13_168_00,F13,168,0,0.688,0.688,3,3,8,1,0,1,0,0,0,-1,0.688,0.9383260941591136,False,False
F13_168_01,F13,168,1,0.682,0.682,3,3,2,1,0,1,0,0,0,-1,0.682,0.9271256635377236,False,False
F13_168_02,F13,168,2,0.677,0.677,3,3,7,1,0,1,0,0,0,-1,0.677,0.9233441336500812,False,False
F13_168_03,F13,168,3,0.67,0.67,2,2,7,1,0,1,1,0,0,-1,0.67,0.8840522395412383,False,False
F13_168_04,F13,168,4,0.663,0.663,3,3,3,1,0,1,0,0,0,-1,0.663,0.8588944631381483,False,False
F13_168_05,F13,168,5,0.66,0.66,2,2,6,1,0,1,1,0,0,-1,0.66,0.8512985367448899,False,False
F13_168_06,F13,168,6,0.657,0.657,3,3,7,1,0,1,0,0,0,-1,0.657,0.8425722072149799,False,False
F13_168_07,F13,168,7,0.654,0.654,3,3,4,1,0,1,0,0,0,-1,0.654,0.8365535603989618,False,False
F13_168_08,F13,168,8,0.65,0.65,2,2,5,1,1,1,1,0,0,-1,0.65,0.8122956783714752,False,False
F13_168_09,F13,168,9,0.644,0.644,3,3,4,1,0,1,0,0,0,-1,0.644,0.8555317706058545,False,False
F13_168_10,F13,168,10,0.641,0.641,3,3,1,1,0,1,0,0,0,-1,0.641,0.838587677345618,False,False
F13_168_11,F13,168,11,0.645,0.645,3,3,5,1,1,1,0,0,0,-1,0.645,0.8415180982400889,False,False
F13_168_12,F13,168,12,0.654,0.654,3,3,4,1,0,1,0,0,0,-1,0.654,0.8563205222390744,False,False
F13_168_13,F13,168,13,0.67,0.67,2,2,7,1,0,1,1,0,0,-1,0.67,0.8568358755120948,False,False
F13_168_14,F13,168,14,0.678,0.678,3,3,8,1,0,1,0,0,0,-1,0.678,0.8681834770974588,False,False
F13_168_15,F13,168,15,0.679,0.679,3,3,9,1,0,1,0,0,0,-1,0.679,0.8663926210897769,False,False
F13_168_16,F13,168,16,0.688,0.688,3,3,8,1,0,1,0,0,0,-1,0.688,0.8805459469505321,False,False
F13_168_17,F13,168,17,0.732,0.732,3,3,2,1,0,1,0,0,0,-1,0.7319999999999999,0.8715579467071269,False,False
F13_168_18,F13,168,18,0.719,0.719,3,3,9,1,0,1,0,0,0,-1,0.7189999999999999,0.8628314022866345,False,False
F13_168_19,F13,168,19,0.697,0.697,3,3,7,1,0,1,0,0,0,-1,0.697,0.8544949337669907,False,False
F13_168_20,F13,168,20,0.678,0.678,3,3,8,1,0,1,0,0,0,-1,0.678,0.8414230823714858,False,False
F13_168_21,F13,168,21,0.661,0.661,3,3,1,1,0,1,0,0,0,-1,0.661,0.8615269616530925,False,False
F13_168_22,F13,168,22,0.644,0.644,3,3,4,1,0,1,0,0,0,-1,0.644,0.8642062867894194,False,False
F13_168_23,F13,168,23,0.63,0.63,2,2,3,1,0,1,1,0,0,-1,0.63,0.8440152488460507,False,False
F13_169_00,F13,169,0,0.79,0.79,2,2,9,1,0,1,1,0,0,-1,0.79,0.7496827313572106,False,False
F13_169_01,F13,169,1,0.784,0.784,3,3,4,1,0,1,0,0,0,-1,0.784,0.7523843335887349,False,False
F13_169_02,F13,169,2,0.778,0.778,3,3,8,1,0,1,0,0,0,-1,0.778,0.7490216146865067,False,False
F13_169_03,F13,169,3,0.774,0.774,3,3,4,1,0,1,0,0,0,-1,0.774,0.7511493882752559,False,False
F13_169_04,F13,169,4,0.77,0.77,2,2,7,1,0,1,1,0,0,-1,0.77,0.7571846904250304,False,False
F13_169_05,F13,169,5,0.765,0.765,3,3,5,1,1,1,0,0,0,-1,0.765,0.7561455459063481,False,False
F13_169_06,F13,169,6,0.761,0.761,3,3,1,1,0,1,0,0,0,-1,0.761,0.749853824945974,False,False
F13_169_07,F13,169,7,0.758,0.758,3,3,8,1,0,1,0,0,0,-1,0.758,0.7477012413679458,False,False
F13_169_08,F13,169,8,0.766,0.766,3,3,6,1,0,1,0,0,0,-1,0.766,0.7452434205810488,False,False
F13_169_09,F13,169,9,0.777,0.777,3,3,7,1,0,1,0,0,0,-1,0.777,0.7460287817749865,False,False
F13_169_10,F13,169,10,0.792,0.792,3,3,2,1,0,1,0,0,0,-1,0.792,0.7564043997822507,False,False
F13_169_11,F13,169,11,0.812,0.812,3,3,2,1,0,1,0,0,0,-1,0.812,0.771078647486405,False,False
F13_169_12,F13,169,12,0.836,0.836,3,3,6,1,0,1,0,0,0,-1,0.8359999999999999,0.7963405110087846,False,False
F13_169_13,F13,169,13,0.855,0.855,3,3,5,1,1,1,0,0,0,-1,0.8549999999999999,0.8061208126162523,False,False
F13_169_14,F13,169,14,0.868,0.868,3,3,8,1,0,1,0,0,0,-1,0.8679999999999999,0.8538174631677073,False,False
F13_169_15,F13,169,15,0.881,0.881,3,3,1,1,0,1,0,0,0,-1,0.881,0.8757671595142249,False,False
F13_169_16,F13,169,16,0.888,0.888,3,3,8,1,0,1,0,0,0,-1,0.888,0.9129781373793596,False,False
F13_169_17,F13,169,17,0.889,0.889,3,3,9,1,0,1,0,0,0,-1,0.889,0.9085762307893618,False,False
F13_169_18,F13,169,18,0.881,0.881,3,3,1,1,0,1,0,0,0,-1,0.881,0.8979195871743357,False,False
F13_169_19,F13,169,19,0.869,0.869,3,3,9,1,0,1,0,0,0,-1,0.8689999999999999,0.8553528755841943,False,False
F13_169_20,F13,169,20,0.859,0.859,3,3,9,1,0,1,0,0,0,-1,0.8589999999999999,0.8485675950791185,False,False
F13_169_21,F13,169,21,0.85,0.85,2,2,5,1,1,1,1,0,0,-1,0.8499999999999999,0.8352261874058885,False,False
F13_169_22,F13,169,22,0.841,0.841,3,3,1,1,0,1,0,0,0,-1,0.8409999999999999,0.8260947677936272,False,False
F13_169_23,F13,169,23,0.831,0.831,3,3,1,1,0,1,0,0,0,-1,0.8309999999999998,0.8184941180525162,False,False
F13_170_00,F13,170,0,0.418,0.418,3,3,8,1,0,1,0,0,0,-1,0.4179999999999999,0.46418807526243,False,False
F13_170_01,F13,170,1,0.418,0.418,3,3,8,1,0,1,0,0,0,-1,0.4179999999999999,0.4422340581980478,False,False
F13_170_02,F13,170,2,0.418,0.418,3,3,8,1,0,1,0,0,0,-1,0.4179999999999999,0.4378420736031603,False,False
F13_170_03,F13,170,3,0.418,0.418,3,3,8,1,0,1,0,0,0,-1,0.4179999999999999,0.4352565210333367,False,False
F13_170_04,F13,170,4,0.418,0.418,3,3,8,1,0,1,0,0,0,-1,0.4179999999999999,0.4318611200023899,False,False
F13_170_05,F13,170,5,0.417,0.417,3,3,7,1,0,1,0,0,0,-1,0.4169999999999999,0.4293633863449156,False,False
F13_170_06,F13,170,6,0.416,0.416,3,3,6,1,0,1,0,0,0,-1,0.4159999999999999,0.426086106828307,False,False
F13_170_07,F13,170,7,0.411,0.411,3,3,1,1,0,1,0,0,0,-1,0.4109999999999999,0.4227740589890211,False,False
F13_170_08,F13,170,8,0.379,0.379,3,3,9,1,0,1,0,0,0,-1,0.379,0.4187041625890663,False,False
F13_170_09,F13,170,9,0.38,0.38,2,2,8,1,0,1,1,0,0,-1,0.38,0.4151320002837611,False,False
F13_170_10,F13,170,10,0.385,0.385,3,3,5,1,1,1,0,0,0,-1,0.385,0.4125547918669718,False,False
F13_170_11,F13,170,11,0.397,0.397,3,3,7,1,0,1,0,0,0,-1,0.397,0.4195647495184066,False,False
F13_170_12,F13,170,12,0.412,0.412,3,3,2,1,0,1,0,0,0,-1,0.4119999999999999,0.4284963242934847,False,False
F13_170_13,F13,170,13,0.431,0.431,3,3,1,1,0,1,0,0,0,-1,0.4309999999999999,0.4292604025501984,False,False
F13_170_14,F13,170,14,0.452,0.452,3,3,2,1,0,1,0,0,0,-1,0.452,0.4287126761162062,False,False
F13_170_15,F13,170,15,0.474,0.474,3,3,4,1,0,1,0,0,0,-1,0.4739999999999999,0.4360470392799447,False,False
F13_170_16,F13,170,16,0.484,0.484,3,3,4,1,0,1,0,0,0,-1,0.4839999999999999,0.4358432965882897,False,False
F13_170_17,F13,170,17,0.482,0.482,3,3,2,1,0,1,0,0,0,-1,0.4819999999999999,0.4361312968372362,False,False
F13_170_18,F13,170,18,0.476,0.476,3,3,6,1,0,1,0,0,0,-1,0.4759999999999999,0.4421779470707911,False,False
F13_170_19,F13,170,19,0.471,0.471,3,3,1,1,0,1,0,0,0,-1,0.4709999999999999,0.443591343336504,False,False
F13_170_20,F13,170,20,0.467,0.467,3,3,7,1,0,1,0,0,0,-1,0.467,0.4435924748770812,False,False
F13_170_21,F13,170,21,0.464,0.464,3,3,4,1,0,1,0,0,0,-1,0.464,0.4435281996873207,False,False
F13_170_22,F13,170,22,0.463,0.463,3,3,3,1,0,1,0,0,0,-1,0.463,0.4430533252083697,False,False
F13_170_23,F13,170,23,0.462,0.462,3,3,2,1,0,1,0,0,0,-1,0.462,0.4429565474062642,False,False
F13_171_00,F13,171,0,0.83,0.83,2,2,3,1,0,1,1,0,0,-1,0.8299999999999998,0.933814853933562,False,False
F13_171_01,F13,171,1,0.825,0.825,3,3,5,1,1,1,0,0,0,-1,0.8249999999999998,0.910509743452638,False,False
F13_171_02,F13,171,2,0.822,0.822,3,3,2,1,0,1,0,0,0,-1,0.822,0.9053397664057936,False,False
F13_171_03,F13,171,3,0.818,0.818,3,3,8,1,0,1,0,0,0,-1,0.818,0.8945746027946317,False,False
F13_171_04,F13,171,4,0.817,0.817,3,3,7,1,0,1,0,0,0,-1,0.817,0.8914994661394917,False,False
F13_171_05,F13,171,5,0.816,0.816,3,3,6,1,0,1,0,0,0,-1,0.816,0.8866839867534421,False,False
F13_171_06,F13,171,6,0.817,0.817,3,3,7,1,0,1,0,0,0,-1,0.817,0.8942241514861318,False,False
F13_171_07,F13,171,7,0.831,0.831,3,3,1,1,0,1,0,0,0,-1,0.8309999999999998,0.8845037787127789,False,False
F13_171_08,F13,171,8,0.873,0.873,3,3,3,1,0,1,0,0,0,-1,0.873,0.8818587627539137,False,False
F13_171_09,F13,171,9,0.878,0.878,3,3,8,1,0,1,0,0,0,-1,0.878,0.8850818768088488,False,False
F13_171_10,F13,171,10,0.876,0.876,3,3,6,1,0,1,0,0,0,-1,0.876,0.8749962082224078,False,False
F13_171_11,F13,171,11,0.868,0.868,3,3,8,1,0,1,0,0,0,-1,0.8679999999999999,0.906084488413078,False,False
F13_171_12,F13,171,12,0.904,0.904,3,3,4,1,0,1,0,0,0,-1,0.904,0.8736637174596761,False,False
F13_171_13,F13,171,13,0.903,0.903,3,3,3,1,0,1,0,0,0,-1,0.903,0.9007527855515192,False,False
F13_171_14,F13,171,14,0.911,0.911,3,3,1,1,0,1,0,0,0,-1,0.911,0.8863882901745794,False,False
F13_171_15,F13,171,15,0.911,0.911,3,3,1,1,0,1,0,0,0,-1,0.911,0.9358326756527972,False,False
F13_171_16,F13,171,16,0.91,0.91,2,2,1,1,0,1,1,0,0,-1,0.91,0.9653169389839884,False,False
F13_171_17,F13,171,17,0.915,0.915,3,3,5,1,1,1,0,0,0,-1,0.915,0.9582683717219976,False,False
F13_171_18,F13,171,18,0.911,0.911,3,3,1,1,0,1,0,0,0,-1,0.911,0.9515351356072804,False,False
F13_171_19,F13,171,19,0.906,0.906,3,3,6,1,0,1,0,0,0,-1,0.906,0.934455616918153,False,False
F13_171_20,F13,171,20,0.902,0.902,3,3,2,1,0,1,0,0,0,-1,0.902,0.916107568493229,False,False
F13_171_21,F13,171,21,0.896,0.896,3,3,6,1,0,1,0,0,0,-1,0.896,0.9148107464920427,False,False
F13_171_22,F13,171,22,0.89,0.89,2,2,9,1,0,1,1,0,0,-1,0.89,0.9225385819757084,False,False
F13_171_23,F13,171,23,0.885,0.885,3,3,5,1,1,1,0,0,0,-1,0.885,0.9133710208021067,False,False
F13_172_00,F13,172,0,0.859,0.859,3,3,9,1,0,1,0,0,0,-1,0.8589999999999999,0.8281104805464194,False,False
F13_172_01,F13,172,1,0.853,0.853,3,3,3,1,0,1,0,0,0,-1,0.8529999999999999,0.8190672344021847,False,False
F13_172_02,F13,172,2,0.848,0.848,3,3,8,1,0,1,0,0,0,-1,0.8479999999999999,0.8171762486666516,False,False
F13_172_03,F13,172,3,0.844,0.844,3,3,4,1,0,1,0,0,0,-1,0.8439999999999999,0.8133367312746334,False,False
F13_172_04,F13,172,4,0.842,0.842,3,3,2,1,0,1,0,0,0,-1,0.8419999999999999,0.8102085462950513,False,False
F13_172_05,F13,172,5,0.84,0.84,2,2,4,1,0,1,1,0,0,-1,0.8399999999999999,0.8090627765522131,False,False
F13_172_06,F13,172,6,0.839,0.839,3,3,9,1,0,1,0,0,0,-1,0.8389999999999999,0.8074912437072596,False,False
F13_172_07,F13,172,7,0.836,0.836,3,3,6,1,0,1,0,0,0,-1,0.8359999999999999,0.8073348844465051,False,False
F13_172_08,F13,172,8,0.841,0.841,3,3,1,1,0,1,0,0,0,-1,0.8409999999999999,0.8043182932473151,False,False
F13_172_09,F13,172,9,0.849,0.849,3,3,9,1,0,1,0,0,0,-1,0.8489999999999999,0.8161809194450955,False,False
F13_172_10,F13,172,10,0.86,0.86,2,2,6,1,0,1,1,0,0,-1,0.8599999999999999,0.8227712953400609,False,False
F13_172_11,F13,172,11,0.88,0.88,2,2,8,1,0,1,1,0,0,-1,0.88,0.8233184562130206,False,False
F13_172_12,F13,172,12,0.903,0.903,3,3,3,1,0,1,0,0,0,-1,0.903,0.8915756472740064,False,False
F13_172_13,F13,172,13,0.926,0.926,3,3,6,1,0,1,0,0,0,-1,0.926,1.006978097375098,False,False
F13_172_14,F13,172,14,1.025,1.025,3,4,5,1,1,1,0,0,0,0,1.025,1.1267394148792271,False,False
F13_172_15,F13,172,15,1.41,1.41,2,3,1,1,0,1,1,0,0,0,1.41,1.1951408384327649,False,False
F13_172_16,F13,172,16,1.558,1.558,3,4,8,1,0,1,0,0,0,0,1.558,1.2247350509632675,False,False
F13_172_17,F13,172,17,1.479,1.479,3,4,9,1,0,1,0,0,0,0,1.479,1.2441737440593683,False,False
F13_172_18,F13,172,18,1.28,1.28,2,3,8,1,0,1,1,0,0,0,1.28,1.2023515019783766,False,False
F13_172_19,F13,172,19,1.037,1.037,3,4,7,1,0,1,0,0,0,0,1.037,1.1406369697153882,False,False
F13_172_20,F13,172,20,0.941,0.941,3,3,1,1,0,1,0,0,0,-1,0.941,1.0891244177473145,False,False
F13_172_21,F13,172,21,0.92,0.92,2,2,2,1,0,1,1,0,0,-1,0.92,1.0485778592260386,False,False
F13_172_22,F13,172,22,0.909,0.909,3,3,9,1,0,1,0,0,0,-1,0.909,1.0161467326376874,False,False
F13_172_23,F13,172,23,0.902,0.902,3,3,2,1,0,1,0,0,0,-1,0.902,0.9937930746055768,False,False
F13_173_00,F13,173,0,0.417,0.417,3,3,7,1,0,1,0,0,0,-1,0.4169999999999999,0.488421527464396,False,False
F13_173_01,F13,173,1,0.417,0.417,3,3,7,1,0,1,0,0,0,-1,0.4169999999999999,0.4856485873056437,False,False
F13_173_02,F13,173,2,0.417,0.417,3,3,7,1,0,1,0,0,0,-1,0.4169999999999999,0.4868380744252985,False,False
F13_173_03,F13,173,3,0.418,0.418,3,3,8,1,0,1,0,0,0,-1,0.4179999999999999,0.5103834553273486,False,False
F13_173_04,F13,173,4,0.42,0.42,2,2,2,1,0,1,1,0,0,-1,0.4199999999999999,0.4941715384883295,False,False
F13_173_05,F13,173,5,0.421,0.421,3,3,1,1,0,1,0,0,0,-1,0.4209999999999999,0.4789077062173189,False,False
F13_173_06,F13,173,6,0.421,0.421,3,3,1,1,0,1,0,0,0,-1,0.4209999999999999,0.4731725653191294,False,False
F13_173_07,F13,173,7,0.422,0.422,3,3,2,1,0,1,0,0,0,-1,0.4219999999999999,0.4663876439101526,False,False
F13_173_08,F13,173,8,0.423,0.423,3,3,3,1,0,1,0,0,0,-1,0.4229999999999999,0.46157135233618,False,False
F13_173_09,F13,173,9,0.426,0.426,3,3,6,1,0,1,0,0,0,-1,0.4259999999999999,0.4655704332615357,False,False
F13_173_10,F13,173,10,0.433,0.433,3,3,3,1,0,1,0,0,0,-1,0.433,0.4653375370470144,False,False
F13_173_11,F13,173,11,0.444,0.444,3,3,4,1,0,1,0,0,0,-1,0.444,0.4564292149784558,False,False
F13_173_12,F13,173,12,0.436,0.436,3,3,6,1,0,1,0,0,0,-1,0.436,0.4603843476018456,False,False
F13_173_13,F13,173,13,0.421,0.421,3,3,1,1,0,1,0,0,0,-1,0.4209999999999999,0.4670034246511473,False,False
F13_173_14,F13,173,14,0.433,0.433,3,3,3,1,0,1,0,0,0,-1,0.433,0.4704609229275303,False,False
F13_173_15,F13,173,15,0.447,0.447,3,3,7,1,0,1,0,0,0,-1,0.447,0.4696430633274167,False,False
F13_173_16,F13,173,16,0.455,0.455,3,3,5,1,1,1,0,0,0,-1,0.455,0.4896398010859761,False,False
F13_173_17,F13,173,17,0.413,0.413,3,3,3,1,0,1,0,0,0,-1,0.4129999999999999,0.4685252091344592,False,False
F13_173_18,F13,173,18,0.406,0.406,3,3,6,1,0,1,0,0,0,-1,0.406,0.4720021254618733,False,False
F13_173_19,F13,173,19,0.405,0.405,3,3,5,1,1,1,0,0,0,-1,0.405,0.4716774210880178,False,False
F13_173_20,F13,173,20,0.403,0.403,3,3,3,1,0,1,0,0,0,-1,0.403,0.4791971875848157,False,False
F13_173_21,F13,173,21,0.402,0.402,3,3,2,1,0,1,0,0,0,-1,0.402,0.4784277611019652,False,False
F13_173_22,F13,173,22,0.401,0.401,3,3,1,1,0,1,0,0,0,-1,0.401,0.4774821102116932,False,False
F13_173_23,F13,173,23,0.401,0.401,3,3,1,1,0,1,0,0,0,-1,0.401,0.4782046604334283,False,False
F13_174_00,F13,174,0,0.923,0.923,3,3,3,1,0,1,0,0,0,-1,0.923,0.7394079758201009,False,False
F13_174_01,F13,174,1,0.919,0.919,3,3,9,1,0,1,0,0,0,-1,0.919,0.7620297055270024,False,False
F13_174_02,F13,174,2,0.916,0.916,3,3,6,1,0,1,0,0,0,-1,0.916,0.7588940209391705,False,False
F13_174_03,F13,174,3,0.913,0.913,3,3,3,1,0,1,0,0,0,-1,0.913,0.7603944492192302,False,False
F13_174_04,F13,174,4,0.911,0.911,3,3,1,1,0,1,0,0,0,-1,0.911,0.7660139438522237,False,False
F13_174_05,F13,174,5,0.908,0.908,3,3,8,1,0,1,0,0,0,-1,0.908,0.7689019415727272,False,False
F13_174_06,F13,174,6,0.905,0.905,3,3,5,1,1,1,0,0,0,-1,0.905,0.7674157785315998,False,False
F13_174_07,F13,174,7,0.902,0.902,3,3,2,1,0,1,0,0,0,-1,0.902,0.7589813584521679,False,False
F13_174_08,F13,174,8,0.917,0.917,3,3,7,1,0,1,0,0,0,-1,0.917,0.7717364284245108,False,False
F13_174_09,F13,174,9,0.933,0.933,3,3,3,1,0,1,0,0,0,-1,0.933,0.8001815788225973,False,False
F13_174_10,F13,174,10,0.947,0.947,3,3,7,1,0,1,0,0,0,-1,0.947,0.7888367001359093,False,False
F13_174_11,F13,174,11,0.948,0.948,3,3,8,1,0,1,0,0,0,-1,0.948,0.7804802477786261,False,False
F13_174_12,F13,174,12,0.957,0.957,3,3,7,1,0,1,0,0,0,-1,0.957,0.8335892161901494,False,False
F13_174_13,F13,174,13,0.964,0.964,3,3,4,1,0,1,0,0,0,-1,0.964,0.8740048061294823,False,False
F13_174_14,F13,174,14,0.97,0.97,2,2,7,1,0,1,1,0,0,-1,0.97,0.8725946924659933,False,False
F13_174_15,F13,174,15,0.97,0.97,2,2,7,1,0,1,1,0,0,-1,0.97,0.8549907376872067,False,False
F13_174_16,F13,174,16,0.981,0.981,3,3,1,1,0,1,0,0,0,-1,0.981,0.8470328046135435,False,False
F13_174_17,F13,174,17,1.006,1.006,3,4,6,1,0,1,0,0,0,0,1.006,0.869902641137738,False,False
F13_174_18,F13,174,18,0.998,0.998,3,3,8,1,0,1,0,0,0,-1,0.998,0.8893872294836955,False,False
F13_174_19,F13,174,19,0.979,0.979,3,3,9,1,0,1,0,0,0,-1,0.979,0.8743480426017743,False,False
F13_174_20,F13,174,20,0.973,0.973,3,3,3,1,0,1,0,0,0,-1,0.973,0.8579915041495412,False,False
F13_174_21,F13,174,21,0.967,0.967,3,3,7,1,0,1,0,0,0,-1,0.967,0.8435478689000446,False,False
F13_174_22,F13,174,22,0.965,0.965,3,3,5,1,1,1,0,0,0,-1,0.965,0.8288716025162252,False,False
F13_174_23,F13,174,23,0.961,0.961,3,3,1,1,0,1,0,0,0,-1,0.961,0.8161562775700341,False,False
F13_175_00,F13,175,0,0.914,0.914,3,3,4,1,0,1,0,0,0,-1,0.914,0.8953308812578717,False,False
F13_175_01,F13,175,1,0.908,0.908,3,3,8,1,0,1,0,0,0,-1,0.908,0.8786994365661491,False,False
F13_175_02,F13,175,2,0.902,0.902,3,3,2,1,0,1,0,0,0,-1,0.902,0.8641185695196713,False,False
F13_175_03,F13,175,3,0.897,0.897,3,3,7,1,0,1,0,0,0,-1,0.897,0.8413782157387301,False,False
F13_175_04,F13,175,4,0.891,0.891,3,3,1,1,0,1,0,0,0,-1,0.891,0.8315872313713417,False,False
F13_175_05,F13,175,5,0.886,0.886,3,3,6,1,0,1,0,0,0,-1,0.886,0.825504342698024,False,False
F13_175_06,F13,175,6,0.881,0.881,3,3,1,1,0,1,0,0,0,-1,0.881,0.8258098373111435,False,False
F13_175_07,F13,175,7,0.877,0.877,3,3,7,1,0,1,0,0,0,-1,0.877,0.8384029489925378,False,False
F13_175_08,F13,175,8,0.884,0.884,3,3,4,1,0,1,0,0,0,-1,0.884,0.8243191061411052,False,False
F13_175_09,F13,175,9,0.894,0.894,3,3,4,1,0,1,0,0,0,-1,0.894,0.8315847691207338,False,False
F13_175_10,F13,175,10,0.91,0.91,2,2,1,1,0,1,1,0,0,-1,0.91,0.8558513345641398,False,False
F13_175_11,F13,175,11,0.932,0.932,3,3,2,1,0,1,0,0,0,-1,0.932,0.891193451612515,False,False
F13_175_12,F13,175,12,0.992,0.992,3,3,2,1,0,1,0,0,0,-1,0.992,0.916790176437221,False,False
F13_175_13,F13,175,13,1.205,1.205,3,4,5,1,1,1,0,0,0,0,1.205,0.9818361484644768,False,False
F13_175_14,F13,175,14,1.784,1.784,3,4,4,1,0,1,0,0,0,0,1.784,1.065271079906157,False,False
F13_175_15,F13,175,15,2.139,2.139,3,4,9,1,0,1,0,0,0,0,2.139,1.1136596924852846,False,False
F13_175_16,F13,175,16,2.215,2.215,3,4,5,1,1,1,0,0,0,0,2.215,1.126803150898516,False,False
F13_175_17,F13,175,17,2.19,2.19,2,3,9,1,0,1,1,0,0,0,2.19,1.1705302615308846,False,False
F13_175_18,F13,175,18,2.087,2.087,3,4,7,1,0,1,0,0,0,0,2.087,1.1657972450161622,False,False
F13_175_19,F13,175,19,1.895,1.895,3,4,5,1,1,1,0,0,0,0,1.895,1.122795820093399,False,False
F13_175_20,F13,175,20,1.635,1.635,3,4,5,1,1,1,0,0,0,0,1.635,1.1177621888596496,False,False
F13_175_21,F13,175,21,1.365,1.365,3,4,5,1,1,1,0,0,0,0,1.365,1.093777315150858,False,False
F13_175_22,F13,175,22,1.157,1.157,3,4,7,1,0,1,0,0,0,0,1.157,1.0588788845823598,False,False
F13_175_23,F13,175,23,1.038,1.038,3,4,8,1,0,1,0,0,0,0,1.038,1.025030211548954,False,False
F13_176_00,F13,176,0,0.408,0.408,3,3,8,1,0,1,0,0,0,-1,0.4079999999999999,0.4331019744810409,False,False
F13_176_01,F13,176,1,0.408,0.408,3,3,8,1,0,1,0,0,0,-1,0.4079999999999999,0.4307439426967559,False,False
F13_176_02,F13,176,2,0.407,0.407,3,3,7,1,0,1,0,0,0,-1,0.4069999999999999,0.4270715958170157,False,False
F13_176_03,F13,176,3,0.407,0.407,3,3,7,1,0,1,0,0,0,-1,0.4069999999999999,0.4317183213968468,False,False
F13_176_04,F13,176,4,0.407,0.407,3,3,7,1,0,1,0,0,0,-1,0.4069999999999999,0.4303937498630272,False,False
F13_176_05,F13,176,5,0.407,0.407,3,3,7,1,0,1,0,0,0,-1,0.4069999999999999,0.4242526259998548,False,False
F13_176_06,F13,176,6,0.408,0.408,3,3,8,1,0,1,0,0,0,-1,0.4079999999999999,0.4194348510785683,False,False
F13_176_07,F13,176,7,0.409,0.409,3,3,9,1,0,1,0,0,0,-1,0.4089999999999999,0.4219812214032479,False,False
F13_176_08,F13,176,8,0.41,0.41,2,2,1,1,0,1,1,0,0,-1,0.4099999999999999,0.428811853020581,False,False
F13_176_09,F13,176,9,0.411,0.411,3,3,1,1,0,1,0,0,0,-1,0.4109999999999999,0.4331193062301954,False,False
F13_176_10,F13,176,10,0.417,0.417,3,3,7,1,0,1,0,0,0,-1,0.4169999999999999,0.4189168541859591,False,False
F13_176_11,F13,176,11,0.435,0.435,3,3,5,1,1,1,0,0,0,-1,0.435,0.4194731687624329,False,False
F13_176_12,F13,176,12,0.451,0.451,3,3,1,1,0,1,0,0,0,-1,0.451,0.4212901711305988,False,False
F13_176_13,F13,176,13,0.438,0.438,3,3,8,1,0,1,0,0,0,-1,0.438,0.4267516129996168,False,False
F13_176_14,F13,176,14,0.456,0.456,3,3,6,1,0,1,0,0,0,-1,0.456,0.4273918267861034,False,False
F13_176_15,F13,176,15,0.478,0.478,3,3,8,1,0,1,0,0,0,-1,0.4779999999999999,0.429316810293942,False,False
F13_176_16,F13,176,16,0.496,0.496,3,3,6,1,0,1,0,0,0,-1,0.496,0.4344431925268447,False,False
F13_176_17,F13,176,17,0.454,0.454,3,3,4,1,0,1,0,0,0,-1,0.454,0.4463138310517473,False,False
F13_176_18,F13,176,18,0.429,0.429,3,3,9,1,0,1,0,0,0,-1,0.4289999999999999,0.445258136204466,False,False
F13_176_19,F13,176,19,0.423,0.423,3,3,3,1,0,1,0,0,0,-1,0.4229999999999999,0.4439830702694653,False,False
F13_176_20,F13,176,20,0.418,0.418,3,3,8,1,0,1,0,0,0,-1,0.4179999999999999,0.4369434658161817,False,False
F13_176_21,F13,176,21,0.413,0.413,3,3,3,1,0,1,0,0,0,-1,0.4129999999999999,0.439226327354221,False,False
F13_176_22,F13,176,22,0.411,0.411,3,3,1,1,0,1,0,0,0,-1,0.4109999999999999,0.4390401698788136,False,False
F13_176_23,F13,176,23,0.409,0.409,3,3,9,1,0,1,0,0,0,-1,0.4089999999999999,0.4380155393514043,False,False
F13_177_00,F13,177,0,0.979,0.979,3,3,9,1,0,1,0,0,0,-1,0.979,0.8646872832396784,False,False
F13_177_01,F13,177,1,0.973,0.973,3,3,3,1,0,1,0,0,0,-1,0.973,0.9200055778761214,False,False
F13_177_02,F13,177,2,0.968,0.968,3,3,8,1,0,1,0,0,0,-1,0.968,0.9260481335703724,False,False
F13_177_03,F13,177,3,0.966,0.966,3,3,6,1,0,1,0,0,0,-1,0.966,0.9307871903428164,False,False
F13_177_04,F13,177,4,0.964,0.964,3,3,4,1,0,1,0,0,0,-1,0.964,0.93417603158853,False,False
F13_177_05,F13,177,5,0.964,0.964,3,3,4,1,0,1,0,0,0,-1,0.964,0.9364075654655116,False,False
F13_177_06,F13,177,6,0.963,0.963,3,3,3,1,0,1,0,0,0,-1,0.963,0.9308360180161316,False,False
F13_177_07,F13,177,7,0.963,0.963,3,3,3,1,0,1,0,0,0,-1,0.963,0.9045789934087752,False,False
F13_177_08,F13,177,8,0.994,0.994,3,3,4,1,0,1,0,0,0,-1,0.994,0.9317893353575608,False,False
F13_177_09,F13,177,9,1.019,1.019,3,4,9,1,0,1,0,0,0,0,1.019,0.9210175660464927,False,False
F13_177_10,F13,177,10,1.036,1.036,3,4,6,1,0,1,0,0,0,0,1.036,0.9171205244240476,False,False
F13_177_11,F13,177,11,1.033,1.033,3,4,3,1,0,1,0,0,0,0,1.033,0.9546353746541733,False,False
F13_177_12,F13,177,12,1.033,1.033,3,4,3,1,0,1,0,0,0,0,1.033,0.9692374051008734,False,False
F13_177_13,F13,177,13,1.024,1.024,3,4,4,1,0,1,0,0,0,0,1.024,0.9854323466606608,False,False
F13_177_14,F13,177,14,1.026,1.026,3,4,6,1,0,1,0,0,0,0,1.026,1.0242857418604423,False,False
F13_177_15,F13,177,15,1.028,1.028,3,4,8,1,0,1,0,0,0,0,1.028,0.9906960954402664,False,False
F13_177_16,F13,177,16,1.037,1.037,3,4,7,1,0,1,0,0,0,0,1.037,1.023938315847568,False,False
F13_177_17,F13,177,17,1.049,1.049,3,4,9,1,0,1,0,0,0,0,1.049,1.0366149927710706,False,False
F13_177_18,F13,177,18,1.047,1.047,3,4,7,1,0,1,0,0,0,0,1.047,1.0954429606788447,False,False
F13_177_19,F13,177,19,1.038,1.038,3,4,8,1,0,1,0,0,0,0,1.038,1.0897796273722444,False,False
F13_177_20,F13,177,20,1.031,1.031,3,4,1,1,0,1,0,0,0,0,1.031,1.0691880974570196,False,False
F13_177_21,F13,177,21,1.023,1.023,3,4,3,1,0,1,0,0,0,0,1.023,1.0515238871561363,False,False
F13_177_22,F13,177,22,1.017,1.017,3,4,7,1,0,1,0,0,0,0,1.017,1.03295378516451,False,False
F13_177_23,F13,177,23,0.948,0.948,3,3,8,1,0,1,0,0,0,-1,0.948,1.0070663810504357,False,False
F13_178_00,F13,178,0,1.294,1.294,3,4,4,1,0,1,0,0,0,0,1.294,0.8357225632206775,False,False
F13_178_01,F13,178,1,1.137,1.137,3,4,7,1,0,1,0,0,0,0,1.137,0.8338947223221997,False,False
F13_178_02,F13,178,2,1.055,1.055,3,4,5,1,1,1,0,0,0,0,1.055,0.8269069669154617,False,False
F13_178_03,F13,178,3,1.015,1.015,3,4,5,1,1,1,0,0,0,0,1.015,0.8242030556076132,False,False
F13_178_04,F13,178,4,0.999,0.999,3,3,9,1,0,1,0,0,0,-1,0.999,0.8155896055302598,False,False
F13_178_05,F13,178,5,0.989,0.989,3,3,9,1,0,1,0,0,0,-1,0.989,0.8153143483400844,False,False
F13_178_06,F13,178,6,0.99,0.99,2,2,9,1,0,1,1,0,0,-1,0.99,0.8166679316543906,False,False
F13_178_07,F13,178,7,0.984,0.984,3,3,4,1,0,1,0,0,0,-1,0.984,0.8254923867985626,False,False
F13_178_08,F13,178,8,1.045,1.045,3,4,5,1,1,1,0,0,0,0,1.045,0.8211408289825192,False,False
F13_178_09,F13,178,9,1.453,1.453,3,4,3,1,0,1,0,0,0,0,1.453,0.8101565560008372,False,False
F13_178_10,F13,178,10,1.838,1.838,3,4,8,1,0,1,0,0,0,0,1.838,0.8354183169416877,False,False
F13_178_11,F13,178,11,1.964,1.964,3,4,4,1,0,1,0,0,0,0,1.964,0.8757289969491486,False,False
F13_178_12,F13,178,12,2.216,2.216,3,4,6,1,0,1,0,0,0,0,2.216,0.9366760622022454,False,False
F13_178_13,F13,178,13,2.374,2.374,3,4,4,1,0,1,0,0,0,0,2.374,1.0143683040425666,False,False
F13_178_14,F13,178,14,2.54,2.54,2,3,4,1,0,1,1,0,0,0,2.54,1.0875724994418297,False,False
F13_178_15,F13,178,15,2.673,2.673,3,4,3,1,0,1,0,0,0,0,2.673,1.1746815219955786,False,False
F13_178_16,F13,178,16,2.739,2.739,3,4,9,1,0,1,0,0,0,0,2.739,1.228413564338228,False,False
F13_178_17,F13,178,17,2.706,2.706,3,4,6,1,0,1,0,0,0,0,2.706,1.2368701235396045,False,False
F13_178_18,F13,178,18,2.631,2.631,3,4,1,1,0,1,0,0,0,0,2.631,1.213806405657976,False,False
F13_178_19,F13,178,19,2.54,2.54,2,3,4,1,0,1,1,0,0,0,2.54,1.2020254524914742,False,False
F13_178_20,F13,178,20,2.415,2.415,3,4,5,1,1,1,0,0,0,0,2.415,1.1756697639120055,False,False
F13_178_21,F13,178,21,2.311,2.311,3,4,1,1,0,1,0,0,0,0,2.311,1.1415627844055805,False,False
F13_178_22,F13,178,22,2.203,2.203,3,4,3,1,0,1,0,0,0,0,2.203,1.1190234237197498,False,False
F13_178_23,F13,178,23,2.098,2.098,3,4,8,1,0,1,0,0,0,0,2.098,1.0967594970046046,False,False
F13_179_00,F13,179,0,0.394,0.394,3,3,4,1,0,1,0,0,0,-1,0.394,0.4392954909996983,False,False
F13_179_01,F13,179,1,0.411,0.411,3,3,1,1,0,1,0,0,0,-1,0.4109999999999999,0.5447976651935739,False,False
F13_179_02,F13,179,2,0.408,0.408,3,3,8,1,0,1,0,0,0,-1,0.4079999999999999,0.5702467113240168,False,False
F13_179_03,F13,179,3,0.406,0.406,3,3,6,1,0,1,0,0,0,-1,0.406,0.5844638187096566,False,False
F13_179_04,F13,179,4,0.404,0.404,3,3,4,1,0,1,0,0,0,-1,0.404,0.5860291260269154,False,False
F13_179_05,F13,179,5,0.402,0.402,3,3,2,1,0,1,0,0,0,-1,0.402,0.5909920698586306,False,False
F13_179_06,F13,179,6,0.401,0.401,3,3,1,1,0,1,0,0,0,-1,0.401,0.5926540976418398,False,False
F13_179_07,F13,179,7,0.402,0.402,3,3,2,1,0,1,0,0,0,-1,0.402,0.5874699439577336,False,False
F13_179_08,F13,179,8,0.403,0.403,3,3,3,1,0,1,0,0,0,-1,0.403,0.576999928185685,False,False
F13_179_09,F13,179,9,0.402,0.402,3,3,2,1,0,1,0,0,0,-1,0.402,0.5639752999888912,False,False
F13_179_10,F13,179,10,0.403,0.403,3,3,3,1,0,1,0,0,0,-1,0.403,0.5713478633378795,False,False
F13_179_11,F13,179,11,0.404,0.404,3,3,4,1,0,1,0,0,0,-1,0.404,0.5674975315873866,False,False
F13_179_12,F13,179,12,0.405,0.405,3,3,5,1,1,1,0,0,0,-1,0.405,0.5247227741920514,False,False
F13_179_13,F13,179,13,0.406,0.406,3,3,6,1,0,1,0,0,0,-1,0.406,0.5257197335484675,False,False
F13_179_14,F13,179,14,0.405,0.405,3,3,5,1,1,1,0,0,0,-1,0.405,0.5292621464606281,False,False
F13_179_15,F13,179,15,0.403,0.403,3,3,3,1,0,1,0,0,0,-1,0.403,0.558680960643194,False,False
F13_179_16,F13,179,16,0.403,0.403,3,3,3,1,0,1,0,0,0,-1,0.403,0.5701312818369724,False,False
F13_179_17,F13,179,17,0.402,0.402,3,3,2,1,0,1,0,0,0,-1,0.402,0.5571875855604551,False,False
F13_179_18,F13,179,18,0.4,0.4,1,1,4,1,0,1,1,1,0,-1,0.4,0.5402554173763539,False,False
F13_179_19,F13,179,19,0.397,0.397,3,3,7,1,0,1,0,0,0,-1,0.397,0.5505490696519125,False,False
F13_179_20,F13,179,20,0.395,0.395,3,3,5,1,1,1,0,0,0,-1,0.395,0.5538924774486973,False,False
F13_179_21,F13,179,21,0.394,0.394,3,3,4,1,0,1,0,0,0,-1,0.394,0.5545011775884618,False,False
F13_179_22,F13,179,22,0.393,0.393,3,3,3,1,0,1,0,0,0,-1,0.393,0.520543562777953,False,False
F13_179_23,F13,179,23,0.391,0.391,3,3,1,1,0,1,0,0,0,-1,0.391,0.5192759877616002,False,False
F13_180_00,F13,180,0,0.215,0.215,3,3,5,1,1,1,0,0,0,-1,0.215,0.456312720638432,False,False
F13_180_01,F13,180,1,0.21,0.21,2,2,1,1,0,1,1,0,0,-1,0.2099999999999999,0.4529839051016862,False,False
F13_180_02,F13,180,2,0.22,0.22,2,2,2,1,0,1,1,0,0,-1,0.22,0.4496903045970065,False,False
F13_180_03,F13,180,3,0.201,0.201,3,3,1,1,0,1,0,0,0,-1,0.201,0.445357400606586,False,False
F13_180_04,F13,180,4,0.201,0.201,3,3,1,1,0,1,0,0,0,-1,0.201,0.4595819681124123,False,False
F13_180_05,F13,180,5,0.208,0.208,3,3,8,1,0,1,0,0,0,-1,0.2079999999999999,0.4458665382455945,False,False
F13_180_06,F13,180,6,0.199,0.199,3,3,9,1,0,1,0,0,0,-1,0.199,0.4393463943241173,False,False
F13_180_07,F13,180,7,0.207,0.207,3,3,7,1,0,1,0,0,0,-1,0.2069999999999999,0.4310781139458256,False,False
F13_180_08,F13,180,8,0.205,0.205,3,3,5,1,1,1,0,0,0,-1,0.2049999999999999,0.4048145556348373,False,False
F13_180_09,F13,180,9,0.263,0.263,3,3,3,1,0,1,0,0,0,-1,0.263,0.3920472241092491,False,False
F13_180_10,F13,180,10,0.277,0.277,3,3,7,1,0,1,0,0,0,-1,0.277,0.3980611462552035,False,False
F13_180_11,F13,180,11,0.269,0.269,3,3,9,1,0,1,0,0,0,-1,0.269,0.4046111494610549,False,False
F13_180_12,F13,180,12,0.35,0.35,2,2,5,1,1,1,1,0,0,-1,0.3499999999999999,0.3743285579345462,False,False
F13_180_13,F13,180,13,0.36,0.36,2,2,6,1,0,1,1,0,0,-1,0.3599999999999999,0.3861891143067413,False,False
F13_180_14,F13,180,14,0.326,0.326,3,3,6,1,0,1,0,0,0,-1,0.326,0.3988052699699806,False,False
F13_180_15,F13,180,15,0.328,0.328,3,3,8,1,0,1,0,0,0,-1,0.328,0.4032759779429119,False,False
F13_180_16,F13,180,16,0.375,0.375,3,3,5,1,1,1,0,0,0,-1,0.375,0.4103666451063995,False,False
F13_180_17,F13,180,17,0.378,0.378,3,3,8,1,0,1,0,0,0,-1,0.378,0.4844136622817097,False,False
F13_180_18,F13,180,18,0.378,0.378,3,3,8,1,0,1,0,0,0,-1,0.378,0.485517070370338,False,False
F13_180_19,F13,180,19,0.376,0.376,3,3,6,1,0,1,0,0,0,-1,0.376,0.4443906396491493,False,False
F13_180_20,F13,180,20,0.373,0.373,3,3,3,1,0,1,0,0,0,-1,0.373,0.4450165093772283,False,False
F13_180_21,F13,180,21,0.366,0.366,3,3,6,1,0,1,0,0,0,-1,0.3659999999999999,0.4441054906387172,False,False
F13_180_22,F13,180,22,0.362,0.362,3,3,2,1,0,1,0,0,0,-1,0.3619999999999999,0.4428796812926235,False,False
F13_180_23,F13,180,23,0.36,0.36,2,2,6,1,0,1,1,0,0,-1,0.3599999999999999,0.443248958299773,False,False
F13_181_00,F13,181,0,0.372,0.372,3,3,2,1,0,1,0,0,0,-1,0.372,0.4500893856039127,False,False
F13_181_01,F13,181,1,0.369,0.369,3,3,9,1,0,1,0,0,0,-1,0.3689999999999999,0.4475661829848474,False,False
F13_181_02,F13,181,2,0.367,0.367,3,3,7,1,0,1,0,0,0,-1,0.3669999999999999,0.444336785705427,False,False
F13_181_03,F13,181,3,0.364,0.364,3,3,4,1,0,1,0,0,0,-1,0.3639999999999999,0.438601108747653,False,False
F13_181_04,F13,181,4,0.361,0.361,3,3,1,1,0,1,0,0,0,-1,0.3609999999999999,0.4327811176674131,False,False
F13_181_05,F13,181,5,0.359,0.359,3,3,9,1,0,1,0,0,0,-1,0.3589999999999999,0.4304457873289755,False,False
F13_181_06,F13,181,6,0.356,0.356,3,3,6,1,0,1,0,0,0,-1,0.3559999999999999,0.4282718540324663,False,False
F13_181_07,F13,181,7,0.357,0.357,3,3,7,1,0,1,0,0,0,-1,0.3569999999999999,0.4217398203433714,False,False
F13_181_08,F13,181,8,0.357,0.357,3,3,7,1,0,1,0,0,0,-1,0.3569999999999999,0.3980310561090553,False,False
F13_181_09,F13,181,9,0.381,0.381,3,3,1,1,0,1,0,0,0,-1,0.381,0.3883569993373509,False,False
F13_181_10,F13,181,10,0.383,0.383,3,3,3,1,0,1,0,0,0,-1,0.383,0.3853904812809997,False,False
F13_181_11,F13,181,11,0.381,0.381,3,3,1,1,0,1,0,0,0,-1,0.381,0.3891856231426175,False,False
F13_181_12,F13,181,12,0.396,0.396,3,3,6,1,0,1,0,0,0,-1,0.396,0.3588116745964388,False,False
F13_181_13,F13,181,13,0.396,0.396,3,3,6,1,0,1,0,0,0,-1,0.396,0.3693568888989285,False,False
F13_181_14,F13,181,14,0.395,0.395,3,3,5,1,1,1,0,0,0,-1,0.395,0.3946003094080936,False,False
F13_181_15,F13,181,15,0.395,0.395,3,3,5,1,1,1,0,0,0,-1,0.395,0.4585159413375286,False,False
F13_181_16,F13,181,16,0.411,0.411,3,3,1,1,0,1,0,0,0,-1,0.4109999999999999,0.4696055566895618,False,False
F13_181_17,F13,181,17,0.405,0.405,3,3,5,1,1,1,0,0,0,-1,0.405,0.4762293535291538,False,False
F13_181_18,F13,181,18,0.402,0.402,3,3,2,1,0,1,0,0,0,-1,0.402,0.4736968480033744,False,False
F13_181_19,F13,181,19,0.402,0.402,3,3,2,1,0,1,0,0,0,-1,0.402,0.4750484672137541,False,False
F13_181_20,F13,181,20,0.401,0.401,3,3,1,1,0,1,0,0,0,-1,0.401,0.4772064640038878,False,False
F13_181_21,F13,181,21,0.399,0.399,3,3,9,1,0,1,0,0,0,-1,0.399,0.4766740217960382,False,False
F13_181_22,F13,181,22,0.399,0.399,3,3,9,1,0,1,0,0,0,-1,0.399,0.4821581364281415,False,False
F13_181_23,F13,181,23,0.398,0.398,3,3,8,1,0,1,0,0,0,-1,0.398,0.4855205826937202,False,False
F13_182_00,F13,182,0,0.341,0.341,3,3,1,1,0,1,0,0,0,-1,0.341,0.4307944525642689,False,False
F13_182_01,F13,182,1,0.341,0.341,3,3,1,1,0,1,0,0,0,-1,0.341,0.41194451102709,False,False
F13_182_02,F13,182,2,0.34,0.34,2,2,4,1,0,1,1,0,0,-1,0.34,0.4212713166274046,False,False
F13_182_03,F13,182,3,0.339,0.339,3,3,9,1,0,1,0,0,0,-1,0.339,0.4168113683953427,False,False
F13_182_04,F13,182,4,0.339,0.339,3,3,9,1,0,1,0,0,0,-1,0.339,0.4822040463731217,False,False
F13_182_05,F13,182,5,0.338,0.338,3,3,8,1,0,1,0,0,0,-1,0.338,0.4441221926067097,False,False
F13_182_06,F13,182,6,0.338,0.338,3,3,8,1,0,1,0,0,0,-1,0.338,0.4948726210353763,False,False
F13_182_07,F13,182,7,0.338,0.338,3,3,8,1,0,1,0,0,0,-1,0.338,0.4509252753013821,False,False
F13_182_08,F13,182,8,0.335,0.335,3,3,5,1,1,1,0,0,0,-1,0.335,0.4310565568656868,False,False
F13_182_09,F13,182,9,0.334,0.334,3,3,4,1,0,1,0,0,0,-1,0.334,0.4379025525699638,False,False
F13_182_10,F13,182,10,0.332,0.332,3,3,2,1,0,1,0,0,0,-1,0.332,0.4514119388915554,False,False
F13_182_11,F13,182,11,0.332,0.332,3,3,2,1,0,1,0,0,0,-1,0.332,0.4566706026186901,False,False
F13_182_12,F13,182,12,0.334,0.334,3,3,4,1,0,1,0,0,0,-1,0.334,0.4472012568458625,False,False
F13_182_13,F13,182,13,0.337,0.337,3,3,7,1,0,1,0,0,0,-1,0.337,0.4444068141515866,False,False
F13_182_14,F13,182,14,0.339,0.339,3,3,9,1,0,1,0,0,0,-1,0.339,0.4512709273793218,False,False
F13_182_15,F13,182,15,0.339,0.339,3,3,9,1,0,1,0,0,0,-1,0.339,0.4559364063965547,False,False
F13_182_16,F13,182,16,0.34,0.34,2,2,4,1,0,1,1,0,0,-1,0.34,0.4475644132943416,False,False
F13_182_17,F13,182,17,0.339,0.339,3,3,9,1,0,1,0,0,0,-1,0.339,0.4731714788264935,False,False
F13_182_18,F13,182,18,0.337,0.337,3,3,7,1,0,1,0,0,0,-1,0.337,0.4396920804869096,False,False
F13_182_19,F13,182,19,0.334,0.334,3,3,4,1,0,1,0,0,0,-1,0.334,0.4292063954648117,False,False
F13_182_20,F13,182,20,0.33,0.33,2,2,3,1,0,1,1,0,0,-1,0.33,0.4455076888636292,False,False
F13_182_21,F13,182,21,0.327,0.327,3,3,7,1,0,1,0,0,0,-1,0.327,0.4665129117380202,False,False
F13_182_22,F13,182,22,0.324,0.324,3,3,4,1,0,1,0,0,0,-1,0.324,0.4686060662347151,False,False
F13_182_23,F13,182,23,0.322,0.322,3,3,2,1,0,1,0,0,0,-1,0.322,0.4490752863240767,False,False
F13_183_00,F13,183,0,0.358,0.358,3,3,8,1,0,1,0,0,0,-1,0.3579999999999999,0.3146293587606017,False,False
F13_183_01,F13,183,1,0.356,0.356,3,3,6,1,0,1,0,0,0,-1,0.3559999999999999,0.3145076802614741,False,False
F13_183_02,F13,183,2,0.353,0.353,3,3,3,1,0,1,0,0,0,-1,0.3529999999999999,0.3128066372850044,False,False
F13_183_03,F13,183,3,0.351,0.351,3,3,1,1,0,1,0,0,0,-1,0.3509999999999999,0.3119334142637292,False,False
F13_183_04,F13,183,4,0.349,0.349,3,3,9,1,0,1,0,0,0,-1,0.3489999999999999,0.3123795708399294,False,False
F13_183_05,F13,183,5,0.347,0.347,3,3,7,1,0,1,0,0,0,-1,0.3469999999999999,0.3112451934753456,False,False
F13_183_06,F13,183,6,0.345,0.345,3,3,5,1,1,1,0,0,0,-1,0.3449999999999999,0.3085990533936239,False,False
F13_183_07,F13,183,7,0.35,0.35,2,2,5,1,1,1,1,0,0,-1,0.3499999999999999,0.3071929066010206,False,False
F13_183_08,F13,183,8,0.35,0.35,2,2,5,1,1,1,1,0,0,-1,0.3499999999999999,0.3045448618697185,False,False
F13_183_09,F13,183,9,0.35,0.35,2,2,5,1,1,1,1,0,0,-1,0.3499999999999999,0.3033873266377611,False,False
F13_183_10,F13,183,10,0.352,0.352,3,3,2,1,0,1,0,0,0,-1,0.3519999999999999,0.2986311583184859,False,False
F13_183_11,F13,183,11,0.352,0.352,3,3,2,1,0,1,0,0,0,-1,0.3519999999999999,0.3057344106369356,False,False
F13_183_12,F13,183,12,0.355,0.355,3,3,5,1,1,1,0,0,0,-1,0.3549999999999999,0.3077021636096216,False,False
F13_183_13,F13,183,13,0.359,0.359,3,3,9,1,0,1,0,0,0,-1,0.3589999999999999,0.3087440321646874,False,False
F13_183_14,F13,183,14,0.362,0.362,3,3,2,1,0,1,0,0,0,-1,0.3619999999999999,0.310410326114117,False,False
F13_183_15,F13,183,15,0.363,0.363,3,3,3,1,0,1,0,0,0,-1,0.3629999999999999,0.3031951750191571,False,False
F13_183_16,F13,183,16,0.366,0.366,3,3,6,1,0,1,0,0,0,-1,0.3659999999999999,0.3120705352670993,False,False
F13_183_17,F13,183,17,0.369,0.369,3,3,9,1,0,1,0,0,0,-1,0.3689999999999999,0.3147181676263446,False,False
F13_183_18,F13,183,18,0.37,0.37,2,2,7,1,0,1,1,0,0,-1,0.37,0.2997122657825993,False,False
F13_183_19,F13,183,19,0.367,0.367,3,3,7,1,0,1,0,0,0,-1,0.3669999999999999,0.2950690194124381,False,False
F13_183_20,F13,183,20,0.364,0.364,3,3,4,1,0,1,0,0,0,-1,0.3639999999999999,0.3014495031555309,False,False
F13_183_21,F13,183,21,0.361,0.361,3,3,1,1,0,1,0,0,0,-1,0.3609999999999999,0.3063600148058692,False,False
F13_183_22,F13,183,22,0.359,0.359,3,3,9,1,0,1,0,0,0,-1,0.3589999999999999,0.3024316200083485,False,False
F13_183_23,F13,183,23,0.358,0.358,3,3,8,1,0,1,0,0,0,-1,0.3579999999999999,0.2966951889177756,False,False
F13_195_00,F13,195,0,0.55,0.55,2,2,5,1,1,1,1,0,0,-1,0.55,1.1438941533398612,False,False
F13_195_01,F13,195,1,0.547,0.547,3,3,7,1,0,1,0,0,0,-1,0.547,1.1668685783167907,False,False
F13_195_02,F13,195,2,0.544,0.544,3,3,4,1,0,1,0,0,0,-1,0.544,1.174253323996189,False,False
F13_195_03,F13,195,3,0.541,0.541,3,3,1,1,0,1,0,0,0,-1,0.541,1.1760269988373615,False,False
F13_195_04,F13,195,4,0.538,0.538,3,3,8,1,0,1,0,0,0,-1,0.538,1.1784438053936983,False,False
F13_195_05,F13,195,5,0.535,0.535,3,3,5,1,1,1,0,0,0,-1,0.535,1.179390574008043,False,False
F13_195_06,F13,195,6,0.533,0.533,3,3,3,1,0,1,0,0,0,-1,0.533,1.1799151136816477,False,False
F13_195_07,F13,195,7,0.533,0.533,3,3,3,1,0,1,0,0,0,-1,0.533,1.1761744411093615,False,False
F13_195_08,F13,195,8,0.539,0.539,3,3,9,1,0,1,0,0,0,-1,0.539,1.1780054798755444,False,False
F13_195_09,F13,195,9,0.542,0.542,3,3,2,1,0,1,0,0,0,-1,0.542,1.1687637240884197,False,False
F13_195_10,F13,195,10,0.545,0.545,3,3,5,1,1,1,0,0,0,-1,0.545,1.1260075643582246,False,False
F13_195_11,F13,195,11,0.555,0.555,3,3,5,1,1,1,0,0,0,-1,0.555,1.1217412929103496,False,False
F13_195_12,F13,195,12,0.566,0.566,3,3,6,1,0,1,0,0,0,-1,0.566,1.099084649124642,False,False
F13_195_13,F13,195,13,0.571,0.571,3,3,1,1,0,1,0,0,0,-1,0.571,1.09679137912423,False,False
F13_195_14,F13,195,14,0.573,0.573,3,3,3,1,0,1,0,0,0,-1,0.573,1.0952635429067843,False,False
F13_195_15,F13,195,15,0.578,0.578,3,3,8,1,0,1,0,0,0,-1,0.5779999999999998,1.1168166823837125,False,False
F13_195_16,F13,195,16,0.58,0.58,2,2,8,1,0,1,1,0,0,-1,0.5799999999999998,1.1179026535473484,False,False
F13_195_17,F13,195,17,0.581,0.581,3,3,1,1,0,1,0,0,0,-1,0.5809999999999998,1.1590204125306776,False,False
F13_195_18,F13,195,18,0.581,0.581,3,3,1,1,0,1,0,0,0,-1,0.5809999999999998,1.1515489063704671,False,False
F13_195_19,F13,195,19,0.576,0.576,3,3,6,1,0,1,0,0,0,-1,0.5759999999999998,1.1098534690442716,False,False
F13_195_20,F13,195,20,0.57,0.57,2,2,7,1,0,1,1,0,0,-1,0.57,1.0683508025265187,False,False
F13_195_21,F13,195,21,0.563,0.563,3,3,3,1,0,1,0,0,0,-1,0.563,1.0956383544921109,False,False
F13_195_22,F13,195,22,0.557,0.557,3,3,7,1,0,1,0,0,0,-1,0.557,1.0761629493514595,False,False
F13_195_23,F13,195,23,0.552,0.552,3,3,2,1,0,1,0,0,0,-1,0.552,1.0687753591107074,False,False
F13_196_00,F13,196,0,0.547,0.547,3,3,7,1,0,1,0,0,0,-1,0.547,0.8621057032200741,False,False
F13_196_01,F13,196,1,0.541,0.541,3,3,1,1,0,1,0,0,0,-1,0.541,0.906220363461757,False,False
F13_196_02,F13,196,2,0.535,0.535,3,3,5,1,1,1,0,0,0,-1,0.535,0.9050836780810843,False,False
F13_196_03,F13,196,3,0.529,0.529,3,3,9,1,0,1,0,0,0,-1,0.529,0.8995292724689385,False,False
F13_196_04,F13,196,4,0.526,0.526,3,3,6,1,0,1,0,0,0,-1,0.526,0.8973698189523357,False,False
F13_196_05,F13,196,5,0.523,0.523,3,3,3,1,0,1,0,0,0,-1,0.523,0.8950137747917061,False,False
F13_196_06,F13,196,6,0.519,0.519,3,3,9,1,0,1,0,0,0,-1,0.519,0.8936694359472928,False,False
F13_196_07,F13,196,7,0.517,0.517,3,3,7,1,0,1,0,0,0,-1,0.517,0.8893574008614864,False,False
F13_196_08,F13,196,8,0.524,0.524,3,3,4,1,0,1,0,0,0,-1,0.524,0.907335436351745,False,False
F13_196_09,F13,196,9,0.527,0.527,3,3,7,1,0,1,0,0,0,-1,0.527,0.950368486471338,False,False
F13_196_10,F13,196,10,0.529,0.529,3,3,9,1,0,1,0,0,0,-1,0.529,0.9316850971467792,False,False
F13_196_11,F13,196,11,0.537,0.537,3,3,7,1,0,1,0,0,0,-1,0.537,0.9283349176876392,False,False
F13_196_12,F13,196,12,0.552,0.552,3,3,2,1,0,1,0,0,0,-1,0.552,0.9117867724862352,False,False
F13_196_13,F13,196,13,0.562,0.562,3,3,2,1,0,1,0,0,0,-1,0.562,0.9122686577169588,False,False
F13_196_14,F13,196,14,0.566,0.566,3,3,6,1,0,1,0,0,0,-1,0.566,0.9112541072629746,False,False
F13_196_15,F13,196,15,0.571,0.571,3,3,1,1,0,1,0,0,0,-1,0.571,0.9320051486986622,False,False
F13_196_16,F13,196,16,0.576,0.576,3,3,6,1,0,1,0,0,0,-1,0.5759999999999998,0.9415050139910836,False,False
F13_196_17,F13,196,17,0.579,0.579,3,3,9,1,0,1,0,0,0,-1,0.5789999999999998,0.979668243964038,False,False
F13_196_18,F13,196,18,0.578,0.578,3,3,8,1,0,1,0,0,0,-1,0.5779999999999998,0.9467995244040474,False,False
F13_196_19,F13,196,19,0.573,0.573,3,3,3,1,0,1,0,0,0,-1,0.573,0.9043084865073484,False,False
F13_196_20,F13,196,20,0.565,0.565,3,3,5,1,1,1,0,0,0,-1,0.565,0.911384529095868,False,False
F13_196_21,F13,196,21,0.559,0.559,3,3,9,1,0,1,0,0,0,-1,0.559,0.9066351695584391,False,False
F13_196_22,F13,196,22,0.554,0.554,3,3,4,1,0,1,0,0,0,-1,0.554,0.9020410952106658,False,False
F13_196_23,F13,196,23,0.549,0.549,3,3,9,1,0,1,0,0,0,-1,0.549,0.8955812575248601,False,False
F13_197_00,F13,197,0,0.545,0.545,3,3,5,1,1,1,0,0,0,-1,0.545,0.9016948285793928,False,False
F13_197_01,F13,197,1,0.539,0.539,3,3,9,1,0,1,0,0,0,-1,0.539,0.940262348194829,False,False
F13_197_02,F13,197,2,0.535,0.535,3,3,5,1,1,1,0,0,0,-1,0.535,0.944475086081177,False,False
F13_197_03,F13,197,3,0.531,0.531,3,3,1,1,0,1,0,0,0,-1,0.531,0.9406933713610818,False,False
F13_197_04,F13,197,4,0.527,0.527,3,3,7,1,0,1,0,0,0,-1,0.527,0.9358518802251738,False,False
F13_197_05,F13,197,5,0.523,0.523,3,3,3,1,0,1,0,0,0,-1,0.523,0.9323962147654494,False,False
F13_197_06,F13,197,6,0.52,0.52,2,2,2,1,0,1,1,0,0,-1,0.52,0.9267467780049023,False,False
F13_197_07,F13,197,7,0.518,0.518,3,3,8,1,0,1,0,0,0,-1,0.518,0.8940260501368464,False,False
F13_197_08,F13,197,8,0.529,0.529,3,3,9,1,0,1,0,0,0,-1,0.529,0.8846294411401232,False,False
F13_197_09,F13,197,9,0.536,0.536,3,3,6,1,0,1,0,0,0,-1,0.536,0.8970009294092899,False,False
F13_197_10,F13,197,10,0.536,0.536,3,3,6,1,0,1,0,0,0,-1,0.536,0.9441705365214682,False,False
F13_197_11,F13,197,11,0.542,0.542,3,3,2,1,0,1,0,0,0,-1,0.542,0.9476648740328888,False,False
F13_197_12,F13,197,12,0.551,0.551,3,3,1,1,0,1,0,0,0,-1,0.551,0.9585271428170984,False,False
F13_197_13,F13,197,13,0.556,0.556,3,3,6,1,0,1,0,0,0,-1,0.556,0.96413306826716,False,False
F13_197_14,F13,197,14,0.565,0.565,3,3,5,1,1,1,0,0,0,-1,0.565,0.9543809350417388,False,False
F13_197_15,F13,197,15,0.57,0.57,2,2,7,1,0,1,1,0,0,-1,0.57,0.9906749424193884,False,False
F13_197_16,F13,197,16,0.572,0.572,3,3,2,1,0,1,0,0,0,-1,0.572,1.0296707879668665,False,False
F13_197_17,F13,197,17,0.573,0.573,3,3,3,1,0,1,0,0,0,-1,0.573,1.0290983047099074,False,False
F13_197_18,F13,197,18,0.572,0.572,3,3,2,1,0,1,0,0,0,-1,0.572,1.0003697693297993,False,False
F13_197_19,F13,197,19,0.569,0.569,3,3,9,1,0,1,0,0,0,-1,0.569,0.9409087570099216,False,False
F13_197_20,F13,197,20,0.566,0.566,3,3,6,1,0,1,0,0,0,-1,0.566,0.9263444782928077,False,False
F13_197_21,F13,197,21,0.561,0.561,3,3,1,1,0,1,0,0,0,-1,0.561,0.9338762924785178,False,False
F13_197_22,F13,197,22,0.558,0.558,3,3,8,1,0,1,0,0,0,-1,0.558,0.930663174698398,False,False
F13_197_23,F13,197,23,0.556,0.556,3,3,6,1,0,1,0,0,0,-1,0.556,0.9257058840307744,False,False
F13_198_00,F13,198,0,0.277,0.277,3,3,7,1,0,1,0,0,0,-1,0.277,0.5528628498622147,False,False
F13_198_01,F13,198,1,0.276,0.276,3,3,6,1,0,1,0,0,0,-1,0.276,0.5595264021057306,False,False
F13_198_02,F13,198,2,0.274,0.274,3,3,4,1,0,1,0,0,0,-1,0.274,0.5655781867892271,False,False
F13_198_03,F13,198,3,0.273,0.273,3,3,3,1,0,1,0,0,0,-1,0.273,0.5535145884157056,False,False
F13_198_04,F13,198,4,0.271,0.271,3,3,1,1,0,1,0,0,0,-1,0.271,0.5562265608859566,False,False
F13_198_05,F13,198,5,0.27,0.27,2,2,7,1,0,1,1,0,0,-1,0.27,0.5370279546752312,False,False
F13_198_06,F13,198,6,0.268,0.268,3,3,8,1,0,1,0,0,0,-1,0.268,0.5270884515466124,False,False
F13_198_07,F13,198,7,0.268,0.268,3,3,8,1,0,1,0,0,0,-1,0.268,0.5281417193503773,False,False
F13_198_08,F13,198,8,0.263,0.263,3,3,3,1,0,1,0,0,0,-1,0.263,0.5324502316843926,False,False
F13_198_09,F13,198,9,0.262,0.262,3,3,2,1,0,1,0,0,0,-1,0.262,0.57686085572948,False,False
F13_198_10,F13,198,10,0.265,0.265,3,3,5,1,1,1,0,0,0,-1,0.265,0.6219739861650064,False,False
F13_198_11,F13,198,11,0.27,0.27,2,2,7,1,0,1,1,0,0,-1,0.27,0.6743405256177137,False,False
F13_198_12,F13,198,12,0.275,0.275,3,3,5,1,1,1,0,0,0,-1,0.275,0.6882711607478434,False,False
F13_198_13,F13,198,13,0.279,0.279,3,3,9,1,0,1,0,0,0,-1,0.279,0.6947566534004485,False,False
F13_198_14,F13,198,14,0.28,0.28,2,2,8,1,0,1,1,0,0,-1,0.28,0.6975402545874168,False,False
F13_198_15,F13,198,15,0.288,0.288,3,3,8,1,0,1,0,0,0,-1,0.2879999999999999,0.732208209936884,False,False
F13_198_16,F13,198,16,0.289,0.289,3,3,9,1,0,1,0,0,0,-1,0.2889999999999999,0.7303389287763082,False,False
F13_198_17,F13,198,17,0.286,0.286,3,3,6,1,0,1,0,0,0,-1,0.2859999999999999,0.7271296734730086,False,False
F13_198_18,F13,198,18,0.286,0.286,3,3,6,1,0,1,0,0,0,-1,0.2859999999999999,0.743079848198905,False,False
F13_198_19,F13,198,19,0.285,0.285,3,3,5,1,1,1,0,0,0,-1,0.2849999999999999,0.7319748201368641,False,False
F13_198_20,F13,198,20,0.284,0.284,3,3,4,1,0,1,0,0,0,-1,0.2839999999999999,0.7233322945862981,False,False
F13_198_21,F13,198,21,0.282,0.282,3,3,2,1,0,1,0,0,0,-1,0.2819999999999999,0.7135175440234093,False,False
F13_198_22,F13,198,22,0.279,0.279,3,3,9,1,0,1,0,0,0,-1,0.279,0.7154733869397724,False,False
F13_198_23,F13,198,23,0.276,0.276,3,3,6,1,0,1,0,0,0,-1,0.276,0.7037992273067674,False,False
F13_211_00,F13,211,0,0.52,0.52,2,2,2,1,0,1,1,0,0,-1,0.52,0.6364579497595446,False,False
F13_211_01,F13,211,1,0.515,0.515,3,3,5,1,1,1,0,0,0,-1,0.515,0.6291811481339824,False,False
F13_211_02,F13,211,2,0.511,0.511,3,3,1,1,0,1,0,0,0,-1,0.511,0.6231532516316464,False,False
F13_211_03,F13,211,3,0.506,0.506,3,3,6,1,0,1,0,0,0,-1,0.506,0.6190857616572784,False,False
F13_211_04,F13,211,4,0.502,0.502,3,3,2,1,0,1,0,0,0,-1,0.502,0.6304897529588759,False,False
F13_211_05,F13,211,5,0.498,0.498,3,3,8,1,0,1,0,0,0,-1,0.498,0.6209011338213377,False,False
F13_211_06,F13,211,6,0.494,0.494,3,3,4,1,0,1,0,0,0,-1,0.4939999999999999,0.6247189533039538,False,False
F13_211_07,F13,211,7,0.491,0.491,3,3,1,1,0,1,0,0,0,-1,0.4909999999999999,0.6217594741514763,False,False
F13_211_08,F13,211,8,0.498,0.498,3,3,8,1,0,1,0,0,0,-1,0.498,0.6183014292659605,False,False
F13_211_09,F13,211,9,0.505,0.505,3,3,5,1,1,1,0,0,0,-1,0.505,0.6193464403092074,False,False
F13_211_10,F13,211,10,0.51,0.51,2,2,1,1,0,1,1,0,0,-1,0.51,0.6396789212502074,False,False
F13_211_11,F13,211,11,0.525,0.525,3,3,5,1,1,1,0,0,0,-1,0.525,0.6700662404141968,False,False
F13_211_12,F13,211,12,0.544,0.544,3,3,4,1,0,1,0,0,0,-1,0.544,0.6971655788027015,False,False
F13_211_13,F13,211,13,0.561,0.561,3,3,1,1,0,1,0,0,0,-1,0.561,0.757945249527216,False,False
F13_211_14,F13,211,14,0.577,0.577,3,3,7,1,0,1,0,0,0,-1,0.5769999999999998,0.7874762121736105,False,False
F13_211_15,F13,211,15,0.591,0.591,3,3,1,1,0,1,0,0,0,-1,0.5909999999999999,0.8198535145615299,False,False
F13_211_16,F13,211,16,0.596,0.596,3,3,6,1,0,1,0,0,0,-1,0.5959999999999999,0.8351305689183625,False,False
F13_211_17,F13,211,17,0.593,0.593,3,3,3,1,0,1,0,0,0,-1,0.5929999999999999,0.8766838436261866,False,False
F13_211_18,F13,211,18,0.588,0.588,3,3,8,1,0,1,0,0,0,-1,0.5879999999999999,0.8339715241936662,False,False
F13_211_19,F13,211,19,0.582,0.582,3,3,2,1,0,1,0,0,0,-1,0.5819999999999999,0.815337785604576,False,False
F13_211_20,F13,211,20,0.572,0.572,3,3,2,1,0,1,0,0,0,-1,0.572,0.7964271802241902,False,False
F13_211_21,F13,211,21,0.564,0.564,3,3,4,1,0,1,0,0,0,-1,0.564,0.7875097962364781,False,False
F13_211_22,F13,211,22,0.557,0.557,3,3,7,1,0,1,0,0,0,-1,0.557,0.7706530247682406,False,False
F13_211_23,F13,211,23,0.552,0.552,3,3,2,1,0,1,0,0,0,-1,0.552,0.7709859950423894,False,False
F13_212_00,F13,212,0,0.363,0.363,3,3,3,1,0,1,0,0,0,-1,0.3629999999999999,0.3725913065494715,False,False
F13_212_01,F13,212,1,0.289,0.289,3,3,9,1,0,1,0,0,0,-1,0.2889999999999999,0.3742518960251432,False,False
F13_212_02,F13,212,2,0.289,0.289,3,3,9,1,0,1,0,0,0,-1,0.2889999999999999,0.3738421904462209,False,False
F13_212_03,F13,212,3,0.289,0.289,3,3,9,1,0,1,0,0,0,-1,0.2889999999999999,0.3728555534670312,False,False
F13_212_04,F13,212,4,0.289,0.289,3,3,9,1,0,1,0,0,0,-1,0.2889999999999999,0.3731367483299145,False,False
F13_212_05,F13,212,5,0.289,0.289,3,3,9,1,0,1,0,0,0,-1,0.2889999999999999,0.3728143522670988,False,False
F13_212_06,F13,212,6,0.277,0.277,3,3,7,1,0,1,0,0,0,-1,0.277,0.3739031789656313,False,False
F13_212_07,F13,212,7,0.272,0.272,3,3,2,1,0,1,0,0,0,-1,0.272,0.3728853499130516,False,False
F13_212_08,F13,212,8,0.274,0.274,3,3,4,1,0,1,0,0,0,-1,0.274,0.3587597727686214,False,False
F13_212_09,F13,212,9,0.27,0.27,2,2,7,1,0,1,1,0,0,-1,0.27,0.3567417326153745,False,False
F13_212_10,F13,212,10,0.273,0.273,3,3,3,1,0,1,0,0,0,-1,0.273,0.3657687449110071,False,False
F13_212_11,F13,212,11,0.281,0.281,3,3,1,1,0,1,0,0,0,-1,0.281,0.3634456985128682,False,False
F13_212_12,F13,212,12,0.283,0.283,3,3,3,1,0,1,0,0,0,-1,0.2829999999999999,0.3674234451768109,False,False
F13_212_13,F13,212,13,0.291,0.291,3,3,1,1,0,1,0,0,0,-1,0.2909999999999999,0.3714531011412141,False,False
F13_212_14,F13,212,14,0.303,0.303,3,3,3,1,0,1,0,0,0,-1,0.3029999999999999,0.3791520712543879,False,False
F13_212_15,F13,212,15,0.301,0.301,3,3,1,1,0,1,0,0,0,-1,0.3009999999999999,0.38727038746458,False,False
F13_212_16,F13,212,16,0.301,0.301,3,3,1,1,0,1,0,0,0,-1,0.3009999999999999,0.3804763272741292,False,False
F13_212_17,F13,212,17,0.304,0.304,3,3,4,1,0,1,0,0,0,-1,0.3039999999999999,0.378096311215106,False,False
F13_212_18,F13,212,18,0.304,0.304,3,3,4,1,0,1,0,0,0,-1,0.3039999999999999,0.3782495035060553,False,False
F13_212_19,F13,212,19,0.305,0.305,3,3,5,1,1,1,0,0,0,-1,0.3049999999999999,0.3725946696131009,False,False
F13_212_20,F13,212,20,0.305,0.305,3,3,5,1,1,1,0,0,0,-1,0.3049999999999999,0.3712420279178529,False,False
F13_212_21,F13,212,21,0.305,0.305,3,3,5,1,1,1,0,0,0,-1,0.3049999999999999,0.3652289273797966,False,False
F13_212_22,F13,212,22,0.304,0.304,3,3,4,1,0,1,0,0,0,-1,0.3039999999999999,0.3630127005372066,False,False
F13_212_23,F13,212,23,0.303,0.303,3,3,3,1,0,1,0,0,0,-1,0.3029999999999999,0.3598848105362447,False,False
F13_213_00,F13,213,0,0.303,0.303,3,3,3,1,0,1,0,0,0,-1,0.3029999999999999,0.4376109648182035,False,False
F13_213_01,F13,213,1,0.302,0.302,3,3,2,1,0,1,0,0,0,-1,0.3019999999999999,0.4249647367568444,False,False
F13_213_02,F13,213,2,0.302,0.302,3,3,2,1,0,1,0,0,0,-1,0.3019999999999999,0.4478264347218233,False,False
F13_213_03,F13,213,3,0.301,0.301,3,3,1,1,0,1,0,0,0,-1,0.3009999999999999,0.4462418860896575,False,False
F13_213_04,F13,213,4,0.302,0.302,3,3,2,1,0,1,0,0,0,-1,0.3019999999999999,0.432318497042971,False,False
F13_213_05,F13,213,5,0.303,0.303,3,3,3,1,0,1,0,0,0,-1,0.3029999999999999,0.4456369844187986,False,False
F13_213_06,F13,213,6,0.293,0.293,3,3,3,1,0,1,0,0,0,-1,0.2929999999999999,0.4187182916321346,False,False
F13_213_07,F13,213,7,0.283,0.283,3,3,3,1,0,1,0,0,0,-1,0.2829999999999999,0.4105703898410743,False,False
F13_213_08,F13,213,8,0.285,0.285,3,3,5,1,1,1,0,0,0,-1,0.2849999999999999,0.396095577196054,False,False
F13_213_09,F13,213,9,0.282,0.282,3,3,2,1,0,1,0,0,0,-1,0.2819999999999999,0.3902301316275987,False,False
F13_213_10,F13,213,10,0.283,0.283,3,3,3,1,0,1,0,0,0,-1,0.2829999999999999,0.3852086200710037,False,False
F13_213_11,F13,213,11,0.288,0.288,3,3,8,1,0,1,0,0,0,-1,0.2879999999999999,0.3918840886552145,False,False
F13_213_12,F13,213,12,0.287,0.287,3,3,7,1,0,1,0,0,0,-1,0.2869999999999999,0.3905866867954775,False,False
F13_213_13,F13,213,13,0.287,0.287,3,3,7,1,0,1,0,0,0,-1,0.2869999999999999,0.4349984570882753,False,False
F13_213_14,F13,213,14,0.29,0.29,2,2,9,1,0,1,1,0,0,-1,0.2899999999999999,0.466388477114874,False,False
F13_213_15,F13,213,15,0.288,0.288,3,3,8,1,0,1,0,0,0,-1,0.2879999999999999,0.4673117284755595,False,False
F13_213_16,F13,213,16,0.287,0.287,3,3,7,1,0,1,0,0,0,-1,0.2869999999999999,0.4653923321205779,False,False
F13_213_17,F13,213,17,0.289,0.289,3,3,9,1,0,1,0,0,0,-1,0.2889999999999999,0.4468083110017825,False,False
F13_213_18,F13,213,18,0.29,0.29,2,2,9,1,0,1,1,0,0,-1,0.2899999999999999,0.4387025823315117,False,False
F13_213_19,F13,213,19,0.291,0.291,3,3,1,1,0,1,0,0,0,-1,0.2909999999999999,0.4369189290941843,False,False
F13_213_20,F13,213,20,0.292,0.292,3,3,2,1,0,1,0,0,0,-1,0.2919999999999999,0.4262401795045734,False,False
F13_213_21,F13,213,21,0.293,0.293,3,3,3,1,0,1,0,0,0,-1,0.2929999999999999,0.4306351029404581,False,False
F13_213_22,F13,213,22,0.293,0.293,3,3,3,1,0,1,0,0,0,-1,0.2929999999999999,0.443389492584165,False,False
F13_213_23,F13,213,23,0.294,0.294,3,3,4,1,0,1,0,0,0,-1,0.2939999999999999,0.4360040110764779,False,False
F13_214_00,F13,214,0,0.805,0.805,3,3,5,1,1,1,0,0,0,-1,0.805,1.3571358819281594,False,False
F13_214_01,F13,214,1,0.8,0.8,1,1,8,1,0,1,1,1,0,-1,0.8,1.2872521919444346,False,False
F13_214_02,F13,214,2,0.796,0.796,3,3,6,1,0,1,0,0,0,-1,0.796,1.2538193261728223,False,False
F13_214_03,F13,214,3,0.797,0.797,3,3,7,1,0,1,0,0,0,-1,0.797,1.2199035504754252,False,False
F13_214_04,F13,214,4,0.797,0.797,3,3,7,1,0,1,0,0,0,-1,0.797,1.2265140016745837,False,False
F13_214_05,F13,214,5,0.793,0.793,3,3,3,1,0,1,0,0,0,-1,0.793,1.21216442571783,False,False
F13_214_06,F13,214,6,0.794,0.794,3,3,4,1,0,1,0,0,0,-1,0.794,1.2143825846227054,False,False
F13_214_07,F13,214,7,0.793,0.793,3,3,3,1,0,1,0,0,0,-1,0.793,1.1937169011652242,False,False
F13_214_08,F13,214,8,0.799,0.799,3,3,9,1,0,1,0,0,0,-1,0.799,1.2186237211396898,False,False
F13_214_09,F13,214,9,0.809,0.809,3,3,9,1,0,1,0,0,0,-1,0.809,1.3286638585338229,False,False
F13_214_10,F13,214,10,0.832,0.832,3,3,2,1,0,1,0,0,0,-1,0.8319999999999999,1.3267745755767602,False,False
F13_214_11,F13,214,11,0.847,0.847,3,3,7,1,0,1,0,0,0,-1,0.8469999999999999,1.3437538025937754,False,False
F13_214_12,F13,214,12,0.863,0.863,3,3,3,1,0,1,0,0,0,-1,0.8629999999999999,1.3285304153331827,False,False
F13_214_13,F13,214,13,0.92,0.92,2,2,2,1,0,1,1,0,0,-1,0.92,1.3909191853068354,False,False
F13_214_14,F13,214,14,1.015,1.015,3,4,5,1,1,1,0,0,0,0,1.015,1.380947279216501,False,False
F13_214_15,F13,214,15,1.156,1.156,3,4,6,1,0,1,0,0,0,0,1.156,1.2953818140086533,False,False
F13_214_16,F13,214,16,1.227,1.227,3,4,7,1,0,1,0,0,0,0,1.227,1.304117729333495,False,False
F13_214_17,F13,214,17,1.206,1.206,3,4,6,1,0,1,0,0,0,0,1.206,1.3593834679002308,False,False
F13_214_18,F13,214,18,1.126,1.126,3,4,6,1,0,1,0,0,0,0,1.126,1.4103156453660235,False,False
F13_214_19,F13,214,19,1.049,1.049,3,4,9,1,0,1,0,0,0,0,1.049,1.4097554198976083,False,False
F13_214_20,F13,214,20,1.01,1.01,2,3,1,1,0,1,1,0,0,0,1.01,1.403116498350124,False,False
F13_214_21,F13,214,21,0.966,0.966,3,3,6,1,0,1,0,0,0,-1,0.966,1.4053832576690817,False,False
F13_214_22,F13,214,22,0.926,0.926,3,3,6,1,0,1,0,0,0,-1,0.926,1.3842759601444916,False,False
F13_214_23,F13,214,23,0.907,0.907,3,3,7,1,0,1,0,0,0,-1,0.907,1.3794690134923575,False,False
F13_215_00,F13,215,0,0.317,0.317,3,3,7,1,0,1,0,0,0,-1,0.317,0.3162356497311616,False,False
F13_215_01,F13,215,1,0.317,0.317,3,3,7,1,0,1,0,0,0,-1,0.317,0.3146819555589777,False,False
F13_215_02,F13,215,2,0.318,0.318,3,3,8,1,0,1,0,0,0,-1,0.318,0.314673662740801,False,False
F13_215_03,F13,215,3,0.321,0.321,3,3,1,1,0,1,0,0,0,-1,0.321,0.3094839825347442,False,False
F13_215_04,F13,215,4,0.322,0.322,3,3,2,1,0,1,0,0,0,-1,0.322,0.3297160205126121,False,False
F13_215_05,F13,215,5,0.323,0.323,3,3,3,1,0,1,0,0,0,-1,0.323,0.3402319058685541,False,False
F13_215_06,F13,215,6,0.32,0.32,2,2,2,1,0,1,1,0,0,-1,0.32,0.3230148877574499,False,False
F13_215_07,F13,215,7,0.309,0.309,3,3,9,1,0,1,0,0,0,-1,0.309,0.3176410934684172,False,False
F13_215_08,F13,215,8,0.311,0.311,3,3,1,1,0,1,0,0,0,-1,0.311,0.3150715042853622,False,False
F13_215_09,F13,215,9,0.312,0.312,3,3,2,1,0,1,0,0,0,-1,0.312,0.3143644243175392,False,False
F13_215_10,F13,215,10,0.312,0.312,3,3,2,1,0,1,0,0,0,-1,0.312,0.3215113100335373,False,False
F13_215_11,F13,215,11,0.319,0.319,3,3,9,1,0,1,0,0,0,-1,0.319,0.3225391425154632,False,False
F13_215_12,F13,215,12,0.326,0.326,3,3,6,1,0,1,0,0,0,-1,0.326,0.3401180918772931,False,False
F13_215_13,F13,215,13,0.336,0.336,3,3,6,1,0,1,0,0,0,-1,0.336,0.3299678715387148,False,False
F13_215_14,F13,215,14,0.339,0.339,3,3,9,1,0,1,0,0,0,-1,0.339,0.337854051829689,False,False
F13_215_15,F13,215,15,0.344,0.344,3,3,4,1,0,1,0,0,0,-1,0.3439999999999999,0.3398328007838162,False,False
F13_215_16,F13,215,16,0.35,0.35,2,2,5,1,1,1,1,0,0,-1,0.3499999999999999,0.3402927294938488,False,False
F13_215_17,F13,215,17,0.346,0.346,3,3,6,1,0,1,0,0,0,-1,0.3459999999999999,0.341687585414334,False,False
F13_215_18,F13,215,18,0.34,0.34,2,2,4,1,0,1,1,0,0,-1,0.34,0.3410474972268804,False,False
F13_215_19,F13,215,19,0.334,0.334,3,3,4,1,0,1,0,0,0,-1,0.334,0.3413323205421758,False,False
F13_215_20,F13,215,20,0.331,0.331,3,3,1,1,0,1,0,0,0,-1,0.331,0.3422734938607825,False,False
F13_215_21,F13,215,21,0.33,0.33,2,2,3,1,0,1,1,0,0,-1,0.33,0.334244343097512,False,False
F13_215_22,F13,215,22,0.33,0.33,2,2,3,1,0,1,1,0,0,-1,0.33,0.3436700341882355,False,False
F13_215_23,F13,215,23,0.333,0.333,3,3,3,1,0,1,0,0,0,-1,0.333,0.3422559239140221,False,False
F13_217_00,F13,217,0,1.665,1.665,3,4,5,1,1,1,0,0,0,0,1.665,0.7629458655634328,False,False
F13_217_01,F13,217,1,1.666,1.666,3,4,6,1,0,1,0,0,0,0,1.666,0.7540865518129694,False,False
F13_217_02,F13,217,2,1.673,1.673,3,4,3,1,0,1,0,0,0,0,1.673,0.7518336579297545,False,False
F13_217_03,F13,217,3,1.669,1.669,3,4,9,1,0,1,0,0,0,0,1.669,0.7504525597671916,False,False
F13_217_04,F13,217,4,1.662,1.662,3,4,2,1,0,1,0,0,0,0,1.662,0.7454326545047141,False,False
F13_217_05,F13,217,5,1.67,1.67,2,3,7,1,0,1,1,0,0,0,1.67,0.7461868772959896,False,False
F13_217_06,F13,217,6,1.665,1.665,3,4,5,1,1,1,0,0,0,0,1.665,0.7358965037413336,False,False
F13_217_07,F13,217,7,1.663,1.663,3,4,3,1,0,1,0,0,0,0,1.663,0.7390192184601989,False,False
F13_217_08,F13,217,8,1.693,1.693,3,4,3,1,0,1,0,0,0,0,1.693,0.7400390429243695,False,False
F13_217_09,F13,217,9,1.762,1.762,3,4,2,1,0,1,0,0,0,0,1.762,0.7722353771850107,False,False
F13_217_10,F13,217,10,1.777,1.777,3,4,7,1,0,1,0,0,0,0,1.777,0.7909115509442294,False,False
F13_217_11,F13,217,11,1.771,1.771,3,4,1,1,0,1,0,0,0,0,1.771,0.8168698540941975,False,False
F13_217_12,F13,217,12,1.768,1.768,3,4,8,1,0,1,0,0,0,0,1.768,0.8140436353101432,False,False
F13_217_13,F13,217,13,1.729,1.729,3,4,9,1,0,1,0,0,0,0,1.729,0.845802108708768,False,False
F13_217_14,F13,217,14,1.643,1.643,3,4,3,1,0,1,0,0,0,0,1.643,0.8589699876765744,False,False
F13_217_15,F13,217,15,1.66,1.66,2,3,6,1,0,1,1,0,0,0,1.66,0.899327768775201,False,False
F13_217_16,F13,217,16,1.686,1.686,3,4,6,1,0,1,0,0,0,0,1.686,0.9526797426840412,False,False
F13_217_17,F13,217,17,1.695,1.695,3,4,5,1,1,1,0,0,0,0,1.695,0.91149173063432,False,False
F13_217_18,F13,217,18,1.706,1.706,3,4,6,1,0,1,0,0,0,0,1.706,0.9109308140582724,False,False
F13_217_19,F13,217,19,1.71,1.71,2,3,1,1,0,1,1,0,0,0,1.71,0.912095174597468,False,False
F13_217_20,F13,217,20,1.689,1.689,3,4,9,1,0,1,0,0,0,0,1.689,0.909573380667471,False,False
F13_217_21,F13,217,21,1.68,1.68,2,3,8,1,0,1,1,0,0,0,1.68,0.9064397469580548,False,False
F13_217_22,F13,217,22,1.673,1.673,3,4,3,1,0,1,0,0,0,0,1.673,0.9043175609331976,False,False
F13_217_23,F13,217,23,1.663,1.663,3,4,3,1,0,1,0,0,0,0,1.663,0.89750404494274,False,False
F13_218_00,F13,218,0,0.367,0.367,3,3,7,1,0,1,0,0,0,-1,0.3669999999999999,0.4130064618449834,False,False
F13_218_01,F13,218,1,0.368,0.368,3,3,8,1,0,1,0,0,0,-1,0.3679999999999999,0.4091535105318354,False,False
F13_218_02,F13,218,2,0.368,0.368,3,3,8,1,0,1,0,0,0,-1,0.3679999999999999,0.4066863541406061,False,False
F13_218_03,F13,218,3,0.369,0.369,3,3,9,1,0,1,0,0,0,-1,0.3689999999999999,0.4063614872936496,False,False
F13_218_04,F13,218,4,0.37,0.37,2,2,7,1,0,1,1,0,0,-1,0.37,0.4058213181718128,False,False
F13_218_05,F13,218,5,0.37,0.37,2,2,7,1,0,1,1,0,0,-1,0.37,0.4048131146251896,False,False
F13_218_06,F13,218,6,0.369,0.369,3,3,9,1,0,1,0,0,0,-1,0.3689999999999999,0.4027174768453791,False,False
F13_218_07,F13,218,7,0.357,0.357,3,3,7,1,0,1,0,0,0,-1,0.3569999999999999,0.4009225562811153,False,False
F13_218_08,F13,218,8,0.355,0.355,3,3,5,1,1,1,0,0,0,-1,0.3549999999999999,0.3993851542612744,False,False
F13_218_09,F13,218,9,0.355,0.355,3,3,5,1,1,1,0,0,0,-1,0.3549999999999999,0.3829914931213872,False,False
F13_218_10,F13,218,10,0.36,0.36,2,2,6,1,0,1,1,0,0,-1,0.3599999999999999,0.385677953690794,False,False
F13_218_11,F13,218,11,0.369,0.369,3,3,9,1,0,1,0,0,0,-1,0.3689999999999999,0.3880691393812205,False,False
F13_218_12,F13,218,12,0.382,0.382,3,3,2,1,0,1,0,0,0,-1,0.382,0.389993971306883,False,False
F13_218_13,F13,218,13,0.401,0.401,3,3,1,1,0,1,0,0,0,-1,0.401,0.3903571871942438,False,False
F13_218_14,F13,218,14,0.416,0.416,3,3,6,1,0,1,0,0,0,-1,0.4159999999999999,0.3902335905595985,False,False
F13_218_15,F13,218,15,0.426,0.426,3,3,6,1,0,1,0,0,0,-1,0.4259999999999999,0.3936833940072235,False,False
F13_218_16,F13,218,16,0.435,0.435,3,3,5,1,1,1,0,0,0,-1,0.435,0.3939658232929707,False,False
F13_218_17,F13,218,17,0.433,0.433,3,3,3,1,0,1,0,0,0,-1,0.433,0.391869789010414,False,False
F13_218_18,F13,218,18,0.428,0.428,3,3,8,1,0,1,0,0,0,-1,0.4279999999999999,0.3946784142666412,False,False
F13_218_19,F13,218,19,0.422,0.422,3,3,2,1,0,1,0,0,0,-1,0.4219999999999999,0.3909236117192107,False,False
F13_218_20,F13,218,20,0.417,0.417,3,3,7,1,0,1,0,0,0,-1,0.4169999999999999,0.3901234744181764,False,False
F13_218_21,F13,218,21,0.41,0.41,2,2,1,1,0,1,1,0,0,-1,0.4099999999999999,0.3891914143185639,False,False
F13_218_22,F13,218,22,0.403,0.403,3,3,3,1,0,1,0,0,0,-1,0.403,0.39182752051919,False,False
F13_218_23,F13,218,23,0.398,0.398,3,3,8,1,0,1,0,0,0,-1,0.398,0.3911585964960215,False,False
F13_231_00,F13,231,0,0.581,0.581,3,3,1,1,0,1,0,0,0,-1,0.5809999999999998,0.6907970361966899,False,False
F13_231_01,F13,231,1,0.578,0.578,3,3,8,1,0,1,0,0,0,-1,0.5779999999999998,0.6736102357815729,False,False
F13_231_02,F13,231,2,0.576,0.576,3,3,6,1,0,1,0,0,0,-1,0.5759999999999998,0.6772404675686483,False,False
F13_231_03,F13,231,3,0.574,0.574,3,3,4,1,0,1,0,0,0,-1,0.574,0.6762203245144566,False,False
F13_231_04,F13,231,4,0.571,0.571,3,3,1,1,0,1,0,0,0,-1,0.571,0.6712492509709751,False,False
F13_231_05,F13,231,5,0.569,0.569,3,3,9,1,0,1,0,0,0,-1,0.569,0.6644706036369421,False,False
F13_231_06,F13,231,6,0.566,0.566,3,3,6,1,0,1,0,0,0,-1,0.566,0.662756577651822,False,False
F13_231_07,F13,231,7,0.566,0.566,3,3,6,1,0,1,0,0,0,-1,0.566,0.6688345930433292,False,False
F13_231_08,F13,231,8,0.593,0.593,3,3,3,1,0,1,0,0,0,-1,0.5929999999999999,0.723252852380108,False,False
F13_231_09,F13,231,9,0.615,0.615,3,3,5,1,1,1,0,0,0,-1,0.6149999999999999,0.7311125035537626,False,False
F13_231_10,F13,231,10,0.629,0.629,3,3,9,1,0,1,0,0,0,-1,0.629,0.7661584628479324,False,False
F13_231_11,F13,231,11,0.639,0.639,3,3,9,1,0,1,0,0,0,-1,0.639,0.7872561239641697,False,False
F13_231_12,F13,231,12,0.642,0.642,3,3,2,1,0,1,0,0,0,-1,0.642,0.8294326188977009,False,False
F13_231_13,F13,231,13,0.649,0.649,3,3,9,1,0,1,0,0,0,-1,0.649,0.8134844632188696,False,False
F13_231_14,F13,231,14,0.662,0.662,3,3,2,1,0,1,0,0,0,-1,0.662,0.8393836882986665,False,False
F13_231_15,F13,231,15,0.667,0.667,3,3,7,1,0,1,0,0,0,-1,0.667,0.868081628736979,False,False
F13_231_16,F13,231,16,0.669,0.669,3,3,9,1,0,1,0,0,0,-1,0.669,0.8315845340746137,False,False
F13_231_17,F13,231,17,0.669,0.669,3,3,9,1,0,1,0,0,0,-1,0.669,0.7848891900144086,False,False
F13_231_18,F13,231,18,0.664,0.664,3,3,4,1,0,1,0,0,0,-1,0.664,0.7781108093449002,False,False
F13_231_19,F13,231,19,0.657,0.657,3,3,7,1,0,1,0,0,0,-1,0.657,0.7742361747143293,False,False
F13_231_20,F13,231,20,0.65,0.65,2,2,5,1,1,1,1,0,0,-1,0.65,0.7736537853985106,False,False
F13_231_21,F13,231,21,0.645,0.645,3,3,5,1,1,1,0,0,0,-1,0.645,0.7642838681241503,False,False
F13_231_22,F13,231,22,0.638,0.638,3,3,8,1,0,1,0,0,0,-1,0.638,0.7643526961267088,False,False
F13_231_23,F13,231,23,0.632,0.632,3,3,2,1,0,1,0,0,0,-1,0.632,0.757357433121558,False,False
F13_232_00,F13,232,0,0.735,0.735,3,3,5,1,1,1,0,0,0,-1,0.7349999999999999,0.7283578925555545,False,False
F13_232_01,F13,232,1,0.731,0.731,3,3,1,1,0,1,0,0,0,-1,0.7309999999999999,0.725403633688153,False,False
F13_232_02,F13,232,2,0.729,0.729,3,3,9,1,0,1,0,0,0,-1,0.7289999999999999,0.7123493298931507,False,False
F13_232_03,F13,232,3,0.726,0.726,3,3,6,1,0,1,0,0,0,-1,0.7259999999999999,0.7105776735702831,False,False
F13_232_04,F13,232,4,0.724,0.724,3,3,4,1,0,1,0,0,0,-1,0.7239999999999999,0.706633952835864,False,False
F13_232_05,F13,232,5,0.723,0.723,3,3,3,1,0,1,0,0,0,-1,0.7229999999999999,0.6944190358407764,False,False
F13_232_06,F13,232,6,0.72,0.72,2,2,2,1,0,1,1,0,0,-1,0.7199999999999999,0.6967191187029457,False,False
F13_232_07,F13,232,7,0.719,0.719,3,3,9,1,0,1,0,0,0,-1,0.7189999999999999,0.6915159107557435,False,False
F13_232_08,F13,232,8,0.724,0.724,3,3,4,1,0,1,0,0,0,-1,0.7239999999999999,0.6855569087403898,False,False
F13_232_09,F13,232,9,0.726,0.726,3,3,6,1,0,1,0,0,0,-1,0.7259999999999999,0.6985010835544143,False,False
F13_232_10,F13,232,10,0.724,0.724,3,3,4,1,0,1,0,0,0,-1,0.7239999999999999,0.7572018401848692,False,False
F13_232_11,F13,232,11,0.727,0.727,3,3,7,1,0,1,0,0,0,-1,0.7269999999999999,0.7975008540007682,False,False
F13_232_12,F13,232,12,0.732,0.732,3,3,2,1,0,1,0,0,0,-1,0.7319999999999999,0.8081175091494434,False,False
F13_232_13,F13,232,13,0.74,0.74,2,2,4,1,0,1,1,0,0,-1,0.7399999999999999,0.8309544796290416,False,False
F13_232_14,F13,232,14,0.756,0.756,3,3,6,1,0,1,0,0,0,-1,0.756,0.8319531539808755,False,False
F13_232_15,F13,232,15,0.766,0.766,3,3,6,1,0,1,0,0,0,-1,0.766,0.8653919360285213,False,False
F13_232_16,F13,232,16,0.77,0.77,2,2,7,1,0,1,1,0,0,-1,0.77,0.8714422960231916,False,False
F13_232_17,F13,232,17,0.766,0.766,3,3,6,1,0,1,0,0,0,-1,0.766,0.8589246876297613,False,False
F13_232_18,F13,232,18,0.762,0.762,3,3,2,1,0,1,0,0,0,-1,0.762,0.8657835051979936,False,False
F13_232_19,F13,232,19,0.756,0.756,3,3,6,1,0,1,0,0,0,-1,0.756,0.8470197621075172,False,False
F13_232_20,F13,232,20,0.751,0.751,3,3,1,1,0,1,0,0,0,-1,0.751,0.844649272031546,False,False
F13_232_21,F13,232,21,0.746,0.746,3,3,6,1,0,1,0,0,0,-1,0.746,0.8134331209449079,False,False
F13_232_22,F13,232,22,0.739,0.739,3,3,9,1,0,1,0,0,0,-1,0.7389999999999999,0.8052902751732388,False,False
F13_232_23,F13,232,23,0.735,0.735,3,3,5,1,1,1,0,0,0,-1,0.7349999999999999,0.7906936775261257,False,False
F13_233_00,F13,233,0,0.627,0.627,3,3,7,1,0,1,0,0,0,-1,0.627,0.7999841304393577,False,False
F13_233_01,F13,233,1,0.619,0.619,3,3,9,1,0,1,0,0,0,-1,0.6189999999999999,0.7934039058578972,False,False
F13_233_02,F13,233,2,0.612,0.612,3,3,2,1,0,1,0,0,0,-1,0.6119999999999999,0.785522309303116,False,False
F13_233_03,F13,233,3,0.605,0.605,3,3,5,1,1,1,0,0,0,-1,0.6049999999999999,0.7833511982006324,False,False
F13_233_04,F13,233,4,0.598,0.598,3,3,8,1,0,1,0,0,0,-1,0.5979999999999999,0.7814342577796367,False,False
F13_233_05,F13,233,5,0.593,0.593,3,3,3,1,0,1,0,0,0,-1,0.5929999999999999,0.7786233782883782,False,False
F13_233_06,F13,233,6,0.589,0.589,3,3,9,1,0,1,0,0,0,-1,0.5889999999999999,0.7783491574214741,False,False
F13_233_07,F13,233,7,0.585,0.585,3,3,5,1,1,1,0,0,0,-1,0.5849999999999999,0.7712422776699965,False,False
F13_233_08,F13,233,8,0.591,0.591,3,3,1,1,0,1,0,0,0,-1,0.5909999999999999,0.810572805624108,False,False
F13_233_09,F13,233,9,0.613,0.613,3,3,3,1,0,1,0,0,0,-1,0.6129999999999999,0.8192333642406155,False,False
F13_233_10,F13,233,10,0.626,0.626,3,3,6,1,0,1,0,0,0,-1,0.626,0.8407937403839101,False,False
F13_233_11,F13,233,11,0.626,0.626,3,3,6,1,0,1,0,0,0,-1,0.626,0.8968443135606543,False,False
F13_233_12,F13,233,12,0.631,0.631,3,3,1,1,0,1,0,0,0,-1,0.631,0.9188048366889208,False,False
F13_233_13,F13,233,13,0.644,0.644,3,3,4,1,0,1,0,0,0,-1,0.644,0.9373238924586702,False,False
F13_233_14,F13,233,14,0.66,0.66,2,2,6,1,0,1,1,0,0,-1,0.66,0.9503183514310236,False,False
F13_233_15,F13,233,15,0.667,0.667,3,3,7,1,0,1,0,0,0,-1,0.667,0.9668964718421345,False,False
F13_233_16,F13,233,16,0.676,0.676,3,3,6,1,0,1,0,0,0,-1,0.676,0.940979293576647,False,False
F13_233_17,F13,233,17,0.681,0.681,3,3,1,1,0,1,0,0,0,-1,0.681,0.9088626114099524,False,False
F13_233_18,F13,233,18,0.678,0.678,3,3,8,1,0,1,0,0,0,-1,0.678,0.9124603101774544,False,False
F13_233_19,F13,233,19,0.672,0.672,3,3,2,1,0,1,0,0,0,-1,0.672,0.9113677304649358,False,False
F13_233_20,F13,233,20,0.665,0.665,3,3,5,1,1,1,0,0,0,-1,0.665,0.8904549494812674,False,False
F13_233_21,F13,233,21,0.657,0.657,3,3,7,1,0,1,0,0,0,-1,0.657,0.8811021242235909,False,False
F13_233_22,F13,233,22,0.65,0.65,2,2,5,1,1,1,1,0,0,-1,0.65,0.8677594201032747,False,False
F13_233_23,F13,233,23,0.643,0.643,3,3,3,1,0,1,0,0,0,-1,0.643,0.8595117970149617,False,False
F13_241_00,F13,241,0,1.43,1.43,2,3,3,1,0,1,1,0,0,0,1.43,1.6030055235270966,False,False
F13_241_01,F13,241,1,1.439,1.439,3,4,9,1,0,1,0,0,0,0,1.439,1.6134490824693049,False,False
F13_241_02,F13,241,2,1.462,1.462,3,4,2,1,0,1,0,0,0,0,1.462,1.586720905361633,False,False
F13_241_03,F13,241,3,1.481,1.481,3,4,1,1,0,1,0,0,0,0,1.481,1.5711124363896158,False,False
F13_241_04,F13,241,4,1.486,1.486,3,4,6,1,0,1,0,0,0,0,1.486,1.5542937762586502,False,False
F13_241_05,F13,241,5,1.492,1.492,3,4,2,1,0,1,0,0,0,0,1.492,1.5459439217535662,False,False
F13_241_06,F13,241,6,1.484,1.484,3,4,4,1,0,1,0,0,0,0,1.484,1.5381252171767985,False,False
F13_241_07,F13,241,7,1.483,1.483,3,4,3,1,0,1,0,0,0,0,1.483,1.4997830654596824,False,False
F13_241_08,F13,241,8,1.461,1.461,3,4,1,1,0,1,0,0,0,0,1.461,1.491639305069342,False,False
F13_241_09,F13,241,9,1.283,1.283,3,4,3,1,0,1,0,0,0,0,1.283,1.474719454760951,False,False
F13_241_10,F13,241,10,1.081,1.081,3,4,1,1,0,1,0,0,0,0,1.081,1.479490424183414,False,False
F13_241_11,F13,241,11,1.087,1.087,3,4,7,1,0,1,0,0,0,0,1.087,1.4000017675748486,False,False
F13_241_12,F13,241,12,1.332,1.332,3,4,2,1,0,1,0,0,0,0,1.332,1.3657458479005964,False,False
F13_241_13,F13,241,13,1.416,1.416,3,4,6,1,0,1,0,0,0,0,1.416,1.3579239697528267,False,False
F13_241_14,F13,241,14,1.459,1.459,3,4,9,1,0,1,0,0,0,0,1.459,1.3815523149155815,False,False
F13_241_15,F13,241,15,1.459,1.459,3,4,9,1,0,1,0,0,0,0,1.459,1.4897007084415044,False,False
F13_241_16,F13,241,16,1.561,1.561,3,4,1,1,0,1,0,0,0,0,1.561,1.4858399016163202,False,False
F13_241_17,F13,241,17,1.604,1.604,3,4,4,1,0,1,0,0,0,0,1.604,1.4895982241362558,False,False
F13_241_18,F13,241,18,1.572,1.572,3,4,2,1,0,1,0,0,0,0,1.572,1.5173622530801385,False,False
F13_241_19,F13,241,19,1.536,1.536,3,4,6,1,0,1,0,0,0,0,1.536,1.5112784146072813,False,False
F13_241_20,F13,241,20,1.5,1.5,1,2,5,1,1,1,1,1,0,0,1.5,1.515107501349176,False,False
F13_241_21,F13,241,21,1.458,1.458,3,4,8,1,0,1,0,0,0,0,1.458,1.5316467206214994,False,False
F13_241_22,F13,241,22,1.416,1.416,3,4,6,1,0,1,0,0,0,0,1.416,1.523061043564654,False,False
F13_241_23,F13,241,23,1.374,1.374,3,4,4,1,0,1,0,0,0,0,1.374,1.50977720683703,False,False
F13_242_00,F13,242,0,0.432,0.432,3,3,2,1,0,1,0,0,0,-1,0.432,0.5755100602130957,False,False
F13_242_01,F13,242,1,0.432,0.432,3,3,2,1,0,1,0,0,0,-1,0.432,0.6736889318772457,False,False
F13_242_02,F13,242,2,0.432,0.432,3,3,2,1,0,1,0,0,0,-1,0.432,0.534029313561382,False,False
F13_242_03,F13,242,3,0.432,0.432,3,3,2,1,0,1,0,0,0,-1,0.432,0.5727485658689273,False,False
F13_242_04,F13,242,4,0.433,0.433,3,3,3,1,0,1,0,0,0,-1,0.433,0.51254388519721,False,False
F13_242_05,F13,242,5,0.433,0.433,3,3,3,1,0,1,0,0,0,-1,0.433,0.5020369287267593,False,False
F13_242_06,F13,242,6,0.433,0.433,3,3,3,1,0,1,0,0,0,-1,0.433,0.5061209911506885,False,False
F13_242_07,F13,242,7,0.423,0.423,3,3,3,1,0,1,0,0,0,-1,0.4229999999999999,0.5464752876152771,False,False
F13_242_08,F13,242,8,0.416,0.416,3,3,6,1,0,1,0,0,0,-1,0.4159999999999999,0.7751012059357405,False,False
F13_242_09,F13,242,9,0.417,0.417,3,3,7,1,0,1,0,0,0,-1,0.4169999999999999,0.5125154033576619,False,False
F13_242_10,F13,242,10,0.405,0.405,3,3,5,1,1,1,0,0,0,-1,0.405,0.5057134311984874,False,False
F13_242_11,F13,242,11,0.404,0.404,3,3,4,1,0,1,0,0,0,-1,0.404,0.5013064832100143,False,False
F13_242_12,F13,242,12,0.417,0.417,3,3,7,1,0,1,0,0,0,-1,0.4169999999999999,0.4816874269231697,False,False
F13_242_13,F13,242,13,0.436,0.436,3,3,6,1,0,1,0,0,0,-1,0.436,0.4892449878269589,False,False
F13_242_14,F13,242,14,0.449,0.449,3,3,9,1,0,1,0,0,0,-1,0.449,0.4921701016040345,False,False
F13_242_15,F13,242,15,0.456,0.456,3,3,6,1,0,1,0,0,0,-1,0.456,0.4942008366206722,False,False
F13_242_16,F13,242,16,0.458,0.458,3,3,8,1,0,1,0,0,0,-1,0.458,0.500678643934755,False,False
F13_242_17,F13,242,17,0.458,0.458,3,3,8,1,0,1,0,0,0,-1,0.458,0.5057729979025785,False,False
F13_242_18,F13,242,18,0.452,0.452,3,3,2,1,0,1,0,0,0,-1,0.452,0.4887384101215906,False,False
F13_242_19,F13,242,19,0.443,0.443,3,3,3,1,0,1,0,0,0,-1,0.443,0.486849172605935,False,False
F13_242_20,F13,242,20,0.435,0.435,3,3,5,1,1,1,0,0,0,-1,0.435,0.4746962625938964,False,False
F13_242_21,F13,242,21,0.428,0.428,3,3,8,1,0,1,0,0,0,-1,0.4279999999999999,0.5809293196764844,False,False
F13_242_22,F13,242,22,0.423,0.423,3,3,3,1,0,1,0,0,0,-1,0.4229999999999999,0.512887633049519,False,False
F13_242_23,F13,242,23,0.422,0.422,3,3,2,1,0,1,0,0,0,-1,0.4219999999999999,0.5144046963875987,False,False
F13_243_00,F13,243,0,1.583,1.583,3,4,3,1,0,1,0,0,0,0,1.583,1.5560905163531418,False,False
F13_243_01,F13,243,1,1.582,1.582,3,4,2,1,0,1,0,0,0,0,1.582,1.5760897473891275,False,False
F13_243_02,F13,243,2,1.579,1.579,3,4,9,1,0,1,0,0,0,0,1.579,1.5666613618992216,False,False
F13_243_03,F13,243,3,1.582,1.582,3,4,2,1,0,1,0,0,0,0,1.582,1.5546249342217957,False,False
F13_243_04,F13,243,4,1.58,1.58,2,3,8,1,0,1,1,0,0,0,1.58,1.5546799238406293,False,False
F13_243_05,F13,243,5,1.577,1.577,3,4,7,1,0,1,0,0,0,0,1.577,1.5559125042175208,False,False
F13_243_06,F13,243,6,1.583,1.583,3,4,3,1,0,1,0,0,0,0,1.583,1.560347141927802,False,False
F13_243_07,F13,243,7,1.597,1.597,3,4,7,1,0,1,0,0,0,0,1.597,1.4851613627772378,False,False
F13_243_08,F13,243,8,1.686,1.686,3,4,6,1,0,1,0,0,0,0,1.686,1.458502236213655,False,False
F13_243_09,F13,243,9,1.675,1.675,3,4,5,1,1,1,0,0,0,0,1.675,1.4550573061708356,False,False
F13_243_10,F13,243,10,1.658,1.658,3,4,8,1,0,1,0,0,0,0,1.658,1.404294791167083,False,False
F13_243_11,F13,243,11,1.708,1.708,3,4,8,1,0,1,0,0,0,0,1.708,1.335611945434635,False,False
F13_243_12,F13,243,12,1.744,1.744,3,4,4,1,0,1,0,0,0,0,1.744,1.3341113006408585,False,False
F13_243_13,F13,243,13,1.777,1.777,3,4,7,1,0,1,0,0,0,0,1.777,1.3221358139642128,False,False
F13_243_14,F13,243,14,1.772,1.772,3,4,2,1,0,1,0,0,0,0,1.772,1.3163046592117045,False,False
F13_243_15,F13,243,15,1.726,1.726,3,4,6,1,0,1,0,0,0,0,1.726,1.432084986285329,False,False
F13_243_16,F13,243,16,1.775,1.775,3,4,5,1,1,1,0,0,0,0,1.775,1.442987690197218,False,False
F13_243_17,F13,243,17,1.894,1.894,3,4,4,1,0,1,0,0,0,0,1.894,1.4378352144991309,False,False
F13_243_18,F13,243,18,1.949,1.949,3,4,9,1,0,1,0,0,0,0,1.949,1.4662520328491224,False,False
F13_243_19,F13,243,19,1.899,1.899,3,4,9,1,0,1,0,0,0,0,1.899,1.49141577940066,False,False
F13_243_20,F13,243,20,1.878,1.878,3,4,8,1,0,1,0,0,0,0,1.878,1.5115019860603232,False,False
F13_243_21,F13,243,21,1.836,1.836,3,4,6,1,0,1,0,0,0,0,1.836,1.5447307781224646,False,False
F13_243_22,F13,243,22,1.818,1.818,3,4,8,1,0,1,0,0,0,0,1.818,1.536251290173364,False,False
F13_243_23,F13,243,23,1.793,1.793,3,4,3,1,0,1,0,0,0,0,1.793,1.5300606834284685,False,False
F13_244_00,F13,244,0,0.435,0.435,3,3,5,1,1,1,0,0,0,-1,0.435,0.3437827276115514,False,False
F13_244_01,F13,244,1,0.435,0.435,3,3,5,1,1,1,0,0,0,-1,0.435,0.3423833128335461,False,False
F13_244_02,F13,244,2,0.435,0.435,3,3,5,1,1,1,0,0,0,-1,0.435,0.3449124768812393,False,False
F13_244_03,F13,244,3,0.436,0.436,3,3,6,1,0,1,0,0,0,-1,0.436,0.3447008624571479,False,False
F13_244_04,F13,244,4,0.436,0.436,3,3,6,1,0,1,0,0,0,-1,0.436,0.4780478419641245,False,False
F13_244_05,F13,244,5,0.436,0.436,3,3,6,1,0,1,0,0,0,-1,0.436,0.3958948843401236,False,False
F13_244_06,F13,244,6,0.436,0.436,3,3,6,1,0,1,0,0,0,-1,0.436,0.3616014832786053,False,False
F13_244_07,F13,244,7,0.426,0.426,3,3,6,1,0,1,0,0,0,-1,0.4259999999999999,0.359364673946214,False,False
F13_244_08,F13,244,8,0.415,0.415,3,3,5,1,1,1,0,0,0,-1,0.4149999999999999,0.376526705914974,False,False
F13_244_09,F13,244,9,0.416,0.416,3,3,6,1,0,1,0,0,0,-1,0.4159999999999999,0.3583575978908105,False,False
F13_244_10,F13,244,10,0.418,0.418,3,3,8,1,0,1,0,0,0,-1,0.4179999999999999,0.3550917912408334,False,False
F13_244_11,F13,244,11,0.422,0.422,3,3,2,1,0,1,0,0,0,-1,0.4219999999999999,0.3418310959539966,False,False
F13_244_12,F13,244,12,0.419,0.419,3,3,9,1,0,1,0,0,0,-1,0.4189999999999999,0.3379592374742752,False,False
F13_244_13,F13,244,13,0.431,0.431,3,3,1,1,0,1,0,0,0,-1,0.4309999999999999,0.3231246405195051,False,False
F13_244_14,F13,244,14,0.45,0.45,2,2,5,1,1,1,1,0,0,-1,0.45,0.3350866796144486,False,False
F13_244_15,F13,244,15,0.467,0.467,3,3,7,1,0,1,0,0,0,-1,0.467,0.3192394953024016,False,False
F13_244_16,F13,244,16,0.478,0.478,3,3,8,1,0,1,0,0,0,-1,0.4779999999999999,0.3500698068958952,False,False
F13_244_17,F13,244,17,0.48,0.48,2,2,8,1,0,1,1,0,0,-1,0.4799999999999999,0.3591643175836271,False,False
F13_244_18,F13,244,18,0.474,0.474,3,3,4,1,0,1,0,0,0,-1,0.4739999999999999,0.3870131153331121,False,False
F13_244_19,F13,244,19,0.461,0.461,3,3,1,1,0,1,0,0,0,-1,0.461,0.3482564321777341,False,False
F13_244_20,F13,244,20,0.448,0.448,3,3,8,1,0,1,0,0,0,-1,0.448,0.3549563050391858,False,False
F13_244_21,F13,244,21,0.437,0.437,3,3,7,1,0,1,0,0,0,-1,0.437,0.3429803074009126,False,False
F13_244_22,F13,244,22,0.435,0.435,3,3,5,1,1,1,0,0,0,-1,0.435,0.3816166618272249,False,False
F13_244_23,F13,244,23,0.435,0.435,3,3,5,1,1,1,0,0,0,-1,0.435,0.3455313117846844,False,False
F13_245_00,F13,245,0,0.848,0.848,3,3,8,1,0,1,0,0,0,-1,0.8479999999999999,0.950029377551214,False,False
F13_245_01,F13,245,1,0.845,0.845,3,3,5,1,1,1,0,0,0,-1,0.8449999999999999,0.9562305163134766,False,False
F13_245_02,F13,245,2,0.842,0.842,3,3,2,1,0,1,0,0,0,-1,0.8419999999999999,0.9446055463144508,False,False
F13_245_03,F13,245,3,0.839,0.839,3,3,9,1,0,1,0,0,0,-1,0.8389999999999999,0.9399580867459066,False,False
F13_245_04,F13,245,4,0.836,0.836,3,3,6,1,0,1,0,0,0,-1,0.8359999999999999,0.9403751247102105,False,False
F13_245_05,F13,245,5,0.834,0.834,3,3,4,1,0,1,0,0,0,-1,0.8339999999999999,0.9409219542700996,False,False
F13_245_06,F13,245,6,0.832,0.832,3,3,2,1,0,1,0,0,0,-1,0.8319999999999999,0.9416832120667304,False,False
F13_245_07,F13,245,7,0.829,0.829,3,3,9,1,0,1,0,0,0,-1,0.8289999999999998,0.9454735296026108,False,False
F13_245_08,F13,245,8,0.834,0.834,3,3,4,1,0,1,0,0,0,-1,0.8339999999999999,0.9461744385019044,False,False
F13_245_09,F13,245,9,0.844,0.844,3,3,4,1,0,1,0,0,0,-1,0.8439999999999999,0.9101928835461944,False,False
F13_245_10,F13,245,10,0.847,0.847,3,3,7,1,0,1,0,0,0,-1,0.8469999999999999,0.9048457482808114,False,False
F13_245_11,F13,245,11,0.843,0.843,3,3,3,1,0,1,0,0,0,-1,0.8429999999999999,0.9272969772054788,False,False
F13_245_12,F13,245,12,0.84,0.84,2,2,4,1,0,1,1,0,0,-1,0.8399999999999999,0.958914407392936,False,False
F13_245_13,F13,245,13,0.843,0.843,3,3,3,1,0,1,0,0,0,-1,0.8429999999999999,0.97723494565003,False,False
F13_245_14,F13,245,14,0.854,0.854,3,3,4,1,0,1,0,0,0,-1,0.8539999999999999,0.9789954056394664,False,False
F13_245_15,F13,245,15,0.858,0.858,3,3,8,1,0,1,0,0,0,-1,0.8579999999999999,0.9976094037099368,False,False
F13_245_16,F13,245,16,0.858,0.858,3,3,8,1,0,1,0,0,0,-1,0.8579999999999999,0.9816609790208634,False,False
F13_245_17,F13,245,17,0.853,0.853,3,3,3,1,0,1,0,0,0,-1,0.8529999999999999,1.0023727652514696,False,False
F13_245_18,F13,245,18,0.845,0.845,3,3,5,1,1,1,0,0,0,-1,0.8449999999999999,1.0317759587400757,False,False
F13_245_19,F13,245,19,0.839,0.839,3,3,9,1,0,1,0,0,0,-1,0.8389999999999999,1.0311815316869768,False,False
F13_245_20,F13,245,20,0.834,0.834,3,3,4,1,0,1,0,0,0,-1,0.8339999999999999,0.969144379637508,False,False
F13_245_21,F13,245,21,0.828,0.828,3,3,8,1,0,1,0,0,0,-1,0.8279999999999998,0.9237643692672924,False,False
F13_245_22,F13,245,22,0.822,0.822,3,3,2,1,0,1,0,0,0,-1,0.822,0.9358464863237584,False,False
F13_245_23,F13,245,23,0.819,0.819,3,3,9,1,0,1,0,0,0,-1,0.819,0.907860466646884,False,False
F47_006_00,F47,6,0,0.266,0.266,3,3,6,1,0,1,0,0,0,-1,0.266,0.2063790635194728,False,False
F47_006_01,F47,6,1,0.265,0.265,3,3,5,1,1,1,0,0,0,-1,0.265,0.2060137094497829,False,False
F47_006_02,F47,6,2,0.264,0.264,3,3,4,1,0,1,0,0,0,-1,0.264,0.2053722532579465,False,False
F47_006_03,F47,6,3,0.263,0.263,3,3,3,1,0,1,0,0,0,-1,0.263,0.2057653832061295,False,False
F47_006_04,F47,6,4,0.262,0.262,3,3,2,1,0,1,0,0,0,-1,0.262,0.2043009508730565,False,False
F47_006_05,F47,6,5,0.261,0.261,3,3,1,1,0,1,0,0,0,-1,0.261,0.2045828646628409,False,False
F47_006_06,F47,6,6,0.26,0.26,2,2,6,1,0,1,1,0,0,-1,0.26,0.201389445632957,False,False
F47_006_07,F47,6,7,0.246,0.246,3,3,6,1,0,1,0,0,0,-1,0.246,0.1980736590564193,False,False
F47_006_08,F47,6,8,0.232,0.232,3,3,2,1,0,1,0,0,0,-1,0.232,0.1994027206252689,False,False
F47_006_09,F47,6,9,0.231,0.231,3,3,1,1,0,1,0,0,0,-1,0.231,0.2065861894329751,False,False
F47_006_10,F47,6,10,0.231,0.231,3,3,1,1,0,1,0,0,0,-1,0.231,0.2037153832980973,False,False
F47_006_11,F47,6,11,0.23,0.23,2,2,3,1,0,1,1,0,0,-1,0.23,0.2010736890468611,False,False
F47_006_12,F47,6,12,0.231,0.231,3,3,1,1,0,1,0,0,0,-1,0.231,0.195736616465141,False,False
F47_006_13,F47,6,13,0.231,0.231,3,3,1,1,0,1,0,0,0,-1,0.231,0.1958586228934848,False,False
F47_006_14,F47,6,14,0.232,0.232,3,3,2,1,0,1,0,0,0,-1,0.232,0.1968776097166526,False,False
F47_006_15,F47,6,15,0.232,0.232,3,3,2,1,0,1,0,0,0,-1,0.232,0.2028486614542932,False,False
F47_006_16,F47,6,16,0.232,0.232,3,3,2,1,0,1,0,0,0,-1,0.232,0.2004743594401951,False,False
F47_006_17,F47,6,17,0.232,0.232,3,3,2,1,0,1,0,0,0,-1,0.232,0.203313203408028,False,False
F47_006_18,F47,6,18,0.231,0.231,3,3,1,1,0,1,0,0,0,-1,0.231,0.2039160885673024,False,False
F47_006_19,F47,6,19,0.23,0.23,2,2,3,1,0,1,1,0,0,-1,0.23,0.2047892122589125,False,False
F47_006_20,F47,6,20,0.229,0.229,3,3,9,1,0,1,0,0,0,-1,0.229,0.2056608121091655,False,False
F47_006_21,F47,6,21,0.228,0.228,3,3,8,1,0,1,0,0,0,-1,0.228,0.2069573621557317,False,False
F47_006_22,F47,6,22,0.227,0.227,3,3,7,1,0,1,0,0,0,-1,0.227,0.2028519480675872,False,False
F47_006_23,F47,6,23,0.226,0.226,3,3,6,1,0,1,0,0,0,-1,0.226,0.2016177371466639,False,False
F47_007_00,F47,7,0,0.382,0.382,3,3,2,1,0,1,0,0,0,-1,0.382,0.199920065189507,False,False
F47_007_01,F47,7,1,0.381,0.381,3,3,1,1,0,1,0,0,0,-1,0.381,0.1999595798772456,False,False
F47_007_02,F47,7,2,0.377,0.377,3,3,7,1,0,1,0,0,0,-1,0.377,0.2051466766738251,False,False
F47_007_03,F47,7,3,0.374,0.374,3,3,4,1,0,1,0,0,0,-1,0.374,0.2003389436385209,False,False
F47_007_04,F47,7,4,0.371,0.371,3,3,1,1,0,1,0,0,0,-1,0.371,0.1987701983740478,False,False
F47_007_05,F47,7,5,0.367,0.367,3,3,7,1,0,1,0,0,0,-1,0.3669999999999999,0.2033881972055291,False,False
F47_007_06,F47,7,6,0.364,0.364,3,3,4,1,0,1,0,0,0,-1,0.3639999999999999,0.2072455930695132,False,False
F47_007_07,F47,7,7,0.362,0.362,3,3,2,1,0,1,0,0,0,-1,0.3619999999999999,0.203293885677879,False,False
F47_007_08,F47,7,8,0.36,0.36,2,2,6,1,0,1,1,0,0,-1,0.3599999999999999,0.2055311487421466,False,False
F47_007_09,F47,7,9,0.358,0.358,3,3,8,1,0,1,0,0,0,-1,0.3579999999999999,0.2078788678092737,False,False
F47_007_10,F47,7,10,0.357,0.357,3,3,7,1,0,1,0,0,0,-1,0.3569999999999999,0.2110659471757886,False,False
F47_007_11,F47,7,11,0.357,0.357,3,3,7,1,0,1,0,0,0,-1,0.3569999999999999,0.2082806083906982,False,False
F47_007_12,F47,7,12,0.356,0.356,3,3,6,1,0,1,0,0,0,-1,0.3559999999999999,0.2055847416826125,False,False
F47_007_13,F47,7,13,0.356,0.356,3,3,6,1,0,1,0,0,0,-1,0.3559999999999999,0.2070256067359763,False,False
F47_007_14,F47,7,14,0.356,0.356,3,3,6,1,0,1,0,0,0,-1,0.3559999999999999,0.210904119423793,False,False
F47_007_15,F47,7,15,0.354,0.354,3,3,4,1,0,1,0,0,0,-1,0.3539999999999999,0.2120553704220938,False,False
F47_007_16,F47,7,16,0.353,0.353,3,3,3,1,0,1,0,0,0,-1,0.3529999999999999,0.2133590487232952,False,False
F47_007_17,F47,7,17,0.351,0.351,3,3,1,1,0,1,0,0,0,-1,0.3509999999999999,0.2143936704728022,False,False
F47_007_18,F47,7,18,0.348,0.348,3,3,8,1,0,1,0,0,0,-1,0.3479999999999999,0.2152898771696914,False,False
F47_007_19,F47,7,19,0.345,0.345,3,3,5,1,1,1,0,0,0,-1,0.3449999999999999,0.2057813386717022,False,False
F47_007_20,F47,7,20,0.341,0.341,3,3,1,1,0,1,0,0,0,-1,0.341,0.2059045445359773,False,False
F47_007_21,F47,7,21,0.338,0.338,3,3,8,1,0,1,0,0,0,-1,0.338,0.2053171649082425,False,False
F47_007_22,F47,7,22,0.334,0.334,3,3,4,1,0,1,0,0,0,-1,0.334,0.205040888125779,False,False
F47_007_23,F47,7,23,0.331,0.331,3,3,1,1,0,1,0,0,0,-1,0.331,0.2045983175829264,False,False
F47_008_00,F47,8,0,0.225,0.225,3,3,5,1,1,1,0,0,0,-1,0.225,0.1587482775879673,False,False
F47_008_01,F47,8,1,0.224,0.224,3,3,4,1,0,1,0,0,0,-1,0.224,0.1552058149284356,False,False
F47_008_02,F47,8,2,0.223,0.223,3,3,3,1,0,1,0,0,0,-1,0.223,0.1544453967205272,False,False
F47_008_03,F47,8,3,0.222,0.222,3,3,2,1,0,1,0,0,0,-1,0.222,0.1543180346949907,False,False
F47_008_04,F47,8,4,0.221,0.221,3,3,1,1,0,1,0,0,0,-1,0.221,0.1544395498242583,False,False
F47_008_05,F47,8,5,0.22,0.22,2,2,2,1,0,1,1,0,0,-1,0.22,0.1583167809025701,False,False
F47_008_06,F47,8,6,0.219,0.219,3,3,9,1,0,1,0,0,0,-1,0.219,0.1599797275357,False,False
F47_008_07,F47,8,7,0.206,0.206,3,3,6,1,0,1,0,0,0,-1,0.2059999999999999,0.1616077082563364,False,False
F47_008_08,F47,8,8,0.195,0.195,3,3,5,1,1,1,0,0,0,-1,0.195,0.1671020672786831,False,False
F47_008_09,F47,8,9,0.196,0.196,3,3,6,1,0,1,0,0,0,-1,0.196,0.1672634842710848,False,False
F47_008_10,F47,8,10,0.198,0.198,3,3,8,1,0,1,0,0,0,-1,0.198,0.1585946951262763,False,False
F47_008_11,F47,8,11,0.2,0.2,1,1,2,1,0,1,1,1,0,-1,0.2,0.1565504538101934,False,False
F47_008_12,F47,8,12,0.202,0.202,3,3,2,1,0,1,0,0,0,-1,0.202,0.1641790922056086,False,False
F47_008_13,F47,8,13,0.202,0.202,3,3,2,1,0,1,0,0,0,-1,0.202,0.1715406853868686,False,False
F47_008_14,F47,8,14,0.203,0.203,3,3,3,1,0,1,0,0,0,-1,0.203,0.1761039981895101,False,False
F47_008_15,F47,8,15,0.204,0.204,3,3,4,1,0,1,0,0,0,-1,0.2039999999999999,0.1771318407595569,False,False
F47_008_16,F47,8,16,0.204,0.204,3,3,4,1,0,1,0,0,0,-1,0.2039999999999999,0.1766355192286107,False,False
F47_008_17,F47,8,17,0.204,0.204,3,3,4,1,0,1,0,0,0,-1,0.2039999999999999,0.1778462083753806,False,False
F47_008_18,F47,8,18,0.204,0.204,3,3,4,1,0,1,0,0,0,-1,0.2039999999999999,0.184996964193472,False,False
F47_008_19,F47,8,19,0.204,0.204,3,3,4,1,0,1,0,0,0,-1,0.2039999999999999,0.1854327354946845,False,False
F47_008_20,F47,8,20,0.203,0.203,3,3,3,1,0,1,0,0,0,-1,0.203,0.1889661367444578,False,False
F47_008_21,F47,8,21,0.201,0.201,3,3,1,1,0,1,0,0,0,-1,0.201,0.1927428745740756,False,False
F47_008_22,F47,8,22,0.2,0.2,1,1,2,1,0,1,1,1,0,-1,0.2,0.1946999652342353,False,False
F47_008_23,F47,8,23,0.198,0.198,3,3,8,1,0,1,0,0,0,-1,0.198,0.1955955845964237,False,False
F47_009_00,F47,9,0,0.197,0.197,3,3,7,1,0,1,0,0,0,-1,0.197,0.1947417982929252,False,False
F47_009_01,F47,9,1,0.195,0.195,3,3,5,1,1,1,0,0,0,-1,0.195,0.1994248916018925,False,False
F47_009_02,F47,9,2,0.194,0.194,3,3,4,1,0,1,0,0,0,-1,0.194,0.1986434802764309,False,False
F47_009_03,F47,9,3,0.193,0.193,3,3,3,1,0,1,0,0,0,-1,0.193,0.195685162520594,False,False
F47_009_04,F47,9,4,0.191,0.191,3,3,1,1,0,1,0,0,0,-1,0.191,0.1842828938976763,False,False
F47_009_05,F47,9,5,0.19,0.19,2,2,9,1,0,1,1,0,0,-1,0.19,0.1796200278882483,False,False
F47_009_06,F47,9,6,0.189,0.189,3,3,9,1,0,1,0,0,0,-1,0.189,0.1770008438576333,False,False
F47_009_07,F47,9,7,0.178,0.178,3,3,8,1,0,1,0,0,0,-1,0.1779999999999999,0.1716139249431997,False,False
F47_009_08,F47,9,8,0.165,0.165,3,3,5,1,1,1,0,0,0,-1,0.165,0.1708976760186876,False,False
F47_009_09,F47,9,9,0.165,0.165,3,3,5,1,1,1,0,0,0,-1,0.165,0.1924075741292592,False,False
F47_009_10,F47,9,10,0.165,0.165,3,3,5,1,1,1,0,0,0,-1,0.165,0.1860091294607472,False,False
F47_009_11,F47,9,11,0.165,0.165,3,3,5,1,1,1,0,0,0,-1,0.165,0.1732845967113011,False,False
F47_009_12,F47,9,12,0.166,0.166,3,3,6,1,0,1,0,0,0,-1,0.166,0.1762534837273158,False,False
F47_009_13,F47,9,13,0.167,0.167,3,3,7,1,0,1,0,0,0,-1,0.167,0.1775018286848136,False,False
F47_009_14,F47,9,14,0.167,0.167,3,3,7,1,0,1,0,0,0,-1,0.167,0.1832917781260042,False,False
F47_009_15,F47,9,15,0.168,0.168,3,3,8,1,0,1,0,0,0,-1,0.168,0.1784267269573894,False,False
F47_009_16,F47,9,16,0.168,0.168,3,3,8,1,0,1,0,0,0,-1,0.168,0.1794137761104547,False,False
F47_009_17,F47,9,17,0.169,0.169,3,3,9,1,0,1,0,0,0,-1,0.169,0.1803654638384101,False,False
F47_009_18,F47,9,18,0.169,0.169,3,3,9,1,0,1,0,0,0,-1,0.169,0.1871452440727255,False,False
F47_009_19,F47,9,19,0.168,0.168,3,3,8,1,0,1,0,0,0,-1,0.168,0.1900109153925744,False,False
F47_009_20,F47,9,20,0.167,0.167,3,3,7,1,0,1,0,0,0,-1,0.167,0.1906848496166293,False,False
F47_009_21,F47,9,21,0.166,0.166,3,3,6,1,0,1,0,0,0,-1,0.166,0.1921825006468654,False,False
F47_009_22,F47,9,22,0.165,0.165,3,3,5,1,1,1,0,0,0,-1,0.165,0.1891595938222256,False,False
F47_009_23,F47,9,23,0.164,0.164,3,3,4,1,0,1,0,0,0,-1,0.164,0.188838878965993,False,False
F47_010_00,F47,10,0,0.163,0.163,3,3,3,1,0,1,0,0,0,-1,0.163,0.2044963073696162,False,False
F47_010_01,F47,10,1,0.161,0.161,3,3,1,1,0,1,0,0,0,-1,0.161,0.2048834655737015,False,False
F47_010_02,F47,10,2,0.16,0.16,2,2,6,1,0,1,1,0,0,-1,0.16,0.2050722417945786,False,False
F47_010_03,F47,10,3,0.16,0.16,2,2,6,1,0,1,1,0,0,-1,0.16,0.2051150976563053,False,False
F47_010_04,F47,10,4,0.159,0.159,3,3,9,1,0,1,0,0,0,-1,0.159,0.2062848767373386,False,False
F47_010_05,F47,10,5,0.158,0.158,3,3,8,1,0,1,0,0,0,-1,0.158,0.2061421967065782,False,False
F47_010_06,F47,10,6,0.157,0.157,3,3,7,1,0,1,0,0,0,-1,0.157,0.2027928056411919,False,False
F47_010_07,F47,10,7,0.148,0.148,3,3,8,1,0,1,0,0,0,-1,0.1479999999999999,0.1989361622841985,False,False
F47_010_08,F47,10,8,0.137,0.137,3,3,7,1,0,1,0,0,0,-1,0.137,0.1985971433826052,False,False
F47_010_09,F47,10,9,0.138,0.138,3,3,8,1,0,1,0,0,0,-1,0.138,0.204248291347728,False,False
F47_010_10,F47,10,10,0.138,0.138,3,3,8,1,0,1,0,0,0,-1,0.138,0.1990828261452924,False,False
F47_010_11,F47,10,11,0.139,0.139,3,3,9,1,0,1,0,0,0,-1,0.139,0.2014003491398648,False,False
F47_010_12,F47,10,12,0.14,0.14,2,2,4,1,0,1,1,0,0,-1,0.14,0.2062564171923323,False,False
F47_010_13,F47,10,13,0.142,0.142,3,3,2,1,0,1,0,0,0,-1,0.1419999999999999,0.2213008575824783,False,False
F47_010_14,F47,10,14,0.143,0.143,3,3,3,1,0,1,0,0,0,-1,0.1429999999999999,0.2125480937820992,False,False
F47_010_15,F47,10,15,0.143,0.143,3,3,3,1,0,1,0,0,0,-1,0.1429999999999999,0.2003935807229889,False,False
F47_010_16,F47,10,16,0.143,0.143,3,3,3,1,0,1,0,0,0,-1,0.1429999999999999,0.2028026604604931,False,False
F47_010_17,F47,10,17,0.143,0.143,3,3,3,1,0,1,0,0,0,-1,0.1429999999999999,0.201615381082075,False,False
F47_010_18,F47,10,18,0.143,0.143,3,3,3,1,0,1,0,0,0,-1,0.1429999999999999,0.2008857779203541,False,False
F47_010_19,F47,10,19,0.142,0.142,3,3,2,1,0,1,0,0,0,-1,0.1419999999999999,0.2005535730322125,False,False
F47_010_20,F47,10,20,0.141,0.141,3,3,1,1,0,1,0,0,0,-1,0.1409999999999999,0.2010703159154603,False,False
F47_010_21,F47,10,21,0.141,0.141,3,3,1,1,0,1,0,0,0,-1,0.1409999999999999,0.2004724940452875,False,False
F47_010_22,F47,10,22,0.14,0.14,2,2,4,1,0,1,1,0,0,-1,0.14,0.1964600528334644,False,False
F47_010_23,F47,10,23,0.14,0.14,2,2,4,1,0,1,1,0,0,-1,0.14,0.1953948898243129,False,False
F47_011_00,F47,11,0,0.235,0.235,3,3,5,1,1,1,0,0,0,-1,0.2349999999999999,0.2551679380093008,False,False
F47_011_01,F47,11,1,0.234,0.234,3,3,4,1,0,1,0,0,0,-1,0.234,0.2589199088210695,False,False
F47_011_02,F47,11,2,0.234,0.234,3,3,4,1,0,1,0,0,0,-1,0.234,0.2668910563620737,False,False
F47_011_03,F47,11,3,0.233,0.233,3,3,3,1,0,1,0,0,0,-1,0.233,0.2606067979487551,False,False
F47_011_04,F47,11,4,0.232,0.232,3,3,2,1,0,1,0,0,0,-1,0.232,0.2602064356118169,False,False
F47_011_05,F47,11,5,0.231,0.231,3,3,1,1,0,1,0,0,0,-1,0.231,0.2534913891965866,False,False
F47_011_06,F47,11,6,0.23,0.23,2,2,3,1,0,1,1,0,0,-1,0.23,0.2504680887387804,False,False
F47_011_07,F47,11,7,0.225,0.225,3,3,5,1,1,1,0,0,0,-1,0.225,0.2501405691831637,False,False
F47_011_08,F47,11,8,0.22,0.22,2,2,2,1,0,1,1,0,0,-1,0.22,0.2530585315382373,False,False
F47_011_09,F47,11,9,0.217,0.217,3,3,7,1,0,1,0,0,0,-1,0.217,0.2509528694641904,False,False
F47_011_10,F47,11,10,0.216,0.216,3,3,6,1,0,1,0,0,0,-1,0.216,0.2469590051873879,False,False
F47_011_11,F47,11,11,0.214,0.214,3,3,4,1,0,1,0,0,0,-1,0.214,0.2536289518580269,False,False
F47_011_12,F47,11,12,0.214,0.214,3,3,4,1,0,1,0,0,0,-1,0.214,0.2596942266883215,False,False
F47_011_13,F47,11,13,0.213,0.213,3,3,3,1,0,1,0,0,0,-1,0.2129999999999999,0.2612937435384405,False,False
F47_011_14,F47,11,14,0.212,0.212,3,3,2,1,0,1,0,0,0,-1,0.2119999999999999,0.259948336837773,False,False
F47_011_15,F47,11,15,0.211,0.211,3,3,1,1,0,1,0,0,0,-1,0.2109999999999999,0.2606715276102545,False,False
F47_011_16,F47,11,16,0.209,0.209,3,3,9,1,0,1,0,0,0,-1,0.2089999999999999,0.25757342573458,False,True
F47_011_17,F47,11,17,0.209,0.209,3,3,9,1,0,1,0,0,0,-1,0.2089999999999999,0.2639473300937623,False,True
F47_011_18,F47,11,18,0.209,0.209,3,3,9,1,0,1,0,0,0,-1,0.2089999999999999,0.2593638844104176,False,True
F47_011_19,F47,11,19,0.209,0.209,3,3,9,1,0,1,0,0,0,-1,0.2089999999999999,0.2539280820368787,False,True
F47_011_20,F47,11,20,0.209,0.209,3,3,9,1,0,1,0,0,0,-1,0.2089999999999999,0.2535263030902272,False,True
F47_011_21,F47,11,21,0.209,0.209,3,3,9,1,0,1,0,0,0,-1,0.2089999999999999,0.2520784655928369,False,True
F47_011_22,F47,11,22,0.209,0.209,3,3,9,1,0,1,0,0,0,-1,0.2089999999999999,0.2526230232361365,False,True
F47_011_23,F47,11,23,0.209,0.209,3,3,9,1,0,1,0,0,0,-1,0.2089999999999999,0.2523479721730321,False,True
F47_012_00,F47,12,0,0.139,0.139,3,3,9,1,0,1,0,0,0,-1,0.139,0.1899625763354689,False,False
F47_012_01,F47,12,1,0.139,0.139,3,3,9,1,0,1,0,0,0,-1,0.139,0.1880936082312747,False,False
F47_012_02,F47,12,2,0.139,0.139,3,3,9,1,0,1,0,0,0,-1,0.139,0.1880167253034997,False,False
F47_012_03,F47,12,3,0.138,0.138,3,3,8,1,0,1,0,0,0,-1,0.138,0.1922567683575248,False,False
F47_012_04,F47,12,4,0.138,0.138,3,3,8,1,0,1,0,0,0,-1,0.138,0.1986548527279683,False,False
F47_012_05,F47,12,5,0.137,0.137,3,3,7,1,0,1,0,0,0,-1,0.137,0.2002631736730386,False,False
F47_012_06,F47,12,6,0.137,0.137,3,3,7,1,0,1,0,0,0,-1,0.137,0.2054120187026046,False,False
F47_012_07,F47,12,7,0.128,0.128,3,3,8,1,0,1,0,0,0,-1,0.128,0.203972549326753,False,False
F47_012_08,F47,12,8,0.12,0.12,2,2,2,1,0,1,1,0,0,-1,0.12,0.2055825808714087,False,False
F47_012_09,F47,12,9,0.121,0.121,3,3,1,1,0,1,0,0,0,-1,0.121,0.2066194864736088,False,False
F47_012_10,F47,12,10,0.123,0.123,3,3,3,1,0,1,0,0,0,-1,0.123,0.2017608483221712,False,False
F47_012_11,F47,12,11,0.125,0.125,3,3,5,1,1,1,0,0,0,-1,0.125,0.1989041082919256,False,False
F47_012_12,F47,12,12,0.127,0.127,3,3,7,1,0,1,0,0,0,-1,0.127,0.1928318669465125,False,False
F47_012_13,F47,12,13,0.129,0.129,3,3,9,1,0,1,0,0,0,-1,0.129,0.1926021905073401,False,False
F47_012_14,F47,12,14,0.131,0.131,3,3,1,1,0,1,0,0,0,-1,0.131,0.1949876883294831,False,False
F47_012_15,F47,12,15,0.131,0.131,3,3,1,1,0,1,0,0,0,-1,0.131,0.1957058977189609,False,False
F47_012_16,F47,12,16,0.132,0.132,3,3,2,1,0,1,0,0,0,-1,0.132,0.1963355632290719,False,False
F47_012_17,F47,12,17,0.133,0.133,3,3,3,1,0,1,0,0,0,-1,0.133,0.1997698484583506,False,False
F47_012_18,F47,12,18,0.133,0.133,3,3,3,1,0,1,0,0,0,-1,0.133,0.1985787151878053,False,False
F47_012_19,F47,12,19,0.133,0.133,3,3,3,1,0,1,0,0,0,-1,0.133,0.2011345070643872,False,False
F47_012_20,F47,12,20,0.132,0.132,3,3,2,1,0,1,0,0,0,-1,0.132,0.2003541133560694,False,False
F47_012_21,F47,12,21,0.132,0.132,3,3,2,1,0,1,0,0,0,-1,0.132,0.2060679764666025,False,False
F47_012_22,F47,12,22,0.131,0.131,3,3,1,1,0,1,0,0,0,-1,0.131,0.20780811903685,False,False
F47_012_23,F47,12,23,0.13,0.13,2,2,3,1,0,1,1,0,0,-1,0.13,0.2088215355842368,False,False
F47_014_00,F47,14,0,0.121,0.121,3,3,1,1,0,1,0,0,0,-1,0.121,0.1505806499432526,False,False
F47_014_01,F47,14,1,0.12,0.12,2,2,2,1,0,1,1,0,0,-1,0.12,0.1506012089697925,False,False
F47_014_02,F47,14,2,0.12,0.12,2,2,2,1,0,1,1,0,0,-1,0.12,0.1504419879482666,False,False
F47_014_03,F47,14,3,0.119,0.119,3,3,9,1,0,1,0,0,0,-1,0.1189999999999999,0.1519167036843246,False,False
F47_014_04,F47,14,4,0.119,0.119,3,3,9,1,0,1,0,0,0,-1,0.1189999999999999,0.1523760639414278,False,False
F47_014_05,F47,14,5,0.118,0.118,3,3,8,1,0,1,0,0,0,-1,0.1179999999999999,0.153428310245588,False,False
F47_014_06,F47,14,6,0.118,0.118,3,3,8,1,0,1,0,0,0,-1,0.1179999999999999,0.1537837994931615,False,False
F47_014_07,F47,14,7,0.113,0.113,3,3,3,1,0,1,0,0,0,-1,0.113,0.1507738228966126,False,False
F47_014_08,F47,14,8,0.106,0.106,3,3,6,1,0,1,0,0,0,-1,0.106,0.1518492875770739,False,False
F47_014_09,F47,14,9,0.107,0.107,3,3,7,1,0,1,0,0,0,-1,0.107,0.150026440693688,False,False
F47_014_10,F47,14,10,0.109,0.109,3,3,9,1,0,1,0,0,0,-1,0.109,0.1472798281379401,False,False
F47_014_11,F47,14,11,0.112,0.112,3,3,2,1,0,1,0,0,0,-1,0.112,0.1528168962696605,False,False
F47_014_12,F47,14,12,0.115,0.115,3,3,5,1,1,1,0,0,0,-1,0.115,0.1647435888863497,False,False
F47_014_13,F47,14,13,0.116,0.116,3,3,6,1,0,1,0,0,0,-1,0.116,0.1592261493479501,False,False
F47_014_14,F47,14,14,0.117,0.117,3,3,7,1,0,1,0,0,0,-1,0.117,0.1511118030769712,False,False
F47_014_15,F47,14,15,0.117,0.117,3,3,7,1,0,1,0,0,0,-1,0.117,0.1540132585054589,False,False
F47_014_16,F47,14,16,0.118,0.118,3,3,8,1,0,1,0,0,0,-1,0.1179999999999999,0.1532803810295973,False,False
F47_014_17,F47,14,17,0.118,0.118,3,3,8,1,0,1,0,0,0,-1,0.1179999999999999,0.1539180434034601,False,False
F47_014_18,F47,14,18,0.119,0.119,3,3,9,1,0,1,0,0,0,-1,0.1189999999999999,0.1556953193846622,False,False
F47_014_19,F47,14,19,0.119,0.119,3,3,9,1,0,1,0,0,0,-1,0.1189999999999999,0.1548149997842617,False,False
F47_014_20,F47,14,20,0.118,0.118,3,3,8,1,0,1,0,0,0,-1,0.1179999999999999,0.1516314109669526,False,False
F47_014_21,F47,14,21,0.118,0.118,3,3,8,1,0,1,0,0,0,-1,0.1179999999999999,0.153855950206192,False,False
F47_014_22,F47,14,22,0.117,0.117,3,3,7,1,0,1,0,0,0,-1,0.117,0.1527202842535815,False,False
F47_014_23,F47,14,23,0.116,0.116,3,3,6,1,0,1,0,0,0,-1,0.116,0.1523970609882658,False,False
F47_015_00,F47,15,0,0.193,0.193,3,3,3,1,0,1,0,0,0,-1,0.193,0.2259391401742679,False,False
F47_015_01,F47,15,1,0.193,0.193,3,3,3,1,0,1,0,0,0,-1,0.193,0.2297780995231383,False,False
F47_015_02,F47,15,2,0.193,0.193,3,3,3,1,0,1,0,0,0,-1,0.193,0.2342305754962944,False,False
F47_015_03,F47,15,3,0.193,0.193,3,3,3,1,0,1,0,0,0,-1,0.193,0.2314057469951148,False,False
F47_015_04,F47,15,4,0.192,0.192,3,3,2,1,0,1,0,0,0,-1,0.192,0.2333618893905699,False,False
F47_015_05,F47,15,5,0.192,0.192,3,3,2,1,0,1,0,0,0,-1,0.192,0.2296556138403909,False,False
F47_015_06,F47,15,6,0.192,0.192,3,3,2,1,0,1,0,0,0,-1,0.192,0.2254534880700486,False,False
F47_015_07,F47,15,7,0.188,0.188,3,3,8,1,0,1,0,0,0,-1,0.188,0.223881593426166,False,False
F47_015_08,F47,15,8,0.184,0.184,3,3,4,1,0,1,0,0,0,-1,0.184,0.2249368173691714,False,False
F47_015_09,F47,15,9,0.184,0.184,3,3,4,1,0,1,0,0,0,-1,0.184,0.229036194374323,False,False
F47_015_10,F47,15,10,0.186,0.186,3,3,6,1,0,1,0,0,0,-1,0.186,0.2292305598819192,False,False
F47_015_11,F47,15,11,0.186,0.186,3,3,6,1,0,1,0,0,0,-1,0.186,0.2266455353590216,False,False
F47_015_12,F47,15,12,0.187,0.187,3,3,7,1,0,1,0,0,0,-1,0.187,0.2261615243523211,False,False
F47_015_13,F47,15,13,0.188,0.188,3,3,8,1,0,1,0,0,0,-1,0.188,0.235328686145247,False,False
F47_015_14,F47,15,14,0.189,0.189,3,3,9,1,0,1,0,0,0,-1,0.189,0.2337056197242417,False,False
F47_015_15,F47,15,15,0.192,0.192,3,3,2,1,0,1,0,0,0,-1,0.192,0.227146663743513,False,False
F47_015_16,F47,15,16,0.19,0.19,2,2,9,1,0,1,1,0,0,-1,0.19,0.2297324580529981,False,False
F47_015_17,F47,15,17,0.192,0.192,3,3,2,1,0,1,0,0,0,-1,0.192,0.2296160084730526,False,False
F47_015_18,F47,15,18,0.194,0.194,3,3,4,1,0,1,0,0,0,-1,0.194,0.2254680603611878,False,False
F47_015_19,F47,15,19,0.195,0.195,3,3,5,1,1,1,0,0,0,-1,0.195,0.2261591901423936,False,False
F47_015_20,F47,15,20,0.195,0.195,3,3,5,1,1,1,0,0,0,-1,0.195,0.2286824041028877,False,False
F47_015_21,F47,15,21,0.195,0.195,3,3,5,1,1,1,0,0,0,-1,0.195,0.2287127070817282,False,False
F47_015_22,F47,15,22,0.196,0.196,3,3,6,1,0,1,0,0,0,-1,0.196,0.2280219810991637,False,False
F47_015_23,F47,15,23,0.196,0.196,3,3,6,1,0,1,0,0,0,-1,0.196,0.2281276559503699,False,False
F47_016_00,F47,16,0,0.196,0.196,3,3,6,1,0,1,0,0,0,-1,0.196,0.2343678195392837,False,True
F47_016_01,F47,16,1,0.196,0.196,3,3,6,1,0,1,0,0,0,-1,0.196,0.2355662741325706,False,True
F47_016_02,F47,16,2,0.196,0.196,3,3,6,1,0,1,0,0,0,-1,0.196,0.2352067690179998,False,True
F47_016_03,F47,16,3,0.196,0.196,3,3,6,1,0,1,0,0,0,-1,0.196,0.2362882665985836,False,True
F47_016_04,F47,16,4,0.196,0.196,3,3,6,1,0,1,0,0,0,-1,0.196,0.2368752255599572,False,True
F47_016_05,F47,16,5,0.196,0.196,3,3,6,1,0,1,0,0,0,-1,0.196,0.2320257393691351,False,True
F47_016_06,F47,16,6,0.196,0.196,3,3,6,1,0,1,0,0,0,-1,0.196,0.2285374035259549,False,True
F47_016_07,F47,16,7,0.192,0.192,3,3,2,1,0,1,0,0,0,-1,0.192,0.2295562755124578,False,False
F47_016_08,F47,16,8,0.188,0.188,3,3,8,1,0,1,0,0,0,-1,0.188,0.2274435970170488,False,False
F47_016_09,F47,16,9,0.188,0.188,3,3,8,1,0,1,0,0,0,-1,0.188,0.2310369031292497,False,False
F47_016_10,F47,16,10,0.191,0.191,3,3,1,1,0,1,0,0,0,-1,0.191,0.2357777715449417,False,False
F47_016_11,F47,16,11,0.191,0.191,3,3,1,1,0,1,0,0,0,-1,0.191,0.2403253053367632,False,False
F47_016_12,F47,16,12,0.192,0.192,3,3,2,1,0,1,0,0,0,-1,0.192,0.2475769881987053,False,False
F47_016_13,F47,16,13,0.193,0.193,3,3,3,1,0,1,0,0,0,-1,0.193,0.2489944506482644,False,False
F47_016_14,F47,16,14,0.194,0.194,3,3,4,1,0,1,0,0,0,-1,0.194,0.2472059703071679,False,False
F47_016_15,F47,16,15,0.197,0.197,3,3,7,1,0,1,0,0,0,-1,0.197,0.2417678211704196,False,False
F47_016_16,F47,16,16,0.196,0.196,3,3,6,1,0,1,0,0,0,-1,0.196,0.2448297188498203,False,False
F47_016_17,F47,16,17,0.198,0.198,3,3,8,1,0,1,0,0,0,-1,0.198,0.2453083389737156,False,False
F47_016_18,F47,16,18,0.2,0.2,1,1,2,1,0,1,1,1,0,-1,0.2,0.2453319427790967,False,False
F47_016_19,F47,16,19,0.201,0.201,3,3,1,1,0,1,0,0,0,-1,0.201,0.2408667591528695,False,False
F47_016_20,F47,16,20,0.202,0.202,3,3,2,1,0,1,0,0,0,-1,0.202,0.2447255159741672,False,False
F47_016_21,F47,16,21,0.202,0.202,3,3,2,1,0,1,0,0,0,-1,0.202,0.2446360996796814,False,False
F47_016_22,F47,16,22,0.202,0.202,3,3,2,1,0,1,0,0,0,-1,0.202,0.243299863033961,False,False
F47_016_23,F47,16,23,0.202,0.202,3,3,2,1,0,1,0,0,0,-1,0.202,0.2416855546781794,False,False
F47_017_00,F47,17,0,0.112,0.112,3,3,2,1,0,1,0,0,0,-1,0.112,0.2361579208690511,False,False
F47_017_01,F47,17,1,0.112,0.112,3,3,2,1,0,1,0,0,0,-1,0.112,0.2257825867887076,False,False
F47_017_02,F47,17,2,0.111,0.111,3,3,1,1,0,1,0,0,0,-1,0.111,0.2237274097462919,False,False
F47_017_03,F47,17,3,0.111,0.111,3,3,1,1,0,1,0,0,0,-1,0.111,0.2235652808195435,False,False
F47_017_04,F47,17,4,0.111,0.111,3,3,1,1,0,1,0,0,0,-1,0.111,0.2254883774644508,False,False
F47_017_05,F47,17,5,0.11,0.11,2,2,1,1,0,1,1,0,0,-1,0.11,0.2260686730365127,False,False
F47_017_06,F47,17,6,0.11,0.11,2,2,1,1,0,1,1,0,0,-1,0.11,0.2239208939290235,False,False
F47_017_07,F47,17,7,0.108,0.108,3,3,8,1,0,1,0,0,0,-1,0.108,0.2173096850168642,False,False
F47_017_08,F47,17,8,0.105,0.105,3,3,5,1,1,1,0,0,0,-1,0.105,0.2187243420006116,False,False
F47_017_09,F47,17,9,0.107,0.107,3,3,7,1,0,1,0,0,0,-1,0.107,0.2330154472750553,False,False
F47_017_10,F47,17,10,0.109,0.109,3,3,9,1,0,1,0,0,0,-1,0.109,0.2526143853827973,False,False
F47_017_11,F47,17,11,0.111,0.111,3,3,1,1,0,1,0,0,0,-1,0.111,0.2635925606671681,False,False
F47_017_12,F47,17,12,0.113,0.113,3,3,3,1,0,1,0,0,0,-1,0.113,0.2514951749426482,False,False
F47_017_13,F47,17,13,0.114,0.114,3,3,4,1,0,1,0,0,0,-1,0.114,0.2472427707030145,False,False
F47_017_14,F47,17,14,0.114,0.114,3,3,4,1,0,1,0,0,0,-1,0.114,0.2519260225880671,False,False
F47_017_15,F47,17,15,0.114,0.114,3,3,4,1,0,1,0,0,0,-1,0.114,0.2523209819603266,False,False
F47_017_16,F47,17,16,0.115,0.115,3,3,5,1,1,1,0,0,0,-1,0.115,0.2524835965199508,False,False
F47_017_17,F47,17,17,0.116,0.116,3,3,6,1,0,1,0,0,0,-1,0.116,0.2472719241240526,False,False
F47_017_18,F47,17,18,0.117,0.117,3,3,7,1,0,1,0,0,0,-1,0.117,0.2464082500369382,False,False
F47_017_19,F47,17,19,0.116,0.116,3,3,6,1,0,1,0,0,0,-1,0.116,0.2433258064533254,False,False
F47_017_20,F47,17,20,0.116,0.116,3,3,6,1,0,1,0,0,0,-1,0.116,0.244581310886985,False,False
F47_017_21,F47,17,21,0.115,0.115,3,3,5,1,1,1,0,0,0,-1,0.115,0.2504994704065361,False,False
F47_017_22,F47,17,22,0.115,0.115,3,3,5,1,1,1,0,0,0,-1,0.115,0.2511924116137676,False,False
F47_017_23,F47,17,23,0.115,0.115,3,3,5,1,1,1,0,0,0,-1,0.115,0.2498359557990128,False,False
F47_018_00,F47,18,0,0.202,0.202,3,3,2,1,0,1,0,0,0,-1,0.202,0.2306410531712614,False,True
F47_018_01,F47,18,1,0.202,0.202,3,3,2,1,0,1,0,0,0,-1,0.202,0.2295671473842855,False,True
F47_018_02,F47,18,2,0.202,0.202,3,3,2,1,0,1,0,0,0,-1,0.202,0.2361125092028631,False,True
F47_018_03,F47,18,3,0.202,0.202,3,3,2,1,0,1,0,0,0,-1,0.202,0.2333534085218125,False,True
F47_018_04,F47,18,4,0.202,0.202,3,3,2,1,0,1,0,0,0,-1,0.202,0.2356805116781444,False,True
F47_018_05,F47,18,5,0.202,0.202,3,3,2,1,0,1,0,0,0,-1,0.202,0.2341550930602174,False,True
F47_018_06,F47,18,6,0.202,0.202,3,3,2,1,0,1,0,0,0,-1,0.202,0.2382994386102906,False,True
F47_018_07,F47,18,7,0.2,0.2,1,1,2,1,0,1,1,1,0,-1,0.2,0.2307467605940824,False,False
F47_018_08,F47,18,8,0.196,0.196,3,3,6,1,0,1,0,0,0,-1,0.196,0.2340506448243525,False,False
F47_018_09,F47,18,9,0.196,0.196,3,3,6,1,0,1,0,0,0,-1,0.196,0.2341397318306973,False,False
F47_018_10,F47,18,10,0.199,0.199,3,3,9,1,0,1,0,0,0,-1,0.199,0.2413787176695816,False,False
F47_018_11,F47,18,11,0.199,0.199,3,3,9,1,0,1,0,0,0,-1,0.199,0.2426588821982466,False,False
F47_018_12,F47,18,12,0.201,0.201,3,3,1,1,0,1,0,0,0,-1,0.201,0.2460562736099882,False,False
F47_018_13,F47,18,13,0.202,0.202,3,3,2,1,0,1,0,0,0,-1,0.202,0.2473319820335072,False,False
F47_018_14,F47,18,14,0.203,0.203,3,3,3,1,0,1,0,0,0,-1,0.203,0.2490210553936554,False,False
F47_018_15,F47,18,15,0.205,0.205,3,3,5,1,1,1,0,0,0,-1,0.2049999999999999,0.2519111944900859,False,False
F47_018_16,F47,18,16,0.204,0.204,3,3,4,1,0,1,0,0,0,-1,0.2039999999999999,0.2537361761810003,False,False
F47_018_17,F47,18,17,0.206,0.206,3,3,6,1,0,1,0,0,0,-1,0.2059999999999999,0.2544252419370381,False,False
F47_018_18,F47,18,18,0.207,0.207,3,3,7,1,0,1,0,0,0,-1,0.2069999999999999,0.256359219342551,False,False
F47_018_19,F47,18,19,0.208,0.208,3,3,8,1,0,1,0,0,0,-1,0.2079999999999999,0.2525846742688733,False,False
F47_018_20,F47,18,20,0.209,0.209,3,3,9,1,0,1,0,0,0,-1,0.2089999999999999,0.2405430789855121,False,False
F47_018_21,F47,18,21,0.209,0.209,3,3,9,1,0,1,0,0,0,-1,0.2089999999999999,0.2365618839939809,False,False
F47_018_22,F47,18,22,0.209,0.209,3,3,9,1,0,1,0,0,0,-1,0.2089999999999999,0.2334298687586873,False,False
F47_018_23,F47,18,23,0.209,0.209,3,3,9,1,0,1,0,0,0,-1,0.2089999999999999,0.2308810114616083,False,False
F47_019_00,F47,19,0,0.114,0.114,3,3,4,1,0,1,0,0,0,-1,0.114,0.2843568776217693,False,True
F47_019_01,F47,19,1,0.114,0.114,3,3,4,1,0,1,0,0,0,-1,0.114,0.2698680465874815,False,True
F47_019_02,F47,19,2,0.114,0.114,3,3,4,1,0,1,0,0,0,-1,0.114,0.2683467904844727,False,True
F47_019_03,F47,19,3,0.114,0.114,3,3,4,1,0,1,0,0,0,-1,0.114,0.2643153568534123,False,True
F47_019_04,F47,19,4,0.114,0.114,3,3,4,1,0,1,0,0,0,-1,0.114,0.2639927874285504,False,True
F47_019_05,F47,19,5,0.114,0.114,3,3,4,1,0,1,0,0,0,-1,0.114,0.2738606343792339,False,True
F47_019_06,F47,19,6,0.114,0.114,3,3,4,1,0,1,0,0,0,-1,0.114,0.2807759429295718,False,True
F47_019_07,F47,19,7,0.117,0.117,3,3,7,1,0,1,0,0,0,-1,0.117,0.2741856937740921,False,False
F47_019_08,F47,19,8,0.122,0.122,3,3,2,1,0,1,0,0,0,-1,0.122,0.2736330367482986,False,False
F47_019_09,F47,19,9,0.123,0.123,3,3,3,1,0,1,0,0,0,-1,0.123,0.28538329794351,False,False
F47_019_10,F47,19,10,0.124,0.124,3,3,4,1,0,1,0,0,0,-1,0.124,0.280688179824298,False,False
F47_019_11,F47,19,11,0.125,0.125,3,3,5,1,1,1,0,0,0,-1,0.125,0.2847890803306764,False,False
F47_019_12,F47,19,12,0.127,0.127,3,3,7,1,0,1,0,0,0,-1,0.127,0.2778527635422891,False,False
F47_019_13,F47,19,13,0.128,0.128,3,3,8,1,0,1,0,0,0,-1,0.128,0.2771458307717891,False,False
F47_019_14,F47,19,14,0.129,0.129,3,3,9,1,0,1,0,0,0,-1,0.129,0.2770211666064411,False,False
F47_019_15,F47,19,15,0.13,0.13,2,2,3,1,0,1,1,0,0,-1,0.13,0.2824716032954675,False,False
F47_019_16,F47,19,16,0.131,0.131,3,3,1,1,0,1,0,0,0,-1,0.131,0.2989070143338834,False,True
F47_019_17,F47,19,17,0.131,0.131,3,3,1,1,0,1,0,0,0,-1,0.131,0.2958472191524469,False,True
F47_019_18,F47,19,18,0.131,0.131,3,3,1,1,0,1,0,0,0,-1,0.131,0.2938967523228238,False,True
F47_019_19,F47,19,19,0.131,0.131,3,3,1,1,0,1,0,0,0,-1,0.131,0.2793856438971659,False,True
F47_019_20,F47,19,20,0.131,0.131,3,3,1,1,0,1,0,0,0,-1,0.131,0.2855981405877372,False,True
F47_019_21,F47,19,21,0.131,0.131,3,3,1,1,0,1,0,0,0,-1,0.131,0.2832177920255912,False,True
F47_019_22,F47,19,22,0.131,0.131,3,3,1,1,0,1,0,0,0,-1,0.131,0.2667413762156171,False,True
F47_019_23,F47,19,23,0.13,0.13,2,2,3,1,0,1,1,0,0,-1,0.13,0.2720283330012013,False,False
F47_020_00,F47,20,0,0.209,0.209,3,3,9,1,0,1,0,0,0,-1,0.2089999999999999,0.2356101425720163,False,False
F47_020_01,F47,20,1,0.21,0.21,2,2,1,1,0,1,1,0,0,-1,0.2099999999999999,0.232161302186106,False,False
F47_020_02,F47,20,2,0.21,0.21,2,2,1,1,0,1,1,0,0,-1,0.2099999999999999,0.2371992945115521,False,False
F47_020_03,F47,20,3,0.209,0.209,3,3,9,1,0,1,0,0,0,-1,0.2089999999999999,0.2329614759519317,False,False
F47_020_04,F47,20,4,0.21,0.21,2,2,1,1,0,1,1,0,0,-1,0.2099999999999999,0.2269610015375272,False,False
F47_020_05,F47,20,5,0.21,0.21,2,2,1,1,0,1,1,0,0,-1,0.2099999999999999,0.2350145688434317,False,False
F47_020_06,F47,20,6,0.21,0.21,2,2,1,1,0,1,1,0,0,-1,0.2099999999999999,0.2324800630532654,False,False
F47_020_07,F47,20,7,0.208,0.208,3,3,8,1,0,1,0,0,0,-1,0.2079999999999999,0.2264817198293606,False,False
F47_020_08,F47,20,8,0.205,0.205,3,3,5,1,1,1,0,0,0,-1,0.2049999999999999,0.2274390423203416,False,False
F47_020_09,F47,20,9,0.205,0.205,3,3,5,1,1,1,0,0,0,-1,0.2049999999999999,0.2241939074586454,False,False
F47_020_10,F47,20,10,0.206,0.206,3,3,6,1,0,1,0,0,0,-1,0.2059999999999999,0.2250261950500553,False,False
F47_020_11,F47,20,11,0.207,0.207,3,3,7,1,0,1,0,0,0,-1,0.2069999999999999,0.2339668543806947,False,False
F47_020_12,F47,20,12,0.209,0.209,3,3,9,1,0,1,0,0,0,-1,0.2089999999999999,0.2290462603426086,False,False
F47_020_13,F47,20,13,0.21,0.21,2,2,1,1,0,1,1,0,0,-1,0.2099999999999999,0.2292071638319681,False,False
F47_020_14,F47,20,14,0.211,0.211,3,3,1,1,0,1,0,0,0,-1,0.2109999999999999,0.2281090869613532,False,False
F47_020_15,F47,20,15,0.211,0.211,3,3,1,1,0,1,0,0,0,-1,0.2109999999999999,0.2331194868266737,False,False
F47_020_16,F47,20,16,0.212,0.212,3,3,2,1,0,1,0,0,0,-1,0.2119999999999999,0.2374646038246137,False,False
F47_020_17,F47,20,17,0.213,0.213,3,3,3,1,0,1,0,0,0,-1,0.2129999999999999,0.2337599412607244,False,False
F47_020_18,F47,20,18,0.214,0.214,3,3,4,1,0,1,0,0,0,-1,0.214,0.234628923327949,False,False
F47_020_19,F47,20,19,0.215,0.215,3,3,5,1,1,1,0,0,0,-1,0.215,0.2362239274704904,False,False
F47_020_20,F47,20,20,0.215,0.215,3,3,5,1,1,1,0,0,0,-1,0.215,0.2345826137762381,False,False
F47_020_21,F47,20,21,0.216,0.216,3,3,6,1,0,1,0,0,0,-1,0.216,0.2348844484238175,False,False
F47_020_22,F47,20,22,0.216,0.216,3,3,6,1,0,1,0,0,0,-1,0.216,0.237882679857878,False,False
F47_020_23,F47,20,23,0.216,0.216,3,3,6,1,0,1,0,0,0,-1,0.216,0.2366756830137092,False,False
F47_021_00,F47,21,0,0.13,0.13,2,2,3,1,0,1,1,0,0,-1,0.13,0.2764963125801188,False,False
F47_021_01,F47,21,1,0.13,0.13,2,2,3,1,0,1,1,0,0,-1,0.13,0.2674738751828594,False,False
F47_021_02,F47,21,2,0.129,0.129,3,3,9,1,0,1,0,0,0,-1,0.129,0.2597536649850151,False,False
F47_021_03,F47,21,3,0.129,0.129,3,3,9,1,0,1,0,0,0,-1,0.129,0.260197709957493,False,False
F47_021_04,F47,21,4,0.13,0.13,2,2,3,1,0,1,1,0,0,-1,0.13,0.258242560808499,False,False
F47_021_05,F47,21,5,0.13,0.13,2,2,3,1,0,1,1,0,0,-1,0.13,0.2568966550448147,False,False
F47_021_06,F47,21,6,0.13,0.13,2,2,3,1,0,1,1,0,0,-1,0.13,0.2536343643630962,False,False
F47_021_07,F47,21,7,0.136,0.136,3,3,6,1,0,1,0,0,0,-1,0.136,0.2521172126325539,False,False
F47_021_08,F47,21,8,0.148,0.148,3,3,8,1,0,1,0,0,0,-1,0.1479999999999999,0.2542538147911166,False,False
F47_021_09,F47,21,9,0.15,0.15,2,2,5,1,1,1,1,0,0,-1,0.1499999999999999,0.2589754345131496,False,False
F47_021_10,F47,21,10,0.152,0.152,3,3,2,1,0,1,0,0,0,-1,0.152,0.2600985516397665,False,False
F47_021_11,F47,21,11,0.154,0.154,3,3,4,1,0,1,0,0,0,-1,0.154,0.2547262621920864,False,False
F47_021_12,F47,21,12,0.155,0.155,3,3,5,1,1,1,0,0,0,-1,0.155,0.249388301183985,False,False
F47_021_13,F47,21,13,0.156,0.156,3,3,6,1,0,1,0,0,0,-1,0.156,0.2509856217101527,False,False
F47_021_14,F47,21,14,0.157,0.157,3,3,7,1,0,1,0,0,0,-1,0.157,0.2486930069152627,False,False
F47_021_15,F47,21,15,0.158,0.158,3,3,8,1,0,1,0,0,0,-1,0.158,0.2462558939071922,False,False
F47_021_16,F47,21,16,0.158,0.158,3,3,8,1,0,1,0,0,0,-1,0.158,0.2493310332720792,False,False
F47_021_17,F47,21,17,0.159,0.159,3,3,9,1,0,1,0,0,0,-1,0.159,0.2494382445257165,False,False
F47_021_18,F47,21,18,0.16,0.16,2,2,6,1,0,1,1,0,0,-1,0.16,0.2485811292139416,False,False
F47_021_19,F47,21,19,0.16,0.16,2,2,6,1,0,1,1,0,0,-1,0.16,0.2471707792745375,False,False
F47_021_20,F47,21,20,0.16,0.16,2,2,6,1,0,1,1,0,0,-1,0.16,0.2474789330149371,False,False
F47_021_21,F47,21,21,0.16,0.16,2,2,6,1,0,1,1,0,0,-1,0.16,0.2582371949802465,False,False
F47_021_22,F47,21,22,0.161,0.161,3,3,1,1,0,1,0,0,0,-1,0.161,0.2571619810243165,False,False
F47_021_23,F47,21,23,0.161,0.161,3,3,1,1,0,1,0,0,0,-1,0.161,0.259982261960408,False,False
F47_022_00,F47,22,0,0.216,0.216,3,3,6,1,0,1,0,0,0,-1,0.216,0.233140261537572,False,True
F47_022_01,F47,22,1,0.216,0.216,3,3,6,1,0,1,0,0,0,-1,0.216,0.2260822948127242,False,True
F47_022_02,F47,22,2,0.216,0.216,3,3,6,1,0,1,0,0,0,-1,0.216,0.2315774642705139,False,True
F47_022_03,F47,22,3,0.216,0.216,3,3,6,1,0,1,0,0,0,-1,0.216,0.2248354556176719,False,True
F47_022_04,F47,22,4,0.216,0.216,3,3,6,1,0,1,0,0,0,-1,0.216,0.2251568636941105,False,True
F47_022_05,F47,22,5,0.216,0.216,3,3,6,1,0,1,0,0,0,-1,0.216,0.2285201631398434,False,True
F47_022_06,F47,22,6,0.216,0.216,3,3,6,1,0,1,0,0,0,-1,0.216,0.2308262734281975,False,True
F47_022_07,F47,22,7,0.215,0.215,3,3,5,1,1,1,0,0,0,-1,0.215,0.2327882924566016,False,False
F47_022_08,F47,22,8,0.212,0.212,3,3,2,1,0,1,0,0,0,-1,0.2119999999999999,0.2288001815008243,False,False
F47_022_09,F47,22,9,0.213,0.213,3,3,3,1,0,1,0,0,0,-1,0.2129999999999999,0.2315693085950095,False,False
F47_022_10,F47,22,10,0.214,0.214,3,3,4,1,0,1,0,0,0,-1,0.214,0.2349140295131458,False,False
F47_022_11,F47,22,11,0.215,0.215,3,3,5,1,1,1,0,0,0,-1,0.215,0.2368887152921745,False,False
F47_022_12,F47,22,12,0.216,0.216,3,3,6,1,0,1,0,0,0,-1,0.216,0.2337804162824143,False,False
F47_022_13,F47,22,13,0.217,0.217,3,3,7,1,0,1,0,0,0,-1,0.217,0.23691084942401,False,False
F47_022_14,F47,22,14,0.218,0.218,3,3,8,1,0,1,0,0,0,-1,0.218,0.2384164692976099,False,False
F47_022_15,F47,22,15,0.218,0.218,3,3,8,1,0,1,0,0,0,-1,0.218,0.2380831833641913,False,False
F47_022_16,F47,22,16,0.219,0.219,3,3,9,1,0,1,0,0,0,-1,0.219,0.2447743385097886,False,False
F47_022_17,F47,22,17,0.22,0.22,2,2,2,1,0,1,1,0,0,-1,0.22,0.2437145015388799,False,False
F47_022_18,F47,22,18,0.221,0.221,3,3,1,1,0,1,0,0,0,-1,0.221,0.242939550885834,False,False
F47_022_19,F47,22,19,0.221,0.221,3,3,1,1,0,1,0,0,0,-1,0.221,0.2367467455491039,False,False
F47_022_20,F47,22,20,0.222,0.222,3,3,2,1,0,1,0,0,0,-1,0.222,0.23706512399125,False,False
F47_022_21,F47,22,21,0.222,0.222,3,3,2,1,0,1,0,0,0,-1,0.222,0.2333094813782254,False,False
F47_022_22,F47,22,22,0.223,0.223,3,3,3,1,0,1,0,0,0,-1,0.223,0.2362922727878693,False,False
F47_022_23,F47,22,23,0.223,0.223,3,3,3,1,0,1,0,0,0,-1,0.223,0.2362641825923551,False,False
F47_023_00,F47,23,0,0.161,0.161,3,3,1,1,0,1,0,0,0,-1,0.161,0.2758822988689438,False,True
F47_023_01,F47,23,1,0.161,0.161,3,3,1,1,0,1,0,0,0,-1,0.161,0.2706506916000051,False,True
F47_023_02,F47,23,2,0.161,0.161,3,3,1,1,0,1,0,0,0,-1,0.161,0.2698117934035557,False,True
F47_023_03,F47,23,3,0.161,0.161,3,3,1,1,0,1,0,0,0,-1,0.161,0.2684025262586063,False,True
F47_023_04,F47,23,4,0.161,0.161,3,3,1,1,0,1,0,0,0,-1,0.161,0.2677226556447142,False,True
F47_023_05,F47,23,5,0.161,0.161,3,3,1,1,0,1,0,0,0,-1,0.161,0.2664437423183556,False,True
F47_023_06,F47,23,6,0.162,0.162,3,3,2,1,0,1,0,0,0,-1,0.162,0.2649327862836501,False,False
F47_023_07,F47,23,7,0.168,0.168,3,3,8,1,0,1,0,0,0,-1,0.168,0.2622066043414976,False,False
F47_023_08,F47,23,8,0.181,0.181,3,3,1,1,0,1,0,0,0,-1,0.1809999999999999,0.2844531787630931,False,False
F47_023_09,F47,23,9,0.182,0.182,3,3,2,1,0,1,0,0,0,-1,0.182,0.2844036981901206,False,False
F47_023_10,F47,23,10,0.183,0.183,3,3,3,1,0,1,0,0,0,-1,0.183,0.2860242024803649,False,False
F47_023_11,F47,23,11,0.185,0.185,3,3,5,1,1,1,0,0,0,-1,0.185,0.2893624453320933,False,False
F47_023_12,F47,23,12,0.187,0.187,3,3,7,1,0,1,0,0,0,-1,0.187,0.282413950606131,False,False
F47_023_13,F47,23,13,0.189,0.189,3,3,9,1,0,1,0,0,0,-1,0.189,0.2829891745121937,False,False
F47_023_14,F47,23,14,0.191,0.191,3,3,1,1,0,1,0,0,0,-1,0.191,0.2781574469216358,False,False
F47_023_15,F47,23,15,0.192,0.192,3,3,2,1,0,1,0,0,0,-1,0.192,0.2769361021626718,False,False
F47_023_16,F47,23,16,0.195,0.195,3,3,5,1,1,1,0,0,0,-1,0.195,0.2739293460027855,False,False
F47_023_17,F47,23,17,0.196,0.196,3,3,6,1,0,1,0,0,0,-1,0.196,0.2768336732316283,False,False
F47_023_18,F47,23,18,0.197,0.197,3,3,7,1,0,1,0,0,0,-1,0.197,0.2787561860612504,False,True
F47_023_19,F47,23,19,0.197,0.197,3,3,7,1,0,1,0,0,0,-1,0.197,0.2806403574754498,False,True
F47_023_20,F47,23,20,0.197,0.197,3,3,7,1,0,1,0,0,0,-1,0.197,0.279548372196506,False,True
F47_023_21,F47,23,21,0.197,0.197,3,3,7,1,0,1,0,0,0,-1,0.197,0.2825049804855114,False,True
F47_023_22,F47,23,22,0.197,0.197,3,3,7,1,0,1,0,0,0,-1,0.197,0.2822409878874487,False,True
F47_023_23,F47,23,23,0.197,0.197,3,3,7,1,0,1,0,0,0,-1,0.197,0.2829909644098181,False,True
F47_024_00,F47,24,0,0.224,0.224,3,3,4,1,0,1,0,0,0,-1,0.224,0.29432770573191,False,True
F47_024_01,F47,24,1,0.224,0.224,3,3,4,1,0,1,0,0,0,-1,0.224,0.287270932063556,False,True
F47_024_02,F47,24,2,0.224,0.224,3,3,4,1,0,1,0,0,0,-1,0.224,0.2913073620804615,False,True
F47_024_03,F47,24,3,0.224,0.224,3,3,4,1,0,1,0,0,0,-1,0.224,0.2841418031284663,False,True
F47_024_04,F47,24,4,0.224,0.224,3,3,4,1,0,1,0,0,0,-1,0.224,0.2811766484132566,False,True
F47_024_05,F47,24,5,0.224,0.224,3,3,4,1,0,1,0,0,0,-1,0.224,0.2850155822223919,False,True
F47_024_06,F47,24,6,0.225,0.225,3,3,5,1,1,1,0,0,0,-1,0.225,0.2853848184065889,False,False
F47_024_07,F47,24,7,0.224,0.224,3,3,4,1,0,1,0,0,0,-1,0.224,0.282989843604526,False,False
F47_024_08,F47,24,8,0.222,0.222,3,3,2,1,0,1,0,0,0,-1,0.222,0.2816902585558708,False,False
F47_024_09,F47,24,9,0.222,0.222,3,3,2,1,0,1,0,0,0,-1,0.222,0.2797541657389466,False,False
F47_024_10,F47,24,10,0.222,0.222,3,3,2,1,0,1,0,0,0,-1,0.222,0.2806365088666953,False,False
F47_024_11,F47,24,11,0.224,0.224,3,3,4,1,0,1,0,0,0,-1,0.224,0.282115635615565,False,False
F47_024_12,F47,24,12,0.225,0.225,3,3,5,1,1,1,0,0,0,-1,0.225,0.2822709226050414,False,False
F47_024_13,F47,24,13,0.227,0.227,3,3,7,1,0,1,0,0,0,-1,0.227,0.2831543724246365,False,False
F47_024_14,F47,24,14,0.226,0.226,3,3,6,1,0,1,0,0,0,-1,0.226,0.2848839047163993,False,False
F47_024_15,F47,24,15,0.227,0.227,3,3,7,1,0,1,0,0,0,-1,0.227,0.2849792387303617,False,False
F47_024_16,F47,24,16,0.227,0.227,3,3,7,1,0,1,0,0,0,-1,0.227,0.283095318736877,False,False
F47_024_17,F47,24,17,0.229,0.229,3,3,9,1,0,1,0,0,0,-1,0.229,0.284515452959044,False,False
F47_024_18,F47,24,18,0.23,0.23,2,2,3,1,0,1,1,0,0,-1,0.23,0.2786972217863595,False,False
F47_024_19,F47,24,19,0.231,0.231,3,3,1,1,0,1,0,0,0,-1,0.231,0.2798052304049435,False,False
F47_024_20,F47,24,20,0.231,0.231,3,3,1,1,0,1,0,0,0,-1,0.231,0.2794984325753817,False,False
F47_024_21,F47,24,21,0.231,0.231,3,3,1,1,0,1,0,0,0,-1,0.231,0.2775102145883863,False,False
F47_024_22,F47,24,22,0.231,0.231,3,3,1,1,0,1,0,0,0,-1,0.231,0.276392227814091,False,False
F47_024_23,F47,24,23,0.231,0.231,3,3,1,1,0,1,0,0,0,-1,0.231,0.2775477435089154,False,False
F47_025_00,F47,25,0,0.231,0.231,3,3,1,1,0,1,0,0,0,-1,0.231,0.239301284201473,False,False
F47_025_01,F47,25,1,0.231,0.231,3,3,1,1,0,1,0,0,0,-1,0.231,0.2380781215480627,False,False
F47_025_02,F47,25,2,0.231,0.231,3,3,1,1,0,1,0,0,0,-1,0.231,0.2421311062921906,False,False
F47_025_03,F47,25,3,0.23,0.23,2,2,3,1,0,1,1,0,0,-1,0.23,0.236783348960706,False,False
F47_025_04,F47,25,4,0.23,0.23,2,2,3,1,0,1,1,0,0,-1,0.23,0.2380984625383042,False,False
F47_025_05,F47,25,5,0.23,0.23,2,2,3,1,0,1,1,0,0,-1,0.23,0.2376313015698543,False,False
F47_025_06,F47,25,6,0.23,0.23,2,2,3,1,0,1,1,0,0,-1,0.23,0.2397692720518166,False,False
F47_025_07,F47,25,7,0.23,0.23,2,2,3,1,0,1,1,0,0,-1,0.23,0.2354039225346412,False,False
F47_025_08,F47,25,8,0.229,0.229,3,3,9,1,0,1,0,0,0,-1,0.229,0.2403773088068914,False,False
F47_025_09,F47,25,9,0.226,0.226,3,3,6,1,0,1,0,0,0,-1,0.226,0.2429087249916795,False,False
F47_025_10,F47,25,10,0.226,0.226,3,3,6,1,0,1,0,0,0,-1,0.226,0.2440958952929598,False,False
F47_025_11,F47,25,11,0.227,0.227,3,3,7,1,0,1,0,0,0,-1,0.227,0.2397786861148839,False,False
F47_025_12,F47,25,12,0.229,0.229,3,3,9,1,0,1,0,0,0,-1,0.229,0.2420097351648582,False,False
F47_025_13,F47,25,13,0.23,0.23,2,2,3,1,0,1,1,0,0,-1,0.23,0.2475965550264284,False,False
F47_025_14,F47,25,14,0.232,0.232,3,3,2,1,0,1,0,0,0,-1,0.232,0.2459078221410138,False,False
F47_025_15,F47,25,15,0.234,0.234,3,3,4,1,0,1,0,0,0,-1,0.234,0.249409528442058,False,False
F47_025_16,F47,25,16,0.235,0.235,3,3,5,1,1,1,0,0,0,-1,0.2349999999999999,0.2517313018977193,False,False
F47_025_17,F47,25,17,0.236,0.236,3,3,6,1,0,1,0,0,0,-1,0.2359999999999999,0.2513748215536018,False,True
F47_025_18,F47,25,18,0.236,0.236,3,3,6,1,0,1,0,0,0,-1,0.2359999999999999,0.2501020439110033,False,True
F47_025_19,F47,25,19,0.236,0.236,3,3,6,1,0,1,0,0,0,-1,0.2359999999999999,0.247460330528215,False,True
F47_025_20,F47,25,20,0.236,0.236,3,3,6,1,0,1,0,0,0,-1,0.2359999999999999,0.2454851407624641,False,True
F47_025_21,F47,25,21,0.236,0.236,3,3,6,1,0,1,0,0,0,-1,0.2359999999999999,0.244835731546154,False,True
F47_025_22,F47,25,22,0.236,0.236,3,3,6,1,0,1,0,0,0,-1,0.2359999999999999,0.2447588166145685,False,True
F47_025_23,F47,25,23,0.235,0.235,3,3,5,1,1,1,0,0,0,-1,0.2349999999999999,0.2438426769914764,False,False
F47_026_00,F47,26,0,0.235,0.235,3,3,5,1,1,1,0,0,0,-1,0.2349999999999999,0.194222364223271,False,True
F47_026_01,F47,26,1,0.235,0.235,3,3,5,1,1,1,0,0,0,-1,0.2349999999999999,0.186201514938948,False,True
F47_026_02,F47,26,2,0.235,0.235,3,3,5,1,1,1,0,0,0,-1,0.2349999999999999,0.1848241187172494,False,True
F47_026_03,F47,26,3,0.235,0.235,3,3,5,1,1,1,0,0,0,-1,0.2349999999999999,0.183890542524453,False,True
F47_026_04,F47,26,4,0.235,0.235,3,3,5,1,1,1,0,0,0,-1,0.2349999999999999,0.1825362440143494,False,True
F47_026_05,F47,26,5,0.235,0.235,3,3,5,1,1,1,0,0,0,-1,0.2349999999999999,0.1809819844274046,False,True
F47_026_06,F47,26,6,0.236,0.236,3,3,6,1,0,1,0,0,0,-1,0.2359999999999999,0.195265211780213,False,False
F47_026_07,F47,26,7,0.243,0.243,3,3,3,1,0,1,0,0,0,-1,0.2429999999999999,0.2084097174109383,False,False
F47_026_08,F47,26,8,0.257,0.257,3,3,7,1,0,1,0,0,0,-1,0.257,0.2124630870377022,False,False
F47_026_09,F47,26,9,0.257,0.257,3,3,7,1,0,1,0,0,0,-1,0.257,0.2114514739621098,False,False
F47_026_10,F47,26,10,0.257,0.257,3,3,7,1,0,1,0,0,0,-1,0.257,0.2060400587029687,False,False
F47_026_11,F47,26,11,0.258,0.258,3,3,8,1,0,1,0,0,0,-1,0.258,0.2025238209851567,False,False
F47_026_12,F47,26,12,0.261,0.261,3,3,1,1,0,1,0,0,0,-1,0.261,0.2099005485114366,False,False
F47_026_13,F47,26,13,0.263,0.263,3,3,3,1,0,1,0,0,0,-1,0.263,0.2020011270738138,False,False
F47_026_14,F47,26,14,0.265,0.265,3,3,5,1,1,1,0,0,0,-1,0.265,0.200324980582339,False,False
F47_026_15,F47,26,15,0.266,0.266,3,3,6,1,0,1,0,0,0,-1,0.266,0.2068705888307608,False,False
F47_026_16,F47,26,16,0.267,0.267,3,3,7,1,0,1,0,0,0,-1,0.267,0.2078301332487594,False,False
F47_026_17,F47,26,17,0.269,0.269,3,3,9,1,0,1,0,0,0,-1,0.269,0.2102884259439207,False,False
F47_026_18,F47,26,18,0.271,0.271,3,3,1,1,0,1,0,0,0,-1,0.271,0.2121309194614905,False,False
F47_026_19,F47,26,19,0.272,0.272,3,3,2,1,0,1,0,0,0,-1,0.272,0.2085358357003448,False,False
F47_026_20,F47,26,20,0.272,0.272,3,3,2,1,0,1,0,0,0,-1,0.272,0.2067061617283489,False,False
F47_026_21,F47,26,21,0.272,0.272,3,3,2,1,0,1,0,0,0,-1,0.272,0.2060451532414606,False,False
F47_026_22,F47,26,22,0.272,0.272,3,3,2,1,0,1,0,0,0,-1,0.272,0.205117051781119,False,False
F47_026_23,F47,26,23,0.289,0.289,3,3,9,1,0,1,0,0,0,-1,0.2889999999999999,0.2058544836794654,False,False
F47_027_00,F47,27,0,0.236,0.236,3,3,6,1,0,1,0,0,0,-1,0.2359999999999999,0.2403679147762721,False,False
F47_027_01,F47,27,1,0.235,0.235,3,3,5,1,1,1,0,0,0,-1,0.2349999999999999,0.2358725466569777,False,False
F47_027_02,F47,27,2,0.235,0.235,3,3,5,1,1,1,0,0,0,-1,0.2349999999999999,0.2371453645406688,False,False
F47_027_03,F47,27,3,0.236,0.236,3,3,6,1,0,1,0,0,0,-1,0.2359999999999999,0.2355708020015483,False,False
F47_027_04,F47,27,4,0.236,0.236,3,3,6,1,0,1,0,0,0,-1,0.2359999999999999,0.2359168367281381,False,False
F47_027_05,F47,27,5,0.236,0.236,3,3,6,1,0,1,0,0,0,-1,0.2359999999999999,0.23085240706092,False,False
F47_027_06,F47,27,6,0.236,0.236,3,3,6,1,0,1,0,0,0,-1,0.2359999999999999,0.2343803201834903,False,False
F47_027_07,F47,27,7,0.234,0.234,3,3,4,1,0,1,0,0,0,-1,0.234,0.2337477904774551,False,False
F47_027_08,F47,27,8,0.232,0.232,3,3,2,1,0,1,0,0,0,-1,0.232,0.2302228810934385,False,False
F47_027_09,F47,27,9,0.235,0.235,3,3,5,1,1,1,0,0,0,-1,0.2349999999999999,0.2315112051193165,False,False
F47_027_10,F47,27,10,0.236,0.236,3,3,6,1,0,1,0,0,0,-1,0.2359999999999999,0.2323292455542349,False,False
F47_027_11,F47,27,11,0.24,0.24,2,2,4,1,0,1,1,0,0,-1,0.2399999999999999,0.2311241058806515,False,False
F47_027_12,F47,27,12,0.241,0.241,3,3,1,1,0,1,0,0,0,-1,0.2409999999999999,0.2333573674963703,False,False
F47_027_13,F47,27,13,0.242,0.242,3,3,2,1,0,1,0,0,0,-1,0.2419999999999999,0.2331108454681102,False,False
F47_027_14,F47,27,14,0.249,0.249,3,3,9,1,0,1,0,0,0,-1,0.249,0.2336526502249269,False,False
F47_027_15,F47,27,15,0.254,0.254,3,3,4,1,0,1,0,0,0,-1,0.254,0.2322193647162579,False,False
F47_027_16,F47,27,16,0.266,0.266,3,3,6,1,0,1,0,0,0,-1,0.266,0.2331476858659892,False,False
F47_027_17,F47,27,17,0.266,0.266,3,3,6,1,0,1,0,0,0,-1,0.266,0.2400026488716971,False,False
F47_027_18,F47,27,18,0.265,0.265,3,3,5,1,1,1,0,0,0,-1,0.265,0.2426274451714244,False,False
F47_027_19,F47,27,19,0.262,0.262,3,3,2,1,0,1,0,0,0,-1,0.262,0.2414518905662732,False,False
F47_027_20,F47,27,20,0.257,0.257,3,3,7,1,0,1,0,0,0,-1,0.257,0.2424976987304124,False,False
F47_027_21,F47,27,21,0.254,0.254,3,3,4,1,0,1,0,0,0,-1,0.254,0.2401417113699879,False,False
F47_027_22,F47,27,22,0.254,0.254,3,3,4,1,0,1,0,0,0,-1,0.254,0.2399411311071656,False,False
F47_027_23,F47,27,23,0.238,0.238,3,3,8,1,0,1,0,0,0,-1,0.2379999999999999,0.2396917016994383,False,False
F47_028_00,F47,28,0,0.376,0.376,3,3,6,1,0,1,0,0,0,-1,0.376,0.3231310284915526,False,False
F47_028_01,F47,28,1,0.361,0.361,3,3,1,1,0,1,0,0,0,-1,0.3609999999999999,0.3212654774544176,False,False
F47_028_02,F47,28,2,0.358,0.358,3,3,8,1,0,1,0,0,0,-1,0.3579999999999999,0.3193623974319428,False,False
F47_028_03,F47,28,3,0.355,0.355,3,3,5,1,1,1,0,0,0,-1,0.3549999999999999,0.3175153067357941,False,False
F47_028_04,F47,28,4,0.353,0.353,3,3,3,1,0,1,0,0,0,-1,0.3529999999999999,0.3174214034129967,False,False
F47_028_05,F47,28,5,0.35,0.35,2,2,5,1,1,1,1,0,0,-1,0.3499999999999999,0.3164051804004281,False,False
F47_028_06,F47,28,6,0.359,0.359,3,3,9,1,0,1,0,0,0,-1,0.3589999999999999,0.2977867692180362,False,False
F47_028_07,F47,28,7,0.359,0.359,3,3,9,1,0,1,0,0,0,-1,0.3589999999999999,0.2997479707270686,False,False
F47_028_08,F47,28,8,0.358,0.358,3,3,8,1,0,1,0,0,0,-1,0.3579999999999999,0.2951618612407067,False,False
F47_028_09,F47,28,9,0.36,0.36,2,2,6,1,0,1,1,0,0,-1,0.3599999999999999,0.2998560988223293,False,False
F47_028_10,F47,28,10,0.366,0.366,3,3,6,1,0,1,0,0,0,-1,0.3659999999999999,0.302354266178905,False,False
F47_028_11,F47,28,11,0.375,0.375,3,3,5,1,1,1,0,0,0,-1,0.375,0.3132352841170141,False,False
F47_028_12,F47,28,12,0.384,0.384,3,3,4,1,0,1,0,0,0,-1,0.384,0.313779534943216,False,False
F47_028_13,F47,28,13,0.388,0.388,3,3,8,1,0,1,0,0,0,-1,0.388,0.3212548058077832,False,False
F47_028_14,F47,28,14,0.391,0.391,3,3,1,1,0,1,0,0,0,-1,0.391,0.3168466126276654,False,False
F47_028_15,F47,28,15,0.392,0.392,3,3,2,1,0,1,0,0,0,-1,0.392,0.3081324978443158,False,False
F47_028_16,F47,28,16,0.39,0.39,2,2,9,1,0,1,1,0,0,-1,0.39,0.3128292762468458,False,False
F47_028_17,F47,28,17,0.388,0.388,3,3,8,1,0,1,0,0,0,-1,0.388,0.319475976470497,False,False
F47_028_18,F47,28,18,0.386,0.386,3,3,6,1,0,1,0,0,0,-1,0.386,0.3121703176166886,False,False
F47_028_19,F47,28,19,0.382,0.382,3,3,2,1,0,1,0,0,0,-1,0.382,0.3167592980360249,False,False
F47_028_20,F47,28,20,0.378,0.378,3,3,8,1,0,1,0,0,0,-1,0.378,0.3179356933639252,False,False
F47_028_21,F47,28,21,0.374,0.374,3,3,4,1,0,1,0,0,0,-1,0.374,0.3123685735263523,False,False
F47_028_22,F47,28,22,0.37,0.37,2,2,7,1,0,1,1,0,0,-1,0.37,0.3135546057750665,False,False
F47_028_23,F47,28,23,0.367,0.367,3,3,7,1,0,1,0,0,0,-1,0.3669999999999999,0.3240925420093249,False,False
F47_029_00,F47,29,0,0.242,0.242,3,3,2,1,0,1,0,0,0,-1,0.2419999999999999,0.2677342991094253,False,False
F47_029_01,F47,29,1,0.253,0.253,3,3,3,1,0,1,0,0,0,-1,0.253,0.2692327417281531,False,False
F47_029_02,F47,29,2,0.253,0.253,3,3,3,1,0,1,0,0,0,-1,0.253,0.2691974693058799,False,False
F47_029_03,F47,29,3,0.252,0.252,3,3,2,1,0,1,0,0,0,-1,0.252,0.2702203553116835,False,False
F47_029_04,F47,29,4,0.252,0.252,3,3,2,1,0,1,0,0,0,-1,0.252,0.268189693771368,False,False
F47_029_05,F47,29,5,0.252,0.252,3,3,2,1,0,1,0,0,0,-1,0.252,0.2626211242498224,False,False
F47_029_06,F47,29,6,0.252,0.252,3,3,2,1,0,1,0,0,0,-1,0.252,0.256875217362657,False,False
F47_029_07,F47,29,7,0.251,0.251,3,3,1,1,0,1,0,0,0,-1,0.251,0.2576471674297676,False,False
F47_029_08,F47,29,8,0.25,0.25,2,2,5,1,1,1,1,0,0,-1,0.25,0.2592441348163515,False,False
F47_029_09,F47,29,9,0.25,0.25,2,2,5,1,1,1,1,0,0,-1,0.25,0.2553165553584272,False,False
F47_029_10,F47,29,10,0.252,0.252,3,3,2,1,0,1,0,0,0,-1,0.252,0.2602929536022472,False,False
F47_029_11,F47,29,11,0.266,0.266,3,3,6,1,0,1,0,0,0,-1,0.266,0.2587769113067575,False,False
F47_029_12,F47,29,12,0.268,0.268,3,3,8,1,0,1,0,0,0,-1,0.268,0.2647650316197294,False,False
F47_029_13,F47,29,13,0.27,0.27,2,2,7,1,0,1,1,0,0,-1,0.27,0.2687675812837787,False,False
F47_029_14,F47,29,14,0.27,0.27,2,2,7,1,0,1,1,0,0,-1,0.27,0.2695761362216644,False,False
F47_029_15,F47,29,15,0.271,0.271,3,3,1,1,0,1,0,0,0,-1,0.271,0.2669209302754191,False,False
F47_029_16,F47,29,16,0.286,0.286,3,3,6,1,0,1,0,0,0,-1,0.2859999999999999,0.2742022981589342,False,False
F47_029_17,F47,29,17,0.284,0.284,3,3,4,1,0,1,0,0,0,-1,0.2839999999999999,0.2726247701718846,False,False
F47_029_18,F47,29,18,0.282,0.282,3,3,2,1,0,1,0,0,0,-1,0.2819999999999999,0.2752909516905759,False,False
F47_029_19,F47,29,19,0.278,0.278,3,3,8,1,0,1,0,0,0,-1,0.278,0.2737930109575324,False,False
F47_029_20,F47,29,20,0.275,0.275,3,3,5,1,1,1,0,0,0,-1,0.275,0.2748803407086947,False,False
F47_029_21,F47,29,21,0.271,0.271,3,3,1,1,0,1,0,0,0,-1,0.271,0.2714710845095089,False,False
F47_029_22,F47,29,22,0.268,0.268,3,3,8,1,0,1,0,0,0,-1,0.268,0.2718529401963145,False,False
F47_029_23,F47,29,23,0.265,0.265,3,3,5,1,1,1,0,0,0,-1,0.265,0.2704083144217236,False,False
F47_030_00,F47,30,0,0.3,0.3,1,1,3,1,0,1,1,1,0,-1,0.2999999999999999,0.2350029229040538,False,False
F47_030_01,F47,30,1,0.296,0.296,3,3,6,1,0,1,0,0,0,-1,0.2959999999999999,0.2233870266160772,False,False
F47_030_02,F47,30,2,0.293,0.293,3,3,3,1,0,1,0,0,0,-1,0.2929999999999999,0.2195571697118312,False,False
F47_030_03,F47,30,3,0.29,0.29,2,2,9,1,0,1,1,0,0,-1,0.2899999999999999,0.2168429382175872,False,False
F47_030_04,F47,30,4,0.287,0.287,3,3,7,1,0,1,0,0,0,-1,0.2869999999999999,0.2166661606512512,False,False
F47_030_05,F47,30,5,0.284,0.284,3,3,4,1,0,1,0,0,0,-1,0.2839999999999999,0.2164889530502475,False,False
F47_030_06,F47,30,6,0.283,0.283,3,3,3,1,0,1,0,0,0,-1,0.2829999999999999,0.2114957148209744,False,False
F47_030_07,F47,30,7,0.278,0.278,3,3,8,1,0,1,0,0,0,-1,0.278,0.2062297145458152,False,False
F47_030_08,F47,30,8,0.272,0.272,3,3,2,1,0,1,0,0,0,-1,0.272,0.1986141888764279,False,False
F47_030_09,F47,30,9,0.287,0.287,3,3,7,1,0,1,0,0,0,-1,0.2869999999999999,0.2052853197305438,False,False
F47_030_10,F47,30,10,0.284,0.284,3,3,4,1,0,1,0,0,0,-1,0.2839999999999999,0.2199533434277697,False,False
F47_030_11,F47,30,11,0.273,0.273,3,3,3,1,0,1,0,0,0,-1,0.273,0.235518968952678,False,False
F47_030_12,F47,30,12,0.293,0.293,3,3,3,1,0,1,0,0,0,-1,0.2929999999999999,0.240303020052046,False,False
F47_030_13,F47,30,13,0.291,0.291,3,3,1,1,0,1,0,0,0,-1,0.2909999999999999,0.24249706519169,False,False
F47_030_14,F47,30,14,0.29,0.29,2,2,9,1,0,1,1,0,0,-1,0.2899999999999999,0.2470323619818628,False,False
F47_030_15,F47,30,15,0.289,0.289,3,3,9,1,0,1,0,0,0,-1,0.2889999999999999,0.2429641359563078,False,False
F47_030_16,F47,30,16,0.301,0.301,3,3,1,1,0,1,0,0,0,-1,0.3009999999999999,0.2460308103890402,False,False
F47_030_17,F47,30,17,0.299,0.299,3,3,9,1,0,1,0,0,0,-1,0.2989999999999999,0.2578815541161676,False,False
F47_030_18,F47,30,18,0.296,0.296,3,3,6,1,0,1,0,0,0,-1,0.2959999999999999,0.260816577456496,False,False
F47_030_19,F47,30,19,0.29,0.29,2,2,9,1,0,1,1,0,0,-1,0.2899999999999999,0.2700146444270877,False,False
F47_030_20,F47,30,20,0.287,0.287,3,3,7,1,0,1,0,0,0,-1,0.2869999999999999,0.263965210143803,False,False
F47_030_21,F47,30,21,0.286,0.286,3,3,6,1,0,1,0,0,0,-1,0.2859999999999999,0.2623225119663866,False,False
F47_030_22,F47,30,22,0.285,0.285,3,3,5,1,1,1,0,0,0,-1,0.2849999999999999,0.2634832058997899,False,False
F47_030_23,F47,30,23,0.284,0.284,3,3,4,1,0,1,0,0,0,-1,0.2839999999999999,0.261884234722617,False,False
F47_031_00,F47,31,0,0.278,0.278,3,3,8,1,0,1,0,0,0,-1,0.278,0.3092574817347387,False,False
F47_031_01,F47,31,1,0.275,0.275,3,3,5,1,1,1,0,0,0,-1,0.275,0.3065034521286937,False,False
F47_031_02,F47,31,2,0.273,0.273,3,3,3,1,0,1,0,0,0,-1,0.273,0.3024213622371683,False,False
F47_031_03,F47,31,3,0.272,0.272,3,3,2,1,0,1,0,0,0,-1,0.272,0.2982376779542021,False,False
F47_031_04,F47,31,4,0.272,0.272,3,3,2,1,0,1,0,0,0,-1,0.272,0.2981350098495471,False,False
F47_031_05,F47,31,5,0.271,0.271,3,3,1,1,0,1,0,0,0,-1,0.271,0.295493044764578,False,False
F47_031_06,F47,31,6,0.27,0.27,2,2,7,1,0,1,1,0,0,-1,0.27,0.3002913371324063,False,False
F47_031_07,F47,31,7,0.268,0.268,3,3,8,1,0,1,0,0,0,-1,0.268,0.2992541160440237,False,False
F47_031_08,F47,31,8,0.268,0.268,3,3,8,1,0,1,0,0,0,-1,0.268,0.2991110754083395,False,False
F47_031_09,F47,31,9,0.282,0.282,3,3,2,1,0,1,0,0,0,-1,0.2819999999999999,0.3048327925554865,False,False
F47_031_10,F47,31,10,0.281,0.281,3,3,1,1,0,1,0,0,0,-1,0.281,0.2927380242328966,False,False
F47_031_11,F47,31,11,0.279,0.279,3,3,9,1,0,1,0,0,0,-1,0.279,0.2965247880387322,False,False
F47_031_12,F47,31,12,0.291,0.291,3,3,1,1,0,1,0,0,0,-1,0.2909999999999999,0.2986172290916367,False,False
F47_031_13,F47,31,13,0.289,0.289,3,3,9,1,0,1,0,0,0,-1,0.2889999999999999,0.2973028608100752,False,False
F47_031_14,F47,31,14,0.284,0.284,3,3,4,1,0,1,0,0,0,-1,0.2839999999999999,0.2975146692161632,False,False
F47_031_15,F47,31,15,0.28,0.28,2,2,8,1,0,1,1,0,0,-1,0.28,0.2982116969741717,False,False
F47_031_16,F47,31,16,0.293,0.293,3,3,3,1,0,1,0,0,0,-1,0.2929999999999999,0.299029667237201,False,False
F47_031_17,F47,31,17,0.293,0.293,3,3,3,1,0,1,0,0,0,-1,0.2929999999999999,0.3049179060575648,False,False
F47_031_18,F47,31,18,0.291,0.291,3,3,1,1,0,1,0,0,0,-1,0.2909999999999999,0.3068454349895225,False,False
F47_031_19,F47,31,19,0.287,0.287,3,3,7,1,0,1,0,0,0,-1,0.2869999999999999,0.3056676790262322,False,False
F47_031_20,F47,31,20,0.284,0.284,3,3,4,1,0,1,0,0,0,-1,0.2839999999999999,0.2999611167564967,False,False
F47_031_21,F47,31,21,0.282,0.282,3,3,2,1,0,1,0,0,0,-1,0.2819999999999999,0.2978611162762407,False,False
F47_031_22,F47,31,22,0.279,0.279,3,3,9,1,0,1,0,0,0,-1,0.279,0.2954574340140758,False,False
F47_031_23,F47,31,23,0.277,0.277,3,3,7,1,0,1,0,0,0,-1,0.277,0.2938088027877081,False,False
F47_032_00,F47,32,0,0.29,0.29,2,2,9,1,0,1,1,0,0,-1,0.2899999999999999,0.2576426066529001,False,False
F47_032_01,F47,32,1,0.288,0.288,3,3,8,1,0,1,0,0,0,-1,0.2879999999999999,0.2560823802539118,False,False
F47_032_02,F47,32,2,0.286,0.286,3,3,6,1,0,1,0,0,0,-1,0.2859999999999999,0.257171274036947,False,False
F47_032_03,F47,32,3,0.284,0.284,3,3,4,1,0,1,0,0,0,-1,0.2839999999999999,0.2559266161823918,False,False
F47_032_04,F47,32,4,0.283,0.283,3,3,3,1,0,1,0,0,0,-1,0.2829999999999999,0.2545218400204178,False,False
F47_032_05,F47,32,5,0.28,0.28,2,2,8,1,0,1,1,0,0,-1,0.28,0.253647787200936,False,False
F47_032_06,F47,32,6,0.278,0.278,3,3,8,1,0,1,0,0,0,-1,0.278,0.2483326669916748,False,False
F47_032_07,F47,32,7,0.275,0.275,3,3,5,1,1,1,0,0,0,-1,0.275,0.2468985165581663,False,False
F47_032_08,F47,32,8,0.274,0.274,3,3,4,1,0,1,0,0,0,-1,0.274,0.2492993937467679,False,False
F47_032_09,F47,32,9,0.273,0.273,3,3,3,1,0,1,0,0,0,-1,0.273,0.251002794652042,False,False
F47_032_10,F47,32,10,0.274,0.274,3,3,4,1,0,1,0,0,0,-1,0.274,0.2546284234251178,False,False
F47_032_11,F47,32,11,0.277,0.277,3,3,7,1,0,1,0,0,0,-1,0.277,0.2557423086006135,False,False
F47_032_12,F47,32,12,0.288,0.288,3,3,8,1,0,1,0,0,0,-1,0.2879999999999999,0.2639109066542936,False,False
F47_032_13,F47,32,13,0.304,0.304,3,3,4,1,0,1,0,0,0,-1,0.3039999999999999,0.2615152688203099,False,False
F47_032_14,F47,32,14,0.305,0.305,3,3,5,1,1,1,0,0,0,-1,0.3049999999999999,0.2629691336012985,False,False
F47_032_15,F47,32,15,0.308,0.308,3,3,8,1,0,1,0,0,0,-1,0.308,0.2629162925172056,False,False
F47_032_16,F47,32,16,0.32,0.32,2,2,2,1,0,1,1,0,0,-1,0.32,0.2645125132146325,False,False
F47_032_17,F47,32,17,0.318,0.318,3,3,8,1,0,1,0,0,0,-1,0.318,0.2661486477373795,False,False
F47_032_18,F47,32,18,0.314,0.314,3,3,4,1,0,1,0,0,0,-1,0.314,0.2678407338231751,False,False
F47_032_19,F47,32,19,0.309,0.309,3,3,9,1,0,1,0,0,0,-1,0.309,0.2668589628709267,False,False
F47_032_20,F47,32,20,0.304,0.304,3,3,4,1,0,1,0,0,0,-1,0.3039999999999999,0.2662650806673762,False,False
F47_032_21,F47,32,21,0.298,0.298,3,3,8,1,0,1,0,0,0,-1,0.2979999999999999,0.2650212536899876,False,False
F47_032_22,F47,32,22,0.294,0.294,3,3,4,1,0,1,0,0,0,-1,0.2939999999999999,0.2633853025384679,False,False
F47_032_23,F47,32,23,0.289,0.289,3,3,9,1,0,1,0,0,0,-1,0.2889999999999999,0.2628452574773094,False,False
F47_033_00,F47,33,0,0.274,0.274,3,3,4,1,0,1,0,0,0,-1,0.274,0.2199375032843727,False,False
F47_033_01,F47,33,1,0.272,0.272,3,3,2,1,0,1,0,0,0,-1,0.272,0.2214764740930492,False,False
F47_033_02,F47,33,2,0.271,0.271,3,3,1,1,0,1,0,0,0,-1,0.271,0.222383761034391,False,False
F47_033_03,F47,33,3,0.269,0.269,3,3,9,1,0,1,0,0,0,-1,0.269,0.2172833893757899,False,False
F47_033_04,F47,33,4,0.267,0.267,3,3,7,1,0,1,0,0,0,-1,0.267,0.213671578399018,False,False
F47_033_05,F47,33,5,0.266,0.266,3,3,6,1,0,1,0,0,0,-1,0.266,0.2061155859398255,False,False
F47_033_06,F47,33,6,0.264,0.264,3,3,4,1,0,1,0,0,0,-1,0.264,0.2032575015195659,False,False
F47_033_07,F47,33,7,0.265,0.265,3,3,5,1,1,1,0,0,0,-1,0.265,0.2030794162839568,False,False
F47_033_08,F47,33,8,0.263,0.263,3,3,3,1,0,1,0,0,0,-1,0.263,0.202564128887893,False,False
F47_033_09,F47,33,9,0.275,0.275,3,3,5,1,1,1,0,0,0,-1,0.275,0.2052342406992751,False,False
F47_033_10,F47,33,10,0.273,0.273,3,3,3,1,0,1,0,0,0,-1,0.273,0.2105210586437408,False,False
F47_033_11,F47,33,11,0.271,0.271,3,3,1,1,0,1,0,0,0,-1,0.271,0.2140903538170354,False,False
F47_033_12,F47,33,12,0.284,0.284,3,3,4,1,0,1,0,0,0,-1,0.2839999999999999,0.2134050594532548,False,False
F47_033_13,F47,33,13,0.284,0.284,3,3,4,1,0,1,0,0,0,-1,0.2839999999999999,0.2233894540018678,False,False
F47_033_14,F47,33,14,0.282,0.282,3,3,2,1,0,1,0,0,0,-1,0.2819999999999999,0.2354058290884618,False,False
F47_033_15,F47,33,15,0.28,0.28,2,2,8,1,0,1,1,0,0,-1,0.28,0.241177236377605,False,False
F47_033_16,F47,33,16,0.291,0.291,3,3,1,1,0,1,0,0,0,-1,0.2909999999999999,0.2432442425755986,False,False
F47_033_17,F47,33,17,0.289,0.289,3,3,9,1,0,1,0,0,0,-1,0.2889999999999999,0.2532085046102725,False,False
F47_033_18,F47,33,18,0.286,0.286,3,3,6,1,0,1,0,0,0,-1,0.2859999999999999,0.2576971444864969,False,False
F47_033_19,F47,33,19,0.283,0.283,3,3,3,1,0,1,0,0,0,-1,0.2829999999999999,0.2474248973992072,False,False
F47_033_20,F47,33,20,0.279,0.279,3,3,9,1,0,1,0,0,0,-1,0.279,0.245563102895268,False,False
F47_033_21,F47,33,21,0.277,0.277,3,3,7,1,0,1,0,0,0,-1,0.277,0.2418481947491807,False,False
F47_033_22,F47,33,22,0.274,0.274,3,3,4,1,0,1,0,0,0,-1,0.274,0.2371507298523664,False,False
F47_033_23,F47,33,23,0.271,0.271,3,3,1,1,0,1,0,0,0,-1,0.271,0.2295988517177513,False,False
F47_035_00,F47,35,0,0.116,0.116,3,3,6,1,0,1,0,0,0,-1,0.116,0.1781838919229519,False,False
F47_035_01,F47,35,1,0.112,0.112,3,3,2,1,0,1,0,0,0,-1,0.112,0.1725915668209727,False,False
F47_035_02,F47,35,2,0.114,0.114,3,3,4,1,0,1,0,0,0,-1,0.114,0.1708797938078595,False,False
F47_035_03,F47,35,3,0.111,0.111,3,3,1,1,0,1,0,0,0,-1,0.111,0.1694560702097318,False,False
F47_035_04,F47,35,4,0.109,0.109,3,3,9,1,0,1,0,0,0,-1,0.109,0.1647736879279705,False,False
F47_035_05,F47,35,5,0.112,0.112,3,3,2,1,0,1,0,0,0,-1,0.112,0.1628733546841019,False,False
F47_035_06,F47,35,6,0.106,0.106,3,3,6,1,0,1,0,0,0,-1,0.106,0.160153235421214,False,False
F47_035_07,F47,35,7,0.103,0.103,3,3,3,1,0,1,0,0,0,-1,0.1029999999999999,0.1615293808717592,False,False
F47_035_08,F47,35,8,0.105,0.105,3,3,5,1,1,1,0,0,0,-1,0.105,0.157785058835651,False,False
F47_035_09,F47,35,9,0.117,0.117,3,3,7,1,0,1,0,0,0,-1,0.117,0.164893558046762,False,False
F47_035_10,F47,35,10,0.116,0.116,3,3,6,1,0,1,0,0,0,-1,0.116,0.1686886368389931,False,False
F47_035_11,F47,35,11,0.108,0.108,3,3,8,1,0,1,0,0,0,-1,0.108,0.1659790872551897,False,False
F47_035_12,F47,35,12,0.124,0.124,3,3,4,1,0,1,0,0,0,-1,0.124,0.1742276196282661,False,False
F47_035_13,F47,35,13,0.116,0.116,3,3,6,1,0,1,0,0,0,-1,0.116,0.1792232160863134,False,False
F47_035_14,F47,35,14,0.116,0.116,3,3,6,1,0,1,0,0,0,-1,0.116,0.1918546876049165,False,False
F47_035_15,F47,35,15,0.113,0.113,3,3,3,1,0,1,0,0,0,-1,0.113,0.2026541617330611,False,False
F47_035_16,F47,35,16,0.154,0.154,3,3,4,1,0,1,0,0,0,-1,0.154,0.2177337560208494,False,False
F47_035_17,F47,35,17,0.164,0.164,3,3,4,1,0,1,0,0,0,-1,0.164,0.2208548929910084,False,False
F47_035_18,F47,35,18,0.158,0.158,3,3,8,1,0,1,0,0,0,-1,0.158,0.2178161432586084,False,False
F47_035_19,F47,35,19,0.131,0.131,3,3,1,1,0,1,0,0,0,-1,0.131,0.2082532223005386,False,False
F47_035_20,F47,35,20,0.12,0.12,2,2,2,1,0,1,1,0,0,-1,0.12,0.2033217863627913,False,False
F47_035_21,F47,35,21,0.117,0.117,3,3,7,1,0,1,0,0,0,-1,0.117,0.1986047039147011,False,False
F47_035_22,F47,35,22,0.111,0.111,3,3,1,1,0,1,0,0,0,-1,0.111,0.1928929735944794,False,False
F47_035_23,F47,35,23,0.114,0.114,3,3,4,1,0,1,0,0,0,-1,0.114,0.1880992206647798,False,False
F47_036_00,F47,36,0,0.275,0.275,3,3,5,1,1,1,0,0,0,-1,0.275,0.2536275925764549,False,False
F47_036_01,F47,36,1,0.274,0.274,3,3,4,1,0,1,0,0,0,-1,0.274,0.2581228588564393,False,False
F47_036_02,F47,36,2,0.272,0.272,3,3,2,1,0,1,0,0,0,-1,0.272,0.2559150420610076,False,False
F47_036_03,F47,36,3,0.271,0.271,3,3,1,1,0,1,0,0,0,-1,0.271,0.2542362837672684,False,False
F47_036_04,F47,36,4,0.269,0.269,3,3,9,1,0,1,0,0,0,-1,0.269,0.2535362545526896,False,False
F47_036_05,F47,36,5,0.268,0.268,3,3,8,1,0,1,0,0,0,-1,0.268,0.253675784325636,False,False
F47_036_06,F47,36,6,0.267,0.267,3,3,7,1,0,1,0,0,0,-1,0.267,0.2541001731383626,False,False
F47_036_07,F47,36,7,0.265,0.265,3,3,5,1,1,1,0,0,0,-1,0.265,0.2487934891804172,False,False
F47_036_08,F47,36,8,0.261,0.261,3,3,1,1,0,1,0,0,0,-1,0.261,0.2425257111549992,False,False
F47_036_09,F47,36,9,0.263,0.263,3,3,3,1,0,1,0,0,0,-1,0.263,0.2436790238934896,False,False
F47_036_10,F47,36,10,0.268,0.268,3,3,8,1,0,1,0,0,0,-1,0.268,0.2461493903016505,False,False
F47_036_11,F47,36,11,0.28,0.28,2,2,8,1,0,1,1,0,0,-1,0.28,0.2471550392779401,False,False
F47_036_12,F47,36,12,0.294,0.294,3,3,4,1,0,1,0,0,0,-1,0.2939999999999999,0.2537408299142717,False,False
F47_036_13,F47,36,13,0.317,0.317,3,3,7,1,0,1,0,0,0,-1,0.317,0.2540590264034368,False,False
F47_036_14,F47,36,14,0.335,0.335,3,3,5,1,1,1,0,0,0,-1,0.335,0.2555324020675509,False,False
F47_036_15,F47,36,15,0.341,0.341,3,3,1,1,0,1,0,0,0,-1,0.341,0.2562410424817789,False,False
F47_036_16,F47,36,16,0.353,0.353,3,3,3,1,0,1,0,0,0,-1,0.3529999999999999,0.2561202087188878,False,False
F47_036_17,F47,36,17,0.349,0.349,3,3,9,1,0,1,0,0,0,-1,0.3489999999999999,0.2569900509785296,False,False
F47_036_18,F47,36,18,0.344,0.344,3,3,4,1,0,1,0,0,0,-1,0.3439999999999999,0.2703152731137825,False,False
F47_036_19,F47,36,19,0.337,0.337,3,3,7,1,0,1,0,0,0,-1,0.337,0.2640848538343073,False,False
F47_036_20,F47,36,20,0.328,0.328,3,3,8,1,0,1,0,0,0,-1,0.328,0.261948640238789,False,False
F47_036_21,F47,36,21,0.321,0.321,3,3,1,1,0,1,0,0,0,-1,0.321,0.2636770862126636,False,False
F47_036_22,F47,36,22,0.314,0.314,3,3,4,1,0,1,0,0,0,-1,0.314,0.2625957345457434,False,False
F47_036_23,F47,36,23,0.307,0.307,3,3,7,1,0,1,0,0,0,-1,0.307,0.2608764583034197,False,False
F47_037_00,F47,37,0,0.113,0.113,3,3,3,1,0,1,0,0,0,-1,0.113,0.2377232691593442,False,False
F47_037_01,F47,37,1,0.107,0.107,3,3,7,1,0,1,0,0,0,-1,0.107,0.2328901530854085,False,False
F47_037_02,F47,37,2,0.105,0.105,3,3,5,1,1,1,0,0,0,-1,0.105,0.2327323801793397,False,False
F47_037_03,F47,37,3,0.106,0.106,3,3,6,1,0,1,0,0,0,-1,0.106,0.2297012060776291,False,False
F47_037_04,F47,37,4,0.102,0.102,3,3,2,1,0,1,0,0,0,-1,0.1019999999999999,0.229221278251617,False,False
F47_037_05,F47,37,5,0.102,0.102,3,3,2,1,0,1,0,0,0,-1,0.1019999999999999,0.2274465161437185,False,False
F47_037_06,F47,37,6,0.101,0.101,3,3,1,1,0,1,0,0,0,-1,0.101,0.2229154499427963,False,False
F47_037_07,F47,37,7,0.102,0.102,3,3,2,1,0,1,0,0,0,-1,0.1019999999999999,0.2230893365098412,False,False
F47_037_08,F47,37,8,0.1,0.1,1,1,1,1,0,1,1,1,0,-1,0.1,0.2254800009243737,False,False
F47_037_09,F47,37,9,0.112,0.112,3,3,2,1,0,1,0,0,0,-1,0.112,0.2342924383290838,False,False
F47_037_10,F47,37,10,0.108,0.108,3,3,8,1,0,1,0,0,0,-1,0.108,0.2353341458100852,False,False
F47_037_11,F47,37,11,0.104,0.104,3,3,4,1,0,1,0,0,0,-1,0.104,0.2352527564716438,False,False
F47_037_12,F47,37,12,0.116,0.116,3,3,6,1,0,1,0,0,0,-1,0.116,0.2367220421256983,False,False
F47_037_13,F47,37,13,0.115,0.115,3,3,5,1,1,1,0,0,0,-1,0.115,0.2415639646027249,False,False
F47_037_14,F47,37,14,0.121,0.121,3,3,1,1,0,1,0,0,0,-1,0.121,0.2435518299809451,False,False
F47_037_15,F47,37,15,0.154,0.154,3,3,4,1,0,1,0,0,0,-1,0.154,0.2412525548057407,False,False
F47_037_16,F47,37,16,0.244,0.244,3,3,4,1,0,1,0,0,0,-1,0.2439999999999999,0.2426917769473621,False,False
F47_037_17,F47,37,17,0.269,0.269,3,3,9,1,0,1,0,0,0,-1,0.269,0.2478944793932697,False,False
F47_037_18,F47,37,18,0.26,0.26,2,2,6,1,0,1,1,0,0,-1,0.26,0.247783354651334,False,False
F47_037_19,F47,37,19,0.221,0.221,3,3,1,1,0,1,0,0,0,-1,0.221,0.2462810370355536,False,False
F47_037_20,F47,37,20,0.192,0.192,3,3,2,1,0,1,0,0,0,-1,0.192,0.24422797234678,False,False
F47_037_21,F47,37,21,0.158,0.158,3,3,8,1,0,1,0,0,0,-1,0.158,0.2441678640217963,False,False
F47_037_22,F47,37,22,0.122,0.122,3,3,2,1,0,1,0,0,0,-1,0.122,0.2428481331395867,False,False
F47_037_23,F47,37,23,0.115,0.115,3,3,5,1,1,1,0,0,0,-1,0.115,0.2399170335010542,False,False
F47_038_00,F47,38,0,0.3,0.3,1,1,3,1,0,1,1,1,0,-1,0.2999999999999999,0.2562033321246492,False,False
F47_038_01,F47,38,1,0.293,0.293,3,3,3,1,0,1,0,0,0,-1,0.2929999999999999,0.2547781211769389,False,False
F47_038_02,F47,38,2,0.286,0.286,3,3,6,1,0,1,0,0,0,-1,0.2859999999999999,0.2605005765517461,False,False
F47_038_03,F47,38,3,0.283,0.283,3,3,3,1,0,1,0,0,0,-1,0.2829999999999999,0.2574202334999725,False,False
F47_038_04,F47,38,4,0.282,0.282,3,3,2,1,0,1,0,0,0,-1,0.2819999999999999,0.2566791559337902,False,False
F47_038_05,F47,38,5,0.28,0.28,2,2,8,1,0,1,1,0,0,-1,0.28,0.2598975585557953,False,False
F47_038_06,F47,38,6,0.279,0.279,3,3,9,1,0,1,0,0,0,-1,0.279,0.2571190723520605,False,False
F47_038_07,F47,38,7,0.277,0.277,3,3,7,1,0,1,0,0,0,-1,0.277,0.2502938775569038,False,False
F47_038_08,F47,38,8,0.272,0.272,3,3,2,1,0,1,0,0,0,-1,0.272,0.2406791950473452,False,False
F47_038_09,F47,38,9,0.279,0.279,3,3,9,1,0,1,0,0,0,-1,0.279,0.2420433223286091,False,False
F47_038_10,F47,38,10,0.289,0.289,3,3,9,1,0,1,0,0,0,-1,0.2889999999999999,0.2469435110499075,False,False
F47_038_11,F47,38,11,0.308,0.308,3,3,8,1,0,1,0,0,0,-1,0.308,0.2488064730093922,False,False
F47_038_12,F47,38,12,0.322,0.322,3,3,2,1,0,1,0,0,0,-1,0.322,0.2488177603167996,False,False
F47_038_13,F47,38,13,0.323,0.323,3,3,3,1,0,1,0,0,0,-1,0.323,0.2502192347082905,False,False
F47_038_14,F47,38,14,0.336,0.336,3,3,6,1,0,1,0,0,0,-1,0.336,0.2566450860833883,False,False
F47_038_15,F47,38,15,0.339,0.339,3,3,9,1,0,1,0,0,0,-1,0.339,0.2524825097852202,False,False
F47_038_16,F47,38,16,0.336,0.336,3,3,6,1,0,1,0,0,0,-1,0.336,0.2547753646473738,False,False
F47_038_17,F47,38,17,0.331,0.331,3,3,1,1,0,1,0,0,0,-1,0.331,0.2572451086126731,False,False
F47_038_18,F47,38,18,0.325,0.325,3,3,5,1,1,1,0,0,0,-1,0.325,0.2617945024632322,False,False
F47_038_19,F47,38,19,0.316,0.316,3,3,6,1,0,1,0,0,0,-1,0.316,0.2616940909082551,False,False
F47_038_20,F47,38,20,0.307,0.307,3,3,7,1,0,1,0,0,0,-1,0.307,0.2629368372452141,False,False
F47_038_21,F47,38,21,0.299,0.299,3,3,9,1,0,1,0,0,0,-1,0.2989999999999999,0.2601641483581252,False,False
F47_038_22,F47,38,22,0.291,0.291,3,3,1,1,0,1,0,0,0,-1,0.2909999999999999,0.2584606994834954,False,False
F47_038_23,F47,38,23,0.285,0.285,3,3,5,1,1,1,0,0,0,-1,0.2849999999999999,0.2582889755207988,False,False
F47_039_00,F47,39,0,0.109,0.109,3,3,9,1,0,1,0,0,0,-1,0.109,0.2354752483419214,False,False
F47_039_01,F47,39,1,0.104,0.104,3,3,4,1,0,1,0,0,0,-1,0.104,0.2326396700294611,False,False
F47_039_02,F47,39,2,0.104,0.104,3,3,4,1,0,1,0,0,0,-1,0.104,0.2310130442554099,False,False
F47_039_03,F47,39,3,0.103,0.103,3,3,3,1,0,1,0,0,0,-1,0.1029999999999999,0.2296923722438253,False,False
F47_039_04,F47,39,4,0.101,0.101,3,3,1,1,0,1,0,0,0,-1,0.101,0.2303887199749247,False,False
F47_039_05,F47,39,5,0.101,0.101,3,3,1,1,0,1,0,0,0,-1,0.101,0.2307151437223253,False,False
F47_039_06,F47,39,6,0.101,0.101,3,3,1,1,0,1,0,0,0,-1,0.101,0.2276709851374519,False,False
F47_039_07,F47,39,7,0.101,0.101,3,3,1,1,0,1,0,0,0,-1,0.101,0.2270373150357988,False,False
F47_039_08,F47,39,8,0.101,0.101,3,3,1,1,0,1,0,0,0,-1,0.101,0.229835719496109,False,False
F47_039_09,F47,39,9,0.104,0.104,3,3,4,1,0,1,0,0,0,-1,0.104,0.2377218356537951,False,False
F47_039_10,F47,39,10,0.105,0.105,3,3,5,1,1,1,0,0,0,-1,0.105,0.2349610569929112,False,False
F47_039_11,F47,39,11,0.104,0.104,3,3,4,1,0,1,0,0,0,-1,0.104,0.236896272771569,False,False
F47_039_12,F47,39,12,0.12,0.12,2,2,2,1,0,1,1,0,0,-1,0.12,0.2411255737365323,False,False
F47_039_13,F47,39,13,0.17,0.17,2,2,7,1,0,1,1,0,0,-1,0.17,0.2417839485279108,False,False
F47_039_14,F47,39,14,0.232,0.232,3,3,2,1,0,1,0,0,0,-1,0.232,0.2437656757179672,False,False
F47_039_15,F47,39,15,0.256,0.256,3,3,6,1,0,1,0,0,0,-1,0.256,0.2422330877452605,False,False
F47_039_16,F47,39,16,0.253,0.253,3,3,3,1,0,1,0,0,0,-1,0.253,0.242114298401552,False,False
F47_039_17,F47,39,17,0.25,0.25,2,2,5,1,1,1,1,0,0,-1,0.25,0.2455971346248812,False,False
F47_039_18,F47,39,18,0.247,0.247,3,3,7,1,0,1,0,0,0,-1,0.247,0.248276917684716,False,False
F47_039_19,F47,39,19,0.244,0.244,3,3,4,1,0,1,0,0,0,-1,0.2439999999999999,0.2435095370575571,False,False
F47_039_20,F47,39,20,0.243,0.243,3,3,3,1,0,1,0,0,0,-1,0.2429999999999999,0.2427557597709506,False,False
F47_039_21,F47,39,21,0.241,0.241,3,3,1,1,0,1,0,0,0,-1,0.2409999999999999,0.2418626201453557,False,False
F47_039_22,F47,39,22,0.239,0.239,3,3,9,1,0,1,0,0,0,-1,0.2389999999999999,0.2398859969033231,False,False
F47_039_23,F47,39,23,0.238,0.238,3,3,8,1,0,1,0,0,0,-1,0.2379999999999999,0.2375557218116395,False,False
F47_040_00,F47,40,0,0.283,0.283,3,3,3,1,0,1,0,0,0,-1,0.2829999999999999,0.2558376203958529,False,False
F47_040_01,F47,40,1,0.281,0.281,3,3,1,1,0,1,0,0,0,-1,0.281,0.2551009837418757,False,False
F47_040_02,F47,40,2,0.279,0.279,3,3,9,1,0,1,0,0,0,-1,0.279,0.2585240137734249,False,False
F47_040_03,F47,40,3,0.277,0.277,3,3,7,1,0,1,0,0,0,-1,0.277,0.2568847932470655,False,False
F47_040_04,F47,40,4,0.275,0.275,3,3,5,1,1,1,0,0,0,-1,0.275,0.2557235120592102,False,False
F47_040_05,F47,40,5,0.274,0.274,3,3,4,1,0,1,0,0,0,-1,0.274,0.2539231024313113,False,False
F47_040_06,F47,40,6,0.272,0.272,3,3,2,1,0,1,0,0,0,-1,0.272,0.2513590377567386,False,False
F47_040_07,F47,40,7,0.269,0.269,3,3,9,1,0,1,0,0,0,-1,0.269,0.2466142130217483,False,False
F47_040_08,F47,40,8,0.265,0.265,3,3,5,1,1,1,0,0,0,-1,0.265,0.2377645468976053,False,False
F47_040_09,F47,40,9,0.265,0.265,3,3,5,1,1,1,0,0,0,-1,0.265,0.2405371796050389,False,False
F47_040_10,F47,40,10,0.27,0.27,2,2,7,1,0,1,1,0,0,-1,0.27,0.2411575280990396,False,False
F47_040_11,F47,40,11,0.287,0.287,3,3,7,1,0,1,0,0,0,-1,0.2869999999999999,0.243109350398965,False,False
F47_040_12,F47,40,12,0.297,0.297,3,3,7,1,0,1,0,0,0,-1,0.2969999999999999,0.2493708404015105,False,False
F47_040_13,F47,40,13,0.315,0.315,3,3,5,1,1,1,0,0,0,-1,0.315,0.2498269222247207,False,False
F47_040_14,F47,40,14,0.331,0.331,3,3,1,1,0,1,0,0,0,-1,0.331,0.2517984150316058,False,False
F47_040_15,F47,40,15,0.334,0.334,3,3,4,1,0,1,0,0,0,-1,0.334,0.2524182923369862,False,False
F47_040_16,F47,40,16,0.343,0.343,3,3,3,1,0,1,0,0,0,-1,0.343,0.2496709197454281,False,False
F47_040_17,F47,40,17,0.338,0.338,3,3,8,1,0,1,0,0,0,-1,0.338,0.2548501068204485,False,False
F47_040_18,F47,40,18,0.332,0.332,3,3,2,1,0,1,0,0,0,-1,0.332,0.2624781701918407,False,False
F47_040_19,F47,40,19,0.323,0.323,3,3,3,1,0,1,0,0,0,-1,0.323,0.2571946429401739,False,False
F47_040_20,F47,40,20,0.315,0.315,3,3,5,1,1,1,0,0,0,-1,0.315,0.2587879273616292,False,False
F47_040_21,F47,40,21,0.307,0.307,3,3,7,1,0,1,0,0,0,-1,0.307,0.2567709200906329,False,False
F47_040_22,F47,40,22,0.299,0.299,3,3,9,1,0,1,0,0,0,-1,0.2989999999999999,0.257251929145411,False,False
F47_040_23,F47,40,23,0.293,0.293,3,3,3,1,0,1,0,0,0,-1,0.2929999999999999,0.2563489482512253,False,False
F47_042_00,F47,42,0,0.214,0.214,3,3,4,1,0,1,0,0,0,-1,0.214,0.190737358951968,False,False
F47_042_01,F47,42,1,0.213,0.213,3,3,3,1,0,1,0,0,0,-1,0.2129999999999999,0.1860638717873671,False,False
F47_042_02,F47,42,2,0.212,0.212,3,3,2,1,0,1,0,0,0,-1,0.2119999999999999,0.1833169935077336,False,False
F47_042_03,F47,42,3,0.211,0.211,3,3,1,1,0,1,0,0,0,-1,0.2109999999999999,0.178746984277296,False,False
F47_042_04,F47,42,4,0.21,0.21,2,2,1,1,0,1,1,0,0,-1,0.2099999999999999,0.1780043116341899,False,False
F47_042_05,F47,42,5,0.21,0.21,2,2,1,1,0,1,1,0,0,-1,0.2099999999999999,0.1767669740029684,False,False
F47_042_06,F47,42,6,0.21,0.21,2,2,1,1,0,1,1,0,0,-1,0.2099999999999999,0.1801601321462264,False,False
F47_042_07,F47,42,7,0.212,0.212,3,3,2,1,0,1,0,0,0,-1,0.2119999999999999,0.1844112437228222,False,False
F47_042_08,F47,42,8,0.211,0.211,3,3,1,1,0,1,0,0,0,-1,0.2109999999999999,0.1800955683720083,False,False
F47_042_09,F47,42,9,0.213,0.213,3,3,3,1,0,1,0,0,0,-1,0.2129999999999999,0.1871167490613074,False,False
F47_042_10,F47,42,10,0.214,0.214,3,3,4,1,0,1,0,0,0,-1,0.214,0.1922634428306558,False,False
F47_042_11,F47,42,11,0.215,0.215,3,3,5,1,1,1,0,0,0,-1,0.215,0.1962017715231668,False,False
F47_042_12,F47,42,12,0.216,0.216,3,3,6,1,0,1,0,0,0,-1,0.216,0.1990391024673929,False,False
F47_042_13,F47,42,13,0.218,0.218,3,3,8,1,0,1,0,0,0,-1,0.218,0.1955108414624974,False,False
F47_042_14,F47,42,14,0.217,0.217,3,3,7,1,0,1,0,0,0,-1,0.217,0.1996551105069776,False,False
F47_042_15,F47,42,15,0.218,0.218,3,3,8,1,0,1,0,0,0,-1,0.218,0.2176756165921467,False,False
F47_042_16,F47,42,16,0.219,0.219,3,3,9,1,0,1,0,0,0,-1,0.219,0.2203048205838754,False,False
F47_042_17,F47,42,17,0.216,0.216,3,3,6,1,0,1,0,0,0,-1,0.216,0.2275301937492131,False,False
F47_042_18,F47,42,18,0.211,0.211,3,3,1,1,0,1,0,0,0,-1,0.2109999999999999,0.2148956568115755,False,False
F47_042_19,F47,42,19,0.211,0.211,3,3,1,1,0,1,0,0,0,-1,0.2109999999999999,0.2128474715952635,False,False
F47_042_20,F47,42,20,0.21,0.21,2,2,1,1,0,1,1,0,0,-1,0.2099999999999999,0.2091725729901257,False,False
F47_042_21,F47,42,21,0.206,0.206,3,3,6,1,0,1,0,0,0,-1,0.2059999999999999,0.2049428620024131,False,False
F47_042_22,F47,42,22,0.206,0.206,3,3,6,1,0,1,0,0,0,-1,0.2059999999999999,0.2001193195689151,False,False
F47_042_23,F47,42,23,0.205,0.205,3,3,5,1,1,1,0,0,0,-1,0.2049999999999999,0.1954592122644154,False,False
F47_043_00,F47,43,0,0.257,0.257,3,3,7,1,0,1,0,0,0,-1,0.257,0.2820872577281069,False,False
F47_043_01,F47,43,1,0.255,0.255,3,3,5,1,1,1,0,0,0,-1,0.255,0.2797962178427743,False,False
F47_043_02,F47,43,2,0.254,0.254,3,3,4,1,0,1,0,0,0,-1,0.254,0.269855908867903,False,False
F47_043_03,F47,43,3,0.252,0.252,3,3,2,1,0,1,0,0,0,-1,0.252,0.2759799483572583,False,False
F47_043_04,F47,43,4,0.251,0.251,3,3,1,1,0,1,0,0,0,-1,0.251,0.2733027283616301,False,False
F47_043_05,F47,43,5,0.249,0.249,3,3,9,1,0,1,0,0,0,-1,0.249,0.2728084041750198,False,False
F47_043_06,F47,43,6,0.248,0.248,3,3,8,1,0,1,0,0,0,-1,0.248,0.2714788621399993,False,False
F47_043_07,F47,43,7,0.246,0.246,3,3,6,1,0,1,0,0,0,-1,0.246,0.2632033485826245,False,False
F47_043_08,F47,43,8,0.241,0.241,3,3,1,1,0,1,0,0,0,-1,0.2409999999999999,0.2453579219625627,False,False
F47_043_09,F47,43,9,0.241,0.241,3,3,1,1,0,1,0,0,0,-1,0.2409999999999999,0.2469639371348963,False,False
F47_043_10,F47,43,10,0.242,0.242,3,3,2,1,0,1,0,0,0,-1,0.2419999999999999,0.2466617281071859,False,False
F47_043_11,F47,43,11,0.245,0.245,3,3,5,1,1,1,0,0,0,-1,0.245,0.252059167076264,False,False
F47_043_12,F47,43,12,0.248,0.248,3,3,8,1,0,1,0,0,0,-1,0.248,0.2630076196551615,False,False
F47_043_13,F47,43,13,0.252,0.252,3,3,2,1,0,1,0,0,0,-1,0.252,0.267779399617141,False,False
F47_043_14,F47,43,14,0.252,0.252,3,3,2,1,0,1,0,0,0,-1,0.252,0.2664105433508079,False,False
F47_043_15,F47,43,15,0.256,0.256,3,3,6,1,0,1,0,0,0,-1,0.256,0.2696213637270521,False,False
F47_043_16,F47,43,16,0.258,0.258,3,3,8,1,0,1,0,0,0,-1,0.258,0.2713722401500793,False,False
F47_043_17,F47,43,17,0.255,0.255,3,3,5,1,1,1,0,0,0,-1,0.255,0.2761030656557182,False,False
F47_043_18,F47,43,18,0.254,0.254,3,3,4,1,0,1,0,0,0,-1,0.254,0.2837873138773554,False,False
F47_043_19,F47,43,19,0.253,0.253,3,3,3,1,0,1,0,0,0,-1,0.253,0.2792876429586895,False,False
F47_043_20,F47,43,20,0.252,0.252,3,3,2,1,0,1,0,0,0,-1,0.252,0.2805737161621692,False,False
F47_043_21,F47,43,21,0.251,0.251,3,3,1,1,0,1,0,0,0,-1,0.251,0.2776726529363792,False,False
F47_043_22,F47,43,22,0.249,0.249,3,3,9,1,0,1,0,0,0,-1,0.249,0.2764615952593237,False,False
F47_043_23,F47,43,23,0.248,0.248,3,3,8,1,0,1,0,0,0,-1,0.248,0.2760134702276387,False,False
F47_044_00,F47,44,0,0.205,0.205,3,3,5,1,1,1,0,0,0,-1,0.2049999999999999,0.1547560728005821,False,False
F47_044_01,F47,44,1,0.204,0.204,3,3,4,1,0,1,0,0,0,-1,0.2039999999999999,0.1508812641186671,False,False
F47_044_02,F47,44,2,0.203,0.203,3,3,3,1,0,1,0,0,0,-1,0.203,0.1486992601730223,False,False
F47_044_03,F47,44,3,0.202,0.202,3,3,2,1,0,1,0,0,0,-1,0.202,0.147568739301962,False,False
F47_044_04,F47,44,4,0.202,0.202,3,3,2,1,0,1,0,0,0,-1,0.202,0.1470435509138735,False,False
F47_044_05,F47,44,5,0.201,0.201,3,3,1,1,0,1,0,0,0,-1,0.201,0.1478798025751051,False,False
F47_044_06,F47,44,6,0.201,0.201,3,3,1,1,0,1,0,0,0,-1,0.201,0.1495831233620539,False,False
F47_044_07,F47,44,7,0.204,0.204,3,3,4,1,0,1,0,0,0,-1,0.2039999999999999,0.1573028229204286,False,False
F47_044_08,F47,44,8,0.203,0.203,3,3,3,1,0,1,0,0,0,-1,0.203,0.149623796629689,False,False
F47_044_09,F47,44,9,0.203,0.203,3,3,3,1,0,1,0,0,0,-1,0.203,0.1555777917666739,False,False
F47_044_10,F47,44,10,0.204,0.204,3,3,4,1,0,1,0,0,0,-1,0.2039999999999999,0.166150955296333,False,False
F47_044_11,F47,44,11,0.205,0.205,3,3,5,1,1,1,0,0,0,-1,0.2049999999999999,0.1749845694478025,False,False
F47_044_12,F47,44,12,0.207,0.207,3,3,7,1,0,1,0,0,0,-1,0.2069999999999999,0.1703305984459776,False,False
F47_044_13,F47,44,13,0.209,0.209,3,3,9,1,0,1,0,0,0,-1,0.2089999999999999,0.1733192826081204,False,False
F47_044_14,F47,44,14,0.209,0.209,3,3,9,1,0,1,0,0,0,-1,0.2089999999999999,0.195045401267058,False,False
F47_044_15,F47,44,15,0.209,0.209,3,3,9,1,0,1,0,0,0,-1,0.2089999999999999,0.1972733973883462,False,False
F47_044_16,F47,44,16,0.209,0.209,3,3,9,1,0,1,0,0,0,-1,0.2089999999999999,0.2007176715732207,False,False
F47_044_17,F47,44,17,0.207,0.207,3,3,7,1,0,1,0,0,0,-1,0.2069999999999999,0.2080564461414793,False,False
F47_044_18,F47,44,18,0.202,0.202,3,3,2,1,0,1,0,0,0,-1,0.202,0.1962249089140208,False,False
F47_044_19,F47,44,19,0.202,0.202,3,3,2,1,0,1,0,0,0,-1,0.202,0.1936951108060859,False,False
F47_044_20,F47,44,20,0.202,0.202,3,3,2,1,0,1,0,0,0,-1,0.202,0.1917948819587639,False,False
F47_044_21,F47,44,21,0.198,0.198,3,3,8,1,0,1,0,0,0,-1,0.198,0.1850579237564579,False,False
F47_044_22,F47,44,22,0.197,0.197,3,3,7,1,0,1,0,0,0,-1,0.197,0.1800026385907762,False,False
F47_044_23,F47,44,23,0.196,0.196,3,3,6,1,0,1,0,0,0,-1,0.196,0.177132705537275,False,False
F47_045_00,F47,45,0,0.247,0.247,3,3,7,1,0,1,0,0,0,-1,0.247,0.2770711682663833,False,False
F47_045_01,F47,45,1,0.246,0.246,3,3,6,1,0,1,0,0,0,-1,0.246,0.2751367712818483,False,False
F47_045_02,F47,45,2,0.245,0.245,3,3,5,1,1,1,0,0,0,-1,0.245,0.2699836076551269,False,False
F47_045_03,F47,45,3,0.244,0.244,3,3,4,1,0,1,0,0,0,-1,0.2439999999999999,0.2733502638184534,False,False
F47_045_04,F47,45,4,0.243,0.243,3,3,3,1,0,1,0,0,0,-1,0.2429999999999999,0.2724398842635202,False,False
F47_045_05,F47,45,5,0.242,0.242,3,3,2,1,0,1,0,0,0,-1,0.2419999999999999,0.2734660302144901,False,False
F47_045_06,F47,45,6,0.241,0.241,3,3,1,1,0,1,0,0,0,-1,0.2409999999999999,0.2732910936716296,False,False
F47_045_07,F47,45,7,0.24,0.24,2,2,4,1,0,1,1,0,0,-1,0.2399999999999999,0.2692982078675539,False,False
F47_045_08,F47,45,8,0.239,0.239,3,3,9,1,0,1,0,0,0,-1,0.2389999999999999,0.2476979162420452,False,False
F47_045_09,F47,45,9,0.239,0.239,3,3,9,1,0,1,0,0,0,-1,0.2389999999999999,0.2501999298243113,False,False
F47_045_10,F47,45,10,0.241,0.241,3,3,1,1,0,1,0,0,0,-1,0.2409999999999999,0.2577748873332117,False,False
F47_045_11,F47,45,11,0.24,0.24,2,2,4,1,0,1,1,0,0,-1,0.2399999999999999,0.2612443261947883,False,False
F47_045_12,F47,45,12,0.247,0.247,3,3,7,1,0,1,0,0,0,-1,0.247,0.259783919037746,False,False
F47_045_13,F47,45,13,0.255,0.255,3,3,5,1,1,1,0,0,0,-1,0.255,0.2597539921664801,False,False
F47_045_14,F47,45,14,0.261,0.261,3,3,1,1,0,1,0,0,0,-1,0.261,0.2714738541876503,False,False
F47_045_15,F47,45,15,0.27,0.27,2,2,7,1,0,1,1,0,0,-1,0.27,0.2896357210300841,False,False
F47_045_16,F47,45,16,0.284,0.284,3,3,4,1,0,1,0,0,0,-1,0.2839999999999999,0.2755882920042733,False,False
F47_045_17,F47,45,17,0.278,0.278,3,3,8,1,0,1,0,0,0,-1,0.278,0.2721324300421649,False,False
F47_045_18,F47,45,18,0.27,0.27,2,2,7,1,0,1,1,0,0,-1,0.27,0.2690059475230817,False,False
F47_045_19,F47,45,19,0.266,0.266,3,3,6,1,0,1,0,0,0,-1,0.266,0.2679549654920008,False,False
F47_045_20,F47,45,20,0.264,0.264,3,3,4,1,0,1,0,0,0,-1,0.264,0.27048379530163,False,False
F47_045_21,F47,45,21,0.261,0.261,3,3,1,1,0,1,0,0,0,-1,0.261,0.2655883423996957,False,False
F47_045_22,F47,45,22,0.259,0.259,3,3,9,1,0,1,0,0,0,-1,0.259,0.2667022269098494,False,False
F47_045_23,F47,45,23,0.257,0.257,3,3,7,1,0,1,0,0,0,-1,0.257,0.2623133146225191,False,False
F47_046_00,F47,46,0,0.194,0.194,3,3,4,1,0,1,0,0,0,-1,0.194,0.2080786821268882,False,False
F47_046_01,F47,46,1,0.194,0.194,3,3,4,1,0,1,0,0,0,-1,0.194,0.2074117301711302,False,False
F47_046_02,F47,46,2,0.195,0.195,3,3,5,1,1,1,0,0,0,-1,0.195,0.2083140026300893,False,False
F47_046_03,F47,46,3,0.195,0.195,3,3,5,1,1,1,0,0,0,-1,0.195,0.201652902524299,False,False
F47_046_04,F47,46,4,0.195,0.195,3,3,5,1,1,1,0,0,0,-1,0.195,0.199539541121731,False,False
F47_046_05,F47,46,5,0.194,0.194,3,3,4,1,0,1,0,0,0,-1,0.194,0.2018308139462343,False,False
F47_046_06,F47,46,6,0.194,0.194,3,3,4,1,0,1,0,0,0,-1,0.194,0.2044330930674173,False,False
F47_046_07,F47,46,7,0.197,0.197,3,3,7,1,0,1,0,0,0,-1,0.197,0.2217240845795754,False,False
F47_046_08,F47,46,8,0.196,0.196,3,3,6,1,0,1,0,0,0,-1,0.196,0.2037341612245952,False,False
F47_046_09,F47,46,9,0.196,0.196,3,3,6,1,0,1,0,0,0,-1,0.196,0.2066620028968507,False,False
F47_046_10,F47,46,10,0.197,0.197,3,3,7,1,0,1,0,0,0,-1,0.197,0.2105215209598015,False,False
F47_046_11,F47,46,11,0.198,0.198,3,3,8,1,0,1,0,0,0,-1,0.198,0.2165219671426374,False,False
F47_046_12,F47,46,12,0.2,0.2,1,1,2,1,0,1,1,1,0,-1,0.2,0.2217105183686262,False,False
F47_046_13,F47,46,13,0.203,0.203,3,3,3,1,0,1,0,0,0,-1,0.203,0.2233576977181225,False,False
F47_046_14,F47,46,14,0.204,0.204,3,3,4,1,0,1,0,0,0,-1,0.2039999999999999,0.2261960437780347,False,False
F47_046_15,F47,46,15,0.205,0.205,3,3,5,1,1,1,0,0,0,-1,0.2049999999999999,0.2239641039592285,False,False
F47_046_16,F47,46,16,0.207,0.207,3,3,7,1,0,1,0,0,0,-1,0.2069999999999999,0.2219059995856894,False,False
F47_046_17,F47,46,17,0.205,0.205,3,3,5,1,1,1,0,0,0,-1,0.2049999999999999,0.2362680000062407,False,False
F47_046_18,F47,46,18,0.204,0.204,3,3,4,1,0,1,0,0,0,-1,0.2039999999999999,0.2249228659790411,False,False
F47_046_19,F47,46,19,0.202,0.202,3,3,2,1,0,1,0,0,0,-1,0.202,0.2248604386468761,False,False
F47_046_20,F47,46,20,0.2,0.2,1,1,2,1,0,1,1,1,0,-1,0.2,0.2234683333122439,False,False
F47_046_21,F47,46,21,0.198,0.198,3,3,8,1,0,1,0,0,0,-1,0.198,0.2202408440740799,False,False
F47_046_22,F47,46,22,0.197,0.197,3,3,7,1,0,1,0,0,0,-1,0.197,0.2176682488439747,False,False
F47_046_23,F47,46,23,0.196,0.196,3,3,6,1,0,1,0,0,0,-1,0.196,0.2146272039973827,False,False
F47_047_00,F47,47,0,0.195,0.195,3,3,5,1,1,1,0,0,0,-1,0.195,0.1810486375303311,False,False
F47_047_01,F47,47,1,0.193,0.193,3,3,3,1,0,1,0,0,0,-1,0.193,0.1741145579187164,False,False
F47_047_02,F47,47,2,0.192,0.192,3,3,2,1,0,1,0,0,0,-1,0.192,0.1779208514536194,False,False
F47_047_03,F47,47,3,0.19,0.19,2,2,9,1,0,1,1,0,0,-1,0.19,0.1868159614060758,False,False
F47_047_04,F47,47,4,0.189,0.189,3,3,9,1,0,1,0,0,0,-1,0.189,0.1870807934494418,False,False
F47_047_05,F47,47,5,0.188,0.188,3,3,8,1,0,1,0,0,0,-1,0.188,0.1867346665431862,False,False
F47_047_06,F47,47,6,0.188,0.188,3,3,8,1,0,1,0,0,0,-1,0.188,0.1895690803431641,False,False
F47_047_07,F47,47,7,0.187,0.187,3,3,7,1,0,1,0,0,0,-1,0.187,0.1987661875371716,False,False
F47_047_08,F47,47,8,0.187,0.187,3,3,7,1,0,1,0,0,0,-1,0.187,0.1914897304590945,False,False
F47_047_09,F47,47,9,0.189,0.189,3,3,9,1,0,1,0,0,0,-1,0.189,0.1935907369388283,False,False
F47_047_10,F47,47,10,0.192,0.192,3,3,2,1,0,1,0,0,0,-1,0.192,0.1965190031254864,False,False
F47_047_11,F47,47,11,0.196,0.196,3,3,6,1,0,1,0,0,0,-1,0.196,0.2001062365536262,False,False
F47_047_12,F47,47,12,0.2,0.2,1,1,2,1,0,1,1,1,0,-1,0.2,0.2104450224468793,False,False
F47_047_13,F47,47,13,0.204,0.204,3,3,4,1,0,1,0,0,0,-1,0.2039999999999999,0.2199615166716743,False,False
F47_047_14,F47,47,14,0.205,0.205,3,3,5,1,1,1,0,0,0,-1,0.2049999999999999,0.2210392701544827,False,False
F47_047_15,F47,47,15,0.208,0.208,3,3,8,1,0,1,0,0,0,-1,0.2079999999999999,0.218800893911467,False,False
F47_047_16,F47,47,16,0.21,0.21,2,2,1,1,0,1,1,0,0,-1,0.2099999999999999,0.2206544208367195,False,False
F47_047_17,F47,47,17,0.208,0.208,3,3,8,1,0,1,0,0,0,-1,0.2079999999999999,0.2356374632174491,False,False
F47_047_18,F47,47,18,0.203,0.203,3,3,3,1,0,1,0,0,0,-1,0.203,0.2271056576838373,False,False
F47_047_19,F47,47,19,0.203,0.203,3,3,3,1,0,1,0,0,0,-1,0.203,0.2251551614234929,False,False
F47_047_20,F47,47,20,0.202,0.202,3,3,2,1,0,1,0,0,0,-1,0.202,0.2215131246222454,False,False
F47_047_21,F47,47,21,0.199,0.199,3,3,9,1,0,1,0,0,0,-1,0.199,0.2187388269911912,False,False
F47_047_22,F47,47,22,0.197,0.197,3,3,7,1,0,1,0,0,0,-1,0.197,0.2131972161241324,False,False
F47_047_23,F47,47,23,0.196,0.196,3,3,6,1,0,1,0,0,0,-1,0.196,0.2121464215398362,False,False
F47_048_00,F47,48,0,0.255,0.255,3,3,5,1,1,1,0,0,0,-1,0.255,0.2408521773224436,False,False
F47_048_01,F47,48,1,0.253,0.253,3,3,3,1,0,1,0,0,0,-1,0.253,0.2386295947347398,False,False
F47_048_02,F47,48,2,0.251,0.251,3,3,1,1,0,1,0,0,0,-1,0.251,0.2365757867252382,False,False
F47_048_03,F47,48,3,0.249,0.249,3,3,9,1,0,1,0,0,0,-1,0.249,0.236143773423734,False,False
F47_048_04,F47,48,4,0.247,0.247,3,3,7,1,0,1,0,0,0,-1,0.247,0.2346466518964408,False,False
F47_048_05,F47,48,5,0.246,0.246,3,3,6,1,0,1,0,0,0,-1,0.246,0.2310887606474254,False,False
F47_048_06,F47,48,6,0.244,0.244,3,3,4,1,0,1,0,0,0,-1,0.2439999999999999,0.2280994670302913,False,False
F47_048_07,F47,48,7,0.244,0.244,3,3,4,1,0,1,0,0,0,-1,0.2439999999999999,0.2271339960108197,False,False
F47_048_08,F47,48,8,0.243,0.243,3,3,3,1,0,1,0,0,0,-1,0.2429999999999999,0.2324550442540225,False,False
F47_048_09,F47,48,9,0.242,0.242,3,3,2,1,0,1,0,0,0,-1,0.2419999999999999,0.2300230392049871,False,False
F47_048_10,F47,48,10,0.245,0.245,3,3,5,1,1,1,0,0,0,-1,0.245,0.2271184725763694,False,False
F47_048_11,F47,48,11,0.248,0.248,3,3,8,1,0,1,0,0,0,-1,0.248,0.2386559060045982,False,False
F47_048_12,F47,48,12,0.25,0.25,2,2,5,1,1,1,1,0,0,-1,0.25,0.2461057895109003,False,False
F47_048_13,F47,48,13,0.251,0.251,3,3,1,1,0,1,0,0,0,-1,0.251,0.248824775822649,False,False
F47_048_14,F47,48,14,0.252,0.252,3,3,2,1,0,1,0,0,0,-1,0.252,0.2521993089349484,False,False
F47_048_15,F47,48,15,0.253,0.253,3,3,3,1,0,1,0,0,0,-1,0.253,0.2397107627052967,False,False
F47_048_16,F47,48,16,0.252,0.252,3,3,2,1,0,1,0,0,0,-1,0.252,0.2456101488526795,False,False
F47_048_17,F47,48,17,0.252,0.252,3,3,2,1,0,1,0,0,0,-1,0.252,0.2535323197216558,False,False
F47_048_18,F47,48,18,0.252,0.252,3,3,2,1,0,1,0,0,0,-1,0.252,0.2445524044769356,False,False
F47_048_19,F47,48,19,0.251,0.251,3,3,1,1,0,1,0,0,0,-1,0.251,0.2449939498060048,False,False
F47_048_20,F47,48,20,0.25,0.25,2,2,5,1,1,1,1,0,0,-1,0.25,0.2458924729114175,False,False
F47_048_21,F47,48,21,0.249,0.249,3,3,9,1,0,1,0,0,0,-1,0.249,0.2446781325044789,False,False
F47_048_22,F47,48,22,0.247,0.247,3,3,7,1,0,1,0,0,0,-1,0.247,0.2440373873080544,False,False
F47_048_23,F47,48,23,0.246,0.246,3,3,6,1,0,1,0,0,0,-1,0.246,0.2437103442077771,False,False
F47_049_00,F47,49,0,0.195,0.195,3,3,5,1,1,1,0,0,0,-1,0.195,0.2042170903238029,False,False
F47_049_01,F47,49,1,0.194,0.194,3,3,4,1,0,1,0,0,0,-1,0.194,0.200981519574666,False,False
F47_049_02,F47,49,2,0.193,0.193,3,3,3,1,0,1,0,0,0,-1,0.193,0.199290242804656,False,False
F47_049_03,F47,49,3,0.193,0.193,3,3,3,1,0,1,0,0,0,-1,0.193,0.1994962859941162,False,False
F47_049_04,F47,49,4,0.192,0.192,3,3,2,1,0,1,0,0,0,-1,0.192,0.1993852487654394,False,False
F47_049_05,F47,49,5,0.192,0.192,3,3,2,1,0,1,0,0,0,-1,0.192,0.1990347265406714,False,False
F47_049_06,F47,49,6,0.192,0.192,3,3,2,1,0,1,0,0,0,-1,0.192,0.198417487400944,False,False
F47_049_07,F47,49,7,0.195,0.195,3,3,5,1,1,1,0,0,0,-1,0.195,0.2098232425787026,False,False
F47_049_08,F47,49,8,0.194,0.194,3,3,4,1,0,1,0,0,0,-1,0.194,0.1970104525924435,False,False
F47_049_09,F47,49,9,0.196,0.196,3,3,6,1,0,1,0,0,0,-1,0.196,0.1974966510809455,False,False
F47_049_10,F47,49,10,0.199,0.199,3,3,9,1,0,1,0,0,0,-1,0.199,0.2038111343367882,False,False
F47_049_11,F47,49,11,0.203,0.203,3,3,3,1,0,1,0,0,0,-1,0.203,0.2037824177972268,False,False
F47_049_12,F47,49,12,0.207,0.207,3,3,7,1,0,1,0,0,0,-1,0.2069999999999999,0.2102581540020184,False,False
F47_049_13,F47,49,13,0.212,0.212,3,3,2,1,0,1,0,0,0,-1,0.2119999999999999,0.2058466635917808,False,False
F47_049_14,F47,49,14,0.213,0.213,3,3,3,1,0,1,0,0,0,-1,0.2129999999999999,0.2107938684299391,False,False
F47_049_15,F47,49,15,0.215,0.215,3,3,5,1,1,1,0,0,0,-1,0.215,0.2108792780230773,False,False
F47_049_16,F47,49,16,0.218,0.218,3,3,8,1,0,1,0,0,0,-1,0.218,0.2118197793179475,False,False
F47_049_17,F47,49,17,0.217,0.217,3,3,7,1,0,1,0,0,0,-1,0.217,0.2255183471019262,False,False
F47_049_18,F47,49,18,0.213,0.213,3,3,3,1,0,1,0,0,0,-1,0.2129999999999999,0.2179068400622551,False,False
F47_049_19,F47,49,19,0.21,0.21,2,2,1,1,0,1,1,0,0,-1,0.2099999999999999,0.2159815193212816,False,False
F47_049_20,F47,49,20,0.211,0.211,3,3,1,1,0,1,0,0,0,-1,0.2109999999999999,0.2141165031197832,False,False
F47_049_21,F47,49,21,0.209,0.209,3,3,9,1,0,1,0,0,0,-1,0.2089999999999999,0.2122929046589108,False,False
F47_049_22,F47,49,22,0.209,0.209,3,3,9,1,0,1,0,0,0,-1,0.2089999999999999,0.2080963857212235,False,False
F47_049_23,F47,49,23,0.209,0.209,3,3,9,1,0,1,0,0,0,-1,0.2089999999999999,0.2075875048058213,False,False
F47_050_00,F47,50,0,0.214,0.214,3,3,4,1,0,1,0,0,0,-1,0.214,0.1831531679532083,False,False
F47_050_01,F47,50,1,0.162,0.162,3,3,2,1,0,1,0,0,0,-1,0.162,0.1805231676407069,False,False
F47_050_02,F47,50,2,0.162,0.162,3,3,2,1,0,1,0,0,0,-1,0.162,0.1792955733331685,False,False
F47_050_03,F47,50,3,0.162,0.162,3,3,2,1,0,1,0,0,0,-1,0.162,0.1778072898045097,False,False
F47_050_04,F47,50,4,0.161,0.161,3,3,1,1,0,1,0,0,0,-1,0.161,0.1763309877001266,False,False
F47_050_05,F47,50,5,0.16,0.16,2,2,6,1,0,1,1,0,0,-1,0.16,0.1752365035397074,False,False
F47_050_06,F47,50,6,0.16,0.16,2,2,6,1,0,1,1,0,0,-1,0.16,0.1669452708569759,False,False
F47_050_07,F47,50,7,0.087,0.087,3,2,7,1,0,1,0,0,0,-2,0.0869999999999999,0.1513640826337351,False,False
F47_050_08,F47,50,8,0.064,0.064,3,2,4,1,0,1,0,0,0,-2,0.064,0.141392603688086,False,False
F47_050_09,F47,50,9,0.064,0.064,3,2,4,1,0,1,0,0,0,-2,0.064,0.1411847250167432,False,False
F47_050_10,F47,50,10,0.089,0.089,3,2,9,1,0,1,0,0,0,-2,0.0889999999999999,0.1430049992796465,False,False
F47_050_11,F47,50,11,0.157,0.157,3,3,7,1,0,1,0,0,0,-1,0.157,0.1611323493401297,False,False
F47_050_12,F47,50,12,0.165,0.165,3,3,5,1,1,1,0,0,0,-1,0.165,0.1650549016568687,False,False
F47_050_13,F47,50,13,0.167,0.167,3,3,7,1,0,1,0,0,0,-1,0.167,0.1716322390977004,False,False
F47_050_14,F47,50,14,0.169,0.169,3,3,9,1,0,1,0,0,0,-1,0.169,0.1734687446864928,False,False
F47_050_15,F47,50,15,0.17,0.17,2,2,7,1,0,1,1,0,0,-1,0.17,0.1741992245111661,False,False
F47_050_16,F47,50,16,0.173,0.173,3,3,3,1,0,1,0,0,0,-1,0.1729999999999999,0.1791066835642858,False,False
F47_050_17,F47,50,17,0.172,0.172,3,3,2,1,0,1,0,0,0,-1,0.1719999999999999,0.175215025769515,False,False
F47_050_18,F47,50,18,0.168,0.168,3,3,8,1,0,1,0,0,0,-1,0.168,0.1758065248272247,False,False
F47_050_19,F47,50,19,0.167,0.167,3,3,7,1,0,1,0,0,0,-1,0.167,0.1751838672717717,False,False
F47_050_20,F47,50,20,0.167,0.167,3,3,7,1,0,1,0,0,0,-1,0.167,0.1736343591211192,False,False
F47_050_21,F47,50,21,0.167,0.167,3,3,7,1,0,1,0,0,0,-1,0.167,0.1717852453406149,False,False
F47_050_22,F47,50,22,0.167,0.167,3,3,7,1,0,1,0,0,0,-1,0.167,0.1712484018908698,False,False
F47_050_23,F47,50,23,0.166,0.166,3,3,6,1,0,1,0,0,0,-1,0.166,0.1747343625983314,False,False
F47_051_00,F47,51,0,0.221,0.221,3,3,1,1,0,1,0,0,0,-1,0.221,0.2512868263208689,False,False
F47_051_01,F47,51,1,0.217,0.217,3,3,7,1,0,1,0,0,0,-1,0.217,0.2479064128915833,False,True
F47_051_02,F47,51,2,0.217,0.217,3,3,7,1,0,1,0,0,0,-1,0.217,0.2482353988047804,False,True
F47_051_03,F47,51,3,0.217,0.217,3,3,7,1,0,1,0,0,0,-1,0.217,0.248747247034868,False,True
F47_051_04,F47,51,4,0.217,0.217,3,3,7,1,0,1,0,0,0,-1,0.217,0.2489218374221126,False,True
F47_051_05,F47,51,5,0.217,0.217,3,3,7,1,0,1,0,0,0,-1,0.217,0.2487026550841164,False,True
F47_051_06,F47,51,6,0.217,0.217,3,3,7,1,0,1,0,0,0,-1,0.217,0.2450571635308854,False,True
F47_051_07,F47,51,7,0.221,0.221,3,3,1,1,0,1,0,0,0,-1,0.221,0.2496418011363642,False,False
F47_051_08,F47,51,8,0.218,0.218,3,3,8,1,0,1,0,0,0,-1,0.218,0.2417431606504639,False,False
F47_051_09,F47,51,9,0.219,0.219,3,3,9,1,0,1,0,0,0,-1,0.219,0.2428553198251888,False,False
F47_051_10,F47,51,10,0.222,0.222,3,3,2,1,0,1,0,0,0,-1,0.222,0.2477264609481164,False,False
F47_051_11,F47,51,11,0.223,0.223,3,3,3,1,0,1,0,0,0,-1,0.223,0.2475628171016683,False,False
F47_051_12,F47,51,12,0.226,0.226,3,3,6,1,0,1,0,0,0,-1,0.226,0.2502764102555435,False,False
F47_051_13,F47,51,13,0.23,0.23,2,2,3,1,0,1,1,0,0,-1,0.23,0.2562182018104753,False,False
F47_051_14,F47,51,14,0.23,0.23,2,2,3,1,0,1,1,0,0,-1,0.23,0.2543972103820972,False,False
F47_051_15,F47,51,15,0.233,0.233,3,3,3,1,0,1,0,0,0,-1,0.233,0.2491615572097839,False,False
F47_051_16,F47,51,16,0.237,0.237,3,3,7,1,0,1,0,0,0,-1,0.2369999999999999,0.2624357150916727,False,False
F47_051_17,F47,51,17,0.236,0.236,3,3,6,1,0,1,0,0,0,-1,0.2359999999999999,0.274862082676349,False,False
F47_051_18,F47,51,18,0.237,0.237,3,3,7,1,0,1,0,0,0,-1,0.2369999999999999,0.2661750030568247,False,False
F47_051_19,F47,51,19,0.237,0.237,3,3,7,1,0,1,0,0,0,-1,0.2369999999999999,0.2653151339584679,False,False
F47_051_20,F47,51,20,0.237,0.237,3,3,7,1,0,1,0,0,0,-1,0.2369999999999999,0.2664544449881448,False,False
F47_051_21,F47,51,21,0.236,0.236,3,3,6,1,0,1,0,0,0,-1,0.2359999999999999,0.2649888347440337,False,False
F47_051_22,F47,51,22,0.236,0.236,3,3,6,1,0,1,0,0,0,-1,0.2359999999999999,0.264475184168623,False,False
F47_051_23,F47,51,23,0.236,0.236,3,3,6,1,0,1,0,0,0,-1,0.2359999999999999,0.2669960880001888,False,False
F47_052_00,F47,52,0,0.166,0.166,3,3,6,1,0,1,0,0,0,-1,0.166,0.2012653056484022,False,False
F47_052_01,F47,52,1,0.166,0.166,3,3,6,1,0,1,0,0,0,-1,0.166,0.1888374834299675,False,False
F47_052_02,F47,52,2,0.166,0.166,3,3,6,1,0,1,0,0,0,-1,0.166,0.1854958254135554,False,False
F47_052_03,F47,52,3,0.165,0.165,3,3,5,1,1,1,0,0,0,-1,0.165,0.1820321502733825,False,False
F47_052_04,F47,52,4,0.165,0.165,3,3,5,1,1,1,0,0,0,-1,0.165,0.1815463836226072,False,False
F47_052_05,F47,52,5,0.165,0.165,3,3,5,1,1,1,0,0,0,-1,0.165,0.1769289971404365,False,False
F47_052_06,F47,52,6,0.165,0.165,3,3,5,1,1,1,0,0,0,-1,0.165,0.1758925352852341,False,False
F47_052_07,F47,52,7,0.094,0.094,3,2,4,1,0,1,0,0,0,-2,0.094,0.1591380013339022,False,False
F47_052_08,F47,52,8,0.068,0.068,3,2,8,1,0,1,0,0,0,-2,0.068,0.1537784025498886,False,False
F47_052_09,F47,52,9,0.159,0.159,3,3,9,1,0,1,0,0,0,-1,0.159,0.1582374957734312,False,False
F47_052_10,F47,52,10,0.156,0.156,3,3,6,1,0,1,0,0,0,-1,0.156,0.1640706948951093,False,False
F47_052_11,F47,52,11,0.167,0.167,3,3,7,1,0,1,0,0,0,-1,0.167,0.1754638601513589,False,False
F47_052_12,F47,52,12,0.173,0.173,3,3,3,1,0,1,0,0,0,-1,0.1729999999999999,0.1810912873475475,False,False
F47_052_13,F47,52,13,0.171,0.171,3,3,1,1,0,1,0,0,0,-1,0.171,0.1908561368167381,False,False
F47_052_14,F47,52,14,0.174,0.174,3,3,4,1,0,1,0,0,0,-1,0.1739999999999999,0.1929561124437426,False,False
F47_052_15,F47,52,15,0.178,0.178,3,3,8,1,0,1,0,0,0,-1,0.1779999999999999,0.2138772478197268,False,False
F47_052_16,F47,52,16,0.173,0.173,3,3,3,1,0,1,0,0,0,-1,0.1729999999999999,0.1979511223924314,False,False
F47_052_17,F47,52,17,0.17,0.17,2,2,7,1,0,1,1,0,0,-1,0.17,0.1943080076849855,False,False
F47_052_18,F47,52,18,0.169,0.169,3,3,9,1,0,1,0,0,0,-1,0.169,0.1953087658119336,False,False
F47_052_19,F47,52,19,0.168,0.168,3,3,8,1,0,1,0,0,0,-1,0.168,0.1927759670795815,False,False
F47_052_20,F47,52,20,0.167,0.167,3,3,7,1,0,1,0,0,0,-1,0.167,0.1925682407663033,False,False
F47_052_21,F47,52,21,0.168,0.168,3,3,8,1,0,1,0,0,0,-1,0.168,0.1900960819418601,False,False
F47_052_22,F47,52,22,0.167,0.167,3,3,7,1,0,1,0,0,0,-1,0.167,0.1891890672239491,False,False
F47_052_23,F47,52,23,0.166,0.166,3,3,6,1,0,1,0,0,0,-1,0.166,0.188057371203244,False,False
F47_053_00,F47,53,0,0.236,0.236,3,3,6,1,0,1,0,0,0,-1,0.2359999999999999,0.2826544018383644,False,False
F47_053_01,F47,53,1,0.235,0.235,3,3,5,1,1,1,0,0,0,-1,0.2349999999999999,0.281593791117911,False,False
F47_053_02,F47,53,2,0.233,0.233,3,3,3,1,0,1,0,0,0,-1,0.233,0.2826705087031836,False,False
F47_053_03,F47,53,3,0.233,0.233,3,3,3,1,0,1,0,0,0,-1,0.233,0.2813274652805529,False,False
F47_053_04,F47,53,4,0.234,0.234,3,3,4,1,0,1,0,0,0,-1,0.234,0.2843526132182273,False,False
F47_053_05,F47,53,5,0.234,0.234,3,3,4,1,0,1,0,0,0,-1,0.234,0.286722302737994,False,False
F47_053_06,F47,53,6,0.234,0.234,3,3,4,1,0,1,0,0,0,-1,0.234,0.2851662302144993,False,False
F47_053_07,F47,53,7,0.234,0.234,3,3,4,1,0,1,0,0,0,-1,0.234,0.2957085852411527,False,False
F47_053_08,F47,53,8,0.233,0.233,3,3,3,1,0,1,0,0,0,-1,0.233,0.2802919281479525,False,False
F47_053_09,F47,53,9,0.233,0.233,3,3,3,1,0,1,0,0,0,-1,0.233,0.2765967635677414,False,False
F47_053_10,F47,53,10,0.237,0.237,3,3,7,1,0,1,0,0,0,-1,0.2369999999999999,0.2720967290424487,False,False
F47_053_11,F47,53,11,0.238,0.238,3,3,8,1,0,1,0,0,0,-1,0.2379999999999999,0.2745744200857951,False,False
F47_053_12,F47,53,12,0.239,0.239,3,3,9,1,0,1,0,0,0,-1,0.2389999999999999,0.2778566775690025,False,False
F47_053_13,F47,53,13,0.241,0.241,3,3,1,1,0,1,0,0,0,-1,0.2409999999999999,0.2689933325647466,False,False
F47_053_14,F47,53,14,0.241,0.241,3,3,1,1,0,1,0,0,0,-1,0.2409999999999999,0.2678769661929316,False,False
F47_053_15,F47,53,15,0.243,0.243,3,3,3,1,0,1,0,0,0,-1,0.2429999999999999,0.2772537195133738,False,False
F47_053_16,F47,53,16,0.246,0.246,3,3,6,1,0,1,0,0,0,-1,0.246,0.2838487295623352,False,False
F47_053_17,F47,53,17,0.246,0.246,3,3,6,1,0,1,0,0,0,-1,0.246,0.3029536460685914,False,False
F47_053_18,F47,53,18,0.246,0.246,3,3,6,1,0,1,0,0,0,-1,0.246,0.2906333669071476,False,False
F47_053_19,F47,53,19,0.246,0.246,3,3,6,1,0,1,0,0,0,-1,0.246,0.287888559142957,False,False
F47_053_20,F47,53,20,0.246,0.246,3,3,6,1,0,1,0,0,0,-1,0.246,0.2870806387259882,False,False
F47_053_21,F47,53,21,0.245,0.245,3,3,5,1,1,1,0,0,0,-1,0.245,0.2841646767867425,False,False
F47_053_22,F47,53,22,0.246,0.246,3,3,6,1,0,1,0,0,0,-1,0.246,0.283349823243493,False,False
F47_053_23,F47,53,23,0.246,0.246,3,3,6,1,0,1,0,0,0,-1,0.246,0.2842505793719007,False,False
F47_054_00,F47,54,0,0.165,0.165,3,3,5,1,1,1,0,0,0,-1,0.165,0.1981524146844721,False,True
F47_054_01,F47,54,1,0.165,0.165,3,3,5,1,1,1,0,0,0,-1,0.165,0.1980389371445716,False,True
F47_054_02,F47,54,2,0.165,0.165,3,3,5,1,1,1,0,0,0,-1,0.165,0.196463074114511,False,True
F47_054_03,F47,54,3,0.165,0.165,3,3,5,1,1,1,0,0,0,-1,0.165,0.2006461328687409,False,True
F47_054_04,F47,54,4,0.165,0.165,3,3,5,1,1,1,0,0,0,-1,0.165,0.1978448185976614,False,True
F47_054_05,F47,54,5,0.165,0.165,3,3,5,1,1,1,0,0,0,-1,0.165,0.1925023977806278,False,True
F47_054_06,F47,54,6,0.165,0.165,3,3,5,1,1,1,0,0,0,-1,0.165,0.1874701815732185,False,True
F47_054_07,F47,54,7,0.095,0.095,3,2,5,1,1,1,0,0,0,-2,0.095,0.1808536493756749,False,False
F47_054_08,F47,54,8,0.066,0.066,3,2,6,1,0,1,0,0,0,-2,0.066,0.1789840908155674,False,False
F47_054_09,F47,54,9,0.132,0.132,3,3,2,1,0,1,0,0,0,-1,0.132,0.179454139627987,False,False
F47_054_10,F47,54,10,0.138,0.138,3,3,8,1,0,1,0,0,0,-1,0.138,0.1853212145170309,False,False
F47_054_11,F47,54,11,0.168,0.168,3,3,8,1,0,1,0,0,0,-1,0.168,0.1929068381595984,False,False
F47_054_12,F47,54,12,0.174,0.174,3,3,4,1,0,1,0,0,0,-1,0.1739999999999999,0.1979642474061969,False,False
F47_054_13,F47,54,13,0.181,0.181,3,3,1,1,0,1,0,0,0,-1,0.1809999999999999,0.2008726177339506,False,False
F47_054_14,F47,54,14,0.184,0.184,3,3,4,1,0,1,0,0,0,-1,0.184,0.1994844874883694,False,False
F47_054_15,F47,54,15,0.176,0.176,3,3,6,1,0,1,0,0,0,-1,0.1759999999999999,0.1983304210242062,False,False
F47_054_16,F47,54,16,0.179,0.179,3,3,9,1,0,1,0,0,0,-1,0.1789999999999999,0.2043121074774829,False,False
F47_054_17,F47,54,17,0.177,0.177,3,3,7,1,0,1,0,0,0,-1,0.1769999999999999,0.2034806043191004,False,False
F47_054_18,F47,54,18,0.17,0.17,2,2,7,1,0,1,1,0,0,-1,0.17,0.2032403661454953,False,False
F47_054_19,F47,54,19,0.17,0.17,2,2,7,1,0,1,1,0,0,-1,0.17,0.201110334383354,False,False
F47_054_20,F47,54,20,0.17,0.17,2,2,7,1,0,1,1,0,0,-1,0.17,0.1999130717423187,False,False
F47_054_21,F47,54,21,0.169,0.169,3,3,9,1,0,1,0,0,0,-1,0.169,0.202225340723521,False,False
F47_054_22,F47,54,22,0.168,0.168,3,3,8,1,0,1,0,0,0,-1,0.168,0.1968496565075607,False,False
F47_054_23,F47,54,23,0.168,0.168,3,3,8,1,0,1,0,0,0,-1,0.168,0.1983832998421944,False,False
F47_055_00,F47,55,0,0.246,0.246,3,3,6,1,0,1,0,0,0,-1,0.246,0.3064770498565408,False,False
F47_055_01,F47,55,1,0.245,0.245,3,3,5,1,1,1,0,0,0,-1,0.245,0.3049829998707583,False,False
F47_055_02,F47,55,2,0.243,0.243,3,3,3,1,0,1,0,0,0,-1,0.2429999999999999,0.3050719493951695,False,False
F47_055_03,F47,55,3,0.243,0.243,3,3,3,1,0,1,0,0,0,-1,0.2429999999999999,0.3059102725517294,False,False
F47_055_04,F47,55,4,0.244,0.244,3,3,4,1,0,1,0,0,0,-1,0.2439999999999999,0.3059202325430481,False,False
F47_055_05,F47,55,5,0.244,0.244,3,3,4,1,0,1,0,0,0,-1,0.2439999999999999,0.3072658604783497,False,False
F47_055_06,F47,55,6,0.244,0.244,3,3,4,1,0,1,0,0,0,-1,0.2439999999999999,0.3040934585751387,False,False
F47_055_07,F47,55,7,0.245,0.245,3,3,5,1,1,1,0,0,0,-1,0.245,0.3077734487331474,False,False
F47_055_08,F47,55,8,0.243,0.243,3,3,3,1,0,1,0,0,0,-1,0.2429999999999999,0.2947573779517949,False,False
F47_055_09,F47,55,9,0.245,0.245,3,3,5,1,1,1,0,0,0,-1,0.245,0.2878879429652028,False,False
F47_055_10,F47,55,10,0.247,0.247,3,3,7,1,0,1,0,0,0,-1,0.247,0.2847521147039274,False,False
F47_055_11,F47,55,11,0.248,0.248,3,3,8,1,0,1,0,0,0,-1,0.248,0.288116050049295,False,False
F47_055_12,F47,55,12,0.25,0.25,2,2,5,1,1,1,1,0,0,-1,0.25,0.2920012825104363,False,False
F47_055_13,F47,55,13,0.254,0.254,3,3,4,1,0,1,0,0,0,-1,0.254,0.2933665690595602,False,False
F47_055_14,F47,55,14,0.255,0.255,3,3,5,1,1,1,0,0,0,-1,0.255,0.2905457323042574,False,False
F47_055_15,F47,55,15,0.257,0.257,3,3,7,1,0,1,0,0,0,-1,0.257,0.2879253108558189,False,False
F47_055_16,F47,55,16,0.258,0.258,3,3,8,1,0,1,0,0,0,-1,0.258,0.2976603474073436,False,False
F47_055_17,F47,55,17,0.257,0.257,3,3,7,1,0,1,0,0,0,-1,0.257,0.3194934672162155,False,False
F47_055_18,F47,55,18,0.257,0.257,3,3,7,1,0,1,0,0,0,-1,0.257,0.3031179651689636,False,False
F47_055_19,F47,55,19,0.258,0.258,3,3,8,1,0,1,0,0,0,-1,0.258,0.3030276374457927,False,False
F47_055_20,F47,55,20,0.258,0.258,3,3,8,1,0,1,0,0,0,-1,0.258,0.3041565026740842,False,False
F47_055_21,F47,55,21,0.258,0.258,3,3,8,1,0,1,0,0,0,-1,0.258,0.3013600840492922,False,False
F47_055_22,F47,55,22,0.258,0.258,3,3,8,1,0,1,0,0,0,-1,0.258,0.2980611657675729,False,False
F47_055_23,F47,55,23,0.258,0.258,3,3,8,1,0,1,0,0,0,-1,0.258,0.295766933459727,False,False
F47_057_00,F47,57,0,0.258,0.258,3,3,8,1,0,1,0,0,0,-1,0.258,0.2642176099851661,False,False
F47_057_01,F47,57,1,0.258,0.258,3,3,8,1,0,1,0,0,0,-1,0.258,0.2598711816725495,False,False
F47_057_02,F47,57,2,0.258,0.258,3,3,8,1,0,1,0,0,0,-1,0.258,0.2574324381840373,False,False
F47_057_03,F47,57,3,0.257,0.257,3,3,7,1,0,1,0,0,0,-1,0.257,0.2596924711465689,False,False
F47_057_04,F47,57,4,0.256,0.256,3,3,6,1,0,1,0,0,0,-1,0.256,0.2592012578944588,False,False
F47_057_05,F47,57,5,0.256,0.256,3,3,6,1,0,1,0,0,0,-1,0.256,0.2552385879418442,False,False
F47_057_06,F47,57,6,0.256,0.256,3,3,6,1,0,1,0,0,0,-1,0.256,0.2542911147726246,False,False
F47_057_07,F47,57,7,0.255,0.255,3,3,5,1,1,1,0,0,0,-1,0.255,0.2611530437278775,False,False
F47_057_08,F47,57,8,0.253,0.253,3,3,3,1,0,1,0,0,0,-1,0.253,0.2423170468216167,False,False
F47_057_09,F47,57,9,0.252,0.252,3,3,2,1,0,1,0,0,0,-1,0.252,0.2389150369163657,False,False
F47_057_10,F47,57,10,0.254,0.254,3,3,4,1,0,1,0,0,0,-1,0.254,0.2451820625624994,False,False
F47_057_11,F47,57,11,0.257,0.257,3,3,7,1,0,1,0,0,0,-1,0.257,0.2488417557792443,False,False
F47_057_12,F47,57,12,0.261,0.261,3,3,1,1,0,1,0,0,0,-1,0.261,0.2859661233495658,False,False
F47_057_13,F47,57,13,0.268,0.268,3,3,8,1,0,1,0,0,0,-1,0.268,0.288770594932161,False,False
F47_057_14,F47,57,14,0.269,0.269,3,3,9,1,0,1,0,0,0,-1,0.269,0.2730135848682709,False,False
F47_057_15,F47,57,15,0.274,0.274,3,3,4,1,0,1,0,0,0,-1,0.274,0.2946808213854182,False,False
F47_057_16,F47,57,16,0.278,0.278,3,3,8,1,0,1,0,0,0,-1,0.278,0.2812420907624707,False,False
F47_057_17,F47,57,17,0.278,0.278,3,3,8,1,0,1,0,0,0,-1,0.278,0.2853977957310588,False,False
F47_057_18,F47,57,18,0.276,0.276,3,3,6,1,0,1,0,0,0,-1,0.276,0.2973684381571734,False,False
F47_057_19,F47,57,19,0.276,0.276,3,3,6,1,0,1,0,0,0,-1,0.276,0.3051464300669086,False,False
F47_057_20,F47,57,20,0.277,0.277,3,3,7,1,0,1,0,0,0,-1,0.277,0.3105294538378545,False,False
F47_057_21,F47,57,21,0.276,0.276,3,3,6,1,0,1,0,0,0,-1,0.276,0.3130920165643098,False,False
F47_057_22,F47,57,22,0.275,0.275,3,3,5,1,1,1,0,0,0,-1,0.275,0.3174385267955379,False,False
F47_057_23,F47,57,23,0.274,0.274,3,3,4,1,0,1,0,0,0,-1,0.274,0.3244095699838504,False,False
F47_058_00,F47,58,0,0.165,0.165,3,3,5,1,1,1,0,0,0,-1,0.165,0.1581971677578971,False,False
F47_058_01,F47,58,1,0.164,0.164,3,3,4,1,0,1,0,0,0,-1,0.164,0.1547042277233663,False,False
F47_058_02,F47,58,2,0.164,0.164,3,3,4,1,0,1,0,0,0,-1,0.164,0.1519303899222816,False,False
F47_058_03,F47,58,3,0.163,0.163,3,3,3,1,0,1,0,0,0,-1,0.163,0.1494934253662262,False,False
F47_058_04,F47,58,4,0.163,0.163,3,3,3,1,0,1,0,0,0,-1,0.163,0.1473642874693293,False,False
F47_058_05,F47,58,5,0.162,0.162,3,3,2,1,0,1,0,0,0,-1,0.162,0.1474669890595162,False,False
F47_058_06,F47,58,6,0.161,0.161,3,3,1,1,0,1,0,0,0,-1,0.161,0.1392441493967856,False,False
F47_058_07,F47,58,7,0.16,0.16,2,2,6,1,0,1,1,0,0,-1,0.16,0.1208992962820314,False,False
F47_058_08,F47,58,8,0.16,0.16,2,2,6,1,0,1,1,0,0,-1,0.16,0.120454341251198,False,False
F47_058_09,F47,58,9,0.063,0.063,3,2,3,1,0,1,0,0,0,-2,0.063,0.1358594067753802,False,False
F47_058_10,F47,58,10,0.113,0.113,3,3,3,1,0,1,0,0,0,-1,0.113,0.137188317977326,False,False
F47_058_11,F47,58,11,0.163,0.163,3,3,3,1,0,1,0,0,0,-1,0.163,0.1460878934795142,False,False
F47_058_12,F47,58,12,0.153,0.153,3,3,3,1,0,1,0,0,0,-1,0.153,0.1523795913984495,False,False
F47_058_13,F47,58,13,0.166,0.166,3,3,6,1,0,1,0,0,0,-1,0.166,0.1579876529678692,False,False
F47_058_14,F47,58,14,0.175,0.175,3,3,5,1,1,1,0,0,0,-1,0.1749999999999999,0.1646788670627862,False,False
F47_058_15,F47,58,15,0.168,0.168,3,3,8,1,0,1,0,0,0,-1,0.168,0.1688979647849022,False,False
F47_058_16,F47,58,16,0.172,0.172,3,3,2,1,0,1,0,0,0,-1,0.1719999999999999,0.1715013474895301,False,False
F47_058_17,F47,58,17,0.174,0.174,3,3,4,1,0,1,0,0,0,-1,0.1739999999999999,0.1662342596851147,False,False
F47_058_18,F47,58,18,0.175,0.175,3,3,5,1,1,1,0,0,0,-1,0.1749999999999999,0.166093935708952,False,False
F47_058_19,F47,58,19,0.174,0.174,3,3,4,1,0,1,0,0,0,-1,0.1739999999999999,0.1650964299260655,False,False
F47_058_20,F47,58,20,0.173,0.173,3,3,3,1,0,1,0,0,0,-1,0.1729999999999999,0.1629560349080566,False,False
F47_058_21,F47,58,21,0.172,0.172,3,3,2,1,0,1,0,0,0,-1,0.1719999999999999,0.1613384815190129,False,False
F47_058_22,F47,58,22,0.171,0.171,3,3,1,1,0,1,0,0,0,-1,0.171,0.1602671326513562,False,False
F47_058_23,F47,58,23,0.17,0.17,2,2,7,1,0,1,1,0,0,-1,0.17,0.1591659424722077,False,False
F47_059_00,F47,59,0,0.292,0.292,3,3,2,1,0,1,0,0,0,-1,0.2919999999999999,0.3836168550398163,False,False
F47_059_01,F47,59,1,0.292,0.292,3,3,2,1,0,1,0,0,0,-1,0.2919999999999999,0.3801327063173118,False,False
F47_059_02,F47,59,2,0.292,0.292,3,3,2,1,0,1,0,0,0,-1,0.2919999999999999,0.377242163183554,False,False
F47_059_03,F47,59,3,0.292,0.292,3,3,2,1,0,1,0,0,0,-1,0.2919999999999999,0.3731324799033168,False,False
F47_059_04,F47,59,4,0.292,0.292,3,3,2,1,0,1,0,0,0,-1,0.2919999999999999,0.3724408906273439,False,False
F47_059_05,F47,59,5,0.293,0.293,3,3,3,1,0,1,0,0,0,-1,0.2929999999999999,0.3706556083180904,False,False
F47_059_06,F47,59,6,0.293,0.293,3,3,3,1,0,1,0,0,0,-1,0.2929999999999999,0.3701185694130742,False,False
F47_059_07,F47,59,7,0.294,0.294,3,3,4,1,0,1,0,0,0,-1,0.2939999999999999,0.3614725557494064,False,False
F47_059_08,F47,59,8,0.296,0.296,3,3,6,1,0,1,0,0,0,-1,0.2959999999999999,0.3553851619871897,False,False
F47_059_09,F47,59,9,0.291,0.291,3,3,1,1,0,1,0,0,0,-1,0.2909999999999999,0.3649874867812064,False,False
F47_059_10,F47,59,10,0.294,0.294,3,3,4,1,0,1,0,0,0,-1,0.2939999999999999,0.3686092331960064,False,False
F47_059_11,F47,59,11,0.305,0.305,3,3,5,1,1,1,0,0,0,-1,0.3049999999999999,0.3597421132313741,False,False
F47_059_12,F47,59,12,0.316,0.316,3,3,6,1,0,1,0,0,0,-1,0.316,0.3623201366003884,False,False
F47_059_13,F47,59,13,0.33,0.33,2,2,3,1,0,1,1,0,0,-1,0.33,0.3612552215918314,False,False
F47_059_14,F47,59,14,0.336,0.336,3,3,6,1,0,1,0,0,0,-1,0.336,0.3646347652396312,False,False
F47_059_15,F47,59,15,0.344,0.344,3,3,4,1,0,1,0,0,0,-1,0.3439999999999999,0.3877341873735276,False,False
F47_059_16,F47,59,16,0.347,0.347,3,3,7,1,0,1,0,0,0,-1,0.3469999999999999,0.3833706968903071,False,False
F47_059_17,F47,59,17,0.346,0.346,3,3,6,1,0,1,0,0,0,-1,0.3459999999999999,0.3848297014342138,False,False
F47_059_18,F47,59,18,0.343,0.343,3,3,3,1,0,1,0,0,0,-1,0.343,0.388383568522665,False,False
F47_059_19,F47,59,19,0.339,0.339,3,3,9,1,0,1,0,0,0,-1,0.339,0.3901937558377656,False,False
F47_059_20,F47,59,20,0.335,0.335,3,3,5,1,1,1,0,0,0,-1,0.335,0.3857789282141115,False,False
F47_059_21,F47,59,21,0.328,0.328,3,3,8,1,0,1,0,0,0,-1,0.328,0.3805736117977728,False,False
F47_059_22,F47,59,22,0.323,0.323,3,3,3,1,0,1,0,0,0,-1,0.323,0.3774318296276466,False,False
F47_059_23,F47,59,23,0.319,0.319,3,3,9,1,0,1,0,0,0,-1,0.319,0.377217702555454,False,False
F47_060_00,F47,60,0,0.169,0.169,3,3,9,1,0,1,0,0,0,-1,0.169,0.1645844890639157,False,False
F47_060_01,F47,60,1,0.168,0.168,3,3,8,1,0,1,0,0,0,-1,0.168,0.1598335475662701,False,False
F47_060_02,F47,60,2,0.167,0.167,3,3,7,1,0,1,0,0,0,-1,0.167,0.1573698079154156,False,False
F47_060_03,F47,60,3,0.166,0.166,3,3,6,1,0,1,0,0,0,-1,0.166,0.1549863880698055,False,False
F47_060_04,F47,60,4,0.166,0.166,3,3,6,1,0,1,0,0,0,-1,0.166,0.1538597988099853,False,False
F47_060_05,F47,60,5,0.165,0.165,3,3,5,1,1,1,0,0,0,-1,0.165,0.1488248878537564,False,False
F47_060_06,F47,60,6,0.073,0.073,3,2,3,1,0,1,0,0,0,-2,0.0729999999999999,0.144592830974743,False,False
F47_060_07,F47,60,7,0.063,0.063,3,2,3,1,0,1,0,0,0,-2,0.063,0.1303305031815236,False,False
F47_060_08,F47,60,8,0.063,0.063,3,2,3,1,0,1,0,0,0,-2,0.063,0.1218859656985401,False,False
F47_060_09,F47,60,9,0.063,0.063,3,2,3,1,0,1,0,0,0,-2,0.063,0.1309841254819008,False,False
F47_060_10,F47,60,10,0.104,0.104,3,3,4,1,0,1,0,0,0,-1,0.104,0.1432399607017667,False,False
F47_060_11,F47,60,11,0.164,0.164,3,3,4,1,0,1,0,0,0,-1,0.164,0.1601140138503399,False,False
F47_060_12,F47,60,12,0.161,0.161,3,3,1,1,0,1,0,0,0,-1,0.161,0.1594516862055473,False,False
F47_060_13,F47,60,13,0.169,0.169,3,3,9,1,0,1,0,0,0,-1,0.169,0.1629379665032397,False,False
F47_060_14,F47,60,14,0.173,0.173,3,3,3,1,0,1,0,0,0,-1,0.1729999999999999,0.1688915737400579,False,False
F47_060_15,F47,60,15,0.169,0.169,3,3,9,1,0,1,0,0,0,-1,0.169,0.1766506646384535,False,False
F47_060_16,F47,60,16,0.173,0.173,3,3,3,1,0,1,0,0,0,-1,0.1729999999999999,0.1795356034416184,False,False
F47_060_17,F47,60,17,0.175,0.175,3,3,5,1,1,1,0,0,0,-1,0.1749999999999999,0.1693138091750304,False,False
F47_060_18,F47,60,18,0.176,0.176,3,3,6,1,0,1,0,0,0,-1,0.1759999999999999,0.1688748101864106,False,False
F47_060_19,F47,60,19,0.176,0.176,3,3,6,1,0,1,0,0,0,-1,0.1759999999999999,0.168866179467968,False,False
F47_060_20,F47,60,20,0.175,0.175,3,3,5,1,1,1,0,0,0,-1,0.1749999999999999,0.1668067079748474,False,False
F47_060_21,F47,60,21,0.174,0.174,3,3,4,1,0,1,0,0,0,-1,0.1739999999999999,0.1653924202705521,False,False
F47_060_22,F47,60,22,0.173,0.173,3,3,3,1,0,1,0,0,0,-1,0.1729999999999999,0.1656514106803995,False,False
F47_060_23,F47,60,23,0.173,0.173,3,3,3,1,0,1,0,0,0,-1,0.1729999999999999,0.165141050336584,False,False
F47_061_00,F47,61,0,0.315,0.315,3,3,5,1,1,1,0,0,0,-1,0.315,0.310169014570152,False,False
F47_061_01,F47,61,1,0.313,0.313,3,3,3,1,0,1,0,0,0,-1,0.313,0.3072777525200739,False,False
F47_061_02,F47,61,2,0.311,0.311,3,3,1,1,0,1,0,0,0,-1,0.311,0.3068183654988597,False,False
F47_061_03,F47,61,3,0.31,0.31,2,2,1,1,0,1,1,0,0,-1,0.31,0.3089382098210151,False,False
F47_061_04,F47,61,4,0.31,0.31,2,2,1,1,0,1,1,0,0,-1,0.31,0.3067123750544095,False,False
F47_061_05,F47,61,5,0.31,0.31,2,2,1,1,0,1,1,0,0,-1,0.31,0.3070417991699906,False,False
F47_061_06,F47,61,6,0.311,0.311,3,3,1,1,0,1,0,0,0,-1,0.311,0.3073100544075727,False,False
F47_061_07,F47,61,7,0.311,0.311,3,3,1,1,0,1,0,0,0,-1,0.311,0.3023892606341133,False,False
F47_061_08,F47,61,8,0.314,0.314,3,3,4,1,0,1,0,0,0,-1,0.314,0.3065601755333682,False,False
F47_061_09,F47,61,9,0.31,0.31,2,2,1,1,0,1,1,0,0,-1,0.31,0.3091540405451207,False,False
F47_061_10,F47,61,10,0.314,0.314,3,3,4,1,0,1,0,0,0,-1,0.314,0.3103675630231258,False,False
F47_061_11,F47,61,11,0.331,0.331,3,3,1,1,0,1,0,0,0,-1,0.331,0.2994159413486849,False,False
F47_061_12,F47,61,12,0.343,0.343,3,3,3,1,0,1,0,0,0,-1,0.343,0.309979678382273,False,False
F47_061_13,F47,61,13,0.355,0.355,3,3,5,1,1,1,0,0,0,-1,0.3549999999999999,0.3162043398650669,False,False
F47_061_14,F47,61,14,0.361,0.361,3,3,1,1,0,1,0,0,0,-1,0.3609999999999999,0.3160272488271039,False,False
F47_061_15,F47,61,15,0.368,0.368,3,3,8,1,0,1,0,0,0,-1,0.3679999999999999,0.3311204381559317,False,False
F47_061_16,F47,61,16,0.371,0.371,3,3,1,1,0,1,0,0,0,-1,0.371,0.3311330925620141,False,False
F47_061_17,F47,61,17,0.372,0.372,3,3,2,1,0,1,0,0,0,-1,0.372,0.3404492871624213,False,False
F47_061_18,F47,61,18,0.37,0.37,2,2,7,1,0,1,1,0,0,-1,0.37,0.3357343246384076,False,False
F47_061_19,F47,61,19,0.366,0.366,3,3,6,1,0,1,0,0,0,-1,0.3659999999999999,0.3406281890964958,False,False
F47_061_20,F47,61,20,0.359,0.359,3,3,9,1,0,1,0,0,0,-1,0.3589999999999999,0.3368402580108432,False,False
F47_061_21,F47,61,21,0.349,0.349,3,3,9,1,0,1,0,0,0,-1,0.3489999999999999,0.3302776703820982,False,False
F47_061_22,F47,61,22,0.34,0.34,2,2,4,1,0,1,1,0,0,-1,0.34,0.3286407066860364,False,False
F47_061_23,F47,61,23,0.332,0.332,3,3,2,1,0,1,0,0,0,-1,0.332,0.3244753787506529,False,False
F47_062_00,F47,62,0,0.171,0.171,3,3,1,1,0,1,0,0,0,-1,0.171,0.1800620877407929,False,False
F47_062_01,F47,62,1,0.171,0.171,3,3,1,1,0,1,0,0,0,-1,0.171,0.1699824953740576,False,False
F47_062_02,F47,62,2,0.17,0.17,2,2,7,1,0,1,1,0,0,-1,0.17,0.1674097691188117,False,False
F47_062_03,F47,62,3,0.169,0.169,3,3,9,1,0,1,0,0,0,-1,0.169,0.16638340040044,False,False
F47_062_04,F47,62,4,0.168,0.168,3,3,8,1,0,1,0,0,0,-1,0.168,0.16581563702713,False,False
F47_062_05,F47,62,5,0.168,0.168,3,3,8,1,0,1,0,0,0,-1,0.168,0.1651270235523646,False,False
F47_062_06,F47,62,6,0.167,0.167,3,3,7,1,0,1,0,0,0,-1,0.167,0.1533312755062524,False,False
F47_062_07,F47,62,7,0.137,0.137,3,3,7,1,0,1,0,0,0,-1,0.137,0.140651344236406,False,False
F47_062_08,F47,62,8,0.064,0.064,3,2,4,1,0,1,0,0,0,-2,0.064,0.1370418056525684,False,False
F47_062_09,F47,62,9,0.11,0.11,2,2,1,1,0,1,1,0,0,-1,0.11,0.1365426122608539,False,False
F47_062_10,F47,62,10,0.132,0.132,3,3,2,1,0,1,0,0,0,-1,0.132,0.1329026007920731,False,False
F47_062_11,F47,62,11,0.151,0.151,3,3,1,1,0,1,0,0,0,-1,0.151,0.1549033601487079,False,False
F47_062_12,F47,62,12,0.169,0.169,3,3,9,1,0,1,0,0,0,-1,0.169,0.1661456768773444,False,False
F47_062_13,F47,62,13,0.172,0.172,3,3,2,1,0,1,0,0,0,-1,0.1719999999999999,0.1720793382881741,False,False
F47_062_14,F47,62,14,0.17,0.17,2,2,7,1,0,1,1,0,0,-1,0.17,0.1716772539561457,False,False
F47_062_15,F47,62,15,0.175,0.175,3,3,5,1,1,1,0,0,0,-1,0.1749999999999999,0.1732472776391249,False,False
F47_062_16,F47,62,16,0.176,0.176,3,3,6,1,0,1,0,0,0,-1,0.1759999999999999,0.1660897660040497,False,False
F47_062_17,F47,62,17,0.169,0.169,3,3,9,1,0,1,0,0,0,-1,0.169,0.169717756305441,False,False
F47_062_18,F47,62,18,0.17,0.17,2,2,7,1,0,1,1,0,0,-1,0.17,0.1658156741382765,False,False
F47_062_19,F47,62,19,0.169,0.169,3,3,9,1,0,1,0,0,0,-1,0.169,0.1637991676629159,False,False
F47_062_20,F47,62,20,0.169,0.169,3,3,9,1,0,1,0,0,0,-1,0.169,0.1659922562559924,False,False
F47_062_21,F47,62,21,0.168,0.168,3,3,8,1,0,1,0,0,0,-1,0.168,0.1633358069917358,False,False
F47_062_22,F47,62,22,0.168,0.168,3,3,8,1,0,1,0,0,0,-1,0.168,0.1666659415408169,False,False
F47_062_23,F47,62,23,0.167,0.167,3,3,7,1,0,1,0,0,0,-1,0.167,0.1675938941172932,False,False
F47_063_00,F47,63,0,0.326,0.326,3,3,6,1,0,1,0,0,0,-1,0.326,0.3347143184547015,False,False
F47_063_01,F47,63,1,0.322,0.322,3,3,2,1,0,1,0,0,0,-1,0.322,0.3377293513911854,False,False
F47_063_02,F47,63,2,0.32,0.32,2,2,2,1,0,1,1,0,0,-1,0.32,0.3356057260590095,False,False
F47_063_03,F47,63,3,0.319,0.319,3,3,9,1,0,1,0,0,0,-1,0.319,0.3340600370531617,False,False
F47_063_04,F47,63,4,0.318,0.318,3,3,8,1,0,1,0,0,0,-1,0.318,0.3348684285699424,False,False
F47_063_05,F47,63,5,0.318,0.318,3,3,8,1,0,1,0,0,0,-1,0.318,0.3350980839028348,False,False
F47_063_06,F47,63,6,0.317,0.317,3,3,7,1,0,1,0,0,0,-1,0.317,0.3346586573896459,False,False
F47_063_07,F47,63,7,0.317,0.317,3,3,7,1,0,1,0,0,0,-1,0.317,0.3341588880290921,False,False
F47_063_08,F47,63,8,0.319,0.319,3,3,9,1,0,1,0,0,0,-1,0.319,0.3410187701997102,False,False
F47_063_09,F47,63,9,0.312,0.312,3,3,2,1,0,1,0,0,0,-1,0.312,0.3310121890638573,False,False
F47_063_10,F47,63,10,0.315,0.315,3,3,5,1,1,1,0,0,0,-1,0.315,0.3443590965896115,False,False
F47_063_11,F47,63,11,0.331,0.331,3,3,1,1,0,1,0,0,0,-1,0.331,0.3442854423280131,False,False
F47_063_12,F47,63,12,0.348,0.348,3,3,8,1,0,1,0,0,0,-1,0.3479999999999999,0.3386613452207019,False,False
F47_063_13,F47,63,13,0.364,0.364,3,3,4,1,0,1,0,0,0,-1,0.3639999999999999,0.3463951538509244,False,False
F47_063_14,F47,63,14,0.373,0.373,3,3,3,1,0,1,0,0,0,-1,0.373,0.3510214849229869,False,False
F47_063_15,F47,63,15,0.382,0.382,3,3,2,1,0,1,0,0,0,-1,0.382,0.3615833688029384,False,False
F47_063_16,F47,63,16,0.386,0.386,3,3,6,1,0,1,0,0,0,-1,0.386,0.3636180201206126,False,False
F47_063_17,F47,63,17,0.387,0.387,3,3,7,1,0,1,0,0,0,-1,0.387,0.3714795887864071,False,False
F47_063_18,F47,63,18,0.385,0.385,3,3,5,1,1,1,0,0,0,-1,0.385,0.3751201274491113,False,False
F47_063_19,F47,63,19,0.379,0.379,3,3,9,1,0,1,0,0,0,-1,0.379,0.3765251899337638,False,False
F47_063_20,F47,63,20,0.372,0.372,3,3,2,1,0,1,0,0,0,-1,0.372,0.3677281799145487,False,False
F47_063_21,F47,63,21,0.363,0.363,3,3,3,1,0,1,0,0,0,-1,0.3629999999999999,0.3663131267904622,False,False
F47_063_22,F47,63,22,0.355,0.355,3,3,5,1,1,1,0,0,0,-1,0.3549999999999999,0.3639369514412933,False,False
F47_063_23,F47,63,23,0.349,0.349,3,3,9,1,0,1,0,0,0,-1,0.3489999999999999,0.3611596303625865,False,False
F47_064_00,F47,64,0,0.344,0.344,3,3,4,1,0,1,0,0,0,-1,0.3439999999999999,0.3436072354894834,False,False
F47_064_01,F47,64,1,0.339,0.339,3,3,9,1,0,1,0,0,0,-1,0.339,0.3447269346278284,False,False
F47_064_02,F47,64,2,0.335,0.335,3,3,5,1,1,1,0,0,0,-1,0.335,0.3438473095041038,False,False
F47_064_03,F47,64,3,0.332,0.332,3,3,2,1,0,1,0,0,0,-1,0.332,0.3420517806832893,False,False
F47_064_04,F47,64,4,0.329,0.329,3,3,9,1,0,1,0,0,0,-1,0.329,0.3402562385324445,False,False
F47_064_05,F47,64,5,0.328,0.328,3,3,8,1,0,1,0,0,0,-1,0.328,0.3390811873470304,False,False
F47_064_06,F47,64,6,0.328,0.328,3,3,8,1,0,1,0,0,0,-1,0.328,0.3403830877200172,False,False
F47_064_07,F47,64,7,0.328,0.328,3,3,8,1,0,1,0,0,0,-1,0.328,0.3448150226575245,False,False
F47_064_08,F47,64,8,0.331,0.331,3,3,1,1,0,1,0,0,0,-1,0.331,0.3470064816416792,False,False
F47_064_09,F47,64,9,0.33,0.33,2,2,3,1,0,1,1,0,0,-1,0.33,0.3381014406013505,False,False
F47_064_10,F47,64,10,0.334,0.334,3,3,4,1,0,1,0,0,0,-1,0.334,0.3493246503710241,False,False
F47_064_11,F47,64,11,0.351,0.351,3,3,1,1,0,1,0,0,0,-1,0.3509999999999999,0.3596445878969888,False,False
F47_064_12,F47,64,12,0.361,0.361,3,3,1,1,0,1,0,0,0,-1,0.3609999999999999,0.3669601146877191,False,False
F47_064_13,F47,64,13,0.37,0.37,2,2,7,1,0,1,1,0,0,-1,0.37,0.3655198891228665,False,False
F47_064_14,F47,64,14,0.378,0.378,3,3,8,1,0,1,0,0,0,-1,0.378,0.3737101148006939,False,False
F47_064_15,F47,64,15,0.386,0.386,3,3,6,1,0,1,0,0,0,-1,0.386,0.3740609264826251,False,False
F47_064_16,F47,64,16,0.389,0.389,3,3,9,1,0,1,0,0,0,-1,0.389,0.3764736172818901,False,False
F47_064_17,F47,64,17,0.389,0.389,3,3,9,1,0,1,0,0,0,-1,0.389,0.382258215818293,False,False
F47_064_18,F47,64,18,0.387,0.387,3,3,7,1,0,1,0,0,0,-1,0.387,0.3839812455208365,False,False
F47_064_19,F47,64,19,0.384,0.384,3,3,4,1,0,1,0,0,0,-1,0.384,0.3780714744487165,False,False
F47_064_20,F47,64,20,0.379,0.379,3,3,9,1,0,1,0,0,0,-1,0.379,0.3765159964980011,False,False
F47_064_21,F47,64,21,0.374,0.374,3,3,4,1,0,1,0,0,0,-1,0.374,0.3738653463270084,False,False
F47_064_22,F47,64,22,0.368,0.368,3,3,8,1,0,1,0,0,0,-1,0.3679999999999999,0.3713496108729461,False,False
F47_064_23,F47,64,23,0.366,0.366,3,3,6,1,0,1,0,0,0,-1,0.3659999999999999,0.3699152356717748,False,False
F47_065_00,F47,65,0,0.169,0.169,3,3,9,1,0,1,0,0,0,-1,0.169,0.2022741458607356,False,False
F47_065_01,F47,65,1,0.169,0.169,3,3,9,1,0,1,0,0,0,-1,0.169,0.2003313102437078,False,False
F47_065_02,F47,65,2,0.169,0.169,3,3,9,1,0,1,0,0,0,-1,0.169,0.1934645857208789,False,False
F47_065_03,F47,65,3,0.169,0.169,3,3,9,1,0,1,0,0,0,-1,0.169,0.1912456699568378,False,False
F47_065_04,F47,65,4,0.169,0.169,3,3,9,1,0,1,0,0,0,-1,0.169,0.1899307430833216,False,False
F47_065_05,F47,65,5,0.17,0.17,2,2,7,1,0,1,1,0,0,-1,0.17,0.1864972284321148,False,False
F47_065_06,F47,65,6,0.121,0.121,3,3,1,1,0,1,0,0,0,-1,0.121,0.1796384813429642,False,False
F47_065_07,F47,65,7,0.067,0.067,3,2,7,1,0,1,0,0,0,-2,0.067,0.1679906913530894,False,False
F47_065_08,F47,65,8,0.066,0.066,3,2,6,1,0,1,0,0,0,-2,0.066,0.1665897626308395,False,False
F47_065_09,F47,65,9,0.068,0.068,3,2,8,1,0,1,0,0,0,-2,0.068,0.1715783630174474,False,False
F47_065_10,F47,65,10,0.161,0.161,3,3,1,1,0,1,0,0,0,-1,0.161,0.1724212203024587,False,False
F47_065_11,F47,65,11,0.141,0.141,3,3,1,1,0,1,0,0,0,-1,0.1409999999999999,0.1793027501804015,False,False
F47_065_12,F47,65,12,0.172,0.172,3,3,2,1,0,1,0,0,0,-1,0.1719999999999999,0.1938375584987818,False,False
F47_065_13,F47,65,13,0.178,0.178,3,3,8,1,0,1,0,0,0,-1,0.1779999999999999,0.1976680236750467,False,False
F47_065_14,F47,65,14,0.172,0.172,3,3,2,1,0,1,0,0,0,-1,0.1719999999999999,0.2020574668983179,False,False
F47_065_15,F47,65,15,0.177,0.177,3,3,7,1,0,1,0,0,0,-1,0.1769999999999999,0.1983445577372665,False,False
F47_065_16,F47,65,16,0.181,0.181,3,3,1,1,0,1,0,0,0,-1,0.1809999999999999,0.1945724644453317,False,False
F47_065_17,F47,65,17,0.171,0.171,3,3,1,1,0,1,0,0,0,-1,0.171,0.1954007872384729,False,False
F47_065_18,F47,65,18,0.172,0.172,3,3,2,1,0,1,0,0,0,-1,0.1719999999999999,0.1944568906079312,False,False
F47_065_19,F47,65,19,0.172,0.172,3,3,2,1,0,1,0,0,0,-1,0.1719999999999999,0.1930066002616466,False,False
F47_065_20,F47,65,20,0.171,0.171,3,3,1,1,0,1,0,0,0,-1,0.171,0.192156286951188,False,False
F47_065_21,F47,65,21,0.171,0.171,3,3,1,1,0,1,0,0,0,-1,0.171,0.1891728111486772,False,False
F47_065_22,F47,65,22,0.17,0.17,2,2,7,1,0,1,1,0,0,-1,0.17,0.1886327503875719,False,False
F47_065_23,F47,65,23,0.17,0.17,2,2,7,1,0,1,1,0,0,-1,0.17,0.1916870030115499,False,False
F47_066_00,F47,66,0,0.364,0.364,3,3,4,1,0,1,0,0,0,-1,0.3639999999999999,0.4144177040207472,False,False
F47_066_01,F47,66,1,0.363,0.363,3,3,3,1,0,1,0,0,0,-1,0.3629999999999999,0.4151211264134376,False,False
F47_066_02,F47,66,2,0.362,0.362,3,3,2,1,0,1,0,0,0,-1,0.3619999999999999,0.4146015396788467,False,False
F47_066_03,F47,66,3,0.36,0.36,2,2,6,1,0,1,1,0,0,-1,0.3599999999999999,0.4083745327842386,False,False
F47_066_04,F47,66,4,0.359,0.359,3,3,9,1,0,1,0,0,0,-1,0.3589999999999999,0.4061571307624051,False,False
F47_066_05,F47,66,5,0.357,0.357,3,3,7,1,0,1,0,0,0,-1,0.3569999999999999,0.404321340268261,False,False
F47_066_06,F47,66,6,0.357,0.357,3,3,7,1,0,1,0,0,0,-1,0.3569999999999999,0.4022273259225192,False,False
F47_066_07,F47,66,7,0.355,0.355,3,3,5,1,1,1,0,0,0,-1,0.3549999999999999,0.3977597974290043,False,False
F47_066_08,F47,66,8,0.353,0.353,3,3,3,1,0,1,0,0,0,-1,0.3529999999999999,0.3910591529077955,False,False
F47_066_09,F47,66,9,0.359,0.359,3,3,9,1,0,1,0,0,0,-1,0.3589999999999999,0.3757674355345505,False,False
F47_066_10,F47,66,10,0.364,0.364,3,3,4,1,0,1,0,0,0,-1,0.3639999999999999,0.388548486922197,False,False
F47_066_11,F47,66,11,0.375,0.375,3,3,5,1,1,1,0,0,0,-1,0.375,0.3885323482972022,False,False
F47_066_12,F47,66,12,0.387,0.387,3,3,7,1,0,1,0,0,0,-1,0.387,0.3917704660495705,False,False
F47_066_13,F47,66,13,0.399,0.399,3,3,9,1,0,1,0,0,0,-1,0.399,0.3980101509671164,False,False
F47_066_14,F47,66,14,0.405,0.405,3,3,5,1,1,1,0,0,0,-1,0.405,0.4057497777263056,False,False
F47_066_15,F47,66,15,0.411,0.411,3,3,1,1,0,1,0,0,0,-1,0.4109999999999999,0.4042573934948718,False,False
F47_066_16,F47,66,16,0.412,0.412,3,3,2,1,0,1,0,0,0,-1,0.4119999999999999,0.4076936037119963,False,False
F47_066_17,F47,66,17,0.411,0.411,3,3,1,1,0,1,0,0,0,-1,0.4109999999999999,0.4156796584118932,False,False
F47_066_18,F47,66,18,0.407,0.407,3,3,7,1,0,1,0,0,0,-1,0.4069999999999999,0.4196628218158555,False,False
F47_066_19,F47,66,19,0.403,0.403,3,3,3,1,0,1,0,0,0,-1,0.403,0.4175252286790708,False,False
F47_066_20,F47,66,20,0.394,0.394,3,3,4,1,0,1,0,0,0,-1,0.394,0.4171406973116207,False,False
F47_066_21,F47,66,21,0.384,0.384,3,3,4,1,0,1,0,0,0,-1,0.384,0.4143153541558231,False,False
F47_066_22,F47,66,22,0.38,0.38,2,2,8,1,0,1,1,0,0,-1,0.38,0.4121819578672096,False,False
F47_066_23,F47,66,23,0.378,0.378,3,3,8,1,0,1,0,0,0,-1,0.378,0.4113000179668171,False,False
F47_067_00,F47,67,0,0.17,0.17,2,2,7,1,0,1,1,0,0,-1,0.17,0.1791424867946061,False,False
F47_067_01,F47,67,1,0.17,0.17,2,2,7,1,0,1,1,0,0,-1,0.17,0.180405433226332,False,False
F47_067_02,F47,67,2,0.169,0.169,3,3,9,1,0,1,0,0,0,-1,0.169,0.1783182576064208,False,False
F47_067_03,F47,67,3,0.169,0.169,3,3,9,1,0,1,0,0,0,-1,0.169,0.178163655341997,False,False
F47_067_04,F47,67,4,0.169,0.169,3,3,9,1,0,1,0,0,0,-1,0.169,0.1788696721143177,False,False
F47_067_05,F47,67,5,0.168,0.168,3,3,8,1,0,1,0,0,0,-1,0.168,0.1779863139889244,False,False
F47_067_06,F47,67,6,0.133,0.133,3,3,3,1,0,1,0,0,0,-1,0.133,0.1746677155093787,False,False
F47_067_07,F47,67,7,0.066,0.066,3,2,6,1,0,1,0,0,0,-2,0.066,0.1663526529660381,False,False
F47_067_08,F47,67,8,0.066,0.066,3,2,6,1,0,1,0,0,0,-2,0.066,0.1491358837541736,False,False
F47_067_09,F47,67,9,0.066,0.066,3,2,6,1,0,1,0,0,0,-2,0.066,0.1463610314566846,False,False
F47_067_10,F47,67,10,0.119,0.119,3,3,9,1,0,1,0,0,0,-1,0.1189999999999999,0.1529610302480558,False,False
F47_067_11,F47,67,11,0.173,0.173,3,3,3,1,0,1,0,0,0,-1,0.1729999999999999,0.1653469874495819,False,False
F47_067_12,F47,67,12,0.179,0.179,3,3,9,1,0,1,0,0,0,-1,0.1789999999999999,0.1702126351748838,False,False
F47_067_13,F47,67,13,0.19,0.19,2,2,9,1,0,1,1,0,0,-1,0.19,0.1789416379429148,False,False
F47_067_14,F47,67,14,0.198,0.198,3,3,8,1,0,1,0,0,0,-1,0.198,0.1806142450202379,False,False
F47_067_15,F47,67,15,0.204,0.204,3,3,4,1,0,1,0,0,0,-1,0.2039999999999999,0.1825775778655636,False,False
F47_067_16,F47,67,16,0.208,0.208,3,3,8,1,0,1,0,0,0,-1,0.2079999999999999,0.1808703647423184,False,False
F47_067_17,F47,67,17,0.209,0.209,3,3,9,1,0,1,0,0,0,-1,0.2089999999999999,0.1789772189260326,False,False
F47_067_18,F47,67,18,0.208,0.208,3,3,8,1,0,1,0,0,0,-1,0.2079999999999999,0.1765336903175053,False,False
F47_067_19,F47,67,19,0.206,0.206,3,3,6,1,0,1,0,0,0,-1,0.2059999999999999,0.1770668973477602,False,False
F47_067_20,F47,67,20,0.205,0.205,3,3,5,1,1,1,0,0,0,-1,0.2049999999999999,0.1780997053903444,False,False
F47_067_21,F47,67,21,0.203,0.203,3,3,3,1,0,1,0,0,0,-1,0.203,0.2004886764366577,False,False
F47_067_22,F47,67,22,0.202,0.202,3,3,2,1,0,1,0,0,0,-1,0.202,0.1856637854255058,False,False
F47_067_23,F47,67,23,0.201,0.201,3,3,1,1,0,1,0,0,0,-1,0.201,0.2009909139812431,False,False
F47_068_00,F47,68,0,0.2,0.2,1,1,2,1,0,1,1,1,0,-1,0.2,0.2031946097680573,False,False
F47_068_01,F47,68,1,0.2,0.2,1,1,2,1,0,1,1,1,0,-1,0.2,0.2039539752936431,False,False
F47_068_02,F47,68,2,0.199,0.199,3,3,9,1,0,1,0,0,0,-1,0.199,0.2313908387559295,False,False
F47_068_03,F47,68,3,0.198,0.198,3,3,8,1,0,1,0,0,0,-1,0.198,0.2073941340028729,False,False
F47_068_04,F47,68,4,0.199,0.199,3,3,9,1,0,1,0,0,0,-1,0.199,0.2036685730726757,False,False
F47_068_05,F47,68,5,0.199,0.199,3,3,9,1,0,1,0,0,0,-1,0.199,0.210992741789943,False,False
F47_068_06,F47,68,6,0.198,0.198,3,3,8,1,0,1,0,0,0,-1,0.198,0.206274887799527,False,False
F47_068_07,F47,68,7,0.198,0.198,3,3,8,1,0,1,0,0,0,-1,0.198,0.2006462086485884,False,False
F47_068_08,F47,68,8,0.199,0.199,3,3,9,1,0,1,0,0,0,-1,0.199,0.1971485106657508,False,False
F47_068_09,F47,68,9,0.201,0.201,3,3,1,1,0,1,0,0,0,-1,0.201,0.1912514555927956,False,False
F47_068_10,F47,68,10,0.206,0.206,3,3,6,1,0,1,0,0,0,-1,0.2059999999999999,0.1941011330974185,False,False
F47_068_11,F47,68,11,0.205,0.205,3,3,5,1,1,1,0,0,0,-1,0.2049999999999999,0.1982159490003951,False,False
F47_068_12,F47,68,12,0.211,0.211,3,3,1,1,0,1,0,0,0,-1,0.2109999999999999,0.1983172367500329,False,False
F47_068_13,F47,68,13,0.218,0.218,3,3,8,1,0,1,0,0,0,-1,0.218,0.2021100784918916,False,False
F47_068_14,F47,68,14,0.225,0.225,3,3,5,1,1,1,0,0,0,-1,0.225,0.2054451239923853,False,False
F47_068_15,F47,68,15,0.227,0.227,3,3,7,1,0,1,0,0,0,-1,0.227,0.2194311309129647,False,False
F47_068_16,F47,68,16,0.219,0.219,3,3,9,1,0,1,0,0,0,-1,0.219,0.2153247201767794,False,False
F47_068_17,F47,68,17,0.22,0.22,2,2,2,1,0,1,1,0,0,-1,0.22,0.2129839493788998,False,False
F47_068_18,F47,68,18,0.219,0.219,3,3,9,1,0,1,0,0,0,-1,0.219,0.2031141332555851,False,False
F47_068_19,F47,68,19,0.217,0.217,3,3,7,1,0,1,0,0,0,-1,0.217,0.2043628284221397,False,False
F47_068_20,F47,68,20,0.216,0.216,3,3,6,1,0,1,0,0,0,-1,0.216,0.2076829786686758,False,False
F47_068_21,F47,68,21,0.214,0.214,3,3,4,1,0,1,0,0,0,-1,0.214,0.2083132382385606,False,False
F47_068_22,F47,68,22,0.213,0.213,3,3,3,1,0,1,0,0,0,-1,0.2129999999999999,0.2179227163127494,False,False
F47_068_23,F47,68,23,0.212,0.212,3,3,2,1,0,1,0,0,0,-1,0.2119999999999999,0.2202178437698882,False,False
F47_069_00,F47,69,0,0.369,0.369,3,3,9,1,0,1,0,0,0,-1,0.3689999999999999,0.432789320647606,False,False
F47_069_01,F47,69,1,0.364,0.364,3,3,4,1,0,1,0,0,0,-1,0.3639999999999999,0.4466539109822247,False,False
F47_069_02,F47,69,2,0.36,0.36,2,2,6,1,0,1,1,0,0,-1,0.3599999999999999,0.4414192227504971,False,False
F47_069_03,F47,69,3,0.359,0.359,3,3,9,1,0,1,0,0,0,-1,0.3589999999999999,0.4568279952701822,False,False
F47_069_04,F47,69,4,0.355,0.355,3,3,5,1,1,1,0,0,0,-1,0.3549999999999999,0.4526628202522674,False,False
F47_069_05,F47,69,5,0.354,0.354,3,3,4,1,0,1,0,0,0,-1,0.3539999999999999,0.4577298349223593,False,False
F47_069_06,F47,69,6,0.352,0.352,3,3,2,1,0,1,0,0,0,-1,0.3519999999999999,0.4534566040713754,False,False
F47_069_07,F47,69,7,0.353,0.353,3,3,3,1,0,1,0,0,0,-1,0.3529999999999999,0.4567324413500006,False,False
F47_069_08,F47,69,8,0.355,0.355,3,3,5,1,1,1,0,0,0,-1,0.3549999999999999,0.4331169442672384,False,False
F47_069_09,F47,69,9,0.356,0.356,3,3,6,1,0,1,0,0,0,-1,0.3559999999999999,0.4278195473550928,False,False
F47_069_10,F47,69,10,0.361,0.361,3,3,1,1,0,1,0,0,0,-1,0.3609999999999999,0.4405090195590186,False,False
F47_069_11,F47,69,11,0.38,0.38,2,2,8,1,0,1,1,0,0,-1,0.38,0.4397763176324794,False,False
F47_069_12,F47,69,12,0.397,0.397,3,3,7,1,0,1,0,0,0,-1,0.397,0.4405089187397583,False,False
F47_069_13,F47,69,13,0.41,0.41,2,2,1,1,0,1,1,0,0,-1,0.4099999999999999,0.446071677909611,False,False
F47_069_14,F47,69,14,0.419,0.419,3,3,9,1,0,1,0,0,0,-1,0.4189999999999999,0.4443775041340532,False,False
F47_069_15,F47,69,15,0.429,0.429,3,3,9,1,0,1,0,0,0,-1,0.4289999999999999,0.4487264904112937,False,False
F47_069_16,F47,69,16,0.434,0.434,3,3,4,1,0,1,0,0,0,-1,0.434,0.4490650711870524,False,False
F47_069_17,F47,69,17,0.433,0.433,3,3,3,1,0,1,0,0,0,-1,0.433,0.4471289066759534,False,False
F47_069_18,F47,69,18,0.429,0.429,3,3,9,1,0,1,0,0,0,-1,0.4289999999999999,0.4428253266234871,False,False
F47_069_19,F47,69,19,0.424,0.424,3,3,4,1,0,1,0,0,0,-1,0.4239999999999999,0.4488761716237689,False,False
F47_069_20,F47,69,20,0.418,0.418,3,3,8,1,0,1,0,0,0,-1,0.4179999999999999,0.4455300990655889,False,False
F47_069_21,F47,69,21,0.409,0.409,3,3,9,1,0,1,0,0,0,-1,0.4089999999999999,0.4434773442291631,False,False
F47_069_22,F47,69,22,0.401,0.401,3,3,1,1,0,1,0,0,0,-1,0.401,0.4345872571622927,False,False
F47_069_23,F47,69,23,0.394,0.394,3,3,4,1,0,1,0,0,0,-1,0.394,0.4431758980476249,False,False
F47_070_00,F47,70,0,0.211,0.211,3,3,1,1,0,1,0,0,0,-1,0.2109999999999999,0.2337053324052704,False,False
F47_070_01,F47,70,1,0.21,0.21,2,2,1,1,0,1,1,0,0,-1,0.2099999999999999,0.2503569749560339,False,False
F47_070_02,F47,70,2,0.209,0.209,3,3,9,1,0,1,0,0,0,-1,0.2089999999999999,0.2352554771247753,False,False
F47_070_03,F47,70,3,0.209,0.209,3,3,9,1,0,1,0,0,0,-1,0.2089999999999999,0.2174672802905162,False,False
F47_070_04,F47,70,4,0.209,0.209,3,3,9,1,0,1,0,0,0,-1,0.2089999999999999,0.2472975046290805,False,False
F47_070_05,F47,70,5,0.208,0.208,3,3,8,1,0,1,0,0,0,-1,0.2079999999999999,0.2592274913615467,False,False
F47_070_06,F47,70,6,0.206,0.206,3,3,6,1,0,1,0,0,0,-1,0.2059999999999999,0.2311864998577277,False,False
F47_070_07,F47,70,7,0.193,0.193,3,3,3,1,0,1,0,0,0,-1,0.193,0.2245995133666066,False,False
F47_070_08,F47,70,8,0.193,0.193,3,3,3,1,0,1,0,0,0,-1,0.193,0.2171589383699818,False,False
F47_070_09,F47,70,9,0.196,0.196,3,3,6,1,0,1,0,0,0,-1,0.196,0.2280674965564507,False,False
F47_070_10,F47,70,10,0.186,0.186,3,3,6,1,0,1,0,0,0,-1,0.186,0.2189226305852281,False,False
F47_070_11,F47,70,11,0.189,0.189,3,3,9,1,0,1,0,0,0,-1,0.189,0.2319927709122766,False,False
F47_070_12,F47,70,12,0.196,0.196,3,3,6,1,0,1,0,0,0,-1,0.196,0.2152542765870345,False,False
F47_070_13,F47,70,13,0.188,0.188,3,3,8,1,0,1,0,0,0,-1,0.188,0.2291360399687968,False,False
F47_070_14,F47,70,14,0.192,0.192,3,3,2,1,0,1,0,0,0,-1,0.192,0.2265263689249107,False,False
F47_070_15,F47,70,15,0.197,0.197,3,3,7,1,0,1,0,0,0,-1,0.197,0.2477407849203845,False,False
F47_070_16,F47,70,16,0.187,0.187,3,3,7,1,0,1,0,0,0,-1,0.187,0.2228445535556364,False,False
F47_070_17,F47,70,17,0.185,0.185,3,3,5,1,1,1,0,0,0,-1,0.185,0.2209311444786134,False,False
F47_070_18,F47,70,18,0.185,0.185,3,3,5,1,1,1,0,0,0,-1,0.185,0.2213197642528466,False,False
F47_070_19,F47,70,19,0.184,0.184,3,3,4,1,0,1,0,0,0,-1,0.184,0.2191143023274275,False,False
F47_070_20,F47,70,20,0.184,0.184,3,3,4,1,0,1,0,0,0,-1,0.184,0.2168999997713772,False,False
F47_070_21,F47,70,21,0.183,0.183,3,3,3,1,0,1,0,0,0,-1,0.183,0.2208781486106017,False,False
F47_070_22,F47,70,22,0.183,0.183,3,3,3,1,0,1,0,0,0,-1,0.183,0.2130350590072509,False,False
F47_070_23,F47,70,23,0.183,0.183,3,3,3,1,0,1,0,0,0,-1,0.183,0.21107240518038,False,False
F47_071_00,F47,71,0,0.388,0.388,3,3,8,1,0,1,0,0,0,-1,0.388,0.4225245709761453,False,False
F47_071_01,F47,71,1,0.38,0.38,2,2,8,1,0,1,1,0,0,-1,0.38,0.4159805785586109,False,False
F47_071_02,F47,71,2,0.374,0.374,3,3,4,1,0,1,0,0,0,-1,0.374,0.4235106494291109,False,False
F47_071_03,F47,71,3,0.37,0.37,2,2,7,1,0,1,1,0,0,-1,0.37,0.4117858469307885,False,False
F47_071_04,F47,71,4,0.368,0.368,3,3,8,1,0,1,0,0,0,-1,0.3679999999999999,0.4048819880407436,False,False
F47_071_05,F47,71,5,0.366,0.366,3,3,6,1,0,1,0,0,0,-1,0.3659999999999999,0.4054779178466516,False,False
F47_071_06,F47,71,6,0.364,0.364,3,3,4,1,0,1,0,0,0,-1,0.3639999999999999,0.4120655924133229,False,False
F47_071_07,F47,71,7,0.365,0.365,3,3,5,1,1,1,0,0,0,-1,0.3649999999999999,0.4166378655488018,False,False
F47_071_08,F47,71,8,0.37,0.37,2,2,7,1,0,1,1,0,0,-1,0.37,0.4014984056939386,False,False
F47_071_09,F47,71,9,0.376,0.376,3,3,6,1,0,1,0,0,0,-1,0.376,0.4075199357837988,False,False
F47_071_10,F47,71,10,0.386,0.386,3,3,6,1,0,1,0,0,0,-1,0.386,0.4169850855542245,False,False
F47_071_11,F47,71,11,0.395,0.395,3,3,5,1,1,1,0,0,0,-1,0.395,0.4308474652245249,False,False
F47_071_12,F47,71,12,0.406,0.406,3,3,6,1,0,1,0,0,0,-1,0.406,0.4380525765224476,False,False
F47_071_13,F47,71,13,0.417,0.417,3,3,7,1,0,1,0,0,0,-1,0.4169999999999999,0.4327438605023769,False,False
F47_071_14,F47,71,14,0.425,0.425,3,3,5,1,1,1,0,0,0,-1,0.4249999999999999,0.4426147108294504,False,False
F47_071_15,F47,71,15,0.434,0.434,3,3,4,1,0,1,0,0,0,-1,0.434,0.4520676147462309,False,False
F47_071_16,F47,71,16,0.439,0.439,3,3,9,1,0,1,0,0,0,-1,0.439,0.4526886512735737,False,False
F47_071_17,F47,71,17,0.439,0.439,3,3,9,1,0,1,0,0,0,-1,0.439,0.4592293558314197,False,False
F47_071_18,F47,71,18,0.436,0.436,3,3,6,1,0,1,0,0,0,-1,0.436,0.4475905480919839,False,False
F47_071_19,F47,71,19,0.432,0.432,3,3,2,1,0,1,0,0,0,-1,0.432,0.4606206958595516,False,False
F47_071_20,F47,71,20,0.427,0.427,3,3,7,1,0,1,0,0,0,-1,0.4269999999999999,0.4552860979008193,False,False
F47_071_21,F47,71,21,0.421,0.421,3,3,1,1,0,1,0,0,0,-1,0.4209999999999999,0.4434109016692651,False,False
F47_071_22,F47,71,22,0.416,0.416,3,3,6,1,0,1,0,0,0,-1,0.4159999999999999,0.4341308281876272,False,False
F47_071_23,F47,71,23,0.407,0.407,3,3,7,1,0,1,0,0,0,-1,0.4069999999999999,0.4231569272714717,False,False
F47_072_00,F47,72,0,0.182,0.182,3,3,2,1,0,1,0,0,0,-1,0.182,0.2088708029038393,False,False
F47_072_01,F47,72,1,0.182,0.182,3,3,2,1,0,1,0,0,0,-1,0.182,0.1916253197344405,False,False
F47_072_02,F47,72,2,0.182,0.182,3,3,2,1,0,1,0,0,0,-1,0.182,0.1978778410532432,False,False
F47_072_03,F47,72,3,0.182,0.182,3,3,2,1,0,1,0,0,0,-1,0.182,0.1934465217158411,False,False
F47_072_04,F47,72,4,0.182,0.182,3,3,2,1,0,1,0,0,0,-1,0.182,0.19287258968015,False,False
F47_072_05,F47,72,5,0.181,0.181,3,3,1,1,0,1,0,0,0,-1,0.1809999999999999,0.1862101118204297,False,False
F47_072_06,F47,72,6,0.181,0.181,3,3,1,1,0,1,0,0,0,-1,0.1809999999999999,0.1815784420484271,False,False
F47_072_07,F47,72,7,0.173,0.173,3,3,3,1,0,1,0,0,0,-1,0.1729999999999999,0.1810531162849172,False,False
F47_072_08,F47,72,8,0.169,0.169,3,3,9,1,0,1,0,0,0,-1,0.169,0.1819726023415311,False,False
F47_072_09,F47,72,9,0.171,0.171,3,3,1,1,0,1,0,0,0,-1,0.171,0.183508935204074,False,False
F47_072_10,F47,72,10,0.17,0.17,2,2,7,1,0,1,1,0,0,-1,0.17,0.184378857767167,False,False
F47_072_11,F47,72,11,0.175,0.175,3,3,5,1,1,1,0,0,0,-1,0.1749999999999999,0.2029868136648874,False,False
F47_072_12,F47,72,12,0.185,0.185,3,3,5,1,1,1,0,0,0,-1,0.185,0.2055062095529448,False,False
F47_072_13,F47,72,13,0.186,0.186,3,3,6,1,0,1,0,0,0,-1,0.186,0.206821513984497,False,False
F47_072_14,F47,72,14,0.189,0.189,3,3,9,1,0,1,0,0,0,-1,0.189,0.2371284251644136,False,False
F47_072_15,F47,72,15,0.195,0.195,3,3,5,1,1,1,0,0,0,-1,0.195,0.2431123702733919,False,False
F47_072_16,F47,72,16,0.19,0.19,2,2,9,1,0,1,1,0,0,-1,0.19,0.230194585811509,False,False
F47_072_17,F47,72,17,0.186,0.186,3,3,6,1,0,1,0,0,0,-1,0.186,0.2178751207903743,False,False
F47_072_18,F47,72,18,0.186,0.186,3,3,6,1,0,1,0,0,0,-1,0.186,0.2115500725281415,False,False
F47_072_19,F47,72,19,0.186,0.186,3,3,6,1,0,1,0,0,0,-1,0.186,0.2096324099104835,False,False
F47_072_20,F47,72,20,0.185,0.185,3,3,5,1,1,1,0,0,0,-1,0.185,0.2184734805753524,False,False
F47_072_21,F47,72,21,0.183,0.183,3,3,3,1,0,1,0,0,0,-1,0.183,0.2172403672081223,False,False
F47_072_22,F47,72,22,0.182,0.182,3,3,2,1,0,1,0,0,0,-1,0.182,0.2188248969909246,False,False
F47_072_23,F47,72,23,0.188,0.188,3,3,8,1,0,1,0,0,0,-1,0.188,0.2145390456317879,False,False
F47_073_00,F47,73,0,0.397,0.397,3,3,7,1,0,1,0,0,0,-1,0.397,0.4087943602994722,False,False
F47_073_01,F47,73,1,0.39,0.39,2,2,9,1,0,1,1,0,0,-1,0.39,0.4024866445720946,False,False
F47_073_02,F47,73,2,0.387,0.387,3,3,7,1,0,1,0,0,0,-1,0.387,0.4015415445006562,False,False
F47_073_03,F47,73,3,0.383,0.383,3,3,3,1,0,1,0,0,0,-1,0.383,0.3976539136223168,False,False
F47_073_04,F47,73,4,0.381,0.381,3,3,1,1,0,1,0,0,0,-1,0.381,0.3959296640733241,False,False
F47_073_05,F47,73,5,0.379,0.379,3,3,9,1,0,1,0,0,0,-1,0.379,0.3949751108233366,False,False
F47_073_06,F47,73,6,0.377,0.377,3,3,7,1,0,1,0,0,0,-1,0.377,0.393714729642814,False,False
F47_073_07,F47,73,7,0.378,0.378,3,3,8,1,0,1,0,0,0,-1,0.378,0.3879243642413953,False,False
F47_073_08,F47,73,8,0.382,0.382,3,3,2,1,0,1,0,0,0,-1,0.382,0.3931598793593719,False,False
F47_073_09,F47,73,9,0.389,0.389,3,3,9,1,0,1,0,0,0,-1,0.389,0.3954907707804788,False,False
F47_073_10,F47,73,10,0.397,0.397,3,3,7,1,0,1,0,0,0,-1,0.397,0.4050448793139847,False,False
F47_073_11,F47,73,11,0.414,0.414,3,3,4,1,0,1,0,0,0,-1,0.4139999999999999,0.4129912002057493,False,False
F47_073_12,F47,73,12,0.429,0.429,3,3,9,1,0,1,0,0,0,-1,0.4289999999999999,0.4228000953071895,False,False
F47_073_13,F47,73,13,0.444,0.444,3,3,4,1,0,1,0,0,0,-1,0.444,0.4274961613850047,False,False
F47_073_14,F47,73,14,0.453,0.453,3,3,3,1,0,1,0,0,0,-1,0.453,0.4313325817082577,False,False
F47_073_15,F47,73,15,0.463,0.463,3,3,3,1,0,1,0,0,0,-1,0.463,0.4400617470132659,False,False
F47_073_16,F47,73,16,0.466,0.466,3,3,6,1,0,1,0,0,0,-1,0.466,0.4360751949548424,False,False
F47_073_17,F47,73,17,0.467,0.467,3,3,7,1,0,1,0,0,0,-1,0.467,0.4377156622912999,False,False
F47_073_18,F47,73,18,0.462,0.462,3,3,2,1,0,1,0,0,0,-1,0.462,0.4383085308852854,False,False
F47_073_19,F47,73,19,0.449,0.449,3,3,9,1,0,1,0,0,0,-1,0.449,0.4374634409144386,False,False
F47_073_20,F47,73,20,0.445,0.445,3,3,5,1,1,1,0,0,0,-1,0.445,0.4385142972922912,False,False
F47_073_21,F47,73,21,0.438,0.438,3,3,8,1,0,1,0,0,0,-1,0.438,0.4386440614930297,False,False
F47_073_22,F47,73,22,0.43,0.43,2,2,3,1,0,1,1,0,0,-1,0.4299999999999999,0.4382161227451215,False,False
F47_073_23,F47,73,23,0.44,0.44,2,2,4,1,0,1,1,0,0,-1,0.44,0.436235841814797,False,False
F47_074_00,F47,74,0,0.209,0.209,3,3,9,1,0,1,0,0,0,-1,0.2089999999999999,0.3040162929295023,False,False
F47_074_01,F47,74,1,0.209,0.209,3,3,9,1,0,1,0,0,0,-1,0.2089999999999999,0.2995803192407665,False,False
F47_074_02,F47,74,2,0.208,0.208,3,3,8,1,0,1,0,0,0,-1,0.2079999999999999,0.2973990104312468,False,False
F47_074_03,F47,74,3,0.207,0.207,3,3,7,1,0,1,0,0,0,-1,0.2069999999999999,0.2941397220204462,False,False
F47_074_04,F47,74,4,0.207,0.207,3,3,7,1,0,1,0,0,0,-1,0.2069999999999999,0.2930738483973549,False,False
F47_074_05,F47,74,5,0.207,0.207,3,3,7,1,0,1,0,0,0,-1,0.2069999999999999,0.2931128001561453,False,False
F47_074_06,F47,74,6,0.207,0.207,3,3,7,1,0,1,0,0,0,-1,0.2069999999999999,0.2916980398805282,False,False
F47_074_07,F47,74,7,0.209,0.209,3,3,9,1,0,1,0,0,0,-1,0.2089999999999999,0.3068359610168516,False,False
F47_074_08,F47,74,8,0.208,0.208,3,3,8,1,0,1,0,0,0,-1,0.2079999999999999,0.2892349981169695,False,False
F47_074_09,F47,74,9,0.209,0.209,3,3,9,1,0,1,0,0,0,-1,0.2089999999999999,0.2942740149827777,False,False
F47_074_10,F47,74,10,0.212,0.212,3,3,2,1,0,1,0,0,0,-1,0.2119999999999999,0.2976563784994081,False,False
F47_074_11,F47,74,11,0.214,0.214,3,3,4,1,0,1,0,0,0,-1,0.214,0.300622001997609,False,False
F47_074_12,F47,74,12,0.216,0.216,3,3,6,1,0,1,0,0,0,-1,0.216,0.3056300004676858,False,False
F47_074_13,F47,74,13,0.22,0.22,2,2,2,1,0,1,1,0,0,-1,0.22,0.309526665405418,False,False
F47_074_14,F47,74,14,0.22,0.22,2,2,2,1,0,1,1,0,0,-1,0.22,0.3097435652654175,False,False
F47_074_15,F47,74,15,0.222,0.222,3,3,2,1,0,1,0,0,0,-1,0.222,0.3105459297473137,False,False
F47_074_16,F47,74,16,0.223,0.223,3,3,3,1,0,1,0,0,0,-1,0.223,0.3171281065027411,False,False
F47_074_17,F47,74,17,0.223,0.223,3,3,3,1,0,1,0,0,0,-1,0.223,0.3323908668144916,False,False
F47_074_18,F47,74,18,0.218,0.218,3,3,8,1,0,1,0,0,0,-1,0.218,0.3114878126995182,False,False
F47_074_19,F47,74,19,0.219,0.219,3,3,9,1,0,1,0,0,0,-1,0.219,0.3161292586370603,False,False
F47_074_20,F47,74,20,0.22,0.22,2,2,2,1,0,1,1,0,0,-1,0.22,0.3169114900264631,False,False
F47_074_21,F47,74,21,0.217,0.217,3,3,7,1,0,1,0,0,0,-1,0.217,0.3131293888299599,False,False
F47_074_22,F47,74,22,0.216,0.216,3,3,6,1,0,1,0,0,0,-1,0.216,0.3061460025587529,False,False
F47_074_23,F47,74,23,0.22,0.22,2,2,2,1,0,1,1,0,0,-1,0.22,0.3051788439074651,False,False
F47_075_00,F47,75,0,0.228,0.228,3,3,8,1,0,1,0,0,0,-1,0.228,0.2424140101616526,False,False
F47_075_01,F47,75,1,0.179,0.179,3,3,9,1,0,1,0,0,0,-1,0.1789999999999999,0.2374008839448464,False,False
F47_075_02,F47,75,2,0.179,0.179,3,3,9,1,0,1,0,0,0,-1,0.1789999999999999,0.2303912590544876,False,False
F47_075_03,F47,75,3,0.179,0.179,3,3,9,1,0,1,0,0,0,-1,0.1789999999999999,0.2246643716227285,False,False
F47_075_04,F47,75,4,0.179,0.179,3,3,9,1,0,1,0,0,0,-1,0.1789999999999999,0.2428884976080837,False,False
F47_075_05,F47,75,5,0.179,0.179,3,3,9,1,0,1,0,0,0,-1,0.1789999999999999,0.2512032661908774,False,False
F47_075_06,F47,75,6,0.168,0.168,3,3,8,1,0,1,0,0,0,-1,0.168,0.2416147858408197,False,False
F47_075_07,F47,75,7,0.168,0.168,3,3,8,1,0,1,0,0,0,-1,0.168,0.2336463493221449,False,False
F47_075_08,F47,75,8,0.17,0.17,2,2,7,1,0,1,1,0,0,-1,0.17,0.2331377207850828,False,False
F47_075_09,F47,75,9,0.167,0.167,3,3,7,1,0,1,0,0,0,-1,0.167,0.2340353332429621,False,False
F47_075_10,F47,75,10,0.17,0.17,2,2,7,1,0,1,1,0,0,-1,0.17,0.2355794203232952,False,False
F47_075_11,F47,75,11,0.179,0.179,3,3,9,1,0,1,0,0,0,-1,0.1789999999999999,0.2326767885501185,False,False
F47_075_12,F47,75,12,0.19,0.19,2,2,9,1,0,1,1,0,0,-1,0.19,0.2350632021267853,False,False
F47_075_13,F47,75,13,0.198,0.198,3,3,8,1,0,1,0,0,0,-1,0.198,0.2383814245529772,False,False
F47_075_14,F47,75,14,0.206,0.206,3,3,6,1,0,1,0,0,0,-1,0.2059999999999999,0.2418067751369986,False,False
F47_075_15,F47,75,15,0.213,0.213,3,3,3,1,0,1,0,0,0,-1,0.2129999999999999,0.2684487830999872,False,False
F47_075_16,F47,75,16,0.217,0.217,3,3,7,1,0,1,0,0,0,-1,0.217,0.2475228371935448,False,False
F47_075_17,F47,75,17,0.217,0.217,3,3,7,1,0,1,0,0,0,-1,0.217,0.242707993506299,False,False
F47_075_18,F47,75,18,0.216,0.216,3,3,6,1,0,1,0,0,0,-1,0.216,0.2392772111745818,False,False
F47_075_19,F47,75,19,0.214,0.214,3,3,4,1,0,1,0,0,0,-1,0.214,0.2419220405729819,False,False
F47_075_20,F47,75,20,0.213,0.213,3,3,3,1,0,1,0,0,0,-1,0.2129999999999999,0.2371375222091794,False,False
F47_075_21,F47,75,21,0.211,0.211,3,3,1,1,0,1,0,0,0,-1,0.2109999999999999,0.2366274412610848,False,False
F47_075_22,F47,75,22,0.21,0.21,2,2,1,1,0,1,1,0,0,-1,0.2099999999999999,0.2372468400073485,False,False
F47_075_23,F47,75,23,0.209,0.209,3,3,9,1,0,1,0,0,0,-1,0.2089999999999999,0.2329309867293772,False,False
F47_076_00,F47,76,0,0.209,0.209,3,3,9,1,0,1,0,0,0,-1,0.2089999999999999,0.2091557623843012,False,False
F47_076_01,F47,76,1,0.208,0.208,3,3,8,1,0,1,0,0,0,-1,0.2079999999999999,0.2421903654680303,False,False
F47_076_02,F47,76,2,0.207,0.207,3,3,7,1,0,1,0,0,0,-1,0.2069999999999999,0.2378979954240904,False,False
F47_076_03,F47,76,3,0.206,0.206,3,3,6,1,0,1,0,0,0,-1,0.2059999999999999,0.2419313088051528,False,False
F47_076_04,F47,76,4,0.205,0.205,3,3,5,1,1,1,0,0,0,-1,0.2049999999999999,0.2421282438028333,False,False
F47_076_05,F47,76,5,0.205,0.205,3,3,5,1,1,1,0,0,0,-1,0.2049999999999999,0.2354022757398483,False,False
F47_076_06,F47,76,6,0.206,0.206,3,3,6,1,0,1,0,0,0,-1,0.2059999999999999,0.227016378042668,False,False
F47_076_07,F47,76,7,0.205,0.205,3,3,5,1,1,1,0,0,0,-1,0.2049999999999999,0.2295667985159588,False,False
F47_076_08,F47,76,8,0.204,0.204,3,3,4,1,0,1,0,0,0,-1,0.2039999999999999,0.2304882446446533,False,False
F47_076_09,F47,76,9,0.198,0.198,3,3,8,1,0,1,0,0,0,-1,0.198,0.229141303119418,False,False
F47_076_10,F47,76,10,0.196,0.196,3,3,6,1,0,1,0,0,0,-1,0.196,0.2166937738392271,False,False
F47_076_11,F47,76,11,0.205,0.205,3,3,5,1,1,1,0,0,0,-1,0.2049999999999999,0.2158655145585748,False,False
F47_076_12,F47,76,12,0.208,0.208,3,3,8,1,0,1,0,0,0,-1,0.2079999999999999,0.2194958023867917,False,False
F47_076_13,F47,76,13,0.208,0.208,3,3,8,1,0,1,0,0,0,-1,0.2079999999999999,0.2297152138175447,False,False
F47_076_14,F47,76,14,0.215,0.215,3,3,5,1,1,1,0,0,0,-1,0.215,0.2472824963360914,False,False
F47_076_15,F47,76,15,0.221,0.221,3,3,1,1,0,1,0,0,0,-1,0.221,0.2515704474751215,False,False
F47_076_16,F47,76,16,0.214,0.214,3,3,4,1,0,1,0,0,0,-1,0.214,0.2358186753893988,False,False
F47_076_17,F47,76,17,0.199,0.199,3,3,9,1,0,1,0,0,0,-1,0.199,0.2269483689025056,False,False
F47_076_18,F47,76,18,0.197,0.197,3,3,7,1,0,1,0,0,0,-1,0.197,0.2259163022604318,False,False
F47_076_19,F47,76,19,0.196,0.196,3,3,6,1,0,1,0,0,0,-1,0.196,0.2259215096315528,False,False
F47_076_20,F47,76,20,0.194,0.194,3,3,4,1,0,1,0,0,0,-1,0.194,0.2255499333957724,False,False
F47_076_21,F47,76,21,0.193,0.193,3,3,3,1,0,1,0,0,0,-1,0.193,0.230631387992311,False,False
F47_076_22,F47,76,22,0.192,0.192,3,3,2,1,0,1,0,0,0,-1,0.192,0.2286046937239604,False,False
F47_076_23,F47,76,23,0.191,0.191,3,3,1,1,0,1,0,0,0,-1,0.191,0.2293723288502931,False,False
F47_077_00,F47,77,0,0.259,0.259,3,3,9,1,0,1,0,0,0,-1,0.259,0.3194767426200308,False,False
F47_077_01,F47,77,1,0.258,0.258,3,3,8,1,0,1,0,0,0,-1,0.258,0.3093511200443171,False,False
F47_077_02,F47,77,2,0.256,0.256,3,3,6,1,0,1,0,0,0,-1,0.256,0.3050296913749252,False,False
F47_077_03,F47,77,3,0.255,0.255,3,3,5,1,1,1,0,0,0,-1,0.255,0.3068303783109476,False,False
F47_077_04,F47,77,4,0.254,0.254,3,3,4,1,0,1,0,0,0,-1,0.254,0.2967607374807574,False,False
F47_077_05,F47,77,5,0.252,0.252,3,3,2,1,0,1,0,0,0,-1,0.252,0.2947539304927405,False,False
F47_077_06,F47,77,6,0.252,0.252,3,3,2,1,0,1,0,0,0,-1,0.252,0.2894475076803195,False,False
F47_077_07,F47,77,7,0.252,0.252,3,3,2,1,0,1,0,0,0,-1,0.252,0.2894277336579857,False,False
F47_077_08,F47,77,8,0.249,0.249,3,3,9,1,0,1,0,0,0,-1,0.249,0.3003630155151577,False,False
F47_077_09,F47,77,9,0.245,0.245,3,3,5,1,1,1,0,0,0,-1,0.245,0.2971744192869787,False,False
F47_077_10,F47,77,10,0.247,0.247,3,3,7,1,0,1,0,0,0,-1,0.247,0.3053022058583293,False,False
F47_077_11,F47,77,11,0.251,0.251,3,3,1,1,0,1,0,0,0,-1,0.251,0.3119938951543574,False,False
F47_077_12,F47,77,12,0.257,0.257,3,3,7,1,0,1,0,0,0,-1,0.257,0.3024174994001239,False,False
F47_077_13,F47,77,13,0.261,0.261,3,3,1,1,0,1,0,0,0,-1,0.261,0.3153671849992585,False,False
F47_077_14,F47,77,14,0.261,0.261,3,3,1,1,0,1,0,0,0,-1,0.261,0.3209200406473491,False,False
F47_077_15,F47,77,15,0.262,0.262,3,3,2,1,0,1,0,0,0,-1,0.262,0.3278791332541105,False,False
F47_077_16,F47,77,16,0.265,0.265,3,3,5,1,1,1,0,0,0,-1,0.265,0.3270127997023089,False,False
F47_077_17,F47,77,17,0.267,0.267,3,3,7,1,0,1,0,0,0,-1,0.267,0.3240502356543321,False,False
F47_077_18,F47,77,18,0.268,0.268,3,3,8,1,0,1,0,0,0,-1,0.268,0.3321857363449194,False,False
F47_077_19,F47,77,19,0.268,0.268,3,3,8,1,0,1,0,0,0,-1,0.268,0.3308051932573254,False,False
F47_077_20,F47,77,20,0.267,0.267,3,3,7,1,0,1,0,0,0,-1,0.267,0.3269516153939698,False,False
F47_077_21,F47,77,21,0.266,0.266,3,3,6,1,0,1,0,0,0,-1,0.266,0.3248121243618182,False,False
F47_077_22,F47,77,22,0.265,0.265,3,3,5,1,1,1,0,0,0,-1,0.265,0.3232358587035366,False,False
F47_077_23,F47,77,23,0.262,0.262,3,3,2,1,0,1,0,0,0,-1,0.262,0.3214623118694954,False,False
F47_078_00,F47,78,0,0.26,0.26,2,2,6,1,0,1,1,0,0,-1,0.26,0.2672681830823207,False,False
F47_078_01,F47,78,1,0.258,0.258,3,3,8,1,0,1,0,0,0,-1,0.258,0.2784036099185057,False,False
F47_078_02,F47,78,2,0.257,0.257,3,3,7,1,0,1,0,0,0,-1,0.257,0.2831310683642521,False,False
F47_078_03,F47,78,3,0.255,0.255,3,3,5,1,1,1,0,0,0,-1,0.255,0.2846818441414786,False,False
F47_078_04,F47,78,4,0.254,0.254,3,3,4,1,0,1,0,0,0,-1,0.254,0.2762958708901945,False,False
F47_078_05,F47,78,5,0.253,0.253,3,3,3,1,0,1,0,0,0,-1,0.253,0.2829423900420787,False,False
F47_078_06,F47,78,6,0.252,0.252,3,3,2,1,0,1,0,0,0,-1,0.252,0.2715407097062899,False,False
F47_078_07,F47,78,7,0.253,0.253,3,3,3,1,0,1,0,0,0,-1,0.253,0.27175111888958,False,False
F47_078_08,F47,78,8,0.253,0.253,3,3,3,1,0,1,0,0,0,-1,0.253,0.2876877415160134,False,False
F47_078_09,F47,78,9,0.253,0.253,3,3,3,1,0,1,0,0,0,-1,0.253,0.2859679608749619,False,False
F47_078_10,F47,78,10,0.255,0.255,3,3,5,1,1,1,0,0,0,-1,0.255,0.2820684122825786,False,False
F47_078_11,F47,78,11,0.257,0.257,3,3,7,1,0,1,0,0,0,-1,0.257,0.308644894015386,False,False
F47_078_12,F47,78,12,0.258,0.258,3,3,8,1,0,1,0,0,0,-1,0.258,0.3105879552859503,False,False
F47_078_13,F47,78,13,0.259,0.259,3,3,9,1,0,1,0,0,0,-1,0.259,0.2948815227518654,False,False
F47_078_14,F47,78,14,0.255,0.255,3,3,5,1,1,1,0,0,0,-1,0.255,0.3154970723458175,False,False
F47_078_15,F47,78,15,0.256,0.256,3,3,6,1,0,1,0,0,0,-1,0.256,0.3244609685737691,False,False
F47_078_16,F47,78,16,0.257,0.257,3,3,7,1,0,1,0,0,0,-1,0.257,0.3246879660788696,False,False
F47_078_17,F47,78,17,0.259,0.259,3,3,9,1,0,1,0,0,0,-1,0.259,0.3232168797212225,False,False
F47_078_18,F47,78,18,0.26,0.26,2,2,6,1,0,1,1,0,0,-1,0.26,0.3307548430377821,False,False
F47_078_19,F47,78,19,0.26,0.26,2,2,6,1,0,1,1,0,0,-1,0.26,0.3302691274984912,False,False
F47_078_20,F47,78,20,0.26,0.26,2,2,6,1,0,1,1,0,0,-1,0.26,0.3289558534042016,False,False
F47_078_21,F47,78,21,0.258,0.258,3,3,8,1,0,1,0,0,0,-1,0.258,0.3227134982442219,False,False
F47_078_22,F47,78,22,0.256,0.256,3,3,6,1,0,1,0,0,0,-1,0.256,0.3229861718109582,False,False
F47_078_23,F47,78,23,0.255,0.255,3,3,5,1,1,1,0,0,0,-1,0.255,0.3223079400637562,False,False
F47_079_00,F47,79,0,0.192,0.192,3,3,2,1,0,1,0,0,0,-1,0.192,0.2533532585031562,False,False
F47_079_01,F47,79,1,0.192,0.192,3,3,2,1,0,1,0,0,0,-1,0.192,0.2462843726236203,False,False
F47_079_02,F47,79,2,0.192,0.192,3,3,2,1,0,1,0,0,0,-1,0.192,0.2342348095236384,False,False
F47_079_03,F47,79,3,0.192,0.192,3,3,2,1,0,1,0,0,0,-1,0.192,0.2285336918140427,False,False
F47_079_04,F47,79,4,0.192,0.192,3,3,2,1,0,1,0,0,0,-1,0.192,0.2151454798182486,False,False
F47_079_05,F47,79,5,0.193,0.193,3,3,3,1,0,1,0,0,0,-1,0.193,0.2082355794617945,False,False
F47_079_06,F47,79,6,0.193,0.193,3,3,3,1,0,1,0,0,0,-1,0.193,0.2146994705893231,False,False
F47_079_07,F47,79,7,0.179,0.179,3,3,9,1,0,1,0,0,0,-1,0.1789999999999999,0.205728650244358,False,False
F47_079_08,F47,79,8,0.179,0.179,3,3,9,1,0,1,0,0,0,-1,0.1789999999999999,0.2198746945428978,False,False
F47_079_09,F47,79,9,0.182,0.182,3,3,2,1,0,1,0,0,0,-1,0.182,0.2239361566820138,False,False
F47_079_10,F47,79,10,0.177,0.177,3,3,7,1,0,1,0,0,0,-1,0.1769999999999999,0.2210630773238882,False,False
F47_079_11,F47,79,11,0.182,0.182,3,3,2,1,0,1,0,0,0,-1,0.182,0.2289653403663042,False,False
F47_079_12,F47,79,12,0.191,0.191,3,3,1,1,0,1,0,0,0,-1,0.191,0.2329783053243375,False,False
F47_079_13,F47,79,13,0.185,0.185,3,3,5,1,1,1,0,0,0,-1,0.185,0.2290063841004613,False,False
F47_079_14,F47,79,14,0.191,0.191,3,3,1,1,0,1,0,0,0,-1,0.191,0.2388678290785196,False,False
F47_079_15,F47,79,15,0.197,0.197,3,3,7,1,0,1,0,0,0,-1,0.197,0.2280382304506878,False,False
F47_079_16,F47,79,16,0.185,0.185,3,3,5,1,1,1,0,0,0,-1,0.185,0.2350712713557242,False,False
F47_079_17,F47,79,17,0.183,0.183,3,3,3,1,0,1,0,0,0,-1,0.183,0.2315201830648029,False,False
F47_079_18,F47,79,18,0.183,0.183,3,3,3,1,0,1,0,0,0,-1,0.183,0.2282854229193022,False,False
F47_079_19,F47,79,19,0.182,0.182,3,3,2,1,0,1,0,0,0,-1,0.182,0.2315243114104482,False,False
F47_079_20,F47,79,20,0.182,0.182,3,3,2,1,0,1,0,0,0,-1,0.182,0.226368312969779,False,False
F47_079_21,F47,79,21,0.182,0.182,3,3,2,1,0,1,0,0,0,-1,0.182,0.237900796711088,False,False
F47_079_22,F47,79,22,0.182,0.182,3,3,2,1,0,1,0,0,0,-1,0.182,0.246238414221418,False,False
F47_079_23,F47,79,23,0.183,0.183,3,3,3,1,0,1,0,0,0,-1,0.183,0.2456707910032705,False,False
F47_080_00,F47,80,0,0.253,0.253,3,3,3,1,0,1,0,0,0,-1,0.253,0.341692867863143,False,False
F47_080_01,F47,80,1,0.252,0.252,3,3,2,1,0,1,0,0,0,-1,0.252,0.340691445946467,False,False
F47_080_02,F47,80,2,0.25,0.25,2,2,5,1,1,1,1,0,0,-1,0.25,0.3430642074522168,False,False
F47_080_03,F47,80,3,0.249,0.249,3,3,9,1,0,1,0,0,0,-1,0.249,0.3404328804129448,False,False
F47_080_04,F47,80,4,0.248,0.248,3,3,8,1,0,1,0,0,0,-1,0.248,0.3423913619491254,False,False
F47_080_05,F47,80,5,0.247,0.247,3,3,7,1,0,1,0,0,0,-1,0.247,0.3419276810892339,False,False
F47_080_06,F47,80,6,0.246,0.246,3,3,6,1,0,1,0,0,0,-1,0.246,0.3389771779886814,False,False
F47_080_07,F47,80,7,0.246,0.246,3,3,6,1,0,1,0,0,0,-1,0.246,0.3356361483353466,False,False
F47_080_08,F47,80,8,0.241,0.241,3,3,1,1,0,1,0,0,0,-1,0.2409999999999999,0.3359612772640417,False,False
F47_080_09,F47,80,9,0.236,0.236,3,3,6,1,0,1,0,0,0,-1,0.2359999999999999,0.3366714566491151,False,False
F47_080_10,F47,80,10,0.235,0.235,3,3,5,1,1,1,0,0,0,-1,0.2349999999999999,0.3367314591102595,False,False
F47_080_11,F47,80,11,0.236,0.236,3,3,6,1,0,1,0,0,0,-1,0.2359999999999999,0.3443799143031339,False,False
F47_080_12,F47,80,12,0.241,0.241,3,3,1,1,0,1,0,0,0,-1,0.2409999999999999,0.3441378389381616,False,False
F47_080_13,F47,80,13,0.247,0.247,3,3,7,1,0,1,0,0,0,-1,0.247,0.3483930938873198,False,False
F47_080_14,F47,80,14,0.249,0.249,3,3,9,1,0,1,0,0,0,-1,0.249,0.3558851361868985,False,False
F47_080_15,F47,80,15,0.254,0.254,3,3,4,1,0,1,0,0,0,-1,0.254,0.3518268990822033,False,False
F47_080_16,F47,80,16,0.258,0.258,3,3,8,1,0,1,0,0,0,-1,0.258,0.3455071111425299,False,False
F47_080_17,F47,80,17,0.261,0.261,3,3,1,1,0,1,0,0,0,-1,0.261,0.3415427828951395,False,False
F47_080_18,F47,80,18,0.261,0.261,3,3,1,1,0,1,0,0,0,-1,0.261,0.3487561635665057,False,False
F47_080_19,F47,80,19,0.259,0.259,3,3,9,1,0,1,0,0,0,-1,0.259,0.34495629459206,False,False
F47_080_20,F47,80,20,0.257,0.257,3,3,7,1,0,1,0,0,0,-1,0.257,0.3618872834816153,False,False
F47_080_21,F47,80,21,0.255,0.255,3,3,5,1,1,1,0,0,0,-1,0.255,0.3602397680815725,False,False
F47_080_22,F47,80,22,0.253,0.253,3,3,3,1,0,1,0,0,0,-1,0.253,0.3596980970072348,False,False
F47_080_23,F47,80,23,0.252,0.252,3,3,2,1,0,1,0,0,0,-1,0.252,0.359000319147217,False,False
F47_081_00,F47,81,0,0.183,0.183,3,3,3,1,0,1,0,0,0,-1,0.183,0.2600735328932306,False,False
F47_081_01,F47,81,1,0.183,0.183,3,3,3,1,0,1,0,0,0,-1,0.183,0.2441105881428848,False,False
F47_081_02,F47,81,2,0.184,0.184,3,3,4,1,0,1,0,0,0,-1,0.184,0.2317193120624492,False,False
F47_081_03,F47,81,3,0.185,0.185,3,3,5,1,1,1,0,0,0,-1,0.185,0.234607430497953,False,False
F47_081_04,F47,81,4,0.186,0.186,3,3,6,1,0,1,0,0,0,-1,0.186,0.2269866787163551,False,False
F47_081_05,F47,81,5,0.187,0.187,3,3,7,1,0,1,0,0,0,-1,0.187,0.224054632762383,False,False
F47_081_06,F47,81,6,0.188,0.188,3,3,8,1,0,1,0,0,0,-1,0.188,0.2247782811559752,False,False
F47_081_07,F47,81,7,0.177,0.177,3,3,7,1,0,1,0,0,0,-1,0.1769999999999999,0.2162788182371272,False,False
F47_081_08,F47,81,8,0.173,0.173,3,3,3,1,0,1,0,0,0,-1,0.1729999999999999,0.2195271176100507,False,False
F47_081_09,F47,81,9,0.175,0.175,3,3,5,1,1,1,0,0,0,-1,0.1749999999999999,0.2193325784521077,False,False
F47_081_10,F47,81,10,0.173,0.173,3,3,3,1,0,1,0,0,0,-1,0.1729999999999999,0.212983022609703,False,False
F47_081_11,F47,81,11,0.174,0.174,3,3,4,1,0,1,0,0,0,-1,0.1739999999999999,0.2131434524321272,False,False
F47_081_12,F47,81,12,0.18,0.18,2,2,8,1,0,1,1,0,0,-1,0.1799999999999999,0.2188924037237843,False,False
F47_081_13,F47,81,13,0.182,0.182,3,3,2,1,0,1,0,0,0,-1,0.182,0.2207054969512234,False,False
F47_081_14,F47,81,14,0.185,0.185,3,3,5,1,1,1,0,0,0,-1,0.185,0.2206182910004738,False,False
F47_081_15,F47,81,15,0.192,0.192,3,3,2,1,0,1,0,0,0,-1,0.192,0.2232859087951371,False,False
F47_081_16,F47,81,16,0.195,0.195,3,3,5,1,1,1,0,0,0,-1,0.195,0.2224433550964834,False,False
F47_081_17,F47,81,17,0.195,0.195,3,3,5,1,1,1,0,0,0,-1,0.195,0.2221579439025731,False,False
F47_081_18,F47,81,18,0.195,0.195,3,3,5,1,1,1,0,0,0,-1,0.195,0.2205904505214114,False,False
F47_081_19,F47,81,19,0.194,0.194,3,3,4,1,0,1,0,0,0,-1,0.194,0.2184928699531993,False,False
F47_081_20,F47,81,20,0.193,0.193,3,3,3,1,0,1,0,0,0,-1,0.193,0.2176729081504824,False,False
F47_081_21,F47,81,21,0.193,0.193,3,3,3,1,0,1,0,0,0,-1,0.193,0.2201526775093644,False,False
F47_081_22,F47,81,22,0.193,0.193,3,3,3,1,0,1,0,0,0,-1,0.193,0.2242398088364894,False,False
F47_081_23,F47,81,23,0.192,0.192,3,3,2,1,0,1,0,0,0,-1,0.192,0.2259685015339796,False,False
F47_083_00,F47,83,0,0.268,0.268,3,3,8,1,0,1,0,0,0,-1,0.268,0.3340117951386991,False,False
F47_083_01,F47,83,1,0.267,0.267,3,3,7,1,0,1,0,0,0,-1,0.267,0.3328229877406376,False,False
F47_083_02,F47,83,2,0.266,0.266,3,3,6,1,0,1,0,0,0,-1,0.266,0.3335187686421783,False,False
F47_083_03,F47,83,3,0.265,0.265,3,3,5,1,1,1,0,0,0,-1,0.265,0.3307708924367102,False,False
F47_083_04,F47,83,4,0.264,0.264,3,3,4,1,0,1,0,0,0,-1,0.264,0.3265604429084751,False,False
F47_083_05,F47,83,5,0.263,0.263,3,3,3,1,0,1,0,0,0,-1,0.263,0.3285941583910875,False,False
F47_083_06,F47,83,6,0.263,0.263,3,3,3,1,0,1,0,0,0,-1,0.263,0.3247366349579761,False,False
F47_083_07,F47,83,7,0.264,0.264,3,3,4,1,0,1,0,0,0,-1,0.264,0.3211836528533595,False,False
F47_083_08,F47,83,8,0.261,0.261,3,3,1,1,0,1,0,0,0,-1,0.261,0.3310294927175381,False,False
F47_083_09,F47,83,9,0.258,0.258,3,3,8,1,0,1,0,0,0,-1,0.258,0.3388051350994123,False,False
F47_083_10,F47,83,10,0.259,0.259,3,3,9,1,0,1,0,0,0,-1,0.259,0.3313131708087983,False,False
F47_083_11,F47,83,11,0.264,0.264,3,3,4,1,0,1,0,0,0,-1,0.264,0.3326033200428417,False,False
F47_083_12,F47,83,12,0.271,0.271,3,3,1,1,0,1,0,0,0,-1,0.271,0.3319680498432446,False,False
F47_083_13,F47,83,13,0.276,0.276,3,3,6,1,0,1,0,0,0,-1,0.276,0.3419281431012049,False,False
F47_083_14,F47,83,14,0.279,0.279,3,3,9,1,0,1,0,0,0,-1,0.279,0.3463134986438121,False,False
F47_083_15,F47,83,15,0.284,0.284,3,3,4,1,0,1,0,0,0,-1,0.2839999999999999,0.3507191126417529,False,False
F47_083_16,F47,83,16,0.287,0.287,3,3,7,1,0,1,0,0,0,-1,0.2869999999999999,0.3455014322001098,False,False
F47_083_17,F47,83,17,0.289,0.289,3,3,9,1,0,1,0,0,0,-1,0.2889999999999999,0.3445795782652176,False,False
F47_083_18,F47,83,18,0.29,0.29,2,2,9,1,0,1,1,0,0,-1,0.2899999999999999,0.3461183340247669,False,False
F47_083_19,F47,83,19,0.29,0.29,2,2,9,1,0,1,1,0,0,-1,0.2899999999999999,0.3434320572312196,False,False
F47_083_20,F47,83,20,0.289,0.289,3,3,9,1,0,1,0,0,0,-1,0.2889999999999999,0.3414960001571878,False,False
F47_083_21,F47,83,21,0.287,0.287,3,3,7,1,0,1,0,0,0,-1,0.2869999999999999,0.3379756202577884,False,False
F47_083_22,F47,83,22,0.286,0.286,3,3,6,1,0,1,0,0,0,-1,0.2859999999999999,0.3305757889701839,False,False
F47_083_23,F47,83,23,0.284,0.284,3,3,4,1,0,1,0,0,0,-1,0.2839999999999999,0.329794783754713,False,False
F47_085_00,F47,85,0,0.193,0.193,3,3,3,1,0,1,0,0,0,-1,0.193,0.2098512588106835,False,False
F47_085_01,F47,85,1,0.193,0.193,3,3,3,1,0,1,0,0,0,-1,0.193,0.2087429775508708,False,False
F47_085_02,F47,85,2,0.193,0.193,3,3,3,1,0,1,0,0,0,-1,0.193,0.2109925869076793,False,False
F47_085_03,F47,85,3,0.193,0.193,3,3,3,1,0,1,0,0,0,-1,0.193,0.2051775305342667,False,False
F47_085_04,F47,85,4,0.194,0.194,3,3,4,1,0,1,0,0,0,-1,0.194,0.2055603105104041,False,False
F47_085_05,F47,85,5,0.194,0.194,3,3,4,1,0,1,0,0,0,-1,0.194,0.205114400784549,False,False
F47_085_06,F47,85,6,0.191,0.191,3,3,1,1,0,1,0,0,0,-1,0.191,0.2029036861800468,False,False
F47_085_07,F47,85,7,0.179,0.179,3,3,9,1,0,1,0,0,0,-1,0.1789999999999999,0.2002212550907433,False,False
F47_085_08,F47,85,8,0.182,0.182,3,3,2,1,0,1,0,0,0,-1,0.182,0.2009584155185205,False,False
F47_085_09,F47,85,9,0.182,0.182,3,3,2,1,0,1,0,0,0,-1,0.182,0.2003508786054112,False,False
F47_085_10,F47,85,10,0.181,0.181,3,3,1,1,0,1,0,0,0,-1,0.1809999999999999,0.2063111596784902,False,False
F47_085_11,F47,85,11,0.19,0.19,2,2,9,1,0,1,1,0,0,-1,0.19,0.2081286363024459,False,False
F47_085_12,F47,85,12,0.199,0.199,3,3,9,1,0,1,0,0,0,-1,0.199,0.2125877988604278,False,False
F47_085_13,F47,85,13,0.194,0.194,3,3,4,1,0,1,0,0,0,-1,0.194,0.2075345668033297,False,False
F47_085_14,F47,85,14,0.205,0.205,3,3,5,1,1,1,0,0,0,-1,0.2049999999999999,0.2074221538652221,False,False
F47_085_15,F47,85,15,0.209,0.209,3,3,9,1,0,1,0,0,0,-1,0.2089999999999999,0.2140685824771143,False,False
F47_085_16,F47,85,16,0.196,0.196,3,3,6,1,0,1,0,0,0,-1,0.196,0.2167961440243929,False,False
F47_085_17,F47,85,17,0.197,0.197,3,3,7,1,0,1,0,0,0,-1,0.197,0.211696321875356,False,False
F47_085_18,F47,85,18,0.197,0.197,3,3,7,1,0,1,0,0,0,-1,0.197,0.2117758271002547,False,False
F47_085_19,F47,85,19,0.197,0.197,3,3,7,1,0,1,0,0,0,-1,0.197,0.2124097569097223,False,False
F47_085_20,F47,85,20,0.197,0.197,3,3,7,1,0,1,0,0,0,-1,0.197,0.2100290472439001,False,False
F47_085_21,F47,85,21,0.196,0.196,3,3,6,1,0,1,0,0,0,-1,0.196,0.2194606355101808,False,False
F47_085_22,F47,85,22,0.197,0.197,3,3,7,1,0,1,0,0,0,-1,0.197,0.220375293400238,False,False
F47_085_23,F47,85,23,0.196,0.196,3,3,6,1,0,1,0,0,0,-1,0.196,0.2260532954804858,False,False
F47_086_00,F47,86,0,0.302,0.302,3,3,2,1,0,1,0,0,0,-1,0.3019999999999999,0.2747075237670683,False,False
F47_086_01,F47,86,1,0.301,0.301,3,3,1,1,0,1,0,0,0,-1,0.3009999999999999,0.2720776766097843,False,False
F47_086_02,F47,86,2,0.3,0.3,1,1,3,1,0,1,1,1,0,-1,0.2999999999999999,0.2711564610949117,False,False
F47_086_03,F47,86,3,0.3,0.3,1,1,3,1,0,1,1,1,0,-1,0.2999999999999999,0.2690195913853964,False,False
F47_086_04,F47,86,4,0.299,0.299,3,3,9,1,0,1,0,0,0,-1,0.2989999999999999,0.2745901122145459,False,False
F47_086_05,F47,86,5,0.298,0.298,3,3,8,1,0,1,0,0,0,-1,0.2979999999999999,0.2676978042854916,False,False
F47_086_06,F47,86,6,0.298,0.298,3,3,8,1,0,1,0,0,0,-1,0.2979999999999999,0.2650321102350004,False,False
F47_086_07,F47,86,7,0.298,0.298,3,3,8,1,0,1,0,0,0,-1,0.2979999999999999,0.2810065724071231,False,False
F47_086_08,F47,86,8,0.296,0.296,3,3,6,1,0,1,0,0,0,-1,0.2959999999999999,0.2770181736854816,False,False
F47_086_09,F47,86,9,0.294,0.294,3,3,4,1,0,1,0,0,0,-1,0.2939999999999999,0.2805929380059543,False,False
F47_086_10,F47,86,10,0.294,0.294,3,3,4,1,0,1,0,0,0,-1,0.2939999999999999,0.2849334651900554,False,False
F47_086_11,F47,86,11,0.3,0.3,1,1,3,1,0,1,1,1,0,-1,0.2999999999999999,0.2840799186562523,False,False
F47_086_12,F47,86,12,0.312,0.312,3,3,2,1,0,1,0,0,0,-1,0.312,0.2842531142722273,False,False
F47_086_13,F47,86,13,0.326,0.326,3,3,6,1,0,1,0,0,0,-1,0.326,0.2930564492121147,False,False
F47_086_14,F47,86,14,0.345,0.345,3,3,5,1,1,1,0,0,0,-1,0.3449999999999999,0.2996609337122397,False,False
F47_086_15,F47,86,15,0.356,0.356,3,3,6,1,0,1,0,0,0,-1,0.3559999999999999,0.3068627351522393,False,False
F47_086_16,F47,86,16,0.361,0.361,3,3,1,1,0,1,0,0,0,-1,0.3609999999999999,0.304366499849342,False,False
F47_086_17,F47,86,17,0.356,0.356,3,3,6,1,0,1,0,0,0,-1,0.3559999999999999,0.3034469921256088,False,False
F47_086_18,F47,86,18,0.352,0.352,3,3,2,1,0,1,0,0,0,-1,0.3519999999999999,0.3063251654990635,False,False
F47_086_19,F47,86,19,0.344,0.344,3,3,4,1,0,1,0,0,0,-1,0.3439999999999999,0.3030477020165541,False,False
F47_086_20,F47,86,20,0.333,0.333,3,3,3,1,0,1,0,0,0,-1,0.333,0.3003026741389562,False,False
F47_086_21,F47,86,21,0.325,0.325,3,3,5,1,1,1,0,0,0,-1,0.325,0.296364906965499,False,False
F47_086_22,F47,86,22,0.323,0.323,3,3,3,1,0,1,0,0,0,-1,0.323,0.2981549857646593,False,False
F47_086_23,F47,86,23,0.322,0.322,3,3,2,1,0,1,0,0,0,-1,0.322,0.2933169358723307,False,False
F47_087_00,F47,87,0,0.196,0.196,3,3,6,1,0,1,0,0,0,-1,0.196,0.2278488243875099,False,False
F47_087_01,F47,87,1,0.196,0.196,3,3,6,1,0,1,0,0,0,-1,0.196,0.2462739594232254,False,False
F47_087_02,F47,87,2,0.196,0.196,3,3,6,1,0,1,0,0,0,-1,0.196,0.2252108824132109,False,False
F47_087_03,F47,87,3,0.196,0.196,3,3,6,1,0,1,0,0,0,-1,0.196,0.2222160780425173,False,False
F47_087_04,F47,87,4,0.196,0.196,3,3,6,1,0,1,0,0,0,-1,0.196,0.2201411153006694,False,False
F47_087_05,F47,87,5,0.197,0.197,3,3,7,1,0,1,0,0,0,-1,0.197,0.2231510581152784,False,False
F47_087_06,F47,87,6,0.197,0.197,3,3,7,1,0,1,0,0,0,-1,0.197,0.217992999593023,False,False
F47_087_07,F47,87,7,0.183,0.183,3,3,3,1,0,1,0,0,0,-1,0.183,0.2158758844952554,False,False
F47_087_08,F47,87,8,0.182,0.182,3,3,2,1,0,1,0,0,0,-1,0.182,0.2175901845096875,False,False
F47_087_09,F47,87,9,0.185,0.185,3,3,5,1,1,1,0,0,0,-1,0.185,0.2133031451344907,False,False
F47_087_10,F47,87,10,0.181,0.181,3,3,1,1,0,1,0,0,0,-1,0.1809999999999999,0.21937643740257,False,False
F47_087_11,F47,87,11,0.189,0.189,3,3,9,1,0,1,0,0,0,-1,0.189,0.21890727437103,False,False
F47_087_12,F47,87,12,0.203,0.203,3,3,3,1,0,1,0,0,0,-1,0.203,0.2236186800502607,False,False
F47_087_13,F47,87,13,0.2,0.2,1,1,2,1,0,1,1,1,0,-1,0.2,0.2294709460488011,False,False
F47_087_14,F47,87,14,0.206,0.206,3,3,6,1,0,1,0,0,0,-1,0.2059999999999999,0.2552882982500548,False,False
F47_087_15,F47,87,15,0.213,0.213,3,3,3,1,0,1,0,0,0,-1,0.2129999999999999,0.2333326498328547,False,False
F47_087_16,F47,87,16,0.203,0.203,3,3,3,1,0,1,0,0,0,-1,0.203,0.2254671143972016,False,False
F47_087_17,F47,87,17,0.201,0.201,3,3,1,1,0,1,0,0,0,-1,0.201,0.2253492971097411,False,False
F47_087_18,F47,87,18,0.201,0.201,3,3,1,1,0,1,0,0,0,-1,0.201,0.2273191253365222,False,False
F47_087_19,F47,87,19,0.2,0.2,1,1,2,1,0,1,1,1,0,-1,0.2,0.229081890492345,False,False
F47_087_20,F47,87,20,0.2,0.2,1,1,2,1,0,1,1,1,0,-1,0.2,0.2251681657423461,False,False
F47_087_21,F47,87,21,0.2,0.2,1,1,2,1,0,1,1,1,0,-1,0.2,0.2228041866055793,False,False
F47_087_22,F47,87,22,0.2,0.2,1,1,2,1,0,1,1,1,0,-1,0.2,0.2224576711680481,False,False
F47_087_23,F47,87,23,0.2,0.2,1,1,2,1,0,1,1,1,0,-1,0.2,0.2208659382922672,False,False
F47_088_00,F47,88,0,0.2,0.2,1,1,2,1,0,1,1,1,0,-1,0.2,0.2334744857379943,False,False
F47_088_01,F47,88,1,0.199,0.199,3,3,9,1,0,1,0,0,0,-1,0.199,0.2223261331917206,False,True
F47_088_02,F47,88,2,0.199,0.199,3,3,9,1,0,1,0,0,0,-1,0.199,0.230176565184469,False,True
F47_088_03,F47,88,3,0.199,0.199,3,3,9,1,0,1,0,0,0,-1,0.199,0.2246916425314868,False,True
F47_088_04,F47,88,4,0.199,0.199,3,3,9,1,0,1,0,0,0,-1,0.199,0.2286521713779833,False,True
F47_088_05,F47,88,5,0.199,0.199,3,3,9,1,0,1,0,0,0,-1,0.199,0.2234067302126859,False,True
F47_088_06,F47,88,6,0.199,0.199,3,3,9,1,0,1,0,0,0,-1,0.199,0.2200764436939901,False,True
F47_088_07,F47,88,7,0.191,0.191,3,3,1,1,0,1,0,0,0,-1,0.191,0.2196198788878338,False,False
F47_088_08,F47,88,8,0.185,0.185,3,3,5,1,1,1,0,0,0,-1,0.185,0.2186977568430422,False,False
F47_088_09,F47,88,9,0.188,0.188,3,3,8,1,0,1,0,0,0,-1,0.188,0.2145337837369061,False,False
F47_088_10,F47,88,10,0.187,0.187,3,3,7,1,0,1,0,0,0,-1,0.187,0.2217026541327951,False,False
F47_088_11,F47,88,11,0.19,0.19,2,2,9,1,0,1,1,0,0,-1,0.19,0.2422572126649743,False,False
F47_088_12,F47,88,12,0.203,0.203,3,3,3,1,0,1,0,0,0,-1,0.203,0.269859718442237,False,False
F47_088_13,F47,88,13,0.205,0.205,3,3,5,1,1,1,0,0,0,-1,0.2049999999999999,0.2667292107346358,False,False
F47_088_14,F47,88,14,0.206,0.206,3,3,6,1,0,1,0,0,0,-1,0.2059999999999999,0.2838332438317195,False,False
F47_088_15,F47,88,15,0.214,0.214,3,3,4,1,0,1,0,0,0,-1,0.214,0.274830284991906,False,False
F47_088_16,F47,88,16,0.211,0.211,3,3,1,1,0,1,0,0,0,-1,0.2109999999999999,0.238005231211617,False,False
F47_088_17,F47,88,17,0.202,0.202,3,3,2,1,0,1,0,0,0,-1,0.202,0.2354229311682671,False,False
F47_088_18,F47,88,18,0.202,0.202,3,3,2,1,0,1,0,0,0,-1,0.202,0.2365401939074872,False,False
F47_088_19,F47,88,19,0.202,0.202,3,3,2,1,0,1,0,0,0,-1,0.202,0.2345303008125961,False,False
F47_088_20,F47,88,20,0.202,0.202,3,3,2,1,0,1,0,0,0,-1,0.202,0.2333035764666894,False,False
F47_088_21,F47,88,21,0.201,0.201,3,3,1,1,0,1,0,0,0,-1,0.201,0.2293282334181041,False,False
F47_088_22,F47,88,22,0.202,0.202,3,3,2,1,0,1,0,0,0,-1,0.202,0.2280499566738684,False,False
F47_088_23,F47,88,23,0.202,0.202,3,3,2,1,0,1,0,0,0,-1,0.202,0.2275379147615727,False,False
F47_089_00,F47,89,0,0.349,0.349,3,3,9,1,0,1,0,0,0,-1,0.3489999999999999,0.3787991134964566,False,False
F47_089_01,F47,89,1,0.343,0.343,3,3,3,1,0,1,0,0,0,-1,0.343,0.3774635538267605,False,False
F47_089_02,F47,89,2,0.34,0.34,2,2,4,1,0,1,1,0,0,-1,0.34,0.3899482188944709,False,False
F47_089_03,F47,89,3,0.339,0.339,3,3,9,1,0,1,0,0,0,-1,0.339,0.373791957227534,False,False
F47_089_04,F47,89,4,0.339,0.339,3,3,9,1,0,1,0,0,0,-1,0.339,0.3756774156644504,False,False
F47_089_05,F47,89,5,0.338,0.338,3,3,8,1,0,1,0,0,0,-1,0.338,0.3787270574444127,False,False
F47_089_06,F47,89,6,0.337,0.337,3,3,7,1,0,1,0,0,0,-1,0.337,0.3687790511747569,False,False
F47_089_07,F47,89,7,0.337,0.337,3,3,7,1,0,1,0,0,0,-1,0.337,0.3702768065500561,False,False
F47_089_08,F47,89,8,0.338,0.338,3,3,8,1,0,1,0,0,0,-1,0.338,0.3805892811384847,False,False
F47_089_09,F47,89,9,0.338,0.338,3,3,8,1,0,1,0,0,0,-1,0.338,0.3886913488847036,False,False
F47_089_10,F47,89,10,0.346,0.346,3,3,6,1,0,1,0,0,0,-1,0.3459999999999999,0.3744870848562743,False,False
F47_089_11,F47,89,11,0.362,0.362,3,3,2,1,0,1,0,0,0,-1,0.3619999999999999,0.3687067931049419,False,False
F47_089_12,F47,89,12,0.375,0.375,3,3,5,1,1,1,0,0,0,-1,0.375,0.3788653868526002,False,False
F47_089_13,F47,89,13,0.387,0.387,3,3,7,1,0,1,0,0,0,-1,0.387,0.3974009571443275,False,False
F47_089_14,F47,89,14,0.399,0.399,3,3,9,1,0,1,0,0,0,-1,0.399,0.3796992305007369,False,False
F47_089_15,F47,89,15,0.409,0.409,3,3,9,1,0,1,0,0,0,-1,0.4089999999999999,0.3909127515079172,False,False
F47_089_16,F47,89,16,0.413,0.413,3,3,3,1,0,1,0,0,0,-1,0.4129999999999999,0.3865169046300963,False,False
F47_089_17,F47,89,17,0.409,0.409,3,3,9,1,0,1,0,0,0,-1,0.4089999999999999,0.3840695134244994,False,False
F47_089_18,F47,89,18,0.407,0.407,3,3,7,1,0,1,0,0,0,-1,0.4069999999999999,0.3847973881138194,False,False
F47_089_19,F47,89,19,0.401,0.401,3,3,1,1,0,1,0,0,0,-1,0.401,0.3815548846687618,False,False
F47_089_20,F47,89,20,0.394,0.394,3,3,4,1,0,1,0,0,0,-1,0.394,0.3773117326851492,False,False
F47_089_21,F47,89,21,0.386,0.386,3,3,6,1,0,1,0,0,0,-1,0.386,0.3751863169390768,False,False
F47_089_22,F47,89,22,0.379,0.379,3,3,9,1,0,1,0,0,0,-1,0.379,0.3747056001048467,False,False
F47_089_23,F47,89,23,0.372,0.372,3,3,2,1,0,1,0,0,0,-1,0.372,0.3723221868261146,False,False
F47_090_00,F47,90,0,0.212,0.212,3,3,2,1,0,1,0,0,0,-1,0.2119999999999999,0.2132841175052557,False,True
F47_090_01,F47,90,1,0.212,0.212,3,3,2,1,0,1,0,0,0,-1,0.2119999999999999,0.2044250346069354,False,True
F47_090_02,F47,90,2,0.212,0.212,3,3,2,1,0,1,0,0,0,-1,0.2119999999999999,0.205355290835888,False,True
F47_090_03,F47,90,3,0.212,0.212,3,3,2,1,0,1,0,0,0,-1,0.2119999999999999,0.2048017320159254,False,True
F47_090_04,F47,90,4,0.212,0.212,3,3,2,1,0,1,0,0,0,-1,0.2119999999999999,0.2058937146701086,False,True
F47_090_05,F47,90,5,0.212,0.212,3,3,2,1,0,1,0,0,0,-1,0.2119999999999999,0.2031062595352835,False,True
F47_090_06,F47,90,6,0.199,0.199,3,3,9,1,0,1,0,0,0,-1,0.199,0.2099280667212253,False,False
F47_090_07,F47,90,7,0.196,0.196,3,3,6,1,0,1,0,0,0,-1,0.196,0.2444070121181618,False,False
F47_090_08,F47,90,8,0.197,0.197,3,3,7,1,0,1,0,0,0,-1,0.197,0.2531624848819112,False,False
F47_090_09,F47,90,9,0.193,0.193,3,3,3,1,0,1,0,0,0,-1,0.193,0.2410932084824369,False,False
F47_090_10,F47,90,10,0.194,0.194,3,3,4,1,0,1,0,0,0,-1,0.194,0.2353608949420434,False,False
F47_090_11,F47,90,11,0.198,0.198,3,3,8,1,0,1,0,0,0,-1,0.198,0.2226566420524041,False,False
F47_090_12,F47,90,12,0.195,0.195,3,3,5,1,1,1,0,0,0,-1,0.195,0.2171200643035849,False,False
F47_090_13,F47,90,13,0.197,0.197,3,3,7,1,0,1,0,0,0,-1,0.197,0.225417721160453,False,False
F47_090_14,F47,90,14,0.199,0.199,3,3,9,1,0,1,0,0,0,-1,0.199,0.2298486106311422,False,False
F47_090_15,F47,90,15,0.195,0.195,3,3,5,1,1,1,0,0,0,-1,0.195,0.2295091606043158,False,False
F47_090_16,F47,90,16,0.196,0.196,3,3,6,1,0,1,0,0,0,-1,0.196,0.2272735561445101,False,False
F47_090_17,F47,90,17,0.198,0.198,3,3,8,1,0,1,0,0,0,-1,0.198,0.2223691552298459,False,False
F47_090_18,F47,90,18,0.198,0.198,3,3,8,1,0,1,0,0,0,-1,0.198,0.2211280879219536,False,False
F47_090_19,F47,90,19,0.198,0.198,3,3,8,1,0,1,0,0,0,-1,0.198,0.2206997010509557,False,False
F47_090_20,F47,90,20,0.199,0.199,3,3,9,1,0,1,0,0,0,-1,0.199,0.2191785899691851,False,False
F47_090_21,F47,90,21,0.2,0.2,1,1,2,1,0,1,1,1,0,-1,0.2,0.2207802113521111,False,False
F47_090_22,F47,90,22,0.2,0.2,1,1,2,1,0,1,1,1,0,-1,0.2,0.2174427325557408,False,False
F47_090_23,F47,90,23,0.2,0.2,1,1,2,1,0,1,1,1,0,-1,0.2,0.2166276777965883,False,False
F47_091_00,F47,91,0,0.364,0.364,3,3,4,1,0,1,0,0,0,-1,0.3639999999999999,0.3083831788600699,False,False
F47_091_01,F47,91,1,0.358,0.358,3,3,8,1,0,1,0,0,0,-1,0.3579999999999999,0.3062439257026914,False,False
F47_091_02,F47,91,2,0.352,0.352,3,3,2,1,0,1,0,0,0,-1,0.3519999999999999,0.3072550700525793,False,False
F47_091_03,F47,91,3,0.347,0.347,3,3,7,1,0,1,0,0,0,-1,0.3469999999999999,0.3040839487928139,False,False
F47_091_04,F47,91,4,0.344,0.344,3,3,4,1,0,1,0,0,0,-1,0.3439999999999999,0.3037098876248132,False,False
F47_091_05,F47,91,5,0.343,0.343,3,3,3,1,0,1,0,0,0,-1,0.343,0.3028435176818044,False,False
F47_091_06,F47,91,6,0.343,0.343,3,3,3,1,0,1,0,0,0,-1,0.343,0.2948092162274568,False,False
F47_091_07,F47,91,7,0.343,0.343,3,3,3,1,0,1,0,0,0,-1,0.343,0.3060577795856857,False,False
F47_091_08,F47,91,8,0.349,0.349,3,3,9,1,0,1,0,0,0,-1,0.3489999999999999,0.3205052443488853,False,False
F47_091_09,F47,91,9,0.352,0.352,3,3,2,1,0,1,0,0,0,-1,0.3519999999999999,0.3325141275717766,False,False
F47_091_10,F47,91,10,0.355,0.355,3,3,5,1,1,1,0,0,0,-1,0.3549999999999999,0.3261813724798537,False,False
F47_091_11,F47,91,11,0.364,0.364,3,3,4,1,0,1,0,0,0,-1,0.3639999999999999,0.3311736306080251,False,False
F47_091_12,F47,91,12,0.372,0.372,3,3,2,1,0,1,0,0,0,-1,0.372,0.3340002586538163,False,False
F47_091_13,F47,91,13,0.377,0.377,3,3,7,1,0,1,0,0,0,-1,0.377,0.3397990249418322,False,False
F47_091_14,F47,91,14,0.385,0.385,3,3,5,1,1,1,0,0,0,-1,0.385,0.347032381994407,False,False
F47_091_15,F47,91,15,0.391,0.391,3,3,1,1,0,1,0,0,0,-1,0.391,0.3559069549811214,False,False
F47_091_16,F47,91,16,0.392,0.392,3,3,2,1,0,1,0,0,0,-1,0.392,0.3456701273067161,False,False
F47_091_17,F47,91,17,0.389,0.389,3,3,9,1,0,1,0,0,0,-1,0.389,0.3467816157513327,False,False
F47_091_18,F47,91,18,0.391,0.391,3,3,1,1,0,1,0,0,0,-1,0.391,0.3470489808575311,False,False
F47_091_19,F47,91,19,0.389,0.389,3,3,9,1,0,1,0,0,0,-1,0.389,0.3481127230507843,False,False
F47_091_20,F47,91,20,0.386,0.386,3,3,6,1,0,1,0,0,0,-1,0.386,0.3455920724801818,False,False
F47_091_21,F47,91,21,0.383,0.383,3,3,3,1,0,1,0,0,0,-1,0.383,0.3402234021193276,False,False
F47_091_22,F47,91,22,0.38,0.38,2,2,8,1,0,1,1,0,0,-1,0.38,0.3411249971455118,False,False
F47_091_23,F47,91,23,0.378,0.378,3,3,8,1,0,1,0,0,0,-1,0.378,0.3335702267489633,False,False
F47_092_00,F47,92,0,0.201,0.201,3,3,1,1,0,1,0,0,0,-1,0.201,0.2239174794798728,False,False
F47_092_01,F47,92,1,0.203,0.203,3,3,3,1,0,1,0,0,0,-1,0.203,0.2284649402826464,False,False
F47_092_02,F47,92,2,0.204,0.204,3,3,4,1,0,1,0,0,0,-1,0.2039999999999999,0.2228771930374021,False,False
F47_092_03,F47,92,3,0.205,0.205,3,3,5,1,1,1,0,0,0,-1,0.2049999999999999,0.2220519476211956,False,False
F47_092_04,F47,92,4,0.205,0.205,3,3,5,1,1,1,0,0,0,-1,0.2049999999999999,0.2326660548035334,False,False
F47_092_05,F47,92,5,0.205,0.205,3,3,5,1,1,1,0,0,0,-1,0.2049999999999999,0.2380602135177663,False,False
F47_092_06,F47,92,6,0.195,0.195,3,3,5,1,1,1,0,0,0,-1,0.195,0.2224828785391402,False,False
F47_092_07,F47,92,7,0.192,0.192,3,3,2,1,0,1,0,0,0,-1,0.192,0.2192085750768396,False,False
F47_092_08,F47,92,8,0.193,0.193,3,3,3,1,0,1,0,0,0,-1,0.193,0.2162885088518693,False,False
F47_092_09,F47,92,9,0.192,0.192,3,3,2,1,0,1,0,0,0,-1,0.192,0.2198637856968739,False,False
F47_092_10,F47,92,10,0.195,0.195,3,3,5,1,1,1,0,0,0,-1,0.195,0.2287241285396491,False,False
F47_092_11,F47,92,11,0.202,0.202,3,3,2,1,0,1,0,0,0,-1,0.202,0.2270959549298896,False,False
F47_092_12,F47,92,12,0.203,0.203,3,3,3,1,0,1,0,0,0,-1,0.203,0.2240851581809128,False,False
F47_092_13,F47,92,13,0.211,0.211,3,3,1,1,0,1,0,0,0,-1,0.2109999999999999,0.2344424179727493,False,False
F47_092_14,F47,92,14,0.222,0.222,3,3,2,1,0,1,0,0,0,-1,0.222,0.2363615727698139,False,False
F47_092_15,F47,92,15,0.216,0.216,3,3,6,1,0,1,0,0,0,-1,0.216,0.2302710507826719,False,False
F47_092_16,F47,92,16,0.215,0.215,3,3,5,1,1,1,0,0,0,-1,0.215,0.2339682933403152,False,False
F47_092_17,F47,92,17,0.216,0.216,3,3,6,1,0,1,0,0,0,-1,0.216,0.2322313341491242,False,False
F47_092_18,F47,92,18,0.216,0.216,3,3,6,1,0,1,0,0,0,-1,0.216,0.2321368197577028,False,False
F47_092_19,F47,92,19,0.216,0.216,3,3,6,1,0,1,0,0,0,-1,0.216,0.2315557489932241,False,False
F47_092_20,F47,92,20,0.216,0.216,3,3,6,1,0,1,0,0,0,-1,0.216,0.2294903268469502,False,False
F47_092_21,F47,92,21,0.215,0.215,3,3,5,1,1,1,0,0,0,-1,0.215,0.2309358444297519,False,False
F47_092_22,F47,92,22,0.215,0.215,3,3,5,1,1,1,0,0,0,-1,0.215,0.2314871481882227,False,False
F47_092_23,F47,92,23,0.214,0.214,3,3,4,1,0,1,0,0,0,-1,0.214,0.2296094802879898,False,False
F47_093_00,F47,93,0,0.432,0.432,3,3,2,1,0,1,0,0,0,-1,0.432,0.3553369389836169,False,False
F47_093_01,F47,93,1,0.425,0.425,3,3,5,1,1,1,0,0,0,-1,0.4249999999999999,0.3626684516239809,False,False
F47_093_02,F47,93,2,0.42,0.42,2,2,2,1,0,1,1,0,0,-1,0.4199999999999999,0.3650708424094306,False,False
F47_093_03,F47,93,3,0.416,0.416,3,3,6,1,0,1,0,0,0,-1,0.4159999999999999,0.3665515296377774,False,False
F47_093_04,F47,93,4,0.411,0.411,3,3,1,1,0,1,0,0,0,-1,0.4109999999999999,0.3633608525126514,False,False
F47_093_05,F47,93,5,0.407,0.407,3,3,7,1,0,1,0,0,0,-1,0.4069999999999999,0.3696607528460353,False,False
F47_093_06,F47,93,6,0.402,0.402,3,3,2,1,0,1,0,0,0,-1,0.402,0.3620117247103755,False,False
F47_093_07,F47,93,7,0.4,0.4,1,1,4,1,0,1,1,1,0,-1,0.4,0.3765931080388307,False,False
F47_093_08,F47,93,8,0.418,0.418,3,3,8,1,0,1,0,0,0,-1,0.4179999999999999,0.385176944473011,False,False
F47_093_09,F47,93,9,0.427,0.427,3,3,7,1,0,1,0,0,0,-1,0.4269999999999999,0.3880267685154125,False,False
F47_093_10,F47,93,10,0.439,0.439,3,3,9,1,0,1,0,0,0,-1,0.439,0.3855713480867192,False,False
F47_093_11,F47,93,11,0.451,0.451,3,3,1,1,0,1,0,0,0,-1,0.451,0.4007109854039183,False,False
F47_093_12,F47,93,12,0.455,0.455,3,3,5,1,1,1,0,0,0,-1,0.455,0.4026379367031029,False,False
F47_093_13,F47,93,13,0.46,0.46,2,2,6,1,0,1,1,0,0,-1,0.46,0.4068262451152187,False,False
F47_093_14,F47,93,14,0.471,0.471,3,3,1,1,0,1,0,0,0,-1,0.4709999999999999,0.4203336068780794,False,False
F47_093_15,F47,93,15,0.485,0.485,3,3,5,1,1,1,0,0,0,-1,0.4849999999999999,0.4224509178981241,False,False
F47_093_16,F47,93,16,0.49,0.49,2,2,9,1,0,1,1,0,0,-1,0.4899999999999999,0.415591808385438,False,False
F47_093_17,F47,93,17,0.486,0.486,3,3,6,1,0,1,0,0,0,-1,0.4859999999999999,0.4093658453160897,False,False
F47_093_18,F47,93,18,0.486,0.486,3,3,6,1,0,1,0,0,0,-1,0.4859999999999999,0.4098995332853852,False,False
F47_093_19,F47,93,19,0.482,0.482,3,3,2,1,0,1,0,0,0,-1,0.4819999999999999,0.4043639803659192,False,False
F47_093_20,F47,93,20,0.476,0.476,3,3,6,1,0,1,0,0,0,-1,0.4759999999999999,0.4061708279423121,False,False
F47_093_21,F47,93,21,0.47,0.47,2,2,7,1,0,1,1,0,0,-1,0.4699999999999999,0.4054147711708858,False,False
F47_093_22,F47,93,22,0.465,0.465,3,3,5,1,1,1,0,0,0,-1,0.465,0.4034034261615983,False,False
F47_093_23,F47,93,23,0.451,0.451,3,3,1,1,0,1,0,0,0,-1,0.451,0.3970244184497948,False,False
F47_095_00,F47,95,0,0.579,0.579,3,3,9,1,0,1,0,0,0,-1,0.5789999999999998,0.582336994644235,False,False
F47_095_01,F47,95,1,0.582,0.582,3,3,2,1,0,1,0,0,0,-1,0.5819999999999999,0.5823781775423165,False,False
F47_095_02,F47,95,2,0.579,0.579,3,3,9,1,0,1,0,0,0,-1,0.5789999999999998,0.575097831667517,False,False
F47_095_03,F47,95,3,0.579,0.579,3,3,9,1,0,1,0,0,0,-1,0.5789999999999998,0.5691984741693146,False,False
F47_095_04,F47,95,4,0.578,0.578,3,3,8,1,0,1,0,0,0,-1,0.5779999999999998,0.5708186911807082,False,False
F47_095_05,F47,95,5,0.578,0.578,3,3,8,1,0,1,0,0,0,-1,0.5779999999999998,0.5755418140372951,False,False
F47_095_06,F47,95,6,0.577,0.577,3,3,7,1,0,1,0,0,0,-1,0.5769999999999998,0.5735799436376827,False,False
F47_095_07,F47,95,7,0.578,0.578,3,3,8,1,0,1,0,0,0,-1,0.5779999999999998,0.5734893972269696,False,False
F47_095_08,F47,95,8,0.583,0.583,3,3,3,1,0,1,0,0,0,-1,0.5829999999999999,0.5631691122337309,False,False
F47_095_09,F47,95,9,0.596,0.596,3,3,6,1,0,1,0,0,0,-1,0.5959999999999999,0.579432516468911,False,False
F47_095_10,F47,95,10,0.591,0.591,3,3,1,1,0,1,0,0,0,-1,0.5909999999999999,0.5871707786581974,False,False
F47_095_11,F47,95,11,0.602,0.602,3,3,2,1,0,1,0,0,0,-1,0.6019999999999999,0.5960086111655069,False,False
F47_095_12,F47,95,12,0.607,0.607,3,3,7,1,0,1,0,0,0,-1,0.6069999999999999,0.5887219204571729,False,False
F47_095_13,F47,95,13,0.626,0.626,3,3,6,1,0,1,0,0,0,-1,0.626,0.5927309905148812,False,False
F47_095_14,F47,95,14,0.63,0.63,2,2,3,1,0,1,1,0,0,-1,0.63,0.5981678134353924,False,False
F47_095_15,F47,95,15,0.646,0.646,3,3,6,1,0,1,0,0,0,-1,0.646,0.605552199648481,False,False
F47_095_16,F47,95,16,0.653,0.653,3,3,3,1,0,1,0,0,0,-1,0.653,0.6123812979499313,False,False
F47_095_17,F47,95,17,0.654,0.654,3,3,4,1,0,1,0,0,0,-1,0.654,0.6209858151999145,False,False
F47_095_18,F47,95,18,0.65,0.65,2,2,5,1,1,1,1,0,0,-1,0.65,0.6239994977393595,False,False
F47_095_19,F47,95,19,0.64,0.64,2,2,4,1,0,1,1,0,0,-1,0.64,0.6158657165936007,False,False
F47_095_20,F47,95,20,0.632,0.632,3,3,2,1,0,1,0,0,0,-1,0.632,0.6168796326016778,False,False
F47_095_21,F47,95,21,0.626,0.626,3,3,6,1,0,1,0,0,0,-1,0.626,0.61228349914621,False,False
F47_095_22,F47,95,22,0.62,0.62,2,2,2,1,0,1,1,0,0,-1,0.62,0.6083179413817216,False,False
F47_095_23,F47,95,23,0.614,0.614,3,3,4,1,0,1,0,0,0,-1,0.6139999999999999,0.6025389661030311,False,False
F47_096_00,F47,96,0,0.214,0.214,3,3,4,1,0,1,0,0,0,-1,0.214,0.2419166854509392,False,False
F47_096_01,F47,96,1,0.214,0.214,3,3,4,1,0,1,0,0,0,-1,0.214,0.2572093235960772,False,False
F47_096_02,F47,96,2,0.213,0.213,3,3,3,1,0,1,0,0,0,-1,0.2129999999999999,0.2618024197809825,False,False
F47_096_03,F47,96,3,0.213,0.213,3,3,3,1,0,1,0,0,0,-1,0.2129999999999999,0.2588251915979736,False,False
F47_096_04,F47,96,4,0.213,0.213,3,3,3,1,0,1,0,0,0,-1,0.2129999999999999,0.260387830349183,False,False
F47_096_05,F47,96,5,0.213,0.213,3,3,3,1,0,1,0,0,0,-1,0.2129999999999999,0.2583394590657105,False,False
F47_096_06,F47,96,6,0.209,0.209,3,3,9,1,0,1,0,0,0,-1,0.2089999999999999,0.2549014062366201,False,False
F47_096_07,F47,96,7,0.195,0.195,3,3,5,1,1,1,0,0,0,-1,0.195,0.2533978729979596,False,False
F47_096_08,F47,96,8,0.196,0.196,3,3,6,1,0,1,0,0,0,-1,0.196,0.2551790302643792,False,False
F47_096_09,F47,96,9,0.196,0.196,3,3,6,1,0,1,0,0,0,-1,0.196,0.2506445908571006,False,False
F47_096_10,F47,96,10,0.193,0.193,3,3,3,1,0,1,0,0,0,-1,0.193,0.2645486202556503,False,False
F47_096_11,F47,96,11,0.2,0.2,1,1,2,1,0,1,1,1,0,-1,0.2,0.2722782438189117,False,False
F47_096_12,F47,96,12,0.204,0.204,3,3,4,1,0,1,0,0,0,-1,0.2039999999999999,0.2745881758592536,False,False
F47_096_13,F47,96,13,0.203,0.203,3,3,3,1,0,1,0,0,0,-1,0.203,0.2778331364771774,False,False
F47_096_14,F47,96,14,0.212,0.212,3,3,2,1,0,1,0,0,0,-1,0.2119999999999999,0.2837128007093323,False,False
F47_096_15,F47,96,15,0.216,0.216,3,3,6,1,0,1,0,0,0,-1,0.216,0.2859681077827085,False,False
F47_096_16,F47,96,16,0.209,0.209,3,3,9,1,0,1,0,0,0,-1,0.2089999999999999,0.2705951914049755,False,False
F47_096_17,F47,96,17,0.213,0.213,3,3,3,1,0,1,0,0,0,-1,0.2129999999999999,0.2708225902618768,False,True
F47_096_18,F47,96,18,0.213,0.213,3,3,3,1,0,1,0,0,0,-1,0.2129999999999999,0.2688734671719479,False,True
F47_096_19,F47,96,19,0.213,0.213,3,3,3,1,0,1,0,0,0,-1,0.2129999999999999,0.2658278250494399,False,True
F47_096_20,F47,96,20,0.213,0.213,3,3,3,1,0,1,0,0,0,-1,0.2129999999999999,0.261667405901815,False,True
F47_096_21,F47,96,21,0.213,0.213,3,3,3,1,0,1,0,0,0,-1,0.2129999999999999,0.2629167869182449,False,True
F47_096_22,F47,96,22,0.213,0.213,3,3,3,1,0,1,0,0,0,-1,0.2129999999999999,0.2648205945578621,False,True
F47_096_23,F47,96,23,0.213,0.213,3,3,3,1,0,1,0,0,0,-1,0.2129999999999999,0.2643870542579261,False,True
F47_097_00,F47,97,0,0.607,0.607,3,3,7,1,0,1,0,0,0,-1,0.6069999999999999,0.654630720634313,False,False
F47_097_01,F47,97,1,0.599,0.599,3,3,9,1,0,1,0,0,0,-1,0.5989999999999999,0.6387539304798767,False,False
F47_097_02,F47,97,2,0.589,0.589,3,3,9,1,0,1,0,0,0,-1,0.5889999999999999,0.6329000138198086,False,False
F47_097_03,F47,97,3,0.584,0.584,3,3,4,1,0,1,0,0,0,-1,0.5839999999999999,0.629644083980557,False,False
F47_097_04,F47,97,4,0.582,0.582,3,3,2,1,0,1,0,0,0,-1,0.5819999999999999,0.6304519192106068,False,False
F47_097_05,F47,97,5,0.58,0.58,2,2,8,1,0,1,1,0,0,-1,0.5799999999999998,0.6331580500544937,False,False
F47_097_06,F47,97,6,0.577,0.577,3,3,7,1,0,1,0,0,0,-1,0.5769999999999998,0.6358490497395851,False,False
F47_097_07,F47,97,7,0.575,0.575,3,3,5,1,1,1,0,0,0,-1,0.5749999999999998,0.6299713248267677,False,False
F47_097_08,F47,97,8,0.575,0.575,3,3,5,1,1,1,0,0,0,-1,0.5749999999999998,0.5934742898769563,False,False
F47_097_09,F47,97,9,0.589,0.589,3,3,9,1,0,1,0,0,0,-1,0.5889999999999999,0.6161465689192278,False,False
F47_097_10,F47,97,10,0.591,0.591,3,3,1,1,0,1,0,0,0,-1,0.5909999999999999,0.6289298357298289,False,False
F47_097_11,F47,97,11,0.602,0.602,3,3,2,1,0,1,0,0,0,-1,0.6019999999999999,0.6344595213904988,False,False
F47_097_12,F47,97,12,0.614,0.614,3,3,4,1,0,1,0,0,0,-1,0.6139999999999999,0.6289139477279126,False,False
F47_097_13,F47,97,13,0.634,0.634,3,3,4,1,0,1,0,0,0,-1,0.634,0.6353844938917734,False,False
F47_097_14,F47,97,14,0.644,0.644,3,3,4,1,0,1,0,0,0,-1,0.644,0.6353276643222727,False,False
F47_097_15,F47,97,15,0.658,0.658,3,3,8,1,0,1,0,0,0,-1,0.658,0.6565526919675903,False,False
F47_097_16,F47,97,16,0.663,0.663,3,3,3,1,0,1,0,0,0,-1,0.663,0.6678754100171345,False,False
F47_097_17,F47,97,17,0.666,0.666,3,3,6,1,0,1,0,0,0,-1,0.666,0.6713499263492743,False,False
F47_097_18,F47,97,18,0.665,0.665,3,3,5,1,1,1,0,0,0,-1,0.665,0.676747223404831,False,False
F47_097_19,F47,97,19,0.662,0.662,3,3,2,1,0,1,0,0,0,-1,0.662,0.6726419896958081,False,False
F47_097_20,F47,97,20,0.657,0.657,3,3,7,1,0,1,0,0,0,-1,0.657,0.6642999419980611,False,False
F47_097_21,F47,97,21,0.65,0.65,2,2,5,1,1,1,1,0,0,-1,0.65,0.6565970049574202,False,False
F47_097_22,F47,97,22,0.645,0.645,3,3,5,1,1,1,0,0,0,-1,0.645,0.6512441922857306,False,False
F47_097_23,F47,97,23,0.641,0.641,3,3,1,1,0,1,0,0,0,-1,0.641,0.6498596724300643,False,False
F47_098_00,F47,98,0,0.213,0.213,3,3,3,1,0,1,0,0,0,-1,0.2129999999999999,0.263406819944318,False,False
F47_098_01,F47,98,1,0.215,0.215,3,3,5,1,1,1,0,0,0,-1,0.215,0.2563395518378109,False,False
F47_098_02,F47,98,2,0.216,0.216,3,3,6,1,0,1,0,0,0,-1,0.216,0.2605133790303859,False,False
F47_098_03,F47,98,3,0.216,0.216,3,3,6,1,0,1,0,0,0,-1,0.216,0.2552467911567177,False,False
F47_098_04,F47,98,4,0.216,0.216,3,3,6,1,0,1,0,0,0,-1,0.216,0.2547866930351864,False,False
F47_098_05,F47,98,5,0.217,0.217,3,3,7,1,0,1,0,0,0,-1,0.217,0.2545053958723998,False,False
F47_098_06,F47,98,6,0.217,0.217,3,3,7,1,0,1,0,0,0,-1,0.217,0.2551694725472153,False,False
F47_098_07,F47,98,7,0.2,0.2,1,1,2,1,0,1,1,1,0,-1,0.2,0.2545248675650878,False,False
F47_098_08,F47,98,8,0.202,0.202,3,3,2,1,0,1,0,0,0,-1,0.202,0.2454191760908186,False,False
F47_098_09,F47,98,9,0.205,0.205,3,3,5,1,1,1,0,0,0,-1,0.2049999999999999,0.2482610770836745,False,False
F47_098_10,F47,98,10,0.202,0.202,3,3,2,1,0,1,0,0,0,-1,0.202,0.2630111196000134,False,False
F47_098_11,F47,98,11,0.212,0.212,3,3,2,1,0,1,0,0,0,-1,0.2119999999999999,0.2961873428532785,False,False
F47_098_12,F47,98,12,0.224,0.224,3,3,4,1,0,1,0,0,0,-1,0.224,0.2760403030783927,False,False
F47_098_13,F47,98,13,0.217,0.217,3,3,7,1,0,1,0,0,0,-1,0.217,0.2707329825765697,False,False
F47_098_14,F47,98,14,0.23,0.23,2,2,3,1,0,1,1,0,0,-1,0.23,0.2791118599519081,False,False
F47_098_15,F47,98,15,0.237,0.237,3,3,7,1,0,1,0,0,0,-1,0.2369999999999999,0.2848517585760714,False,False
F47_098_16,F47,98,16,0.222,0.222,3,3,2,1,0,1,0,0,0,-1,0.222,0.2999698888984431,False,False
F47_098_17,F47,98,17,0.225,0.225,3,3,5,1,1,1,0,0,0,-1,0.225,0.2597568699728627,False,False
F47_098_18,F47,98,18,0.225,0.225,3,3,5,1,1,1,0,0,0,-1,0.225,0.2715802447522898,False,False
F47_098_19,F47,98,19,0.225,0.225,3,3,5,1,1,1,0,0,0,-1,0.225,0.2702294515592919,False,False
F47_098_20,F47,98,20,0.225,0.225,3,3,5,1,1,1,0,0,0,-1,0.225,0.265576625662883,False,False
F47_098_21,F47,98,21,0.224,0.224,3,3,4,1,0,1,0,0,0,-1,0.224,0.2765646336498796,False,False
F47_098_22,F47,98,22,0.223,0.223,3,3,3,1,0,1,0,0,0,-1,0.223,0.2739214255146225,False,False
F47_098_23,F47,98,23,0.224,0.224,3,3,4,1,0,1,0,0,0,-1,0.224,0.2657483405846596,False,False
F47_099_00,F47,99,0,0.636,0.636,3,3,6,1,0,1,0,0,0,-1,0.636,0.5635887821204596,False,False
F47_099_01,F47,99,1,0.631,0.631,3,3,1,1,0,1,0,0,0,-1,0.631,0.5585637406015018,False,False
F47_099_02,F47,99,2,0.62,0.62,2,2,2,1,0,1,1,0,0,-1,0.62,0.5568183999234144,False,False
F47_099_03,F47,99,3,0.607,0.607,3,3,7,1,0,1,0,0,0,-1,0.6069999999999999,0.5563041068702159,False,False
F47_099_04,F47,99,4,0.603,0.603,3,3,3,1,0,1,0,0,0,-1,0.6029999999999999,0.5556706752770036,False,False
F47_099_05,F47,99,5,0.599,0.599,3,3,9,1,0,1,0,0,0,-1,0.5989999999999999,0.5551664767662138,False,False
F47_099_06,F47,99,6,0.598,0.598,3,3,8,1,0,1,0,0,0,-1,0.5979999999999999,0.5552902787754991,False,False
F47_099_07,F47,99,7,0.595,0.595,3,3,5,1,1,1,0,0,0,-1,0.5949999999999999,0.5600995950514998,False,False
F47_099_08,F47,99,8,0.6,0.6,1,1,6,1,0,1,1,1,0,-1,0.5999999999999999,0.5341477092569904,False,False
F47_099_09,F47,99,9,0.621,0.621,3,3,1,1,0,1,0,0,0,-1,0.621,0.5353622072102266,False,False
F47_099_10,F47,99,10,0.627,0.627,3,3,7,1,0,1,0,0,0,-1,0.627,0.5536492830439256,False,False
F47_099_11,F47,99,11,0.644,0.644,3,3,4,1,0,1,0,0,0,-1,0.644,0.561253960853564,False,False
F47_099_12,F47,99,12,0.654,0.654,3,3,4,1,0,1,0,0,0,-1,0.654,0.5714655877669611,False,False
F47_099_13,F47,99,13,0.672,0.672,3,3,2,1,0,1,0,0,0,-1,0.672,0.574416388780569,False,False
F47_099_14,F47,99,14,0.676,0.676,3,3,6,1,0,1,0,0,0,-1,0.676,0.5714539829318441,False,False
F47_099_15,F47,99,15,0.69,0.69,2,2,9,1,0,1,1,0,0,-1,0.69,0.5713798025167149,False,False
F47_099_16,F47,99,16,0.692,0.692,3,3,2,1,0,1,0,0,0,-1,0.692,0.5927527372851806,False,False
F47_099_17,F47,99,17,0.692,0.692,3,3,2,1,0,1,0,0,0,-1,0.692,0.5844087923376636,False,False
F47_099_18,F47,99,18,0.689,0.689,3,3,9,1,0,1,0,0,0,-1,0.689,0.5808166640674605,False,False
F47_099_19,F47,99,19,0.685,0.685,3,3,5,1,1,1,0,0,0,-1,0.685,0.5813767783656196,False,False
F47_099_20,F47,99,20,0.679,0.679,3,3,9,1,0,1,0,0,0,-1,0.679,0.5779985299863863,False,False
F47_099_21,F47,99,21,0.672,0.672,3,3,2,1,0,1,0,0,0,-1,0.672,0.5748843219846342,False,False
F47_099_22,F47,99,22,0.667,0.667,3,3,7,1,0,1,0,0,0,-1,0.667,0.5735896228014691,False,False
F47_099_23,F47,99,23,0.654,0.654,3,3,4,1,0,1,0,0,0,-1,0.654,0.5706923779335491,False,False
F47_100_00,F47,100,0,0.223,0.223,3,3,3,1,0,1,0,0,0,-1,0.223,0.2971760984727963,False,True
F47_100_01,F47,100,1,0.223,0.223,3,3,3,1,0,1,0,0,0,-1,0.223,0.2872372810721268,False,True
F47_100_02,F47,100,2,0.223,0.223,3,3,3,1,0,1,0,0,0,-1,0.223,0.2981994929408277,False,True
F47_100_03,F47,100,3,0.223,0.223,3,3,3,1,0,1,0,0,0,-1,0.223,0.2821848191139656,False,True
F47_100_04,F47,100,4,0.223,0.223,3,3,3,1,0,1,0,0,0,-1,0.223,0.2788019587825325,False,True
F47_100_05,F47,100,5,0.223,0.223,3,3,3,1,0,1,0,0,0,-1,0.223,0.2795400527543568,False,True
F47_100_06,F47,100,6,0.223,0.223,3,3,3,1,0,1,0,0,0,-1,0.223,0.2807325283788146,False,True
F47_100_07,F47,100,7,0.206,0.206,3,3,6,1,0,1,0,0,0,-1,0.2059999999999999,0.2753848816669697,False,False
F47_100_08,F47,100,8,0.208,0.208,3,3,8,1,0,1,0,0,0,-1,0.2079999999999999,0.268643835804176,False,False
F47_100_09,F47,100,9,0.21,0.21,2,2,1,1,0,1,1,0,0,-1,0.2099999999999999,0.2671140114152769,False,False
F47_100_10,F47,100,10,0.205,0.205,3,3,5,1,1,1,0,0,0,-1,0.2049999999999999,0.2735325477940593,False,False
F47_100_11,F47,100,11,0.214,0.214,3,3,4,1,0,1,0,0,0,-1,0.214,0.2749177691489059,False,False
F47_100_12,F47,100,12,0.225,0.225,3,3,5,1,1,1,0,0,0,-1,0.225,0.2774810079586521,False,False
F47_100_13,F47,100,13,0.218,0.218,3,3,8,1,0,1,0,0,0,-1,0.218,0.2751617086480323,False,False
F47_100_14,F47,100,14,0.229,0.229,3,3,9,1,0,1,0,0,0,-1,0.229,0.2728907710147976,False,False
F47_100_15,F47,100,15,0.236,0.236,3,3,6,1,0,1,0,0,0,-1,0.2359999999999999,0.2720543315597576,False,False
F47_100_16,F47,100,16,0.221,0.221,3,3,1,1,0,1,0,0,0,-1,0.221,0.2785682170880236,False,False
F47_100_17,F47,100,17,0.222,0.222,3,3,2,1,0,1,0,0,0,-1,0.222,0.27259836175216,False,True
F47_100_18,F47,100,18,0.222,0.222,3,3,2,1,0,1,0,0,0,-1,0.222,0.2741666772201605,False,True
F47_100_19,F47,100,19,0.222,0.222,3,3,2,1,0,1,0,0,0,-1,0.222,0.2731462458124462,False,True
F47_100_20,F47,100,20,0.222,0.222,3,3,2,1,0,1,0,0,0,-1,0.222,0.2722595343958761,False,True
F47_100_21,F47,100,21,0.222,0.222,3,3,2,1,0,1,0,0,0,-1,0.222,0.2706367221178159,False,True
F47_100_22,F47,100,22,0.222,0.222,3,3,2,1,0,1,0,0,0,-1,0.222,0.2737909301069473,False,True
F47_100_23,F47,100,23,0.221,0.221,3,3,1,1,0,1,0,0,0,-1,0.221,0.2774066408171113,False,False
F47_101_00,F47,101,0,0.64,0.64,2,2,4,1,0,1,1,0,0,-1,0.64,0.6245882921758139,False,False
F47_101_01,F47,101,1,0.636,0.636,3,3,6,1,0,1,0,0,0,-1,0.636,0.621374724866758,False,False
F47_101_02,F47,101,2,0.636,0.636,3,3,6,1,0,1,0,0,0,-1,0.636,0.6202460523241715,False,False
F47_101_03,F47,101,3,0.639,0.639,3,3,9,1,0,1,0,0,0,-1,0.639,0.6136208238601703,False,False
F47_101_04,F47,101,4,0.635,0.635,3,3,5,1,1,1,0,0,0,-1,0.635,0.6126792603126507,False,False
F47_101_05,F47,101,5,0.629,0.629,3,3,9,1,0,1,0,0,0,-1,0.629,0.6144251382160705,False,False
F47_101_06,F47,101,6,0.626,0.626,3,3,6,1,0,1,0,0,0,-1,0.626,0.6050266707465437,False,False
F47_101_07,F47,101,7,0.624,0.624,3,3,4,1,0,1,0,0,0,-1,0.624,0.6063045082252099,False,False
F47_101_08,F47,101,8,0.623,0.623,3,3,3,1,0,1,0,0,0,-1,0.623,0.5804660654203057,False,False
F47_101_09,F47,101,9,0.639,0.639,3,3,9,1,0,1,0,0,0,-1,0.639,0.584402305851427,False,False
F47_101_10,F47,101,10,0.642,0.642,3,3,2,1,0,1,0,0,0,-1,0.642,0.6096965445720856,False,False
F47_101_11,F47,101,11,0.654,0.654,3,3,4,1,0,1,0,0,0,-1,0.654,0.6171124335828206,False,False
F47_101_12,F47,101,12,0.661,0.661,3,3,1,1,0,1,0,0,0,-1,0.661,0.6162528547807025,False,False
F47_101_13,F47,101,13,0.679,0.679,3,3,9,1,0,1,0,0,0,-1,0.679,0.6114122836325186,False,False
F47_101_14,F47,101,14,0.683,0.683,3,3,3,1,0,1,0,0,0,-1,0.683,0.623190006078317,False,False
F47_101_15,F47,101,15,0.697,0.697,3,3,7,1,0,1,0,0,0,-1,0.697,0.6448986953156723,False,False
F47_101_16,F47,101,16,0.7,0.7,1,1,7,1,0,1,1,1,0,-1,0.6999999999999998,0.6447056722528159,False,False
F47_101_17,F47,101,17,0.698,0.698,3,3,8,1,0,1,0,0,0,-1,0.698,0.6588107763784004,False,False
F47_101_18,F47,101,18,0.694,0.694,3,3,4,1,0,1,0,0,0,-1,0.694,0.662402111732376,False,False
F47_101_19,F47,101,19,0.688,0.688,3,3,8,1,0,1,0,0,0,-1,0.688,0.6578915133932978,False,False
F47_101_20,F47,101,20,0.681,0.681,3,3,1,1,0,1,0,0,0,-1,0.681,0.6558168015807808,False,False
F47_101_21,F47,101,21,0.675,0.675,3,3,5,1,1,1,0,0,0,-1,0.675,0.6500615762492455,False,False
F47_101_22,F47,101,22,0.67,0.67,2,2,7,1,0,1,1,0,0,-1,0.67,0.6485560697947078,False,False
F47_101_23,F47,101,23,0.665,0.665,3,3,5,1,1,1,0,0,0,-1,0.665,0.6421393409043016,False,False
F47_102_00,F47,102,0,0.22,0.22,2,2,2,1,0,1,1,0,0,-1,0.22,0.3493741687886194,False,False
F47_102_01,F47,102,1,0.22,0.22,2,2,2,1,0,1,1,0,0,-1,0.22,0.3350058225057083,False,False
F47_102_02,F47,102,2,0.22,0.22,2,2,2,1,0,1,1,0,0,-1,0.22,0.2924714330332304,False,False
F47_102_03,F47,102,3,0.221,0.221,3,3,1,1,0,1,0,0,0,-1,0.221,0.2775533033938586,False,False
F47_102_04,F47,102,4,0.221,0.221,3,3,1,1,0,1,0,0,0,-1,0.221,0.2964397823251547,False,False
F47_102_05,F47,102,5,0.221,0.221,3,3,1,1,0,1,0,0,0,-1,0.221,0.3006983958900821,False,False
F47_102_06,F47,102,6,0.212,0.212,3,3,2,1,0,1,0,0,0,-1,0.2119999999999999,0.2826542682557901,False,False
F47_102_07,F47,102,7,0.203,0.203,3,3,3,1,0,1,0,0,0,-1,0.203,0.3047711710099863,False,False
F47_102_08,F47,102,8,0.204,0.204,3,3,4,1,0,1,0,0,0,-1,0.2039999999999999,0.3090646824931338,False,False
F47_102_09,F47,102,9,0.202,0.202,3,3,2,1,0,1,0,0,0,-1,0.202,0.3056777163145214,False,False
F47_102_10,F47,102,10,0.203,0.203,3,3,3,1,0,1,0,0,0,-1,0.203,0.3007524539257332,False,False
F47_102_11,F47,102,11,0.211,0.211,3,3,1,1,0,1,0,0,0,-1,0.2109999999999999,0.2999858050050607,False,False
F47_102_12,F47,102,12,0.212,0.212,3,3,2,1,0,1,0,0,0,-1,0.2119999999999999,0.2973743477699485,False,False
F47_102_13,F47,102,13,0.213,0.213,3,3,3,1,0,1,0,0,0,-1,0.2129999999999999,0.2930294013884796,False,False
F47_102_14,F47,102,14,0.222,0.222,3,3,2,1,0,1,0,0,0,-1,0.222,0.2932360018658909,False,False
F47_102_15,F47,102,15,0.221,0.221,3,3,1,1,0,1,0,0,0,-1,0.221,0.2823816768941579,False,False
F47_102_16,F47,102,16,0.214,0.214,3,3,4,1,0,1,0,0,0,-1,0.214,0.2893994956767989,False,False
F47_102_17,F47,102,17,0.216,0.216,3,3,6,1,0,1,0,0,0,-1,0.216,0.2882514680268312,False,False
F47_102_18,F47,102,18,0.216,0.216,3,3,6,1,0,1,0,0,0,-1,0.216,0.2926070296898924,False,False
F47_102_19,F47,102,19,0.216,0.216,3,3,6,1,0,1,0,0,0,-1,0.216,0.2812643991862851,False,False
F47_102_20,F47,102,20,0.217,0.217,3,3,7,1,0,1,0,0,0,-1,0.217,0.27860209692967,False,False
F47_102_21,F47,102,21,0.217,0.217,3,3,7,1,0,1,0,0,0,-1,0.217,0.2870143332137673,False,False
F47_102_22,F47,102,22,0.217,0.217,3,3,7,1,0,1,0,0,0,-1,0.217,0.2950841974774022,False,False
F47_102_23,F47,102,23,0.217,0.217,3,3,7,1,0,1,0,0,0,-1,0.217,0.2947314018205159,False,False
F47_103_00,F47,103,0,0.659,0.659,3,3,9,1,0,1,0,0,0,-1,0.659,0.6992475347219131,False,False
F47_103_01,F47,103,1,0.652,0.652,3,3,2,1,0,1,0,0,0,-1,0.652,0.6720658471702052,False,False
F47_103_02,F47,103,2,0.648,0.648,3,3,8,1,0,1,0,0,0,-1,0.648,0.664403234698898,False,False
F47_103_03,F47,103,3,0.646,0.646,3,3,6,1,0,1,0,0,0,-1,0.646,0.6682419861566214,False,False
F47_103_04,F47,103,4,0.645,0.645,3,3,5,1,1,1,0,0,0,-1,0.645,0.6622755627337739,False,False
F47_103_05,F47,103,5,0.644,0.644,3,3,4,1,0,1,0,0,0,-1,0.644,0.6605285902698427,False,False
F47_103_06,F47,103,6,0.644,0.644,3,3,4,1,0,1,0,0,0,-1,0.644,0.6556193861657255,False,False
F47_103_07,F47,103,7,0.644,0.644,3,3,4,1,0,1,0,0,0,-1,0.644,0.6779553244354217,False,False
F47_103_08,F47,103,8,0.646,0.646,3,3,6,1,0,1,0,0,0,-1,0.646,0.6604630131259202,False,False
F47_103_09,F47,103,9,0.666,0.666,3,3,6,1,0,1,0,0,0,-1,0.666,0.6457114279299042,False,False
F47_103_10,F47,103,10,0.667,0.667,3,3,7,1,0,1,0,0,0,-1,0.667,0.6632579264157673,False,False
F47_103_11,F47,103,11,0.677,0.677,3,3,7,1,0,1,0,0,0,-1,0.677,0.6728348038979634,False,False
F47_103_12,F47,103,12,0.678,0.678,3,3,8,1,0,1,0,0,0,-1,0.678,0.6756630011865653,False,False
F47_103_13,F47,103,13,0.69,0.69,2,2,9,1,0,1,1,0,0,-1,0.69,0.6821718416295744,False,False
F47_103_14,F47,103,14,0.689,0.689,3,3,9,1,0,1,0,0,0,-1,0.689,0.6899903995052088,False,False
F47_103_15,F47,103,15,0.703,0.703,3,3,3,1,0,1,0,0,0,-1,0.7029999999999998,0.7011269882023192,False,False
F47_103_16,F47,103,16,0.705,0.705,3,3,5,1,1,1,0,0,0,-1,0.7049999999999998,0.6987065718268741,False,False
F47_103_17,F47,103,17,0.702,0.702,3,3,2,1,0,1,0,0,0,-1,0.7019999999999998,0.6905925214734987,False,False
F47_103_18,F47,103,18,0.693,0.693,3,3,3,1,0,1,0,0,0,-1,0.693,0.6909342741252069,False,False
F47_103_19,F47,103,19,0.688,0.688,3,3,8,1,0,1,0,0,0,-1,0.688,0.7092109394642494,False,False
F47_103_20,F47,103,20,0.683,0.683,3,3,3,1,0,1,0,0,0,-1,0.683,0.6926797496702348,False,False
F47_103_21,F47,103,21,0.678,0.678,3,3,8,1,0,1,0,0,0,-1,0.678,0.6768042386064119,False,False
F47_103_22,F47,103,22,0.675,0.675,3,3,5,1,1,1,0,0,0,-1,0.675,0.6722465818417471,False,False
F47_103_23,F47,103,23,0.673,0.673,3,3,3,1,0,1,0,0,0,-1,0.673,0.6761247941938752,False,False
F47_104_00,F47,104,0,0.218,0.218,3,3,8,1,0,1,0,0,0,-1,0.218,0.3095823547512121,False,False
F47_104_01,F47,104,1,0.218,0.218,3,3,8,1,0,1,0,0,0,-1,0.218,0.2899735709975619,False,False
F47_104_02,F47,104,2,0.219,0.219,3,3,9,1,0,1,0,0,0,-1,0.219,0.29494974281185,False,False
F47_104_03,F47,104,3,0.22,0.22,2,2,2,1,0,1,1,0,0,-1,0.22,0.2943131111413706,False,False
F47_104_04,F47,104,4,0.221,0.221,3,3,1,1,0,1,0,0,0,-1,0.221,0.3152301222454639,False,False
F47_104_05,F47,104,5,0.221,0.221,3,3,1,1,0,1,0,0,0,-1,0.221,0.2980002708107837,False,False
F47_104_06,F47,104,6,0.215,0.215,3,3,5,1,1,1,0,0,0,-1,0.215,0.2941921962703322,False,False
F47_104_07,F47,104,7,0.205,0.205,3,3,5,1,1,1,0,0,0,-1,0.2049999999999999,0.29143381768624,False,False
F47_104_08,F47,104,8,0.206,0.206,3,3,6,1,0,1,0,0,0,-1,0.2059999999999999,0.2923622707744212,False,False
F47_104_09,F47,104,9,0.204,0.204,3,3,4,1,0,1,0,0,0,-1,0.2039999999999999,0.2935474409767991,False,False
F47_104_10,F47,104,10,0.204,0.204,3,3,4,1,0,1,0,0,0,-1,0.2039999999999999,0.2971989738787181,False,False
F47_104_11,F47,104,11,0.21,0.21,2,2,1,1,0,1,1,0,0,-1,0.2099999999999999,0.2881939600334899,False,False
F47_104_12,F47,104,12,0.213,0.213,3,3,3,1,0,1,0,0,0,-1,0.2129999999999999,0.3019601998509485,False,False
F47_104_13,F47,104,13,0.212,0.212,3,3,2,1,0,1,0,0,0,-1,0.2119999999999999,0.2974070934097684,False,False
F47_104_14,F47,104,14,0.22,0.22,2,2,2,1,0,1,1,0,0,-1,0.22,0.3107895620223494,False,False
F47_104_15,F47,104,15,0.221,0.221,3,3,1,1,0,1,0,0,0,-1,0.221,0.3153645532231365,False,False
F47_104_16,F47,104,16,0.213,0.213,3,3,3,1,0,1,0,0,0,-1,0.2129999999999999,0.3294856925725497,False,False
F47_104_17,F47,104,17,0.214,0.214,3,3,4,1,0,1,0,0,0,-1,0.214,0.3244095590937622,False,False
F47_104_18,F47,104,18,0.214,0.214,3,3,4,1,0,1,0,0,0,-1,0.214,0.3449695710468669,False,False
F47_104_19,F47,104,19,0.214,0.214,3,3,4,1,0,1,0,0,0,-1,0.214,0.3066711983093816,False,False
F47_104_20,F47,104,20,0.215,0.215,3,3,5,1,1,1,0,0,0,-1,0.215,0.3034287790957897,False,False
F47_104_21,F47,104,21,0.216,0.216,3,3,6,1,0,1,0,0,0,-1,0.216,0.3107261554637688,False,False
F47_104_22,F47,104,22,0.218,0.218,3,3,8,1,0,1,0,0,0,-1,0.218,0.3105996220625296,False,False
F47_104_23,F47,104,23,0.219,0.219,3,3,9,1,0,1,0,0,0,-1,0.219,0.305323561648727,False,False
F47_105_00,F47,105,0,0.67,0.67,2,2,7,1,0,1,1,0,0,-1,0.67,0.4475850822191921,False,False
F47_105_01,F47,105,1,0.667,0.667,3,3,7,1,0,1,0,0,0,-1,0.667,0.4491991873196552,False,False
F47_105_02,F47,105,2,0.666,0.666,3,3,6,1,0,1,0,0,0,-1,0.666,0.4600380687911058,False,False
F47_105_03,F47,105,3,0.664,0.664,3,3,4,1,0,1,0,0,0,-1,0.664,0.4473888757303367,False,False
F47_105_04,F47,105,4,0.663,0.663,3,3,3,1,0,1,0,0,0,-1,0.663,0.4509516899978484,False,False
F47_105_05,F47,105,5,0.662,0.662,3,3,2,1,0,1,0,0,0,-1,0.662,0.4712462714611092,False,False
F47_105_06,F47,105,6,0.661,0.661,3,3,1,1,0,1,0,0,0,-1,0.661,0.4909413463316997,False,False
F47_105_07,F47,105,7,0.66,0.66,2,2,6,1,0,1,1,0,0,-1,0.66,0.5096215605502378,False,False
F47_105_08,F47,105,8,0.658,0.658,3,3,8,1,0,1,0,0,0,-1,0.658,0.5440451951198108,False,False
F47_105_09,F47,105,9,0.675,0.675,3,3,5,1,1,1,0,0,0,-1,0.675,0.5503592633696843,False,False
F47_105_10,F47,105,10,0.674,0.674,3,3,4,1,0,1,0,0,0,-1,0.674,0.5630097716201962,False,False
F47_105_11,F47,105,11,0.686,0.686,3,3,6,1,0,1,0,0,0,-1,0.686,0.5737977606447715,False,False
F47_105_12,F47,105,12,0.69,0.69,2,2,9,1,0,1,1,0,0,-1,0.69,0.597042879519343,False,False
F47_105_13,F47,105,13,0.702,0.702,3,3,2,1,0,1,0,0,0,-1,0.7019999999999998,0.5891366240841494,False,False
F47_105_14,F47,105,14,0.703,0.703,3,3,3,1,0,1,0,0,0,-1,0.7029999999999998,0.6203336880814065,False,False
F47_105_15,F47,105,15,0.712,0.712,3,3,2,1,0,1,0,0,0,-1,0.7119999999999999,0.6058095995138526,False,False
F47_105_16,F47,105,16,0.716,0.716,3,3,6,1,0,1,0,0,0,-1,0.7159999999999999,0.6281310313705141,False,False
F47_105_17,F47,105,17,0.714,0.714,3,3,4,1,0,1,0,0,0,-1,0.7139999999999999,0.6530797050317666,False,False
F47_105_18,F47,105,18,0.704,0.704,3,3,4,1,0,1,0,0,0,-1,0.7039999999999998,0.6207010258059391,False,False
F47_105_19,F47,105,19,0.701,0.701,3,3,1,1,0,1,0,0,0,-1,0.7009999999999998,0.6215537882335233,False,False
F47_105_20,F47,105,20,0.698,0.698,3,3,8,1,0,1,0,0,0,-1,0.698,0.6247818849795767,False,False
F47_105_21,F47,105,21,0.694,0.694,3,3,4,1,0,1,0,0,0,-1,0.694,0.6131649385029334,False,False
F47_105_22,F47,105,22,0.691,0.691,3,3,1,1,0,1,0,0,0,-1,0.691,0.6099188779078089,False,False
F47_105_23,F47,105,23,0.689,0.689,3,3,9,1,0,1,0,0,0,-1,0.689,0.6176750781231236,False,False
F47_107_00,F47,107,0,0.229,0.229,3,3,9,1,0,1,0,0,0,-1,0.229,0.3651656769871225,False,False
F47_107_01,F47,107,1,0.228,0.228,3,3,8,1,0,1,0,0,0,-1,0.228,0.3691985125415278,False,False
F47_107_02,F47,107,2,0.228,0.228,3,3,8,1,0,1,0,0,0,-1,0.228,0.3439695951633883,False,False
F47_107_03,F47,107,3,0.229,0.229,3,3,9,1,0,1,0,0,0,-1,0.229,0.3418049899835115,False,False
F47_107_04,F47,107,4,0.229,0.229,3,3,9,1,0,1,0,0,0,-1,0.229,0.3354870717817923,False,False
F47_107_05,F47,107,5,0.229,0.229,3,3,9,1,0,1,0,0,0,-1,0.229,0.318328161644941,False,False
F47_107_06,F47,107,6,0.227,0.227,3,3,7,1,0,1,0,0,0,-1,0.227,0.3104641929774805,False,False
F47_107_07,F47,107,7,0.213,0.213,3,3,3,1,0,1,0,0,0,-1,0.2129999999999999,0.3089858423293453,False,False
F47_107_08,F47,107,8,0.214,0.214,3,3,4,1,0,1,0,0,0,-1,0.214,0.3084158031540101,False,False
F47_107_09,F47,107,9,0.216,0.216,3,3,6,1,0,1,0,0,0,-1,0.216,0.3028265553847442,False,False
F47_107_10,F47,107,10,0.214,0.214,3,3,4,1,0,1,0,0,0,-1,0.214,0.2914745333298599,False,False
F47_107_11,F47,107,11,0.222,0.222,3,3,2,1,0,1,0,0,0,-1,0.222,0.2997434690808654,False,False
F47_107_12,F47,107,12,0.229,0.229,3,3,9,1,0,1,0,0,0,-1,0.229,0.2958305062643226,False,False
F47_107_13,F47,107,13,0.225,0.225,3,3,5,1,1,1,0,0,0,-1,0.225,0.3012041526456834,False,False
F47_107_14,F47,107,14,0.237,0.237,3,3,7,1,0,1,0,0,0,-1,0.2369999999999999,0.3042727612900123,False,False
F47_107_15,F47,107,15,0.245,0.245,3,3,5,1,1,1,0,0,0,-1,0.245,0.3060228602903687,False,False
F47_107_16,F47,107,16,0.232,0.232,3,3,2,1,0,1,0,0,0,-1,0.232,0.3057316139105517,False,False
F47_107_17,F47,107,17,0.235,0.235,3,3,5,1,1,1,0,0,0,-1,0.2349999999999999,0.3086110055336455,False,False
F47_107_18,F47,107,18,0.236,0.236,3,3,6,1,0,1,0,0,0,-1,0.2359999999999999,0.3086063680483579,False,False
F47_107_19,F47,107,19,0.236,0.236,3,3,6,1,0,1,0,0,0,-1,0.2359999999999999,0.311939238808533,False,False
F47_107_20,F47,107,20,0.236,0.236,3,3,6,1,0,1,0,0,0,-1,0.2359999999999999,0.3150113790879687,False,False
F47_107_21,F47,107,21,0.236,0.236,3,3,6,1,0,1,0,0,0,-1,0.2359999999999999,0.3101766565698311,False,False
F47_107_22,F47,107,22,0.235,0.235,3,3,5,1,1,1,0,0,0,-1,0.2349999999999999,0.3141208545108244,False,False
F47_107_23,F47,107,23,0.235,0.235,3,3,5,1,1,1,0,0,0,-1,0.2349999999999999,0.3096601130418552,False,False
F47_108_00,F47,108,0,0.708,0.708,3,3,8,1,0,1,0,0,0,-1,0.7079999999999999,0.5185776777901623,False,False
F47_108_01,F47,108,1,0.707,0.707,3,3,7,1,0,1,0,0,0,-1,0.7069999999999999,0.5158411354063152,False,False
F47_108_02,F47,108,2,0.706,0.706,3,3,6,1,0,1,0,0,0,-1,0.7059999999999998,0.5088456863363386,False,False
F47_108_03,F47,108,3,0.703,0.703,3,3,3,1,0,1,0,0,0,-1,0.7029999999999998,0.4839945263404392,False,False
F47_108_04,F47,108,4,0.701,0.701,3,3,1,1,0,1,0,0,0,-1,0.7009999999999998,0.4752294226823308,False,False
F47_108_05,F47,108,5,0.699,0.699,3,3,9,1,0,1,0,0,0,-1,0.699,0.4666583581964362,False,False
F47_108_06,F47,108,6,0.698,0.698,3,3,8,1,0,1,0,0,0,-1,0.698,0.4722956561102854,False,False
F47_108_07,F47,108,7,0.696,0.696,3,3,6,1,0,1,0,0,0,-1,0.696,0.4709186662479326,False,False
F47_108_08,F47,108,8,0.694,0.694,3,3,4,1,0,1,0,0,0,-1,0.694,0.5209896450049657,False,False
F47_108_09,F47,108,9,0.715,0.715,3,3,5,1,1,1,0,0,0,-1,0.7149999999999999,0.5398079101323562,False,False
F47_108_10,F47,108,10,0.711,0.711,3,3,1,1,0,1,0,0,0,-1,0.7109999999999999,0.5434895177571468,False,False
F47_108_11,F47,108,11,0.725,0.725,3,3,5,1,1,1,0,0,0,-1,0.7249999999999999,0.5592933616775989,False,False
F47_108_12,F47,108,12,0.725,0.725,3,3,5,1,1,1,0,0,0,-1,0.7249999999999999,0.5715173910935853,False,False
F47_108_13,F47,108,13,0.742,0.742,3,3,2,1,0,1,0,0,0,-1,0.7419999999999999,0.5840826957822165,False,False
F47_108_14,F47,108,14,0.746,0.746,3,3,6,1,0,1,0,0,0,-1,0.746,0.587986289811535,False,False
F47_108_15,F47,108,15,0.765,0.765,3,3,5,1,1,1,0,0,0,-1,0.765,0.6035920358338497,False,False
F47_108_16,F47,108,16,0.768,0.768,3,3,8,1,0,1,0,0,0,-1,0.768,0.6206275217447021,False,False
F47_108_17,F47,108,17,0.766,0.766,3,3,6,1,0,1,0,0,0,-1,0.766,0.6157871782872265,False,False
F47_108_18,F47,108,18,0.757,0.757,3,3,7,1,0,1,0,0,0,-1,0.757,0.6238624874226327,False,False
F47_108_19,F47,108,19,0.753,0.753,3,3,3,1,0,1,0,0,0,-1,0.753,0.6061678721825007,False,False
F47_108_20,F47,108,20,0.746,0.746,3,3,6,1,0,1,0,0,0,-1,0.746,0.5910800784523931,False,False
F47_108_21,F47,108,21,0.742,0.742,3,3,2,1,0,1,0,0,0,-1,0.7419999999999999,0.5765074765503001,False,False
F47_108_22,F47,108,22,0.735,0.735,3,3,5,1,1,1,0,0,0,-1,0.7349999999999999,0.5817080543047382,False,False
F47_108_23,F47,108,23,0.731,0.731,3,3,1,1,0,1,0,0,0,-1,0.7309999999999999,0.5749213917251716,False,False
F47_109_00,F47,109,0,0.235,0.235,3,3,5,1,1,1,0,0,0,-1,0.2349999999999999,0.2737934294721354,False,False
F47_109_01,F47,109,1,0.234,0.234,3,3,4,1,0,1,0,0,0,-1,0.234,0.2676952678316459,False,False
F47_109_02,F47,109,2,0.234,0.234,3,3,4,1,0,1,0,0,0,-1,0.234,0.27334812696572,False,False
F47_109_03,F47,109,3,0.234,0.234,3,3,4,1,0,1,0,0,0,-1,0.234,0.2738269837962462,False,False
F47_109_04,F47,109,4,0.234,0.234,3,3,4,1,0,1,0,0,0,-1,0.234,0.274024223034441,False,False
F47_109_05,F47,109,5,0.234,0.234,3,3,4,1,0,1,0,0,0,-1,0.234,0.2779146020276951,False,False
F47_109_06,F47,109,6,0.235,0.235,3,3,5,1,1,1,0,0,0,-1,0.2349999999999999,0.2805358070706806,False,False
F47_109_07,F47,109,7,0.219,0.219,3,3,9,1,0,1,0,0,0,-1,0.219,0.2844000456008778,False,False
F47_109_08,F47,109,8,0.22,0.22,2,2,2,1,0,1,1,0,0,-1,0.22,0.2848101570481848,False,False
F47_109_09,F47,109,9,0.222,0.222,3,3,2,1,0,1,0,0,0,-1,0.222,0.2853379869522151,False,False
F47_109_10,F47,109,10,0.217,0.217,3,3,7,1,0,1,0,0,0,-1,0.217,0.2933991195609351,False,False
F47_109_11,F47,109,11,0.224,0.224,3,3,4,1,0,1,0,0,0,-1,0.224,0.290138836306109,False,False
F47_109_12,F47,109,12,0.231,0.231,3,3,1,1,0,1,0,0,0,-1,0.231,0.2914369350684857,False,False
F47_109_13,F47,109,13,0.228,0.228,3,3,8,1,0,1,0,0,0,-1,0.228,0.2970239271692423,False,False
F47_109_14,F47,109,14,0.233,0.233,3,3,3,1,0,1,0,0,0,-1,0.233,0.3049789840073317,False,False
F47_109_15,F47,109,15,0.237,0.237,3,3,7,1,0,1,0,0,0,-1,0.2369999999999999,0.3337323045085363,False,False
F47_109_16,F47,109,16,0.232,0.232,3,3,2,1,0,1,0,0,0,-1,0.232,0.3503754216493353,False,False
F47_109_17,F47,109,17,0.234,0.234,3,3,4,1,0,1,0,0,0,-1,0.234,0.3455074556255725,False,False
F47_109_18,F47,109,18,0.235,0.235,3,3,5,1,1,1,0,0,0,-1,0.2349999999999999,0.3559380390908027,False,False
F47_109_19,F47,109,19,0.235,0.235,3,3,5,1,1,1,0,0,0,-1,0.2349999999999999,0.346594156668592,False,False
F47_109_20,F47,109,20,0.235,0.235,3,3,5,1,1,1,0,0,0,-1,0.2349999999999999,0.346504130970753,False,False
F47_109_21,F47,109,21,0.234,0.234,3,3,4,1,0,1,0,0,0,-1,0.234,0.3561747418148468,False,False
F47_109_22,F47,109,22,0.234,0.234,3,3,4,1,0,1,0,0,0,-1,0.234,0.3441858277735477,False,False
F47_109_23,F47,109,23,0.234,0.234,3,3,4,1,0,1,0,0,0,-1,0.234,0.3529854323223009,False,False
F47_110_00,F47,110,0,0.726,0.726,3,3,6,1,0,1,0,0,0,-1,0.7259999999999999,0.4420393867210368,False,False
F47_110_01,F47,110,1,0.72,0.72,2,2,2,1,0,1,1,0,0,-1,0.7199999999999999,0.4418131254079821,False,False
F47_110_02,F47,110,2,0.716,0.716,3,3,6,1,0,1,0,0,0,-1,0.7159999999999999,0.4330606814687101,False,False
F47_110_03,F47,110,3,0.714,0.714,3,3,4,1,0,1,0,0,0,-1,0.7139999999999999,0.4356457375653429,False,False
F47_110_04,F47,110,4,0.712,0.712,3,3,2,1,0,1,0,0,0,-1,0.7119999999999999,0.4282106107005797,False,False
F47_110_05,F47,110,5,0.707,0.707,3,3,7,1,0,1,0,0,0,-1,0.7069999999999999,0.4229808076042105,False,False
F47_110_06,F47,110,6,0.702,0.702,3,3,2,1,0,1,0,0,0,-1,0.7019999999999998,0.4225853914020064,False,False
F47_110_07,F47,110,7,0.699,0.699,3,3,9,1,0,1,0,0,0,-1,0.699,0.4373108880176573,False,False
F47_110_08,F47,110,8,0.695,0.695,3,3,5,1,1,1,0,0,0,-1,0.695,0.4940127662461394,False,False
F47_110_09,F47,110,9,0.716,0.716,3,3,6,1,0,1,0,0,0,-1,0.7159999999999999,0.4907666419410803,False,False
F47_110_10,F47,110,10,0.718,0.718,3,3,8,1,0,1,0,0,0,-1,0.7179999999999999,0.5085770985570066,False,False
F47_110_11,F47,110,11,0.731,0.731,3,3,1,1,0,1,0,0,0,-1,0.7309999999999999,0.5235825937320228,False,False
F47_110_12,F47,110,12,0.736,0.736,3,3,6,1,0,1,0,0,0,-1,0.7359999999999999,0.5380412707390722,False,False
F47_110_13,F47,110,13,0.762,0.762,3,3,2,1,0,1,0,0,0,-1,0.762,0.5578837510568728,False,False
F47_110_14,F47,110,14,0.765,0.765,3,3,5,1,1,1,0,0,0,-1,0.765,0.5708334956237263,False,False
F47_110_15,F47,110,15,0.78,0.78,2,2,8,1,0,1,1,0,0,-1,0.78,0.5828724434902743,False,False
F47_110_16,F47,110,16,0.78,0.78,2,2,8,1,0,1,1,0,0,-1,0.78,0.608526632567657,False,False
F47_110_17,F47,110,17,0.78,0.78,2,2,8,1,0,1,1,0,0,-1,0.78,0.617191814330649,False,False
F47_110_18,F47,110,18,0.776,0.776,3,3,6,1,0,1,0,0,0,-1,0.776,0.629469079787495,False,False
F47_110_19,F47,110,19,0.771,0.771,3,3,1,1,0,1,0,0,0,-1,0.771,0.6243326452462763,False,False
F47_110_20,F47,110,20,0.759,0.759,3,3,9,1,0,1,0,0,0,-1,0.759,0.6185345224676444,False,False
F47_110_21,F47,110,21,0.755,0.755,3,3,5,1,1,1,0,0,0,-1,0.755,0.6029622177073112,False,False
F47_110_22,F47,110,22,0.75,0.75,2,2,5,1,1,1,1,0,0,-1,0.75,0.5873826302738967,False,False
F47_110_23,F47,110,23,0.743,0.743,3,3,3,1,0,1,0,0,0,-1,0.7429999999999999,0.581833440770792,False,False
F47_111_00,F47,111,0,0.233,0.233,3,3,3,1,0,1,0,0,0,-1,0.233,0.5307104737245447,False,False
F47_111_01,F47,111,1,0.233,0.233,3,3,3,1,0,1,0,0,0,-1,0.233,0.5363388895975904,False,False
F47_111_02,F47,111,2,0.234,0.234,3,3,4,1,0,1,0,0,0,-1,0.234,0.540267341026889,False,False
F47_111_03,F47,111,3,0.233,0.233,3,3,3,1,0,1,0,0,0,-1,0.233,0.5293145555615794,False,False
F47_111_04,F47,111,4,0.234,0.234,3,3,4,1,0,1,0,0,0,-1,0.234,0.5291307496838396,False,False
F47_111_05,F47,111,5,0.234,0.234,3,3,4,1,0,1,0,0,0,-1,0.234,0.5222686920178687,False,False
F47_111_06,F47,111,6,0.234,0.234,3,3,4,1,0,1,0,0,0,-1,0.234,0.5139011016614392,False,False
F47_111_07,F47,111,7,0.227,0.227,3,3,7,1,0,1,0,0,0,-1,0.227,0.5190014904380915,False,False
F47_111_08,F47,111,8,0.225,0.225,3,3,5,1,1,1,0,0,0,-1,0.225,0.508954811469499,False,False
F47_111_09,F47,111,9,0.226,0.226,3,3,6,1,0,1,0,0,0,-1,0.226,0.5101665741887482,False,False
F47_111_10,F47,111,10,0.226,0.226,3,3,6,1,0,1,0,0,0,-1,0.226,0.5198569936829639,False,False
F47_111_11,F47,111,11,0.23,0.23,2,2,3,1,0,1,1,0,0,-1,0.23,0.5198832853013573,False,False
F47_111_12,F47,111,12,0.235,0.235,3,3,5,1,1,1,0,0,0,-1,0.2349999999999999,0.5198422602949301,False,False
F47_111_13,F47,111,13,0.235,0.235,3,3,5,1,1,1,0,0,0,-1,0.2349999999999999,0.5394599173854874,False,False
F47_111_14,F47,111,14,0.239,0.239,3,3,9,1,0,1,0,0,0,-1,0.2389999999999999,0.5541248330515877,False,False
F47_111_15,F47,111,15,0.244,0.244,3,3,4,1,0,1,0,0,0,-1,0.2439999999999999,0.5607516470441908,False,False
F47_111_16,F47,111,16,0.242,0.242,3,3,2,1,0,1,0,0,0,-1,0.2419999999999999,0.571793655521159,False,False
F47_111_17,F47,111,17,0.242,0.242,3,3,2,1,0,1,0,0,0,-1,0.2419999999999999,0.5721146410355517,False,False
F47_111_18,F47,111,18,0.243,0.243,3,3,3,1,0,1,0,0,0,-1,0.2429999999999999,0.5732505563988926,False,True
F47_111_19,F47,111,19,0.243,0.243,3,3,3,1,0,1,0,0,0,-1,0.2429999999999999,0.5513999725717031,False,True
F47_111_20,F47,111,20,0.243,0.243,3,3,3,1,0,1,0,0,0,-1,0.2429999999999999,0.5298719464318189,False,True
F47_111_21,F47,111,21,0.243,0.243,3,3,3,1,0,1,0,0,0,-1,0.2429999999999999,0.548227988598581,False,True
F47_111_22,F47,111,22,0.243,0.243,3,3,3,1,0,1,0,0,0,-1,0.2429999999999999,0.5191428275752288,False,True
F47_111_23,F47,111,23,0.243,0.243,3,3,3,1,0,1,0,0,0,-1,0.2429999999999999,0.518251895391486,False,True
F47_112_00,F47,112,0,0.74,0.74,2,2,4,1,0,1,1,0,0,-1,0.7399999999999999,0.6353455678909711,False,False
F47_112_01,F47,112,1,0.738,0.738,3,3,8,1,0,1,0,0,0,-1,0.7379999999999999,0.6170245188600624,False,False
F47_112_02,F47,112,2,0.736,0.736,3,3,6,1,0,1,0,0,0,-1,0.7359999999999999,0.6099699574797461,False,False
F47_112_03,F47,112,3,0.734,0.734,3,3,4,1,0,1,0,0,0,-1,0.7339999999999999,0.6141081353057409,False,False
F47_112_04,F47,112,4,0.732,0.732,3,3,2,1,0,1,0,0,0,-1,0.7319999999999999,0.6118439887087594,False,False
F47_112_05,F47,112,5,0.726,0.726,3,3,6,1,0,1,0,0,0,-1,0.7259999999999999,0.6115162451876442,False,False
F47_112_06,F47,112,6,0.718,0.718,3,3,8,1,0,1,0,0,0,-1,0.7179999999999999,0.6017586721159902,False,False
F47_112_07,F47,112,7,0.713,0.713,3,3,3,1,0,1,0,0,0,-1,0.7129999999999999,0.6064610357467554,False,False
F47_112_08,F47,112,8,0.713,0.713,3,3,3,1,0,1,0,0,0,-1,0.7129999999999999,0.6005579213319931,False,False
F47_112_09,F47,112,9,0.739,0.739,3,3,9,1,0,1,0,0,0,-1,0.7389999999999999,0.6124199252148149,False,False
F47_112_10,F47,112,10,0.748,0.748,3,3,8,1,0,1,0,0,0,-1,0.748,0.6056192521154057,False,False
F47_112_11,F47,112,11,0.765,0.765,3,3,5,1,1,1,0,0,0,-1,0.765,0.6253673393273889,False,False
F47_112_12,F47,112,12,0.773,0.773,3,3,3,1,0,1,0,0,0,-1,0.773,0.638483729415191,False,False
F47_112_13,F47,112,13,0.792,0.792,3,3,2,1,0,1,0,0,0,-1,0.792,0.6451739492631365,False,False
F47_112_14,F47,112,14,0.792,0.792,3,3,2,1,0,1,0,0,0,-1,0.792,0.6508992459535546,False,False
F47_112_15,F47,112,15,0.812,0.812,3,3,2,1,0,1,0,0,0,-1,0.812,0.6578620104899026,False,False
F47_112_16,F47,112,16,0.851,0.851,3,3,1,1,0,1,0,0,0,-1,0.8509999999999999,0.692197636105569,False,False
F47_112_17,F47,112,17,0.887,0.887,3,3,7,1,0,1,0,0,0,-1,0.887,0.6928078601478749,False,False
F47_112_18,F47,112,18,0.883,0.883,3,3,3,1,0,1,0,0,0,-1,0.883,0.6992173628123256,False,False
F47_112_19,F47,112,19,0.862,0.862,3,3,2,1,0,1,0,0,0,-1,0.8619999999999999,0.6800494559586981,False,False
F47_112_20,F47,112,20,0.819,0.819,3,3,9,1,0,1,0,0,0,-1,0.819,0.6903811716494598,False,False
F47_112_21,F47,112,21,0.798,0.798,3,3,8,1,0,1,0,0,0,-1,0.798,0.6713781175933669,False,False
F47_112_22,F47,112,22,0.785,0.785,3,3,5,1,1,1,0,0,0,-1,0.785,0.6619316951954394,False,False
F47_112_23,F47,112,23,0.778,0.778,3,3,8,1,0,1,0,0,0,-1,0.778,0.6678550499810558,False,False
F47_113_00,F47,113,0,0.243,0.243,3,3,3,1,0,1,0,0,0,-1,0.2429999999999999,0.2980009610064564,False,False
F47_113_01,F47,113,1,0.244,0.244,3,3,4,1,0,1,0,0,0,-1,0.2439999999999999,0.2930696992500663,False,False
F47_113_02,F47,113,2,0.244,0.244,3,3,4,1,0,1,0,0,0,-1,0.2439999999999999,0.2929450971654172,False,False
F47_113_03,F47,113,3,0.244,0.244,3,3,4,1,0,1,0,0,0,-1,0.2439999999999999,0.2931796437565579,False,False
F47_113_04,F47,113,4,0.244,0.244,3,3,4,1,0,1,0,0,0,-1,0.2439999999999999,0.2906767417567753,False,False
F47_113_05,F47,113,5,0.245,0.245,3,3,5,1,1,1,0,0,0,-1,0.245,0.2956739446619896,False,False
F47_113_06,F47,113,6,0.235,0.235,3,3,5,1,1,1,0,0,0,-1,0.2349999999999999,0.2876103916293214,False,False
F47_113_07,F47,113,7,0.235,0.235,3,3,5,1,1,1,0,0,0,-1,0.2349999999999999,0.2864164415159024,False,False
F47_113_08,F47,113,8,0.236,0.236,3,3,6,1,0,1,0,0,0,-1,0.2359999999999999,0.2850769176235554,False,False
F47_113_09,F47,113,9,0.233,0.233,3,3,3,1,0,1,0,0,0,-1,0.233,0.273908850062518,False,False
F47_113_10,F47,113,10,0.239,0.239,3,3,9,1,0,1,0,0,0,-1,0.2389999999999999,0.2788075190578552,False,False
F47_113_11,F47,113,11,0.247,0.247,3,3,7,1,0,1,0,0,0,-1,0.247,0.2740556876174722,False,False
F47_113_12,F47,113,12,0.244,0.244,3,3,4,1,0,1,0,0,0,-1,0.2439999999999999,0.2795382505025588,False,False
F47_113_13,F47,113,13,0.254,0.254,3,3,4,1,0,1,0,0,0,-1,0.254,0.2778813087454197,False,False
F47_113_14,F47,113,14,0.265,0.265,3,3,5,1,1,1,0,0,0,-1,0.265,0.2812249605359556,False,False
F47_113_15,F47,113,15,0.257,0.257,3,3,7,1,0,1,0,0,0,-1,0.257,0.2848034740606674,False,False
F47_113_16,F47,113,16,0.263,0.263,3,3,3,1,0,1,0,0,0,-1,0.263,0.2838640371912886,False,False
F47_113_17,F47,113,17,0.264,0.264,3,3,4,1,0,1,0,0,0,-1,0.264,0.2810364643798876,False,False
F47_113_18,F47,113,18,0.264,0.264,3,3,4,1,0,1,0,0,0,-1,0.264,0.2802601195173287,False,False
F47_113_19,F47,113,19,0.264,0.264,3,3,4,1,0,1,0,0,0,-1,0.264,0.28130167498882,False,False
F47_113_20,F47,113,20,0.262,0.262,3,3,2,1,0,1,0,0,0,-1,0.262,0.279873534917772,False,False
F47_113_21,F47,113,21,0.262,0.262,3,3,2,1,0,1,0,0,0,-1,0.262,0.2798602388800418,False,False
F47_113_22,F47,113,22,0.261,0.261,3,3,1,1,0,1,0,0,0,-1,0.261,0.2821457790857039,False,False
F47_113_23,F47,113,23,0.261,0.261,3,3,1,1,0,1,0,0,0,-1,0.261,0.2797192505838107,False,False
F47_114_00,F47,114,0,0.774,0.774,3,3,4,1,0,1,0,0,0,-1,0.774,0.9179776761571252,False,False
F47_114_01,F47,114,1,0.767,0.767,3,3,7,1,0,1,0,0,0,-1,0.767,0.9054444110268232,False,False
F47_114_02,F47,114,2,0.763,0.763,3,3,3,1,0,1,0,0,0,-1,0.763,0.8899277839193313,False,False
F47_114_03,F47,114,3,0.761,0.761,3,3,1,1,0,1,0,0,0,-1,0.761,0.8814523049102058,False,False
F47_114_04,F47,114,4,0.76,0.76,2,2,6,1,0,1,1,0,0,-1,0.76,0.8351556583817147,False,False
F47_114_05,F47,114,5,0.758,0.758,3,3,8,1,0,1,0,0,0,-1,0.758,0.8200514746930951,False,False
F47_114_06,F47,114,6,0.758,0.758,3,3,8,1,0,1,0,0,0,-1,0.758,0.807750669383216,False,False
F47_114_07,F47,114,7,0.759,0.759,3,3,9,1,0,1,0,0,0,-1,0.759,0.7930949117463284,False,False
F47_114_08,F47,114,8,0.757,0.757,3,3,7,1,0,1,0,0,0,-1,0.757,0.7494740027465548,False,False
F47_114_09,F47,114,9,0.783,0.783,3,3,3,1,0,1,0,0,0,-1,0.783,0.7499930312748628,False,False
F47_114_10,F47,114,10,0.195,0.195,3,3,5,1,1,1,0,0,0,-1,0.195,0.6853196103344629,False,False
F47_114_11,F47,114,11,0.754,0.754,3,3,4,1,0,1,0,0,0,-1,0.754,0.7055461912664264,False,False
F47_114_12,F47,114,12,0.791,0.791,3,3,1,1,0,1,0,0,0,-1,0.791,0.7431611785178756,False,False
F47_114_13,F47,114,13,0.806,0.806,3,3,6,1,0,1,0,0,0,-1,0.806,0.7534060543208047,False,False
F47_114_14,F47,114,14,0.801,0.801,3,3,1,1,0,1,0,0,0,-1,0.801,0.7667097900425883,False,False
F47_114_15,F47,114,15,0.827,0.827,3,3,7,1,0,1,0,0,0,-1,0.8269999999999998,0.7793900818013119,False,False
F47_114_16,F47,114,16,0.894,0.894,3,3,4,1,0,1,0,0,0,-1,0.894,0.7772573957422395,False,False
F47_114_17,F47,114,17,0.902,0.902,3,3,2,1,0,1,0,0,0,-1,0.902,0.7741629811631869,False,False
F47_114_18,F47,114,18,0.841,0.841,3,3,1,1,0,1,0,0,0,-1,0.8409999999999999,0.8221116458662385,False,False
F47_114_19,F47,114,19,0.81,0.81,2,2,1,1,0,1,1,0,0,-1,0.81,0.8086047632675406,False,False
F47_114_20,F47,114,20,0.795,0.795,3,3,5,1,1,1,0,0,0,-1,0.795,0.8016673695563618,False,False
F47_114_21,F47,114,21,0.789,0.789,3,3,9,1,0,1,0,0,0,-1,0.789,0.7944626548492774,False,False
F47_114_22,F47,114,22,0.784,0.784,3,3,4,1,0,1,0,0,0,-1,0.784,0.7907068320002361,False,False
F47_114_23,F47,114,23,0.781,0.781,3,3,1,1,0,1,0,0,0,-1,0.781,0.7817317326585697,False,False
F47_116_00,F47,116,0,0.777,0.777,3,3,7,1,0,1,0,0,0,-1,0.777,0.9316182976232192,False,False
F47_116_01,F47,116,1,0.774,0.774,3,3,4,1,0,1,0,0,0,-1,0.774,0.9027734568454014,False,False
F47_116_02,F47,116,2,0.772,0.772,3,3,2,1,0,1,0,0,0,-1,0.772,0.9063135077450672,False,False
F47_116_03,F47,116,3,0.766,0.766,3,3,6,1,0,1,0,0,0,-1,0.766,0.9500006131654106,False,False
F47_116_04,F47,116,4,0.761,0.761,3,3,1,1,0,1,0,0,0,-1,0.761,0.9344584919244872,False,False
F47_116_05,F47,116,5,0.759,0.759,3,3,9,1,0,1,0,0,0,-1,0.759,0.9029588489369276,False,False
F47_116_06,F47,116,6,0.756,0.756,3,3,6,1,0,1,0,0,0,-1,0.756,0.8953510203580759,False,False
F47_116_07,F47,116,7,0.756,0.756,3,3,6,1,0,1,0,0,0,-1,0.756,0.8999125118621544,False,False
F47_116_08,F47,116,8,0.752,0.752,3,3,2,1,0,1,0,0,0,-1,0.752,0.8383381092898075,False,False
F47_116_09,F47,116,9,0.779,0.779,3,3,9,1,0,1,0,0,0,-1,0.779,0.8109161003062549,False,False
F47_116_10,F47,116,10,0.778,0.778,3,3,8,1,0,1,0,0,0,-1,0.778,0.8099599777463897,False,False
F47_116_11,F47,116,11,0.793,0.793,3,3,3,1,0,1,0,0,0,-1,0.793,0.8259666435590504,False,False
F47_116_12,F47,116,12,0.795,0.795,3,3,5,1,1,1,0,0,0,-1,0.795,0.8322303085258328,False,False
F47_116_13,F47,116,13,0.814,0.814,3,3,4,1,0,1,0,0,0,-1,0.814,0.8363842197808935,False,False
F47_116_14,F47,116,14,0.812,0.812,3,3,2,1,0,1,0,0,0,-1,0.812,0.8360506848124079,False,False
F47_116_15,F47,116,15,0.849,0.849,3,3,9,1,0,1,0,0,0,-1,0.8489999999999999,0.8314486181180522,False,False
F47_116_16,F47,116,16,0.944,0.944,3,3,4,1,0,1,0,0,0,-1,0.944,0.8030906108743161,False,False
F47_116_17,F47,116,17,1.062,1.062,3,4,2,1,0,1,0,0,0,0,1.062,0.8083293418275057,False,False
F47_116_18,F47,116,18,0.993,0.993,3,3,3,1,0,1,0,0,0,-1,0.993,0.8792072124930836,False,False
F47_116_19,F47,116,19,0.909,0.909,3,3,9,1,0,1,0,0,0,-1,0.909,0.8922765661655678,False,False
F47_116_20,F47,116,20,0.847,0.847,3,3,7,1,0,1,0,0,0,-1,0.8469999999999999,0.8782849454871513,False,False
F47_116_21,F47,116,21,0.818,0.818,3,3,8,1,0,1,0,0,0,-1,0.818,0.8743825701414178,False,False
F47_116_22,F47,116,22,0.798,0.798,3,3,8,1,0,1,0,0,0,-1,0.798,0.8729936451318376,False,False
F47_116_23,F47,116,23,0.792,0.792,3,3,2,1,0,1,0,0,0,-1,0.792,0.8767493432486289,False,False
F47_117_00,F47,117,0,0.785,0.785,3,3,5,1,1,1,0,0,0,-1,0.785,0.9811294756889574,False,False
F47_117_01,F47,117,1,0.781,0.781,3,3,1,1,0,1,0,0,0,-1,0.781,0.9883236591388956,False,False
F47_117_02,F47,117,2,0.776,0.776,3,3,6,1,0,1,0,0,0,-1,0.776,0.9863723181911456,False,False
F47_117_03,F47,117,3,0.776,0.776,3,3,6,1,0,1,0,0,0,-1,0.776,0.97689466470427,False,False
F47_117_04,F47,117,4,0.774,0.774,3,3,4,1,0,1,0,0,0,-1,0.774,0.9824997584687238,False,False
F47_117_05,F47,117,5,0.772,0.772,3,3,2,1,0,1,0,0,0,-1,0.772,0.9919439803924772,False,False
F47_117_06,F47,117,6,0.769,0.769,3,3,9,1,0,1,0,0,0,-1,0.769,0.9890585410414716,False,False
F47_117_07,F47,117,7,0.769,0.769,3,3,9,1,0,1,0,0,0,-1,0.769,0.9411033217782944,False,False
F47_117_08,F47,117,8,0.768,0.768,3,3,8,1,0,1,0,0,0,-1,0.768,0.8721256924484757,False,False
F47_117_09,F47,117,9,0.801,0.801,3,3,1,1,0,1,0,0,0,-1,0.801,0.8360475563615636,False,False
F47_117_10,F47,117,10,0.8,0.8,1,1,8,1,0,1,1,1,0,-1,0.8,0.832101904978447,False,False
F47_117_11,F47,117,11,0.814,0.814,3,3,4,1,0,1,0,0,0,-1,0.814,0.8434304094220098,False,False
F47_117_12,F47,117,12,0.815,0.815,3,3,5,1,1,1,0,0,0,-1,0.815,0.8438688765918618,False,False
F47_117_13,F47,117,13,0.834,0.834,3,3,4,1,0,1,0,0,0,-1,0.8339999999999999,0.8452316275754145,False,False
F47_117_14,F47,117,14,0.84,0.84,2,2,4,1,0,1,1,0,0,-1,0.8399999999999999,0.8415347132395486,False,False
F47_117_15,F47,117,15,0.936,0.936,3,3,6,1,0,1,0,0,0,-1,0.936,0.8401518977875763,False,False
F47_117_16,F47,117,16,1.195,1.195,3,4,5,1,1,1,0,0,0,0,1.195,0.819160920881816,False,False
F47_117_17,F47,117,17,1.311,1.311,3,4,1,1,0,1,0,0,0,0,1.311,0.8212158228397938,False,False
F47_117_18,F47,117,18,1.298,1.298,3,4,8,1,0,1,0,0,0,0,1.298,0.8590909447224703,False,False
F47_117_19,F47,117,19,1.239,1.239,3,4,9,1,0,1,0,0,0,0,1.239,0.8610616253546741,False,False
F47_117_20,F47,117,20,1.123,1.123,3,4,3,1,0,1,0,0,0,0,1.123,0.8564323627949972,False,False
F47_117_21,F47,117,21,1.001,1.001,3,4,1,1,0,1,0,0,0,0,1.001,0.8412296243122384,False,False
F47_117_22,F47,117,22,0.936,0.936,3,3,6,1,0,1,0,0,0,-1,0.936,0.8352516378009464,False,False
F47_117_23,F47,117,23,0.877,0.877,3,3,7,1,0,1,0,0,0,-1,0.877,0.832497340950126,False,False
F47_118_00,F47,118,0,0.287,0.287,3,3,7,1,0,1,0,0,0,-1,0.2869999999999999,0.3372035244202971,False,False
F47_118_01,F47,118,1,0.287,0.287,3,3,7,1,0,1,0,0,0,-1,0.2869999999999999,0.32708966197216,False,False
F47_118_02,F47,118,2,0.287,0.287,3,3,7,1,0,1,0,0,0,-1,0.2869999999999999,0.3229355556961506,False,False
F47_118_03,F47,118,3,0.288,0.288,3,3,8,1,0,1,0,0,0,-1,0.2879999999999999,0.3260960228423781,False,False
F47_118_04,F47,118,4,0.288,0.288,3,3,8,1,0,1,0,0,0,-1,0.2879999999999999,0.3349964258067489,False,False
F47_118_05,F47,118,5,0.289,0.289,3,3,9,1,0,1,0,0,0,-1,0.2889999999999999,0.3315313788542709,False,False
F47_118_06,F47,118,6,0.275,0.275,3,3,5,1,1,1,0,0,0,-1,0.275,0.3379179512551536,False,False
F47_118_07,F47,118,7,0.273,0.273,3,3,3,1,0,1,0,0,0,-1,0.273,0.3431826080932801,False,False
F47_118_08,F47,118,8,0.274,0.274,3,3,4,1,0,1,0,0,0,-1,0.274,0.3343980211190315,False,False
F47_118_09,F47,118,9,0.27,0.27,2,2,7,1,0,1,1,0,0,-1,0.27,0.3459756495927459,False,False
F47_118_10,F47,118,10,0.273,0.273,3,3,3,1,0,1,0,0,0,-1,0.273,0.3326682706348276,False,False
F47_118_11,F47,118,11,0.28,0.28,2,2,8,1,0,1,1,0,0,-1,0.28,0.3477011545279087,False,False
F47_118_12,F47,118,12,0.277,0.277,3,3,7,1,0,1,0,0,0,-1,0.277,0.3537971292127135,False,False
F47_118_13,F47,118,13,0.281,0.281,3,3,1,1,0,1,0,0,0,-1,0.281,0.3564337157463418,False,False
F47_118_14,F47,118,14,0.29,0.29,2,2,9,1,0,1,1,0,0,-1,0.2899999999999999,0.3606513934853746,False,False
F47_118_15,F47,118,15,0.287,0.287,3,3,7,1,0,1,0,0,0,-1,0.2869999999999999,0.3602186585436469,False,False
F47_118_16,F47,118,16,0.29,0.29,2,2,9,1,0,1,1,0,0,-1,0.2899999999999999,0.3569472346439734,False,False
F47_118_17,F47,118,17,0.292,0.292,3,3,2,1,0,1,0,0,0,-1,0.2919999999999999,0.3462429365518197,False,False
F47_118_18,F47,118,18,0.292,0.292,3,3,2,1,0,1,0,0,0,-1,0.2919999999999999,0.3468957400438517,False,False
F47_118_19,F47,118,19,0.292,0.292,3,3,2,1,0,1,0,0,0,-1,0.2919999999999999,0.3486152045483969,False,False
F47_118_20,F47,118,20,0.292,0.292,3,3,2,1,0,1,0,0,0,-1,0.2919999999999999,0.3388697721932943,False,False
F47_118_21,F47,118,21,0.291,0.291,3,3,1,1,0,1,0,0,0,-1,0.2909999999999999,0.3483674497675394,False,False
F47_118_22,F47,118,22,0.29,0.29,2,2,9,1,0,1,1,0,0,-1,0.2899999999999999,0.3464593667277571,False,False
F47_118_23,F47,118,23,0.31,0.31,2,2,1,1,0,1,1,0,0,-1,0.31,0.344005582710808,False,False
F47_119_00,F47,119,0,0.843,0.843,3,3,3,1,0,1,0,0,0,-1,0.8429999999999999,0.6392849719493998,False,False
F47_119_01,F47,119,1,0.828,0.828,3,3,8,1,0,1,0,0,0,-1,0.8279999999999998,0.6212368872203599,False,False
F47_119_02,F47,119,2,0.819,0.819,3,3,9,1,0,1,0,0,0,-1,0.819,0.602445078745422,False,False
F47_119_03,F47,119,3,0.812,0.812,3,3,2,1,0,1,0,0,0,-1,0.812,0.5832909006891459,False,False
F47_119_04,F47,119,4,0.807,0.807,3,3,7,1,0,1,0,0,0,-1,0.807,0.580076574626092,False,False
F47_119_05,F47,119,5,0.8,0.8,1,1,8,1,0,1,1,1,0,-1,0.8,0.5872538338415727,False,False
F47_119_06,F47,119,6,0.793,0.793,3,3,3,1,0,1,0,0,0,-1,0.793,0.6061234833365556,False,False
F47_119_07,F47,119,7,0.784,0.784,3,3,4,1,0,1,0,0,0,-1,0.784,0.5999338021550275,False,False
F47_119_08,F47,119,8,0.78,0.78,2,2,8,1,0,1,1,0,0,-1,0.78,0.6154709259223747,False,False
F47_119_09,F47,119,9,0.813,0.813,3,3,3,1,0,1,0,0,0,-1,0.813,0.6351090403494075,False,False
F47_119_10,F47,119,10,0.833,0.833,3,3,3,1,0,1,0,0,0,-1,0.8329999999999999,0.611840030906779,False,False
F47_119_11,F47,119,11,0.84,0.84,2,2,4,1,0,1,1,0,0,-1,0.8399999999999999,0.5971149850004775,False,False
F47_119_12,F47,119,12,0.852,0.852,3,3,2,1,0,1,0,0,0,-1,0.8519999999999999,0.5954600786318119,False,False
F47_119_13,F47,119,13,0.878,0.878,3,3,8,1,0,1,0,0,0,-1,0.878,0.5973710894343726,False,False
F47_119_14,F47,119,14,0.932,0.932,3,3,2,1,0,1,0,0,0,-1,0.932,0.5959441444664372,False,False
F47_119_15,F47,119,15,1.189,1.189,3,4,9,1,0,1,0,0,0,0,1.189,0.5981235590362135,False,False
F47_119_16,F47,119,16,1.186,1.186,3,4,6,1,0,1,0,0,0,0,1.186,0.6574983137076997,False,False
F47_119_17,F47,119,17,1.242,1.242,3,4,2,1,0,1,0,0,0,0,1.242,0.6865378993684625,False,False
F47_119_18,F47,119,18,1.247,1.247,3,4,7,1,0,1,0,0,0,0,1.247,0.6410890252242781,False,False
F47_119_19,F47,119,19,1.158,1.158,3,4,8,1,0,1,0,0,0,0,1.158,0.6338258403090973,False,False
F47_119_20,F47,119,20,1.04,1.04,2,3,4,1,0,1,1,0,0,0,1.04,0.6402559118135176,False,False
F47_119_21,F47,119,21,0.957,0.957,3,3,7,1,0,1,0,0,0,-1,0.957,0.6446163926940836,False,False
F47_119_22,F47,119,22,0.9,0.9,1,1,9,1,0,1,1,1,0,-1,0.9,0.6370864207074329,False,False
F47_119_23,F47,119,23,0.792,0.792,3,3,2,1,0,1,0,0,0,-1,0.792,0.6496592804527853,False,False
F47_120_00,F47,120,0,0.386,0.386,3,3,6,1,0,1,0,0,0,-1,0.386,0.6125916011129637,False,False
F47_120_01,F47,120,1,0.373,0.373,3,3,3,1,0,1,0,0,0,-1,0.373,0.6038994175803893,False,False
F47_120_02,F47,120,2,0.373,0.373,3,3,3,1,0,1,0,0,0,-1,0.373,0.6155389887017714,False,False
F47_120_03,F47,120,3,0.372,0.372,3,3,2,1,0,1,0,0,0,-1,0.372,0.6162286034775188,False,False
F47_120_04,F47,120,4,0.372,0.372,3,3,2,1,0,1,0,0,0,-1,0.372,0.6387270733262109,False,False
F47_120_05,F47,120,5,0.371,0.371,3,3,1,1,0,1,0,0,0,-1,0.371,0.6095354724659185,False,False
F47_120_06,F47,120,6,0.372,0.372,3,3,2,1,0,1,0,0,0,-1,0.372,0.6286380391736265,False,False
F47_120_07,F47,120,7,0.373,0.373,3,3,3,1,0,1,0,0,0,-1,0.373,0.5898600788457135,False,False
F47_120_08,F47,120,8,0.375,0.375,3,3,5,1,1,1,0,0,0,-1,0.375,0.590082412088842,False,False
F47_120_09,F47,120,9,0.383,0.383,3,3,3,1,0,1,0,0,0,-1,0.383,0.5896652018814809,False,False
F47_120_10,F47,120,10,0.399,0.399,3,3,9,1,0,1,0,0,0,-1,0.399,0.587232696750913,False,False
F47_120_11,F47,120,11,0.411,0.411,3,3,1,1,0,1,0,0,0,-1,0.4109999999999999,0.5833066130138977,False,False
F47_120_12,F47,120,12,0.418,0.418,3,3,8,1,0,1,0,0,0,-1,0.4179999999999999,0.5895626403638043,False,False
F47_120_13,F47,120,13,0.427,0.427,3,3,7,1,0,1,0,0,0,-1,0.4269999999999999,0.5778875141394381,False,False
F47_120_14,F47,120,14,0.437,0.437,3,3,7,1,0,1,0,0,0,-1,0.437,0.5885572508526777,False,False
F47_120_15,F47,120,15,0.447,0.447,3,3,7,1,0,1,0,0,0,-1,0.447,0.5934653224720412,False,False
F47_120_16,F47,120,16,0.454,0.454,3,3,4,1,0,1,0,0,0,-1,0.454,0.596013950566387,False,False
F47_120_17,F47,120,17,0.455,0.455,3,3,5,1,1,1,0,0,0,-1,0.455,0.6098233002103493,False,False
F47_120_18,F47,120,18,0.447,0.447,3,3,7,1,0,1,0,0,0,-1,0.447,0.6072213978063856,False,False
F47_120_19,F47,120,19,0.437,0.437,3,3,7,1,0,1,0,0,0,-1,0.437,0.6064074566386225,False,False
F47_120_20,F47,120,20,0.425,0.425,3,3,5,1,1,1,0,0,0,-1,0.4249999999999999,0.619987667924525,False,False
F47_120_21,F47,120,21,0.414,0.414,3,3,4,1,0,1,0,0,0,-1,0.4139999999999999,0.641747185586101,False,False
F47_120_22,F47,120,22,0.403,0.403,3,3,3,1,0,1,0,0,0,-1,0.403,0.6663574365606134,False,False
F47_120_23,F47,120,23,0.395,0.395,3,3,5,1,1,1,0,0,0,-1,0.395,0.6814240544560413,False,False
F47_121_00,F47,121,0,0.598,0.598,3,3,8,1,0,1,0,0,0,-1,0.5979999999999999,0.6544616111726104,False,False
F47_121_01,F47,121,1,0.591,0.591,3,3,1,1,0,1,0,0,0,-1,0.5909999999999999,0.6574553127784343,False,False
F47_121_02,F47,121,2,0.585,0.585,3,3,5,1,1,1,0,0,0,-1,0.5849999999999999,0.6647516735730638,False,False
F47_121_03,F47,121,3,0.581,0.581,3,3,1,1,0,1,0,0,0,-1,0.5809999999999998,0.6804645010861483,False,False
F47_121_04,F47,121,4,0.575,0.575,3,3,5,1,1,1,0,0,0,-1,0.5749999999999998,0.7066461199053455,False,False
F47_121_05,F47,121,5,0.572,0.572,3,3,2,1,0,1,0,0,0,-1,0.572,0.6814010311718345,False,False
F47_121_06,F47,121,6,0.57,0.57,2,2,7,1,0,1,1,0,0,-1,0.57,0.6610018373513947,False,False
F47_121_07,F47,121,7,0.567,0.567,3,3,7,1,0,1,0,0,0,-1,0.567,0.6412035889160635,False,False
F47_121_08,F47,121,8,0.576,0.576,3,3,6,1,0,1,0,0,0,-1,0.5759999999999998,0.6404100502705516,False,False
F47_121_09,F47,121,9,0.585,0.585,3,3,5,1,1,1,0,0,0,-1,0.5849999999999999,0.6207744268840811,False,False
F47_121_10,F47,121,10,0.592,0.592,3,3,2,1,0,1,0,0,0,-1,0.5919999999999999,0.7162382900593904,False,False
F47_121_11,F47,121,11,0.601,0.601,3,3,1,1,0,1,0,0,0,-1,0.6009999999999999,0.7049242825588204,False,False
F47_121_12,F47,121,12,0.609,0.609,3,3,9,1,0,1,0,0,0,-1,0.6089999999999999,0.756969747694413,False,False
F47_121_13,F47,121,13,0.617,0.617,3,3,7,1,0,1,0,0,0,-1,0.6169999999999999,0.7459828904227263,False,False
F47_121_14,F47,121,14,0.621,0.621,3,3,1,1,0,1,0,0,0,-1,0.621,0.7564291194496906,False,False
F47_121_15,F47,121,15,0.624,0.624,3,3,4,1,0,1,0,0,0,-1,0.624,0.7506973159436297,False,False
F47_121_16,F47,121,16,0.622,0.622,3,3,2,1,0,1,0,0,0,-1,0.622,0.7266967376021096,False,False
F47_121_17,F47,121,17,0.617,0.617,3,3,7,1,0,1,0,0,0,-1,0.6169999999999999,0.6833269447623233,False,False
F47_121_18,F47,121,18,0.615,0.615,3,3,5,1,1,1,0,0,0,-1,0.6149999999999999,0.7083091585973084,False,False
F47_121_19,F47,121,19,0.612,0.612,3,3,2,1,0,1,0,0,0,-1,0.6119999999999999,0.7098862368857634,False,False
F47_121_20,F47,121,20,0.608,0.608,3,3,8,1,0,1,0,0,0,-1,0.6079999999999999,0.7335412684352055,False,False
F47_121_21,F47,121,21,0.605,0.605,3,3,5,1,1,1,0,0,0,-1,0.6049999999999999,0.719404414132553,False,False
F47_121_22,F47,121,22,0.601,0.601,3,3,1,1,0,1,0,0,0,-1,0.6009999999999999,0.7093764253279095,False,False
F47_121_23,F47,121,23,0.597,0.597,3,3,7,1,0,1,0,0,0,-1,0.5969999999999999,0.7096584165248608,False,False
F47_122_00,F47,122,0,0.594,0.594,3,3,4,1,0,1,0,0,0,-1,0.5939999999999999,0.4822007736828096,False,False
F47_122_01,F47,122,1,0.592,0.592,3,3,2,1,0,1,0,0,0,-1,0.5919999999999999,0.498583530198697,False,False
F47_122_02,F47,122,2,0.591,0.591,3,3,1,1,0,1,0,0,0,-1,0.5909999999999999,0.4683349993666232,False,False
F47_122_03,F47,122,3,0.589,0.589,3,3,9,1,0,1,0,0,0,-1,0.5889999999999999,0.547838719309339,False,False
F47_122_04,F47,122,4,0.587,0.587,3,3,7,1,0,1,0,0,0,-1,0.5869999999999999,0.543192933404436,False,False
F47_122_05,F47,122,5,0.585,0.585,3,3,5,1,1,1,0,0,0,-1,0.5849999999999999,0.5145532671179452,False,False
F47_122_06,F47,122,6,0.583,0.583,3,3,3,1,0,1,0,0,0,-1,0.5829999999999999,0.5345069853984927,False,False
F47_122_07,F47,122,7,0.582,0.582,3,3,2,1,0,1,0,0,0,-1,0.5819999999999999,0.5397740017734333,False,False
F47_122_08,F47,122,8,0.59,0.59,2,2,9,1,0,1,1,0,0,-1,0.5899999999999999,0.5468579841242176,False,False
F47_122_09,F47,122,9,0.595,0.595,3,3,5,1,1,1,0,0,0,-1,0.5949999999999999,0.5073777510106585,False,False
F47_122_10,F47,122,10,0.6,0.6,1,1,6,1,0,1,1,1,0,-1,0.5999999999999999,0.5951528492116962,False,False
F47_122_11,F47,122,11,0.607,0.607,3,3,7,1,0,1,0,0,0,-1,0.6069999999999999,0.5997466164067352,False,False
F47_122_12,F47,122,12,0.611,0.611,3,3,1,1,0,1,0,0,0,-1,0.6109999999999999,0.6006002724675404,False,False
F47_122_13,F47,122,13,0.614,0.614,3,3,4,1,0,1,0,0,0,-1,0.6139999999999999,0.6215751119669747,False,False
F47_122_14,F47,122,14,0.613,0.613,3,3,3,1,0,1,0,0,0,-1,0.6129999999999999,0.6171295980017825,False,False
F47_122_15,F47,122,15,0.616,0.616,3,3,6,1,0,1,0,0,0,-1,0.6159999999999999,0.6189210515156544,False,False
F47_122_16,F47,122,16,0.615,0.615,3,3,5,1,1,1,0,0,0,-1,0.6149999999999999,0.6255461965027403,False,False
F47_122_17,F47,122,17,0.613,0.613,3,3,3,1,0,1,0,0,0,-1,0.6129999999999999,0.6093645684987385,False,False
F47_122_18,F47,122,18,0.61,0.61,2,2,1,1,0,1,1,0,0,-1,0.6099999999999999,0.61548530618756,False,False
F47_122_19,F47,122,19,0.607,0.607,3,3,7,1,0,1,0,0,0,-1,0.6069999999999999,0.6037884413896667,False,False
F47_122_20,F47,122,20,0.603,0.603,3,3,3,1,0,1,0,0,0,-1,0.6029999999999999,0.5998075499284122,False,False
F47_122_21,F47,122,21,0.601,0.601,3,3,1,1,0,1,0,0,0,-1,0.6009999999999999,0.5831803368953151,False,False
F47_122_22,F47,122,22,0.599,0.599,3,3,9,1,0,1,0,0,0,-1,0.5989999999999999,0.6077855935745843,False,False
F47_122_23,F47,122,23,0.598,0.598,3,3,8,1,0,1,0,0,0,-1,0.5979999999999999,0.6032328803248651,False,False
F47_123_00,F47,123,0,0.415,0.415,3,3,5,1,1,1,0,0,0,-1,0.4149999999999999,0.6890400029398043,False,False
F47_123_01,F47,123,1,0.415,0.415,3,3,5,1,1,1,0,0,0,-1,0.4149999999999999,0.6895489955151906,False,False
F47_123_02,F47,123,2,0.413,0.413,3,3,3,1,0,1,0,0,0,-1,0.4129999999999999,0.6828577128972707,False,False
F47_123_03,F47,123,3,0.412,0.412,3,3,2,1,0,1,0,0,0,-1,0.4119999999999999,0.6679005912582267,False,False
F47_123_04,F47,123,4,0.411,0.411,3,3,1,1,0,1,0,0,0,-1,0.4109999999999999,0.6632422788286307,False,False
F47_123_05,F47,123,5,0.411,0.411,3,3,1,1,0,1,0,0,0,-1,0.4109999999999999,0.6723561259029396,False,False
F47_123_06,F47,123,6,0.41,0.41,2,2,1,1,0,1,1,0,0,-1,0.4099999999999999,0.6722047035507168,False,False
F47_123_07,F47,123,7,0.407,0.407,3,3,7,1,0,1,0,0,0,-1,0.4069999999999999,0.6612863843173876,False,False
F47_123_08,F47,123,8,0.416,0.416,3,3,6,1,0,1,0,0,0,-1,0.4159999999999999,0.6808698285386714,False,False
F47_123_09,F47,123,9,0.438,0.438,3,3,8,1,0,1,0,0,0,-1,0.438,0.6905318070373786,False,False
F47_123_10,F47,123,10,0.458,0.458,3,3,8,1,0,1,0,0,0,-1,0.458,0.6695625471859784,False,False
F47_123_11,F47,123,11,0.466,0.466,3,3,6,1,0,1,0,0,0,-1,0.466,0.6838699637241926,False,False
F47_123_12,F47,123,12,0.465,0.465,3,3,5,1,1,1,0,0,0,-1,0.465,0.6806359564704996,False,False
F47_123_13,F47,123,13,0.465,0.465,3,3,5,1,1,1,0,0,0,-1,0.465,0.7114555370616658,False,False
F47_123_14,F47,123,14,0.465,0.465,3,3,5,1,1,1,0,0,0,-1,0.465,0.7356604257786065,False,False
F47_123_15,F47,123,15,0.465,0.465,3,3,5,1,1,1,0,0,0,-1,0.465,0.7615889992845588,False,False
F47_123_16,F47,123,16,0.465,0.465,3,3,5,1,1,1,0,0,0,-1,0.465,0.7435589706875237,False,False
F47_123_17,F47,123,17,0.464,0.464,3,3,4,1,0,1,0,0,0,-1,0.464,0.7049101505314752,False,False
F47_123_18,F47,123,18,0.461,0.461,3,3,1,1,0,1,0,0,0,-1,0.461,0.7053827497576137,False,False
F47_123_19,F47,123,19,0.458,0.458,3,3,8,1,0,1,0,0,0,-1,0.458,0.7006368751973368,False,False
F47_123_20,F47,123,20,0.451,0.451,3,3,1,1,0,1,0,0,0,-1,0.451,0.7136947693913522,False,False
F47_123_21,F47,123,21,0.446,0.446,3,3,6,1,0,1,0,0,0,-1,0.446,0.7111980792151775,False,False
F47_123_22,F47,123,22,0.443,0.443,3,3,3,1,0,1,0,0,0,-1,0.443,0.7000372385791331,False,False
F47_123_23,F47,123,23,0.44,0.44,2,2,4,1,0,1,1,0,0,-1,0.44,0.709951442963508,False,False
F47_124_00,F47,124,0,0.455,0.455,3,3,5,1,1,1,0,0,0,-1,0.455,0.7083934983713919,False,False
F47_124_01,F47,124,1,0.452,0.452,3,3,2,1,0,1,0,0,0,-1,0.452,0.7020056799314207,False,False
F47_124_02,F47,124,2,0.449,0.449,3,3,9,1,0,1,0,0,0,-1,0.449,0.7081363363175206,False,False
F47_124_03,F47,124,3,0.447,0.447,3,3,7,1,0,1,0,0,0,-1,0.447,0.7075999832951394,False,False
F47_124_04,F47,124,4,0.445,0.445,3,3,5,1,1,1,0,0,0,-1,0.445,0.7026243848524909,False,False
F47_124_05,F47,124,5,0.442,0.442,3,3,2,1,0,1,0,0,0,-1,0.442,0.6995113417933781,False,False
F47_124_06,F47,124,6,0.44,0.44,2,2,4,1,0,1,1,0,0,-1,0.44,0.7006473024072892,False,False
F47_124_07,F47,124,7,0.438,0.438,3,3,8,1,0,1,0,0,0,-1,0.438,0.6855448082163716,False,False
F47_124_08,F47,124,8,0.446,0.446,3,3,6,1,0,1,0,0,0,-1,0.446,0.700833018239679,False,False
F47_124_09,F47,124,9,0.469,0.469,3,3,9,1,0,1,0,0,0,-1,0.4689999999999999,0.70254851675116,False,False
F47_124_10,F47,124,10,0.485,0.485,3,3,5,1,1,1,0,0,0,-1,0.4849999999999999,0.7003766725220317,False,False
F47_124_11,F47,124,11,0.483,0.483,3,3,3,1,0,1,0,0,0,-1,0.4829999999999999,0.7065546089273566,False,False
F47_124_12,F47,124,12,0.488,0.488,3,3,8,1,0,1,0,0,0,-1,0.4879999999999999,0.73642579587168,False,False
F47_124_13,F47,124,13,0.498,0.498,3,3,8,1,0,1,0,0,0,-1,0.498,0.7747269691485081,False,False
F47_124_14,F47,124,14,0.5,0.5,1,1,5,1,1,1,1,1,0,-1,0.5,0.7851502756452768,False,False
F47_124_15,F47,124,15,0.501,0.501,3,3,1,1,0,1,0,0,0,-1,0.501,0.7661640219454612,False,False
F47_124_16,F47,124,16,0.502,0.502,3,3,2,1,0,1,0,0,0,-1,0.502,0.7496321818816598,False,False
F47_124_17,F47,124,17,0.515,0.515,3,3,5,1,1,1,0,0,0,-1,0.515,0.7347436061220367,False,False
F47_124_18,F47,124,18,0.517,0.517,3,3,7,1,0,1,0,0,0,-1,0.517,0.7327400470036269,False,False
F47_124_19,F47,124,19,0.514,0.514,3,3,4,1,0,1,0,0,0,-1,0.514,0.7261768005766999,False,False
F47_124_20,F47,124,20,0.51,0.51,2,2,1,1,0,1,1,0,0,-1,0.51,0.7186980187684762,False,False
F47_124_21,F47,124,21,0.507,0.507,3,3,7,1,0,1,0,0,0,-1,0.507,0.7136588553218421,False,False
F47_124_22,F47,124,22,0.503,0.503,3,3,3,1,0,1,0,0,0,-1,0.503,0.707020132743649,False,False
F47_124_23,F47,124,23,0.5,0.5,1,1,5,1,1,1,1,1,0,-1,0.5,0.7052184086452351,False,False
F47_125_00,F47,125,0,0.665,0.665,3,3,5,1,1,1,0,0,0,-1,0.665,0.5509550426165117,False,False
F47_125_01,F47,125,1,0.663,0.663,3,3,3,1,0,1,0,0,0,-1,0.663,0.5384448584343609,False,False
F47_125_02,F47,125,2,0.662,0.662,3,3,2,1,0,1,0,0,0,-1,0.662,0.5497804135964137,False,False
F47_125_03,F47,125,3,0.66,0.66,2,2,6,1,0,1,1,0,0,-1,0.66,0.5419060236743871,False,False
F47_125_04,F47,125,4,0.658,0.658,3,3,8,1,0,1,0,0,0,-1,0.658,0.5455775582044166,False,False
F47_125_05,F47,125,5,0.656,0.656,3,3,6,1,0,1,0,0,0,-1,0.656,0.5193341930804757,False,False
F47_125_06,F47,125,6,0.654,0.654,3,3,4,1,0,1,0,0,0,-1,0.654,0.5368556489233153,False,False
F47_125_07,F47,125,7,0.653,0.653,3,3,3,1,0,1,0,0,0,-1,0.653,0.5427472853199595,False,False
F47_125_08,F47,125,8,0.655,0.655,3,3,5,1,1,1,0,0,0,-1,0.655,0.5526572858547069,False,False
F47_125_09,F47,125,9,0.653,0.653,3,3,3,1,0,1,0,0,0,-1,0.653,0.5552446851190153,False,False
F47_125_10,F47,125,10,0.651,0.651,3,3,1,1,0,1,0,0,0,-1,0.651,0.5462648670260764,False,False
F47_125_11,F47,125,11,0.66,0.66,2,2,6,1,0,1,1,0,0,-1,0.66,0.5827836638885413,False,False
F47_125_12,F47,125,12,0.675,0.675,3,3,5,1,1,1,0,0,0,-1,0.675,0.5744549640668379,False,False
F47_125_13,F47,125,13,0.685,0.685,3,3,5,1,1,1,0,0,0,-1,0.685,0.6022751399428423,False,False
F47_125_14,F47,125,14,0.69,0.69,2,2,9,1,0,1,1,0,0,-1,0.69,0.6042224386586836,False,False
F47_125_15,F47,125,15,0.697,0.697,3,3,7,1,0,1,0,0,0,-1,0.697,0.6165955096818618,False,False
F47_125_16,F47,125,16,0.704,0.704,3,3,4,1,0,1,0,0,0,-1,0.7039999999999998,0.6017568099277314,False,False
F47_125_17,F47,125,17,0.701,0.701,3,3,1,1,0,1,0,0,0,-1,0.7009999999999998,0.5975863761847726,False,False
F47_125_18,F47,125,18,0.7,0.7,1,1,7,1,0,1,1,1,0,-1,0.6999999999999998,0.605105056239243,False,False
F47_125_19,F47,125,19,0.693,0.693,3,3,3,1,0,1,0,0,0,-1,0.693,0.608192749048947,False,False
F47_125_20,F47,125,20,0.684,0.684,3,3,4,1,0,1,0,0,0,-1,0.684,0.6064792517142708,False,False
F47_125_21,F47,125,21,0.674,0.674,3,3,4,1,0,1,0,0,0,-1,0.674,0.6039032237469619,False,False
F47_125_22,F47,125,22,0.666,0.666,3,3,6,1,0,1,0,0,0,-1,0.666,0.6046477815895523,False,False
F47_125_23,F47,125,23,0.66,0.66,2,2,6,1,0,1,1,0,0,-1,0.66,0.6022934799994955,False,False
F47_126_00,F47,126,0,0.498,0.498,3,3,8,1,0,1,0,0,0,-1,0.498,0.5544146387236847,False,False
F47_126_01,F47,126,1,0.496,0.496,3,3,6,1,0,1,0,0,0,-1,0.496,0.5651095484585548,False,False
F47_126_02,F47,126,2,0.494,0.494,3,3,4,1,0,1,0,0,0,-1,0.4939999999999999,0.5660179592455585,False,False
F47_126_03,F47,126,3,0.493,0.493,3,3,3,1,0,1,0,0,0,-1,0.4929999999999999,0.5549459396077822,False,False
F47_126_04,F47,126,4,0.49,0.49,2,2,9,1,0,1,1,0,0,-1,0.4899999999999999,0.5622273296036204,False,False
F47_126_05,F47,126,5,0.488,0.488,3,3,8,1,0,1,0,0,0,-1,0.4879999999999999,0.5680465273425293,False,False
F47_126_06,F47,126,6,0.487,0.487,3,3,7,1,0,1,0,0,0,-1,0.4869999999999999,0.5726478879393899,False,False
F47_126_07,F47,126,7,0.485,0.485,3,3,5,1,1,1,0,0,0,-1,0.4849999999999999,0.5925246574602964,False,False
F47_126_08,F47,126,8,0.494,0.494,3,3,4,1,0,1,0,0,0,-1,0.4939999999999999,0.5689908761991918,False,False
F47_126_09,F47,126,9,0.505,0.505,3,3,5,1,1,1,0,0,0,-1,0.505,0.576804349194148,False,False
F47_126_10,F47,126,10,0.498,0.498,3,3,8,1,0,1,0,0,0,-1,0.498,0.6132138986354642,False,False
F47_126_11,F47,126,11,0.498,0.498,3,3,8,1,0,1,0,0,0,-1,0.498,0.6079873251374635,False,False
F47_126_12,F47,126,12,0.503,0.503,3,3,3,1,0,1,0,0,0,-1,0.503,0.6433833485811113,False,False
F47_126_13,F47,126,13,0.506,0.506,3,3,6,1,0,1,0,0,0,-1,0.506,0.6589267885073918,False,False
F47_126_14,F47,126,14,0.51,0.51,2,2,1,1,0,1,1,0,0,-1,0.51,0.64631027987202,False,False
F47_126_15,F47,126,15,0.513,0.513,3,3,3,1,0,1,0,0,0,-1,0.513,0.6677523948809958,False,False
F47_126_16,F47,126,16,0.519,0.519,3,3,9,1,0,1,0,0,0,-1,0.519,0.6821368709015097,False,False
F47_126_17,F47,126,17,0.519,0.519,3,3,9,1,0,1,0,0,0,-1,0.519,0.6640941560675655,False,False
F47_126_18,F47,126,18,0.512,0.512,3,3,2,1,0,1,0,0,0,-1,0.512,0.6530940506177066,False,False
F47_126_19,F47,126,19,0.503,0.503,3,3,3,1,0,1,0,0,0,-1,0.503,0.6375637350235575,False,False
F47_126_20,F47,126,20,0.492,0.492,3,3,2,1,0,1,0,0,0,-1,0.4919999999999999,0.6512394647985384,False,False
F47_126_21,F47,126,21,0.481,0.481,3,3,1,1,0,1,0,0,0,-1,0.4809999999999999,0.6759350266728547,False,False
F47_126_22,F47,126,22,0.474,0.474,3,3,4,1,0,1,0,0,0,-1,0.4739999999999999,0.6595319157228299,False,False
F47_126_23,F47,126,23,0.467,0.467,3,3,7,1,0,1,0,0,0,-1,0.467,0.6530011403434159,False,False
F47_127_00,F47,127,0,0.655,0.655,3,3,5,1,1,1,0,0,0,-1,0.655,0.5560518541639003,False,False
F47_127_01,F47,127,1,0.65,0.65,2,2,5,1,1,1,1,0,0,-1,0.65,0.5526858146543367,False,False
F47_127_02,F47,127,2,0.646,0.646,3,3,6,1,0,1,0,0,0,-1,0.646,0.5462448560726902,False,False
F47_127_03,F47,127,3,0.643,0.643,3,3,3,1,0,1,0,0,0,-1,0.643,0.5468695052313715,False,False
F47_127_04,F47,127,4,0.642,0.642,3,3,2,1,0,1,0,0,0,-1,0.642,0.5532171908077601,False,False
F47_127_05,F47,127,5,0.637,0.637,3,3,7,1,0,1,0,0,0,-1,0.637,0.5407390150582547,False,False
F47_127_06,F47,127,6,0.633,0.633,3,3,3,1,0,1,0,0,0,-1,0.633,0.5414240477892425,False,False
F47_127_07,F47,127,7,0.631,0.631,3,3,1,1,0,1,0,0,0,-1,0.631,0.5414854547754737,False,False
F47_127_08,F47,127,8,0.642,0.642,3,3,2,1,0,1,0,0,0,-1,0.642,0.5361382830667051,False,False
F47_127_09,F47,127,9,0.651,0.651,3,3,1,1,0,1,0,0,0,-1,0.651,0.5572165085930311,False,False
F47_127_10,F47,127,10,0.657,0.657,3,3,7,1,0,1,0,0,0,-1,0.657,0.5759338383630219,False,False
F47_127_11,F47,127,11,0.672,0.672,3,3,2,1,0,1,0,0,0,-1,0.672,0.5757863789712366,False,False
F47_127_12,F47,127,12,0.693,0.693,3,3,3,1,0,1,0,0,0,-1,0.693,0.5955151621856779,False,False
F47_127_13,F47,127,13,0.711,0.711,3,3,1,1,0,1,0,0,0,-1,0.7109999999999999,0.579724574450252,False,False
F47_127_14,F47,127,14,0.728,0.728,3,3,8,1,0,1,0,0,0,-1,0.7279999999999999,0.5985565023440392,False,False
F47_127_15,F47,127,15,0.743,0.743,3,3,3,1,0,1,0,0,0,-1,0.7429999999999999,0.633041898146179,False,False
F47_127_16,F47,127,16,0.754,0.754,3,3,4,1,0,1,0,0,0,-1,0.754,0.615203095299261,False,False
F47_127_17,F47,127,17,0.754,0.754,3,3,4,1,0,1,0,0,0,-1,0.754,0.6120503483838332,False,False
F47_127_18,F47,127,18,0.752,0.752,3,3,2,1,0,1,0,0,0,-1,0.752,0.6196458915457514,False,False
F47_127_19,F47,127,19,0.744,0.744,3,3,4,1,0,1,0,0,0,-1,0.7439999999999999,0.6163510433468478,False,False
F47_127_20,F47,127,20,0.733,0.733,3,3,3,1,0,1,0,0,0,-1,0.7329999999999999,0.6122560135591061,False,False
F47_127_21,F47,127,21,0.722,0.722,3,3,2,1,0,1,0,0,0,-1,0.7219999999999999,0.6285372045843385,False,False
F47_127_22,F47,127,22,0.714,0.714,3,3,4,1,0,1,0,0,0,-1,0.7139999999999999,0.6061182478782366,False,False
F47_127_23,F47,127,23,0.708,0.708,3,3,8,1,0,1,0,0,0,-1,0.7079999999999999,0.5844442200620581,False,False
F47_128_00,F47,128,0,0.461,0.461,3,3,1,1,0,1,0,0,0,-1,0.461,0.7494778375685073,False,False
F47_128_01,F47,128,1,0.457,0.457,3,3,7,1,0,1,0,0,0,-1,0.457,0.7385115089677907,False,False
F47_128_02,F47,128,2,0.454,0.454,3,3,4,1,0,1,0,0,0,-1,0.454,0.7491766236577933,False,False
F47_128_03,F47,128,3,0.452,0.452,3,3,2,1,0,1,0,0,0,-1,0.452,0.7596006127355878,False,False
F47_128_04,F47,128,4,0.45,0.45,2,2,5,1,1,1,1,0,0,-1,0.45,0.7626632859813138,False,False
F47_128_05,F47,128,5,0.449,0.449,3,3,9,1,0,1,0,0,0,-1,0.449,0.7323977329756117,False,False
F47_128_06,F47,128,6,0.446,0.446,3,3,6,1,0,1,0,0,0,-1,0.446,0.7515152425765886,False,False
F47_128_07,F47,128,7,0.448,0.448,3,3,8,1,0,1,0,0,0,-1,0.448,0.7138297346266199,False,False
F47_128_08,F47,128,8,0.454,0.454,3,3,4,1,0,1,0,0,0,-1,0.454,0.7089289332827676,False,False
F47_128_09,F47,128,9,0.468,0.468,3,3,8,1,0,1,0,0,0,-1,0.468,0.7100502222616146,False,False
F47_128_10,F47,128,10,0.478,0.478,3,3,8,1,0,1,0,0,0,-1,0.4779999999999999,0.7083801971513157,False,False
F47_128_11,F47,128,11,0.482,0.482,3,3,2,1,0,1,0,0,0,-1,0.4819999999999999,0.696358448169625,False,False
F47_128_12,F47,128,12,0.488,0.488,3,3,8,1,0,1,0,0,0,-1,0.4879999999999999,0.7057386394105893,False,False
F47_128_13,F47,128,13,0.498,0.498,3,3,8,1,0,1,0,0,0,-1,0.498,0.7169039111867618,False,False
F47_128_14,F47,128,14,0.51,0.51,2,2,1,1,0,1,1,0,0,-1,0.51,0.7299605749225366,False,False
F47_128_15,F47,128,15,0.518,0.518,3,3,8,1,0,1,0,0,0,-1,0.518,0.7110533238374305,False,False
F47_128_16,F47,128,16,0.525,0.525,3,3,5,1,1,1,0,0,0,-1,0.525,0.7206860175314946,False,False
F47_128_17,F47,128,17,0.527,0.527,3,3,7,1,0,1,0,0,0,-1,0.527,0.7288705384688021,False,False
F47_128_18,F47,128,18,0.52,0.52,2,2,2,1,0,1,1,0,0,-1,0.52,0.7007600372541853,False,False
F47_128_19,F47,128,19,0.51,0.51,2,2,1,1,0,1,1,0,0,-1,0.51,0.6837356941562704,False,False
F47_128_20,F47,128,20,0.497,0.497,3,3,7,1,0,1,0,0,0,-1,0.497,0.7073666047986573,False,False
F47_128_21,F47,128,21,0.486,0.486,3,3,6,1,0,1,0,0,0,-1,0.4859999999999999,0.7252778908244158,False,False
F47_128_22,F47,128,22,0.478,0.478,3,3,8,1,0,1,0,0,0,-1,0.4779999999999999,0.708907554921405,False,False
F47_128_23,F47,128,23,0.471,0.471,3,3,1,1,0,1,0,0,0,-1,0.4709999999999999,0.7147998679396536,False,False
F47_129_00,F47,129,0,0.702,0.702,3,3,2,1,0,1,0,0,0,-1,0.7019999999999998,0.6107731035583314,False,False
F47_129_01,F47,129,1,0.697,0.697,3,3,7,1,0,1,0,0,0,-1,0.697,0.7611248380725251,False,False
F47_129_02,F47,129,2,0.692,0.692,3,3,2,1,0,1,0,0,0,-1,0.692,0.636445658758124,False,False
F47_129_03,F47,129,3,0.682,0.682,3,3,2,1,0,1,0,0,0,-1,0.682,0.62031285286925,False,False
F47_129_04,F47,129,4,0.674,0.674,3,3,4,1,0,1,0,0,0,-1,0.674,0.7764791155536691,False,False
F47_129_05,F47,129,5,0.676,0.676,3,3,6,1,0,1,0,0,0,-1,0.676,0.6324960711643371,False,False
F47_129_06,F47,129,6,0.675,0.675,3,3,5,1,1,1,0,0,0,-1,0.675,0.7295177172752187,False,False
F47_129_07,F47,129,7,0.671,0.671,3,3,1,1,0,1,0,0,0,-1,0.671,0.6521992429252121,False,False
F47_129_08,F47,129,8,0.676,0.676,3,3,6,1,0,1,0,0,0,-1,0.676,0.6344077174832865,False,False
F47_129_09,F47,129,9,0.684,0.684,3,3,4,1,0,1,0,0,0,-1,0.684,0.6317003265829387,False,False
F47_129_10,F47,129,10,0.69,0.69,2,2,9,1,0,1,1,0,0,-1,0.69,0.6707851455464433,False,False
F47_129_11,F47,129,11,0.691,0.691,3,3,1,1,0,1,0,0,0,-1,0.691,0.6663423109470653,False,False
F47_129_12,F47,129,12,0.704,0.704,3,3,4,1,0,1,0,0,0,-1,0.7039999999999998,0.6549145323937767,False,False
F47_129_13,F47,129,13,0.722,0.722,3,3,2,1,0,1,0,0,0,-1,0.7219999999999999,0.6853713888300551,False,False
F47_129_14,F47,129,14,0.737,0.737,3,3,7,1,0,1,0,0,0,-1,0.7369999999999999,0.6825038198011206,False,False
F47_129_15,F47,129,15,0.745,0.745,3,3,5,1,1,1,0,0,0,-1,0.745,0.7315326242576611,False,False
F47_129_16,F47,129,16,0.754,0.754,3,3,4,1,0,1,0,0,0,-1,0.754,0.7294142885745905,False,False
F47_129_17,F47,129,17,0.757,0.757,3,3,7,1,0,1,0,0,0,-1,0.757,0.7224781507843565,False,False
F47_129_18,F47,129,18,0.756,0.756,3,3,6,1,0,1,0,0,0,-1,0.756,0.7042131866802209,False,False
F47_129_19,F47,129,19,0.75,0.75,2,2,5,1,1,1,1,0,0,-1,0.75,0.7253506415759685,False,False
F47_129_20,F47,129,20,0.743,0.743,3,3,3,1,0,1,0,0,0,-1,0.7429999999999999,0.6839981783842807,False,False
F47_129_21,F47,129,21,0.734,0.734,3,3,4,1,0,1,0,0,0,-1,0.7339999999999999,0.6687601015101823,False,False
F47_129_22,F47,129,22,0.727,0.727,3,3,7,1,0,1,0,0,0,-1,0.7269999999999999,0.6595835045178106,False,False
F47_129_23,F47,129,23,0.719,0.719,3,3,9,1,0,1,0,0,0,-1,0.7189999999999999,0.654783863330431,False,False
F47_130_00,F47,130,0,0.465,0.465,3,3,5,1,1,1,0,0,0,-1,0.465,1.1390236064420851,False,False
F47_130_01,F47,130,1,0.462,0.462,3,3,2,1,0,1,0,0,0,-1,0.462,1.0754940190771158,False,False
F47_130_02,F47,130,2,0.459,0.459,3,3,9,1,0,1,0,0,0,-1,0.459,1.0963247556232845,False,False
F47_130_03,F47,130,3,0.455,0.455,3,3,5,1,1,1,0,0,0,-1,0.455,1.085962069671854,False,False
F47_130_04,F47,130,4,0.453,0.453,3,3,3,1,0,1,0,0,0,-1,0.453,1.1208980331161582,False,False
F47_130_05,F47,130,5,0.451,0.451,3,3,1,1,0,1,0,0,0,-1,0.451,1.133906943248776,False,False
F47_130_06,F47,130,6,0.447,0.447,3,3,7,1,0,1,0,0,0,-1,0.447,1.169417061826858,False,False
F47_130_07,F47,130,7,0.444,0.444,3,3,4,1,0,1,0,0,0,-1,0.444,1.1811583108752608,False,False
F47_130_08,F47,130,8,0.451,0.451,3,3,1,1,0,1,0,0,0,-1,0.451,1.0636492614082398,False,False
F47_130_09,F47,130,9,0.47,0.47,2,2,7,1,0,1,1,0,0,-1,0.4699999999999999,1.0290019024766162,False,False
F47_130_10,F47,130,10,0.489,0.489,3,3,9,1,0,1,0,0,0,-1,0.4889999999999999,1.0527674438833623,False,False
F47_130_11,F47,130,11,0.492,0.492,3,3,2,1,0,1,0,0,0,-1,0.4919999999999999,1.060738385839204,False,False
F47_130_12,F47,130,12,0.495,0.495,3,3,5,1,1,1,0,0,0,-1,0.495,1.0019912780294713,False,False
F47_130_13,F47,130,13,0.51,0.51,2,2,1,1,0,1,1,0,0,-1,0.51,1.0137158150870047,False,False
F47_130_14,F47,130,14,0.521,0.521,3,3,1,1,0,1,0,0,0,-1,0.521,1.0497085724652524,False,False
F47_130_15,F47,130,15,0.526,0.526,3,3,6,1,0,1,0,0,0,-1,0.526,1.0755914890311722,False,False
F47_130_16,F47,130,16,0.532,0.532,3,3,2,1,0,1,0,0,0,-1,0.532,1.0863396936545693,False,False
F47_130_17,F47,130,17,0.538,0.538,3,3,8,1,0,1,0,0,0,-1,0.538,1.1628443797900765,False,False
F47_130_18,F47,130,18,0.536,0.536,3,3,6,1,0,1,0,0,0,-1,0.536,1.0821491960866254,False,False
F47_130_19,F47,130,19,0.531,0.531,3,3,1,1,0,1,0,0,0,-1,0.531,1.0213229447907852,False,False
F47_130_20,F47,130,20,0.523,0.523,3,3,3,1,0,1,0,0,0,-1,0.523,1.0187668007903163,False,False
F47_130_21,F47,130,21,0.516,0.516,3,3,6,1,0,1,0,0,0,-1,0.516,1.0255053705594144,False,False
F47_130_22,F47,130,22,0.51,0.51,2,2,1,1,0,1,1,0,0,-1,0.51,1.0123000701539866,False,False
F47_130_23,F47,130,23,0.503,0.503,3,3,3,1,0,1,0,0,0,-1,0.503,1.0091455016817197,False,False
F47_131_00,F47,131,0,0.711,0.711,3,3,1,1,0,1,0,0,0,-1,0.7109999999999999,0.5919177811616197,False,False
F47_131_01,F47,131,1,0.705,0.705,3,3,5,1,1,1,0,0,0,-1,0.7049999999999998,0.5854610732032584,False,False
F47_131_02,F47,131,2,0.7,0.7,1,1,7,1,0,1,1,1,0,-1,0.6999999999999998,0.5849969047407367,False,False
F47_131_03,F47,131,3,0.695,0.695,3,3,5,1,1,1,0,0,0,-1,0.695,0.5833287994673757,False,False
F47_131_04,F47,131,4,0.692,0.692,3,3,2,1,0,1,0,0,0,-1,0.692,0.5746383403840104,False,False
F47_131_05,F47,131,5,0.689,0.689,3,3,9,1,0,1,0,0,0,-1,0.689,0.581566602305051,False,False
F47_131_06,F47,131,6,0.687,0.687,3,3,7,1,0,1,0,0,0,-1,0.687,0.5861333159892738,False,False
F47_131_07,F47,131,7,0.686,0.686,3,3,6,1,0,1,0,0,0,-1,0.686,0.5988476213959357,False,False
F47_131_08,F47,131,8,0.685,0.685,3,3,5,1,1,1,0,0,0,-1,0.685,0.5917485438870682,False,False
F47_131_09,F47,131,9,0.685,0.685,3,3,5,1,1,1,0,0,0,-1,0.685,0.59904412053065,False,False
F47_131_10,F47,131,10,0.692,0.692,3,3,2,1,0,1,0,0,0,-1,0.692,0.591387696884936,False,False
F47_131_11,F47,131,11,0.701,0.701,3,3,1,1,0,1,0,0,0,-1,0.7009999999999998,0.6444117853429853,False,False
F47_131_12,F47,131,12,0.712,0.712,3,3,2,1,0,1,0,0,0,-1,0.7119999999999999,0.6381502916464272,False,False
F47_131_13,F47,131,13,0.718,0.718,3,3,8,1,0,1,0,0,0,-1,0.7179999999999999,0.6390830669145513,False,False
F47_131_14,F47,131,14,0.72,0.72,2,2,2,1,0,1,1,0,0,-1,0.7199999999999999,0.6614807041878545,False,False
F47_131_15,F47,131,15,0.72,0.72,2,2,2,1,0,1,1,0,0,-1,0.7199999999999999,0.6655852467287907,False,False
F47_131_16,F47,131,16,0.717,0.717,3,3,7,1,0,1,0,0,0,-1,0.7169999999999999,0.65671549172023,False,False
F47_131_17,F47,131,17,0.714,0.714,3,3,4,1,0,1,0,0,0,-1,0.7139999999999999,0.6711838123197091,False,False
F47_131_18,F47,131,18,0.713,0.713,3,3,3,1,0,1,0,0,0,-1,0.7129999999999999,0.664467851858526,False,False
F47_131_19,F47,131,19,0.711,0.711,3,3,1,1,0,1,0,0,0,-1,0.7109999999999999,0.6615933488518432,False,False
F47_131_20,F47,131,20,0.708,0.708,3,3,8,1,0,1,0,0,0,-1,0.7079999999999999,0.651090027860921,False,False
F47_131_21,F47,131,21,0.705,0.705,3,3,5,1,1,1,0,0,0,-1,0.7049999999999998,0.6498969190380065,False,False
F47_131_22,F47,131,22,0.702,0.702,3,3,2,1,0,1,0,0,0,-1,0.7019999999999998,0.6310370856407632,False,False
F47_131_23,F47,131,23,0.698,0.698,3,3,8,1,0,1,0,0,0,-1,0.698,0.6288089903613968,False,False
F47_132_00,F47,132,0,2.796,2.796,3,4,6,1,0,1,0,0,0,0,2.796,1.143061182748959,False,False
F47_132_01,F47,132,1,2.908,2.908,3,4,8,1,0,1,0,0,0,0,2.908,1.123865425439298,False,False
F47_132_02,F47,132,2,2.759,2.759,3,4,9,1,0,1,0,0,0,0,2.759,1.1235593824002088,False,False
F47_132_03,F47,132,3,2.972,2.972,3,4,2,1,0,1,0,0,0,0,2.972,1.095201048410196,False,False
F47_132_04,F47,132,4,3.009,3.009,3,4,9,1,0,1,0,0,0,0,3.009,1.085599473862202,False,False
F47_132_05,F47,132,5,3.058,3.058,3,4,8,1,0,1,0,0,0,0,3.058,1.0752573893574753,False,False
F47_132_06,F47,132,6,3.18,3.18,2,3,8,1,0,1,1,0,0,0,3.18,1.067143353289288,False,False
F47_132_07,F47,132,7,2.981,2.981,3,4,1,1,0,1,0,0,0,0,2.981,1.076236064333406,False,False
F47_132_08,F47,132,8,3.183,3.183,3,4,3,1,0,1,0,0,0,0,3.183,1.0770236536352216,False,False
F47_132_09,F47,132,9,3.232,3.232,3,4,2,1,0,1,0,0,0,0,3.232,1.1049006786866875,False,False
F47_132_10,F47,132,10,2.886,2.886,3,4,6,1,0,1,0,0,0,0,2.886,1.0681131403597346,False,False
F47_132_11,F47,132,11,2.043,2.043,3,4,3,1,0,1,0,0,0,0,2.043,1.1042172396983707,False,False
F47_132_12,F47,132,12,2.248,2.248,3,4,8,1,0,1,0,0,0,0,2.248,1.1059306597139351,False,False
F47_132_13,F47,132,13,2.002,2.002,3,4,2,1,0,1,0,0,0,0,2.002,1.1685567463240358,False,False
F47_132_14,F47,132,14,1.924,1.924,3,4,4,1,0,1,0,0,0,0,1.924,1.1943442584238575,False,False
F47_132_15,F47,132,15,1.86,1.86,2,3,6,1,0,1,1,0,0,0,1.86,1.2139619429452664,False,False
F47_132_16,F47,132,16,2.14,2.14,2,3,4,1,0,1,1,0,0,0,2.14,1.2850861747818063,False,False
F47_132_17,F47,132,17,2.577,2.577,3,4,7,1,0,1,0,0,0,0,2.577,1.3464517911943732,False,False
F47_132_18,F47,132,18,2.99,2.99,2,3,9,1,0,1,1,0,0,0,2.99,1.3608063010295086,False,False
F47_132_19,F47,132,19,2.988,2.988,3,4,8,1,0,1,0,0,0,0,2.988,1.3603415681056754,False,False
F47_132_20,F47,132,20,3.022,3.022,3,4,2,1,0,1,0,0,0,0,3.022,1.3435759497889466,False,False
F47_132_21,F47,132,21,2.883,2.883,3,4,3,1,0,1,0,0,0,0,2.883,1.318089427695544,False,False
F47_132_22,F47,132,22,2.68,2.68,2,3,8,1,0,1,1,0,0,0,2.68,1.2859979936865693,False,False
F47_132_23,F47,132,23,2.771,2.771,3,4,1,1,0,1,0,0,0,0,2.771,1.2728972016976554,False,False
F47_133_00,F47,133,0,0.456,0.456,3,3,6,1,0,1,0,0,0,-1,0.456,0.5220359353572526,False,False
F47_133_01,F47,133,1,0.455,0.455,3,3,5,1,1,1,0,0,0,-1,0.455,0.4638218505137822,False,False
F47_133_02,F47,133,2,0.454,0.454,3,3,4,1,0,1,0,0,0,-1,0.454,0.4538221982346663,False,False
F47_133_03,F47,133,3,0.449,0.449,3,3,9,1,0,1,0,0,0,-1,0.449,0.4435397670212579,False,False
F47_133_04,F47,133,4,0.445,0.445,3,3,5,1,1,1,0,0,0,-1,0.445,0.4415191428961935,False,False
F47_133_05,F47,133,5,0.44,0.44,2,2,4,1,0,1,1,0,0,-1,0.44,0.4371622522211421,False,False
F47_133_06,F47,133,6,0.436,0.436,3,3,6,1,0,1,0,0,0,-1,0.436,0.4340415887866514,False,False
F47_133_07,F47,133,7,0.443,0.443,3,3,3,1,0,1,0,0,0,-1,0.443,0.4308099217745675,False,False
F47_133_08,F47,133,8,0.441,0.441,3,3,1,1,0,1,0,0,0,-1,0.441,0.4307858418100455,False,False
F47_133_09,F47,133,9,0.439,0.439,3,3,9,1,0,1,0,0,0,-1,0.439,0.422790433541708,False,False
F47_133_10,F47,133,10,0.445,0.445,3,3,5,1,1,1,0,0,0,-1,0.445,0.4478372335935707,False,False
F47_133_11,F47,133,11,0.454,0.454,3,3,4,1,0,1,0,0,0,-1,0.454,0.4607665111676306,False,False
F47_133_12,F47,133,12,0.465,0.465,3,3,5,1,1,1,0,0,0,-1,0.465,0.4516526926403088,False,False
F47_133_13,F47,133,13,0.483,0.483,3,3,3,1,0,1,0,0,0,-1,0.4829999999999999,0.4597372230548894,False,False
F47_133_14,F47,133,14,0.496,0.496,3,3,6,1,0,1,0,0,0,-1,0.496,0.463312264942768,False,False
F47_133_15,F47,133,15,0.494,0.494,3,3,4,1,0,1,0,0,0,-1,0.4939999999999999,0.4620114192537057,False,False
F47_133_16,F47,133,16,0.493,0.493,3,3,3,1,0,1,0,0,0,-1,0.4929999999999999,0.4631740941771773,False,False
F47_133_17,F47,133,17,0.492,0.492,3,3,2,1,0,1,0,0,0,-1,0.4919999999999999,0.4629840522008639,False,False
F47_133_18,F47,133,18,0.492,0.492,3,3,2,1,0,1,0,0,0,-1,0.4919999999999999,0.462168045323638,False,False
F47_133_19,F47,133,19,0.489,0.489,3,3,9,1,0,1,0,0,0,-1,0.4889999999999999,0.460992594391037,False,False
F47_133_20,F47,133,20,0.487,0.487,3,3,7,1,0,1,0,0,0,-1,0.4869999999999999,0.4591585935096914,False,False
F47_133_21,F47,133,21,0.485,0.485,3,3,5,1,1,1,0,0,0,-1,0.4849999999999999,0.4621789870189627,False,False
F47_133_22,F47,133,22,0.483,0.483,3,3,3,1,0,1,0,0,0,-1,0.4829999999999999,0.4624097141620842,False,False
F47_133_23,F47,133,23,0.482,0.482,3,3,2,1,0,1,0,0,0,-1,0.4819999999999999,0.4629806880437952,False,False
F47_135_00,F47,135,0,0.483,0.483,3,3,3,1,0,1,0,0,0,-1,0.4829999999999999,0.4643493129086657,False,False
F47_135_01,F47,135,1,0.481,0.481,3,3,1,1,0,1,0,0,0,-1,0.4809999999999999,0.4459920906500584,False,False
F47_135_02,F47,135,2,0.477,0.477,3,3,7,1,0,1,0,0,0,-1,0.4769999999999999,0.4427818598401993,False,False
F47_135_03,F47,135,3,0.473,0.473,3,3,3,1,0,1,0,0,0,-1,0.4729999999999999,0.4411401403327859,False,False
F47_135_04,F47,135,4,0.469,0.469,3,3,9,1,0,1,0,0,0,-1,0.4689999999999999,0.439039443173237,False,False
F47_135_05,F47,135,5,0.467,0.467,3,3,7,1,0,1,0,0,0,-1,0.467,0.4369156429709888,False,False
F47_135_06,F47,135,6,0.466,0.466,3,3,6,1,0,1,0,0,0,-1,0.466,0.4345989298735242,False,False
F47_135_07,F47,135,7,0.473,0.473,3,3,3,1,0,1,0,0,0,-1,0.4729999999999999,0.4332171244409324,False,False
F47_135_08,F47,135,8,0.47,0.47,2,2,7,1,0,1,1,0,0,-1,0.4699999999999999,0.4316284530724956,False,False
F47_135_09,F47,135,9,0.465,0.465,3,3,5,1,1,1,0,0,0,-1,0.465,0.4314798112995856,False,False
F47_135_10,F47,135,10,0.47,0.47,2,2,7,1,0,1,1,0,0,-1,0.4699999999999999,0.4285005889514285,False,False
F47_135_11,F47,135,11,0.476,0.476,3,3,6,1,0,1,0,0,0,-1,0.4759999999999999,0.4245429788080824,False,False
F47_135_12,F47,135,12,0.49,0.49,2,2,9,1,0,1,1,0,0,-1,0.4899999999999999,0.4302641579042367,False,False
F47_135_13,F47,135,13,0.506,0.506,3,3,6,1,0,1,0,0,0,-1,0.506,0.4386741669854463,False,False
F47_135_14,F47,135,14,0.516,0.516,3,3,6,1,0,1,0,0,0,-1,0.516,0.4395255254663855,False,False
F47_135_15,F47,135,15,0.516,0.516,3,3,6,1,0,1,0,0,0,-1,0.516,0.4404959224564367,False,False
F47_135_16,F47,135,16,0.518,0.518,3,3,8,1,0,1,0,0,0,-1,0.518,0.4421322416238326,False,False
F47_135_17,F47,135,17,0.515,0.515,3,3,5,1,1,1,0,0,0,-1,0.515,0.4445985907301811,False,False
F47_135_18,F47,135,18,0.512,0.512,3,3,2,1,0,1,0,0,0,-1,0.512,0.4424181898787246,False,False
F47_135_19,F47,135,19,0.51,0.51,2,2,1,1,0,1,1,0,0,-1,0.51,0.4401900547058543,False,False
F47_135_20,F47,135,20,0.508,0.508,3,3,8,1,0,1,0,0,0,-1,0.508,0.4408304499541314,False,False
F47_135_21,F47,135,21,0.506,0.506,3,3,6,1,0,1,0,0,0,-1,0.506,0.4514804783373903,False,False
F47_135_22,F47,135,22,0.505,0.505,3,3,5,1,1,1,0,0,0,-1,0.505,0.4459640403104684,False,False
F47_135_23,F47,135,23,0.504,0.504,3,3,4,1,0,1,0,0,0,-1,0.504,0.4435971059460385,False,False
F47_136_00,F47,136,0,1.656,1.656,3,4,6,1,0,1,0,0,0,0,1.656,1.9787613492557177,False,False
F47_136_01,F47,136,1,1.659,1.659,3,4,9,1,0,1,0,0,0,0,1.659,1.977575717530974,False,False
F47_136_02,F47,136,2,1.644,1.644,3,4,4,1,0,1,0,0,0,0,1.644,1.9959314273823077,False,False
F47_136_03,F47,136,3,1.608,1.608,3,4,8,1,0,1,0,0,0,0,1.608,1.901673073078492,False,False
F47_136_04,F47,136,4,1.608,1.608,3,4,8,1,0,1,0,0,0,0,1.608,1.949814940144615,False,False
F47_136_05,F47,136,5,1.603,1.603,3,4,3,1,0,1,0,0,0,0,1.603,1.9920608893509328,False,False
F47_136_06,F47,136,6,1.584,1.584,3,4,4,1,0,1,0,0,0,0,1.584,1.9127585480546336,False,False
F47_136_07,F47,136,7,1.578,1.578,3,4,8,1,0,1,0,0,0,0,1.578,1.9431638095828812,False,False
F47_136_08,F47,136,8,1.567,1.567,3,4,7,1,0,1,0,0,0,0,1.567,1.8935982322171705,False,False
F47_136_09,F47,136,9,1.536,1.536,3,4,6,1,0,1,0,0,0,0,1.536,1.8773769134331384,False,False
F47_136_10,F47,136,10,1.528,1.528,3,4,8,1,0,1,0,0,0,0,1.528,1.692147109622093,False,False
F47_136_11,F47,136,11,1.606,1.606,3,4,6,1,0,1,0,0,0,0,1.606,1.6894471757300051,False,False
F47_136_12,F47,136,12,1.598,1.598,3,4,8,1,0,1,0,0,0,0,1.598,1.6528706556530854,False,False
F47_136_13,F47,136,13,1.656,1.656,3,4,6,1,0,1,0,0,0,0,1.656,1.707257718248148,False,False
F47_136_14,F47,136,14,1.648,1.648,3,4,8,1,0,1,0,0,0,0,1.648,1.7216373466424488,False,False
F47_136_15,F47,136,15,1.662,1.662,3,4,2,1,0,1,0,0,0,0,1.662,1.7287258732043886,False,False
F47_136_16,F47,136,16,1.736,1.736,3,4,6,1,0,1,0,0,0,0,1.736,1.753253802335469,False,False
F47_136_17,F47,136,17,1.751,1.751,3,4,1,1,0,1,0,0,0,0,1.751,1.888822736863769,False,False
F47_136_18,F47,136,18,1.745,1.745,3,4,5,1,1,1,0,0,0,0,1.745,1.916574912557708,False,False
F47_136_19,F47,136,19,1.748,1.748,3,4,8,1,0,1,0,0,0,0,1.748,1.9058047837743033,False,False
F47_136_20,F47,136,20,1.742,1.742,3,4,2,1,0,1,0,0,0,0,1.742,1.8781461533044577,False,False
F47_136_21,F47,136,21,1.739,1.739,3,4,9,1,0,1,0,0,0,0,1.739,1.842751627583018,False,False
F47_136_22,F47,136,22,1.733,1.733,3,4,3,1,0,1,0,0,0,0,1.733,1.822034135071105,False,False
F47_136_23,F47,136,23,1.731,1.731,3,4,1,1,0,1,0,0,0,0,1.731,1.7844614593746575,False,False
F47_137_00,F47,137,0,0.503,0.503,3,3,3,1,0,1,0,0,0,-1,0.503,0.4030497948138731,False,False
F47_137_01,F47,137,1,0.502,0.502,3,3,2,1,0,1,0,0,0,-1,0.502,0.3975609428945963,False,False
F47_137_02,F47,137,2,0.501,0.501,3,3,1,1,0,1,0,0,0,-1,0.501,0.400002627736863,False,False
F47_137_03,F47,137,3,0.5,0.5,1,1,5,1,1,1,1,1,0,-1,0.5,0.3966596119433825,False,False
F47_137_04,F47,137,4,0.5,0.5,1,1,5,1,1,1,1,1,0,-1,0.5,0.3981102213139298,False,False
F47_137_05,F47,137,5,0.499,0.499,3,3,9,1,0,1,0,0,0,-1,0.499,0.4014188034112221,False,False
F47_137_06,F47,137,6,0.498,0.498,3,3,8,1,0,1,0,0,0,-1,0.498,0.3890730461049706,False,False
F47_137_07,F47,137,7,0.505,0.505,3,3,5,1,1,1,0,0,0,-1,0.505,0.3882874601597396,False,False
F47_137_08,F47,137,8,0.506,0.506,3,3,6,1,0,1,0,0,0,-1,0.506,0.3937322044184672,False,False
F47_137_09,F47,137,9,0.506,0.506,3,3,6,1,0,1,0,0,0,-1,0.506,0.3912789965087655,False,False
F47_137_10,F47,137,10,0.507,0.507,3,3,7,1,0,1,0,0,0,-1,0.507,0.4022415924807716,False,False
F47_137_11,F47,137,11,0.512,0.512,3,3,2,1,0,1,0,0,0,-1,0.512,0.3871706667228359,False,False
F47_137_12,F47,137,12,0.517,0.517,3,3,7,1,0,1,0,0,0,-1,0.517,0.3918618810572257,False,False
F47_137_13,F47,137,13,0.519,0.519,3,3,9,1,0,1,0,0,0,-1,0.519,0.4095834599072675,False,False
F47_137_14,F47,137,14,0.522,0.522,3,3,2,1,0,1,0,0,0,-1,0.522,0.3982698831377171,False,False
F47_137_15,F47,137,15,0.526,0.526,3,3,6,1,0,1,0,0,0,-1,0.526,0.4044971886589348,False,False
F47_137_16,F47,137,16,0.524,0.524,3,3,4,1,0,1,0,0,0,-1,0.524,0.4104643137956989,False,False
F47_137_17,F47,137,17,0.525,0.525,3,3,5,1,1,1,0,0,0,-1,0.525,0.4072164200255048,False,False
F47_137_18,F47,137,18,0.525,0.525,3,3,5,1,1,1,0,0,0,-1,0.525,0.4019251752000002,False,False
F47_137_19,F47,137,19,0.522,0.522,3,3,2,1,0,1,0,0,0,-1,0.522,0.4003327093702071,False,False
F47_137_20,F47,137,20,0.519,0.519,3,3,9,1,0,1,0,0,0,-1,0.519,0.3989395936302545,False,False
F47_137_21,F47,137,21,0.515,0.515,3,3,5,1,1,1,0,0,0,-1,0.515,0.395694087468956,False,False
F47_137_22,F47,137,22,0.512,0.512,3,3,2,1,0,1,0,0,0,-1,0.512,0.4192977948914187,False,False
F47_137_23,F47,137,23,0.508,0.508,3,3,8,1,0,1,0,0,0,-1,0.508,0.415734135743354,False,False
F47_138_00,F47,138,0,1.745,1.745,3,4,5,1,1,1,0,0,0,0,1.745,1.4520484829783007,False,False
F47_138_01,F47,138,1,1.755,1.755,3,4,5,1,1,1,0,0,0,0,1.755,1.4242287576412715,False,False
F47_138_02,F47,138,2,1.757,1.757,3,4,7,1,0,1,0,0,0,0,1.757,1.421328868145053,False,False
F47_138_03,F47,138,3,1.75,1.75,2,3,5,1,1,1,1,0,0,0,1.75,1.4186376807030685,False,False
F47_138_04,F47,138,4,1.755,1.755,3,4,5,1,1,1,0,0,0,0,1.755,1.4137911773894165,False,False
F47_138_05,F47,138,5,1.761,1.761,3,4,1,1,0,1,0,0,0,0,1.761,1.4085890092092643,False,False
F47_138_06,F47,138,6,1.761,1.761,3,4,1,1,0,1,0,0,0,0,1.761,1.402965665560242,False,False
F47_138_07,F47,138,7,1.763,1.763,3,4,3,1,0,1,0,0,0,0,1.763,1.4067582307887938,False,False
F47_138_08,F47,138,8,1.792,1.792,3,4,2,1,0,1,0,0,0,0,1.792,1.4194460420121289,False,False
F47_138_09,F47,138,9,1.628,1.628,3,4,8,1,0,1,0,0,0,0,1.628,1.4872437102544611,False,False
F47_138_10,F47,138,10,1.62,1.62,2,3,2,1,0,1,1,0,0,0,1.62,1.4348720507141968,False,False
F47_138_11,F47,138,11,1.687,1.687,3,4,7,1,0,1,0,0,0,0,1.687,1.5440601414696549,False,False
F47_138_12,F47,138,12,1.662,1.662,3,4,2,1,0,1,0,0,0,0,1.662,1.5032291469314023,False,False
F47_138_13,F47,138,13,1.715,1.715,3,4,5,1,1,1,0,0,0,0,1.715,1.5749563822301602,False,False
F47_138_14,F47,138,14,1.703,1.703,3,4,3,1,0,1,0,0,0,0,1.703,1.5698217420738916,False,False
F47_138_15,F47,138,15,1.684,1.684,3,4,4,1,0,1,0,0,0,0,1.684,1.498075664118394,False,False
F47_138_16,F47,138,16,1.677,1.677,3,4,7,1,0,1,0,0,0,0,1.677,1.580898572825841,False,False
F47_138_17,F47,138,17,1.683,1.683,3,4,3,1,0,1,0,0,0,0,1.683,1.6390861291494818,False,False
F47_138_18,F47,138,18,1.69,1.69,2,3,9,1,0,1,1,0,0,0,1.69,1.6651408219271873,False,False
F47_138_19,F47,138,19,1.694,1.694,3,4,4,1,0,1,0,0,0,0,1.694,1.6566422170490973,False,False
F47_138_20,F47,138,20,1.696,1.696,3,4,6,1,0,1,0,0,0,0,1.696,1.6352564617013987,False,False
F47_138_21,F47,138,21,1.695,1.695,3,4,5,1,1,1,0,0,0,0,1.695,1.6152893958108017,False,False
F47_138_22,F47,138,22,1.69,1.69,2,3,9,1,0,1,1,0,0,0,1.69,1.6065214309259883,False,False
F47_138_23,F47,138,23,1.684,1.684,3,4,4,1,0,1,0,0,0,0,1.684,1.5973947414578231,False,False
F47_139_00,F47,139,0,1.672,1.672,3,4,2,1,0,1,0,0,0,0,1.672,1.6251648022526617,False,False
F47_139_01,F47,139,1,1.659,1.659,3,4,9,1,0,1,0,0,0,0,1.659,1.5918978512432689,False,False
F47_139_02,F47,139,2,1.647,1.647,3,4,7,1,0,1,0,0,0,0,1.647,1.578243243384069,False,False
F47_139_03,F47,139,3,1.635,1.635,3,4,5,1,1,1,0,0,0,0,1.635,1.5763433623061238,False,False
F47_139_04,F47,139,4,1.631,1.631,3,4,1,1,0,1,0,0,0,0,1.631,1.6038996722720191,False,False
F47_139_05,F47,139,5,1.589,1.589,3,4,9,1,0,1,0,0,0,0,1.589,1.6459588051002425,False,False
F47_139_06,F47,139,6,1.587,1.587,3,4,7,1,0,1,0,0,0,0,1.587,1.6540699806256298,False,False
F47_139_07,F47,139,7,1.572,1.572,3,4,2,1,0,1,0,0,0,0,1.572,1.6555923095291345,False,False
F47_139_08,F47,139,8,1.569,1.569,3,4,9,1,0,1,0,0,0,0,1.569,1.6389454543846391,False,False
F47_139_09,F47,139,9,1.499,1.499,3,4,9,1,0,1,0,0,0,0,1.499,1.5939771436291923,False,False
F47_139_10,F47,139,10,1.497,1.497,3,4,7,1,0,1,0,0,0,0,1.497,1.5024639581610209,False,False
F47_139_11,F47,139,11,1.562,1.562,3,4,2,1,0,1,0,0,0,0,1.562,1.513464163871926,False,False
F47_139_12,F47,139,12,1.569,1.569,3,4,9,1,0,1,0,0,0,0,1.569,1.4842740007379358,False,False
F47_139_13,F47,139,13,1.601,1.601,3,4,1,1,0,1,0,0,0,0,1.601,1.5184073225216117,False,False
F47_139_14,F47,139,14,1.595,1.595,3,4,5,1,1,1,0,0,0,0,1.595,1.509269546022938,False,False
F47_139_15,F47,139,15,1.586,1.586,3,4,6,1,0,1,0,0,0,0,1.586,1.5604014251366918,False,False
F47_139_16,F47,139,16,1.618,1.618,3,4,8,1,0,1,0,0,0,0,1.618,1.6138327096484988,False,False
F47_139_17,F47,139,17,1.725,1.725,3,4,5,1,1,1,0,0,0,0,1.725,1.6812978227986957,False,False
F47_139_18,F47,139,18,1.883,1.883,3,4,3,1,0,1,0,0,0,0,1.883,1.744815477947562,False,False
F47_139_19,F47,139,19,1.952,1.952,3,4,2,1,0,1,0,0,0,0,1.952,1.7685276207975846,False,False
F47_139_20,F47,139,20,1.964,1.964,3,4,4,1,0,1,0,0,0,0,1.964,1.8277359010663488,False,False
F47_139_21,F47,139,21,1.969,1.969,3,4,9,1,0,1,0,0,0,0,1.969,1.7765015761600578,False,False
F47_139_22,F47,139,22,1.941,1.941,3,4,1,1,0,1,0,0,0,0,1.941,1.798195942178408,False,False
F47_139_23,F47,139,23,1.903,1.903,3,4,3,1,0,1,0,0,0,0,1.903,1.756397836186148,False,False
F47_140_00,F47,140,0,0.402,0.402,3,3,2,1,0,1,0,0,0,-1,0.402,0.4596416258546284,False,False
F47_140_01,F47,140,1,0.402,0.402,3,3,2,1,0,1,0,0,0,-1,0.402,0.4607051872399176,False,False
F47_140_02,F47,140,2,0.401,0.401,3,3,1,1,0,1,0,0,0,-1,0.401,0.4592688101290919,False,False
F47_140_03,F47,140,3,0.402,0.402,3,3,2,1,0,1,0,0,0,-1,0.402,0.4593429090425224,False,False
F47_140_04,F47,140,4,0.402,0.402,3,3,2,1,0,1,0,0,0,-1,0.402,0.4593795978348262,False,False
F47_140_05,F47,140,5,0.402,0.402,3,3,2,1,0,1,0,0,0,-1,0.402,0.459138706068333,False,False
F47_140_06,F47,140,6,0.401,0.401,3,3,1,1,0,1,0,0,0,-1,0.401,0.4575822744390803,False,False
F47_140_07,F47,140,7,0.401,0.401,3,3,1,1,0,1,0,0,0,-1,0.401,0.4548368144062437,False,False
F47_140_08,F47,140,8,0.402,0.402,3,3,2,1,0,1,0,0,0,-1,0.402,0.4478600512864364,False,False
F47_140_09,F47,140,9,0.403,0.403,3,3,3,1,0,1,0,0,0,-1,0.403,0.4418574784979415,False,False
F47_140_10,F47,140,10,0.392,0.392,3,3,2,1,0,1,0,0,0,-1,0.392,0.4353367077661797,False,False
F47_140_11,F47,140,11,0.389,0.389,3,3,9,1,0,1,0,0,0,-1,0.389,0.4533712747151396,False,False
F47_140_12,F47,140,12,0.402,0.402,3,3,2,1,0,1,0,0,0,-1,0.402,0.4425421634090565,False,False
F47_140_13,F47,140,13,0.405,0.405,3,3,5,1,1,1,0,0,0,-1,0.405,0.4518464621240982,False,False
F47_140_14,F47,140,14,0.405,0.405,3,3,5,1,1,1,0,0,0,-1,0.405,0.4574321651139136,False,False
F47_140_15,F47,140,15,0.413,0.413,3,3,3,1,0,1,0,0,0,-1,0.4129999999999999,0.4606253393749664,False,False
F47_140_16,F47,140,16,0.419,0.419,3,3,9,1,0,1,0,0,0,-1,0.4189999999999999,0.472995630384334,False,False
F47_140_17,F47,140,17,0.422,0.422,3,3,2,1,0,1,0,0,0,-1,0.4219999999999999,0.4723233665811865,False,False
F47_140_18,F47,140,18,0.409,0.409,3,3,9,1,0,1,0,0,0,-1,0.4089999999999999,0.4653784806395308,False,False
F47_140_19,F47,140,19,0.403,0.403,3,3,3,1,0,1,0,0,0,-1,0.403,0.461659778091022,False,False
F47_140_20,F47,140,20,0.4,0.4,1,1,4,1,0,1,1,1,0,-1,0.4,0.4563092161948392,False,False
F47_140_21,F47,140,21,0.4,0.4,1,1,4,1,0,1,1,1,0,-1,0.4,0.4545912524126114,False,False
F47_140_22,F47,140,22,0.401,0.401,3,3,1,1,0,1,0,0,0,-1,0.401,0.4675666380855739,False,False
F47_140_23,F47,140,23,0.402,0.402,3,3,2,1,0,1,0,0,0,-1,0.402,0.451761254229637,False,False
F47_141_00,F47,141,0,1.869,1.869,3,4,9,1,0,1,0,0,0,0,1.869,1.8054303034368704,False,False
F47_141_01,F47,141,1,1.842,1.842,3,4,2,1,0,1,0,0,0,0,1.842,1.799850631396493,False,False
F47_141_02,F47,141,2,1.824,1.824,3,4,4,1,0,1,0,0,0,0,1.824,1.8026089376926189,False,False
F47_141_03,F47,141,3,1.799,1.799,3,4,9,1,0,1,0,0,0,0,1.799,1.7713455376428549,False,False
F47_141_04,F47,141,4,1.766,1.766,3,4,6,1,0,1,0,0,0,0,1.766,1.7780736905584047,False,False
F47_141_05,F47,141,5,1.777,1.777,3,4,7,1,0,1,0,0,0,0,1.777,1.7985714305283749,False,False
F47_141_06,F47,141,6,1.757,1.757,3,4,7,1,0,1,0,0,0,0,1.757,1.795287130683753,False,False
F47_141_07,F47,141,7,1.75,1.75,2,3,5,1,1,1,1,0,0,0,1.75,1.8006936789197827,False,False
F47_141_08,F47,141,8,1.726,1.726,3,4,6,1,0,1,0,0,0,0,1.726,1.759181852959376,False,False
F47_141_09,F47,141,9,1.564,1.564,3,4,4,1,0,1,0,0,0,0,1.564,1.7225427044053685,False,False
F47_141_10,F47,141,10,1.531,1.531,3,4,1,1,0,1,0,0,0,0,1.531,1.6849216901574693,False,False
F47_141_11,F47,141,11,1.596,1.596,3,4,6,1,0,1,0,0,0,0,1.596,1.7053974979760371,False,False
F47_141_12,F47,141,12,1.589,1.589,3,4,9,1,0,1,0,0,0,0,1.589,1.637214017953014,False,False
F47_141_13,F47,141,13,1.631,1.631,3,4,1,1,0,1,0,0,0,0,1.631,1.63029002438493,False,False
F47_141_14,F47,141,14,1.615,1.615,3,4,5,1,1,1,0,0,0,0,1.615,1.651140947198772,False,False
F47_141_15,F47,141,15,1.625,1.625,3,4,5,1,1,1,0,0,0,0,1.625,1.66327711660135,False,False
F47_141_16,F47,141,16,1.936,1.936,3,4,6,1,0,1,0,0,0,0,1.936,1.7218932448633195,False,False
F47_141_17,F47,141,17,2.141,2.141,3,4,1,1,0,1,0,0,0,0,2.141,1.7594936988627374,False,False
F47_141_18,F47,141,18,2.221,2.221,3,4,1,1,0,1,0,0,0,0,2.221,1.8153030280006437,False,False
F47_141_19,F47,141,19,2.263,2.263,3,4,3,1,0,1,0,0,0,0,2.263,1.82410061683922,False,False
F47_141_20,F47,141,20,2.265,2.265,3,4,5,1,1,1,0,0,0,0,2.265,1.8052782592545067,False,False
F47_141_21,F47,141,21,2.253,2.253,3,4,3,1,0,1,0,0,0,0,2.253,1.7975868449269012,False,False
F47_141_22,F47,141,22,2.234,2.234,3,4,4,1,0,1,0,0,0,0,2.234,1.7941980780624975,False,False
F47_141_23,F47,141,23,2.198,2.198,3,4,8,1,0,1,0,0,0,0,2.198,1.792003877088285,False,False
F47_144_00,F47,144,0,0.404,0.404,3,3,4,1,0,1,0,0,0,-1,0.404,0.4298665656332562,False,False
F47_144_01,F47,144,1,0.404,0.404,3,3,4,1,0,1,0,0,0,-1,0.404,0.4295607030309699,False,False
F47_144_02,F47,144,2,0.404,0.404,3,3,4,1,0,1,0,0,0,-1,0.404,0.4270989280387353,False,False
F47_144_03,F47,144,3,0.405,0.405,3,3,5,1,1,1,0,0,0,-1,0.405,0.4262011946847564,False,False
F47_144_04,F47,144,4,0.405,0.405,3,3,5,1,1,1,0,0,0,-1,0.405,0.4247930480342931,False,False
F47_144_05,F47,144,5,0.406,0.406,3,3,6,1,0,1,0,0,0,-1,0.406,0.4236703949573973,False,False
F47_144_06,F47,144,6,0.389,0.389,3,3,9,1,0,1,0,0,0,-1,0.389,0.4216250113822888,False,False
F47_144_07,F47,144,7,0.385,0.385,3,3,5,1,1,1,0,0,0,-1,0.385,0.4190011172684912,False,False
F47_144_08,F47,144,8,0.387,0.387,3,3,7,1,0,1,0,0,0,-1,0.387,0.414893505146663,False,False
F47_144_09,F47,144,9,0.378,0.378,3,3,8,1,0,1,0,0,0,-1,0.378,0.4125624085925638,False,False
F47_144_10,F47,144,10,0.38,0.38,2,2,8,1,0,1,1,0,0,-1,0.38,0.4128830037310886,False,False
F47_144_11,F47,144,11,0.384,0.384,3,3,4,1,0,1,0,0,0,-1,0.384,0.4183712203216495,False,False
F47_144_12,F47,144,12,0.395,0.395,3,3,5,1,1,1,0,0,0,-1,0.395,0.4263856349759787,False,False
F47_144_13,F47,144,13,0.413,0.413,3,3,3,1,0,1,0,0,0,-1,0.4129999999999999,0.4256490870265441,False,False
F47_144_14,F47,144,14,0.432,0.432,3,3,2,1,0,1,0,0,0,-1,0.432,0.4395973314542374,False,False
F47_144_15,F47,144,15,0.438,0.438,3,3,8,1,0,1,0,0,0,-1,0.438,0.4442085028186607,False,False
F47_144_16,F47,144,16,0.443,0.443,3,3,3,1,0,1,0,0,0,-1,0.443,0.4519520250396281,False,False
F47_144_17,F47,144,17,0.448,0.448,3,3,8,1,0,1,0,0,0,-1,0.448,0.4437297318742941,False,False
F47_144_18,F47,144,18,0.438,0.438,3,3,8,1,0,1,0,0,0,-1,0.438,0.4427000495025702,False,False
F47_144_19,F47,144,19,0.427,0.427,3,3,7,1,0,1,0,0,0,-1,0.4269999999999999,0.4416613252539208,False,False
F47_144_20,F47,144,20,0.416,0.416,3,3,6,1,0,1,0,0,0,-1,0.4159999999999999,0.4405378823016444,False,False
F47_144_21,F47,144,21,0.409,0.409,3,3,9,1,0,1,0,0,0,-1,0.4089999999999999,0.4384059094609813,False,False
F47_144_22,F47,144,22,0.408,0.408,3,3,8,1,0,1,0,0,0,-1,0.4079999999999999,0.4359873563406783,False,False
F47_144_23,F47,144,23,0.439,0.439,3,3,9,1,0,1,0,0,0,-1,0.439,0.4353040617048429,False,False
F47_145_00,F47,145,0,2.3,2.3,1,2,3,1,0,1,1,1,0,0,2.3,1.6156699651733823,False,False
F47_145_01,F47,145,1,2.27,2.27,2,3,7,1,0,1,1,0,0,0,2.27,1.6659520658193616,False,False
F47_145_02,F47,145,2,2.204,2.204,3,4,4,1,0,1,0,0,0,0,2.204,1.6669994720777783,False,False
F47_145_03,F47,145,3,2.179,2.179,3,4,9,1,0,1,0,0,0,0,2.179,1.6339492413752803,False,False
F47_145_04,F47,145,4,2.074,2.074,3,4,4,1,0,1,0,0,0,0,2.074,1.605521216687182,False,False
F47_145_05,F47,145,5,2.052,2.052,3,4,2,1,0,1,0,0,0,0,2.052,1.6182630076235656,False,False
F47_145_06,F47,145,6,2.024,2.024,3,4,4,1,0,1,0,0,0,0,2.024,1.6236641098235194,False,False
F47_145_07,F47,145,7,1.958,1.958,3,4,8,1,0,1,0,0,0,0,1.958,1.6186820616836213,False,False
F47_145_08,F47,145,8,1.931,1.931,3,4,1,1,0,1,0,0,0,0,1.931,1.612111677226116,False,False
F47_145_09,F47,145,9,1.79,1.79,2,3,9,1,0,1,1,0,0,0,1.79,1.5620606608518313,False,False
F47_145_10,F47,145,10,1.657,1.657,3,4,7,1,0,1,0,0,0,0,1.657,1.5411924581434773,False,False
F47_145_11,F47,145,11,1.635,1.635,3,4,5,1,1,1,0,0,0,0,1.635,1.6158963902176169,False,False
F47_145_12,F47,145,12,1.624,1.624,3,4,4,1,0,1,0,0,0,0,1.624,1.585336444358601,False,False
F47_145_13,F47,145,13,1.65,1.65,2,3,5,1,1,1,1,0,0,0,1.65,1.55151237380282,False,False
F47_145_14,F47,145,14,1.672,1.672,3,4,2,1,0,1,0,0,0,0,1.672,1.56572823208249,False,False
F47_145_15,F47,145,15,1.921,1.921,3,4,1,1,0,1,0,0,0,0,1.921,1.536600236324295,False,False
F47_145_16,F47,145,16,2.384,2.384,3,4,4,1,0,1,0,0,0,0,2.384,1.5991873218667108,False,False
F47_145_17,F47,145,17,2.649,2.649,3,4,9,1,0,1,0,0,0,0,2.649,1.6141655452117214,False,False
F47_145_18,F47,145,18,2.756,2.756,3,4,6,1,0,1,0,0,0,0,2.756,1.6668708607633007,False,False
F47_145_19,F47,145,19,2.762,2.762,3,4,2,1,0,1,0,0,0,0,2.762,1.6816174796052488,False,False
F47_145_20,F47,145,20,2.7,2.7,1,2,7,1,0,1,1,1,0,0,2.7,1.6849458977048752,False,False
F47_145_21,F47,145,21,2.585,2.585,3,4,5,1,1,1,0,0,0,0,2.585,1.7148844065858642,False,False
F47_145_22,F47,145,22,2.478,2.478,3,4,8,1,0,1,0,0,0,0,2.478,1.7310041306501716,False,False
F47_145_23,F47,145,23,2.144,2.144,3,4,4,1,0,1,0,0,0,0,2.144,1.7071914872175171,False,False
F47_146_00,F47,146,0,0.707,0.707,3,3,7,1,0,1,0,0,0,-1,0.7069999999999999,0.8126920312326374,False,False
F47_146_01,F47,146,1,0.705,0.705,3,3,5,1,1,1,0,0,0,-1,0.7049999999999998,0.8269561813672627,False,False
F47_146_02,F47,146,2,0.704,0.704,3,3,4,1,0,1,0,0,0,-1,0.7039999999999998,0.8233721679394191,False,False
F47_146_03,F47,146,3,0.702,0.702,3,3,2,1,0,1,0,0,0,-1,0.7019999999999998,0.8519787277214476,False,False
F47_146_04,F47,146,4,0.7,0.7,1,1,7,1,0,1,1,1,0,-1,0.6999999999999998,0.8306081857029957,False,False
F47_146_05,F47,146,5,0.7,0.7,1,1,7,1,0,1,1,1,0,-1,0.6999999999999998,0.8347019288434357,False,False
F47_146_06,F47,146,6,0.699,0.699,3,3,9,1,0,1,0,0,0,-1,0.699,0.8106616510788298,False,False
F47_146_07,F47,146,7,0.699,0.699,3,3,9,1,0,1,0,0,0,-1,0.699,0.8032116806205857,False,False
F47_146_08,F47,146,8,0.702,0.702,3,3,2,1,0,1,0,0,0,-1,0.7019999999999998,0.8390318948752741,False,False
F47_146_09,F47,146,9,0.705,0.705,3,3,5,1,1,1,0,0,0,-1,0.7049999999999998,0.8005388879920331,False,False
F47_146_10,F47,146,10,0.707,0.707,3,3,7,1,0,1,0,0,0,-1,0.7069999999999999,0.8246377948958549,False,False
F47_146_11,F47,146,11,0.707,0.707,3,3,7,1,0,1,0,0,0,-1,0.7069999999999999,0.832218149265109,False,False
F47_146_12,F47,146,12,0.707,0.707,3,3,7,1,0,1,0,0,0,-1,0.7069999999999999,0.8362954978050364,False,False
F47_146_13,F47,146,13,0.705,0.705,3,3,5,1,1,1,0,0,0,-1,0.7049999999999998,0.8387023979943029,False,False
F47_146_14,F47,146,14,0.708,0.708,3,3,8,1,0,1,0,0,0,-1,0.7079999999999999,0.8510002624686405,False,False
F47_146_15,F47,146,15,0.707,0.707,3,3,7,1,0,1,0,0,0,-1,0.7069999999999999,0.8460144825049984,False,False
F47_146_16,F47,146,16,0.707,0.707,3,3,7,1,0,1,0,0,0,-1,0.7069999999999999,0.8755400571443898,False,False
F47_146_17,F47,146,17,0.703,0.703,3,3,3,1,0,1,0,0,0,-1,0.7029999999999998,0.8526848246556484,False,False
F47_146_18,F47,146,18,0.698,0.698,3,3,8,1,0,1,0,0,0,-1,0.698,0.8460832194346055,False,False
F47_146_19,F47,146,19,0.694,0.694,3,3,4,1,0,1,0,0,0,-1,0.694,0.8772514845080812,False,False
F47_146_20,F47,146,20,0.69,0.69,2,2,9,1,0,1,1,0,0,-1,0.69,0.8565592036573237,False,False
F47_146_21,F47,146,21,0.686,0.686,3,3,6,1,0,1,0,0,0,-1,0.686,0.8666572688263604,False,False
F47_146_22,F47,146,22,0.681,0.681,3,3,1,1,0,1,0,0,0,-1,0.681,0.8547811323799059,False,False
F47_146_23,F47,146,23,0.677,0.677,3,3,7,1,0,1,0,0,0,-1,0.677,0.8650312441409864,False,False
F47_147_00,F47,147,0,1.85,1.85,2,3,5,1,1,1,1,0,0,0,1.85,1.381142774906321,False,False
F47_147_01,F47,147,1,1.84,1.84,2,3,4,1,0,1,1,0,0,0,1.84,1.3884953760700267,False,False
F47_147_02,F47,147,2,1.834,1.834,3,4,4,1,0,1,0,0,0,0,1.834,1.3910909147167905,False,False
F47_147_03,F47,147,3,1.823,1.823,3,4,3,1,0,1,0,0,0,0,1.823,1.4034604347568744,False,False
F47_147_04,F47,147,4,1.815,1.815,3,4,5,1,1,1,0,0,0,0,1.815,1.4211316027662306,False,False
F47_147_05,F47,147,5,1.817,1.817,3,4,7,1,0,1,0,0,0,0,1.817,1.4193242649469613,False,False
F47_147_06,F47,147,6,1.812,1.812,3,4,2,1,0,1,0,0,0,0,1.812,1.4123559493753812,False,False
F47_147_07,F47,147,7,1.822,1.822,3,4,2,1,0,1,0,0,0,0,1.822,1.3632052153474508,False,False
F47_147_08,F47,147,8,1.845,1.845,3,4,5,1,1,1,0,0,0,0,1.845,1.3957125804637256,False,False
F47_147_09,F47,147,9,1.723,1.723,3,4,3,1,0,1,0,0,0,0,1.723,1.3225224292818694,False,False
F47_147_10,F47,147,10,1.633,1.633,3,4,3,1,0,1,0,0,0,0,1.633,1.3142299692524142,False,False
F47_147_11,F47,147,11,1.621,1.621,3,4,1,1,0,1,0,0,0,0,1.621,1.29505394722236,False,False
F47_147_12,F47,147,12,1.671,1.671,3,4,1,1,0,1,0,0,0,0,1.671,1.2939575964279029,False,False
F47_147_13,F47,147,13,1.676,1.676,3,4,6,1,0,1,0,0,0,0,1.676,1.3071289027467343,False,False
F47_147_14,F47,147,14,1.709,1.709,3,4,9,1,0,1,0,0,0,0,1.709,1.33402574195949,False,False
F47_147_15,F47,147,15,1.749,1.749,3,4,9,1,0,1,0,0,0,0,1.749,1.374100606474458,False,False
F47_147_16,F47,147,16,1.812,1.812,3,4,2,1,0,1,0,0,0,0,1.812,1.4140047504328537,False,False
F47_147_17,F47,147,17,1.816,1.816,3,4,6,1,0,1,0,0,0,0,1.816,1.425285475578009,False,False
F47_147_18,F47,147,18,1.764,1.764,3,4,4,1,0,1,0,0,0,0,1.764,1.4550075674622618,False,False
F47_147_19,F47,147,19,1.726,1.726,3,4,6,1,0,1,0,0,0,0,1.726,1.4615189873324823,False,False
F47_147_20,F47,147,20,1.702,1.702,3,4,2,1,0,1,0,0,0,0,1.702,1.4570416382257725,False,False
F47_147_21,F47,147,21,1.67,1.67,2,3,7,1,0,1,1,0,0,0,1.67,1.4340837271702678,False,False
F47_147_22,F47,147,22,1.65,1.65,2,3,5,1,1,1,1,0,0,0,1.65,1.4272804833492598,False,False
F47_147_23,F47,147,23,1.631,1.631,3,4,1,1,0,1,0,0,0,0,1.631,1.4072505950445804,False,False
F47_148_00,F47,148,0,0.408,0.408,3,3,8,1,0,1,0,0,0,-1,0.4079999999999999,0.4496193629775783,False,False
F47_148_01,F47,148,1,0.408,0.408,3,3,8,1,0,1,0,0,0,-1,0.4079999999999999,0.4456783163485056,False,False
F47_148_02,F47,148,2,0.409,0.409,3,3,9,1,0,1,0,0,0,-1,0.4089999999999999,0.4396968610513595,False,False
F47_148_03,F47,148,3,0.41,0.41,2,2,1,1,0,1,1,0,0,-1,0.4099999999999999,0.4389835989229287,False,False
F47_148_04,F47,148,4,0.411,0.411,3,3,1,1,0,1,0,0,0,-1,0.4109999999999999,0.436529455012928,False,False
F47_148_05,F47,148,5,0.412,0.412,3,3,2,1,0,1,0,0,0,-1,0.4119999999999999,0.4349073724388998,False,False
F47_148_06,F47,148,6,0.41,0.41,2,2,1,1,0,1,1,0,0,-1,0.4099999999999999,0.4331607101190343,False,False
F47_148_07,F47,148,7,0.391,0.391,3,3,1,1,0,1,0,0,0,-1,0.391,0.428779758253038,False,False
F47_148_08,F47,148,8,0.393,0.393,3,3,3,1,0,1,0,0,0,-1,0.393,0.42746960732722,False,False
F47_148_09,F47,148,9,0.394,0.394,3,3,4,1,0,1,0,0,0,-1,0.394,0.4251381355310346,False,False
F47_148_10,F47,148,10,0.398,0.398,3,3,8,1,0,1,0,0,0,-1,0.398,0.4247604670446762,False,False
F47_148_11,F47,148,11,0.396,0.396,3,3,6,1,0,1,0,0,0,-1,0.396,0.423616034558822,False,False
F47_148_12,F47,148,12,0.398,0.398,3,3,8,1,0,1,0,0,0,-1,0.398,0.4494500078496072,False,False
F47_148_13,F47,148,13,0.408,0.408,3,3,8,1,0,1,0,0,0,-1,0.4079999999999999,0.4350783667455779,False,False
F47_148_14,F47,148,14,0.412,0.412,3,3,2,1,0,1,0,0,0,-1,0.4119999999999999,0.4429935776547211,False,False
F47_148_15,F47,148,15,0.409,0.409,3,3,9,1,0,1,0,0,0,-1,0.4089999999999999,0.4403876239062634,False,False
F47_148_16,F47,148,16,0.406,0.406,3,3,6,1,0,1,0,0,0,-1,0.406,0.4300014264051917,False,False
F47_148_17,F47,148,17,0.406,0.406,3,3,6,1,0,1,0,0,0,-1,0.406,0.4313025368602156,False,False
F47_148_18,F47,148,18,0.408,0.408,3,3,8,1,0,1,0,0,0,-1,0.4079999999999999,0.4409465197561226,False,False
F47_148_19,F47,148,19,0.408,0.408,3,3,8,1,0,1,0,0,0,-1,0.4079999999999999,0.4718863848163398,False,False
F47_148_20,F47,148,20,0.409,0.409,3,3,9,1,0,1,0,0,0,-1,0.4089999999999999,0.5083365793848224,False,False
F47_148_21,F47,148,21,0.41,0.41,2,2,1,1,0,1,1,0,0,-1,0.4099999999999999,0.4936829566545915,False,False
F47_148_22,F47,148,22,0.411,0.411,3,3,1,1,0,1,0,0,0,-1,0.4109999999999999,0.5931418671878542,False,False
F47_148_23,F47,148,23,0.412,0.412,3,3,2,1,0,1,0,0,0,-1,0.4119999999999999,0.4922711124271842,False,False
F47_149_00,F47,149,0,0.683,0.683,3,3,3,1,0,1,0,0,0,-1,0.683,0.7622236709035763,False,False
F47_149_01,F47,149,1,0.679,0.679,3,3,9,1,0,1,0,0,0,-1,0.679,0.7619305576731394,False,False
F47_149_02,F47,149,2,0.674,0.674,3,3,4,1,0,1,0,0,0,-1,0.674,0.7546475397619438,False,False
F47_149_03,F47,149,3,0.67,0.67,2,2,7,1,0,1,1,0,0,-1,0.67,0.7526288256610227,False,False
F47_149_04,F47,149,4,0.668,0.668,3,3,8,1,0,1,0,0,0,-1,0.668,0.7503380838571094,False,False
F47_149_05,F47,149,5,0.666,0.666,3,3,6,1,0,1,0,0,0,-1,0.666,0.7519163321825828,False,False
F47_149_06,F47,149,6,0.663,0.663,3,3,3,1,0,1,0,0,0,-1,0.663,0.748732088456484,False,False
F47_149_07,F47,149,7,0.663,0.663,3,3,3,1,0,1,0,0,0,-1,0.663,0.7502176250808464,False,False
F47_149_08,F47,149,8,0.671,0.671,3,3,1,1,0,1,0,0,0,-1,0.671,0.7498257664622836,False,False
F47_149_09,F47,149,9,0.682,0.682,3,3,2,1,0,1,0,0,0,-1,0.682,0.7481920259738335,False,False
F47_149_10,F47,149,10,0.688,0.688,3,3,8,1,0,1,0,0,0,-1,0.688,0.7334156258611443,False,False
F47_149_11,F47,149,11,0.692,0.692,3,3,2,1,0,1,0,0,0,-1,0.692,0.7524909371582861,False,False
F47_149_12,F47,149,12,0.704,0.704,3,3,4,1,0,1,0,0,0,-1,0.7039999999999998,0.76657142982474,False,False
F47_149_13,F47,149,13,0.711,0.711,3,3,1,1,0,1,0,0,0,-1,0.7109999999999999,0.7691428217138203,False,False
F47_149_14,F47,149,14,0.716,0.716,3,3,6,1,0,1,0,0,0,-1,0.7159999999999999,0.7754028763186651,False,False
F47_149_15,F47,149,15,0.721,0.721,3,3,1,1,0,1,0,0,0,-1,0.7209999999999999,0.7817471535970139,False,False
F47_149_16,F47,149,16,0.729,0.729,3,3,9,1,0,1,0,0,0,-1,0.7289999999999999,0.7885191278964763,False,False
F47_149_17,F47,149,17,0.73,0.73,2,2,3,1,0,1,1,0,0,-1,0.7299999999999999,0.7779865631219647,False,False
F47_149_18,F47,149,18,0.727,0.727,3,3,7,1,0,1,0,0,0,-1,0.7269999999999999,0.7739172481602596,False,False
F47_149_19,F47,149,19,0.726,0.726,3,3,6,1,0,1,0,0,0,-1,0.7259999999999999,0.7888187917631027,False,False
F47_149_20,F47,149,20,0.722,0.722,3,3,2,1,0,1,0,0,0,-1,0.7219999999999999,0.782590140992997,False,False
F47_149_21,F47,149,21,0.719,0.719,3,3,9,1,0,1,0,0,0,-1,0.7189999999999999,0.7830812935910896,False,False
F47_149_22,F47,149,22,0.717,0.717,3,3,7,1,0,1,0,0,0,-1,0.7169999999999999,0.7721935792477865,False,False
F47_149_23,F47,149,23,0.715,0.715,3,3,5,1,1,1,0,0,0,-1,0.7149999999999999,0.7741401543357361,False,False
F47_150_00,F47,150,0,0.411,0.411,3,3,1,1,0,1,0,0,0,-1,0.4109999999999999,0.6076639564630936,False,False
F47_150_01,F47,150,1,0.411,0.411,3,3,1,1,0,1,0,0,0,-1,0.4109999999999999,0.5219187176180153,False,False
F47_150_02,F47,150,2,0.412,0.412,3,3,2,1,0,1,0,0,0,-1,0.4119999999999999,0.5308798080738232,False,False
F47_150_03,F47,150,3,0.413,0.413,3,3,3,1,0,1,0,0,0,-1,0.4129999999999999,0.6057957317346249,False,False
F47_150_04,F47,150,4,0.414,0.414,3,3,4,1,0,1,0,0,0,-1,0.4139999999999999,0.5808654313223582,False,False
F47_150_05,F47,150,5,0.416,0.416,3,3,6,1,0,1,0,0,0,-1,0.4159999999999999,0.6047557216157002,False,False
F47_150_06,F47,150,6,0.417,0.417,3,3,7,1,0,1,0,0,0,-1,0.4169999999999999,0.5425021819609841,False,False
F47_150_07,F47,150,7,0.406,0.406,3,3,6,1,0,1,0,0,0,-1,0.406,0.5227018442660245,False,False
F47_150_08,F47,150,8,0.399,0.399,3,3,9,1,0,1,0,0,0,-1,0.399,0.52059690362447,False,False
F47_150_09,F47,150,9,0.4,0.4,1,1,4,1,0,1,1,1,0,-1,0.4,0.5043358784302713,False,False
F47_150_10,F47,150,10,0.403,0.403,3,3,3,1,0,1,0,0,0,-1,0.403,0.4963965042459825,False,False
F47_150_11,F47,150,11,0.412,0.412,3,3,2,1,0,1,0,0,0,-1,0.4119999999999999,0.4980240277839955,False,False
F47_150_12,F47,150,12,0.425,0.425,3,3,5,1,1,1,0,0,0,-1,0.4249999999999999,0.4923740993005608,False,False
F47_150_13,F47,150,13,0.442,0.442,3,3,2,1,0,1,0,0,0,-1,0.442,0.4809405699182978,False,False
F47_150_14,F47,150,14,0.452,0.452,3,3,2,1,0,1,0,0,0,-1,0.452,0.4929190453403139,False,False
F47_150_15,F47,150,15,0.461,0.461,3,3,1,1,0,1,0,0,0,-1,0.461,0.4969783226361901,False,False
F47_150_16,F47,150,16,0.467,0.467,3,3,7,1,0,1,0,0,0,-1,0.467,0.510576067360603,False,False
F47_150_17,F47,150,17,0.461,0.461,3,3,1,1,0,1,0,0,0,-1,0.461,0.5053825461040968,False,False
F47_150_18,F47,150,18,0.449,0.449,3,3,9,1,0,1,0,0,0,-1,0.449,0.4949625660702569,False,False
F47_150_19,F47,150,19,0.438,0.438,3,3,8,1,0,1,0,0,0,-1,0.438,0.4959141871729344,False,False
F47_150_20,F47,150,20,0.435,0.435,3,3,5,1,1,1,0,0,0,-1,0.435,0.4899541388667697,False,False
F47_150_21,F47,150,21,0.434,0.434,3,3,4,1,0,1,0,0,0,-1,0.434,0.4879325348314573,False,False
F47_150_22,F47,150,22,0.433,0.433,3,3,3,1,0,1,0,0,0,-1,0.433,0.4904960007929436,False,False
F47_150_23,F47,150,23,0.432,0.432,3,3,2,1,0,1,0,0,0,-1,0.432,0.5027454691186372,False,False
F47_151_00,F47,151,0,1.334,1.334,3,4,4,1,0,1,0,0,0,0,1.334,1.375583490059341,False,False
F47_151_01,F47,151,1,1.293,1.293,3,4,3,1,0,1,0,0,0,0,1.293,1.3756108048384572,False,False
F47_151_02,F47,151,2,1.252,1.252,3,4,2,1,0,1,0,0,0,0,1.252,1.3690037942360052,False,False
F47_151_03,F47,151,3,1.214,1.214,3,4,4,1,0,1,0,0,0,0,1.214,1.3591402912312136,False,False
F47_151_04,F47,151,4,1.176,1.176,3,4,6,1,0,1,0,0,0,0,1.176,1.3523966234680107,False,False
F47_151_05,F47,151,5,1.138,1.138,3,4,8,1,0,1,0,0,0,0,1.138,1.3471422535380326,False,False
F47_151_06,F47,151,6,1.099,1.099,3,4,9,1,0,1,0,0,0,0,1.099,1.3455145342317465,False,False
F47_151_07,F47,151,7,1.068,1.068,3,4,8,1,0,1,0,0,0,0,1.068,1.335415959191987,False,False
F47_151_08,F47,151,8,1.005,1.005,3,4,5,1,1,1,0,0,0,0,1.005,1.3303200931212942,False,False
F47_151_09,F47,151,9,0.916,0.916,3,3,6,1,0,1,0,0,0,-1,0.916,1.3260672470111237,False,False
F47_151_10,F47,151,10,0.883,0.883,3,3,3,1,0,1,0,0,0,-1,0.883,1.312933703852882,False,False
F47_151_11,F47,151,11,0.889,0.889,3,3,9,1,0,1,0,0,0,-1,0.889,1.2991906929732169,False,False
F47_151_12,F47,151,12,1.007,1.007,3,4,7,1,0,1,0,0,0,0,1.007,1.268509018014398,False,False
F47_151_13,F47,151,13,1.177,1.177,3,4,7,1,0,1,0,0,0,0,1.177,1.2615191089168507,False,False
F47_151_14,F47,151,14,1.396,1.396,3,4,6,1,0,1,0,0,0,0,1.396,1.287072258495633,False,False
F47_151_15,F47,151,15,1.485,1.485,3,4,5,1,1,1,0,0,0,0,1.485,1.3262384417528157,False,False
F47_151_16,F47,151,16,1.558,1.558,3,4,8,1,0,1,0,0,0,0,1.558,1.3360309929989778,False,False
F47_151_17,F47,151,17,1.726,1.726,3,4,6,1,0,1,0,0,0,0,1.726,1.3612950939460298,False,False
F47_151_18,F47,151,18,1.716,1.716,3,4,6,1,0,1,0,0,0,0,1.716,1.3763665203113242,False,False
F47_151_19,F47,151,19,1.696,1.696,3,4,6,1,0,1,0,0,0,0,1.696,1.3620645330863186,False,False
F47_151_20,F47,151,20,1.668,1.668,3,4,8,1,0,1,0,0,0,0,1.668,1.3458202875870875,False,False
F47_151_21,F47,151,21,1.631,1.631,3,4,1,1,0,1,0,0,0,0,1.631,1.3455985591700337,False,False
F47_151_22,F47,151,22,1.605,1.605,3,4,5,1,1,1,0,0,0,0,1.605,1.3425183684564306,False,False
F47_151_23,F47,151,23,1.588,1.588,3,4,8,1,0,1,0,0,0,0,1.588,1.3605040471654395,False,False
F47_152_00,F47,152,0,0.422,0.422,3,3,2,1,0,1,0,0,0,-1,0.4219999999999999,0.5732569888648767,False,False
F47_152_01,F47,152,1,0.423,0.423,3,3,3,1,0,1,0,0,0,-1,0.4229999999999999,0.5526652243509599,False,False
F47_152_02,F47,152,2,0.424,0.424,3,3,4,1,0,1,0,0,0,-1,0.4239999999999999,0.515636998859107,False,False
F47_152_03,F47,152,3,0.425,0.425,3,3,5,1,1,1,0,0,0,-1,0.4249999999999999,0.5051029525973701,False,False
F47_152_04,F47,152,4,0.426,0.426,3,3,6,1,0,1,0,0,0,-1,0.4259999999999999,0.5489053428665142,False,False
F47_152_05,F47,152,5,0.427,0.427,3,3,7,1,0,1,0,0,0,-1,0.4269999999999999,0.53457688576664,False,False
F47_152_06,F47,152,6,0.429,0.429,3,3,9,1,0,1,0,0,0,-1,0.4289999999999999,0.541010593518341,False,False
F47_152_07,F47,152,7,0.429,0.429,3,3,9,1,0,1,0,0,0,-1,0.4289999999999999,0.5356057614064582,False,False
F47_152_08,F47,152,8,0.428,0.428,3,3,8,1,0,1,0,0,0,-1,0.4279999999999999,0.5625203468410147,False,False
F47_152_09,F47,152,9,0.429,0.429,3,3,9,1,0,1,0,0,0,-1,0.4289999999999999,0.599142797420597,False,False
F47_152_10,F47,152,10,0.435,0.435,3,3,5,1,1,1,0,0,0,-1,0.435,0.56843353635873,False,False
F47_152_11,F47,152,11,0.447,0.447,3,3,7,1,0,1,0,0,0,-1,0.447,0.6136028992936544,False,False
F47_152_12,F47,152,12,0.459,0.459,3,3,9,1,0,1,0,0,0,-1,0.459,0.5262275951731229,False,False
F47_152_13,F47,152,13,0.467,0.467,3,3,7,1,0,1,0,0,0,-1,0.467,0.5279040894116835,False,False
F47_152_14,F47,152,14,0.47,0.47,2,2,7,1,0,1,1,0,0,-1,0.4699999999999999,0.5460052516797795,False,False
F47_152_15,F47,152,15,0.473,0.473,3,3,3,1,0,1,0,0,0,-1,0.4729999999999999,0.5960218498385798,False,False
F47_152_16,F47,152,16,0.475,0.475,3,3,5,1,1,1,0,0,0,-1,0.4749999999999999,0.561899758172619,False,False
F47_152_17,F47,152,17,0.472,0.472,3,3,2,1,0,1,0,0,0,-1,0.4719999999999999,0.5368143404838635,False,False
F47_152_18,F47,152,18,0.463,0.463,3,3,3,1,0,1,0,0,0,-1,0.463,0.526475115687037,False,False
F47_152_19,F47,152,19,0.452,0.452,3,3,2,1,0,1,0,0,0,-1,0.452,0.5188315144741806,False,False
F47_152_20,F47,152,20,0.443,0.443,3,3,3,1,0,1,0,0,0,-1,0.443,0.5111069120387833,False,False
F47_152_21,F47,152,21,0.436,0.436,3,3,6,1,0,1,0,0,0,-1,0.436,0.5088484465512036,False,False
F47_152_22,F47,152,22,0.436,0.436,3,3,6,1,0,1,0,0,0,-1,0.436,0.5380975682853306,False,False
F47_152_23,F47,152,23,0.435,0.435,3,3,5,1,1,1,0,0,0,-1,0.435,0.5091860205004081,False,False
F47_153_00,F47,153,0,0.819,0.819,3,3,9,1,0,1,0,0,0,-1,0.819,0.7944445495142176,False,False
F47_153_01,F47,153,1,0.813,0.813,3,3,3,1,0,1,0,0,0,-1,0.813,0.7892130774487293,False,False
F47_153_02,F47,153,2,0.808,0.808,3,3,8,1,0,1,0,0,0,-1,0.808,0.783725133896854,False,False
F47_153_03,F47,153,3,0.804,0.804,3,3,4,1,0,1,0,0,0,-1,0.804,0.7786994619800207,False,False
F47_153_04,F47,153,4,0.8,0.8,1,1,8,1,0,1,1,1,0,-1,0.8,0.772412366367021,False,False
F47_153_05,F47,153,5,0.795,0.795,3,3,5,1,1,1,0,0,0,-1,0.795,0.7701993060839654,False,False
F47_153_06,F47,153,6,0.791,0.791,3,3,1,1,0,1,0,0,0,-1,0.791,0.7671870322300821,False,False
F47_153_07,F47,153,7,0.788,0.788,3,3,8,1,0,1,0,0,0,-1,0.788,0.7674541166938628,False,False
F47_153_08,F47,153,8,0.794,0.794,3,3,4,1,0,1,0,0,0,-1,0.794,0.7708218800275712,False,False
F47_153_09,F47,153,9,0.803,0.803,3,3,3,1,0,1,0,0,0,-1,0.803,0.7777263135482557,False,False
F47_153_10,F47,153,10,0.81,0.81,2,2,1,1,0,1,1,0,0,-1,0.81,0.7755055118503853,False,False
F47_153_11,F47,153,11,0.824,0.824,3,3,4,1,0,1,0,0,0,-1,0.824,0.794815446901378,False,False
F47_153_12,F47,153,12,0.843,0.843,3,3,3,1,0,1,0,0,0,-1,0.8429999999999999,0.80621383503922,False,False
F47_153_13,F47,153,13,0.859,0.859,3,3,9,1,0,1,0,0,0,-1,0.8589999999999999,0.8216708848225879,False,False
F47_153_14,F47,153,14,0.874,0.874,3,3,4,1,0,1,0,0,0,-1,0.874,0.8491197117590848,False,False
F47_153_15,F47,153,15,0.887,0.887,3,3,7,1,0,1,0,0,0,-1,0.887,0.8686198047000669,False,False
F47_153_16,F47,153,16,0.893,0.893,3,3,3,1,0,1,0,0,0,-1,0.893,0.900426534401227,False,False
F47_153_17,F47,153,17,0.892,0.892,3,3,2,1,0,1,0,0,0,-1,0.892,0.8890715144147606,False,False
F47_153_18,F47,153,18,0.886,0.886,3,3,6,1,0,1,0,0,0,-1,0.886,0.8867820431997268,False,False
F47_153_19,F47,153,19,0.879,0.879,3,3,9,1,0,1,0,0,0,-1,0.879,0.8864388636654335,False,False
F47_153_20,F47,153,20,0.872,0.872,3,3,2,1,0,1,0,0,0,-1,0.872,0.8727664411579261,False,False
F47_153_21,F47,153,21,0.864,0.864,3,3,4,1,0,1,0,0,0,-1,0.8639999999999999,0.8634526858636687,False,False
F47_153_22,F47,153,22,0.858,0.858,3,3,8,1,0,1,0,0,0,-1,0.8579999999999999,0.8634656283008304,False,False
F47_153_23,F47,153,23,0.852,0.852,3,3,2,1,0,1,0,0,0,-1,0.8519999999999999,0.8590112842271979,False,False
F47_154_00,F47,154,0,1.664,1.664,3,4,4,1,0,1,0,0,0,0,1.664,1.480931850977452,False,False
F47_154_01,F47,154,1,1.621,1.621,3,4,1,1,0,1,0,0,0,0,1.621,1.476310324101489,False,False
F47_154_02,F47,154,2,1.585,1.585,3,4,5,1,1,1,0,0,0,0,1.585,1.4619138911191916,False,False
F47_154_03,F47,154,3,1.549,1.549,3,4,9,1,0,1,0,0,0,0,1.549,1.448907669065728,False,False
F47_154_04,F47,154,4,1.515,1.515,3,4,5,1,1,1,0,0,0,0,1.515,1.43294496153709,False,False
F47_154_05,F47,154,5,1.486,1.486,3,4,6,1,0,1,0,0,0,0,1.486,1.4197579649072485,False,False
F47_154_06,F47,154,6,1.46,1.46,2,3,6,1,0,1,1,0,0,0,1.46,1.4111606376614994,False,False
F47_154_07,F47,154,7,1.449,1.449,3,4,9,1,0,1,0,0,0,0,1.449,1.3773954003937143,False,False
F47_154_08,F47,154,8,1.569,1.569,3,4,9,1,0,1,0,0,0,0,1.569,1.3600677683771083,False,False
F47_154_09,F47,154,9,1.603,1.603,3,4,3,1,0,1,0,0,0,0,1.603,1.3903395175902993,False,False
F47_154_10,F47,154,10,1.485,1.485,3,4,5,1,1,1,0,0,0,0,1.485,1.3770835060695712,False,False
F47_154_11,F47,154,11,1.474,1.474,3,4,4,1,0,1,0,0,0,0,1.474,1.3067047842756958,False,False
F47_154_12,F47,154,12,1.538,1.538,3,4,8,1,0,1,0,0,0,0,1.538,1.283241815390889,False,False
F47_154_13,F47,154,13,1.613,1.613,3,4,3,1,0,1,0,0,0,0,1.613,1.2661538622074393,False,False
F47_154_14,F47,154,14,1.631,1.631,3,4,1,1,0,1,0,0,0,0,1.631,1.2899918355250446,False,False
F47_154_15,F47,154,15,1.62,1.62,2,3,2,1,0,1,1,0,0,0,1.62,1.3405245873234102,False,False
F47_154_16,F47,154,16,1.661,1.661,3,4,1,1,0,1,0,0,0,0,1.661,1.37084625604532,False,False
F47_154_17,F47,154,17,1.786,1.786,3,4,6,1,0,1,0,0,0,0,1.786,1.4160175237766923,False,False
F47_154_18,F47,154,18,1.878,1.878,3,4,8,1,0,1,0,0,0,0,1.878,1.410515191541648,False,False
F47_154_19,F47,154,19,1.824,1.824,3,4,4,1,0,1,0,0,0,0,1.824,1.4095104732728232,False,False
F47_154_20,F47,154,20,1.792,1.792,3,4,2,1,0,1,0,0,0,0,1.792,1.4000406300200423,False,False
F47_154_21,F47,154,21,1.739,1.739,3,4,9,1,0,1,0,0,0,0,1.739,1.3924813248297587,False,False
F47_154_22,F47,154,22,1.696,1.696,3,4,6,1,0,1,0,0,0,0,1.696,1.3826397171825189,False,False
F47_154_23,F47,154,23,1.666,1.666,3,4,6,1,0,1,0,0,0,0,1.666,1.3809972500883183,False,False
F47_155_00,F47,155,0,0.428,0.428,3,3,8,1,0,1,0,0,0,-1,0.4279999999999999,0.4050414661172819,False,False
F47_155_01,F47,155,1,0.429,0.429,3,3,9,1,0,1,0,0,0,-1,0.4289999999999999,0.4497057904664117,False,False
F47_155_02,F47,155,2,0.43,0.43,2,2,3,1,0,1,1,0,0,-1,0.4299999999999999,0.4110307518608885,False,False
F47_155_03,F47,155,3,0.43,0.43,2,2,3,1,0,1,1,0,0,-1,0.4299999999999999,0.4109845950319822,False,False
F47_155_04,F47,155,4,0.431,0.431,3,3,1,1,0,1,0,0,0,-1,0.4309999999999999,0.4249545516888581,False,False
F47_155_05,F47,155,5,0.432,0.432,3,3,2,1,0,1,0,0,0,-1,0.432,0.4428822763051345,False,False
F47_155_06,F47,155,6,0.433,0.433,3,3,3,1,0,1,0,0,0,-1,0.433,0.4165383592936104,False,False
F47_155_07,F47,155,7,0.429,0.429,3,3,9,1,0,1,0,0,0,-1,0.4289999999999999,0.4153001716255538,False,False
F47_155_08,F47,155,8,0.411,0.411,3,3,1,1,0,1,0,0,0,-1,0.4109999999999999,0.416702961047665,False,False
F47_155_09,F47,155,9,0.411,0.411,3,3,1,1,0,1,0,0,0,-1,0.4109999999999999,0.4165563814389277,False,False
F47_155_10,F47,155,10,0.407,0.407,3,3,7,1,0,1,0,0,0,-1,0.4069999999999999,0.4250012132076246,False,False
F47_155_11,F47,155,11,0.399,0.399,3,3,9,1,0,1,0,0,0,-1,0.399,0.4199754816416766,False,False
F47_155_12,F47,155,12,0.404,0.404,3,3,4,1,0,1,0,0,0,-1,0.404,0.4169717332502518,False,False
F47_155_13,F47,155,13,0.41,0.41,2,2,1,1,0,1,1,0,0,-1,0.4099999999999999,0.4207363669222586,False,False
F47_155_14,F47,155,14,0.417,0.417,3,3,7,1,0,1,0,0,0,-1,0.4169999999999999,0.4087517796730188,False,False
F47_155_15,F47,155,15,0.405,0.405,3,3,5,1,1,1,0,0,0,-1,0.405,0.407772138124394,False,False
F47_155_16,F47,155,16,0.405,0.405,3,3,5,1,1,1,0,0,0,-1,0.405,0.414822689506261,False,False
F47_155_17,F47,155,17,0.408,0.408,3,3,8,1,0,1,0,0,0,-1,0.4079999999999999,0.4199067597627456,False,False
F47_155_18,F47,155,18,0.409,0.409,3,3,9,1,0,1,0,0,0,-1,0.4089999999999999,0.4197225111656955,False,False
F47_155_19,F47,155,19,0.409,0.409,3,3,9,1,0,1,0,0,0,-1,0.4089999999999999,0.4314981992685949,False,False
F47_155_20,F47,155,20,0.409,0.409,3,3,9,1,0,1,0,0,0,-1,0.4089999999999999,0.4299380221584845,False,False
F47_155_21,F47,155,21,0.41,0.41,2,2,1,1,0,1,1,0,0,-1,0.4099999999999999,0.4293892389211106,False,False
F47_155_22,F47,155,22,0.41,0.41,2,2,1,1,0,1,1,0,0,-1,0.4099999999999999,0.4293204678277992,False,False
F47_155_23,F47,155,23,0.41,0.41,2,2,1,1,0,1,1,0,0,-1,0.4099999999999999,0.4292010182962887,False,False
F47_156_00,F47,156,0,0.816,0.816,3,3,6,1,0,1,0,0,0,-1,0.816,0.7232852200766171,False,False
F47_156_01,F47,156,1,0.811,0.811,3,3,1,1,0,1,0,0,0,-1,0.811,0.7186936033301586,False,False
F47_156_02,F47,156,2,0.806,0.806,3,3,6,1,0,1,0,0,0,-1,0.806,0.7169612313499946,False,False
F47_156_03,F47,156,3,0.802,0.802,3,3,2,1,0,1,0,0,0,-1,0.802,0.7164659700299154,False,False
F47_156_04,F47,156,4,0.799,0.799,3,3,9,1,0,1,0,0,0,-1,0.799,0.7121424044541231,False,False
F47_156_05,F47,156,5,0.798,0.798,3,3,8,1,0,1,0,0,0,-1,0.798,0.707653751297571,False,False
F47_156_06,F47,156,6,0.795,0.795,3,3,5,1,1,1,0,0,0,-1,0.795,0.7008284719839427,False,False
F47_156_07,F47,156,7,0.791,0.791,3,3,1,1,0,1,0,0,0,-1,0.791,0.7001514664381526,False,False
F47_156_08,F47,156,8,0.796,0.796,3,3,6,1,0,1,0,0,0,-1,0.796,0.6891646431153545,False,False
F47_156_09,F47,156,9,0.802,0.802,3,3,2,1,0,1,0,0,0,-1,0.802,0.719398033182562,False,False
F47_156_10,F47,156,10,0.808,0.808,3,3,8,1,0,1,0,0,0,-1,0.808,0.7121482155091996,False,False
F47_156_11,F47,156,11,0.821,0.821,3,3,1,1,0,1,0,0,0,-1,0.821,0.7124256042435498,False,False
F47_156_12,F47,156,12,0.837,0.837,3,3,7,1,0,1,0,0,0,-1,0.8369999999999999,0.7183736646825789,False,False
F47_156_13,F47,156,13,0.851,0.851,3,3,1,1,0,1,0,0,0,-1,0.8509999999999999,0.759266444747144,False,False
F47_156_14,F47,156,14,0.868,0.868,3,3,8,1,0,1,0,0,0,-1,0.8679999999999999,0.7684295301838575,False,False
F47_156_15,F47,156,15,0.88,0.88,2,2,8,1,0,1,1,0,0,-1,0.88,0.7787735381841276,False,False
F47_156_16,F47,156,16,0.886,0.886,3,3,6,1,0,1,0,0,0,-1,0.886,0.8028422183183983,False,False
F47_156_17,F47,156,17,0.885,0.885,3,3,5,1,1,1,0,0,0,-1,0.885,0.8060786664786364,False,False
F47_156_18,F47,156,18,0.878,0.878,3,3,8,1,0,1,0,0,0,-1,0.878,0.8020502799912363,False,False
F47_156_19,F47,156,19,0.866,0.866,3,3,6,1,0,1,0,0,0,-1,0.8659999999999999,0.7986140518239687,False,False
F47_156_20,F47,156,20,0.856,0.856,3,3,6,1,0,1,0,0,0,-1,0.8559999999999999,0.7976149668451086,False,False
F47_156_21,F47,156,21,0.848,0.848,3,3,8,1,0,1,0,0,0,-1,0.8479999999999999,0.7926739354009023,False,False
F47_156_22,F47,156,22,0.841,0.841,3,3,1,1,0,1,0,0,0,-1,0.8409999999999999,0.7913957124605246,False,False
F47_156_23,F47,156,23,0.833,0.833,3,3,3,1,0,1,0,0,0,-1,0.8329999999999999,0.7846720582683786,False,False
F47_157_00,F47,157,0,1.524,1.524,3,4,4,1,0,1,0,0,0,0,1.524,0.927713297561061,False,False
F47_157_01,F47,157,1,1.494,1.494,3,4,4,1,0,1,0,0,0,0,1.494,0.923823528136628,False,False
F47_157_02,F47,157,2,1.463,1.463,3,4,3,1,0,1,0,0,0,0,1.463,0.9175889635099757,False,False
F47_157_03,F47,157,3,1.435,1.435,3,4,5,1,1,1,0,0,0,0,1.435,0.915490570383472,False,False
F47_157_04,F47,157,4,1.408,1.408,3,4,8,1,0,1,0,0,0,0,1.408,0.911823491306801,False,False
F47_157_05,F47,157,5,1.398,1.398,3,4,8,1,0,1,0,0,0,0,1.398,0.9020123032162232,False,False
F47_157_06,F47,157,6,1.389,1.389,3,4,9,1,0,1,0,0,0,0,1.389,0.8937970195029145,False,False
F47_157_07,F47,157,7,1.395,1.395,3,4,5,1,1,1,0,0,0,0,1.395,0.9408327040384924,False,False
F47_157_08,F47,157,8,1.522,1.522,3,4,2,1,0,1,0,0,0,0,1.522,0.9117679176711494,False,False
F47_157_09,F47,157,9,1.485,1.485,3,4,5,1,1,1,0,0,0,0,1.485,0.9033736983713978,False,False
F47_157_10,F47,157,10,1.384,1.384,3,4,4,1,0,1,0,0,0,0,1.384,0.8974378875554494,False,False
F47_157_11,F47,157,11,1.364,1.364,3,4,4,1,0,1,0,0,0,0,1.364,0.9043843240153636,False,False
F47_157_12,F47,157,12,1.399,1.399,3,4,9,1,0,1,0,0,0,0,1.399,0.9451597828009294,False,False
F47_157_13,F47,157,13,1.44,1.44,2,3,4,1,0,1,1,0,0,0,1.44,0.9666839118853512,False,False
F47_157_14,F47,157,14,1.459,1.459,3,4,9,1,0,1,0,0,0,0,1.459,0.98084009027313,False,False
F47_157_15,F47,157,15,0.851,0.851,3,3,1,1,0,1,0,0,0,-1,0.8509999999999999,1.0349247550493874,False,False
F47_157_16,F47,157,16,0.856,0.856,3,3,6,1,0,1,0,0,0,-1,0.8559999999999999,1.0749807465504098,False,False
F47_157_17,F47,157,17,0.86,0.86,2,2,6,1,0,1,1,0,0,-1,0.8599999999999999,1.0840596240419271,False,False
F47_157_18,F47,157,18,0.851,0.851,3,3,1,1,0,1,0,0,0,-1,0.8509999999999999,1.1440685117818896,False,False
F47_157_19,F47,157,19,0.84,0.84,2,2,4,1,0,1,1,0,0,-1,0.8399999999999999,1.1234246147749118,False,False
F47_157_20,F47,157,20,0.828,0.828,3,3,8,1,0,1,0,0,0,-1,0.8279999999999998,1.0908436050296224,False,False
F47_157_21,F47,157,21,0.815,0.815,3,3,5,1,1,1,0,0,0,-1,0.815,1.0669452304967404,False,False
F47_157_22,F47,157,22,0.805,0.805,3,3,5,1,1,1,0,0,0,-1,0.805,1.0416242745369724,False,False
F47_157_23,F47,157,23,0.795,0.795,3,3,5,1,1,1,0,0,0,-1,0.795,1.0221709275277349,False,False
F47_158_00,F47,158,0,0.422,0.422,3,3,2,1,0,1,0,0,0,-1,0.4219999999999999,0.4798400994328626,False,False
F47_158_01,F47,158,1,0.421,0.421,3,3,1,1,0,1,0,0,0,-1,0.4209999999999999,0.4397646179582402,False,False
F47_158_02,F47,158,2,0.42,0.42,2,2,2,1,0,1,1,0,0,-1,0.4199999999999999,0.4417593706808882,False,False
F47_158_03,F47,158,3,0.419,0.419,3,3,9,1,0,1,0,0,0,-1,0.4189999999999999,0.445732592014715,False,False
F47_158_04,F47,158,4,0.419,0.419,3,3,9,1,0,1,0,0,0,-1,0.4189999999999999,0.4372968077014494,False,False
F47_158_05,F47,158,5,0.417,0.417,3,3,7,1,0,1,0,0,0,-1,0.4169999999999999,0.4311474880863618,False,False
F47_158_06,F47,158,6,0.406,0.406,3,3,6,1,0,1,0,0,0,-1,0.406,0.4277734161078105,False,False
F47_158_07,F47,158,7,0.399,0.399,3,3,9,1,0,1,0,0,0,-1,0.399,0.4297572180750487,False,False
F47_158_08,F47,158,8,0.4,0.4,1,1,4,1,0,1,1,1,0,-1,0.4,0.4273605638356279,False,False
F47_158_09,F47,158,9,0.402,0.402,3,3,2,1,0,1,0,0,0,-1,0.402,0.4385717450915298,False,False
F47_158_10,F47,158,10,0.403,0.403,3,3,3,1,0,1,0,0,0,-1,0.403,0.430822535973578,False,False
F47_158_11,F47,158,11,0.389,0.389,3,3,9,1,0,1,0,0,0,-1,0.389,0.4290010377861565,False,False
F47_158_12,F47,158,12,0.402,0.402,3,3,2,1,0,1,0,0,0,-1,0.402,0.4333873746879056,False,False
F47_158_13,F47,158,13,0.408,0.408,3,3,8,1,0,1,0,0,0,-1,0.4079999999999999,0.4314143973697177,False,False
F47_158_14,F47,158,14,0.396,0.396,3,3,6,1,0,1,0,0,0,-1,0.396,0.4289282897479982,False,False
F47_158_15,F47,158,15,0.405,0.405,3,3,5,1,1,1,0,0,0,-1,0.405,0.4334485437595858,False,False
F47_158_16,F47,158,16,0.441,0.441,3,3,1,1,0,1,0,0,0,-1,0.441,0.4385536087487977,False,False
F47_158_17,F47,158,17,0.4,0.4,1,1,4,1,0,1,1,1,0,-1,0.4,0.4335092047137386,False,False
F47_158_18,F47,158,18,0.406,0.406,3,3,6,1,0,1,0,0,0,-1,0.406,0.447247858870754,False,False
F47_158_19,F47,158,19,0.408,0.408,3,3,8,1,0,1,0,0,0,-1,0.4079999999999999,0.4549321742280623,False,False
F47_158_20,F47,158,20,0.41,0.41,2,2,1,1,0,1,1,0,0,-1,0.4099999999999999,0.4603205877658599,False,False
F47_158_21,F47,158,21,0.413,0.413,3,3,3,1,0,1,0,0,0,-1,0.4129999999999999,0.4591092071928659,False,False
F47_158_22,F47,158,22,0.416,0.416,3,3,6,1,0,1,0,0,0,-1,0.4159999999999999,0.4673091239440913,False,False
F47_158_23,F47,158,23,0.421,0.421,3,3,1,1,0,1,0,0,0,-1,0.4209999999999999,0.4620475211031452,False,False
F47_159_00,F47,159,0,0.766,0.766,3,3,6,1,0,1,0,0,0,-1,0.766,0.7564260050130287,False,False
F47_159_01,F47,159,1,0.762,0.762,3,3,2,1,0,1,0,0,0,-1,0.762,0.784210306879759,False,False
F47_159_02,F47,159,2,0.757,0.757,3,3,7,1,0,1,0,0,0,-1,0.757,0.7537231905065434,False,False
F47_159_03,F47,159,3,0.75,0.75,2,2,5,1,1,1,1,0,0,-1,0.75,0.7675129382563836,False,False
F47_159_04,F47,159,4,0.746,0.746,3,3,6,1,0,1,0,0,0,-1,0.746,0.7604973101603729,False,False
F47_159_05,F47,159,5,0.742,0.742,3,3,2,1,0,1,0,0,0,-1,0.7419999999999999,0.7623937496122511,False,False
F47_159_06,F47,159,6,0.739,0.739,3,3,9,1,0,1,0,0,0,-1,0.7389999999999999,0.7614908362696262,False,False
F47_159_07,F47,159,7,0.735,0.735,3,3,5,1,1,1,0,0,0,-1,0.7349999999999999,0.7585130729351026,False,False
F47_159_08,F47,159,8,0.731,0.731,3,3,1,1,0,1,0,0,0,-1,0.7309999999999999,0.7554891139564017,False,False
F47_159_09,F47,159,9,0.727,0.727,3,3,7,1,0,1,0,0,0,-1,0.7269999999999999,0.7352634869871801,False,False
F47_159_10,F47,159,10,0.723,0.723,3,3,3,1,0,1,0,0,0,-1,0.7229999999999999,0.7545572685952473,False,False
F47_159_11,F47,159,11,0.724,0.724,3,3,4,1,0,1,0,0,0,-1,0.7239999999999999,0.7771251408707539,False,False
F47_159_12,F47,159,12,0.722,0.722,3,3,2,1,0,1,0,0,0,-1,0.7219999999999999,0.7691975798136756,False,False
F47_159_13,F47,159,13,0.719,0.719,3,3,9,1,0,1,0,0,0,-1,0.7189999999999999,0.8185266116605742,False,False
F47_159_14,F47,159,14,0.717,0.717,3,3,7,1,0,1,0,0,0,-1,0.7169999999999999,0.8278939984234194,False,False
F47_159_15,F47,159,15,0.713,0.713,3,3,3,1,0,1,0,0,0,-1,0.7129999999999999,0.8649668149609565,False,False
F47_159_16,F47,159,16,0.714,0.714,3,3,4,1,0,1,0,0,0,-1,0.7139999999999999,0.917639314260524,False,False
F47_159_17,F47,159,17,0.714,0.714,3,3,4,1,0,1,0,0,0,-1,0.7139999999999999,0.8704654463846481,False,False
F47_159_18,F47,159,18,0.705,0.705,3,3,5,1,1,1,0,0,0,-1,0.7049999999999998,0.8742394860775164,False,False
F47_159_19,F47,159,19,0.697,0.697,3,3,7,1,0,1,0,0,0,-1,0.697,0.859372629581802,False,False
F47_159_20,F47,159,20,0.688,0.688,3,3,8,1,0,1,0,0,0,-1,0.688,0.8509051467724047,False,False
F47_159_21,F47,159,21,0.679,0.679,3,3,9,1,0,1,0,0,0,-1,0.679,0.8528971775086605,False,False
F47_159_22,F47,159,22,0.67,0.67,2,2,7,1,0,1,1,0,0,-1,0.67,0.8460061994400347,False,False
F47_159_23,F47,159,23,0.664,0.664,3,3,4,1,0,1,0,0,0,-1,0.664,0.8217119101444647,False,False
F47_160_00,F47,160,0,0.705,0.705,3,3,5,1,1,1,0,0,0,-1,0.7049999999999998,0.6785206722243499,False,False
F47_160_01,F47,160,1,0.7,0.7,1,1,7,1,0,1,1,1,0,-1,0.6999999999999998,0.7195623371568313,False,False
F47_160_02,F47,160,2,0.698,0.698,3,3,8,1,0,1,0,0,0,-1,0.698,0.686822252835718,False,False
F47_160_03,F47,160,3,0.696,0.696,3,3,6,1,0,1,0,0,0,-1,0.696,0.7061950096405946,False,False
F47_160_04,F47,160,4,0.695,0.695,3,3,5,1,1,1,0,0,0,-1,0.695,0.7145772468454059,False,False
F47_160_05,F47,160,5,0.694,0.694,3,3,4,1,0,1,0,0,0,-1,0.694,0.7122610425706665,False,False
F47_160_06,F47,160,6,0.693,0.693,3,3,3,1,0,1,0,0,0,-1,0.693,0.704934440359662,False,False
F47_160_07,F47,160,7,0.691,0.691,3,3,1,1,0,1,0,0,0,-1,0.691,0.6991362628049466,False,False
F47_160_08,F47,160,8,0.692,0.692,3,3,2,1,0,1,0,0,0,-1,0.692,0.7248864429191179,False,False
F47_160_09,F47,160,9,0.686,0.686,3,3,6,1,0,1,0,0,0,-1,0.686,0.7621372918494862,False,False
F47_160_10,F47,160,10,0.678,0.678,3,3,8,1,0,1,0,0,0,-1,0.678,0.7651186722995073,False,False
F47_160_11,F47,160,11,0.672,0.672,3,3,2,1,0,1,0,0,0,-1,0.672,0.7311686335135495,False,False
F47_160_12,F47,160,12,0.678,0.678,3,3,8,1,0,1,0,0,0,-1,0.678,0.7656634146328442,False,False
F47_160_13,F47,160,13,0.691,0.691,3,3,1,1,0,1,0,0,0,-1,0.691,0.7598688744047013,False,False
F47_160_14,F47,160,14,0.712,0.712,3,3,2,1,0,1,0,0,0,-1,0.7119999999999999,0.799457307077749,False,False
F47_160_15,F47,160,15,0.706,0.706,3,3,6,1,0,1,0,0,0,-1,0.7059999999999998,0.7773642260269403,False,False
F47_160_16,F47,160,16,0.713,0.713,3,3,3,1,0,1,0,0,0,-1,0.7129999999999999,0.7926050041361455,False,False
F47_160_17,F47,160,17,0.718,0.718,3,3,8,1,0,1,0,0,0,-1,0.7179999999999999,0.7941266614403812,False,False
F47_160_18,F47,160,18,0.711,0.711,3,3,1,1,0,1,0,0,0,-1,0.7109999999999999,0.7783967614216478,False,False
F47_160_19,F47,160,19,0.701,0.701,3,3,1,1,0,1,0,0,0,-1,0.7009999999999998,0.7741920293756037,False,False
F47_160_20,F47,160,20,0.692,0.692,3,3,2,1,0,1,0,0,0,-1,0.692,0.7706123123787804,False,False
F47_160_21,F47,160,21,0.683,0.683,3,3,3,1,0,1,0,0,0,-1,0.683,0.7824338456539072,False,False
F47_160_22,F47,160,22,0.675,0.675,3,3,5,1,1,1,0,0,0,-1,0.675,0.7798500193889466,False,False
F47_160_23,F47,160,23,0.669,0.669,3,3,9,1,0,1,0,0,0,-1,0.669,0.8078719718825959,False,False
F47_161_00,F47,161,0,0.663,0.663,3,3,3,1,0,1,0,0,0,-1,0.663,1.1827910368945345,False,False
F47_161_01,F47,161,1,0.66,0.66,2,2,6,1,0,1,1,0,0,-1,0.66,1.175174277306322,False,False
F47_161_02,F47,161,2,0.657,0.657,3,3,7,1,0,1,0,0,0,-1,0.657,1.228485015541395,False,False
F47_161_03,F47,161,3,0.655,0.655,3,3,5,1,1,1,0,0,0,-1,0.655,1.1313233579232636,False,False
F47_161_04,F47,161,4,0.653,0.653,3,3,3,1,0,1,0,0,0,-1,0.653,1.132324348775405,False,False
F47_161_05,F47,161,5,0.652,0.652,3,3,2,1,0,1,0,0,0,-1,0.652,1.117571749013014,False,False
F47_161_06,F47,161,6,0.653,0.653,3,3,3,1,0,1,0,0,0,-1,0.653,1.092935319066636,False,False
F47_161_07,F47,161,7,0.654,0.654,3,3,4,1,0,1,0,0,0,-1,0.654,1.0942434573696893,False,False
F47_161_08,F47,161,8,0.653,0.653,3,3,3,1,0,1,0,0,0,-1,0.653,1.0942376895136068,False,False
F47_161_09,F47,161,9,0.634,0.634,3,3,4,1,0,1,0,0,0,-1,0.634,1.1385103553457907,False,False
F47_161_10,F47,161,10,0.616,0.616,3,3,6,1,0,1,0,0,0,-1,0.6159999999999999,1.0886256299777264,False,False
F47_161_11,F47,161,11,0.607,0.607,3,3,7,1,0,1,0,0,0,-1,0.6069999999999999,1.0885990520877429,False,False
F47_161_12,F47,161,12,0.616,0.616,3,3,6,1,0,1,0,0,0,-1,0.6159999999999999,1.0779374988479902,False,False
F47_161_13,F47,161,13,0.635,0.635,3,3,5,1,1,1,0,0,0,-1,0.635,1.0861348765456638,False,False
F47_161_14,F47,161,14,0.657,0.657,3,3,7,1,0,1,0,0,0,-1,0.657,1.0986467412570469,False,False
F47_161_15,F47,161,15,0.665,0.665,3,3,5,1,1,1,0,0,0,-1,0.665,1.1202970354613968,False,False
F47_161_16,F47,161,16,0.664,0.664,3,3,4,1,0,1,0,0,0,-1,0.664,1.138819111514724,False,False
F47_161_17,F47,161,17,0.66,0.66,2,2,6,1,0,1,1,0,0,-1,0.66,1.1516186728044104,False,False
F47_161_18,F47,161,18,0.654,0.654,3,3,4,1,0,1,0,0,0,-1,0.654,1.158026336094314,False,False
F47_161_19,F47,161,19,0.649,0.649,3,3,9,1,0,1,0,0,0,-1,0.649,1.1512964251250122,False,False
F47_161_20,F47,161,20,0.645,0.645,3,3,5,1,1,1,0,0,0,-1,0.645,1.1469776524891553,False,False
F47_161_21,F47,161,21,0.639,0.639,3,3,9,1,0,1,0,0,0,-1,0.639,1.1591278394587774,False,False
F47_161_22,F47,161,22,0.633,0.633,3,3,3,1,0,1,0,0,0,-1,0.633,1.1578277797908454,False,False
F47_161_23,F47,161,23,0.63,0.63,2,2,3,1,0,1,1,0,0,-1,0.63,1.1476551120186498,False,False
F47_163_00,F47,163,0,0.573,0.573,3,3,3,1,0,1,0,0,0,-1,0.573,0.8488921524385024,False,False
F47_163_01,F47,163,1,0.573,0.573,3,3,3,1,0,1,0,0,0,-1,0.573,0.8308440979753843,False,False
F47_163_02,F47,163,2,0.574,0.574,3,3,4,1,0,1,0,0,0,-1,0.574,0.824302570808211,False,False
F47_163_03,F47,163,3,0.574,0.574,3,3,4,1,0,1,0,0,0,-1,0.574,0.8206633672102676,False,False
F47_163_04,F47,163,4,0.572,0.572,3,3,2,1,0,1,0,0,0,-1,0.572,0.7961009926445036,False,False
F47_163_05,F47,163,5,0.569,0.569,3,3,9,1,0,1,0,0,0,-1,0.569,0.7837315170697736,False,False
F47_163_06,F47,163,6,0.567,0.567,3,3,7,1,0,1,0,0,0,-1,0.567,0.7783583408516758,False,False
F47_163_07,F47,163,7,0.566,0.566,3,3,6,1,0,1,0,0,0,-1,0.566,0.7796895757858708,False,False
F47_163_08,F47,163,8,0.56,0.56,2,2,6,1,0,1,1,0,0,-1,0.56,0.7778707717513613,False,False
F47_163_09,F47,163,9,0.539,0.539,3,3,9,1,0,1,0,0,0,-1,0.539,0.8547658459253183,False,False
F47_163_10,F47,163,10,0.538,0.538,3,3,8,1,0,1,0,0,0,-1,0.538,0.8101361966668034,False,False
F47_163_11,F47,163,11,0.55,0.55,2,2,5,1,1,1,1,0,0,-1,0.55,0.7982355080526775,False,False
F47_163_12,F47,163,12,0.565,0.565,3,3,5,1,1,1,0,0,0,-1,0.565,0.8340406705510832,False,False
F47_163_13,F47,163,13,0.573,0.573,3,3,3,1,0,1,0,0,0,-1,0.573,0.8105297329689924,False,False
F47_163_14,F47,163,14,0.579,0.579,3,3,9,1,0,1,0,0,0,-1,0.5789999999999998,0.8309602923495498,False,False
F47_163_15,F47,163,15,0.577,0.577,3,3,7,1,0,1,0,0,0,-1,0.5769999999999998,0.8326056924911913,False,False
F47_163_16,F47,163,16,0.587,0.587,3,3,7,1,0,1,0,0,0,-1,0.5869999999999999,0.8451993931167144,False,False
F47_163_17,F47,163,17,0.595,0.595,3,3,5,1,1,1,0,0,0,-1,0.5949999999999999,0.847663565768124,False,False
F47_163_18,F47,163,18,0.59,0.59,2,2,9,1,0,1,1,0,0,-1,0.5899999999999999,0.8523447162422945,False,False
F47_163_19,F47,163,19,0.583,0.583,3,3,3,1,0,1,0,0,0,-1,0.5829999999999999,0.8474682053906438,False,False
F47_163_20,F47,163,20,0.577,0.577,3,3,7,1,0,1,0,0,0,-1,0.5769999999999998,0.8377795701153155,False,False
F47_163_21,F47,163,21,0.57,0.57,2,2,7,1,0,1,1,0,0,-1,0.57,0.8405901151591388,False,False
F47_163_22,F47,163,22,0.564,0.564,3,3,4,1,0,1,0,0,0,-1,0.564,0.8223741246709707,False,False
F47_163_23,F47,163,23,0.559,0.559,3,3,9,1,0,1,0,0,0,-1,0.559,0.8150721086398512,False,False
F47_165_00,F47,165,0,0.503,0.503,3,3,3,1,0,1,0,0,0,-1,0.503,0.4456518046063511,False,False
F47_165_01,F47,165,1,0.502,0.502,3,3,2,1,0,1,0,0,0,-1,0.502,0.4408395355719783,False,False
F47_165_02,F47,165,2,0.5,0.5,1,1,5,1,1,1,1,1,0,-1,0.5,0.4386625651376917,False,False
F47_165_03,F47,165,3,0.499,0.499,3,3,9,1,0,1,0,0,0,-1,0.499,0.4375694550304555,False,False
F47_165_04,F47,165,4,0.499,0.499,3,3,9,1,0,1,0,0,0,-1,0.499,0.4365176386358143,False,False
F47_165_05,F47,165,5,0.498,0.498,3,3,8,1,0,1,0,0,0,-1,0.498,0.4348507611585714,False,False
F47_165_06,F47,165,6,0.496,0.496,3,3,6,1,0,1,0,0,0,-1,0.496,0.4319166169812458,False,False
F47_165_07,F47,165,7,0.495,0.495,3,3,5,1,1,1,0,0,0,-1,0.495,0.4297879248261163,False,False
F47_165_08,F47,165,8,0.485,0.485,3,3,5,1,1,1,0,0,0,-1,0.4849999999999999,0.4269220305039743,False,False
F47_165_09,F47,165,9,0.462,0.462,3,3,2,1,0,1,0,0,0,-1,0.462,0.4302476029415408,False,False
F47_165_10,F47,165,10,0.469,0.469,3,3,9,1,0,1,0,0,0,-1,0.4689999999999999,0.4190701267553194,False,False
F47_165_11,F47,165,11,0.483,0.483,3,3,3,1,0,1,0,0,0,-1,0.4829999999999999,0.4221188739595123,False,False
F47_165_12,F47,165,12,0.495,0.495,3,3,5,1,1,1,0,0,0,-1,0.495,0.4307238511223578,False,False
F47_165_13,F47,165,13,0.474,0.474,3,3,4,1,0,1,0,0,0,-1,0.4739999999999999,0.4385677221493571,False,False
F47_165_14,F47,165,14,0.471,0.471,3,3,1,1,0,1,0,0,0,-1,0.4709999999999999,0.4437399052447007,False,False
F47_165_15,F47,165,15,0.48,0.48,2,2,8,1,0,1,1,0,0,-1,0.4799999999999999,0.4501512157445908,False,False
F47_165_16,F47,165,16,0.486,0.486,3,3,6,1,0,1,0,0,0,-1,0.4859999999999999,0.451227374147527,False,False
F47_165_17,F47,165,17,0.488,0.488,3,3,8,1,0,1,0,0,0,-1,0.4879999999999999,0.4498858545576223,False,False
F47_165_18,F47,165,18,0.488,0.488,3,3,8,1,0,1,0,0,0,-1,0.4879999999999999,0.452936049150965,False,False
F47_165_19,F47,165,19,0.488,0.488,3,3,8,1,0,1,0,0,0,-1,0.4879999999999999,0.4494811861498809,False,False
F47_165_20,F47,165,20,0.487,0.487,3,3,7,1,0,1,0,0,0,-1,0.4869999999999999,0.4451735959302847,False,False
F47_165_21,F47,165,21,0.486,0.486,3,3,6,1,0,1,0,0,0,-1,0.4859999999999999,0.4483792200067451,False,False
F47_165_22,F47,165,22,0.487,0.487,3,3,7,1,0,1,0,0,0,-1,0.4869999999999999,0.4460837954473299,False,False
F47_165_23,F47,165,23,0.488,0.488,3,3,8,1,0,1,0,0,0,-1,0.4879999999999999,0.4459364213676618,False,False
F47_166_00,F47,166,0,0.593,0.593,3,3,3,1,0,1,0,0,0,-1,0.5929999999999999,0.7780309075765791,False,False
F47_166_01,F47,166,1,0.59,0.59,2,2,9,1,0,1,1,0,0,-1,0.5899999999999999,0.7659872845623525,False,False
F47_166_02,F47,166,2,0.588,0.588,3,3,8,1,0,1,0,0,0,-1,0.5879999999999999,0.7583991724407916,False,False
F47_166_03,F47,166,3,0.587,0.587,3,3,7,1,0,1,0,0,0,-1,0.5869999999999999,0.7465323188685553,False,False
F47_166_04,F47,166,4,0.586,0.586,3,3,6,1,0,1,0,0,0,-1,0.5859999999999999,0.734947014974383,False,False
F47_166_05,F47,166,5,0.583,0.583,3,3,3,1,0,1,0,0,0,-1,0.5829999999999999,0.7351178331882376,False,False
F47_166_06,F47,166,6,0.579,0.579,3,3,9,1,0,1,0,0,0,-1,0.5789999999999998,0.7311948311030269,False,False
F47_166_07,F47,166,7,0.576,0.576,3,3,6,1,0,1,0,0,0,-1,0.5759999999999998,0.7331237874447758,False,False
F47_166_08,F47,166,8,0.596,0.596,3,3,6,1,0,1,0,0,0,-1,0.5959999999999999,0.7292053257081501,False,False
F47_166_09,F47,166,9,0.609,0.609,3,3,9,1,0,1,0,0,0,-1,0.6089999999999999,0.7419797847774618,False,False
F47_166_10,F47,166,10,0.617,0.617,3,3,7,1,0,1,0,0,0,-1,0.6169999999999999,0.7469224236329294,False,False
F47_166_11,F47,166,11,0.642,0.642,3,3,2,1,0,1,0,0,0,-1,0.642,0.7725218145751411,False,False
F47_166_12,F47,166,12,0.666,0.666,3,3,6,1,0,1,0,0,0,-1,0.666,0.8189498303915002,False,False
F47_166_13,F47,166,13,0.689,0.689,3,3,9,1,0,1,0,0,0,-1,0.689,0.9160504111287981,False,False
F47_166_14,F47,166,14,0.713,0.713,3,3,3,1,0,1,0,0,0,-1,0.7129999999999999,0.9203936368711562,False,False
F47_166_15,F47,166,15,0.735,0.735,3,3,5,1,1,1,0,0,0,-1,0.7349999999999999,0.9430484068247446,False,False
F47_166_16,F47,166,16,0.743,0.743,3,3,3,1,0,1,0,0,0,-1,0.7429999999999999,0.9672722703275602,False,False
F47_166_17,F47,166,17,0.741,0.741,3,3,1,1,0,1,0,0,0,-1,0.7409999999999999,0.9687517833831456,False,False
F47_166_18,F47,166,18,0.733,0.733,3,3,3,1,0,1,0,0,0,-1,0.7329999999999999,0.9519558767438522,False,False
F47_166_19,F47,166,19,0.72,0.72,2,2,2,1,0,1,1,0,0,-1,0.7199999999999999,0.9145425413139184,False,False
F47_166_20,F47,166,20,0.711,0.711,3,3,1,1,0,1,0,0,0,-1,0.7109999999999999,0.8980701831733806,False,False
F47_166_21,F47,166,21,0.703,0.703,3,3,3,1,0,1,0,0,0,-1,0.7029999999999998,0.8798199088623583,False,False
F47_166_22,F47,166,22,0.695,0.695,3,3,5,1,1,1,0,0,0,-1,0.695,0.8644097577906797,False,False
F47_166_23,F47,166,23,0.689,0.689,3,3,9,1,0,1,0,0,0,-1,0.689,0.8547498977017332,False,False
F47_167_00,F47,167,0,0.448,0.448,3,3,8,1,0,1,0,0,0,-1,0.448,0.4638763137719414,False,False
F47_167_01,F47,167,1,0.449,0.449,3,3,9,1,0,1,0,0,0,-1,0.449,0.4417058431461117,False,False
F47_167_02,F47,167,2,0.45,0.45,2,2,5,1,1,1,1,0,0,-1,0.45,0.4370582920885628,False,False
F47_167_03,F47,167,3,0.449,0.449,3,3,9,1,0,1,0,0,0,-1,0.449,0.4348618586317568,False,False
F47_167_04,F47,167,4,0.449,0.449,3,3,9,1,0,1,0,0,0,-1,0.449,0.4339152732772022,False,False
F47_167_05,F47,167,5,0.448,0.448,3,3,8,1,0,1,0,0,0,-1,0.448,0.4324989456585825,False,False
F47_167_06,F47,167,6,0.416,0.416,3,3,6,1,0,1,0,0,0,-1,0.4159999999999999,0.429086767223464,False,False
F47_167_07,F47,167,7,0.41,0.41,2,2,1,1,0,1,1,0,0,-1,0.4099999999999999,0.4247011053456012,False,False
F47_167_08,F47,167,8,0.409,0.409,3,3,9,1,0,1,0,0,0,-1,0.4089999999999999,0.4194035846601745,False,False
F47_167_09,F47,167,9,0.409,0.409,3,3,9,1,0,1,0,0,0,-1,0.4089999999999999,0.4149473667198033,False,False
F47_167_10,F47,167,10,0.415,0.415,3,3,5,1,1,1,0,0,0,-1,0.4149999999999999,0.4147623835241437,False,False
F47_167_11,F47,167,11,0.425,0.425,3,3,5,1,1,1,0,0,0,-1,0.4249999999999999,0.4184073993162918,False,False
F47_167_12,F47,167,12,0.442,0.442,3,3,2,1,0,1,0,0,0,-1,0.442,0.4320772711248519,False,False
F47_167_13,F47,167,13,0.463,0.463,3,3,3,1,0,1,0,0,0,-1,0.463,0.4196490560876053,False,False
F47_167_14,F47,167,14,0.483,0.483,3,3,3,1,0,1,0,0,0,-1,0.4829999999999999,0.4376641899374965,False,False
F47_167_15,F47,167,15,0.498,0.498,3,3,8,1,0,1,0,0,0,-1,0.498,0.4442243670131083,False,False
F47_167_16,F47,167,16,0.507,0.507,3,3,7,1,0,1,0,0,0,-1,0.507,0.4386066690920643,False,False
F47_167_17,F47,167,17,0.505,0.505,3,3,5,1,1,1,0,0,0,-1,0.505,0.4398884469613128,False,False
F47_167_18,F47,167,18,0.501,0.501,3,3,1,1,0,1,0,0,0,-1,0.501,0.4428742590435769,False,False
F47_167_19,F47,167,19,0.497,0.497,3,3,7,1,0,1,0,0,0,-1,0.497,0.4426822654209766,False,False
F47_167_20,F47,167,20,0.493,0.493,3,3,3,1,0,1,0,0,0,-1,0.4929999999999999,0.4439036295664926,False,False
F47_167_21,F47,167,21,0.49,0.49,2,2,9,1,0,1,1,0,0,-1,0.4899999999999999,0.4428502389378403,False,False
F47_167_22,F47,167,22,0.488,0.488,3,3,8,1,0,1,0,0,0,-1,0.4879999999999999,0.4422008556610742,False,False
F47_167_23,F47,167,23,0.487,0.487,3,3,7,1,0,1,0,0,0,-1,0.4869999999999999,0.442350303376763,False,False
F47_168_00,F47,168,0,0.753,0.753,3,3,3,1,0,1,0,0,0,-1,0.753,0.7287077304749199,False,False
F47_168_01,F47,168,1,0.746,0.746,3,3,6,1,0,1,0,0,0,-1,0.746,0.7576356693458671,False,False
F47_168_02,F47,168,2,0.74,0.74,2,2,4,1,0,1,1,0,0,-1,0.7399999999999999,0.7500759373357655,False,False
F47_168_03,F47,168,3,0.735,0.735,3,3,5,1,1,1,0,0,0,-1,0.7349999999999999,0.7600323368973592,False,False
F47_168_04,F47,168,4,0.729,0.729,3,3,9,1,0,1,0,0,0,-1,0.7289999999999999,0.7551764132732113,False,False
F47_168_05,F47,168,5,0.725,0.725,3,3,5,1,1,1,0,0,0,-1,0.7249999999999999,0.752769257749145,False,False
F47_168_06,F47,168,6,0.722,0.722,3,3,2,1,0,1,0,0,0,-1,0.7219999999999999,0.7411475354607063,False,False
F47_168_07,F47,168,7,0.719,0.719,3,3,9,1,0,1,0,0,0,-1,0.7189999999999999,0.7522543539014698,False,False
F47_168_08,F47,168,8,0.729,0.729,3,3,9,1,0,1,0,0,0,-1,0.7289999999999999,0.7390550939249025,False,False
F47_168_09,F47,168,9,0.749,0.749,3,3,9,1,0,1,0,0,0,-1,0.749,0.7392387331076193,False,False
F47_168_10,F47,168,10,0.762,0.762,3,3,2,1,0,1,0,0,0,-1,0.762,0.7440739681777179,False,False
F47_168_11,F47,168,11,0.772,0.772,3,3,2,1,0,1,0,0,0,-1,0.772,0.7602058546081891,False,False
F47_168_12,F47,168,12,0.787,0.787,3,3,7,1,0,1,0,0,0,-1,0.787,0.748974700388781,False,False
F47_168_13,F47,168,13,0.807,0.807,3,3,7,1,0,1,0,0,0,-1,0.807,0.7997387825542934,False,False
F47_168_14,F47,168,14,0.829,0.829,3,3,9,1,0,1,0,0,0,-1,0.8289999999999998,0.851457298439924,False,False
F47_168_15,F47,168,15,0.85,0.85,2,2,5,1,1,1,1,0,0,-1,0.8499999999999999,0.8791003208194965,False,False
F47_168_16,F47,168,16,0.855,0.855,3,3,5,1,1,1,0,0,0,-1,0.8549999999999999,0.9126068669812774,False,False
F47_168_17,F47,168,17,0.854,0.854,3,3,4,1,0,1,0,0,0,-1,0.8539999999999999,0.8913136710981766,False,False
F47_168_18,F47,168,18,0.845,0.845,3,3,5,1,1,1,0,0,0,-1,0.8449999999999999,0.8922823277332423,False,False
F47_168_19,F47,168,19,0.834,0.834,3,3,4,1,0,1,0,0,0,-1,0.8339999999999999,0.8698449245143238,False,False
F47_168_20,F47,168,20,0.824,0.824,3,3,4,1,0,1,0,0,0,-1,0.824,0.853439080241579,False,False
F47_168_21,F47,168,21,0.815,0.815,3,3,5,1,1,1,0,0,0,-1,0.815,0.8450782418107124,False,False
F47_168_22,F47,168,22,0.805,0.805,3,3,5,1,1,1,0,0,0,-1,0.805,0.8352716177795183,False,False
F47_168_23,F47,168,23,0.797,0.797,3,3,7,1,0,1,0,0,0,-1,0.797,0.8221611973112021,False,False
F47_169_00,F47,169,0,0.39,0.39,2,2,9,1,0,1,1,0,0,-1,0.39,0.4565987667851222,False,False
F47_169_01,F47,169,1,0.392,0.392,3,3,2,1,0,1,0,0,0,-1,0.392,0.4428763155521661,False,False
F47_169_02,F47,169,2,0.393,0.393,3,3,3,1,0,1,0,0,0,-1,0.393,0.4398873744389664,False,False
F47_169_03,F47,169,3,0.394,0.394,3,3,4,1,0,1,0,0,0,-1,0.394,0.4387034456287203,False,False
F47_169_04,F47,169,4,0.393,0.393,3,3,3,1,0,1,0,0,0,-1,0.393,0.4371218611795798,False,False
F47_169_05,F47,169,5,0.394,0.394,3,3,4,1,0,1,0,0,0,-1,0.394,0.4357962331992183,False,False
F47_169_06,F47,169,6,0.394,0.394,3,3,4,1,0,1,0,0,0,-1,0.394,0.4330362056728258,False,False
F47_169_07,F47,169,7,0.393,0.393,3,3,3,1,0,1,0,0,0,-1,0.393,0.4295194132879052,False,False
F47_169_08,F47,169,8,0.392,0.392,3,3,2,1,0,1,0,0,0,-1,0.392,0.4251348804900961,False,False
F47_169_09,F47,169,9,0.393,0.393,3,3,3,1,0,1,0,0,0,-1,0.393,0.4182069910880715,False,False
F47_169_10,F47,169,10,0.401,0.401,3,3,1,1,0,1,0,0,0,-1,0.401,0.4164187224711162,False,False
F47_169_11,F47,169,11,0.412,0.412,3,3,2,1,0,1,0,0,0,-1,0.4119999999999999,0.423653592403336,False,False
F47_169_12,F47,169,12,0.427,0.427,3,3,7,1,0,1,0,0,0,-1,0.4269999999999999,0.4301648740689058,False,False
F47_169_13,F47,169,13,0.439,0.439,3,3,9,1,0,1,0,0,0,-1,0.439,0.4340463522335991,False,False
F47_169_14,F47,169,14,0.447,0.447,3,3,7,1,0,1,0,0,0,-1,0.447,0.4383600684611154,False,False
F47_169_15,F47,169,15,0.458,0.458,3,3,8,1,0,1,0,0,0,-1,0.458,0.4392284939854102,False,False
F47_169_16,F47,169,16,0.468,0.468,3,3,8,1,0,1,0,0,0,-1,0.468,0.4395746280986233,False,False
F47_169_17,F47,169,17,0.43,0.43,2,2,3,1,0,1,1,0,0,-1,0.4299999999999999,0.4378974653566648,False,False
F47_169_18,F47,169,18,0.422,0.422,3,3,2,1,0,1,0,0,0,-1,0.4219999999999999,0.4435599067438598,False,False
F47_169_19,F47,169,19,0.42,0.42,2,2,2,1,0,1,1,0,0,-1,0.4199999999999999,0.4446770058173967,False,False
F47_169_20,F47,169,20,0.419,0.419,3,3,9,1,0,1,0,0,0,-1,0.4189999999999999,0.4462324030295068,False,False
F47_169_21,F47,169,21,0.418,0.418,3,3,8,1,0,1,0,0,0,-1,0.4179999999999999,0.4459196501275057,False,False
F47_169_22,F47,169,22,0.418,0.418,3,3,8,1,0,1,0,0,0,-1,0.4179999999999999,0.4461216397123515,False,False
F47_169_23,F47,169,23,0.418,0.418,3,3,8,1,0,1,0,0,0,-1,0.4179999999999999,0.4450163788549178,False,False
F47_170_00,F47,170,0,0.617,0.617,3,3,7,1,0,1,0,0,0,-1,0.6169999999999999,0.8044778867323296,False,False
F47_170_01,F47,170,1,0.609,0.609,3,3,9,1,0,1,0,0,0,-1,0.6089999999999999,0.7976645210270235,False,False
F47_170_02,F47,170,2,0.608,0.608,3,3,8,1,0,1,0,0,0,-1,0.6079999999999999,0.7974230491497067,False,False
F47_170_03,F47,170,3,0.609,0.609,3,3,9,1,0,1,0,0,0,-1,0.6089999999999999,0.8185632712396405,False,False
F47_170_04,F47,170,4,0.611,0.611,3,3,1,1,0,1,0,0,0,-1,0.6109999999999999,0.8060805545887794,False,False
F47_170_05,F47,170,5,0.611,0.611,3,3,1,1,0,1,0,0,0,-1,0.6109999999999999,0.7849128417749632,False,False
F47_170_06,F47,170,6,0.611,0.611,3,3,1,1,0,1,0,0,0,-1,0.6109999999999999,0.7859105135053067,False,False
F47_170_07,F47,170,7,0.644,0.644,3,3,4,1,0,1,0,0,0,-1,0.644,0.8055642222205672,False,False
F47_170_08,F47,170,8,0.801,0.801,3,3,1,1,0,1,0,0,0,-1,0.801,0.7782551660248338,False,False
F47_170_09,F47,170,9,0.857,0.857,3,3,7,1,0,1,0,0,0,-1,0.8569999999999999,0.8175692099604999,False,False
F47_170_10,F47,170,10,0.834,0.834,3,3,4,1,0,1,0,0,0,-1,0.8339999999999999,0.7897594381755828,False,False
F47_170_11,F47,170,11,0.836,0.836,3,3,6,1,0,1,0,0,0,-1,0.8359999999999999,0.7975700356233838,False,False
F47_170_12,F47,170,12,0.836,0.836,3,3,6,1,0,1,0,0,0,-1,0.8359999999999999,0.8054863530501217,False,False
F47_170_13,F47,170,13,0.842,0.842,3,3,2,1,0,1,0,0,0,-1,0.8419999999999999,0.8218910093208114,False,False
F47_170_14,F47,170,14,0.85,0.85,2,2,5,1,1,1,1,0,0,-1,0.8499999999999999,0.8371959966225941,False,False
F47_170_15,F47,170,15,0.854,0.854,3,3,4,1,0,1,0,0,0,-1,0.8539999999999999,0.8394244563071728,False,False
F47_170_16,F47,170,16,0.863,0.863,3,3,3,1,0,1,0,0,0,-1,0.8629999999999999,0.8548793137295871,False,False
F47_170_17,F47,170,17,0.873,0.873,3,3,3,1,0,1,0,0,0,-1,0.873,0.8423968131264116,False,False
F47_170_18,F47,170,18,0.872,0.872,3,3,2,1,0,1,0,0,0,-1,0.872,0.8254579197856082,False,False
F47_170_19,F47,170,19,0.864,0.864,3,3,4,1,0,1,0,0,0,-1,0.8639999999999999,0.8197083217111071,False,False
F47_170_20,F47,170,20,0.857,0.857,3,3,7,1,0,1,0,0,0,-1,0.8569999999999999,0.8075568492938656,False,False
F47_170_21,F47,170,21,0.849,0.849,3,3,9,1,0,1,0,0,0,-1,0.8489999999999999,0.8048665643834394,False,False
F47_170_22,F47,170,22,0.841,0.841,3,3,1,1,0,1,0,0,0,-1,0.8409999999999999,0.8113413352543279,False,False
F47_170_23,F47,170,23,0.836,0.836,3,3,6,1,0,1,0,0,0,-1,0.8359999999999999,0.8094402060278544,False,False
F47_171_00,F47,171,0,0.823,0.823,3,3,3,1,0,1,0,0,0,-1,0.823,0.8129350489087077,False,False
F47_171_01,F47,171,1,0.817,0.817,3,3,7,1,0,1,0,0,0,-1,0.817,0.8111817865827671,False,False
F47_171_02,F47,171,2,0.809,0.809,3,3,9,1,0,1,0,0,0,-1,0.809,0.8061342055549789,False,False
F47_171_03,F47,171,3,0.805,0.805,3,3,5,1,1,1,0,0,0,-1,0.805,0.8009156717866527,False,False
F47_171_04,F47,171,4,0.801,0.801,3,3,1,1,0,1,0,0,0,-1,0.801,0.8024048094187146,False,False
F47_171_05,F47,171,5,0.796,0.796,3,3,6,1,0,1,0,0,0,-1,0.796,0.8003515440883848,False,False
F47_171_06,F47,171,6,0.792,0.792,3,3,2,1,0,1,0,0,0,-1,0.792,0.7957681097736946,False,False
F47_171_07,F47,171,7,0.789,0.789,3,3,9,1,0,1,0,0,0,-1,0.789,0.7907075757666556,False,False
F47_171_08,F47,171,8,0.796,0.796,3,3,6,1,0,1,0,0,0,-1,0.796,0.7932018636239447,False,False
F47_171_09,F47,171,9,0.806,0.806,3,3,6,1,0,1,0,0,0,-1,0.806,0.7932372114016084,False,False
F47_171_10,F47,171,10,0.819,0.819,3,3,9,1,0,1,0,0,0,-1,0.819,0.810199314631092,False,False
F47_171_11,F47,171,11,0.841,0.841,3,3,1,1,0,1,0,0,0,-1,0.8409999999999999,0.8272511711600911,False,False
F47_171_12,F47,171,12,0.866,0.866,3,3,6,1,0,1,0,0,0,-1,0.8659999999999999,0.8603306764376135,False,False
F47_171_13,F47,171,13,0.887,0.887,3,3,7,1,0,1,0,0,0,-1,0.887,0.8894116768589522,False,False
F47_171_14,F47,171,14,0.91,0.91,2,2,1,1,0,1,1,0,0,-1,0.91,0.9293035979718294,False,False
F47_171_15,F47,171,15,0.951,0.951,3,3,1,1,0,1,0,0,0,-1,0.951,0.948687024332868,False,False
F47_171_16,F47,171,16,1.024,1.024,3,4,4,1,0,1,0,0,0,0,1.024,0.9568598013182608,False,False
F47_171_17,F47,171,17,1.043,1.043,3,4,3,1,0,1,0,0,0,0,1.043,0.948397981949596,False,False
F47_171_18,F47,171,18,0.976,0.976,3,3,6,1,0,1,0,0,0,-1,0.976,0.9368362547380512,False,False
F47_171_19,F47,171,19,0.917,0.917,3,3,7,1,0,1,0,0,0,-1,0.917,0.9166496261919128,False,False
F47_171_20,F47,171,20,0.897,0.897,3,3,7,1,0,1,0,0,0,-1,0.897,0.913543946588312,False,False
F47_171_21,F47,171,21,0.886,0.886,3,3,6,1,0,1,0,0,0,-1,0.886,0.9117741242279156,False,False
F47_171_22,F47,171,22,0.877,0.877,3,3,7,1,0,1,0,0,0,-1,0.877,0.904572122121299,False,False
F47_171_23,F47,171,23,0.868,0.868,3,3,8,1,0,1,0,0,0,-1,0.8679999999999999,0.8973718219334627,False,False
F47_173_00,F47,173,0,0.882,0.882,3,3,2,1,0,1,0,0,0,-1,0.882,0.8305075114133069,False,False
F47_173_01,F47,173,1,0.878,0.878,3,3,8,1,0,1,0,0,0,-1,0.878,0.8270257007700401,False,False
F47_173_02,F47,173,2,0.875,0.875,3,3,5,1,1,1,0,0,0,-1,0.875,0.8193850073814322,False,False
F47_173_03,F47,173,3,0.874,0.874,3,3,4,1,0,1,0,0,0,-1,0.874,0.8120930453461606,False,False
F47_173_04,F47,173,4,0.873,0.873,3,3,3,1,0,1,0,0,0,-1,0.873,0.8150903069945401,False,False
F47_173_05,F47,173,5,0.874,0.874,3,3,4,1,0,1,0,0,0,-1,0.874,0.8025231372016599,False,False
F47_173_06,F47,173,6,0.874,0.874,3,3,4,1,0,1,0,0,0,-1,0.874,0.809236815529703,False,False
F47_173_07,F47,173,7,0.888,0.888,3,3,8,1,0,1,0,0,0,-1,0.888,0.8052053727425766,False,False
F47_173_08,F47,173,8,0.92,0.92,2,2,2,1,0,1,1,0,0,-1,0.92,0.8092288337574736,False,False
F47_173_09,F47,173,9,0.941,0.941,3,3,1,1,0,1,0,0,0,-1,0.941,0.8312845224549194,False,False
F47_173_10,F47,173,10,0.947,0.947,3,3,7,1,0,1,0,0,0,-1,0.947,0.8255594541604944,False,False
F47_173_11,F47,173,11,0.947,0.947,3,3,7,1,0,1,0,0,0,-1,0.947,0.823228556994304,False,False
F47_173_12,F47,173,12,0.946,0.946,3,3,6,1,0,1,0,0,0,-1,0.946,0.8373269094163304,False,False
F47_173_13,F47,173,13,0.946,0.946,3,3,6,1,0,1,0,0,0,-1,0.946,0.8782753789658908,False,False
F47_173_14,F47,173,14,0.955,0.955,3,3,5,1,1,1,0,0,0,-1,0.955,0.8494405981220688,False,False
F47_173_15,F47,173,15,0.955,0.955,3,3,5,1,1,1,0,0,0,-1,0.955,0.881578253732844,False,False
F47_173_16,F47,173,16,0.959,0.959,3,3,9,1,0,1,0,0,0,-1,0.959,0.8839426284814018,False,False
F47_173_17,F47,173,17,0.991,0.991,3,3,1,1,0,1,0,0,0,-1,0.991,0.882004600503348,False,False
F47_173_18,F47,173,18,0.984,0.984,3,3,4,1,0,1,0,0,0,-1,0.984,0.8809381307172701,False,False
F47_173_19,F47,173,19,0.956,0.956,3,3,6,1,0,1,0,0,0,-1,0.956,0.8741702888213447,False,False
F47_173_20,F47,173,20,0.943,0.943,3,3,3,1,0,1,0,0,0,-1,0.943,0.8613505043303751,False,False
F47_173_21,F47,173,21,0.938,0.938,3,3,8,1,0,1,0,0,0,-1,0.938,0.8465850269511416,False,False
F47_173_22,F47,173,22,0.933,0.933,3,3,3,1,0,1,0,0,0,-1,0.933,0.8319467683663244,False,False
F47_173_23,F47,173,23,0.929,0.929,3,3,9,1,0,1,0,0,0,-1,0.929,0.8225619017897629,False,False
F47_174_00,F47,174,0,0.894,0.894,3,3,4,1,0,1,0,0,0,-1,0.894,0.767264002447439,False,False
F47_174_01,F47,174,1,0.888,0.888,3,3,8,1,0,1,0,0,0,-1,0.888,0.7676677190118357,False,False
F47_174_02,F47,174,2,0.883,0.883,3,3,3,1,0,1,0,0,0,-1,0.883,0.7713190067125979,False,False
F47_174_03,F47,174,3,0.881,0.881,3,3,1,1,0,1,0,0,0,-1,0.881,0.7659128530279798,False,False
F47_174_04,F47,174,4,0.878,0.878,3,3,8,1,0,1,0,0,0,-1,0.878,0.7644544603205323,False,False
F47_174_05,F47,174,5,0.877,0.877,3,3,7,1,0,1,0,0,0,-1,0.877,0.7557092135471724,False,False
F47_174_06,F47,174,6,0.874,0.874,3,3,4,1,0,1,0,0,0,-1,0.874,0.7552011900675076,False,False
F47_174_07,F47,174,7,0.872,0.872,3,3,2,1,0,1,0,0,0,-1,0.872,0.759496786372499,False,False
F47_174_08,F47,174,8,0.88,0.88,2,2,8,1,0,1,1,0,0,-1,0.88,0.7601569745317085,False,False
F47_174_09,F47,174,9,0.89,0.89,2,2,9,1,0,1,1,0,0,-1,0.89,0.7682900002676811,False,False
F47_174_10,F47,174,10,0.901,0.901,3,3,1,1,0,1,0,0,0,-1,0.901,0.7845022591694166,False,False
F47_174_11,F47,174,11,0.924,0.924,3,3,4,1,0,1,0,0,0,-1,0.924,0.8127956482973339,False,False
F47_174_12,F47,174,12,0.964,0.964,3,3,4,1,0,1,0,0,0,-1,0.964,0.8277206480631037,False,False
F47_174_13,F47,174,13,1.036,1.036,3,4,6,1,0,1,0,0,0,0,1.036,0.8701813713060135,False,False
F47_174_14,F47,174,14,1.288,1.288,3,4,8,1,0,1,0,0,0,0,1.288,0.9403974888437064,False,False
F47_174_15,F47,174,15,1.584,1.584,3,4,4,1,0,1,0,0,0,0,1.584,0.9748450991193744,False,False
F47_174_16,F47,174,16,1.646,1.646,3,4,6,1,0,1,0,0,0,0,1.646,0.994097733843038,False,False
F47_174_17,F47,174,17,1.665,1.665,3,4,5,1,1,1,0,0,0,0,1.665,0.9662421702487338,False,False
F47_174_18,F47,174,18,1.478,1.478,3,4,8,1,0,1,0,0,0,0,1.478,0.9322163569013092,False,False
F47_174_19,F47,174,19,1.184,1.184,3,4,4,1,0,1,0,0,0,0,1.184,0.920052967954809,False,False
F47_174_20,F47,174,20,0.991,0.991,3,3,1,1,0,1,0,0,0,-1,0.991,0.9039353902607598,False,False
F47_174_21,F47,174,21,0.947,0.947,3,3,7,1,0,1,0,0,0,-1,0.947,0.8906888311766727,False,False
F47_174_22,F47,174,22,0.93,0.93,2,2,3,1,0,1,1,0,0,-1,0.93,0.8789163946116016,False,False
F47_174_23,F47,174,23,0.921,0.921,3,3,1,1,0,1,0,0,0,-1,0.921,0.8619113688014666,False,False
F47_175_00,F47,175,0,0.401,0.401,3,3,1,1,0,1,0,0,0,-1,0.401,0.4818976191490456,False,False
F47_175_01,F47,175,1,0.402,0.402,3,3,2,1,0,1,0,0,0,-1,0.402,0.474948584799212,False,False
F47_175_02,F47,175,2,0.403,0.403,3,3,3,1,0,1,0,0,0,-1,0.403,0.472063727341907,False,False
F47_175_03,F47,175,3,0.404,0.404,3,3,4,1,0,1,0,0,0,-1,0.404,0.4700650616936386,False,False
F47_175_04,F47,175,4,0.404,0.404,3,3,4,1,0,1,0,0,0,-1,0.404,0.4673769402108533,False,False
F47_175_05,F47,175,5,0.403,0.403,3,3,3,1,0,1,0,0,0,-1,0.403,0.4655570971203537,False,False
F47_175_06,F47,175,6,0.389,0.389,3,3,9,1,0,1,0,0,0,-1,0.389,0.4599958312582579,False,False
F47_175_07,F47,175,7,0.367,0.367,3,3,7,1,0,1,0,0,0,-1,0.3669999999999999,0.457283471088232,False,False
F47_175_08,F47,175,8,0.367,0.367,3,3,7,1,0,1,0,0,0,-1,0.3669999999999999,0.4569149905482018,False,False
F47_175_09,F47,175,9,0.37,0.37,2,2,7,1,0,1,1,0,0,-1,0.37,0.4487916779376238,False,False
F47_175_10,F47,175,10,0.376,0.376,3,3,6,1,0,1,0,0,0,-1,0.376,0.4450048312684129,False,False
F47_175_11,F47,175,11,0.392,0.392,3,3,2,1,0,1,0,0,0,-1,0.392,0.4512574907693984,False,False
F47_175_12,F47,175,12,0.413,0.413,3,3,3,1,0,1,0,0,0,-1,0.4129999999999999,0.4619963450728664,False,False
F47_175_13,F47,175,13,0.438,0.438,3,3,8,1,0,1,0,0,0,-1,0.438,0.473069710952907,False,False
F47_175_14,F47,175,14,0.417,0.417,3,3,7,1,0,1,0,0,0,-1,0.4169999999999999,0.4775716541150272,False,False
F47_175_15,F47,175,15,0.426,0.426,3,3,6,1,0,1,0,0,0,-1,0.4259999999999999,0.481469839192851,False,False
F47_175_16,F47,175,16,0.433,0.433,3,3,3,1,0,1,0,0,0,-1,0.433,0.4893011891903269,False,False
F47_175_17,F47,175,17,0.429,0.429,3,3,9,1,0,1,0,0,0,-1,0.4289999999999999,0.5017755857195038,False,False
F47_175_18,F47,175,18,0.422,0.422,3,3,2,1,0,1,0,0,0,-1,0.4219999999999999,0.4936980330610043,False,False
F47_175_19,F47,175,19,0.418,0.418,3,3,8,1,0,1,0,0,0,-1,0.4179999999999999,0.4919688965982775,False,False
F47_175_20,F47,175,20,0.414,0.414,3,3,4,1,0,1,0,0,0,-1,0.4139999999999999,0.4891493694788453,False,False
F47_175_21,F47,175,21,0.411,0.411,3,3,1,1,0,1,0,0,0,-1,0.4109999999999999,0.4879835613417062,False,False
F47_175_22,F47,175,22,0.41,0.41,2,2,1,1,0,1,1,0,0,-1,0.4099999999999999,0.4881620143646116,False,False
F47_175_23,F47,175,23,0.409,0.409,3,3,9,1,0,1,0,0,0,-1,0.4089999999999999,0.4868021390231919,False,False
F47_176_00,F47,176,0,0.957,0.957,3,3,7,1,0,1,0,0,0,-1,0.957,0.867463664417583,False,False
F47_176_01,F47,176,1,0.953,0.953,3,3,3,1,0,1,0,0,0,-1,0.953,0.8729535972641856,False,False
F47_176_02,F47,176,2,0.95,0.95,2,2,5,1,1,1,1,0,0,-1,0.95,0.8662832319160096,False,False
F47_176_03,F47,176,3,0.947,0.947,3,3,7,1,0,1,0,0,0,-1,0.947,0.8631837073337638,False,False
F47_176_04,F47,176,4,0.944,0.944,3,3,4,1,0,1,0,0,0,-1,0.944,0.8586568191729937,False,False
F47_176_05,F47,176,5,0.94,0.94,2,2,4,1,0,1,1,0,0,-1,0.94,0.8506105255085342,False,False
F47_176_06,F47,176,6,0.937,0.937,3,3,7,1,0,1,0,0,0,-1,0.937,0.8411019168268666,False,False
F47_176_07,F47,176,7,0.937,0.937,3,3,7,1,0,1,0,0,0,-1,0.937,0.8355523864468694,False,False
F47_176_08,F47,176,8,0.961,0.961,3,3,1,1,0,1,0,0,0,-1,0.961,0.8197994936637482,False,False
F47_176_09,F47,176,9,0.986,0.986,3,3,6,1,0,1,0,0,0,-1,0.986,0.8671470133725083,False,False
F47_176_10,F47,176,10,0.996,0.996,3,3,6,1,0,1,0,0,0,-1,0.996,0.8560088434111887,False,False
F47_176_11,F47,176,11,0.994,0.994,3,3,4,1,0,1,0,0,0,-1,0.994,0.843175635891566,False,False
F47_176_12,F47,176,12,0.998,0.998,3,3,8,1,0,1,0,0,0,-1,0.998,0.8655162200713864,False,False
F47_176_13,F47,176,13,1.005,1.005,3,4,5,1,1,1,0,0,0,0,1.005,0.8885925034954473,False,False
F47_176_14,F47,176,14,1.003,1.003,3,4,3,1,0,1,0,0,0,0,1.003,0.9291174067205024,False,False
F47_176_15,F47,176,15,1.004,1.004,3,4,4,1,0,1,0,0,0,0,1.004,0.918215245199313,False,False
F47_176_16,F47,176,16,1.007,1.007,3,4,7,1,0,1,0,0,0,0,1.007,0.914173257244842,False,False
F47_176_17,F47,176,17,1.013,1.013,3,4,3,1,0,1,0,0,0,0,1.013,0.9251494343796106,False,False
F47_176_18,F47,176,18,1.013,1.013,3,4,3,1,0,1,0,0,0,0,1.013,0.9679581876856244,False,False
F47_176_19,F47,176,19,1.008,1.008,3,4,8,1,0,1,0,0,0,0,1.008,0.9651438601076534,False,False
F47_176_20,F47,176,20,1.003,1.003,3,4,3,1,0,1,0,0,0,0,1.003,0.9427272468541736,False,False
F47_176_21,F47,176,21,0.998,0.998,3,3,8,1,0,1,0,0,0,-1,0.998,0.933346524665221,False,False
F47_176_22,F47,176,22,0.99,0.99,2,2,9,1,0,1,1,0,0,-1,0.99,0.9241863277346876,False,False
F47_176_23,F47,176,23,0.984,0.984,3,3,4,1,0,1,0,0,0,-1,0.984,0.9141936495725652,False,False
F47_177_00,F47,177,0,0.984,0.984,3,3,4,1,0,1,0,0,0,-1,0.984,0.8068049373587403,False,False
F47_177_01,F47,177,1,0.961,0.961,3,3,1,1,0,1,0,0,0,-1,0.961,0.8066581984522719,False,False
F47_177_02,F47,177,2,0.947,0.947,3,3,7,1,0,1,0,0,0,-1,0.947,0.7945428196943795,False,False
F47_177_03,F47,177,3,0.94,0.94,2,2,4,1,0,1,1,0,0,-1,0.94,0.788055289628579,False,False
F47_177_04,F47,177,4,0.933,0.933,3,3,3,1,0,1,0,0,0,-1,0.933,0.782102513860919,False,False
F47_177_05,F47,177,5,0.927,0.927,3,3,7,1,0,1,0,0,0,-1,0.927,0.7796924949858197,False,False
F47_177_06,F47,177,6,0.924,0.924,3,3,4,1,0,1,0,0,0,-1,0.924,0.7816180092487146,False,False
F47_177_07,F47,177,7,0.923,0.923,3,3,3,1,0,1,0,0,0,-1,0.923,0.7847431518571018,False,False
F47_177_08,F47,177,8,0.929,0.929,3,3,9,1,0,1,0,0,0,-1,0.929,0.7872263990292696,False,False
F47_177_09,F47,177,9,0.95,0.95,2,2,5,1,1,1,1,0,0,-1,0.95,0.7905315874591627,False,False
F47_177_10,F47,177,10,0.998,0.998,3,3,8,1,0,1,0,0,0,-1,0.998,0.8266005296644369,False,False
F47_177_11,F47,177,11,1.119,1.119,3,4,9,1,0,1,0,0,0,0,1.119,0.8569394307998777,False,False
F47_177_12,F47,177,12,1.495,1.495,3,4,5,1,1,1,0,0,0,0,1.495,0.8850453232598303,False,False
F47_177_13,F47,177,13,1.891,1.891,3,4,1,1,0,1,0,0,0,0,1.891,0.9602818654509092,False,False
F47_177_14,F47,177,14,2.102,2.102,3,4,2,1,0,1,0,0,0,0,2.102,1.0797719632166354,False,False
F47_177_15,F47,177,15,2.273,2.273,3,4,3,1,0,1,0,0,0,0,2.273,1.181107830736802,False,False
F47_177_16,F47,177,16,2.353,2.353,3,4,3,1,0,1,0,0,0,0,2.353,1.250353800245804,False,False
F47_177_17,F47,177,17,2.385,2.385,3,4,5,1,1,1,0,0,0,0,2.385,1.2552301268547426,False,False
F47_177_18,F47,177,18,2.312,2.312,3,4,2,1,0,1,0,0,0,0,2.312,1.2518916865142984,False,False
F47_177_19,F47,177,19,2.203,2.203,3,4,3,1,0,1,0,0,0,0,2.203,1.2212832052095663,False,False
F47_177_20,F47,177,20,2.064,2.064,3,4,4,1,0,1,0,0,0,0,2.064,1.178703704328279,False,False
F47_177_21,F47,177,21,1.902,1.902,3,4,2,1,0,1,0,0,0,0,1.902,1.134012744361598,False,False
F47_177_22,F47,177,22,1.694,1.694,3,4,4,1,0,1,0,0,0,0,1.694,1.0399151300709075,False,False
F47_177_23,F47,177,23,1.474,1.474,3,4,4,1,0,1,0,0,0,0,1.474,1.0091323514852972,False,False
F47_178_00,F47,178,0,0.328,0.328,3,3,8,1,0,1,0,0,0,-1,0.328,0.5217192778553217,False,False
F47_178_01,F47,178,1,0.326,0.326,3,3,6,1,0,1,0,0,0,-1,0.326,0.5135483173131655,False,False
F47_178_02,F47,178,2,0.323,0.323,3,3,3,1,0,1,0,0,0,-1,0.323,0.502546606685281,False,False
F47_178_03,F47,178,3,0.32,0.32,2,2,2,1,0,1,1,0,0,-1,0.32,0.5052700851411045,False,False
F47_178_04,F47,178,4,0.318,0.318,3,3,8,1,0,1,0,0,0,-1,0.318,0.4988417686709987,False,False
F47_178_05,F47,178,5,0.315,0.315,3,3,5,1,1,1,0,0,0,-1,0.315,0.4797589436844005,False,False
F47_178_06,F47,178,6,0.313,0.313,3,3,3,1,0,1,0,0,0,-1,0.313,0.4833392150049549,False,False
F47_178_07,F47,178,7,0.31,0.31,2,2,1,1,0,1,1,0,0,-1,0.31,0.4724443284358631,False,False
F47_178_08,F47,178,8,0.308,0.308,3,3,8,1,0,1,0,0,0,-1,0.308,0.4415801672510064,False,False
F47_178_09,F47,178,9,0.306,0.306,3,3,6,1,0,1,0,0,0,-1,0.3059999999999999,0.447196467630813,False,False
F47_178_10,F47,178,10,0.306,0.306,3,3,6,1,0,1,0,0,0,-1,0.3059999999999999,0.4394921465077333,False,False
F47_178_11,F47,178,11,0.305,0.305,3,3,5,1,1,1,0,0,0,-1,0.3049999999999999,0.4291458473215289,False,False
F47_178_12,F47,178,12,0.307,0.307,3,3,7,1,0,1,0,0,0,-1,0.307,0.4252467756123998,False,False
F47_178_13,F47,178,13,0.307,0.307,3,3,7,1,0,1,0,0,0,-1,0.307,0.4228112105369852,False,False
F47_178_14,F47,178,14,0.306,0.306,3,3,6,1,0,1,0,0,0,-1,0.3059999999999999,0.4229556448435979,False,False
F47_178_15,F47,178,15,0.305,0.305,3,3,5,1,1,1,0,0,0,-1,0.3049999999999999,0.4281264769255729,False,False
F47_178_16,F47,178,16,0.303,0.303,3,3,3,1,0,1,0,0,0,-1,0.3029999999999999,0.4234891288883361,False,False
F47_178_17,F47,178,17,0.301,0.301,3,3,1,1,0,1,0,0,0,-1,0.3009999999999999,0.4375928149877097,False,False
F47_178_18,F47,178,18,0.299,0.299,3,3,9,1,0,1,0,0,0,-1,0.2989999999999999,0.472165546384523,False,False
F47_178_19,F47,178,19,0.296,0.296,3,3,6,1,0,1,0,0,0,-1,0.2959999999999999,0.4863688183507533,False,False
F47_178_20,F47,178,20,0.291,0.291,3,3,1,1,0,1,0,0,0,-1,0.2909999999999999,0.4796543003312213,False,False
F47_178_21,F47,178,21,0.286,0.286,3,3,6,1,0,1,0,0,0,-1,0.2859999999999999,0.476998600693152,False,False
F47_178_22,F47,178,22,0.282,0.282,3,3,2,1,0,1,0,0,0,-1,0.2819999999999999,0.4742643251114743,False,False
F47_178_23,F47,178,23,0.278,0.278,3,3,8,1,0,1,0,0,0,-1,0.278,0.4737027954172229,False,False
F47_179_00,F47,179,0,0.273,0.273,3,3,3,1,0,1,0,0,0,-1,0.273,0.3937164826149432,False,False
F47_179_01,F47,179,1,0.27,0.27,2,2,7,1,0,1,1,0,0,-1,0.27,0.425729858087689,False,False
F47_179_02,F47,179,2,0.267,0.267,3,3,7,1,0,1,0,0,0,-1,0.267,0.4179279602751466,False,False
F47_179_03,F47,179,3,0.264,0.264,3,3,4,1,0,1,0,0,0,-1,0.264,0.428653780604443,False,False
F47_179_04,F47,179,4,0.262,0.262,3,3,2,1,0,1,0,0,0,-1,0.262,0.4328691031439039,False,False
F47_179_05,F47,179,5,0.261,0.261,3,3,1,1,0,1,0,0,0,-1,0.261,0.4035788434629221,False,False
F47_179_06,F47,179,6,0.26,0.26,2,2,6,1,0,1,1,0,0,-1,0.26,0.3741588360959263,False,False
F47_179_07,F47,179,7,0.256,0.256,3,3,6,1,0,1,0,0,0,-1,0.256,0.3640423871287949,False,False
F47_179_08,F47,179,8,0.249,0.249,3,3,9,1,0,1,0,0,0,-1,0.249,0.3559126243053554,False,False
F47_179_09,F47,179,9,0.246,0.246,3,3,6,1,0,1,0,0,0,-1,0.246,0.3650577247645263,False,False
F47_179_10,F47,179,10,0.244,0.244,3,3,4,1,0,1,0,0,0,-1,0.2439999999999999,0.3476693298280167,False,False
F47_179_11,F47,179,11,0.241,0.241,3,3,1,1,0,1,0,0,0,-1,0.2409999999999999,0.3439120947963902,False,False
F47_179_12,F47,179,12,0.242,0.242,3,3,2,1,0,1,0,0,0,-1,0.2419999999999999,0.3495381632598106,False,False
F47_179_13,F47,179,13,0.24,0.24,2,2,4,1,0,1,1,0,0,-1,0.2399999999999999,0.3551432654359185,False,False
F47_179_14,F47,179,14,0.241,0.241,3,3,1,1,0,1,0,0,0,-1,0.2409999999999999,0.3501776207006353,False,False
F47_179_15,F47,179,15,0.242,0.242,3,3,2,1,0,1,0,0,0,-1,0.2419999999999999,0.3496274370520862,False,False
F47_179_16,F47,179,16,0.24,0.24,2,2,4,1,0,1,1,0,0,-1,0.2399999999999999,0.3597533825663974,False,False
F47_179_17,F47,179,17,0.238,0.238,3,3,8,1,0,1,0,0,0,-1,0.2379999999999999,0.3611102017394372,False,False
F47_179_18,F47,179,18,0.236,0.236,3,3,6,1,0,1,0,0,0,-1,0.2359999999999999,0.4011918277358469,False,True
F47_179_19,F47,179,19,0.236,0.236,3,3,6,1,0,1,0,0,0,-1,0.2359999999999999,0.409940514010949,False,True
F47_179_20,F47,179,20,0.236,0.236,3,3,6,1,0,1,0,0,0,-1,0.2359999999999999,0.4093605750335374,False,True
F47_179_21,F47,179,21,0.236,0.236,3,3,6,1,0,1,0,0,0,-1,0.2359999999999999,0.402660858312251,False,True
F47_179_22,F47,179,22,0.236,0.236,3,3,6,1,0,1,0,0,0,-1,0.2359999999999999,0.4018701149365661,False,True
F47_179_23,F47,179,23,0.236,0.236,3,3,6,1,0,1,0,0,0,-1,0.2359999999999999,0.3971403809623439,False,True
F47_180_00,F47,180,0,0.209,0.209,3,3,9,1,0,1,0,0,0,-1,0.2089999999999999,0.406228895860993,False,False
F47_180_01,F47,180,1,0.208,0.208,3,3,8,1,0,1,0,0,0,-1,0.2079999999999999,0.4239920593205923,False,False
F47_180_02,F47,180,2,0.208,0.208,3,3,8,1,0,1,0,0,0,-1,0.2079999999999999,0.4184551383998826,False,False
F47_180_03,F47,180,3,0.208,0.208,3,3,8,1,0,1,0,0,0,-1,0.2079999999999999,0.4320022221046619,False,False
F47_180_04,F47,180,4,0.208,0.208,3,3,8,1,0,1,0,0,0,-1,0.2079999999999999,0.4350519048184626,False,False
F47_180_05,F47,180,5,0.207,0.207,3,3,7,1,0,1,0,0,0,-1,0.2069999999999999,0.436285720609841,False,False
F47_180_06,F47,180,6,0.207,0.207,3,3,7,1,0,1,0,0,0,-1,0.2069999999999999,0.4164535710371071,False,False
F47_180_07,F47,180,7,0.204,0.204,3,3,4,1,0,1,0,0,0,-1,0.2039999999999999,0.4015432825229542,False,False
F47_180_08,F47,180,8,0.2,0.2,1,1,2,1,0,1,1,1,0,-1,0.2,0.3835072413961598,False,False
F47_180_09,F47,180,9,0.198,0.198,3,3,8,1,0,1,0,0,0,-1,0.198,0.3857358602059631,False,False
F47_180_10,F47,180,10,0.198,0.198,3,3,8,1,0,1,0,0,0,-1,0.198,0.3900806118227673,False,False
F47_180_11,F47,180,11,0.197,0.197,3,3,7,1,0,1,0,0,0,-1,0.197,0.3734994662820038,False,False
F47_180_12,F47,180,12,0.198,0.198,3,3,8,1,0,1,0,0,0,-1,0.198,0.3754417451311589,False,False
F47_180_13,F47,180,13,0.198,0.198,3,3,8,1,0,1,0,0,0,-1,0.198,0.3840042575749015,False,False
F47_180_14,F47,180,14,0.198,0.198,3,3,8,1,0,1,0,0,0,-1,0.198,0.3847812750880128,False,False
F47_180_15,F47,180,15,0.198,0.198,3,3,8,1,0,1,0,0,0,-1,0.198,0.3904052585859058,False,False
F47_180_16,F47,180,16,0.196,0.196,3,3,6,1,0,1,0,0,0,-1,0.196,0.3887081418825857,False,False
F47_180_17,F47,180,17,0.197,0.197,3,3,7,1,0,1,0,0,0,-1,0.197,0.4065135819838009,False,False
F47_180_18,F47,180,18,0.199,0.199,3,3,9,1,0,1,0,0,0,-1,0.199,0.4232109403753401,False,True
F47_180_19,F47,180,19,0.199,0.199,3,3,9,1,0,1,0,0,0,-1,0.199,0.4340699743373623,False,True
F47_180_20,F47,180,20,0.199,0.199,3,3,9,1,0,1,0,0,0,-1,0.199,0.4275644974673457,False,True
F47_180_21,F47,180,21,0.199,0.199,3,3,9,1,0,1,0,0,0,-1,0.199,0.4202997249521779,False,True
F47_180_22,F47,180,22,0.199,0.199,3,3,9,1,0,1,0,0,0,-1,0.199,0.4208423415478966,False,True
F47_180_23,F47,180,23,0.199,0.199,3,3,9,1,0,1,0,0,0,-1,0.199,0.4201325044881916,False,True
F47_191_00,F47,191,0,0.274,0.274,3,3,4,1,0,1,0,0,0,-1,0.274,0.9954833784475516,False,False
F47_191_01,F47,191,1,0.274,0.274,3,3,4,1,0,1,0,0,0,-1,0.274,0.9959210003636578,False,False
F47_191_02,F47,191,2,0.275,0.275,3,3,5,1,1,1,0,0,0,-1,0.275,0.973682656701866,False,False
F47_191_03,F47,191,3,0.274,0.274,3,3,4,1,0,1,0,0,0,-1,0.274,1.0166425135883452,False,False
F47_191_04,F47,191,4,0.275,0.275,3,3,5,1,1,1,0,0,0,-1,0.275,1.0030997028187587,False,False
F47_191_05,F47,191,5,0.275,0.275,3,3,5,1,1,1,0,0,0,-1,0.275,1.0015928255955466,False,False
F47_191_06,F47,191,6,0.275,0.275,3,3,5,1,1,1,0,0,0,-1,0.275,1.0030948866720373,False,False
F47_191_07,F47,191,7,0.276,0.276,3,3,6,1,0,1,0,0,0,-1,0.276,0.939817284512836,False,False
F47_191_08,F47,191,8,0.279,0.279,3,3,9,1,0,1,0,0,0,-1,0.279,0.8390146563304026,False,False
F47_191_09,F47,191,9,0.275,0.275,3,3,5,1,1,1,0,0,0,-1,0.275,0.8625238899603959,False,False
F47_191_10,F47,191,10,0.277,0.277,3,3,7,1,0,1,0,0,0,-1,0.277,0.861014238947009,False,False
F47_191_11,F47,191,11,0.279,0.279,3,3,9,1,0,1,0,0,0,-1,0.279,0.8880652881241846,False,False
F47_191_12,F47,191,12,0.286,0.286,3,3,6,1,0,1,0,0,0,-1,0.2859999999999999,0.8967650435009892,False,False
F47_191_13,F47,191,13,0.299,0.299,3,3,9,1,0,1,0,0,0,-1,0.2989999999999999,0.9141752866993288,False,False
F47_191_14,F47,191,14,0.305,0.305,3,3,5,1,1,1,0,0,0,-1,0.3049999999999999,0.913269810092584,False,False
F47_191_15,F47,191,15,0.315,0.315,3,3,5,1,1,1,0,0,0,-1,0.315,0.9120914724563464,False,False
F47_191_16,F47,191,16,0.319,0.319,3,3,9,1,0,1,0,0,0,-1,0.319,0.8936018359576281,False,False
F47_191_17,F47,191,17,0.32,0.32,2,2,2,1,0,1,1,0,0,-1,0.32,0.92696138540844,False,False
F47_191_18,F47,191,18,0.315,0.315,3,3,5,1,1,1,0,0,0,-1,0.315,1.0050192649933647,False,False
F47_191_19,F47,191,19,0.311,0.311,3,3,1,1,0,1,0,0,0,-1,0.311,0.9921449687385488,False,False
F47_191_20,F47,191,20,0.306,0.306,3,3,6,1,0,1,0,0,0,-1,0.3059999999999999,1.006740727437718,False,False
F47_191_21,F47,191,21,0.3,0.3,1,1,3,1,0,1,1,1,0,-1,0.2999999999999999,0.9860307517336336,False,False
F47_191_22,F47,191,22,0.295,0.295,3,3,5,1,1,1,0,0,0,-1,0.2949999999999999,0.9759519620655868,False,False
F47_191_23,F47,191,23,0.293,0.293,3,3,3,1,0,1,0,0,0,-1,0.2929999999999999,0.9599813760785652,False,False
F47_192_00,F47,192,0,0.167,0.167,3,3,7,1,0,1,0,0,0,-1,0.167,0.3446567905498416,False,False
F47_192_01,F47,192,1,0.167,0.167,3,3,7,1,0,1,0,0,0,-1,0.167,0.35067456192987,False,False
F47_192_02,F47,192,2,0.167,0.167,3,3,7,1,0,1,0,0,0,-1,0.167,0.3566637781735134,False,False
F47_192_03,F47,192,3,0.166,0.166,3,3,6,1,0,1,0,0,0,-1,0.166,0.360899184733764,False,False
F47_192_04,F47,192,4,0.166,0.166,3,3,6,1,0,1,0,0,0,-1,0.166,0.3611718825907058,False,False
F47_192_05,F47,192,5,0.165,0.165,3,3,5,1,1,1,0,0,0,-1,0.165,0.361310346453668,False,False
F47_192_06,F47,192,6,0.098,0.098,3,2,8,1,0,1,0,0,0,-2,0.098,0.3554217710136397,False,False
F47_192_07,F47,192,7,0.064,0.064,3,2,4,1,0,1,0,0,0,-2,0.064,0.3445771623274492,False,False
F47_192_08,F47,192,8,0.065,0.065,3,2,5,1,1,1,0,0,0,-2,0.065,0.3370792502875127,False,False
F47_192_09,F47,192,9,0.064,0.064,3,2,4,1,0,1,0,0,0,-2,0.064,0.340931241355803,False,False
F47_192_10,F47,192,10,0.065,0.065,3,2,5,1,1,1,0,0,0,-2,0.065,0.3405992819561913,False,False
F47_192_11,F47,192,11,0.133,0.133,3,3,3,1,0,1,0,0,0,-1,0.133,0.3527109718794055,False,False
F47_192_12,F47,192,12,0.12,0.12,2,2,2,1,0,1,1,0,0,-1,0.12,0.3602364818060402,False,False
F47_192_13,F47,192,13,0.165,0.165,3,3,5,1,1,1,0,0,0,-1,0.165,0.3511303541340283,False,False
F47_192_14,F47,192,14,0.17,0.17,2,2,7,1,0,1,1,0,0,-1,0.17,0.3521423905058549,False,False
F47_192_15,F47,192,15,0.168,0.168,3,3,8,1,0,1,0,0,0,-1,0.168,0.3492092499630955,False,False
F47_192_16,F47,192,16,0.167,0.167,3,3,7,1,0,1,0,0,0,-1,0.167,0.3533394520564774,False,False
F47_192_17,F47,192,17,0.169,0.169,3,3,9,1,0,1,0,0,0,-1,0.169,0.3470975185785173,False,False
F47_192_18,F47,192,18,0.17,0.17,2,2,7,1,0,1,1,0,0,-1,0.17,0.3540043669168838,False,True
F47_192_19,F47,192,19,0.17,0.17,2,2,7,1,0,1,1,0,0,-1,0.17,0.3486178590169383,False,True
F47_192_20,F47,192,20,0.17,0.17,2,2,7,1,0,1,1,0,0,-1,0.17,0.3490391551801861,False,True
F47_192_21,F47,192,21,0.17,0.17,2,2,7,1,0,1,1,0,0,-1,0.17,0.3402477450607136,False,True
F47_192_22,F47,192,22,0.17,0.17,2,2,7,1,0,1,1,0,0,-1,0.17,0.3454337886393744,False,True
F47_192_23,F47,192,23,0.17,0.17,2,2,7,1,0,1,1,0,0,-1,0.17,0.3462144721490876,False,True
F47_193_00,F47,193,0,0.377,0.377,3,3,7,1,0,1,0,0,0,-1,0.377,1.0106620682145884,False,False
F47_193_01,F47,193,1,0.375,0.375,3,3,5,1,1,1,0,0,0,-1,0.375,1.0038457288858973,False,False
F47_193_02,F47,193,2,0.37,0.37,2,2,7,1,0,1,1,0,0,-1,0.37,0.9997187728732828,False,False
F47_193_03,F47,193,3,0.363,0.363,3,3,3,1,0,1,0,0,0,-1,0.3629999999999999,1.006509071380567,False,False
F47_193_04,F47,193,4,0.355,0.355,3,3,5,1,1,1,0,0,0,-1,0.3549999999999999,1.0088415798048092,False,False
F47_193_05,F47,193,5,0.35,0.35,2,2,5,1,1,1,1,0,0,-1,0.3499999999999999,1.007149782984579,False,False
F47_193_06,F47,193,6,0.346,0.346,3,3,6,1,0,1,0,0,0,-1,0.3459999999999999,1.0079607188296178,False,False
F47_193_07,F47,193,7,0.345,0.345,3,3,5,1,1,1,0,0,0,-1,0.3449999999999999,1.0249100275603025,False,False
F47_193_08,F47,193,8,0.346,0.346,3,3,6,1,0,1,0,0,0,-1,0.3459999999999999,0.9120945009952331,False,False
F47_193_09,F47,193,9,0.353,0.353,3,3,3,1,0,1,0,0,0,-1,0.3529999999999999,0.9258765811357574,False,False
F47_193_10,F47,193,10,0.361,0.361,3,3,1,1,0,1,0,0,0,-1,0.3609999999999999,0.963800214297113,False,False
F47_193_11,F47,193,11,0.378,0.378,3,3,8,1,0,1,0,0,0,-1,0.378,0.9612859636899592,False,False
F47_193_12,F47,193,12,0.391,0.391,3,3,1,1,0,1,0,0,0,-1,0.391,0.9811739990525212,False,False
F47_193_13,F47,193,13,0.402,0.402,3,3,2,1,0,1,0,0,0,-1,0.402,1.0065619071884315,False,False
F47_193_14,F47,193,14,0.409,0.409,3,3,9,1,0,1,0,0,0,-1,0.4089999999999999,1.025344667977124,False,False
F47_193_15,F47,193,15,0.417,0.417,3,3,7,1,0,1,0,0,0,-1,0.4169999999999999,1.0295442778583237,False,False
F47_193_16,F47,193,16,0.42,0.42,2,2,2,1,0,1,1,0,0,-1,0.4199999999999999,1.0321108741006588,False,False
F47_193_17,F47,193,17,0.419,0.419,3,3,9,1,0,1,0,0,0,-1,0.4189999999999999,1.0644935240251594,False,False
F47_193_18,F47,193,18,0.414,0.414,3,3,4,1,0,1,0,0,0,-1,0.4139999999999999,1.1784034728184078,False,False
F47_193_19,F47,193,19,0.407,0.407,3,3,7,1,0,1,0,0,0,-1,0.4069999999999999,1.151733965101619,False,False
F47_193_20,F47,193,20,0.4,0.4,1,1,4,1,0,1,1,1,0,-1,0.4,1.1281777095785537,False,False
F47_193_21,F47,193,21,0.39,0.39,2,2,9,1,0,1,1,0,0,-1,0.39,1.1403270599408373,False,False
F47_193_22,F47,193,22,0.382,0.382,3,3,2,1,0,1,0,0,0,-1,0.382,1.1019019303084685,False,False
F47_193_23,F47,193,23,0.374,0.374,3,3,4,1,0,1,0,0,0,-1,0.374,1.1210186620775389,False,False
F47_194_00,F47,194,0,0.246,0.246,3,3,6,1,0,1,0,0,0,-1,0.246,0.4899078211951871,False,False
F47_194_01,F47,194,1,0.25,0.25,2,2,5,1,1,1,1,0,0,-1,0.25,0.4756911625513621,False,False
F47_194_02,F47,194,2,0.248,0.248,3,3,8,1,0,1,0,0,0,-1,0.248,0.4871446963204937,False,False
F47_194_03,F47,194,3,0.247,0.247,3,3,7,1,0,1,0,0,0,-1,0.247,0.4772930841265952,False,False
F47_194_04,F47,194,4,0.246,0.246,3,3,6,1,0,1,0,0,0,-1,0.246,0.4712702315033683,False,False
F47_194_05,F47,194,5,0.245,0.245,3,3,5,1,1,1,0,0,0,-1,0.245,0.4731319151735714,False,False
F47_194_06,F47,194,6,0.244,0.244,3,3,4,1,0,1,0,0,0,-1,0.2439999999999999,0.454297239886506,False,False
F47_194_07,F47,194,7,0.244,0.244,3,3,4,1,0,1,0,0,0,-1,0.2439999999999999,0.4539965702963076,False,False
F47_194_08,F47,194,8,0.238,0.238,3,3,8,1,0,1,0,0,0,-1,0.2379999999999999,0.4679043090985394,False,False
F47_194_09,F47,194,9,0.237,0.237,3,3,7,1,0,1,0,0,0,-1,0.2369999999999999,0.4836769845693458,False,False
F47_194_10,F47,194,10,0.242,0.242,3,3,2,1,0,1,0,0,0,-1,0.2419999999999999,0.5313852832634861,False,False
F47_194_11,F47,194,11,0.247,0.247,3,3,7,1,0,1,0,0,0,-1,0.247,0.5727407287475511,False,False
F47_194_12,F47,194,12,0.252,0.252,3,3,2,1,0,1,0,0,0,-1,0.252,0.5905506860616309,False,False
F47_194_13,F47,194,13,0.258,0.258,3,3,8,1,0,1,0,0,0,-1,0.258,0.6215570138682953,False,False
F47_194_14,F47,194,14,0.258,0.258,3,3,8,1,0,1,0,0,0,-1,0.258,0.634925839796232,False,False
F47_194_15,F47,194,15,0.26,0.26,2,2,6,1,0,1,1,0,0,-1,0.26,0.6449351714001019,False,False
F47_194_16,F47,194,16,0.264,0.264,3,3,4,1,0,1,0,0,0,-1,0.264,0.6135488655068739,False,False
F47_194_17,F47,194,17,0.266,0.266,3,3,6,1,0,1,0,0,0,-1,0.266,0.6276137684674687,False,False
F47_194_18,F47,194,18,0.267,0.267,3,3,7,1,0,1,0,0,0,-1,0.267,0.6439174443164856,False,False
F47_194_19,F47,194,19,0.267,0.267,3,3,7,1,0,1,0,0,0,-1,0.267,0.6475345776884478,False,False
F47_194_20,F47,194,20,0.266,0.266,3,3,6,1,0,1,0,0,0,-1,0.266,0.6586533248607733,False,False
F47_194_21,F47,194,21,0.265,0.265,3,3,5,1,1,1,0,0,0,-1,0.265,0.6354602329687009,False,False
F47_194_22,F47,194,22,0.263,0.263,3,3,3,1,0,1,0,0,0,-1,0.263,0.6333499286787467,False,False
F47_194_23,F47,194,23,0.261,0.261,3,3,1,1,0,1,0,0,0,-1,0.261,0.6244314588035467,False,False
F47_195_00,F47,195,0,0.19,0.19,2,2,9,1,0,1,1,0,0,-1,0.19,0.3711450240947144,False,False
F47_195_01,F47,195,1,0.189,0.189,3,3,9,1,0,1,0,0,0,-1,0.189,0.3596087410398965,False,False
F47_195_02,F47,195,2,0.189,0.189,3,3,9,1,0,1,0,0,0,-1,0.189,0.3645064298525064,False,False
F47_195_03,F47,195,3,0.189,0.189,3,3,9,1,0,1,0,0,0,-1,0.189,0.3559344895063356,False,False
F47_195_04,F47,195,4,0.19,0.19,2,2,9,1,0,1,1,0,0,-1,0.19,0.3632521596845885,False,False
F47_195_05,F47,195,5,0.19,0.19,2,2,9,1,0,1,1,0,0,-1,0.19,0.3551398861032968,False,False
F47_195_06,F47,195,6,0.19,0.19,2,2,9,1,0,1,1,0,0,-1,0.19,0.3661875538880958,False,False
F47_195_07,F47,195,7,0.191,0.191,3,3,1,1,0,1,0,0,0,-1,0.191,0.3664723097517124,False,False
F47_195_08,F47,195,8,0.191,0.191,3,3,1,1,0,1,0,0,0,-1,0.191,0.3669038465206465,False,False
F47_195_09,F47,195,9,0.187,0.187,3,3,7,1,0,1,0,0,0,-1,0.187,0.3671870929816293,False,False
F47_195_10,F47,195,10,0.175,0.175,3,3,5,1,1,1,0,0,0,-1,0.1749999999999999,0.3681198974623376,False,False
F47_195_11,F47,195,11,0.186,0.186,3,3,6,1,0,1,0,0,0,-1,0.186,0.4017903911193734,False,False
F47_195_12,F47,195,12,0.194,0.194,3,3,4,1,0,1,0,0,0,-1,0.194,0.4341018445060198,False,False
F47_195_13,F47,195,13,0.192,0.192,3,3,2,1,0,1,0,0,0,-1,0.192,0.4522297447245686,False,False
F47_195_14,F47,195,14,0.201,0.201,3,3,1,1,0,1,0,0,0,-1,0.201,0.4709872341638474,False,False
F47_195_15,F47,195,15,0.206,0.206,3,3,6,1,0,1,0,0,0,-1,0.2059999999999999,0.4806201882523283,False,False
F47_195_16,F47,195,16,0.195,0.195,3,3,5,1,1,1,0,0,0,-1,0.195,0.4580032916473686,False,False
F47_195_17,F47,195,17,0.196,0.196,3,3,6,1,0,1,0,0,0,-1,0.196,0.439785323252462,False,False
F47_195_18,F47,195,18,0.195,0.195,3,3,5,1,1,1,0,0,0,-1,0.195,0.4360861276532901,False,False
F47_195_19,F47,195,19,0.195,0.195,3,3,5,1,1,1,0,0,0,-1,0.195,0.4319598312651606,False,False
F47_195_20,F47,195,20,0.195,0.195,3,3,5,1,1,1,0,0,0,-1,0.195,0.4300033469240828,False,False
F47_195_21,F47,195,21,0.193,0.193,3,3,3,1,0,1,0,0,0,-1,0.193,0.434010437928694,False,False
F47_195_22,F47,195,22,0.193,0.193,3,3,3,1,0,1,0,0,0,-1,0.193,0.4497192306962948,False,False
F47_195_23,F47,195,23,0.192,0.192,3,3,2,1,0,1,0,0,0,-1,0.192,0.4394762063015714,False,False
F47_196_00,F47,196,0,0.181,0.181,3,3,1,1,0,1,0,0,0,-1,0.1809999999999999,0.6217042965988018,False,False
F47_196_01,F47,196,1,0.176,0.176,3,3,6,1,0,1,0,0,0,-1,0.1759999999999999,0.5938165794972095,False,False
F47_196_02,F47,196,2,0.177,0.177,3,3,7,1,0,1,0,0,0,-1,0.1769999999999999,0.5440251292462953,False,False
F47_196_03,F47,196,3,0.178,0.178,3,3,8,1,0,1,0,0,0,-1,0.1779999999999999,0.5054511866299871,False,False
F47_196_04,F47,196,4,0.179,0.179,3,3,9,1,0,1,0,0,0,-1,0.1789999999999999,0.4837118382401033,False,False
F47_196_05,F47,196,5,0.18,0.18,2,2,8,1,0,1,1,0,0,-1,0.1799999999999999,0.4692043720017901,False,False
F47_196_06,F47,196,6,0.173,0.173,3,3,3,1,0,1,0,0,0,-1,0.1729999999999999,0.4569538949893988,False,False
F47_196_07,F47,196,7,0.174,0.174,3,3,4,1,0,1,0,0,0,-1,0.1739999999999999,0.4477837418869569,False,False
F47_196_08,F47,196,8,0.176,0.176,3,3,6,1,0,1,0,0,0,-1,0.1759999999999999,0.4427344947405111,False,False
F47_196_09,F47,196,9,0.173,0.173,3,3,3,1,0,1,0,0,0,-1,0.1729999999999999,0.4376918366464758,False,False
F47_196_10,F47,196,10,0.178,0.178,3,3,8,1,0,1,0,0,0,-1,0.1779999999999999,0.4435539426931212,False,False
F47_196_11,F47,196,11,0.186,0.186,3,3,6,1,0,1,0,0,0,-1,0.186,0.4651292545721978,False,False
F47_196_12,F47,196,12,0.184,0.184,3,3,4,1,0,1,0,0,0,-1,0.184,0.4902255098987083,False,False
F47_196_13,F47,196,13,0.192,0.192,3,3,2,1,0,1,0,0,0,-1,0.192,0.4924673422452661,False,False
F47_196_14,F47,196,14,0.198,0.198,3,3,8,1,0,1,0,0,0,-1,0.198,0.4920567459493107,False,False
F47_196_15,F47,196,15,0.19,0.19,2,2,9,1,0,1,1,0,0,-1,0.19,0.49423288693159,False,False
F47_196_16,F47,196,16,0.19,0.19,2,2,9,1,0,1,1,0,0,-1,0.19,0.4831623784088067,False,False
F47_196_17,F47,196,17,0.19,0.19,2,2,9,1,0,1,1,0,0,-1,0.19,0.4804293395811193,False,False
F47_196_18,F47,196,18,0.191,0.191,3,3,1,1,0,1,0,0,0,-1,0.191,0.474851878503243,False,False
F47_196_19,F47,196,19,0.191,0.191,3,3,1,1,0,1,0,0,0,-1,0.191,0.4761518558721689,False,False
F47_196_20,F47,196,20,0.191,0.191,3,3,1,1,0,1,0,0,0,-1,0.191,0.4729620384587505,False,False
F47_196_21,F47,196,21,0.192,0.192,3,3,2,1,0,1,0,0,0,-1,0.192,0.4644912054284513,False,False
F47_196_22,F47,196,22,0.191,0.191,3,3,1,1,0,1,0,0,0,-1,0.191,0.4659756834780519,False,False
F47_196_23,F47,196,23,0.191,0.191,3,3,1,1,0,1,0,0,0,-1,0.191,0.4759277066188377,False,False
F47_209_00,F47,209,0,0.646,0.646,3,3,6,1,0,1,0,0,0,-1,0.646,0.7355907468746054,False,False
F47_209_01,F47,209,1,0.642,0.642,3,3,2,1,0,1,0,0,0,-1,0.642,0.6911443934348854,False,False
F47_209_02,F47,209,2,0.637,0.637,3,3,7,1,0,1,0,0,0,-1,0.637,0.674878184234768,False,False
F47_209_03,F47,209,3,0.634,0.634,3,3,4,1,0,1,0,0,0,-1,0.634,0.680465921703194,False,False
F47_209_04,F47,209,4,0.632,0.632,3,3,2,1,0,1,0,0,0,-1,0.632,0.7009401435340756,False,False
F47_209_05,F47,209,5,0.63,0.63,2,2,3,1,0,1,1,0,0,-1,0.63,0.6715815671002803,False,False
F47_209_06,F47,209,6,0.628,0.628,3,3,8,1,0,1,0,0,0,-1,0.628,0.6841299886890901,False,False
F47_209_07,F47,209,7,0.634,0.634,3,3,4,1,0,1,0,0,0,-1,0.634,0.6706620032974154,False,False
F47_209_08,F47,209,8,0.64,0.64,2,2,4,1,0,1,1,0,0,-1,0.64,0.6820698155495297,False,False
F47_209_09,F47,209,9,0.641,0.641,3,3,1,1,0,1,0,0,0,-1,0.641,0.6651718509034023,False,False
F47_209_10,F47,209,10,0.643,0.643,3,3,3,1,0,1,0,0,0,-1,0.643,0.6850478517267306,False,False
F47_209_11,F47,209,11,0.647,0.647,3,3,7,1,0,1,0,0,0,-1,0.647,0.6774400371008604,False,False
F47_209_12,F47,209,12,0.659,0.659,3,3,9,1,0,1,0,0,0,-1,0.659,0.6518252559819174,False,False
F47_209_13,F47,209,13,0.67,0.67,2,2,7,1,0,1,1,0,0,-1,0.67,0.6591151518139037,False,False
F47_209_14,F47,209,14,0.674,0.674,3,3,4,1,0,1,0,0,0,-1,0.674,0.6717228943219185,False,False
F47_209_15,F47,209,15,0.677,0.677,3,3,7,1,0,1,0,0,0,-1,0.677,0.7014862424215865,False,False
F47_209_16,F47,209,16,0.677,0.677,3,3,7,1,0,1,0,0,0,-1,0.677,0.6980347843631854,False,False
F47_209_17,F47,209,17,0.675,0.675,3,3,5,1,1,1,0,0,0,-1,0.675,0.686018989646463,False,False
F47_209_18,F47,209,18,0.677,0.677,3,3,7,1,0,1,0,0,0,-1,0.677,0.7225050490466126,False,False
F47_209_19,F47,209,19,0.676,0.676,3,3,6,1,0,1,0,0,0,-1,0.676,0.7183275767041422,False,False
F47_209_20,F47,209,20,0.673,0.673,3,3,3,1,0,1,0,0,0,-1,0.673,0.7144040166942411,False,False
F47_209_21,F47,209,21,0.671,0.671,3,3,1,1,0,1,0,0,0,-1,0.671,0.7119037089059149,False,False
F47_209_22,F47,209,22,0.669,0.669,3,3,9,1,0,1,0,0,0,-1,0.669,0.7025208499941115,False,False
F47_209_23,F47,209,23,0.667,0.667,3,3,7,1,0,1,0,0,0,-1,0.667,0.6978725866375168,False,False
F47_210_00,F47,210,0,0.496,0.496,3,3,6,1,0,1,0,0,0,-1,0.496,0.558946146629946,False,False
F47_210_01,F47,210,1,0.491,0.491,3,3,1,1,0,1,0,0,0,-1,0.4909999999999999,0.5511977500260546,False,False
F47_210_02,F47,210,2,0.486,0.486,3,3,6,1,0,1,0,0,0,-1,0.4859999999999999,0.5311875500352302,False,False
F47_210_03,F47,210,3,0.481,0.481,3,3,1,1,0,1,0,0,0,-1,0.4809999999999999,0.522243530815504,False,False
F47_210_04,F47,210,4,0.479,0.479,3,3,9,1,0,1,0,0,0,-1,0.4789999999999999,0.524875839785968,False,False
F47_210_05,F47,210,5,0.477,0.477,3,3,7,1,0,1,0,0,0,-1,0.4769999999999999,0.5277382075654947,False,False
F47_210_06,F47,210,6,0.477,0.477,3,3,7,1,0,1,0,0,0,-1,0.4769999999999999,0.538075269434575,False,False
F47_210_07,F47,210,7,0.477,0.477,3,3,7,1,0,1,0,0,0,-1,0.4769999999999999,0.5518078435563025,False,False
F47_210_08,F47,210,8,0.485,0.485,3,3,5,1,1,1,0,0,0,-1,0.4849999999999999,0.5868286802194238,False,False
F47_210_09,F47,210,9,0.506,0.506,3,3,6,1,0,1,0,0,0,-1,0.506,0.5670493779001342,False,False
F47_210_10,F47,210,10,0.524,0.524,3,3,4,1,0,1,0,0,0,-1,0.524,0.5819070622303899,False,False
F47_210_11,F47,210,11,0.535,0.535,3,3,5,1,1,1,0,0,0,-1,0.535,0.5917576912892776,False,False
F47_210_12,F47,210,12,0.54,0.54,2,2,4,1,0,1,1,0,0,-1,0.54,0.6053206066933252,False,False
F47_210_13,F47,210,13,0.546,0.546,3,3,6,1,0,1,0,0,0,-1,0.546,0.6032756157084211,False,False
F47_210_14,F47,210,14,0.551,0.551,3,3,1,1,0,1,0,0,0,-1,0.551,0.6029798284170859,False,False
F47_210_15,F47,210,15,0.553,0.553,3,3,3,1,0,1,0,0,0,-1,0.553,0.605348312130016,False,False
F47_210_16,F47,210,16,0.553,0.553,3,3,3,1,0,1,0,0,0,-1,0.553,0.604942404241852,False,False
F47_210_17,F47,210,17,0.55,0.55,2,2,5,1,1,1,1,0,0,-1,0.55,0.6126133345439557,False,False
F47_210_18,F47,210,18,0.547,0.547,3,3,7,1,0,1,0,0,0,-1,0.547,0.6048774138062158,False,False
F47_210_19,F47,210,19,0.543,0.543,3,3,3,1,0,1,0,0,0,-1,0.543,0.6055586306803534,False,False
F47_210_20,F47,210,20,0.54,0.54,2,2,4,1,0,1,1,0,0,-1,0.54,0.6087809965486557,False,False
F47_210_21,F47,210,21,0.537,0.537,3,3,7,1,0,1,0,0,0,-1,0.537,0.6066707866852434,False,False
F47_210_22,F47,210,22,0.534,0.534,3,3,4,1,0,1,0,0,0,-1,0.534,0.6005960545846817,False,False
F47_210_23,F47,210,23,0.53,0.53,2,2,3,1,0,1,1,0,0,-1,0.53,0.6035510918390318,False,False
F47_212_00,F47,212,0,0.526,0.526,3,3,6,1,0,1,0,0,0,-1,0.526,0.5568675400796022,False,False
F47_212_01,F47,212,1,0.521,0.521,3,3,1,1,0,1,0,0,0,-1,0.521,0.5750065117644563,False,False
F47_212_02,F47,212,2,0.514,0.514,3,3,4,1,0,1,0,0,0,-1,0.514,0.5896015103280285,False,False
F47_212_03,F47,212,3,0.509,0.509,3,3,9,1,0,1,0,0,0,-1,0.509,0.59714958746691,False,False
F47_212_04,F47,212,4,0.504,0.504,3,3,4,1,0,1,0,0,0,-1,0.504,0.5962181922252849,False,False
F47_212_05,F47,212,5,0.502,0.502,3,3,2,1,0,1,0,0,0,-1,0.502,0.6140103270256038,False,False
F47_212_06,F47,212,6,0.495,0.495,3,3,5,1,1,1,0,0,0,-1,0.495,0.6167293931308675,False,False
F47_212_07,F47,212,7,0.495,0.495,3,3,5,1,1,1,0,0,0,-1,0.495,0.5928601729165026,False,False
F47_212_08,F47,212,8,0.5,0.5,1,1,5,1,1,1,1,1,0,-1,0.5,0.5960757315539557,False,False
F47_212_09,F47,212,9,0.516,0.516,3,3,6,1,0,1,0,0,0,-1,0.516,0.5862147748772701,False,False
F47_212_10,F47,212,10,0.528,0.528,3,3,8,1,0,1,0,0,0,-1,0.528,0.5900099127803317,False,False
F47_212_11,F47,212,11,0.527,0.527,3,3,7,1,0,1,0,0,0,-1,0.527,0.632039183444209,False,False
F47_212_12,F47,212,12,0.524,0.524,3,3,4,1,0,1,0,0,0,-1,0.524,0.6253332786674252,False,False
F47_212_13,F47,212,13,0.524,0.524,3,3,4,1,0,1,0,0,0,-1,0.524,0.6428337678290509,False,False
F47_212_14,F47,212,14,0.53,0.53,2,2,3,1,0,1,1,0,0,-1,0.53,0.6349354580798092,False,False
F47_212_15,F47,212,15,0.543,0.543,3,3,3,1,0,1,0,0,0,-1,0.543,0.6550154798084645,False,False
F47_212_16,F47,212,16,0.555,0.555,3,3,5,1,1,1,0,0,0,-1,0.555,0.6477742271725164,False,False
F47_212_17,F47,212,17,0.557,0.557,3,3,7,1,0,1,0,0,0,-1,0.557,0.6147891732121475,False,False
F47_212_18,F47,212,18,0.548,0.548,3,3,8,1,0,1,0,0,0,-1,0.548,0.5992420222743833,False,False
F47_212_19,F47,212,19,0.536,0.536,3,3,6,1,0,1,0,0,0,-1,0.536,0.6167268099381344,False,False
F47_212_20,F47,212,20,0.525,0.525,3,3,5,1,1,1,0,0,0,-1,0.525,0.6748720772608929,False,False
F47_212_21,F47,212,21,0.515,0.515,3,3,5,1,1,1,0,0,0,-1,0.515,0.6868767685773803,False,False
F47_212_22,F47,212,22,0.509,0.509,3,3,9,1,0,1,0,0,0,-1,0.509,0.673116167019097,False,False
F47_212_23,F47,212,23,0.504,0.504,3,3,4,1,0,1,0,0,0,-1,0.504,0.6570520654818943,False,False
F47_214_00,F47,214,0,0.498,0.498,3,3,8,1,0,1,0,0,0,-1,0.498,0.6463140458106506,False,False
F47_214_01,F47,214,1,0.496,0.496,3,3,6,1,0,1,0,0,0,-1,0.496,0.6454729956980813,False,False
F47_214_02,F47,214,2,0.492,0.492,3,3,2,1,0,1,0,0,0,-1,0.4919999999999999,0.6246899284654712,False,False
F47_214_03,F47,214,3,0.494,0.494,3,3,4,1,0,1,0,0,0,-1,0.4939999999999999,0.6337572944829728,False,False
F47_214_04,F47,214,4,0.492,0.492,3,3,2,1,0,1,0,0,0,-1,0.4919999999999999,0.6195796856240583,False,False
F47_214_05,F47,214,5,0.488,0.488,3,3,8,1,0,1,0,0,0,-1,0.4879999999999999,0.6176473001947944,False,False
F47_214_06,F47,214,6,0.488,0.488,3,3,8,1,0,1,0,0,0,-1,0.4879999999999999,0.616992699713454,False,False
F47_214_07,F47,214,7,0.488,0.488,3,3,8,1,0,1,0,0,0,-1,0.4879999999999999,0.6207469940537115,False,False
F47_214_08,F47,214,8,0.498,0.498,3,3,8,1,0,1,0,0,0,-1,0.498,0.6406439878800841,False,False
F47_214_09,F47,214,9,0.512,0.512,3,3,2,1,0,1,0,0,0,-1,0.512,0.6253888651207022,False,False
F47_214_10,F47,214,10,0.53,0.53,2,2,3,1,0,1,1,0,0,-1,0.53,0.6466062170123839,False,False
F47_214_11,F47,214,11,0.534,0.534,3,3,4,1,0,1,0,0,0,-1,0.534,0.6670850768958545,False,False
F47_214_12,F47,214,12,0.538,0.538,3,3,8,1,0,1,0,0,0,-1,0.538,0.664025652027326,False,False
F47_214_13,F47,214,13,0.55,0.55,2,2,5,1,1,1,1,0,0,-1,0.55,0.6561012413092526,False,False
F47_214_14,F47,214,14,0.565,0.565,3,3,5,1,1,1,0,0,0,-1,0.565,0.6687324513462514,False,False
F47_214_15,F47,214,15,0.573,0.573,3,3,3,1,0,1,0,0,0,-1,0.573,0.6854422064918477,False,False
F47_214_16,F47,214,16,0.581,0.581,3,3,1,1,0,1,0,0,0,-1,0.5809999999999998,0.6962745955003684,False,False
F47_214_17,F47,214,17,0.584,0.584,3,3,4,1,0,1,0,0,0,-1,0.5839999999999999,0.6755292723160562,False,False
F47_214_18,F47,214,18,0.58,0.58,2,2,8,1,0,1,1,0,0,-1,0.5799999999999998,0.6645316020352221,False,False
F47_214_19,F47,214,19,0.573,0.573,3,3,3,1,0,1,0,0,0,-1,0.573,0.6529665253264852,False,False
F47_214_20,F47,214,20,0.564,0.564,3,3,4,1,0,1,0,0,0,-1,0.564,0.6565392154764067,False,False
F47_214_21,F47,214,21,0.554,0.554,3,3,4,1,0,1,0,0,0,-1,0.554,0.6650896047803553,False,False
F47_214_22,F47,214,22,0.545,0.545,3,3,5,1,1,1,0,0,0,-1,0.545,0.6960812990435633,False,False
F47_214_23,F47,214,23,0.538,0.538,3,3,8,1,0,1,0,0,0,-1,0.538,0.6668404893922631,False,False
F47_215_00,F47,215,0,0.709,0.709,3,3,9,1,0,1,0,0,0,-1,0.7089999999999999,0.529678587193329,False,False
F47_215_01,F47,215,1,0.704,0.704,3,3,4,1,0,1,0,0,0,-1,0.7039999999999998,0.5181106875670604,False,False
F47_215_02,F47,215,2,0.699,0.699,3,3,9,1,0,1,0,0,0,-1,0.699,0.5182959213507214,False,False
F47_215_03,F47,215,3,0.694,0.694,3,3,4,1,0,1,0,0,0,-1,0.694,0.5132449184994827,False,False
F47_215_04,F47,215,4,0.69,0.69,2,2,9,1,0,1,1,0,0,-1,0.69,0.5215099848662315,False,False
F47_215_05,F47,215,5,0.686,0.686,3,3,6,1,0,1,0,0,0,-1,0.686,0.5332760393769289,False,False
F47_215_06,F47,215,6,0.684,0.684,3,3,4,1,0,1,0,0,0,-1,0.684,0.542532700584339,False,False
F47_215_07,F47,215,7,0.681,0.681,3,3,1,1,0,1,0,0,0,-1,0.681,0.5449065315138926,False,False
F47_215_08,F47,215,8,0.69,0.69,2,2,9,1,0,1,1,0,0,-1,0.69,0.5416984033065463,False,False
F47_215_09,F47,215,9,0.698,0.698,3,3,8,1,0,1,0,0,0,-1,0.698,0.5289315182356098,False,False
F47_215_10,F47,215,10,0.704,0.704,3,3,4,1,0,1,0,0,0,-1,0.7039999999999998,0.5947735703459806,False,False
F47_215_11,F47,215,11,0.71,0.71,2,2,1,1,0,1,1,0,0,-1,0.7099999999999999,0.6058989819131771,False,False
F47_215_12,F47,215,12,0.714,0.714,3,3,4,1,0,1,0,0,0,-1,0.7139999999999999,0.5966967997200336,False,False
F47_215_13,F47,215,13,0.715,0.715,3,3,5,1,1,1,0,0,0,-1,0.7149999999999999,0.6346441961622379,False,False
F47_215_14,F47,215,14,0.717,0.717,3,3,7,1,0,1,0,0,0,-1,0.7169999999999999,0.624593640227178,False,False
F47_215_15,F47,215,15,0.721,0.721,3,3,1,1,0,1,0,0,0,-1,0.7209999999999999,0.6471229796966897,False,False
F47_215_16,F47,215,16,0.719,0.719,3,3,9,1,0,1,0,0,0,-1,0.7189999999999999,0.6473671168423784,False,False
F47_215_17,F47,215,17,0.715,0.715,3,3,5,1,1,1,0,0,0,-1,0.7149999999999999,0.635521129252681,False,False
F47_215_18,F47,215,18,0.715,0.715,3,3,5,1,1,1,0,0,0,-1,0.7149999999999999,0.6537104996921641,False,False
F47_215_19,F47,215,19,0.715,0.715,3,3,5,1,1,1,0,0,0,-1,0.7149999999999999,0.6544806009325621,False,False
F47_215_20,F47,215,20,0.714,0.714,3,3,4,1,0,1,0,0,0,-1,0.7139999999999999,0.6496445759056249,False,False
F47_215_21,F47,215,21,0.712,0.712,3,3,2,1,0,1,0,0,0,-1,0.7119999999999999,0.6410821081407496,False,False
F47_215_22,F47,215,22,0.711,0.711,3,3,1,1,0,1,0,0,0,-1,0.7109999999999999,0.6320101227243297,False,False
F47_215_23,F47,215,23,0.709,0.709,3,3,9,1,0,1,0,0,0,-1,0.7089999999999999,0.6226255756367873,False,False
F47_216_00,F47,216,0,0.531,0.531,3,3,1,1,0,1,0,0,0,-1,0.531,0.7155310290937763,False,False
F47_216_01,F47,216,1,0.528,0.528,3,3,8,1,0,1,0,0,0,-1,0.528,0.7204650841062301,False,False
F47_216_02,F47,216,2,0.525,0.525,3,3,5,1,1,1,0,0,0,-1,0.525,0.705861074090504,False,False
F47_216_03,F47,216,3,0.523,0.523,3,3,3,1,0,1,0,0,0,-1,0.523,0.7073599052504717,False,False
F47_216_04,F47,216,4,0.521,0.521,3,3,1,1,0,1,0,0,0,-1,0.521,0.7175814989792554,False,False
F47_216_05,F47,216,5,0.519,0.519,3,3,9,1,0,1,0,0,0,-1,0.519,0.7260458624875956,False,False
F47_216_06,F47,216,6,0.521,0.521,3,3,1,1,0,1,0,0,0,-1,0.521,0.7231200355120756,False,False
F47_216_07,F47,216,7,0.524,0.524,3,3,4,1,0,1,0,0,0,-1,0.524,0.747989642275149,False,False
F47_216_08,F47,216,8,0.53,0.53,2,2,3,1,0,1,1,0,0,-1,0.53,0.7811937240565949,False,False
F47_216_09,F47,216,9,0.546,0.546,3,3,6,1,0,1,0,0,0,-1,0.546,0.7898564439254985,False,False
F47_216_10,F47,216,10,0.56,0.56,2,2,6,1,0,1,1,0,0,-1,0.56,0.811811094033625,False,False
F47_216_11,F47,216,11,0.572,0.572,3,3,2,1,0,1,0,0,0,-1,0.572,0.8403973867301834,False,False
F47_216_12,F47,216,12,0.577,0.577,3,3,7,1,0,1,0,0,0,-1,0.5769999999999998,0.8434643084128707,False,False
F47_216_13,F47,216,13,0.579,0.579,3,3,9,1,0,1,0,0,0,-1,0.5789999999999998,0.8578224639526368,False,False
F47_216_14,F47,216,14,0.58,0.58,2,2,8,1,0,1,1,0,0,-1,0.5799999999999998,0.8587453979582822,False,False
F47_216_15,F47,216,15,0.584,0.584,3,3,4,1,0,1,0,0,0,-1,0.5839999999999999,0.8121157152443587,False,False
F47_216_16,F47,216,16,0.584,0.584,3,3,4,1,0,1,0,0,0,-1,0.5839999999999999,0.8127144123570071,False,False
F47_216_17,F47,216,17,0.582,0.582,3,3,2,1,0,1,0,0,0,-1,0.5819999999999999,0.861561253355806,False,False
F47_216_18,F47,216,18,0.58,0.58,2,2,8,1,0,1,1,0,0,-1,0.5799999999999998,0.8481109060749306,False,False
F47_216_19,F47,216,19,0.578,0.578,3,3,8,1,0,1,0,0,0,-1,0.5779999999999998,0.8265900172734042,False,False
F47_216_20,F47,216,20,0.577,0.577,3,3,7,1,0,1,0,0,0,-1,0.5769999999999998,0.8124000369546458,False,False
F47_216_21,F47,216,21,0.576,0.576,3,3,6,1,0,1,0,0,0,-1,0.5759999999999998,0.7940096450952687,False,False
F47_216_22,F47,216,22,0.574,0.574,3,3,4,1,0,1,0,0,0,-1,0.574,0.7898661215907778,False,False
F47_216_23,F47,216,23,0.572,0.572,3,3,2,1,0,1,0,0,0,-1,0.572,0.7690234956726925,False,False
F47_229_00,F47,229,0,1.716,1.716,3,4,6,1,0,1,0,0,0,0,1.716,0.7459075646798133,False,False
F47_229_01,F47,229,1,1.729,1.729,3,4,9,1,0,1,0,0,0,0,1.729,0.7361761113733784,False,False
F47_229_02,F47,229,2,1.722,1.722,3,4,2,1,0,1,0,0,0,0,1.722,0.7251659483585524,False,False
F47_229_03,F47,229,3,1.721,1.721,3,4,1,1,0,1,0,0,0,0,1.721,0.7235347036888362,False,False
F47_229_04,F47,229,4,1.723,1.723,3,4,3,1,0,1,0,0,0,0,1.723,0.7252743873517622,False,False
F47_229_05,F47,229,5,1.716,1.716,3,4,6,1,0,1,0,0,0,0,1.716,0.7375856193473188,False,False
F47_229_06,F47,229,6,1.711,1.711,3,4,1,1,0,1,0,0,0,0,1.711,0.7555546666711219,False,False
F47_229_07,F47,229,7,1.704,1.704,3,4,4,1,0,1,0,0,0,0,1.704,0.7455023565234359,False,False
F47_229_08,F47,229,8,1.638,1.638,3,4,8,1,0,1,0,0,0,0,1.638,0.7273459622892877,False,False
F47_229_09,F47,229,9,1.774,1.774,3,4,4,1,0,1,0,0,0,0,1.774,0.7735404081396213,False,False
F47_229_10,F47,229,10,1.665,1.665,3,4,5,1,1,1,0,0,0,0,1.665,0.7984462277771819,False,False
F47_229_11,F47,229,11,1.619,1.619,3,4,9,1,0,1,0,0,0,0,1.619,0.8208222520554054,False,False
F47_229_12,F47,229,12,1.641,1.641,3,4,1,1,0,1,0,0,0,0,1.641,0.8168813760827393,False,False
F47_229_13,F47,229,13,1.757,1.757,3,4,7,1,0,1,0,0,0,0,1.757,0.8473461316557561,False,False
F47_229_14,F47,229,14,1.788,1.788,3,4,8,1,0,1,0,0,0,0,1.788,0.9028238764493408,False,False
F47_229_15,F47,229,15,1.779,1.779,3,4,9,1,0,1,0,0,0,0,1.779,0.9521123096849676,False,False
F47_229_16,F47,229,16,1.792,1.792,3,4,2,1,0,1,0,0,0,0,1.792,0.9609729971392302,False,False
F47_229_17,F47,229,17,1.833,1.833,3,4,3,1,0,1,0,0,0,0,1.833,0.9954349063123938,False,False
F47_229_18,F47,229,18,1.94,1.94,2,3,4,1,0,1,1,0,0,0,1.94,0.9661397855758072,False,False
F47_229_19,F47,229,19,2.034,2.034,3,4,4,1,0,1,0,0,0,0,2.034,0.9480709310575304,False,False
F47_229_20,F47,229,20,2.006,2.006,3,4,6,1,0,1,0,0,0,0,2.006,0.9253712283793486,False,False
F47_229_21,F47,229,21,2.117,2.117,3,4,7,1,0,1,0,0,0,0,2.117,0.9017853167268288,False,False
F47_229_22,F47,229,22,1.814,1.814,3,4,4,1,0,1,0,0,0,0,1.814,0.9311097420525216,False,False
F47_229_23,F47,229,23,1.979,1.979,3,4,9,1,0,1,0,0,0,0,1.979,0.878612087746584,False,False
F47_230_00,F47,230,0,0.455,0.455,3,3,5,1,1,1,0,0,0,-1,0.455,0.427986463979131,False,False
F47_230_01,F47,230,1,0.449,0.449,3,3,9,1,0,1,0,0,0,-1,0.449,0.4268885324584296,False,False
F47_230_02,F47,230,2,0.443,0.443,3,3,3,1,0,1,0,0,0,-1,0.443,0.4251067982500262,False,False
F47_230_03,F47,230,3,0.439,0.439,3,3,9,1,0,1,0,0,0,-1,0.439,0.4199492660369754,False,False
F47_230_04,F47,230,4,0.439,0.439,3,3,9,1,0,1,0,0,0,-1,0.439,0.4174780250742782,False,False
F47_230_05,F47,230,5,0.438,0.438,3,3,8,1,0,1,0,0,0,-1,0.438,0.4176942071336474,False,False
F47_230_06,F47,230,6,0.439,0.439,3,3,9,1,0,1,0,0,0,-1,0.439,0.4110084643105669,False,False
F47_230_07,F47,230,7,0.448,0.448,3,3,8,1,0,1,0,0,0,-1,0.448,0.408285175758225,False,False
F47_230_08,F47,230,8,0.444,0.444,3,3,4,1,0,1,0,0,0,-1,0.444,0.4055530858535767,False,False
F47_230_09,F47,230,9,0.439,0.439,3,3,9,1,0,1,0,0,0,-1,0.439,0.3948190563131076,False,False
F47_230_10,F47,230,10,0.443,0.443,3,3,3,1,0,1,0,0,0,-1,0.443,0.387956707184543,False,False
F47_230_11,F47,230,11,0.447,0.447,3,3,7,1,0,1,0,0,0,-1,0.447,0.4200000560461063,False,False
F47_230_12,F47,230,12,0.461,0.461,3,3,1,1,0,1,0,0,0,-1,0.461,0.4279601940657835,False,False
F47_230_13,F47,230,13,0.477,0.477,3,3,7,1,0,1,0,0,0,-1,0.4769999999999999,0.4137624069095178,False,False
F47_230_14,F47,230,14,0.484,0.484,3,3,4,1,0,1,0,0,0,-1,0.4839999999999999,0.4420037298004659,False,False
F47_230_15,F47,230,15,0.492,0.492,3,3,2,1,0,1,0,0,0,-1,0.4919999999999999,0.4050508812300933,False,False
F47_230_16,F47,230,16,0.494,0.494,3,3,4,1,0,1,0,0,0,-1,0.4939999999999999,0.4157794891601186,False,False
F47_230_17,F47,230,17,0.493,0.493,3,3,3,1,0,1,0,0,0,-1,0.4929999999999999,0.4284821259419829,False,False
F47_230_18,F47,230,18,0.492,0.492,3,3,2,1,0,1,0,0,0,-1,0.4919999999999999,0.4329331253536947,False,False
F47_230_19,F47,230,19,0.484,0.484,3,3,4,1,0,1,0,0,0,-1,0.4839999999999999,0.4307544262773985,False,False
F47_230_20,F47,230,20,0.476,0.476,3,3,6,1,0,1,0,0,0,-1,0.4759999999999999,0.4301496908133397,False,False
F47_230_21,F47,230,21,0.468,0.468,3,3,8,1,0,1,0,0,0,-1,0.468,0.4270850794634204,False,False
F47_230_22,F47,230,22,0.461,0.461,3,3,1,1,0,1,0,0,0,-1,0.461,0.4253894280052,False,False
F47_230_23,F47,230,23,0.456,0.456,3,3,6,1,0,1,0,0,0,-1,0.456,0.421591561688222,False,False
F47_231_00,F47,231,0,2.057,2.057,3,4,7,1,0,1,0,0,0,0,2.057,0.7265799501802126,False,False
F47_231_01,F47,231,1,1.952,1.952,3,4,2,1,0,1,0,0,0,0,1.952,0.7225203692301225,False,False
F47_231_02,F47,231,2,1.787,1.787,3,4,7,1,0,1,0,0,0,0,1.787,0.7439863336785723,False,False
F47_231_03,F47,231,3,1.781,1.781,3,4,1,1,0,1,0,0,0,0,1.781,0.7443382998725561,False,False
F47_231_04,F47,231,4,1.777,1.777,3,4,7,1,0,1,0,0,0,0,1.777,0.7404063192084805,False,False
F47_231_05,F47,231,5,1.778,1.778,3,4,8,1,0,1,0,0,0,0,1.778,0.7426645298706082,False,False
F47_231_06,F47,231,6,1.993,1.993,3,4,3,1,0,1,0,0,0,0,1.993,0.7350122213091514,False,False
F47_231_07,F47,231,7,2.225,2.225,3,4,5,1,1,1,0,0,0,0,2.225,0.7326716134587871,False,False
F47_231_08,F47,231,8,2.406,2.406,3,4,6,1,0,1,0,0,0,0,2.406,0.7296712456607708,False,False
F47_231_09,F47,231,9,1.953,1.953,3,4,3,1,0,1,0,0,0,0,1.953,0.8218825522305548,False,False
F47_231_10,F47,231,10,1.829,1.829,3,4,9,1,0,1,0,0,0,0,1.829,0.8371131646793785,False,False
F47_231_11,F47,231,11,1.934,1.934,3,4,4,1,0,1,0,0,0,0,1.934,0.886980334223685,False,False
F47_231_12,F47,231,12,1.881,1.881,3,4,1,1,0,1,0,0,0,0,1.881,0.8866812490949835,False,False
F47_231_13,F47,231,13,1.912,1.912,3,4,2,1,0,1,0,0,0,0,1.912,0.917782271557713,False,False
F47_231_14,F47,231,14,1.894,1.894,3,4,4,1,0,1,0,0,0,0,1.894,0.9196654504812612,False,False
F47_231_15,F47,231,15,1.846,1.846,3,4,6,1,0,1,0,0,0,0,1.846,0.9525952046861104,False,False
F47_231_16,F47,231,16,2.128,2.128,3,4,8,1,0,1,0,0,0,0,2.128,0.987088985891932,False,False
F47_231_17,F47,231,17,2.476,2.476,3,4,6,1,0,1,0,0,0,0,2.476,0.99567315097964,False,False
F47_231_18,F47,231,18,2.758,2.758,3,4,8,1,0,1,0,0,0,0,2.758,0.9483456799235634,False,False
F47_231_19,F47,231,19,2.82,2.82,2,3,2,1,0,1,1,0,0,0,2.82,0.942111848826019,False,False
F47_231_20,F47,231,20,2.825,2.825,3,4,5,1,1,1,0,0,0,0,2.825,0.9412852213361672,False,False
F47_231_21,F47,231,21,2.68,2.68,2,3,8,1,0,1,1,0,0,0,2.68,0.9214800351517825,False,False
F47_231_22,F47,231,22,2.799,2.799,3,4,9,1,0,1,0,0,0,0,2.799,0.9122632945150984,False,False
F47_231_23,F47,231,23,2.75,2.75,2,3,5,1,1,1,1,0,0,0,2.75,0.916018627407902,False,False
F47_239_00,F47,239,0,0.435,0.435,3,3,5,1,1,1,0,0,0,-1,0.435,0.7416738617756836,False,False
F47_239_01,F47,239,1,0.434,0.434,3,3,4,1,0,1,0,0,0,-1,0.434,1.1848828129995934,False,False
F47_239_02,F47,239,2,0.434,0.434,3,3,4,1,0,1,0,0,0,-1,0.434,0.7575724041658524,False,False
F47_239_03,F47,239,3,0.435,0.435,3,3,5,1,1,1,0,0,0,-1,0.435,0.6098773514876487,False,False
F47_239_04,F47,239,4,0.436,0.436,3,3,6,1,0,1,0,0,0,-1,0.436,0.5597015978132398,False,False
F47_239_05,F47,239,5,0.437,0.437,3,3,7,1,0,1,0,0,0,-1,0.437,0.5125784406392874,False,False
F47_239_06,F47,239,6,0.418,0.418,3,3,8,1,0,1,0,0,0,-1,0.4179999999999999,0.5070914992687374,False,False
F47_239_07,F47,239,7,0.417,0.417,3,3,7,1,0,1,0,0,0,-1,0.4169999999999999,0.4752657983697057,False,False
F47_239_08,F47,239,8,0.418,0.418,3,3,8,1,0,1,0,0,0,-1,0.4179999999999999,0.4685012958436775,False,False
F47_239_09,F47,239,9,0.407,0.407,3,3,7,1,0,1,0,0,0,-1,0.4069999999999999,0.4599027570251876,False,False
F47_239_10,F47,239,10,0.406,0.406,3,3,6,1,0,1,0,0,0,-1,0.406,0.5224202635170749,False,False
F47_239_11,F47,239,11,0.414,0.414,3,3,4,1,0,1,0,0,0,-1,0.4139999999999999,0.4815843796465028,False,False
F47_239_12,F47,239,12,0.425,0.425,3,3,5,1,1,1,0,0,0,-1,0.4249999999999999,0.4705053122303161,False,False
F47_239_13,F47,239,13,0.438,0.438,3,3,8,1,0,1,0,0,0,-1,0.438,0.5082637792620655,False,False
F47_239_14,F47,239,14,0.451,0.451,3,3,1,1,0,1,0,0,0,-1,0.451,0.552382761994812,False,False
F47_239_15,F47,239,15,0.466,0.466,3,3,6,1,0,1,0,0,0,-1,0.466,0.5731824925551494,False,False
F47_239_16,F47,239,16,0.471,0.471,3,3,1,1,0,1,0,0,0,-1,0.4709999999999999,0.5729127828630651,False,False
F47_239_17,F47,239,17,0.466,0.466,3,3,6,1,0,1,0,0,0,-1,0.466,0.5648253848695904,False,False
F47_239_18,F47,239,18,0.452,0.452,3,3,2,1,0,1,0,0,0,-1,0.452,0.5334115493652077,False,False
F47_239_19,F47,239,19,0.437,0.437,3,3,7,1,0,1,0,0,0,-1,0.437,0.509298595379982,False,False
F47_239_20,F47,239,20,0.431,0.431,3,3,1,1,0,1,0,0,0,-1,0.4309999999999999,0.5294139527045498,False,False
F47_239_21,F47,239,21,0.429,0.429,3,3,9,1,0,1,0,0,0,-1,0.4289999999999999,0.5037531982749703,False,False
F47_239_22,F47,239,22,0.428,0.428,3,3,8,1,0,1,0,0,0,-1,0.4279999999999999,0.5225914121271849,False,False
F47_239_23,F47,239,23,0.428,0.428,3,3,8,1,0,1,0,0,0,-1,0.4279999999999999,0.4710407188306717,False,False
F47_240_00,F47,240,0,0.478,0.478,3,3,8,1,0,1,0,0,0,-1,0.4779999999999999,0.4644677782874149,False,False
F47_240_01,F47,240,1,0.479,0.479,3,3,9,1,0,1,0,0,0,-1,0.4789999999999999,0.4593929306490385,False,False
F47_240_02,F47,240,2,0.479,0.479,3,3,9,1,0,1,0,0,0,-1,0.4789999999999999,0.4836236428311492,False,False
F47_240_03,F47,240,3,0.48,0.48,2,2,8,1,0,1,1,0,0,-1,0.4799999999999999,0.4636571085604813,False,False
F47_240_04,F47,240,4,0.48,0.48,2,2,8,1,0,1,1,0,0,-1,0.4799999999999999,0.4702575800935273,False,False
F47_240_05,F47,240,5,0.48,0.48,2,2,8,1,0,1,1,0,0,-1,0.4799999999999999,0.4714091998678214,False,False
F47_240_06,F47,240,6,0.48,0.48,2,2,8,1,0,1,1,0,0,-1,0.4799999999999999,0.4517235024754927,False,False
F47_240_07,F47,240,7,0.48,0.48,2,2,8,1,0,1,1,0,0,-1,0.4799999999999999,0.4512059195299055,False,False
F47_240_08,F47,240,8,0.454,0.454,3,3,4,1,0,1,0,0,0,-1,0.454,0.454837463119204,False,False
F47_240_09,F47,240,9,0.445,0.445,3,3,5,1,1,1,0,0,0,-1,0.445,0.4454915537693881,False,False
F47_240_10,F47,240,10,0.45,0.45,2,2,5,1,1,1,1,0,0,-1,0.45,0.4633203660270519,False,False
F47_240_11,F47,240,11,0.461,0.461,3,3,1,1,0,1,0,0,0,-1,0.461,0.4684283486446134,False,False
F47_240_12,F47,240,12,0.476,0.476,3,3,6,1,0,1,0,0,0,-1,0.4759999999999999,0.4591093492298008,False,False
F47_240_13,F47,240,13,0.488,0.488,3,3,8,1,0,1,0,0,0,-1,0.4879999999999999,0.4743170971933551,False,False
F47_240_14,F47,240,14,0.497,0.497,3,3,7,1,0,1,0,0,0,-1,0.497,0.4751256412401676,False,False
F47_240_15,F47,240,15,0.497,0.497,3,3,7,1,0,1,0,0,0,-1,0.497,0.5168445396475003,False,False
F47_240_16,F47,240,16,0.467,0.467,3,3,7,1,0,1,0,0,0,-1,0.467,0.4961647723864574,False,False
F47_240_17,F47,240,17,0.47,0.47,2,2,7,1,0,1,1,0,0,-1,0.4699999999999999,0.4809717847991859,False,False
F47_240_18,F47,240,18,0.469,0.469,3,3,9,1,0,1,0,0,0,-1,0.4689999999999999,0.4743926257087084,False,False
F47_240_19,F47,240,19,0.468,0.468,3,3,8,1,0,1,0,0,0,-1,0.468,0.4576602347560633,False,False
F47_240_20,F47,240,20,0.466,0.466,3,3,6,1,0,1,0,0,0,-1,0.466,0.4533341728025926,False,False
F47_240_21,F47,240,21,0.466,0.466,3,3,6,1,0,1,0,0,0,-1,0.466,0.4460303757218042,False,False
F47_240_22,F47,240,22,0.466,0.466,3,3,6,1,0,1,0,0,0,-1,0.466,0.449713332102374,False,False
F47_240_23,F47,240,23,0.466,0.466,3,3,6,1,0,1,0,0,0,-1,0.466,0.4562457985292355,False,False
F47_241_00,F47,241,0,0.583,0.583,3,3,3,1,0,1,0,0,0,-1,0.5829999999999999,1.267289608387831,False,False
F47_241_01,F47,241,1,0.582,0.582,3,3,2,1,0,1,0,0,0,-1,0.5819999999999999,1.3188779618901578,False,False
F47_241_02,F47,241,2,0.582,0.582,3,3,2,1,0,1,0,0,0,-1,0.5819999999999999,1.3123021663276422,False,False
F47_241_03,F47,241,3,0.583,0.583,3,3,3,1,0,1,0,0,0,-1,0.5829999999999999,1.2905852144053267,False,False
F47_241_04,F47,241,4,0.583,0.583,3,3,3,1,0,1,0,0,0,-1,0.5829999999999999,1.2975378870002952,False,False
F47_241_05,F47,241,5,0.582,0.582,3,3,2,1,0,1,0,0,0,-1,0.5819999999999999,1.31190180699348,False,False
F47_241_06,F47,241,6,0.579,0.579,3,3,9,1,0,1,0,0,0,-1,0.5789999999999998,1.3074188732569132,False,False
F47_241_07,F47,241,7,0.576,0.576,3,3,6,1,0,1,0,0,0,-1,0.5759999999999998,1.235605930478341,False,False
F47_241_08,F47,241,8,0.594,0.594,3,3,4,1,0,1,0,0,0,-1,0.5939999999999999,1.2162024786317236,False,False
F47_241_09,F47,241,9,0.627,0.627,3,3,7,1,0,1,0,0,0,-1,0.627,1.2134386232177214,False,False
F47_241_10,F47,241,10,0.659,0.659,3,3,9,1,0,1,0,0,0,-1,0.659,1.2266933680902037,False,False
F47_241_11,F47,241,11,0.677,0.677,3,3,7,1,0,1,0,0,0,-1,0.677,1.19114424501314,False,False
F47_241_12,F47,241,12,0.688,0.688,3,3,8,1,0,1,0,0,0,-1,0.688,1.1011553265865146,False,False
F47_241_13,F47,241,13,0.694,0.694,3,3,4,1,0,1,0,0,0,-1,0.694,1.094133531452461,False,False
F47_241_14,F47,241,14,0.703,0.703,3,3,3,1,0,1,0,0,0,-1,0.7029999999999998,1.085275997785291,False,False
F47_241_15,F47,241,15,0.696,0.696,3,3,6,1,0,1,0,0,0,-1,0.696,1.1824835786290735,False,False
F47_241_16,F47,241,16,0.699,0.699,3,3,9,1,0,1,0,0,0,-1,0.699,1.1992152894855963,False,False
F47_241_17,F47,241,17,0.711,0.711,3,3,1,1,0,1,0,0,0,-1,0.7109999999999999,1.1747250573064665,False,False
F47_241_18,F47,241,18,0.733,0.733,3,3,3,1,0,1,0,0,0,-1,0.7329999999999999,1.20179192768735,False,False
F47_241_19,F47,241,19,0.722,0.722,3,3,2,1,0,1,0,0,0,-1,0.7219999999999999,1.2538753579324513,False,False
F47_241_20,F47,241,20,0.713,0.713,3,3,3,1,0,1,0,0,0,-1,0.7129999999999999,1.2705757289762332,False,False
F47_241_21,F47,241,21,0.703,0.703,3,3,3,1,0,1,0,0,0,-1,0.7029999999999998,1.2866076331414555,False,False
F47_241_22,F47,241,22,0.696,0.696,3,3,6,1,0,1,0,0,0,-1,0.696,1.323242474976885,False,False
F47_241_23,F47,241,23,0.689,0.689,3,3,9,1,0,1,0,0,0,-1,0.689,1.335847554105881,False,False
F47_242_00,F47,242,0,0.736,0.736,3,3,6,1,0,1,0,0,0,-1,0.7359999999999999,1.1854293571451813,False,False
F47_242_01,F47,242,1,0.729,0.729,3,3,9,1,0,1,0,0,0,-1,0.7289999999999999,1.1853778121821372,False,False
F47_242_02,F47,242,2,0.725,0.725,3,3,5,1,1,1,0,0,0,-1,0.7249999999999999,1.2172123587194903,False,False
F47_242_03,F47,242,3,0.723,0.723,3,3,3,1,0,1,0,0,0,-1,0.7229999999999999,1.2074721316581516,False,False
F47_242_04,F47,242,4,0.722,0.722,3,3,2,1,0,1,0,0,0,-1,0.7219999999999999,1.1549046231991953,False,False
F47_242_05,F47,242,5,0.722,0.722,3,3,2,1,0,1,0,0,0,-1,0.7219999999999999,1.1414332628904518,False,False
F47_242_06,F47,242,6,0.72,0.72,2,2,2,1,0,1,1,0,0,-1,0.7199999999999999,1.2105146595498266,False,False
F47_242_07,F47,242,7,0.719,0.719,3,3,9,1,0,1,0,0,0,-1,0.7189999999999999,1.1515494404702449,False,False
F47_242_08,F47,242,8,0.718,0.718,3,3,8,1,0,1,0,0,0,-1,0.7179999999999999,1.1924772169134208,False,False
F47_242_09,F47,242,9,0.716,0.716,3,3,6,1,0,1,0,0,0,-1,0.7159999999999999,1.168891205726618,False,False
F47_242_10,F47,242,10,0.716,0.716,3,3,6,1,0,1,0,0,0,-1,0.7159999999999999,1.1152716464505357,False,False
F47_242_11,F47,242,11,0.717,0.717,3,3,7,1,0,1,0,0,0,-1,0.7169999999999999,1.1053290131406532,False,False
F47_242_12,F47,242,12,0.712,0.712,3,3,2,1,0,1,0,0,0,-1,0.7119999999999999,1.1136982157025717,False,False
F47_242_13,F47,242,13,0.722,0.722,3,3,2,1,0,1,0,0,0,-1,0.7219999999999999,1.1010377708214192,False,False
F47_242_14,F47,242,14,0.733,0.733,3,3,3,1,0,1,0,0,0,-1,0.7329999999999999,1.119111789536074,False,False
F47_242_15,F47,242,15,0.739,0.739,3,3,9,1,0,1,0,0,0,-1,0.7389999999999999,1.120586714744081,False,False
F47_242_16,F47,242,16,0.747,0.747,3,3,7,1,0,1,0,0,0,-1,0.747,1.117144051976532,False,False
F47_242_17,F47,242,17,0.752,0.752,3,3,2,1,0,1,0,0,0,-1,0.752,1.1300482348413812,False,False
F47_242_18,F47,242,18,0.746,0.746,3,3,6,1,0,1,0,0,0,-1,0.746,1.1526679031066798,False,False
F47_242_19,F47,242,19,0.733,0.733,3,3,3,1,0,1,0,0,0,-1,0.7329999999999999,1.16262368402321,False,False
F47_242_20,F47,242,20,0.723,0.723,3,3,3,1,0,1,0,0,0,-1,0.7229999999999999,1.167328324093733,False,False
F47_242_21,F47,242,21,0.713,0.713,3,3,3,1,0,1,0,0,0,-1,0.7129999999999999,1.1767700004862247,False,False
F47_242_22,F47,242,22,0.703,0.703,3,3,3,1,0,1,0,0,0,-1,0.7029999999999998,1.1850440696149225,False,False
F47_242_23,F47,242,23,0.695,0.695,3,3,5,1,1,1,0,0,0,-1,0.695,1.1999964366545348,False,False
F47_243_00,F47,243,0,0.408,0.408,3,3,8,1,0,1,0,0,0,-1,0.4079999999999999,0.6205531883163826,False,False
F47_243_01,F47,243,1,0.408,0.408,3,3,8,1,0,1,0,0,0,-1,0.4079999999999999,0.6188318140952918,False,False
F47_243_02,F47,243,2,0.408,0.408,3,3,8,1,0,1,0,0,0,-1,0.4079999999999999,0.6256451520892807,False,False
F47_243_03,F47,243,3,0.41,0.41,2,2,1,1,0,1,1,0,0,-1,0.4099999999999999,0.6170289517173528,False,False
F47_243_04,F47,243,4,0.412,0.412,3,3,2,1,0,1,0,0,0,-1,0.4119999999999999,0.5576597734653262,False,False
F47_243_05,F47,243,5,0.414,0.414,3,3,4,1,0,1,0,0,0,-1,0.4139999999999999,0.5428879957679907,False,False
F47_243_06,F47,243,6,0.416,0.416,3,3,6,1,0,1,0,0,0,-1,0.4159999999999999,0.5159951290233448,False,False
F47_243_07,F47,243,7,0.417,0.417,3,3,7,1,0,1,0,0,0,-1,0.4169999999999999,0.522403443491395,False,False
F47_243_08,F47,243,8,0.391,0.391,3,3,1,1,0,1,0,0,0,-1,0.391,0.4996140190308641,False,False
F47_243_09,F47,243,9,0.378,0.378,3,3,8,1,0,1,0,0,0,-1,0.378,0.4860028980466605,False,False
F47_243_10,F47,243,10,0.387,0.387,3,3,7,1,0,1,0,0,0,-1,0.387,0.4812891187482647,False,False
F47_243_11,F47,243,11,0.406,0.406,3,3,6,1,0,1,0,0,0,-1,0.406,0.5433029656420653,False,False
F47_243_12,F47,243,12,0.429,0.429,3,3,9,1,0,1,0,0,0,-1,0.4289999999999999,0.5284886365932273,False,False
F47_243_13,F47,243,13,0.459,0.459,3,3,9,1,0,1,0,0,0,-1,0.459,0.4811732478538657,False,False
F47_243_14,F47,243,14,0.491,0.491,3,3,1,1,0,1,0,0,0,-1,0.4909999999999999,0.4855540980413548,False,False
F47_243_15,F47,243,15,0.524,0.524,3,3,4,1,0,1,0,0,0,-1,0.524,0.4915165769920535,False,False
F47_243_16,F47,243,16,0.543,0.543,3,3,3,1,0,1,0,0,0,-1,0.543,0.497950218210591,False,False
F47_243_17,F47,243,17,0.535,0.535,3,3,5,1,1,1,0,0,0,-1,0.535,0.4950056234209516,False,False
F47_243_18,F47,243,18,0.515,0.515,3,3,5,1,1,1,0,0,0,-1,0.515,0.4888548846248828,False,False
F47_243_19,F47,243,19,0.498,0.498,3,3,8,1,0,1,0,0,0,-1,0.498,0.4744324870170464,False,False
F47_243_20,F47,243,20,0.486,0.486,3,3,6,1,0,1,0,0,0,-1,0.4859999999999999,0.4665386965334862,False,False
F47_243_21,F47,243,21,0.477,0.477,3,3,7,1,0,1,0,0,0,-1,0.4769999999999999,0.545762009550741,False,False
F47_243_22,F47,243,22,0.472,0.472,3,3,2,1,0,1,0,0,0,-1,0.4719999999999999,0.5496454690923025,False,False
F47_243_23,F47,243,23,0.492,0.492,3,3,2,1,0,1,0,0,0,-1,0.4919999999999999,0.476485409517037,False,False
