farm,day,group,hour,ymean,prefix,selected09,selected1,rmse
F13,8,rest,0,0.17720833333333333,0.3654232264480855,False,False,0.22342322644808552
F13,8,rest,6,0.17720833333333333,0.36290702742029524,False,False,0.2385579680314231
F13,8,rest,12,0.17720833333333333,0.36149566997664206,False,False,0.22995746035252032
F13,8,rest,23,0.17720833333333333,0.36116834142492893,False,False,0.1920689350309127
F13,9,closed,0,0.3919166666666667,0.29612888850999236,False,False,0.09487111149000765
F13,9,closed,6,0.3919166666666667,0.31797983515798794,False,False,0.07170735625214684
F13,9,closed,12,0.3919166666666667,0.32054619886364377,False,False,0.06950157737184089
F13,9,closed,23,0.3919166666666667,0.32499675160772057,False,False,0.06735684991316208
F13,10,closed,0,0.37424999999999997,0.34509383322350323,False,False,0.03490616677649683
F13,10,closed,6,0.37424999999999997,0.34040354542016044,False,False,0.036746295932644495
F13,10,closed,12,0.37424999999999997,0.3398059585114842,False,False,0.036111720516333816
F13,10,closed,23,0.37424999999999997,0.3386759293151118,False,False,0.035971980772964596
F13,11,rest,0,0.3683333333333334,0.38454767802788076,False,False,0.027547678027880773
F13,11,rest,6,0.3683333333333334,0.3804449715743075,False,False,0.030775067024447794
F13,11,rest,12,0.3683333333333334,0.3717948623493727,False,False,0.027473854502472757
F13,11,rest,23,0.3683333333333334,0.3703375246925229,False,False,0.023927611757483466
F13,12,rest,0,0.3505,0.3484040023014254,False,False,0.01059599769857461
F13,12,rest,6,0.3505,0.3459559529141328,False,False,0.007809003045451309
F13,12,rest,12,0.3505,0.3431432752269924,False,False,0.009199746421583468
F13,12,rest,23,0.3505,0.3380068036859573,False,False,0.014038213769140726
F13,13,closed,0,0.40054166666666663,0.2887957951850701,False,False,0.10820420481492993
F13,13,closed,6,0.40054166666666663,0.27689437037914716,False,False,0.11054482155135684
F13,13,closed,12,0.40054166666666663,0.2751947129852016,False,False,0.11432444294610727
F13,13,closed,23,0.40054166666666663,0.28973176300256104,False,False,0.11118776795224705
F13,14,rest,0,0.3236666666666667,0.3462825588503169,False,False,0.026282558850316884
F13,14,rest,6,0.3236666666666667,0.35131889015297796,False,False,0.035453473186135565
F13,14,rest,12,0.3236666666666667,0.344284657907186,False,False,0.027986041822575667
F13,14,rest,23,0.3236666666666667,0.34313717093583973,False,False,0.022551246196404584
F13,16,rest,0,0.322875,0.32498400193364263,False,False,0.008984001933642627
F13,16,rest,6,0.322875,0.3253259794470106,False,False,0.01692471820681889
F13,16,rest,12,0.322875,0.32536323520336385,False,False,0.01367736411047355
F13,16,rest,23,0.322875,0.3289133631351265,False,False,0.010609174998906947
F13,17,rest,0,0.39683333333333337,0.3319359927822009,False,False,0.0700640072177991
F13,17,rest,6,0.39683333333333337,0.32662075891969816,False,False,0.06465374318014647
F13,17,rest,12,0.39683333333333337,0.328399504071991,False,False,0.06341435939761049
F13,17,rest,23,0.39683333333333337,0.33704044360630986,False,False,0.06019312289552839
F13,18,rest,0,0.3305416666666667,0.3044859668419971,False,False,0.015514033158002927
F13,18,rest,6,0.3305416666666667,0.2816066962270352,False,False,0.034237345861677454
F13,18,rest,12,0.3305416666666667,0.2772170414838093,False,False,0.0444118165399274
F13,18,rest,23,0.3305416666666667,0.2768962122385626,False,False,0.056068955822690565
F13,19,rest,0,0.383375,0.31587525848342246,False,False,0.0741247415165775
F13,19,rest,6,0.383375,0.3026018145755355,False,False,0.07894967461134016
F13,19,rest,12,0.383375,0.29807057416186605,False,False,0.08161380208900895
F13,19,rest,23,0.383375,0.3039174714319418,False,False,0.07973915071848858
F13,20,rest,0,0.34195833333333336,0.3306244494845538,False,False,0.0006244494845537574
F13,20,rest,6,0.34195833333333336,0.31771231179694764,False,False,0.010994739570391683
F13,20,rest,12,0.34195833333333336,0.3077089154726568,False,False,0.028646118742642234
F13,20,rest,23,0.34195833333333336,0.3040760212262543,False,False,0.04388366427496688
F13,21,rest,0,0.3625833333333334,0.28365662456745805,False,False,0.09134337543254195
F13,21,rest,6,0.3625833333333334,0.273365701131842,False,False,0.09085019217534675
F13,21,rest,12,0.3625833333333334,0.27745768032561097,False,False,0.08510211733367407
F13,21,rest,23,0.3625833333333334,0.2948714401979671,False,False,0.07089152662199665
F13,22,rest,0,0.3542083333333333,0.3248940642684825,False,False,0.01810593573151753
F13,22,rest,6,0.3542083333333333,0.32021579237986647,False,False,0.019651487103794888
F13,22,rest,12,0.3542083333333333,0.31365503327194766,False,False,0.03558182607397173
F13,22,rest,23,0.3542083333333333,0.3092520323297478,False,False,0.04840921838864163
F13,25,rest,0,0.3364583333333333,0.34551080805952633,False,False,0.006510808059526307
F13,25,rest,6,0.3364583333333333,0.3388078191736624,False,False,0.007419617209221203
F13,25,rest,12,0.3364583333333333,0.3394457397950099,False,False,0.006816628286186762
F13,25,rest,23,0.3364583333333333,0.3421994826946661,False,False,0.007272619267283126
F13,26,rest,0,0.33208333333333334,0.29973114190098016,False,False,0.03526885809901986
F13,26,rest,6,0.33208333333333334,0.292654033820059,False,False,0.03956827537287532
F13,26,rest,12,0.33208333333333334,0.29390214789198077,False,False,0.03893039265011155
F13,26,rest,23,0.33208333333333334,0.29529904791570305,False,False,0.03732659699649318
F13,27,rest,0,0.3579583333333334,0.3306066357729241,False,False,0.024393364227075887
F13,27,rest,6,0.3579583333333334,0.3278886538125136,False,False,0.018370500972591984
F13,27,rest,12,0.3579583333333334,0.32598895583235293,False,False,0.022911571259115558
F13,27,rest,23,0.3579583333333334,0.3296466239488007,False,False,0.02963083395740023
F13,28,rest,0,0.366625,0.20843689216088604,False,False,0.1535631078391139
F13,28,rest,6,0.366625,0.24992785195742248,False,False,0.10838069779475891
F13,28,rest,12,0.366625,0.25745339809997503,False,False,0.10284748199691411
F13,28,rest,23,0.366625,0.26136003575269595,False,False,0.1061282329398442
F13,29,rest,0,0.30795833333333333,0.2988270355603447,False,False,0.01117296443965532
F13,29,rest,6,0.30795833333333333,0.29193826394978545,False,False,0.01092993895206907
F13,29,rest,12,0.30795833333333333,0.27691648306052813,False,False,0.033313236374508996
F13,29,rest,23,0.30795833333333333,0.27950225331373524,False,False,0.032416073512131
F13,30,rest,0,0.3590416666666667,0.35306722564002063,False,False,0.010932774359979414
F13,30,rest,6,0.3590416666666667,0.3509840518733866,False,False,0.008459144008980088
F13,30,rest,12,0.3590416666666667,0.33893683387595563,False,False,0.028218292978449168
F13,30,rest,23,0.3590416666666667,0.3307797301811548,False,False,0.03255075359545685
F13,31,rest,0,0.32033333333333336,0.3047723254361104,False,False,0.0022276745638896145
F13,31,rest,6,0.32033333333333336,0.2958343022434559,False,False,0.011938537891166645
F13,31,rest,12,0.32033333333333336,0.2921746931511912,False,False,0.02483655446499724
F13,31,rest,23,0.32033333333333336,0.29522372528866647,False,False,0.027213118706969998
F13,32,rest,0,0.3295,0.2769758034348584,False,False,0.056024196565141626
F13,32,rest,6,0.3295,0.2703471762977742,False,False,0.056753599831070506
F13,32,rest,12,0.3295,0.26031205477220476,False,False,0.06851525936737358
F13,32,rest,23,0.3295,0.2609113869851431,False,False,0.07023463379809086
F13,33,rest,0,0.33975,0.30089351299243045,False,False,0.02810648700756957
F13,33,rest,6,0.33975,0.2992569156237623,False,False,0.028827799760562024
F13,33,rest,12,0.33975,0.2988224448154858,False,False,0.03152424645623821
F13,33,rest,23,0.33975,0.30519363161987956,False,False,0.03527596357279304
F13,34,rest,0,0.34991666666666665,0.30553198936408754,False,False,0.03946801063591243
F13,34,rest,6,0.34991666666666665,0.30205571611731624,False,False,0.040597021063452816
F13,34,rest,12,0.34991666666666665,0.3093348836009321,False,False,0.03378685398459244
F13,34,rest,23,0.34991666666666665,0.32191265204608527,False,False,0.02948177650777586
F13,35,rest,0,0.26345833333333335,0.2182122742066529,False,False,0.060787725793347125
F13,35,rest,6,0.26345833333333335,0.20944723832457157,False,False,0.06556972973197077
F13,35,rest,12,0.26345833333333335,0.19734720653372678,False,False,0.0695335756122358
F13,35,rest,23,0.26345833333333335,0.20280726894526377,False,False,0.061743984842670005
F13,36,rest,0,0.35883333333333334,0.34524908964480333,False,False,0.014750910355196711
F13,36,rest,6,0.35883333333333334,0.3149115100809583,False,False,0.04473682573061888
F13,36,rest,12,0.35883333333333334,0.3113521338118875,False,False,0.045776641535597656
F13,36,rest,23,0.35883333333333334,0.31853517760392586,False,False,0.04140835762764644
F13,37,rest,0,0.3379999999999999,0.3321966649244772,False,False,0.02780333507552285
F13,37,rest,6,0.3379999999999999,0.3241982387265043,False,False,0.03328705623752303
F13,37,rest,12,0.3379999999999999,0.32414339065113656,False,False,0.030461009650263392
F13,37,rest,23,0.3379999999999999,0.3308864780698419,False,False,0.030040858500969034
F13,38,rest,0,0.297625,0.3606901150862474,False,False,0.06169011508624739
F13,38,rest,6,0.297625,0.3426346402439031,False,False,0.04964519482847182
F13,38,rest,12,0.297625,0.3386335612111314,False,False,0.04926005939879835
F13,38,rest,23,0.297625,0.34111751409646957,False,False,0.04436124206725855
F13,39,rest,0,0.18516666666666667,0.25479278071719513,False,False,0.037792780717195135
F13,39,rest,6,0.18516666666666667,0.24462850475454703,False,False,0.043550338334084386
F13,39,rest,12,0.18516666666666667,0.2361103732896167,False,False,0.08151881148425258
F13,39,rest,23,0.18516666666666667,0.23772294718280498,False,False,0.0642304879938401
F13,40,rest,0,0.1728333333333333,0.2579280485080994,False,False,0.05692804850809943
F13,40,rest,6,0.1728333333333333,0.25634447889979783,False,False,0.06566513400346047
F13,40,rest,12,0.1728333333333333,0.24782281594176103,False,False,0.10296436062448934
F13,40,rest,23,0.1728333333333333,0.24396356030089006,False,False,0.08172791001447793
F13,41,rest,0,0.33116666666666666,0.3237929010914103,False,False,0.002207098908589722
F13,41,rest,6,0.33116666666666666,0.3231740074027578,False,False,0.0022037791167131625
F13,41,rest,12,0.33116666666666666,0.3219085981995645,False,False,0.0031728358518509584
F13,41,rest,23,0.33116666666666666,0.32808137953094474,False,False,0.005150284330550103
F13,42,rest,0,0.14945833333333333,0.2691365344044169,False,False,0.1721365344044169
F13,42,rest,6,0.14945833333333333,0.24739415061116696,False,False,0.16566776526672905
F13,42,rest,12,0.14945833333333333,0.23941784466914542,False,False,0.14659066760380213
F13,42,rest,23,0.14945833333333333,0.23978972131693368,False,False,0.11001965082996906
F13,43,rest,0,0.34591666666666665,0.31894692493207105,False,False,0.021053075067928972
F13,43,rest,6,0.34591666666666665,0.321958752041054,False,False,0.016477106700029023
F13,43,rest,12,0.34591666666666665,0.3185537716377336,False,False,0.020286180247030692
F13,43,rest,23,0.34591666666666665,0.32202686525166196,False,False,0.024760357463054602
F13,44,rest,0,0.20025,0.17875304209395448,False,False,0.026246957906045504
F13,44,rest,6,0.20025,0.1775160960426395,False,False,0.026310580789823183
F13,44,rest,12,0.20025,0.17233865402004986,False,False,0.03356490433718843
F13,44,rest,23,0.20025,0.17964132410814482,False,False,0.025976388253362685
F13,45,rest,0,0.14758333333333332,0.19243060155633948,False,False,0.007430601556339511
F13,45,rest,6,0.14758333333333332,0.1774953507775854,False,False,0.04459730176831219
F13,45,rest,12,0.14758333333333332,0.1684691768692691,False,False,0.0604287395459599
F13,45,rest,23,0.14758333333333332,0.17631442004710496,False,False,0.045307475441405995
F13,46,rest,0,0.3981666666666666,0.3583442213632319,False,False,0.015655778636768036
F13,46,rest,6,0.3981666666666666,0.35134233052181835,False,False,0.021566544829862658
F13,46,rest,12,0.3981666666666666,0.3535099678619398,False,False,0.018805395911846164
F13,46,rest,23,0.3981666666666666,0.3644624810495385,False,False,0.03989046340813398
F13,48,rest,0,0.4250833333333334,0.38509368677008354,False,False,0.018906313229916538
F13,48,rest,6,0.4250833333333334,0.37609184176286864,False,False,0.01589130984712878
F13,48,rest,12,0.4250833333333334,0.3774521773483969,False,False,0.02219293025251017
F13,48,rest,23,0.4250833333333334,0.39314513916317145,False,False,0.03642032997529603
F13,49,rest,0,0.14991666666666667,0.1835503739967165,False,False,0.018550373996716496
F13,49,rest,6,0.14991666666666667,0.17916617505361174,False,False,0.017388035449702226
F13,49,rest,12,0.14991666666666667,0.17031054054751846,False,False,0.04717135728392982
F13,49,rest,23,0.14991666666666667,0.17263622195587058,False,False,0.035198713553690274
F13,50,rest,0,0.453625,0.3852667092676752,False,False,0.045733290732324794
F13,50,rest,6,0.453625,0.3792628306447849,False,False,0.03942995770670205
F13,50,rest,12,0.453625,0.38313240052560676,False,False,0.04739590710122158
F13,50,rest,23,0.453625,0.3983665757203018,False,False,0.05773396143441482
F13,51,rest,0,0.4850833333333333,0.4335611025335769,False,False,0.000438897466423116
F13,51,rest,6,0.4850833333333333,0.43020017259361104,False,False,0.022666013467317028
F13,51,rest,12,0.4850833333333333,0.43526824478914544,False,False,0.03040748029703095
F13,51,rest,23,0.4850833333333333,0.4485166955503075,False,False,0.03923463109691751
F13,52,rest,0,0.23383333333333334,0.23285172168339208,False,False,0.0038517216833920676
F13,52,rest,6,0.23383333333333334,0.23520449045811603,False,False,0.003316077982911592
F13,52,rest,12,0.23383333333333334,0.23602654291227065,False,False,0.0052520064116941875
F13,52,rest,23,0.23383333333333334,0.24072431858813503,False,False,0.008256442318642688
F13,53,rest,0,0.2368333333333333,0.26901385654037274,False,False,0.03701385654037273
F13,53,rest,6,0.2368333333333333,0.26470825322055647,False,False,0.034100524598544735
F13,53,rest,12,0.2368333333333333,0.26165570242277203,False,False,0.030528141256081585
F13,53,rest,23,0.2368333333333333,0.26415682682975394,False,False,0.02778681162257156
F13,54,rest,0,0.24454166666666666,0.27525902392096757,False,False,0.03525902392096758
F13,54,rest,6,0.24454166666666666,0.2761945449854191,False,False,0.03784561392851031
F13,54,rest,12,0.24454166666666666,0.27357698637048605,False,False,0.03481994339469973
F13,54,rest,23,0.24454166666666666,0.27699323321009356,False,False,0.03279482546817199
F13,55,rest,0,0.5199166666666667,0.42636603071793183,False,False,0.08463396928206818
F13,55,rest,6,0.5199166666666667,0.42131545905094026,False,False,0.07871354035851248
F13,55,rest,12,0.5199166666666667,0.4250642479325721,False,False,0.07784106572884174
F13,55,rest,23,0.5199166666666667,0.4371996209039401,False,False,0.08322450867853429
F13,56,rest,0,0.2577083333333334,0.26445282830633016,False,False,0.004452828306330148
F13,56,rest,6,0.2577083333333334,0.2625388623299668,False,False,0.010448669959495288
F13,56,rest,12,0.2577083333333334,0.2580418554185338,False,False,0.008510309372795772
F13,56,rest,23,0.2577083333333334,0.25985387170536467,False,False,0.006688928994399622
F13,57,rest,0,0.549625,0.4421260250207925,False,False,0.09187397497920752
F13,57,rest,6,0.549625,0.4307687083125762,False,False,0.09452961361121291
F13,57,rest,12,0.549625,0.440052104803227,False,False,0.09280853240039308
F13,57,rest,23,0.549625,0.4580406295180743,False,False,0.09180146991455009
F13,58,rest,0,0.258375,0.24851098305843577,False,False,0.0074890169415642305
F13,58,rest,6,0.258375,0.24617079994986169,False,False,0.006518799650737856
F13,58,rest,12,0.258375,0.24344233325261866,False,False,0.011996423309132998
F13,58,rest,23,0.258375,0.24701496532747583,False,False,0.012188001138228035
F13,59,rest,0,0.26229166666666665,0.24383760462948048,False,False,0.01716239537051953
F13,59,rest,6,0.26229166666666665,0.24101665531952096,False,False,0.017994190531298186
F13,59,rest,12,0.26229166666666665,0.23916950688337835,False,False,0.018956031160261295
F13,59,rest,23,0.26229166666666665,0.2429072844733444,False,False,0.019529334900374007
F13,60,rest,0,0.26495833333333335,0.22733211430102004,False,False,0.03966788569897997
F13,60,rest,6,0.26495833333333335,0.22734515705466696,False,False,0.03554472532498248
F13,60,rest,12,0.26495833333333335,0.22681859843311777,False,False,0.033814106205976364
F13,60,rest,23,0.26495833333333335,0.2312796448704495,False,False,0.034001828837398496
F13,61,rest,0,0.26429166666666665,0.2462100071155732,False,False,0.02278999288442682
F13,61,rest,6,0.26429166666666665,0.24033058722613493,False,False,0.024499012389260433
F13,61,rest,12,0.26429166666666665,0.24176559588943144,False,False,0.020883682869603803
F13,61,rest,23,0.26429166666666665,0.24605085386822945,False,False,0.019309888555277592
F13,62,rest,0,0.5582916666666666,0.4544302772422293,False,False,0.09856972275777076
F13,62,rest,6,0.5582916666666666,0.44879977867206805,False,False,0.09936312515986526
F13,62,rest,12,0.5582916666666666,0.4477795259109021,False,False,0.10098160671564295
F13,62,rest,23,0.5582916666666666,0.46344532203089495,False,False,0.0956559290214502
F13,63,rest,0,0.2705,0.26624605478948626,False,False,0.0007539452105137512
F13,63,rest,6,0.2705,0.2639217782018792,False,False,0.002653946705840274
F13,63,rest,12,0.2705,0.2600336686266853,False,False,0.00552213696515656
F13,63,rest,23,0.2705,0.26282702492450055,False,False,0.009566068514633356
F13,64,rest,0,0.5405833333333333,0.502871118633507,False,False,0.042128881366493065
F13,64,rest,6,0.5405833333333333,0.5044964581906964,False,False,0.02858866560570342
F13,64,rest,12,0.5405833333333333,0.5083263866418749,False,False,0.024012000645368983
F13,64,rest,23,0.5405833333333333,0.5227359859381236,False,False,0.02144400886364921
F13,65,rest,0,0.2655,0.2546076529403915,False,False,0.018392347059608516
F13,65,rest,6,0.2655,0.25071818929900574,False,False,0.01702704948825283
F13,65,rest,12,0.2655,0.25007663334988456,False,False,0.014782340792531786
F13,65,rest,23,0.2655,0.2562295248591872,False,False,0.011563902760939646
F13,66,rest,0,0.25133333333333335,0.25159956434707004,False,False,0.00640043565292997
F13,66,rest,6,0.25133333333333335,0.24468873321110893,False,False,0.008546967991667808
F13,66,rest,12,0.25133333333333335,0.2460914372240602,False,False,0.008817369151314014
F13,66,rest,23,0.25133333333333335,0.251578336866476,False,False,0.007253069947311141
F13,67,rest,0,0.5415833333333333,0.4455899799126779,False,False,0.08841002008732213
F13,67,rest,6,0.5415833333333333,0.43622195281587356,False,False,0.08171807728381737
F13,67,rest,12,0.5415833333333333,0.4442196959118119,False,False,0.07290600739805363
F13,67,rest,23,0.5415833333333333,0.4720920376371556,False,False,0.0710318347201366
F13,68,rest,0,0.24787499999999998,0.25388764437748934,False,False,0.004887644377489342
F13,68,rest,6,0.24787499999999998,0.2533163660240893,False,False,0.008215846380378564
F13,68,rest,12,0.24787499999999998,0.25244762708890506,False,False,0.010016118553978744
F13,68,rest,23,0.24787499999999998,0.25617951548821705,False,False,0.00906551595798177
F13,69,rest,0,0.42891666666666667,0.4179967781496829,False,False,0.03099677814968288
F13,69,rest,6,0.42891666666666667,0.3996379942597105,False,False,0.01269191208504128
F13,69,rest,12,0.42891666666666667,0.39988330774299957,False,False,0.01315544050611622
F13,69,rest,23,0.42891666666666667,0.41440045095102573,False,False,0.022711492112859888
F13,70,rest,0,0.44295833333333334,0.42240418857927947,False,False,0.00040418857927948526
F13,70,rest,6,0.44295833333333334,0.4073670999577988,False,False,0.004251394708807845
F13,70,rest,12,0.44295833333333334,0.4058837761641522,False,False,0.013028061663017513
F13,70,rest,23,0.44295833333333334,0.4180803207774951,False,False,0.03163330267822652
F13,71,rest,0,0.549125,0.4980028798000023,False,False,0.04299712019999774
F13,71,rest,6,0.549125,0.4857612183994573,False,False,0.038733478627777665
F13,71,rest,12,0.549125,0.4885451156569523,False,False,0.037253310836185494
F13,71,rest,23,0.549125,0.5066667388500419,False,False,0.04378951023604074
F13,72,rest,0,0.45575000000000004,0.4199800756956704,False,False,0.01601992430432958
F13,72,rest,6,0.45575000000000004,0.4129396927402324,False,False,0.010741296201062461
F13,72,rest,12,0.45575000000000004,0.40978912115096644,False,False,0.025227001453837904
F13,72,rest,23,0.45575000000000004,0.4243531993919138,False,False,0.037267059354893724
F13,73,rest,0,0.56725,0.5255569298477137,False,False,0.0194430701522863
F13,73,rest,6,0.56725,0.5150450209276867,False,False,0.01409854287633145
F13,73,rest,12,0.56725,0.5116269158876384,False,False,0.03479742333884691
F13,73,rest,23,0.56725,0.5287220173605598,False,False,0.043997559266889856
F13,75,rest,0,0.46820833333333334,0.48869818407307447,False,False,0.03569818407307446
F13,75,rest,6,0.46820833333333334,0.4866511319947743,False,False,0.03831822808513004
F13,75,rest,12,0.46820833333333334,0.4819991981822978,False,False,0.03081535968037596
F13,75,rest,23,0.46820833333333334,0.49009583071841906,False,False,0.02662900412359365
F13,76,closed,0,0.5653333333333332,0.49805847956700516,False,False,0.04794152043299488
F13,76,closed,6,0.5653333333333332,0.4927748848907526,False,False,0.04510318377273498
F13,76,closed,12,0.5653333333333332,0.4924527783505921,False,False,0.05211620052928611
F13,76,closed,23,0.5653333333333332,0.49957580151004594,False,False,0.06970724928891583
F13,77,rest,0,0.48287499999999994,0.5157120235434725,False,False,0.05071202354347243
F13,77,rest,6,0.48287499999999994,0.49959487468943686,False,False,0.040215941283411626
F13,77,rest,12,0.48287499999999994,0.49368923941659715,False,False,0.03135492370062544
F13,77,rest,23,0.48287499999999994,0.5005213993756428,False,False,0.02496435977328396
F13,78,closed,0,0.5759583333333333,0.5439288904805689,False,False,0.023071109519431032
F13,78,closed,6,0.5759583333333333,0.5378030650762288,False,False,0.01928605328671758
F13,78,closed,12,0.5759583333333333,0.533024204065475,False,False,0.02978767588438802
F13,78,closed,23,0.5759583333333333,0.5454472634568192,False,False,0.03311904854469789
F13,79,rest,0,0.495625,0.5073499133333396,False,False,0.029349913333339583
F13,79,rest,6,0.495625,0.506444548645392,False,False,0.03467927801811694
F13,79,rest,12,0.495625,0.5067862464273107,False,False,0.030071307279200345
F13,79,rest,23,0.495625,0.5201023702909614,False,False,0.02683556989466579
F13,80,closed,0,0.5730833333333333,0.47482287606795404,False,False,0.08517712393204602
F13,80,closed,6,0.5730833333333333,0.4946640539375138,False,False,0.057163634598798856
F13,80,closed,12,0.5730833333333333,0.4934789539403163,False,False,0.07058178374822124
F13,80,closed,23,0.5730833333333333,0.5089480353048207,False,False,0.06705745387824595
F13,81,rest,0,0.5222916666666667,0.5210267183041523,False,False,0.020026718304152258
F13,81,rest,6,0.5222916666666667,0.5012973207226826,False,False,0.012281608771986167
F13,81,rest,12,0.5222916666666667,0.49939648380468366,False,False,0.013344479497223633
F13,81,rest,23,0.5222916666666667,0.5153978983124121,False,False,0.01847740421343632
F13,82,rest,0,0.5330833333333334,0.48994850112840055,False,False,0.026051498871599466
F13,82,rest,6,0.5330833333333334,0.48431002700000264,False,False,0.023131451528406104
F13,82,rest,12,0.5330833333333334,0.4882241795323727,False,False,0.024891989081627083
F13,82,rest,23,0.5330833333333334,0.5025960015341312,False,False,0.03407664185114619
F13,83,rest,0,0.5427083333333333,0.524387516533933,False,False,0.00538751653393299
F13,83,rest,6,0.5427083333333333,0.5158997063699976,False,False,0.007506870245014099
F13,83,rest,12,0.5427083333333333,0.5152148746197571,False,False,0.010845964156751702
F13,83,rest,23,0.5427083333333333,0.527211634808687,False,False,0.02451725641753529
F13,84,closed,0,0.5364166666666667,0.5337118741135182,False,False,0.005711874113518145
F13,84,closed,6,0.5364166666666667,0.5316681824323409,False,False,0.021067890720174273
F13,84,closed,12,0.5364166666666667,0.5329356595227824,False,False,0.020333166105240275
F13,84,closed,23,0.5364166666666667,0.5440203789441639,False,False,0.01641747139634551
F13,85,rest,0,0.5724583333333334,0.5457934881200156,False,False,0.005206511879984443
F13,85,rest,6,0.5724583333333334,0.5437890498856205,False,False,0.0025051478682795096
F13,85,rest,12,0.5724583333333334,0.5372699306189122,False,False,0.02076589036964109
F13,85,rest,23,0.5724583333333334,0.5453427690183364,False,False,0.03465785236783991
F13,86,closed,0,0.556875,0.5012293092557024,False,False,0.03677069074429762
F13,86,closed,6,0.556875,0.49750384850885204,False,False,0.03228438042779369
F13,86,closed,12,0.556875,0.5006015131483686,False,False,0.03824350852965413
F13,86,closed,23,0.556875,0.5132659331983785,False,False,0.04487107102269903
F13,88,closed,0,0.5509166666666667,0.4986542217558579,False,False,0.05534577824414216
F13,88,closed,6,0.5509166666666667,0.49389152840603046,False,False,0.04791437935442075
F13,88,closed,12,0.5509166666666667,0.49175734620922706,False,False,0.053259740578466996
F13,88,closed,23,0.5509166666666667,0.4977127553889551,False,False,0.053897012558337606
F13,89,rest,0,0.5786666666666668,0.556079704675506,False,False,0.003079704675506001
F13,89,rest,6,0.5786666666666668,0.5510632356949279,False,False,0.0053374399164084875
F13,89,rest,12,0.5786666666666668,0.5456631700605914,False,False,0.017814291092236974
F13,89,rest,23,0.5786666666666668,0.5585310824742991,False,False,0.026276114047617476
F13,90,closed,0,0.5575416666666667,0.4193723634938702,False,False,0.12362763650612985
F13,90,closed,6,0.5575416666666667,0.41564598355383786,False,False,0.12222146261023022
F13,90,closed,12,0.5575416666666667,0.4199999665469294,False,False,0.12214005580761006
F13,90,closed,23,0.5575416666666667,0.4352423119761448,False,False,0.12269021727170941
F13,91,rest,0,0.5779166666666667,0.5334395005463529,False,False,0.03356049945364703
F13,91,rest,6,0.5779166666666667,0.5243267717681133,False,False,0.036968008229692255
F13,91,rest,12,0.5779166666666667,0.5222541229454681,False,False,0.045334708738193764
F13,91,rest,23,0.5779166666666667,0.5377923392933994,False,False,0.04146059824434285
F13,92,rest,0,0.48141666666666677,0.44480598950055744,False,False,0.009805989500557444
F13,92,rest,6,0.48141666666666677,0.43477951371915385,False,False,0.0131887154076514
F13,92,rest,12,0.48141666666666677,0.4336876512803541,False,False,0.0223110948757131
F13,92,rest,23,0.48141666666666677,0.44059213333382313,False,False,0.050825826055097
F13,93,closed,0,0.3935416666666666,0.4566757486377506,False,False,0.07467574863775067
F13,93,closed,6,0.3935416666666666,0.45612126989289326,False,False,0.0899727054862851
F13,93,closed,12,0.3935416666666666,0.46106383851805,False,False,0.08084761698473324
F13,93,closed,23,0.3935416666666666,0.48090929815444144,False,False,0.08925283238351174
F13,94,closed,0,0.4011666666666666,0.4923189155901284,False,False,0.11031891559012846
F13,94,closed,6,0.4011666666666666,0.4972934826717473,False,False,0.12538480131947308
F13,94,closed,12,0.4011666666666666,0.5059930339605525,False,False,0.12296005055007249
F13,94,closed,23,0.4011666666666666,0.5235912109846689,False,False,0.12288609205217974
F13,95,rest,0,0.482,0.41827018510404207,False,False,0.05772981489595791
F13,95,rest,6,0.482,0.4109535474247674,False,False,0.04941323661142808
F13,95,rest,12,0.482,0.4147534514360576,False,False,0.04965229195334423
F13,95,rest,23,0.482,0.424561217603412,False,False,0.06015993843729111
F13,96,closed,0,0.4086666666666667,0.5228198678063211,False,False,0.12381986780632104
F13,96,closed,6,0.4086666666666667,0.4847037435810088,False,False,0.09590826575666059
F13,96,closed,12,0.4086666666666667,0.5031927089923188,False,False,0.10823819870984393
F13,96,closed,23,0.4086666666666667,0.5248959789103583,False,False,0.11797071211381212
F13,97,rest,0,0.47354166666666675,0.432622132026959,False,False,0.04037786797304105
F13,97,rest,6,0.47354166666666675,0.426444395525368,False,False,0.03238840943956257
F13,97,rest,12,0.47354166666666675,0.4273042357081029,False,False,0.02947641929651055
F13,97,rest,23,0.47354166666666675,0.4346242310210984,False,False,0.04247758580209431
F13,98,closed,0,0.39937500000000004,0.4073644880601471,False,False,0.026364488060147073
F13,98,closed,6,0.39937500000000004,0.40263317813116073,False,False,0.033251819764429445
F13,98,closed,12,0.39937500000000004,0.4046276313285207,False,False,0.03063293785867992
F13,98,closed,23,0.39937500000000004,0.40799241636625255,False,False,0.025374929135648358
F13,99,rest,0,0.4610833333333333,0.4130067321443698,False,False,0.042993267855630235
F13,99,rest,6,0.4610833333333333,0.4061297118514388,False,False,0.03411604878000445
F13,99,rest,12,0.4610833333333333,0.41245552972581717,False,False,0.03134231382420185
F13,99,rest,23,0.4610833333333333,0.43108073316239715,False,False,0.03261762128739362
F13,100,closed,0,0.4057916666666667,0.3595113964398147,False,False,0.022488603560185227
F13,100,closed,6,0.4057916666666667,0.35089584911338606,False,False,0.026238534691757864
F13,100,closed,12,0.4057916666666667,0.35227723361402535,False,False,0.037657168321700366
F13,100,closed,23,0.4057916666666667,0.35827910559471726,False,False,0.05098074593300877
F13,101,rest,0,0.45108333333333334,0.42190700501543504,False,False,0.027092994984564966
F13,101,rest,6,0.45108333333333334,0.4267176449821277,False,False,0.01228463691131021
F13,101,rest,12,0.45108333333333334,0.4249012302596399,False,False,0.013952635093549213
F13,101,rest,23,0.45108333333333334,0.43936841961329104,False,False,0.019736928702864923
F13,102,closed,0,0.3860833333333333,0.3801105352088349,False,False,0.008889464791165091
F13,102,closed,6,0.3860833333333333,0.3623446637698536,False,False,0.025208850917053025
F13,102,closed,12,0.3860833333333333,0.36295547172133535,False,False,0.05041083267741281
F13,102,closed,23,0.3860833333333333,0.36868214429528073,False,False,0.045554677319069856
F13,103,rest,0,0.447375,0.4572612256059139,False,False,0.023261225605913927
F13,103,rest,6,0.447375,0.4586847110959772,False,False,0.037750185020832334
F13,103,rest,12,0.447375,0.4626740259674097,False,False,0.03993371149097577
F13,103,rest,23,0.447375,0.4726606507527764,False,False,0.031549250308138446
F13,104,closed,0,0.3177916666666667,0.41312519345618454,False,False,0.10312519345618454
F13,104,closed,6,0.3177916666666667,0.4066235582092267,False,False,0.1026661480124953
F13,104,closed,12,0.3177916666666667,0.40917760844553314,False,False,0.09669058857124022
F13,104,closed,23,0.3177916666666667,0.41895704499631115,False,False,0.10192503768123332
F13,105,rest,0,0.442,0.4711314768379035,False,False,0.031131476837903516
F13,105,rest,6,0.442,0.46710320165529023,False,False,0.04324926131612719
F13,105,rest,12,0.442,0.46903816352528377,False,False,0.0504187460076659
F13,105,rest,23,0.442,0.4792654988269452,False,False,0.041341352581230895
F13,106,closed,0,0.31616666666666665,0.5165129642908051,False,False,0.21351296429080507
F13,106,closed,6,0.31616666666666665,0.4888070847041607,False,False,0.18869555398327142
F13,106,closed,12,0.31616666666666665,0.4793267205084963,False,False,0.1741853786529525
F13,106,closed,23,0.31616666666666665,0.488289723762213,False,False,0.1731594291943551
F13,107,rest,0,0.44425,0.472366083257776,False,False,0.04036608325777602
F13,107,rest,6,0.44425,0.47269231451548555,False,False,0.055381827122093615
F13,107,rest,12,0.44425,0.47345107088604255,False,False,0.053584821431373164
F13,107,rest,23,0.44425,0.48289877182793733,False,False,0.042930862473560004
F13,108,rest,0,0.45720833333333327,0.47127035313079263,False,False,0.03127035313079263
F13,108,rest,6,0.45720833333333327,0.46483288320586535,False,False,0.03330444742408909
F13,108,rest,12,0.45720833333333327,0.461223300952677,False,False,0.028047000670811437
F13,108,rest,23,0.45720833333333327,0.47048715332450897,False,False,0.02180425935323763
F13,109,closed,0,0.3450416666666667,0.5205340388311464,False,False,0.19053403883114634
F13,109,closed,6,0.3450416666666667,0.5195554328675355,False,False,0.19257846743700593
F13,109,closed,12,0.3450416666666667,0.5157668691325736,False,False,0.1834701556243038
F13,109,closed,23,0.3450416666666667,0.517722016837097,False,False,0.17334348737497438
F13,110,closed,0,0.35375,0.4006746844582201,False,False,0.06567468445822006
F13,110,closed,6,0.35375,0.3938338587917868,False,False,0.06046391242384801
F13,110,closed,12,0.35375,0.39831746378215854,False,False,0.06055403351301573
F13,110,closed,23,0.35375,0.41338583951770397,False,False,0.06022416113463407
F13,111,closed,0,0.3712083333333333,0.4739551874190669,False,False,0.12395518741906697
F13,111,closed,6,0.3712083333333333,0.46387842346145136,False,False,0.1149455469179804
F13,111,closed,12,0.3712083333333333,0.46903404504234625,False,False,0.11533717141111426
F13,111,closed,23,0.3712083333333333,0.48969040511889395,False,False,0.11942246017226489
F13,112,closed,0,0.39633333333333337,0.6818051929727522,False,False,0.3168051929727522
F13,112,closed,6,0.39633333333333337,0.665451841961899,False,False,0.30173001741575334
F13,112,closed,12,0.39633333333333337,0.6671121373844133,False,False,0.29035010008552886
F13,112,closed,23,0.39633333333333337,0.6772566974178936,False,False,0.2815295192665144
F13,113,rest,0,0.5562916666666667,0.5299341023623336,False,False,0.017065897637666416
F13,113,rest,6,0.5562916666666667,0.523719159169113,False,False,0.01243138076740145
F13,113,rest,12,0.5562916666666667,0.5312616377537586,False,False,0.00985841025699887
F13,113,rest,23,0.5562916666666667,0.5452336072716798,False,False,0.01513053922537138
F13,116,closed,0,0.9369166666666667,0.9750438276181411,True,False,0.09104382761814112
F13,116,closed,6,0.9369166666666667,0.9471613127156999,True,False,0.09917181270715848
F13,116,closed,12,0.9369166666666667,0.9365401000888738,True,False,0.09412702877509535
F13,116,closed,23,0.9369166666666667,1.013035645431157,True,True,0.0968334877900288
F13,117,rest,0,0.3037916666666667,0.3461991162634763,False,False,0.046199116263476336
F13,117,rest,6,0.3037916666666667,0.3269610002041737,False,False,0.027575974824450192
F13,117,rest,12,0.3037916666666667,0.31985772368546345,False,False,0.025118618322217873
F13,117,rest,23,0.3037916666666667,0.3198128186391099,False,False,0.019268410938871963
F13,119,rest,0,0.3114166666666667,0.45114413106968304,False,False,0.13514413106968304
F13,119,rest,6,0.3114166666666667,0.42937063766557254,False,False,0.11458609254141579
F13,119,rest,12,0.3114166666666667,0.41722648389253564,False,False,0.1080063101004899
F13,119,rest,23,0.3114166666666667,0.4133924645809201,False,False,0.10267913228917346
F13,122,rest,0,0.34879166666666667,0.4528714475190476,False,False,0.1198714475190476
F13,122,rest,6,0.34879166666666667,0.4366824206909375,False,False,0.1027366907484012
F13,122,rest,12,0.34879166666666667,0.43154606107408505,False,False,0.10312717590291287
F13,122,rest,23,0.34879166666666667,0.42817945553418385,False,False,0.08408407732246988
F13,126,rest,0,0.3818333333333333,0.6510772009177327,False,False,0.27307720091773274
F13,126,rest,6,0.3818333333333333,0.6271145613273893,False,False,0.2617818605383692
F13,126,rest,12,0.3818333333333333,0.5911134862592988,False,False,0.225763142947285
F13,126,rest,23,0.3818333333333333,0.5728787557171066,False,False,0.1976243231749163
F13,128,closed,0,0.7817083333333333,0.7529424477698633,False,False,0.031942447769863325
F13,128,closed,6,0.7817083333333333,0.7495090892890518,False,False,0.048888728821169056
F13,128,closed,12,0.7817083333333333,0.7652742026618677,False,False,0.053979486780385444
F13,128,closed,23,0.7817083333333333,0.7725940488651141,False,False,0.05405022102719257
F13,129,closed,0,0.7205833333333334,0.6622094314185482,False,False,0.05279056858145181
F13,129,closed,6,0.7205833333333334,0.6544716992256002,False,False,0.04697911626195859
F13,129,closed,12,0.7205833333333334,0.6524820381668768,False,False,0.05060495199353478
F13,129,closed,23,0.7205833333333334,0.6626009745271353,False,False,0.05945879209987324
F13,130,closed,0,0.773125,1.051397740985679,True,True,0.2533977409856789
F13,130,closed,6,0.773125,1.0316206885644237,True,True,0.2448641783039066
F13,130,closed,12,0.773125,1.0255969174957895,True,True,0.25112067760877615
F13,130,closed,23,0.773125,1.0419892527121322,True,True,0.2727341957784153
F13,131,closed,0,0.73775,0.7489929552728033,False,False,0.030992955272803324
F13,131,closed,6,0.73775,0.7381235435211414,False,False,0.02937933999815466
F13,131,closed,12,0.73775,0.7309313004806394,False,False,0.02346386080494592
F13,131,closed,23,0.73775,0.7394519967992793,False,False,0.022701567022589342
F13,132,closed,0,0.8696666666666667,1.3357715824133158,True,True,0.5927715824133158
F13,132,closed,6,0.8696666666666667,1.2627947387202474,True,True,0.5371391831946934
F13,132,closed,12,0.8696666666666667,1.2348367423740734,True,True,0.4596531731235901
F13,132,closed,23,0.8696666666666667,1.2749328713612378,True,True,0.41875060226000627
F13,133,closed,0,0.9788333333333333,1.2227242876497615,True,True,0.28172428764976154
F13,133,closed,6,0.9788333333333333,1.2085996644483088,True,True,0.27208775320140993
F13,133,closed,12,0.9788333333333333,1.1957234484269976,True,True,0.24294385912935437
F13,133,closed,23,0.9788333333333333,1.21984584400848,True,True,0.24344265380450128
F13,134,rest,0,0.7533333333333333,0.7386273540831998,False,False,0.021372645916800326
F13,134,rest,6,0.7533333333333333,0.7300037698125631,False,False,0.025622410102205083
F13,134,rest,12,0.7533333333333333,0.7278539028551567,False,False,0.029733190286567474
F13,134,rest,23,0.7533333333333333,0.7334028839975651,False,False,0.023268317868823607
F13,136,rest,0,0.73775,0.7357897180054143,False,False,0.000789718005414275
F13,136,rest,6,0.73775,0.731490932891166,False,False,0.003699056306531472
F13,136,rest,12,0.73775,0.7337605683685526,False,False,0.007589236875090763
F13,136,rest,23,0.73775,0.7473311345737187,False,False,0.012889070221764823
F13,138,rest,0,0.7215416666666666,0.7201557437484176,False,False,0.001155743748417648
F13,138,rest,6,0.7215416666666666,0.7200800908521799,False,False,0.01793741408566744
F13,138,rest,12,0.7215416666666666,0.7226865043446616,False,False,0.02215436606464816
F13,138,rest,23,0.7215416666666666,0.7483504997706963,False,False,0.029625424705245814
F13,140,rest,0,0.714625,0.7501994928739734,False,False,0.03319949287397339
F13,140,rest,6,0.714625,0.750203161101544,False,False,0.04049399278010742
F13,140,rest,12,0.714625,0.7514722289591702,False,False,0.041834656966150366
F13,140,rest,23,0.714625,0.7587524654873227,False,False,0.04468578102931263
F13,141,rest,0,0.7079166666666667,0.7330000040607909,False,False,0.03700000406079085
F13,141,rest,6,0.7079166666666667,0.728167474903025,False,False,0.04345298497024082
F13,141,rest,12,0.7079166666666667,0.7311251811495828,False,False,0.04878289669921414
F13,141,rest,23,0.7079166666666667,0.7516496098336568,False,False,0.050224846555012685
F13,142,rest,0,0.4254583333333333,0.45545953054225724,False,False,0.2055404694577428
F13,142,rest,6,0.4254583333333333,0.45129376315617015,False,False,0.08835767433230586
F13,142,rest,12,0.4254583333333333,0.4484739030448912,False,False,0.07411177878536628
F13,142,rest,23,0.4254583333333333,0.4753889660432001,False,False,0.07790355603006693
F13,145,closed,0,0.6891666666666666,0.7331355805220897,False,False,0.05913558052208967
F13,145,closed,6,0.6891666666666666,0.7207277165652562,False,False,0.05237097623801158
F13,145,closed,12,0.6891666666666666,0.7215157159904508,False,False,0.05080896647023135
F13,145,closed,23,0.6891666666666666,0.7356220428583214,False,False,0.047309539817024224
F13,147,rest,0,0.41225,0.45391760793091773,False,False,0.040917607930917754
F13,147,rest,6,0.41225,0.46686115062254885,False,False,0.054681613971056635
F13,147,rest,12,0.41225,0.46144165176891067,False,False,0.055095821769543446
F13,147,rest,23,0.41225,0.48938104547034,False,False,0.0891834090916965
F13,148,rest,0,0.7375833333333333,0.8631174847351373,False,False,0.1481174847351373
F13,148,rest,6,0.7375833333333333,0.8362634952960135,False,False,0.12484159533144439
F13,148,rest,12,0.7375833333333333,0.8331345135027642,False,False,0.11766010173523253
F13,148,rest,23,0.7375833333333333,0.8606284290165522,False,False,0.12386137117996575
F13,149,rest,0,0.7759166666666667,0.7470986242151071,False,False,0.009901375784892918
F13,149,rest,6,0.7759166666666667,0.7440073245537421,False,False,0.015153561554540017
F13,149,rest,12,0.7759166666666667,0.7590556773248007,False,False,0.014839713165101532
F13,149,rest,23,0.7759166666666667,0.7922225115610076,False,False,0.03212199431118843
F13,150,rest,0,0.8217500000000001,0.8210113996780574,False,False,0.02201139967805732
F13,150,rest,6,0.8217500000000001,0.8099645024530374,False,False,0.021854968699305706
F13,150,rest,12,0.8217500000000001,0.8030463508454824,False,False,0.01832284806461344
F13,150,rest,23,0.8217500000000001,0.8272323324418988,False,False,0.016613522863279925
F13,152,rest,0,0.43320833333333336,0.46178117088412757,False,False,0.033781170884127576
F13,152,rest,6,0.43320833333333336,0.4271334096150215,False,False,0.014929481617760148
F13,152,rest,12,0.43320833333333336,0.42007393984066765,False,False,0.012774686138244024
F13,152,rest,23,0.43320833333333336,0.42451682776857536,False,False,0.015369786262751652
F13,154,rest,0,0.41262499999999996,0.43904752407748077,False,False,0.02904752407748079
F13,154,rest,6,0.41262499999999996,0.4372650338828675,False,False,0.0279257387621866
F13,154,rest,12,0.41262499999999996,0.44710593637917573,False,False,0.04752329225179763
F13,154,rest,23,0.41262499999999996,0.4606651823798163,False,False,0.05114237087016728
F13,155,closed,0,0.807375,0.7528691411128836,False,False,0.07313085888711635
F13,155,closed,6,0.807375,0.7370296279893299,False,False,0.07147513609708442
F13,155,closed,12,0.807375,0.7388754894226559,False,False,0.06696508430218866
F13,155,closed,23,0.807375,0.7546365013479738,False,False,0.05772383988481521
F13,156,closed,0,0.7513333333333333,1.356613857966745,True,True,0.571613857966745
F13,156,closed,6,0.7513333333333333,1.1529425792058423,True,True,0.3986309956346335
F13,156,closed,12,0.7513333333333333,1.1441072520916218,True,True,0.39026531835108147
F13,156,closed,23,0.7513333333333333,1.120081973576596,True,True,0.37168232349713937
F13,157,rest,0,0.42483333333333334,0.4546421476950872,False,False,0.029642147695087218
F13,157,rest,6,0.42483333333333334,0.44206481107434403,False,False,0.013861796897218894
F13,157,rest,12,0.42483333333333334,0.43997637587104627,False,False,0.026951805577309744
F13,157,rest,23,0.42483333333333334,0.4379678944026683,False,False,0.023484360624752287
F13,158,rest,0,0.4527083333333333,0.4553803243510666,False,False,0.06261967564893339
F13,158,rest,6,0.4527083333333333,0.44466008970164606,False,False,0.024313866167599712
F13,158,rest,12,0.4527083333333333,0.4385514292108924,False,False,0.023585375780264074
F13,158,rest,23,0.4527083333333333,0.44315234267564585,False,False,0.026014886392991564
F13,159,closed,0,0.5987083333333333,0.8560780629659179,False,False,0.22807806296591793
F13,159,closed,6,0.5987083333333333,0.8504083776938727,False,False,0.22743457133216116
F13,159,closed,12,0.5987083333333333,0.8501540097555333,False,False,0.24790209397263108
F13,159,closed,23,0.5987083333333333,0.8790606681605376,False,False,0.28375473930788364
F13,160,rest,0,0.45808333333333334,0.6986781375823233,False,False,0.2036781375823234
F13,160,rest,6,0.45808333333333334,0.6887674901537156,False,False,0.2039200940236606
F13,160,rest,12,0.45808333333333334,0.6954342743384248,False,False,0.23053053460553583
F13,160,rest,23,0.45808333333333334,0.7278622905975253,False,False,0.2746336940332547
F13,161,rest,0,0.491625,0.47378824910288864,False,False,0.00578824910288861
F13,161,rest,6,0.491625,0.45914735777126864,False,False,0.015683530449282508
F13,161,rest,12,0.491625,0.4522461516720836,False,False,0.02948876626739515
F13,161,rest,23,0.491625,0.45312013530088086,False,False,0.0436782245489873
F13,162,closed,0,0.585875,0.7234610667716522,False,False,0.16946106677165218
F13,162,closed,6,0.585875,0.720336878711335,False,False,0.17415154024351598
F13,162,closed,12,0.585875,0.7278003384327744,False,False,0.16832102587134787
F13,162,closed,23,0.585875,0.737948875798609,False,False,0.15385777093377084
F13,166,rest,0,0.7276666666666666,0.7362415218402022,False,False,0.05324152184020203
F13,166,rest,6,0.7276666666666666,0.7336757377758564,False,False,0.06809783948522839
F13,166,rest,12,0.7276666666666666,0.7350907022437234,False,False,0.06218190048374159
F13,166,rest,23,0.7276666666666666,0.7731456215915632,False,False,0.0505068812635887
F13,167,rest,0,0.43250000000000005,0.45054385006323056,False,False,0.03545614993676943
F13,167,rest,6,0.43250000000000005,0.4480536445619193,False,False,0.03438602972286537
F13,167,rest,12,0.43250000000000005,0.4424556942919082,False,False,0.027162562048944558
F13,167,rest,23,0.43250000000000005,0.4469145931059722,False,False,0.04392413076886217
F13,168,closed,0,0.6692083333333333,0.8563446190593167,False,False,0.16834461905931664
F13,168,closed,6,0.6692083333333333,0.8083923487448889,False,False,0.13950645412246634
F13,168,closed,12,0.6692083333333333,0.7855506766889897,False,False,0.1273322509375768
F13,168,closed,23,0.6692083333333333,0.7750379723754844,False,False,0.11038463456934319
F13,169,rest,0,0.8197916666666667,0.6801874534373695,False,False,0.10981254656263051
F13,169,rest,6,0.8197916666666667,0.6789246326509006,False,False,0.09591388878570604
F13,169,rest,12,0.8197916666666667,0.6800692134620093,False,False,0.10247446699090397
F13,169,rest,23,0.8197916666666667,0.7145772232181238,False,False,0.1060969956962819
F13,170,rest,0,0.433875,0.45086616227784976,False,False,0.032866162277849775
F13,170,rest,6,0.433875,0.4323633219821141,False,False,0.01686018889078554
F13,170,rest,12,0.433875,0.42554719080936726,False,False,0.021402832436133543
F13,170,rest,23,0.433875,0.4306002604215127,False,False,0.026845588516329462
F13,171,rest,0,0.8714583333333333,0.8602858233674633,False,False,0.030285823367463327
F13,171,rest,6,0.8714583333333333,0.8380823878003375,False,False,0.018221505228178073
F13,171,rest,12,0.8714583333333333,0.8276666428697084,False,False,0.045054863623047704
F13,171,rest,23,0.8714583333333333,0.8266637928978328,False,False,0.0628165048001579
F13,172,rest,0,0.9783750000000001,0.77886481575033,False,False,0.08013518424967003
F13,172,rest,6,0.9783750000000001,0.7681547851516274,False,False,0.0783216003990344
F13,172,rest,12,0.9783750000000001,0.7765089561690822,False,False,0.07726194931316878
F13,172,rest,23,0.9783750000000001,0.8902915524221466,False,False,0.1452822986595429
F13,173,rest,0,0.42091666666666666,0.4802813696086959,False,False,0.0632813696086959
F13,173,rest,6,0.42091666666666666,0.46948899321180493,False,False,0.052100528499755355
F13,173,rest,12,0.42091666666666666,0.45898023650282826,False,False,0.0398986950763337
F13,173,rest,23,0.42091666666666666,0.46430476564506945,False,False,0.04798099577426211
F13,174,closed,0,0.9472083333333332,0.8004986755390938,False,False,0.12250132446090622
F13,174,closed,6,0.9472083333333332,0.7916214580507852,False,False,0.12204313784762147
F13,174,closed,12,0.9472083333333332,0.7929598536827466,False,False,0.1308606335714626
F13,174,closed,23,0.9472083333333332,0.8183400683047722,False,False,0.12976064947000124
F13,176,rest,0,0.4254166666666666,0.4376006693434829,False,False,0.029600669343482933
F13,176,rest,6,0.4254166666666666,0.4257494521522823,False,False,0.019961584988809258
F13,176,rest,12,0.4254166666666666,0.4252396694076083,False,False,0.01635872335458636
F13,176,rest,23,0.4254166666666666,0.43739443523106813,False,False,0.022756072200742637
F13,179,closed,0,0.4014166666666667,0.3009261784594998,False,False,0.09307382154050015
F13,179,closed,6,0.4014166666666667,0.3364306255860045,False,False,0.06844156064798654
F13,179,closed,12,0.4014166666666667,0.33279444704849426,False,False,0.07182895390796565
F13,179,closed,23,0.4014166666666667,0.3248001089469784,False,False,0.07779457368970609
F13,180,rest,0,0.2919583333333333,0.31625247866531614,False,False,0.10125247866531614
F13,180,rest,6,0.2919583333333333,0.3045054425562646,False,False,0.097180163838417
F13,180,rest,12,0.2919583333333333,0.291906595906694,False,False,0.0814926160038221
F13,180,rest,23,0.2919583333333333,0.29356046958223636,False,False,0.07584432352342521
F13,181,rest,0,0.38358333333333333,0.3169276702936262,False,False,0.05507232970637388
F13,181,rest,6,0.38358333333333333,0.2972084257636912,False,False,0.06701372263550463
F13,181,rest,12,0.38358333333333333,0.2840349373606532,False,False,0.08918878334090057
F13,181,rest,23,0.38358333333333333,0.29501533746393843,False,False,0.09182602360427758
F13,182,rest,0,0.335375,0.29061774796468404,False,False,0.05038225203531599
F13,182,rest,6,0.335375,0.28405696870248,False,False,0.05854785022810284
F13,182,rest,12,0.335375,0.27755939772984795,False,False,0.06146691782253046
F13,182,rest,23,0.335375,0.27410590084201636,False,False,0.06288570735272056
F13,183,rest,0,0.3569166666666666,0.2867807456350364,False,False,0.07121925436496351
F13,183,rest,6,0.3569166666666666,0.28068988923591626,False,False,0.07061109710080442
F13,183,rest,12,0.3569166666666666,0.27790709556249066,False,False,0.07358337517534455
F13,183,rest,23,0.3569166666666666,0.28101057624935444,False,False,0.07604001922510899
F13,195,rest,0,0.55625,0.44765250422816,False,False,0.10234749577184005
F13,195,rest,6,0.55625,0.44050451478351155,False,False,0.10069466236779484
F13,195,rest,12,0.55625,0.446282324699243,False,False,0.0976587973421496
F13,195,rest,23,0.55625,0.4646701063704006,False,False,0.09222600551426156
F13,196,rest,0,0.5474166666666667,0.4205397495949401,False,False,0.12646025040505993
F13,196,rest,6,0.5474166666666667,0.4095414402130186,False,False,0.12193032683171516
F13,196,rest,12,0.5474166666666667,0.4155937964956188,False,False,0.11593622135638514
F13,196,rest,23,0.5474166666666667,0.43647211274796804,False,False,0.11154116747181811
F13,197,closed,0,0.5479166666666667,0.4762150637988089,False,False,0.06878493620119114
F13,197,closed,6,0.5479166666666667,0.4630484536012445,False,False,0.06838732939819152
F13,197,closed,12,0.5479166666666667,0.46368143259559685,False,False,0.06959583479687108
F13,197,closed,23,0.5479166666666667,0.472321636683066,False,False,0.07616446630219378
F13,198,rest,0,0.27608333333333335,0.25259518362558214,False,False,0.02440481637441788
F13,198,rest,6,0.27608333333333335,0.2494457328443001,False,False,0.023375222935747213
F13,198,rest,12,0.27608333333333335,0.2498511271492858,False,False,0.02101672799066796
F13,198,rest,23,0.27608333333333335,0.25296920278923163,False,False,0.02377300235721504
F13,211,rest,0,0.5396666666666666,0.5061152317855474,False,False,0.013884768214452614
F13,211,rest,6,0.5396666666666666,0.5046442836936985,False,False,0.00815222626560528
F13,211,rest,12,0.5396666666666666,0.5163182521471124,False,False,0.014523805387032926
F13,211,rest,23,0.5396666666666666,0.5517779628201093,False,False,0.01720292190511966
F13,212,rest,0,0.29433333333333334,0.25723043201990964,False,False,0.10576956798009035
F13,212,rest,6,0.29433333333333334,0.256087081906025,False,False,0.04947757746219444
F13,212,rest,12,0.29433333333333334,0.25337167967381097,False,False,0.040240814997469385
F13,212,rest,23,0.29433333333333334,0.2565424947483781,False,False,0.04132743982360341
F13,213,rest,0,0.292,0.23567022700780818,False,False,0.06732977299219181
F13,213,rest,6,0.292,0.24050592090828601,False,False,0.06053027929100471
F13,213,rest,12,0.292,0.23832929850934223,False,False,0.05565897281121073
F13,213,rest,23,0.292,0.25512659439106855,False,False,0.043400234468053356
F13,214,closed,0,0.9180416666666668,0.6057026836367156,False,False,0.1992973163632844
F13,214,closed,6,0.9180416666666668,0.5931669519202984,False,False,0.20430775303172052
F13,214,closed,12,0.9180416666666668,0.603849743666628,False,False,0.20585823393588987
F13,214,closed,23,0.9180416666666668,0.6487894750133573,False,False,0.28700381777148465
F13,215,rest,0,0.32666666666666666,0.23446285387769308,False,False,0.08253714612230692
F13,215,rest,6,0.32666666666666666,0.23772467623168855,False,False,0.08234651617479788
F13,215,rest,12,0.32666666666666666,0.23810866385333376,False,False,0.07965295516988878
F13,215,rest,23,0.32666666666666666,0.2414479358437959,False,False,0.08567975904390443
F13,218,rest,0,0.38949999999999996,0.4178106290195973,False,False,0.05081062901959732
F13,218,rest,6,0.38949999999999996,0.4065701557933375,False,False,0.03840301617374305
F13,218,rest,12,0.38949999999999996,0.3973754886383137,False,False,0.03512718306299805
F13,218,rest,23,0.38949999999999996,0.39270313779184524,False,False,0.03365201664717686
F13,231,closed,0,0.6208750000000001,1.0237308901432944,True,True,0.4427308901432945
F13,231,closed,6,0.6208750000000001,0.9829967479783408,True,False,0.40969940584469244
F13,231,closed,12,0.6208750000000001,1.00568235157948,True,True,0.4137289864929692
F13,231,closed,23,0.6208750000000001,1.0388766565573537,True,True,0.4183542970049704
F13,232,rest,0,0.7386249999999999,0.6962862386780068,False,False,0.03871376132199322
F13,232,rest,6,0.7386249999999999,0.6754850603033354,False,False,0.051888493930482525
F13,232,rest,12,0.7386249999999999,0.6792467468617964,False,False,0.049476799142426746
F13,232,rest,23,0.7386249999999999,0.7080924727324746,False,False,0.0376956783469271
F13,233,closed,0,0.6336666666666667,1.0068160643198405,True,True,0.3798160643198405
F13,233,closed,6,0.6336666666666667,0.9866809328575096,True,False,0.3806008489525924
F13,233,closed,12,0.6336666666666667,1.0062037113087887,True,True,0.39830473370962227
F13,233,closed,23,0.6336666666666667,1.046390883793318,True,True,0.4138611890464192
F13,242,rest,0,0.43204166666666666,0.5859690058478502,False,False,0.15396900584785017
F13,242,rest,6,0.43204166666666666,0.5731635833234651,False,False,0.14648509227056578
F13,242,rest,12,0.43204166666666666,0.5704269234463315,False,False,0.15871640886840616
F13,242,rest,23,0.43204166666666666,0.5481441475527995,False,False,0.12989011701336553
F13,244,rest,0,0.44004166666666666,0.36543898097836053,False,False,0.06956101902163947
F13,244,rest,6,0.44004166666666666,0.3899445521320156,False,False,0.05609261369542223
F13,244,rest,12,0.44004166666666666,0.37632251674034684,False,False,0.0582011622181542
F13,244,rest,23,0.44004166666666666,0.37377376480668817,False,False,0.07116697255091506
F13,245,closed,0,0.84025,0.7346573984564361,False,False,0.1133426015435639
F13,245,closed,6,0.84025,0.7259381177461603,False,False,0.11350355986284914
F13,245,closed,12,0.84025,0.7238318950576009,False,False,0.1157884334148155
F13,245,closed,23,0.84025,0.7243579480625764,False,False,0.11620131648046922
F47,6,rest,0,0.24050000000000002,0.20541242988037345,False,False,0.060587570119626566
F47,6,rest,6,0.24050000000000002,0.2036650859244997,False,False,0.05934290702347817
F47,6,rest,12,0.24050000000000002,0.20061419535909633,False,False,0.05029449075290348
F47,6,rest,23,0.24050000000000002,0.20057989710034949,False,False,0.042216033823112994
F47,7,rest,0,0.35720833333333335,0.20218664624343743,False,False,0.17981335375656252
F47,7,rest,6,0.35720833333333335,0.2042276222442973,False,False,0.1696673518925945
F47,7,rest,12,0.35720833333333335,0.2049631811222031,False,False,0.16200408225541657
F47,7,rest,23,0.35720833333333335,0.2062695543469116,False,False,0.15165926760913148
F47,8,rest,0,0.20741666666666667,0.15866329285418448,False,False,0.06633670714581552
F47,8,rest,6,0.20741666666666667,0.15676767302926062,False,False,0.06527344607684993
F47,8,rest,12,0.20741666666666667,0.1580992844828796,False,False,0.055177893354497055
F47,8,rest,23,0.20741666666666667,0.16702340229932547,False,False,0.044398465045500234
F47,9,rest,0,0.17462500000000003,0.19707723600253182,False,False,7.723600253184415e-05
F47,9,rest,6,0.17462500000000003,0.18628811981291374,False,False,0.009993890514804354
F47,9,rest,12,0.17462500000000003,0.1805432549293982,False,False,0.011032403267834933
F47,9,rest,23,0.17462500000000003,0.18113706011312136,False,False,0.01368086513614209
F47,10,rest,0,0.146625,0.2090589541598573,False,False,0.04605895415985731
F47,10,rest,6,0.146625,0.20735415398758647,False,False,0.04764651125395268
F47,10,rest,12,0.146625,0.2042800062962349,False,False,0.05415222309217846
F47,10,rest,23,0.146625,0.20375340487364646,False,False,0.0576873849420509
F47,11,rest,0,0.21845833333333334,0.2571459980966953,False,False,0.02214599809669532
F47,11,rest,6,0.21845833333333334,0.26002950555553084,False,False,0.02750115126186816
F47,11,rest,12,0.21845833333333334,0.257437022150361,False,False,0.032282869623322864
F47,11,rest,23,0.21845833333333334,0.25597659848694704,False,False,0.038408314359489305
F47,12,rest,0,0.13158333333333336,0.18316592226965792,False,False,0.0441659222696579
F47,12,rest,6,0.13158333333333336,0.18798110942365606,False,False,0.05014184326359096
F47,12,rest,12,0.13158333333333336,0.19076767092178837,False,False,0.06025550573182472
F47,12,rest,23,0.13158333333333336,0.19170861189896912,False,False,0.060763762452778355
F47,14,rest,0,0.11625,0.1446307446847751,False,False,0.023630744684775107
F47,14,rest,6,0.11625,0.1464581629934109,False,False,0.027266645223540876
F47,14,rest,12,0.11625,0.14747241287966403,False,False,0.03298064009804063
F47,14,rest,23,0.11625,0.14871697153380356,False,False,0.03286874301809492
F47,15,rest,0,0.1910416666666667,0.2301563906107982,False,False,0.03715639061079823
F47,15,rest,6,0.1910416666666667,0.23284185446934277,False,False,0.04033198241218723
F47,15,rest,12,0.1910416666666667,0.23072629183639656,False,False,0.041352885798088976
F47,15,rest,23,0.1910416666666667,0.2298921040893672,False,False,0.03912042020995519
F47,16,rest,0,0.19587500000000002,0.23581503797426792,False,False,0.039815037974267886
F47,16,rest,6,0.19587500000000002,0.23382596556507512,False,False,0.037886435249861405
F47,16,rest,12,0.19587500000000002,0.23502758076640592,False,False,0.042089755077696196
F47,16,rest,23,0.19587500000000002,0.2387396568430619,False,False,0.04324992335712819
F47,17,rest,0,0.112375,0.22117442233159604,False,False,0.10917442233159604
F47,17,rest,6,0.112375,0.21558249011620031,False,False,0.10460533631910497
F47,17,rest,12,0.112375,0.22121666074595198,False,False,0.11186186827909089
F47,17,rest,23,0.112375,0.228369738020426,False,False,0.1164537260067548
F47,18,rest,0,0.2031666666666667,0.2358803663471968,False,False,0.033880366347196766
F47,18,rest,6,0.2031666666666667,0.23868906856700953,False,False,0.036748589517624566
F47,18,rest,12,0.2031666666666667,0.2397444988275351,False,False,0.0395573587772584
F47,18,rest,23,0.2031666666666667,0.24205708916019272,False,False,0.03949982399137562
F47,19,rest,0,0.12374999999999999,0.2618377125831674,False,False,0.1478377125831674
F47,19,rest,6,0.12374999999999999,0.2519149688453179,False,False,0.13820740756392333
F47,19,rest,12,0.12374999999999999,0.2557254262823964,False,False,0.13776513149718
F47,19,rest,23,0.12374999999999999,0.25832168282617124,False,False,0.13483947190664552
F47,20,rest,0,0.21070833333333336,0.2470890548364583,False,False,0.0380890548364583
F47,20,rest,6,0.21070833333333336,0.24168707427007255,False,False,0.03224306166033346
F47,20,rest,12,0.21070833333333336,0.2382187411394322,False,False,0.030217438900234105
F47,20,rest,23,0.21070833333333336,0.23795728254797652,False,False,0.027618061863728165
F47,21,rest,0,0.1480416666666667,0.2627794333442067,False,False,0.13277943334420672
F47,21,rest,6,0.1480416666666667,0.24982599102528816,False,False,0.12030503397870977
F47,21,rest,12,0.1480416666666667,0.24716169482606473,False,False,0.10943841481727995
F47,21,rest,23,0.1480416666666667,0.2438223466604403,False,False,0.09739749872873776
F47,22,rest,0,0.21754166666666666,0.2315209682196245,False,False,0.015520968219624509
F47,22,rest,6,0.21754166666666666,0.23150265664972453,False,False,0.01562712395573611
F47,22,rest,12,0.21754166666666666,0.23305331538012497,False,False,0.018148977395440163
F47,22,rest,23,0.21754166666666666,0.23709805031460604,False,False,0.019925414840711256
F47,23,rest,0,0.181625,0.26967468998934657,False,False,0.10867468998934657
F47,23,rest,6,0.181625,0.2641560975292241,False,False,0.10308239491373439
F47,23,rest,12,0.181625,0.26915756751639625,False,False,0.09911948458462601
F47,23,rest,23,0.181625,0.2687624060405219,False,False,0.08827232128315879
F47,24,rest,0,0.22620833333333334,0.29443673745875804,False,False,0.07043673745875803
F47,24,rest,6,0.22620833333333334,0.2908161833289604,False,False,0.06673366763174235
F47,24,rest,12,0.22620833333333334,0.2883107927410732,False,False,0.06469307205279749
F47,24,rest,23,0.22620833333333334,0.286728433907905,False,False,0.060825694685051696
F47,25,rest,0,0.23175,0.2323108991576007,False,False,0.0013108991576006868
F47,25,rest,6,0.23175,0.23454984797539116,False,False,0.004481123307554272
F47,25,rest,12,0.23175,0.23563948404420157,False,False,0.007359656035129062
F47,25,rest,23,0.23175,0.2399798886884131,False,False,0.009055391918627665
F47,26,rest,0,0.25654166666666667,0.19476446278080958,False,False,0.040235537219190404
F47,26,rest,6,0.25654166666666667,0.1854200832922814,False,False,0.04994769107078527
F47,26,rest,12,0.25654166666666667,0.19568073452856302,False,False,0.04929890655139791
F47,26,rest,23,0.25654166666666667,0.20016630563199667,False,False,0.05739678477708922
F47,27,rest,0,0.24479166666666666,0.23583371617803728,False,False,0.0001662838219627094
F47,27,rest,6,0.24479166666666666,0.23342456227209846,False,False,0.0033712401948421357
F47,27,rest,12,0.24479166666666666,0.23184513393842848,False,False,0.005489554336729358
F47,27,rest,23,0.24479166666666666,0.23450494257403606,False,False,0.013691113484330207
F47,28,rest,0,0.37166666666666665,0.3213211214171943,False,False,0.054678878582805734
F47,28,rest,6,0.37166666666666665,0.31287859517348054,False,False,0.046444737638576754
F47,28,rest,12,0.37166666666666665,0.3089196365342837,False,False,0.05465654333149054
F47,28,rest,23,0.37166666666666665,0.3109385135950788,False,False,0.062184719869405165
F47,29,rest,0,0.2630416666666667,0.2673837503158068,False,False,0.025383750315806808
F47,29,rest,6,0.2630416666666667,0.2627060319036592,False,False,0.0133835710279694
F47,29,rest,12,0.2630416666666667,0.26104285276308975,False,False,0.010783421140624964
F47,29,rest,23,0.2630416666666667,0.2660935328678414,False,False,0.008892769440541761
F47,30,rest,0,0.28824999999999995,0.23476906461668623,False,False,0.06523093538331376
F47,30,rest,6,0.28824999999999995,0.22153060538762628,False,False,0.06896494434286965
F47,30,rest,12,0.28824999999999995,0.2206195944279822,False,False,0.0664583561377855
F47,30,rest,23,0.28824999999999995,0.23739498311222293,False,False,0.05449402347883524
F47,31,rest,0,0.27995833333333336,0.3039386167761024,False,False,0.025938616776102374
F47,31,rest,6,0.27995833333333336,0.29738253747773363,False,False,0.024509564700375595
F47,31,rest,12,0.27995833333333336,0.29640213768290946,False,False,0.021958261083971243
F47,31,rest,23,0.27995833333333336,0.2967129779671937,False,False,0.018132022412572262
F47,32,rest,0,0.29220833333333335,0.2561398733141858,False,False,0.033860126685814174
F47,32,rest,6,0.29220833333333335,0.25333729480327516,False,False,0.03085847682887909
F47,32,rest,12,0.29220833333333335,0.252387769256504,False,False,0.02861287512468204
F47,32,rest,23,0.29220833333333335,0.25770092977367626,False,False,0.03571127179967453
F47,33,rest,0,0.2754166666666667,0.2055130203798353,False,False,0.06848697962016473
F47,33,rest,6,0.2754166666666667,0.2033778806661542,False,False,0.065726148385875
F47,33,rest,12,0.2754166666666667,0.2000657023897421,False,False,0.07054432140349404
F47,33,rest,23,0.2754166666666667,0.2149488061529178,False,False,0.061897375240457714
F47,35,rest,0,0.11945833333333333,0.16847780732567244,False,False,0.052477807325672435
F47,35,rest,6,0.11945833333333333,0.1617555031657891,False,False,0.0503857875118946
F47,35,rest,12,0.11945833333333333,0.16088681617001813,False,False,0.04922394386080738
F47,35,rest,23,0.11945833333333333,0.17754409032841145,False,False,0.059330072250552486
F47,36,rest,0,0.298875,0.2540561801928452,False,False,0.020943819807154818
F47,36,rest,6,0.298875,0.2542287025615014,False,False,0.016795463410443516
F47,36,rest,12,0.298875,0.24977781455144296,False,False,0.02336481672311172
F47,36,rest,23,0.298875,0.2528649785153187,False,False,0.05470773633642527
F47,37,rest,0,0.13954166666666667,0.23886887038544966,False,False,0.12586887038544964
F47,37,rest,6,0.13954166666666667,0.23366976901665917,False,False,0.12855090709322053
F47,37,rest,12,0.13954166666666667,0.2326393583315945,False,False,0.12672061104178597
F47,37,rest,23,0.13954166666666667,0.23833721016640788,False,False,0.10988477913645006
F47,38,rest,0,0.30158333333333337,0.25428981444923826,False,False,0.04571018555076173
F47,38,rest,6,0.30158333333333337,0.25653962823939996,False,False,0.0308102581501071
F47,38,rest,12,0.30158333333333337,0.2511292495747356,False,False,0.04060232093152452
F47,38,rest,23,0.30158333333333337,0.25293521935086977,False,False,0.053541266995735914
F47,39,rest,0,0.16545833333333332,0.23850488971110903,False,False,0.12950488971110902
F47,39,rest,6,0.16545833333333332,0.23261137491595812,False,False,0.12933529289926776
F47,39,rest,12,0.16545833333333332,0.23308090150623523,False,False,0.12866620903943718
F47,39,rest,23,0.16545833333333332,0.2371202529038271,False,False,0.0958916111820116
F47,40,rest,0,0.29683333333333334,0.256734729173702,False,False,0.02626527082629798
F47,40,rest,6,0.29683333333333334,0.2563000418370495,False,False,0.021189759218530686
F47,40,rest,12,0.29683333333333334,0.25012451111714806,False,False,0.028141634253139668
F47,40,rest,23,0.29683333333333334,0.2517200561235099,False,False,0.05153277448869408
F47,42,rest,0,0.2124166666666667,0.18127672569503642,False,False,0.03272327430496358
F47,42,rest,6,0.2124166666666667,0.1762990656178544,False,False,0.035227166055297486
F47,42,rest,12,0.2124166666666667,0.17992140649929805,False,False,0.032739953793952545
F47,42,rest,23,0.2124166666666667,0.19180979156062783,False,False,0.025242645616050212
F47,43,rest,0,0.250375,0.2805171199939781,False,False,0.023517119993978097
F47,43,rest,6,0.250375,0.27485844922284136,False,False,0.022714552213243158
F47,43,rest,12,0.250375,0.26409436591745644,False,False,0.017775315528274615
F47,43,rest,23,0.250375,0.2675175015280827,False,False,0.01885333832665982
F47,44,rest,0,0.20350000000000001,0.15359031444545415,False,False,0.051409685554545836
F47,44,rest,6,0.20350000000000001,0.1504773056923412,False,False,0.05210996312205174
F47,44,rest,12,0.20350000000000001,0.15619029785241823,False,False,0.047782005142483215
F47,44,rest,23,0.20350000000000001,0.17164140860578858,False,False,0.0367019805924185
F47,45,rest,0,0.25329166666666664,0.273714776461167,False,False,0.02671477646116699
F47,45,rest,6,0.25329166666666664,0.2711567667044729,False,False,0.027252549840322465
F47,45,rest,12,0.25329166666666664,0.2648012698469119,False,False,0.02311345979393799
F47,45,rest,23,0.25329166666666664,0.2665849577943136,False,False,0.017854524881100852
F47,46,rest,0,0.19858333333333333,0.20851980634183329,False,False,0.014519806341833252
F47,46,rest,6,0.19858333333333333,0.2028402524445146,False,False,0.009439556086415817
F47,46,rest,12,0.19858333333333333,0.20795386609604424,False,False,0.01404992336678185
F47,46,rest,23,0.19858333333333333,0.2137359034058043,False,False,0.01651933850574613
F47,47,rest,0,0.19670833333333335,0.17071900694158684,False,False,0.024280993058413136
F47,47,rest,6,0.19670833333333335,0.17262596950638023,False,False,0.019943345735755746
F47,47,rest,12,0.19670833333333335,0.18027827789277603,False,False,0.015090034752905905
F47,47,rest,23,0.19670833333333335,0.19481785570531351,False,False,0.012892063094678437
F47,48,rest,0,0.24883333333333332,0.240397757820533,False,False,0.014602242179467012
F47,48,rest,6,0.24883333333333332,0.2364031142716811,False,False,0.013063332978824173
F47,48,rest,12,0.24883333333333332,0.23443564804274086,False,False,0.013451515236909094
F47,48,rest,23,0.24883333333333332,0.2391739585670637,False,False,0.010811763756450439
F47,49,rest,0,0.203375,0.197727775421864,False,False,0.0027277754218640315
F47,49,rest,6,0.203375,0.19460866384102624,False,False,0.0019225035481882978
F47,49,rest,12,0.203375,0.19654169996065646,False,False,0.004079163901088293
F47,49,rest,23,0.203375,0.20345341041735968,False,False,0.004346303751419627
F47,50,rest,0,0.1525,0.18227613983906643,False,False,0.031723860160933565
F47,50,rest,6,0.1525,0.17799605015419181,False,False,0.01942983639480104
F47,50,rest,12,0.1525,0.16434297976114134,False,False,0.03961221476984521
F47,50,rest,23,0.1525,0.16854228820544168,False,False,0.02940380450862793
F47,51,rest,0,0.22654166666666664,0.24613520061312144,False,False,0.02513520061312144
F47,51,rest,6,0.22654166666666664,0.2450183848399554,False,False,0.02749004049010882
F47,51,rest,12,0.22654166666666664,0.2439587588928959,False,False,0.024930460476075323
F47,51,rest,23,0.22654166666666664,0.25101145118678164,False,False,0.025027999385366838
F47,52,rest,0,0.16024999999999998,0.21332628230228998,False,False,0.04732628230228997
F47,52,rest,6,0.16024999999999998,0.19066852161503814,False,False,0.02712904976293251
F47,52,rest,12,0.16024999999999998,0.18049711631841572,False,False,0.03703262662055261
F47,52,rest,23,0.16024999999999998,0.18740395006174324,False,False,0.03238324529206615
F47,53,rest,0,0.23937499999999998,0.27870731985951025,False,False,0.04270731985951026
F47,53,rest,6,0.23937499999999998,0.2753379377481036,False,False,0.04122417793056065
F47,53,rest,12,0.23937499999999998,0.27184161294038633,False,False,0.03783751786909767
F47,53,rest,23,0.23937499999999998,0.2726870074964942,False,False,0.03466953353335082
F47,54,rest,0,0.16,0.19642276608891576,False,False,0.031422766088915755
F47,54,rest,6,0.16,0.1951611027010174,False,False,0.03062467321653608
F47,54,rest,12,0.16,0.18980369294283803,False,False,0.0488624334769278
F47,54,rest,23,0.16,0.19467460538030934,False,False,0.04044499021683071
F47,55,rest,0,0.25062500000000004,0.2910353058411552,False,False,0.045035305841155227
F47,55,rest,6,0.25062500000000004,0.2908808199082415,False,False,0.04677743727153172
F47,55,rest,12,0.25062500000000004,0.2843953473140386,False,False,0.04049103788649744
F47,55,rest,23,0.25062500000000004,0.2843417124806319,False,False,0.03552714513588303
F47,57,rest,0,0.26466666666666666,0.2616951327988188,False,False,0.0036951327988187788
F47,57,rest,6,0.26466666666666666,0.25601487835416015,False,False,0.0031390928859061054
F47,57,rest,12,0.26466666666666666,0.2540038706852374,False,False,0.008989410842500435
F47,57,rest,23,0.26466666666666666,0.27263820258696325,False,False,0.018304581492576924
F47,58,rest,0,0.16016666666666665,0.16218185063802257,False,False,0.00281814936197744
F47,58,rest,6,0.16016666666666665,0.15418336970915678,False,False,0.010147543039286704
F47,58,rest,12,0.16016666666666665,0.14653576563749723,False,False,0.027603594277576225
F47,58,rest,23,0.16016666666666665,0.15554373969734026,False,False,0.020727231953309777
F47,59,rest,0,0.31383333333333335,0.37761962658658305,False,False,0.08561962658658306
F47,59,rest,6,0.31383333333333335,0.3726743093275196,False,False,0.08049470003546283
F47,59,rest,12,0.31383333333333335,0.36676838909112,False,False,0.07235757697166925
F47,59,rest,23,0.31383333333333335,0.3723102711090285,False,False,0.06121275339805627
F47,60,rest,0,0.14991666666666667,0.16574502915660724,False,False,0.003254970843392768
F47,60,rest,6,0.14991666666666667,0.15675299398857576,False,False,0.028796419224276865
F47,60,rest,12,0.14991666666666667,0.1492432055008709,False,False,0.03919665633016064
F47,60,rest,23,0.14991666666666667,0.15898076862421517,False,False,0.029068925429557493
F47,61,rest,0,0.33525,0.31445481238874634,False,False,0.0005451876112536613
F47,61,rest,6,0.33525,0.31645548213078084,False,False,0.005758587793832874
F47,61,rest,12,0.33525,0.315780090022218,False,False,0.012051948332070357
F47,61,rest,23,0.33525,0.3275144159967827,False,False,0.01883114384454123
F47,62,rest,0,0.15916666666666668,0.18288085610599206,False,False,0.011880856105992044
F47,62,rest,6,0.15916666666666668,0.16948391968707127,False,False,0.007212090355690562
F47,62,rest,12,0.15916666666666668,0.15714906729926195,False,False,0.021153319770685033
F47,62,rest,23,0.15916666666666668,0.16210520502694864,False,False,0.015749933130162222
F47,63,rest,0,0.344875,0.3897415730419123,False,False,0.0637415730419123
F47,63,rest,6,0.344875,0.3840106785754758,False,False,0.06407804427460544
F47,63,rest,12,0.344875,0.3779011013926524,False,False,0.05798625501886416
F47,63,rest,23,0.344875,0.3835705347477492,False,False,0.0456981240368368
F47,64,rest,0,0.3558333333333333,0.3936393029461272,False,False,0.04963930294612717
F47,64,rest,6,0.3558333333333333,0.38687312348234404,False,False,0.053331078430958724
F47,64,rest,12,0.3558333333333333,0.3856284915990304,False,False,0.04998978083497911
F47,64,rest,23,0.3558333333333333,0.39487668733450704,False,False,0.04130435942286272
F47,65,rest,0,0.15483333333333335,0.20929911854731167,False,False,0.04029911854731166
F47,65,rest,6,0.15483333333333335,0.19862872448554647,False,False,0.038345125180249455
F47,65,rest,12,0.15483333333333335,0.19021364118080955,False,False,0.0605164124656537
F47,65,rest,23,0.15483333333333335,0.19405765083470927,False,False,0.04781226150435289
F47,66,rest,0,0.379125,0.40325817581881646,False,False,0.03925817581881641
F47,66,rest,6,0.379125,0.40049364513841185,False,False,0.040229112202999004
F47,66,rest,12,0.379125,0.3913730489558157,False,False,0.03252070633045776
F47,66,rest,23,0.379125,0.39773616500299375,False,False,0.02588403888386257
F47,67,rest,0,0.16879166666666667,0.17420213027932174,False,False,0.004202130279321731
F47,67,rest,6,0.16879166666666667,0.16903813647702431,False,False,0.010669933189781832
F47,67,rest,12,0.16879166666666667,0.15999741139742213,False,False,0.038446960275773295
F47,67,rest,23,0.16879166666666667,0.16874677967506294,False,False,0.03321544816663784
F47,68,rest,0,0.208875,0.20395889801085484,False,False,0.0039588980108548055
F47,68,rest,6,0.208875,0.2074984182602808,False,False,0.01131986903487712
F47,68,rest,12,0.208875,0.20211006559745293,False,False,0.010379696238658868
F47,68,rest,23,0.208875,0.2049277583897933,False,False,0.011166300550675124
F47,69,rest,0,0.38812500000000005,0.42514457040550696,False,False,0.056144570405506966
F47,69,rest,6,0.38812500000000005,0.43773224350365686,False,False,0.07952807615868371
F47,69,rest,12,0.38812500000000005,0.4338918639041613,False,False,0.072826781824749
F47,69,rest,23,0.38812500000000005,0.4358646611764542,False,False,0.055694543845315796
F47,70,rest,0,0.19441666666666668,0.2250138333739894,False,False,0.014013833373989398
F47,70,rest,6,0.19441666666666668,0.227507706726831,False,False,0.02126066181044637
F47,70,rest,12,0.19441666666666668,0.219052133612776,False,False,0.019691389387856844
F47,70,rest,23,0.19441666666666668,0.21631884788919373,False,False,0.023431616048602763
F47,71,rest,0,0.4000416666666667,0.42541073847546446,False,False,0.03741073847546439
F47,71,rest,6,0.4000416666666667,0.421425869866559,False,False,0.04912322182174169
F47,71,rest,12,0.4000416666666667,0.41997615300076513,False,False,0.04392817125935569
F47,71,rest,23,0.4000416666666667,0.43325705126477027,False,False,0.035962623588679396
F47,72,rest,0,0.182125,0.17886470211194952,False,False,0.0031352978880505034
F47,72,rest,6,0.182125,0.18221573568935664,False,False,0.0034829468656229264
F47,72,rest,12,0.182125,0.18433224934634712,False,False,0.0100316097567203
F47,72,rest,23,0.182125,0.19466534101617775,False,False,0.01607366840682334
F47,73,rest,0,0.4183333333333333,0.4057947998321942,False,False,0.008794799832194167
F47,73,rest,6,0.4183333333333333,0.3984842483087712,False,False,0.013873088418811599
F47,73,rest,12,0.4183333333333333,0.3991168570935259,False,False,0.01111707615092237
F47,73,rest,23,0.4183333333333333,0.4166152538060714,False,False,0.015255161291920703
F47,74,rest,0,0.2141666666666667,0.31246410332564173,False,False,0.10346410332564174
F47,74,rest,6,0.2141666666666667,0.30760679483857567,False,False,0.09993987109309975
F47,74,rest,12,0.2141666666666667,0.3062447801955696,False,False,0.09698772307107806
F47,74,rest,23,0.2141666666666667,0.3131267326824982,False,False,0.09917191285708238
F47,75,rest,0,0.194125,0.21577334130552503,False,False,0.012226658694474979
F47,75,rest,6,0.194125,0.21029223926461937,False,False,0.03114437536711688
F47,75,rest,12,0.194125,0.2091562098109459,False,False,0.03272518407688888
F47,75,rest,23,0.194125,0.21215605218176725,False,False,0.024874062785812254
F47,76,rest,0,0.20341666666666666,0.20421321051551392,False,False,0.004786789484486076
F47,76,rest,6,0.20341666666666666,0.2217853360542519,False,False,0.01800461496113074
F47,76,rest,12,0.20341666666666666,0.21802324814633983,False,False,0.01610868278114916
F47,76,rest,23,0.20341666666666666,0.21925234994799006,False,False,0.01792305779784187
F47,77,rest,0,0.25829166666666664,0.304915253129647,False,False,0.045915253129647005
F47,77,rest,6,0.25829166666666664,0.29197706685825775,False,False,0.03722121267912394
F47,77,rest,12,0.25829166666666664,0.2919211276617565,False,False,0.03979893182070626
F47,77,rest,23,0.25829166666666664,0.3032273282646259,False,False,0.04579709730614768
F47,78,rest,0,0.256375,0.2593388457511031,False,False,0.0006611542488969002
F47,78,rest,6,0.256375,0.26812806700078357,False,False,0.013993272474210902
F47,78,rest,12,0.256375,0.27483732572254227,False,False,0.02308721622642154
F47,78,rest,23,0.256375,0.293154283373293,False,False,0.04267683104176636
F47,79,rest,0,0.18629166666666666,0.2587132442514121,False,False,0.06671324425141209
F47,79,rest,6,0.18629166666666666,0.2400220745727996,False,False,0.050148927984832566
F47,79,rest,12,0.18629166666666666,0.234980241174869,False,False,0.04913764080410361
F47,79,rest,23,0.18629166666666666,0.23657758800421966,False,False,0.051538189116180924
F47,80,rest,0,0.24941666666666665,0.33251138213861703,False,False,0.07951138213861703
F47,80,rest,6,0.24941666666666665,0.33315475926149624,False,False,0.08391917409259778
F47,80,rest,12,0.24941666666666665,0.33159059514494343,False,False,0.08721573374646133
F47,80,rest,23,0.24941666666666665,0.3377537694282324,False,False,0.08867448176367594
F47,81,rest,0,0.18570833333333334,0.2393371085446837,False,False,0.05633710854468374
F47,81,rest,6,0.18570833333333334,0.21872935757584072,False,False,0.03537791647750921
F47,81,rest,12,0.18570833333333334,0.21131958387314193,False,False,0.031998212444096306
F47,81,rest,23,0.18570833333333334,0.20965438827075997,False,False,0.02602926264515296
F47,83,rest,0,0.2739166666666667,0.323959077505622,False,False,0.05595907750562196
F47,83,rest,6,0.2739166666666667,0.3196116726899923,False,False,0.054540017015162714
F47,83,rest,12,0.2739166666666667,0.31961009937254786,False,False,0.05574982273383842
F47,83,rest,23,0.2739166666666667,0.32595700709604,False,False,0.052470251746738944
F47,85,rest,0,0.19354166666666664,0.19901992541067523,False,False,0.006019925410675253
F47,85,rest,6,0.19354166666666664,0.19959547374032763,False,False,0.006798524726852031
F47,85,rest,12,0.19354166666666664,0.1988803358471027,False,False,0.010144075774144065
F47,85,rest,23,0.19354166666666664,0.20269548074384025,False,False,0.010976167107297057
F47,86,rest,0,0.318125,0.2807186494314711,False,False,0.021281350568528867
F47,86,rest,6,0.318125,0.2771678141338907,False,False,0.022981889248843777
F47,86,rest,12,0.318125,0.28107978594996896,False,False,0.019694903706834296
F47,86,rest,23,0.318125,0.29131425757571955,False,False,0.02967337754594053
F47,87,rest,0,0.19670833333333335,0.22897112264493966,False,False,0.03297112264493962
F47,87,rest,6,0.19670833333333335,0.2284596555684902,False,False,0.03309154604634298
F47,87,rest,12,0.19670833333333335,0.22293125596508642,False,False,0.0318139801076968
F47,87,rest,23,0.19670833333333335,0.22534780525039685,False,False,0.02969549945450971
F47,88,rest,0,0.19945833333333332,0.23346635641015967,False,False,0.03346635641015963
F47,88,rest,6,0.19945833333333332,0.22444452508257023,False,False,0.025774266664297933
F47,88,rest,12,0.19945833333333332,0.22633995547499325,False,False,0.03329599083513726
F47,88,rest,23,0.19945833333333332,0.23360098785203953,False,False,0.03726879414045948
F47,89,rest,0,0.3682083333333333,0.38572309790467924,False,False,0.03672309790467926
F47,89,rest,6,0.3682083333333333,0.3826302874467898,False,False,0.04236659878662821
F47,89,rest,12,0.3682083333333333,0.3833503113176531,False,False,0.04103514763875888
F47,89,rest,23,0.3682083333333333,0.3853440963316419,False,False,0.03153692234042106
F47,90,rest,0,0.20099999999999998,0.2080011383795066,False,False,0.003998861620493399
F47,90,rest,6,0.20099999999999998,0.20532305247587837,False,False,0.007657870792993577
F47,90,rest,12,0.20099999999999998,0.21885903356631178,False,False,0.028092925080985758
F47,90,rest,23,0.20099999999999998,0.22152343838708224,False,False,0.027751332165169375
F47,91,rest,0,0.36779166666666674,0.31700591102216163,False,False,0.04699408897783841
F47,91,rest,6,0.36779166666666674,0.31420184537158574,False,False,0.03650855987725354
F47,91,rest,12,0.36779166666666674,0.3237896038161211,False,False,0.030447806111260724
F47,91,rest,23,0.36779166666666674,0.338415522454147,False,False,0.03029158888557232
F47,92,rest,0,0.20695833333333336,0.2167321804869924,False,False,0.015732180486992403
F47,92,rest,6,0.20695833333333336,0.2223366277332877,False,False,0.020763999945535818
F47,92,rest,12,0.20695833333333336,0.22151470738656925,False,False,0.022745946765833358
F47,92,rest,23,0.20695833333333336,0.22548015365039956,False,False,0.01965194190834503
F47,93,rest,0,0.44687499999999997,0.3428838474576202,False,False,0.08911615254237981
F47,93,rest,6,0.44687499999999997,0.3496769266589529,False,False,0.06752500616704392
F47,93,rest,12,0.44687499999999997,0.36202945434718753,False,False,0.06262179185188264
F47,93,rest,23,0.44687499999999997,0.37892790989899755,False,False,0.06936497221388042
F47,95,rest,0,0.6083333333333334,0.5618329678753897,False,False,0.017167032124610238
F47,95,rest,6,0.6083333333333334,0.5590073031492463,False,False,0.020316458198961166
F47,95,rest,12,0.6083333333333334,0.5648641474606488,False,False,0.0210169372037864
F47,95,rest,23,0.6083333333333334,0.5826553034691562,False,False,0.028007450132790997
F47,96,rest,0,0.2085,0.23437647398903874,False,False,0.020376473989038746
F47,96,rest,6,0.2085,0.23781096380172434,False,False,0.02522009767363054
F47,96,rest,12,0.2085,0.2401781896617105,False,False,0.03634429634975256
F47,96,rest,23,0.2085,0.24462691300168674,False,False,0.03772316544465764
F47,97,rest,0,0.6187083333333333,0.589811739408067,False,False,0.017188260591933013
F47,97,rest,6,0.6187083333333333,0.5741974413561274,False,False,0.016161107047805944
F47,97,rest,12,0.6187083333333333,0.575761185397502,False,False,0.016421696461465407
F47,97,rest,23,0.6187083333333333,0.5938993849822356,False,False,0.028408426142185726
F47,98,rest,0,0.218,0.2550411963065831,False,False,0.04204119630658312
F47,98,rest,6,0.218,0.2481644031432045,False,False,0.032856932931914155
F47,98,rest,12,0.218,0.2519618574566422,False,False,0.04205454845524435
F47,98,rest,23,0.218,0.26034039106037715,False,False,0.04441330951478299
F47,99,rest,0,0.6459583333333333,0.5572482995154027,False,False,0.07875170048459734
F47,99,rest,6,0.6459583333333333,0.5535018888404423,False,False,0.060995087952124064
F47,99,rest,12,0.6459583333333333,0.5536507734790409,False,False,0.06603983423925737
F47,99,rest,23,0.6459583333333333,0.5676951568095259,False,False,0.08057914727761617
F47,100,rest,0,0.22024999999999997,0.289072409689757,False,False,0.066072409689757
F47,100,rest,6,0.22024999999999997,0.2789223238749205,False,False,0.056467057281876995
F47,100,rest,12,0.22024999999999997,0.27363055505870165,False,False,0.056417619790321415
F47,100,rest,23,0.22024999999999997,0.27253495230422503,False,False,0.05281010724654054
F47,101,rest,0,0.6589166666666667,0.6289261020944685,False,False,0.011073897905531482
F47,101,rest,6,0.6589166666666667,0.6189331864850978,False,False,0.016164493767972646
F47,101,rest,12,0.6589166666666667,0.612237402451397,False,False,0.027931625925572127
F47,101,rest,23,0.6589166666666667,0.6293703412778612,False,False,0.03356002075889037
F47,102,rest,0,0.21483333333333332,0.3407618692828862,False,False,0.12076186928288621
F47,102,rest,6,0.21483333333333332,0.30375853287230253,False,False,0.08703352298698738
F47,102,rest,12,0.21483333333333332,0.3013049162226238,False,False,0.08974877214957414
F47,102,rest,23,0.21483333333333332,0.29500334438666337,False,False,0.08168038880345044
F47,103,rest,0,0.6706249999999999,0.6994864075612962,False,False,0.04048640756129618
F47,103,rest,6,0.6706249999999999,0.662334564944288,False,False,0.018395835964663355
F47,103,rest,12,0.6706249999999999,0.6645513815222501,False,False,0.017960681301541794
F47,103,rest,23,0.6706249999999999,0.6840854429259319,False,False,0.02087059875353683
F47,104,rest,0,0.21458333333333335,0.30641982382030464,False,False,0.08841982382030464
F47,104,rest,6,0.21458333333333335,0.29597674967488624,False,False,0.07757222407334001
F47,104,rest,12,0.21458333333333335,0.29255792045233303,False,False,0.07950951835123524
F47,104,rest,23,0.21458333333333335,0.2996963400300271,False,False,0.08592995689073583
F47,105,rest,0,0.6841666666666667,0.4635833440349258,False,False,0.20641665596507425
F47,105,rest,6,0.6841666666666667,0.4648543297649429,False,False,0.2003970255808695
F47,105,rest,12,0.6841666666666667,0.5096737276211459,False,False,0.16582755096049911
F47,105,rest,23,0.6841666666666667,0.5618872420592136,False,False,0.13356600521995876
F47,107,rest,0,0.22895833333333335,0.3391418005997952,False,False,0.1101418005997952
F47,107,rest,6,0.22895833333333335,0.32612658111634174,False,False,0.09913811012157346
F47,107,rest,12,0.22895833333333335,0.311292578665469,False,False,0.08942103251613821
F47,107,rest,23,0.22895833333333335,0.30792897959489945,False,False,0.08063477085189567
F47,108,rest,0,0.726625,0.5144855315990176,False,False,0.1935144684009823
F47,108,rest,6,0.726625,0.4904895992164159,False,False,0.21307292203988445
F47,108,rest,12,0.726625,0.5098706848769478,False,False,0.19831332406934052
F47,108,rest,23,0.726625,0.5486618306024089,False,False,0.1800963691211159
F47,109,closed,0,0.231,0.27169898815715393,False,False,0.036698988157153944
F47,109,closed,6,0.231,0.2642335721166918,False,False,0.030091309875552658
F47,109,closed,12,0.231,0.26846836583049316,False,False,0.04134680826982416
F47,109,closed,23,0.231,0.29465130028531145,False,False,0.06995551438598903
F47,110,rest,0,0.7380416666666667,0.4323379249809883,False,False,0.2936620750190117
F47,110,rest,6,0.7380416666666667,0.4331419532414632,False,False,0.2807751056787202
F47,110,rest,12,0.7380416666666667,0.46059453495675684,False,False,0.25612878312077275
F47,110,rest,23,0.7380416666666667,0.517544784089831,False,False,0.22515875643277428
F47,111,closed,0,0.236,0.5028486450874247,False,False,0.2698486450874247
F47,111,closed,6,0.236,0.49723474222293074,False,False,0.2637306409380422
F47,111,closed,12,0.236,0.4967886829482984,False,False,0.26576852416516544
F47,111,closed,23,0.236,0.5048104807685051,False,False,0.26902737373470287
F47,112,rest,0,0.7764166666666666,0.5530651542927219,False,False,0.18693484570727803
F47,112,rest,6,0.7764166666666666,0.5451762939911542,False,False,0.18695210878553414
F47,112,rest,12,0.7764166666666666,0.5531955967467554,False,False,0.18361525711002896
F47,112,rest,23,0.7764166666666666,0.5806000698451887,False,False,0.19736586097144046
F47,113,rest,0,0.2504166666666667,0.30400403558333067,False,False,0.061004035583330674
F47,113,rest,6,0.2504166666666667,0.30669497350028013,False,False,0.06403930480031968
F47,113,rest,12,0.2504166666666667,0.30393278516697375,False,False,0.06308059417483186
F47,113,rest,23,0.2504166666666667,0.30930843511274714,False,False,0.05920037639056406
F47,114,rest,0,0.7670833333333335,1.075066692854702,True,True,0.3010666928547019
F47,114,rest,6,0.7670833333333335,1.0112661384543256,True,True,0.25258720102227467
F47,114,rest,12,0.7670833333333335,0.9365235436641691,True,False,0.25675603001832215
F47,114,rest,23,0.7670833333333335,0.9298435858266513,True,False,0.20467830232027895
F47,116,rest,0,0.819,0.857649874767645,False,False,0.08064987476764496
F47,116,rest,6,0.819,0.8542438271750036,False,False,0.08892202163386781
F47,116,rest,12,0.819,0.8307348939235227,False,False,0.07101676993027181
F47,116,rest,23,0.819,0.8431091640622089,False,False,0.08365883084002328
F47,117,rest,0,0.9079166666666666,0.9013017752558458,True,False,0.11630177525584573
F47,117,rest,6,0.9079166666666666,0.9158716475855346,True,False,0.14033548382460512
F47,117,rest,12,0.9079166666666666,0.8836138991175807,False,False,0.11171829691217441
F47,117,rest,23,0.9079166666666666,0.8799606698756662,False,False,0.18589868462521447
F47,118,rest,0,0.285625,0.4059017853046451,False,False,0.11890178530464512
F47,118,rest,6,0.285625,0.3931832078503777,False,False,0.10756604251495813
F47,118,rest,12,0.285625,0.39249844586484534,False,False,0.11228722088795759
F47,118,rest,23,0.285625,0.39612931856988753,False,False,0.11101645397638021
F47,119,rest,0,0.921875,0.5933244631503807,False,False,0.2496755368496193
F47,119,rest,6,0.921875,0.5713930625824987,False,False,0.2436651253191689
F47,119,rest,12,0.921875,0.5792649878060868,False,False,0.2380976479889195
F47,119,rest,23,0.921875,0.5932502515298824,False,False,0.3582364142907596
F47,120,closed,0,0.40495833333333336,0.5736707860190049,False,False,0.18767078601900494
F47,120,closed,6,0.40495833333333336,0.5762759733650205,False,False,0.20248963421469635
F47,120,closed,12,0.40495833333333336,0.5695755776818845,False,False,0.18797679096325878
F47,120,closed,23,0.40495833333333336,0.5859736577210808,False,False,0.18404752596947924
F47,121,rest,0,0.5975416666666666,0.5988415093017493,False,False,0.0008415093017493103
F47,121,rest,6,0.5975416666666666,0.6275074261050573,False,False,0.05296824806145417
F47,121,rest,12,0.5975416666666666,0.6275023643631312,False,False,0.049185756896623585
F47,121,rest,23,0.5975416666666666,0.6449475800114434,False,False,0.05178171510343716
F47,122,rest,0,0.5997916666666666,0.5066596892596998,False,False,0.08734031074030013
F47,122,rest,6,0.5997916666666666,0.5291465091780819,False,False,0.06482546341506781
F47,122,rest,12,0.5997916666666666,0.543327998020919,False,False,0.05535736114022608
F47,122,rest,23,0.5997916666666666,0.5718108424607239,False,False,0.04129559621203007
F47,123,closed,0,0.44,0.6073594068439016,False,False,0.19235940684390157
F47,123,closed,6,0.44,0.6015757083115295,False,False,0.18918256568189254
F47,123,closed,12,0.44,0.6073002467049349,False,False,0.1822794368355708
F47,123,closed,23,0.44,0.6287430670689088,False,False,0.18973922717494413
F47,124,closed,0,0.47941666666666666,0.6184946376078139,False,False,0.16349463760781385
F47,124,closed,6,0.47941666666666666,0.6146274777848714,False,False,0.16755428472784445
F47,124,closed,12,0.47941666666666666,0.6234369006262794,False,False,0.16685146004170193
F47,124,closed,23,0.47941666666666666,0.6439139960789483,False,False,0.1653664233576255
F47,125,rest,0,0.671625,0.5986022533635958,False,False,0.06639774663640419
F47,125,rest,6,0.671625,0.5876426136571363,False,False,0.07248551623956809
F47,125,rest,12,0.671625,0.5928967405053063,False,False,0.06692580414967103
F47,125,rest,23,0.671625,0.6154691277264029,False,False,0.05848970947732451
F47,126,closed,0,0.496875,0.5801941523709174,False,False,0.08219415237091743
F47,126,closed,6,0.496875,0.599063660921351,False,False,0.10763247134113078
F47,126,closed,12,0.496875,0.610198851489023,False,False,0.11727669323872375
F47,126,closed,23,0.496875,0.6357021964798188,False,False,0.14329586472606246
F47,127,rest,0,0.688125,0.6774181842435533,False,False,0.02241818424355324
F47,127,rest,6,0.688125,0.6660950948215201,False,False,0.022691493457383805
F47,127,rest,12,0.688125,0.6654823649743269,False,False,0.018939333603741195
F47,127,rest,23,0.688125,0.6784349158092868,False,False,0.031470427188937194
F47,128,closed,0,0.48029166666666673,0.6878265755142787,False,False,0.2268265755142787
F47,128,closed,6,0.48029166666666673,0.6859553650879006,False,False,0.2338694389541448
F47,128,closed,12,0.48029166666666673,0.6676613902375609,False,False,0.20967997868972407
F47,128,closed,23,0.48029166666666673,0.6787385772316245,False,False,0.201213799075071
F47,129,rest,0,0.71075,0.6342476908605255,False,False,0.0677523091394745
F47,129,rest,6,0.71075,0.6409722953968467,False,False,0.04697485007766978
F47,129,rest,12,0.71075,0.6443234611320866,False,False,0.04322284488560279
F47,129,rest,23,0.71075,0.6673754156974737,False,False,0.04527931154025919
F47,130,closed,0,0.4907916666666667,1.1344707778601133,True,True,0.6694707778601132
F47,130,closed,6,0.4907916666666667,1.1147074548854548,True,True,0.6604112497961865
F47,130,closed,12,0.4907916666666667,1.0852102810808237,True,True,0.6243576245273813
F47,130,closed,23,0.4907916666666667,1.055960824157223,True,True,0.5706829653291872
F47,131,rest,0,0.70275,0.6303078565661808,False,False,0.08069214343381914
F47,131,rest,6,0.70275,0.6145289287326708,False,False,0.08267132136133658
F47,131,rest,12,0.70275,0.6212322891472402,False,False,0.07561768348630507
F47,131,rest,23,0.70275,0.6398871320786391,False,False,0.06534516737528043
F47,133,rest,0,0.46658333333333335,0.4877853614752059,False,False,0.03178536147520589
F47,133,rest,6,0.46658333333333335,0.45455580655836497,False,False,0.01247760428012864
F47,133,rest,12,0.46658333333333335,0.45127544774182665,False,False,0.009668044368331949
F47,133,rest,23,0.46658333333333335,0.4586122781944561,False,False,0.016522002739192892
F47,135,rest,0,0.49066666666666664,0.4776850821631537,False,False,0.0053149178368462335
F47,135,rest,6,0.49066666666666664,0.4532301881682036,False,False,0.0214732131271417
F47,135,rest,12,0.49066666666666664,0.4458028684774925,False,False,0.030028733701592075
F47,135,rest,23,0.49066666666666664,0.44974866398693925,False,False,0.0446850103468598
F47,137,rest,0,0.511375,0.425729297643076,False,False,0.07727070235692401
F47,137,rest,6,0.511375,0.4255710037692727,False,False,0.07488167042005915
F47,137,rest,12,0.511375,0.4238667660729098,False,False,0.08085330633821076
F47,137,rest,23,0.511375,0.4311291214478144,False,False,0.08096941152712019
F47,140,rest,0,0.4033333333333333,0.4593321690756171,False,False,0.05733216907561711
F47,140,rest,6,0.4033333333333333,0.4576449407121335,False,False,0.05595418269023762
F47,140,rest,12,0.4033333333333333,0.4537432589467309,False,False,0.054034633504716
F47,140,rest,23,0.4033333333333333,0.45850785422984236,False,False,0.05571472031992402
F47,144,rest,0,0.409875,0.43461387539033963,False,False,0.03061387539033955
F47,144,rest,6,0.409875,0.4343073163837538,False,False,0.03218212087430938
F47,144,rest,12,0.409875,0.4304516723602378,False,False,0.03664236315454389
F47,144,rest,23,0.409875,0.4382355705666339,False,False,0.031137281809744226
F47,146,rest,0,0.6999999999999998,0.8168784120905275,False,False,0.10987841209052751
F47,146,rest,6,0.6999999999999998,0.8248082799271715,False,False,0.12260977897301073
F47,146,rest,12,0.6999999999999998,0.8239556885495836,False,False,0.12105348627622271
F47,146,rest,23,0.6999999999999998,0.8346631135753944,False,False,0.13612719351735592
F47,148,rest,0,0.4057083333333333,0.45398211788878223,False,False,0.04598211788878226
F47,148,rest,6,0.4057083333333333,0.4369431198544424,False,False,0.028872801870439297
F47,148,rest,12,0.4057083333333333,0.431598405816588,False,False,0.029975327051117204
F47,148,rest,23,0.4057083333333333,0.4296549911473848,False,False,0.030004286490936654
F47,149,closed,0,0.6973333333333334,0.7687519883240755,False,False,0.08575198832407538
F47,149,closed,6,0.6973333333333334,0.7601841420953502,False,False,0.08833501128414231
F47,149,closed,12,0.6973333333333334,0.7583026055364382,False,False,0.08190625766154819
F47,149,closed,23,0.6973333333333334,0.7690688312579886,False,False,0.0730560639465117
F47,150,rest,0,0.4267916666666667,0.6841883984769198,False,False,0.27318839847691984
F47,150,rest,6,0.4267916666666667,0.6265642848710199,False,False,0.2166937335224064
F47,150,rest,12,0.4267916666666667,0.5925766121615226,False,False,0.18764067958355415
F47,150,rest,23,0.4267916666666667,0.5657935034068798,False,False,0.1505193681426851
F47,152,rest,0,0.4427083333333333,0.7567090494521885,False,False,0.33470904945218855
F47,152,rest,6,0.4427083333333333,0.7139111109099773,False,False,0.28972789840286267
F47,152,rest,12,0.4427083333333333,0.7414160802560631,False,False,0.3127528700772753
F47,152,rest,23,0.4427083333333333,0.7374255901965396,False,False,0.29685799397909424
F47,153,rest,0,0.8378333333333332,0.7784159697555108,False,False,0.0405840302444892
F47,153,rest,6,0.8378333333333332,0.7614727590876859,False,False,0.042842867716065706
F47,153,rest,12,0.8378333333333332,0.762236511076787,False,False,0.045181774141412605
F47,153,rest,23,0.8378333333333332,0.7945666827583623,False,False,0.0443102354256074
F47,155,rest,0,0.41566666666666663,0.48532664047084967,False,False,0.05732664047084968
F47,155,rest,6,0.41566666666666663,0.49975295317886903,False,False,0.07162016828162716
F47,155,rest,12,0.41566666666666663,0.5015636844721624,False,False,0.08299263881366624
F47,155,rest,23,0.41566666666666663,0.5051340764054604,False,False,0.09158007728631914
F47,156,rest,0,0.83225,0.7415299165573251,False,False,0.0744700834426748
F47,156,rest,6,0.83225,0.729887593369603,False,False,0.07404338379559562
F47,156,rest,12,0.83225,0.7264514676197111,False,False,0.08044821417432138
F47,156,rest,23,0.83225,0.7532273016633605,False,False,0.08008313555893296
F47,158,rest,0,0.410125,0.477053995815324,False,False,0.055053995815324
F47,158,rest,6,0.410125,0.4479068478949569,False,False,0.031966818180304855
F47,158,rest,12,0.410125,0.44379407206741567,False,False,0.03591603739889858
F47,158,rest,23,0.410125,0.44999516340886186,False,False,0.04185085746978389
F47,159,rest,0,0.721,0.7415731849852966,False,False,0.02442681501470345
F47,159,rest,6,0.721,0.7342399465853985,False,False,0.01824837530341284
F47,159,rest,12,0.721,0.7341808391045361,False,False,0.01950081961326709
F47,159,rest,23,0.721,0.7737665862449111,False,False,0.08566834216253642
F47,160,closed,0,0.6937083333333334,0.7024494940496281,False,False,0.002550505950371873
F47,160,closed,6,0.6937083333333334,0.7255045526278672,False,False,0.03163272273372982
F47,160,closed,12,0.6937083333333334,0.7291546335219189,False,False,0.043240587574008005
F47,160,closed,23,0.6937083333333334,0.7521109279666723,False,False,0.06453196755665
F47,161,closed,0,0.646,1.1744122667356798,True,True,0.5114122667356797
F47,161,closed,6,0.646,1.1600648977349401,True,True,0.5040165271381682
F47,161,closed,12,0.646,1.137366418298086,True,True,0.4935249021493443
F47,161,closed,23,0.646,1.1354842132245515,True,True,0.48996877010951784
F47,163,rest,0,0.56975,0.755060929011568,False,False,0.182060929011568
F47,163,rest,6,0.56975,0.7339610977892399,False,False,0.1626396144603154
F47,163,rest,12,0.56975,0.7333244739626822,False,False,0.17151724037683955
F47,163,rest,23,0.56975,0.7438494261240859,False,False,0.17489566342240628
F47,165,rest,0,0.487875,0.4515368639437949,False,False,0.05146313605620512
F47,165,rest,6,0.487875,0.44656787635915196,False,False,0.05300842870482845
F47,165,rest,12,0.487875,0.4413392071537967,False,False,0.05052474111046087
F47,165,rest,23,0.487875,0.44535333610347333,False,False,0.04375461186925292
F47,166,rest,0,0.6535,0.6666350931287246,False,False,0.07363509312872463
F47,166,rest,6,0.6535,0.6568134118249729,False,False,0.07036468454598117
F47,166,rest,12,0.6535,0.6647661438118647,False,False,0.06470914688768413
F47,166,rest,23,0.6535,0.726620920130805,False,False,0.07474671531447995
F47,167,rest,0,0.459625,0.453220453641854,False,False,0.005220453641853973
F47,167,rest,6,0.459625,0.4329184801156901,False,False,0.016265228867745896
F47,167,rest,12,0.459625,0.42424996183973174,False,False,0.014805076424513794
F47,167,rest,23,0.459625,0.42969675835333215,False,False,0.039800976542611874
F47,168,closed,0,0.7826249999999999,0.6784187794012032,False,False,0.0745812205987968
F47,168,closed,6,0.7826249999999999,0.6856683557069243,False,False,0.051148766082309956
F47,168,closed,12,0.7826249999999999,0.6838819589546467,False,False,0.06272667963693014
F47,168,closed,23,0.7826249999999999,0.7192388294688407,False,False,0.06531447943090957
F47,169,rest,0,0.4135416666666667,0.4492747145406009,False,False,0.05927471454060096
F47,169,rest,6,0.4135416666666667,0.4378978272061671,False,False,0.04554140536533439
F47,169,rest,12,0.4135416666666667,0.43062474486295854,False,False,0.03662784770189176
F47,169,rest,23,0.4135416666666667,0.43480464242990374,False,False,0.030411005705098724
F47,170,rest,0,0.7702083333333333,0.7547583164601099,False,False,0.13775831646010994
F47,170,rest,6,0.7702083333333333,0.7501291911003299,False,False,0.13950569700494744
F47,170,rest,12,0.7702083333333333,0.7457241631917998,False,False,0.12198922827882136
F47,170,rest,23,0.7702083333333333,0.7518788127511447,False,False,0.11116692843538847
F47,171,rest,0,0.8664999999999999,0.8329906059431645,False,False,0.009990605943164588
F47,171,rest,6,0.8664999999999999,0.8103659144323309,False,False,0.005764066126279775
F47,171,rest,12,0.8664999999999999,0.8118450034389433,False,False,0.009101536440932392
F47,171,rest,23,0.8664999999999999,0.8889469682428262,False,False,0.04209359733451022
F47,173,closed,0,0.9253333333333332,0.8382380297709892,False,False,0.04376197022901085
F47,173,closed,6,0.9253333333333332,0.8144089088158967,False,False,0.06180572904868699
F47,173,closed,12,0.9253333333333332,0.8082918306081033,False,False,0.10033313797207606
F47,173,closed,23,0.9253333333333332,0.8253303209608552,False,False,0.10461452680834711
F47,175,rest,0,0.40491666666666665,0.46885931089552507,False,False,0.06785931089552505
F47,175,rest,6,0.40491666666666665,0.4552427433416117,False,False,0.05476149306330205
F47,175,rest,12,0.40491666666666665,0.44927775812483517,False,False,0.0583222751419014
F47,175,rest,23,0.40491666666666665,0.46661608912541314,False,False,0.06259992387003518
F47,176,closed,0,0.9803333333333333,0.8720131262542324,False,False,0.08498687374576752
F47,176,closed,6,0.9803333333333333,0.8526744959601656,False,False,0.09427528444049968
F47,176,closed,12,0.9803333333333333,0.8508551058205758,False,False,0.11250636867686566
F47,176,closed,23,0.9803333333333333,0.8872377820562857,False,False,0.09701457686270716
F47,178,rest,0,0.3057916666666667,0.7663640996297948,False,False,0.4383640996297948
F47,178,rest,6,0.3057916666666667,0.7660057077226858,False,False,0.44576390296173074
F47,178,rest,12,0.3057916666666667,0.750048841934231,False,False,0.4361891959201681
F47,178,rest,23,0.3057916666666667,0.7569301543297642,False,False,0.45332270154108856
F47,179,rest,0,0.248,0.2563015496746464,False,False,0.01669845032535361
F47,179,rest,6,0.248,0.248616320699603,False,False,0.020022150572307586
F47,179,rest,12,0.248,0.23120178967415678,False,False,0.028249147057753363
F47,179,rest,23,0.248,0.2294663855211669,False,False,0.02393976383742442
F47,180,rest,0,0.20129166666666667,0.2537520415870262,False,False,0.0447520415870262
F47,180,rest,6,0.20129166666666667,0.24739326730850672,False,False,0.04018691006496957
F47,180,rest,12,0.20129166666666667,0.23342578934783625,False,False,0.031924370084536614
F47,180,rest,23,0.20129166666666667,0.23340283619422367,False,False,0.03401575464655709
F47,191,rest,0,0.29050000000000004,0.4849427358582055,False,False,0.2109427358582055
F47,191,rest,6,0.29050000000000004,0.4767522831028366,False,False,0.20237721708206963
F47,191,rest,12,0.29050000000000004,0.45830286918919805,False,False,0.18342396905766445
F47,191,rest,23,0.29050000000000004,0.44939414025173946,False,False,0.16186347037764265
F47,192,rest,0,0.14441666666666667,0.16094559988485113,False,False,0.006054400115148878
F47,192,rest,6,0.14441666666666667,0.15942567458240406,False,False,0.019953976889633684
F47,192,rest,12,0.14441666666666667,0.1498047557922663,False,False,0.04099062683674046
F47,192,rest,23,0.14441666666666667,0.15557335461252683,False,False,0.030549677824233217
F47,193,rest,0,0.381,0.3479430931130301,False,False,0.02905690688696988
F47,193,rest,6,0.381,0.34518163347488257,False,False,0.019261638564094016
F47,193,rest,12,0.381,0.34373591757328625,False,False,0.021480295834261833
F47,193,rest,23,0.381,0.34663347546451506,False,False,0.040243142530787736
F47,194,rest,0,0.253375,0.25152741876926826,False,False,0.005527418769268266
F47,194,rest,6,0.253375,0.25263422612209246,False,False,0.006188098555609953
F47,194,rest,12,0.253375,0.2476204806395423,False,False,0.005399084035674409
F47,194,rest,23,0.253375,0.2500867330787924,False,False,0.008015928577705231
F47,195,rest,0,0.19183333333333333,0.21173039666336882,False,False,0.02173039666336879
F47,195,rest,6,0.19183333333333333,0.19663355104069888,False,False,0.00981744537856062
F47,195,rest,12,0.19183333333333333,0.19410087756759592,False,False,0.008638147701836938
F47,195,rest,23,0.19183333333333333,0.2001773269715248,False,False,0.010459965105041366
F47,196,rest,0,0.18425000000000002,0.30628471472497937,False,False,0.1252847147249794
F47,196,rest,6,0.18425000000000002,0.2724233411718273,False,False,0.09699751839004786
F47,196,rest,12,0.18425000000000002,0.2558791874827671,False,False,0.0814493045475429
F47,196,rest,23,0.18425000000000002,0.24593962449868909,False,False,0.06663414660772951
F47,209,rest,0,0.6549583333333334,0.47650056880575464,False,False,0.16949943119424538
F47,209,rest,6,0.6549583333333334,0.46494549944940766,False,False,0.1706511355158835
F47,209,rest,12,0.6549583333333334,0.4636516969536159,False,False,0.17611824655612396
F47,209,rest,23,0.6549583333333334,0.4654860562459507,False,False,0.19026442276332936
F47,210,closed,0,0.51825,0.5898340211492532,False,False,0.09383402114925321
F47,210,closed,6,0.51825,0.5253701715952941,False,False,0.05425960481121971
F47,210,closed,12,0.51825,0.5189336257389058,False,False,0.040198712435080594
F47,210,closed,23,0.51825,0.5261221913042082,False,False,0.03043551082964448
F47,212,closed,0,0.521125,0.37602412927252815,False,False,0.14997587072747187
F47,212,closed,6,0.521125,0.37816326609207396,False,False,0.13241734148591652
F47,212,closed,12,0.521125,0.38267650877676523,False,False,0.13013559820210407
F47,212,closed,23,0.521125,0.3888382293164476,False,False,0.13303338991755093
F47,214,closed,0,0.5314583333333333,0.36583386355686426,False,False,0.13216613644313574
F47,214,closed,6,0.5314583333333333,0.40118124708782643,False,False,0.09546325252661775
F47,214,closed,12,0.5314583333333333,0.3968904392752982,False,False,0.11145705719622549
F47,214,closed,23,0.5314583333333333,0.4007596047504973,False,False,0.1357202579127601
F47,215,rest,0,0.70525,0.6112894749786751,False,False,0.09771052502132482
F47,215,rest,6,0.70525,0.6140924045153302,False,False,0.08207719176775986
F47,215,rest,12,0.70525,0.6202532298174871,False,False,0.07793952125911952
F47,215,rest,23,0.70525,0.640990862748715,False,False,0.06655508222267358
F47,216,closed,0,0.5559583333333333,0.8986739515643629,False,False,0.3676739515643629
F47,216,closed,6,0.5559583333333333,0.8735013204839793,False,False,0.34972610569039886
F47,216,closed,12,0.5559583333333333,0.8602099663690116,False,False,0.3249869347592569
F47,216,closed,23,0.5559583333333333,0.8606797470986626,False,False,0.3065969119761684
F47,230,rest,0,0.460875,0.46507952875338615,False,False,0.010079528753386136
F47,230,rest,6,0.460875,0.42894721391680896,False,False,0.018070231099020017
F47,230,rest,12,0.460875,0.4223630225359773,False,False,0.0268001008303501
F47,230,rest,23,0.460875,0.42603827315597326,False,False,0.03977274546376705
F47,239,rest,0,0.433875,0.75818294196167,False,False,0.32318294196167
F47,239,rest,6,0.433875,0.7320458093231264,False,False,0.3398715478760794
F47,239,rest,12,0.433875,0.6602855986707413,False,False,0.2730919834577533
F47,239,rest,23,0.433875,0.6269005545732768,False,False,0.2230148627061301
F47,240,rest,0,0.4725833333333333,0.48707218675771397,False,False,0.009072186757713985
F47,240,rest,6,0.4725833333333333,0.4735327473277026,False,False,0.011945215391567903
F47,240,rest,12,0.4725833333333333,0.467759363008445,False,False,0.013691571097814362
F47,240,rest,23,0.4725833333333333,0.4652362020007465,False,False,0.01537792580355179
F47,241,rest,0,0.65225,0.9585050482914274,True,False,0.3755050482914274
F47,241,rest,6,0.65225,0.974482990184587,True,False,0.39270822877591777
F47,241,rest,12,0.65225,0.9161500580414567,True,False,0.3230177578061314
F47,241,rest,23,0.65225,0.9239828945461107,True,False,0.28639467495007076
F47,242,closed,0,0.7242083333333333,0.9363772413179259,True,False,0.20037724131792578
F47,242,closed,6,0.7242083333333333,0.8864093118250966,False,False,0.16298646978785636
F47,242,closed,12,0.7242083333333333,0.8527348098570239,False,False,0.13921786592313593
F47,242,closed,23,0.7242083333333333,0.828933501950217,False,False,0.1172531457509688
F47,243,rest,0,0.44900000000000007,0.5303903910371811,False,False,0.12239039103718113
F47,243,rest,6,0.44900000000000007,0.5065864879366867,False,False,0.09885639172459056
F47,243,rest,12,0.44900000000000007,0.48753101719498193,False,False,0.0849487426868823
F47,243,rest,23,0.44900000000000007,0.4749458740512349,False,False,0.07034781709022724
