row_id,farm,day,hour,sub_ec,season,raw_et,raw_lgb,raw_mlp,raw_pfn,raw_mix,prediction,context,seed,clip_lo,clip_hi
F13_098_00,F13,98,0,0.381,98.0,0.42487333333333455,0.4809290124270541,0.4937934971338847,0.37615226954221725,0.43409609666164783,0.43409609666164783,trainfold0_purged,7,0.063,3.232
F13_098_01,F13,98,1,0.376,98.0,0.42136166666666675,0.43711144082719783,0.4378629178550382,0.37578386813402176,0.41734615285373494,0.42153363880571315,trainfold0_purged,7,0.063,3.232
F13_098_02,F13,98,2,0.372,98.0,0.42150000000000076,0.44359220087384527,0.4675973565725265,0.3725704103708267,0.42070399880969067,0.4223763741256909,trainfold0_purged,7,0.063,3.232
F13_098_03,F13,98,3,0.369,98.0,0.4232766666666675,0.4622797917691673,0.5137240926035792,0.36875947564840317,0.4289697725625675,0.4271243888922389,trainfold0_purged,7,0.063,3.232
F13_098_04,F13,98,4,0.367,98.0,0.42588833333333237,0.49897380597225055,0.5715055873035033,0.37348033487796783,0.44459662739321354,0.4368695785246922,trainfold0_purged,7,0.063,3.232
F13_098_05,F13,98,5,0.365,98.0,0.4305749999999992,0.5168561309136249,0.5524719009396959,0.37613914906978607,0.4501470533084025,0.44139516845330595,trainfold0_purged,7,0.063,3.232
F13_098_06,F13,98,6,0.364,98.0,0.43718333333333326,0.5506520276646214,0.6227963864902607,0.3825322240591049,0.46833464237055095,0.45303834575383317,trainfold0_purged,7,0.063,3.232
F13_098_07,F13,98,7,0.364,98.0,0.4293149999999999,0.532962665455143,0.5192382750673084,0.37719646096229553,0.45096059390707804,0.4451774805702194,trainfold0_purged,7,0.063,3.232
F13_098_08,F13,98,8,0.369,98.0,0.4396783333333325,0.5305637410746878,0.6339978114044424,0.38440992683172226,0.46598270813662457,0.454165667735174,trainfold0_purged,7,0.063,3.232
F13_098_09,F13,98,9,0.381,98.0,0.45303666666666675,0.4766725245712669,0.6609587269334889,0.39639537781476974,0.46401477961473714,0.45426501108828093,trainfold0_purged,7,0.063,3.232
F13_098_10,F13,98,10,0.397,98.0,0.4573283333333338,0.5324336316075207,0.5458494932619073,0.4039631560444832,0.47176226225565443,0.45937725330391366,trainfold0_purged,7,0.063,3.232
F13_098_11,F13,98,11,0.408,98.0,0.4623116666666671,0.40462034109373624,0.4738811882334777,0.40967516601085663,0.43886401012334647,0.4425894508115586,trainfold0_purged,7,0.063,3.232
F13_098_12,F13,98,12,0.415,98.0,0.46058833333333393,0.41815723555034917,0.4033610449052245,0.4033143073320389,0.43437188159090984,0.43988404001038406,trainfold0_purged,7,0.063,3.232
F13_098_13,F13,98,13,0.424,98.0,0.46078499999999933,0.41559640316807683,0.4402338650794972,0.40843768417835236,0.4378261828023684,0.4413408329151316,trainfold0_purged,7,0.063,3.232
F13_098_14,F13,98,14,0.432,98.0,0.4678883333333322,0.4306897543953657,0.4864863398498835,0.4131998270750046,0.4495108136578788,0.4473383260305529,trainfold0_purged,7,0.063,3.232
F13_098_15,F13,98,15,0.442,98.0,0.4704516666666658,0.5312999342241872,0.4937663612718244,0.4169083833694458,0.4762117697894397,0.4616589894521525,trainfold0_purged,7,0.063,3.232
F13_098_16,F13,98,16,0.448,98.0,0.4692849999999997,0.5420059565823261,0.4909989239951428,0.41873492300510406,0.4783651281003904,0.4636550485777904,trainfold0_purged,7,0.063,3.232
F13_098_17,F13,98,17,0.446,98.0,0.4692216666666658,0.48849047518588384,0.52452482170496,0.41890688240528107,0.46820747626206477,0.459111292303263,trainfold0_purged,7,0.063,3.232
F13_098_18,F13,98,18,0.436,98.0,0.4643333333333323,0.42348183571939557,0.3981507044202081,0.41039207577705383,0.4384461120816819,0.44392616294299836,trainfold0_purged,7,0.063,3.232
F13_098_19,F13,98,19,0.425,98.0,0.4620600000000002,0.39699971962963626,0.3997918824390992,0.40446432679891586,0.4299449486660239,0.4391890496067121,trainfold0_purged,7,0.063,3.232
F13_098_20,F13,98,20,0.413,98.0,0.4511233333333324,0.4029925893670774,0.36104979280204236,0.39401331543922424,0.42094406796010636,0.43403410728738917,trainfold0_purged,7,0.063,3.232
F13_098_21,F13,98,21,0.404,98.0,0.4504949999999989,0.4470730651142069,0.35549602942287434,0.39195721596479416,0.4303662611741979,0.4383643428616969,trainfold0_purged,7,0.063,3.232
F13_098_22,F13,98,22,0.397,98.0,0.44752666666666574,0.40189306168480415,0.4009474741332064,0.3878122419118881,0.4209053811173867,0.4330804888456433,trainfold0_purged,7,0.063,3.232
F13_098_23,F13,98,23,0.39,98.0,0.44696333333333277,0.4004151854091384,0.44124948157346766,0.3853145092725754,0.4230049048785855,0.433666694649257,trainfold0_purged,7,0.063,3.232
F13_112_00,F13,112,0,0.365,112.0,0.6929333333333357,0.6620472243724558,0.6172654364120117,0.7514972537755966,0.6911800195174708,0.6911800195174708,trainfold0_purged,7,0.063,3.232
F13_112_01,F13,112,1,0.365,112.0,0.6886833333333335,0.6435345846728644,0.5373689698917625,0.7431171387434006,0.6766292456615087,0.6802669391254992,trainfold0_purged,7,0.063,3.232
F13_112_02,F13,112,2,0.364,112.0,0.6868666666666666,0.5960728598517298,0.587436661027346,0.73908931016922,0.6675662812804468,0.673012398383461,trainfold0_purged,7,0.063,3.232
F13_112_03,F13,112,3,0.364,112.0,0.6854966666666675,0.6334935196474296,0.5528242613298935,0.7342325448989868,0.6721492946015724,0.674515252433411,trainfold0_purged,7,0.063,3.232
F13_112_04,F13,112,4,0.364,112.0,0.6804966666666689,0.6344757138169244,0.45891195047997246,0.729421854019165,0.6615098981582938,0.6676584230010761,trainfold0_purged,7,0.063,3.232
F13_112_05,F13,112,5,0.363,112.0,0.6703750000000016,0.5626184892730886,0.35669046686835576,0.718793973326683,0.6291024694403471,0.6477293354418101,trainfold0_purged,7,0.063,3.232
F13_112_06,F13,112,6,0.363,112.0,0.670263333333335,0.6260310550999875,0.3680594652527604,0.7170619517564774,0.6448310007955141,0.6540560867874109,trainfold0_purged,7,0.063,3.232
F13_112_07,F13,112,7,0.363,112.0,0.6603633333333355,0.6485346300753434,0.34836450424942544,0.7193157821893692,0.6443550279959113,0.6526352163386472,trainfold0_purged,7,0.063,3.232
F13_112_08,F13,112,8,0.366,112.0,0.6726216666666676,0.633593944883725,0.5511248459392142,0.7238652855157852,0.6637839915503886,0.6625090640530529,trainfold0_purged,7,0.063,3.232
F13_112_09,F13,112,9,0.38,112.0,0.6850949999999992,0.7508777305878809,0.6972683496777523,0.7400646358728409,0.7128506504898794,0.6896232192195064,trainfold0_purged,7,0.063,3.232
F13_112_10,F13,112,10,0.403,112.0,0.6985533333333317,0.6839472215187108,0.7432591888604927,0.7559405565261841,0.710101779578566,0.6902354197470058,trainfold0_purged,7,0.063,3.232
F13_112_11,F13,112,11,0.419,112.0,0.7025033333333323,0.6322513641215428,0.5299252249224984,0.7683090567588806,0.6849977567347457,0.678292937359233,trainfold0_purged,7,0.063,3.232
F13_112_12,F13,112,12,0.427,112.0,0.709654999999999,0.70050445726935,0.7682919961600543,0.7849272340536118,0.7272042762481703,0.7015352801261165,trainfold0_purged,7,0.063,3.232
F13_112_13,F13,112,13,0.426,112.0,0.7169733333333319,0.6693516564906072,0.7036328859156732,0.8026320338249207,0.7216086351959832,0.7003711149997344,trainfold0_purged,7,0.063,3.232
F13_112_14,F13,112,14,0.427,112.0,0.7249066666666654,0.6045141093781741,0.6291676290567858,0.8198804557323456,0.7073480877217732,0.6941813243599056,trainfold0_purged,7,0.063,3.232
F13_112_15,F13,112,15,0.435,112.0,0.7347366666666655,0.7022967902643829,0.7235926745114588,0.8466270714998245,0.7484376579243329,0.7168330812401322,trainfold0_purged,7,0.063,3.232
F13_112_16,F13,112,16,0.441,112.0,0.7441433333333319,0.8386613124869989,0.6798005914392022,0.8756651431322098,0.7879845909384572,0.7396287855819745,trainfold0_purged,7,0.063,3.232
F13_112_17,F13,112,17,0.441,112.0,0.7481566666666658,0.7587748316637983,0.46820794923650383,0.8925478905439377,0.757187373647019,0.7260611323090757,trainfold0_purged,7,0.063,3.232
F13_112_18,F13,112,18,0.434,112.0,0.7391816666666667,0.691153621879692,0.39356706582595075,0.8758092075586319,0.7273312760289287,0.7119856199489198,trainfold0_purged,7,0.063,3.232
F13_112_19,F13,112,19,0.425,112.0,0.7362583333333331,0.6487118061024428,0.40665395433265905,0.850327342748642,0.7116926183609272,0.7045426074772195,trainfold0_purged,7,0.063,3.232
F13_112_20,F13,112,20,0.415,112.0,0.7279049999999996,0.6434710535016475,0.3409094421088476,0.8306468725204468,0.6972295827131924,0.6973072083704874,trainfold0_purged,7,0.063,3.232
F13_112_21,F13,112,21,0.404,112.0,0.7200733333333328,0.5694286757255229,0.392568364189376,0.7895782440900803,0.6716192001272914,0.6839164344888893,trainfold0_purged,7,0.063,3.232
F13_112_22,F13,112,22,0.394,112.0,0.7062483333333325,0.5316155964241948,0.3092879552020707,0.7730457782745361,0.6459391352128792,0.6699834773873874,trainfold0_purged,7,0.063,3.232
F13_112_23,F13,112,23,0.364,112.0,0.6988233333333324,0.5435128450427689,0.37327730535275994,0.7614161372184753,0.6480236946821799,0.6700673378537103,trainfold0_purged,7,0.063,3.232
F47_160_00,F47,160,0,0.705,160.0,0.6956099999999997,0.7070789555657981,0.8111528825938156,0.6850808709859848,0.7055001541404937,0.7055001541404937,trainfold0_purged,7,0.063,3.232
F47_160_01,F47,160,1,0.7,160.0,0.6912733333333326,0.7355411187542286,0.8007815691481983,0.7003425359725952,0.7124721012273895,0.7107291144556656,trainfold0_purged,7,0.063,3.232
F47_160_02,F47,160,2,0.698,160.0,0.6934666666666673,0.7015065560306118,0.823435605954826,0.6622755080461502,0.6995555235329634,0.7026990582499562,trainfold0_purged,7,0.063,3.232
F47_160_03,F47,160,3,0.696,160.0,0.6912316666666679,0.7404198329859306,0.7831221269437443,0.695143848657608,0.7111704998036452,0.7091725347398841,trainfold0_purged,7,0.063,3.232
F47_160_04,F47,160,4,0.695,160.0,0.6890333333333335,0.7493060129032959,0.8275905519387697,0.6987347155809402,0.7165236303680808,0.7127840060912976,trainfold0_purged,7,0.063,3.232
F47_160_05,F47,160,5,0.694,160.0,0.6876250000000003,0.7503557726442701,0.6550049607758772,0.6892661452293396,0.700399011342563,0.7040012490392095,trainfold0_purged,7,0.063,3.232
F47_160_06,F47,160,6,0.693,160.0,0.6880050000000011,0.748685649366407,0.5058043781761316,0.6786243468523026,0.6861161754724892,0.6953250231567892,trainfold0_purged,7,0.063,3.232
F47_160_07,F47,160,7,0.691,160.0,0.6882166666666658,0.7631787643554101,0.8897175916590081,0.6606878489255905,0.7168218805631368,0.711445876309741,trainfold0_purged,7,0.063,3.232
F47_160_08,F47,160,8,0.692,160.0,0.6967433333333323,0.6475656185109517,1.2133693074409453,0.6552877873182297,0.7179796505015494,0.7126864156370142,trainfold0_purged,7,0.063,3.232
F47_160_09,F47,160,9,0.686,160.0,0.721488333333335,0.7757603695585356,1.3714476889015634,0.6643059402704239,0.7750738918602592,0.7446175718707582,trainfold0_purged,7,0.063,3.232
F47_160_10,F47,160,10,0.678,160.0,0.7143683333333358,0.8218724613360167,1.326627848356873,0.670034721493721,0.7802833628879393,0.7502278578849019,trainfold0_purged,7,0.063,3.232
F47_160_11,F47,160,11,0.672,160.0,0.7069683333333326,0.7475578087068837,1.0833963321226492,0.682578518986702,0.741946084456804,0.7319664574849567,trainfold0_purged,7,0.063,3.232
F47_160_12,F47,160,12,0.678,160.0,0.712861666666666,0.7515216042664814,1.2083673320634836,0.6916934996843338,0.7575468715259007,0.7411345449046125,trainfold0_purged,7,0.063,3.232
F47_160_13,F47,160,13,0.691,160.0,0.7478316666666676,0.9079196647520752,0.9783382518329623,0.7025799751281738,0.7956429747127702,0.7627154806562417,trainfold0_purged,7,0.063,3.232
F47_160_14,F47,160,14,0.712,160.0,0.7698483333333354,0.9280516220447242,1.3522232851395197,0.721569687128067,0.8447513895275097,0.7911018014945379,trainfold0_purged,7,0.063,3.232
F47_160_15,F47,160,15,0.706,160.0,0.7712216666666656,0.7835872406950393,1.0396346711177011,0.7344681173563004,0.7883117349274852,0.7644713342403358,trainfold0_purged,7,0.063,3.232
F47_160_16,F47,160,16,0.713,160.0,0.7776250000000007,0.7933346791464151,1.088513070189981,0.7438331544399261,0.7995079994983237,0.7718011449359061,trainfold0_purged,7,0.063,3.232
F47_160_17,F47,160,17,0.718,160.0,0.7863416666666674,0.7330221620757149,1.4363216709434368,0.7484159022569656,0.81795823302504,0.7830780378840296,trainfold0_purged,7,0.063,3.232
F47_160_18,F47,160,18,0.711,160.0,0.779190000000002,0.7277709189977754,1.2631044436615704,0.7443204075098038,0.7985886575543535,0.7747193242226688,trainfold0_purged,7,0.063,3.232
F47_160_19,F47,160,19,0.701,160.0,0.772868333333334,0.6637678774506706,1.1612375271934832,0.7339686155319214,0.7699738158700242,0.7608899990049801,trainfold0_purged,7,0.063,3.232
F47_160_20,F47,160,20,0.692,160.0,0.767520000000003,0.6979173793107708,1.422189900339272,0.728718176484108,0.7954285983585498,0.774656019206829,trainfold0_purged,7,0.063,3.232
F47_160_21,F47,160,21,0.683,160.0,0.7547000000000001,0.6669782752218075,1.1296540376164566,0.7188403904438019,0.7564711871513108,0.755236126037214,trainfold0_purged,7,0.063,3.232
F47_160_22,F47,160,22,0.675,160.0,0.7511633333333348,0.6623449329894214,1.061327241110041,0.7121648639440536,0.746860335995076,0.7502754672215306,trainfold0_purged,7,0.063,3.232
F47_160_23,F47,160,23,0.669,160.0,0.7533250000000019,0.7150000204455651,1.0782564516433326,0.7050298005342484,0.7604624811452527,0.7572176206861453,trainfold0_purged,7,0.063,3.232
F47_161_00,F47,161,0,0.663,161.0,1.3229500000000025,0.6164870534968763,1.1153318586186702,1.334003746509552,1.1390001908306555,1.1390001908306555,trainfold0_purged,7,0.063,3.232
F47_161_01,F47,161,1,0.66,161.0,1.3188383333333327,0.6243190926459347,1.2872741493626396,1.296539306640625,1.1451687755121602,1.143626629341784,trainfold0_purged,7,0.063,3.232
F47_161_02,F47,161,2,0.657,161.0,1.4174449999999996,0.6198185612109747,1.109930257173218,1.1830312013626099,1.154530715537013,1.1503819714151446,trainfold0_purged,7,0.063,3.232
F47_161_03,F47,161,3,0.655,161.0,1.4713433333333314,0.6554748678533419,1.032704186270185,1.1188019216060638,1.1699354875076289,1.1610471399272466,trainfold0_purged,7,0.063,3.232
F47_161_04,F47,161,4,0.653,161.0,1.4535066666666654,0.6116235987540056,1.1626425364670676,1.0580532550811768,1.1490949176345615,1.1503204675194827,trainfold0_purged,7,0.063,3.232
F47_161_05,F47,161,5,0.652,161.0,1.4483716666666677,0.7006330903440255,0.7356212028939528,1.145604744553566,1.151340986824796,1.1514264162329657,trainfold0_purged,7,0.063,3.232
F47_161_06,F47,161,6,0.653,161.0,1.4440749999999996,0.6850416545264654,0.9487736088779208,1.021471232175827,1.1377621322317506,1.1436548665500585,trainfold0_purged,7,0.063,3.232
F47_161_07,F47,161,7,0.654,161.0,1.3812999999999995,0.784668251299575,0.9107394737008503,0.9901222586631775,1.1222279899406014,1.1341803197214986,trainfold0_purged,7,0.063,3.232
F47_161_08,F47,161,8,0.653,161.0,1.3560383333333323,0.7264145849730345,0.7158082485716014,1.0030357837677002,1.0831097170327961,1.111119909241507,trainfold0_purged,7,0.063,3.232
F47_161_09,F47,161,9,0.634,161.0,1.3424216666666633,0.8350560050451631,1.2613087754448546,1.024910107254982,1.1506625646974222,1.1454729562361803,trainfold0_purged,7,0.063,3.232
F47_161_10,F47,161,10,0.616,161.0,1.3058516666666646,0.7062181164488505,1.0439053263874678,1.0584873110055923,1.091511036259839,1.1136802687667025,trainfold0_purged,7,0.063,3.232
F47_161_11,F47,161,11,0.607,161.0,1.305059999999998,0.6436805706167141,0.8896162733843572,1.0661409348249435,1.0653096257837478,1.0976404020499144,trainfold0_purged,7,0.063,3.232
F47_161_12,F47,161,12,0.616,161.0,1.3004600000000013,0.7500569648709074,0.9230174911529555,1.022735595703125,1.08262299000188,1.1044759999930496,trainfold0_purged,7,0.063,3.232
F47_161_13,F47,161,13,0.635,161.0,1.2923716666666678,0.8911650018019153,1.007360036310486,0.9842549413442612,1.1116577916061512,1.1184694287102541,trainfold0_purged,7,0.063,3.232
F47_161_14,F47,161,14,0.657,161.0,1.3025016666666682,0.8824192419393696,1.2901074983006973,1.0498059689998627,1.1501512117294777,1.138545143635755,trainfold0_purged,7,0.063,3.232
F47_161_15,F47,161,15,0.665,161.0,1.3362283333333367,0.7680801742125997,0.8609179487209894,1.1586220264434814,1.126326682997401,1.126613742002697,trainfold0_purged,7,0.063,3.232
F47_161_16,F47,161,16,0.664,161.0,1.3781783333333355,0.7766879072394123,0.7891268513528555,1.2074255049228668,1.152545946830262,1.1404776429138999,trainfold0_purged,7,0.063,3.232
F47_161_17,F47,161,17,0.66,161.0,1.3980383333333355,0.8287081012926129,1.0565087919959484,1.2953980267047882,1.2135486530108617,1.1733439769490142,trainfold0_purged,7,0.063,3.232
F47_161_18,F47,161,18,0.654,161.0,1.417823333333335,0.8489961942505837,1.07789623732362,1.2821266055107117,1.226971306708173,1.182524567108749,trainfold0_purged,7,0.063,3.232
F47_161_19,F47,161,19,0.649,161.0,1.4235000000000029,0.8124777808744542,1.1982901306093887,1.3462768197059631,1.2433932417998141,1.193368420011832,trainfold0_purged,7,0.063,3.232
F47_161_20,F47,161,20,0.645,161.0,1.4216383333333333,0.8024478614874321,1.1449839675640912,1.2418902516365051,1.214950654489412,1.1808520562677156,trainfold0_purged,7,0.063,3.232
F47_161_21,F47,161,21,0.639,161.0,1.442263333333334,0.8273068706834856,1.0003325855040768,1.288664162158966,1.228599488236156,1.1895366101908635,trainfold0_purged,7,0.063,3.232
F47_161_22,F47,161,22,0.633,161.0,1.4352516666666675,0.811640129953878,0.9766526836085806,1.2472678422927856,1.2113002143361746,1.1822092880711033,trainfold0_purged,7,0.063,3.232
F47_161_23,F47,161,23,0.63,161.0,1.428923333333334,0.8034549273258462,1.1430584473535554,1.1715953946113586,1.2044761372687596,1.1798672031928694,trainfold0_purged,7,0.063,3.232
F13_098_00,F13,98,0,0.381,98.0,0.4352850000000014,0.49237422748927295,0.3879810656222812,0.37615226954221725,0.4333755537556521,0.4333755537556521,trainfold0_purged,101,0.063,3.232
F13_098_01,F13,98,1,0.376,98.0,0.4321533333333334,0.4600331565280011,0.39442780004251077,0.37578386813402176,0.42455255519692553,0.42675830483660715,trainfold0_purged,101,0.063,3.232
F13_098_02,F13,98,2,0.372,98.0,0.431845000000001,0.45250798273404935,0.409187134320517,0.3725704103708267,0.42313656867597904,0.42507906394274897,trainfold0_purged,101,0.063,3.232
F13_098_03,F13,98,3,0.369,98.0,0.4310166666666673,0.46927663200925596,0.43192133806928856,0.36875947564840317,0.4278199938574455,0.42752058086447303,trainfold0_purged,101,0.063,3.232
F13_098_04,F13,98,4,0.367,98.0,0.4343099999999995,0.5077231544361956,0.5513104207352232,0.37348033487796783,0.4491232576990981,0.44036242176805906,trainfold0_purged,101,0.063,3.232
F13_098_05,F13,98,5,0.365,98.0,0.4344616666666665,0.5325104992408422,0.5351328929855729,0.37613914906978607,0.4543825810706051,0.444890499723278,trainfold0_purged,101,0.063,3.232
F13_098_06,F13,98,6,0.364,98.0,0.43683166666666684,0.5593116427972069,0.5851856784263142,0.3825322240591049,0.4672352933572559,0.453590918365268,trainfold0_purged,101,0.063,3.232
F13_098_07,F13,98,7,0.364,98.0,0.43824333333333365,0.5592052431525795,0.44652032072349823,0.37719646096229553,0.4557269762069582,0.448823036842224,trainfold0_purged,101,0.063,3.232
F13_098_08,F13,98,8,0.369,98.0,0.44547166666666566,0.538272322927703,0.4704480342306092,0.38440992683172226,0.45752958560744145,0.4505915908830186,trainfold0_purged,101,0.063,3.232
F13_098_09,F13,98,9,0.381,98.0,0.45519833333333387,0.493580724551467,0.5145763591123215,0.39639537781476974,0.45739975818429207,0.4512139852727287,trainfold0_purged,101,0.063,3.232
F13_098_10,F13,98,10,0.397,98.0,0.45951500000000095,0.5541464448563561,0.4972298615191846,0.4039631560444832,0.47413336689595725,0.46090375119832455,trainfold0_purged,101,0.063,3.232
F13_098_11,F13,98,11,0.408,98.0,0.4645283333333344,0.4131308197439169,0.43548470609387213,0.40967516601085663,0.43889880642822166,0.44292083225310386,trainfold0_purged,101,0.063,3.232
F13_098_12,F13,98,12,0.415,98.0,0.467498333333334,0.405258935142438,0.4392778175399984,0.4033143073320389,0.4374664313037931,0.44184016673803594,trainfold0_purged,101,0.063,3.232
F13_098_13,F13,98,13,0.424,98.0,0.47124666666666626,0.4223800419545501,0.4707437864695282,0.40843768417835236,0.44691664982232454,0.44659037412766045,trainfold0_purged,101,0.063,3.232
F13_098_14,F13,98,14,0.432,98.0,0.48031999999999914,0.41885527311081244,0.3926553390977009,0.4131998270750046,0.4451312580894115,0.4456599169164178,trainfold0_purged,101,0.063,3.232
F13_098_15,F13,98,15,0.442,98.0,0.4814466666666657,0.5247483630793794,0.4794461204900673,0.4169083833694458,0.47877137345214515,0.4634981870261822,trainfold0_purged,101,0.063,3.232
F13_098_16,F13,98,16,0.448,98.0,0.4818799999999995,0.529279072507517,0.4664757799784912,0.41873492300510406,0.47939442440110397,0.4647264602595111,trainfold0_purged,101,0.063,3.232
F13_098_17,F13,98,17,0.446,98.0,0.48257499999999975,0.511006736343812,0.4196519534364085,0.41890688240528107,0.47163114947848367,0.4614440631693278,trainfold0_purged,101,0.063,3.232
F13_098_18,F13,98,18,0.436,98.0,0.4799849999999992,0.43582799750115186,0.5044121384232976,0.41039207577705383,0.4574229056295506,0.454502202528266,trainfold0_purged,101,0.063,3.232
F13_098_19,F13,98,19,0.425,98.0,0.47713500000000003,0.4024384552396163,0.4111688354091302,0.40446432679891586,0.43939640145002157,0.4451843229890774,trainfold0_purged,101,0.063,3.232
F13_098_20,F13,98,20,0.413,98.0,0.4615399999999994,0.41443677338782403,0.4094593677318189,0.39401331543922424,0.43256343811946785,0.4413295364093085,trainfold0_purged,101,0.063,3.232
F13_098_21,F13,98,21,0.404,98.0,0.461484999999999,0.46546729496688505,0.3996031917014976,0.39195721596479416,0.44358464932113056,0.4466921650697304,trainfold0_purged,101,0.063,3.232
F13_098_22,F13,98,22,0.397,98.0,0.4622633333333327,0.4065213889717396,0.39380844130921133,0.3878122419118881,0.4285186570403317,0.43869653797763536,trainfold0_purged,101,0.063,3.232
F13_098_23,F13,98,23,0.39,98.0,0.4606816666666664,0.4053566888826825,0.37467665262526983,0.3853145092725754,0.4254498393963803,0.43667411708235637,trainfold0_purged,101,0.063,3.232
F13_112_00,F13,112,0,0.365,112.0,0.691011666666668,0.6274707911578461,0.5474374877059981,0.7514972537755966,0.6763730396494829,0.6763730396494829,trainfold0_purged,101,0.063,3.232
F13_112_01,F13,112,1,0.365,112.0,0.6877299999999984,0.6182509444023873,0.5128930220294929,0.7431171387434006,0.6681454961676117,0.6702023820380795,trainfold0_purged,101,0.063,3.232
F13_112_02,F13,112,2,0.364,112.0,0.6864616666666659,0.611001488613541,0.542660059049359,0.73908931016922,0.6673726240250422,0.6690015053195439,trainfold0_purged,101,0.063,3.232
F13_112_03,F13,112,3,0.364,112.0,0.6841133333333337,0.623518258204006,0.48466043795732894,0.7342325448989868,0.6636381259853453,0.6662602237211079,trainfold0_purged,101,0.063,3.232
F13_112_04,F13,112,4,0.364,112.0,0.6802933333333351,0.6238117214534115,0.41360868828205666,0.729421854019165,0.6552286790152171,0.6606901359918784,trainfold0_purged,101,0.063,3.232
F13_112_05,F13,112,5,0.363,112.0,0.6706150000000022,0.5714034588364054,0.34611569120784913,0.718793973326683,0.630480080082703,0.6453432104518017,trainfold0_purged,101,0.063,3.232
F13_112_06,F13,112,6,0.363,112.0,0.6696733333333353,0.625585614960514,0.3834669531795204,0.7170619517564774,0.6456734941961815,0.6519018570353468,trainfold0_purged,101,0.063,3.232
F13_112_07,F13,112,7,0.363,112.0,0.653046666666668,0.6488467428093291,0.29168828426000104,0.7193157821893692,0.6363838374529136,0.6458978797623629,trainfold0_purged,101,0.063,3.232
F13_112_08,F13,112,8,0.366,112.0,0.662671666666667,0.6188609562954382,0.5626074640593046,0.7238652855157852,0.6563906837388067,0.6559556785534758,trainfold0_purged,101,0.063,3.232
F13_112_09,F13,112,9,0.38,112.0,0.6755183333333319,0.7262143182294237,0.57307982568731,0.7400646358728409,0.692399549604614,0.675804055298203,trainfold0_purged,101,0.063,3.232
F13_112_10,F13,112,10,0.403,112.0,0.6907399999999987,0.6543382583655425,0.662852110944577,0.7559405565261841,0.6928126621885325,0.6775380707354686,trainfold0_purged,101,0.063,3.232
F13_112_11,F13,112,11,0.419,112.0,0.6951499999999983,0.6517785531732196,0.4879878831930775,0.7683090567588806,0.6827996947687942,0.6733872626708657,trainfold0_purged,101,0.063,3.232
F13_112_12,F13,112,12,0.427,112.0,0.7013233333333321,0.6887115425004748,0.6897040333582114,0.7849272340536118,0.7140877396794927,0.6909587047072363,trainfold0_purged,101,0.063,3.232
F13_112_13,F13,112,13,0.426,112.0,0.7133833333333315,0.7003836174970317,0.5596623705144834,0.8026320338249207,0.7158154646054296,0.693536345558435,trainfold0_purged,101,0.063,3.232
F13_112_14,F13,112,14,0.427,112.0,0.7182499999999982,0.5965018954171893,0.5737053881351893,0.8198804557323456,0.697792977097409,0.685409626823957,trainfold0_purged,101,0.063,3.232
F13_112_15,F13,112,15,0.435,112.0,0.7285499999999995,0.6782161945293594,0.6203133875498803,0.8466270714998245,0.7314263719910014,0.7040513272532687,trainfold0_purged,101,0.063,3.232
F13_112_16,F13,112,16,0.441,112.0,0.7370549999999997,0.795179932117594,0.5922179157134593,0.8756651431322098,0.7671400455917411,0.7245688629676446,trainfold0_purged,101,0.063,3.232
F13_112_17,F13,112,17,0.441,112.0,0.7431766666666665,0.7477302075523974,0.3767758744781746,0.8925478905439377,0.7448316978796168,0.7151600784875843,trainfold0_purged,101,0.063,3.232
F13_112_18,F13,112,18,0.434,112.0,0.7353816666666665,0.6741498330118151,0.35587880680055695,0.8758092075586319,0.7184113059786066,0.702816273244528,trainfold0_purged,101,0.063,3.232
F13_112_19,F13,112,19,0.425,112.0,0.7284316666666669,0.6101439199311003,0.3717928158092966,0.850327342748642,0.6958906345979363,0.6917726724063801,trainfold0_purged,101,0.063,3.232
F13_112_20,F13,112,20,0.415,112.0,0.7164533333333333,0.6068462770562574,0.3981357996702326,0.8306468725204468,0.6875209449712099,0.6875846427062642,trainfold0_purged,101,0.063,3.232
F13_112_21,F13,112,21,0.404,112.0,0.7066566666666658,0.581449793927972,0.5078002691442945,0.7895782440900803,0.6772828208922725,0.6822300006770445,trainfold0_purged,101,0.063,3.232
F13_112_22,F13,112,22,0.394,112.0,0.6913333333333326,0.5344651086169963,0.4147811825363086,0.7730457782745361,0.6479032763258907,0.6666864478691595,trainfold0_purged,101,0.063,3.232
F13_112_23,F13,112,23,0.364,112.0,0.6892183333333322,0.5352707056032857,0.4679111077378685,0.7614161372184753,0.6490058854075125,0.666478091284868,trainfold0_purged,101,0.063,3.232
F47_160_00,F47,160,0,0.705,160.0,0.7024483333333332,0.7056101508813506,0.7989711906616369,0.6850808709859848,0.707455505661652,0.707455505661652,trainfold0_purged,101,0.063,3.232
F47_160_01,F47,160,1,0.7,160.0,0.7008433333333324,0.7350187607372155,1.3249010396514298,0.7003425359725952,0.7588698929435648,0.7460162961230865,trainfold0_purged,101,0.063,3.232
F47_160_02,F47,160,2,0.698,160.0,0.699028333333335,0.7119403272559127,1.02930539121547,0.6622755080461502,0.7211988114478876,0.7251867740661279,trainfold0_purged,101,0.063,3.232
F47_160_03,F47,160,3,0.696,160.0,0.6973883333333353,0.7260526129106212,1.1641628120081877,0.695143848657608,0.7411608217907266,0.7366660398758422,trainfold0_purged,101,0.063,3.232
F47_160_04,F47,160,4,0.695,160.0,0.6966750000000013,0.7495972594912167,1.304035875303444,0.6987347155809402,0.7583771554183563,0.7478947964353968,trainfold0_purged,101,0.063,3.232
F47_160_05,F47,160,5,0.694,160.0,0.6965300000000013,0.7199594536327595,1.1586285517439088,0.6892661452293396,0.7376681820572436,0.737561621805241,trainfold0_purged,101,0.063,3.232
F47_160_06,F47,160,6,0.693,160.0,0.6946333333333347,0.7288240714876715,0.9646593715328164,0.6786243468523026,0.7212393962501276,0.728188967094318,trainfold0_purged,101,0.063,3.232
F47_160_07,F47,160,7,0.691,160.0,0.6853083333333324,0.7396022842337424,0.6746379510065641,0.6606878489255905,0.692561154081741,0.7111887595190767,trainfold0_purged,101,0.063,3.232
F47_160_08,F47,160,8,0.692,160.0,0.6975083333333324,0.6607793385518331,1.4887667237638245,0.6552877873182297,0.7435499366171914,0.7374461269901785,trainfold0_purged,101,0.063,3.232
F47_160_09,F47,160,9,0.686,160.0,0.7187316666666677,0.7395802204552048,1.0195999633315942,0.6643059402704239,0.736919638029862,0.7344098437298486,trainfold0_purged,101,0.063,3.232
F47_160_10,F47,160,10,0.678,160.0,0.7140133333333365,0.7832673454259845,1.3500780716037772,0.670034721493721,0.7727237529292843,0.7541675240658984,trainfold0_purged,101,0.063,3.232
F47_160_11,F47,160,11,0.672,160.0,0.7086566666666665,0.7496033600588392,1.1241214135414939,0.682578518986702,0.7465054232947812,0.7415122812524914,trainfold0_purged,101,0.063,3.232
F47_160_12,F47,160,12,0.678,160.0,0.7184549999999992,0.7679969432317377,1.046929615126735,0.6916934996843338,0.7512707355226222,0.7444623064553512,trainfold0_purged,101,0.063,3.232
F47_160_13,F47,160,13,0.691,160.0,0.7427783333333335,0.8932491697362086,0.6266429174014437,0.7025799751281738,0.7615608291544405,0.7504611729772017,trainfold0_purged,101,0.063,3.232
F47_160_14,F47,160,14,0.712,160.0,0.7730650000000009,0.9332395319995873,1.256629684238471,0.721569687128067,0.8398929998445924,0.7929783077570987,trainfold0_purged,101,0.063,3.232
F47_160_15,F47,160,15,0.706,160.0,0.7708866666666664,0.8144912019913801,0.8431808033772248,0.7344681173563004,0.7798515762193692,0.7640134697116672,trainfold0_purged,101,0.063,3.232
F47_160_16,F47,160,16,0.713,160.0,0.7764750000000002,0.8070952906854644,1.0986658011633452,0.7438331544399261,0.8030707647455645,0.7772376346083413,trainfold0_purged,101,0.063,3.232
F47_160_17,F47,160,17,0.718,160.0,0.7766083333333337,0.7678901937398396,1.4517380547757726,0.7484159022569656,0.8228878713310167,0.7891318369805089,trainfold0_purged,101,0.063,3.232
F47_160_18,F47,160,18,0.711,160.0,0.7770116666666679,0.7784723632940574,1.3425783028292932,0.7443204075098038,0.8160693129188786,0.7873197554136209,trainfold0_purged,101,0.063,3.232
F47_160_19,F47,160,19,0.701,160.0,0.7740499999999998,0.697751596833349,1.288140391559232,0.7339686155319214,0.7888493376711265,0.774466746283814,trainfold0_purged,101,0.063,3.232
F47_160_20,F47,160,20,0.692,160.0,0.7667583333333358,0.7400158852601499,1.3633481194285946,0.728718176484108,0.8004592973135463,0.7812330390197153,trainfold0_purged,101,0.063,3.232
F47_160_21,F47,160,21,0.683,160.0,0.7562099999999998,0.708771295471886,1.4215516109619426,0.7188403904438019,0.7905781178789684,0.7769417978740873,trainfold0_purged,101,0.063,3.232
F47_160_22,F47,160,22,0.675,160.0,0.752535000000002,0.6860920158258532,1.3357143711571913,0.7121648639440536,0.7751690062795918,0.7694951448659293,trainfold0_purged,101,0.063,3.232
F47_160_23,F47,160,23,0.669,160.0,0.7493983333333355,0.758408620742614,1.4450375753539373,0.7050298005342484,0.798338235113393,0.7817988624424366,trainfold0_purged,101,0.063,3.232
F47_161_00,F47,161,0,0.663,161.0,1.287921666666667,0.6550464285763872,2.0606175478465762,1.334003746509552,1.2070636959879697,1.2070636959879697,trainfold0_purged,101,0.063,3.232
F47_161_01,F47,161,1,0.66,161.0,1.281971666666665,0.6490309460011489,1.3823561741709054,1.296539306640625,1.1410101823020722,1.1575235607235466,trainfold0_purged,101,0.063,3.232
F47_161_02,F47,161,2,0.657,161.0,1.3692516666666663,0.6145744519828822,1.2460965359550282,1.1830312013626099,1.1410326316248158,1.1520340674648841,trainfold0_purged,101,0.063,3.232
F47_161_03,F47,161,3,0.655,161.0,1.4511149999999962,0.6622848898817562,1.0250347885782756,1.1188019216060638,1.1612467409790945,1.1619175268512913,trainfold0_purged,101,0.063,3.232
F47_161_04,F47,161,4,0.653,161.0,1.442423333333332,0.621404257754798,1.2853153716342882,1.0580532550811768,1.1559361026081294,1.1585969866542727,trainfold0_purged,101,0.063,3.232
F47_161_05,F47,161,5,0.652,161.0,1.4362249999999994,0.6721874310368661,0.8111319341442843,1.145604744553566,1.1447244870911035,1.151613396928317,trainfold0_purged,101,0.063,3.232
F47_161_06,F47,161,6,0.653,161.0,1.4374216666666648,0.6875554212639836,0.9508156437046352,1.021471232175827,1.1353351990348914,1.1452639594908798,trainfold0_purged,101,0.063,3.232
F47_161_07,F47,161,7,0.654,161.0,1.4201633333333337,0.8226729771994123,0.765517286488116,0.9901222586631775,1.1383857491795437,1.145738798890248,trainfold0_purged,101,0.063,3.232
F47_161_08,F47,161,8,0.653,161.0,1.390261666666666,0.7392949471051343,1.1228901248408603,1.0030357837677002,1.135194754046041,1.1431490182926685,trainfold0_purged,101,0.063,3.232
F47_161_09,F47,161,9,0.634,161.0,1.332576666666664,0.858644169691634,1.222386102764575,1.024910107254982,1.1484843103981532,1.1496628478616673,trainfold0_purged,101,0.063,3.232
F47_161_10,F47,161,10,0.616,161.0,1.2804133333333303,0.7028498391469342,1.0084894029867992,1.0584873110055923,1.075658975835325,1.1098327983307144,trainfold0_purged,101,0.063,3.232
F47_161_11,F47,161,11,0.607,161.0,1.2889066666666653,0.653429310495061,0.8512906668590108,1.0661409348249435,1.0568296748325237,1.096785775079581,trainfold0_purged,101,0.063,3.232
F47_161_12,F47,161,12,0.616,161.0,1.303745000000003,0.7689709754502766,1.0314233101920298,1.022735595703125,1.0974116180640552,1.1155640444929398,trainfold0_purged,101,0.063,3.232
F47_161_13,F47,161,13,0.635,161.0,1.3003316666666682,0.8764656428968214,1.011006001155707,0.9842549413442612,1.1122424226565468,1.1222125164939971,trainfold0_purged,101,0.063,3.232
F47_161_14,F47,161,14,0.657,161.0,1.3269116666666694,0.9009451934849926,1.3707609840359136,1.0498059689998627,1.172766518959245,1.1538273615996062,trainfold0_purged,101,0.063,3.232
F47_161_15,F47,161,15,0.665,161.0,1.3486133333333354,0.7739028437961211,0.9926564014289975,1.1586220264434814,1.144207999914086,1.139839345691843,trainfold0_purged,101,0.063,3.232
F47_161_16,F47,161,16,0.664,161.0,1.3850866666666692,0.7947957995459768,1.0362128027409283,1.2074255049228668,1.1799747170948833,1.159031646212397,trainfold0_purged,101,0.063,3.232
F47_161_17,F47,161,17,0.66,161.0,1.4188950000000027,0.8164247852650196,1.1031799823781945,1.2953980267047882,1.2243455523948192,1.183613091003057,trainfold0_purged,101,0.063,3.232
F47_161_18,F47,161,18,0.654,161.0,1.466920000000001,0.8426659194085503,1.1648603464108052,1.2821266055107117,1.2559755694730592,1.202404282170118,trainfold0_purged,101,0.063,3.232
F47_161_19,F47,161,19,0.649,161.0,1.471815000000001,0.8178522331007013,1.1376380470342837,1.3462768197059631,1.263022143648104,1.2087822979771636,trainfold0_purged,101,0.063,3.232
F47_161_20,F47,161,20,0.645,161.0,1.4597750000000007,0.7850212820979837,1.1182224289721294,1.2418902516365051,1.226932952348588,1.1924612856617474,trainfold0_purged,101,0.063,3.232
F47_161_21,F47,161,21,0.639,161.0,1.474641666666666,0.8259194122035223,1.2598420964768693,1.288664162158966,1.2645688590787878,1.2137014944837539,trainfold0_purged,101,0.063,3.232
F47_161_22,F47,161,22,0.633,161.0,1.4770166666666684,0.8190659888558967,1.1354268503208227,1.2472678422927856,1.245831553809639,1.2061371336735474,trainfold0_purged,101,0.063,3.232
F47_161_23,F47,161,23,0.63,161.0,1.463571666666666,0.7947764150929848,1.1882503656535066,1.1715953946113586,1.2226398477968683,1.1957120542975663,trainfold0_purged,101,0.063,3.232
F13_098_00,F13,98,0,0.381,98.0,0.42426833333333447,0.4875825529716591,0.4743476637531735,0.37615226954221725,0.43384687972189606,0.43384687972189606,trainfold0_purged,2024,0.063,3.232
F13_098_01,F13,98,1,0.376,98.0,0.4233999999999995,0.43107501546103166,0.3886997669101684,0.37578386813402176,0.4129427586902652,0.4181687889481729,trainfold0_purged,2024,0.063,3.232
F13_098_02,F13,98,2,0.372,98.0,0.4210366666666672,0.4400354529637259,0.43131338353139215,0.3725704103708267,0.4167252614679712,0.4189484473806743,trainfold0_purged,2024,0.063,3.232
F13_098_03,F13,98,3,0.369,98.0,0.418571666666667,0.47220784475536526,0.4141902831320394,0.36875947564840317,0.42113140052153153,0.42114648781097375,trainfold0_purged,2024,0.063,3.232
F13_098_04,F13,98,4,0.367,98.0,0.4210099999999989,0.49477631910339753,0.47732440359420447,0.37348033487796783,0.43371313584794485,0.4286925115489333,trainfold0_purged,2024,0.063,3.232
F13_098_05,F13,98,5,0.365,98.0,0.42120833333333335,0.5356561821049968,0.3738777775208826,0.37613914906978607,0.435875535720827,0.43079068219128314,trainfold0_purged,2024,0.063,3.232
F13_098_06,F13,98,6,0.364,98.0,0.4313383333333336,0.5587392646953306,0.5203544916295799,0.3825322240591049,0.4592746276690669,0.44488799952306934,trainfold0_purged,2024,0.063,3.232
F13_098_07,F13,98,7,0.364,98.0,0.4297333333333333,0.5654547375239157,0.40442346579995025,0.37719646096229553,0.44977430646219485,0.4413423973624535,trainfold0_purged,2024,0.063,3.232
F13_098_08,F13,98,8,0.369,98.0,0.4366383333333324,0.5485981507928608,0.40906491773772613,0.38440992683172226,0.45085713497564867,0.44288084754767687,trainfold0_purged,2024,0.063,3.232
F13_098_09,F13,98,9,0.381,98.0,0.44815333333333335,0.5014690188584962,0.438269459583038,0.39639537781476974,0.4498067968556361,0.44310079032446714,trainfold0_purged,2024,0.063,3.232
F13_098_10,F13,98,10,0.397,98.0,0.45630666666666725,0.566095548688369,0.4557110804820148,0.4039631560444832,0.47213964933266667,0.4558919831784083,trainfold0_purged,2024,0.063,3.232
F13_098_11,F13,98,11,0.408,98.0,0.4616433333333334,0.43254762260656787,0.41851872863381023,0.40967516601085663,0.44081676091845245,0.4402793908002305,trainfold0_purged,2024,0.063,3.232
F13_098_12,F13,98,12,0.415,98.0,0.4599150000000004,0.4143592597885778,0.28353373504964385,0.4033143073320389,0.42355098261963814,0.4310237694176552,trainfold0_purged,2024,0.063,3.232
F13_098_13,F13,98,13,0.424,98.0,0.46404499999999954,0.4293992251735321,0.4187401929669857,0.40843768417835236,0.44098416631467685,0.4398292044829961,trainfold0_purged,2024,0.063,3.232
F13_098_14,F13,98,14,0.432,98.0,0.4694316666666657,0.4319183211752784,0.44999607790198115,0.4131998270750046,0.44762724872922577,0.443449179226201,trainfold0_purged,2024,0.063,3.232
F13_098_15,F13,98,15,0.442,98.0,0.4716399999999986,0.523856379086059,0.42382839696965857,0.4169083833694458,0.4694006794121154,0.4552774436204251,trainfold0_purged,2024,0.063,3.232
F13_098_16,F13,98,16,0.448,98.0,0.4734266666666663,0.5438467259726331,0.37403345246821007,0.41873492300510406,0.47143767503190936,0.4571866316421802,trainfold0_purged,2024,0.063,3.232
F13_098_17,F13,98,17,0.446,98.0,0.4717333333333328,0.5229103808090076,0.476112022177555,0.41890688240528107,0.4738008296494222,0.45922557676751913,trainfold0_purged,2024,0.063,3.232
F13_098_18,F13,98,18,0.436,98.0,0.465936666666666,0.4387409328966216,0.5987461864693037,0.41039207577705383,0.45892553396814395,0.4521635923501044,trainfold0_purged,2024,0.063,3.232
F13_098_19,F13,98,19,0.425,98.0,0.4644999999999999,0.4048100561749449,0.4826488777446347,0.40446432679891586,0.43961918906134073,0.4423658583549347,trainfold0_purged,2024,0.063,3.232
F13_098_20,F13,98,20,0.413,98.0,0.4509599999999993,0.40824670734820634,0.42409980745232645,0.39401331543922424,0.4271706574476002,0.43571440516232807,trainfold0_purged,2024,0.063,3.232
F13_098_21,F13,98,21,0.404,98.0,0.4488199999999993,0.46916008997213215,0.2710371808946387,0.39195721596479416,0.42810643925784125,0.43581521166701187,trainfold0_purged,2024,0.063,3.232
F13_098_22,F13,98,22,0.397,98.0,0.4441783333333327,0.41662880980991507,0.28875904232088606,0.3878122419118881,0.41385968612242785,0.4280469590568322,trainfold0_purged,2024,0.063,3.232
F13_098_23,F13,98,23,0.39,98.0,0.4444983333333333,0.42094355342526,0.2527824147189237,0.3853145092725754,0.41167114785409137,0.4263159590031401,trainfold0_purged,2024,0.063,3.232
F13_112_00,F13,112,0,0.365,112.0,0.6943400000000008,0.6751386266613129,0.5442319518297839,0.7514972537755966,0.6891544773002176,0.6891544773002176,trainfold0_purged,2024,0.063,3.232
F13_112_01,F13,112,1,0.365,112.0,0.6903183333333318,0.6682759286523224,0.5813890238557495,0.7431171387434006,0.6868735725336967,0.687443798725327,trainfold0_purged,2024,0.063,3.232
F13_112_02,F13,112,2,0.364,112.0,0.6892016666666656,0.610730606176046,0.5748371980424998,0.73908931016922,0.6711969833594946,0.6768026638786488,trainfold0_purged,2024,0.063,3.232
F13_112_03,F13,112,3,0.364,112.0,0.6862033333333335,0.6545738237640346,0.4977763453433002,0.7342325448989868,0.6731439343106298,0.6766180880933197,trainfold0_purged,2024,0.063,3.232
F13_112_04,F13,112,4,0.364,112.0,0.6812450000000021,0.6120981032354647,0.4935934121858,0.729421854019165,0.6592729885552095,0.6676006898835296,trainfold0_purged,2024,0.063,3.232
F13_112_05,F13,112,5,0.363,112.0,0.6719800000000019,0.5600088460775063,0.47919030419063435,0.718793973326683,0.6390465420591899,0.6544139792061314,trainfold0_purged,2024,0.063,3.232
F13_112_06,F13,112,6,0.363,112.0,0.6706733333333349,0.6020183157891856,0.49700725336435003,0.7170619517564774,0.6495805664098487,0.6582380735283735,trainfold0_purged,2024,0.063,3.232
F13_112_07,F13,112,7,0.363,112.0,0.6539600000000011,0.6429586354054554,0.36321296262919867,0.7193157821893692,0.6411310659455196,0.6524030411273727,trainfold0_purged,2024,0.063,3.232
F13_112_08,F13,112,8,0.366,112.0,0.6656133333333344,0.6122794774503544,0.5129656025818362,0.7238652855157852,0.6522517798977895,0.6573287738584279,trainfold0_purged,2024,0.063,3.232
F13_112_09,F13,112,9,0.38,112.0,0.6814549999999997,0.6981910441681999,0.7505796852333215,0.7400646358728409,0.7027235525936018,0.6845805494450607,trainfold0_purged,2024,0.063,3.232
F13_112_10,F13,112,10,0.403,112.0,0.6885349999999988,0.6533306076605294,0.6068172689163457,0.7559405565261841,0.6870296386570709,0.6776695966750022,trainfold0_purged,2024,0.063,3.232
F13_112_11,F13,112,11,0.419,112.0,0.6878783333333318,0.6530910184417995,0.4366293539417384,0.7683090567588806,0.6755156040931464,0.6722128314513822,trainfold0_purged,2024,0.063,3.232
F13_112_12,F13,112,12,0.427,112.0,0.6917166666666656,0.6537758274614908,0.6658250484068912,0.7849272340536118,0.6991816492740309,0.6852101459827634,trainfold0_purged,2024,0.063,3.232
F13_112_13,F13,112,13,0.426,112.0,0.7041633333333327,0.6706049502022083,0.5089383013378417,0.8026320338249207,0.7001850589205412,0.6867456513856273,trainfold0_purged,2024,0.063,3.232
F13_112_14,F13,112,14,0.427,112.0,0.7156666666666666,0.6069907153492159,0.35684353931468094,0.8198804557323456,0.6817213459754554,0.6777942983172425,trainfold0_purged,2024,0.063,3.232
F13_112_15,F13,112,15,0.435,112.0,0.7318666666666666,0.6517732172933036,0.4489369786187484,0.8466270714998245,0.7129619447398575,0.6946363068894694,trainfold0_purged,2024,0.063,3.232
F13_112_16,F13,112,16,0.441,112.0,0.739983333333333,0.7531630837800481,0.401501197465853,0.8756651431322098,0.7432042645309216,0.7117249254759379,trainfold0_purged,2024,0.063,3.232
F13_112_17,F13,112,17,0.441,112.0,0.745681666666667,0.7085396737655708,0.4436829706122676,0.8925478905439377,0.7419809374615062,0.7128281328034678,trainfold0_purged,2024,0.063,3.232
F13_112_18,F13,112,18,0.434,112.0,0.7355733333333337,0.6607885431310987,0.3188694638243478,0.8758092075586319,0.7123358489691382,0.6987598127894865,trainfold0_purged,2024,0.063,3.232
F13_112_19,F13,112,19,0.425,112.0,0.7300516666666668,0.6054810031010456,0.3596701656831578,0.850327342748642,0.6945793225486321,0.6901164382277034,trainfold0_purged,2024,0.063,3.232
F13_112_20,F13,112,20,0.415,112.0,0.7209600000000003,0.6161967793885792,0.42426458129925604,0.8306468725204468,0.694018568061289,0.6900352279877109,trainfold0_purged,2024,0.063,3.232
F13_112_21,F13,112,21,0.404,112.0,0.7097716666666668,0.5735952025010713,0.3762189459194122,0.7895782440900803,0.6663664130918263,0.6757617533479271,trainfold0_purged,2024,0.063,3.232
F13_112_22,F13,112,22,0.394,112.0,0.690488333333333,0.5217994901789296,0.34655883934382314,0.7730457782745361,0.639000140445356,0.6610752049995035,trainfold0_purged,2024,0.063,3.232
F13_112_23,F13,112,23,0.364,112.0,0.6859049999999997,0.5010371925073634,0.3668713510770981,0.7614161372184753,0.63111626173163,0.656049223813015,trainfold0_purged,2024,0.063,3.232
F47_160_00,F47,160,0,0.705,160.0,0.6881666666666658,0.6871096804709341,0.7783291889828081,0.6850808709859848,0.6945088326288456,0.6945088326288456,trainfold0_purged,2024,0.063,3.232
F47_160_01,F47,160,1,0.7,160.0,0.6862783333333325,0.7244155174782096,1.12049599497164,0.7003425359725952,0.7329815109870201,0.7233633413974765,trainfold0_purged,2024,0.063,3.232
F47_160_02,F47,160,2,0.698,160.0,0.6848233333333351,0.7020040996292679,0.8187131790209444,0.6622755080461502,0.6951483398419307,0.7013472838305981,trainfold0_purged,2024,0.063,3.232
F47_160_03,F47,160,3,0.696,160.0,0.6839500000000012,0.697863628860695,0.8703587712866451,0.695143848657608,0.7044407423610206,0.7056052994078624,trainfold0_purged,2024,0.063,3.232
F47_160_04,F47,160,4,0.695,160.0,0.6837433333333333,0.7159853514061766,0.9456480047256856,0.6987347155809402,0.7154320678317253,0.7119671832809169,trainfold0_purged,2024,0.063,3.232
F47_160_05,F47,160,5,0.694,160.0,0.681768333333333,0.709105149586895,1.0057310375847823,0.6892661452293396,0.7157457479535052,0.7127276441104232,trainfold0_purged,2024,0.063,3.232
F47_160_06,F47,160,6,0.693,160.0,0.6801400000000001,0.7023716191434604,1.037100844138731,0.6786243468523026,0.7137293254959896,0.7120065603979975,trainfold0_purged,2024,0.063,3.232
F47_160_07,F47,160,7,0.691,160.0,0.6851099999999986,0.7242171610716148,0.7575340278501665,0.6606878489255905,0.6954052106703182,0.7019145914458063,trainfold0_purged,2024,0.063,3.232
F47_160_08,F47,160,8,0.692,160.0,0.6950733333333319,0.638782696764095,1.2657249035407445,0.6552877873182297,0.7192585969702876,0.7144432081929573,trainfold0_purged,2024,0.063,3.232
F47_160_09,F47,160,9,0.686,160.0,0.7095500000000016,0.7414767877128977,0.7990213058076429,0.6643059402704239,0.7153213215697924,0.712759245600418,trainfold0_purged,2024,0.063,3.232
F47_160_10,F47,160,10,0.678,160.0,0.710388333333336,0.7727851293436312,1.2138137897520749,0.670034721493721,0.7575668785213829,0.7360351926621378,trainfold0_purged,2024,0.063,3.232
F47_160_11,F47,160,11,0.672,160.0,0.7049733333333337,0.7351766723245978,1.0142984565895878,0.682578518986702,0.7324891816824113,0.7242457473626318,trainfold0_purged,2024,0.063,3.232
F47_160_12,F47,160,12,0.678,160.0,0.7118983333333335,0.7530126015430898,1.0464831666867949,0.6916934996843338,0.744491577642152,0.7313426862886292,trainfold0_purged,2024,0.063,3.232
F47_160_13,F47,160,13,0.691,160.0,0.7446216666666675,0.8653332672872273,1.003326644727025,0.7025799751281738,0.7858805107527318,0.7544545355516914,trainfold0_purged,2024,0.063,3.232
F47_160_14,F47,160,14,0.712,160.0,0.768505000000001,0.872924654518365,1.4995511430763402,0.721569687128067,0.8426623459561288,0.7868332460069057,trainfold0_purged,2024,0.063,3.232
F47_160_15,F47,160,15,0.706,160.0,0.7732683333333327,0.7884648290652732,1.029671123468189,0.7344681173563004,0.7896676723243805,0.7621691443868659,trainfold0_purged,2024,0.063,3.232
F47_160_16,F47,160,16,0.713,160.0,0.7798949999999994,0.7743088507430067,1.1883942764176252,0.7438331544399261,0.8040218971797167,0.7713860003654271,trainfold0_purged,2024,0.063,3.232
F47_160_17,F47,160,17,0.718,160.0,0.7864716666666668,0.7299971646153263,1.0261139657875376,0.7484159022569656,0.7844780172220746,0.7628842802107988,trainfold0_purged,2024,0.063,3.232
F47_160_18,F47,160,18,0.711,160.0,0.7842633333333349,0.7465436891765266,0.9277696882862871,0.7443204075098038,0.7787025419672309,0.7609810688667377,trainfold0_purged,2024,0.063,3.232
F47_160_19,F47,160,19,0.701,160.0,0.7785499999999997,0.6727002047063729,1.1406338492084613,0.7339686155319214,0.7731964801725906,0.7589764600795762,trainfold0_purged,2024,0.063,3.232
F47_160_20,F47,160,20,0.692,160.0,0.7713583333333357,0.7217492018158523,1.1104807765844926,0.728718176484108,0.7780539058593867,0.7621979697294701,trainfold0_purged,2024,0.063,3.232
F47_160_21,F47,160,21,0.683,160.0,0.7584900000000004,0.665007397110591,1.2557671801714545,0.7188403904438019,0.7679064278090187,0.757614330572683,trainfold0_purged,2024,0.063,3.232
F47_160_22,F47,160,22,0.675,160.0,0.7541200000000025,0.6772832820654572,1.1490467426541386,0.7121648639440536,0.7588822998968527,0.7533535724113936,trainfold0_purged,2024,0.063,3.232
F47_160_23,F47,160,23,0.669,160.0,0.7496400000000023,0.7250627705327206,1.0942455701116984,0.7050298005342484,0.7623878706436396,0.7554097541539059,trainfold0_purged,2024,0.063,3.232
F47_161_00,F47,161,0,0.663,161.0,1.3095350000000001,0.6164487256323177,0.6010056899156583,1.334003746509552,1.0914056986469194,1.0914056986469194,trainfold0_purged,2024,0.063,3.232
F47_161_01,F47,161,1,0.66,161.0,1.3063383333333314,0.6218200566324753,1.1443906334729919,1.296539306640625,1.1271383255977576,1.118205168860048,trainfold0_purged,2024,0.063,3.232
F47_161_02,F47,161,2,0.657,161.0,1.3972166666666646,0.6169140343296629,1.18208806038278,1.1830312013626099,1.1498966533422625,1.1363551062689545,trainfold0_purged,2024,0.063,3.232
F47_161_03,F47,161,3,0.655,161.0,1.492363333333331,0.6623238589402275,0.9050088279860321,1.1188019216060638,1.1714532167057488,1.1532133451394604,trainfold0_purged,2024,0.063,3.232
F47_161_04,F47,161,4,0.653,161.0,1.5042999999999975,0.6330867006689338,0.9769882550940526,1.0580532550811768,1.1637745195843028,1.1522541011798504,trainfold0_purged,2024,0.063,3.232
F47_161_05,F47,161,5,0.652,161.0,1.4837649999999993,0.6612865390026154,0.8660031221027317,1.145604744553566,1.169317168039559,1.1574073825128255,trainfold0_purged,2024,0.063,3.232
F47_161_06,F47,161,6,0.653,161.0,1.477016666666665,0.6763490653119676,0.956663689197307,1.021471232175827,1.1521191172458216,1.1492813228487946,trainfold0_purged,2024,0.063,3.232
F47_161_07,F47,161,7,0.654,161.0,1.4359266666666666,0.7664666368319825,0.5909960065679745,0.9901222586631775,1.1185009250977491,1.1307258140651322,trainfold0_purged,2024,0.063,3.232
F47_161_08,F47,161,8,0.653,161.0,1.4217549999999988,0.7503969941929963,0.786552619559327,1.0030357837677002,1.1260690449246047,1.133572004083676,trainfold0_purged,2024,0.063,3.232
F47_161_09,F47,161,9,0.634,161.0,1.3766916666666633,0.8586128677272629,1.047627543001192,1.024910107254982,1.1556713131456333,1.1491029556893346,trainfold0_purged,2024,0.063,3.232
F47_161_10,F47,161,10,0.616,161.0,1.3301966666666651,0.6993937487492747,1.0724115665986598,1.0584873110055923,1.1038392872288365,1.121428064958018,trainfold0_purged,2024,0.063,3.232
F47_161_11,F47,161,11,0.607,161.0,1.332931666666665,0.6493703782543663,1.0764566096202792,1.0661409348249435,1.0950008065156582,1.1151748230942813,trainfold0_purged,2024,0.063,3.232
F47_161_12,F47,161,12,0.616,161.0,1.3260683333333338,0.710501333507585,1.113843693125092,1.022735595703125,1.100687734632453,1.116685167728046,trainfold0_purged,2024,0.063,3.232
F47_161_13,F47,161,13,0.635,161.0,1.3493566666666663,0.8552425416494228,1.1228004044502096,0.9842549413442612,1.1396244306207304,1.1364014382149379,trainfold0_purged,2024,0.063,3.232
F47_161_14,F47,161,14,0.657,161.0,1.3446916666666677,0.840329628355225,1.0079885058327178,1.0498059689998627,1.1377313850718445,1.135606680082585,trainfold0_purged,2024,0.063,3.232
F47_161_15,F47,161,15,0.665,161.0,1.3676366666666686,0.7490728543403322,1.0407407126200765,1.1586220264434814,1.151226747339983,1.1429088853493623,trainfold0_purged,2024,0.063,3.232
F47_161_16,F47,161,16,0.664,161.0,1.3999600000000012,0.7822379736461027,1.0510526656994734,1.2074255049228668,1.1852872279155964,1.1614301904770765,trainfold0_purged,2024,0.063,3.232
F47_161_17,F47,161,17,0.66,161.0,1.4247466666666682,0.8124568552478536,1.078883442987141,1.2953980267047882,1.2242583260394144,1.1833236610112317,trainfold0_purged,2024,0.063,3.232
F47_161_18,F47,161,18,0.654,161.0,1.4633133333333355,0.8031977889442431,1.2591326136641545,1.2821266055107117,1.252313799541894,1.200244155750862,trainfold0_purged,2024,0.063,3.232
F47_161_19,F47,161,19,0.649,161.0,1.4660883333333337,0.8235802756445797,1.068795507127038,1.3462768197059631,1.256140670666055,1.204856745280598,trainfold0_purged,2024,0.063,3.232
F47_161_20,F47,161,20,0.645,161.0,1.4489516666666666,0.7980640352999256,1.1983889420434737,1.2418902516365051,1.231281334162761,1.1942772797496088,trainfold0_purged,2024,0.063,3.232
F47_161_21,F47,161,21,0.639,161.0,1.481296666666665,0.833643635382812,1.0131912339267055,1.288664162158966,1.2498850036378037,1.2056839276303424,trainfold0_purged,2024,0.063,3.232
F47_161_22,F47,161,22,0.633,161.0,1.480998333333334,0.83336279615207,0.9701501544843253,1.2472678422927856,1.2379518518938002,1.2013797213294477,trainfold0_purged,2024,0.063,3.232
F47_161_23,F47,161,23,0.63,161.0,1.4741816666666667,0.8043409893288107,1.1629724625387308,1.1715953946113586,1.2280059133642849,1.1977233837855064,trainfold0_purged,2024,0.063,3.232
F13_098_00,F13,98,0,0.381,98.0,0.45120333333333434,0.47277402886918646,0.5219903089227645,0.380401611328125,0.4478829139080514,0.4478829139080514,trainfold1_purged,7,0.063,3.232
F13_098_01,F13,98,1,0.376,98.0,0.44874166666666665,0.4455054477132591,0.34518642302774216,0.3731765002012253,0.4245675213336466,0.4303963694772478,trainfold1_purged,7,0.063,3.232
F13_098_02,F13,98,2,0.372,98.0,0.4511916666666666,0.4308390426588574,0.43603823094404537,0.3669265955686569,0.4282417478273808,0.4309029044252035,trainfold1_purged,7,0.063,3.232
F13_098_03,F13,98,3,0.369,98.0,0.44932999999999984,0.45321725233071536,0.43132652408615646,0.3635314106941223,0.4316629446250886,0.4323758632743152,trainfold1_purged,7,0.063,3.232
F13_098_04,F13,98,4,0.367,98.0,0.4493116666666656,0.49674139727532324,0.5330535960082943,0.36847996711730957,0.4512278164502025,0.4439722026395382,trainfold1_purged,7,0.063,3.232
F13_098_05,F13,98,5,0.365,98.0,0.4515683333333329,0.5203939596738381,0.5235994377418204,0.3713269904255867,0.45780070342618395,0.44901565567730484,trainfold1_purged,7,0.063,3.232
F13_098_06,F13,98,6,0.364,98.0,0.45660000000000006,0.5341660359269937,0.6161260066433608,0.3799884095788002,0.4726556110697075,0.45875918115201525,trainfold1_purged,7,0.063,3.232
F13_098_07,F13,98,7,0.364,98.0,0.44823166666666653,0.5331704963535228,0.30143158819661287,0.3788188323378563,0.4429904126481457,0.4438095607795983,trainfold1_purged,7,0.063,3.232
F13_098_08,F13,98,8,0.369,98.0,0.45904333333333275,0.5322200714909975,0.4405106782387572,0.3876454830169678,0.46084356802033327,0.45363696397176334,trainfold1_purged,7,0.063,3.232
F13_098_09,F13,98,9,0.381,98.0,0.470418333333333,0.49036163812230094,0.45912428227788793,0.40215296298265457,0.460648128328114,0.45425013254589974,trainfold1_purged,7,0.063,3.232
F13_098_10,F13,98,10,0.397,98.0,0.47416000000000075,0.52649767132435,0.533664970068033,0.4153549000620842,0.47972041873570387,0.46523483602115,trainfold1_purged,7,0.063,3.232
F13_098_11,F13,98,11,0.408,98.0,0.4775083333333336,0.4310118585071479,0.4164838945172227,0.42245344817638397,0.45045624723837024,0.45059054168630713,trainfold1_purged,7,0.063,3.232
F13_098_12,F13,98,12,0.415,98.0,0.4748100000000005,0.42255277061046975,0.40888716300372596,0.40812116861343384,0.44365667170949785,0.4469189014439961,trainfold1_purged,7,0.063,3.232
F13_098_13,F13,98,13,0.424,98.0,0.4770166666666661,0.4369226994920932,0.4966151368912448,0.41201944649219513,0.45596254812784065,0.45327831882992986,trainfold1_purged,7,0.063,3.232
F13_098_14,F13,98,14,0.432,98.0,0.4775949999999989,0.45043662552788444,0.4203136840268712,0.41867542266845703,0.45471056938253285,0.4527895454522931,trainfold1_purged,7,0.063,3.232
F13_098_15,F13,98,15,0.442,98.0,0.48044666666666547,0.5107655217444097,0.4084319325811424,0.4257457107305527,0.4710218219712597,0.4615749623856942,trainfold1_purged,7,0.063,3.232
F13_098_16,F13,98,16,0.448,98.0,0.4816149999999997,0.5433155952001597,0.44978023425672187,0.4314350262284279,0.48384036683426157,0.4689169484652579,trainfold1_purged,7,0.063,3.232
F13_098_17,F13,98,17,0.446,98.0,0.483181666666666,0.5182381696757297,0.4484678087878413,0.43066593259572983,0.4783149719443481,0.4668298466271926,trainfold1_purged,7,0.063,3.232
F13_098_18,F13,98,18,0.436,98.0,0.4767683333333325,0.43960236246596046,0.3716171353236275,0.4169922098517418,0.4474811797880687,0.45120601524584325,trainfold1_purged,7,0.063,3.232
F13_098_19,F13,98,19,0.425,98.0,0.47368666666666664,0.4086166840690535,0.3724747422632305,0.409199982881546,0.4370755801339405,0.44555683365453724,trainfold1_purged,7,0.063,3.232
F13_098_20,F13,98,20,0.413,98.0,0.46108999999999944,0.4304438369748758,0.354530730411338,0.39682241529226303,0.43235666236532966,0.44268115036999833,trainfold1_purged,7,0.063,3.232
F13_098_21,F13,98,21,0.404,98.0,0.46053333333333285,0.4210476204615642,0.23277089602873394,0.3953438550233841,0.4197978715977507,0.43564703301400626,trainfold1_purged,7,0.063,3.232
F13_098_22,F13,98,22,0.397,98.0,0.45994333333333287,0.406630354503505,0.247175336847384,0.39051613956689835,0.4162413399420114,0.4331023573059572,trainfold1_purged,7,0.063,3.232
F13_098_23,F13,98,23,0.39,98.0,0.4598333333333333,0.40781206037865014,0.3107536743620477,0.3881404846906662,0.421083285377973,0.4349216614970228,trainfold1_purged,7,0.063,3.232
F13_112_00,F13,112,0,0.365,112.0,0.5888866666666678,0.374022655771443,0.477066952561074,0.6635618656873703,0.5433087667275068,0.5433087667275068,trainfold1_purged,7,0.063,3.232
F13_112_01,F13,112,1,0.365,112.0,0.584195,0.3685620953615141,0.5408874463707052,0.644984558224678,0.5411364102413554,0.5416794993628933,trainfold1_purged,7,0.063,3.232
F13_112_02,F13,112,2,0.364,112.0,0.5829316666666673,0.3563411295815427,0.5127234674757769,0.6357972025871277,0.5335063890150583,0.5364117888381825,trainfold1_purged,7,0.063,3.232
F13_112_03,F13,112,3,0.364,112.0,0.5807516666666679,0.3561511112942832,0.43468716483543013,0.627987265586853,0.5246094930148336,0.530124878882261,trainfold1_purged,7,0.063,3.232
F13_112_04,F13,112,4,0.364,112.0,0.5768783333333348,0.3463892688525112,0.3292789039927543,0.6207306087017059,0.510523458584365,0.5205701810504944,trainfold1_purged,7,0.063,3.232
F13_112_05,F13,112,5,0.363,112.0,0.5700016666666676,0.32081500553543013,0.2258196336241509,0.6005157083272934,0.4887651136838944,0.5062033594475317,trainfold1_purged,7,0.063,3.232
F13_112_06,F13,112,6,0.363,112.0,0.5699983333333343,0.3367742392494743,0.3188157653688023,0.5994584858417511,0.49982197581772875,0.5100303884149174,trainfold1_purged,7,0.063,3.232
F13_112_07,F13,112,7,0.363,112.0,0.5635083333333349,0.3632405784224988,0.3190090425781289,0.5752131640911102,0.49822509504587287,0.5078560914060999,trainfold1_purged,7,0.063,3.232
F13_112_08,F13,112,8,0.366,112.0,0.5773816666666672,0.37772313585614314,0.40587530253473614,0.5965351760387421,0.519573812016002,0.5186463790161464,trainfold1_purged,7,0.063,3.232
F13_112_09,F13,112,9,0.38,112.0,0.5913433333333338,0.42022657788316226,0.6657281376820287,0.6203169226646423,0.5620208142394498,0.5420849735390283,trainfold1_purged,7,0.063,3.232
F13_112_10,F13,112,10,0.403,112.0,0.6007916666666674,0.4299359426185916,0.6118986264059841,0.627060666680336,0.5659286496770083,0.5460288692959167,trainfold1_purged,7,0.063,3.232
F13_112_11,F13,112,11,0.419,112.0,0.5972133333333327,0.3758220945828795,0.6222605940222596,0.6310714036226273,0.5528548309461969,0.5406055325151515,trainfold1_purged,7,0.063,3.232
F13_112_12,F13,112,12,0.427,112.0,0.6032283333333329,0.424053052172838,0.7438162563925261,0.6539705693721771,0.5816217469073185,0.5570376640658359,trainfold1_purged,7,0.063,3.232
F13_112_13,F13,112,13,0.426,112.0,0.6087333333333325,0.404931215457518,0.6492428450774482,0.6721657365560532,0.5757480666272103,0.5556470555473123,trainfold1_purged,7,0.063,3.232
F13_112_14,F13,112,14,0.427,112.0,0.6129683333333323,0.4119621440125899,0.412364046829654,0.7084784507751465,0.5677805284644228,0.5527377692658189,trainfold1_purged,7,0.063,3.232
F13_112_15,F13,112,15,0.435,112.0,0.6223966666666662,0.4244987403225293,0.4596644270113859,0.7430421113967896,0.5860116741176755,0.5633632378440221,trainfold1_purged,7,0.063,3.232
F13_112_16,F13,112,16,0.441,112.0,0.6271566666666666,0.4506466938944774,0.5414381691371993,0.7795680910348892,0.6084190782726284,0.5765582421774473,trainfold1_purged,7,0.063,3.232
F13_112_17,F13,112,17,0.441,112.0,0.6291800000000004,0.41610251824341904,0.4232606268385607,0.7881555408239365,0.593362962690293,0.5703820054031693,trainfold1_purged,7,0.063,3.232
F13_112_18,F13,112,18,0.434,112.0,0.6211600000000006,0.4015743826655608,0.27517663362020184,0.7401227355003357,0.5645733296294182,0.5564390910178206,trainfold1_purged,7,0.063,3.232
F13_112_19,F13,112,19,0.425,112.0,0.6140350000000003,0.3853570673373724,0.28117466417621384,0.6897293031215668,0.5476623299193799,0.5479675281006304,trainfold1_purged,7,0.063,3.232
F13_112_20,F13,112,20,0.415,112.0,0.6051850000000005,0.37635875902654364,0.35132811248988915,0.6620423346757889,0.5413296181007197,0.5446358600917489,trainfold1_purged,7,0.063,3.232
F13_112_21,F13,112,21,0.404,112.0,0.5917883333333341,0.3661931509120644,0.23443704860281053,0.6148878186941147,0.5136772838459437,0.5300309470953419,trainfold1_purged,7,0.063,3.232
F13_112_22,F13,112,22,0.394,112.0,0.5826516666666675,0.3328401201781146,0.20986200799801408,0.5987156480550766,0.49608651909360435,0.5201421279528432,trainfold1_purged,7,0.063,3.232
F13_112_23,F13,112,23,0.364,112.0,0.5813150000000009,0.32628025412022793,0.2663452310132841,0.5894717425107956,0.496540427972077,0.5193762217912461,trainfold1_purged,7,0.063,3.232
F47_160_00,F47,160,0,0.705,160.0,0.7019366666666653,0.5580822654090835,0.9224361187933456,0.680355504155159,0.6807353340326789,0.6807353340326789,trainfold1_purged,7,0.063,3.232
F47_160_01,F47,160,1,0.7,160.0,0.6975849999999988,0.5717592999192606,1.1691048989121846,0.7014019638299942,0.7058718166595956,0.6995876960028664,trainfold1_purged,7,0.063,3.232
F47_160_02,F47,160,2,0.698,160.0,0.6960883333333334,0.5549382183038175,0.8137623943279708,0.6513819396495819,0.6626849518690703,0.6728911596947593,trainfold1_purged,7,0.063,3.232
F47_160_03,F47,160,3,0.696,160.0,0.6953083333333346,0.5406514810916828,1.0666290859594847,0.6991640776395798,0.6886674978666792,0.6865786989868427,trainfold1_purged,7,0.063,3.232
F47_160_04,F47,160,4,0.695,160.0,0.692605,0.5400511979767548,1.2294922753121234,0.7077020555734634,0.7019624806540838,0.6949734484352528,trainfold1_purged,7,0.063,3.232
F47_160_05,F47,160,5,0.694,160.0,0.6898466666666664,0.5509945298509802,1.1200188384959384,0.6953758597373962,0.6920417661913894,0.6903512037018195,trainfold1_purged,7,0.063,3.232
F47_160_06,F47,160,6,0.693,160.0,0.6921733333333345,0.5393296266159644,0.7755660424016996,0.6780771166086197,0.659343017101692,0.6719077131490738,trainfold1_purged,7,0.063,3.232
F47_160_07,F47,160,7,0.691,160.0,0.6998100000000002,0.5635910248484752,0.7348612551882052,0.6527776271104813,0.6605150718007867,0.6709964069113918,trainfold1_purged,7,0.063,3.232
F47_160_08,F47,160,8,0.692,160.0,0.7146783333333325,0.5604117238765357,1.3435208879784781,0.6582905948162079,0.7166842037318879,0.7010368874163808,trainfold1_purged,7,0.063,3.232
F47_160_09,F47,160,9,0.686,160.0,0.7349100000000023,0.6375610972666682,0.9446073219393321,0.6573298424482346,0.7128060175887949,0.7004686166692304,trainfold1_purged,7,0.063,3.232
F47_160_10,F47,160,10,0.678,160.0,0.731570000000002,0.6451296678147366,1.2186187650685478,0.6633065789937973,0.7361355372797811,0.7143153911297287,trainfold1_purged,7,0.063,3.232
F47_160_11,F47,160,11,0.672,160.0,0.730313333333333,0.6273180368946423,1.3324865425080967,0.6716539859771729,0.7420364494507964,0.7193300640681997,trainfold1_purged,7,0.063,3.232
F47_160_12,F47,160,12,0.678,160.0,0.7383199999999991,0.672425069969872,1.0661337726689655,0.6834060102701187,0.7377475206603099,0.718767285902753,trainfold1_purged,7,0.063,3.232
F47_160_13,F47,160,13,0.691,160.0,0.753580000000001,0.7433830914011913,1.0608805013016092,0.6679749488830566,0.7585957718170265,0.7312917229336766,trainfold1_purged,7,0.063,3.232
F47_160_14,F47,160,14,0.712,160.0,0.7685816666666692,0.6876577272632333,0.9202390091086864,0.6827670484781265,0.7441295849674975,0.7253966932061511,trainfold1_purged,7,0.063,3.232
F47_160_15,F47,160,15,0.706,160.0,0.7636733333333333,0.6367369653608341,1.1666398903476771,0.7143612653017044,0.7555835159747553,0.732652399788841,trainfold1_purged,7,0.063,3.232
F47_160_16,F47,160,16,0.713,160.0,0.7656166666666679,0.626673439579572,1.2367212626248731,0.7229292839765549,0.7614211833043988,0.7370918187390001,trainfold1_purged,7,0.063,3.232
F47_160_17,F47,160,17,0.718,160.0,0.7667300000000009,0.5914351830552865,1.2559100944352874,0.7267182469367981,0.7557913008754519,0.7354721232662447,trainfold1_purged,7,0.063,3.232
F47_160_18,F47,160,18,0.711,160.0,0.7663433333333358,0.6367094053539339,1.297790310605262,0.7183882892131805,0.7681559399760024,0.7430492584564927,trainfold1_purged,7,0.063,3.232
F47_160_19,F47,160,19,0.701,160.0,0.7639333333333345,0.5864953872667539,1.2297668703156033,0.7044835239648819,0.7467249473622461,0.7330533214102462,trainfold1_purged,7,0.063,3.232
F47_160_20,F47,160,20,0.692,160.0,0.7579066666666702,0.5858446716696559,1.481733623917804,0.6985533535480499,0.7626472818237534,0.7420446216497023,trainfold1_purged,7,0.063,3.232
F47_160_21,F47,160,21,0.683,160.0,0.7487833333333337,0.5653566837785842,1.552229412895025,0.6835152953863144,0.7559830162157253,0.7394975128170536,trainfold1_purged,7,0.063,3.232
F47_160_22,F47,160,22,0.675,160.0,0.7483166666666691,0.5738020369377775,1.2574538614481838,0.6731104105710983,0.7321228798951422,0.7277655070584308,trainfold1_purged,7,0.063,3.232
F47_160_23,F47,160,23,0.669,160.0,0.7436083333333353,0.6065303566614277,1.1878932641359197,0.6603531986474991,0.7296013864591171,0.7266337864286974,trainfold1_purged,7,0.063,3.232
F47_161_00,F47,161,0,0.663,161.0,1.3135500000000024,0.6260206257932457,1.9126560917176398,1.1645355522632599,1.1666685479804433,1.1666685479804433,trainfold1_purged,7,0.063,3.232
F47_161_01,F47,161,1,0.66,161.0,1.3046616666666666,0.6196592242942905,1.5132718131780616,1.123615026473999,1.1207405641796744,1.1322225601298666,trainfold1_purged,7,0.063,3.232
F47_161_02,F47,161,2,0.657,161.0,1.3800266666666652,0.6203461099424387,1.417485558304998,1.0869814157485962,1.142090994200304,1.1426288481602223,trainfold1_purged,7,0.063,3.232
F47_161_03,F47,161,3,0.655,161.0,1.4388599999999974,0.6141311489524259,0.965566738486202,1.0220433175563812,1.1196982783387532,1.1284989372567735,trainfold1_purged,7,0.063,3.232
F47_161_04,F47,161,4,0.653,161.0,1.442538333333332,0.5808805390832554,1.179856532970638,0.9822822958230972,1.1226747111822513,1.1285246651792682,trainfold1_purged,7,0.063,3.232
F47_161_05,F47,161,5,0.652,161.0,1.4350133333333315,0.6023142256431593,0.7730668842589659,1.0105830281972885,1.0973237705345322,1.1127616241352627,trainfold1_purged,7,0.063,3.232
F47_161_06,F47,161,6,0.653,161.0,1.4298266666666648,0.6226616410229672,0.8738472016454725,0.9452293664216995,1.0947092432614889,1.1090622008934192,trainfold1_purged,7,0.063,3.232
F47_161_07,F47,161,7,0.654,161.0,1.398765000000001,0.7269422781581619,0.724113441771402,0.8973740637302399,1.0832772348457194,1.1008375764555576,trainfold1_purged,7,0.063,3.232
F47_161_08,F47,161,8,0.653,161.0,1.382801666666669,0.7067260859089736,0.9934268870397761,0.9187989234924316,1.0965929962798233,1.1062840726289667,trainfold1_purged,7,0.063,3.232
F47_161_09,F47,161,9,0.634,161.0,1.3322466666666646,0.7714986278013372,1.2260945990730954,0.9305543452501297,1.1088365076481934,1.1120488962466557,trainfold1_purged,7,0.063,3.232
F47_161_10,F47,161,10,0.616,161.0,1.293418333333332,0.6883554685830543,1.030467282211992,0.9426333606243134,1.0570101671617544,1.08348794792692,trainfold1_purged,7,0.063,3.232
F47_161_11,F47,161,11,0.607,161.0,1.2986849999999976,0.6472522384144399,1.110376065761337,0.9603606760501862,1.0596115576904086,1.0826905527328439,trainfold1_purged,7,0.063,3.232
F47_161_12,F47,161,12,0.616,161.0,1.304190000000002,0.6709024137477005,1.2134103646418908,0.9067841619253159,1.0654574408558635,1.0840630286648243,trainfold1_purged,7,0.063,3.232
F47_161_13,F47,161,13,0.635,161.0,1.2878966666666694,0.7713307715350953,1.0350204285941542,0.856815755367279,1.0574745705294122,1.078457520432157,trainfold1_purged,7,0.063,3.232
F47_161_14,F47,161,14,0.657,161.0,1.2903683333333353,0.7689271912921022,0.9613535690184327,0.9153964072465897,1.063906892880898,1.0804892290260995,trainfold1_purged,7,0.063,3.232
F47_161_15,F47,161,15,0.665,161.0,1.3151650000000044,0.7246023221967476,0.8469866833788225,0.9768083542585373,1.0683043628492348,1.0817889889377035,trainfold1_purged,7,0.063,3.232
F47_161_16,F47,161,16,0.664,161.0,1.3586650000000036,0.6994900027052681,0.8735622547160284,1.0059266984462738,1.0911071207158032,1.0930678239206828,trainfold1_purged,7,0.063,3.232
F47_161_17,F47,161,17,0.66,161.0,1.3757300000000054,0.7261414882563506,0.9168442859211116,1.033811703324318,1.1147342407200793,1.105428764856002,trainfold1_purged,7,0.063,3.232
F47_161_18,F47,161,18,0.654,161.0,1.4178000000000042,0.7012689462974172,1.1402332390263235,1.0169238895177841,1.1434519841370447,1.1210331285419877,trainfold1_purged,7,0.063,3.232
F47_161_19,F47,161,19,0.649,161.0,1.4136266666666704,0.6931258882704235,0.8431505966822136,1.0249596238136292,1.1173349856822063,1.1084426471329505,trainfold1_purged,7,0.063,3.232
F47_161_20,F47,161,20,0.645,161.0,1.396415000000003,0.6821965215206317,0.9364831143050415,0.972500815987587,1.103425177506874,1.1015800018291695,trainfold1_purged,7,0.063,3.232
F47_161_21,F47,161,21,0.639,161.0,1.4109400000000016,0.6751539347705986,1.1061968005817115,1.0160421133041382,1.1309923110523092,1.116073965985997,trainfold1_purged,7,0.063,3.232
F47_161_22,F47,161,22,0.633,161.0,1.407386666666669,0.6749489820504465,1.2776396714451013,1.0037666410207748,1.1404978576118714,1.1216820052808258,trainfold1_purged,7,0.063,3.232
F47_161_23,F47,161,23,0.63,161.0,1.3860716666666681,0.6793113365840562,1.450024560042419,0.9678725600242615,1.1379255975884202,1.1211262803657385,trainfold1_purged,7,0.063,3.232
F13_098_00,F13,98,0,0.381,98.0,0.4473616666666672,0.4689662758861156,0.4800161380986768,0.380401611328125,0.44176711952618714,0.44176711952618714,trainfold1_purged,101,0.063,3.232
F13_098_01,F13,98,1,0.376,98.0,0.44411166666666607,0.4484752779813161,0.43797382443207655,0.3731765002012253,0.4304808727103267,0.43330243441429184,trainfold1_purged,101,0.063,3.232
F13_098_02,F13,98,2,0.372,98.0,0.44352499999999995,0.4651139487298123,0.4804739146848499,0.3669265955686569,0.4363425799836743,0.43626971869520187,trainfold1_purged,101,0.063,3.232
F13_098_03,F13,98,3,0.369,98.0,0.4433383333333331,0.4697323919142848,0.5156015037244523,0.3635314106941223,0.43949257649620893,0.4382566818376541,trainfold1_purged,101,0.063,3.232
F13_098_04,F13,98,4,0.367,98.0,0.4460866666666657,0.50616223898861,0.5931487271255492,0.36847996711730957,0.45674842895077183,0.44885737224210276,trainfold1_purged,101,0.063,3.232
F13_098_05,F13,98,5,0.365,98.0,0.44760833333333255,0.5306950152943055,0.5343221432154721,0.3713269904255867,0.45922997321298803,0.4516201158465071,trainfold1_purged,101,0.063,3.232
F13_098_06,F13,98,6,0.364,98.0,0.4524066666666666,0.5335004070040587,0.5682961955026788,0.3799884095788002,0.4666566752369484,0.4569510680554103,trainfold1_purged,101,0.063,3.232
F13_098_07,F13,98,7,0.364,98.0,0.44194999999999995,0.5275624439328704,0.4337617722066126,0.3788188323378563,0.4492156947879892,0.44835371745056296,trainfold1_purged,101,0.063,3.232
F13_098_08,F13,98,8,0.369,98.0,0.4520683333333326,0.5462784571417638,0.4786629769666284,0.3876454830169678,0.46392176447474676,0.45661953142514233,trainfold1_purged,101,0.063,3.232
F13_098_09,F13,98,9,0.381,98.0,0.4579583333333336,0.5009384886648683,0.49278155595815587,0.40215296298265457,0.45989835435275195,0.4551368791630056,trainfold1_purged,101,0.063,3.232
F13_098_10,F13,98,10,0.397,98.0,0.46561666666666723,0.5395372122873376,0.48060142102438985,0.4153549000620842,0.47450402464332936,0.46353646979329755,trainfold1_purged,101,0.063,3.232
F13_098_11,F13,98,11,0.408,98.0,0.466901666666667,0.42470092476130666,0.4020173309326881,0.42245344817638397,0.4426930980526056,0.4472195141274915,trainfold1_purged,101,0.063,3.232
F13_098_12,F13,98,12,0.415,98.0,0.46555833333333413,0.40944179450397467,0.3416835844832151,0.40812116861343384,0.4306929511622983,0.44040971071925783,trainfold1_purged,101,0.063,3.232
F13_098_13,F13,98,13,0.424,98.0,0.4725616666666666,0.4300130253525789,0.38367422807686946,0.41201944649219513,0.4431305536292075,0.4463786577867478,trainfold1_purged,101,0.063,3.232
F13_098_14,F13,98,14,0.432,98.0,0.47429666666666603,0.40907915267440315,0.32522761841902603,0.41867542266845703,0.43559469064906997,0.4421429905868385,trainfold1_purged,101,0.063,3.232
F13_098_15,F13,98,15,0.442,98.0,0.4791483333333326,0.49600086207234806,0.4003751494958038,0.4257457107305527,0.46621056100313807,0.4579984029663266,trainfold1_purged,101,0.063,3.232
F13_098_16,F13,98,16,0.448,98.0,0.4801283333333332,0.5183137559639962,0.44510297873698756,0.4314350262284279,0.4767521449760036,0.46406230966000905,trainfold1_purged,101,0.063,3.232
F13_098_17,F13,98,17,0.446,98.0,0.4805299999999995,0.4986749598290971,0.4632415875593374,0.43066593259572983,0.4735289038828761,0.46306614548952474,trainfold1_purged,101,0.063,3.232
F13_098_18,F13,98,18,0.436,98.0,0.47337999999999947,0.4278600265112237,0.4401375059968533,0.4169922098517418,0.44851824881279007,0.45045331431544533,trainfold1_purged,101,0.063,3.232
F13_098_19,F13,98,19,0.425,98.0,0.47189666666666674,0.4031606210563442,0.42086491485561384,0.409199982881546,0.4387781388182809,0.4452430032931953,trainfold1_purged,101,0.063,3.232
F13_098_20,F13,98,20,0.413,98.0,0.45969333333333284,0.4041843272904997,0.36404820049702447,0.39682241529226303,0.4261453776479343,0.43831799199087496,trainfold1_purged,101,0.063,3.232
F13_098_21,F13,98,21,0.404,98.0,0.4578549999999992,0.43442840865159865,0.3446341768258896,0.3953438550233841,0.43067272322713135,0.4401312583462307,trainfold1_purged,101,0.063,3.232
F13_098_22,F13,98,22,0.397,98.0,0.45683666666666595,0.40641156332437056,0.34513025653438445,0.39051613956689835,0.4225340236339791,0.4354737396402773,trainfold1_purged,101,0.063,3.232
F13_098_23,F13,98,23,0.39,98.0,0.45614666666666637,0.4075626053773444,0.3692992476250432,0.3881404846906662,0.4239374620386992,0.43566554230913995,trainfold1_purged,101,0.063,3.232
F13_112_00,F13,112,0,0.365,112.0,0.5684883333333335,0.36702094979665867,0.6276454363379536,0.6635618656873703,0.5438834359957084,0.5438834359957084,trainfold1_purged,101,0.063,3.232
F13_112_01,F13,112,1,0.365,112.0,0.5648633333333327,0.37199873574540593,0.5333463670013039,0.644984558224678,0.5320787175839371,0.5350298971868799,trainfold1_purged,101,0.063,3.232
F13_112_02,F13,112,2,0.364,112.0,0.5638616666666667,0.35208426510462254,0.5884873312468191,0.6357972025871277,0.5293922506422805,0.5322551926914612,trainfold1_purged,101,0.063,3.232
F13_112_03,F13,112,3,0.364,112.0,0.5625583333333345,0.3535808449838931,0.5834811960951488,0.627987265586853,0.5271633516011174,0.5301463952784391,trainfold1_purged,101,0.063,3.232
F13_112_04,F13,112,4,0.364,112.0,0.5604350000000005,0.3438819957785665,0.4725938419769441,0.6207306087017059,0.5134941080853529,0.5213482404335161,trainfold1_purged,101,0.063,3.232
F13_112_05,F13,112,5,0.363,112.0,0.5530650000000003,0.3152998322736985,0.33220293827256053,0.6005157083272934,0.48782253647295126,0.5050641349349212,trainfold1_purged,101,0.063,3.232
F13_112_06,F13,112,6,0.363,112.0,0.553641666666667,0.3276934992988971,0.43733630043887506,0.5994584858417511,0.49927304103519576,0.5091441949044938,trainfold1_purged,101,0.063,3.232
F13_112_07,F13,112,7,0.363,112.0,0.5464200000000016,0.36330400058233914,0.3698761169019005,0.5752131640911102,0.49410728231013623,0.5050045613879857,trainfold1_purged,101,0.063,3.232
F13_112_08,F13,112,8,0.366,112.0,0.555090000000001,0.37922005860582086,0.594950538821986,0.5965351760387421,0.5243590923789048,0.5206003137508737,trainfold1_purged,101,0.063,3.232
F13_112_09,F13,112,9,0.38,112.0,0.5659066666666679,0.4072073233777065,0.5482940702043356,0.6203169226646423,0.5372918677599254,0.5280892180732382,trainfold1_purged,101,0.063,3.232
F13_112_10,F13,112,10,0.403,112.0,0.5701233333333345,0.4389267538115225,0.5943671757744107,0.627060666680336,0.551963128312786,0.5369283283463155,trainfold1_purged,101,0.063,3.232
F13_112_11,F13,112,11,0.419,112.0,0.5738816666666677,0.3813580904196649,0.40548458569411994,0.6310714036226273,0.5256421892807751,0.5239240530345155,trainfold1_purged,101,0.063,3.232
F13_112_12,F13,112,12,0.427,112.0,0.579753333333334,0.4160908185453633,0.6152941898127888,0.6539705693721771,0.5581610455103461,0.5415663707155352,trainfold1_purged,101,0.063,3.232
F13_112_13,F13,112,13,0.426,112.0,0.585091666666667,0.3962348958809253,0.6237193842154458,0.6721657365560532,0.5602710730598686,0.5438820765309802,trainfold1_purged,101,0.063,3.232
F13_112_14,F13,112,14,0.427,112.0,0.5884766666666668,0.41116869940276324,0.6415060263214789,0.7084784507751465,0.5741654601174109,0.5523850160635952,trainfold1_purged,101,0.063,3.232
F13_112_15,F13,112,15,0.435,112.0,0.5977999999999999,0.42159328341143903,0.5623125460859764,0.7430421113967896,0.5817198139849814,0.5577595443091057,trainfold1_purged,101,0.063,3.232
F13_112_16,F13,112,16,0.441,112.0,0.6059466666666667,0.46972116312876483,0.48209669846730163,0.7795680910348892,0.5980688332352655,0.5678243350696017,trainfold1_purged,101,0.063,3.232
F13_112_17,F13,112,17,0.441,112.0,0.6097300000000003,0.4182316532728509,0.41008739439769437,0.7881555408239365,0.5834840965020872,0.5618070850251833,trainfold1_purged,101,0.063,3.232
F13_112_18,F13,112,18,0.434,112.0,0.5971566666666677,0.4090442472398414,0.44780779911088964,0.7401227355003357,0.5686549903665008,0.5551431876631328,trainfold1_purged,101,0.063,3.232
F13_112_19,F13,112,19,0.425,112.0,0.5860816666666679,0.3830783501204211,0.46072592148843894,0.6897293031215668,0.5480619383722902,0.5450074255013406,trainfold1_purged,101,0.063,3.232
F13_112_20,F13,112,20,0.415,112.0,0.5820333333333337,0.39321525136578095,0.37270708237872296,0.6620423346757889,0.5359726938532432,0.5388204170804565,trainfold1_purged,101,0.063,3.232
F13_112_21,F13,112,21,0.404,112.0,0.5809966666666666,0.3664531195348652,0.42246686729494887,0.6148878186941147,0.5236020618107865,0.5322245083661171,trainfold1_purged,101,0.063,3.232
F13_112_22,F13,112,22,0.394,112.0,0.5715583333333328,0.33754581147329643,0.39796033131491104,0.5987156480550766,0.5069389508697991,0.5231558223727615,trainfold1_purged,101,0.063,3.232
F13_112_23,F13,112,23,0.364,112.0,0.5688216666666661,0.32494323399693464,0.4124511674999135,0.5894717425107956,0.5019112180614163,0.5198615085557721,trainfold1_purged,101,0.063,3.232
F47_160_00,F47,160,0,0.705,160.0,0.6908733333333311,0.5522759848242638,0.5339909013264027,0.680355504155159,0.6429558092949662,0.6429558092949662,trainfold1_purged,101,0.063,3.232
F47_160_01,F47,160,1,0.7,160.0,0.6880116666666649,0.5729808565147421,1.3821969640372542,0.7014019638299942,0.7186171554525165,0.6997018189131289,trainfold1_purged,101,0.063,3.232
F47_160_02,F47,160,2,0.698,160.0,0.6842749999999992,0.5648770903502933,0.834403890781003,0.6513819396495819,0.6610512008764667,0.6676296280422249,trainfold1_purged,101,0.063,3.232
F47_160_03,F47,160,3,0.696,160.0,0.6848116666666674,0.5441342641316944,1.3141328704593627,0.6991640776395798,0.7042652685562719,0.6929938135506637,trainfold1_purged,101,0.063,3.232
F47_160_04,F47,160,4,0.695,160.0,0.6823433333333331,0.5585486498603128,1.2115226231875724,0.7077020555734634,0.7000386969361735,0.6927121615797263,trainfold1_purged,101,0.063,3.232
F47_160_05,F47,160,5,0.694,160.0,0.6809249999999997,0.558886116664538,1.1684274052110586,0.6953758597373962,0.693526032363853,0.6901341964719472,trainfold1_purged,101,0.063,3.232
F47_160_06,F47,160,6,0.693,160.0,0.6790516666666675,0.5459986580038717,1.196398457392562,0.6780771166086197,0.6883117778340585,0.6876391704394798,trainfold1_purged,101,0.063,3.232
F47_160_07,F47,160,7,0.691,160.0,0.687126666666666,0.5659462262522752,1.015249864039122,0.6527776271104813,0.6774234088457718,0.6815985388078908,trainfold1_purged,101,0.063,3.232
F47_160_08,F47,160,8,0.692,160.0,0.7080083333333321,0.5696951678221832,1.5285709602214275,0.6582905948162079,0.730514636058279,0.7106297617079371,trainfold1_purged,101,0.063,3.232
F47_160_09,F47,160,9,0.686,160.0,0.7243433333333358,0.6466150954344291,1.346834202388606,0.6573298424482346,0.7420851275849996,0.7189820194826676,trainfold1_purged,101,0.063,3.232
F47_160_10,F47,160,10,0.678,160.0,0.7172116666666684,0.6258365416321381,1.1594359716261509,0.6633065789937973,0.7198785635205655,0.7089696307295519,trainfold1_purged,101,0.063,3.232
F47_160_11,F47,160,11,0.672,160.0,0.7208149999999998,0.6182370681997444,0.9521409273125435,0.6716539859771729,0.7048701677483767,0.7017491607522008,trainfold1_purged,101,0.063,3.232
F47_160_12,F47,160,12,0.678,160.0,0.7233683333333325,0.6614790352903396,0.9855272142007668,0.6834060102701187,0.7214951476597662,0.710941150473424,trainfold1_purged,101,0.063,3.232
F47_160_13,F47,160,13,0.691,160.0,0.7407400000000015,0.7338991851826654,0.7270885836835841,0.6679749488830566,0.7234530809151385,0.7127439002306837,trainfold1_purged,101,0.063,3.232
F47_160_14,F47,160,14,0.712,160.0,0.7581900000000014,0.6938565489608766,1.0468379746942242,0.6827670484781265,0.7507572194217744,0.7280200528131865,trainfold1_purged,101,0.063,3.232
F47_160_15,F47,160,15,0.706,160.0,0.7638233333333324,0.6304598204815896,1.3261577717078057,0.7143612653017044,0.7669104317125465,0.7380225197556959,trainfold1_purged,101,0.063,3.232
F47_160_16,F47,160,16,0.713,160.0,0.7659433333333338,0.6540648667734021,0.9460847692050327,0.7229292839765549,0.7449010063573304,0.7280697599768668,trainfold1_purged,101,0.063,3.232
F47_160_17,F47,160,17,0.718,160.0,0.7679316666666668,0.5848686596317256,1.3263503291781433,0.7267182469367981,0.7604273540332254,0.7371992904936149,trainfold1_purged,101,0.063,3.232
F47_160_18,F47,160,18,0.711,160.0,0.7659200000000024,0.5866638243353852,0.3757047880175748,0.7183882892131805,0.6821749587245357,0.6972363489384945,trainfold1_purged,101,0.063,3.232
F47_160_19,F47,160,19,0.701,160.0,0.7614000000000003,0.5656163434599771,0.6963377841799361,0.7044835239648819,0.6978236499577659,0.7046988423252425,trainfold1_purged,101,0.063,3.232
F47_160_20,F47,160,20,0.692,160.0,0.7542000000000034,0.5879751072017863,0.8905333539895333,0.6985533535480499,0.7140833647572029,0.7128884456788773,trainfold1_purged,101,0.063,3.232
F47_160_21,F47,160,21,0.683,160.0,0.7481866666666673,0.5221994558778075,1.5591527932229314,0.6835152953863144,0.7458927519457715,0.7295703943946439,trainfold1_purged,101,0.063,3.232
F47_160_22,F47,160,22,0.675,160.0,0.7407283333333351,0.5584494652363785,1.4863034818264333,0.6731104105710983,0.743103832317066,0.7288249736123248,trainfold1_purged,101,0.063,3.232
F47_160_23,F47,160,23,0.669,160.0,0.7357233333333353,0.61028890782981,1.4323656279910801,0.6603531986474991,0.7462764278479416,0.7310723195640201,trainfold1_purged,101,0.063,3.232
F47_161_00,F47,161,0,0.663,161.0,1.3417750000000013,0.5855222347730645,2.0213944046785897,1.1645355522632599,1.1791959991724754,1.1791959991724754,trainfold1_purged,101,0.063,3.232
F47_161_01,F47,161,1,0.66,161.0,1.332353333333333,0.5892836065053204,1.635431918370432,1.123615026473999,1.136515224325711,1.1471854180374021,trainfold1_purged,101,0.063,3.232
F47_161_02,F47,161,2,0.657,161.0,1.4416049999999976,0.5952071016902255,1.4026104319967796,1.0869814157485962,1.1644252221151146,1.1622353519931075,trainfold1_purged,101,0.063,3.232
F47_161_03,F47,161,3,0.655,161.0,1.5443416666666656,0.6337903311773525,0.7261512086352893,1.0220433175563812,1.1558944396846635,1.1574510805045772,trainfold1_purged,101,0.063,3.232
F47_161_04,F47,161,4,0.653,161.0,1.5408066666666662,0.6077293363064609,0.8586421619667165,0.9822822958230972,1.1505900728355072,1.1539571322311009,trainfold1_purged,101,0.063,3.232
F47_161_05,F47,161,5,0.652,161.0,1.523886666666666,0.6248502231782687,0.8403483290391065,1.0105830281972885,1.1507741255253705,1.1535033197342555,trainfold1_purged,101,0.063,3.232
F47_161_06,F47,161,6,0.653,161.0,1.526851666666664,0.6408463964682127,0.779232251368577,0.9452293664216995,1.1380763885461957,1.1458575851448862,trainfold1_purged,101,0.063,3.232
F47_161_07,F47,161,7,0.654,161.0,1.4645216666666645,0.7637692846203193,0.2969612135309121,0.8973740637302399,1.0895067381373966,1.1175645072151004,trainfold1_purged,101,0.063,3.232
F47_161_08,F47,161,8,0.653,161.0,1.4472050000000005,0.6894110505498172,0.27845650550653267,0.9187989234924316,1.0661533572709654,1.101472876836227,trainfold1_purged,101,0.063,3.232
F47_161_09,F47,161,9,0.634,161.0,1.3911833333333312,0.7477038537835625,1.0668247562510988,0.9305543452501297,1.118673774458168,1.1268271543326625,trainfold1_purged,101,0.063,3.232
F47_161_10,F47,161,10,0.616,161.0,1.3329216666666652,0.6975492896489159,1.0023237840534767,0.9426333606243134,1.07592680436488,1.1027694088386422,trainfold1_purged,101,0.063,3.232
F47_161_11,F47,161,11,0.607,161.0,1.3367583333333315,0.6486949006032747,1.0967540865707697,0.9603606760501862,1.0771432382804838,1.1011914268367806,trainfold1_purged,101,0.063,3.232
F47_161_12,F47,161,12,0.616,161.0,1.3415016666666664,0.6667259452846682,1.2095435533029384,0.9067841619253159,1.0820553435176183,1.1019865459216764,trainfold1_purged,101,0.063,3.232
F47_161_13,F47,161,13,0.635,161.0,1.3339533333333338,0.7199375527050784,1.2331319452212963,0.856815755367279,1.0830963193403786,1.1011205542264368,trainfold1_purged,101,0.063,3.232
F47_161_14,F47,161,14,0.657,161.0,1.350525000000003,0.7788312437364292,1.095074590829734,0.9153964072465897,1.105856747212441,1.1120578334324662,trainfold1_purged,101,0.063,3.232
F47_161_15,F47,161,15,0.665,161.0,1.3830166666666701,0.68801475328427,0.9900541932647522,0.9768083542585373,1.103537547101114,1.1104381904845722,trainfold1_purged,101,0.063,3.232
F47_161_16,F47,161,16,0.664,161.0,1.4348750000000032,0.7282875426337562,0.9409653930175448,1.0059266984462738,1.1399915813627612,1.1293314648946526,trainfold1_purged,101,0.063,3.232
F47_161_17,F47,161,17,0.66,161.0,1.463753333333336,0.7510103843438511,0.9583878588343134,1.033811703324318,1.1662774616141343,1.1437967970533278,trainfold1_purged,101,0.063,3.232
F47_161_18,F47,161,18,0.654,161.0,1.5048083333333364,0.740482205671213,0.984224491609867,1.0169238895177841,1.182146466593439,1.1533320978087938,trainfold1_purged,101,0.063,3.232
F47_161_19,F47,161,19,0.649,161.0,1.5013883333333362,0.7226338494410948,1.0550657349761996,1.0249596238136292,1.1834957074266859,1.1554811676854806,trainfold1_purged,101,0.063,3.232
F47_161_20,F47,161,20,0.645,161.0,1.4879550000000021,0.6897633269514242,1.163525199236328,0.972500815987587,1.1673437776047666,1.1483546587188183,trainfold1_purged,101,0.063,3.232
F47_161_21,F47,161,21,0.639,161.0,1.4967500000000005,0.6885881269408941,1.1552703739724084,1.0160421133041382,1.179331203044435,1.1554839546934608,trainfold1_purged,101,0.063,3.232
F47_161_22,F47,161,22,0.633,161.0,1.485466666666668,0.7004011390586603,1.1812809151807782,1.0037666410207748,1.1763760747926966,1.1549789855339005,trainfold1_purged,101,0.063,3.232
F47_161_23,F47,161,23,0.63,161.0,1.4649200000000007,0.6788768894622925,1.3478041415782054,0.9678725600242615,1.1674908968020594,1.1512428340495602,trainfold1_purged,101,0.063,3.232
F13_098_00,F13,98,0,0.381,98.0,0.44779166666666753,0.47965497835532206,0.49991516742857567,0.380401611328125,0.44613073046518875,0.44613073046518875,trainfold1_purged,2024,0.063,3.232
F13_098_01,F13,98,1,0.376,98.0,0.4460499999999998,0.4350844422903193,0.3717152838360161,0.3731765002012253,0.4228967888968029,0.4287052742888994,trainfold1_purged,2024,0.063,3.232
F13_098_02,F13,98,2,0.372,98.0,0.44507333333333376,0.46827265253633515,0.427386461268823,0.3669265955686569,0.43359687262395785,0.4339025016429705,trainfold1_purged,2024,0.063,3.232
F13_098_03,F13,98,3,0.369,98.0,0.4436733333333334,0.4736921907793876,0.402753710880978,0.3635314106941223,0.4315759047963558,0.43256298949596605,trainfold1_purged,2024,0.063,3.232
F13_098_04,F13,98,4,0.367,98.0,0.44970999999999944,0.5117231312973679,0.42843544542583845,0.36847996711730957,0.4466451805688971,0.44140713801956877,trainfold1_purged,2024,0.063,3.232
F13_098_05,F13,98,5,0.365,98.0,0.44947833333333276,0.5269131711644952,0.41074027021557474,0.3713269904255867,0.44933338078184193,0.443848261902008,trainfold1_purged,2024,0.063,3.232
F13_098_06,F13,98,6,0.364,98.0,0.45967666666666657,0.5197872331878197,0.48271833113421986,0.3799884095788002,0.46000888437157433,0.4507321380789742,trainfold1_purged,2024,0.063,3.232
F13_098_07,F13,98,7,0.364,98.0,0.44248833333333343,0.5399792551951872,0.41665971678525215,0.3788188323378563,0.45108596505723636,0.44687258925123413,trainfold1_purged,2024,0.063,3.232
F13_098_08,F13,98,8,0.369,98.0,0.4514249999999993,0.5209803975417974,0.4223499145532534,0.3876454830169678,0.45303638517768485,0.44842430885215023,trainfold1_purged,2024,0.063,3.232
F13_098_09,F13,98,9,0.381,98.0,0.46172333333333304,0.455128866761154,0.5700623917774273,0.40215296298265457,0.45689371196140194,0.45100704621574805,trainfold1_purged,2024,0.063,3.232
F13_098_10,F13,98,10,0.397,98.0,0.4633000000000006,0.5319062410364844,0.5077212630024861,0.4153549000620842,0.4737301789013723,0.4607257250689732,trainfold1_purged,2024,0.063,3.232
F13_098_11,F13,98,11,0.408,98.0,0.4690633333333338,0.4072535338912587,0.4386004411160082,0.42245344817638397,0.44246997305845975,0.44487681805676216,trainfold1_purged,2024,0.063,3.232
F13_098_12,F13,98,12,0.415,98.0,0.4704299999999997,0.409491420973066,0.40513667916821544,0.40812116861343384,0.4381195090896797,0.44234911861216497,trainfold1_purged,2024,0.063,3.232
F13_098_13,F13,98,13,0.424,98.0,0.47561999999999943,0.4346028164278189,0.43213372871195593,0.41201944649219513,0.4495768635380718,0.44818487210076896,trainfold1_purged,2024,0.063,3.232
F13_098_14,F13,98,14,0.432,98.0,0.47509499999999943,0.4337798092100681,0.40141428559778375,0.41867542266845703,0.44800098159193025,0.447437201158647,trainfold1_purged,2024,0.063,3.232
F13_098_15,F13,98,15,0.442,98.0,0.4763049999999986,0.5095555163560133,0.396827936092524,0.4257457107305527,0.46781510095895495,0.45799868834945906,trainfold1_purged,2024,0.063,3.232
F13_098_16,F13,98,16,0.448,98.0,0.47657833333333277,0.5107649386594215,0.43665968760107804,0.4314350262284279,0.47256096553203275,0.46108864092400004,trainfold1_purged,2024,0.063,3.232
F13_098_17,F13,98,17,0.446,98.0,0.4794516666666658,0.5153135169824715,0.36911294767827235,0.43066593259572983,0.4694742664092005,0.46009690108739587,trainfold1_purged,2024,0.063,3.232
F13_098_18,F13,98,18,0.436,98.0,0.4711849999999992,0.4269052090215429,0.441316340538859,0.4169922098517418,0.447329799378627,0.4489354639829785,trainfold1_purged,2024,0.063,3.232
F13_098_19,F13,98,19,0.425,98.0,0.4701733333333331,0.3951484633236762,0.44972240890811127,0.409199982881546,0.4383366204866403,0.4441337618344679,trainfold1_purged,2024,0.063,3.232
F13_098_20,F13,98,20,0.413,98.0,0.46103833333333244,0.4151428218949137,0.36301345758957215,0.39682241529226303,0.42933823692039724,0.43914426847368215,trainfold1_purged,2024,0.063,3.232
F13_098_21,F13,98,21,0.404,98.0,0.46025499999999925,0.4422755383613504,0.24869444743224522,0.3953438550233841,0.4260328560059802,0.4369707270159966,trainfold1_purged,2024,0.063,3.232
F13_098_22,F13,98,22,0.397,98.0,0.4591133333333326,0.4186568460969784,0.32785575618134377,0.39051613956689835,0.4251837314711616,0.4360521459104384,trainfold1_purged,2024,0.063,3.232
F13_098_23,F13,98,23,0.39,98.0,0.457316666666666,0.42578949341671585,0.36661053013029815,0.3881404846906662,0.4286584177685685,0.43740902775536794,trainfold1_purged,2024,0.063,3.232
F13_112_00,F13,112,0,0.365,112.0,0.5909116666666672,0.3708997916727808,0.5084173983721924,0.6635618656873703,0.5460393150087172,0.5460393150087172,trainfold1_purged,2024,0.063,3.232
F13_112_01,F13,112,1,0.365,112.0,0.5873249999999984,0.3780758608970403,0.4558063714611541,0.644984558224678,0.5381156279771169,0.540096549735017,trainfold1_purged,2024,0.063,3.232
F13_112_02,F13,112,2,0.364,112.0,0.5869283333333329,0.36944721185098367,0.4784342236308331,0.6357972025871277,0.5358271092521282,0.5379105633323911,trainfold1_purged,2024,0.063,3.232
F13_112_03,F13,112,3,0.364,112.0,0.5836633333333345,0.3532340819157921,0.4299022868600773,0.627987265586853,0.5249242157259675,0.530575391358475,trainfold1_purged,2024,0.063,3.232
F13_112_04,F13,112,4,0.364,112.0,0.580191666666668,0.3405665408517926,0.347879033457402,0.6207306087017059,0.5122044142213642,0.5218132753292115,trainfold1_purged,2024,0.063,3.232
F13_112_05,F13,112,5,0.363,112.0,0.5728516666666674,0.3250967252129989,0.27726014794438447,0.6005157083272934,0.49527596755212955,0.5103368712541834,trainfold1_purged,2024,0.063,3.232
F13_112_06,F13,112,6,0.363,112.0,0.5719616666666674,0.3316176326860967,0.2740909127046059,0.5994584858417511,0.49594880202938224,0.5085697904266058,trainfold1_purged,2024,0.063,3.232
F13_112_07,F13,112,7,0.363,112.0,0.563478333333335,0.37277568197361477,0.43773312401992626,0.5752131640911102,0.5099970464134845,0.5148943043430104,trainfold1_purged,2024,0.063,3.232
F13_112_08,F13,112,8,0.366,112.0,0.5709300000000005,0.3665601954472943,0.5164815218112883,0.5965351760387421,0.5226464038600024,0.5213775853766841,trainfold1_purged,2024,0.063,3.232
F13_112_09,F13,112,9,0.38,112.0,0.5867750000000003,0.39499036283834577,0.5624763438757822,0.6203169226646423,0.5455111791241941,0.5340800936203214,trainfold1_purged,2024,0.063,3.232
F13_112_10,F13,112,10,0.403,112.0,0.5948816666666675,0.4257107957742553,0.6228963716670128,0.627060666680336,0.56295763405525,0.5446355313557949,trainfold1_purged,2024,0.063,3.232
F13_112_11,F13,112,11,0.419,112.0,0.5981616666666658,0.3835709624716165,0.5962521181168507,0.6310714036226273,0.553089081167061,0.5408169070996471,trainfold1_purged,2024,0.063,3.232
F13_112_12,F13,112,12,0.427,112.0,0.6042333333333335,0.3959719553115929,0.5880834974583438,0.6539705693721771,0.5629060629458853,0.5470469876011228,trainfold1_purged,2024,0.063,3.232
F13_112_13,F13,112,13,0.426,112.0,0.6057749999999996,0.3904573447355889,0.6552851997072948,0.6721657365560532,0.5713377260243353,0.5526967410606326,trainfold1_purged,2024,0.063,3.232
F13_112_14,F13,112,14,0.427,112.0,0.6098716666666663,0.3995735278555589,0.5178992239250263,0.7084784507751465,0.5717636747543653,0.554166646047562,trainfold1_purged,2024,0.063,3.232
F13_112_15,F13,112,15,0.435,112.0,0.6209399999999996,0.4090678820349791,0.5708420393095377,0.7430421113967896,0.5905032771125157,0.5652218740945048,trainfold1_purged,2024,0.063,3.232
F13_112_16,F13,112,16,0.441,112.0,0.6267083333333338,0.44633924749013854,0.6640167366534733,0.7795680910348892,0.6169763765368892,0.5807241857319971,trainfold1_purged,2024,0.063,3.232
F13_112_17,F13,112,17,0.441,112.0,0.6304566666666669,0.3943411054311455,0.3401081607153602,0.7881555408239365,0.5821008263254912,0.56433165594292,trainfold1_purged,2024,0.063,3.232
F13_112_18,F13,112,18,0.434,112.0,0.6217266666666681,0.3770727446125602,0.3542554419810788,0.7401227355003357,0.5652912411655686,0.5564197253525698,trainfold1_purged,2024,0.063,3.232
F13_112_19,F13,112,19,0.425,112.0,0.6153550000000012,0.3644645813948505,0.4113104466749999,0.6897293031215668,0.5536925958930781,0.5507740123751622,trainfold1_purged,2024,0.063,3.232
F13_112_20,F13,112,20,0.415,112.0,0.6068250000000008,0.37716938528207244,0.37441965752743384,0.6620423346757889,0.5441586920050503,0.5459190428870484,trainfold1_purged,2024,0.063,3.232
F13_112_21,F13,112,21,0.404,112.0,0.5985733333333337,0.38104310355547244,0.43142523944234873,0.6148878186941147,0.5362571277475244,0.5417086638032509,trainfold1_purged,2024,0.063,3.232
F13_112_22,F13,112,22,0.394,112.0,0.590856666666666,0.35232703734447757,0.35999949262909453,0.5987156480550766,0.5167127779840172,0.5312745884459547,trainfold1_purged,2024,0.063,3.232
F13_112_23,F13,112,23,0.364,112.0,0.5871999999999995,0.33333882682298416,0.3620249665059297,0.5894717425107956,0.5087136642601495,0.5265016412788595,trainfold1_purged,2024,0.063,3.232
F47_160_00,F47,160,0,0.705,160.0,0.6909933333333315,0.5240524116856454,0.5396246104431791,0.680355504155159,0.6366904484710402,0.6366904484710402,trainfold1_purged,2024,0.063,3.232
F47_160_01,F47,160,1,0.7,160.0,0.6922949999999978,0.5334714715498515,1.3301056103008726,0.7014019638299942,0.707023594762032,0.689440308189284,trainfold1_purged,2024,0.063,3.232
F47_160_02,F47,160,2,0.698,160.0,0.6859416666666667,0.5298878742920944,0.9237071675566779,0.6513819396495819,0.6605980511645533,0.6643510413152143,trainfold1_purged,2024,0.063,3.232
F47_160_03,F47,160,3,0.696,160.0,0.687750000000001,0.49486802426925697,0.8410439741567837,0.6991640776395798,0.6560046592850808,0.6605419238528787,trainfold1_purged,2024,0.063,3.232
F47_160_04,F47,160,4,0.695,160.0,0.6862899999999994,0.5189827365259924,0.9160359709370218,0.7077020555734634,0.6687983455558923,0.667310682701806,trainfold1_purged,2024,0.063,3.232
F47_160_05,F47,160,5,0.694,160.0,0.6848366666666666,0.509357953667134,0.9155091088793842,0.6953758597373962,0.6632834095379423,0.6643415805003496,trainfold1_purged,2024,0.063,3.232
F47_160_06,F47,160,6,0.693,160.0,0.6845583333333343,0.4976846714406521,0.8159227516532004,0.6780771166086197,0.648921564599737,0.6559836446838884,trainfold1_purged,2024,0.063,3.232
F47_160_07,F47,160,7,0.691,160.0,0.6821499999999998,0.5237412289051266,0.7671697676640576,0.6527776271104813,0.6450590017724512,0.6529281930830212,trainfold1_purged,2024,0.063,3.232
F47_160_08,F47,160,8,0.692,160.0,0.6956283333333341,0.5736774241124912,1.306341843861475,0.6582905948162079,0.7077496482591579,0.686881975430017,trainfold1_purged,2024,0.063,3.232
F47_160_09,F47,160,9,0.686,160.0,0.7302583333333359,0.609997584334272,1.178442083610828,0.6573298424482346,0.7226647554187398,0.6971720516507012,trainfold1_purged,2024,0.063,3.232
F47_160_10,F47,160,10,0.678,160.0,0.7254716666666687,0.6297355695550786,1.1578859726055846,0.6633065789937973,0.7246551303004262,0.7005752292014428,trainfold1_purged,2024,0.063,3.232
F47_160_11,F47,160,11,0.672,160.0,0.7211083333333328,0.593515958833092,0.8576818571928675,0.6716539859771729,0.6915211758908059,0.6846343289878137,trainfold1_purged,2024,0.063,3.232
F47_160_12,F47,160,12,0.678,160.0,0.7215699999999996,0.6536570455777513,0.9902974097286898,0.6834060102701187,0.7191362857709791,0.7000337609927526,trainfold1_purged,2024,0.063,3.232
F47_160_13,F47,160,13,0.691,160.0,0.7388566666666676,0.6682812245132786,0.6765242088511925,0.6679749488830566,0.7027556203678941,0.6926228705824018,trainfold1_purged,2024,0.063,3.232
F47_160_14,F47,160,14,0.712,160.0,0.754415000000002,0.6542973439918003,1.095704685722983,0.6827670484781265,0.7433603471114971,0.7149542414980228,trainfold1_purged,2024,0.063,3.232
F47_160_15,F47,160,15,0.706,160.0,0.7562849999999994,0.6462584014093857,1.048415721471277,0.7143612653017044,0.7448643271162955,0.7175286124764142,trainfold1_purged,2024,0.063,3.232
F47_160_16,F47,160,16,0.713,160.0,0.7627516666666683,0.6246321450797265,1.0654333135278893,0.7229292839765549,0.7458530366966772,0.7196600301742563,trainfold1_purged,2024,0.063,3.232
F47_160_17,F47,160,17,0.718,160.0,0.7687283333333339,0.6030825117204567,1.0628676012257,0.7267182469367981,0.7441024602983256,0.7201912818819274,trainfold1_purged,2024,0.063,3.232
F47_160_18,F47,160,18,0.711,160.0,0.7681133333333354,0.6474883994434091,0.7807032784205667,0.7183882892131805,0.7302255359827006,0.71414612057983,trainfold1_purged,2024,0.063,3.232
F47_160_19,F47,160,19,0.701,160.0,0.7633800000000006,0.578603593877297,0.8768554167440854,0.7044835239648819,0.7163324006630549,0.7076561953071596,trainfold1_purged,2024,0.063,3.232
F47_160_20,F47,160,20,0.692,160.0,0.7578016666666704,0.5826232425882122,1.0196076244913035,0.6985533535480499,0.7248536588900869,0.7125328641573142,trainfold1_purged,2024,0.063,3.232
F47_160_21,F47,160,21,0.683,160.0,0.7452733333333337,0.5745119918464354,1.787999454585203,0.6835152953863144,0.7753570934872238,0.7394924229118527,trainfold1_purged,2024,0.063,3.232
F47_160_22,F47,160,22,0.675,160.0,0.7337366666666683,0.5870583033787947,1.5673385194010652,0.6731104105710983,0.7530967564772164,0.7294376675403431,trainfold1_purged,2024,0.063,3.232
F47_160_23,F47,160,23,0.669,160.0,0.7349166666666687,0.6253007359759042,1.468387437128484,0.6603531986474991,0.7523738113339965,0.7300469289839525,trainfold1_purged,2024,0.063,3.232
F47_161_00,F47,161,0,0.663,161.0,1.349545000000003,0.646965281436648,1.054570755202623,1.1645355522632599,1.1203260384136589,1.1203260384136589,trainfold1_purged,2024,0.063,3.232
F47_161_01,F47,161,1,0.66,161.0,1.34805,0.6499852942515884,1.3698613209759287,1.123615026473999,1.1373723815932553,1.1331107957983562,trainfold1_purged,2024,0.063,3.232
F47_161_02,F47,161,2,0.657,161.0,1.4127816666666648,0.6201617268234273,1.1299510952604646,1.0869814157485962,1.1347663852081782,1.1327939934732711,trainfold1_purged,2024,0.063,3.232
F47_161_03,F47,161,3,0.655,161.0,1.478254999999997,0.6238752577466737,1.0554453145661573,1.0220433175563812,1.1481367505357691,1.1416435697367422,trainfold1_purged,2024,0.063,3.232
F47_161_04,F47,161,4,0.653,161.0,1.4760766666666647,0.604237134825511,1.2938706544171794,0.9822822958230972,1.1534998238761156,1.1461600499007556,trainfold1_purged,2024,0.063,3.232
F47_161_05,F47,161,5,0.652,161.0,1.4590383333333319,0.5864151163428606,0.894361660579995,1.0105830281972885,1.114743566408143,1.1247755287069983,trainfold1_purged,2024,0.063,3.232
F47_161_06,F47,161,6,0.653,161.0,1.4492483333333315,0.6343791228765036,0.9999845094270379,0.9452293664216995,1.1169348235288632,1.124594538161859,trainfold1_purged,2024,0.063,3.232
F47_161_07,F47,161,7,0.654,161.0,1.4211316666666651,0.7051395792140401,0.7253279651182932,0.8973740637302399,1.0888777489668804,1.107854969391619,trainfold1_purged,2024,0.063,3.232
F47_161_08,F47,161,8,0.653,161.0,1.384806666666667,0.701628810632305,0.729587937580637,0.9187989234924316,1.0752249342566909,1.0981614922832095,trainfold1_purged,2024,0.063,3.232
F47_161_09,F47,161,9,0.634,161.0,1.3532483333333316,0.7616476391260266,1.1925749277275426,0.9305543452501297,1.1138714966584748,1.1171234458015389,trainfold1_purged,2024,0.063,3.232
F47_161_10,F47,161,10,0.616,161.0,1.3188383333333327,0.6917769205858583,1.024287137852552,0.9426333606243134,1.0695385040936725,1.0926461817531863,trainfold1_purged,2024,0.063,3.232
F47_161_11,F47,161,11,0.607,161.0,1.3176016666666652,0.6353600955000827,1.0004662144261964,0.9603606760501862,1.0570446552841521,1.0839530405097366,trainfold1_purged,2024,0.063,3.232
F47_161_12,F47,161,12,0.616,161.0,1.3328583333333348,0.6471329979112257,0.978981653300758,0.9067841619253159,1.0547592841478188,1.0806525802651277,trainfold1_purged,2024,0.063,3.232
F47_161_13,F47,161,13,0.635,161.0,1.3323100000000019,0.707400112534964,1.1729069255343019,0.856815755367279,1.0744805321245925,1.0893680133871628,trainfold1_purged,2024,0.063,3.232
F47_161_14,F47,161,14,0.657,161.0,1.3441516666666697,0.7123781244092328,0.9599750327548777,0.9153964072465897,1.0760408339279257,1.0892076755981026,trainfold1_purged,2024,0.063,3.232
F47_161_15,F47,161,15,0.665,161.0,1.3548450000000047,0.6693447303684205,0.9632973023620761,0.9768083542585373,1.0833937903290969,1.0922910060818387,trainfold1_purged,2024,0.063,3.232
F47_161_16,F47,161,16,0.664,161.0,1.4125300000000045,0.7018970050783981,0.9782347675591826,1.0059266984462738,1.125913802312807,1.1142782350289355,trainfold1_purged,2024,0.063,3.232
F47_161_17,F47,161,17,0.66,161.0,1.421436666666671,0.7258101245178713,1.0339334250287968,1.033811703324318,1.1459610445514585,1.1255051443928834,trainfold1_purged,2024,0.063,3.232
F47_161_18,F47,161,18,0.654,161.0,1.4784983333333368,0.7292928520119781,1.0527979942921954,1.0169238895177841,1.172318101929809,1.1404539061793089,trainfold1_purged,2024,0.063,3.232
F47_161_19,F47,161,19,0.649,161.0,1.4671633333333363,0.6938483157506674,1.0232897338311733,1.0249596238136292,1.1576170992493813,1.1343290895596092,trainfold1_purged,2024,0.063,3.232
F47_161_20,F47,161,20,0.645,161.0,1.4610700000000016,0.6757045879804177,1.0587211498397322,0.972500815987587,1.142680556299997,1.127614138952302,trainfold1_purged,2024,0.063,3.232
F47_161_21,F47,161,21,0.639,161.0,1.4754433333333346,0.6894406515007547,0.9836635717403139,1.0160421133041382,1.1555800647602346,1.1350419009814123,trainfold1_purged,2024,0.063,3.232
F47_161_22,F47,161,22,0.633,161.0,1.4775650000000025,0.6848278463605065,0.8255729538097746,1.0037666410207748,1.1403890476354597,1.1280091165588697,trainfold1_purged,2024,0.063,3.232
F47_161_23,F47,161,23,0.63,161.0,1.455201666666668,0.6690500993822062,0.9843288778974217,0.9678725600242615,1.1313896460883763,1.1238377587146218,trainfold1_purged,2024,0.063,3.232
F13_098_00,F13,98,0,0.381,98.0,0.4231550000000008,0.4326917506973659,0.46980611833623825,0.34353283047676086,0.4132514757296195,0.4132514757296195,trainfold8_purged,7,0.063,3.232
F13_098_01,F13,98,1,0.376,98.0,0.41759166666666636,0.39895297973049104,0.35928748440713004,0.3399871438741684,0.3929331426627218,0.39801272592944625,trainfold8_purged,7,0.063,3.232
F13_098_02,F13,98,2,0.372,98.0,0.41535666666666615,0.38662398030597545,0.49993767567554465,0.3367072194814682,0.3994974132237711,0.4006957118812376,trainfold8_purged,7,0.063,3.232
F13_098_03,F13,98,3,0.369,98.0,0.4154249999999996,0.40040184539834633,0.49771495906991764,0.3339327424764633,0.40210418811648896,0.40202537152481965,trainfold8_purged,7,0.063,3.232
F13_098_04,F13,98,4,0.367,98.0,0.4182399999999989,0.4437640671246018,0.493191344468634,0.33715569227933884,0.41414502212326243,0.4092656352472176,trainfold8_purged,7,0.063,3.232
F13_098_05,F13,98,5,0.365,98.0,0.4189883333333329,0.44177262409186485,0.3820934896624646,0.33909671753644943,0.40552665246233444,0.4050514840910171,trainfold8_purged,7,0.063,3.232
F13_098_06,F13,98,6,0.364,98.0,0.42216666666666675,0.4365669638814865,0.43111008620912894,0.34127435833215714,0.4101597498947185,0.4077668495339961,trainfold8_purged,7,0.063,3.232
F13_098_07,F13,98,7,0.364,98.0,0.4148216666666668,0.4307770431527657,0.3729284821242622,0.34350845217704773,0.4010368593620144,0.4029343361544404,trainfold8_purged,7,0.063,3.232
F13_098_08,F13,98,8,0.369,98.0,0.4225766666666665,0.43009172184426364,0.4843997490220896,0.3536997362971306,0.4155507404238165,0.41078677265628316,trainfold8_purged,7,0.063,3.232
F13_098_09,F13,98,9,0.381,98.0,0.4359133333333337,0.4039102895724792,0.5729355026697974,0.3598207160830498,0.423975852927589,0.4158969813101113,trainfold8_purged,7,0.063,3.232
F13_098_10,F13,98,10,0.397,98.0,0.43930000000000047,0.47629128113369107,0.6841005432497753,0.36399873346090317,0.4527016976242487,0.4323000667462419,trainfold8_purged,7,0.063,3.232
F13_098_11,F13,98,11,0.408,98.0,0.43905833333333316,0.380138414881329,0.4006629792488945,0.3675340488553047,0.4075410676824914,0.4095381947676239,trainfold8_purged,7,0.063,3.232
F13_098_12,F13,98,12,0.415,98.0,0.4378499999999995,0.35589997693090214,0.2495944443359357,0.3656695783138275,0.3886854656730567,0.39923155314061043,trainfold8_purged,7,0.063,3.232
F13_098_13,F13,98,13,0.424,98.0,0.4342333333333325,0.3574316246068575,0.2188543296280476,0.36701665818691254,0.38512726791327173,0.3965720838073289,trainfold8_purged,7,0.063,3.232
F13_098_14,F13,98,14,0.432,98.0,0.4345016666666654,0.3898776143688967,0.13565353894244003,0.37132249027490616,0.38724820861891107,0.3969402644573994,trainfold8_purged,7,0.063,3.232
F13_098_15,F13,98,15,0.442,98.0,0.4407766666666654,0.4720502097523706,0.5090053239939762,0.3755856528878212,0.44070240683765066,0.42473205377119927,trainfold8_purged,7,0.063,3.232
F13_098_16,F13,98,16,0.448,98.0,0.44544166666666646,0.4948209951303643,0.44085713402534155,0.37836337834596634,0.44351028522250796,0.42715801015532673,trainfold8_purged,7,0.063,3.232
F13_098_17,F13,98,17,0.446,98.0,0.44690833333333285,0.478763852336228,0.5818160434760755,0.37844155728816986,0.4516529194964145,0.4323639713036208,trainfold8_purged,7,0.063,3.232
F13_098_18,F13,98,18,0.436,98.0,0.44110999999999884,0.3825064175276583,0.4426038812704913,0.3710737079381943,0.4131573922959156,0.41311837531350526,trainfold8_purged,7,0.063,3.232
F13_098_19,F13,98,19,0.425,98.0,0.4393866666666654,0.3882595574158433,0.41028346330353943,0.3661290556192398,0.41013638196793295,0.4115342957404349,trainfold8_purged,7,0.063,3.232
F13_098_20,F13,98,20,0.413,98.0,0.43118666666666544,0.3828984372297609,0.30570499280135804,0.3559730276465416,0.39451622988855906,0.4032857439954056,trainfold8_purged,7,0.063,3.232
F13_098_21,F13,98,21,0.404,98.0,0.4328716666666658,0.41441566628682336,0.30500523442826394,0.354126013815403,0.4024637814261789,0.4070415316579412,trainfold8_purged,7,0.063,3.232
F13_098_22,F13,98,22,0.397,98.0,0.43411166666666606,0.40925748784114874,0.3089025732401039,0.35179566591978073,0.4016667361250399,0.4064266493168355,trainfold8_purged,7,0.063,3.232
F13_098_23,F13,98,23,0.39,98.0,0.4338999999999997,0.4086180829181546,0.33271923325606284,0.3504909351468086,0.40305606559020374,0.4069519286969502,trainfold8_purged,7,0.063,3.232
F13_112_00,F13,112,0,0.365,112.0,0.46163000000000076,0.6353369919082068,0.5635065723835858,0.6990687102079391,0.5589575458902447,0.5589575458902447,trainfold8_purged,7,0.063,3.232
F13_112_01,F13,112,1,0.365,112.0,0.45864000000000016,0.6322565539593703,0.49836286016017944,0.6871952712535858,0.5491968560137805,0.5516370284828966,trainfold8_purged,7,0.063,3.232
F13_112_02,F13,112,2,0.364,112.0,0.45849000000000006,0.6073806216852179,0.4994847618702804,0.6848935782909393,0.5427840458122626,0.546548430858846,trainfold8_purged,7,0.063,3.232
F13_112_03,F13,112,3,0.364,112.0,0.45640833333333386,0.6042536105722636,0.43394975218849335,0.6809403002262115,0.5350009067576653,0.5407428726880767,trainfold8_purged,7,0.063,3.232
F13_112_04,F13,112,4,0.364,112.0,0.45654166666666696,0.6360255086546313,0.4048878291433729,0.677729606628418,0.5397230697342651,0.5424277772879544,trainfold8_purged,7,0.063,3.232
F13_112_05,F13,112,5,0.363,112.0,0.45461166666666686,0.5537956129417442,0.48976406235794784,0.660716325044632,0.522448937103581,0.5319004153277738,trainfold8_purged,7,0.063,3.232
F13_112_06,F13,112,6,0.363,112.0,0.455501666666667,0.6030637281962276,0.4673512104919722,0.6652195304632187,0.5338080976990963,0.5370411530646121,trainfold8_purged,7,0.063,3.232
F13_112_07,F13,112,7,0.363,112.0,0.4762366666666672,0.5719489704622293,0.3652575236909497,0.6464243829250336,0.524366831391218,0.5313263088457411,trainfold8_purged,7,0.063,3.232
F13_112_08,F13,112,8,0.366,112.0,0.48413666666666644,0.6332614907814637,0.5441140900725175,0.648317962884903,0.5575610775703331,0.5489942814503025,trainfold8_purged,7,0.063,3.232
F13_112_09,F13,112,9,0.38,112.0,0.4978583333333334,0.711773085925709,0.6635150033490113,0.6680955588817596,0.5964978526664431,0.571266187365166,trainfold8_purged,7,0.063,3.232
F13_112_10,F13,112,10,0.403,112.0,0.49914,0.6012824294037998,0.6794360844715883,0.6805464923381805,0.5743591682822752,0.5614843290920997,trainfold8_purged,7,0.063,3.232
F13_112_11,F13,112,11,0.419,112.0,0.5157783333333331,0.5928797101477532,0.667794181588269,0.6974245458841324,0.5827731741393487,0.5671148188638624,trainfold8_purged,7,0.063,3.232
F13_112_12,F13,112,12,0.427,112.0,0.5207950000000001,0.6192048784700158,0.7887146601931593,0.7153710573911667,0.6047621551264899,0.5801595282627451,trainfold8_purged,7,0.063,3.232
F13_112_13,F13,112,13,0.426,112.0,0.5279616666666666,0.6497387472070291,0.6817643290610561,0.7458823621273041,0.6130765180800323,0.5863709817638388,trainfold8_purged,7,0.063,3.232
F13_112_14,F13,112,14,0.427,112.0,0.5319333333333331,0.6154866215029775,0.7444425019217303,0.766435295343399,0.6158872483831328,0.5896504070132387,trainfold8_purged,7,0.063,3.232
F13_112_15,F13,112,15,0.435,112.0,0.5371100000000001,0.7038292670127563,0.5315313010294644,0.7912995219230652,0.6275142325500317,0.5974670449375221,trainfold8_purged,7,0.063,3.232
F13_112_16,F13,112,16,0.441,112.0,0.5442866666666666,0.7870618541592689,0.5334190804666232,0.8187762796878815,0.6565812273731306,0.6146229355857808,trainfold8_purged,7,0.063,3.232
F13_112_17,F13,112,17,0.441,112.0,0.5480166666666672,0.7508788789286132,0.607705934710063,0.8220815807580948,0.6562917218712915,0.6168011572257741,trainfold8_purged,7,0.063,3.232
F13_112_18,F13,112,18,0.434,112.0,0.5395416666666675,0.6965016558079486,0.39074128519897106,0.7879449129104614,0.614988682791918,0.5971411663758679,trainfold8_purged,7,0.063,3.232
F13_112_19,F13,112,19,0.425,112.0,0.5327150000000008,0.6293324703899726,0.45440445460873624,0.7607769966125488,0.5952507485848026,0.5876711267379349,trainfold8_purged,7,0.063,3.232
F13_112_20,F13,112,20,0.415,112.0,0.5263733333333338,0.6080069572271262,0.5010788604763328,0.7448979169130325,0.5876467619552236,0.5840490204961015,trainfold8_purged,7,0.063,3.232
F13_112_21,F13,112,21,0.404,112.0,0.5153216666666672,0.6046979963594292,0.443825811873426,0.6910324245691299,0.5661944689899634,0.5729988556033119,trainfold8_purged,7,0.063,3.232
F13_112_22,F13,112,22,0.394,112.0,0.5031216666666671,0.5370405706587644,0.34982927564394845,0.6721128672361374,0.532797052456847,0.5552782736463231,trainfold8_purged,7,0.063,3.232
F13_112_23,F13,112,23,0.364,112.0,0.5064183333333341,0.4980301148522551,0.3228041174086411,0.6620646119117737,0.5208452793395877,0.5481166742648556,trainfold8_purged,7,0.063,3.232
F47_160_00,F47,160,0,0.705,160.0,0.6884583333333318,0.5591426626651854,0.5371858401583411,0.6645283997058868,0.6405347861934884,0.6405347861934884,trainfold8_purged,7,0.063,3.232
F47_160_01,F47,160,1,0.7,160.0,0.6837299999999983,0.6058965023426385,0.9805352396098626,0.673904538154602,0.6868292873619419,0.6752556620698286,trainfold8_purged,7,0.063,3.232
F47_160_02,F47,160,2,0.698,160.0,0.6826183333333328,0.5842749557913907,0.5717380842390786,0.6456215679645538,0.6427461497219705,0.649724778740552,trainfold8_purged,7,0.063,3.232
F47_160_03,F47,160,3,0.696,160.0,0.6810050000000011,0.5825075589775907,1.0790975010969626,0.6688382476568222,0.6867796637737438,0.6755010677682649,trainfold8_purged,7,0.063,3.232
F47_160_04,F47,160,4,0.695,160.0,0.6806683333333319,0.5939214926189854,1.1786728681413636,0.6710482984781265,0.6977654473754902,0.6843482571304086,trainfold8_purged,7,0.063,3.232
F47_160_05,F47,160,5,0.694,160.0,0.6818033333333325,0.5888272204155632,1.0921078772101986,0.6613622307777405,0.6882252092320988,0.6810193165876106,trainfold8_purged,7,0.063,3.232
F47_160_06,F47,160,6,0.693,160.0,0.6799983333333338,0.5869591833001457,0.9467783953428304,0.6511219590902328,0.6732360674375082,0.6734835059399142,trainfold8_purged,7,0.063,3.232
F47_160_07,F47,160,7,0.691,160.0,0.6895783333333331,0.6108990369447158,0.8127954098729102,0.6384681314229965,0.6703306279411639,0.6718182664104198,trainfold8_purged,7,0.063,3.232
F47_160_08,F47,160,8,0.692,160.0,0.7008483333333326,0.5337849537823208,0.6677050490413534,0.6462531238794327,0.6471826176069515,0.6587929675059401,trainfold8_purged,7,0.063,3.232
F47_160_09,F47,160,9,0.686,160.0,0.7204266666666683,0.6811189502570676,1.4543341768758178,0.6443302184343338,0.7544861258986293,0.7166488620764639,trainfold8_purged,7,0.063,3.232
F47_160_10,F47,160,10,0.678,160.0,0.7096666666666697,0.6276426182800628,1.2892227783815127,0.6419304758310318,0.7227981458239439,0.7028042605650142,trainfold8_purged,7,0.063,3.232
F47_160_11,F47,160,11,0.672,160.0,0.7073866666666669,0.5980117165713257,0.8499736853820231,0.6425047218799591,0.6795672511836719,0.6810536830731111,trainfold8_purged,7,0.063,3.232
F47_160_12,F47,160,12,0.678,160.0,0.7147233333333342,0.6433210934686779,0.9679746918044589,0.6522192507982254,0.7053460879364849,0.6948202542562074,trainfold8_purged,7,0.063,3.232
F47_160_13,F47,160,13,0.691,160.0,0.7459016666666682,0.6535069989699825,0.7941224078000702,0.6414650678634644,0.706697285949495,0.6962959555974826,trainfold8_purged,7,0.063,3.232
F47_160_14,F47,160,14,0.712,160.0,0.7644500000000021,0.7058081071126628,1.3327165849142595,0.658687025308609,0.7746846775619027,0.7332493198142342,trainfold8_purged,7,0.063,3.232
F47_160_15,F47,160,15,0.706,160.0,0.76718,0.58580796204846,0.6853549195850466,0.6829612255096436,0.7002609495603627,0.6963014241726453,trainfold8_purged,7,0.063,3.232
F47_160_16,F47,160,16,0.713,160.0,0.7771866666666671,0.6352035657616623,0.6828238775636022,0.692132979631424,0.7185509619141722,0.7062172851474691,trainfold8_purged,7,0.063,3.232
F47_160_17,F47,160,17,0.718,160.0,0.7813183333333334,0.5853364380475922,0.881146046295262,0.7007696628570557,0.7261591614064544,0.7109179280332125,trainfold8_purged,7,0.063,3.232
F47_160_18,F47,160,18,0.711,160.0,0.7785650000000018,0.621550224201466,0.44121786283643044,0.6923172622919083,0.6966441352936488,0.696185873940854,trainfold8_purged,7,0.063,3.232
F47_160_19,F47,160,19,0.701,160.0,0.7743499999999999,0.5802762163700281,0.5683702963327613,0.6782083809375763,0.6920655918229428,0.693805051686373,trainfold8_purged,7,0.063,3.232
F47_160_20,F47,160,20,0.692,160.0,0.7655850000000026,0.628861412007602,0.8167038430421583,0.6676455140113831,0.717272949127475,0.7069260740904884,trainfold8_purged,7,0.063,3.232
F47_160_21,F47,160,21,0.683,160.0,0.7540733333333336,0.5956734908173239,1.3947082932325536,0.6537009924650192,0.7472336997477661,0.7230576880527764,trainfold8_purged,7,0.063,3.232
F47_160_22,F47,160,22,0.675,160.0,0.7448500000000016,0.6012315906115443,0.9609436215399518,0.645316556096077,0.7077623826891829,0.703515088356776,trainfold8_purged,7,0.063,3.232
F47_160_23,F47,160,23,0.669,160.0,0.740925000000002,0.6302470310754575,0.6583152419187757,0.6400658041238785,0.6875816676363886,0.6931812698639626,trainfold8_purged,7,0.063,3.232
F47_161_00,F47,161,0,0.663,161.0,1.2498100000000045,0.6330348262450501,1.2263610390324284,1.3070371448993683,1.1113534704012822,1.1113534704012822,trainfold8_purged,7,0.063,3.232
F47_161_01,F47,161,1,0.66,161.0,1.2383916666666677,0.6324238354227955,1.3301770511855886,1.2703078091144562,1.1066854464192097,1.1078524524147277,trainfold8_purged,7,0.063,3.232
F47_161_02,F47,161,2,0.657,161.0,1.1924966666666663,0.6547771306752171,1.4939099678334427,1.210168331861496,1.0910913751610265,1.0970674029107663,trainfold8_purged,7,0.063,3.232
F47_161_03,F47,161,3,0.655,161.0,1.1759666666666655,0.621145374942084,0.6640016879788293,1.1611769944429398,0.998894423912994,1.0379503014433111,trainfold8_purged,7,0.063,3.232
F47_161_04,F47,161,4,0.653,161.0,1.1791249999999986,0.5960138133628331,0.7953729749861708,1.1278129816055298,0.9982157495270789,1.0297319213056988,trainfold8_purged,7,0.063,3.232
F47_161_05,F47,161,5,0.652,161.0,1.1569533333333328,0.6473642958849056,0.7618020255303275,1.14418925344944,1.0004870437446913,1.0258041476362025,trainfold8_purged,7,0.063,3.232
F47_161_06,F47,161,6,0.653,161.0,1.1489449999999992,0.6231173036694865,0.619356481669732,1.1071196794509888,0.9720142073044526,1.0059172262572789,trainfold8_purged,7,0.063,3.232
F47_161_07,F47,161,7,0.654,161.0,1.1638216666666659,0.7575166414377216,0.5050394869378224,1.0499453395605087,0.9908306208121804,1.0122635814862724,trainfold8_purged,7,0.063,3.232
F47_161_08,F47,161,8,0.653,161.0,1.154585,0.6980832808586237,0.38517002949120144,1.0508915781974792,0.9627327054048618,0.9942721884073074,trainfold8_purged,7,0.063,3.232
F47_161_09,F47,161,9,0.634,161.0,1.1680266666666663,0.7448631732971137,1.4457816406934447,1.0692541599273682,1.0689333248322566,1.04952858079213,trainfold8_purged,7,0.063,3.232
F47_161_10,F47,161,10,0.616,161.0,1.1641850000000002,0.6659689354772778,0.996899280950484,1.0837716460227966,1.0151476161951447,1.021954989175535,trainfold8_purged,7,0.063,3.232
F47_161_11,F47,161,11,0.607,161.0,1.1725333333333332,0.5909889277093479,0.911292442363788,1.1188171207904816,1.0013201621974428,1.013897837178414,trainfold8_purged,7,0.063,3.232
F47_161_12,F47,161,12,0.616,161.0,1.1743866666666685,0.6045730672448006,0.9005123261471404,1.0614535510540009,0.9931348324413244,1.0085228384650446,trainfold8_purged,7,0.063,3.232
F47_161_13,F47,161,13,0.635,161.0,1.1453483333333354,0.752000199223501,0.7316663415851921,1.0200431048870087,0.9927891761178584,1.007238522147208,trainfold8_purged,7,0.063,3.232
F47_161_14,F47,161,14,0.657,161.0,1.1734100000000014,0.7457307394844659,0.8723409783654119,1.0826060622930527,1.028520668204116,1.0253320281912552,trainfold8_purged,7,0.063,3.232
F47_161_15,F47,161,15,0.665,161.0,1.1736816666666683,0.6658943070670625,0.6749588251245375,1.1619867980480194,1.0095758993156627,1.0154669097200684,trainfold8_purged,7,0.063,3.232
F47_161_16,F47,161,16,0.664,161.0,1.2014300000000022,0.682087742597803,0.7362280348184715,1.17521470785141,1.0343286425792335,1.0282247731887586,trainfold8_purged,7,0.063,3.232
F47_161_17,F47,161,17,0.66,161.0,1.19873166666667,0.7219285557430358,0.9402376208292766,1.2102413177490234,1.0659213265944771,1.0452377936073858,trainfold8_purged,7,0.063,3.232
F47_161_18,F47,161,18,0.654,161.0,1.2221483333333358,0.6877954814009477,1.0542219117829446,1.1772418022155762,1.0714882289219796,1.0492563492001286,trainfold8_purged,7,0.063,3.232
F47_161_19,F47,161,19,0.649,161.0,1.2064216666666687,0.6868330026411056,1.0883309194233568,1.1901468187570572,1.0690181579391462,1.0490711559202337,trainfold8_purged,7,0.063,3.232
F47_161_20,F47,161,20,0.645,161.0,1.1966066666666684,0.6574091333848981,1.253905333587383,1.153464287519455,1.0631546762032582,1.0469496655832882,trainfold8_purged,7,0.063,3.232
F47_161_21,F47,161,21,0.639,161.0,1.2022400000000015,0.6705398929870418,0.9929570215600281,1.198555588722229,1.0571524537861388,1.0445487316207016,trainfold8_purged,7,0.063,3.232
F47_161_22,F47,161,22,0.633,161.0,1.2014316666666693,0.6916978220530516,1.1170213046775015,1.1787318587303162,1.067802753412997,1.050653397607125,trainfold8_purged,7,0.063,3.232
F47_161_23,F47,161,23,0.63,161.0,1.1927250000000023,0.6596689840362657,1.2688025369016063,1.1400677561759949,1.0603463103560324,1.047484390006867,trainfold8_purged,7,0.063,3.232
F13_098_00,F13,98,0,0.381,98.0,0.44179500000000066,0.4001999368608859,0.4145983175532785,0.34353283047676086,0.40998401634622744,0.40998401634622744,trainfold8_purged,101,0.063,3.232
F13_098_01,F13,98,1,0.376,98.0,0.4360316666666663,0.4032453993194092,0.4178030474118642,0.3399871438741684,0.40749576840444085,0.40811783038988747,trainfold8_purged,101,0.063,3.232
F13_098_02,F13,98,2,0.372,98.0,0.4311516666666666,0.39551524691390594,0.4043791997713886,0.3367072194814682,0.40156823913734213,0.4039587902166728,trainfold8_purged,101,0.063,3.232
F13_098_03,F13,98,3,0.369,98.0,0.43049333333333334,0.39999895565401644,0.38159291107819693,0.3339327424764633,0.3999505307385124,0.40235008469757155,trainfold8_purged,101,0.063,3.232
F13_098_04,F13,98,4,0.367,98.0,0.4354749999999991,0.4480313804296345,0.5616431470109007,0.33715569227933884,0.4289181215198517,0.4192507283745633,trainfold8_purged,101,0.063,3.232
F13_098_05,F13,98,5,0.365,98.0,0.4343016666666664,0.4445189004596559,0.49394742406779424,0.33909671753644943,0.42248447354303076,0.4171089992456325,trainfold8_purged,101,0.063,3.232
F13_098_06,F13,98,6,0.364,98.0,0.4376616666666674,0.4503293838978797,0.5271176693461588,0.34127435833215714,0.42858093734961555,0.42136061774902356,trainfold8_purged,101,0.063,3.232
F13_098_07,F13,98,7,0.364,98.0,0.43175833333333297,0.42625280049360964,0.20292412689928602,0.34350845217704773,0.3944802927058185,0.4030815450869617,trainfold8_purged,101,0.063,3.232
F13_098_08,F13,98,8,0.369,98.0,0.44221999999999906,0.44077365356567494,0.5654195469662553,0.3536997362971306,0.4340247878724881,0.4240950143594289,trainfold8_purged,101,0.063,3.232
F13_098_09,F13,98,9,0.381,98.0,0.44952500000000006,0.41298953791457416,0.5303797708255467,0.3598207160830498,0.42928401398215155,0.4224805660710498,trainfold8_purged,101,0.063,3.232
F13_098_10,F13,98,10,0.397,98.0,0.44924333333333344,0.464608609888483,0.48619929417335606,0.36399873346090317,0.43883855659928517,0.42831063003595005,trainfold8_purged,101,0.063,3.232
F13_098_11,F13,98,11,0.408,98.0,0.4533616666666668,0.37987411115628855,0.3538774392524709,0.3675340488553047,0.41060039158876793,0.4138922845355312,trainfold8_purged,101,0.063,3.232
F13_098_12,F13,98,12,0.415,98.0,0.44723166666666697,0.3728878935694809,0.3399354838086363,0.3656695783138275,0.40449304882413195,0.41035049282020686,trainfold8_purged,101,0.063,3.232
F13_098_13,F13,98,13,0.424,98.0,0.4491916666666656,0.3727837804063827,0.3386373443670655,0.36701665818691254,0.40557442648427905,0.4105114134241375,trainfold8_purged,101,0.063,3.232
F13_098_14,F13,98,14,0.432,98.0,0.45087166666666584,0.3993715232468843,0.3496118991420947,0.37132249027490616,0.4145010155656007,0.4149431284715185,trainfold8_purged,101,0.063,3.232
F13_098_15,F13,98,15,0.442,98.0,0.4513933333333323,0.48311570253873415,0.44261237507522183,0.3755856528878212,0.4431426891928777,0.4301313855293895,trainfold8_purged,101,0.063,3.232
F13_098_16,F13,98,16,0.448,98.0,0.4561950000000002,0.5055342491488104,0.4672706777878339,0.37836337834596634,0.4533561496879346,0.436303882477566,trainfold8_purged,101,0.063,3.232
F13_098_17,F13,98,17,0.446,98.0,0.45966333333333326,0.4826555690349021,0.6522255992667535,0.37844155728816986,0.4643420959673507,0.4430493689700561,trainfold8_purged,101,0.063,3.232
F13_098_18,F13,98,18,0.436,98.0,0.45429166666666637,0.39758218378059473,0.39639587455422265,0.3710737079381943,0.4194061356593193,0.4205195333867393,trainfold8_purged,101,0.063,3.232
F13_098_19,F13,98,19,0.425,98.0,0.4493849999999993,0.3947570763180487,0.3677908065133002,0.3661290556192398,0.41309557396124336,0.41715081860887837,trainfold8_purged,101,0.063,3.232
F13_098_20,F13,98,20,0.413,98.0,0.44274499999999906,0.3832947200360668,0.31382623543273047,0.3559730276465416,0.40080903717258237,0.4105219067363591,trainfold8_purged,101,0.063,3.232
F13_098_21,F13,98,21,0.404,98.0,0.44298499999999935,0.41593536297572464,0.21546714413917234,0.354126013815403,0.400519861408388,0.4099292526067222,trainfold8_purged,101,0.063,3.232
F13_098_22,F13,98,22,0.397,98.0,0.4434200000000002,0.42137973456296096,0.2570396769874382,0.35179566591978073,0.40489504363806195,0.41180285241358106,trainfold8_purged,101,0.063,3.232
F13_098_23,F13,98,23,0.39,98.0,0.44314166666666677,0.42423560993219306,0.22720658744483457,0.3504909351468086,0.4027992604086749,0.4104234732826286,trainfold8_purged,101,0.063,3.232
F13_112_00,F13,112,0,0.365,112.0,0.49069333333333476,0.6587686552699769,0.4061375656525008,0.6990687102079391,0.5659420245585831,0.5659420245585831,trainfold8_purged,101,0.063,3.232
F13_112_01,F13,112,1,0.365,112.0,0.48805000000000065,0.6502681809729696,0.49588289373309336,0.6871952712535858,0.5674380491828777,0.567064043026804,trainfold8_purged,101,0.063,3.232
F13_112_02,F13,112,2,0.364,112.0,0.48599,0.6145670213293086,0.5022852328561277,0.6848935782909393,0.557932819405712,0.5608518918940515,trainfold8_purged,101,0.063,3.232
F13_112_03,F13,112,3,0.364,112.0,0.48458000000000084,0.6206818039657065,0.4539834381514988,0.6809403002262115,0.5540687680491321,0.5577070916741041,trainfold8_purged,101,0.063,3.232
F13_112_04,F13,112,4,0.364,112.0,0.4846366666666672,0.6168673118674353,0.3899850076119884,0.677729606628418,0.5474184767828274,0.5529892521893269,trainfold8_purged,101,0.063,3.232
F13_112_05,F13,112,5,0.363,112.0,0.4825316666666674,0.5609637420615247,0.36221806273348517,0.660716325044632,0.5273672081223715,0.540364216236311,trainfold8_purged,101,0.063,3.232
F13_112_06,F13,112,6,0.363,112.0,0.4811300000000008,0.6182560974896887,0.35933087009301445,0.6652195304632187,0.5411142390976105,0.5463629470630277,trainfold8_purged,101,0.063,3.232
F13_112_07,F13,112,7,0.363,112.0,0.4915266666666679,0.5927469484245363,0.2532370073030651,0.6464243829250336,0.5277359047911412,0.5381815455199616,trainfold8_purged,101,0.063,3.232
F13_112_08,F13,112,8,0.366,112.0,0.5015800000000006,0.6298565650337604,0.45622102635459094,0.648317962884903,0.5580852502934506,0.5538816662735978,trainfold8_purged,101,0.063,3.232
F13_112_09,F13,112,9,0.38,112.0,0.5074700000000004,0.7500235362690302,0.5908323955631756,0.6680955588817596,0.6044769521259734,0.5798174606834707,trainfold8_purged,101,0.063,3.232
F13_112_10,F13,112,10,0.403,112.0,0.506655,0.6297777699618698,0.5168527312752567,0.6805464923381805,0.5717985817605054,0.5642346669788975,trainfold8_purged,101,0.063,3.232
F13_112_11,F13,112,11,0.419,112.0,0.5239799999999996,0.5834539549135653,0.505815682192563,0.6974245458841324,0.571489512931487,0.5646975809283131,trainfold8_purged,101,0.063,3.232
F13_112_12,F13,112,12,0.427,112.0,0.5301100000000001,0.6242437582859544,0.583534089408235,0.7153710573911667,0.5940282406195212,0.5773562752221142,trainfold8_purged,101,0.063,3.232
F13_112_13,F13,112,13,0.426,112.0,0.5284833333333331,0.6487845447633048,0.6791652064067711,0.7458823621273041,0.6128899796811955,0.5886516329621116,trainfold8_purged,101,0.063,3.232
F13_112_14,F13,112,14,0.427,112.0,0.5312866666666665,0.6230509596323018,0.959037706039018,0.766435295343399,0.6345599058635536,0.6018248167073081,trainfold8_purged,101,0.063,3.232
F13_112_15,F13,112,15,0.435,112.0,0.5370583333333332,0.7147776292228102,0.5252986853387581,0.7912995219230652,0.629618430225188,0.6012456008466918,trainfold8_purged,101,0.063,3.232
F13_112_16,F13,112,16,0.441,112.0,0.5464899999999998,0.8235941812738989,0.4419412973418566,0.8187762796878815,0.6590883632306606,0.6185163200483241,trainfold8_purged,101,0.063,3.232
F13_112_17,F13,112,17,0.441,112.0,0.5476116666666669,0.7701403828689628,0.37820138192079616,0.8220815807580948,0.6423597185938339,0.6119413155556843,trainfold8_purged,101,0.063,3.232
F13_112_18,F13,112,18,0.434,112.0,0.5404366666666673,0.7298282235576008,0.3818516202505793,0.7879449129104614,0.6227054858559632,0.6031979511167076,trainfold8_purged,101,0.063,3.232
F13_112_19,F13,112,19,0.425,112.0,0.5343033333333338,0.6553075583327814,0.4009807672295146,0.7607769966125488,0.5979732747007387,0.5911889169971776,trainfold8_purged,101,0.063,3.232
F13_112_20,F13,112,20,0.415,112.0,0.530326666666667,0.6540318147016015,0.5163904456980869,0.7448979169130325,0.6018152545668379,0.5935244472938752,trainfold8_purged,101,0.063,3.232
F13_112_21,F13,112,21,0.404,112.0,0.5197166666666665,0.6080387252391538,0.5936899557906398,0.6910324245691299,0.581094975434474,0.5830702471689106,trainfold8_purged,101,0.063,3.232
F13_112_22,F13,112,22,0.394,112.0,0.5135466666666664,0.5392630379193007,0.4621882491279151,0.6721128672361374,0.5473231624780928,0.565364289464084,trainfold8_purged,101,0.063,3.232
F13_112_23,F13,112,23,0.364,112.0,0.5118133333333332,0.5161118168563399,0.41426551347943347,0.6620646119117737,0.535091399506231,0.5582418659584897,trainfold8_purged,101,0.063,3.232
F47_160_00,F47,160,0,0.705,160.0,0.6875033333333317,0.5502254685445737,0.5381814705430472,0.6645283997058868,0.6380159100353181,0.6380159100353181,trainfold8_purged,101,0.063,3.232
F47_160_01,F47,160,1,0.7,160.0,0.6835816666666648,0.586110610885454,0.982769064414497,0.673904538154602,0.6821881793965883,0.6711451120562707,trainfold8_purged,101,0.063,3.232
F47_160_02,F47,160,2,0.698,160.0,0.683323333333333,0.5391865369833518,0.7371524078628832,0.6456215679645538,0.6454964750979457,0.6503649983039482,trainfold8_purged,101,0.063,3.232
F47_160_03,F47,160,3,0.696,160.0,0.6826133333333343,0.5635037192989584,1.0789360402811035,0.6688382476568222,0.6829778253856031,0.6725737114322334,trainfold8_purged,101,0.063,3.232
F47_160_04,F47,160,4,0.695,160.0,0.6819499999999991,0.5788092899849023,1.176703696614838,0.6710482984781265,0.6945961850211886,0.6816255500042587,trainfold8_purged,101,0.063,3.232
F47_160_05,F47,160,5,0.694,160.0,0.6799016666666661,0.5843734918686927,1.060204795552385,0.6613622307777405,0.683691267848225,0.6774261208228516,trainfold8_purged,101,0.063,3.232
F47_160_06,F47,160,6,0.693,160.0,0.6807933333333336,0.5619664983353193,0.9627218928084863,0.6511219590902328,0.6688949028432022,0.6698660761093205,trainfold8_purged,101,0.063,3.232
F47_160_07,F47,160,7,0.691,160.0,0.6912516666666658,0.5727595157508726,0.9250214385991701,0.6384681314229965,0.670958425152742,0.6709054107501717,trainfold8_purged,101,0.063,3.232
F47_160_08,F47,160,8,0.692,160.0,0.7064199999999989,0.4990233152919943,0.5378809971570965,0.6462531238794327,0.6311283002185324,0.6487834540536743,trainfold8_purged,101,0.063,3.232
F47_160_09,F47,160,9,0.686,160.0,0.7237400000000029,0.5990098735128108,1.36047094924092,0.6443302184343338,0.7288612892692163,0.7007710826480362,trainfold8_purged,101,0.063,3.232
F47_160_10,F47,160,10,0.678,160.0,0.7240133333333366,0.6296701203193037,1.1269250868690128,0.6419304758310318,0.7171873309923619,0.6969571241898593,trainfold8_purged,101,0.063,3.232
F47_160_11,F47,160,11,0.672,160.0,0.7197066666666664,0.5898542959044868,0.8081623054924392,0.6425047218799591,0.6801781598324637,0.6785963403784563,trainfold8_purged,101,0.063,3.232
F47_160_12,F47,160,12,0.678,160.0,0.7244616666666664,0.6319214038565419,0.904787566233252,0.6522192507982254,0.7022295923838753,0.6905918670949093,trainfold8_purged,101,0.063,3.232
F47_160_13,F47,160,13,0.691,160.0,0.7529800000000011,0.6292691335633486,0.7674276356489388,0.6414650678634644,0.7021422164798121,0.6913763246669444,trainfold8_purged,101,0.063,3.232
F47_160_14,F47,160,14,0.712,160.0,0.7763833333333346,0.6540412555109327,1.236006297452103,0.658687025308609,0.7602518101805146,0.7230858340948436,trainfold8_purged,101,0.063,3.232
F47_160_15,F47,160,15,0.706,160.0,0.7740216666666663,0.589888242556939,0.71995350072631,0.6829612255096436,0.7072921033736986,0.697273863359077,trainfold8_purged,101,0.063,3.232
F47_160_16,F47,160,16,0.713,160.0,0.782503333333334,0.6299073625602909,0.46844136492805183,0.692132979631424,0.7026812721349991,0.6954221432923904,trainfold8_purged,101,0.063,3.232
F47_160_17,F47,160,17,0.718,160.0,0.7860433333333336,0.5506551129336601,0.5668832435553791,0.7007696628570557,0.6949626191599201,0.6917516947134658,trainfold8_purged,101,0.063,3.232
F47_160_18,F47,160,18,0.711,160.0,0.7821633333333347,0.5879756263767332,0.5531803758215296,0.6923172622919083,0.6992704328545206,0.6941879611025426,trainfold8_purged,101,0.063,3.232
F47_160_19,F47,160,19,0.701,160.0,0.7782533333333335,0.5654163238892145,0.5247642810709517,0.6782083809375763,0.6868843364066028,0.6879393840549847,trainfold8_purged,101,0.063,3.232
F47_160_20,F47,160,20,0.692,160.0,0.7723633333333371,0.5860701254448448,0.9246059231355223,0.6676455140113831,0.7188888067598829,0.7046533900663037,trainfold8_purged,101,0.063,3.232
F47_160_21,F47,160,21,0.683,160.0,0.7660133333333338,0.5998387387926591,1.3277293408089785,0.6537009924650192,0.7486062430679606,0.7208345688952342,trainfold8_purged,101,0.063,3.232
F47_160_22,F47,160,22,0.675,160.0,0.7610966666666683,0.6201103636506509,0.9508498951009353,0.645316556096077,0.7192841901034472,0.7067435705734327,trainfold8_purged,101,0.063,3.232
F47_160_23,F47,160,23,0.669,160.0,0.7551483333333358,0.6334022418260443,0.8859252666401236,0.6400658041238785,0.7133749201942374,0.7041883516428032,trainfold8_purged,101,0.063,3.232
F47_161_00,F47,161,0,0.663,161.0,1.2113100000000045,0.6347317958951754,1.65140984190711,1.3070371448993683,1.1272846473472868,1.1272846473472868,trainfold8_purged,101,0.063,3.232
F47_161_01,F47,161,1,0.66,161.0,1.2027366666666686,0.6395492999377616,1.0353167402178598,1.2703078091144562,1.0676923330253838,1.0825904116058596,trainfold8_purged,101,0.063,3.232
F47_161_02,F47,161,2,0.657,161.0,1.1758899999999997,0.6309495007318756,1.0041974934064788,1.210168331861496,1.0382245460204675,1.0579791940757568,trainfold8_purged,101,0.063,3.232
F47_161_03,F47,161,3,0.655,161.0,1.1740433333333324,0.5959379881345251,0.7090935334600315,1.1611769944429398,0.995528798717676,1.0263556899976898,trainfold8_purged,101,0.063,3.232
F47_161_04,F47,161,4,0.653,161.0,1.1729499999999997,0.5643256790488049,0.7355492735947132,1.1278129816055298,0.9828607011803961,1.0125894532193191,trainfold8_purged,101,0.063,3.232
F47_161_05,F47,161,5,0.652,161.0,1.1475850000000003,0.6239701039970703,0.7340579490025019,1.14418925344944,0.9881561115693852,1.0107236506064088,trainfold8_purged,101,0.063,3.232
F47_161_06,F47,161,6,0.653,161.0,1.146191666666666,0.6002925399801124,0.6125555305982896,1.1071196794509888,0.9646705879332877,0.9940794172376355,trainfold8_purged,101,0.063,3.232
F47_161_07,F47,161,7,0.654,161.0,1.1413816666666676,0.7325308777899638,0.5973532771396671,1.0499453395605087,0.9814479407528669,0.9998405745356054,trainfold8_purged,101,0.063,3.232
F47_161_08,F47,161,8,0.653,161.0,1.1406800000000004,0.6815200993877822,0.5511260706331608,1.0508915781974792,0.9653596251432167,0.9888589954432732,trainfold8_purged,101,0.063,3.232
F47_161_09,F47,161,9,0.634,161.0,1.144201666666668,0.7097534017896464,1.3417876210349209,1.0692541599273682,1.040751458097783,1.027974566538279,trainfold8_purged,101,0.063,3.232
F47_161_10,F47,161,10,0.616,161.0,1.1381599999999998,0.6709660790390508,1.0354728416658738,1.0837716460227966,1.0069408155072013,1.0106939334488256,trainfold8_purged,101,0.063,3.232
F47_161_11,F47,161,11,0.607,161.0,1.141338333333333,0.614180821088828,0.9376213766211945,1.1188171207904816,0.9940189313491106,1.0033818197013913,trainfold8_purged,101,0.063,3.232
F47_161_12,F47,161,12,0.616,161.0,1.1649583333333344,0.6084337635943949,0.9629725354482715,1.0614535510540009,0.9945326163093172,1.002938197114404,trainfold8_purged,101,0.063,3.232
F47_161_13,F47,161,13,0.635,161.0,1.1472250000000006,0.749364801101649,0.7963139299890885,1.0200431048870087,0.9982292876409249,1.0043181581274019,trainfold8_purged,101,0.063,3.232
F47_161_14,F47,161,14,0.657,161.0,1.1626300000000014,0.7356668697083185,1.164724805651419,1.0826060622930527,1.044321645640721,1.028494824361528,trainfold8_purged,101,0.063,3.232
F47_161_15,F47,161,15,0.665,161.0,1.1579016666666697,0.6371678849385112,0.6275048758113276,1.1619867980480194,0.9913108420597543,1.001322011289089,trainfold8_purged,101,0.063,3.232
F47_161_16,F47,161,16,0.664,161.0,1.1877900000000032,0.6513656995479591,0.8924968768495538,1.17521470785141,1.032909659609758,1.0227560223903067,trainfold8_purged,101,0.063,3.232
F47_161_17,F47,161,17,0.66,161.0,1.1946216666666702,0.689014339141335,1.298986332272376,1.2102413177490234,1.084749011525517,1.0506797713024822,trainfold8_purged,101,0.063,3.232
F47_161_18,F47,161,18,0.654,161.0,1.2099416666666696,0.6838460445763244,1.2715315069947284,1.1772418022155762,1.0820659317010128,1.051060741932903,trainfold8_purged,101,0.063,3.232
F47_161_19,F47,161,19,0.649,161.0,1.2129216666666698,0.6908432971070829,1.0877134646303688,1.1901468187570572,1.0730512322275423,1.0478782841977363,trainfold8_purged,101,0.063,3.232
F47_161_20,F47,161,20,0.645,161.0,1.193888333333336,0.6690329490180721,1.219421885673282,1.153464287519455,1.0618809161220923,1.0432258780486818,trainfold8_purged,101,0.063,3.232
F47_161_21,F47,161,21,0.639,161.0,1.1830183333333373,0.6631047558571278,1.0350489925401662,1.198555588722229,1.0495089785533718,1.0376066851410966,trainfold8_purged,101,0.063,3.232
F47_161_22,F47,161,22,0.633,161.0,1.1877516666666712,0.6857615897179556,1.040452989639197,1.1787318587303162,1.0536861924495105,1.0403035921048331,trainfold8_purged,101,0.063,3.232
F47_161_23,F47,161,23,0.63,161.0,1.1810700000000038,0.667293444228801,1.1396368043060114,1.1400677561759949,1.046248522194594,1.036987413861426,trainfold8_purged,101,0.063,3.232
F13_098_00,F13,98,0,0.381,98.0,0.43268500000000054,0.40253042380140946,0.4007362212154312,0.34353283047676086,0.4050615655049253,0.4050615655049253,trainfold8_purged,2024,0.063,3.232
F13_098_01,F13,98,1,0.376,98.0,0.4255599999999997,0.3966235763930019,0.2874658502652509,0.3399871438741684,0.3904531551303741,0.3941052577240119,trainfold8_purged,2024,0.063,3.232
F13_098_02,F13,98,2,0.372,98.0,0.42479166666666657,0.39134848529346977,0.34971144170458673,0.3367072194814682,0.39314199570309327,0.3946804505746121,trainfold8_purged,2024,0.063,3.232
F13_098_03,F13,98,3,0.369,98.0,0.42335166666666696,0.397397930339311,0.34324230726289795,0.3339327424764633,0.39283023635775927,0.3941009872658986,trainfold8_purged,2024,0.063,3.232
F13_098_04,F13,98,4,0.367,98.0,0.42390666666666593,0.4397450044467537,0.4736865766582902,0.33715569227933884,0.41434006565575154,0.4067527346630661,trainfold8_purged,2024,0.063,3.232
F13_098_05,F13,98,5,0.365,98.0,0.42461666666666653,0.449399056779651,0.46725734079781733,0.33909671753644943,0.41687170439823146,0.40949407909496033,trainfold8_purged,2024,0.063,3.232
F13_098_06,F13,98,6,0.364,98.0,0.42432500000000084,0.436223323732535,0.4843171241521404,0.34127435833215714,0.4153698392944115,0.40968981693610196,trainfold8_purged,2024,0.063,3.232
F13_098_07,F13,98,7,0.364,98.0,0.4215666666666668,0.4270441601722938,0.4036655276536168,0.34350845217704773,0.4058375310890494,0.40503789636537446,trainfold8_purged,2024,0.063,3.232
F13_098_08,F13,98,8,0.369,98.0,0.428721666666666,0.4453999056338035,0.6459028469463592,0.3536997362971306,0.43509455236724737,0.4213806453781149,trainfold8_purged,2024,0.063,3.232
F13_098_09,F13,98,9,0.381,98.0,0.4419366666666667,0.41380583399613546,0.6261552138063077,0.3598207160830498,0.4334995604801871,0.4218747905391451,trainfold8_purged,2024,0.063,3.232
F13_098_10,F13,98,10,0.397,98.0,0.44124499999999994,0.45664553678091624,0.48990030819813807,0.36399873346090317,0.4333843001754516,0.4228687185493841,trainfold8_purged,2024,0.063,3.232
F13_098_11,F13,98,11,0.408,98.0,0.4416016666666664,0.37186732264183703,0.4711089628011457,0.3675340488553047,0.41241248422919335,0.4123852833806665,trainfold8_purged,2024,0.063,3.232
F13_098_12,F13,98,12,0.415,98.0,0.43964833333333314,0.37014286776704786,0.326830205194294,0.3656695783138275,0.3991458203424004,0.40524378750689544,trainfold8_purged,2024,0.063,3.232
F13_098_13,F13,98,13,0.424,98.0,0.4402933333333328,0.3625847279066309,0.29610586743455036,0.36701665818691254,0.3954529357297377,0.4028298873812194,trainfold8_purged,2024,0.063,3.232
F13_098_14,F13,98,14,0.432,98.0,0.44035499999999955,0.387487457885518,0.2856516871251151,0.37132249027490616,0.4014840229175146,0.4055546704379349,trainfold8_purged,2024,0.063,3.232
F13_098_15,F13,98,15,0.442,98.0,0.43906499999999926,0.4731354947031509,0.4370700207917324,0.3755856528878212,0.4343864509696587,0.4227796698706102,trainfold8_purged,2024,0.063,3.232
F13_098_16,F13,98,16,0.448,98.0,0.44232500000000047,0.49999628606793933,0.4981257389704135,0.37836337834596634,0.44783784344313204,0.4305837471270989,trainfold8_purged,2024,0.063,3.232
F13_098_17,F13,98,17,0.446,98.0,0.44421333333333307,0.47736147582029587,0.6476004406377608,0.37844155728816986,0.4552855009055258,0.4354730161386975,trainfold8_purged,2024,0.063,3.232
F13_098_18,F13,98,18,0.436,98.0,0.437856666666666,0.3767297139871396,0.4949877577460732,0.3710737079381943,0.41440009356423796,0.41499714305206326,trainfold8_purged,2024,0.063,3.232
F13_098_19,F13,98,19,0.425,98.0,0.4371099999999994,0.37846077677039947,0.46550178941322007,0.3661290556192398,0.41110934070180116,0.41323964532489266,trainfold8_purged,2024,0.063,3.232
F13_098_20,F13,98,20,0.413,98.0,0.4311533333333325,0.39050511010108174,0.4265369132757982,0.3559730276465416,0.4059923850156314,0.4104578921262756,trainfold8_purged,2024,0.063,3.232
F13_098_21,F13,98,21,0.404,98.0,0.43005333333333284,0.4107489575676608,0.3058549014111767,0.354126013815403,0.40029894469221305,0.4072787979976413,trainfold8_purged,2024,0.063,3.232
F13_098_22,F13,98,22,0.397,98.0,0.42924333333333314,0.415395824871483,0.30829007447657847,0.35179566591978073,0.40075413711123825,0.4072128178116793,trainfold8_purged,2024,0.063,3.232
F13_098_23,F13,98,23,0.39,98.0,0.43135500000000015,0.41209739450777755,0.33939470057117394,0.3504909351468086,0.4032035377569223,0.40821943561878804,trainfold8_purged,2024,0.063,3.232
F13_112_00,F13,112,0,0.365,112.0,0.48368833333333394,0.6663366088434103,0.29874585093358413,0.6990687102079391,0.5558045962386933,0.5558045962386933,trainfold8_purged,2024,0.063,3.232
F13_112_01,F13,112,1,0.365,112.0,0.48178499999999985,0.6539208085685351,0.5069427179635777,0.6871952712535858,0.5661922657442517,0.5635953483678622,trainfold8_purged,2024,0.063,3.232
F13_112_02,F13,112,2,0.364,112.0,0.4812099999999995,0.6207525120882686,0.4552705475762422,0.6848935782909393,0.5533617623654715,0.5559073185741386,trainfold8_purged,2024,0.063,3.232
F13_112_03,F13,112,3,0.364,112.0,0.47928000000000043,0.6242812512439708,0.421218794629403,0.6809403002262115,0.5497674639141478,0.5530244929898944,trainfold8_purged,2024,0.063,3.232
F13_112_04,F13,112,4,0.364,112.0,0.4777066666666667,0.607932987948137,0.3782179619110114,0.677729606628418,0.5410064753861175,0.547116494057927,trainfold8_purged,2024,0.063,3.232
F13_112_05,F13,112,5,0.363,112.0,0.4758483333333331,0.5484798531670934,0.3376057519576323,0.660716325044632,0.5191940899256393,0.5333742660940131,trainfold8_purged,2024,0.063,3.232
F13_112_06,F13,112,6,0.363,112.0,0.47453666666666655,0.5910821164027102,0.35891805322570813,0.6652195304632187,0.5313946582873508,0.5383202799909377,trainfold8_purged,2024,0.063,3.232
F13_112_07,F13,112,7,0.363,112.0,0.4836716666666678,0.5658748434586408,0.4347982250160444,0.6464243829250336,0.5320410970163647,0.5378181990630596,trainfold8_purged,2024,0.063,3.232
F13_112_08,F13,112,8,0.366,112.0,0.496726666666666,0.6050601416986325,0.5535607982863695,0.648317962884903,0.5575916904475616,0.5513710729640918,trainfold8_purged,2024,0.063,3.232
F13_112_09,F13,112,9,0.38,112.0,0.5063250000000001,0.7448092981856057,0.6533733947817292,0.6680955588817596,0.6076792149234357,0.5795412731741696,trainfold8_purged,2024,0.063,3.232
F13_112_10,F13,112,10,0.403,112.0,0.5082666666666661,0.6481166084749457,0.6411930333787295,0.6805464923381805,0.5869207271719211,0.5707764563778222,trainfold8_purged,2024,0.063,3.232
F13_112_11,F13,112,11,0.419,112.0,0.5187816666666663,0.5849076031579735,0.6823967115868605,0.6974245458841324,0.5834696708616887,0.5702524901092878,trainfold8_purged,2024,0.063,3.232
F13_112_12,F13,112,12,0.427,112.0,0.5265166666666662,0.625975083153268,0.632005260236131,0.7153710573911667,0.5965966522539079,0.5783375709168213,trainfold8_purged,2024,0.063,3.232
F13_112_13,F13,112,13,0.426,112.0,0.5385833333333329,0.6736557398737043,0.8404329550980135,0.7458823621273041,0.6366084864029907,0.6010767021636219,trainfold8_purged,2024,0.063,3.232
F13_112_14,F13,112,14,0.427,112.0,0.538438333333333,0.6340302228780016,0.7496990234864624,0.766435295343399,0.6238806344383171,0.5966573000650872,trainfold8_purged,2024,0.063,3.232
F13_112_15,F13,112,15,0.435,112.0,0.5523283333333331,0.7335583504127897,0.6723199224076309,0.7912995219230652,0.6532171022762929,0.6139437570023387,trainfold8_purged,2024,0.063,3.232
F13_112_16,F13,112,16,0.441,112.0,0.5656666666666664,0.8189423400488004,0.5892442116960938,0.8187762796878815,0.6789609544849758,0.6298830520112858,trainfold8_purged,2024,0.063,3.232
F13_112_17,F13,112,17,0.441,112.0,0.5704450000000004,0.7712632458540182,0.5526759729723171,0.8220815807580948,0.667547172994369,0.6265856619175594,trainfold8_purged,2024,0.063,3.232
F13_112_18,F13,112,18,0.434,112.0,0.5535033333333339,0.7308446275158144,0.4802392573506469,0.7879449129104614,0.6370924337739398,0.6127127208055867,trainfold8_purged,2024,0.063,3.232
F13_112_19,F13,112,19,0.425,112.0,0.5454750000000005,0.6316922581101315,0.5064936046570325,0.7607769966125488,0.6061090296415041,0.5976654192844756,trainfold8_purged,2024,0.063,3.232
F13_112_20,F13,112,20,0.415,112.0,0.5347750000000006,0.6652880693611052,0.3938001639534332,0.7448979169130325,0.5968447331455468,0.5932147692321659,trainfold8_purged,2024,0.063,3.232
F13_112_21,F13,112,21,0.404,112.0,0.5257000000000005,0.620868356209581,0.4271457083487371,0.6910324245691299,0.5737225470720246,0.5812931703261603,trainfold8_purged,2024,0.063,3.232
F13_112_22,F13,112,22,0.394,112.0,0.5222199999999999,0.5666370674105824,0.3444360611925631,0.6721128672361374,0.5486359545211723,0.5678753558103184,trainfold8_purged,2024,0.063,3.232
F13_112_23,F13,112,23,0.364,112.0,0.5209833333333336,0.5485656623362604,0.2896588876887115,0.6620646119117737,0.5373133923581543,0.5611765462966989,trainfold8_purged,2024,0.063,3.232
F47_160_00,F47,160,0,0.705,160.0,0.6863283333333327,0.552393565076283,0.6343266463081576,0.6645283997058868,0.6456638672641376,0.6456638672641376,trainfold8_purged,2024,0.063,3.232
F47_160_01,F47,160,1,0.7,160.0,0.6835799999999986,0.5672825100853897,1.0619245777286062,0.673904538154602,0.6840010762697019,0.6744167740183108,trainfold8_purged,2024,0.063,3.232
F47_160_02,F47,160,2,0.698,160.0,0.6804083333333336,0.5740512072576499,0.7449322873250265,0.6456215679645538,0.653087186320749,0.6570022814694726,trainfold8_purged,2024,0.063,3.232
F47_160_03,F47,160,3,0.696,160.0,0.6816500000000011,0.5462833114991603,1.0171615059085028,0.6688382476568222,0.6734405647638436,0.6687443692092259,trainfold8_purged,2024,0.063,3.232
F47_160_04,F47,160,4,0.695,160.0,0.6812033333333323,0.5602305095770811,1.2425222419375626,0.6710482984781265,0.6950443613491293,0.6826458862713207,trainfold8_purged,2024,0.063,3.232
F47_160_05,F47,160,5,0.694,160.0,0.6811149999999994,0.5625077664784587,1.0452562951576028,0.6613622307777405,0.6778300137229861,0.674670596002372,trainfold8_purged,2024,0.063,3.232
F47_160_06,F47,160,6,0.693,160.0,0.6806733333333331,0.5546216584169795,0.9369220911502497,0.6511219590902328,0.6650105571301416,0.6677965376236914,trainfold8_purged,2024,0.063,3.232
F47_160_07,F47,160,7,0.691,160.0,0.6829233333333325,0.5755971700963675,0.8249816659039382,0.6384681314229965,0.6596386803800424,0.6644266093900668,trainfold8_purged,2024,0.063,3.232
F47_160_08,F47,160,8,0.692,160.0,0.6966899999999988,0.5362164336769647,0.7005648296726981,0.6462531238794327,0.6483989552321734,0.6576503255290258,trainfold8_purged,2024,0.063,3.232
F47_160_09,F47,160,9,0.686,160.0,0.7218583333333356,0.6145953539250717,0.9772781268685268,0.6443302184343338,0.7010431787783673,0.6856795114497473,trainfold8_purged,2024,0.063,3.232
F47_160_10,F47,160,10,0.678,160.0,0.7159000000000029,0.6345340102475716,1.1878071837500093,0.6419304758310318,0.7193308323256257,0.6970512922326718,trainfold8_purged,2024,0.063,3.232
F47_160_11,F47,160,11,0.672,160.0,0.7147099999999994,0.6051919800199783,0.7210020536152134,0.6425047218799591,0.6744879838700035,0.674618044326956,trainfold8_purged,2024,0.063,3.232
F47_160_12,F47,160,12,0.678,160.0,0.7192016666666659,0.6602958106750485,0.9444472942129011,0.6522192507982254,0.7096874282586885,0.6935615866549438,trainfold8_purged,2024,0.063,3.232
F47_160_13,F47,160,13,0.691,160.0,0.7386500000000009,0.6469075106091664,0.6981422122351645,0.6414650678634644,0.6939541930977063,0.6862849136475423,trainfold8_purged,2024,0.063,3.232
F47_160_14,F47,160,14,0.712,160.0,0.7618850000000018,0.6884096255842314,1.2941005995106782,0.658687025308609,0.7661885631627925,0.7253211963122659,trainfold8_purged,2024,0.063,3.232
F47_160_15,F47,160,15,0.706,160.0,0.7649633333333331,0.5857043244601012,0.8823910888704938,0.6829612255096436,0.7149349700819924,0.7006469354162488,trainfold8_purged,2024,0.063,3.232
F47_160_16,F47,160,16,0.713,160.0,0.7713799999999998,0.6336018556933509,1.0149251552259875,0.692132979631424,0.741947453710768,0.7157881346706443,trainfold8_purged,2024,0.063,3.232
F47_160_17,F47,160,17,0.718,160.0,0.7773433333333327,0.6133203797181487,1.4668430720448535,0.7007696628570557,0.7778230694673549,0.7361757829332942,trainfold8_purged,2024,0.063,3.232
F47_160_18,F47,160,18,0.711,160.0,0.7747633333333339,0.6397735474923154,1.1682319620775112,0.6923172622919083,0.7573540608227386,0.7275945829379205,trainfold8_purged,2024,0.063,3.232
F47_160_19,F47,160,19,0.701,160.0,0.7693899999999995,0.5871224876305103,1.4964319407789097,0.6782083809375763,0.7655728284811503,0.7333974098528275,trainfold8_purged,2024,0.063,3.232
F47_160_20,F47,160,20,0.692,160.0,0.7607583333333355,0.6522901543394415,1.6630931462144658,0.6676455140113831,0.7882901915409009,0.7468291437711884,trainfold8_purged,2024,0.063,3.232
F47_160_21,F47,160,21,0.683,160.0,0.7494716666666659,0.6052876158902111,1.794236399456088,0.6537009924650192,0.7792945382631412,0.7440114635473464,trainfold8_purged,2024,0.063,3.232
F47_160_22,F47,160,22,0.675,160.0,0.7450966666666677,0.6293974774206844,1.2582807966127194,0.645316556096077,0.7384275695291979,0.7242236135433671,trainfold8_purged,2024,0.063,3.232
F47_160_23,F47,160,23,0.669,160.0,0.7395216666666687,0.6824682173189459,1.0008274563753217,0.6400658041238785,0.7268421294913494,0.7187813616897306,trainfold8_purged,2024,0.063,3.232
F47_161_00,F47,161,0,0.663,161.0,1.2353650000000025,0.621323773717507,0.9225949580925572,1.3070371448993683,1.0773079313194813,1.0773079313194813,trainfold8_purged,2024,0.063,3.232
F47_161_01,F47,161,1,0.66,161.0,1.2281916666666666,0.6365838835959552,1.2323912912267274,1.2703078091144562,1.0949649971840587,1.0905507307179145,trainfold8_purged,2024,0.063,3.232
F47_161_02,F47,161,2,0.657,161.0,1.2250166666666658,0.6617917056609712,1.6277700165767037,1.210168331861496,1.1190932770570683,1.1081076727886354,trainfold8_purged,2024,0.063,3.232
F47_161_03,F47,161,3,0.655,161.0,1.1996733333333323,0.5989396246164813,0.7237552495266157,1.1611769944429398,1.0097245287586722,1.042498606169246,trainfold8_purged,2024,0.063,3.232
F47_161_04,F47,161,4,0.653,161.0,1.19881,0.5716153938745357,1.038917157911776,1.1278129816055298,1.0212924634839367,1.04288455152229,trainfold8_purged,2024,0.063,3.232
F47_161_05,F47,161,5,0.652,161.0,1.1836183333333343,0.6255642625884187,0.7922979484033074,1.14418925344944,1.0104939095833736,1.0329867137405695,trainfold8_purged,2024,0.063,3.232
F47_161_06,F47,161,6,0.653,161.0,1.1791616666666669,0.6080838356675722,0.730587716044239,1.1071196794509888,0.9918086737339544,1.0190961783755874,trainfold8_purged,2024,0.063,3.232
F47_161_07,F47,161,7,0.654,161.0,1.1752200000000002,0.7785072271191187,0.649352502020419,1.0499453395605087,1.012884602582324,1.0275404502725913,trainfold8_purged,2024,0.063,3.232
F47_161_08,F47,161,8,0.653,161.0,1.1500900000000007,0.745561258132046,0.8747733276530404,1.0508915781974792,1.0111380838034303,1.024941734540954,trainfold8_purged,2024,0.063,3.232
F47_161_09,F47,161,9,0.634,161.0,1.149634999999999,0.7700211343003993,1.2519399069590105,1.0692541599273682,1.05063589677429,1.0452851666011744,trainfold8_purged,2024,0.063,3.232
F47_161_10,F47,161,10,0.616,161.0,1.1453499999999979,0.6962729867366237,1.0709316663811002,1.0837716460227966,1.019302379331836,1.0286805871028464,trainfold8_purged,2024,0.063,3.232
F47_161_11,F47,161,11,0.607,161.0,1.1657999999999988,0.5971320322001745,0.8529189733561103,1.1188171207904816,0.9948926297546266,1.0146771221009403,trainfold8_purged,2024,0.063,3.232
F47_161_12,F47,161,12,0.616,161.0,1.1865350000000023,0.6357078334747663,0.9436472406879707,1.0614535510540009,1.009889169499783,1.0212302979370773,trainfold8_purged,2024,0.063,3.232
F47_161_13,F47,161,13,0.635,161.0,1.1775033333333333,0.7385894930885046,1.0217967313596457,1.0200431048870087,1.0282154378274144,1.030237861081359,trainfold8_purged,2024,0.063,3.232
F47_161_14,F47,161,14,0.657,161.0,1.1980666666666686,0.7367367669179402,0.9012721578378723,1.0826060622930527,1.040511809145947,1.036661097567647,trainfold8_purged,2024,0.063,3.232
F47_161_15,F47,161,15,0.665,161.0,1.2034716666666692,0.6273928556071916,0.5901693165033983,1.1619867980480194,1.007851590275603,1.0195510257664202,trainfold8_purged,2024,0.063,3.232
F47_161_16,F47,161,16,0.664,161.0,1.2227783333333355,0.6705646682465106,0.7933644614545912,1.17521470785141,1.0463812188658128,1.0392608623441304,trainfold8_purged,2024,0.063,3.232
F47_161_17,F47,161,17,0.66,161.0,1.2405783333333362,0.7060927811206233,1.1421185237562719,1.2102413177490234,1.0983576129192576,1.0670884234568752,trainfold8_purged,2024,0.063,3.232
F47_161_18,F47,161,18,0.654,161.0,1.250358333333336,0.705793510728531,1.255975619155231,1.1772418022155762,1.1054888525503825,1.0724874542870664,trainfold8_purged,2024,0.063,3.232
F47_161_19,F47,161,19,0.649,161.0,1.242588333333336,0.6866156191921186,1.2056702927342928,1.1901468187570572,1.0957131357762646,1.0690052728938202,trainfold8_purged,2024,0.063,3.232
F47_161_20,F47,161,20,0.645,161.0,1.2298000000000022,0.6785623236863328,1.2922860492803807,1.153464287519455,1.0872346991310424,1.0658359900264394,trainfold8_purged,2024,0.063,3.232
F47_161_21,F47,161,21,0.639,161.0,1.233518333333335,0.6712222066753665,1.0170102469519602,1.198555588722229,1.0742540671026912,1.0600233282436466,trainfold8_purged,2024,0.063,3.232
F47_161_22,F47,161,22,0.633,161.0,1.2329116666666695,0.6983069379521627,1.0930642692616226,1.1787318587303162,1.0825827783955135,1.0649874706076865,trainfold8_purged,2024,0.063,3.232
F47_161_23,F47,161,23,0.63,161.0,1.229846666666668,0.6686886002941577,1.1990968642683517,1.1400677561759949,1.0747529644472655,1.0616425803341334,trainfold8_purged,2024,0.063,3.232
F13_098_00,F13,98,0,0.381,98.0,0.4076116666666678,0.39605632479330144,0.4526853317313686,0.34603871405124664,0.39612968729915177,0.39612968729915177,common_intersection,7,0.064,3.232
F13_098_01,F13,98,1,0.376,98.0,0.4044916666666669,0.37928216076001736,0.37798705444996916,0.34323298931121826,0.38406928080064545,0.387084382425272,common_intersection,7,0.064,3.232
F13_098_02,F13,98,2,0.372,98.0,0.40450000000000047,0.3696810875703392,0.5217529856146688,0.3414958715438843,0.392922874174832,0.39198174413318754,common_intersection,7,0.064,3.232
F13_098_03,F13,98,3,0.369,98.0,0.4031116666666672,0.37336247212730184,0.5477939983200019,0.33848990499973297,0.3946220941760995,0.39327903914439083,common_intersection,7,0.064,3.232
F13_098_04,F13,98,4,0.367,98.0,0.4088516666666658,0.4157163737091143,0.6172976390087537,0.34544727206230164,0.4144939952233476,0.40547079077908144,common_intersection,7,0.064,3.232
F13_098_05,F13,98,5,0.365,98.0,0.4099916666666664,0.43038103758128415,0.6234065201379024,0.34726037085056305,0.4194120448006529,0.40984352043988725,common_intersection,7,0.064,3.232
F13_098_06,F13,98,6,0.364,98.0,0.41252333333333396,0.46119954994872037,0.6397091956195262,0.35332729667425156,0.43054128697210564,0.41757001944654104,common_intersection,7,0.064,3.232
F13_098_07,F13,98,7,0.364,98.0,0.4109366666666666,0.4321143512622596,0.3134844433108206,0.34942643344402313,0.39592108645661256,0.39971756509727174,common_intersection,7,0.064,3.232
F13_098_08,F13,98,8,0.369,98.0,0.4218766666666663,0.4437992192369624,0.3490373348367202,0.35745249688625336,0.40842609878105907,0.40624296320633546,common_intersection,7,0.064,3.232
F13_098_09,F13,98,9,0.381,98.0,0.43506166666666685,0.41182026613892,0.5266857482609941,0.3652705028653145,0.4228554243072833,0.41439740580323114,common_intersection,7,0.064,3.232
F13_098_10,F13,98,10,0.397,98.0,0.4419466666666669,0.4406267009845016,0.5609280252455664,0.3656126633286476,0.43588158292165535,0.42227149400234787,common_intersection,7,0.064,3.232
F13_098_11,F13,98,11,0.408,98.0,0.4426699999999997,0.38439322463064163,0.39260380448139137,0.3649081587791443,0.409125910025694,0.4089130119269778,common_intersection,7,0.064,3.232
F13_098_12,F13,98,12,0.415,98.0,0.4438916666666665,0.36418546937585794,0.23131692526997788,0.358441062271595,0.39066607912612306,0.39898947975787935,common_intersection,7,0.064,3.232
F13_098_13,F13,98,13,0.424,98.0,0.4526583333333327,0.3622474646829086,0.4239476844090655,0.3587023466825485,0.40987167561313276,0.40868366354508046,common_intersection,7,0.064,3.232
F13_098_14,F13,98,14,0.432,98.0,0.45453499999999925,0.4027451638602581,0.1552620277539257,0.3600122258067131,0.3992590467081183,0.40310279560027623,common_intersection,7,0.064,3.232
F13_098_15,F13,98,15,0.442,98.0,0.45616999999999913,0.4802094773495327,0.4757567553473036,0.3641531392931938,0.44510304285031044,0.42721718424505595,common_intersection,7,0.064,3.232
F13_098_16,F13,98,16,0.448,98.0,0.4605983333333338,0.4810337413751552,0.5286666987016048,0.3686700016260147,0.4525626341513688,0.4322184889694548,common_intersection,7,0.064,3.232
F13_098_17,F13,98,17,0.446,98.0,0.45862833333333347,0.4639078713168371,0.6437086380715425,0.3711332008242607,0.4572028203266165,0.4357977064053863,common_intersection,7,0.064,3.232
F13_098_18,F13,98,18,0.436,98.0,0.455861666666666,0.409662967645012,0.4717564669026565,0.3621033951640129,0.42729390861981764,0.4211827588713464,common_intersection,7,0.064,3.232
F13_098_19,F13,98,19,0.425,98.0,0.4551766666666659,0.3976522701393274,0.40126408203446245,0.3558954522013664,0.4172015618364685,0.41618983429751166,common_intersection,7,0.064,3.232
F13_098_20,F13,98,20,0.413,98.0,0.4429166666666651,0.39555960996291983,0.3831466413121701,0.3456241339445114,0.40731086448497594,0.4110571703295373,common_intersection,7,0.064,3.232
F13_098_21,F13,98,21,0.404,98.0,0.4422283333333324,0.43031529411517494,0.3464351854168385,0.34383048862218857,0.41202618314542633,0.4133517093636563,common_intersection,7,0.064,3.232
F13_098_22,F13,98,22,0.397,98.0,0.4420066666666662,0.41525206704012246,0.3980126702315213,0.3426578491926193,0.41219627954667476,0.4133828237374281,common_intersection,7,0.064,3.232
F13_098_23,F13,98,23,0.39,98.0,0.44395666666666644,0.4156510361979361,0.4333919914176349,0.3417792096734047,0.4158826499355963,0.41525336897371,common_intersection,7,0.064,3.232
F13_112_00,F13,112,0,0.365,112.0,0.6719333333333344,0.7204827257409324,0.5810446338423554,0.6623993068933487,0.6744072862638826,0.6744072862638826,common_intersection,7,0.064,3.232
F13_112_01,F13,112,1,0.365,112.0,0.666371666666665,0.6973855615916634,0.5665341600205963,0.6636334210634232,0.6652803517963307,0.6675620854132187,common_intersection,7,0.064,3.232
F13_112_02,F13,112,2,0.364,112.0,0.6639316666666673,0.6537001585173446,0.5868306353399332,0.6585110574960709,0.6542239003705719,0.6594305399237501,common_intersection,7,0.064,3.232
F13_112_03,F13,112,3,0.364,112.0,0.660233333333335,0.6647346103954204,0.6349451413044768,0.6543203145265579,0.6581079807045715,0.6605564302442053,common_intersection,7,0.064,3.232
F13_112_04,F13,112,4,0.364,112.0,0.6575716666666677,0.6877238054979152,0.5660181041392336,0.6508204340934753,0.6561336484693339,0.658882140995136,common_intersection,7,0.064,3.232
F13_112_05,F13,112,5,0.363,112.0,0.6554550000000017,0.600346727279636,0.5346380088693437,0.6430417895317078,0.6300810131630026,0.6432266883121425,common_intersection,7,0.064,3.232
F13_112_06,F13,112,6,0.363,112.0,0.6535450000000013,0.6463163290555773,0.5922296563457335,0.6402257084846497,0.6442410331779277,0.6494401747279368,common_intersection,7,0.064,3.232
F13_112_07,F13,112,7,0.363,112.0,0.638806666666668,0.7272145223532647,0.3877447172730953,0.6327228099107742,0.6387228247287866,0.6456862897815437,common_intersection,7,0.064,3.232
F13_112_08,F13,112,8,0.366,112.0,0.6503733333333334,0.7007200387680595,0.4405101143321483,0.6508319228887558,0.6457592030286574,0.6488216704978322,common_intersection,7,0.064,3.232
F13_112_09,F13,112,9,0.38,112.0,0.669951666666666,0.7654850491117081,0.5458401578853518,0.671619787812233,0.6832843819800845,0.6691542721741996,common_intersection,7,0.064,3.232
F13_112_10,F13,112,10,0.403,112.0,0.6846366666666656,0.6877275968240024,0.6373898870271073,0.6838722974061966,0.6814458736811679,0.6694360049025985,common_intersection,7,0.064,3.232
F13_112_11,F13,112,11,0.419,112.0,0.6885549999999985,0.6646741547806424,0.4204728732764385,0.6852010190486908,0.6607062308192067,0.6592028540839168,common_intersection,7,0.064,3.232
F13_112_12,F13,112,12,0.427,112.0,0.6908449999999983,0.6916372998113606,0.7454581898501357,0.7110661715269089,0.6994484414481184,0.6801796887868146,common_intersection,7,0.064,3.232
F13_112_13,F13,112,13,0.426,112.0,0.7016649999999988,0.6996839670087971,0.6764564301118302,0.7359875589609146,0.7060373782832401,0.6850858158528659,common_intersection,7,0.064,3.232
F13_112_14,F13,112,14,0.427,112.0,0.7192483333333323,0.6787994027475848,0.6108487287170141,0.7672764360904694,0.7104742421748748,0.6888489140904293,common_intersection,7,0.064,3.232
F13_112_15,F13,112,15,0.435,112.0,0.7390233333333323,0.7231314886331132,0.49768389614114233,0.804764449596405,0.7290503588825191,0.7000690590966432,common_intersection,7,0.064,3.232
F13_112_16,F13,112,16,0.441,112.0,0.7591383333333329,0.840143026484267,0.5180001752325915,0.8436761349439621,0.7761959673636236,0.7267332812211029,common_intersection,7,0.064,3.232
F13_112_17,F13,112,17,0.441,112.0,0.7669866666666669,0.7565345643866923,0.5024621407418145,0.8592477887868881,0.7617684244695291,0.721866671701582,common_intersection,7,0.064,3.232
F13_112_18,F13,112,18,0.434,112.0,0.7534133333333334,0.734454117571253,0.44397748092559125,0.8179123401641846,0.737008054723985,0.7109349904022402,common_intersection,7,0.064,3.232
F13_112_19,F13,112,19,0.425,112.0,0.7372016666666664,0.6965439378847278,0.4642940442309109,0.7741298526525497,0.7129968391613174,0.6996327554479269,common_intersection,7,0.064,3.232
F13_112_20,F13,112,20,0.415,112.0,0.7284083333333338,0.7016314366107116,0.3820658019415064,0.7345511019229889,0.6955030293264893,0.6911057161874642,common_intersection,7,0.064,3.232
F13_112_21,F13,112,21,0.404,112.0,0.7059083333333335,0.657475500337704,0.4378602397239783,0.6469260454177856,0.6610441483425243,0.6732929971794381,common_intersection,7,0.064,3.232
F13_112_22,F13,112,22,0.394,112.0,0.6914683333333319,0.5727236498856708,0.42198312379754993,0.6247391253709793,0.6280649509505603,0.6555539007646346,common_intersection,7,0.064,3.232
F13_112_23,F13,112,23,0.364,112.0,0.6814799999999981,0.5314477628993545,0.41550245312038814,0.6134302318096161,0.6105841057073984,0.6453039209582347,common_intersection,7,0.064,3.232
F47_160_00,F47,160,0,0.705,160.0,0.690989999999999,0.6474926460476093,0.5194900130088542,0.7277494668960571,0.6741825294713455,0.6741825294713455,common_intersection,7,0.064,3.232
F47_160_01,F47,160,1,0.7,160.0,0.6888566666666633,0.7029847231069076,0.7125571687043816,0.8067520558834076,0.7177225182186884,0.7068375210318527,common_intersection,7,0.064,3.232
F47_160_02,F47,160,2,0.698,160.0,0.6900016666666662,0.6593507049797138,0.5607973167010863,0.6960166692733765,0.6735120883858933,0.6809922335389345,common_intersection,7,0.064,3.232
F47_160_03,F47,160,3,0.696,160.0,0.690315,0.7151215537569727,0.8540269014837968,0.8056807368993759,0.7324386724002523,0.7159513122596486,common_intersection,7,0.064,3.232
F47_160_04,F47,160,4,0.695,160.0,0.6886766666666653,0.7457833934671336,0.8911177953886624,0.8170568197965622,0.7442536020225169,0.7263377420611281,common_intersection,7,0.064,3.232
F47_160_05,F47,160,5,0.694,160.0,0.6848883333333317,0.7264467227200944,0.7525305453115337,0.7982142269611359,0.7229389024699717,0.7168901439823749,common_intersection,7,0.064,3.232
F47_160_06,F47,160,6,0.693,160.0,0.688624999999999,0.7217403745344282,0.7409900732324475,0.7599962055683136,0.7150361368605208,0.7132383862752025,common_intersection,7,0.064,3.232
F47_160_07,F47,160,7,0.691,160.0,0.6981149999999986,0.7963142643894987,0.7901830351570891,0.6946218311786652,0.7283496325017792,0.7209519463965751,common_intersection,7,0.064,3.232
F47_160_08,F47,160,8,0.692,160.0,0.7108916666666656,0.5443854034170827,0.38858742791603545,0.6915306001901627,0.6412736110914148,0.6733983440691731,common_intersection,7,0.064,3.232
F47_160_09,F47,160,9,0.686,160.0,0.737415000000004,0.7316767620590523,1.0611304049140384,0.7065854966640472,0.7557691546201071,0.7331584197121781,common_intersection,7,0.064,3.232
F47_160_10,F47,160,10,0.678,160.0,0.7414733333333361,0.8337369299353655,1.1259169680234098,0.7184131443500519,0.7897600494963722,0.7537544291817708,common_intersection,7,0.064,3.232
F47_160_11,F47,160,11,0.672,160.0,0.7320633333333338,0.802051484239349,0.7304218844118937,0.7347938418388367,0.7492752753381628,0.7348256448722907,common_intersection,7,0.064,3.232
F47_160_12,F47,160,12,0.678,160.0,0.7391200000000006,0.8077839248433282,0.9366299988937595,0.7522632479667664,0.7740287914672531,0.7492659712853296,common_intersection,7,0.064,3.232
F47_160_13,F47,160,13,0.691,160.0,0.7621433333333345,0.880049579271209,0.7303718191041875,0.7453854531049728,0.7845475351744203,0.7566697854271637,common_intersection,7,0.064,3.232
F47_160_14,F47,160,14,0.712,160.0,0.7870583333333354,0.8868951607568227,1.4565640773067874,0.7554466873407364,0.8582573022343287,0.7978401778422652,common_intersection,7,0.064,3.232
F47_160_15,F47,160,15,0.706,160.0,0.7888800000000001,0.7602459760041111,1.0899355389804348,0.7676752954721451,0.8018513364538505,0.7716505787958903,common_intersection,7,0.064,3.232
F47_160_16,F47,160,16,0.713,160.0,0.8014566666666675,0.7718057038502585,0.9396368738774042,0.7823979258537292,0.8015831040050007,0.7732850885381437,common_intersection,7,0.064,3.232
F47_160_17,F47,160,17,0.718,160.0,0.8006133333333336,0.7173456848086188,1.0366737096409542,0.7898410260677338,0.7973594663388917,0.7726280584069672,common_intersection,7,0.064,3.232
F47_160_18,F47,160,18,0.711,160.0,0.7972700000000021,0.7387538736208783,0.5194312220165074,0.7867925763130188,0.7589035426929363,0.7536897516423551,common_intersection,7,0.064,3.232
F47_160_19,F47,160,19,0.701,160.0,0.7917866666666664,0.6713553271667959,0.75964655350837,0.7731141895055771,0.756577440701816,0.752729237649546,common_intersection,7,0.064,3.232
F47_160_20,F47,160,20,0.692,160.0,0.7872316666666708,0.7347503853796689,0.6120770552220007,0.7613154500722885,0.7554405469233403,0.7523169696252145,common_intersection,7,0.064,3.232
F47_160_21,F47,160,21,0.683,160.0,0.7789249999999998,0.7175970213354039,1.2619270081040792,0.7449046075344086,0.7960423672757049,0.7736826292320471,common_intersection,7,0.064,3.232
F47_160_22,F47,160,22,0.675,160.0,0.775340000000002,0.698063738824745,0.8317378510660652,0.7368348687887192,0.7536044991609689,0.7525132953479962,common_intersection,7,0.064,3.232
F47_160_23,F47,160,23,0.669,160.0,0.7700300000000028,0.7424872320900314,0.5585281909537242,0.7270423322916031,0.7379020574362274,0.7443804071085671,common_intersection,7,0.064,3.232
F47_161_00,F47,161,0,0.663,161.0,1.2342333333333364,0.6828884399111932,1.1219005028535107,1.25719153881073,1.0975155735691147,1.0975155735691147,common_intersection,7,0.064,3.232
F47_161_01,F47,161,1,0.66,161.0,1.2244566666666667,0.7031615373637172,1.1868554456723663,1.2325892746448517,1.0979642595500518,1.0978520880548175,common_intersection,7,0.064,3.232
F47_161_02,F47,161,2,0.657,161.0,1.2396649999999996,0.6306212093795966,1.4420991990372543,1.0931804478168488,1.080392315737453,1.0861748493448298,common_intersection,7,0.064,3.232
F47_161_03,F47,161,3,0.655,161.0,1.21029,0.6318183819854748,0.5750112070503147,1.0110909342765808,0.9807946950958553,1.0224807030419871,common_intersection,7,0.064,3.232
F47_161_04,F47,161,4,0.653,161.0,1.2215083333333328,0.5408716829651733,0.6780302984009994,0.9744332134723663,0.9652622704781946,1.0048240466821643,common_intersection,7,0.064,3.232
F47_161_05,F47,161,5,0.652,161.0,1.2127616666666674,0.6727308890633051,0.5372926704905492,1.0362506359815598,0.9938145542107495,1.0148859161588264,common_intersection,7,0.064,3.232
F47_161_06,F47,161,6,0.653,161.0,1.1939633333333326,0.6622490272688769,0.5710215203015911,0.9450577795505524,0.9667354440787679,0.9964019443765402,common_intersection,7,0.064,3.232
F47_161_07,F47,161,7,0.654,161.0,1.2120900000000003,0.8879519369581184,0.571730974905233,0.9444131702184677,1.029532776906061,1.028017131554671,common_intersection,7,0.064,3.232
F47_161_08,F47,161,8,0.653,161.0,1.2023833333333342,0.7797191011790517,0.5305666413705437,0.9775588661432266,1.0022336888212617,1.0130193765466036,common_intersection,7,0.064,3.232
F47_161_09,F47,161,9,0.634,161.0,1.2088933333333325,0.8756402506250407,0.8685688665895822,1.0088488012552261,1.0616777297282214,1.0446350302728973,common_intersection,7,0.064,3.232
F47_161_10,F47,161,10,0.616,161.0,1.2051133333333317,0.7475979531210012,1.0809149308156856,1.0142111480236053,1.0471933328190155,1.0382837864547234,common_intersection,7,0.064,3.232
F47_161_11,F47,161,11,0.607,161.0,1.2058599999999997,0.7088997960908385,1.0233862420267463,1.038915365934372,1.0386027236108153,1.034373001997306,common_intersection,7,0.064,3.232
F47_161_12,F47,161,12,0.616,161.0,1.2272250000000031,0.7180136023490862,1.0175124807438463,1.0041274726390839,1.0436177575511068,1.0373987680892713,common_intersection,7,0.064,3.232
F47_161_13,F47,161,13,0.635,161.0,1.206470000000002,0.9056005536010768,0.7297331308304713,0.9627640545368195,1.047381194238061,1.0398591084188422,common_intersection,7,0.064,3.232
F47_161_14,F47,161,14,0.657,161.0,1.218751666666669,0.7873312608091521,0.9758312195138114,1.015238732099533,1.055074546575209,1.0444637020532692,common_intersection,7,0.064,3.232
F47_161_15,F47,161,15,0.665,161.0,1.2229050000000041,0.7620001775563072,0.7215685284416888,1.0878611505031586,1.0451721549894826,1.0398662343059732,common_intersection,7,0.064,3.232
F47_161_16,F47,161,16,0.664,161.0,1.2423433333333371,0.7848940070572661,0.7338809785398812,1.1294274032115936,1.069295320619255,1.0529494349737063,common_intersection,7,0.064,3.232
F47_161_17,F47,161,17,0.66,161.0,1.2489100000000037,0.8320499004512703,1.024388976938747,1.1825830191373825,1.1176364980908828,1.0793709389529291,common_intersection,7,0.064,3.232
F47_161_18,F47,161,18,0.654,161.0,1.2641016666666696,0.8355344030185192,1.1933403379728504,1.1848334521055222,1.1397309741833785,1.093013587377293,common_intersection,7,0.064,3.232
F47_161_19,F47,161,19,0.649,161.0,1.271895000000004,0.8145916664421636,0.8662735421578338,1.2230435013771057,1.119922183594169,1.0849498416582621,common_intersection,7,0.064,3.232
F47_161_20,F47,161,20,0.645,161.0,1.2591333333333368,0.8114584769054065,1.0888029163055992,1.143244206905365,1.11488710914282,1.0839777713235512,common_intersection,7,0.064,3.232
F47_161_21,F47,161,21,0.639,161.0,1.2587516666666707,0.7689644200867145,1.078917642402465,1.1808727383613586,1.1112402198852824,1.083476412748896,common_intersection,7,0.064,3.232
F47_161_22,F47,161,22,0.633,161.0,1.267286666666671,0.8050184336869711,1.083016994458715,1.147100180387497,1.1175634197190716,1.0879825955811504,common_intersection,7,0.064,3.232
F47_161_23,F47,161,23,0.63,161.0,1.2715266666666698,0.7873622646058621,1.258691227441309,1.0802609622478485,1.116047234150283,1.0884254499364865,common_intersection,7,0.064,3.232
F13_098_00,F13,98,0,0.381,98.0,0.40652666666666754,0.39701295786974095,0.5189920567646011,0.34603871405124664,0.4011430172401557,0.4011430172401557,common_intersection,101,0.064,3.232
F13_098_01,F13,98,1,0.376,98.0,0.40305166666666653,0.3787002402965906,0.3901973130301476,0.34323298931121826,0.38421524057583717,0.3884471847419168,common_intersection,101,0.064,3.232
F13_098_02,F13,98,2,0.372,98.0,0.4028900000000003,0.3636103561513186,0.39469999069709155,0.3414958715438843,0.3805288590408608,0.3845789489965727,common_intersection,101,0.064,3.232
F13_098_03,F13,98,3,0.369,98.0,0.4010266666666669,0.3574542731239309,0.3931901089963452,0.33848990499973297,0.3774350152693978,0.38163277415048036,common_intersection,101,0.064,3.232
F13_098_04,F13,98,4,0.367,98.0,0.40246499999999946,0.4120701907076783,0.6410994370540395,0.34544727206230164,0.4124574551466261,0.4018066863006008,common_intersection,101,0.064,3.232
F13_098_05,F13,98,5,0.365,98.0,0.4042300000000001,0.4272383903130009,0.5865444530727554,0.34726037085056305,0.4129432440910533,0.40386519132585424,common_intersection,101,0.064,3.232
F13_098_06,F13,98,6,0.364,98.0,0.4071600000000012,0.44666197809591396,0.5566190836536541,0.35332729667425156,0.4178306607701626,0.4079548655375166,common_intersection,101,0.064,3.232
F13_098_07,F13,98,7,0.364,98.0,0.4096850000000006,0.4322094571058626,0.33024230623836687,0.34942643344402313,0.39668374089328123,0.39729419751085154,common_intersection,101,0.064,3.232
F13_098_08,F13,98,8,0.369,98.0,0.4146399999999997,0.4454722941015776,0.48767755559570464,0.35745249688625336,0.41644525440928554,0.40820498761779056,common_intersection,101,0.064,3.232
F13_098_09,F13,98,9,0.381,98.0,0.4266833333333341,0.4178211686545504,0.4789284706676381,0.3652705028653145,0.4164534587035664,0.40903352665879456,common_intersection,101,0.064,3.232
F13_098_10,F13,98,10,0.397,98.0,0.4322083333333337,0.43589857799159365,0.3793559315866102,0.3656126633286476,0.415546665910641,0.4092134516849054,common_intersection,101,0.064,3.232
F13_098_11,F13,98,11,0.408,98.0,0.43491000000000013,0.3722357102261083,0.2931067979062373,0.3649081587791443,0.3945235460425939,0.3983536962751912,common_intersection,101,0.064,3.232
F13_098_12,F13,98,12,0.415,98.0,0.4336200000000002,0.3669892297952016,0.3400828894613159,0.358441062271595,0.3951098587620727,0.3983747761831723,common_intersection,101,0.064,3.232
F13_098_13,F13,98,13,0.424,98.0,0.43735166666666603,0.34856694738278027,0.38141683566925066,0.3587023466825485,0.39583868356191665,0.39853200965301017,common_intersection,101,0.064,3.232
F13_098_14,F13,98,14,0.432,98.0,0.4425233333333327,0.41075772236615365,0.3799963263735311,0.3600122258067131,0.41339520463910173,0.4077159324881027,common_intersection,101,0.064,3.232
F13_098_15,F13,98,15,0.442,98.0,0.44711333333333214,0.486370934237947,0.4786670064896301,0.3641531392931938,0.4424674125949159,0.42351549747406636,common_intersection,101,0.064,3.232
F13_098_16,F13,98,16,0.448,98.0,0.45091333333333317,0.47772457220082887,0.5142032703341242,0.3686700016260147,0.44596255928013173,0.42648068778511294,common_intersection,101,0.064,3.232
F13_098_17,F13,98,17,0.446,98.0,0.45574666666666636,0.4605865979673481,0.5531387669233417,0.3711332008242607,0.4477769250308829,0.4285205959032882,common_intersection,101,0.064,3.232
F13_098_18,F13,98,18,0.436,98.0,0.44762833333333296,0.40861184586674404,0.499434463620882,0.3621033951640129,0.42530387913049156,0.4177061680150609,common_intersection,101,0.064,3.232
F13_098_19,F13,98,19,0.425,98.0,0.4425416666666659,0.4020732908060935,0.37430034572886756,0.3558954522013664,0.4100407078920447,0.41007288867064784,common_intersection,101,0.064,3.232
F13_098_20,F13,98,20,0.413,98.0,0.4352266666666654,0.38680274640265455,0.3755597818451904,0.3456241339445114,0.400911068473154,0.4052891641760573,common_intersection,101,0.064,3.232
F13_098_21,F13,98,21,0.404,98.0,0.4370683333333327,0.4367896415633638,0.3038594334736314,0.34383048862218857,0.4076971663775352,0.4086374382759428,common_intersection,101,0.064,3.232
F13_098_22,F13,98,22,0.397,98.0,0.4359683333333333,0.40228960257952256,0.3556338030090568,0.3426578491926193,0.4027965786983338,0.40603972853468956,common_intersection,101,0.064,3.232
F13_098_23,F13,98,23,0.39,98.0,0.4353866666666664,0.4019362138814631,0.3677979676300971,0.3417792096734047,0.4032299706766397,0.40613032228020907,common_intersection,101,0.064,3.232
F13_112_00,F13,112,0,0.365,112.0,0.6720950000000014,0.7395146929552252,0.6616055788980039,0.6623993068933487,0.6854974339997647,0.6854974339997647,common_intersection,101,0.064,3.232
F13_112_01,F13,112,1,0.365,112.0,0.6669816666666653,0.7249375109643383,0.5685523536796683,0.6636334210634232,0.6723470751384986,0.6756346648538151,common_intersection,101,0.064,3.232
F13_112_02,F13,112,2,0.364,112.0,0.6653300000000003,0.6660833920226367,0.5801653467804553,0.6585110574960709,0.6573338533270836,0.664529987074433,common_intersection,101,0.064,3.232
F13_112_03,F13,112,3,0.364,112.0,0.6622116666666679,0.6895502466605032,0.5700528024725252,0.6543203145265579,0.6598219463016349,0.6642860117466902,common_intersection,101,0.064,3.232
F13_112_04,F13,112,4,0.364,112.0,0.6572983333333345,0.6788751471855193,0.5505356970592297,0.6508204340934753,0.6526401779079587,0.6590841376214733,common_intersection,101,0.064,3.232
F13_112_05,F13,112,5,0.363,112.0,0.6525550000000019,0.5693839000057406,0.5007045824622345,0.6430417895317078,0.618543260504699,0.6381202758506528,common_intersection,101,0.064,3.232
F13_112_06,F13,112,6,0.363,112.0,0.6481066666666684,0.6415260434194565,0.517606924167148,0.6402257084846497,0.6345111460509721,0.6444480653991012,common_intersection,101,0.064,3.232
F13_112_07,F13,112,7,0.363,112.0,0.6360533333333352,0.6935921198676585,0.2820358025468275,0.6327228099107742,0.6208751349541399,0.635535694238617,common_intersection,101,0.064,3.232
F13_112_08,F13,112,8,0.366,112.0,0.6512983333333344,0.6923323301083943,0.4985906097293569,0.6508319228887558,0.6488365925821149,0.6494408863336611,common_intersection,101,0.064,3.232
F13_112_09,F13,112,9,0.38,112.0,0.6678133333333334,0.7366048449030489,0.6252190745469476,0.671619787812233,0.6816770463029341,0.6674427065049571,common_intersection,101,0.064,3.232
F13_112_10,F13,112,10,0.403,112.0,0.6809149999999999,0.6593474031073674,0.4748266193419303,0.6838722974061966,0.6598431657743619,0.656827348016461,common_intersection,101,0.064,3.232
F13_112_11,F13,112,11,0.419,112.0,0.688379999999999,0.6816537238256977,0.27864033427105556,0.6852010190486908,0.6533507242695895,0.6535619270145344,common_intersection,101,0.064,3.232
F13_112_12,F13,112,12,0.427,112.0,0.7018199999999991,0.7002357941778452,0.838258953609031,0.7110661715269089,0.7142041411967868,0.6863129051487987,common_intersection,101,0.064,3.232
F13_112_13,F13,112,13,0.426,112.0,0.7122416666666653,0.7304293571727212,0.8499722964020957,0.7359875589609146,0.732374341225803,0.6980391720249137,common_intersection,101,0.064,3.232
F13_112_14,F13,112,14,0.427,112.0,0.7225183333333324,0.6894378864038055,0.9019890213619641,0.7672764360904694,0.7378883016639639,0.7032689622053254,common_intersection,101,0.064,3.232
F13_112_15,F13,112,15,0.435,112.0,0.7428366666666655,0.7305032553433389,0.504663018794275,0.804764449596405,0.7332083127052238,0.7029464267871597,common_intersection,101,0.064,3.232
F13_112_16,F13,112,16,0.441,112.0,0.7539066666666662,0.8187821746478288,0.5415549603919727,0.8436761349439621,0.7704425457356289,0.7244387787396132,common_intersection,101,0.064,3.232
F13_112_17,F13,112,17,0.441,112.0,0.7609816666666669,0.7747761994001456,0.33274800189155757,0.8592477887868881,0.7496868857647373,0.7160401674769769,common_intersection,101,0.064,3.232
F13_112_18,F13,112,18,0.434,112.0,0.7523000000000005,0.7425739512916867,0.4129878173180913,0.8179123401641846,0.7359432417282893,0.7105775505255706,common_intersection,101,0.064,3.232
F13_112_19,F13,112,19,0.425,112.0,0.7469649999999997,0.6600756670615354,0.4471048907374349,0.7741298526525497,0.7075557218842731,0.6969423871675979,common_intersection,101,0.064,3.232
F13_112_20,F13,112,20,0.415,112.0,0.7187399999999999,0.6541250342519047,0.38109098906659383,0.7345511019229889,0.6793827077303823,0.6826904909306397,common_intersection,101,0.064,3.232
F13_112_21,F13,112,21,0.404,112.0,0.70541,0.6709459629622168,0.5070267437502743,0.6469260454177856,0.669571179694511,0.6774113838573317,common_intersection,101,0.064,3.232
F13_112_22,F13,112,22,0.394,112.0,0.691458333333332,0.6013484677561622,0.49407539079892276,0.6247391253709793,0.640697488599588,0.6620059709311623,common_intersection,101,0.064,3.232
F13_112_23,F13,112,23,0.364,112.0,0.676233333333332,0.5532855304469588,0.43836655236270694,0.6134302318096161,0.6151358978582093,0.6478047889895453,common_intersection,101,0.064,3.232
F47_160_00,F47,160,0,0.705,160.0,0.6719216666666654,0.6714936741269243,0.79469385430578,0.7277494668960571,0.6928062835141351,0.6928062835141351,common_intersection,101,0.064,3.232
F47_160_01,F47,160,1,0.7,160.0,0.6689733333333308,0.728022513459025,0.954095378037083,0.8067520558834076,0.733510644649813,0.7233345543658936,common_intersection,101,0.064,3.232
F47_160_02,F47,160,2,0.698,160.0,0.6628333333333333,0.6563092373663004,0.6820785608152381,0.6960166692733765,0.6694438356878064,0.6840153784858622,common_intersection,101,0.064,3.232
F47_160_03,F47,160,3,0.696,160.0,0.6612533333333348,0.719677457651765,0.9054417895244931,0.8056807368993759,0.723695680378259,0.7142798957178812,common_intersection,101,0.064,3.232
F47_160_04,F47,160,4,0.695,160.0,0.6616083333333319,0.7509021605807359,1.0260416467448779,0.8170568197965622,0.7432832142382786,0.7279155729659685,common_intersection,101,0.064,3.232
F47_160_05,F47,160,5,0.694,160.0,0.6626233333333323,0.7219728876943071,0.96706157153517,0.7982142269611359,0.7283404641616741,0.7217602423000009,common_intersection,101,0.064,3.232
F47_160_06,F47,160,6,0.693,160.0,0.6592716666666667,0.7252618275275665,0.8518090293675236,0.7599962055683136,0.7106572020696806,0.7125955527991008,common_intersection,101,0.064,3.232
F47_160_07,F47,160,7,0.691,160.0,0.6697599999999989,0.7584884807754593,0.9949340727454937,0.6946218311786652,0.7220411274414822,0.7187567169795617,common_intersection,101,0.064,3.232
F47_160_08,F47,160,8,0.692,160.0,0.6883933333333323,0.5424232394509597,0.749098916904807,0.6915306001901627,0.6588444108586469,0.6840123644848666,common_intersection,101,0.064,3.232
F47_160_09,F47,160,9,0.686,160.0,0.7229800000000027,0.7588477694074693,0.9416733454992534,0.7065854966640472,0.7458048316305437,0.7293238005467878,common_intersection,101,0.064,3.232
F47_160_10,F47,160,10,0.678,160.0,0.7163033333333356,0.7859816922139911,0.9008746897735902,0.7184131443500519,0.7482138101832565,0.7321360644013363,common_intersection,101,0.064,3.232
F47_160_11,F47,160,11,0.672,160.0,0.7156233333333338,0.7550571765312487,0.7591722767811856,0.7347938418388367,0.7324054728777621,0.7249130271760202,common_intersection,101,0.064,3.232
F47_160_12,F47,160,12,0.678,160.0,0.7233516666666667,0.779567412687065,0.880427243456857,0.7522632479667664,0.7551918081147976,0.7377589342807116,common_intersection,101,0.064,3.232
F47_160_13,F47,160,13,0.691,160.0,0.7494366666666684,0.8584677249578758,0.7401943402122921,0.7453854531049728,0.7740544918278691,0.7491091486865776,common_intersection,101,0.064,3.232
F47_160_14,F47,160,14,0.712,160.0,0.7657500000000013,0.8539706468541086,1.4188633569366558,0.7554466873407364,0.8371113612680665,0.784402501930769,common_intersection,101,0.064,3.232
F47_160_15,F47,160,15,0.706,160.0,0.7760983333333329,0.733903369643288,0.8875383725982159,0.7676752954721451,0.7732021376166752,0.7537450305745484,common_intersection,101,0.064,3.232
F47_160_16,F47,160,16,0.713,160.0,0.7806066666666677,0.7878706106457053,0.7895622266110401,0.7823979258537292,0.7834247098545989,0.7603015162912213,common_intersection,101,0.064,3.232
F47_160_17,F47,160,17,0.718,160.0,0.7871783333333333,0.7129852050887865,0.7544826233186261,0.7898410260677338,0.7672888643003457,0.7530699974466643,common_intersection,101,0.064,3.232
F47_160_18,F47,160,18,0.711,160.0,0.7849666666666677,0.7170432976967837,0.7896416180798344,0.7867925763130188,0.7694042361562192,0.7549317124683704,common_intersection,101,0.064,3.232
F47_160_19,F47,160,19,0.701,160.0,0.7796316666666664,0.6567507054414733,0.801358281987009,0.7731141895055771,0.7505748697660296,0.7457699212979133,common_intersection,101,0.064,3.232
F47_160_20,F47,160,20,0.692,160.0,0.7731516666666705,0.7133019718531037,0.3797277203743148,0.7613154500722885,0.7249465808891496,0.7325743865751722,common_intersection,101,0.064,3.232
F47_160_21,F47,160,21,0.683,160.0,0.765216666666667,0.665221411810169,0.9365825650282646,0.7449046075344086,0.7508646655435836,0.7457757578406252,common_intersection,101,0.064,3.232
F47_160_22,F47,160,22,0.675,160.0,0.7588516666666687,0.6615140018099699,0.9929426457661984,0.7368348687887192,0.7498145458534335,0.7454491261632843,common_intersection,101,0.064,3.232
F47_160_23,F47,160,23,0.669,160.0,0.7588783333333361,0.7029681142271885,1.0823737891065686,0.7270423322916031,0.7649723170013727,0.7535256911232588,common_intersection,101,0.064,3.232
F47_161_00,F47,161,0,0.663,161.0,1.17386166666667,0.6632804925811584,0.8407783955897011,1.25719153881073,1.0413414976288016,1.0413414976288016,common_intersection,101,0.064,3.232
F47_161_01,F47,161,1,0.66,161.0,1.1661099999999989,0.6596323741230797,1.2152870572271168,1.2325892746448517,1.0617853892966784,1.0566744163797093,common_intersection,101,0.064,3.232
F47_161_02,F47,161,2,0.657,161.0,1.1654549999999988,0.6256604605295352,1.452222331388548,1.0931804478168488,1.0443907866015416,1.046781672221941,common_intersection,101,0.064,3.232
F47_161_03,F47,161,3,0.655,161.0,1.1642283333333328,0.6277867106526392,0.7526268548536128,1.0110909342765808,0.9719267458002383,1.0008939253160265,common_intersection,101,0.064,3.232
F47_161_04,F47,161,4,0.653,161.0,1.173690000000001,0.5589972825002194,0.7446968839397122,0.9744332134723663,0.9519929412097035,0.9831402066585481,common_intersection,101,0.064,3.232
F47_161_05,F47,161,5,0.652,161.0,1.1646816666666677,0.6732816289691194,0.7344027027128677,1.0362506359815598,0.9866371343659305,0.9981581084248732,common_intersection,101,0.064,3.232
F47_161_06,F47,161,6,0.653,161.0,1.1557133333333338,0.6459164293472331,0.7496444508882283,0.9450577795505524,0.9587454550245049,0.9805741525070667,common_intersection,101,0.064,3.232
F47_161_07,F47,161,7,0.654,161.0,1.1382683333333348,0.809605656711506,0.7337856374504625,0.9444131702184677,0.9882596426504926,0.9944472958613645,common_intersection,101,0.064,3.232
F47_161_08,F47,161,8,0.653,161.0,1.1156216666666678,0.7238261248342709,0.6519027504531676,0.9775588661432266,0.9568806632251243,0.9763270124905075,common_intersection,101,0.064,3.232
F47_161_09,F47,161,9,0.634,161.0,1.1322666666666668,0.8193664966067122,1.4552350998202193,1.0088488012552261,1.058324527422274,1.0301765028724015,common_intersection,101,0.064,3.232
F47_161_10,F47,161,10,0.616,161.0,1.124268333333333,0.7193355268850875,1.0650021521091013,1.0142111480236053,1.00033172822587,1.001102978269806,common_intersection,101,0.064,3.232
F47_161_11,F47,161,11,0.607,161.0,1.1374383333333342,0.6783613192697382,0.9896161848043332,1.038915365934372,0.9957294845959587,0.9985458254666093,common_intersection,101,0.064,3.232
F47_161_12,F47,161,12,0.616,161.0,1.1482183333333382,0.6885372459757005,0.9977030636641205,1.0041274726390839,0.997035478655117,0.9990324114314907,common_intersection,101,0.064,3.232
F47_161_13,F47,161,13,0.635,161.0,1.1458400000000029,0.8109976764249142,0.9049215907643016,0.9627640545368195,1.0095891805104888,1.005614970798556,common_intersection,101,0.064,3.232
F47_161_14,F47,161,14,0.657,161.0,1.1673183333333363,0.7078899130891503,0.9617550655615918,1.015238732099533,1.0101945308062314,1.0062027716037476,common_intersection,101,0.064,3.232
F47_161_15,F47,161,15,0.665,161.0,1.180863333333338,0.7514846996718361,0.8713969976127369,1.0878611505031586,1.0344547178308936,1.0193404809107545,common_intersection,101,0.064,3.232
F47_161_16,F47,161,16,0.664,161.0,1.2082866666666692,0.7939628199978604,0.9312243242264842,1.1294274032115936,1.0709121033799254,1.0395305224908384,common_intersection,101,0.064,3.232
F47_161_17,F47,161,17,0.66,161.0,1.2225350000000037,0.8357463330010398,1.2934315690836466,1.1825830191373825,1.1273870492744198,1.0710801650956596,common_intersection,101,0.064,3.232
F47_161_18,F47,161,18,0.654,161.0,1.2247883333333356,0.8124174353465738,1.207526666316762,1.1848334521055222,1.1164474082096243,1.0682859794920179,common_intersection,101,0.064,3.232
F47_161_19,F47,161,19,0.649,161.0,1.2289950000000027,0.7917975798548633,1.2849767777453516,1.2230435013771057,1.127355861660218,1.0764209889894598,common_intersection,101,0.064,3.232
F47_161_20,F47,161,20,0.645,161.0,1.2210200000000013,0.8067824727144556,1.3969983505637569,1.143244206905365,1.1201261028776435,1.0750594426114808,common_intersection,101,0.064,3.232
F47_161_21,F47,161,21,0.639,161.0,1.2163583333333348,0.759143084659747,0.9780132604706455,1.1808727383613586,1.0804619488282632,1.0563743920977666,common_intersection,101,0.064,3.232
F47_161_22,F47,161,22,0.633,161.0,1.2084433333333366,0.8020275485163098,1.008915880196663,1.147100180387497,1.0826727181371485,1.0585751220298154,common_intersection,101,0.064,3.232
F47_161_23,F47,161,23,0.63,161.0,1.2039550000000023,0.782128222612041,1.229321674353078,1.0802609622478485,1.0800070998247069,1.058190845663224,common_intersection,101,0.064,3.232
F13_098_00,F13,98,0,0.381,98.0,0.4073900000000008,0.3898314654035957,0.45943893479036846,0.34603871405124664,0.3950696092903422,0.3950696092903422,common_intersection,2024,0.064,3.232
F13_098_01,F13,98,1,0.376,98.0,0.40394833333333335,0.36944344168961374,0.3656640677727141,0.34323298931121826,0.38046134928956804,0.38411341428976153,common_intersection,2024,0.064,3.232
F13_098_02,F13,98,2,0.372,98.0,0.4040716666666671,0.37742916794936027,0.4089817612058881,0.3414958715438843,0.38555511551309457,0.3862919034387147,common_intersection,2024,0.064,3.232
F13_098_03,F13,98,3,0.369,98.0,0.4028783333333337,0.38218047083739254,0.37514684392041314,0.33848990499973297,0.3828146415145541,0.3843949102082219,common_intersection,2024,0.064,3.232
F13_098_04,F13,98,4,0.367,98.0,0.4068666666666663,0.40696599690033364,0.3889838636821356,0.34544727206230164,0.3931760027631111,0.3902956732186226,common_intersection,2024,0.064,3.232
F13_098_05,F13,98,5,0.365,98.0,0.4081533333333336,0.43621952649378093,0.3977305960670941,0.34726037085056305,0.4018768082139877,0.39585119798904866,common_intersection,2024,0.064,3.232
F13_098_06,F13,98,6,0.364,98.0,0.41038500000000083,0.4545396767230645,0.44531937471846306,0.35332729667425156,0.41236533172586326,0.40270544145654025,common_intersection,2024,0.064,3.232
F13_098_07,F13,98,7,0.364,98.0,0.40806833333333387,0.43872867550022526,0.35069872707088395,0.34942643344402313,0.3991088669745297,0.3964561663175805,common_intersection,2024,0.064,3.232
F13_098_08,F13,98,8,0.369,98.0,0.4191483333333329,0.4537385326870002,0.5301186742123634,0.35745249688625336,0.4239884411591196,0.4105728964931248,common_intersection,2024,0.064,3.232
F13_098_09,F13,98,9,0.381,98.0,0.4322016666666671,0.43249433961922634,0.5748196281480559,0.3652705028653145,0.4302951123335219,0.41538312010564554,common_intersection,2024,0.064,3.232
F13_098_10,F13,98,10,0.397,98.0,0.4363433333333337,0.42799216422681907,0.5201463265637675,0.3656126633286476,0.42689715820526775,0.41488532623822294,common_intersection,2024,0.064,3.232
F13_098_11,F13,98,11,0.408,98.0,0.4376699999999998,0.38477846372018454,0.4093438252563497,0.3649081587791443,0.408157569069181,0.40573570145342974,common_intersection,2024,0.064,3.232
F13_098_12,F13,98,12,0.415,98.0,0.4354983333333331,0.3485198170060418,0.19412351319079374,0.358441062271595,0.3799020495910324,0.39070748847409975,common_intersection,2024,0.064,3.232
F13_098_13,F13,98,13,0.424,98.0,0.43957499999999927,0.3470467789928951,0.24881480143075163,0.3587023466825485,0.3859328804092643,0.39316647363507634,common_intersection,2024,0.064,3.232
F13_098_14,F13,98,14,0.432,98.0,0.44424499999999956,0.39527659407708204,0.2690939155591127,0.3600122258067131,0.4016339409845711,0.40105813306018584,common_intersection,2024,0.064,3.232
F13_098_15,F13,98,15,0.442,98.0,0.4507266666666658,0.4714230236187657,0.4093804088659949,0.3641531392931938,0.4350713862364217,0.41885776384550555,common_intersection,2024,0.064,3.232
F13_098_16,F13,98,16,0.448,98.0,0.45517500000000005,0.47281003836560287,0.49129998602883873,0.3686700016260147,0.44499640841525473,0.4250659298455299,common_intersection,2024,0.064,3.232
F13_098_17,F13,98,17,0.446,98.0,0.4546949999999999,0.44772407585630863,0.504290132999568,0.3711332008242607,0.4402772290103316,0.423682500635694,common_intersection,2024,0.064,3.232
F13_098_18,F13,98,18,0.436,98.0,0.4517333333333326,0.4064482683117609,0.3624797592902983,0.3621033951640129,0.4157986441708487,0.4116724416872629,common_intersection,2024,0.064,3.232
F13_098_19,F13,98,19,0.425,98.0,0.4507366666666656,0.3950301919690533,0.37654826015598897,0.3558954522013664,0.4124637973253247,0.4101279572175421,common_intersection,2024,0.064,3.232
F13_098_20,F13,98,20,0.413,98.0,0.4392816666666649,0.37872534741173025,0.4782641094148226,0.3456241339445114,0.40913523892090253,0.4084956571060725,common_intersection,2024,0.064,3.232
F13_098_21,F13,98,21,0.404,98.0,0.4391233333333322,0.4268416058458705,0.5260655143488995,0.34383048862218857,0.4240725242753581,0.4163328554420302,common_intersection,2024,0.064,3.232
F13_098_22,F13,98,22,0.397,98.0,0.43852666666666607,0.4137104992401033,0.4931464540323911,0.3426578491926193,0.41776660597873966,0.41337931845393916,common_intersection,2024,0.064,3.232
F13_098_23,F13,98,23,0.39,98.0,0.4409216666666662,0.41103997938941894,0.49265928218218513,0.3417792096734047,0.41806057956271603,0.41371523334246024,common_intersection,2024,0.064,3.232
F13_112_00,F13,112,0,0.365,112.0,0.675396666666668,0.719461548596663,0.5257888077474616,0.6623993068933487,0.6714041376616664,0.6714041376616664,common_intersection,2024,0.064,3.232
F13_112_01,F13,112,1,0.365,112.0,0.6692699999999989,0.7026749253126952,0.4582852509497697,0.6636334210634232,0.6592810863637125,0.662311849188201,common_intersection,2024,0.064,3.232
F13_112_02,F13,112,2,0.364,112.0,0.6669066666666681,0.6605681637189625,0.5114461227118139,0.6585110574960709,0.651269460608711,0.6559605110767038,common_intersection,2024,0.064,3.232
F13_112_03,F13,112,3,0.364,112.0,0.6637383333333357,0.6775835591802358,0.47749633106402833,0.6543203145265579,0.6502782235936916,0.6541682253253185,common_intersection,2024,0.064,3.232
F13_112_04,F13,112,4,0.364,112.0,0.6607383333333355,0.6780430719497884,0.43622798970599597,0.6508204340934753,0.644947063263125,0.6501915287806532,common_intersection,2024,0.064,3.232
F13_112_05,F13,112,5,0.363,112.0,0.6554683333333358,0.5609470418135198,0.3698497715063168,0.6430417895317078,0.6074484296620928,0.627443248260463,common_intersection,2024,0.064,3.232
F13_112_06,F13,112,6,0.363,112.0,0.655425000000002,0.6288886254465776,0.4233784361722591,0.6402257084846497,0.6274526866978902,0.6360178496240086,common_intersection,2024,0.064,3.232
F13_112_07,F13,112,7,0.363,112.0,0.6452300000000014,0.7498411316719682,0.37145012258674914,0.6327228099107742,0.6459328433903679,0.6453422923977625,common_intersection,2024,0.064,3.232
F13_112_08,F13,112,8,0.366,112.0,0.6661883333333332,0.6867538640640676,0.5773733187872566,0.6508319228887558,0.6609475774561079,0.6537494281001297,common_intersection,2024,0.064,3.232
F13_112_09,F13,112,9,0.38,112.0,0.6855483333333332,0.7394676427450078,0.6603062650604666,0.671619787812233,0.6936838930260857,0.6724742165992155,common_intersection,2024,0.064,3.232
F13_112_10,F13,112,10,0.403,112.0,0.6975533333333329,0.6664398495616487,0.5532492216987824,0.6838722974061966,0.6758055611119375,0.6646505515939409,common_intersection,2024,0.064,3.232
F13_112_11,F13,112,11,0.419,112.0,0.709344999999999,0.6934253661732158,0.36267002850588914,0.6852010190486908,0.6729614939717806,0.6640395993528557,common_intersection,2024,0.064,3.232
F13_112_12,F13,112,12,0.427,112.0,0.7142483333333326,0.6962307932155255,0.8212845901432295,0.7110661715269089,0.717850591888566,0.6888969516633497,common_intersection,2024,0.064,3.232
F13_112_13,F13,112,13,0.426,112.0,0.720614999999999,0.7356157598736487,0.7458665636452576,0.7359875589609146,0.7293098192534788,0.6971039406249256,common_intersection,2024,0.064,3.232
F13_112_14,F13,112,14,0.427,112.0,0.7315716666666655,0.7041766886845057,0.7042644195520396,0.7672764360904694,0.7299532460665379,0.6995941601671274,common_intersection,2024,0.064,3.232
F13_112_15,F13,112,15,0.435,112.0,0.7621199999999982,0.7490379644607995,0.6510703505387787,0.804764449596405,0.7586252294329743,0.7167235941992598,common_intersection,2024,0.064,3.232
F13_112_16,F13,112,16,0.441,112.0,0.7719049999999991,0.8389389120561198,0.646634975171148,0.8436761349439621,0.7923257638959526,0.7370298556934081,common_intersection,2024,0.064,3.232
F13_112_17,F13,112,17,0.441,112.0,0.7793016666666654,0.7439748148975279,0.5716670827924687,0.8592477887868881,0.7702016799561813,0.7284252507364479,common_intersection,2024,0.064,3.232
F13_112_18,F13,112,18,0.434,112.0,0.7664883333333317,0.7015753422591038,0.5060097509763939,0.8179123401641846,0.7403557302531326,0.7149156155885135,common_intersection,2024,0.064,3.232
F13_112_19,F13,112,19,0.425,112.0,0.7599049999999985,0.6530958215575392,0.485321293802625,0.7741298526525497,0.7151490712085287,0.7029541253233274,common_intersection,2024,0.064,3.232
F13_112_20,F13,112,20,0.415,112.0,0.7402999999999992,0.6581025578667019,0.43227968968015495,0.7345511019229889,0.6947812094470183,0.6928659570618315,common_intersection,2024,0.064,3.232
F13_112_21,F13,112,21,0.404,112.0,0.7208166666666657,0.6309834851448123,0.44505267380190167,0.6469260454177856,0.6624174594224638,0.6760355992028684,common_intersection,2024,0.064,3.232
F13_112_22,F13,112,22,0.394,112.0,0.7054133333333322,0.5759951700108853,0.42691462446324746,0.6247391253709793,0.6359382358338675,0.6616282590792353,common_intersection,2024,0.064,3.232
F13_112_23,F13,112,23,0.364,112.0,0.6947449999999994,0.5697540713296692,0.39058593919794415,0.6134302318096161,0.6241514986168791,0.6544189158101635,common_intersection,2024,0.064,3.232
F47_160_00,F47,160,0,0.705,160.0,0.6904616666666662,0.6684087488890869,0.7128108019667343,0.7277494668960571,0.6944144572699308,0.6944144572699308,common_intersection,2024,0.064,3.232
F47_160_01,F47,160,1,0.7,160.0,0.6873449999999971,0.7300105564762468,1.0403991613038814,0.8067520558834076,0.7497104776352899,0.7358864725439501,common_intersection,2024,0.064,3.232
F47_160_02,F47,160,2,0.698,160.0,0.6817833333333339,0.6619164185101524,0.7169539572794383,0.6960166692733765,0.6826755908794673,0.6958045497371816,common_intersection,2024,0.064,3.232
F47_160_03,F47,160,3,0.696,160.0,0.6810733333333344,0.7073058670111275,1.0897912713313611,0.8056807368993759,0.7449880571690553,0.7314676014537456,common_intersection,2024,0.064,3.232
F47_160_04,F47,160,4,0.695,160.0,0.6827566666666651,0.7547620784574806,1.2919183551727722,0.8170568197965622,0.7756309312029288,0.7525574170171316,common_intersection,2024,0.064,3.232
F47_160_05,F47,160,5,0.694,160.0,0.6815983333333321,0.724891104062776,1.1192081429151157,0.7982142269611359,0.7503205618005021,0.7416386205633488,common_intersection,2024,0.064,3.232
F47_160_06,F47,160,6,0.693,160.0,0.6795566666666665,0.7225014490761893,0.944177478702551,0.7599962055683136,0.7271209871881521,0.7296219981044565,common_intersection,2024,0.064,3.232
F47_160_07,F47,160,7,0.691,160.0,0.6840683333333322,0.730504249923414,0.9263914509655373,0.6946218311786652,0.7167095022945948,0.7234529114872925,common_intersection,2024,0.064,3.232
F47_160_08,F47,160,8,0.692,160.0,0.7076383333333319,0.5716612912170678,0.7782904272024449,0.6915306001901627,0.6774344641063238,0.7008841781390645,common_intersection,2024,0.064,3.232
F47_160_09,F47,160,9,0.686,160.0,0.743633333333336,0.7772294059635351,0.9731314153436051,0.7065854966640472,0.7626466699915477,0.7454059199726635,common_intersection,2024,0.064,3.232
F47_160_10,F47,160,10,0.678,160.0,0.7401800000000026,0.7991657536374684,1.0628013303988486,0.7184131443500519,0.775792916174912,0.7541439406198516,common_intersection,2024,0.064,3.232
F47_160_11,F47,160,11,0.672,160.0,0.72691,0.7862201907342419,0.6744176272158439,0.7347938418388367,0.7385218243212529,0.7357595138287081,common_intersection,2024,0.064,3.232
F47_160_12,F47,160,12,0.678,160.0,0.7260516666666667,0.804496398042739,0.8293625523859588,0.7522632479667664,0.7583855893144874,0.746667872709107,common_intersection,2024,0.064,3.232
F47_160_13,F47,160,13,0.691,160.0,0.7477783333333352,0.8529278252283574,0.6361434219810972,0.7453854531049728,0.763604842434289,0.7503008809236708,common_intersection,2024,0.064,3.232
F47_160_14,F47,160,14,0.712,160.0,0.7652966666666684,0.8464710860703707,1.5184725123545189,0.7554466873407364,0.8430625991133984,0.7935652819199036,common_intersection,2024,0.064,3.232
F47_160_15,F47,160,15,0.706,160.0,0.771088333333333,0.7696540935586667,0.49298011064544056,0.7676752954721451,0.747812850400144,0.7460574352405807,common_intersection,2024,0.064,3.232
F47_160_16,F47,160,16,0.713,160.0,0.7802600000000011,0.783596999585474,0.7741903207313529,0.7823979258537292,0.7810028907297684,0.7637318927774149,common_intersection,2024,0.064,3.232
F47_160_17,F47,160,17,0.718,160.0,0.7870083333333338,0.7221344644572661,1.0527035433165355,0.7898410260677338,0.7932607601486137,0.7711608237458252,common_intersection,2024,0.064,3.232
F47_160_18,F47,160,18,0.711,160.0,0.7819966666666684,0.7514649637972662,0.4546451797335856,0.7867925763130188,0.7494401209526355,0.7492604839796675,common_intersection,2024,0.064,3.232
F47_160_19,F47,160,19,0.701,160.0,0.7791183333333329,0.7007176276959186,0.8541387000887802,0.7731141895055771,0.7651029645552381,0.7574924587196823,common_intersection,2024,0.064,3.232
F47_160_20,F47,160,20,0.692,160.0,0.77177666666667,0.7741061960718009,0.9941154948739817,0.7613154500722885,0.78803061666161,0.7698645862913798,common_intersection,2024,0.064,3.232
F47_160_21,F47,160,21,0.683,160.0,0.763063333333333,0.7867401162278547,1.2460491592101477,0.7449046075344086,0.8037528821383785,0.7789087718983374,common_intersection,2024,0.064,3.232
F47_160_22,F47,160,22,0.675,160.0,0.753248333333334,0.7775506528169878,0.8830453789109589,0.7368348687887192,0.766181960746698,0.7603867307478972,common_intersection,2024,0.064,3.232
F47_160_23,F47,160,23,0.669,160.0,0.7515666666666684,0.7582808849100805,0.8551178909313328,0.7270423322916031,0.7565573101112474,0.7556153597918833,common_intersection,2024,0.064,3.232
F47_161_00,F47,161,0,0.663,161.0,1.2175050000000027,0.7482167485644676,0.4145667897677876,1.25719153881073,1.0485780705990424,1.0485780705990424,common_intersection,2024,0.064,3.232
F47_161_01,F47,161,1,0.66,161.0,1.2079083333333327,0.7465466724907324,1.04830075056881,1.2325892746448517,1.0893491163722506,1.0791563549289487,common_intersection,2024,0.064,3.232
F47_161_02,F47,161,2,0.657,161.0,1.1866066666666661,0.6227659502693851,1.3780765033943483,1.0931804478168488,1.0479172378995698,1.0549326897615954,common_intersection,2024,0.064,3.232
F47_161_03,F47,161,3,0.655,161.0,1.1809983333333332,0.6556179539164767,0.8024020674053086,1.0110909342765808,0.9906378611876951,1.0173792163511672,common_intersection,2024,0.064,3.232
F47_161_04,F47,161,4,0.653,161.0,1.19374,0.5692034300785682,0.947620559974214,0.9744332134723663,0.9803003107112669,1.005828415032616,common_intersection,2024,0.064,3.232
F47_161_05,F47,161,5,0.652,161.0,1.1798316666666682,0.6527782911292334,0.6954604871035943,1.0362506359815598,0.9858729560356162,1.004824440751595,common_intersection,2024,0.064,3.232
F47_161_06,F47,161,6,0.653,161.0,1.1659683333333346,0.6558161877959289,0.7243673834444718,0.9450577795505524,0.9640216316566919,0.9896306147184983,common_intersection,2024,0.064,3.232
F47_161_07,F47,161,7,0.654,161.0,1.1698200000000005,0.8497560229127917,0.7078869842954154,0.9444131702184677,1.0109686382863972,1.0128371830649816,common_intersection,2024,0.064,3.232
F47_161_08,F47,161,8,0.653,161.0,1.1540650000000008,0.7699132223725565,0.9164059287907247,0.9775588661432266,1.0075546209013173,1.0107328906534279,common_intersection,2024,0.064,3.232
F47_161_09,F47,161,9,0.634,161.0,1.1639783333333322,0.8195884451414577,1.424141878597712,1.0088488012552261,1.0711119373728115,1.0453715877375387,common_intersection,2024,0.064,3.232
F47_161_10,F47,161,10,0.616,161.0,1.1653766666666663,0.7171104030572965,1.0224495076026516,1.0142111480236053,1.016125486946684,1.017719010199221,common_intersection,2024,0.064,3.232
F47_161_11,F47,161,11,0.607,161.0,1.1744850000000004,0.6838867759273912,0.8655809559253451,1.038915365934372,1.0049151758834762,1.0115139647689388,common_intersection,2024,0.064,3.232
F47_161_12,F47,161,12,0.616,161.0,1.1843566666666698,0.7226950456550807,1.0161609872106225,1.0041274726390839,1.0240563844618875,1.0213131702430478,common_intersection,2024,0.064,3.232
F47_161_13,F47,161,13,0.635,161.0,1.1808816666666693,0.8422284144286768,1.0593437625775537,0.9627640545368195,1.046258331376452,1.0334030142486244,common_intersection,2024,0.064,3.232
F47_161_14,F47,161,14,0.657,161.0,1.1885516666666702,0.7166041131208848,0.7759581549807582,1.015238732099533,1.0076141859673813,1.013649824505642,common_intersection,2024,0.064,3.232
F47_161_15,F47,161,15,0.665,161.0,1.2021900000000028,0.7605137153157993,0.7195023861634641,1.0878611505031586,1.034706912669502,1.0276656081575024,common_intersection,2024,0.064,3.232
F47_161_16,F47,161,16,0.664,161.0,1.2203716666666684,0.7768790626595357,0.7303481217719419,1.1294274032115936,1.0565427054223635,1.0396399281156055,common_intersection,2024,0.064,3.232
F47_161_17,F47,161,17,0.66,161.0,1.2266650000000017,0.826496347023027,1.1189537255288295,1.1825830191373825,1.11319122515531,1.0704768011583692,common_intersection,2024,0.064,3.232
F47_161_18,F47,161,18,0.654,161.0,1.2465300000000004,0.8356315081535415,1.1693130599807606,1.1848334521055222,1.1293976971764155,1.081254650853527,common_intersection,2024,0.064,3.232
F47_161_19,F47,161,19,0.649,161.0,1.2393450000000021,0.7728759024402199,1.2306164818328829,1.2230435013771057,1.1234338354077056,1.0805307757410987,common_intersection,2024,0.064,3.232
F47_161_20,F47,161,20,0.645,161.0,1.2395300000000018,0.772442167350138,1.3404239295377862,1.143244206905365,1.11624327590813,1.078807295034969,common_intersection,2024,0.064,3.232
F47_161_21,F47,161,21,0.639,161.0,1.232935000000001,0.7741591085011298,0.9840070907372517,1.1808727383613586,1.0925021009715234,1.0680987709032501,common_intersection,2024,0.064,3.232
F47_161_22,F47,161,22,0.633,161.0,1.2354483333333353,0.8161698797328403,1.0173568959607595,1.147100180387497,1.0997045588902428,1.0729175893855505,common_intersection,2024,0.064,3.232
F47_161_23,F47,161,23,0.63,161.0,1.2342883333333345,0.8007895185937084,1.2152008450114768,1.0802609622478485,1.0979161445129784,1.0731022472934206,common_intersection,2024,0.064,3.232
