row_id,farm,day,hour,y,baseline,raw_mix,smooth_mix,et,et_smooth,lgb,lgb_smooth,mlp,mlp_smooth,pfn,pfn_smooth,seed,group,out_temp,out_hum,out_rad,out_wspd,in_temp,in_hum,in_co2,in_rad,act_vent,act_side,act_shade,act_thermal,act_valve,act_heating,act_circfan,act_co2,act_fog,act_cool,act_pump
F13_080_00,F13,80,0,0.56,0.47482287606795404,0.47482287606795404,0.47482287606795404,0.4697155555555559,0.4697155555555559,0.5102801184484265,0.5102801184484265,0.381970613379975,0.381970613379975,0.48167265951633453,0.48167265951633453,710.6666666666666,closed,3.9,78.0,4.0,1.5,10.6,72.0,403.0,,0.0,,0.0,0.0,,27.0,0.0,0.0,0.0,,
F13_080_01,F13,80,1,0.557,0.5000166738927242,0.5084146065009808,0.5000166738927242,0.472536111111111,0.4718309722222222,0.5914596962946782,0.5711648018331152,0.5554655773471112,0.5120918363553271,0.4760484993457794,0.4774545393884182,710.6666666666666,closed,4.9,75.0,4.0,1.2,9.5,78.0,401.0,,0.0,,0.0,0.0,,0.0,0.0,0.0,0.0,,
F13_080_02,F13,80,2,0.552,0.49627663945984085,0.4986055885475276,0.49627663945984085,0.4776294444444446,0.4754615740740742,0.5387198336397375,0.5427698582170092,0.5506423215008946,0.5233342461217775,0.47999654710292816,0.4796178912123044,710.6666666666666,closed,5.7,72.0,4.0,1.3,9.7,81.0,400.0,,0.0,,0.0,0.0,,0.0,0.0,0.0,0.0,,
F13_080_03,F13,80,3,0.549,0.49997321101919073,0.5035885234074126,0.4999732110191906,0.4811250000000004,0.4781882638888892,0.5545351102002676,0.5516418999230225,0.5420614716916735,0.5247982338357935,0.4809758961200714,0.4803246483206749,710.6666666666666,closed,6.2,72.0,4.0,1.3,10.1,83.0,395.0,,0.0,,0.0,0.0,,0.0,0.0,0.0,0.0,,
F13_080_04,F13,80,4,0.546,0.49881832343956484,0.5004586066452955,0.49881832343956484,0.48232444444444417,0.4794952777777777,0.5423009441418815,0.5448800423434398,0.5350535614535806,0.5240461352641138,0.4799318090081215,0.47982844561338417,710.6666666666666,closed,6.7,72.0,4.0,1.0,10.4,84.0,397.0,,0.0,,0.0,0.0,,0.0,0.0,0.0,0.0,,
F13_080_05,F13,80,5,0.545,0.49824246401842026,0.4990027667216961,0.49824246401842026,0.4829466666666668,0.48032976851851866,0.541882169570609,0.5442059074766045,0.5177666298097154,0.5157966628367703,0.47857657819986343,0.47905512154102325,710.6666666666666,closed,6.6,72.0,5.0,1.8,10.6,85.0,395.0,,0.0,,0.0,0.0,,0.0,0.0,0.0,0.0,,
F13_080_06,F13,80,6,0.544,0.4944981896649016,0.4922602109272194,0.4944981896649016,0.4829205555555556,0.4806886904761905,0.5215948235832099,0.5322811757829485,0.49602807382097563,0.5036560546964824,0.47796670347452164,0.47863825836351936,710.6666666666666,closed,7.2,71.0,12.0,1.3,10.8,86.0,395.0,,0.0,,0.0,0.0,,0.0,0.0,0.0,0.0,,
F13_080_07,F13,80,7,0.544,0.4841610141466013,0.47438033861417045,0.48416101414660123,0.4828611111111109,0.4809342361111111,0.4626178520655968,0.4977708352793238,0.4514155683034741,0.47760802273344954,0.4773273766040802,0.47819469263777137,710.6666666666666,closed,8.4,69.0,85.0,1.1,10.9,86.0,395.0,,0.0,,24.0,0.0,,0.0,0.0,0.0,0.0,,
F13_080_08,F13,80,8,0.555,0.4892322429498266,0.48546468556646216,0.48923224294982653,0.48703444444444255,0.4834668518518508,0.5077889800228222,0.5189600193429239,0.39359355240544885,0.4425744078534383,0.4916565641760826,0.486058983951807,710.6666666666666,closed,9.6,67.0,173.0,0.9,11.1,86.0,393.0,,0.0,,100.0,0.0,,0.0,0.0,0.0,0.0,,
F13_080_09,F13,80,9,0.564,0.5036532642562971,0.5123697347388382,0.5036532642562971,0.5007927777777775,0.4913906944444442,0.5526766710829877,0.5425311454940046,0.48607110478490917,0.4885389761173425,0.5023055598139763,0.4924756895750761,710.6666666666666,closed,11.3,63.0,267.0,1.0,13.8,79.0,391.0,,0.0,,100.0,59.0,,0.0,0.0,2.0,0.0,,
F13_080_10,F13,80,10,0.582,0.47973726445410286,0.46707099002105873,0.47973726445410286,0.5052416666666671,0.4946720959595961,0.40222384347681633,0.4613882873078187,0.3440685822774215,0.41085870281030984,0.5024789050221443,0.4934638660739769,710.6666666666666,closed,14.3,58.0,373.0,3.0,20.8,64.0,541.0,,0.0,,81.0,72.0,,0.0,0.0,35.0,0.0,,
F13_080_11,F13,80,11,0.594,0.4897866313901051,0.48757232504645437,0.48978663139010514,0.5139422222222233,0.5002656944444449,0.4288127753062392,0.4708602550628393,0.43023156103563487,0.4519644729266014,0.5177323371171951,0.50247739503781,710.6666666666666,closed,15.5,55.0,451.0,3.9,24.9,49.0,452.0,,28.0,,100.0,97.0,,0.0,0.0,10.0,0.0,,
F13_080_12,F13,80,12,0.601,0.5060076064645825,0.5180133225195768,0.5060076064645825,0.5261777777777777,0.5079061111111112,0.4814312771451453,0.49595887299481944,0.567892182727515,0.5244176606152317,0.522365540266037,0.5061456538163699,710.6666666666666,closed,15.9,54.0,278.0,3.2,20.9,49.0,449.0,,50.0,,100.0,100.0,,0.0,0.0,77.0,0.0,,
F13_080_13,F13,80,13,0.603,0.5116069418236456,0.526864653049162,0.5116069418236456,0.534827777777779,0.5138451587301593,0.5250178712415937,0.518271148700083,0.4722207483427275,0.4762704294885443,0.5318268537521362,0.5123727779303278,710.6666666666666,closed,16.5,49.0,375.0,1.7,19.6,49.0,404.0,,50.0,,100.0,100.0,,0.0,0.0,73.0,0.0,,
F13_080_14,F13,80,14,0.598,0.520083011546146,0.5408500698756608,0.520083011546146,0.5387755555555561,0.5173494814814817,0.5645811026727645,0.5398213202994748,0.484463052174887,0.48252967945597497,0.5399064719676971,0.5179788460334143,710.6666666666666,closed,16.8,46.0,337.0,1.4,21.0,44.0,402.0,,32.0,,100.0,100.0,,0.0,0.0,40.0,0.0,,
F13_080_15,F13,80,15,0.596,0.521235060340841,0.5405754489798497,0.521235060340841,0.5411294444444446,0.5199391145833334,0.5409306947974649,0.5288045275140525,0.5241468777972972,0.5037325476128124,0.5453909933567047,0.5222629746422172,710.6666666666666,closed,15.8,48.0,164.0,1.4,21.3,45.0,362.0,,0.0,,100.0,100.0,,0.0,0.0,0.0,0.0,,
F13_080_16,F13,80,16,0.6,0.5305310050848121,0.5559855236474606,0.5305310050848121,0.5448300000000013,0.523144722222223,0.5889144735948544,0.554921008482283,0.5368103529256759,0.5116375832798649,0.5509141087532043,0.5265474486000398,710.6666666666666,closed,14.0,54.0,53.0,0.6,17.5,57.0,363.0,,0.0,,100.0,100.0,,0.0,0.0,0.0,0.0,,
F13_080_17,F13,80,17,0.6,0.5328006715286716,0.5576065212713367,0.5328006715286716,0.5472944444444452,0.5256501388888893,0.5891341066599783,0.5569254517729079,0.5414202802331102,0.5154690876724447,0.5509968996047974,0.5279448471135564,710.6666666666666,closed,12.1,62.0,7.0,0.5,14.2,68.0,366.0,,0.0,,100.0,44.0,,0.0,0.0,0.0,0.0,,
F13_080_18,F13,80,18,0.595,0.533746963065351,0.556923890216761,0.533746963065351,0.5443155555555558,0.5252214766081873,0.5969745004174065,0.5627471671656106,0.5387414151613698,0.5154250109273533,0.5463961511850357,0.5267366664974313,710.6666666666666,closed,10.8,68.0,5.0,0.5,13.1,72.0,370.0,,0.0,,100.0,0.0,,0.0,0.0,0.0,0.0,,
F13_080_19,F13,80,19,0.587,0.5288633423689754,0.5454144291616256,0.5288633423689754,0.5391438888888892,0.5234610555555558,0.5609369080641461,0.5455387978427387,0.5493144296890393,0.5221416637660805,0.5402767509222031,0.5245069555938244,710.6666666666666,closed,10.0,72.0,4.0,0.7,12.1,77.0,376.0,,0.0,,100.0,0.0,,0.0,0.0,0.0,0.0,,
F13_080_20,F13,80,20,0.581,0.5329375728192781,0.5516878612219625,0.5329375728192781,0.5341822222222232,0.5216088888888896,0.5963832846700062,0.5648391908373039,0.5676325227706507,0.5330307966146846,0.533689022064209,0.5218071831124169,710.6666666666666,closed,9.7,74.0,5.0,2.1,11.4,78.0,381.0,,0.0,,100.0,0.0,,0.0,0.0,0.0,0.0,,
F13_080_21,F13,80,21,0.574,0.5303838290578952,0.5451719785129965,0.5303838290578952,0.5298833333333343,0.5199332575757581,0.5752890446478043,0.5552464787271848,0.5911757490622452,0.546910288819653,0.5273227393627167,0.5190194371071728,710.6666666666666,closed,8.6,79.0,4.0,0.4,10.8,78.0,384.0,,0.0,,89.0,0.0,,0.0,0.0,0.0,0.0,,
F13_080_22,F13,80,22,0.567,0.5281813907192335,0.5397182925759699,0.5281813907192335,0.526138333333333,0.5184119565217392,0.5819817995917024,0.5596097667814194,0.5418114546830645,0.5230795900236713,0.520756721496582,0.5159547017968219,710.6666666666666,closed,8.1,80.0,4.0,0.3,10.4,79.0,390.0,,0.0,,0.0,0.0,,0.0,0.0,0.0,0.0,,
F13_080_23,F13,80,23,0.56,0.5291566577367356,0.5406678531010352,0.5291566577367356,0.5253477777777779,0.5183221412037039,0.5871595447639264,0.5632386770923813,0.5555142797451819,0.5309969724376655,0.5157074332237244,0.5135249483088653,710.6666666666666,closed,7.4,81.0,5.0,0.3,9.9,78.0,394.0,,0.0,,0.0,0.0,,0.0,0.0,0.0,0.0,,
F13_084_00,F13,84,0,0.528,0.5337118741135182,0.5337118741135182,0.5337118741135182,0.5353705555555542,0.5353705555555542,0.5239928293690767,0.5239928293690767,0.5348961100691345,0.5348961100691345,0.5409201979637146,0.5409201979637146,710.6666666666666,closed,5.8,80.0,4.0,1.5,9.5,83.0,398.0,,0.0,,0.0,0.0,,0.0,0.0,0.0,0.0,,
F13_084_01,F13,84,1,0.521,0.5381781508352725,0.539666909742524,0.5381781508352724,0.5353777777777756,0.5353759722222202,0.5421133950308596,0.5375832536154138,0.5657356452340335,0.5580257614428088,0.5365975499153137,0.5376782119274139,710.6666666666666,closed,5.9,79.0,4.0,1.5,9.4,84.0,397.0,,0.0,,0.0,0.0,,0.0,0.0,0.0,0.0,,
F13_084_02,F13,84,2,0.515,0.5376250810909448,0.5380929256724065,0.5376250810909446,0.53285611111111,0.5336954629629617,0.5515293690307926,0.5453706167538511,0.5413218825499615,0.544319880917169,0.5332459658384323,0.5350836018721263,710.6666666666666,closed,5.6,80.0,4.0,1.5,9.2,84.0,402.0,,0.0,,0.0,0.0,,0.0,0.0,0.0,0.0,,
F13_084_03,F13,84,3,0.508,0.5255961180717832,0.5186594470091633,0.5255961180717832,0.5291483333333324,0.5311682638888877,0.49901198656585793,0.5140869407825024,0.5069654032327352,0.5220975817521007,0.5217406898736954,0.5274333953857422,710.6666666666666,closed,4.9,81.0,5.0,0.7,10.5,78.0,414.0,,0.0,,0.0,0.0,,22.0,0.0,0.0,0.0,,
F13_084_04,F13,84,4,0.506,0.5313748998392633,0.5306029736425035,0.5313748998392632,0.5267338888888878,0.5293156111111099,0.5494615371831734,0.5413416803095626,0.5239614658675635,0.5292687836291247,0.5199151039123535,0.5251995027065277,710.6666666666666,closed,5.3,81.0,4.0,0.9,9.7,82.0,421.0,,0.0,,0.0,0.0,,0.0,0.0,0.0,0.0,,
F13_084_05,F13,84,5,0.504,0.5282525427059889,0.5254709117559645,0.5282525427059889,0.5234372222222209,0.5269622685185172,0.5397040871218707,0.5370031439194046,0.5113427074510996,0.5210232882592605,0.5189232379198074,0.5237401810785134,710.6666666666666,closed,4.9,82.0,4.0,1.2,9.1,83.0,428.0,,0.0,,0.0,0.0,,0.0,0.0,0.0,0.0,,
F13_084_06,F13,84,6,0.5,0.5269386103696156,0.5238669379048174,0.5269386103696156,0.522774999999999,0.5260802777777767,0.5370496850930995,0.5358721917890304,0.5042221400785291,0.51557145250234,0.5185262113809586,0.5228251740336418,710.6666666666666,closed,5.6,80.0,4.0,1.8,9.1,84.0,426.0,,0.0,,0.0,0.0,,0.0,0.0,0.0,0.0,,
F13_084_07,F13,84,7,0.496,0.5220650110043771,0.5158853551365706,0.5220650110043771,0.5242761111111108,0.5265114930555548,0.49754869964814513,0.5138000741392523,0.5032354925562222,0.5135977992180661,0.5228114724159241,0.5246982630342245,710.6666666666666,closed,5.9,79.0,30.0,1.3,9.3,85.0,420.0,,0.0,,49.0,0.0,,0.0,0.0,0.0,0.0,,
F13_084_08,F13,84,8,0.503,0.5273292689127823,0.5265969505452612,0.5273292689127822,0.5318538888888886,0.5304729938271598,0.5325635857399317,0.5314470803578996,0.47201016079999264,0.49509902527995586,0.5286550521850586,0.5277350528372659,710.6666666666666,closed,8.4,74.0,128.0,1.7,10.6,85.0,407.0,,0.0,,100.0,0.0,,0.0,0.0,0.0,0.0,,
F13_084_09,F13,84,9,0.512,0.5336051675297728,0.5381408240975207,0.5336051675297729,0.551171666666666,0.5412358611111102,0.5993047993993054,0.5682663984087583,0.2769133131039149,0.3854868725991168,0.5379610359668732,0.5329453438520432,710.6666666666666,closed,10.4,68.0,199.0,2.4,13.5,80.0,450.0,,0.0,,100.0,74.0,,0.0,0.0,42.0,0.0,,
F13_084_10,F13,84,10,0.52,0.524294640640169,0.5203155820386222,0.524294640640169,0.5556238888888881,0.5445676010101002,0.48506443574487035,0.508775145596389,0.35119053251882626,0.4161313959622319,0.5455270409584045,0.5375282276760448,710.6666666666666,closed,12.9,60.0,363.0,2.2,18.7,68.0,589.0,,0.0,,100.0,100.0,,0.0,0.0,0.0,0.0,,
F13_084_11,F13,84,11,0.526,0.5480063302959323,0.5647031719571927,0.5480063302959324,0.5700855555555547,0.5533223611111102,0.5816421909606698,0.5591122038506539,0.491876012447034,0.4869242923030606,0.5605894923210144,0.5463536232709885,710.6666666666666,closed,16.5,51.0,483.0,3.8,24.6,51.0,452.0,,27.0,,100.0,100.0,,0.0,0.0,22.0,0.0,,
F13_084_12,F13,84,12,0.546,0.5511858783867519,0.5682227838885344,0.5511858783867518,0.5844094444444448,0.5623247008547007,0.5258801867835986,0.5308195852253089,0.5876011729280802,0.5388495110346989,0.5724345594644547,0.5538268031982275,710.6666666666666,closed,17.4,49.0,415.0,4.1,21.5,48.0,434.0,,63.0,,100.0,100.0,,0.0,0.0,100.0,0.0,,
F13_084_13,F13,84,13,0.555,0.5540067164195998,0.5712167608162795,0.5540067164195998,0.5904372222222234,0.5671313492063494,0.5336162443491279,0.5346110876038632,0.5338670918525735,0.5135456577366333,0.5851481407880783,0.5619667757834708,710.6666666666666,closed,17.4,48.0,444.0,2.6,22.2,46.0,424.0,,63.0,,100.0,100.0,,0.0,0.0,67.0,0.0,,
F13_084_14,F13,84,14,0.561,0.5494194740054309,0.560464425740128,0.5494194740054309,0.5929250000000011,0.5700118888888892,0.4855027345547789,0.508884226163228,0.5092446725086809,0.5017684630276198,0.59300097823143,0.5677003800868988,710.6666666666666,closed,17.6,47.0,357.0,3.5,23.2,44.0,404.0,,35.0,,100.0,100.0,,0.0,0.0,35.0,2.0,,
F13_084_15,F13,84,15,0.565,0.549173828016796,0.5587026272044978,0.549173828016796,0.5957605555555556,0.5729503472222219,0.4805977381638474,0.5048171036050176,0.47165931724574794,0.48226850613675304,0.5983067899942398,0.5721003799699247,710.6666666666666,closed,17.2,49.0,218.0,1.7,24.0,47.0,361.0,,0.0,,100.0,100.0,,0.0,0.0,0.0,2.0,,
F13_084_16,F13,84,16,0.574,0.5563382698566252,0.5711767063255417,0.5563382698566252,0.5971383333333335,0.5750215359477123,0.5074832301962621,0.5176259308315213,0.5284987147439121,0.5117358819363103,0.6023721694946289,0.5757941932362669,710.6666666666666,closed,15.4,54.0,65.0,0.8,20.4,56.0,358.0,,0.0,,100.0,100.0,,0.0,0.0,0.0,0.0,,
F13_084_17,F13,84,17,0.579,0.5649682545703348,0.585966315628474,0.5649682545703348,0.6007805555555569,0.578172530864198,0.5491138715819227,0.5390341748608832,0.5613787745819422,0.5300205153401373,0.6044700890779495,0.578377982808484,710.6666666666666,closed,13.1,63.0,6.0,1.0,15.7,72.0,361.0,,0.0,,100.0,69.0,,0.0,0.0,0.0,0.0,,
F13_084_18,F13,84,18,0.576,0.566494458507459,0.586766297003196,0.566494458507459,0.5984583333333334,0.5781402046783625,0.5769334975543025,0.5542065936211379,0.5146751111133475,0.5070900745272877,0.5993412435054779,0.5770518591529445,710.6666666666666,closed,10.8,72.0,4.0,1.0,14.0,75.0,368.0,,0.0,,100.0,0.0,,0.0,0.0,0.0,0.0,,
F13_084_19,F13,84,19,0.57,0.5643416673978904,0.5807350912234713,0.5643416673978904,0.5946905555555544,0.5771780277777769,0.5718996245739504,0.5527001555031112,0.49527853937549143,0.4972861261942163,0.5920271575450897,0.5743264332413673,710.6666666666666,closed,9.5,76.0,5.0,1.2,12.9,78.0,375.0,,0.0,,100.0,0.0,,0.0,0.0,0.0,0.0,,
F13_084_20,F13,84,20,0.562,0.5638006573893836,0.5782119426776325,0.5638006573893835,0.5898672222222227,0.5754854497354497,0.5773461880344595,0.5564673777477037,0.49510456171528555,0.49709939566655015,0.5845211297273636,0.5712375960179737,710.6666666666666,closed,9.2,78.0,4.0,1.4,12.4,80.0,382.0,,0.0,,100.0,0.0,,0.0,0.0,0.0,0.0,,
F13_084_21,F13,84,21,0.555,0.555962546443708,0.5619641404086665,0.5559625464437079,0.5831088888888899,0.5726064015151519,0.5325502428961111,0.5340003523475104,0.4846738605747569,0.4915563094362163,0.5774295330047607,0.5681344219906763,710.6666666666666,closed,9.9,76.0,5.0,1.5,12.1,83.0,387.0,,0.0,,100.0,0.0,,0.0,0.0,0.0,0.0,,
F13_084_22,F13,84,22,0.549,0.5536196727336896,0.5569734996340515,0.5536196727336896,0.5781494444444454,0.5704754951690824,0.5291978614736811,0.5321882355422688,0.4773232177533042,0.4874219545353949,0.5713421106338501,0.5653625107977701,710.6666666666666,closed,10.1,75.0,5.0,1.9,12.1,85.0,386.0,,0.0,,100.0,0.0,,0.0,0.0,0.0,0.0,,
F13_084_23,F13,84,23,0.543,0.5501999755228444,0.5501393748371995,0.5501999755228443,0.5737511111111123,0.5685044444444448,0.5194259788168895,0.5269741144056652,0.4623096028497426,0.4791815827405361,0.5654591917991638,0.5625476405645411,710.6666666666666,closed,9.9,75.0,5.0,1.9,11.8,86.0,383.0,,0.0,,100.0,0.0,,0.0,0.0,0.0,0.0,,
F13_088_00,F13,88,0,0.554,0.4986542217558579,0.498654221755858,0.498654221755858,0.48924222222222197,0.48924222222222197,0.5322601501821476,0.5322601501821476,0.5223426039055467,0.5223426039055467,0.47144055366516113,0.47144055366516113,710.6666666666666,closed,9.1,86.0,5.0,1.0,12.1,85.0,408.0,,0.0,,9.0,0.0,,0.0,0.0,0.0,0.0,,
F13_088_01,F13,88,1,0.549,0.4981110505728645,0.4979299935118667,0.4981110505728645,0.4896999999999984,0.48958555555555433,0.5206969015798516,0.5235877137304256,0.5754381356616164,0.562164252722599,0.45935843139886856,0.4623789619654417,710.6666666666666,closed,8.7,88.0,5.0,1.5,12.0,85.0,412.0,,0.0,,0.0,0.0,,0.0,0.0,0.0,0.0,,
F13_088_02,F13,88,2,0.545,0.4951235810133852,0.49353931770314663,0.49512358101338516,0.48718666666666616,0.4879481481481475,0.5160977389052541,0.5195580012305026,0.5585899640848534,0.5553567659844294,0.455695316195488,0.45893004164099693,710.6666666666666,closed,9.3,88.0,5.0,1.1,11.8,86.0,410.0,,0.0,,0.0,0.0,,0.0,0.0,0.0,0.0,,
F13_088_03,F13,88,3,0.541,0.4923788281983412,0.48978141852317175,0.4923788281983413,0.48478666666666714,0.48625777777777773,0.5141344413222267,0.5174658746597984,0.5408801178958207,0.5450964116413899,0.45210571587085724,0.4558778600767255,710.6666666666666,closed,8.9,87.0,5.0,1.3,11.8,86.0,408.0,,0.0,,0.0,0.0,,0.0,0.0,0.0,0.0,,
F13_088_04,F13,88,4,0.538,0.4919285568220384,0.48989676945439015,0.4919285568220384,0.48266833333333353,0.48469255555555546,0.5208434823816576,0.5208250126279426,0.5415662219520518,0.5446648153260147,0.44944117963314056,0.45352470949292184,710.6666666666666,closed,7.9,87.0,5.0,0.5,11.5,86.0,413.0,,0.0,,0.0,0.0,,0.0,0.0,0.0,0.0,,
F13_088_05,F13,88,5,0.534,0.4913799220845747,0.4895367634380661,0.4913799220845747,0.4798677777777775,0.48272152777777744,0.5309399420754422,0.5267176924082694,0.5268856255876159,0.5355847018844333,0.4481189697980881,0.452072832112511,710.6666666666666,closed,8.5,88.0,4.0,1.3,11.6,87.0,418.0,,0.0,,0.0,0.0,,0.0,0.0,0.0,0.0,,
F13_088_06,F13,88,6,0.53,0.4896645383951513,0.4869956316432024,0.4896645383951513,0.4794583333333328,0.4820798809523805,0.5313109599735032,0.5275328811596146,0.497514561280735,0.517558511380956,0.4476991817355156,0.4512681157461234,710.6666666666666,closed,10.4,90.0,5.0,2.3,12.3,89.0,414.0,,0.0,,0.0,0.0,,0.0,0.0,0.0,0.0,,
F13_088_07,F13,88,7,0.529,0.481201703934103,0.4725436829906606,0.48120170393410294,0.4820233333333334,0.4831949999999999,0.5024769904559035,0.511786033157701,0.40063060034257614,0.460555789590714,0.4426377862691879,0.44797496404498816,710.6666666666666,closed,10.0,93.0,5.0,2.0,12.5,77.0,440.0,,0.0,,55.0,47.0,,0.0,12.0,0.0,0.0,,
F13_088_08,F13,88,8,0.538,0.48644681295884123,0.483716483423878,0.48644681295884123,0.48759,0.4861574074074073,0.5313300593270175,0.5267811777858978,0.3976455733197147,0.45223908688377573,0.45171211659908295,0.452423238919841,710.6666666666666,closed,9.8,93.0,11.0,1.4,12.3,79.0,438.0,,0.0,,100.0,100.0,,0.0,18.0,0.0,0.0,,
F13_088_09,F13,88,9,0.548,0.4925183086821115,0.49525199010890825,0.4925183086821115,0.4934844444444452,0.4895426111111114,0.5750645707496478,0.5512900472224564,0.36352927022210374,0.4280157688236836,0.4564080908894539,0.45493491254746915,710.6666666666666,closed,10.1,92.0,78.0,3.1,12.9,73.0,425.0,,0.0,,100.0,100.0,,0.0,0.0,0.0,0.0,,
F13_088_10,F13,88,10,0.554,0.4929918489058487,0.4956645336146268,0.4929918489058487,0.4996144444444446,0.49324459595959597,0.5490724469619014,0.5392738454770668,0.3894453438178549,0.43628940000304056,0.4645829275250435,0.45952783965251665,710.6666666666666,closed,11.2,85.0,187.0,1.3,14.9,63.0,428.0,,0.0,,100.0,100.0,,0.0,0.0,0.0,0.0,,
F13_088_11,F13,88,11,0.556,0.4909915690762938,0.4915605270510213,0.4909915690762939,0.5072200000000004,0.49789509259259274,0.48847836686027596,0.5072686022124225,0.4625411572494529,0.47197929426305735,0.46928413212299347,0.4624955827991168,710.6666666666666,closed,11.5,80.0,228.0,2.2,17.0,53.0,425.0,,0.0,,100.0,100.0,,0.0,0.0,27.0,0.0,,
F13_088_12,F13,88,12,0.561,0.49145455832054097,0.49233908450823355,0.491454558320541,0.5143750000000002,0.5024650854700856,0.47870671255580843,0.5005615394829288,0.43756499179392705,0.45780457924749696,0.47772137075662613,0.4675609073959864,710.6666666666666,closed,11.3,75.0,142.0,1.9,16.6,49.0,420.0,,0.0,,100.0,100.0,,0.0,0.0,0.0,0.0,,
F13_088_13,F13,88,13,0.565,0.4922804363612842,0.49376278669259505,0.4922804363612842,0.5135416666666669,0.5028693650793651,0.48437525368203865,0.5020371988771863,0.4235641096866026,0.44885842187188957,0.48563798516988754,0.472527698214565,710.6666666666666,closed,10.9,71.0,65.0,2.6,15.4,49.0,407.0,,0.0,,100.0,100.0,,0.0,0.0,0.0,0.0,,
F13_088_14,F13,88,14,0.568,0.5008478746408924,0.5096414396754466,0.5008478746408924,0.5157300000000001,0.5047479629629631,0.5259545622216051,0.5230353670852786,0.466658374757307,0.4701557424305795,0.49264637380838394,0.4771395246187846,710.6666666666666,closed,10.6,72.0,154.0,2.6,13.9,47.0,380.0,,0.0,,100.0,100.0,,0.0,0.0,0.0,0.0,,
F13_088_15,F13,88,15,0.565,0.512484008012504,0.5305102124885327,0.512484008012504,0.5170311111111111,0.5061255555555556,0.5995363244346418,0.5623081279569747,0.4834878729540278,0.47887782786800787,0.4988376572728157,0.4813978220336139,710.6666666666666,closed,10.5,67.0,127.0,2.9,15.3,67.0,359.0,,0.0,,100.0,100.0,,0.0,0.0,0.0,0.0,,
F13_088_16,F13,88,16,0.568,0.5121385011668972,0.5278546768383832,0.5121385011668971,0.5134699999999999,0.5048817647058823,0.5858535388022804,0.557254194179705,0.5052373145476688,0.4906634172461719,0.501826211810112,0.4840058706262533,710.6666666666666,closed,9.5,74.0,30.0,1.2,13.0,74.0,363.0,,0.0,,100.0,100.0,,0.0,0.0,0.0,0.0,,
F13_088_17,F13,88,17,0.566,0.5075934015357114,0.5175885748349274,0.5075934015357113,0.5116566666666662,0.5044018518518517,0.5402132497059943,0.5347551163023637,0.5221208928849462,0.5003838556631515,0.5028626173734665,0.4855428814060158,710.6666666666666,closed,9.4,67.0,5.0,1.3,11.8,80.0,367.0,,0.0,,100.0,56.0,,0.0,0.0,0.0,0.0,,
F13_088_18,F13,88,18,0.561,0.5080912208369142,0.517534914177291,0.508091220836914,0.512626111111111,0.5052939181286549,0.5356895516342002,0.5326614927595054,0.5364444031379453,0.5090665998606139,0.49996668100357056,0.48493026942014694,710.6666666666666,closed,9.4,67.0,5.0,1.4,12.0,78.0,362.0,,0.0,,100.0,0.0,,0.0,0.0,0.0,0.0,,
F13_088_19,F13,88,19,0.557,0.5044040079128544,0.5096122520990463,0.5044040079128544,0.5145605555555554,0.506676111111111,0.5098674301491043,0.5192562819235648,0.5173744201159055,0.5004237489379096,0.4943252429366112,0.48272033501416445,710.6666666666666,closed,9.5,67.0,5.0,1.0,11.9,79.0,360.0,,0.0,,100.0,0.0,,0.0,0.0,0.0,0.0,,
F13_088_20,F13,88,20,0.553,0.5040899713277044,0.5085392509650152,0.5040899713277044,0.51388,0.5066950793650794,0.520171175698267,0.52420639379339,0.4920025116507414,0.4879408764646329,0.4883778393268585,0.48015764302441055,710.6666666666666,closed,9.5,68.0,4.0,0.7,11.8,80.0,361.0,,0.0,,100.0,0.0,,0.0,0.0,0.0,0.0,,
F13_088_21,F13,88,21,0.55,0.5027271408353159,0.5055452030980709,0.5027271408353159,0.5125772222222221,0.5063406691919191,0.516093953706238,0.5218916996568692,0.4894158964138371,0.4867734019174379,0.482461579144001,0.47743869776075537,710.6666666666666,closed,9.5,68.0,4.0,0.3,11.7,81.0,362.0,,0.0,,100.0,0.0,,0.0,0.0,0.0,0.0,,
F13_088_22,F13,88,22,0.547,0.5044324381780809,0.5085788511498075,0.5044324381780808,0.511008888888889,0.5057935628019324,0.5336422689211556,0.5307952664667989,0.4972364034675252,0.49096855753224894,0.47720763832330704,0.47491589739270834,710.6666666666666,closed,9.4,69.0,5.0,0.6,11.6,83.0,365.0,,0.0,,100.0,0.0,,0.0,0.0,0.0,0.0,,
F13_088_23,F13,88,23,0.545,0.5031716278068111,0.5058263821992315,0.5031716278068111,0.5102727777777781,0.5056274768518519,0.5223033313117952,0.5250081948975217,0.5148238356226044,0.5003898386936559,0.47178371250629425,0.47218642523512244,710.6666666666666,closed,9.2,72.0,5.0,0.6,11.5,84.0,369.0,,0.0,,100.0,0.0,,0.0,0.0,0.0,0.0,,
F13_093_00,F13,93,0,0.38199999999999995,0.4566757486377506,0.4566757486377506,0.4566757486377506,0.46483111111111164,0.46483111111111164,0.44535996595281396,0.44535996595281396,0.37029110302328244,0.37029110302328244,0.48523567616939545,0.48523567616939545,710.6666666666666,closed,1.0,78.0,4.0,0.7,10.4,64.0,395.0,,0.0,,0.0,0.0,,38.0,0.0,0.0,0.0,,
F13_093_01,F13,93,1,0.37600000000000006,0.45616816250559883,0.4559989671282149,0.45616816250559883,0.4605944444444428,0.46165361111111003,0.44284123905244516,0.44347092077753736,0.4101619693725693,0.4001942527852476,0.47909389436244965,0.4806293398141861,710.6666666666666,closed,1.0,80.0,4.0,0.4,10.2,65.0,399.0,,0.0,,0.0,0.0,,27.0,0.0,0.0,0.0,,
F13_093_02,F13,93,2,0.36999999999999994,0.4578029311620828,0.4585357178016329,0.45780293116208287,0.4594066666666659,0.460508703703703,0.45453422083323236,0.4510563480563648,0.42401574703696715,0.4127526767572867,0.4750552251935005,0.47742507855097455,710.6666666666666,closed,0.5,81.0,4.0,0.5,10.0,64.0,403.0,,0.0,,0.0,0.0,,33.0,0.0,0.0,0.0,,
F13_093_03,F13,93,3,0.36599999999999994,0.4581962702070041,0.4588719456176868,0.458196270207004,0.45847388888888796,0.45965020833333253,0.4507535754040399,0.44956291285733635,0.4511319300312679,0.43251605869864473,0.47266533225774765,0.4753389321267605,710.6666666666666,closed,0.4,79.0,4.0,0.4,10.2,63.0,401.0,,0.0,,0.0,0.0,,48.0,0.0,0.0,0.0,,
F13_093_04,F13,93,4,0.36199999999999993,0.45617900186659144,0.45528460658010483,0.45617900186659144,0.4582888888888878,0.4593039444444435,0.46098975430441946,0.4559427527069048,0.3853550973462025,0.39677313335413017,0.4691999554634094,0.472724986076355,710.6666666666666,closed,-0.3,80.0,4.0,1.0,9.4,66.0,397.0,,0.0,,0.0,0.0,,23.0,0.0,0.0,0.0,,
F13_093_05,F13,93,5,0.35600000000000004,0.4521471054343504,0.4486283256352592,0.4521471054343504,0.45641777777777665,0.45804328703703606,0.4535918069914981,0.4524684503739531,0.3414868865595422,0.36928033772725705,0.46683403849601746,0.4707573627432187,710.6666666666666,closed,0.5,79.0,6.0,0.2,11.1,60.0,390.0,,0.0,,0.0,0.0,,33.0,0.0,0.0,0.0,,
F13_093_06,F13,93,6,0.3539999999999999,0.45567966943687427,0.4556900075894488,0.45567966943687427,0.45696499999999957,0.45812376984126923,0.43590911061705934,0.44252453196249447,0.4817905862576913,0.44548338738795445,0.4659268707036972,0.46967850625514984,710.6666666666666,closed,1.9,76.0,24.0,0.5,10.6,61.0,395.0,,0.0,,0.0,0.0,,58.0,0.0,0.0,0.0,,
F13_093_07,F13,93,7,0.353,0.45032741720525915,0.44617259514378316,0.45032741720525915,0.4599083333333338,0.459634548611111,0.4358273018380758,0.4416515868561368,0.34826070004664006,0.3749112262529552,0.46478593349456787,0.468567774631083,710.6666666666666,closed,3.5,73.0,44.0,0.9,8.7,68.0,398.0,,0.0,,41.0,0.0,,0.0,0.0,0.0,0.0,,
F13_093_08,F13,93,8,0.379,0.45949929813156465,0.4635129452234283,0.45949929813156465,0.46020277777777746,0.4598285493827156,0.4508277301471888,0.4493380153591929,0.4975420354751569,0.4548841319125407,0.473067969083786,0.47274870094325805,710.6666666666666,closed,5.0,70.0,63.0,1.3,7.8,74.0,408.0,,0.0,,100.0,0.0,,0.0,0.0,0.0,0.0,,
F13_093_09,F13,93,9,0.419,0.46450671208387506,0.4718875802109266,0.46450671208387506,0.4629372222222223,0.46136991666666644,0.4797043793196072,0.46536914388282263,0.47942781701709164,0.44918710211686635,0.48097218573093414,0.47712794691324234,710.6666666666666,closed,6.6,66.0,83.0,1.7,10.7,71.0,403.0,,0.0,,100.0,9.0,,0.0,0.0,0.0,0.0,,
F13_093_10,F13,93,10,0.43,0.4682646446587602,0.47754697857704076,0.4682646446587602,0.4679800000000003,0.46426300505050494,0.5034888842989979,0.4796457134567434,0.45003471527397104,0.43590365706609385,0.4803823456168175,0.47715569219805976,710.6666666666666,closed,8.2,63.0,103.0,2.1,17.2,60.0,440.0,,0.0,,100.0,100.0,,0.0,0.0,18.0,0.0,,
F13_093_11,F13,93,11,0.418,0.46770831932978324,0.4750918650591938,0.46770831932978324,0.47520055555555557,0.4684838888888887,0.4829835838903407,0.4705256066389086,0.42428463812836553,0.4231332867962139,0.485683836042881,0.48029622063040733,710.6666666666666,closed,9.7,60.0,122.0,2.6,23.1,49.0,447.0,,1.0,,100.0,100.0,,0.0,0.0,0.0,0.0,,
F13_093_12,F13,93,12,0.411,0.4906746200751555,0.5166887741963982,0.49067462007515555,0.4892333333333336,0.4765566666666666,0.5575547982282888,0.5116376433786832,0.5528299206087105,0.49243854284964206,0.5190861448645592,0.4986965111815012,710.6666666666666,closed,11.3,57.0,142.0,3.0,24.1,42.0,383.0,,56.0,,100.0,100.0,,0.0,0.0,25.0,5.0,,
F13_093_13,F13,93,13,0.409,0.500554717900252,0.5316630695870791,0.500554717900252,0.5064066666666666,0.48666214285714265,0.5671458420294323,0.5200554993328389,0.5559356377923027,0.49841598975221424,0.5399900823831558,0.511351451543825,710.6666666666666,closed,12.9,53.0,162.0,3.4,22.8,42.0,384.0,,63.0,,100.0,100.0,,0.0,0.0,38.0,3.0,,
F13_093_14,F13,93,14,0.407,0.49757696829857084,0.5221912451230736,0.49757696829857084,0.5205033333333337,0.4954966666666667,0.5020661602243033,0.4884856918832097,0.5001966609235486,0.47252317862488463,0.5591901689767838,0.5235007397830487,710.6666666666666,closed,14.4,50.0,181.0,3.8,22.6,43.0,357.0,,33.0,,100.0,100.0,,0.0,0.0,17.0,2.0,,
F13_093_15,F13,93,15,0.409,0.5014418551912035,0.526570529059264,0.5014418551912034,0.5217072222222224,0.49769914930555553,0.5116054562481339,0.49440222216718804,0.5063370341727468,0.4775148445571877,0.5642939507961273,0.5284427131991833,710.6666666666666,closed,15.9,48.0,183.0,3.9,23.4,46.0,337.0,,0.0,,100.0,100.0,,0.0,0.0,0.0,2.0,,
F13_093_16,F13,93,16,0.415,0.5096235649346385,0.5392327948115233,0.5096235649346385,0.5231772222222223,0.4998896241830064,0.5506300089105585,0.5160742344049979,0.5358722235394208,0.49484654419928326,0.5654337406158447,0.5311550276682657,710.6666666666666,closed,15.3,51.0,71.0,2.5,20.3,53.0,341.0,,0.0,,100.0,100.0,,0.0,0.0,0.0,0.0,,
F13_093_17,F13,93,17,0.419,0.5137615036774897,0.5439563387583065,0.5137615036774897,0.5215644444444442,0.5003321913580244,0.563164237667004,0.5246092870545419,0.5713383640846843,0.5158439894504022,0.5636945962905884,0.5321415188825793,710.6666666666666,closed,13.0,58.0,7.0,1.5,15.8,68.0,350.0,,0.0,,100.0,76.0,,0.0,0.0,0.0,0.0,,
F13_093_18,F13,93,18,0.417,0.5156066090926585,0.5444425555390455,0.5156066090926585,0.5122272222222222,0.49653535087719286,0.5874463232466082,0.5394185400234105,0.5901519505993257,0.5286666336493863,0.5518710762262344,0.5275793018701829,710.6666666666666,closed,11.2,66.0,5.0,1.2,14.0,73.0,356.0,,0.0,,100.0,0.0,,0.0,0.0,0.0,0.0,,
F13_093_19,F13,93,19,0.412,0.5103512981341364,0.5316861588136331,0.5103512981341364,0.5056249999999997,0.49385377777777756,0.5638605007031315,0.5294373723492453,0.5668287709557468,0.5194962301840041,0.5415666848421097,0.5233840851113201,710.6666666666666,closed,10.7,72.0,5.0,1.7,12.9,77.0,360.0,,0.0,,100.0,0.0,,0.0,0.0,0.0,0.0,,
F13_093_20,F13,93,20,0.4040000000000001,0.5036035550668351,0.5168645710779217,0.5036035550668351,0.5003188888888893,0.4916349206349207,0.5227279754821791,0.5095309604884553,0.5575817393175077,0.5169064774578668,0.5332512557506561,0.5198942222410724,710.6666666666666,closed,10.9,74.0,5.0,2.0,12.4,81.0,360.0,,0.0,,100.0,0.0,,0.0,0.0,0.0,0.0,,
F13_093_21,F13,93,21,0.39799999999999996,0.5008250259349004,0.5103959922158653,0.5008250259349004,0.49646277777777814,0.4900139520202021,0.5139852465814765,0.5055607619718936,0.543770627748362,0.5115359083130698,0.5261787474155426,0.5168043671345168,710.6666666666666,closed,11.0,74.0,5.0,2.0,12.1,83.0,360.0,,0.0,,100.0,0.0,,0.0,0.0,0.0,0.0,,
F13_093_22,F13,93,22,0.39200000000000007,0.4981240748520361,0.5044215887836281,0.49812407485203597,0.49278222222222223,0.48837404589371974,0.5074988868855992,0.5025428562440265,0.5237961615243668,0.5025159572151284,0.5209134817123413,0.5144648537363695,710.6666666666666,closed,11.0,75.0,5.0,2.1,11.9,85.0,360.0,,0.0,,100.0,0.0,,0.0,0.0,0.0,0.0,,
F13_093_23,F13,93,23,0.387,0.49652408188922376,0.5008458011805011,0.49652408188922376,0.48991888888888896,0.48706640046296296,0.5113980060203067,0.5047801487367521,0.4969128405213199,0.48940090270559305,0.5159809291362762,0.5121645087686677,710.6666666666666,closed,11.1,76.0,5.0,1.9,11.8,87.0,360.0,,0.0,,100.0,0.0,,0.0,0.0,0.0,0.0,,
F13_098_00,F13,98,0,0.381,0.4073644880601471,0.4073644880601472,0.4073644880601472,0.42818000000000045,0.42818000000000045,0.40753554343424425,0.40753554343424425,0.43953817996562866,0.43953817996562866,0.3443325161933899,0.3443325161933899,710.6666666666666,closed,2.9,74.0,4.0,0.5,9.9,69.0,382.0,,0.0,,0.0,0.0,,32.0,0.0,0.0,0.0,,
F13_098_01,F13,98,1,0.37600000000000006,0.39712434670923974,0.39371096625893715,0.39712434670923963,0.4212327777777775,0.4229695833333332,0.3979339091498579,0.40033431772095446,0.3525180060711508,0.3742730495447703,0.3390682712197304,0.34038433246314526,710.6666666666666,closed,2.2,75.0,4.0,0.9,10.1,68.0,386.0,,0.0,,0.0,0.0,,30.0,0.0,0.0,0.0,,
F13_098_02,F13,98,2,0.37200000000000005,0.3968523237772826,0.39500962208615276,0.3968523237772826,0.41831666666666684,0.4204465740740742,0.3925275067420276,0.39592991325870214,0.40777654779938294,0.40386039620571856,0.33694448322057724,0.3385297867159049,710.6666666666666,closed,2.8,75.0,4.0,0.5,10.1,68.0,390.0,,0.0,,0.0,0.0,,12.0,0.0,0.0,0.0,,
F13_098_03,F13,98,3,0.369,0.3957547675544819,0.3939906128061237,0.3957547675544819,0.41742722222222234,0.4193581944444445,0.39233957685687404,0.3949618554513125,0.4040239657411764,0.4024940703177555,0.33571065217256546,0.3373623164370656,710.6666666666666,closed,3.8,70.0,4.0,0.9,10.3,69.0,387.0,,0.0,,0.0,0.0,,15.0,0.0,0.0,0.0,,
F13_098_04,F13,98,4,0.367,0.4055237021187142,0.41086022199596356,0.4055237021187142,0.4191477777777773,0.42000433333333315,0.43324577696626076,0.41898111979805686,0.47855623361402344,0.44751941012614793,0.33702901750802994,0.33782300278544425,710.6666666666666,closed,4.6,67.0,5.0,1.0,9.2,75.0,385.0,,0.0,,0.0,0.0,,0.0,0.0,0.0,0.0,,
F13_098_05,F13,98,5,0.365,0.405885022239783,0.4099549079528673,0.40588502223978296,0.4202822222222222,0.42052333333333336,0.4346190114914425,0.42215961613244685,0.455611555887973,0.4393078187005977,0.3373097702860832,0.3378544443597396,710.6666666666666,closed,4.5,67.0,5.0,1.0,9.0,78.0,382.0,,0.0,,0.0,0.0,,0.0,0.0,0.0,0.0,,
F13_098_06,F13,98,6,0.36400000000000005,0.40992759645847676,0.41601194140731046,0.4099275964584768,0.4219377777777786,0.42143492063492105,0.4331544135135754,0.42310261662495074,0.5224242571582747,0.47981561045325233,0.3386540412902832,0.33854478863733156,710.6666666666666,closed,4.4,67.0,15.0,1.0,11.8,80.0,400.0,,0.0,,0.0,0.0,,0.0,0.0,0.0,0.0,,
F13_098_07,F13,98,7,0.36400000000000005,0.39708629717576827,0.3918308882494211,0.39708629717576827,0.4156305555555557,0.4179499652777779,0.42500207700671383,0.41977340195091917,0.2834499413192764,0.35071863863194364,0.33825863897800446,0.3383360314182937,710.6666666666666,closed,5.4,62.0,82.0,1.2,12.0,78.0,412.0,,0.0,,36.0,0.0,,0.0,0.0,20.0,0.0,,
F13_098_08,F13,98,8,0.369,0.40948054015467394,0.4151916073967208,0.40948054015467394,0.42367666666666626,0.42216231481481464,0.4329075691614079,0.42474630593194856,0.47679177767021547,0.4506564702366134,0.3489282429218292,0.3442549900048309,710.6666666666666,closed,6.5,55.0,159.0,1.6,11.7,79.0,411.0,,0.0,,100.0,0.0,,0.0,0.0,0.0,0.0,,
F13_098_09,F13,98,9,0.381,0.4117992694324492,0.4183691029486673,0.4117992694324492,0.4319044444444451,0.4268390277777782,0.4061961754704236,0.41087116572485316,0.5235911751478922,0.4790096695926958,0.35840296745300293,0.34993341378867626,710.6666666666666,closed,7.7,48.0,239.0,2.2,14.6,73.0,422.0,,0.0,,100.0,14.0,,0.0,0.0,0.0,0.0,,
F13_098_10,F13,98,10,0.397,0.4200660286034796,0.43242985584285326,0.4200660286034796,0.4323100000000004,0.4275207323232326,0.4580037293718792,0.4387048323752445,0.533301411322499,0.48835902619295374,0.3616802394390106,0.35249097611416474,710.6666666666666,closed,8.8,39.0,345.0,3.1,18.0,64.0,468.0,,0.0,,100.0,100.0,,0.0,0.0,10.0,0.0,,
F13_098_11,F13,98,11,0.408,0.4031948878169305,0.3993810071231669,0.4031948878169305,0.4342116666666667,0.4289499074074075,0.3712292286348415,0.3933102192257352,0.36615305505728674,0.4015655319767592,0.3628607392311096,0.35389618544528884,710.6666666666666,closed,9.0,37.0,423.0,2.9,21.4,56.0,479.0,,0.0,,100.0,100.0,,0.0,0.0,25.0,0.0,,
F13_098_12,F13,98,12,0.415,0.40009993716934217,0.3941780817338975,0.40009993716934217,0.43337833333333337,0.42890594017094025,0.3657843073524017,0.3886798007974297,0.3328314935586316,0.38089911602213933,0.3587086424231529,0.352350022070683,710.6666666666666,closed,8.9,35.0,446.0,3.2,20.7,51.0,437.0,,0.0,,100.0,100.0,,0.0,0.0,0.0,2.0,,
F13_098_13,F13,98,13,0.424,0.40478699500468496,0.40371683708459666,0.40478699500468496,0.4351822222222215,0.4301917658730156,0.36872403991961294,0.3886192651409337,0.42460219467868976,0.42662859001763415,0.36183712631464005,0.3544801827520132,710.6666666666666,closed,9.4,30.0,416.0,2.8,20.0,47.0,430.0,,0.0,,100.0,100.0,,0.0,0.0,10.0,3.0,,
F13_098_14,F13,98,14,0.432,0.40444978303348406,0.40321833437860616,0.4044497830334841,0.43788222222222145,0.4319644629629626,0.394821898390416,0.4012117746439407,0.3093978584828864,0.3650511843572761,0.36762891709804535,0.35805960074067117,710.6666666666666,closed,9.4,30.0,330.0,2.8,19.3,44.0,411.0,,0.0,,100.0,100.0,,0.0,0.0,0.0,5.0,,
F13_098_15,F13,98,15,0.442,0.42159665672301583,0.43563967881241616,0.42159665672301583,0.4403861111111102,0.4336645138888884,0.4725542567037147,0.4421077227320353,0.4495819898666169,0.4360456712877336,0.37437382340431213,0.3622409144882113,710.6666666666666,closed,8.7,32.0,203.0,2.8,19.6,49.0,381.0,,0.0,,100.0,100.0,,0.0,0.0,0.0,2.0,,
F13_098_16,F13,98,16,0.448,0.42628286389921044,0.44293106769085044,0.42628286389921044,0.4446905555555552,0.43633872549019587,0.46941579798206806,0.4422371583483211,0.5087396146377557,0.4681606678476826,0.38060320168733597,0.3662525211625239,710.6666666666666,closed,6.7,36.0,58.0,3.1,16.6,57.0,373.0,,0.0,,100.0,100.0,,0.0,0.0,0.0,0.0,,
F13_098_17,F13,98,17,0.446,0.4302050509753637,0.4486101375412839,0.4302050509753637,0.44754222222222184,0.4383077623456788,0.47351111644974403,0.4459085008525805,0.5455173554247056,0.489825528084688,0.3825290724635124,0.36806621299021774,710.6666666666666,closed,4.6,42.0,5.0,3.1,13.8,62.0,393.0,,0.0,,100.0,54.0,,0.0,0.0,0.0,0.0,,
F13_098_18,F13,98,18,0.436,0.4155552814264518,0.41893506674175934,0.4155552814264518,0.4408594444444434,0.43527653508771874,0.3895224041118938,0.40315668465356264,0.4858084672022614,0.4613309462486656,0.3748623952269554,0.3647923228379926,710.6666666666666,closed,3.5,47.0,4.0,2.4,9.2,60.0,367.0,,0.0,,100.0,0.0,,0.0,0.0,0.0,0.0,,
F13_098_19,F13,98,19,0.425,0.4113096127239906,0.41052619442132765,0.4113096127239906,0.43904333333333195,0.43460222222222145,0.3838204722044653,0.39948145637507926,0.42174778035037597,0.42892296169910554,0.36964329332113266,0.3625557979568839,710.6666666666666,closed,2.8,50.0,4.0,2.2,7.9,66.0,365.0,,0.0,,100.0,0.0,,0.0,0.0,0.0,0.0,,
F13_098_20,F13,98,20,0.413,0.40326494321424855,0.3952394088393351,0.40326494321424855,0.4310083333333319,0.4306048941798933,0.3751703163419157,0.3942046612008574,0.33632442704755783,0.3838357203810232,0.3570428937673569,0.35629308844606083,710.6666666666666,closed,2.9,52.0,4.0,1.6,9.0,65.0,362.0,,0.0,,39.0,0.0,,22.0,0.0,0.0,0.0,,
F13_098_21,F13,98,21,0.4040000000000001,0.4044124854398496,0.3981325795643904,0.40441248543984964,0.43093444444444357,0.430584608585858,0.39667746500456014,0.4045818368718333,0.3182874380954279,0.3722476900954342,0.353092297911644,0.3542620863088153,710.6666666666666,closed,3.2,53.0,4.0,1.5,8.9,68.0,360.0,,0.0,,0.0,0.0,,0.0,0.0,0.0,0.0,,
F13_098_22,F13,98,22,0.397,0.40461198596960485,0.3990382810693762,0.40461198596960485,0.4303605555555552,0.43030039855072433,0.4004683193188702,0.406216005563331,0.3300251147686342,0.3760255974031937,0.34975404292345047,0.35246952768901113,710.6666666666666,closed,3.3,52.0,4.0,1.1,8.4,72.0,361.0,,0.0,,0.0,0.0,,0.0,0.0,0.0,0.0,,
F13_098_23,F13,98,23,0.38999999999999996,0.405183127109388,0.400580768449778,0.405183127109388,0.43034055555555534,0.43029248842592566,0.4036841267998416,0.40765141836615104,0.3444033785837047,0.38159758969710295,0.3479042053222656,0.35139292540649575,710.6666666666666,closed,3.2,53.0,4.0,1.7,8.2,73.0,362.0,,0.0,,0.0,0.0,,0.0,0.0,0.0,0.0,,
F13_100_00,F13,100,0,0.38199999999999995,0.3595113964398147,0.35951139643981483,0.35951139643981483,0.34620833333333473,0.34620833333333473,0.3989804402237769,0.3989804402237769,0.40962178375880304,0.40962178375880304,0.3240317404270172,0.3240317404270172,710.6666666666666,closed,2.7,55.0,4.0,2.9,10.1,66.0,357.0,,0.0,,0.0,0.0,,23.0,0.0,0.0,0.0,,
F13_100_01,F13,100,1,0.379,0.35108193618552397,0.34827211610076025,0.3510819361855239,0.34349611111111217,0.3441741666666678,0.4032219148643363,0.4021615462041965,0.2839220562594922,0.3153469881343199,0.3195347934961319,0.3206590302288532,710.6666666666666,closed,1.9,58.0,4.0,2.6,10.2,63.0,354.0,,0.0,,0.0,0.0,,20.0,0.0,0.0,0.0,,
F13_100_02,F13,100,2,0.377,0.3485578949964605,0.3458909643595471,0.34855789499646056,0.3423361111111128,0.3431748148148164,0.39881905131895756,0.39957976006065726,0.2785230876749005,0.30127269845298293,0.3178560584783554,0.31916512797276175,710.6666666666666,closed,1.6,58.0,4.0,2.1,10.2,63.0,355.0,,0.0,,0.0,0.0,,23.0,0.0,0.0,0.0,,
F13_100_03,F13,100,3,0.37600000000000006,0.34826366501360223,0.34648696864173917,0.34826366501360234,0.3412288888888901,0.3422731250000013,0.40075115600940037,0.400597148306759,0.29069690243985646,0.30319392998655975,0.31630536168813705,0.3178686751052737,710.6666666666666,closed,1.4,59.0,4.0,2.2,10.3,62.0,353.0,,0.0,,0.0,0.0,,25.0,0.0,0.0,0.0,,
F13_100_04,F13,100,4,0.375,0.34905742749966034,0.34840213824245697,0.3490574274996603,0.3407183333333334,0.34175794444444496,0.39861533350208483,0.39934645634289806,0.3279633712920534,0.3230544057885372,0.3147629424929619,0.3166305609047413,710.6666666666666,closed,0.6,64.0,4.0,3.3,10.2,62.0,351.0,,0.0,,0.0,0.0,,20.0,0.0,0.0,0.0,,
F13_100_05,F13,100,5,0.375,0.35326870090071855,0.35580868957490064,0.35326870090071855,0.3384222222222227,0.34024527777777847,0.4263109357660966,0.415380370523436,0.3551709479019068,0.3397436530615378,0.3131886124610901,0.3154009319841862,710.6666666666666,closed,-0.4,65.0,4.0,4.3,10.3,61.0,355.0,,0.0,,0.0,0.0,,53.0,0.0,0.0,0.0,,
F13_100_06,F13,100,6,0.375,0.3465299227579221,0.3433808306564612,0.3465299227579221,0.3367388888888896,0.33902293650793736,0.40993657288187596,0.4075851010528329,0.26175235386106804,0.2885654985868255,0.3121059909462929,0.3144662454724312,710.6666666666666,closed,-1.9,59.0,16.0,3.2,9.6,57.0,354.0,,0.0,,0.0,0.0,,35.0,0.0,0.0,0.0,,
F13_100_07,F13,100,7,0.37600000000000006,0.3390292811040243,0.33074615484985653,0.3390292811040243,0.33594611111111194,0.33829149305555645,0.363107645127527,0.38153776316964194,0.24377525657858123,0.27510173827470696,0.3142208307981491,0.315360811073333,710.6666666666666,closed,-1.0,53.0,97.0,2.2,10.5,54.0,433.0,,0.0,,34.0,0.0,,43.0,0.0,30.0,0.0,,
F13_100_08,F13,100,8,0.385,0.3453104368259621,0.34370886040017806,0.3453104368259621,0.34562777777778003,0.34340959876543375,0.3696122361445777,0.383103633952213,0.29641281868259695,0.3008641081440351,0.32693782448768616,0.32229914309249985,710.6666666666666,closed,0.1,47.0,190.0,1.8,5.9,68.0,483.0,,0.0,,100.0,0.0,,0.0,0.0,0.0,0.0,,
F13_100_09,F13,100,9,0.393,0.3563644931779341,0.3640983403902697,0.356364493177934,0.3637272222222207,0.35358611111111077,0.37179319994717025,0.38295402426287534,0.4106248071650091,0.36323557286321795,0.3371446058154106,0.32837674096226693,710.6666666666666,closed,1.1,42.0,283.0,1.3,9.9,60.0,423.0,,0.0,,100.0,9.0,,0.0,0.0,0.0,0.0,,
F13_100_10,F13,100,10,0.40599999999999997,0.36218850585906853,0.3734867224369603,0.3621885058590686,0.36819999999999936,0.3569477272727273,0.40316750679528796,0.39905266215132995,0.39423025437913184,0.3586012017347205,0.3422605022788048,0.33196430856531317,710.6666666666666,closed,2.2,37.0,376.0,0.9,15.6,51.0,459.0,,0.0,,100.0,100.0,,0.0,0.0,28.0,0.0,,
F13_100_11,F13,100,11,0.417,0.35964884619753157,0.36705993281906246,0.35964884619753157,0.3662488888888884,0.3568285648148148,0.397380493163012,0.3962609334875103,0.34067166565631934,0.3325593872302313,0.34317707270383835,0.3333188003549973,710.6666666666666,closed,3.1,35.0,458.0,1.2,19.3,46.0,444.0,,0.0,,100.0,100.0,,0.0,0.0,0.0,0.0,,
F13_100_12,F13,100,12,0.425,0.3607915300241067,0.3681233332653404,0.3607915300241067,0.36724666666666533,0.3580904700854696,0.37531050267361804,0.38446321242979825,0.4199649356279411,0.3758797847861883,0.3408660888671875,0.3328327530851731,710.6666666666666,closed,3.6,37.0,503.0,2.6,20.6,43.0,417.0,,0.0,,100.0,100.0,,0.0,0.0,22.0,3.0,,
F13_100_13,F13,100,13,0.433,0.35711935195425326,0.36029102710278305,0.3571193519542533,0.3684861111111091,0.35940847222222133,0.3810591369981373,0.38688907297820646,0.29012184109241185,0.30946992348799424,0.34376876801252365,0.3349615694688899,710.6666666666666,closed,3.5,36.0,441.0,2.4,20.6,43.0,431.0,,0.0,,100.0,100.0,,0.0,0.0,0.0,5.0,,
F13_100_14,F13,100,14,0.441,0.37418049892993954,0.39188421828862846,0.37418049892993954,0.37374777777777607,0.36281987037036956,0.45532863868033663,0.4261108114767082,0.41745419517630333,0.37609064017303084,0.3490503802895546,0.3383655759195487,710.6666666666666,closed,4.4,37.0,355.0,2.2,19.8,43.0,368.0,,0.0,,100.0,100.0,,0.0,0.0,0.0,7.0,,
F13_100_15,F13,100,15,0.45,0.38388348923846194,0.4080658801212955,0.383883489238462,0.3769099999999989,0.3651827951388884,0.4662582682053846,0.43374329136211665,0.5574972508877883,0.45307373570746173,0.3532365784049034,0.3412572939414531,710.6666666666666,closed,4.6,37.0,228.0,1.9,16.8,47.0,351.0,,0.0,,100.0,100.0,,0.0,0.0,0.0,0.0,,
F13_100_16,F13,100,16,0.456,0.3844235573660038,0.40639907648633744,0.3844235573660038,0.37634777777777745,0.3655749836601305,0.46648480887810956,0.4357758703561045,0.5334330963468931,0.4464764489023012,0.35560570657253265,0.3432162020574598,710.6666666666666,closed,2.6,44.0,61.0,2.2,11.3,53.0,356.0,,0.0,,100.0,100.0,,0.0,0.0,0.0,0.0,,
F13_100_17,F13,100,17,0.452,0.36852453673216007,0.37396140379901954,0.3685245367321601,0.3737422222222202,0.36479831790123357,0.4050476551570476,0.40505675803232205,0.332747512707061,0.3453899823948671,0.35366949439048767,0.3428826181011068,710.6666666666666,closed,0.9,51.0,5.0,1.5,7.3,63.0,366.0,,0.0,,100.0,54.0,,0.0,0.0,0.0,0.0,,
F13_100_18,F13,100,18,0.438,0.3654489277915583,0.3675740601051903,0.3654489277915583,0.3651283333333311,0.360735423976607,0.4037913623359454,0.40439507218567483,0.31874478274100787,0.33735473137653355,0.34951475262641907,0.34126364224051176,710.6666666666666,closed,0.5,52.0,4.0,2.0,7.1,66.0,365.0,,0.0,,100.0,0.0,,0.0,0.0,0.0,0.0,,
F13_100_19,F13,100,19,0.425,0.3636437359484437,0.3639332058979594,0.36364373594844374,0.36265944444444215,0.3596589027777765,0.3979141398120786,0.40127934486815836,0.3169342325020414,0.3354736950692998,0.34501270204782486,0.33931262120604516,710.6666666666666,closed,0.3,54.0,4.0,2.0,6.7,69.0,364.0,,0.0,,100.0,0.0,,0.0,0.0,0.0,0.0,,
F13_100_20,F13,100,20,0.411,0.368861393084522,0.37386787225324386,0.3688613930845221,0.35403444444444254,0.3552839285714274,0.4301717194086252,0.4180159244160599,0.4239029417650298,0.3906220921800434,0.3338894546031952,0.3337575906798953,710.6666666666666,closed,-0.1,55.0,4.0,1.5,8.3,63.0,359.0,,0.0,,39.0,0.0,,40.0,0.0,0.0,0.0,,
F13_100_21,F13,100,21,0.40199999999999997,0.3532189878667815,0.34350792495246,0.3532189878667815,0.35137777777777685,0.35383842171717106,0.3737396955420622,0.38906990262183677,0.24649959093769377,0.29940128831961715,0.3271454870700836,0.3302383287386461,710.6666666666666,closed,0.2,57.0,4.0,1.4,9.2,61.0,356.0,,0.0,,0.0,0.0,,20.0,0.0,0.0,0.0,,
F13_100_22,F13,100,22,0.397,0.35044687550669024,0.33900396483847856,0.35044687550669024,0.3496133333333337,0.3528108574879227,0.3642084180257524,0.3834305314359458,0.2377459888640303,0.2925341177863178,0.32379932701587677,0.32835803472477454,710.6666666666666,closed,-0.0,60.0,4.0,1.8,9.3,61.0,356.0,,0.0,,0.0,0.0,,20.0,0.0,0.0,0.0,,
F13_100_23,F13,100,23,0.393,0.3493431428720701,0.3378002310334646,0.34934314287206997,0.3483644444444454,0.3520271643518522,0.3667342725496039,0.383945159275027,0.22996279276846332,0.2861975311147813,0.32086024433374405,0.32663731633995974,710.6666666666666,closed,-0.3,63.0,4.0,1.9,9.1,61.0,354.0,,0.0,,0.0,0.0,,20.0,0.0,0.0,0.0,,
F13_110_00,F13,110,0,0.335,0.4006746844582201,0.40067468445822,0.40067468445822,0.3967533333333337,0.3967533333333337,0.455974903879422,0.455974903879422,0.38357326730367985,0.38357326730367985,0.35056623071432114,0.35056623071432114,710.6666666666666,closed,0.6,64.0,4.0,1.1,10.0,60.0,378.0,,0.0,,0.0,0.0,,50.0,0.0,0.0,0.0,,
F13_110_01,F13,110,1,0.333,0.39466813934744555,0.3926659576438541,0.39466813934744555,0.39558333333333234,0.3958758333333327,0.4439203009019416,0.4469339516463117,0.33634231400024167,0.3481500523261012,0.34668850153684616,0.3476579338312149,710.6666666666666,closed,0.2,68.0,4.0,1.1,10.1,59.0,382.0,,0.0,,0.0,0.0,,25.0,0.0,0.0,0.0,,
F13_110_02,F13,110,2,0.333,0.38958485503720247,0.38604212203028515,0.38958485503720247,0.3939411111111109,0.3946835185185183,0.438118846138912,0.44206176488950194,0.2907566940563396,0.31382372625488003,0.3427066504955292,0.344680222372214,710.6666666666666,closed,-0.1,70.0,4.0,0.7,9.9,59.0,383.0,,0.0,,0.0,0.0,,50.0,0.0,0.0,0.0,,
F13_110_03,F13,110,3,0.333,0.3934476311367366,0.39363965699230663,0.39344763113673653,0.39308611111111064,0.39396354166666625,0.45908227412969405,0.45417817769609314,0.33319454495734546,0.33458062501837355,0.34061507135629654,0.3428795924410224,710.6666666666666,closed,-0.5,71.0,4.0,0.9,10.3,58.0,386.0,,0.0,,0.0,0.0,,33.0,0.0,0.0,0.0,,
F13_110_04,F13,110,4,0.333,0.39207608374584507,0.39128973605563083,0.39207608374584507,0.3932116666666654,0.393863388888888,0.4406198461426565,0.4440815401905908,0.3623090044955974,0.3517720847291191,0.3390732631087303,0.3415016032755374,710.6666666666666,closed,-0.8,74.0,4.0,0.5,9.8,59.0,393.0,,0.0,,0.0,0.0,,28.0,0.0,0.0,0.0,,
F13_110_05,F13,110,5,0.333,0.39149679913054264,0.39052134748374495,0.39149679913054264,0.3907088888888883,0.39229481481481426,0.44255554832919897,0.44463375079141826,0.3665814216922266,0.35602048138823256,0.3372061774134636,0.34000774659216404,710.6666666666666,closed,-1.3,75.0,4.0,0.6,10.7,57.0,393.0,,0.0,,0.0,0.0,,65.0,0.0,0.0,0.0,,
F13_110_06,F13,110,6,0.334,0.39488881868651476,0.3967012446183957,0.39488881868651476,0.39141999999999944,0.39247460317460264,0.4486098420568833,0.44779646114120647,0.42479294913012794,0.390792917110461,0.33584923297166824,0.3388321255998952,710.6666666666666,closed,-2.0,77.0,4.0,1.1,9.8,58.0,399.0,,0.0,,0.0,0.0,,55.0,0.0,0.0,0.0,,
F13_110_07,F13,110,7,0.334,0.3824267209324553,0.3741436428485387,0.3824267209324554,0.39400944444444397,0.3937993402777773,0.4034994376515515,0.42252353127766695,0.2609826857881187,0.3028996479830392,0.33650314807891846,0.3388270912691951,710.6666666666666,closed,-1.5,76.0,13.0,0.4,9.8,57.0,401.0,,0.0,,26.0,0.0,,10.0,0.0,0.0,0.0,,
F13_110_08,F13,110,8,0.337,0.39324792431884825,0.39527842456082934,0.39324792431884825,0.4026638888888878,0.3986307098765424,0.428550054730356,0.4343267525852122,0.3828575124834173,0.36595044479210276,0.3425957188010216,0.3419536368714439,710.6666666666666,closed,0.2,72.0,97.0,1.1,7.1,69.0,412.0,,0.0,,100.0,0.0,,0.0,0.0,0.0,0.0,,
F13_110_09,F13,110,9,0.337,0.40260069650498426,0.41191428303708005,0.40260069650498426,0.4120349999999995,0.4041881388888884,0.48572515906914165,0.46519539018605877,0.3437966764930398,0.34615769176652655,0.35029855370521545,0.34625440426170834,710.6666666666666,closed,4.4,63.0,227.0,0.8,9.7,68.0,416.0,,0.0,,100.0,0.0,,0.0,0.0,0.0,0.0,,
F13_110_10,F13,110,10,0.342,0.41306961032026535,0.42955502727641265,0.41306961032026535,0.42313777777777867,0.4109575505050507,0.48236151014136025,0.46522701521482185,0.4690526818256507,0.4142645114685428,0.36578958481550217,0.3550717075440016,710.6666666666666,closed,7.2,53.0,353.0,1.3,15.7,60.0,395.0,,0.0,,100.0,87.0,,0.0,0.0,0.0,0.0,,
F13_110_11,F13,110,11,0.351,0.41416339265939817,0.42903809975540436,0.41416339265939817,0.42805333333333256,0.4146351620370364,0.48467157339010897,0.46790617405177226,0.4142528383867457,0.3891469438022283,0.37055547535419464,0.35854638802508515,710.6666666666666,closed,8.0,47.0,435.0,1.9,20.8,50.0,480.0,,0.0,,100.0,100.0,,0.0,0.0,27.0,0.0,,
F13_110_12,F13,110,12,0.359,0.4157816728896022,0.42991851916921126,0.41578167288960227,0.4284550000000002,0.415883611111111,0.5018137893919158,0.4784262441556941,0.35863703768699823,0.36113119685501943,0.3756692335009575,0.3622237260525043,710.6666666666666,closed,8.9,46.0,463.0,2.0,23.8,46.0,419.0,,0.0,,100.0,100.0,,0.0,0.0,0.0,2.0,,
F13_110_13,F13,110,13,0.369,0.42158946757516563,0.4388748230783149,0.42158946757516563,0.42797111111111047,0.4165223412698407,0.5054689655740974,0.4820549131987358,0.45535213034792216,0.41276469941137,0.3785398378968239,0.36472194322517937,710.6666666666666,closed,9.8,44.0,426.0,2.3,24.3,43.0,433.0,,0.0,,100.0,100.0,,0.0,0.0,12.0,2.0,,
F13_110_14,F13,110,14,0.37799999999999995,0.41884772353996186,0.4315733835744142,0.41884772353996186,0.42743222222222155,0.41699818518518467,0.49909969433432105,0.4802189053625459,0.36059868415290613,0.3650686901697983,0.3888704776763916,0.3711528107523918,710.6666666666666,closed,10.3,43.0,337.0,2.0,24.1,42.0,408.0,,0.0,,100.0,100.0,,0.0,0.0,0.0,3.0,,
F13_110_15,F13,110,15,0.387,0.4389159420621494,0.46785171725918456,0.4389159420621494,0.4278744444444444,0.4178852430555553,0.618143646476148,0.5446410542486274,0.4416111812313064,0.4078272038666427,0.39394307136535645,0.3749549803324044,710.6666666666666,closed,10.1,43.0,204.0,1.3,21.3,46.0,368.0,,0.0,,100.0,100.0,,0.0,0.0,0.0,0.0,,
F13_110_16,F13,110,16,0.393,0.4421345278710011,0.4707161820984562,0.44213452787100116,0.43346166666666647,0.4214307843137252,0.6169556045020864,0.5483357727463313,0.4386849678020448,0.408265324837308,0.3974521979689598,0.3779296997715445,710.6666666666666,closed,8.9,47.0,70.0,0.5,16.5,55.0,358.0,,0.0,,100.0,100.0,,0.0,0.0,0.0,0.0,,
F13_110_17,F13,110,17,0.39200000000000007,0.4486810441196029,0.4801115124402852,0.4486810441196028,0.43523777777777695,0.42303655864197465,0.6556345066892223,0.5725618506648616,0.4447251866194442,0.41314319826675416,0.3913354128599167,0.37578597975273925,710.6666666666666,closed,6.9,54.0,6.0,0.7,12.0,66.0,361.0,,0.0,,100.0,54.0,,0.0,0.0,0.0,0.0,,
F13_110_18,F13,110,18,0.383,0.4378982410549524,0.45648113978538124,0.4378982410549525,0.4269722222222218,0.4193284356725142,0.5870848345396379,0.5408553209032047,0.43231756083956907,0.40827507882222464,0.38024353981018066,0.3707665430479928,710.6666666666666,closed,5.1,63.0,4.0,0.4,10.0,68.0,362.0,,0.0,,100.0,0.0,,0.0,0.0,0.0,0.0,,
F13_110_19,F13,110,19,0.37200000000000005,0.42496812154971203,0.43008254084869196,0.42496812154971203,0.42358666666666617,0.4179332083333329,0.49798169046282786,0.49638764594470103,0.40846925422261093,0.39695684194918873,0.37283897399902344,0.36735299583524467,710.6666666666666,closed,3.7,66.0,4.0,1.2,8.6,71.0,371.0,,0.0,,100.0,0.0,,0.0,0.0,0.0,0.0,,
F13_110_20,F13,110,20,0.36000000000000004,0.4283206886430932,0.4360179489997851,0.4283206886430932,0.4163399999999995,0.4144065476190471,0.5250893746073152,0.5106628159498195,0.4608829818763886,0.4249598617808543,0.36641330271959305,0.36424840507762773,710.6666666666666,closed,2.7,70.0,4.0,1.1,9.2,70.0,379.0,,0.0,,39.0,0.0,,20.0,0.0,0.0,0.0,,
F13_110_21,F13,110,21,0.35600000000000004,0.43398783406364005,0.44619011759937993,0.4339878340636401,0.41174611111111076,0.41209308080808044,0.5641133239056503,0.5317174512038353,0.506984641541343,0.4506913257009684,0.3630300760269165,0.36257830465381796,710.6666666666666,closed,2.3,72.0,4.0,0.7,9.0,70.0,386.0,,0.0,,0.0,0.0,,20.0,0.0,0.0,0.0,,
F13_110_22,F13,110,22,0.3539999999999999,0.425494071613322,0.42889354927495854,0.425494071613322,0.4096427777777783,0.4109806038647344,0.511419349774001,0.5056334591656625,0.4655478121630649,0.4315196458444918,0.3614027351140976,0.3617488994546558,710.6666666666666,closed,1.3,76.0,4.0,0.9,9.2,68.0,391.0,,0.0,,0.0,0.0,,22.0,0.0,0.0,0.0,,
F13_110_23,F13,110,23,0.35200000000000004,0.42229545716423517,0.4224802513197809,0.42229545716423517,0.40909944444444496,0.4106418750000001,0.4945086368039037,0.4970668749357509,0.44449493908628557,0.4219724480469431,0.35935425013303757,0.3606675566794972,710.6666666666666,closed,1.3,77.0,4.0,0.7,9.2,68.0,392.0,,0.0,,0.0,0.0,,22.0,0.0,0.0,0.0,,
F13_128_00,F13,128,0,0.721,0.7529424477698633,0.7529424477698631,0.7529424477698631,0.7476405555555571,0.7476405555555571,0.5993382152278619,0.5993382152278619,0.882031300381179,0.882031300381179,0.8983565270900726,0.8983565270900726,710.6666666666666,closed,-5.2,68.0,4.0,0.9,9.4,60.0,364.0,,0.0,,0.0,0.0,,58.0,0.0,0.0,0.0,,
F13_128_01,F13,128,1,0.7120000000000001,0.7726975867390019,0.779282633062048,0.7726975867390018,0.7605600000000021,0.7573301388888908,0.6462088099097092,0.6344911612392474,0.9013012417256481,0.8964837563895308,0.9350980967283249,0.9259127043187618,710.6666666666666,closed,-5.0,66.0,4.0,1.3,10.5,59.0,367.0,,0.0,,0.0,0.0,,100.0,0.0,0.0,0.0,,
F13_128_02,F13,128,2,0.709,0.7258475104160294,0.7057149954160663,0.7258475104160294,0.7348755555555568,0.7412837962962978,0.5246587913722295,0.5573636984377481,0.6136456043823638,0.7063191599393804,0.889824852347374,0.8987923388679823,710.6666666666666,closed,-5.3,65.0,4.0,2.0,10.6,60.0,367.0,,0.0,,0.0,0.0,,25.0,0.0,0.0,0.0,,
F13_128_03,F13,128,3,0.7079999999999999,0.7220700622859656,0.7077240844079494,0.7220700622859656,0.7400300000000012,0.74290326388889,0.5509356457711636,0.5656105056707024,0.5776563271250122,0.6606574727642816,0.8703631162643433,0.884386882185936,710.6666666666666,closed,-5.5,65.0,4.0,2.2,9.3,60.0,364.0,,0.0,,0.0,0.0,,28.0,0.0,0.0,0.0,,
F13_128_04,F13,128,4,0.701,0.7504760835554479,0.7598494458164254,0.7504760835554479,0.7479183333333355,0.7470616111111129,0.6202282395130623,0.6042510899359338,0.9614736286574296,0.8743476245558782,0.875379890203476,0.8845921933650972,710.6666666666666,closed,-5.8,64.0,4.0,1.6,9.8,58.0,366.0,,0.0,,0.0,0.0,,100.0,0.0,0.0,0.0,,
F13_128_05,F13,128,5,0.695,0.7573968090969466,0.7690354432415721,0.7573968090969464,0.753971666666669,0.7507355092592615,0.6292204829393425,0.6121594235307853,1.0077008898569184,0.9158345276058385,0.8775002807378769,0.8842937039832274,710.6666666666666,closed,-6.2,65.0,4.0,1.0,10.2,59.0,374.0,,0.0,,0.0,0.0,,100.0,0.0,0.0,0.0,,
F13_128_06,F13,128,6,0.693,0.7651331251601086,0.7796643378159492,0.7651331251601086,0.7622583333333361,0.755933055555558,0.6258837238113193,0.6126899982302803,1.0858291104637705,0.9736029911313367,0.8835095763206482,0.8867570981383324,710.6666666666666,closed,-6.5,65.0,4.0,0.6,10.3,59.0,393.0,,0.0,,0.0,0.0,,100.0,0.0,0.0,0.0,,
F13_128_07,F13,128,7,0.697,0.7764954675885533,0.7966348993207752,0.7764954675885533,0.7725811111111137,0.7625302777777799,0.6384042940052584,0.6213820346620009,1.1422133272104344,1.0193473779678894,0.9060093462467194,0.8990072784945369,710.6666666666666,closed,-6.7,69.0,6.0,0.5,10.3,59.0,407.0,,0.0,,0.0,0.0,,100.0,0.0,0.0,0.0,,
F13_128_08,F13,128,8,0.747,0.7917798327839495,0.820118870326044,0.7917798327839494,0.7887350000000017,0.7726214197530883,0.7755055233798293,0.6994407464637912,0.9761165972847282,0.9407231890361133,0.8865770846605301,0.8889895851413409,710.6666666666666,closed,-5.4,63.0,64.0,0.9,11.2,58.0,430.0,,0.0,,3.0,0.0,,100.0,0.0,0.0,0.0,,
F13_128_09,F13,128,9,0.779,0.8395586581094979,0.9018369095466606,0.8395586581094979,0.7953883333333346,0.7778921111111127,0.8538788694047531,0.750152564469103,1.7223005923725203,1.3546637271592603,0.8866776674985886,0.888803655654192,710.6666666666666,closed,-3.8,52.0,134.0,1.4,11.6,62.0,448.0,,0.0,,99.0,78.0,,100.0,0.0,0.0,0.0,,
F13_128_10,F13,128,10,0.79,0.7756856338594383,0.7743566565153573,0.7756856338594383,0.7773672222222233,0.7696529797979813,0.6497231264356568,0.6482245505710186,0.8472163888202336,0.9107666038774003,0.887547641992569,0.8890849155458538,710.6666666666666,closed,-2.0,47.0,282.0,2.5,14.2,60.0,443.0,,0.0,,100.0,100.0,,27.0,0.0,0.0,0.0,,
F13_128_11,F13,128,11,0.823,0.7605898095159939,0.74669190039578,0.7605898095159939,0.7692505555555567,0.765899305555557,0.6119652516278588,0.6278972497055145,0.6766141339935574,0.8130611979248537,0.8822542130947113,0.8860895354300737,710.6666666666666,closed,-1.0,39.0,307.0,2.7,16.4,57.0,416.0,,0.0,,100.0,100.0,,0.0,0.0,0.0,0.0,,
F13_128_12,F13,128,12,0.8290000000000001,0.757891607723486,0.7436663697982958,0.757891607723486,0.7625061111111128,0.7625254700854717,0.5599540872977062,0.5986656998294589,0.801071254486283,0.8695806425031446,0.8959437757730484,0.8931658136156889,710.6666666666666,closed,-0.6,34.0,321.0,3.0,17.0,55.0,386.0,,0.0,,100.0,100.0,,0.0,0.0,0.0,0.0,,
F13_128_13,F13,128,13,0.8329999999999999,0.7653692410605756,0.7595213170842218,0.7653692410605754,0.7594094444444455,0.7608651587301601,0.649584975828681,0.6439171320759274,0.8293652087912878,0.8798445903081927,0.8637758642435074,0.8761314297361033,710.6666666666666,closed,0.0,32.0,359.0,2.1,19.1,52.0,482.0,,0.0,,100.0,100.0,,0.0,0.0,28.0,0.0,,
F13_128_14,F13,128,14,0.8370000000000001,0.7815062665160238,0.7905092303102318,0.7815062665160238,0.767866111111112,0.7652783333333346,0.7453441678132894,0.6953665573845688,0.8046716399179771,0.8633093948079665,0.8933858275413513,0.8910997057954471,710.6666666666666,closed,0.5,28.0,325.0,2.3,20.2,50.0,471.0,,0.0,,100.0,100.0,,0.0,0.0,0.0,0.0,,
F13_128_15,F13,128,15,0.844,0.7837149062039582,0.7936074975117308,0.7837149062039582,0.7766805555555562,0.7701227430555567,0.6588946098304932,0.6525638303580034,0.960735944196761,0.9425536967754463,0.9290362447500229,0.9101818725466728,710.6666666666666,closed,0.7,27.0,228.0,1.8,19.5,50.0,409.0,,0.0,,100.0,100.0,,0.0,0.0,0.0,0.0,,
F13_128_16,F13,128,16,0.852,0.8027151886971707,0.8283977431869349,0.8027151886971705,0.7891066666666674,0.7770870261437919,0.7493235298142588,0.7008103632595551,0.9640296422855769,0.9453669632590144,0.9633326232433319,0.9294478595256805,710.6666666666666,closed,0.2,28.0,77.0,0.9,14.9,61.0,410.0,,0.0,,100.0,100.0,,0.0,0.0,0.0,0.0,,
F13_128_17,F13,128,17,0.854,0.7887776269002944,0.7992863045728785,0.7887776269002944,0.7991833333333339,0.7830730246913591,0.6561625431459276,0.6543372406598639,0.8039898649904998,0.8619383407436438,0.9694005250930786,0.9345328501529164,710.6666666666666,closed,-1.2,33.0,8.0,0.2,10.3,71.0,394.0,,0.0,,100.0,73.0,,0.0,0.0,0.0,0.0,,
F13_128_18,F13,128,18,0.846,0.7775815547104443,0.776962899644905,0.7775815547104443,0.7929938888888893,0.7806633333333343,0.6194289749709326,0.6350998522775541,0.7838727652406686,0.8483004737304093,0.9247652888298035,0.9128757613269908,710.6666666666666,closed,-2.7,46.0,4.0,0.6,10.2,66.0,396.0,,0.0,,100.0,0.0,,0.0,0.0,0.0,0.0,,
F13_128_19,F13,128,19,0.8370000000000001,0.7674112339417029,0.7576497796154488,0.7674112339417029,0.7871916666666675,0.7782336944444456,0.5856351341200057,0.6165745419654863,0.7780543869524444,0.8420244397046046,0.8850049823522568,0.8925960768014193,710.6666666666666,closed,-3.7,57.0,4.0,0.6,9.7,63.0,400.0,,0.0,,100.0,0.0,,0.0,0.0,0.0,0.0,,
F13_128_20,F13,128,20,0.827,0.7764731106766352,0.7758371310481609,0.7764731106766352,0.7870222222222228,0.7785715079365089,0.6745705499500505,0.6616864546457251,0.7731404584530313,0.8364042841690948,0.8715914785861969,0.8852084750930468,710.6666666666666,closed,-3.7,58.0,4.0,0.6,9.3,64.0,405.0,,0.0,,73.0,0.0,,0.0,0.0,0.0,0.0,,
F13_128_21,F13,128,21,0.8169999999999998,0.7983402735384627,0.8177252669254375,0.7983402735384627,0.7834488888888886,0.7770877525252531,0.8832143347638798,0.771335891948605,0.6324555718504451,0.7599888286397402,0.8955095708370209,0.8970921598374844,710.6666666666666,closed,-3.3,54.0,4.0,0.9,9.7,63.0,429.0,,0.0,,0.0,0.0,,0.0,0.0,0.0,0.0,,
F13_128_22,F13,128,22,0.8080000000000002,0.7874467991734019,0.7952306916101562,0.7874467991734019,0.7777538888888889,0.774393019323672,0.8187824856120124,0.742583555122208,0.6092014089465175,0.7423112976990258,0.8833245784044266,0.8906659642639368,710.6666666666666,closed,-2.7,53.0,4.0,0.8,10.6,64.0,429.0,,0.0,,0.0,0.0,,0.0,0.0,0.0,0.0,,
F13_128_23,F13,128,23,0.802,0.7643563367397874,0.7502742923426761,0.7643563367397874,0.7647127777777776,0.7677408101851856,0.6312800286940189,0.6481009809144949,0.776242524410419,0.8237656333051201,0.8480277508497238,0.8719763088350495,710.6666666666666,closed,-2.8,58.0,4.0,0.4,11.1,64.0,378.0,,0.0,,0.0,0.0,,0.0,0.0,0.0,0.0,,
F13_132_00,F13,132,0,0.743,1.3357715824133158,1.3357715824133158,1.3357715824133158,1.3777177777777776,1.3777177777777776,1.3926264240291053,1.3926264240291053,1.338522232859531,1.338522232859531,1.165774643421173,1.165774643421173,710.6666666666666,closed,-2.4,60.0,4.0,1.4,13.1,62.0,350.0,,0.0,,0.0,0.0,,0.0,0.0,0.0,0.0,,
F13_132_01,F13,132,1,0.738,1.2880272637750245,1.272112490895594,1.2880272637750245,1.3531855555555559,1.359318611111111,1.3076862107861218,1.3289212640968675,0.9941723360486895,1.0802598102513998,1.1460247337818146,1.1509622111916542,710.6666666666666,closed,-3.0,64.0,4.0,0.9,12.3,61.0,350.0,,0.0,,0.0,0.0,,0.0,0.0,0.0,0.0,,
F13_132_02,F13,132,2,0.733,1.2495545827021577,1.222360855726009,1.2495545827021577,1.3376122222222238,1.346892037037038,1.1710923078132673,1.2307803110113829,0.9130502766139886,0.9974826125606958,1.1310040652751923,1.1393026063839593,710.6666666666666,closed,-3.7,67.0,4.0,1.1,11.9,60.0,350.0,,0.0,,0.0,0.0,,0.0,0.0,0.0,0.0,,
F13_132_03,F13,132,3,0.726,1.2369027932205718,1.2129954833459318,1.2369027932205723,1.3319144444444444,1.3410109722222225,1.1619105520906545,1.2101197128852208,0.8966479155951476,0.9661230529372435,1.1154309213161469,1.1274947561323643,710.6666666666666,closed,-3.4,65.0,4.0,2.0,11.9,60.0,350.0,,0.0,,0.0,0.0,,0.0,0.0,0.0,0.0,,
F13_132_04,F13,132,4,0.719,1.2526282925426555,1.247173752174284,1.2526282925426555,1.3370377777777769,1.3422656666666661,1.2858773144540965,1.2748579381443728,0.9559762580433454,0.987825030937743,1.1015348136425018,1.1167443245649338,710.6666666666666,closed,-2.7,63.0,4.0,1.4,12.4,61.0,348.0,,0.0,,0.0,0.0,,0.0,0.0,0.0,0.0,,
F13_132_05,F13,132,5,0.714,1.2468365156502632,1.2388034318925751,1.2468365156502632,1.329900000000001,1.3372306481481486,1.2820597965302987,1.2744676154071113,0.9512621751858624,0.979767020455145,1.0832805335521698,1.103561076025168,710.6666666666666,closed,-2.8,64.0,4.0,2.0,12.4,61.0,349.0,,0.0,,0.0,0.0,,0.0,0.0,0.0,0.0,,
F13_132_06,F13,132,6,0.711,1.2298421407377431,1.2110715467350868,1.229842140737743,1.3184616666666675,1.3296472222222226,1.2181152906260582,1.2390124950508579,0.8967035019594137,0.9445185150015624,1.0706299841403961,1.0934349702937263,710.6666666666666,closed,-3.2,65.0,4.0,1.2,12.0,61.0,348.0,,0.0,,0.0,0.0,,0.0,0.0,0.0,0.0,,
F13_132_07,F13,132,7,0.7159999999999999,1.2005895919885508,1.163238258737113,1.2005895919885508,1.29750333333333,1.3164599652777762,1.163651545866303,1.2057644880703957,0.8655099256746271,0.9209952517111013,0.9595974683761597,1.028128556907177,710.6666666666666,closed,-4.4,71.0,6.0,1.0,11.0,61.0,383.0,,0.0,,7.0,0.0,,0.0,0.0,28.0,0.0,,
F13_132_08,F13,132,8,0.785,1.2180983357092927,1.2022242640847358,1.2180983357092927,1.3125177777777768,1.322695030864197,1.3175954915974044,1.2866096865649972,0.8694531874781338,0.9170209164867748,0.932182788848877,1.0052836139996848,710.6666666666666,closed,-3.6,72.0,68.0,0.6,10.6,61.0,541.0,,0.0,,100.0,0.0,,0.0,0.0,0.0,0.0,,
F13_132_09,F13,132,9,0.8850000000000001,1.2434353094714845,1.2511776839477313,1.2434353094714845,1.2968922222222208,1.3130832499999991,1.529706723566199,1.4063694446510748,0.8848685607442158,0.9207425988822556,0.9537515938282013,1.0098363742232324,710.6666666666666,closed,-0.1,62.0,200.0,1.8,12.8,61.0,502.0,,0.0,,100.0,76.0,,0.0,0.0,0.0,0.0,,
F13_132_10,F13,132,10,0.923,1.205161779300856,1.179719149555538,1.205161779300856,1.2297261111111144,1.2749752777777794,1.3319720024355115,1.3097266221175292,0.9290324761702552,0.9415707311020917,0.9772736877202988,1.0175679908557371,710.6666666666666,closed,1.5,58.0,331.0,2.7,18.7,55.0,449.0,,0.0,,100.0,100.0,,0.0,0.0,0.0,0.0,,
F13_132_11,F13,132,11,0.9460000000000001,1.1744080655578832,1.1268573133754833,1.1744080655578832,1.2056611111111157,1.258169305555558,1.1467855842007417,1.2112710939335276,0.9208081476133417,0.936071031889444,0.9962339401245117,1.0244802689800658,710.6666666666666,closed,3.6,52.0,406.0,1.8,23.2,50.0,411.0,,0.0,,100.0,100.0,,0.0,0.0,0.0,0.0,,
F13_132_12,F13,132,12,0.961,1.1716213977931549,1.1284750378384736,1.1716213977931549,1.2233033333333379,1.2636298717948744,1.0926421788813165,1.1771565287820842,0.9009475217327562,0.924202780701736,1.0348975658416748,1.0431263498388805,710.6666666666666,closed,4.7,50.0,495.0,1.8,24.6,50.0,385.0,,0.0,,100.0,100.0,,0.0,0.0,0.0,0.0,,
F13_132_13,F13,132,13,0.968,1.2169564174090401,1.218853255782083,1.2169564174090397,1.2340244444444473,1.266492857142859,1.3758587375779683,1.3228429459480928,1.0068722043719947,0.9792870564749725,1.0788282454013824,1.0660728721746375,710.6666666666666,closed,5.9,47.0,195.0,1.2,23.8,53.0,453.0,,0.0,,100.0,100.0,,0.0,0.0,20.0,0.0,,
F13_132_14,F13,132,14,0.976,1.2835311337101185,1.343443744049975,1.2835311337101185,1.2785383333333356,1.2880690370370387,1.6721999926555213,1.484426001431446,1.2139532333951464,1.091569281813788,1.156505435705185,1.1083510652184487,710.6666666666666,closed,5.3,49.0,95.0,0.5,18.9,62.0,476.0,,0.0,,100.0,100.0,,0.0,0.0,0.0,0.0,,
F13_132_15,F13,132,15,0.981,1.2872232015628315,1.3433449764386285,1.2872232015628315,1.322652777777778,1.3109091666666672,1.4818752118608858,1.3950518360858009,1.3648831567077637,1.1793998005474509,1.2181546986103058,1.144111884292215,710.6666666666666,closed,4.8,51.0,57.0,0.6,16.1,68.0,436.0,,0.0,,100.0,100.0,,0.0,0.0,0.0,0.0,,
F13_132_16,F13,132,16,0.9780000000000001,1.3602678895161135,1.4750825231419613,1.3602678895161135,1.3757511111111107,1.3397108496732029,1.8984940621685358,1.620722014235444,1.3074553859208569,1.1599076487285187,1.2724349200725555,1.1772039317909408,710.6666666666666,closed,4.3,53.0,31.0,0.4,14.5,72.0,419.0,,0.0,,100.0,100.0,,0.0,0.0,0.0,0.0,,
F13_132_17,F13,132,17,0.968,1.3907930249710327,1.520833870990666,1.3907930249710325,1.3881688888888875,1.3482669135802468,1.999427585966654,1.6894242655696228,1.3810614170435167,1.2069523727761633,1.3208263516426086,1.2080344644685588,710.6666666666666,closed,3.5,57.0,7.0,0.3,13.7,74.0,413.0,,0.0,,100.0,59.0,,0.0,0.0,0.0,0.0,,
F13_132_18,F13,132,18,0.96,1.3529295641274306,1.4358892107858592,1.3529295641274306,1.3816311111111113,1.3469260818713453,1.6436484889110208,1.5184880734559751,1.4045796148544862,1.2284940055328502,1.3293213546276093,1.218441933785614,710.6666666666666,closed,2.8,59.0,4.0,0.4,14.8,69.0,405.0,,0.0,,100.0,0.0,,0.0,0.0,0.0,0.0,,
F13_132_19,F13,132,19,0.955,1.3488300364280352,1.4201796678671597,1.348830036428035,1.3672016666666666,1.3410858750000003,1.5905552648662897,1.4968721516052437,1.523195985170491,1.2995718804148346,1.3016696274280548,1.2094687480479478,710.6666666666666,closed,2.5,62.0,4.0,1.2,14.9,68.0,397.0,,0.0,,100.0,0.0,,0.0,0.0,0.0,0.0,,
F13_132_20,F13,132,20,0.951,1.3374266358185682,1.3919232093000753,1.3374266358185682,1.3555783333333336,1.3362410714285717,1.4751707265626124,1.4408937321728912,1.690695208563415,1.3979583357518734,1.2597450911998749,1.191898794756049,710.6666666666666,closed,2.6,64.0,5.0,1.1,14.9,68.0,394.0,,0.0,,59.0,0.0,,0.0,0.0,0.0,0.0,,
F13_132_21,F13,132,21,0.948,1.335598029485111,1.3836861734028958,1.335598029485111,1.3499816666666662,1.3341945075757575,1.6121959778420656,1.5140786132685016,1.3079115314734209,1.2111730896735378,1.2206750810146332,1.1745597574521196,710.6666666666666,closed,2.7,65.0,5.0,1.0,15.4,67.0,387.0,,0.0,,0.0,0.0,,0.0,0.0,0.0,0.0,,
F13_132_22,F13,132,22,0.945,1.3226413079478057,1.3548451117965783,1.3226413079478057,1.3386499999999997,1.3289687318840582,1.5558800786940126,1.4889623773901073,1.2799999235869925,1.2008165308545264,1.1824094951152802,1.1566001180073489,710.6666666666666,closed,2.9,64.0,5.0,1.3,15.7,66.0,382.0,,0.0,,0.0,0.0,,0.0,0.0,0.0,0.0,,
F13_132_23,F13,132,23,0.9419999999999998,1.3093140208306664,1.3266804162237695,1.3093140208306664,1.328822222222222,1.3242534837962963,1.4981810614587758,1.4616990434677508,1.2525854147617965,1.189837448871923,1.1453773081302643,1.1383879113321504,710.6666666666666,closed,2.9,66.0,5.0,1.0,15.9,65.0,377.0,,0.0,,0.0,0.0,,0.0,0.0,0.0,0.0,,
F13_156_00,F13,156,0,0.785,1.356613857966745,1.356613857966745,1.356613857966745,1.4458700000000004,1.4458700000000004,1.2513412629937584,1.2513412629937584,1.1301854271811358,1.1301854271811358,1.3592976033687592,1.3592976033687592,710.6666666666666,closed,-5.9,65.0,4.0,1.6,9.3,63.0,345.0,,0.0,,0.0,0.0,,0.0,0.0,0.0,0.0,,
F13_156_01,F13,156,1,0.775,1.1823928348247632,1.1243191604441025,1.182392834824763,1.1448483333333375,1.2201037500000034,1.1711857741455458,1.191224646357599,0.4759396353975247,0.6395010833434275,1.2781610190868378,1.2984451651573181,710.6666666666666,closed,-5.7,67.0,4.0,0.6,9.3,63.0,342.0,,0.0,,0.0,0.0,,57.0,0.0,0.0,0.0,,
F13_156_02,F13,156,2,0.766,1.1337404225737642,1.0803773792579345,1.1337404225737642,1.0886894444444446,1.1575793518518527,1.1203991416408843,1.1506872672838069,0.4755906106111863,0.584747917503901,1.2543170154094696,1.2757877806822457,710.6666666666666,closed,-6.6,71.0,4.0,0.7,10.1,61.0,342.0,,0.0,,0.0,0.0,,100.0,0.0,0.0,0.0,,
F13_156_03,F13,156,3,0.759,1.1134916296206985,1.0693245278593608,1.1134916296206983,1.0758438888888875,1.1323284027777776,1.121502638944542,1.1438049216878623,0.46010520061793714,0.5477802095349416,1.2347520589828491,1.258191991597414,710.6666666666666,closed,-7.5,74.0,4.0,1.3,10.3,61.0,343.0,,0.0,,0.0,0.0,,100.0,0.0,0.0,0.0,,
F13_156_04,F13,156,4,0.754,1.0990441377151383,1.0599677419372069,1.0990441377151383,1.0673038888888906,1.1159075000000014,1.1065016949577886,1.1303438987471461,0.46732371346458446,0.5345763154595291,1.223577857017517,1.2467994838953018,710.6666666666666,closed,-7.7,74.0,4.0,1.6,10.3,61.0,343.0,,0.0,,0.0,0.0,,100.0,0.0,0.0,0.0,,
F13_156_05,F13,156,5,0.749,1.0911307427866817,1.057566606567833,1.0911307427866819,1.0629066666666693,1.1052418518518536,1.0965862007123428,1.1205861598057432,0.5108970908369541,0.5487853519275873,1.2165947556495667,1.2388557369510331,710.6666666666666,closed,-6.9,73.0,4.0,1.2,10.4,61.0,343.0,,0.0,,0.0,0.0,,100.0,0.0,0.0,0.0,,
F13_156_06,F13,156,6,0.7440000000000001,1.0941844289531055,1.0713015914137871,1.0941844289531057,1.0609505555555565,1.0980761904761915,1.1268057560689255,1.1344259115675905,0.6103067552788383,0.6001782657385735,1.2139370143413544,1.234156887446131,710.6666666666666,closed,-6.1,70.0,4.0,1.1,10.8,61.0,342.0,,0.0,,0.0,0.0,,100.0,0.0,0.0,0.0,,
F13_156_07,F13,156,7,0.741,1.105090517996577,1.0957752691664737,1.105090517996577,1.0511044444444433,1.0878970486111108,1.2557715019458489,1.2060166241860266,0.6336479756775225,0.6145737634053665,1.1958406865596771,1.2214502189308405,710.6666666666666,closed,-5.8,69.0,7.0,1.1,11.0,62.0,382.0,,0.0,,0.0,0.0,,100.0,0.0,30.0,0.0,,
F13_156_08,F13,156,8,0.751,1.123015650857056,1.1299035580813561,1.123015650857056,1.1111922222222248,1.1171910802469154,1.2224402339716376,1.193027572840334,0.8638161437506398,0.7445643248095601,1.1702017188072205,1.2043608443604574,710.6666666666666,closed,-4.7,67.0,80.0,2.2,11.6,62.0,519.0,,0.0,,35.0,12.0,,100.0,0.0,0.0,0.0,,
F13_156_09,F13,156,9,0.77,1.1813439261217278,1.2347026208854321,1.1813439261217278,1.0982305555555576,1.1094622777777794,1.512028470024939,1.3552423687827801,1.3285767954650674,1.0121078651466033,1.1918948888778687,1.2128761753439903,710.6666666666666,closed,-3.1,61.0,226.0,2.9,12.7,63.0,451.0,,0.0,,100.0,100.0,,65.0,0.0,0.0,0.0,,
F13_156_10,F13,156,10,0.766,1.1442895379929183,1.1578764601886642,1.1442895379929183,1.0847183333333321,1.101070909090909,1.2754558567661543,1.240456043481821,1.1966150573793293,0.9688986380378791,1.1768652498722076,1.2027708007530733,710.6666666666666,closed,-1.0,50.0,381.0,2.6,17.7,55.0,401.0,,0.0,,100.0,100.0,,0.0,0.0,0.0,0.0,,
F13_156_11,F13,156,11,0.743,1.1263341750277978,1.122637802069096,1.1263341750277975,1.082784444444447,1.0986606712962983,1.1966162694604094,1.2006679181315705,1.1096690245043908,0.9407792385090751,1.134699210524559,1.1777720668663583,710.6666666666666,closed,0.2,43.0,536.0,1.8,22.4,49.0,484.0,,2.0,,100.0,100.0,,0.0,0.0,30.0,0.0,,
F13_156_12,F13,156,12,0.7520000000000001,1.12272241475411,1.1164583005549191,1.12272241475411,1.090156111111114,1.1014087820512841,1.17845283979946,1.1905759445702007,1.2114251390791675,1.0085625145105175,1.0672033727169037,1.1381148575590208,710.6666666666666,closed,0.3,38.0,530.0,2.3,21.2,42.0,429.0,,12.0,,100.0,100.0,,0.0,0.0,53.0,2.0,,
F13_156_13,F13,156,13,0.758,1.1003902571273523,1.0756068215448633,1.1003902571273523,1.05829888888889,1.083538650793652,1.1465866164525795,1.1726388174364617,0.9688551075547719,0.8931044708059234,1.0746707916259766,1.1370501544858729,710.6666666666666,closed,1.0,38.0,525.0,2.2,20.0,42.0,435.0,,12.0,,100.0,100.0,,0.0,0.0,40.0,8.0,,
F13_156_14,F13,156,14,0.757,1.1177968004926755,1.1113420198026553,1.1177968004926753,1.0198322222222238,1.0613404444444459,1.209992327408074,1.2047183832138,1.39734689531448,1.126683466727691,1.0981832146644592,1.1454314892490705,710.6666666666666,closed,1.4,36.0,445.0,2.0,18.6,42.0,425.0,,10.0,,100.0,100.0,,0.0,0.0,35.0,2.0,,
F13_156_15,F13,156,15,0.755,1.106121081713143,1.090123582181185,1.1061210817131428,1.002930555555556,1.0497671701388898,1.2613078081817173,1.23230935388694,1.0120944118175823,0.9389345491566385,1.1251774430274963,1.1568191559053957,710.6666666666666,closed,0.6,37.0,311.0,2.1,18.9,44.0,406.0,,0.0,,100.0,100.0,,0.0,0.0,0.0,2.0,,
F13_156_16,F13,156,16,0.763,1.0920213412824067,1.0652682390933448,1.0920213412824065,0.9999172222222231,1.0454167810457526,1.058756477446572,1.1267820878680268,1.2432523166235911,1.0656157847986987,1.1587311625480652,1.1727216125411146,710.6666666666666,closed,-0.7,42.0,154.0,1.8,14.9,52.0,350.0,,0.0,,100.0,100.0,,0.0,0.0,0.0,0.0,,
F13_156_17,F13,156,17,0.766,1.1096775432071395,1.1015382113916872,1.1096775432071395,1.0355577777777787,1.0616993209876553,1.0850336278323829,1.1368713833260127,1.2638736710477316,1.0863679736239336,1.214762568473816,1.201516496224536,710.6666666666666,closed,-2.6,48.0,19.0,1.7,9.5,61.0,331.0,,0.0,,100.0,99.0,,0.0,0.0,0.0,0.0,,
F13_156_18,F13,156,18,0.757,1.1048727159096556,1.0932229727080134,1.1048727159096556,1.043706666666667,1.0646123391812872,1.1416352953598279,1.1639334317355294,0.9353517241351984,0.9228040909028,1.2171158194541931,1.2034522110694335,710.6666666666666,closed,-3.9,53.0,3.0,1.3,8.7,62.0,324.0,,0.0,,100.0,3.0,,0.0,0.0,0.0,0.0,,
F13_156_19,F13,156,19,0.7440000000000001,1.0896953028457166,1.065423113843524,1.0896953028457166,1.0296949999999996,1.0562109305555556,1.130091549238706,1.1567580582031554,0.8530056485855723,0.8801997829008662,1.1585354506969452,1.173380697891116,710.6666666666666,closed,-4.5,55.0,4.0,1.0,8.4,63.0,325.0,,0.0,,100.0,0.0,,0.0,0.0,0.0,0.0,,
F13_156_20,F13,156,20,0.733,1.0733260689864015,1.0363793209304857,1.0733260689864015,1.009283888888887,1.0442567328042325,1.0749703933119445,1.126615238005116,0.8399163790315093,0.8720485400718193,1.1336842477321625,1.1596564845669837,710.6666666666666,closed,-4.7,58.0,4.0,0.6,8.2,64.0,326.0,,0.0,,88.0,0.0,,5.0,0.0,0.0,0.0,,
F13_156_21,F13,156,21,0.722,1.0745198304681942,1.0418757992483423,1.0745198304681942,0.9673561111111105,1.0207502651515152,1.2612207152440442,1.2216258678926604,0.6593741461257874,0.7762136382783597,1.1105098128318787,1.146362019194798,710.6666666666666,closed,-5.3,60.0,4.0,0.6,9.3,63.0,328.0,,0.0,,0.0,0.0,,92.0,0.0,0.0,0.0,,
F13_156_22,F13,156,22,0.713,1.069836519306729,1.0356197887905216,1.069836519306729,0.954811666666667,1.0118838526570053,1.1607575181659577,1.1709318019106754,1.0708660117721214,0.9858250685219874,1.0652955174446106,1.121213160455227,710.6666666666666,closed,-5.2,62.0,4.0,0.6,9.8,63.0,329.0,,0.0,,0.0,0.0,,0.0,0.0,0.0,0.0,,
F13_156_23,F13,156,23,0.709,1.070315627307804,1.0392770145938826,1.070315627307804,0.9450055555555564,1.0043984953703713,1.228126971143239,1.2055961301803129,1.0354365318738175,0.9709155870437095,1.0404447615146637,1.1059401566162705,710.6666666666666,closed,-5.7,65.0,4.0,0.8,9.4,64.0,331.0,,0.0,,0.0,0.0,,0.0,0.0,0.0,0.0,,
F13_231_00,F13,231,0,0.581,1.0237308901432944,1.0237308901432944,1.0237308901432944,0.9557844444444443,0.9557844444444443,1.151781835687269,1.151781835687269,0.5418095292250448,0.5418095292250448,1.2259097695350647,1.2259097695350647,710.6666666666666,closed,3.2,86.0,5.0,0.6,10.0,82.0,353.0,,0.0,,0.0,0.0,,0.0,0.0,0.0,0.0,,
F13_231_01,F13,231,1,0.578,0.9812898013356978,0.9671427717331654,0.9812898013356977,0.9510322222222211,0.952220277777777,1.057658264148432,1.0811891570331413,0.33906836843920035,0.3897536586356614,1.1484192609786987,1.1677918881177902,710.6666666666666,closed,3.1,88.0,5.0,0.9,10.3,81.0,354.0,,0.0,,13.0,0.0,,0.0,0.0,0.0,0.0,,
F13_231_02,F13,231,2,0.576,0.9879783337088607,0.984249085094176,0.9879783337088607,0.9481100000000001,0.9498761111111111,1.1327808764138838,1.1234272675818726,0.3291757599703705,0.3662634895909545,1.1547740697860718,1.1655708849430084,710.6666666666666,closed,2.8,88.0,5.0,1.4,9.9,83.0,356.0,,0.0,,0.0,0.0,,0.0,0.0,0.0,0.0,,
F13_231_03,F13,231,3,0.574,0.9824536000124633,0.9769012106258139,0.9824536000124632,0.9422733333333335,0.9457866666666667,1.1119057388321494,1.1127187088012915,0.35957187678307295,0.3759891301937475,1.1449344158172607,1.1567218974232674,710.6666666666666,closed,2.7,89.0,4.0,1.7,10.1,82.0,357.0,,0.0,,0.0,0.0,,0.0,0.0,0.0,0.0,,
F13_231_04,F13,231,4,0.571,0.9805594404317549,0.9755950744535163,0.9805594404317547,0.9414383333333339,0.9445830000000003,1.1091284667156287,1.1108897515375507,0.38416181328554605,0.38745964141309647,1.1339044868946075,1.1477464437484741,710.6666666666666,closed,2.9,88.0,5.0,1.5,9.9,82.0,358.0,,0.0,,0.0,0.0,,0.0,0.0,0.0,0.0,,
F13_231_05,F13,231,5,0.569,0.9639279723399129,0.9485023765755694,0.9639279723399126,0.9415750000000012,0.9441386111111117,1.0323904218875792,1.0658323445842015,0.35280526338837265,0.3686186826184869,1.1027412712574005,1.127260908484459,710.6666666666666,closed,3.1,88.0,5.0,0.9,9.7,83.0,359.0,,0.0,,7.0,0.0,,0.0,0.0,0.0,0.0,,
F13_231_06,F13,231,6,0.566,0.9610371978764016,0.9472999202055109,0.9610371978764016,0.9377811111111128,0.9416044444444455,1.00846092463345,1.0473809286251816,0.4385193064505213,0.4153390759068412,1.1002641022205353,1.1223425780023848,710.6666666666666,closed,3.0,87.0,5.0,1.6,10.2,82.0,359.0,,0.0,,1.0,0.0,,0.0,0.0,0.0,0.0,,
F13_231_07,F13,231,7,0.566,0.9691280357390086,0.9647363603325655,0.9691280357390086,0.9344966666666673,0.9392790277777783,1.002678551432715,1.0392633432008018,0.6954373585507087,0.5627530090311565,1.099500596523285,1.1191532965749502,710.6666666666666,closed,3.1,85.0,5.0,1.8,9.8,83.0,359.0,,0.0,,22.0,0.0,,0.0,0.0,30.0,0.0,,
F13_231_08,F13,231,8,0.593,1.0110194356834183,1.0410192153137918,1.0110194356834183,0.9551594444444439,0.950226975308642,1.1061619988102287,1.0926891704362998,1.1754345121965073,0.8441607998921062,1.115145206451416,1.125661113195949,710.6666666666666,closed,3.6,83.0,21.0,2.1,10.1,82.0,359.0,,0.0,,100.0,0.0,,0.0,0.0,100.0,0.0,,
F13_231_09,F13,231,9,0.615,1.0209320573053597,1.0535876583299812,1.02093205730536,0.9645033333333322,0.9558593611111106,1.0943835671323339,1.0875583158508506,1.226326061486889,0.9052785232322562,1.1493395864963531,1.1434164315462112,710.6666666666666,closed,4.5,79.0,106.0,2.4,10.7,83.0,359.0,,0.0,,100.0,0.0,,0.0,0.0,100.0,0.0,,
F13_231_10,F13,231,10,0.629,1.041842056324385,1.0864800563607568,1.0418420563243849,0.9705283333333329,0.9599315404040403,1.1755211599732958,1.1324356620624192,1.3098531473076225,0.9800248917030774,1.1685656309127808,1.1544418334960938,710.6666666666666,closed,6.8,71.0,251.0,1.9,13.9,77.0,353.0,,0.0,,100.0,69.0,,0.0,0.0,100.0,0.0,,
F13_231_11,F13,231,11,0.639,1.062791667599081,1.118288877169985,1.062791667599081,0.9759822222222209,0.9637687962962956,1.2495361664369555,1.1761175820561411,1.3504678735024538,1.0295102230256565,1.2094565033912659,1.1777680392066636,710.6666666666666,closed,8.9,63.0,302.0,2.6,17.2,72.0,341.0,,0.0,,100.0,100.0,,0.0,0.0,100.0,0.0,,
F13_231_12,F13,231,12,0.642,1.0871800820335986,1.1556534740382458,1.0871800820335986,0.979568333333332,0.9666392735042728,1.3806458185728268,1.2523626704662882,1.3204972740999612,1.0380612579994526,1.242329478263855,1.197906445998412,710.6666666666666,closed,9.6,60.0,432.0,3.0,21.3,66.0,327.0,,0.0,,100.0,100.0,,0.0,0.0,100.0,0.0,,
F13_231_13,F13,231,13,0.649,1.0631409896058808,1.1016507159058861,1.0631409896058808,0.9878527777777765,0.9720008730158721,1.2001260412108934,1.164818728887148,1.1903864699971305,0.9885330426658295,1.221101075410843,1.1897071610604013,710.6666666666666,closed,11.0,54.0,350.0,2.7,23.4,53.0,321.0,,14.0,,100.0,100.0,,0.0,0.0,100.0,0.0,,
F13_231_14,F13,231,14,0.662,1.084800367024216,1.1374483327777638,1.0848003670242161,1.0030488888888882,0.9811622592592588,1.3093433191647141,1.2254217646174357,1.1556345428295145,0.9834555766651877,1.2464585304260254,1.2053240646918615,710.6666666666666,closed,11.9,52.0,236.0,1.7,19.7,51.0,319.0,,9.0,,100.0,100.0,,0.0,0.0,100.0,0.0,,
F13_231_15,F13,231,15,0.6670000000000001,1.1219477743226427,1.2011789858390904,1.1219477743226427,1.0198677777777772,0.991465208333333,1.4819349864581366,1.322356185026271,1.227390715982897,1.0323372290381927,1.2889339923858643,1.2304600579664111,710.6666666666666,closed,10.7,57.0,131.0,1.1,18.2,57.0,318.0,,0.0,,100.0,100.0,,0.0,0.0,100.0,0.0,,
F13_231_16,F13,231,16,0.669,1.1216702888992904,1.19185137875982,1.1216702888992904,1.0317372222222216,0.9994197712418296,1.5240852769942492,1.3540580330413816,0.8722383343256167,0.8557891144516739,1.3052898943424225,1.2425587080857334,710.6666666666666,closed,9.9,60.0,54.0,0.3,14.9,68.0,323.0,,0.0,,100.0,100.0,,0.0,0.0,23.0,0.0,,
F13_231_17,F13,231,17,0.669,1.1031786183352759,1.1494270461268943,1.1031786183352759,1.03818111111111,1.0046161265432092,1.3601607368172823,1.2769882615009196,0.7607327518234371,0.7978527914574093,1.3190145790576935,1.2532873575886092,710.6666666666666,closed,8.1,65.0,8.0,0.6,11.9,79.0,328.0,,0.0,,100.0,51.0,,0.0,0.0,0.0,0.0,,
F13_231_18,F13,231,18,0.664,1.0960168496789449,1.131194842900704,1.0960168496789449,1.0322072222222218,1.0032385526315786,1.3445860461257688,1.2731685545746683,0.6291744854857021,0.7266579123515502,1.3135038316249847,1.2538462916487143,710.6666666666666,closed,7.0,71.0,5.0,0.8,11.2,81.0,333.0,,0.0,,100.0,0.0,,0.0,0.0,0.0,0.0,,
F13_231_19,F13,231,19,0.657,1.0804937417077625,1.0982767331249512,1.0804937417077627,1.024687222222222,1.000738986111111,1.2783032355538901,1.2419409536019872,0.5512966570563876,0.6808978810828678,1.2776517868041992,1.2380068451166153,710.6666666666666,closed,6.8,70.0,5.0,0.8,10.7,84.0,338.0,,0.0,,100.0,0.0,,0.0,0.0,0.0,0.0,,
F13_231_20,F13,231,20,0.65,1.0618563344785308,1.0610795928312189,1.061856334478531,1.0186749999999998,0.9987301190476187,1.1889358795360019,1.1968610186379458,0.4793064320290803,0.6370172287339696,1.2421323359012604,1.2212892728192466,710.6666666666666,closed,6.9,68.0,5.0,0.7,10.2,87.0,340.0,,0.0,,56.0,0.0,,0.0,0.0,0.0,0.0,,
F13_231_21,F13,231,21,0.645,1.0537158876376718,1.0455741068441242,1.0537158876376718,1.0103338888888878,0.9952765782828275,1.1528064707908785,1.1776149577438157,0.5131254563102073,0.6475266824852456,1.214451253414154,1.207767028022896,710.6666666666666,closed,5.6,72.0,5.0,0.9,9.2,86.0,346.0,,0.0,,0.0,0.0,,0.0,0.0,0.0,0.0,,
F13_231_22,F13,231,22,0.638,1.0437981296524599,1.0272435524385972,1.04379812965246,1.004068333333332,0.9926622584541055,1.1401597281156957,1.1699380273501143,0.4067750934670058,0.5861960050811823,1.1955520510673523,1.198197193119837,710.6666666666666,closed,6.8,66.0,5.0,1.1,9.4,88.0,347.0,,0.0,,0.0,0.0,,0.0,0.0,0.0,0.0,,
F13_231_23,F13,231,23,0.632,1.0285502055005769,0.9992919042440911,1.028550205500577,0.9992633333333322,0.9906349074074066,1.0794849176359422,1.1370958010904753,0.33030105864341713,0.5388899072933059,1.1707251965999603,1.1851563254992166,710.6666666666666,closed,5.2,72.0,5.0,0.6,8.7,88.0,349.0,,0.0,,0.0,0.0,,0.0,0.0,0.0,0.0,,
F13_233_00,F13,233,0,0.627,1.0068160643198405,1.0068160643198405,1.0068160643198405,1.0251055555555555,1.0251055555555555,1.0106640363910595,1.0106640363910595,0.6233101663601923,0.6233101663601923,1.1117060780525208,1.1117060780525208,710.6666666666666,closed,4.5,75.0,5.0,0.5,7.9,88.0,350.0,,0.0,,0.0,0.0,,95.0,0.0,0.0,0.0,,
F13_233_01,F13,233,1,0.619,0.9912987109852187,0.9861262598736781,0.9912987109852187,1.0210116666666662,1.0220351388888884,1.0004803580343464,1.0030262776235246,0.47610501092921104,0.5129062997869563,1.0891848653554916,1.094815168529749,710.6666666666666,closed,3.3,79.0,5.0,0.3,7.5,87.0,351.0,,0.0,,0.0,0.0,,100.0,0.0,0.0,0.0,,
F13_233_02,F13,233,2,0.612,0.9824366870450773,0.9754194495192361,0.9824366870450771,1.0183483333333323,1.019918425925925,0.9767314721707548,0.9863450471847376,0.4607868169281713,0.49042707416701475,1.0766687542200089,1.0845943267146745,710.6666666666666,closed,2.5,81.0,5.0,0.6,7.4,86.0,352.0,,0.0,,0.0,0.0,,100.0,0.0,0.0,0.0,,
F13_233_03,F13,233,3,0.605,0.9835898975093662,0.9800714812724349,0.9835898975093662,1.0285905555555557,1.0259272916666664,0.9813953589070978,0.9868565826414563,0.4728622227493479,0.4905641384955393,1.0649207532405853,1.0752704329788685,710.6666666666666,closed,2.7,82.0,5.0,1.3,7.2,85.0,354.0,,0.0,,0.0,0.0,,100.0,0.0,0.0,0.0,,
F13_233_04,F13,233,4,0.598,0.9831723009753071,0.9805482924613135,0.983172300975307,1.0277716666666654,1.0259686111111102,0.9863285932489005,0.9887242784996663,0.48418461193824586,0.4938171888596397,1.0588213056325912,1.0695408284664154,710.6666666666666,closed,3.7,80.0,5.0,1.2,7.3,87.0,352.0,,0.0,,0.0,0.0,,100.0,0.0,0.0,0.0,,
F13_233_05,F13,233,5,0.593,0.980203655039361,0.9762089018608324,0.9802036550393609,1.0277822222222206,1.0262752777777766,0.9643287483556072,0.9754917547701174,0.5083537946889813,0.5063104493106699,1.053831160068512,1.0648433230817318,710.6666666666666,closed,2.5,83.0,5.0,0.4,7.5,87.0,354.0,,0.0,,0.0,0.0,,100.0,0.0,0.0,0.0,,
F13_233_06,F13,233,6,0.589,0.979249214128397,0.9755373185612778,0.9792492141283969,1.0272066666666653,1.0261616666666655,0.9574772848186061,0.969981917546901,0.5486253924498804,0.5296146973709424,1.0439676940441132,1.0576338906373297,710.6666666666666,closed,3.4,84.0,5.0,1.4,7.5,88.0,355.0,,0.0,,0.0,0.0,,100.0,0.0,0.0,0.0,,
F13_233_07,F13,233,7,0.585,0.9760092207838587,0.9706021960747918,0.9760092207838587,1.0094833333333326,1.0163229166666659,1.0036854987799428,0.9944109588091162,0.6029598476033046,0.5625541652796107,0.9846444427967072,1.0225562872365117,710.6666666666666,closed,5.4,84.0,7.0,2.2,7.9,88.0,356.0,,0.0,,7.0,0.0,,70.0,0.0,30.0,0.0,,
F13_233_08,F13,233,8,0.591,0.9926493481532522,1.0016358302815134,0.9926493481532521,1.0529327777777782,1.0397015432098762,0.7263085618728157,0.8413431649685817,1.149158416482103,0.870487334914909,1.1499068439006805,1.1101563051342964,710.6666666666666,closed,7.7,80.0,45.0,2.7,8.5,90.0,353.0,,0.0,,100.0,0.0,,0.0,18.0,100.0,0.0,,
F13_233_09,F13,233,9,0.613,1.0022221176277835,1.01740695984825,1.0022221176277835,1.014995,1.0201588888888886,0.8301027916092453,0.8869265310140414,1.2403770793291236,0.9485247076374899,1.1587726175785065,1.1190075345337391,710.6666666666666,closed,9.1,76.0,64.0,3.1,9.8,91.0,351.0,,0.0,,100.0,0.0,,0.0,12.0,100.0,0.0,,
F13_233_10,F13,233,10,0.626,1.0311207205785404,1.0678569248878933,1.0311207205785402,1.0239838888888886,1.0245924747474744,0.9350951474492307,0.9390292942535975,1.3223777985497374,1.019784406457064,1.2306579947471619,1.161832747811621,710.6666666666666,closed,10.8,72.0,187.0,3.8,11.9,89.0,348.0,,0.0,,100.0,34.0,,0.0,0.0,100.0,0.0,,
F13_233_11,F13,233,11,0.626,1.07721549902415,1.1473032536629642,1.0772154990241498,1.0103900000000001,1.0171784027777775,1.2151153515193338,1.0903790592245395,1.3608707788629468,1.0658508868011085,1.3090935349464417,1.2100541026641927,710.6666666666666,closed,11.5,71.0,232.0,4.3,15.8,80.0,333.0,,0.0,,100.0,100.0,,0.0,0.0,100.0,0.0,,
F13_233_12,F13,233,12,0.631,1.0946648108441,1.1696965820944694,1.0946648108440997,1.0075494444444457,1.0151266880341885,1.2587723782760112,1.1234817884238884,1.3795658312440044,1.0986112913187425,1.3680110573768616,1.249397340302284,710.6666666666666,closed,13.5,66.0,414.0,5.8,21.0,70.0,323.0,,0.0,,100.0,100.0,,0.0,0.0,100.0,0.0,,
F13_233_13,F13,233,13,0.644,1.1060915995697977,1.1810223515490565,1.106091599569798,1.0191616666666672,1.0208062896825398,1.3063938510813309,1.1586569052733184,1.291312913541239,1.0714011239726369,1.374925971031189,1.2615741666938578,710.6666666666666,closed,14.2,63.0,233.0,4.0,22.9,62.0,331.0,,0.0,,100.0,100.0,,0.0,0.0,92.0,0.0,,
F13_233_14,F13,233,14,0.66,1.1254585712043323,1.207969079366401,1.1254585712043321,1.0348811111111114,1.0290803518518519,1.3253017093862525,1.1785902260898107,1.371336613889148,1.1287412167960953,1.4172340333461761,1.2916952535510062,710.6666666666666,closed,13.8,64.0,232.0,1.8,20.4,67.0,335.0,,0.0,,100.0,100.0,,0.0,0.0,100.0,0.0,,
F13_233_15,F13,233,15,0.6670000000000001,1.1315474993879304,1.209723472634107,1.1315474993879304,1.0427627777777777,1.033630034722222,1.326627869845742,1.1884642165399422,1.293399326733583,1.1024992453130171,1.4366735219955444,1.3098686556331813,710.6666666666666,closed,13.7,65.0,195.0,1.5,20.6,64.0,337.0,,0.0,,100.0,100.0,,0.0,0.0,93.0,0.0,,
F13_233_16,F13,233,16,0.676,1.127292954826802,1.1930008914357337,1.127292954826802,1.080269999999999,1.0540240196078423,1.3318917352114672,1.1993782425162554,0.9905554078179927,0.9533995283236202,1.3778642117977142,1.2861934247262337,710.6666666666666,closed,11.2,75.0,62.0,0.7,16.3,76.0,345.0,,0.0,,100.0,100.0,,0.0,0.0,0.0,0.0,,
F13_233_17,F13,233,17,0.681,1.0839485732639282,1.1039580698840854,1.0839485732639282,1.102424444444443,1.0671747530864188,1.005082642353356,1.0342575264353198,0.7395943094950561,0.8230120530695356,1.3720347881317139,1.288209605962038,710.6666666666666,closed,8.8,81.0,9.0,0.5,12.3,87.0,355.0,,0.0,,100.0,53.0,,0.0,0.0,0.0,0.0,,
F13_233_18,F13,233,18,0.678,1.0949673216474016,1.122892742150669,1.0949673216474016,1.1104583333333327,1.0732583625730987,1.1127871709737298,1.0894086002312025,0.6358527634328898,0.7640208317960543,1.3596780002117157,1.286117885065706,710.6666666666666,closed,7.2,85.0,5.0,0.7,11.3,86.0,359.0,,0.0,,100.0,0.0,,0.0,0.0,0.0,0.0,,
F13_233_19,F13,233,19,0.672,1.0933999812405133,1.1172477679943802,1.0933999812405133,1.1140594444444438,1.077008944444444,1.1298402336233402,1.0995303866593744,0.6251437998903228,0.7519902225180483,1.3066303730010986,1.2619458865374327,710.6666666666666,closed,6.5,85.0,5.0,1.5,10.4,86.0,364.0,,0.0,,100.0,0.0,,0.0,0.0,0.0,0.0,,
F13_233_20,F13,233,20,0.665,1.0731284666030367,1.0763796230724823,1.0731284666030365,1.1059733333333324,1.0745376719576711,1.073762453290511,1.0715996372928431,0.46315695777511073,0.6610996660468552,1.2537843883037567,1.2363924891466187,710.6666666666666,closed,5.9,84.0,5.0,0.8,9.9,84.0,366.0,,0.0,,53.0,0.0,,0.0,0.0,0.0,0.0,,
F13_233_21,F13,233,21,0.657,1.078877774493195,1.0870955897780508,1.078877774493195,1.106779999999998,1.0763882323232312,1.11074891414909,1.091031778923358,0.5343174439196484,0.6892997970646024,1.2325802743434906,1.2260990613563494,710.6666666666666,closed,4.7,85.0,5.0,0.4,9.4,83.0,368.0,,0.0,,0.0,0.0,,0.0,0.0,0.0,0.0,,
F13_233_22,F13,233,22,0.65,1.0612349406337247,1.0525953402736612,1.0612349406337247,1.0993983333333313,1.0738583091787426,1.0311406005477306,1.0503542733585502,0.4388986801530221,0.6327777310496254,1.211492508649826,1.2153785406895306,710.6666666666666,closed,3.5,86.0,5.0,0.7,8.8,82.0,371.0,,0.0,,0.0,0.0,,0.0,0.0,0.0,0.0,,
F13_233_23,F13,233,23,0.643,1.0567852811547145,1.0447431621027672,1.0567852811547145,1.0933333333333315,1.0717636226851839,1.0195461446261527,1.0435149245322775,0.44669518220030247,0.6287601154118921,1.1975823640823364,1.2079717557256422,710.6666666666666,closed,2.5,88.0,5.0,0.7,8.4,81.0,375.0,,0.0,,0.0,0.0,,0.0,0.0,0.0,0.0,,
F47_130_00,F47,130,0,0.465,1.1344707778601133,1.1344707778601133,1.1344707778601133,0.9169761111111127,0.9169761111111127,1.5874062565478144,1.5874062565478144,0.9976244233739445,0.9976244233739445,1.167673945426941,1.167673945426941,710.6666666666666,closed,0.2,80.0,4.0,1.3,10.8,62.0,383.0,,0.0,,0.0,0.0,,72.0,0.0,0.0,0.0,,
F47_130_01,F47,130,1,0.462,1.0589806652730949,1.0338172944107555,1.0589806652730949,0.8965055555555571,0.901623194444446,1.3246411287754394,1.390332410718533,0.8454124576705032,0.8834654490963635,1.0897388011217117,1.109222587198019,710.6666666666666,closed,0.4,80.0,4.0,1.0,10.0,64.0,382.0,,0.0,,0.0,0.0,,30.0,0.0,0.0,0.0,,
F47_130_02,F47,130,2,0.459,1.080799285268213,1.0791269098346021,1.0807992852682127,0.9002000000000016,0.9023802777777794,1.4566883067434528,1.4564667687161776,1.0145299769293,0.9835261314602745,1.081316590309143,1.0971131846308708,710.6666666666666,closed,0.5,81.0,4.0,0.3,10.0,64.0,388.0,,0.0,,0.0,0.0,,50.0,0.0,0.0,0.0,,
F47_130_03,F47,130,3,0.455,1.0708885758489657,1.0639387249372507,1.0708885758489657,0.9057922222222238,0.9053303472222237,1.4105435884409587,1.4276817042839376,0.973209576358785,0.9654518424709592,1.063856154680252,1.082251263782382,710.6666666666666,closed,0.5,81.0,4.0,0.3,10.4,63.0,387.0,,0.0,,0.0,0.0,,52.0,0.0,0.0,0.0,,
F47_130_04,F47,130,4,0.453,1.1203641853716548,1.1487146911123045,1.1203641853716546,0.9142344444444452,0.9104880555555566,1.57096540377141,1.5205071703136124,1.462626217141625,1.2606533737182284,1.0792018175125122,1.0877796396613122,710.6666666666666,closed,0.7,80.0,4.0,0.4,9.7,66.0,383.0,,0.0,,0.0,0.0,,100.0,0.0,0.0,0.0,,
F47_130_05,F47,130,5,0.451,1.147381491995535,1.1869299293987703,1.147381491995535,0.9303822222222231,0.9205319907407419,1.6219983820742365,1.5586861132332277,1.676532246352768,1.419094031328628,1.0847213566303253,1.08956973378857,710.6666666666666,closed,1.2,80.0,4.0,0.6,8.8,70.0,386.0,,0.0,,0.0,0.0,,100.0,0.0,0.0,0.0,,
F47_130_06,F47,130,6,0.447,1.1900672025806067,1.2517428135718374,1.1900672025806067,0.9353788888888905,0.9247944047619062,1.9613205698973228,1.761629116109421,1.4415028910741583,1.3215684304585853,1.0836188942193985,1.0882471299597194,710.6666666666666,closed,3.1,73.0,5.0,1.4,9.4,73.0,386.0,,0.0,,0.0,0.0,,100.0,0.0,0.0,0.0,,
F47_130_07,F47,130,7,0.444,1.1241314037102683,1.1208179242487397,1.1241314037102683,0.930741111111112,0.9235087152777789,1.436414436857815,1.4913308479981857,1.6063111714849956,1.4292648957666279,1.0040891617536545,1.0429331259801984,710.6666666666666,closed,6.0,59.0,6.0,2.4,9.8,77.0,403.0,,0.0,,16.0,0.0,,62.0,0.0,7.0,0.0,,
F47_130_08,F47,130,8,0.451,1.0362228828821627,0.9632452826504553,1.0362228828821625,0.9063027777777778,0.9107354629629635,1.2909042063108078,1.404390007567585,0.3160087735220867,0.7321020386448304,0.9656111896038055,1.0172404787606664,710.6666666666666,closed,7.3,61.0,30.0,2.3,10.0,79.0,417.0,,0.0,,100.0,0.0,,0.0,0.0,0.0,0.0,,
F47_130_09,F47,130,9,0.47,1.0134412912569177,0.9350928615557753,1.013441291256918,0.8832427777777777,0.897609194444445,1.2263179105117323,1.3575189647524155,0.4084107066668899,0.7413137753621978,0.9207358658313751,0.9873961217701434,710.6666666666666,closed,8.9,62.0,88.0,1.8,10.9,79.0,413.0,,0.0,,100.0,0.0,,0.0,0.0,27.0,0.0,,
F47_130_10,F47,130,10,0.48900000000000005,1.0490727223938008,1.0134752235902516,1.049072722393801,0.8934327777777787,0.9018613383838394,1.4606677505639787,1.4734187816681243,0.6482724310987932,0.841883527898208,0.9110271781682968,0.9760404506867583,710.6666666666666,closed,10.0,64.0,151.0,1.5,12.4,76.0,700.0,,0.0,,100.0,42.0,,0.0,0.0,33.0,0.0,,
F47_130_11,F47,130,11,0.492,1.06393888558727,1.046396986224894,1.0639388855872698,0.8724266666666681,0.8897806481481494,1.5125328307926453,1.5004497808666397,0.9553388913090092,0.9920769357787904,0.9409859776496887,0.986850361029307,710.6666666666666,closed,14.3,56.0,412.0,1.6,19.6,58.0,609.0,,0.0,,100.0,100.0,,0.0,0.0,0.0,0.0,,
F47_130_12,F47,130,12,0.49499999999999994,1.0179742840221049,0.9635401403699269,1.0179742840221049,0.8686838888888904,0.8864303846153859,1.1955582136223712,1.3307006062308004,1.0007674030365845,1.0137124386728862,0.8978825509548187,0.9601127940874833,710.6666666666666,closed,17.1,54.0,487.0,1.0,25.1,49.0,459.0,,13.0,,100.0,100.0,,0.0,0.0,0.0,0.0,,
F47_130_13,F47,130,13,0.51,1.009602303956559,0.9551703300678649,1.009602303956559,0.875700555555556,0.8889217063492071,1.168789260463436,1.3067070675664831,1.0189437749486523,1.0225251353660438,0.8640456944704056,0.9375408893185003,710.6666666666666,closed,17.2,53.0,409.0,1.1,23.1,47.0,417.0,,73.0,,100.0,100.0,,0.0,0.0,73.0,2.0,,
F47_130_14,F47,130,14,0.521,1.0339018154297535,1.0075359108161912,1.0339018154297535,0.8833805555555556,0.8921362962962968,1.2459796486164698,1.338680754107898,1.2212383440219483,1.1301768148439757,0.9338953047990799,0.9698943351705869,710.6666666666666,closed,17.4,52.0,310.0,1.3,22.5,48.0,395.0,,45.0,,100.0,100.0,,0.0,0.0,20.0,0.0,,
F47_130_15,F47,130,15,0.526,1.0335761979633356,1.0100248549515882,1.0335761979633356,0.9082816666666661,0.904817777777778,1.2206866633987963,1.3194500366177946,1.0459840588343552,1.04276432141169,0.9870306551456451,0.9958725506439805,710.6666666666666,closed,16.9,56.0,218.0,1.8,23.9,46.0,351.0,,0.0,,100.0,100.0,,0.0,0.0,0.0,0.0,,
F47_130_16,F47,130,16,0.532,1.0524349912164346,1.0482638358754144,1.0524349912164348,0.9197350000000002,0.9110850653594778,1.1718888832005223,1.2878063074999437,1.4314841662322209,1.2470420098824817,1.0550948530435562,1.031386426266502,710.6666666666666,closed,15.5,61.0,81.0,1.1,21.0,55.0,340.0,,0.0,,100.0,100.0,,0.0,0.0,0.0,0.0,,
F47_130_17,F47,130,17,0.538,1.103584237175841,1.1456172656238703,1.103584237175841,0.9439627777777777,0.9243525000000004,1.5471716278679128,1.479432343613321,1.2924433396400026,1.1839061378671296,1.0889923721551895,1.050593918396367,710.6666666666666,closed,12.6,70.0,7.0,0.8,15.7,72.0,344.0,,0.0,,100.0,66.0,,0.0,0.0,0.0,0.0,,
F47_130_18,F47,130,18,0.536,1.0379655482995758,1.0167384539141635,1.037965548299576,0.945219444444445,0.9260460233918133,1.173872802027936,1.286524502868838,0.8935975400083743,0.9796997802595819,1.0490792244672775,1.031607969811088,710.6666666666666,closed,10.8,76.0,4.0,1.3,13.6,78.0,350.0,,0.0,,100.0,0.0,,0.0,0.0,0.0,0.0,,
F47_130_19,F47,130,19,0.531,0.9809042374255036,0.9100718707621603,0.9809042374255034,0.9384494444444443,0.9234504444444447,0.8601755188708285,1.1162008441693114,0.6783104315453796,0.8623689363039492,0.9945458918809891,1.0038515329360962,710.6666666666666,closed,9.6,79.0,5.0,1.2,12.2,81.0,359.0,,0.0,,100.0,0.0,,0.0,0.0,0.0,0.0,,
F47_130_20,F47,130,20,0.523,0.9843724376369423,0.9231322863170294,0.9843724376369423,0.9233766666666661,0.9162694179894181,1.0076061557435674,1.181234733707485,0.5825161177965833,0.8034262717327431,0.957423597574234,0.9839633958680288,710.6666666666666,closed,8.5,82.0,5.0,1.3,11.4,84.0,369.0,,0.0,,73.0,0.0,,0.0,0.0,0.0,0.0,,
F47_130_21,F47,130,21,0.516,1.0029180868554477,0.9639361501541625,1.0029180868554477,0.9126544444444437,0.9109876767676767,1.0592363174273953,1.2003310192256715,0.9937943772918998,1.0083712640172877,0.9607087522745132,0.9844742813570933,710.6666666666666,closed,8.0,83.0,5.0,0.4,11.0,86.0,381.0,,0.0,,0.0,0.0,,0.0,0.0,0.0,0.0,,
F47_130_22,F47,130,22,0.51,0.9986789224215533,0.9590595797143053,0.9986789224215533,0.9057844444444441,0.9074757971014494,1.0868417419768337,1.2085992971732795,0.9421682992285514,0.9808021412570455,0.9403378218412399,0.9728126859535342,710.6666666666666,closed,7.6,84.0,5.0,0.6,10.5,86.0,388.0,,0.0,,0.0,0.0,,0.0,0.0,0.0,0.0,,
F47_130_23,F47,130,23,0.503,0.9973873473416975,0.9597493029775621,0.9973873473416974,0.8990216666666665,0.9038830439814817,1.1106874533479048,1.2159457070458604,0.9930277879117059,1.005681714861668,0.9110584557056427,0.9562098967532316,710.6666666666666,closed,7.1,84.0,5.0,0.6,10.1,86.0,397.0,,0.0,,0.0,0.0,,0.0,0.0,0.0,0.0,,
F47_160_00,F47,160,0,0.705,0.7024494940496281,0.7024494940496281,0.7024494940496281,0.7117077777777782,0.7117077777777782,0.6985527149681964,0.6985527149681964,0.736476172527449,0.736476172527449,0.6712950766086578,0.6712950766086578,710.6666666666666,closed,-5.7,62.0,4.0,1.1,9.7,69.0,319.0,,0.0,,0.0,0.0,,97.0,0.0,0.0,0.0,,
F47_160_01,F47,160,1,0.6999999999999998,0.7313549564359416,0.7409901105647126,0.7313549564359416,0.7104088888888884,0.7107336111111109,0.7361472966956271,0.7267486512637693,1.0734891062028225,0.9892358727839792,0.68719682097435,0.6832213848829269,710.6666666666666,closed,-6.2,63.0,4.0,1.5,10.1,70.0,281.0,,0.0,,0.0,0.0,,100.0,0.0,0.0,0.0,,
F47_160_02,F47,160,2,0.698,0.7166833758834602,0.7141651626716051,0.7166833758834602,0.7047588888888909,0.706858703703705,0.7090215332013746,0.711797690744887,0.9361538692321046,0.9257634592764483,0.6541170924901962,0.6624933779239655,710.6666666666666,closed,-6.9,67.0,4.0,1.0,11.0,66.0,358.0,,0.0,,0.0,0.0,,100.0,0.0,0.0,0.0,,
F47_160_03,F47,160,3,0.6960000000000001,0.7328633368660359,0.7410603855284679,0.7328633368660357,0.7063688888888908,0.7073400000000013,0.7252213153404776,0.7212285151959482,1.133525592085858,1.0517183885489583,0.6863407790660858,0.6805391106754541,710.6666666666666,closed,-6.8,64.0,4.0,1.4,10.8,66.0,273.0,,0.0,,0.0,0.0,,100.0,0.0,0.0,0.0,,
F47_160_04,F47,160,4,0.695,0.7375334609688906,0.7461115761457485,0.7375334609688906,0.7037083333333337,0.7055494444444451,0.7484888297563508,0.735987583874378,1.1221595091517154,1.0612601794958525,0.6946074813604355,0.6866594657301904,710.6666666666666,closed,-7.1,65.0,4.0,1.4,11.6,67.0,253.0,,0.0,,0.0,0.0,,100.0,0.0,0.0,0.0,,
F47_160_05,F47,160,5,0.694,0.7303675717943903,0.731376304653217,0.7303675717943902,0.704021111111112,0.7054250462962971,0.7325757080081764,0.7287884705016051,1.0159505435088438,1.009454837813488,0.6817597895860672,0.6804896481335163,710.6666666666666,closed,-7.6,68.0,4.0,1.2,11.2,69.0,268.0,,0.0,,0.0,0.0,,100.0,0.0,0.0,0.0,,
F47_160_06,F47,160,6,0.693,0.727279672396724,0.7257202974925946,0.727279672396724,0.7023127777777783,0.7042482936507944,0.7277293137368481,0.7265601362760706,1.005794041777114,1.0045790804946932,0.6674580276012421,0.672498661492552,710.6666666666666,closed,-7.7,67.0,4.0,1.4,10.9,66.0,288.0,,0.0,,0.0,0.0,,100.0,0.0,0.0,0.0,,
F47_160_07,F47,160,7,0.691,0.7135065664314574,0.7015813035330379,0.7135065664314572,0.6993894444444431,0.7023619791666663,0.7469975150778434,0.7375446467129776,0.7057818091233088,0.8359740697872304,0.6506621092557907,0.6624208781868219,710.6666666666666,closed,-7.8,68.0,8.0,1.4,10.9,65.0,337.0,,0.0,,0.0,0.0,,100.0,0.0,35.0,0.0,,
F47_160_08,F47,160,8,0.6919999999999998,0.7269020667013973,0.7280782565986139,0.7269020667013972,0.7143872222222211,0.710363796296296,0.6621155386856844,0.6914383118689854,1.2052151820420132,1.0989712480016305,0.6492372304201126,0.6603227489524417,710.6666666666666,closed,-6.7,65.0,83.0,1.2,10.0,68.0,386.0,,0.0,,0.0,0.0,,100.0,0.0,0.0,0.0,,
F47_160_09,F47,160,9,0.686,0.7299999070420413,0.733496840873018,0.7299999070420412,0.7331172222222238,0.7210676388888899,0.7521076606244598,0.7380017016169819,0.8720415209022704,0.9263501277788103,0.6566570699214935,0.6632951088249683,710.6666666666666,closed,-4.4,54.0,231.0,2.1,11.7,72.0,519.0,,0.0,,54.0,89.0,,67.0,0.0,0.0,0.0,,
F47_160_10,F47,160,10,0.678,0.749299416996459,0.7682964534842878,0.749299416996459,0.7256688888888916,0.71810032828283,0.7969514817295699,0.7637443275840853,1.2183066555883517,1.1102848733460782,0.6562124937772751,0.6624491546641696,710.6666666666666,closed,-2.9,46.0,380.0,2.1,17.2,67.0,504.0,,0.0,,100.0,100.0,,0.0,0.0,0.0,0.0,,
F47_160_11,F47,160,11,0.672,0.7354388270393345,0.7397850510268534,0.7354388270393345,0.7225099999999998,0.717019976851852,0.7608375756414948,0.7469498912985016,0.9772629527917934,0.9887213495181321,0.660990983247757,0.6645177813867729,710.6666666666666,closed,-2.6,42.0,485.0,2.5,21.0,57.0,517.0,,0.0,,100.0,100.0,,0.0,0.0,25.0,0.0,,
F47_160_12,F47,160,12,0.678,0.7453315831791851,0.757536423288359,0.7453315831791851,0.7277338888888881,0.7202551495726496,0.7709903501420307,0.7534850532867128,1.1184572122099492,1.0638676125335744,0.6685494780540466,0.6683164479640814,710.6666666666666,closed,-1.8,41.0,531.0,2.0,21.1,59.0,461.0,,0.0,,100.0,100.0,,0.0,0.0,2.0,0.0,,
F47_160_13,F47,160,13,0.691,0.7613598172000381,0.7858284814460613,0.761359817200038,0.7558088888888898,0.7358295238095245,0.8989930800068767,0.8233083226325458,0.8779026563859968,0.9388983576047695,0.6852483153343201,0.6772788986563683,710.6666666666666,closed,0.2,38.0,535.0,1.6,21.7,49.0,487.0,,16.0,,100.0,100.0,,0.0,0.0,33.0,5.0,,
F47_160_14,F47,160,14,0.7120000000000001,0.7965991861828213,0.848843715258027,0.7965991861828213,0.7797866666666678,0.7499496296296305,0.9028165423388321,0.8303931530345441,1.4584923716178448,1.2444798256471703,0.7059537768363953,0.6888531059026718,710.6666666666666,closed,1.7,35.0,448.0,2.6,17.4,47.0,475.0,,23.0,,100.0,100.0,,0.0,0.0,82.0,3.0,,
F47_160_15,F47,160,15,0.706,0.7764633892876348,0.8047946235641225,0.7764633892876348,0.7811605555555547,0.7525443229166665,0.8144088572065155,0.787953032139519,1.1214843710220344,1.078820109453813,0.7233034074306488,0.6991388890892267,710.6666666666666,closed,2.0,38.0,328.0,1.8,21.4,46.0,506.0,,0.0,,100.0,100.0,,0.0,0.0,0.0,2.0,,
F47_160_16,F47,160,16,0.713,0.7778053465656353,0.8041815168362915,0.7778053465656353,0.7865411111111115,0.7570761601307193,0.7999372228144256,0.7818478036417652,1.1026540091566028,1.0713607567937742,0.7322226464748383,0.7052822814268224,710.6666666666666,closed,0.7,45.0,152.0,1.3,16.9,58.0,474.0,,0.0,,100.0,100.0,,0.0,0.0,0.0,0.0,,
F47_160_17,F47,160,17,0.718,0.7867840514026122,0.8184173607094415,0.786784051402612,0.7903450000000003,0.7607207098765435,0.7431545979772215,0.7528841638206109,1.4132169438935287,1.2370074863695308,0.7381865084171295,0.7099265621768104,710.6666666666666,closed,-0.9,51.0,20.0,1.0,10.8,66.0,503.0,,0.0,,100.0,100.0,,0.0,0.0,0.0,0.0,,
F47_160_18,F47,160,18,0.711,0.7859283286506811,0.8136281565500897,0.7859283286506811,0.790772222222223,0.762504736842106,0.7455633298634551,0.7536398350321344,1.3537578491571327,1.2149874079569014,0.7341083139181137,0.7092675096110294,710.6666666666666,closed,-2.5,59.0,4.0,0.5,9.9,63.0,499.0,,0.0,,100.0,5.0,,0.0,0.0,0.0,0.0,,
F47_160_19,F47,160,19,0.701,0.776616463422858,0.7932531915542923,0.776616463422858,0.7857866666666666,0.7613006944444448,0.696481459494816,0.7274680278301648,1.304892300969803,1.196271517218565,0.7226432859897614,0.7044904101639986,710.6666666666666,closed,-3.1,61.0,4.0,0.6,9.9,62.0,458.0,,0.0,,100.0,0.0,,0.0,0.0,0.0,0.0,,
F47_160_20,F47,160,20,0.6919999999999998,0.785247173752247,0.8082175723529956,0.785247173752247,0.778426111111114,0.7586111640211657,0.7343703172759642,0.7458390215090831,1.4388137895961917,1.2715932866776847,0.7160952985286713,0.701924934628464,710.6666666666666,closed,-3.8,64.0,4.0,0.5,10.4,63.0,540.0,,0.0,,89.0,0.0,,0.0,0.0,0.0,0.0,,
F47_160_21,F47,160,21,0.6830000000000002,0.7818162473937461,0.7996566350931897,0.7818162473937461,0.7711438888888885,0.7557052272727273,0.692985319509881,0.723684649757125,1.528927270671317,1.326298992826887,0.7043845504522324,0.6964475146748802,710.6666666666666,closed,-4.9,66.0,4.0,1.5,11.4,64.0,482.0,,0.0,,0.0,0.0,,0.0,0.0,0.0,0.0,,
F47_160_22,F47,160,22,0.6750000000000002,0.7702729217801957,0.7760452286922646,0.7702729217801957,0.7663133333333344,0.7538561835748799,0.6819553279607916,0.7165951180685894,1.3222213565419176,1.2272623540569583,0.6938392072916031,0.6912906850161761,710.6666666666666,closed,-5.4,68.0,4.0,1.5,11.6,63.0,461.0,,0.0,,0.0,0.0,,0.0,0.0,0.0,0.0,,
F47_160_23,F47,160,23,0.669,0.7727591097767196,0.7803569250926247,0.7727591097767195,0.7675611111111128,0.7550251157407418,0.7275722685144843,0.7389106166858129,1.2576900632909211,1.1976089305922706,0.6834752112627029,0.6859989588459333,710.6666666666666,closed,-5.1,67.0,4.0,2.1,11.4,65.0,415.0,,0.0,,0.0,0.0,,0.0,0.0,0.0,0.0,,
F47_161_00,F47,161,0,0.663,1.1744122667356798,1.1744122667356793,1.1744122667356793,1.319135555555557,1.319135555555557,0.6084304161788447,0.6084304161788447,1.4668180774632564,1.4668180774632564,1.3892922699451447,1.3892922699451447,710.6666666666666,closed,-4.7,65.0,4.0,1.8,11.8,64.0,480.0,,0.0,,0.0,0.0,,0.0,0.0,0.0,0.0,,
F47_161_01,F47,161,1,0.66,1.172281303806423,1.1715709828300038,1.1722813038064228,1.3135249999999996,1.314927638888889,0.6142010542031803,0.6127583946970964,1.5453321986560518,1.5257036683578533,1.3502207696437836,1.3599886447191238,710.6666666666666,closed,-4.6,65.0,4.0,1.4,11.2,65.0,484.0,,0.0,,0.0,0.0,,0.0,0.0,0.0,0.0,,
F47_161_02,F47,161,2,0.657,1.1704576563918552,1.169190672196362,1.1704576563918552,1.402824444444444,1.3739930555555553,0.6170245526549242,0.6151216135002869,1.2377101647295239,1.3271651558395672,1.2436611652374268,1.2856929500897727,710.6666666666666,closed,-5.2,70.0,4.0,1.3,9.9,70.0,456.0,,0.0,,0.0,0.0,,23.0,0.0,0.0,0.0,,
F47_161_03,F47,161,3,0.655,1.1603462630168215,1.153519236474505,1.1603462630168213,1.4706772222222197,1.4236088888888874,0.6195561717335497,0.6171796102130872,0.9708485491969876,1.1380128983542213,1.1061640232801437,1.1892492901533842,710.6666666666666,closed,-5.9,73.0,4.0,1.2,8.8,65.0,363.0,,0.0,,0.0,0.0,,100.0,0.0,0.0,0.0,,
F47_161_04,F47,161,4,0.653,1.1580095958705938,1.151900466744898,1.1580095958705938,1.4729544444444433,1.434388888888888,0.5846596779649763,0.5967170262560356,1.1723672176448423,1.2254912295914875,1.0538731664419174,1.1412577226758003,710.6666666666666,closed,-5.8,73.0,4.0,0.8,7.7,64.0,386.0,,0.0,,0.0,0.0,,100.0,0.0,0.0,0.0,,
F47_161_05,F47,161,5,0.652,1.1473316994307992,1.13534096688402,1.1473316994307992,1.4526638888888883,1.4289803240740735,0.6081123433156149,0.608388189662065,0.9415086131886038,1.0819697083342408,1.0839732438325882,1.1442520084480443,710.6666666666666,closed,-6.0,74.0,4.0,0.5,8.5,64.0,318.0,,0.0,,0.0,0.0,,100.0,0.0,0.0,0.0,,
F47_161_06,F47,161,6,0.653,1.1376154988924085,1.1213352990785312,1.1376154988924085,1.448429999999999,1.4299443253968247,0.6239423730978592,0.6173945143452831,0.9289836611144567,1.0547467221282085,1.0101201832294464,1.093439007444041,710.6666666666666,closed,-5.6,74.0,4.0,0.6,9.2,64.0,347.0,,0.0,,0.0,0.0,,100.0,0.0,0.0,0.0,,
F47_161_07,F47,161,7,0.654,1.1230641632415537,1.0990840801023174,1.1230641632415537,1.4215616666666664,1.4171415972222219,0.7316367823663253,0.6787911019028673,0.6598211361550743,0.887622419211837,0.9417798072099686,1.0445826929062605,710.6666666666666,closed,-4.8,74.0,6.0,0.8,9.3,65.0,426.0,,0.0,,14.0,0.0,,100.0,0.0,30.0,0.0,,
F47_161_08,F47,161,8,0.653,1.118809851060058,1.096222334803472,1.1188098510600577,1.3811855555555568,1.395201543209877,0.683084114458028,0.6576891397830864,0.9329727858108566,1.0140620820142978,0.9733762890100479,1.050713751051161,710.6666666666666,closed,-4.0,72.0,71.0,1.0,9.4,64.0,508.0,,0.0,,100.0,0.0,,100.0,0.0,0.0,0.0,,
F47_161_09,F47,161,9,0.634,1.1264502386134725,1.1142207696745148,1.1264502386134725,1.3467133333333308,1.3748402222222207,0.7492683495117163,0.6966299665301091,1.092260164368177,1.0935612106004802,1.0029657632112503,1.059254215657711,710.6666666666666,closed,-1.4,65.0,208.0,1.1,12.6,64.0,504.0,,0.0,,100.0,91.0,,100.0,0.0,0.0,0.0,,
F47_161_10,F47,161,10,0.616,1.1015646468550933,1.0706354296073124,1.101564646855093,1.3036594444444427,1.3487992929292918,0.6774766905278437,0.6622561873554156,1.02450551194099,1.0564858505281685,1.0016202479600906,1.0534031662074002,710.6666666666666,closed,0.8,51.0,347.0,1.8,18.7,60.0,469.0,,0.0,,100.0,100.0,,2.0,0.0,0.0,0.0,,
F47_161_11,F47,161,11,0.607,1.0986559793736672,1.0700239230643378,1.098655979373667,1.3122533333333326,1.3496926620370362,0.6233176764940929,0.6341884300181696,1.0966826259746412,1.0929167590807982,1.0140573531389236,1.0558246883253255,710.6666666666666,closed,1.7,45.0,449.0,1.9,22.1,52.0,434.0,,0.0,,100.0,100.0,,0.0,0.0,0.0,0.0,,
F47_161_12,F47,161,12,0.616,1.096764274586693,1.0706010507898618,1.096764274586693,1.3180600000000011,1.3499393803418807,0.6688154713233446,0.6578510308089914,1.0713747698810816,1.0795791340222542,0.9585327804088593,1.02271396953326,710.6666666666666,closed,3.6,43.0,462.0,1.4,21.9,44.0,431.0,,12.0,,100.0,100.0,,0.0,0.0,27.0,0.0,,
F47_161_13,F47,161,13,0.635,1.1016254240992174,1.083163626386151,1.1016254240992174,1.330352222222224,1.3542474007936514,0.7363023656573908,0.6947878985246844,1.1210956362276308,1.1056292864121073,0.8909717053174973,0.9819361657968589,710.6666666666666,closed,4.7,40.0,428.0,1.2,20.9,41.0,394.0,,30.0,,100.0,100.0,,0.0,0.0,35.0,2.0,,
F47_161_14,F47,161,14,0.657,1.1074146545071641,1.0963261581151846,1.1074146545071641,1.3378166666666693,1.3566354259259272,0.7557012625346323,0.7079016080013937,1.078709890836991,1.084054645524801,0.9325453191995621,0.9980444625020027,710.6666666666666,closed,4.9,40.0,197.0,1.2,17.7,47.0,409.0,,34.0,,100.0,100.0,,0.0,0.0,20.0,0.0,,
F47_161_15,F47,161,15,0.665,1.109251089674501,1.1010875062409928,1.109251089674501,1.3584177777777817,1.366403593750002,0.7030967683124998,0.6829429488542131,0.8921399968911233,0.9846053421980708,1.044662743806839,1.053513147868216,710.6666666666666,closed,3.4,45.0,46.0,0.9,15.5,61.0,392.0,,1.0,,100.0,100.0,,0.0,0.0,0.0,0.0,,
F47_161_16,F47,161,16,0.664,1.1182736521734145,1.1190371891204414,1.1182736521734145,1.4058905555555585,1.3910664869281062,0.6734425870940361,0.6684291952361021,0.8241692137426835,0.9431816719837821,1.0832498222589493,1.0734209891627815,710.6666666666666,closed,3.1,48.0,32.0,0.8,14.3,60.0,405.0,,0.0,,100.0,100.0,,0.0,0.0,0.0,0.0,,
F47_161_17,F47,161,17,0.66,1.1377612021879535,1.155880595785144,1.1377612021879535,1.421165000000004,1.3999515586419775,0.7240365250748338,0.6954100731625195,0.9004353429168767,0.9768214369234341,1.139589011669159,1.103701607634624,710.6666666666666,closed,2.6,55.0,9.0,1.0,14.0,62.0,382.0,,0.0,,100.0,100.0,,0.0,0.0,0.0,0.0,,
F47_161_18,F47,161,18,0.654,1.1484013468334417,1.1742849312518524,1.1484013468334415,1.4576705555555585,1.4202815058479548,0.705925476888952,0.6873845979021772,0.9988358761720648,1.0245908705310829,1.1263704001903534,1.09863325443707,710.6666666666666,closed,1.2,60.0,4.0,0.4,12.0,64.0,386.0,,0.0,,100.0,6.0,,0.0,0.0,0.0,0.0,,
F47_161_19,F47,161,19,0.649,1.1455494186160506,1.1663875837503068,1.1455494186160506,1.4558222222222257,1.4211805833333353,0.69941747392131,0.6848949402935038,0.9640591902924834,1.0050453607263516,1.1130399405956268,1.093021620437503,710.6666666666666,closed,0.2,69.0,4.0,0.7,10.5,62.0,307.0,,0.0,,100.0,0.0,,0.0,0.0,0.0,0.0,,
F47_161_20,F47,161,20,0.645,1.1385041660407575,1.1510431774579963,1.1385041660407573,1.4464400000000026,1.4179156878306893,0.6748219375029877,0.6727031132947544,1.0382063437652933,1.041932623477163,1.0586910247802734,1.0655063940655618,710.6666666666666,closed,-1.3,73.0,4.0,0.8,10.5,60.0,320.0,,0.0,,91.0,0.0,,0.0,0.0,0.0,0.0,,
F47_161_21,F47,161,21,0.639,1.156978110198825,1.1852942870284529,1.156978110198825,1.4709216666666682,1.4320094823232337,0.6859362877340472,0.6786091974704552,1.043556350701598,1.04455984166151,1.1557133495807648,1.1159128197892145,710.6666666666666,closed,-1.9,76.0,4.0,0.9,12.2,65.0,309.0,,0.0,,0.0,0.0,,0.0,0.0,0.0,0.0,,
F47_161_22,F47,161,22,0.633,1.1527165201022918,1.1747665579409616,1.1527165201022918,1.4632550000000022,1.4297013164251222,0.6893556364553796,0.6807117746408716,1.0078237412888995,1.0258731110566277,1.1316645294427872,1.1050960670994676,710.6666666666666,closed,-1.4,77.0,4.0,1.2,13.1,66.0,314.0,,0.0,,0.0,0.0,,0.0,0.0,0.0,0.0,,
F47_161_23,F47,161,23,0.63,1.149382095080498,1.166600458872024,1.149382095080498,1.449436666666668,1.423902337962964,0.6775002752823434,0.6748972682721867,1.1845610122146712,1.1171717159234786,1.067529559135437,1.0727994559953609,710.6666666666666,closed,-1.3,80.0,4.0,1.2,13.4,66.0,333.0,,0.0,,0.0,0.0,,0.0,0.0,0.0,0.0,,
F47_210_00,F47,210,0,0.496,0.5898340211492532,0.5898340211492532,0.5898340211492532,0.590889444444444,0.590889444444444,0.5909134096365615,0.5909134096365615,0.5284079495326296,0.5284079495326296,0.6105761677026749,0.6105761677026749,710.6666666666666,closed,7.2,85.0,5.0,1.9,10.0,88.0,401.0,,0.0,,0.0,0.0,,0.0,0.0,0.0,0.0,,
F47_210_01,F47,210,1,0.49099999999999994,0.5867310102604623,0.585696673297532,0.5867310102604623,0.5880049999999991,0.5887261111111103,0.5820102191935614,0.5842360168043115,0.5253085944410248,0.526083433213926,0.608735665678978,0.6091957911849022,710.6666666666666,closed,8.1,83.0,5.0,1.7,10.1,89.0,396.0,,0.0,,0.0,0.0,,0.0,0.0,0.0,0.0,,
F47_210_02,F47,210,2,0.486,0.521538169773841,0.4884245810490652,0.5215381697738409,0.5108799999999999,0.5370690740740738,0.367603416429997,0.44055621575835185,0.4632728639119213,0.48446799993689,0.5895776599645615,0.5962704122066498,710.6666666666666,closed,8.3,83.0,5.0,1.3,10.2,90.0,398.0,,0.0,,0.0,0.0,,0.0,10.0,0.0,0.0,,
F47_210_03,F47,210,3,0.48100000000000004,0.4985745774031262,0.4649282687458319,0.4985745774031262,0.4652622222222224,0.5020106944444443,0.36750001728616555,0.4222533914613685,0.4809937737865049,0.49024478460226256,0.574614480137825,0.5852452367544174,710.6666666666666,closed,9.2,82.0,5.0,1.0,11.1,90.0,399.0,,0.0,,0.0,0.0,,0.0,8.0,0.0,0.0,,
F47_210_04,F47,210,4,0.4789999999999999,0.5091025448839462,0.49369031743296327,0.5091025448839462,0.4508400000000001,0.48600766666666656,0.5060164160260165,0.4944125558702385,0.5272071454664672,0.5161226054470883,0.5683330297470093,0.5793502151966095,710.6666666666666,closed,9.1,83.0,5.0,1.0,11.3,91.0,402.0,,0.0,,0.0,0.0,,0.0,2.0,0.0,0.0,,
F47_210_05,F47,210,5,0.47700000000000004,0.4847056520047494,0.45627056605462096,0.4847056520047493,0.4452833333333332,0.47690499999999975,0.37388525659951827,0.41927002289741083,0.47380802181371706,0.48682053998621394,0.5744873136281967,0.5811040165523689,710.6666666666666,closed,11.5,82.0,5.0,2.5,11.7,93.0,396.0,,0.0,,0.0,0.0,,0.0,22.0,0.0,0.0,,
F47_210_06,F47,210,6,0.47700000000000004,0.48710522569168035,0.4675785914942822,0.4871052256916803,0.4501594444444444,0.4751739682539681,0.40635223094262546,0.4313390416223446,0.49249765132761586,0.4956413971123708,0.5728885531425476,0.5792451958571161,710.6666666666666,closed,12.2,81.0,5.0,2.1,12.3,94.0,386.0,,0.0,,0.0,0.0,,0.0,17.0,0.0,0.0,,
F47_210_07,F47,210,7,0.47700000000000004,0.4822798554844754,0.46333940761422854,0.4822798554844754,0.4773461111111108,0.4873396527777776,0.3772393905751017,0.4118397175806476,0.38907902332021554,0.43707545063511377,0.5627474933862686,0.5727462694048882,710.6666666666666,closed,12.9,81.0,6.0,2.0,12.8,94.0,388.0,,0.0,,29.0,29.0,,0.0,8.0,37.0,0.0,,
F47_210_08,F47,210,8,0.48500000000000004,0.5010827678396371,0.5009727394275693,0.5010827678396371,0.4944772222222224,0.4957465432098765,0.4615059540230393,0.4548099942733301,0.4791305828091746,0.4817711584273246,0.5726589858531952,0.5771416789955564,710.6666666666666,closed,13.4,80.0,25.0,1.3,13.3,94.0,612.0,,0.0,,100.0,100.0,,0.0,17.0,12.0,0.0,,
F47_210_09,F47,210,9,0.506,0.5038801557421823,0.5060789044162087,0.5038801557421823,0.4909050000000003,0.493654888888889,0.46491525912223625,0.4573547080528592,0.5463877863035738,0.5184985627874291,0.5757690966129303,0.5784039705991745,710.6666666666666,closed,13.8,80.0,68.0,0.9,14.3,91.0,563.0,,0.0,,100.0,100.0,,0.0,8.0,0.0,0.0,,
F47_210_10,F47,210,10,0.524,0.5180367354537458,0.531666175775071,0.5180367354537458,0.501359444444445,0.49910732323232354,0.5126120017562447,0.4840584359504436,0.6226045947925325,0.5626067513737834,0.5908919721841812,0.5864132778211073,710.6666666666666,closed,16.1,75.0,141.0,2.1,16.7,84.0,505.0,,0.0,,100.0,100.0,,0.0,0.0,0.0,0.0,,
F47_210_11,F47,210,11,0.535,0.5303612642763434,0.5523223150904321,0.5303612642763434,0.5104694444444449,0.5042295833333336,0.5751453908146332,0.5203101521742208,0.6074746775199008,0.5594111998026703,0.6033205687999725,0.5935186588515837,710.6666666666666,closed,17.8,73.0,191.0,2.6,19.8,78.0,448.0,,0.0,,100.0,100.0,,0.0,0.0,0.0,0.0,,
F47_210_12,F47,210,12,0.54,0.5329051546423315,0.5539093899395401,0.5329051546423315,0.5169633333333338,0.5082062820512823,0.5695393675357187,0.5215096195348371,0.5686512875329361,0.5422034880956301,0.6179271936416626,0.6021377576085237,710.6666666666666,closed,16.8,79.0,76.0,1.1,19.6,78.0,392.0,,0.0,,100.0,100.0,,0.0,0.0,0.0,0.0,,
F47_210_13,F47,210,13,0.546,0.5273730049845219,0.5407821458720008,0.5273730049845219,0.5242283333333337,0.5127237500000003,0.5117602687195925,0.4939872271691181,0.5027621258780859,0.5087948514546251,0.6305455565452576,0.6100254117378167,710.6666666666666,closed,15.7,83.0,62.0,0.7,18.3,83.0,388.0,,0.0,,100.0,100.0,,0.0,0.0,10.0,0.0,,
F47_210_14,F47,210,14,0.551,0.5363769527419563,0.5559884053062557,0.5363769527419563,0.5269188888888893,0.5149256851851854,0.5142766774639277,0.49651418126946184,0.6736808542338112,0.599549324872576,0.6287323385477066,0.6104263717929522,710.6666666666666,closed,14.4,86.0,25.0,0.7,16.5,89.0,410.0,,0.0,,100.0,100.0,,0.0,8.0,0.0,0.0,,
F47_210_15,F47,210,15,0.553,0.5383489980440562,0.5573932608673495,0.5383489980440562,0.527453888888889,0.5159594791666667,0.5365867007530681,0.5094765371539719,0.6152675997668676,0.5731505040220894,0.6310658901929855,0.6128101940266788,710.6666666666666,closed,13.2,85.0,16.0,0.9,15.2,92.0,389.0,,0.0,,100.0,100.0,,0.0,17.0,0.0,0.0,,
F47_210_16,F47,210,16,0.553,0.5413648926291904,0.5609739214366817,0.5413648926291904,0.5279583333333332,0.516902679738562,0.5551409990262016,0.5208941164514599,0.6049739296151913,0.5701783901620713,0.6296108365058899,0.6131137359668226,710.6666666666666,closed,12.3,82.0,8.0,1.7,14.1,93.0,384.0,,0.0,,100.0,100.0,,0.0,8.0,0.0,0.0,,
F47_210_17,F47,210,17,0.55,0.5423374879823836,0.5607526253893116,0.5423374879823836,0.523261111111111,0.5150377932098765,0.5829550036175339,0.5374763345732599,0.5519290166533862,0.5441155494018475,0.6276188492774963,0.6129789149595631,710.6666666666666,closed,11.7,82.0,5.0,3.1,13.3,93.0,385.0,,0.0,,100.0,44.0,,0.0,17.0,0.0,0.0,,
F47_210_18,F47,210,18,0.547,0.5368258189060908,0.5484389404036627,0.5368258189060908,0.5224427777777777,0.5150398976608187,0.5594272825663923,0.5274869376539365,0.4842213853780834,0.5088911891122954,0.6233307421207428,0.6114925393148473,710.6666666666666,closed,11.4,79.0,5.0,2.3,13.1,92.0,381.0,,0.0,,100.0,0.0,,0.0,8.0,0.0,0.0,,
F47_210_19,F47,210,19,0.543,0.5343309855748851,0.5425808653444545,0.5343309855748851,0.5168122222222221,0.512454,0.5488258957146622,0.523518226802401,0.4942497204850274,0.5129225748567304,0.6162640303373337,0.6083744257688523,710.6666666666666,closed,10.9,78.0,5.0,2.0,12.9,90.0,378.0,,0.0,,100.0,0.0,,0.0,8.0,0.0,0.0,,
F47_210_20,F47,210,20,0.54,0.5368627045235109,0.5466641579036885,0.5368627045235109,0.5152450000000002,0.5118406084656085,0.575518628857023,0.5387052617299358,0.47317424953039167,0.5009938589104115,0.616840735077858,0.6090522046600069,710.6666666666666,closed,10.6,74.0,5.0,0.9,12.6,90.0,375.0,,0.0,,100.0,0.0,,0.0,0.0,0.0,0.0,,
F47_210_21,F47,210,21,0.537,0.5330733966706068,0.5385627469346388,0.5330733966706068,0.5123266666666669,0.5104698611111113,0.5463126761773204,0.5251118486076861,0.4896179795439403,0.5083249173547656,0.611807331442833,0.6067751314152371,710.6666666666666,closed,9.8,69.0,5.0,1.0,12.2,87.0,370.0,,0.0,,100.0,0.0,,0.0,0.0,0.0,0.0,,
F47_210_22,F47,210,22,0.534,0.5291148330072527,0.5305180540578741,0.5291148330072527,0.5093644444444445,0.5090050845410629,0.5271967460225947,0.5160600949430307,0.4757911664138194,0.5002975827733623,0.6071630418300629,0.6045708150967308,710.6666666666666,closed,8.7,62.0,5.0,0.8,11.3,86.0,363.0,,0.0,,94.0,0.0,,0.0,0.0,0.0,0.0,,
F47_210_23,F47,210,23,0.53,0.524786381630769,0.5220951697309757,0.524786381630769,0.5091722222222222,0.5089199421296297,0.5199762300780404,0.5127634366835573,0.4097778044925473,0.46489452275771875,0.6005799174308777,0.6012501139193773,710.6666666666666,closed,7.5,63.0,5.0,1.2,10.6,84.0,356.0,,0.0,,0.0,0.0,,0.0,0.0,0.0,0.0,,
F47_216_00,F47,216,0,0.531,0.8986739515643629,0.8986739515643629,0.8986739515643629,1.0818200000000007,1.0818200000000007,0.5864169168608261,0.5864169168608261,1.0701517845813193,1.0701517845813193,0.7652407437562943,0.7652407437562943,710.6666666666666,closed,-0.3,74.0,4.0,0.6,10.3,79.0,401.0,,0.0,,0.0,0.0,,37.0,0.0,0.0,0.0,,
F47_216_01,F47,216,1,0.528,0.880823113028506,0.8748728335165538,0.8808231130285059,1.0837733333333324,1.0832849999999994,0.5705440043027894,0.5745122324422985,0.9549516312582712,0.9837516695890333,0.7066747099161148,0.7213162183761597,710.6666666666666,closed,-0.4,71.0,4.0,1.5,9.9,80.0,401.0,,0.0,,0.0,0.0,,40.0,0.0,0.0,0.0,,
F47_216_02,F47,216,2,0.525,0.862555961400351,0.8504472458302971,0.8625559614003508,1.0528877777777768,1.0628574074074069,0.5949027767149055,0.5894286713372063,0.8536259795836303,0.906601222362352,0.669971838593483,0.6919671346743902,710.6666666666666,closed,0.1,72.0,4.0,0.5,9.8,79.0,398.0,,0.0,,0.0,0.0,,8.0,0.0,0.0,0.0,,
F47_216_03,F47,216,3,0.523,0.8745014201430968,0.874403466046712,0.8745014201430968,1.0786999999999998,1.0764976388888885,0.572040105042286,0.5765080278862439,1.0592542832260203,1.0218751014441654,0.6729874908924103,0.6883530933409929,710.6666666666666,closed,-0.6,75.0,4.0,0.3,10.3,78.0,403.0,,0.0,,0.0,0.0,,30.0,0.0,0.0,0.0,,
F47_216_04,F47,216,4,0.521,0.8658083280277692,0.8599476305532939,0.865808328027769,1.1299649999999979,1.1076971111111098,0.5517780950176828,0.5634572373026904,0.5898301505344994,0.7476964581856237,0.689756378531456,0.6953413054347038,710.6666666666666,closed,-0.5,74.0,4.0,1.1,10.5,78.0,395.0,,0.0,,0.0,0.0,,80.0,0.0,0.0,0.0,,
F47_216_05,F47,216,5,0.519,0.8819067327216742,0.8892193807355527,0.8819067327216742,1.1407533333333315,1.117701620370369,0.6887108417313036,0.6413881491714679,0.4794336875503729,0.6569874701696959,0.6900624185800552,0.6945890076458454,710.6666666666666,closed,0.6,69.0,4.0,0.8,12.8,71.0,364.0,,0.0,,0.0,0.0,,100.0,0.0,0.0,0.0,,
F47_216_06,F47,216,6,0.521,0.8502397365020958,0.8319739753478209,0.8502397365020956,1.095111666666667,1.0949137698412696,0.5631964691283421,0.5764260351926093,0.538756167360111,0.6655212039725001,0.6402636468410492,0.6654859110713005,710.6666666666666,closed,0.8,70.0,4.0,1.1,11.8,74.0,360.0,,0.0,,0.0,0.0,,17.0,0.0,0.0,0.0,,
F47_216_07,F47,216,7,0.524,0.832921414469952,0.80524490532496,0.832921414469952,1.0618994444444434,1.0762566319444435,0.5485077840197236,0.5665099540609779,0.6384051254581057,0.7057281133260735,0.5640944689512253,0.6194879654794931,710.6666666666666,closed,2.1,67.0,5.0,0.9,9.7,80.0,367.0,,0.0,,12.0,0.0,,0.0,0.0,32.0,0.0,,
F47_216_08,F47,216,8,0.53,0.8391321356055409,0.8219595051980182,0.8391321356055409,1.0395727777777781,1.062257685185185,0.5027816041984808,0.5391062797112592,1.0651855130865255,0.9353479966898659,0.5854107290506363,0.6251754992538028,710.6666666666666,closed,2.1,70.0,40.0,0.9,9.2,82.0,382.0,,0.0,,100.0,0.0,,0.0,0.0,100.0,0.0,,
F47_216_09,F47,216,9,0.546,0.8451469503465545,0.8360178284375924,0.8451469503465544,1.0426722222222236,1.0616938888888894,0.5233402948423495,0.5467810920141091,1.1235236930013037,0.9804177472826598,0.6002579778432846,0.6293650090694427,710.6666666666666,closed,4.4,68.0,142.0,0.5,10.3,85.0,390.0,,0.0,,100.0,0.0,,0.0,0.0,100.0,0.0,,
F47_216_10,F47,216,10,0.56,0.8445192342174902,0.8363885358524682,0.8445192342174902,1.019627222222222,1.0473946464646462,0.5056320268369578,0.534991055177372,1.240688130349512,1.057335253628832,0.6318036615848541,0.6439256519079208,710.6666666666666,closed,6.5,63.0,176.0,0.5,13.3,81.0,388.0,,0.0,,100.0,79.0,,0.0,0.0,100.0,0.0,,
F47_216_11,F47,216,11,0.572,0.8537080611725644,0.8546034007487625,0.8537080611725644,1.0034411111111103,1.036313217592592,0.5715487821337297,0.5682493786014223,1.2876889947162098,1.0980734615541832,0.663824200630188,0.660259944697221,710.6666666666666,closed,7.4,61.0,138.0,0.7,14.5,78.0,383.0,,0.0,,100.0,100.0,,0.0,0.0,100.0,0.0,,
F47_216_12,F47,216,12,0.577,0.852792523597194,0.8527752110264751,0.852792523597194,0.9902272222222223,1.0266694230769229,0.5550151084726754,0.559600431517186,1.2911082660149094,1.1145004178813311,0.7048692852258682,0.6826353176282002,710.6666666666666,closed,8.1,61.0,88.0,1.9,14.1,80.0,379.0,,0.0,,100.0,100.0,,0.0,0.0,100.0,0.0,,
F47_216_13,F47,216,13,0.579,0.8610698412879092,0.8682285123919056,0.8610698412879091,0.9893883333333321,1.023617003968253,0.5920558621227497,0.5791161693265464,1.2760837802882385,1.119066432537299,0.745710015296936,0.7061024207089628,710.6666666666666,closed,11.6,56.0,109.0,3.7,14.4,79.0,367.0,,0.0,,100.0,100.0,,0.0,0.0,100.0,0.0,,
F47_216_14,F47,216,14,0.58,0.8497522155740724,0.8461131302904623,0.8497522155740724,0.9883766666666652,1.020795537037036,0.5898663813731698,0.5788110924465174,0.9341239146007522,0.9471556606873688,0.7769724279642105,0.7254162137707074,710.6666666666666,closed,11.7,59.0,52.0,2.5,14.7,78.0,358.0,,0.0,,100.0,100.0,,0.0,0.0,57.0,0.0,,
F47_216_15,F47,216,15,0.584,0.8338375993680872,0.8165843333478561,0.8338375993680872,0.9996994444444424,1.024784583333332,0.5581471876192673,0.5626512263226724,0.5038414027287317,0.7177535921249444,0.8123298138380051,0.7474220884032547,710.6666666666666,closed,10.7,68.0,19.0,2.4,12.9,84.0,354.0,,0.0,,100.0,100.0,,0.0,0.0,0.0,0.0,,
F47_216_16,F47,216,16,0.584,0.832452112605584,0.8158843323542646,0.832452112605584,1.0042705555555542,1.0257289869281034,0.5052207442627132,0.5343664010925316,0.5572328538321832,0.7334365845093475,0.8400142937898636,0.7658966792856945,710.6666666666666,closed,10.0,78.0,8.0,1.4,12.0,88.0,353.0,,0.0,,100.0,100.0,,0.0,0.0,0.0,0.0,,
F47_216_17,F47,216,17,0.582,0.9052667196097834,0.955592827757097,0.9052667196097834,1.1351572222222206,1.0936159259259248,0.6360172741705639,0.6017786998311295,0.5321574037718588,0.7104132230510004,1.077503114938736,0.8953556468089422,710.6666666666666,closed,9.0,87.0,4.0,0.3,11.8,92.0,351.0,,0.0,,100.0,46.0,,0.0,23.0,0.0,0.0,,
F47_216_18,F47,216,18,0.58,0.8878487640649699,0.91746610140722,0.8878487640649698,1.1265499999999988,1.0912721929824551,0.5744751617198014,0.5711901445591195,0.441374136007513,0.6532506705813899,1.017690658569336,0.8734621154634578,710.6666666666666,closed,8.5,90.0,4.0,0.3,12.1,91.0,350.0,,0.0,,100.0,0.0,,0.0,25.0,0.0,0.0,,
F47_216_19,F47,216,19,0.578,0.8733617829813564,0.8870511529296466,0.8733617829813562,1.0941988888888878,1.076051749999999,0.5496670007092954,0.558330110886638,0.43312019496334714,0.6383235248045089,0.9763299524784088,0.8589591719210148,710.6666666666666,closed,8.2,91.0,5.0,0.1,12.0,92.0,357.0,,0.0,,100.0,0.0,,0.0,25.0,0.0,0.0,,
F47_216_20,F47,216,20,0.577,0.8710403790260469,0.8813748935651202,0.8710403790260468,1.0764644444444444,1.067626428571428,0.5744331829126874,0.5708903439371128,0.49547005072356703,0.6612113859245689,0.9358519613742828,0.8433454994644438,710.6666666666666,closed,7.9,91.0,5.0,0.3,11.8,92.0,364.0,,0.0,,96.0,0.0,,0.0,8.0,0.0,0.0,,
F47_216_21,F47,216,21,0.576,0.8618824070024216,0.8629566414730477,0.8618824070024215,1.0440827777777768,1.0511013762626253,0.5899337115654859,0.5791539311408744,0.48453644132938395,0.6479623930502912,0.9072495102882385,0.8325990573926405,710.6666666666666,closed,7.0,92.0,4.0,1.3,11.6,91.0,375.0,,0.0,,92.0,0.0,,0.0,20.0,0.0,0.0,,
F47_216_22,F47,216,22,0.574,0.8516189337403417,0.8431954648481761,0.8516189337403417,1.0168683333333328,1.0365973792270524,0.565561319829092,0.5669065867751303,0.5693416220733534,0.6851030981462358,0.8690830916166306,0.815931815168132,710.6666666666666,closed,7.0,93.0,5.0,0.7,11.2,90.0,376.0,,0.0,,100.0,0.0,,0.0,2.0,0.0,0.0,,
F47_216_23,F47,216,23,0.572,0.8454536123101778,0.8320319252136347,0.8454536123101777,1.0036111111111108,1.0288705324074068,0.5913519115952792,0.5802831338639346,0.45737604781121566,0.6219643000483357,0.8589202463626862,0.8128533031170567,710.6666666666666,closed,7.3,93.0,5.0,0.2,11.2,91.0,373.0,,0.0,,91.0,0.0,,0.0,28.0,0.0,0.0,,
