candidate_id,stage,family,source,previous_catalog,difference_from_previous,status,parameters,performance
D01,1,vpd,일반 지식,6.38;6.131,누적 비율 대신 시간별 현재·1차/2차차분·짧은 창,REGISTERED_DOMAIN24_CPU_RAW_FIT_PENDING,"{""windows"": [1, 2, 3, 4, 6], ""lags"": [1, 2, 3, 4, 6], ""candidate_unit"": ""전체 창/지연을 한 묶음으로 추가, 창별 우승자 선별 금지"", ""operators"": [""current"", ""lag"", ""rate"", ""second_difference"", ""mean"", ""std"", ""sum"", ""count"", ""event_if_actuator""], ""target_member"": ""ET only, other members fixed, integration audit required"", ""exact_columns"": [""vpd"", ""vpd__lag1"", ""vpd__rate1"", ""vpd__lag2"", ""vpd__rate2"", ""vpd__lag3"", ""vpd__rate3"", ""vpd__lag4"", ""vpd__rate4"", ""vpd__lag6"", ""vpd__rate6"", ""vpd__d2"", ""vpd__mean1"", ""vpd__std1"", ""vpd__sum1"", ""vpd__count1"", ""vpd__mean2"", ""vpd__std2"", ""vpd__sum2"", ""vpd__count2"", ""vpd__mean3"", ""vpd__std3"", ""vpd__sum3"", ""vpd__count3"", ""vpd__mean4"", ""vpd__std4"", ""vpd__sum4"", ""vpd__count4"", ""vpd__mean6"", ""vpd__std6"", ""vpd__sum6"", ""vpd__count6""], ""actual_additional_ET_columns"": [""vpd"", ""vpd__lag1"", ""vpd__rate1"", ""vpd__lag2"", ""vpd__rate2"", ""vpd__lag3"", ""vpd__rate3"", ""vpd__lag4"", ""vpd__rate4"", ""vpd__lag6"", ""vpd__rate6"", ""vpd__d2"", ""vpd__mean1"", ""vpd__std1"", ""vpd__sum1"", ""vpd__count1"", ""vpd__mean2"", ""vpd__std2"", ""vpd__sum2"", ""vpd__count2"", ""vpd__mean3"", ""vpd__std3"", ""vpd__sum3"", ""vpd__count3"", ""vpd__mean4"", ""vpd__std4"", ""vpd__sum4"", ""vpd__count4"", ""vpd__mean6"", ""vpd__std6"", ""vpd__sum6"", ""vpd__count6""], ""same_name_baseline_columns_removed"": true, ""window1_aliases_kept_consistently"": true, ""new_actuator_event_reference"": ""most recent observed value-change t-1 environmental value; missing/gap resets; h0 NaN"", ""CO2_onset_offset"": ""binary >0 / <=0 transitions, same observed one-hour CO2 change"", ""performance_scope"": ""BLK exploration only; all24 still require original validators""}",UNTESTED
D02,1,rad_shade,사용자 자료,6.16,커튼 0=닫힘 해석을 적용한 시각별 일사×열림 대리,REGISTERED_DOMAIN24_CPU_RAW_FIT_PENDING,"{""windows"": [1, 2, 3, 4, 6], ""lags"": [1, 2, 3, 4, 6], ""candidate_unit"": ""전체 창/지연을 한 묶음으로 추가, 창별 우승자 선별 금지"", ""operators"": [""current"", ""lag"", ""rate"", ""second_difference"", ""mean"", ""std"", ""sum"", ""count"", ""event_if_actuator""], ""target_member"": ""ET only, other members fixed, integration audit required"", ""exact_columns"": [""rad_shade"", ""rad_shade__lag1"", ""rad_shade__rate1"", ""rad_shade__lag2"", ""rad_shade__rate2"", ""rad_shade__lag3"", ""rad_shade__rate3"", ""rad_shade__lag4"", ""rad_shade__rate4"", ""rad_shade__lag6"", ""rad_shade__rate6"", ""rad_shade__d2"", ""rad_shade__mean1"", ""rad_shade__std1"", ""rad_shade__sum1"", ""rad_shade__count1"", ""rad_shade__mean2"", ""rad_shade__std2"", ""rad_shade__sum2"", ""rad_shade__count2"", ""rad_shade__mean3"", ""rad_shade__std3"", ""rad_shade__sum3"", ""rad_shade__count3"", ""rad_shade__mean4"", ""rad_shade__std4"", ""rad_shade__sum4"", ""rad_shade__count4"", ""rad_shade__mean6"", ""rad_shade__std6"", ""rad_shade__sum6"", ""rad_shade__count6""], ""actual_additional_ET_columns"": [""rad_shade"", ""rad_shade__lag1"", ""rad_shade__rate1"", ""rad_shade__lag2"", ""rad_shade__rate2"", ""rad_shade__lag3"", ""rad_shade__rate3"", ""rad_shade__lag4"", ""rad_shade__rate4"", ""rad_shade__lag6"", ""rad_shade__rate6"", ""rad_shade__d2"", ""rad_shade__mean1"", ""rad_shade__std1"", ""rad_shade__sum1"", ""rad_shade__count1"", ""rad_shade__mean2"", ""rad_shade__std2"", ""rad_shade__sum2"", ""rad_shade__count2"", ""rad_shade__mean3"", ""rad_shade__std3"", ""rad_shade__sum3"", ""rad_shade__count3"", ""rad_shade__mean4"", ""rad_shade__std4"", ""rad_shade__sum4"", ""rad_shade__count4"", ""rad_shade__mean6"", ""rad_shade__std6"", ""rad_shade__sum6"", ""rad_shade__count6""], ""same_name_baseline_columns_removed"": true, ""window1_aliases_kept_consistently"": true, ""new_actuator_event_reference"": ""most recent observed value-change t-1 environmental value; missing/gap resets; h0 NaN"", ""CO2_onset_offset"": ""binary >0 / <=0 transitions, same observed one-hour CO2 change"", ""performance_scope"": ""BLK exploration only; all24 still require original validators""}",UNTESTED
D03,1,rad_thermal,사용자 자료,6.16,차광과 보온 커튼 경로를 분리하고 1시간 변화를 검증,REGISTERED_DOMAIN24_CPU_RAW_FIT_PENDING,"{""windows"": [1, 2, 3, 4, 6], ""lags"": [1, 2, 3, 4, 6], ""candidate_unit"": ""전체 창/지연을 한 묶음으로 추가, 창별 우승자 선별 금지"", ""operators"": [""current"", ""lag"", ""rate"", ""second_difference"", ""mean"", ""std"", ""sum"", ""count"", ""event_if_actuator""], ""target_member"": ""ET only, other members fixed, integration audit required"", ""exact_columns"": [""rad_thermal"", ""rad_thermal__lag1"", ""rad_thermal__rate1"", ""rad_thermal__lag2"", ""rad_thermal__rate2"", ""rad_thermal__lag3"", ""rad_thermal__rate3"", ""rad_thermal__lag4"", ""rad_thermal__rate4"", ""rad_thermal__lag6"", ""rad_thermal__rate6"", ""rad_thermal__d2"", ""rad_thermal__mean1"", ""rad_thermal__std1"", ""rad_thermal__sum1"", ""rad_thermal__count1"", ""rad_thermal__mean2"", ""rad_thermal__std2"", ""rad_thermal__sum2"", ""rad_thermal__count2"", ""rad_thermal__mean3"", ""rad_thermal__std3"", ""rad_thermal__sum3"", ""rad_thermal__count3"", ""rad_thermal__mean4"", ""rad_thermal__std4"", ""rad_thermal__sum4"", ""rad_thermal__count4"", ""rad_thermal__mean6"", ""rad_thermal__std6"", ""rad_thermal__sum6"", ""rad_thermal__count6""], ""actual_additional_ET_columns"": [""rad_thermal"", ""rad_thermal__lag1"", ""rad_thermal__rate1"", ""rad_thermal__lag2"", ""rad_thermal__rate2"", ""rad_thermal__lag3"", ""rad_thermal__rate3"", ""rad_thermal__lag4"", ""rad_thermal__rate4"", ""rad_thermal__lag6"", ""rad_thermal__rate6"", ""rad_thermal__d2"", ""rad_thermal__mean1"", ""rad_thermal__std1"", ""rad_thermal__sum1"", ""rad_thermal__count1"", ""rad_thermal__mean2"", ""rad_thermal__std2"", ""rad_thermal__sum2"", ""rad_thermal__count2"", ""rad_thermal__mean3"", ""rad_thermal__std3"", ""rad_thermal__sum3"", ""rad_thermal__count3"", ""rad_thermal__mean4"", ""rad_thermal__std4"", ""rad_thermal__sum4"", ""rad_thermal__count4"", ""rad_thermal__mean6"", ""rad_thermal__std6"", ""rad_thermal__sum6"", ""rad_thermal__count6""], ""same_name_baseline_columns_removed"": true, ""window1_aliases_kept_consistently"": true, ""new_actuator_event_reference"": ""most recent observed value-change t-1 environmental value; missing/gap resets; h0 NaN"", ""CO2_onset_offset"": ""binary >0 / <=0 transitions, same observed one-hour CO2 change"", ""performance_scope"": ""BLK exploration only; all24 still require original validators""}",UNTESTED
D04,1,temp_gap,일반 지식,6.16;6.131,내외 온도차의 현재/지연/짧은 창을 따로 검증,REGISTERED_DOMAIN24_CPU_RAW_FIT_PENDING,"{""windows"": [1, 2, 3, 4, 6], ""lags"": [1, 2, 3, 4, 6], ""candidate_unit"": ""전체 창/지연을 한 묶음으로 추가, 창별 우승자 선별 금지"", ""operators"": [""current"", ""lag"", ""rate"", ""second_difference"", ""mean"", ""std"", ""sum"", ""count"", ""event_if_actuator""], ""target_member"": ""ET only, other members fixed, integration audit required"", ""exact_columns"": [""temp_gap"", ""temp_gap__lag1"", ""temp_gap__rate1"", ""temp_gap__lag2"", ""temp_gap__rate2"", ""temp_gap__lag3"", ""temp_gap__rate3"", ""temp_gap__lag4"", ""temp_gap__rate4"", ""temp_gap__lag6"", ""temp_gap__rate6"", ""temp_gap__d2"", ""temp_gap__mean1"", ""temp_gap__std1"", ""temp_gap__sum1"", ""temp_gap__count1"", ""temp_gap__mean2"", ""temp_gap__std2"", ""temp_gap__sum2"", ""temp_gap__count2"", ""temp_gap__mean3"", ""temp_gap__std3"", ""temp_gap__sum3"", ""temp_gap__count3"", ""temp_gap__mean4"", ""temp_gap__std4"", ""temp_gap__sum4"", ""temp_gap__count4"", ""temp_gap__mean6"", ""temp_gap__std6"", ""temp_gap__sum6"", ""temp_gap__count6""], ""actual_additional_ET_columns"": [""temp_gap"", ""temp_gap__lag1"", ""temp_gap__rate1"", ""temp_gap__lag2"", ""temp_gap__rate2"", ""temp_gap__lag3"", ""temp_gap__rate3"", ""temp_gap__lag4"", ""temp_gap__rate4"", ""temp_gap__lag6"", ""temp_gap__rate6"", ""temp_gap__d2"", ""temp_gap__mean1"", ""temp_gap__std1"", ""temp_gap__sum1"", ""temp_gap__count1"", ""temp_gap__mean2"", ""temp_gap__std2"", ""temp_gap__sum2"", ""temp_gap__count2"", ""temp_gap__mean3"", ""temp_gap__std3"", ""temp_gap__sum3"", ""temp_gap__count3"", ""temp_gap__mean4"", ""temp_gap__std4"", ""temp_gap__sum4"", ""temp_gap__count4"", ""temp_gap__mean6"", ""temp_gap__std6"", ""temp_gap__sum6"", ""temp_gap__count6""], ""same_name_baseline_columns_removed"": true, ""window1_aliases_kept_consistently"": true, ""new_actuator_event_reference"": ""most recent observed value-change t-1 environmental value; missing/gap resets; h0 NaN"", ""CO2_onset_offset"": ""binary >0 / <=0 transitions, same observed one-hour CO2 change"", ""performance_scope"": ""BLK exploration only; all24 still require original validators""}",UNTESTED
D05,1,humidity_gap,일반 지식,6.117,현재 습도차 흐름과 환기·포그 값전환 직전 관측 대비 변화; 동일기록 prefix,REGISTERED_DOMAIN24_CPU_RAW_FIT_PENDING,"{""windows"": [1, 2, 3, 4, 6], ""lags"": [1, 2, 3, 4, 6], ""candidate_unit"": ""전체 창/지연을 한 묶음으로 추가, 창별 우승자 선별 금지"", ""operators"": [""current"", ""lag"", ""rate"", ""second_difference"", ""mean"", ""std"", ""sum"", ""count"", ""event_if_actuator""], ""target_member"": ""ET only, other members fixed, integration audit required"", ""exact_columns"": [""humidity_gap"", ""humidity_gap__lag1"", ""humidity_gap__rate1"", ""humidity_gap__lag2"", ""humidity_gap__rate2"", ""humidity_gap__lag3"", ""humidity_gap__rate3"", ""humidity_gap__lag4"", ""humidity_gap__rate4"", ""humidity_gap__lag6"", ""humidity_gap__rate6"", ""humidity_gap__d2"", ""humidity_gap__mean1"", ""humidity_gap__std1"", ""humidity_gap__sum1"", ""humidity_gap__count1"", ""humidity_gap__mean2"", ""humidity_gap__std2"", ""humidity_gap__sum2"", ""humidity_gap__count2"", ""humidity_gap__mean3"", ""humidity_gap__std3"", ""humidity_gap__sum3"", ""humidity_gap__count3"", ""humidity_gap__mean4"", ""humidity_gap__std4"", ""humidity_gap__sum4"", ""humidity_gap__count4"", ""humidity_gap__mean6"", ""humidity_gap__std6"", ""humidity_gap__sum6"", ""humidity_gap__count6"", ""humidity_gap__vent_event_response"", ""humidity_gap__vent_event_response__lag1"", ""humidity_gap__vent_event_response__rate1"", ""humidity_gap__vent_event_response__lag2"", ""humidity_gap__vent_event_response__rate2"", ""humidity_gap__vent_event_response__lag3"", ""humidity_gap__vent_event_response__rate3"", ""humidity_gap__vent_event_response__lag4"", ""humidity_gap__vent_event_response__rate4"", ""humidity_gap__vent_event_response__lag6"", ""humidity_gap__vent_event_response__rate6"", ""humidity_gap__vent_event_response__d2"", ""humidity_gap__vent_event_response__mean1"", ""humidity_gap__vent_event_response__std1"", ""humidity_gap__vent_event_response__sum1"", ""humidity_gap__vent_event_response__count1"", ""humidity_gap__vent_event_response__mean2"", ""humidity_gap__vent_event_response__std2"", ""humidity_gap__vent_event_response__sum2"", ""humidity_gap__vent_event_response__count2"", ""humidity_gap__vent_event_response__mean3"", ""humidity_gap__vent_event_response__std3"", ""humidity_gap__vent_event_response__sum3"", ""humidity_gap__vent_event_response__count3"", ""humidity_gap__vent_event_response__mean4"", ""humidity_gap__vent_event_response__std4"", ""humidity_gap__vent_event_response__sum4"", ""humidity_gap__vent_event_response__count4"", ""humidity_gap__vent_event_response__mean6"", ""humidity_gap__vent_event_response__std6"", ""humidity_gap__vent_event_response__sum6"", ""humidity_gap__vent_event_response__count6"", ""humidity_gap__fog_event_response"", ""humidity_gap__fog_event_response__lag1"", ""humidity_gap__fog_event_response__rate1"", ""humidity_gap__fog_event_response__lag2"", ""humidity_gap__fog_event_response__rate2"", ""humidity_gap__fog_event_response__lag3"", ""humidity_gap__fog_event_response__rate3"", ""humidity_gap__fog_event_response__lag4"", ""humidity_gap__fog_event_response__rate4"", ""humidity_gap__fog_event_response__lag6"", ""humidity_gap__fog_event_response__rate6"", ""humidity_gap__fog_event_response__d2"", ""humidity_gap__fog_event_response__mean1"", ""humidity_gap__fog_event_response__std1"", ""humidity_gap__fog_event_response__sum1"", ""humidity_gap__fog_event_response__count1"", ""humidity_gap__fog_event_response__mean2"", ""humidity_gap__fog_event_response__std2"", ""humidity_gap__fog_event_response__sum2"", ""humidity_gap__fog_event_response__count2"", ""humidity_gap__fog_event_response__mean3"", ""humidity_gap__fog_event_response__std3"", ""humidity_gap__fog_event_response__sum3"", ""humidity_gap__fog_event_response__count3"", ""humidity_gap__fog_event_response__mean4"", ""humidity_gap__fog_event_response__std4"", ""humidity_gap__fog_event_response__sum4"", ""humidity_gap__fog_event_response__count4"", ""humidity_gap__fog_event_response__mean6"", ""humidity_gap__fog_event_response__std6"", ""humidity_gap__fog_event_response__sum6"", ""humidity_gap__fog_event_response__count6""], ""actual_additional_ET_columns"": [""humidity_gap"", ""humidity_gap__lag1"", ""humidity_gap__rate1"", ""humidity_gap__lag2"", ""humidity_gap__rate2"", ""humidity_gap__lag3"", ""humidity_gap__rate3"", ""humidity_gap__lag4"", ""humidity_gap__rate4"", ""humidity_gap__lag6"", ""humidity_gap__rate6"", ""humidity_gap__d2"", ""humidity_gap__mean1"", ""humidity_gap__std1"", ""humidity_gap__sum1"", ""humidity_gap__count1"", ""humidity_gap__mean2"", ""humidity_gap__std2"", ""humidity_gap__sum2"", ""humidity_gap__count2"", ""humidity_gap__mean3"", ""humidity_gap__std3"", ""humidity_gap__sum3"", ""humidity_gap__count3"", ""humidity_gap__mean4"", ""humidity_gap__std4"", ""humidity_gap__sum4"", ""humidity_gap__count4"", ""humidity_gap__mean6"", ""humidity_gap__std6"", ""humidity_gap__sum6"", ""humidity_gap__count6"", ""humidity_gap__vent_event_response"", ""humidity_gap__vent_event_response__lag1"", ""humidity_gap__vent_event_response__rate1"", ""humidity_gap__vent_event_response__lag2"", ""humidity_gap__vent_event_response__rate2"", ""humidity_gap__vent_event_response__lag3"", ""humidity_gap__vent_event_response__rate3"", ""humidity_gap__vent_event_response__lag4"", ""humidity_gap__vent_event_response__rate4"", ""humidity_gap__vent_event_response__lag6"", ""humidity_gap__vent_event_response__rate6"", ""humidity_gap__vent_event_response__d2"", ""humidity_gap__vent_event_response__mean1"", ""humidity_gap__vent_event_response__std1"", ""humidity_gap__vent_event_response__sum1"", ""humidity_gap__vent_event_response__count1"", ""humidity_gap__vent_event_response__mean2"", ""humidity_gap__vent_event_response__std2"", ""humidity_gap__vent_event_response__sum2"", ""humidity_gap__vent_event_response__count2"", ""humidity_gap__vent_event_response__mean3"", ""humidity_gap__vent_event_response__std3"", ""humidity_gap__vent_event_response__sum3"", ""humidity_gap__vent_event_response__count3"", ""humidity_gap__vent_event_response__mean4"", ""humidity_gap__vent_event_response__std4"", ""humidity_gap__vent_event_response__sum4"", ""humidity_gap__vent_event_response__count4"", ""humidity_gap__vent_event_response__mean6"", ""humidity_gap__vent_event_response__std6"", ""humidity_gap__vent_event_response__sum6"", ""humidity_gap__vent_event_response__count6"", ""humidity_gap__fog_event_response"", ""humidity_gap__fog_event_response__lag1"", ""humidity_gap__fog_event_response__rate1"", ""humidity_gap__fog_event_response__lag2"", ""humidity_gap__fog_event_response__rate2"", ""humidity_gap__fog_event_response__lag3"", ""humidity_gap__fog_event_response__rate3"", ""humidity_gap__fog_event_response__lag4"", ""humidity_gap__fog_event_response__rate4"", ""humidity_gap__fog_event_response__lag6"", ""humidity_gap__fog_event_response__rate6"", ""humidity_gap__fog_event_response__d2"", ""humidity_gap__fog_event_response__mean1"", ""humidity_gap__fog_event_response__std1"", ""humidity_gap__fog_event_response__sum1"", ""humidity_gap__fog_event_response__count1"", ""humidity_gap__fog_event_response__mean2"", ""humidity_gap__fog_event_response__std2"", ""humidity_gap__fog_event_response__sum2"", ""humidity_gap__fog_event_response__count2"", ""humidity_gap__fog_event_response__mean3"", ""humidity_gap__fog_event_response__std3"", ""humidity_gap__fog_event_response__sum3"", ""humidity_gap__fog_event_response__count3"", ""humidity_gap__fog_event_response__mean4"", ""humidity_gap__fog_event_response__std4"", ""humidity_gap__fog_event_response__sum4"", ""humidity_gap__fog_event_response__count4"", ""humidity_gap__fog_event_response__mean6"", ""humidity_gap__fog_event_response__std6"", ""humidity_gap__fog_event_response__sum6"", ""humidity_gap__fog_event_response__count6""], ""same_name_baseline_columns_removed"": true, ""window1_aliases_kept_consistently"": true, ""new_actuator_event_reference"": ""most recent observed value-change t-1 environmental value; missing/gap resets; h0 NaN"", ""CO2_onset_offset"": ""binary >0 / <=0 transitions, same observed one-hour CO2 change"", ""performance_scope"": ""BLK exploration only; all24 still require original validators""}",UNTESTED
D06,1,moisture_flux,일반 지식,6.117;6.118,이전날 연결 제거·동일날 짧은 시간 창과 변화량,REGISTERED_DOMAIN24_CPU_RAW_FIT_PENDING,"{""windows"": [1, 2, 3, 4, 6], ""lags"": [1, 2, 3, 4, 6], ""candidate_unit"": ""전체 창/지연을 한 묶음으로 추가, 창별 우승자 선별 금지"", ""operators"": [""current"", ""lag"", ""rate"", ""second_difference"", ""mean"", ""std"", ""sum"", ""count"", ""event_if_actuator""], ""target_member"": ""ET only, other members fixed, integration audit required"", ""exact_columns"": [""moisture_flux"", ""moisture_flux__lag1"", ""moisture_flux__rate1"", ""moisture_flux__lag2"", ""moisture_flux__rate2"", ""moisture_flux__lag3"", ""moisture_flux__rate3"", ""moisture_flux__lag4"", ""moisture_flux__rate4"", ""moisture_flux__lag6"", ""moisture_flux__rate6"", ""moisture_flux__d2"", ""moisture_flux__mean1"", ""moisture_flux__std1"", ""moisture_flux__sum1"", ""moisture_flux__count1"", ""moisture_flux__mean2"", ""moisture_flux__std2"", ""moisture_flux__sum2"", ""moisture_flux__count2"", ""moisture_flux__mean3"", ""moisture_flux__std3"", ""moisture_flux__sum3"", ""moisture_flux__count3"", ""moisture_flux__mean4"", ""moisture_flux__std4"", ""moisture_flux__sum4"", ""moisture_flux__count4"", ""moisture_flux__mean6"", ""moisture_flux__std6"", ""moisture_flux__sum6"", ""moisture_flux__count6""], ""actual_additional_ET_columns"": [""moisture_flux"", ""moisture_flux__lag1"", ""moisture_flux__rate1"", ""moisture_flux__lag2"", ""moisture_flux__rate2"", ""moisture_flux__lag3"", ""moisture_flux__rate3"", ""moisture_flux__lag4"", ""moisture_flux__rate4"", ""moisture_flux__lag6"", ""moisture_flux__rate6"", ""moisture_flux__d2"", ""moisture_flux__mean1"", ""moisture_flux__std1"", ""moisture_flux__sum1"", ""moisture_flux__count1"", ""moisture_flux__mean2"", ""moisture_flux__std2"", ""moisture_flux__sum2"", ""moisture_flux__count2"", ""moisture_flux__mean3"", ""moisture_flux__std3"", ""moisture_flux__sum3"", ""moisture_flux__count3"", ""moisture_flux__mean4"", ""moisture_flux__std4"", ""moisture_flux__sum4"", ""moisture_flux__count4"", ""moisture_flux__mean6"", ""moisture_flux__std6"", ""moisture_flux__sum6"", ""moisture_flux__count6""], ""same_name_baseline_columns_removed"": true, ""window1_aliases_kept_consistently"": true, ""new_actuator_event_reference"": ""most recent observed value-change t-1 environmental value; missing/gap resets; h0 NaN"", ""CO2_onset_offset"": ""binary >0 / <=0 transitions, same observed one-hour CO2 change"", ""performance_scope"": ""BLK exploration only; all24 still require original validators""}",UNTESTED
D07,1,fan_vpd,일반 지식,6.131,0~6시 선형 진단 대신 매시각·지연 반응/새 기준선,REGISTERED_DOMAIN24_CPU_RAW_FIT_PENDING,"{""windows"": [1, 2, 3, 4, 6], ""lags"": [1, 2, 3, 4, 6], ""candidate_unit"": ""전체 창/지연을 한 묶음으로 추가, 창별 우승자 선별 금지"", ""operators"": [""current"", ""lag"", ""rate"", ""second_difference"", ""mean"", ""std"", ""sum"", ""count"", ""event_if_actuator""], ""target_member"": ""ET only, other members fixed, integration audit required"", ""exact_columns"": [""fan_vpd"", ""fan_vpd__lag1"", ""fan_vpd__rate1"", ""fan_vpd__lag2"", ""fan_vpd__rate2"", ""fan_vpd__lag3"", ""fan_vpd__rate3"", ""fan_vpd__lag4"", ""fan_vpd__rate4"", ""fan_vpd__lag6"", ""fan_vpd__rate6"", ""fan_vpd__d2"", ""fan_vpd__mean1"", ""fan_vpd__std1"", ""fan_vpd__sum1"", ""fan_vpd__count1"", ""fan_vpd__mean2"", ""fan_vpd__std2"", ""fan_vpd__sum2"", ""fan_vpd__count2"", ""fan_vpd__mean3"", ""fan_vpd__std3"", ""fan_vpd__sum3"", ""fan_vpd__count3"", ""fan_vpd__mean4"", ""fan_vpd__std4"", ""fan_vpd__sum4"", ""fan_vpd__count4"", ""fan_vpd__mean6"", ""fan_vpd__std6"", ""fan_vpd__sum6"", ""fan_vpd__count6""], ""actual_additional_ET_columns"": [""fan_vpd"", ""fan_vpd__lag1"", ""fan_vpd__rate1"", ""fan_vpd__lag2"", ""fan_vpd__rate2"", ""fan_vpd__lag3"", ""fan_vpd__rate3"", ""fan_vpd__lag4"", ""fan_vpd__rate4"", ""fan_vpd__lag6"", ""fan_vpd__rate6"", ""fan_vpd__d2"", ""fan_vpd__mean1"", ""fan_vpd__std1"", ""fan_vpd__sum1"", ""fan_vpd__count1"", ""fan_vpd__mean2"", ""fan_vpd__std2"", ""fan_vpd__sum2"", ""fan_vpd__count2"", ""fan_vpd__mean3"", ""fan_vpd__std3"", ""fan_vpd__sum3"", ""fan_vpd__count3"", ""fan_vpd__mean4"", ""fan_vpd__std4"", ""fan_vpd__sum4"", ""fan_vpd__count4"", ""fan_vpd__mean6"", ""fan_vpd__std6"", ""fan_vpd__sum6"", ""fan_vpd__count6""], ""same_name_baseline_columns_removed"": true, ""window1_aliases_kept_consistently"": true, ""new_actuator_event_reference"": ""most recent observed value-change t-1 environmental value; missing/gap resets; h0 NaN"", ""CO2_onset_offset"": ""binary >0 / <=0 transitions, same observed one-hour CO2 change"", ""performance_scope"": ""BLK exploration only; all24 still require original validators""}",UNTESTED
D08,1,heating_vpd,일반 지식,6.131,0~6시 선형 진단 대신 매시각·지연 반응/새 기준선,REGISTERED_DOMAIN24_CPU_RAW_FIT_PENDING,"{""windows"": [1, 2, 3, 4, 6], ""lags"": [1, 2, 3, 4, 6], ""candidate_unit"": ""전체 창/지연을 한 묶음으로 추가, 창별 우승자 선별 금지"", ""operators"": [""current"", ""lag"", ""rate"", ""second_difference"", ""mean"", ""std"", ""sum"", ""count"", ""event_if_actuator""], ""target_member"": ""ET only, other members fixed, integration audit required"", ""exact_columns"": [""heating_vpd"", ""heating_vpd__lag1"", ""heating_vpd__rate1"", ""heating_vpd__lag2"", ""heating_vpd__rate2"", ""heating_vpd__lag3"", ""heating_vpd__rate3"", ""heating_vpd__lag4"", ""heating_vpd__rate4"", ""heating_vpd__lag6"", ""heating_vpd__rate6"", ""heating_vpd__d2"", ""heating_vpd__mean1"", ""heating_vpd__std1"", ""heating_vpd__sum1"", ""heating_vpd__count1"", ""heating_vpd__mean2"", ""heating_vpd__std2"", ""heating_vpd__sum2"", ""heating_vpd__count2"", ""heating_vpd__mean3"", ""heating_vpd__std3"", ""heating_vpd__sum3"", ""heating_vpd__count3"", ""heating_vpd__mean4"", ""heating_vpd__std4"", ""heating_vpd__sum4"", ""heating_vpd__count4"", ""heating_vpd__mean6"", ""heating_vpd__std6"", ""heating_vpd__sum6"", ""heating_vpd__count6""], ""actual_additional_ET_columns"": [""heating_vpd"", ""heating_vpd__lag1"", ""heating_vpd__rate1"", ""heating_vpd__lag2"", ""heating_vpd__rate2"", ""heating_vpd__lag3"", ""heating_vpd__rate3"", ""heating_vpd__lag4"", ""heating_vpd__rate4"", ""heating_vpd__lag6"", ""heating_vpd__rate6"", ""heating_vpd__d2"", ""heating_vpd__mean1"", ""heating_vpd__std1"", ""heating_vpd__sum1"", ""heating_vpd__count1"", ""heating_vpd__mean2"", ""heating_vpd__std2"", ""heating_vpd__sum2"", ""heating_vpd__count2"", ""heating_vpd__mean3"", ""heating_vpd__std3"", ""heating_vpd__sum3"", ""heating_vpd__count3"", ""heating_vpd__mean4"", ""heating_vpd__std4"", ""heating_vpd__sum4"", ""heating_vpd__count4"", ""heating_vpd__mean6"", ""heating_vpd__std6"", ""heating_vpd__sum6"", ""heating_vpd__count6""], ""same_name_baseline_columns_removed"": true, ""window1_aliases_kept_consistently"": true, ""new_actuator_event_reference"": ""most recent observed value-change t-1 environmental value; missing/gap resets; h0 NaN"", ""CO2_onset_offset"": ""binary >0 / <=0 transitions, same observed one-hour CO2 change"", ""performance_scope"": ""BLK exploration only; all24 still require original validators""}",UNTESTED
D09,1,fog_vpd,사용자 자료,6.16,포그×VPD 흐름 및 포그 값전환 직전 관측 대비 VPD 변화; 이후 입력 미사용,REGISTERED_DOMAIN24_CPU_RAW_FIT_PENDING,"{""windows"": [1, 2, 3, 4, 6], ""lags"": [1, 2, 3, 4, 6], ""candidate_unit"": ""전체 창/지연을 한 묶음으로 추가, 창별 우승자 선별 금지"", ""operators"": [""current"", ""lag"", ""rate"", ""second_difference"", ""mean"", ""std"", ""sum"", ""count"", ""event_if_actuator""], ""target_member"": ""ET only, other members fixed, integration audit required"", ""exact_columns"": [""fog_vpd"", ""fog_vpd__lag1"", ""fog_vpd__rate1"", ""fog_vpd__lag2"", ""fog_vpd__rate2"", ""fog_vpd__lag3"", ""fog_vpd__rate3"", ""fog_vpd__lag4"", ""fog_vpd__rate4"", ""fog_vpd__lag6"", ""fog_vpd__rate6"", ""fog_vpd__d2"", ""fog_vpd__mean1"", ""fog_vpd__std1"", ""fog_vpd__sum1"", ""fog_vpd__count1"", ""fog_vpd__mean2"", ""fog_vpd__std2"", ""fog_vpd__sum2"", ""fog_vpd__count2"", ""fog_vpd__mean3"", ""fog_vpd__std3"", ""fog_vpd__sum3"", ""fog_vpd__count3"", ""fog_vpd__mean4"", ""fog_vpd__std4"", ""fog_vpd__sum4"", ""fog_vpd__count4"", ""fog_vpd__mean6"", ""fog_vpd__std6"", ""fog_vpd__sum6"", ""fog_vpd__count6"", ""fog_vpd__event_response"", ""fog_vpd__event_response__lag1"", ""fog_vpd__event_response__rate1"", ""fog_vpd__event_response__lag2"", ""fog_vpd__event_response__rate2"", ""fog_vpd__event_response__lag3"", ""fog_vpd__event_response__rate3"", ""fog_vpd__event_response__lag4"", ""fog_vpd__event_response__rate4"", ""fog_vpd__event_response__lag6"", ""fog_vpd__event_response__rate6"", ""fog_vpd__event_response__d2"", ""fog_vpd__event_response__mean1"", ""fog_vpd__event_response__std1"", ""fog_vpd__event_response__sum1"", ""fog_vpd__event_response__count1"", ""fog_vpd__event_response__mean2"", ""fog_vpd__event_response__std2"", ""fog_vpd__event_response__sum2"", ""fog_vpd__event_response__count2"", ""fog_vpd__event_response__mean3"", ""fog_vpd__event_response__std3"", ""fog_vpd__event_response__sum3"", ""fog_vpd__event_response__count3"", ""fog_vpd__event_response__mean4"", ""fog_vpd__event_response__std4"", ""fog_vpd__event_response__sum4"", ""fog_vpd__event_response__count4"", ""fog_vpd__event_response__mean6"", ""fog_vpd__event_response__std6"", ""fog_vpd__event_response__sum6"", ""fog_vpd__event_response__count6""], ""actual_additional_ET_columns"": [""fog_vpd"", ""fog_vpd__lag1"", ""fog_vpd__rate1"", ""fog_vpd__lag2"", ""fog_vpd__rate2"", ""fog_vpd__lag3"", ""fog_vpd__rate3"", ""fog_vpd__lag4"", ""fog_vpd__rate4"", ""fog_vpd__lag6"", ""fog_vpd__rate6"", ""fog_vpd__d2"", ""fog_vpd__mean1"", ""fog_vpd__std1"", ""fog_vpd__sum1"", ""fog_vpd__count1"", ""fog_vpd__mean2"", ""fog_vpd__std2"", ""fog_vpd__sum2"", ""fog_vpd__count2"", ""fog_vpd__mean3"", ""fog_vpd__std3"", ""fog_vpd__sum3"", ""fog_vpd__count3"", ""fog_vpd__mean4"", ""fog_vpd__std4"", ""fog_vpd__sum4"", ""fog_vpd__count4"", ""fog_vpd__mean6"", ""fog_vpd__std6"", ""fog_vpd__sum6"", ""fog_vpd__count6"", ""fog_vpd__event_response"", ""fog_vpd__event_response__lag1"", ""fog_vpd__event_response__rate1"", ""fog_vpd__event_response__lag2"", ""fog_vpd__event_response__rate2"", ""fog_vpd__event_response__lag3"", ""fog_vpd__event_response__rate3"", ""fog_vpd__event_response__lag4"", ""fog_vpd__event_response__rate4"", ""fog_vpd__event_response__lag6"", ""fog_vpd__event_response__rate6"", ""fog_vpd__event_response__d2"", ""fog_vpd__event_response__mean1"", ""fog_vpd__event_response__std1"", ""fog_vpd__event_response__sum1"", ""fog_vpd__event_response__count1"", ""fog_vpd__event_response__mean2"", ""fog_vpd__event_response__std2"", ""fog_vpd__event_response__sum2"", ""fog_vpd__event_response__count2"", ""fog_vpd__event_response__mean3"", ""fog_vpd__event_response__std3"", ""fog_vpd__event_response__sum3"", ""fog_vpd__event_response__count3"", ""fog_vpd__event_response__mean4"", ""fog_vpd__event_response__std4"", ""fog_vpd__event_response__sum4"", ""fog_vpd__event_response__count4"", ""fog_vpd__event_response__mean6"", ""fog_vpd__event_response__std6"", ""fog_vpd__event_response__sum6"", ""fog_vpd__event_response__count6""], ""same_name_baseline_columns_removed"": true, ""window1_aliases_kept_consistently"": true, ""new_actuator_event_reference"": ""most recent observed value-change t-1 environmental value; missing/gap resets; h0 NaN"", ""CO2_onset_offset"": ""binary >0 / <=0 transitions, same observed one-hour CO2 change"", ""performance_scope"": ""BLK exploration only; all24 still require original validators""}",UNTESTED
D10,1,vent_co2,사용자 자료,6.116,광합성 추정 대신 환기와 CO2의 시간별 동시 변화,REGISTERED_DOMAIN24_CPU_RAW_FIT_PENDING,"{""windows"": [1, 2, 3, 4, 6], ""lags"": [1, 2, 3, 4, 6], ""candidate_unit"": ""전체 창/지연을 한 묶음으로 추가, 창별 우승자 선별 금지"", ""operators"": [""current"", ""lag"", ""rate"", ""second_difference"", ""mean"", ""std"", ""sum"", ""count"", ""event_if_actuator""], ""target_member"": ""ET only, other members fixed, integration audit required"", ""exact_columns"": [""vent_co2"", ""vent_co2__lag1"", ""vent_co2__rate1"", ""vent_co2__lag2"", ""vent_co2__rate2"", ""vent_co2__lag3"", ""vent_co2__rate3"", ""vent_co2__lag4"", ""vent_co2__rate4"", ""vent_co2__lag6"", ""vent_co2__rate6"", ""vent_co2__d2"", ""vent_co2__mean1"", ""vent_co2__std1"", ""vent_co2__sum1"", ""vent_co2__count1"", ""vent_co2__mean2"", ""vent_co2__std2"", ""vent_co2__sum2"", ""vent_co2__count2"", ""vent_co2__mean3"", ""vent_co2__std3"", ""vent_co2__sum3"", ""vent_co2__count3"", ""vent_co2__mean4"", ""vent_co2__std4"", ""vent_co2__sum4"", ""vent_co2__count4"", ""vent_co2__mean6"", ""vent_co2__std6"", ""vent_co2__sum6"", ""vent_co2__count6""], ""actual_additional_ET_columns"": [""vent_co2"", ""vent_co2__lag1"", ""vent_co2__rate1"", ""vent_co2__lag2"", ""vent_co2__rate2"", ""vent_co2__lag3"", ""vent_co2__rate3"", ""vent_co2__lag4"", ""vent_co2__rate4"", ""vent_co2__lag6"", ""vent_co2__rate6"", ""vent_co2__d2"", ""vent_co2__mean1"", ""vent_co2__std1"", ""vent_co2__sum1"", ""vent_co2__count1"", ""vent_co2__mean2"", ""vent_co2__std2"", ""vent_co2__sum2"", ""vent_co2__count2"", ""vent_co2__mean3"", ""vent_co2__std3"", ""vent_co2__sum3"", ""vent_co2__count3"", ""vent_co2__mean4"", ""vent_co2__std4"", ""vent_co2__sum4"", ""vent_co2__count4"", ""vent_co2__mean6"", ""vent_co2__std6"", ""vent_co2__sum6"", ""vent_co2__count6""], ""same_name_baseline_columns_removed"": true, ""window1_aliases_kept_consistently"": true, ""new_actuator_event_reference"": ""most recent observed value-change t-1 environmental value; missing/gap resets; h0 NaN"", ""CO2_onset_offset"": ""binary >0 / <=0 transitions, same observed one-hour CO2 change"", ""performance_scope"": ""BLK exploration only; all24 still require original validators""}",UNTESTED
D11,1,co2_dose_response,사용자 자료,6.119,공급중 ΔCO2 흐름과 0→양수/양수→0 전환시각 ΔCO2 분리; 생리 인과효과 아님,REGISTERED_DOMAIN24_CPU_RAW_FIT_PENDING,"{""windows"": [1, 2, 3, 4, 6], ""lags"": [1, 2, 3, 4, 6], ""candidate_unit"": ""전체 창/지연을 한 묶음으로 추가, 창별 우승자 선별 금지"", ""operators"": [""current"", ""lag"", ""rate"", ""second_difference"", ""mean"", ""std"", ""sum"", ""count"", ""event_if_actuator""], ""target_member"": ""ET only, other members fixed, integration audit required"", ""exact_columns"": [""co2_dose_response"", ""co2_dose_response__lag1"", ""co2_dose_response__rate1"", ""co2_dose_response__lag2"", ""co2_dose_response__rate2"", ""co2_dose_response__lag3"", ""co2_dose_response__rate3"", ""co2_dose_response__lag4"", ""co2_dose_response__rate4"", ""co2_dose_response__lag6"", ""co2_dose_response__rate6"", ""co2_dose_response__d2"", ""co2_dose_response__mean1"", ""co2_dose_response__std1"", ""co2_dose_response__sum1"", ""co2_dose_response__count1"", ""co2_dose_response__mean2"", ""co2_dose_response__std2"", ""co2_dose_response__sum2"", ""co2_dose_response__count2"", ""co2_dose_response__mean3"", ""co2_dose_response__std3"", ""co2_dose_response__sum3"", ""co2_dose_response__count3"", ""co2_dose_response__mean4"", ""co2_dose_response__std4"", ""co2_dose_response__sum4"", ""co2_dose_response__count4"", ""co2_dose_response__mean6"", ""co2_dose_response__std6"", ""co2_dose_response__sum6"", ""co2_dose_response__count6"", ""co2_dose_response__onset_delta"", ""co2_dose_response__onset_delta__lag1"", ""co2_dose_response__onset_delta__rate1"", ""co2_dose_response__onset_delta__lag2"", ""co2_dose_response__onset_delta__rate2"", ""co2_dose_response__onset_delta__lag3"", ""co2_dose_response__onset_delta__rate3"", ""co2_dose_response__onset_delta__lag4"", ""co2_dose_response__onset_delta__rate4"", ""co2_dose_response__onset_delta__lag6"", ""co2_dose_response__onset_delta__rate6"", ""co2_dose_response__onset_delta__d2"", ""co2_dose_response__onset_delta__mean1"", ""co2_dose_response__onset_delta__std1"", ""co2_dose_response__onset_delta__sum1"", ""co2_dose_response__onset_delta__count1"", ""co2_dose_response__onset_delta__mean2"", ""co2_dose_response__onset_delta__std2"", ""co2_dose_response__onset_delta__sum2"", ""co2_dose_response__onset_delta__count2"", ""co2_dose_response__onset_delta__mean3"", ""co2_dose_response__onset_delta__std3"", ""co2_dose_response__onset_delta__sum3"", ""co2_dose_response__onset_delta__count3"", ""co2_dose_response__onset_delta__mean4"", ""co2_dose_response__onset_delta__std4"", ""co2_dose_response__onset_delta__sum4"", ""co2_dose_response__onset_delta__count4"", ""co2_dose_response__onset_delta__mean6"", ""co2_dose_response__onset_delta__std6"", ""co2_dose_response__onset_delta__sum6"", ""co2_dose_response__onset_delta__count6"", ""co2_dose_response__offset_delta"", ""co2_dose_response__offset_delta__lag1"", ""co2_dose_response__offset_delta__rate1"", ""co2_dose_response__offset_delta__lag2"", ""co2_dose_response__offset_delta__rate2"", ""co2_dose_response__offset_delta__lag3"", ""co2_dose_response__offset_delta__rate3"", ""co2_dose_response__offset_delta__lag4"", ""co2_dose_response__offset_delta__rate4"", ""co2_dose_response__offset_delta__lag6"", ""co2_dose_response__offset_delta__rate6"", ""co2_dose_response__offset_delta__d2"", ""co2_dose_response__offset_delta__mean1"", ""co2_dose_response__offset_delta__std1"", ""co2_dose_response__offset_delta__sum1"", ""co2_dose_response__offset_delta__count1"", ""co2_dose_response__offset_delta__mean2"", ""co2_dose_response__offset_delta__std2"", ""co2_dose_response__offset_delta__sum2"", ""co2_dose_response__offset_delta__count2"", ""co2_dose_response__offset_delta__mean3"", ""co2_dose_response__offset_delta__std3"", ""co2_dose_response__offset_delta__sum3"", ""co2_dose_response__offset_delta__count3"", ""co2_dose_response__offset_delta__mean4"", ""co2_dose_response__offset_delta__std4"", ""co2_dose_response__offset_delta__sum4"", ""co2_dose_response__offset_delta__count4"", ""co2_dose_response__offset_delta__mean6"", ""co2_dose_response__offset_delta__std6"", ""co2_dose_response__offset_delta__sum6"", ""co2_dose_response__offset_delta__count6""], ""actual_additional_ET_columns"": [""co2_dose_response"", ""co2_dose_response__lag1"", ""co2_dose_response__rate1"", ""co2_dose_response__lag2"", ""co2_dose_response__rate2"", ""co2_dose_response__lag3"", ""co2_dose_response__rate3"", ""co2_dose_response__lag4"", ""co2_dose_response__rate4"", ""co2_dose_response__lag6"", ""co2_dose_response__rate6"", ""co2_dose_response__d2"", ""co2_dose_response__mean1"", ""co2_dose_response__std1"", ""co2_dose_response__sum1"", ""co2_dose_response__count1"", ""co2_dose_response__mean2"", ""co2_dose_response__std2"", ""co2_dose_response__sum2"", ""co2_dose_response__count2"", ""co2_dose_response__mean3"", ""co2_dose_response__std3"", ""co2_dose_response__sum3"", ""co2_dose_response__count3"", ""co2_dose_response__mean4"", ""co2_dose_response__std4"", ""co2_dose_response__sum4"", ""co2_dose_response__count4"", ""co2_dose_response__mean6"", ""co2_dose_response__std6"", ""co2_dose_response__sum6"", ""co2_dose_response__count6"", ""co2_dose_response__onset_delta"", ""co2_dose_response__onset_delta__lag1"", ""co2_dose_response__onset_delta__rate1"", ""co2_dose_response__onset_delta__lag2"", ""co2_dose_response__onset_delta__rate2"", ""co2_dose_response__onset_delta__lag3"", ""co2_dose_response__onset_delta__rate3"", ""co2_dose_response__onset_delta__lag4"", ""co2_dose_response__onset_delta__rate4"", ""co2_dose_response__onset_delta__lag6"", ""co2_dose_response__onset_delta__rate6"", ""co2_dose_response__onset_delta__d2"", ""co2_dose_response__onset_delta__mean1"", ""co2_dose_response__onset_delta__std1"", ""co2_dose_response__onset_delta__sum1"", ""co2_dose_response__onset_delta__count1"", ""co2_dose_response__onset_delta__mean2"", ""co2_dose_response__onset_delta__std2"", ""co2_dose_response__onset_delta__sum2"", ""co2_dose_response__onset_delta__count2"", ""co2_dose_response__onset_delta__mean3"", ""co2_dose_response__onset_delta__std3"", ""co2_dose_response__onset_delta__sum3"", ""co2_dose_response__onset_delta__count3"", ""co2_dose_response__onset_delta__mean4"", ""co2_dose_response__onset_delta__std4"", ""co2_dose_response__onset_delta__sum4"", ""co2_dose_response__onset_delta__count4"", ""co2_dose_response__onset_delta__mean6"", ""co2_dose_response__onset_delta__std6"", ""co2_dose_response__onset_delta__sum6"", ""co2_dose_response__onset_delta__count6"", ""co2_dose_response__offset_delta"", ""co2_dose_response__offset_delta__lag1"", ""co2_dose_response__offset_delta__rate1"", ""co2_dose_response__offset_delta__lag2"", ""co2_dose_response__offset_delta__rate2"", ""co2_dose_response__offset_delta__lag3"", ""co2_dose_response__offset_delta__rate3"", ""co2_dose_response__offset_delta__lag4"", ""co2_dose_response__offset_delta__rate4"", ""co2_dose_response__offset_delta__lag6"", ""co2_dose_response__offset_delta__rate6"", ""co2_dose_response__offset_delta__d2"", ""co2_dose_response__offset_delta__mean1"", ""co2_dose_response__offset_delta__std1"", ""co2_dose_response__offset_delta__sum1"", ""co2_dose_response__offset_delta__count1"", ""co2_dose_response__offset_delta__mean2"", ""co2_dose_response__offset_delta__std2"", ""co2_dose_response__offset_delta__sum2"", ""co2_dose_response__offset_delta__count2"", ""co2_dose_response__offset_delta__mean3"", ""co2_dose_response__offset_delta__std3"", ""co2_dose_response__offset_delta__sum3"", ""co2_dose_response__offset_delta__count3"", ""co2_dose_response__offset_delta__mean4"", ""co2_dose_response__offset_delta__std4"", ""co2_dose_response__offset_delta__sum4"", ""co2_dose_response__offset_delta__count4"", ""co2_dose_response__offset_delta__mean6"", ""co2_dose_response__offset_delta__std6"", ""co2_dose_response__offset_delta__sum6"", ""co2_dose_response__offset_delta__count6""], ""same_name_baseline_columns_removed"": true, ""window1_aliases_kept_consistently"": true, ""new_actuator_event_reference"": ""most recent observed value-change t-1 environmental value; missing/gap resets; h0 NaN"", ""CO2_onset_offset"": ""binary >0 / <=0 transitions, same observed one-hour CO2 change"", ""performance_scope"": ""BLK exploration only; all24 still require original validators""}",UNTESTED
D12,1,co2_uptake_proxy,사용자 자료,6.116,하루 요약 대신 인과적 시간별 마스크·변화율,REGISTERED_DOMAIN24_CPU_RAW_FIT_PENDING,"{""windows"": [1, 2, 3, 4, 6], ""lags"": [1, 2, 3, 4, 6], ""candidate_unit"": ""전체 창/지연을 한 묶음으로 추가, 창별 우승자 선별 금지"", ""operators"": [""current"", ""lag"", ""rate"", ""second_difference"", ""mean"", ""std"", ""sum"", ""count"", ""event_if_actuator""], ""target_member"": ""ET only, other members fixed, integration audit required"", ""exact_columns"": [""co2_uptake_proxy"", ""co2_uptake_proxy__lag1"", ""co2_uptake_proxy__rate1"", ""co2_uptake_proxy__lag2"", ""co2_uptake_proxy__rate2"", ""co2_uptake_proxy__lag3"", ""co2_uptake_proxy__rate3"", ""co2_uptake_proxy__lag4"", ""co2_uptake_proxy__rate4"", ""co2_uptake_proxy__lag6"", ""co2_uptake_proxy__rate6"", ""co2_uptake_proxy__d2"", ""co2_uptake_proxy__mean1"", ""co2_uptake_proxy__std1"", ""co2_uptake_proxy__sum1"", ""co2_uptake_proxy__count1"", ""co2_uptake_proxy__mean2"", ""co2_uptake_proxy__std2"", ""co2_uptake_proxy__sum2"", ""co2_uptake_proxy__count2"", ""co2_uptake_proxy__mean3"", ""co2_uptake_proxy__std3"", ""co2_uptake_proxy__sum3"", ""co2_uptake_proxy__count3"", ""co2_uptake_proxy__mean4"", ""co2_uptake_proxy__std4"", ""co2_uptake_proxy__sum4"", ""co2_uptake_proxy__count4"", ""co2_uptake_proxy__mean6"", ""co2_uptake_proxy__std6"", ""co2_uptake_proxy__sum6"", ""co2_uptake_proxy__count6""], ""actual_additional_ET_columns"": [""co2_uptake_proxy"", ""co2_uptake_proxy__lag1"", ""co2_uptake_proxy__rate1"", ""co2_uptake_proxy__lag2"", ""co2_uptake_proxy__rate2"", ""co2_uptake_proxy__lag3"", ""co2_uptake_proxy__rate3"", ""co2_uptake_proxy__lag4"", ""co2_uptake_proxy__rate4"", ""co2_uptake_proxy__lag6"", ""co2_uptake_proxy__rate6"", ""co2_uptake_proxy__d2"", ""co2_uptake_proxy__mean1"", ""co2_uptake_proxy__std1"", ""co2_uptake_proxy__sum1"", ""co2_uptake_proxy__count1"", ""co2_uptake_proxy__mean2"", ""co2_uptake_proxy__std2"", ""co2_uptake_proxy__sum2"", ""co2_uptake_proxy__count2"", ""co2_uptake_proxy__mean3"", ""co2_uptake_proxy__std3"", ""co2_uptake_proxy__sum3"", ""co2_uptake_proxy__count3"", ""co2_uptake_proxy__mean4"", ""co2_uptake_proxy__std4"", ""co2_uptake_proxy__sum4"", ""co2_uptake_proxy__count4"", ""co2_uptake_proxy__mean6"", ""co2_uptake_proxy__std6"", ""co2_uptake_proxy__sum6"", ""co2_uptake_proxy__count6""], ""same_name_baseline_columns_removed"": true, ""window1_aliases_kept_consistently"": true, ""new_actuator_event_reference"": ""most recent observed value-change t-1 environmental value; missing/gap resets; h0 NaN"", ""CO2_onset_offset"": ""binary >0 / <=0 transitions, same observed one-hour CO2 change"", ""performance_scope"": ""BLK exploration only; all24 still require original validators""}",UNTESTED
D13,1,radiation_flow,사용자 자료,6.38;6.175;6.185,다일 평균 제외·동일날 1/2/3/4/6h 변화량·고정 전체창 묶음,REGISTERED_DOMAIN24_CPU_RAW_FIT_PENDING,"{""windows"": [1, 2, 3, 4, 6], ""lags"": [1, 2, 3, 4, 6], ""candidate_unit"": ""전체 창/지연을 한 묶음으로 추가, 창별 우승자 선별 금지"", ""operators"": [""current"", ""lag"", ""rate"", ""second_difference"", ""mean"", ""std"", ""sum"", ""count"", ""event_if_actuator""], ""target_member"": ""ET only, other members fixed, integration audit required"", ""exact_columns"": [""out_rad"", ""out_rad__lag1"", ""out_rad__rate1"", ""out_rad__lag2"", ""out_rad__rate2"", ""out_rad__lag3"", ""out_rad__rate3"", ""out_rad__lag4"", ""out_rad__rate4"", ""out_rad__lag6"", ""out_rad__rate6"", ""out_rad__d2"", ""out_rad__mean1"", ""out_rad__std1"", ""out_rad__sum1"", ""out_rad__count1"", ""out_rad__mean2"", ""out_rad__std2"", ""out_rad__sum2"", ""out_rad__count2"", ""out_rad__mean3"", ""out_rad__std3"", ""out_rad__sum3"", ""out_rad__count3"", ""out_rad__mean4"", ""out_rad__std4"", ""out_rad__sum4"", ""out_rad__count4"", ""out_rad__mean6"", ""out_rad__std6"", ""out_rad__sum6"", ""out_rad__count6""], ""actual_additional_ET_columns"": [""out_rad"", ""out_rad__lag1"", ""out_rad__rate1"", ""out_rad__lag2"", ""out_rad__rate2"", ""out_rad__lag3"", ""out_rad__rate3"", ""out_rad__lag4"", ""out_rad__rate4"", ""out_rad__lag6"", ""out_rad__rate6"", ""out_rad__d2"", ""out_rad__mean1"", ""out_rad__std1"", ""out_rad__sum1"", ""out_rad__count1"", ""out_rad__mean2"", ""out_rad__std2"", ""out_rad__sum2"", ""out_rad__count2"", ""out_rad__mean3"", ""out_rad__std3"", ""out_rad__sum3"", ""out_rad__count3"", ""out_rad__mean4"", ""out_rad__std4"", ""out_rad__sum4"", ""out_rad__count4"", ""out_rad__mean6"", ""out_rad__std6"", ""out_rad__sum6"", ""out_rad__count6""], ""same_name_baseline_columns_removed"": true, ""window1_aliases_kept_consistently"": true, ""new_actuator_event_reference"": ""most recent observed value-change t-1 environmental value; missing/gap resets; h0 NaN"", ""CO2_onset_offset"": ""binary >0 / <=0 transitions, same observed one-hour CO2 change"", ""performance_scope"": ""BLK exploration only; all24 still require original validators""}",UNTESTED
D14,1,temperature_flow,사용자 자료,6.28;6.130;6.185,실제 배지온도/정답 보상 없이 실내 입력의 짧은 지연,REGISTERED_DOMAIN24_CPU_RAW_FIT_PENDING,"{""windows"": [1, 2, 3, 4, 6], ""lags"": [1, 2, 3, 4, 6], ""candidate_unit"": ""전체 창/지연을 한 묶음으로 추가, 창별 우승자 선별 금지"", ""operators"": [""current"", ""lag"", ""rate"", ""second_difference"", ""mean"", ""std"", ""sum"", ""count"", ""event_if_actuator""], ""target_member"": ""ET only, other members fixed, integration audit required"", ""exact_columns"": [""in_temp"", ""in_temp__lag1"", ""in_temp__rate1"", ""in_temp__lag2"", ""in_temp__rate2"", ""in_temp__lag3"", ""in_temp__rate3"", ""in_temp__lag4"", ""in_temp__rate4"", ""in_temp__lag6"", ""in_temp__rate6"", ""in_temp__d2"", ""in_temp__mean1"", ""in_temp__std1"", ""in_temp__sum1"", ""in_temp__count1"", ""in_temp__mean2"", ""in_temp__std2"", ""in_temp__sum2"", ""in_temp__count2"", ""in_temp__mean3"", ""in_temp__std3"", ""in_temp__sum3"", ""in_temp__count3"", ""in_temp__mean4"", ""in_temp__std4"", ""in_temp__sum4"", ""in_temp__count4"", ""in_temp__mean6"", ""in_temp__std6"", ""in_temp__sum6"", ""in_temp__count6""], ""actual_additional_ET_columns"": [""in_temp__lag1"", ""in_temp__rate1"", ""in_temp__lag2"", ""in_temp__rate2"", ""in_temp__lag3"", ""in_temp__rate3"", ""in_temp__lag4"", ""in_temp__rate4"", ""in_temp__lag6"", ""in_temp__rate6"", ""in_temp__d2"", ""in_temp__mean1"", ""in_temp__std1"", ""in_temp__sum1"", ""in_temp__count1"", ""in_temp__mean2"", ""in_temp__std2"", ""in_temp__sum2"", ""in_temp__count2"", ""in_temp__mean3"", ""in_temp__std3"", ""in_temp__sum3"", ""in_temp__count3"", ""in_temp__mean4"", ""in_temp__std4"", ""in_temp__sum4"", ""in_temp__count4"", ""in_temp__mean6"", ""in_temp__std6"", ""in_temp__sum6"", ""in_temp__count6""], ""same_name_baseline_columns_removed"": true, ""window1_aliases_kept_consistently"": true, ""new_actuator_event_reference"": ""most recent observed value-change t-1 environmental value; missing/gap resets; h0 NaN"", ""CO2_onset_offset"": ""binary >0 / <=0 transitions, same observed one-hour CO2 change"", ""performance_scope"": ""BLK exploration only; all24 still require original validators""}",UNTESTED
D15,1,humidity_flow,사용자 자료,6.117;6.185,수분수지 결합 없이 습도 자체의 1시간 변화,REGISTERED_DOMAIN24_CPU_RAW_FIT_PENDING,"{""windows"": [1, 2, 3, 4, 6], ""lags"": [1, 2, 3, 4, 6], ""candidate_unit"": ""전체 창/지연을 한 묶음으로 추가, 창별 우승자 선별 금지"", ""operators"": [""current"", ""lag"", ""rate"", ""second_difference"", ""mean"", ""std"", ""sum"", ""count"", ""event_if_actuator""], ""target_member"": ""ET only, other members fixed, integration audit required"", ""exact_columns"": [""in_hum"", ""in_hum__lag1"", ""in_hum__rate1"", ""in_hum__lag2"", ""in_hum__rate2"", ""in_hum__lag3"", ""in_hum__rate3"", ""in_hum__lag4"", ""in_hum__rate4"", ""in_hum__lag6"", ""in_hum__rate6"", ""in_hum__d2"", ""in_hum__mean1"", ""in_hum__std1"", ""in_hum__sum1"", ""in_hum__count1"", ""in_hum__mean2"", ""in_hum__std2"", ""in_hum__sum2"", ""in_hum__count2"", ""in_hum__mean3"", ""in_hum__std3"", ""in_hum__sum3"", ""in_hum__count3"", ""in_hum__mean4"", ""in_hum__std4"", ""in_hum__sum4"", ""in_hum__count4"", ""in_hum__mean6"", ""in_hum__std6"", ""in_hum__sum6"", ""in_hum__count6""], ""actual_additional_ET_columns"": [""in_hum__lag1"", ""in_hum__rate1"", ""in_hum__lag2"", ""in_hum__rate2"", ""in_hum__lag3"", ""in_hum__rate3"", ""in_hum__lag4"", ""in_hum__rate4"", ""in_hum__lag6"", ""in_hum__rate6"", ""in_hum__d2"", ""in_hum__mean1"", ""in_hum__std1"", ""in_hum__sum1"", ""in_hum__count1"", ""in_hum__mean2"", ""in_hum__std2"", ""in_hum__sum2"", ""in_hum__count2"", ""in_hum__mean3"", ""in_hum__std3"", ""in_hum__sum3"", ""in_hum__count3"", ""in_hum__mean4"", ""in_hum__std4"", ""in_hum__sum4"", ""in_hum__count4"", ""in_hum__mean6"", ""in_hum__std6"", ""in_hum__sum6"", ""in_hum__count6""], ""same_name_baseline_columns_removed"": true, ""window1_aliases_kept_consistently"": true, ""new_actuator_event_reference"": ""most recent observed value-change t-1 environmental value; missing/gap resets; h0 NaN"", ""CO2_onset_offset"": ""binary >0 / <=0 transitions, same observed one-hour CO2 change"", ""performance_scope"": ""BLK exploration only; all24 still require original validators""}",UNTESTED
D16,1,co2_flow,사용자 자료,6.18;6.116;6.185,공급/환기 분리 전 기본 CO2 1차·2차차분,REGISTERED_DOMAIN24_CPU_RAW_FIT_PENDING,"{""windows"": [1, 2, 3, 4, 6], ""lags"": [1, 2, 3, 4, 6], ""candidate_unit"": ""전체 창/지연을 한 묶음으로 추가, 창별 우승자 선별 금지"", ""operators"": [""current"", ""lag"", ""rate"", ""second_difference"", ""mean"", ""std"", ""sum"", ""count"", ""event_if_actuator""], ""target_member"": ""ET only, other members fixed, integration audit required"", ""exact_columns"": [""in_co2"", ""in_co2__lag1"", ""in_co2__rate1"", ""in_co2__lag2"", ""in_co2__rate2"", ""in_co2__lag3"", ""in_co2__rate3"", ""in_co2__lag4"", ""in_co2__rate4"", ""in_co2__lag6"", ""in_co2__rate6"", ""in_co2__d2"", ""in_co2__mean1"", ""in_co2__std1"", ""in_co2__sum1"", ""in_co2__count1"", ""in_co2__mean2"", ""in_co2__std2"", ""in_co2__sum2"", ""in_co2__count2"", ""in_co2__mean3"", ""in_co2__std3"", ""in_co2__sum3"", ""in_co2__count3"", ""in_co2__mean4"", ""in_co2__std4"", ""in_co2__sum4"", ""in_co2__count4"", ""in_co2__mean6"", ""in_co2__std6"", ""in_co2__sum6"", ""in_co2__count6""], ""actual_additional_ET_columns"": [""in_co2__lag1"", ""in_co2__rate1"", ""in_co2__lag2"", ""in_co2__rate2"", ""in_co2__lag3"", ""in_co2__rate3"", ""in_co2__lag4"", ""in_co2__rate4"", ""in_co2__lag6"", ""in_co2__rate6"", ""in_co2__d2"", ""in_co2__mean1"", ""in_co2__std1"", ""in_co2__sum1"", ""in_co2__count1"", ""in_co2__mean2"", ""in_co2__std2"", ""in_co2__sum2"", ""in_co2__count2"", ""in_co2__mean3"", ""in_co2__std3"", ""in_co2__sum3"", ""in_co2__count3"", ""in_co2__mean4"", ""in_co2__std4"", ""in_co2__sum4"", ""in_co2__count4"", ""in_co2__mean6"", ""in_co2__std6"", ""in_co2__sum6"", ""in_co2__count6""], ""same_name_baseline_columns_removed"": true, ""window1_aliases_kept_consistently"": true, ""new_actuator_event_reference"": ""most recent observed value-change t-1 environmental value; missing/gap resets; h0 NaN"", ""CO2_onset_offset"": ""binary >0 / <=0 transitions, same observed one-hour CO2 change"", ""performance_scope"": ""BLK exploration only; all24 still require original validators""}",UNTESTED
D17,1,vent_event,사용자 자료,6.38,개시온 설정 역추정 대신 매시각 switch/run/event-age,REGISTERED_DOMAIN24_CPU_RAW_FIT_PENDING,"{""windows"": [1, 2, 3, 4, 6], ""lags"": [1, 2, 3, 4, 6], ""candidate_unit"": ""전체 창/지연을 한 묶음으로 추가, 창별 우승자 선별 금지"", ""operators"": [""current"", ""lag"", ""rate"", ""second_difference"", ""mean"", ""std"", ""sum"", ""count"", ""event_if_actuator""], ""target_member"": ""ET only, other members fixed, integration audit required"", ""exact_columns"": [""act_vent"", ""act_vent__lag1"", ""act_vent__rate1"", ""act_vent__lag2"", ""act_vent__rate2"", ""act_vent__lag3"", ""act_vent__rate3"", ""act_vent__lag4"", ""act_vent__rate4"", ""act_vent__lag6"", ""act_vent__rate6"", ""act_vent__d2"", ""act_vent__mean1"", ""act_vent__std1"", ""act_vent__sum1"", ""act_vent__count1"", ""act_vent__mean2"", ""act_vent__std2"", ""act_vent__sum2"", ""act_vent__count2"", ""act_vent__mean3"", ""act_vent__std3"", ""act_vent__sum3"", ""act_vent__count3"", ""act_vent__mean4"", ""act_vent__std4"", ""act_vent__sum4"", ""act_vent__count4"", ""act_vent__mean6"", ""act_vent__std6"", ""act_vent__sum6"", ""act_vent__count6"", ""act_vent__on_run"", ""act_vent__off_run"", ""act_vent__onoff_switch"", ""act_vent__since_value_change"", ""act_vent__value_change""], ""actual_additional_ET_columns"": [""act_vent__lag1"", ""act_vent__rate1"", ""act_vent__lag2"", ""act_vent__rate2"", ""act_vent__lag3"", ""act_vent__rate3"", ""act_vent__lag4"", ""act_vent__rate4"", ""act_vent__lag6"", ""act_vent__rate6"", ""act_vent__d2"", ""act_vent__mean1"", ""act_vent__std1"", ""act_vent__sum1"", ""act_vent__count1"", ""act_vent__mean2"", ""act_vent__std2"", ""act_vent__sum2"", ""act_vent__count2"", ""act_vent__mean3"", ""act_vent__std3"", ""act_vent__sum3"", ""act_vent__count3"", ""act_vent__mean4"", ""act_vent__std4"", ""act_vent__sum4"", ""act_vent__count4"", ""act_vent__mean6"", ""act_vent__std6"", ""act_vent__sum6"", ""act_vent__count6"", ""act_vent__on_run"", ""act_vent__off_run"", ""act_vent__onoff_switch"", ""act_vent__since_value_change"", ""act_vent__value_change""], ""same_name_baseline_columns_removed"": true, ""window1_aliases_kept_consistently"": true, ""new_actuator_event_reference"": ""most recent observed value-change t-1 environmental value; missing/gap resets; h0 NaN"", ""CO2_onset_offset"": ""binary >0 / <=0 transitions, same observed one-hour CO2 change"", ""performance_scope"": ""BLK exploration only; all24 still require original validators""}",UNTESTED
D18,1,shade_event,사용자 자료,6.38,설정값 대신 커튼 현재 상태와 전환 후 경과시간,REGISTERED_DOMAIN24_CPU_RAW_FIT_PENDING,"{""windows"": [1, 2, 3, 4, 6], ""lags"": [1, 2, 3, 4, 6], ""candidate_unit"": ""전체 창/지연을 한 묶음으로 추가, 창별 우승자 선별 금지"", ""operators"": [""current"", ""lag"", ""rate"", ""second_difference"", ""mean"", ""std"", ""sum"", ""count"", ""event_if_actuator""], ""target_member"": ""ET only, other members fixed, integration audit required"", ""exact_columns"": [""act_shade"", ""act_shade__lag1"", ""act_shade__rate1"", ""act_shade__lag2"", ""act_shade__rate2"", ""act_shade__lag3"", ""act_shade__rate3"", ""act_shade__lag4"", ""act_shade__rate4"", ""act_shade__lag6"", ""act_shade__rate6"", ""act_shade__d2"", ""act_shade__mean1"", ""act_shade__std1"", ""act_shade__sum1"", ""act_shade__count1"", ""act_shade__mean2"", ""act_shade__std2"", ""act_shade__sum2"", ""act_shade__count2"", ""act_shade__mean3"", ""act_shade__std3"", ""act_shade__sum3"", ""act_shade__count3"", ""act_shade__mean4"", ""act_shade__std4"", ""act_shade__sum4"", ""act_shade__count4"", ""act_shade__mean6"", ""act_shade__std6"", ""act_shade__sum6"", ""act_shade__count6"", ""act_shade__on_run"", ""act_shade__off_run"", ""act_shade__onoff_switch"", ""act_shade__since_value_change"", ""act_shade__value_change""], ""actual_additional_ET_columns"": [""act_shade__lag1"", ""act_shade__rate1"", ""act_shade__lag2"", ""act_shade__rate2"", ""act_shade__lag3"", ""act_shade__rate3"", ""act_shade__lag4"", ""act_shade__rate4"", ""act_shade__lag6"", ""act_shade__rate6"", ""act_shade__d2"", ""act_shade__mean1"", ""act_shade__std1"", ""act_shade__sum1"", ""act_shade__count1"", ""act_shade__mean2"", ""act_shade__std2"", ""act_shade__sum2"", ""act_shade__count2"", ""act_shade__mean3"", ""act_shade__std3"", ""act_shade__sum3"", ""act_shade__count3"", ""act_shade__mean4"", ""act_shade__std4"", ""act_shade__sum4"", ""act_shade__count4"", ""act_shade__mean6"", ""act_shade__std6"", ""act_shade__sum6"", ""act_shade__count6"", ""act_shade__on_run"", ""act_shade__off_run"", ""act_shade__onoff_switch"", ""act_shade__since_value_change"", ""act_shade__value_change""], ""same_name_baseline_columns_removed"": true, ""window1_aliases_kept_consistently"": true, ""new_actuator_event_reference"": ""most recent observed value-change t-1 environmental value; missing/gap resets; h0 NaN"", ""CO2_onset_offset"": ""binary >0 / <=0 transitions, same observed one-hour CO2 change"", ""performance_scope"": ""BLK exploration only; all24 still require original validators""}",UNTESTED
D19,1,thermal_event,사용자 자료,6.38,설정값 대신 보온 커튼 현재 상태와 전환 후 경과시간,REGISTERED_DOMAIN24_CPU_RAW_FIT_PENDING,"{""windows"": [1, 2, 3, 4, 6], ""lags"": [1, 2, 3, 4, 6], ""candidate_unit"": ""전체 창/지연을 한 묶음으로 추가, 창별 우승자 선별 금지"", ""operators"": [""current"", ""lag"", ""rate"", ""second_difference"", ""mean"", ""std"", ""sum"", ""count"", ""event_if_actuator""], ""target_member"": ""ET only, other members fixed, integration audit required"", ""exact_columns"": [""act_thermal"", ""act_thermal__lag1"", ""act_thermal__rate1"", ""act_thermal__lag2"", ""act_thermal__rate2"", ""act_thermal__lag3"", ""act_thermal__rate3"", ""act_thermal__lag4"", ""act_thermal__rate4"", ""act_thermal__lag6"", ""act_thermal__rate6"", ""act_thermal__d2"", ""act_thermal__mean1"", ""act_thermal__std1"", ""act_thermal__sum1"", ""act_thermal__count1"", ""act_thermal__mean2"", ""act_thermal__std2"", ""act_thermal__sum2"", ""act_thermal__count2"", ""act_thermal__mean3"", ""act_thermal__std3"", ""act_thermal__sum3"", ""act_thermal__count3"", ""act_thermal__mean4"", ""act_thermal__std4"", ""act_thermal__sum4"", ""act_thermal__count4"", ""act_thermal__mean6"", ""act_thermal__std6"", ""act_thermal__sum6"", ""act_thermal__count6"", ""act_thermal__on_run"", ""act_thermal__off_run"", ""act_thermal__onoff_switch"", ""act_thermal__since_value_change"", ""act_thermal__value_change""], ""actual_additional_ET_columns"": [""act_thermal__lag1"", ""act_thermal__rate1"", ""act_thermal__lag2"", ""act_thermal__rate2"", ""act_thermal__lag3"", ""act_thermal__rate3"", ""act_thermal__lag4"", ""act_thermal__rate4"", ""act_thermal__lag6"", ""act_thermal__rate6"", ""act_thermal__d2"", ""act_thermal__mean1"", ""act_thermal__std1"", ""act_thermal__sum1"", ""act_thermal__count1"", ""act_thermal__mean2"", ""act_thermal__std2"", ""act_thermal__sum2"", ""act_thermal__count2"", ""act_thermal__mean3"", ""act_thermal__std3"", ""act_thermal__sum3"", ""act_thermal__count3"", ""act_thermal__mean4"", ""act_thermal__std4"", ""act_thermal__sum4"", ""act_thermal__count4"", ""act_thermal__mean6"", ""act_thermal__std6"", ""act_thermal__sum6"", ""act_thermal__count6"", ""act_thermal__on_run"", ""act_thermal__off_run"", ""act_thermal__onoff_switch"", ""act_thermal__since_value_change"", ""act_thermal__value_change""], ""same_name_baseline_columns_removed"": true, ""window1_aliases_kept_consistently"": true, ""new_actuator_event_reference"": ""most recent observed value-change t-1 environmental value; missing/gap resets; h0 NaN"", ""CO2_onset_offset"": ""binary >0 / <=0 transitions, same observed one-hour CO2 change"", ""performance_scope"": ""BLK exploration only; all24 still require original validators""}",UNTESTED
D20,1,heating_event,일반 지식,6.38,난방 개시온 대신 매시각 switch/run/event-age,REGISTERED_DOMAIN24_CPU_RAW_FIT_PENDING,"{""windows"": [1, 2, 3, 4, 6], ""lags"": [1, 2, 3, 4, 6], ""candidate_unit"": ""전체 창/지연을 한 묶음으로 추가, 창별 우승자 선별 금지"", ""operators"": [""current"", ""lag"", ""rate"", ""second_difference"", ""mean"", ""std"", ""sum"", ""count"", ""event_if_actuator""], ""target_member"": ""ET only, other members fixed, integration audit required"", ""exact_columns"": [""act_heating"", ""act_heating__lag1"", ""act_heating__rate1"", ""act_heating__lag2"", ""act_heating__rate2"", ""act_heating__lag3"", ""act_heating__rate3"", ""act_heating__lag4"", ""act_heating__rate4"", ""act_heating__lag6"", ""act_heating__rate6"", ""act_heating__d2"", ""act_heating__mean1"", ""act_heating__std1"", ""act_heating__sum1"", ""act_heating__count1"", ""act_heating__mean2"", ""act_heating__std2"", ""act_heating__sum2"", ""act_heating__count2"", ""act_heating__mean3"", ""act_heating__std3"", ""act_heating__sum3"", ""act_heating__count3"", ""act_heating__mean4"", ""act_heating__std4"", ""act_heating__sum4"", ""act_heating__count4"", ""act_heating__mean6"", ""act_heating__std6"", ""act_heating__sum6"", ""act_heating__count6"", ""act_heating__on_run"", ""act_heating__off_run"", ""act_heating__onoff_switch"", ""act_heating__since_value_change"", ""act_heating__value_change""], ""actual_additional_ET_columns"": [""act_heating__lag1"", ""act_heating__rate1"", ""act_heating__lag2"", ""act_heating__rate2"", ""act_heating__lag3"", ""act_heating__rate3"", ""act_heating__lag4"", ""act_heating__rate4"", ""act_heating__lag6"", ""act_heating__rate6"", ""act_heating__d2"", ""act_heating__mean1"", ""act_heating__std1"", ""act_heating__sum1"", ""act_heating__count1"", ""act_heating__mean2"", ""act_heating__std2"", ""act_heating__sum2"", ""act_heating__count2"", ""act_heating__mean3"", ""act_heating__std3"", ""act_heating__sum3"", ""act_heating__count3"", ""act_heating__mean4"", ""act_heating__std4"", ""act_heating__sum4"", ""act_heating__count4"", ""act_heating__mean6"", ""act_heating__std6"", ""act_heating__sum6"", ""act_heating__count6"", ""act_heating__on_run"", ""act_heating__off_run"", ""act_heating__onoff_switch"", ""act_heating__since_value_change"", ""act_heating__value_change""], ""same_name_baseline_columns_removed"": true, ""window1_aliases_kept_consistently"": true, ""new_actuator_event_reference"": ""most recent observed value-change t-1 environmental value; missing/gap resets; h0 NaN"", ""CO2_onset_offset"": ""binary >0 / <=0 transitions, same observed one-hour CO2 change"", ""performance_scope"": ""BLK exploration only; all24 still require original validators""}",UNTESTED
D21,1,fan_event,사용자 자료,6.11;6.131,밀폐 하루 진단 대신 현재 팬 연속상태와 전환,REGISTERED_DOMAIN24_CPU_RAW_FIT_PENDING,"{""windows"": [1, 2, 3, 4, 6], ""lags"": [1, 2, 3, 4, 6], ""candidate_unit"": ""전체 창/지연을 한 묶음으로 추가, 창별 우승자 선별 금지"", ""operators"": [""current"", ""lag"", ""rate"", ""second_difference"", ""mean"", ""std"", ""sum"", ""count"", ""event_if_actuator""], ""target_member"": ""ET only, other members fixed, integration audit required"", ""exact_columns"": [""act_circfan"", ""act_circfan__lag1"", ""act_circfan__rate1"", ""act_circfan__lag2"", ""act_circfan__rate2"", ""act_circfan__lag3"", ""act_circfan__rate3"", ""act_circfan__lag4"", ""act_circfan__rate4"", ""act_circfan__lag6"", ""act_circfan__rate6"", ""act_circfan__d2"", ""act_circfan__mean1"", ""act_circfan__std1"", ""act_circfan__sum1"", ""act_circfan__count1"", ""act_circfan__mean2"", ""act_circfan__std2"", ""act_circfan__sum2"", ""act_circfan__count2"", ""act_circfan__mean3"", ""act_circfan__std3"", ""act_circfan__sum3"", ""act_circfan__count3"", ""act_circfan__mean4"", ""act_circfan__std4"", ""act_circfan__sum4"", ""act_circfan__count4"", ""act_circfan__mean6"", ""act_circfan__std6"", ""act_circfan__sum6"", ""act_circfan__count6"", ""act_circfan__on_run"", ""act_circfan__off_run"", ""act_circfan__onoff_switch"", ""act_circfan__since_value_change"", ""act_circfan__value_change""], ""actual_additional_ET_columns"": [""act_circfan__lag1"", ""act_circfan__rate1"", ""act_circfan__lag2"", ""act_circfan__rate2"", ""act_circfan__lag3"", ""act_circfan__rate3"", ""act_circfan__lag4"", ""act_circfan__rate4"", ""act_circfan__lag6"", ""act_circfan__rate6"", ""act_circfan__d2"", ""act_circfan__mean1"", ""act_circfan__std1"", ""act_circfan__sum1"", ""act_circfan__count1"", ""act_circfan__mean2"", ""act_circfan__std2"", ""act_circfan__sum2"", ""act_circfan__count2"", ""act_circfan__mean3"", ""act_circfan__std3"", ""act_circfan__sum3"", ""act_circfan__count3"", ""act_circfan__mean4"", ""act_circfan__std4"", ""act_circfan__sum4"", ""act_circfan__count4"", ""act_circfan__mean6"", ""act_circfan__std6"", ""act_circfan__sum6"", ""act_circfan__count6"", ""act_circfan__on_run"", ""act_circfan__off_run"", ""act_circfan__onoff_switch"", ""act_circfan__since_value_change"", ""act_circfan__value_change""], ""same_name_baseline_columns_removed"": true, ""window1_aliases_kept_consistently"": true, ""new_actuator_event_reference"": ""most recent observed value-change t-1 environmental value; missing/gap resets; h0 NaN"", ""CO2_onset_offset"": ""binary >0 / <=0 transitions, same observed one-hour CO2 change"", ""performance_scope"": ""BLK exploration only; all24 still require original validators""}",UNTESTED
D22,1,fog_event,사용자 자료,6.16,포그 자체 상태전환·연속시간 및 값전환 직전 관측 대비 온도·습도·VPD 변화,REGISTERED_DOMAIN24_CPU_RAW_FIT_PENDING,"{""windows"": [1, 2, 3, 4, 6], ""lags"": [1, 2, 3, 4, 6], ""candidate_unit"": ""전체 창/지연을 한 묶음으로 추가, 창별 우승자 선별 금지"", ""operators"": [""current"", ""lag"", ""rate"", ""second_difference"", ""mean"", ""std"", ""sum"", ""count"", ""event_if_actuator""], ""target_member"": ""ET only, other members fixed, integration audit required"", ""exact_columns"": [""act_fog"", ""act_fog__lag1"", ""act_fog__rate1"", ""act_fog__lag2"", ""act_fog__rate2"", ""act_fog__lag3"", ""act_fog__rate3"", ""act_fog__lag4"", ""act_fog__rate4"", ""act_fog__lag6"", ""act_fog__rate6"", ""act_fog__d2"", ""act_fog__mean1"", ""act_fog__std1"", ""act_fog__sum1"", ""act_fog__count1"", ""act_fog__mean2"", ""act_fog__std2"", ""act_fog__sum2"", ""act_fog__count2"", ""act_fog__mean3"", ""act_fog__std3"", ""act_fog__sum3"", ""act_fog__count3"", ""act_fog__mean4"", ""act_fog__std4"", ""act_fog__sum4"", ""act_fog__count4"", ""act_fog__mean6"", ""act_fog__std6"", ""act_fog__sum6"", ""act_fog__count6"", ""act_fog__on_run"", ""act_fog__off_run"", ""act_fog__onoff_switch"", ""act_fog__since_value_change"", ""act_fog__value_change"", ""act_fog__temperature_response"", ""act_fog__temperature_response__lag1"", ""act_fog__temperature_response__rate1"", ""act_fog__temperature_response__lag2"", ""act_fog__temperature_response__rate2"", ""act_fog__temperature_response__lag3"", ""act_fog__temperature_response__rate3"", ""act_fog__temperature_response__lag4"", ""act_fog__temperature_response__rate4"", ""act_fog__temperature_response__lag6"", ""act_fog__temperature_response__rate6"", ""act_fog__temperature_response__d2"", ""act_fog__temperature_response__mean1"", ""act_fog__temperature_response__std1"", ""act_fog__temperature_response__sum1"", ""act_fog__temperature_response__count1"", ""act_fog__temperature_response__mean2"", ""act_fog__temperature_response__std2"", ""act_fog__temperature_response__sum2"", ""act_fog__temperature_response__count2"", ""act_fog__temperature_response__mean3"", ""act_fog__temperature_response__std3"", ""act_fog__temperature_response__sum3"", ""act_fog__temperature_response__count3"", ""act_fog__temperature_response__mean4"", ""act_fog__temperature_response__std4"", ""act_fog__temperature_response__sum4"", ""act_fog__temperature_response__count4"", ""act_fog__temperature_response__mean6"", ""act_fog__temperature_response__std6"", ""act_fog__temperature_response__sum6"", ""act_fog__temperature_response__count6"", ""act_fog__humidity_response"", ""act_fog__humidity_response__lag1"", ""act_fog__humidity_response__rate1"", ""act_fog__humidity_response__lag2"", ""act_fog__humidity_response__rate2"", ""act_fog__humidity_response__lag3"", ""act_fog__humidity_response__rate3"", ""act_fog__humidity_response__lag4"", ""act_fog__humidity_response__rate4"", ""act_fog__humidity_response__lag6"", ""act_fog__humidity_response__rate6"", ""act_fog__humidity_response__d2"", ""act_fog__humidity_response__mean1"", ""act_fog__humidity_response__std1"", ""act_fog__humidity_response__sum1"", ""act_fog__humidity_response__count1"", ""act_fog__humidity_response__mean2"", ""act_fog__humidity_response__std2"", ""act_fog__humidity_response__sum2"", ""act_fog__humidity_response__count2"", ""act_fog__humidity_response__mean3"", ""act_fog__humidity_response__std3"", ""act_fog__humidity_response__sum3"", ""act_fog__humidity_response__count3"", ""act_fog__humidity_response__mean4"", ""act_fog__humidity_response__std4"", ""act_fog__humidity_response__sum4"", ""act_fog__humidity_response__count4"", ""act_fog__humidity_response__mean6"", ""act_fog__humidity_response__std6"", ""act_fog__humidity_response__sum6"", ""act_fog__humidity_response__count6"", ""act_fog__vpd_response"", ""act_fog__vpd_response__lag1"", ""act_fog__vpd_response__rate1"", ""act_fog__vpd_response__lag2"", ""act_fog__vpd_response__rate2"", ""act_fog__vpd_response__lag3"", ""act_fog__vpd_response__rate3"", ""act_fog__vpd_response__lag4"", ""act_fog__vpd_response__rate4"", ""act_fog__vpd_response__lag6"", ""act_fog__vpd_response__rate6"", ""act_fog__vpd_response__d2"", ""act_fog__vpd_response__mean1"", ""act_fog__vpd_response__std1"", ""act_fog__vpd_response__sum1"", ""act_fog__vpd_response__count1"", ""act_fog__vpd_response__mean2"", ""act_fog__vpd_response__std2"", ""act_fog__vpd_response__sum2"", ""act_fog__vpd_response__count2"", ""act_fog__vpd_response__mean3"", ""act_fog__vpd_response__std3"", ""act_fog__vpd_response__sum3"", ""act_fog__vpd_response__count3"", ""act_fog__vpd_response__mean4"", ""act_fog__vpd_response__std4"", ""act_fog__vpd_response__sum4"", ""act_fog__vpd_response__count4"", ""act_fog__vpd_response__mean6"", ""act_fog__vpd_response__std6"", ""act_fog__vpd_response__sum6"", ""act_fog__vpd_response__count6""], ""actual_additional_ET_columns"": [""act_fog__lag1"", ""act_fog__rate1"", ""act_fog__lag2"", ""act_fog__rate2"", ""act_fog__lag3"", ""act_fog__rate3"", ""act_fog__lag4"", ""act_fog__rate4"", ""act_fog__lag6"", ""act_fog__rate6"", ""act_fog__d2"", ""act_fog__mean1"", ""act_fog__std1"", ""act_fog__sum1"", ""act_fog__count1"", ""act_fog__mean2"", ""act_fog__std2"", ""act_fog__sum2"", ""act_fog__count2"", ""act_fog__mean3"", ""act_fog__std3"", ""act_fog__sum3"", ""act_fog__count3"", ""act_fog__mean4"", ""act_fog__std4"", ""act_fog__sum4"", ""act_fog__count4"", ""act_fog__mean6"", ""act_fog__std6"", ""act_fog__sum6"", ""act_fog__count6"", ""act_fog__on_run"", ""act_fog__off_run"", ""act_fog__onoff_switch"", ""act_fog__since_value_change"", ""act_fog__value_change"", ""act_fog__temperature_response"", ""act_fog__temperature_response__lag1"", ""act_fog__temperature_response__rate1"", ""act_fog__temperature_response__lag2"", ""act_fog__temperature_response__rate2"", ""act_fog__temperature_response__lag3"", ""act_fog__temperature_response__rate3"", ""act_fog__temperature_response__lag4"", ""act_fog__temperature_response__rate4"", ""act_fog__temperature_response__lag6"", ""act_fog__temperature_response__rate6"", ""act_fog__temperature_response__d2"", ""act_fog__temperature_response__mean1"", ""act_fog__temperature_response__std1"", ""act_fog__temperature_response__sum1"", ""act_fog__temperature_response__count1"", ""act_fog__temperature_response__mean2"", ""act_fog__temperature_response__std2"", ""act_fog__temperature_response__sum2"", ""act_fog__temperature_response__count2"", ""act_fog__temperature_response__mean3"", ""act_fog__temperature_response__std3"", ""act_fog__temperature_response__sum3"", ""act_fog__temperature_response__count3"", ""act_fog__temperature_response__mean4"", ""act_fog__temperature_response__std4"", ""act_fog__temperature_response__sum4"", ""act_fog__temperature_response__count4"", ""act_fog__temperature_response__mean6"", ""act_fog__temperature_response__std6"", ""act_fog__temperature_response__sum6"", ""act_fog__temperature_response__count6"", ""act_fog__humidity_response"", ""act_fog__humidity_response__lag1"", ""act_fog__humidity_response__rate1"", ""act_fog__humidity_response__lag2"", ""act_fog__humidity_response__rate2"", ""act_fog__humidity_response__lag3"", ""act_fog__humidity_response__rate3"", ""act_fog__humidity_response__lag4"", ""act_fog__humidity_response__rate4"", ""act_fog__humidity_response__lag6"", ""act_fog__humidity_response__rate6"", ""act_fog__humidity_response__d2"", ""act_fog__humidity_response__mean1"", ""act_fog__humidity_response__std1"", ""act_fog__humidity_response__sum1"", ""act_fog__humidity_response__count1"", ""act_fog__humidity_response__mean2"", ""act_fog__humidity_response__std2"", ""act_fog__humidity_response__sum2"", ""act_fog__humidity_response__count2"", ""act_fog__humidity_response__mean3"", ""act_fog__humidity_response__std3"", ""act_fog__humidity_response__sum3"", ""act_fog__humidity_response__count3"", ""act_fog__humidity_response__mean4"", ""act_fog__humidity_response__std4"", ""act_fog__humidity_response__sum4"", ""act_fog__humidity_response__count4"", ""act_fog__humidity_response__mean6"", ""act_fog__humidity_response__std6"", ""act_fog__humidity_response__sum6"", ""act_fog__humidity_response__count6"", ""act_fog__vpd_response"", ""act_fog__vpd_response__lag1"", ""act_fog__vpd_response__rate1"", ""act_fog__vpd_response__lag2"", ""act_fog__vpd_response__rate2"", ""act_fog__vpd_response__lag3"", ""act_fog__vpd_response__rate3"", ""act_fog__vpd_response__lag4"", ""act_fog__vpd_response__rate4"", ""act_fog__vpd_response__lag6"", ""act_fog__vpd_response__rate6"", ""act_fog__vpd_response__d2"", ""act_fog__vpd_response__mean1"", ""act_fog__vpd_response__std1"", ""act_fog__vpd_response__sum1"", ""act_fog__vpd_response__count1"", ""act_fog__vpd_response__mean2"", ""act_fog__vpd_response__std2"", ""act_fog__vpd_response__sum2"", ""act_fog__vpd_response__count2"", ""act_fog__vpd_response__mean3"", ""act_fog__vpd_response__std3"", ""act_fog__vpd_response__sum3"", ""act_fog__vpd_response__count3"", ""act_fog__vpd_response__mean4"", ""act_fog__vpd_response__std4"", ""act_fog__vpd_response__sum4"", ""act_fog__vpd_response__count4"", ""act_fog__vpd_response__mean6"", ""act_fog__vpd_response__std6"", ""act_fog__vpd_response__sum6"", ""act_fog__vpd_response__count6""], ""same_name_baseline_columns_removed"": true, ""window1_aliases_kept_consistently"": true, ""new_actuator_event_reference"": ""most recent observed value-change t-1 environmental value; missing/gap resets; h0 NaN"", ""CO2_onset_offset"": ""binary >0 / <=0 transitions, same observed one-hour CO2 change"", ""performance_scope"": ""BLK exploration only; all24 still require original validators""}",UNTESTED
D23,1,co2_event,사용자 자료,6.119,CO2 공급 하루 평균 대신 연속작동/전환 후 반응,REGISTERED_DOMAIN24_CPU_RAW_FIT_PENDING,"{""windows"": [1, 2, 3, 4, 6], ""lags"": [1, 2, 3, 4, 6], ""candidate_unit"": ""전체 창/지연을 한 묶음으로 추가, 창별 우승자 선별 금지"", ""operators"": [""current"", ""lag"", ""rate"", ""second_difference"", ""mean"", ""std"", ""sum"", ""count"", ""event_if_actuator""], ""target_member"": ""ET only, other members fixed, integration audit required"", ""exact_columns"": [""act_co2"", ""act_co2__lag1"", ""act_co2__rate1"", ""act_co2__lag2"", ""act_co2__rate2"", ""act_co2__lag3"", ""act_co2__rate3"", ""act_co2__lag4"", ""act_co2__rate4"", ""act_co2__lag6"", ""act_co2__rate6"", ""act_co2__d2"", ""act_co2__mean1"", ""act_co2__std1"", ""act_co2__sum1"", ""act_co2__count1"", ""act_co2__mean2"", ""act_co2__std2"", ""act_co2__sum2"", ""act_co2__count2"", ""act_co2__mean3"", ""act_co2__std3"", ""act_co2__sum3"", ""act_co2__count3"", ""act_co2__mean4"", ""act_co2__std4"", ""act_co2__sum4"", ""act_co2__count4"", ""act_co2__mean6"", ""act_co2__std6"", ""act_co2__sum6"", ""act_co2__count6"", ""act_co2__on_run"", ""act_co2__off_run"", ""act_co2__onoff_switch"", ""act_co2__since_value_change"", ""act_co2__value_change""], ""actual_additional_ET_columns"": [""act_co2__lag1"", ""act_co2__rate1"", ""act_co2__lag2"", ""act_co2__rate2"", ""act_co2__lag3"", ""act_co2__rate3"", ""act_co2__lag4"", ""act_co2__rate4"", ""act_co2__lag6"", ""act_co2__rate6"", ""act_co2__d2"", ""act_co2__mean1"", ""act_co2__std1"", ""act_co2__sum1"", ""act_co2__count1"", ""act_co2__mean2"", ""act_co2__std2"", ""act_co2__sum2"", ""act_co2__count2"", ""act_co2__mean3"", ""act_co2__std3"", ""act_co2__sum3"", ""act_co2__count3"", ""act_co2__mean4"", ""act_co2__std4"", ""act_co2__sum4"", ""act_co2__count4"", ""act_co2__mean6"", ""act_co2__std6"", ""act_co2__sum6"", ""act_co2__count6"", ""act_co2__on_run"", ""act_co2__off_run"", ""act_co2__onoff_switch"", ""act_co2__since_value_change"", ""act_co2__value_change""], ""same_name_baseline_columns_removed"": true, ""window1_aliases_kept_consistently"": true, ""new_actuator_event_reference"": ""most recent observed value-change t-1 environmental value; missing/gap resets; h0 NaN"", ""CO2_onset_offset"": ""binary >0 / <=0 transitions, same observed one-hour CO2 change"", ""performance_scope"": ""BLK exploration only; all24 still require original validators""}",UNTESTED
D24,1,sealed_run,일반 지식,6.11;6.113,다일 사슬 제거·동일날 연속 무환기/팬정지 길이,REGISTERED_DOMAIN24_CPU_RAW_FIT_PENDING,"{""windows"": [1, 2, 3, 4, 6], ""lags"": [1, 2, 3, 4, 6], ""candidate_unit"": ""전체 창/지연을 한 묶음으로 추가, 창별 우승자 선별 금지"", ""operators"": [""current"", ""lag"", ""rate"", ""second_difference"", ""mean"", ""std"", ""sum"", ""count"", ""event_if_actuator""], ""target_member"": ""ET only, other members fixed, integration audit required"", ""exact_columns"": [""sealed_run"", ""sealed_run__lag1"", ""sealed_run__rate1"", ""sealed_run__lag2"", ""sealed_run__rate2"", ""sealed_run__lag3"", ""sealed_run__rate3"", ""sealed_run__lag4"", ""sealed_run__rate4"", ""sealed_run__lag6"", ""sealed_run__rate6"", ""sealed_run__d2"", ""sealed_run__mean1"", ""sealed_run__std1"", ""sealed_run__sum1"", ""sealed_run__count1"", ""sealed_run__mean2"", ""sealed_run__std2"", ""sealed_run__sum2"", ""sealed_run__count2"", ""sealed_run__mean3"", ""sealed_run__std3"", ""sealed_run__sum3"", ""sealed_run__count3"", ""sealed_run__mean4"", ""sealed_run__std4"", ""sealed_run__sum4"", ""sealed_run__count4"", ""sealed_run__mean6"", ""sealed_run__std6"", ""sealed_run__sum6"", ""sealed_run__count6""], ""actual_additional_ET_columns"": [""sealed_run"", ""sealed_run__lag1"", ""sealed_run__rate1"", ""sealed_run__lag2"", ""sealed_run__rate2"", ""sealed_run__lag3"", ""sealed_run__rate3"", ""sealed_run__lag4"", ""sealed_run__rate4"", ""sealed_run__lag6"", ""sealed_run__rate6"", ""sealed_run__d2"", ""sealed_run__mean1"", ""sealed_run__std1"", ""sealed_run__sum1"", ""sealed_run__count1"", ""sealed_run__mean2"", ""sealed_run__std2"", ""sealed_run__sum2"", ""sealed_run__count2"", ""sealed_run__mean3"", ""sealed_run__std3"", ""sealed_run__sum3"", ""sealed_run__count3"", ""sealed_run__mean4"", ""sealed_run__std4"", ""sealed_run__sum4"", ""sealed_run__count4"", ""sealed_run__mean6"", ""sealed_run__std6"", ""sealed_run__sum6"", ""sealed_run__count6""], ""same_name_baseline_columns_removed"": true, ""window1_aliases_kept_consistently"": true, ""new_actuator_event_reference"": ""most recent observed value-change t-1 environmental value; missing/gap resets; h0 NaN"", ""CO2_onset_offset"": ""binary >0 / <=0 transitions, same observed one-hour CO2 change"", ""performance_scope"": ""BLK exploration only; all24 still require original validators""}",UNTESTED
L01,2,vpd_rad,논문/인터넷: 출처별 읽기 범위 확인 후 활성화,6.38;6.117;6.130,새 기준선·시각별 지연/변화·각 window를 독립 대조; 1단계와 중복이면 재실행 금지,WAIT_STAGE1_AND_SOURCE_REVIEW,"{""window"": 1}",UNTESTED
L02,2,vpd_rad,논문/인터넷: 출처별 읽기 범위 확인 후 활성화,6.38;6.117;6.130,새 기준선·시각별 지연/변화·각 window를 독립 대조; 1단계와 중복이면 재실행 금지,WAIT_STAGE1_AND_SOURCE_REVIEW,"{""window"": 2}",UNTESTED
L03,2,vpd_rad,논문/인터넷: 출처별 읽기 범위 확인 후 활성화,6.38;6.117;6.130,새 기준선·시각별 지연/변화·각 window를 독립 대조; 1단계와 중복이면 재실행 금지,WAIT_STAGE1_AND_SOURCE_REVIEW,"{""window"": 3}",UNTESTED
L04,2,vpd_rad,논문/인터넷: 출처별 읽기 범위 확인 후 활성화,6.38;6.117;6.130,새 기준선·시각별 지연/변화·각 window를 독립 대조; 1단계와 중복이면 재실행 금지,WAIT_STAGE1_AND_SOURCE_REVIEW,"{""window"": 4}",UNTESTED
L05,2,vpd_rad,논문/인터넷: 출처별 읽기 범위 확인 후 활성화,6.38;6.117;6.130,새 기준선·시각별 지연/변화·각 window를 독립 대조; 1단계와 중복이면 재실행 금지,WAIT_STAGE1_AND_SOURCE_REVIEW,"{""window"": 6}",UNTESTED
L06,2,vpd_rad,논문/인터넷: 출처별 읽기 범위 확인 후 활성화,6.38;6.117;6.130,새 기준선·시각별 지연/변화·각 window를 독립 대조; 1단계와 중복이면 재실행 금지,WAIT_STAGE1_AND_SOURCE_REVIEW,"{""window"": 12}",UNTESTED
L07,2,moisture_flux,논문/인터넷: 출처별 읽기 범위 확인 후 활성화,6.38;6.117;6.130,새 기준선·시각별 지연/변화·각 window를 독립 대조; 1단계와 중복이면 재실행 금지,WAIT_STAGE1_AND_SOURCE_REVIEW,"{""window"": 1}",UNTESTED
L08,2,moisture_flux,논문/인터넷: 출처별 읽기 범위 확인 후 활성화,6.38;6.117;6.130,새 기준선·시각별 지연/변화·각 window를 독립 대조; 1단계와 중복이면 재실행 금지,WAIT_STAGE1_AND_SOURCE_REVIEW,"{""window"": 2}",UNTESTED
L09,2,moisture_flux,논문/인터넷: 출처별 읽기 범위 확인 후 활성화,6.38;6.117;6.130,새 기준선·시각별 지연/변화·각 window를 독립 대조; 1단계와 중복이면 재실행 금지,WAIT_STAGE1_AND_SOURCE_REVIEW,"{""window"": 3}",UNTESTED
L10,2,moisture_flux,논문/인터넷: 출처별 읽기 범위 확인 후 활성화,6.38;6.117;6.130,새 기준선·시각별 지연/변화·각 window를 독립 대조; 1단계와 중복이면 재실행 금지,WAIT_STAGE1_AND_SOURCE_REVIEW,"{""window"": 4}",UNTESTED
L11,2,moisture_flux,논문/인터넷: 출처별 읽기 범위 확인 후 활성화,6.38;6.117;6.130,새 기준선·시각별 지연/변화·각 window를 독립 대조; 1단계와 중복이면 재실행 금지,WAIT_STAGE1_AND_SOURCE_REVIEW,"{""window"": 6}",UNTESTED
L12,2,moisture_flux,논문/인터넷: 출처별 읽기 범위 확인 후 활성화,6.38;6.117;6.130,새 기준선·시각별 지연/변화·각 window를 독립 대조; 1단계와 중복이면 재실행 금지,WAIT_STAGE1_AND_SOURCE_REVIEW,"{""window"": 12}",UNTESTED
L13,2,rad_shade,논문/인터넷: 출처별 읽기 범위 확인 후 활성화,6.38;6.117;6.130,새 기준선·시각별 지연/변화·각 window를 독립 대조; 1단계와 중복이면 재실행 금지,WAIT_STAGE1_AND_SOURCE_REVIEW,"{""window"": 1}",UNTESTED
L14,2,rad_shade,논문/인터넷: 출처별 읽기 범위 확인 후 활성화,6.38;6.117;6.130,새 기준선·시각별 지연/변화·각 window를 독립 대조; 1단계와 중복이면 재실행 금지,WAIT_STAGE1_AND_SOURCE_REVIEW,"{""window"": 2}",UNTESTED
L15,2,rad_shade,논문/인터넷: 출처별 읽기 범위 확인 후 활성화,6.38;6.117;6.130,새 기준선·시각별 지연/변화·각 window를 독립 대조; 1단계와 중복이면 재실행 금지,WAIT_STAGE1_AND_SOURCE_REVIEW,"{""window"": 3}",UNTESTED
L16,2,rad_shade,논문/인터넷: 출처별 읽기 범위 확인 후 활성화,6.38;6.117;6.130,새 기준선·시각별 지연/변화·각 window를 독립 대조; 1단계와 중복이면 재실행 금지,WAIT_STAGE1_AND_SOURCE_REVIEW,"{""window"": 4}",UNTESTED
L17,2,rad_shade,논문/인터넷: 출처별 읽기 범위 확인 후 활성화,6.38;6.117;6.130,새 기준선·시각별 지연/변화·각 window를 독립 대조; 1단계와 중복이면 재실행 금지,WAIT_STAGE1_AND_SOURCE_REVIEW,"{""window"": 6}",UNTESTED
L18,2,rad_shade,논문/인터넷: 출처별 읽기 범위 확인 후 활성화,6.38;6.117;6.130,새 기준선·시각별 지연/변화·각 window를 독립 대조; 1단계와 중복이면 재실행 금지,WAIT_STAGE1_AND_SOURCE_REVIEW,"{""window"": 12}",UNTESTED
L19,2,temperature_flow,논문/인터넷: 출처별 읽기 범위 확인 후 활성화,6.38;6.117;6.130,새 기준선·시각별 지연/변화·각 window를 독립 대조; 1단계와 중복이면 재실행 금지,WAIT_STAGE1_AND_SOURCE_REVIEW,"{""window"": 1}",UNTESTED
L20,2,temperature_flow,논문/인터넷: 출처별 읽기 범위 확인 후 활성화,6.38;6.117;6.130,새 기준선·시각별 지연/변화·각 window를 독립 대조; 1단계와 중복이면 재실행 금지,WAIT_STAGE1_AND_SOURCE_REVIEW,"{""window"": 2}",UNTESTED
L21,2,temperature_flow,논문/인터넷: 출처별 읽기 범위 확인 후 활성화,6.38;6.117;6.130,새 기준선·시각별 지연/변화·각 window를 독립 대조; 1단계와 중복이면 재실행 금지,WAIT_STAGE1_AND_SOURCE_REVIEW,"{""window"": 3}",UNTESTED
L22,2,temperature_flow,논문/인터넷: 출처별 읽기 범위 확인 후 활성화,6.38;6.117;6.130,새 기준선·시각별 지연/변화·각 window를 독립 대조; 1단계와 중복이면 재실행 금지,WAIT_STAGE1_AND_SOURCE_REVIEW,"{""window"": 4}",UNTESTED
L23,2,temperature_flow,논문/인터넷: 출처별 읽기 범위 확인 후 활성화,6.38;6.117;6.130,새 기준선·시각별 지연/변화·각 window를 독립 대조; 1단계와 중복이면 재실행 금지,WAIT_STAGE1_AND_SOURCE_REVIEW,"{""window"": 6}",UNTESTED
L24,2,temperature_flow,논문/인터넷: 출처별 읽기 범위 확인 후 활성화,6.38;6.117;6.130,새 기준선·시각별 지연/변화·각 window를 독립 대조; 1단계와 중복이면 재실행 금지,WAIT_STAGE1_AND_SOURCE_REVIEW,"{""window"": 12}",UNTESTED
R01,3,raw_single,대회 원본,6.114;6.362;6.367,선형/원입력 기준 및 지정 기준선에서 단일 열 효과를 별도로 확인,WAIT_STAGE2,"{""columns"": [""out_temp""]}",UNTESTED
R02,3,raw_single,대회 원본,6.114;6.362;6.367,선형/원입력 기준 및 지정 기준선에서 단일 열 효과를 별도로 확인,WAIT_STAGE2,"{""columns"": [""out_hum""]}",UNTESTED
R03,3,raw_single,대회 원본,6.114;6.362;6.367,선형/원입력 기준 및 지정 기준선에서 단일 열 효과를 별도로 확인,WAIT_STAGE2,"{""columns"": [""out_rad""]}",UNTESTED
R04,3,raw_single,대회 원본,6.114;6.362;6.367,선형/원입력 기준 및 지정 기준선에서 단일 열 효과를 별도로 확인,WAIT_STAGE2,"{""columns"": [""out_wspd""]}",UNTESTED
R05,3,raw_single,대회 원본,6.114;6.362;6.367,선형/원입력 기준 및 지정 기준선에서 단일 열 효과를 별도로 확인,WAIT_STAGE2,"{""columns"": [""in_temp""]}",UNTESTED
R06,3,raw_single,대회 원본,6.114;6.362;6.367,선형/원입력 기준 및 지정 기준선에서 단일 열 효과를 별도로 확인,WAIT_STAGE2,"{""columns"": [""in_hum""]}",UNTESTED
R07,3,raw_single,대회 원본,6.114;6.362;6.367,선형/원입력 기준 및 지정 기준선에서 단일 열 효과를 별도로 확인,WAIT_STAGE2,"{""columns"": [""in_co2""]}",UNTESTED
R08,3,raw_single,대회 원본,6.114;6.362;6.367,선형/원입력 기준 및 지정 기준선에서 단일 열 효과를 별도로 확인,WAIT_STAGE2,"{""columns"": [""act_vent""]}",UNTESTED
R09,3,raw_single,대회 원본,6.114;6.362;6.367,선형/원입력 기준 및 지정 기준선에서 단일 열 효과를 별도로 확인,WAIT_STAGE2,"{""columns"": [""act_shade""]}",UNTESTED
R10,3,raw_single,대회 원본,6.114;6.362;6.367,선형/원입력 기준 및 지정 기준선에서 단일 열 효과를 별도로 확인,WAIT_STAGE2,"{""columns"": [""act_thermal""]}",UNTESTED
R11,3,raw_single,대회 원본,6.114;6.362;6.367,선형/원입력 기준 및 지정 기준선에서 단일 열 효과를 별도로 확인,WAIT_STAGE2,"{""columns"": [""act_heating""]}",UNTESTED
R12,3,raw_single,대회 원본,6.114;6.362;6.367,선형/원입력 기준 및 지정 기준선에서 단일 열 효과를 별도로 확인,WAIT_STAGE2,"{""columns"": [""act_circfan""]}",UNTESTED
R13,3,raw_single,대회 원본,6.114;6.362;6.367,선형/원입력 기준 및 지정 기준선에서 단일 열 효과를 별도로 확인,WAIT_STAGE2,"{""columns"": [""act_co2""]}",UNTESTED
R14,3,raw_single,대회 원본,6.114;6.362;6.367,선형/원입력 기준 및 지정 기준선에서 단일 열 효과를 별도로 확인,WAIT_STAGE2,"{""columns"": [""act_fog""]}",UNTESTED
P001,3,raw_pair,대회 원본,6.114;6.362;6.367,미사용 원열 쌍을 조합으로 검증,WAIT_STAGE2,"{""columns"": [""out_temp"", ""out_hum""]}",UNTESTED
P002,3,raw_pair,대회 원본,6.114;6.362;6.367,미사용 원열 쌍을 조합으로 검증,WAIT_STAGE2,"{""columns"": [""out_temp"", ""out_rad""]}",UNTESTED
P003,3,raw_pair,대회 원본,6.114;6.362;6.367,미사용 원열 쌍을 조합으로 검증,WAIT_STAGE2,"{""columns"": [""out_temp"", ""out_wspd""]}",UNTESTED
P004,3,raw_pair,대회 원본,6.114;6.362;6.367,미사용 원열 쌍을 조합으로 검증,WAIT_STAGE2,"{""columns"": [""out_temp"", ""in_temp""]}",UNTESTED
P005,3,raw_pair,대회 원본,6.114;6.362;6.367,미사용 원열 쌍을 조합으로 검증,WAIT_STAGE2,"{""columns"": [""out_temp"", ""in_hum""]}",UNTESTED
P006,3,raw_pair,대회 원본,6.114;6.362;6.367,미사용 원열 쌍을 조합으로 검증,WAIT_STAGE2,"{""columns"": [""out_temp"", ""in_co2""]}",UNTESTED
P007,3,raw_pair,대회 원본,6.114;6.362;6.367,미사용 원열 쌍을 조합으로 검증,WAIT_STAGE2,"{""columns"": [""out_temp"", ""act_vent""]}",UNTESTED
P008,3,raw_pair,대회 원본,6.114;6.362;6.367,미사용 원열 쌍을 조합으로 검증,WAIT_STAGE2,"{""columns"": [""out_temp"", ""act_shade""]}",UNTESTED
P009,3,raw_pair,대회 원본,6.114;6.362;6.367,미사용 원열 쌍을 조합으로 검증,WAIT_STAGE2,"{""columns"": [""out_temp"", ""act_thermal""]}",UNTESTED
P010,3,raw_pair,대회 원본,6.114;6.362;6.367,미사용 원열 쌍을 조합으로 검증,WAIT_STAGE2,"{""columns"": [""out_temp"", ""act_heating""]}",UNTESTED
P011,3,raw_pair,대회 원본,6.114;6.362;6.367,미사용 원열 쌍을 조합으로 검증,WAIT_STAGE2,"{""columns"": [""out_temp"", ""act_circfan""]}",UNTESTED
P012,3,raw_pair,대회 원본,6.114;6.362;6.367,미사용 원열 쌍을 조합으로 검증,WAIT_STAGE2,"{""columns"": [""out_temp"", ""act_co2""]}",UNTESTED
P013,3,raw_pair,대회 원본,6.114;6.362;6.367,미사용 원열 쌍을 조합으로 검증,WAIT_STAGE2,"{""columns"": [""out_temp"", ""act_fog""]}",UNTESTED
P014,3,raw_pair,대회 원본,6.114;6.362;6.367,미사용 원열 쌍을 조합으로 검증,WAIT_STAGE2,"{""columns"": [""out_hum"", ""out_rad""]}",UNTESTED
P015,3,raw_pair,대회 원본,6.114;6.362;6.367,미사용 원열 쌍을 조합으로 검증,WAIT_STAGE2,"{""columns"": [""out_hum"", ""out_wspd""]}",UNTESTED
P016,3,raw_pair,대회 원본,6.114;6.362;6.367,미사용 원열 쌍을 조합으로 검증,WAIT_STAGE2,"{""columns"": [""out_hum"", ""in_temp""]}",UNTESTED
P017,3,raw_pair,대회 원본,6.114;6.362;6.367,미사용 원열 쌍을 조합으로 검증,WAIT_STAGE2,"{""columns"": [""out_hum"", ""in_hum""]}",UNTESTED
P018,3,raw_pair,대회 원본,6.114;6.362;6.367,미사용 원열 쌍을 조합으로 검증,WAIT_STAGE2,"{""columns"": [""out_hum"", ""in_co2""]}",UNTESTED
P019,3,raw_pair,대회 원본,6.114;6.362;6.367,미사용 원열 쌍을 조합으로 검증,WAIT_STAGE2,"{""columns"": [""out_hum"", ""act_vent""]}",UNTESTED
P020,3,raw_pair,대회 원본,6.114;6.362;6.367,미사용 원열 쌍을 조합으로 검증,WAIT_STAGE2,"{""columns"": [""out_hum"", ""act_shade""]}",UNTESTED
P021,3,raw_pair,대회 원본,6.114;6.362;6.367,미사용 원열 쌍을 조합으로 검증,WAIT_STAGE2,"{""columns"": [""out_hum"", ""act_thermal""]}",UNTESTED
P022,3,raw_pair,대회 원본,6.114;6.362;6.367,미사용 원열 쌍을 조합으로 검증,WAIT_STAGE2,"{""columns"": [""out_hum"", ""act_heating""]}",UNTESTED
P023,3,raw_pair,대회 원본,6.114;6.362;6.367,미사용 원열 쌍을 조합으로 검증,WAIT_STAGE2,"{""columns"": [""out_hum"", ""act_circfan""]}",UNTESTED
P024,3,raw_pair,대회 원본,6.114;6.362;6.367,미사용 원열 쌍을 조합으로 검증,WAIT_STAGE2,"{""columns"": [""out_hum"", ""act_co2""]}",UNTESTED
P025,3,raw_pair,대회 원본,6.114;6.362;6.367,미사용 원열 쌍을 조합으로 검증,WAIT_STAGE2,"{""columns"": [""out_hum"", ""act_fog""]}",UNTESTED
P026,3,raw_pair,대회 원본,6.114;6.362;6.367,미사용 원열 쌍을 조합으로 검증,WAIT_STAGE2,"{""columns"": [""out_rad"", ""out_wspd""]}",UNTESTED
P027,3,raw_pair,대회 원본,6.114;6.362;6.367,미사용 원열 쌍을 조합으로 검증,WAIT_STAGE2,"{""columns"": [""out_rad"", ""in_temp""]}",UNTESTED
P028,3,raw_pair,대회 원본,6.114;6.362;6.367,미사용 원열 쌍을 조합으로 검증,WAIT_STAGE2,"{""columns"": [""out_rad"", ""in_hum""]}",UNTESTED
P029,3,raw_pair,대회 원본,6.114;6.362;6.367,미사용 원열 쌍을 조합으로 검증,WAIT_STAGE2,"{""columns"": [""out_rad"", ""in_co2""]}",UNTESTED
P030,3,raw_pair,대회 원본,6.114;6.362;6.367,미사용 원열 쌍을 조합으로 검증,WAIT_STAGE2,"{""columns"": [""out_rad"", ""act_vent""]}",UNTESTED
P031,3,raw_pair,대회 원본,6.114;6.362;6.367,미사용 원열 쌍을 조합으로 검증,WAIT_STAGE2,"{""columns"": [""out_rad"", ""act_shade""]}",UNTESTED
P032,3,raw_pair,대회 원본,6.114;6.362;6.367,미사용 원열 쌍을 조합으로 검증,WAIT_STAGE2,"{""columns"": [""out_rad"", ""act_thermal""]}",UNTESTED
P033,3,raw_pair,대회 원본,6.114;6.362;6.367,미사용 원열 쌍을 조합으로 검증,WAIT_STAGE2,"{""columns"": [""out_rad"", ""act_heating""]}",UNTESTED
P034,3,raw_pair,대회 원본,6.114;6.362;6.367,미사용 원열 쌍을 조합으로 검증,WAIT_STAGE2,"{""columns"": [""out_rad"", ""act_circfan""]}",UNTESTED
P035,3,raw_pair,대회 원본,6.114;6.362;6.367,미사용 원열 쌍을 조합으로 검증,WAIT_STAGE2,"{""columns"": [""out_rad"", ""act_co2""]}",UNTESTED
P036,3,raw_pair,대회 원본,6.114;6.362;6.367,미사용 원열 쌍을 조합으로 검증,WAIT_STAGE2,"{""columns"": [""out_rad"", ""act_fog""]}",UNTESTED
P037,3,raw_pair,대회 원본,6.114;6.362;6.367,미사용 원열 쌍을 조합으로 검증,WAIT_STAGE2,"{""columns"": [""out_wspd"", ""in_temp""]}",UNTESTED
P038,3,raw_pair,대회 원본,6.114;6.362;6.367,미사용 원열 쌍을 조합으로 검증,WAIT_STAGE2,"{""columns"": [""out_wspd"", ""in_hum""]}",UNTESTED
P039,3,raw_pair,대회 원본,6.114;6.362;6.367,미사용 원열 쌍을 조합으로 검증,WAIT_STAGE2,"{""columns"": [""out_wspd"", ""in_co2""]}",UNTESTED
P040,3,raw_pair,대회 원본,6.114;6.362;6.367,미사용 원열 쌍을 조합으로 검증,WAIT_STAGE2,"{""columns"": [""out_wspd"", ""act_vent""]}",UNTESTED
P041,3,raw_pair,대회 원본,6.114;6.362;6.367,미사용 원열 쌍을 조합으로 검증,WAIT_STAGE2,"{""columns"": [""out_wspd"", ""act_shade""]}",UNTESTED
P042,3,raw_pair,대회 원본,6.114;6.362;6.367,미사용 원열 쌍을 조합으로 검증,WAIT_STAGE2,"{""columns"": [""out_wspd"", ""act_thermal""]}",UNTESTED
P043,3,raw_pair,대회 원본,6.114;6.362;6.367,미사용 원열 쌍을 조합으로 검증,WAIT_STAGE2,"{""columns"": [""out_wspd"", ""act_heating""]}",UNTESTED
P044,3,raw_pair,대회 원본,6.114;6.362;6.367,미사용 원열 쌍을 조합으로 검증,WAIT_STAGE2,"{""columns"": [""out_wspd"", ""act_circfan""]}",UNTESTED
P045,3,raw_pair,대회 원본,6.114;6.362;6.367,미사용 원열 쌍을 조합으로 검증,WAIT_STAGE2,"{""columns"": [""out_wspd"", ""act_co2""]}",UNTESTED
P046,3,raw_pair,대회 원본,6.114;6.362;6.367,미사용 원열 쌍을 조합으로 검증,WAIT_STAGE2,"{""columns"": [""out_wspd"", ""act_fog""]}",UNTESTED
P047,3,raw_pair,대회 원본,6.114;6.362;6.367,미사용 원열 쌍을 조합으로 검증,WAIT_STAGE2,"{""columns"": [""in_temp"", ""in_hum""]}",UNTESTED
P048,3,raw_pair,대회 원본,6.114;6.362;6.367,미사용 원열 쌍을 조합으로 검증,WAIT_STAGE2,"{""columns"": [""in_temp"", ""in_co2""]}",UNTESTED
P049,3,raw_pair,대회 원본,6.114;6.362;6.367,미사용 원열 쌍을 조합으로 검증,WAIT_STAGE2,"{""columns"": [""in_temp"", ""act_vent""]}",UNTESTED
P050,3,raw_pair,대회 원본,6.114;6.362;6.367,미사용 원열 쌍을 조합으로 검증,WAIT_STAGE2,"{""columns"": [""in_temp"", ""act_shade""]}",UNTESTED
P051,3,raw_pair,대회 원본,6.114;6.362;6.367,미사용 원열 쌍을 조합으로 검증,WAIT_STAGE2,"{""columns"": [""in_temp"", ""act_thermal""]}",UNTESTED
P052,3,raw_pair,대회 원본,6.114;6.362;6.367,미사용 원열 쌍을 조합으로 검증,WAIT_STAGE2,"{""columns"": [""in_temp"", ""act_heating""]}",UNTESTED
P053,3,raw_pair,대회 원본,6.114;6.362;6.367,미사용 원열 쌍을 조합으로 검증,WAIT_STAGE2,"{""columns"": [""in_temp"", ""act_circfan""]}",UNTESTED
P054,3,raw_pair,대회 원본,6.114;6.362;6.367,미사용 원열 쌍을 조합으로 검증,WAIT_STAGE2,"{""columns"": [""in_temp"", ""act_co2""]}",UNTESTED
P055,3,raw_pair,대회 원본,6.114;6.362;6.367,미사용 원열 쌍을 조합으로 검증,WAIT_STAGE2,"{""columns"": [""in_temp"", ""act_fog""]}",UNTESTED
P056,3,raw_pair,대회 원본,6.114;6.362;6.367,미사용 원열 쌍을 조합으로 검증,WAIT_STAGE2,"{""columns"": [""in_hum"", ""in_co2""]}",UNTESTED
P057,3,raw_pair,대회 원본,6.114;6.362;6.367,미사용 원열 쌍을 조합으로 검증,WAIT_STAGE2,"{""columns"": [""in_hum"", ""act_vent""]}",UNTESTED
P058,3,raw_pair,대회 원본,6.114;6.362;6.367,미사용 원열 쌍을 조합으로 검증,WAIT_STAGE2,"{""columns"": [""in_hum"", ""act_shade""]}",UNTESTED
P059,3,raw_pair,대회 원본,6.114;6.362;6.367,미사용 원열 쌍을 조합으로 검증,WAIT_STAGE2,"{""columns"": [""in_hum"", ""act_thermal""]}",UNTESTED
P060,3,raw_pair,대회 원본,6.114;6.362;6.367,미사용 원열 쌍을 조합으로 검증,WAIT_STAGE2,"{""columns"": [""in_hum"", ""act_heating""]}",UNTESTED
P061,3,raw_pair,대회 원본,6.114;6.362;6.367,미사용 원열 쌍을 조합으로 검증,WAIT_STAGE2,"{""columns"": [""in_hum"", ""act_circfan""]}",UNTESTED
P062,3,raw_pair,대회 원본,6.114;6.362;6.367,미사용 원열 쌍을 조합으로 검증,WAIT_STAGE2,"{""columns"": [""in_hum"", ""act_co2""]}",UNTESTED
P063,3,raw_pair,대회 원본,6.114;6.362;6.367,미사용 원열 쌍을 조합으로 검증,WAIT_STAGE2,"{""columns"": [""in_hum"", ""act_fog""]}",UNTESTED
P064,3,raw_pair,대회 원본,6.114;6.362;6.367,미사용 원열 쌍을 조합으로 검증,WAIT_STAGE2,"{""columns"": [""in_co2"", ""act_vent""]}",UNTESTED
P065,3,raw_pair,대회 원본,6.114;6.362;6.367,미사용 원열 쌍을 조합으로 검증,WAIT_STAGE2,"{""columns"": [""in_co2"", ""act_shade""]}",UNTESTED
P066,3,raw_pair,대회 원본,6.114;6.362;6.367,미사용 원열 쌍을 조합으로 검증,WAIT_STAGE2,"{""columns"": [""in_co2"", ""act_thermal""]}",UNTESTED
P067,3,raw_pair,대회 원본,6.114;6.362;6.367,미사용 원열 쌍을 조합으로 검증,WAIT_STAGE2,"{""columns"": [""in_co2"", ""act_heating""]}",UNTESTED
P068,3,raw_pair,대회 원본,6.114;6.362;6.367,미사용 원열 쌍을 조합으로 검증,WAIT_STAGE2,"{""columns"": [""in_co2"", ""act_circfan""]}",UNTESTED
P069,3,raw_pair,대회 원본,6.114;6.362;6.367,미사용 원열 쌍을 조합으로 검증,WAIT_STAGE2,"{""columns"": [""in_co2"", ""act_co2""]}",UNTESTED
P070,3,raw_pair,대회 원본,6.114;6.362;6.367,미사용 원열 쌍을 조합으로 검증,WAIT_STAGE2,"{""columns"": [""in_co2"", ""act_fog""]}",UNTESTED
P071,3,raw_pair,대회 원본,6.114;6.362;6.367,미사용 원열 쌍을 조합으로 검증,WAIT_STAGE2,"{""columns"": [""act_vent"", ""act_shade""]}",UNTESTED
P072,3,raw_pair,대회 원본,6.114;6.362;6.367,미사용 원열 쌍을 조합으로 검증,WAIT_STAGE2,"{""columns"": [""act_vent"", ""act_thermal""]}",UNTESTED
P073,3,raw_pair,대회 원본,6.114;6.362;6.367,미사용 원열 쌍을 조합으로 검증,WAIT_STAGE2,"{""columns"": [""act_vent"", ""act_heating""]}",UNTESTED
P074,3,raw_pair,대회 원본,6.114;6.362;6.367,미사용 원열 쌍을 조합으로 검증,WAIT_STAGE2,"{""columns"": [""act_vent"", ""act_circfan""]}",UNTESTED
P075,3,raw_pair,대회 원본,6.114;6.362;6.367,미사용 원열 쌍을 조합으로 검증,WAIT_STAGE2,"{""columns"": [""act_vent"", ""act_co2""]}",UNTESTED
P076,3,raw_pair,대회 원본,6.114;6.362;6.367,미사용 원열 쌍을 조합으로 검증,WAIT_STAGE2,"{""columns"": [""act_vent"", ""act_fog""]}",UNTESTED
P077,3,raw_pair,대회 원본,6.114;6.362;6.367,미사용 원열 쌍을 조합으로 검증,WAIT_STAGE2,"{""columns"": [""act_shade"", ""act_thermal""]}",UNTESTED
P078,3,raw_pair,대회 원본,6.114;6.362;6.367,미사용 원열 쌍을 조합으로 검증,WAIT_STAGE2,"{""columns"": [""act_shade"", ""act_heating""]}",UNTESTED
P079,3,raw_pair,대회 원본,6.114;6.362;6.367,미사용 원열 쌍을 조합으로 검증,WAIT_STAGE2,"{""columns"": [""act_shade"", ""act_circfan""]}",UNTESTED
P080,3,raw_pair,대회 원본,6.114;6.362;6.367,미사용 원열 쌍을 조합으로 검증,WAIT_STAGE2,"{""columns"": [""act_shade"", ""act_co2""]}",UNTESTED
P081,3,raw_pair,대회 원본,6.114;6.362;6.367,미사용 원열 쌍을 조합으로 검증,WAIT_STAGE2,"{""columns"": [""act_shade"", ""act_fog""]}",UNTESTED
P082,3,raw_pair,대회 원본,6.114;6.362;6.367,미사용 원열 쌍을 조합으로 검증,WAIT_STAGE2,"{""columns"": [""act_thermal"", ""act_heating""]}",UNTESTED
P083,3,raw_pair,대회 원본,6.114;6.362;6.367,미사용 원열 쌍을 조합으로 검증,WAIT_STAGE2,"{""columns"": [""act_thermal"", ""act_circfan""]}",UNTESTED
P084,3,raw_pair,대회 원본,6.114;6.362;6.367,미사용 원열 쌍을 조합으로 검증,WAIT_STAGE2,"{""columns"": [""act_thermal"", ""act_co2""]}",UNTESTED
P085,3,raw_pair,대회 원본,6.114;6.362;6.367,미사용 원열 쌍을 조합으로 검증,WAIT_STAGE2,"{""columns"": [""act_thermal"", ""act_fog""]}",UNTESTED
P086,3,raw_pair,대회 원본,6.114;6.362;6.367,미사용 원열 쌍을 조합으로 검증,WAIT_STAGE2,"{""columns"": [""act_heating"", ""act_circfan""]}",UNTESTED
P087,3,raw_pair,대회 원본,6.114;6.362;6.367,미사용 원열 쌍을 조합으로 검증,WAIT_STAGE2,"{""columns"": [""act_heating"", ""act_co2""]}",UNTESTED
P088,3,raw_pair,대회 원본,6.114;6.362;6.367,미사용 원열 쌍을 조합으로 검증,WAIT_STAGE2,"{""columns"": [""act_heating"", ""act_fog""]}",UNTESTED
P089,3,raw_pair,대회 원본,6.114;6.362;6.367,미사용 원열 쌍을 조합으로 검증,WAIT_STAGE2,"{""columns"": [""act_circfan"", ""act_co2""]}",UNTESTED
P090,3,raw_pair,대회 원본,6.114;6.362;6.367,미사용 원열 쌍을 조합으로 검증,WAIT_STAGE2,"{""columns"": [""act_circfan"", ""act_fog""]}",UNTESTED
P091,3,raw_pair,대회 원본,6.114;6.362;6.367,미사용 원열 쌍을 조합으로 검증,WAIT_STAGE2,"{""columns"": [""act_co2"", ""act_fog""]}",UNTESTED
T01,3,raw_temporal,대회 원본,6.18;6.38;6.368,전체 운영 묶음 대신 원열별 짧은 시간 동역학,WAIT_STAGE2,"{""columns"": [""out_temp""]}",UNTESTED
A01,3,raw_ablation,대회 원본,6.362;6.367,원열 단위 재학습 제거와 간접 경로 제거를 구분,WAIT_STAGE2,"{""columns"": [""out_temp""]}",UNTESTED
T02,3,raw_temporal,대회 원본,6.18;6.38;6.368,전체 운영 묶음 대신 원열별 짧은 시간 동역학,WAIT_STAGE2,"{""columns"": [""out_hum""]}",UNTESTED
A02,3,raw_ablation,대회 원본,6.362;6.367,원열 단위 재학습 제거와 간접 경로 제거를 구분,WAIT_STAGE2,"{""columns"": [""out_hum""]}",UNTESTED
T03,3,raw_temporal,대회 원본,6.18;6.38;6.368,전체 운영 묶음 대신 원열별 짧은 시간 동역학,WAIT_STAGE2,"{""columns"": [""out_rad""]}",UNTESTED
A03,3,raw_ablation,대회 원본,6.362;6.367,원열 단위 재학습 제거와 간접 경로 제거를 구분,WAIT_STAGE2,"{""columns"": [""out_rad""]}",UNTESTED
T04,3,raw_temporal,대회 원본,6.18;6.38;6.368,전체 운영 묶음 대신 원열별 짧은 시간 동역학,WAIT_STAGE2,"{""columns"": [""out_wspd""]}",UNTESTED
A04,3,raw_ablation,대회 원본,6.362;6.367,원열 단위 재학습 제거와 간접 경로 제거를 구분,WAIT_STAGE2,"{""columns"": [""out_wspd""]}",UNTESTED
T05,3,raw_temporal,대회 원본,6.18;6.38;6.368,전체 운영 묶음 대신 원열별 짧은 시간 동역학,WAIT_STAGE2,"{""columns"": [""in_temp""]}",UNTESTED
A05,3,raw_ablation,대회 원본,6.362;6.367,원열 단위 재학습 제거와 간접 경로 제거를 구분,WAIT_STAGE2,"{""columns"": [""in_temp""]}",UNTESTED
T06,3,raw_temporal,대회 원본,6.18;6.38;6.368,전체 운영 묶음 대신 원열별 짧은 시간 동역학,WAIT_STAGE2,"{""columns"": [""in_hum""]}",UNTESTED
A06,3,raw_ablation,대회 원본,6.362;6.367,원열 단위 재학습 제거와 간접 경로 제거를 구분,WAIT_STAGE2,"{""columns"": [""in_hum""]}",UNTESTED
T07,3,raw_temporal,대회 원본,6.18;6.38;6.368,전체 운영 묶음 대신 원열별 짧은 시간 동역학,WAIT_STAGE2,"{""columns"": [""in_co2""]}",UNTESTED
A07,3,raw_ablation,대회 원본,6.362;6.367,원열 단위 재학습 제거와 간접 경로 제거를 구분,WAIT_STAGE2,"{""columns"": [""in_co2""]}",UNTESTED
T08,3,raw_temporal,대회 원본,6.18;6.38;6.368,전체 운영 묶음 대신 원열별 짧은 시간 동역학,WAIT_STAGE2,"{""columns"": [""act_vent""]}",UNTESTED
A08,3,raw_ablation,대회 원본,6.362;6.367,원열 단위 재학습 제거와 간접 경로 제거를 구분,WAIT_STAGE2,"{""columns"": [""act_vent""]}",UNTESTED
T09,3,raw_temporal,대회 원본,6.18;6.38;6.368,전체 운영 묶음 대신 원열별 짧은 시간 동역학,WAIT_STAGE2,"{""columns"": [""act_shade""]}",UNTESTED
A09,3,raw_ablation,대회 원본,6.362;6.367,원열 단위 재학습 제거와 간접 경로 제거를 구분,WAIT_STAGE2,"{""columns"": [""act_shade""]}",UNTESTED
T10,3,raw_temporal,대회 원본,6.18;6.38;6.368,전체 운영 묶음 대신 원열별 짧은 시간 동역학,WAIT_STAGE2,"{""columns"": [""act_thermal""]}",UNTESTED
A10,3,raw_ablation,대회 원본,6.362;6.367,원열 단위 재학습 제거와 간접 경로 제거를 구분,WAIT_STAGE2,"{""columns"": [""act_thermal""]}",UNTESTED
T11,3,raw_temporal,대회 원본,6.18;6.38;6.368,전체 운영 묶음 대신 원열별 짧은 시간 동역학,WAIT_STAGE2,"{""columns"": [""act_heating""]}",UNTESTED
A11,3,raw_ablation,대회 원본,6.362;6.367,원열 단위 재학습 제거와 간접 경로 제거를 구분,WAIT_STAGE2,"{""columns"": [""act_heating""]}",UNTESTED
T12,3,raw_temporal,대회 원본,6.18;6.38;6.368,전체 운영 묶음 대신 원열별 짧은 시간 동역학,WAIT_STAGE2,"{""columns"": [""act_circfan""]}",UNTESTED
A12,3,raw_ablation,대회 원본,6.362;6.367,원열 단위 재학습 제거와 간접 경로 제거를 구분,WAIT_STAGE2,"{""columns"": [""act_circfan""]}",UNTESTED
T13,3,raw_temporal,대회 원본,6.18;6.38;6.368,전체 운영 묶음 대신 원열별 짧은 시간 동역학,WAIT_STAGE2,"{""columns"": [""act_co2""]}",UNTESTED
A13,3,raw_ablation,대회 원본,6.362;6.367,원열 단위 재학습 제거와 간접 경로 제거를 구분,WAIT_STAGE2,"{""columns"": [""act_co2""]}",UNTESTED
T14,3,raw_temporal,대회 원본,6.18;6.38;6.368,전체 운영 묶음 대신 원열별 짧은 시간 동역학,WAIT_STAGE2,"{""columns"": [""act_fog""]}",UNTESTED
A14,3,raw_ablation,대회 원본,6.362;6.367,원열 단위 재학습 제거와 간접 경로 제거를 구분,WAIT_STAGE2,"{""columns"": [""act_fog""]}",UNTESTED
ALL14,3,all_raw,대회 원본,6.114;6.224,10열 본체와 외기4 포함 14열 본체의 동일 검증 재학습,WAIT_STAGE2,{},UNTESTED
M01,3,row_id_metadata,대회 공개 원자료,6.157;6.161,기록일/시각/온실 경로별 재학습·기준선 간접경로 분리,WAIT_STAGE2_AND_CAUSAL_AUDIT,{},UNTESTED
M02,3,record_pair_prefix,대회 공개 원자료,C6.205;6.350,정답 사슬 없이 현재 prefix와 공개 학습의 쌍 구조; 계절 교란 통제,WAIT_STAGE2_AND_CAUSAL_AUDIT,{},UNTESTED
M03,3,record_order_prefix,대회 공개 원자료,6.345;6.348,물리 연결을 단정하지 않는 기록 순서/간격의 정보 효과,WAIT_STAGE2_AND_CAUSAL_AUDIT,{},UNTESTED
M04,3,causal_calendar,대회 공개 원자료,6.253;6.350,달력 fit은 학습만·query는 prefix만·정답기반 구조 금지,WAIT_STAGE2_AND_CAUSAL_AUDIT,{},UNTESTED
U01,3,temperature_aux,대회 공개 원자료,C6.254;6.256,양정답 중첩 보류·전체 공개 온도자료·최근 지정 기준선으로 재검토,WAIT_STAGE2_AND_CAUSAL_AUDIT,{},UNTESTED
U02,3,temperature_anchor,대회 공개 원자료,6.317;C6.254,현재 온도 대신 공개 학습 이웃 온도; PF1/PF2 결과 수령 후,WAIT_STAGE2_AND_CAUSAL_AUDIT,{},UNTESTED
U03,3,temperature_crossfit,대회 공개 원자료,C6.254;6.256,outer/inner 양정답 보류와 전체 온실 이전을 분리,WAIT_STAGE2_AND_CAUSAL_AUDIT,{},UNTESTED
U04,3,all_farm_input_aux,대회 공개 원자료,6.11;6.238,"EC 정답 없는 49온실 입력의 fold 내부 보조 표현, EC 정답 합성 금지",WAIT_STAGE2_AND_CAUSAL_AUDIT,{},UNTESTED
BLK_BLK_QUERY_ROLE_1,0,PAST_ENDPOINT,사용자 추가 최우선 목표: 공개 학습 정답 양끝·사슬,6.345;6.346;6.348;6.350,"학습 정답 양끝 고정, gap 입력·정답 차단, 앞쪽 query 입력만 허용하는 새 BLK 배치",SCREEN_FAIL_NO_ADOPTION,"{""baseline_scope"": ""BLK_QUERY_ROLE"", ""day_metadata"": ""원본 유지, 가짜 pass2 일차 금지"", ""SG2_scope"": ""모든 고정 BLK query에 역할로 적용"", ""priority"": ""BLK_QUERY_ROLE 주 비교, BLK_RAW_PASS 적용범위 진단; 결과 보고 기준선 선택 금지"", ""method_spec"": ""끝점·사슬 점수/불확실성/fallback 세부 수식 봉인 전 fit 금지"", ""candidate_limit"": ""3개 방법×2범위=6variant. 두 범위 선별 시 k=6"", ""numeric_label_use"": ""공개 train_ids 내 정답만; query/gap/locked±1 양정답 금지""}","{""BLK_mean_seed_delta_RMSE"": 0.022142500966624058, ""p_worse"": 0.8049597520123993, ""reference"": ""BLK_diagnostic_results_v1.json"", ""baseline"": ""CPU_REFERENCE_ONLY_CACHED_POLICY_CHANGED"", ""original_validators_tested"": false, ""catalog"": ""6.375""}"
BLK_BLK_QUERY_ROLE_2,0,BOTH_ENDPOINT,사용자 추가 최우선 목표: 공개 학습 정답 양끝·사슬,6.345;6.346;6.348;6.350,"학습 정답 양끝 고정, gap 입력·정답 차단, 앞쪽 query 입력만 허용하는 새 BLK 배치",SCREEN_FAIL_NO_ADOPTION,"{""baseline_scope"": ""BLK_QUERY_ROLE"", ""day_metadata"": ""원본 유지, 가짜 pass2 일차 금지"", ""SG2_scope"": ""모든 고정 BLK query에 역할로 적용"", ""priority"": ""BLK_QUERY_ROLE 주 비교, BLK_RAW_PASS 적용범위 진단; 결과 보고 기준선 선택 금지"", ""method_spec"": ""끝점·사슬 점수/불확실성/fallback 세부 수식 봉인 전 fit 금지"", ""candidate_limit"": ""3개 방법×2범위=6variant. 두 범위 선별 시 k=6"", ""numeric_label_use"": ""공개 train_ids 내 정답만; query/gap/locked±1 양정답 금지""}","{""BLK_mean_seed_delta_RMSE"": 0.002566859183753457, ""p_worse"": 0.5752712364381781, ""reference"": ""BLK_diagnostic_results_v1.json"", ""baseline"": ""CPU_REFERENCE_ONLY_CACHED_POLICY_CHANGED"", ""original_validators_tested"": false, ""catalog"": ""6.375""}"
BLK_BLK_QUERY_ROLE_3,0,CHAIN_PREFIX_GUARD,사용자 추가 최우선 목표: 공개 학습 정답 양끝·사슬,6.345;6.346;6.348;6.350,"학습 정답 양끝 고정, gap 입력·정답 차단, 앞쪽 query 입력만 허용하는 새 BLK 배치",INACTIVE_BASELINE_IDENTICAL_NO_CHAIN_REJECTION,"{""baseline_scope"": ""BLK_QUERY_ROLE"", ""day_metadata"": ""원본 유지, 가짜 pass2 일차 금지"", ""SG2_scope"": ""모든 고정 BLK query에 역할로 적용"", ""priority"": ""BLK_QUERY_ROLE 주 비교, BLK_RAW_PASS 적용범위 진단; 결과 보고 기준선 선택 금지"", ""method_spec"": ""끝점·사슬 점수/불확실성/fallback 세부 수식 봉인 전 fit 금지"", ""candidate_limit"": ""3개 방법×2범위=6variant. 두 범위 선별 시 k=6"", ""numeric_label_use"": ""공개 train_ids 내 정답만; query/gap/locked±1 양정답 금지""}","{""BLK_mean_seed_delta_RMSE"": 0.0, ""p_worse"": 1.0, ""reference"": ""BLK_diagnostic_results_v1.json"", ""baseline"": ""CPU_REFERENCE_ONLY_CACHED_POLICY_CHANGED"", ""original_validators_tested"": false, ""catalog"": ""6.375""}"
BLK_BLK_RAW_PASS_1,0,PAST_ENDPOINT,사용자 추가 최우선 목표: 공개 학습 정답 양끝·사슬,6.345;6.346;6.348;6.350,"학습 정답 양끝 고정, gap 입력·정답 차단, 앞쪽 query 입력만 허용하는 새 BLK 배치",SCREEN_FAIL_NO_ADOPTION,"{""baseline_scope"": ""BLK_RAW_PASS"", ""day_metadata"": ""원본 유지, 가짜 pass2 일차 금지"", ""SG2_scope"": ""배포 원본 day<179 gate 유지"", ""priority"": ""BLK_QUERY_ROLE 주 비교, BLK_RAW_PASS 적용범위 진단; 결과 보고 기준선 선택 금지"", ""method_spec"": ""끝점·사슬 점수/불확실성/fallback 세부 수식 봉인 전 fit 금지"", ""candidate_limit"": ""3개 방법×2범위=6variant. 두 범위 선별 시 k=6"", ""numeric_label_use"": ""공개 train_ids 내 정답만; query/gap/locked±1 양정답 금지""}","{""BLK_mean_seed_delta_RMSE"": 0.01884296359138869, ""p_worse"": 0.7292635368231588, ""reference"": ""BLK_diagnostic_results_v1.json"", ""baseline"": ""CPU_REFERENCE_ONLY_CACHED_POLICY_CHANGED"", ""original_validators_tested"": false, ""catalog"": ""6.375""}"
BLK_BLK_RAW_PASS_2,0,BOTH_ENDPOINT,사용자 추가 최우선 목표: 공개 학습 정답 양끝·사슬,6.345;6.346;6.348;6.350,"학습 정답 양끝 고정, gap 입력·정답 차단, 앞쪽 query 입력만 허용하는 새 BLK 배치",SCREEN_FAIL_NO_ADOPTION,"{""baseline_scope"": ""BLK_RAW_PASS"", ""day_metadata"": ""원본 유지, 가짜 pass2 일차 금지"", ""SG2_scope"": ""배포 원본 day<179 gate 유지"", ""priority"": ""BLK_QUERY_ROLE 주 비교, BLK_RAW_PASS 적용범위 진단; 결과 보고 기준선 선택 금지"", ""method_spec"": ""끝점·사슬 점수/불확실성/fallback 세부 수식 봉인 전 fit 금지"", ""candidate_limit"": ""3개 방법×2범위=6variant. 두 범위 선별 시 k=6"", ""numeric_label_use"": ""공개 train_ids 내 정답만; query/gap/locked±1 양정답 금지""}","{""BLK_mean_seed_delta_RMSE"": 0.00022746534042029457, ""p_worse"": 0.4823758812059397, ""reference"": ""BLK_diagnostic_results_v1.json"", ""baseline"": ""CPU_REFERENCE_ONLY_CACHED_POLICY_CHANGED"", ""original_validators_tested"": false, ""catalog"": ""6.375""}"
BLK_BLK_RAW_PASS_3,0,CHAIN_PREFIX_GUARD,사용자 추가 최우선 목표: 공개 학습 정답 양끝·사슬,6.345;6.346;6.348;6.350,"학습 정답 양끝 고정, gap 입력·정답 차단, 앞쪽 query 입력만 허용하는 새 BLK 배치",INACTIVE_BASELINE_IDENTICAL_NO_CHAIN_REJECTION,"{""baseline_scope"": ""BLK_RAW_PASS"", ""day_metadata"": ""원본 유지, 가짜 pass2 일차 금지"", ""SG2_scope"": ""배포 원본 day<179 gate 유지"", ""priority"": ""BLK_QUERY_ROLE 주 비교, BLK_RAW_PASS 적용범위 진단; 결과 보고 기준선 선택 금지"", ""method_spec"": ""끝점·사슬 점수/불확실성/fallback 세부 수식 봉인 전 fit 금지"", ""candidate_limit"": ""3개 방법×2범위=6variant. 두 범위 선별 시 k=6"", ""numeric_label_use"": ""공개 train_ids 내 정답만; query/gap/locked±1 양정답 금지""}","{""BLK_mean_seed_delta_RMSE"": 0.0, ""p_worse"": 1.0, ""reference"": ""BLK_diagnostic_results_v1.json"", ""baseline"": ""CPU_REFERENCE_ONLY_CACHED_POLICY_CHANGED"", ""original_validators_tested"": false, ""catalog"": ""6.375""}"
CH2_BLK_QUERY_ROLE_CH2_REFONLY_GUARD,0,CH2_REFONLY_GUARD,사용자 추가 최우선 BLK 양끝·사슬,6.346;6.348;6.375;6.379;6.380,원 slope-corrected Hungarian graph·고정 앞뒤3flank 입력 배정·순환성분 fallback. 기존 mutual endpoint guard와 다름,REGISTERED_CH2_INFERENCE_NOT_SCORED,"{""registration"": ""CH2_BLK_registration_v3.json"", ""scope"": ""BLK_QUERY_ROLE"", ""method"": ""CH2_REFONLY_GUARD""}",UNTESTED
CH2_BLK_QUERY_ROLE_FLANK_SOURCE_MATCH,0,FLANK_SOURCE_MATCH,사용자 추가 최우선 BLK 양끝·사슬,6.346;6.348;6.375;6.379;6.380,원 slope-corrected Hungarian graph·고정 앞뒤3flank 입력 배정·순환성분 fallback. 기존 mutual endpoint guard와 다름,REGISTERED_CH2_INFERENCE_NOT_SCORED,"{""registration"": ""CH2_BLK_registration_v3.json"", ""scope"": ""BLK_QUERY_ROLE"", ""method"": ""FLANK_SOURCE_MATCH""}",UNTESTED
CH2_BLK_QUERY_ROLE_PAST_QUERY_PREFIX_STATE,0,PAST_QUERY_PREFIX_STATE,사용자 추가 최우선 BLK 양끝·사슬,6.346;6.348;6.375;6.379;6.380,원 slope-corrected Hungarian graph·고정 앞뒤3flank 입력 배정·순환성분 fallback. 기존 mutual endpoint guard와 다름,REGISTERED_CH2_INFERENCE_NOT_SCORED,"{""registration"": ""CH2_BLK_registration_v3.json"", ""scope"": ""BLK_QUERY_ROLE"", ""method"": ""PAST_QUERY_PREFIX_STATE""}",UNTESTED
CH2_BLK_RAW_PASS_CH2_REFONLY_GUARD,0,CH2_REFONLY_GUARD,사용자 추가 최우선 BLK 양끝·사슬,6.346;6.348;6.375;6.379;6.380,원 slope-corrected Hungarian graph·고정 앞뒤3flank 입력 배정·순환성분 fallback. 기존 mutual endpoint guard와 다름,REGISTERED_CH2_INFERENCE_NOT_SCORED,"{""registration"": ""CH2_BLK_registration_v3.json"", ""scope"": ""BLK_RAW_PASS"", ""method"": ""CH2_REFONLY_GUARD""}",UNTESTED
CH2_BLK_RAW_PASS_FLANK_SOURCE_MATCH,0,FLANK_SOURCE_MATCH,사용자 추가 최우선 BLK 양끝·사슬,6.346;6.348;6.375;6.379;6.380,원 slope-corrected Hungarian graph·고정 앞뒤3flank 입력 배정·순환성분 fallback. 기존 mutual endpoint guard와 다름,REGISTERED_CH2_INFERENCE_NOT_SCORED,"{""registration"": ""CH2_BLK_registration_v3.json"", ""scope"": ""BLK_RAW_PASS"", ""method"": ""FLANK_SOURCE_MATCH""}",UNTESTED
CH2_BLK_RAW_PASS_PAST_QUERY_PREFIX_STATE,0,PAST_QUERY_PREFIX_STATE,사용자 추가 최우선 BLK 양끝·사슬,6.346;6.348;6.375;6.379;6.380,원 slope-corrected Hungarian graph·고정 앞뒤3flank 입력 배정·순환성분 fallback. 기존 mutual endpoint guard와 다름,REGISTERED_CH2_INFERENCE_NOT_SCORED,"{""registration"": ""CH2_BLK_registration_v3.json"", ""scope"": ""BLK_RAW_PASS"", ""method"": ""PAST_QUERY_PREFIX_STATE""}",UNTESTED
