seed,farm,day,truth,prediction,sse,raw_et,rmse,ordinary,pass2,delta_sse,prediction_change,raw_et_change,arm
101,F13,8,0.17720833333333333,0.36075166206852183,0.8719224300185793,0.3543064583333331,0.19060456775946932,True,False,0.00810912770172012,0.0011063421332389578,0.003111249999999899,D1
101,F13,9,0.3919166666666667,0.3184386053746454,0.13034675396226478,0.32993201388888915,0.0736960972401368,True,False,0.0040337319062410115,-0.0011430422438554744,-0.0027916666666664702,D1
101,F13,10,0.37424999999999997,0.3282592694224086,0.05306014169969166,0.34068881944444457,0.04701956228515056,True,False,0.003553357062142229,-0.0014704912198611475,-0.003991111111110834,D1
101,F13,11,0.36833333333333335,0.3712523393068902,0.01552165373638003,0.374887777777777,0.02543099629092749,True,False,0.0004927712249249983,-0.0017849586925294258,-0.003964444444444548,D1
101,F13,12,0.3505,0.3325304616036406,0.008919719484323112,0.3447950694444446,0.01927835518174367,True,False,0.0007289128709585951,-0.0007433545462786073,-0.001831041666666311,D1
101,F13,13,0.40054166666666663,0.28667410884465905,0.31349749868614596,0.28720243055555517,0.11429083855930629,True,False,0.028627016925735604,-0.005277712438758353,-0.009146180555555328,D1
101,F13,14,0.3236666666666667,0.3435307409900176,0.011439037453844442,0.34119347222222224,0.021831778685596184,True,False,0.00037172080569525083,0.0002984822130091547,0.00038673611111117445,D1
101,F13,16,0.322875,0.3313455452584016,0.0034536297781462043,0.342568333333333,0.011995884325721545,True,False,-0.0004759624716363471,-0.000989119034640773,-0.0016725694444447159,D1
101,F13,17,0.39683333333333337,0.34125426687926935,0.07517931017657813,0.3560448611111111,0.055968484501167454,True,False,0.0022768055812697335,-0.0008356977006650501,-0.0013865972222223966,D1
101,F13,18,0.3305416666666667,0.27590978899165036,0.0767686247995923,0.2822691666666668,0.05655698630569889,True,False,-0.0022749799827285616,0.0008067472634668005,0.002077569444444427,D1
101,F13,19,0.383375,0.2995678381173256,0.17070511339411046,0.3217474305555556,0.08433690211341614,True,False,-0.0011134211927369408,0.00032169916741020543,0.0019078472222222587,D1
101,F13,20,0.34195833333333336,0.29947592084769276,0.05480910507449272,0.30994708333333365,0.04778820682383047,True,False,0.0024669090304828348,-0.0013914996910932564,-0.002583819444444524,D1
101,F13,21,0.3625833333333333,0.29248916609062225,0.1309853862480915,0.31648618055555533,0.07387641319801477,True,False,0.0010561926726201376,-0.0005086528655086631,-0.0017720833333335073,D1
101,F13,22,0.3542083333333333,0.29923929710034153,0.08035678025179742,0.31778986111111146,0.05786362568279165,True,False,-0.0015957430440172865,0.00047228643299851436,0.0014278472222223337,D1
101,F13,25,0.33645833333333336,0.342060459956738,0.0012764406595875326,0.35680305555555525,0.007292806557342232,True,False,1.2523605129319444e-05,3.245795391237927e-05,-0.00014090277777795146,D1
101,F13,26,0.33208333333333334,0.2996165139007587,0.027911598492762195,0.291094583333334,0.03410254052899517,True,False,-0.002264765125842602,0.0013594734081852078,0.002506736111111185,D1
101,F13,27,0.3579583333333333,0.329753195791788,0.020395062784806413,0.32218895833333333,0.029151231238153,True,False,-0.0036629147442011206,0.0026520682459679756,0.005168750000000055,D1
101,F13,28,0.366625,0.24706765703047298,0.34527718788035217,0.24387243055555533,0.11994394313601114,True,False,0.005686837842595993,-0.0009829806251724915,-0.0020154861111111033,D1
101,F13,29,0.30795833333333333,0.269938479188292,0.0409517190128367,0.26368874999999986,0.04130764609046202,True,False,0.0011604506996145264,-0.0006547643057020491,-0.0013415972222223793,D1
101,F13,30,0.35904166666666665,0.3190723484079278,0.04485038274516964,0.334669097222222,0.04322922562012188,True,False,0.005949882512401576,-0.0034113854480884997,-0.006380902777778141,D1
101,F13,31,0.32033333333333336,0.30281036105473336,0.010784778735498223,0.2979865277777782,0.021198249471259634,True,False,9.952122299028421e-05,-0.00020133533202010279,-0.0001252083333333487,D1
101,F13,32,0.3295,0.25289771734464966,0.14769976121365608,0.2563634027777776,0.07844843349127929,True,False,0.007214182715115813,-0.0021803090457088725,-0.0033471527777779175,D1
101,F13,33,0.33975,0.3015009436995166,0.03641758144541475,0.30972999999999956,0.03895380888812134,True,False,-0.00033510360769535563,3.2681772775045026e-05,0.0014928472222223155,D1
101,F13,34,0.34991666666666665,0.3088253443385227,0.04104718891542511,0.32429701388888826,0.041355767894487375,True,False,-0.00026823962184226863,0.00017795646584317648,0.0007003472222223417,D1
101,F13,35,0.26345833333333335,0.2019456276865502,0.094391114873343,0.18941888888888866,0.06271334084325778,True,False,-0.0019721340153533162,0.0007766677662431332,0.002229236111111088,D1
101,F13,36,0.35883333333333334,0.32136800630457946,0.03552663025608196,0.3465972916666662,0.03847435848289198,True,False,-0.0026977794372929007,0.0013706833747588187,0.0037418750000000056,D1
101,F13,37,0.338,0.3137317638624421,0.034788409550446535,0.3642599305555552,0.038072523748786856,True,False,0.0014870875924671012,-0.0006728908243218701,-0.00046777777777773366,D1
101,F13,38,0.297625,0.3386166755867088,0.04210269728371135,0.3502934027777778,0.04188411457209013,True,False,0.0,0.0,0.0,D1
101,F13,39,0.18516666666666667,0.23530863423807705,0.0932510286541528,0.2221409722222224,0.06233345431833829,True,False,0.0,0.0,0.0,D1
101,F13,40,0.1728333333333333,0.2358301806766543,0.1325623031636317,0.22994972222222243,0.07431977730378808,True,False,0.0,0.0,0.0,D1
101,F13,41,0.33116666666666666,0.32468854101393774,0.0014568086975979026,0.3328490277777779,0.007791043729816475,True,False,0.0,0.0,0.0,D1
101,F13,42,0.14945833333333333,0.2341563718394584,0.2723848671244401,0.22854993055555553,0.1065334194678756,True,False,0.0,0.0,0.0,D1
101,F13,43,0.34591666666666665,0.32500515455457507,0.011451468941352393,0.32253854166666635,0.021843638415406357,True,False,-8.327978760429636e-05,0.00017263116559906866,-3.493055555553459e-05,D1
101,F13,44,0.20025,0.17759809714832472,0.01784738514171036,0.18998430555555582,0.027269782682875655,True,False,-0.001211369457513805,0.0011233033171640927,0.0028834027777778215,D1
101,F13,45,0.14758333333333332,0.17438928835065412,0.04851647325822284,0.1815181944444447,0.04496131358281938,True,False,0.001792246282822034,0.0012941282512714813,0.002952638888888942,D1
101,F13,46,0.3981666666666666,0.37919843198350245,0.018161971011932895,0.4478471527777778,0.027509067453548305,True,False,-0.0019079828429086378,0.002017352231053593,0.004285486111110959,D1
101,F13,48,0.4250833333333333,0.40274260953966007,0.018613701818158274,0.45585930555555526,0.02784907375640935,True,False,-0.0032621742465399964,0.002994873474249815,0.006144930555555372,D1
101,F13,49,0.14991666666666667,0.1686475191839769,0.027097753615978822,0.1751093055555557,0.03360168250746458,True,False,0.0009371290701644074,0.0005178340178403074,0.0006919444444443978,D1
101,F13,50,0.453625,0.41236127435330944,0.04950341548812154,0.45330805555555514,0.04541632208804522,True,False,-0.0002606625228849385,0.0006185110790289938,-0.0003379861111114102,D1
101,F13,51,0.4850833333333333,0.46665059707668455,0.013309149670477718,0.5026463194444436,0.0235488407981491,True,False,-0.00353880102437586,0.00377911967534289,0.007357291666666377,D1
101,F13,52,0.23383333333333334,0.24076783624368603,0.0016196936291663579,0.25254006944444446,0.008215061445211365,True,False,-6.0830965413610815e-05,0.00013377233445985293,-0.0003924305555555452,D1
101,F13,53,0.23683333333333334,0.26713459890932756,0.022748624067538237,0.2637877083333337,0.030787324277166836,True,False,-0.0006725417263492156,-0.0004548378252380858,-0.0009222916666665748,D1
101,F13,54,0.24454166666666666,0.25766799890645076,0.005867099528436912,0.247059861111111,0.015635295979019328,True,False,0.0008582530647975673,0.001853431993696364,0.004575347222222109,D1
101,F13,55,0.5199166666666667,0.4319517026006871,0.1869795933462537,0.4494014583333335,0.08826560139390224,True,False,0.013700941945344741,-0.0033028490740463212,-0.00747277777777744,D1
101,F13,56,0.2577083333333334,0.2626407139247597,0.0016776697530531514,0.2637309027777782,0.008360795798081343,True,False,-0.00011087397178320148,-6.058148780874184e-05,0.00023631944444452158,D1
101,F13,57,0.549625,0.46498204901606205,0.17291813317792026,0.4807040277777781,0.0848818132213649,True,False,0.0023637432187429697,-0.0005869628494304946,-0.001125902777777854,D1
101,F13,58,0.258375,0.24708369455452725,0.003306602879839941,0.25282548611111105,0.01173776469321697,True,False,0.00037721037502765845,-0.000757035933771022,-0.0014887499999999276,D1
101,F13,59,0.26229166666666665,0.24151539448821646,0.010535154938487806,0.24596638888888875,0.020951486560711118,True,False,-0.0005089140213572502,0.0005052742440982694,0.0008366666666667077,D1
101,F13,60,0.26495833333333335,0.2256582008616368,0.03729687696273479,0.23258916666666632,0.039421270148410355,True,False,-0.0016852321488542432,0.0008863808373144322,0.0019399999999999418,D1
101,F13,61,0.26429166666666665,0.2374512650612373,0.01777238739232938,0.24227881944444415,0.027212426230438503,True,False,-0.0003000697563752229,0.00026927253052846933,0.0008484027777777015,D1
101,F13,62,0.5582916666666667,0.4784856108423406,0.15611545743121585,0.4934809027777775,0.0806524068227394,True,False,-0.01709507595764745,0.00444488399825238,0.010637569444444606,D1
101,F13,63,0.2705,0.2590485225335645,0.003694256524375686,0.2612021527777778,0.012406746357620126,True,False,0.0002148531991008392,-0.0005270429387982944,-0.0008000000000000784,D1
101,F13,64,0.5405833333333333,0.5355229267990677,0.005657231309052919,0.5433062499999997,0.015353109496468079,True,False,-0.0008907666104232244,0.0020454092072244023,0.0036413888888889856,D1
101,F13,65,0.2655,0.2585989149370421,0.0022554134730562235,0.2643244444444446,0.009694099307173546,True,False,-7.70939049883632e-05,0.0003266441710815804,0.0008024305555557887,D1
101,F13,66,0.25133333333333335,0.25278344581059986,0.0008346550277750849,0.25771972222222245,0.005897227554025864,True,False,-6.740011169704973e-05,-0.00016069154284248377,-0.0005911805555554039,D1
101,F13,67,0.5415833333333333,0.47294199297442047,0.11879087263506223,0.501743472222222,0.07035353362218272,True,False,0.004457183637259096,-0.0016614651477127595,-0.006754722222222176,D1
101,F13,68,0.24787499999999998,0.2520598578444036,0.0008558692448080012,0.25771374999999985,0.005971701477273183,True,False,-0.0001480149728757559,-0.0005719072779460932,-0.0010961805555555482,D1
101,F13,69,0.42891666666666667,0.41349977361360635,0.013189299131991452,0.4346845833333326,0.02344257090209271,True,False,0.0005177026854088496,-0.0009054890964956819,-0.0019362500000000282,D1
101,F13,70,0.44295833333333334,0.4188618827170972,0.023167098009190142,0.44298888888888804,0.031069209040188367,True,False,-0.00029142156634406197,-0.0001232531023555028,0.00013791666666645996,D1
101,F13,71,0.549125,0.5045766991435181,0.051121388883320434,0.5286544444444436,0.04615254998522131,True,False,0.0012378518141431816,-0.00039144718418271385,-0.0019834722222223933,D1
101,F13,72,0.45575000000000004,0.4232466884187002,0.03221950538483143,0.4485133333333329,0.03663986068525156,True,False,0.004714520814536414,-0.0030473755356561494,-0.006462708333333456,D1
101,F13,73,0.56725,0.5344210077586798,0.03052641917771933,0.5493562500000001,0.03566418557047072,True,False,-0.0008983139805342141,0.0008435813493283817,0.0007981250000000939,D1
101,F13,75,0.46820833333333334,0.5010705756877183,0.02796198090566655,0.5001870833333331,0.034133305403023985,True,False,-0.004912804787764808,-0.0030270451952769672,-0.007541319444444805,D1
101,F13,76,0.5653333333333334,0.4985089441087303,0.11252994033424477,0.5222432638888885,0.06847442963564476,True,False,-0.0008637374315874635,0.00032156274354117054,0.0003656944444444532,D1
101,F13,77,0.482875,0.509043662498201,0.019694750736083413,0.5166017361111114,0.028646371742394806,True,False,-0.0014047326745267041,-0.0011135234577931419,-0.0019795833333328128,D1
101,F13,78,0.5759583333333333,0.5395447962793744,0.03338778212235169,0.5551241666666673,0.037298225003762855,True,False,-0.0006316486502081289,0.00038801015990352905,0.00046347222222231643,D1
101,F13,79,0.495625,0.5010492045784863,0.0068033182244128035,0.49734138888888907,0.016836614644395315,True,False,-0.0005657444820870881,-0.0010685021709109233,-0.0018818055555553936,D1
101,F13,80,0.5730833333333333,0.5012119618769323,0.12988539801870685,0.5042781944444444,0.07356555976890806,True,False,0.013180318172100525,-0.003941221064945322,-0.00739187500000027,D1
101,F13,81,0.5222916666666667,0.4984547470107727,0.020387328533804358,0.511260625,0.02914570332384944,True,False,0.001011240124567478,-0.0012139415397732223,-0.0021426388888891035,D1
101,F13,82,0.5330833333333334,0.49833705426042973,0.032608838905662,0.5016128472222222,0.03686057000467098,True,False,0.0023876338066291525,-0.0012728422505747794,0.0007689583333331251,D1
101,F13,83,0.5427083333333333,0.5319414104832353,0.009967647787598986,0.531981388888889,0.020379368435175422,True,False,0.001293114158369548,-0.0026065014679304,-0.005689097222222106,D1
101,F13,84,0.5364166666666667,0.5461108852315705,0.00868684126544183,0.5620596527777776,0.019025028761960112,True,False,0.0005079283627692083,0.0016384518663017378,0.003398402777777476,D1
101,F13,85,0.5724583333333334,0.551324708792455,0.01982645439275733,0.5651875000000002,0.028741994822295978,True,False,-0.0006404786809591154,0.0006065684645745195,0.0010011111111111193,D1
101,F13,86,0.556875,0.528859622071695,0.020093117643872838,0.5235574305555551,0.028934637290993787,True,False,-0.0018326322320402141,0.0011738438817302521,0.00361187499999982,D1
101,F13,88,0.5509166666666667,0.4925605853612856,0.08369306419634213,0.501044375,0.05905261220454962,True,False,0.0,0.0,0.0,D1
101,F13,89,0.5786666666666667,0.5659468268877389,0.011377768751063201,0.5830516666666665,0.021773233521022246,True,False,0.0,0.0,0.0,D1
101,F13,90,0.5575416666666667,0.44351123684270943,0.3137647814897,0.44410708333333343,0.11433954942219614,True,False,0.0,0.0,0.0,D1
101,F13,91,0.5779166666666666,0.5559716125118027,0.01305311899452354,0.5788530555555554,0.023321234060511196,True,False,0.0,0.0,0.0,D1
101,F13,92,0.48141666666666666,0.40935686977109736,0.14252290474437862,0.43499159722222225,0.07706136752192443,True,False,0.0,0.0,0.0,D1
101,F13,93,0.3935416666666667,0.4979653485905275,0.2743742263839242,0.49857138888888874,0.10692174443331678,True,False,-0.0029467428181284006,-0.0008582623944500822,4.0902777778073496e-05,D1
101,F13,94,0.40116666666666667,0.5355380677905159,0.43942166304513647,0.5357322916666664,0.1353116253697886,True,False,0.03519117276288647,0.005610671705414294,0.011382152777777765,D1
101,F13,95,0.482,0.4095327004084348,0.13660211159304522,0.441739791666667,0.0754437184244667,True,False,0.008237561509788882,-0.002181857672407028,-0.004734583333333209,D1
101,F13,96,0.4086666666666667,0.5451709791396718,0.472029621861466,0.5691137499999999,0.14024229358825538,True,False,0.011090245795087328,0.0012340678596509669,0.004593402777777533,D1
101,F13,97,0.4735416666666667,0.426276106648293,0.0575292044894915,0.469499930555556,0.048959679196887575,True,False,0.004027708139343764,-0.001803462468891348,-0.0016762499999999347,D1
101,F13,98,0.39937500000000004,0.4115393313170394,0.021105165688220753,0.4281393055555553,0.029654374106965482,True,False,0.0026574395119761153,0.0013816337591560646,0.0006868750000001977,D1
101,F13,99,0.46108333333333335,0.42719253481273284,0.03156475896955511,0.4373206250000001,0.03626566269073446,True,False,0.00050765757729802,-0.00025867843829197046,-0.0016778472222221952,D1
101,F13,100,0.4057916666666667,0.35792691852063263,0.07019100033292355,0.35717638888888875,0.054079802272861674,True,False,-0.0019879868471367468,0.0009123523866916838,0.0018992361111113132,D1
101,F13,101,0.45108333333333334,0.4404791662560616,0.008894618727848564,0.4449593749999999,0.01925121070635187,True,False,0.0004150136872207513,-0.0011056330117268365,-0.0032507638888889523,D1
101,F13,102,0.38608333333333333,0.3660533401704423,0.048101115324888415,0.3651118749999996,0.04476843908979871,True,False,0.001993028620158155,-0.001104939108632963,-0.0013454166666665435,D1
101,F13,103,0.447375,0.47251397195557293,0.021810281961546274,0.4682826388888892,0.03014567545101223,True,False,0.0006844945686652996,0.0007158028268968719,0.0018164583333333817,D1
101,F13,104,0.31779166666666664,0.41078763495414017,0.21241797737949533,0.4207779166666667,0.09407841972247925,True,False,0.009380625526032166,0.002032918378370774,0.004891319444444375,D1
101,F13,105,0.442,0.47728472286950246,0.03551368542899682,0.4833052777777777,0.03846734839932261,True,False,-0.0015219271450735844,-0.0007574183935126211,-0.001122152777777885,D1
101,F13,106,0.31616666666666665,0.4972965653755244,0.796083041562061,0.5115329166666666,0.1821266777047024,True,False,0.017537511295206865,0.0020728709583199834,0.005834791666666561,D1
101,F13,107,0.44425,0.4736554350384245,0.02635236371630907,0.47970333333333365,0.03313631172665738,True,False,-0.0035624915647811395,-0.0018587247968745446,-0.002529305555555472,D1
101,F13,108,0.4572083333333334,0.46965574850967223,0.012313792108870219,0.4978713888888892,0.02265115165290555,True,False,-0.0035974599509596174,-0.004823655039456698,-0.009672708333333169,D1
101,F13,109,0.3450416666666667,0.5212978638366443,0.7552685831122361,0.583592708333333,0.17739651714828894,True,False,-0.05816367469798622,-0.006705797116208223,-0.01280812500000017,D1
101,F13,110,0.35375,0.41973235897282163,0.10631670809958976,0.4185704861111106,0.06655721476656687,True,False,0.005279639168666708,0.0017171028059445037,0.006164583333333251,D1
101,F13,111,0.3712083333333333,0.49023143216517323,0.34643002838468634,0.4973211805555556,0.12014401573124063,True,False,-0.006414668197040896,-0.0009224414329272457,-0.002789236111110871,D1
101,F13,112,0.39633333333333337,0.6716749194606665,1.844007677013039,0.7032200694444449,0.2771888403397161,True,False,0.06851126482863634,0.005297733085615874,0.01017041666666696,D1
101,F13,113,0.5562916666666667,0.5157954548158133,0.04299429583038188,0.5307123611111113,0.042325276052644696,True,False,-0.0010670170902718004,0.00048732293578623853,0.0017659027777778835,D1
101,F13,116,0.9369166666666667,1.0272267308270173,0.2726753718590864,1.0649831249999993,0.10659021450143505,True,False,0.060507997025919164,0.014787444489054336,0.026990972222221465,D1
101,F13,117,0.3037916666666666,0.31355668181014823,0.0085855220120806,0.31745013888888945,0.01891375382722033,True,False,0.00021906765603730595,0.0002652357391133009,0.0005523611111111215,D1
101,F13,118,1.101625,1.1142143059009262,1.5691128999698254,1.2161434722222213,0.25569455247503686,False,False,0.07348165110779892,0.010026334256733938,0.013148750000000486,D1
101,F13,119,0.3114166666666667,0.40084381192389423,0.19873091285335678,0.3863098611111108,0.09099700380904417,True,False,-0.02934030925488665,-0.006121691503519766,-0.009460694444444473,D1
101,F13,120,1.25,1.1876766802219254,1.3471117102332812,1.3531709722222214,0.2369169782709829,False,False,-0.0507330354719111,0.03265494089186527,0.06017111111111162,D1
101,F13,121,1.3183749999999999,0.9087390750772247,4.607537846016228,0.9795570138888897,0.4381560721752119,False,False,-0.4433593990275364,0.022226671051559177,0.04763090277777815,D1
101,F13,122,0.34879166666666667,0.42457308466461324,0.15549797021456396,0.446909513888889,0.08049274558786959,True,False,0.010798228638646629,0.0022602166196259987,0.002091805555555881,D1
101,F13,125,1.4950833333333333,1.42676736907344,0.3527818565557186,1.4433481249999975,0.12124043889377398,False,False,0.04497627798386644,-0.01835153381694643,-0.03856999999999955,D1
101,F13,126,0.3818333333333333,0.5573184546450268,0.816923662713851,0.5356291666666668,0.1844952193050282,True,False,0.0011907551338184996,0.001178432951952857,0.0070201388888889715,D1
101,F13,128,0.7817083333333333,0.734103493098149,0.14222184414633204,0.7285540277777788,0.0769799335720929,True,False,0.033310258999424705,-0.015906846334518,-0.03484833333333348,D1
101,F13,129,0.7205833333333334,0.6749983568131079,0.05389376932082064,0.6344549305555559,0.04738748486363103,True,False,-0.00511321288763994,0.0022566946572616375,0.004661666666666231,D1
101,F13,130,0.773125,0.9971107980130928,1.2246529886521336,0.9386044444444445,0.2258920269963187,True,False,-0.1586081707459419,-0.014370469219798676,-0.028281458333333842,D1
101,F13,131,0.73775,0.747478039650233,0.016803849743375437,0.7231934722222219,0.026460544324975188,True,False,-0.0026744533339081583,-0.004296826316284363,-0.009184791666666525,D1
101,F13,132,0.8696666666666667,1.2342136680154914,3.4557785066864355,1.2834370833333344,0.37946115889763316,True,False,-0.07111155961949622,-0.004363116266068889,-0.011971319444443296,D1
101,F13,133,0.9788333333333333,1.223535318567,1.4595534824050942,1.3675470833333312,0.24660642415303294,True,False,0.055424141182765396,0.005043390862826902,0.012675555555555107,D1
101,F13,134,0.7533333333333333,0.7389537164640866,0.007804109859648641,0.7455894444444447,0.018032505210092878,True,False,0.0015368216753860907,-0.002089258556921436,-0.004479652777778176,D1
101,F13,135,1.0125833333333334,1.1130970532372666,0.3046438435428564,1.1722941666666655,0.11266540498730011,False,False,-0.0912704058937529,-0.017417839362116938,-0.034368958333333754,D1
101,F13,136,0.73775,0.7664162778097817,0.02176059200587075,0.7894535416666669,0.030111315706523818,True,False,0.0060325406648436865,0.005026986921137677,0.008428402777777566,D1
101,F13,137,1.075875,1.2966575897556476,1.5345794879944157,1.520032638888888,0.2528652051978827,False,False,-0.09237329108785697,-0.0050467876064932415,-0.0015355555555565115,D1
101,F13,138,0.7215416666666666,0.754547202800938,0.031893855611516087,0.7969970138888883,0.03645422678483027,True,False,0.0,0.0,0.0,D1
101,F13,139,1.3034583333333332,0.9765453267417484,4.611955289907512,0.9551538194444448,0.43836606135300477,False,False,0.0,0.0,0.0,D1
101,F13,140,0.714625,0.7774344512810444,0.1004947550366009,0.8138429166666666,0.06470920691724147,True,False,0.0,0.0,0.0,D1
101,F13,141,0.7079166666666666,0.746255106250849,0.049984624248920084,0.7670690972222217,0.045636527881055294,True,False,0.0,0.0,0.0,D1
101,F13,142,0.4254583333333333,0.4532479913152389,0.08113667655431221,0.4564867361111115,0.058143743054860815,True,False,0.0,0.0,0.0,D1
101,F13,143,1.52975,1.248647504442626,2.3324526640875227,1.2833668749999998,0.3117459344888293,False,False,0.009335114845947512,-0.0019695203965086616,-0.0007095833333337076,D1
101,F13,145,0.6891666666666666,0.7417670630190725,0.07132767424662377,0.7448568055555551,0.054515928194818965,True,False,-0.0016449251130922077,-0.000951748399354746,-0.003788541666666312,D1
101,F13,146,1.4956666666666667,1.3814426143593883,1.070716510432138,1.3750492361111106,0.21121834185191496,False,False,0.02756767904679025,-0.004999939336371773,-0.011255347222222323,D1
101,F13,147,0.41225,0.4895700746052627,0.18541433205136906,0.4473074305555557,0.08789537626523392,True,False,0.0025587260722910454,0.0004720209502124262,0.0020175000000000054,D1
101,F13,148,0.7375833333333333,0.8615632465305946,0.3733171973952761,0.9098545833333337,0.12471921754406243,True,False,0.055834308396654986,0.009373947708278374,0.027187152777777945,D1
101,F13,149,0.7759166666666667,0.7540560234801053,0.018402542456272316,0.6990520833333336,0.027690659117194736,True,False,-0.01658142241882039,0.0095473907566469,0.014178055555555957,D1
101,F13,150,0.8217500000000001,0.8372682855715321,0.008928492404666427,0.878876319444445,0.019287833389499742,True,False,0.002348746959015653,0.0032723084969156213,0.007821111111111723,D1
101,F13,151,1.676875,1.4092068753134077,1.910161274844849,1.392513680555555,0.2821170911492875,False,False,-0.09253978232280957,0.008260272498392451,0.012688263888888773,D1
101,F13,152,0.43320833333333336,0.43463808718992186,0.0031467499263982527,0.42054250000000004,0.011450527510407276,True,False,0.00032229264109396314,0.0005452661355765387,-0.00015187500000002352,D1
101,F13,153,1.6374166666666667,1.505736704133031,0.6632384277554574,1.4276056249999975,0.1662375844681663,False,False,-0.09065626676082039,0.011713484531865603,0.028805972222221587,D1
101,F13,154,0.412625,0.49463433428979414,0.19741932273875915,0.48178965277777724,0.09069622436526763,True,False,0.010882947136865578,0.00180148433941818,0.006999652777777643,D1
101,F13,155,0.807375,0.7639512568181468,0.058931021234136835,0.8200890277777774,0.04955259042763592,True,False,-0.01210510886859796,0.004988483734284177,0.0066973611111107445,D1
101,F13,156,0.7513333333333333,1.1504227547609605,3.890085127528874,1.1081945138888902,0.4026001494208653,True,False,0.2014676248650895,0.010818187284644232,0.027096527777777935,D1
101,F13,157,0.42483333333333334,0.44726702786021333,0.026162385788541728,0.41808437500000023,0.03301665349268313,True,False,-0.0009018114160218825,-0.00035788782314288836,-0.0005103472222222072,D1
101,F13,158,0.4527083333333333,0.43589270047128187,0.021068309930610873,0.43820229166666674,0.029628470212091383,True,False,-0.0019421714123300238,0.002266383937069405,0.0045828472222217975,D1
101,F13,159,0.5987083333333333,0.8581199859268334,1.6505691915340015,0.9357606250000003,0.2622474333790833,True,False,-0.21839429985228986,-0.017066006538117517,-0.034793402777777316,D1
101,F13,160,0.45808333333333334,0.725093972912093,1.7613528922699213,0.7376719444444454,0.2709053411148995,True,False,0.03071378686723203,0.002425706745367018,0.004814999999999792,D1
101,F13,161,0.491625,0.4552160220235431,0.04150126341613571,0.4735354861111111,0.04158388280338495,True,False,0.01108982631885385,-0.0064336774562760435,-0.014829097222222254,D1
101,F13,162,0.585875,0.7388940663160056,0.5845005769820407,0.7625638194444453,0.15605829265881718,True,False,0.035431832542850095,0.004726024605422818,0.007654652777777993,D1
101,F13,166,0.7276666666666668,0.7576766178008353,0.03929679516707194,0.8176593750000004,0.040464385146628194,True,False,-0.006543426331233219,-0.005385549462824657,-0.01265208333333312,D1
101,F13,167,0.43249999999999994,0.4419074468404151,0.04722852229066297,0.4496776388888892,0.04436051279510067,True,False,0.00010815797528728605,0.0002908063748376377,0.0006199305555556478,D1
101,F13,168,0.6692083333333333,0.8016339272268777,0.43153657101065157,0.792571180555556,0.1340920969288539,True,False,0.05907168973935473,0.009930556550263203,0.023172847222222237,D1
101,F13,169,0.8197916666666667,0.7140587935578724,0.27751658705599497,0.7097936111111113,0.10753227946683323,True,False,0.0522881739385716,-0.01078435218384266,-0.022899097222222498,D1
101,F13,170,0.433875,0.4358946370628665,0.013975647046936844,0.4164404166666665,0.024131279016158712,True,False,-0.00029663043082635634,-4.848311009031381e-05,0.0003069444444444014,D1
101,F13,171,0.8714583333333333,0.8303135194451937,0.06669846686925321,0.8695737500000006,0.05271719630461093,True,False,-0.003974770335899908,3.997099231012324e-05,0.0022465277777773407,D1
101,F13,172,0.9783749999999999,0.8743693364763935,0.5991762105597823,1.0117259722222214,0.1580053019363304,True,False,0.03578030203887983,-0.007133375468471148,-0.017662291666666663,D1
101,F13,173,0.42091666666666666,0.4633945148646537,0.05595344922180433,0.4637363194444446,0.048284508049426994,True,False,-0.0016349146589147295,-0.0007083059714630968,-0.0011847916666665181,D1
101,F13,174,0.9472083333333333,0.8214971489215928,0.38398724618381513,0.8050497916666646,0.12648900581075137,True,False,-0.007378017670959525,0.0012026597641981995,0.002055833333333257,D1
101,F13,175,1.2699166666666668,0.9358895905555862,6.220108645497807,0.9351410416666671,0.5090885910746857,False,False,-0.037513260432024076,-0.0001643046983641483,0.0009399305555555237,D1
101,F13,176,0.4254166666666666,0.43501809299961086,0.018095330961483264,0.44723229166666684,0.02745855282776454,True,False,0.0012881906974910456,0.0039763320890376375,0.00866958333333323,D1
101,F13,177,1.0051249999999998,0.9644488885673282,0.0713115784292829,1.012594513888888,0.054509776810098824,False,False,-0.05289545193145956,0.022137218167491035,0.04972430555555607,D1
101,F13,178,1.8420416666666668,1.0855025492309138,20.064984924552206,1.1363775694444447,0.9143527976240946,False,False,0.24721281866795053,-0.005574607633018536,-0.015676180555555863,D1
101,F13,179,0.4014166666666667,0.3220390971850068,0.17313577838730299,0.30809590277777776,0.08493521511209366,True,True,0.002939611781968998,-0.0008906008318752545,-0.003173611111111252,D1
101,F13,180,0.2919583333333333,0.31095217747296006,0.11980631871614246,0.30992152777777787,0.07065359117911797,True,True,0.0016383607063590738,0.0023545304938344946,0.009835486111111125,D1
101,F13,181,0.38358333333333333,0.30856530594832904,0.14143387417604747,0.3030619444444446,0.07676638646353393,True,True,-0.0035290595184453988,0.0010108059377214595,0.00443958333333333,D1
101,F13,182,0.33537500000000003,0.31796528385976613,0.013211399527118561,0.2753555555555551,0.023462203227672517,True,True,-0.0011834189635746388,0.0006111097457204839,0.0027353472222217956,D1
101,F13,183,0.3569166666666666,0.3208832673940459,0.032569258155897965,0.3099679166666667,0.03683819245243196,True,True,-0.001032862315054596,0.0005086944658205805,0.0019984027777777413,D1
101,F13,195,0.55625,0.5164996845235054,0.03866963529595318,0.45711902777777774,0.040140189386673915,True,True,0.0,0.0,0.0,D1
101,F13,196,0.5474166666666667,0.5109588599003143,0.033741494111077366,0.4494229166666667,0.03749527420837934,True,True,0.0,0.0,0.0,D1
101,F13,197,0.5479166666666667,0.5207195884639853,0.019012842505506344,0.48784062499999986,0.02814607914191183,True,True,0.0,0.0,0.0,D1
101,F13,198,0.27608333333333335,0.26156130948518186,0.00606593348798076,0.2590506944444444,0.01589802593613009,True,True,0.0,0.0,0.0,D1
101,F13,211,0.5396666666666666,0.5107318578382437,0.044499212646366845,0.6238437499999997,0.04305965466960093,True,True,0.0,0.0,0.0,D1
101,F13,212,0.29433333333333334,0.32429572531997947,0.0285532369880145,0.2952053472222224,0.03449229200609808,True,True,0.001787374316907054,0.0010904157463341169,0.004777708333333575,D1
101,F13,213,0.292,0.3161621058143895,0.01726548168841368,0.2762813888888888,0.026821541162852108,True,True,-0.0011644599578250932,-0.0010080172730949633,-0.0033771527777777255,D1
101,F13,214,0.9180416666666668,0.5266648091224996,3.9515991318043766,0.7482571527777767,0.4057708267300427,True,True,0.03483929276519371,-0.0017886429003317605,-0.008417361111111021,D1
101,F13,215,0.32666666666666666,0.2767412462528394,0.06783599115632927,0.2339010416666665,0.05316483453857182,True,True,-0.0004779978069618246,0.00019821556907562154,0.0004520138888887415,D1
101,F13,217,1.69325,1.1880861671045653,6.279202364755879,1.1490466666666665,0.5115011552917826,False,True,0.071801629219169,-0.0033756892765386404,-0.012311597222222748,D1
101,F13,218,0.38949999999999996,0.3519857506960205,0.05438714425442098,0.4150140972222219,0.04760389701065317,True,True,0.0014451852813123708,-0.0016161942335436441,-0.006045972222222584,D1
101,F13,231,0.620875,0.9851194561404344,3.1975468548177424,0.9159629861111105,0.365008382028056,True,True,-0.08242344719831207,-0.004736738438308574,-0.01678590277777825,D1
101,F13,232,0.738625,0.7128716358222179,0.053899762642039224,0.7595814583333333,0.04739011968140934,True,True,-0.0012836131329268669,0.0031111816233565515,0.008070277777778023,D1
101,F13,233,0.6336666666666667,1.1637414876447145,6.87674014394144,1.0292593749999994,0.535285754836511,True,True,-0.9866573113824213,-0.03750873702973623,-0.06710784722222196,D1
101,F13,241,1.4315,1.0260302243645725,4.230236573488753,0.9531041666666664,0.4198331302180642,False,True,0.40828754612690155,-0.02149909963669394,-0.04241277777777752,D1
101,F13,242,0.43204166666666666,0.6132065574638011,0.8295188544627998,0.473386388888889,0.18591203727197617,True,True,-0.004854178225370154,-0.0007605956272722647,-0.0027565277777777952,D1
101,F13,243,1.7187916666666665,1.0316451586068198,11.660801587283794,0.9576746527777775,0.6970414139801819,False,True,0.6175964289924369,-0.019272322631747274,-0.03879291666666662,D1
101,F13,244,0.44004166666666666,0.3546958973377056,0.18790398536969002,0.3502976388888892,0.0884835166781762,True,True,0.013750914154134652,-0.0034063575386524825,-0.007038124999999951,D1
101,F13,245,0.84025,0.7551561086911812,0.18945109821399317,0.7253564583333333,0.08884703573511263,True,True,-0.0006112125105353361,4.251320088610733e-05,-6.277777777752291e-05,D1
101,F47,6,0.24050000000000002,0.20596911816052568,0.032958869768929804,0.23376652777777832,0.03705787690049276,True,False,-0.0023973150635824003,0.0015639512504737607,0.0038150000000000683,D1
101,F47,7,0.35720833333333335,0.20729783269184496,0.5452366638295503,0.2048677777777769,0.15072555963150797,True,False,-0.0024060214037532335,0.0003411878749809971,0.0008056944444445047,D1
101,F47,8,0.20741666666666667,0.17343357926568048,0.038738180291528534,0.1956621527777784,0.040175749470051654,True,False,0.003531108424809075,-0.0023755976691179626,-0.005125694444444467,D1
101,F47,9,0.174625,0.18363860066492632,0.004625561484025764,0.21881034722222228,0.01388278532935929,True,False,0.00014096826917980605,0.0004945181607360072,0.000647569444444468,D1
101,F47,10,0.146625,0.20132071407416388,0.07225414502568753,0.23916451388888885,0.05486883793256709,True,False,0.0019433369253763488,0.0007639686463701834,0.0013073611111109884,D1
101,F47,11,0.21845833333333334,0.2569081964349673,0.036644875990395925,0.25153222222222194,0.03907518180294448,True,False,-0.0008677965170793278,-0.0005415727145501315,-0.0005808333333333082,D1
101,F47,12,0.13158333333333336,0.20362449808322725,0.12717171573298414,0.22313506944444458,0.07279300439516381,True,False,-0.00020755389621116005,2.4122816099786393e-05,0.0007080555555556423,D1
101,F47,14,0.11625,0.14538705648124153,0.02151240141934966,0.13801152777777767,0.02993910585070251,True,False,0.0007179415769281369,0.0004977875833427903,0.0009378472222222878,D1
101,F47,15,0.19104166666666667,0.23153480409504126,0.03965488678533741,0.2384065972222219,0.04064833267661859,True,False,0.0015324758284654544,0.0008006621737695341,0.001640694444444396,D1
101,F47,16,0.19587500000000002,0.2328557577274384,0.033482698808404626,0.2392147222222221,0.037351204135210855,True,False,0.000971524158055001,0.0005519142974878544,0.0011261805555555227,D1
101,F47,17,0.112375,0.21633493549948116,0.26067698391531097,0.25763708333333324,0.104218717112001,True,False,0.0013880400778966684,0.000311546367998905,0.00031027777777764554,D1
101,F47,18,0.2031666666666667,0.23745171599661008,0.028748800402125196,0.24733687499999982,0.03461021068155875,True,False,0.0006773821997410057,0.00041283550908413624,0.000534930555555535,D1
101,F47,19,0.12375000000000001,0.2542465717467047,0.4092429461952206,0.31229173611111083,0.13058250045393088,True,False,-0.002444696305219818,-0.0003913957133516721,3.0208333333170412e-05,D1
101,F47,20,0.2107083333333333,0.23465130457534952,0.01453115928625154,0.24334048611111092,0.02460619780178321,True,False,0.0007272796017446462,0.0006296064099030607,0.0012532638888888281,D1
101,F47,21,0.14804166666666665,0.2704124489687871,0.3669145018231588,0.2609812499999992,0.12364507366907757,True,False,-0.0030188227377757615,-0.0005183492161592307,-0.0010640972222223377,D1
101,F47,22,0.21754166666666666,0.23529735092413728,0.00803249912976204,0.22930361111111106,0.01829446538546795,True,False,0.0003194090831290233,0.0003557763833168248,0.0008157638888889873,D1
101,F47,23,0.181625,0.2962799043660623,0.31929145222768396,0.310427569444444,0.11534214541739213,True,False,-0.0103137718533855,-0.0016841262830529224,-0.0017148611111109657,D1
101,F47,24,0.22620833333333334,0.2860954129699992,0.08704789110983394,0.30801569444444427,0.060224542031548464,True,False,0.004348461880520696,0.0015033577645077734,0.0027586111111110867,D1
101,F47,25,0.23175,0.23649114255804635,0.0009430565205403418,0.23646131944444437,0.006268494371791436,True,False,-9.914251738167177e-05,-0.0002894085968349336,-0.0008328472222220162,D1
101,F47,26,0.25654166666666667,0.19504347655282708,0.09382728762770093,0.20592298611111137,0.0625257572350857,True,False,0.01008642239809325,-0.0037240739603005835,-0.006317222222222196,D1
101,F47,27,0.24479166666666666,0.22495572059108704,0.01184332893046512,0.21700597222222173,0.022214230546417312,True,False,0.0005857758209021763,-0.0004791689912031216,-0.0013822916666667295,D1
101,F47,28,0.37166666666666665,0.2993140182349721,0.1311491872870583,0.32463902777777776,0.07392259106859077,True,False,0.0019871645999904597,-0.0007183357294999748,-0.0008706250000000693,D1
101,F47,29,0.2630416666666667,0.256116916774448,0.00368389298335627,0.27326326388888883,0.01238933174037962,True,False,-0.0003086584986378132,0.0006618512159279888,0.0016164583333332372,D1
101,F47,30,0.28824999999999995,0.23571706038069842,0.07321054867335099,0.23978979166666659,0.05523078424263312,True,False,-0.003373251667082383,0.0011678265313915803,0.0017647222222221537,D1
101,F47,31,0.27995833333333336,0.2999068422248627,0.009875412007762431,0.2989365972222228,0.02028485889335774,True,False,-0.001294625545931162,-0.0013060496348550887,-0.0027077083333333363,D1
101,F47,32,0.29220833333333335,0.25616936663830664,0.033340648235751204,0.2600773611111111,0.03727188855544663,True,False,-2.07166226360439e-06,1.1503270866963788e-06,0.00011805555555560732,D1
101,F47,33,0.2754166666666667,0.21939546876866164,0.0804421825283191,0.22069118055555548,0.057894365920585306,True,False,0.011293522703311618,-0.004171857780576549,-0.007858333333333384,D1
101,F47,35,0.11945833333333333,0.17647506687830805,0.08262147593442908,0.18232298611111095,0.05867334571394304,True,False,-0.01198598917108036,-0.004271803585464223,-0.008828055555555547,D1
101,F47,36,0.298875,0.25327698719417296,0.07375289393487607,0.2536198611111112,0.05543498216186691,True,False,0.0,0.0,0.0,D1
101,F47,37,0.13954166666666667,0.2444526964829332,0.3209915261431711,0.2395068055555555,0.11564880856555389,True,False,0.0,0.0,0.0,D1
101,F47,38,0.30158333333333337,0.2508031914489795,0.07332861794324834,0.2473451388888889,0.05527530263118132,True,False,0.0,0.0,0.0,D1
101,F47,39,0.16545833333333335,0.24239367536627307,0.23948958318791394,0.23848395833333333,0.0998936065663351,True,False,0.0,0.0,0.0,D1
101,F47,40,0.29683333333333334,0.250068344191606,0.06574614853120923,0.24974548611111122,0.0523394961331025,True,False,0.0,0.0,0.0,D1
101,F47,42,0.21241666666666667,0.19127112618991016,0.015477511695831602,0.20488368055555528,0.025394808931347563,True,False,-0.0011810662123028313,0.0011798810931643589,0.002658194444444456,D1
101,F47,43,0.250375,0.26473611340314823,0.00634638455089462,0.266676388888889,0.016261386460588445,True,False,0.000502531131883411,0.000634250338208131,0.001563750000000086,D1
101,F47,44,0.20350000000000001,0.16933261700699023,0.03492605233652513,0.1701645138888883,0.038147767702560884,True,False,0.001645092662595389,-0.0013360233423056478,-0.0033873611111111535,D1
101,F47,45,0.25329166666666664,0.2697055591028778,0.009895360987931428,0.27625819444444455,0.02030533692974525,True,False,0.00036149230386160747,0.0005316427389557843,0.0014067361111110843,D1
101,F47,46,0.19858333333333333,0.2199791594756044,0.012509731083831686,0.22035340277777724,0.022830654724725997,True,False,0.0011761328012980746,0.0013018939044798505,0.0023376388888888266,D1
101,F47,47,0.19670833333333335,0.19933592545919185,0.005773635447169808,0.1984727083333329,0.015510259302541506,True,False,-0.0007711806168252287,-0.002867724186478904,-0.006332777777777854,D1
101,F47,48,0.24883333333333332,0.24010310264242388,0.002758118484694843,0.25736583333333324,0.010720149417286672,True,False,0.0002894700630788295,-0.0007492927091302115,-0.0017637500000000639,D1
101,F47,49,0.203375,0.21576440596160554,0.004617574882965577,0.21595833333333272,0.013870794982873153,True,False,0.0018350543291261005,0.003986588285575077,0.00758388888888889,D1
101,F47,50,0.1525,0.16762060515480207,0.01800491638071143,0.16541576388888912,0.027389867637436834,True,False,-0.0003956198394723387,-0.00042588861419057267,-0.0011823611111110854,D1
101,F47,51,0.22654166666666667,0.2351037329804222,0.002251895008623618,0.2581569444444443,0.009686534916710452,True,False,0.0005137992270570525,0.0018385970541302532,0.004609097222222247,D1
101,F47,52,0.16025,0.18296716357764017,0.020447926693784715,0.18684722222222214,0.02918898671715692,True,False,0.0008336203356264574,0.0006884531618911172,0.0013890277777778015,D1
101,F47,53,0.239375,0.26364582652318197,0.01723557497105398,0.2841423611111112,0.02679830138511113,True,False,0.0028191181503473307,0.002202900173895961,0.0037497222222223625,D1
101,F47,54,0.16,0.19223222566537432,0.03451864480717879,0.20034763888888854,0.037924620854608196,True,False,0.0010433097801332211,0.0007412839517103309,0.0017152083333333012,D1
101,F47,55,0.250625,0.28067400957647354,0.03034157991531357,0.28790284722222215,0.03555604725600694,True,False,0.006424458384839522,0.004831340747383561,0.009985347222222274,D1
101,F47,57,0.26466666666666666,0.2564488697617487,0.0047714113113320215,0.25362402777777754,0.014099957611242463,True,False,0.00048344286486816813,-0.0009671175350431382,-0.0035218055555553684,D1
101,F47,58,0.16016666666666665,0.15640420780517672,0.010266212430576658,0.16348902777777788,0.020682331862583277,True,False,5.6927565445442224e-05,-0.0004330983003668354,-0.0007651388888889887,D1
101,F47,59,0.31383333333333335,0.3715276335177467,0.08129648160830082,0.387839236111111,0.05820097422162165,True,False,-0.010641483183605055,-0.003710331828209401,-0.007638472222222137,D1
101,F47,60,0.14991666666666667,0.15602673664985856,0.01784776022930639,0.15995673611111125,0.027270069237556028,True,False,-0.00011508577254994157,-0.00048422266364575584,-0.001073749999999929,D1
101,F47,61,0.33525,0.3314527437695407,0.003402196709097882,0.3239077777777787,0.011906225103382339,True,False,-0.0002627820938016761,0.0017295695374447972,0.003068333333333284,D1
101,F47,62,0.15916666666666668,0.16163112505498722,0.005128308531074112,0.15982173611111125,0.014617781026136902,True,False,-2.3898405145435925e-05,0.00011025078588172699,0.0004140972222221595,D1
101,F47,63,0.344875,0.38728494905193916,0.05085101884914069,0.38881416666666696,0.046030342732240534,True,False,0.004195212683191056,0.0019803361546999465,0.0033861111111112008,D1
101,F47,64,0.3558333333333334,0.3985946874422826,0.04599325543393899,0.3974277777777775,0.043776542155368914,True,False,0.00784123388219448,0.003926250084862248,0.007507777777777724,D1
101,F47,65,0.15483333333333335,0.19127366298599505,0.04841071043476283,0.22158791666666677,0.04491228044512753,True,False,0.0050292217214644025,0.0027718694464591576,0.005595833333333355,D1
101,F47,66,0.379125,0.3991424042863623,0.014812935378602315,0.4038358333333328,0.024843623744838363,True,False,-0.00026213052058656275,0.00010729711644974493,0.0008126388888889391,D1
101,F47,67,0.16879166666666667,0.16375506366324047,0.02768958624767942,0.16946041666666686,0.03396664187581657,True,False,5.5083219766008384e-05,0.0004984093674803569,0.0012597916666667597,D1
101,F47,68,0.208875,0.19852712340685788,0.0049313397230150826,0.19672111111111093,0.014334311579526998,True,False,0.00015575177517595205,-0.0002442653505678183,-0.0006114583333331758,D1
101,F47,69,0.388125,0.432890497063157,0.06788193459873851,0.4441518055555553,0.05318283502798722,True,False,-0.007906942130205957,-0.003196792599807985,-0.006204583333333347,D1
101,F47,70,0.19441666666666668,0.21118383871132282,0.008422737036349243,0.21781034722222184,0.018733589525623533,True,False,0.0008182856577504541,0.0010593975538255307,0.002147708333333387,D1
101,F47,71,0.40004166666666663,0.4335857636906392,0.030951227381492995,0.43107430555555565,0.035911481092108614,True,False,0.0002038228178204149,0.00016127609467542214,0.00040888888888884756,D1
101,F47,72,0.18212499999999998,0.18516233572135152,0.0012733685690503739,0.18834965277777735,0.007284025240924982,True,False,-5.535181388117332e-05,-0.00023794250788133908,-0.0005327083333333538,D1
101,F47,73,0.4183333333333334,0.4186732713001407,0.002859142870526489,0.4225461805555557,0.010914712682366115,True,False,-0.00040087154663004604,0.0031954364296031823,0.007000625000000149,D1
101,F47,74,0.21416666666666664,0.28611032658377417,0.12819377345848432,0.2867909722222224,0.07308493160314818,True,False,0.012224300815639563,0.003503852134668306,0.006470000000000087,D1
101,F47,75,0.194125,0.2040711058394372,0.00911336191072376,0.20530923611111038,0.019486493090005275,True,False,-0.00038781531719585434,-7.781658535277458e-05,-0.0006720138888887395,D1
101,F47,76,0.20341666666666666,0.19996206079439585,0.0018951192193497565,0.20701076388888848,0.008886129686553076,True,False,0.0003286157343003167,-0.0011237971734837093,-0.002751319444444511,D1
101,F47,77,0.25829166666666664,0.2865794976774947,0.020259901840203397,0.30836020833333316,0.029054476017907147,True,False,-0.0022743064035400246,-0.0016048347710685418,-0.0032765972222222883,D1
101,F47,78,0.256375,0.27678801953111143,0.02303455606399945,0.306854583333333,0.030980206089264647,True,False,-0.0006653709022434277,-0.000905902977595574,-0.0016572916666668935,D1
101,F47,79,0.18629166666666666,0.20450904036929585,0.009012557301030807,0.20177493055555565,0.01937842152695321,True,False,-0.0002172711234667002,-0.0002474798627792596,-0.0009113888888886978,D1
101,F47,80,0.24941666666666665,0.3204970967161419,0.12283231501554158,0.33910222222222214,0.07154029022619049,True,False,-0.004437937605333245,-0.001300397665877917,-0.0023900694444445314,D1
101,F47,81,0.18570833333333334,0.2045911915512636,0.013077454856016133,0.21396798611111112,0.02334296365789926,True,False,-0.000545652539661658,-0.0009637284375279276,-0.002419166666666639,D1
101,F47,83,0.27391666666666664,0.31560652875317174,0.0421704593979513,0.3315424999999999,0.04191780617964921,True,False,-0.002307890241577605,-0.0011218679831545564,-0.001958402777777646,D1
101,F47,85,0.1935416666666667,0.19784137969827287,0.0009400271229355932,0.20602284722222208,0.0062584180740010535,True,False,-6.281423500508062e-05,-0.00038935958803501536,-0.0010748611111111306,D1
101,F47,86,0.318125,0.28107295673209026,0.03678368538048781,0.2850877777777776,0.03914911949865955,True,False,0.0,0.0,0.0,D1
101,F47,87,0.19670833333333335,0.21726320425523338,0.011798921402293964,0.22423249999999975,0.022172544398322485,True,False,0.0,0.0,0.0,D1
101,F47,88,0.19945833333333332,0.21712451454780882,0.008615581143325064,0.22271034722222194,0.018946834765694885,True,False,0.0,0.0,0.0,D1
101,F47,89,0.3682083333333333,0.3696086320602496,0.013051648102228522,0.3928314583333335,0.023319920045450162,True,False,0.0,0.0,0.0,D1
101,F47,90,0.20099999999999998,0.21036127553023168,0.004568644783127461,0.21765965277777713,0.013797108367225993,True,False,0.0,0.0,0.0,D1
101,F47,91,0.3677916666666667,0.3285093419479379,0.03743867464817073,0.30924909722222205,0.03949613622884033,True,False,0.0044978656958217095,-0.00245876410360496,-0.00501895833333349,D1
101,F47,92,0.20695833333333333,0.21634324602507882,0.0030284883092501873,0.22396319444444424,0.011233299287628033,True,False,-0.00032810952443049473,-0.0007142941037819039,-0.0014375694444445364,D1
101,F47,93,0.44687499999999997,0.369006330819454,0.1513138846171313,0.36662840277777775,0.07940242560766309,True,False,-0.0008125911084475301,0.0002640370358376054,0.00021111111111093983,D1
101,F47,95,0.6083333333333333,0.5961983339318193,0.005739740335871845,0.6157725694444441,0.015464664475118545,True,False,0.0014185578029276618,-0.0027884391117217744,-0.005787638888888891,D1
101,F47,96,0.2085,0.2869558128335124,0.15601361678447442,0.2998206249999998,0.08062609606088941,True,False,0.0197583525074293,0.005274391076848128,0.011966805555555515,D1
101,F47,97,0.6187083333333333,0.6049669979936182,0.009171007162380172,0.6450191666666664,0.019548025435642012,True,False,-0.0023953177397453285,0.0032135773842957294,0.00691951388888834,D1
101,F47,98,0.218,0.25578886427813824,0.03495746860858081,0.27063826388888906,0.03816492096184925,True,False,-0.0004387745294280876,-0.00022822513771586506,0.0004149999999999987,D1
101,F47,99,0.6459583333333333,0.5843918545261736,0.09749644416576113,0.6093461111111111,0.06373658164853248,True,False,0.012249816410837652,-0.004329667955083938,-0.008748819444444611,D1
101,F47,100,0.22024999999999997,0.27507009645219915,0.07991135264816467,0.3005602083333335,0.05770303019489988,True,False,-0.00460358406984164,-0.002289129537137835,-0.006124027777777874,D1
101,F47,101,0.6589166666666667,0.6223023216212852,0.034067526270180525,0.6307788194444454,0.037675990514617154,True,False,0.0056539283419472786,-0.003542217455977381,-0.006333680555555388,D1
101,F47,102,0.21483333333333332,0.2853603307126429,0.1289799401852115,0.29778986111111133,0.07330869098806643,True,False,0.0062142330489754205,0.001823959747408066,0.0032109722222223303,D1
101,F47,103,0.6706249999999999,0.6826356592195165,0.012085367885748533,0.7514434027777775,0.022440075651376987,True,False,0.0007633375696855984,0.01920222505468172,0.03680770833333313,D1
101,F47,104,0.21458333333333335,0.3035377436093484,0.19267677893443963,0.31522284722222227,0.08960021831596349,True,False,0.028696202765127216,0.006979272169222506,0.01622236111111136,D1
101,F47,105,0.6841666666666667,0.5683407961806922,0.4192551410570075,0.6014335416666665,0.13217020924061762,True,False,-0.005394350925868763,0.00031326907712236896,-3.125000000003819e-05,D1
101,F47,107,0.22895833333333335,0.30953204204693263,0.16218132794684614,0.3237786805555553,0.08220435104736604,True,False,0.003872496518891211,0.0008661091695243983,0.0013175000000001935,D1
101,F47,108,0.726625,0.5598543475137153,0.700527232166129,0.6051195138888884,0.17084681639875152,True,False,0.0050890588585573715,-0.00039381337785038273,0.00018263888888903068,D1
101,F47,109,0.231,0.3025572705595434,0.137818725261582,0.31354118055555497,0.07577893431488233,True,False,-0.01162118775031265,-0.003415806174699998,-0.006730277777777682,D1
101,F47,110,0.7380416666666667,0.5274359474116231,1.1450422552567323,0.540689444444444,0.2184264040106656,True,False,-0.037474666446007276,0.004367012392869296,0.01204722222222232,D1
101,F47,111,0.236,0.49569516370044525,1.620037959434482,0.5665971527777772,0.25981066499107275,True,False,-0.09253331191137604,-0.007316240179320144,-0.015025347222222707,D1
101,F47,112,0.7764166666666666,0.6102028465720055,0.6719567710974311,0.6892269444444438,0.167326623093058,True,False,-0.009200772082097464,0.0010978669661546592,0.0011817361111108315,D1
101,F47,113,0.2504166666666667,0.28525109892485284,0.029828769337765335,0.3136006944444447,0.03525429603712937,True,False,0.0023979709325902716,0.001494998552349247,0.0030814583333332313,D1
101,F47,114,0.7670833333333333,0.8680983434994575,0.5878159589231311,0.937512222222222,0.15650026077229753,True,False,0.014658689141773151,0.00449110003892117,0.01231979166666708,D1
101,F47,116,0.819,0.8487463411166005,0.18298243961019361,0.8343033333333331,0.08731705627820605,True,False,0.0006387201552016664,-0.0017025689201725092,-0.003227152777777631,D1
101,F47,117,0.9079166666666666,0.8800452992230202,0.9093591263062005,0.8755470833333331,0.19465344486058214,True,False,0.027222446983299342,0.0010436522029109163,-0.002585694444444564,D1
101,F47,118,0.28562499999999996,0.3715794310468233,0.17936301858784573,0.36510618055555616,0.08644917066014518,True,False,0.003481520287099138,0.0009235802574350527,0.002590069444444676,D1
101,F47,119,0.921875,0.5989160603540552,2.991903755138898,0.627229027777778,0.35307599247771115,True,False,0.08336435151101806,-0.00458237665315675,-0.013265694444444476,D1
101,F47,120,0.4049583333333333,0.594650562267342,0.8892267509645672,0.5644194444444447,0.1924866608976415,True,False,0.12187641567296936,0.01394763520706388,0.029304652777777607,D1
101,F47,121,0.5975416666666666,0.6481313819104483,0.08068430219285357,0.6520177777777777,0.057981427411734454,True,False,0.0073107765884317805,0.0028949561101616617,0.0039976388888891545,D1
101,F47,122,0.5997916666666666,0.5431908785989417,0.08551649840654363,0.5232936111111106,0.0596924403388401,True,False,-0.0008647281117310501,-0.0002160957369911065,-0.0020701388888890726,D1
101,F47,123,0.44,0.6502892267885639,1.0817928840420625,0.6304078472222222,0.2123080391830526,True,False,-0.04256321357840065,-0.004420745174334995,-0.00432618055555567,D1
101,F47,124,0.47941666666666666,0.6562831328855754,0.7581099396852702,0.6354488888888891,0.17772989099628944,True,False,-0.07427537669379425,-0.008380044464658676,-0.01349041666666706,D1
101,F47,125,0.671625,0.6008995358700093,0.12504498586841786,0.5845784027777777,0.0721817687821337,True,False,0.000567023947091308,-0.00021858742676494902,-0.00022881944444419489,D1
101,F47,126,0.496875,0.6368957302220865,0.5081090338305563,0.725253888888889,0.1455032980483255,True,False,-0.004280547528712986,-0.0007870087807817505,-0.000834444444444582,D1
101,F47,127,0.688125,0.6869967231311552,0.010313695808468595,0.6816004166666669,0.02073010673761373,True,False,-0.0019231897032068509,-0.00010468421166831554,0.00220375000000006,D1
101,F47,128,0.48029166666666673,0.6661186810456678,0.8547644467868101,0.6749542361111119,0.1887198592697222,True,False,0.08724900976281924,0.009858947500084314,0.0206905555555561,D1
101,F47,129,0.71075,0.6707437455951922,0.04197895489603706,0.6540719444444448,0.04182251930082896,True,False,0.003076166648060402,-0.0015477674176593847,-0.003576111111111002,D1
101,F47,130,0.4907916666666667,1.05332469404819,7.786505101682911,0.8657336805555561,0.5695943403599805,True,False,-0.40817097079296794,-0.014556820563728978,-0.027702430555555768,D1
101,F47,131,0.70275,0.6510499568319217,0.07252074309167406,0.6194473611111118,0.054969970245760114,True,False,-0.001767234601581666,0.0007974281205276323,0.0019365277777777523,D1
101,F47,132,2.7121666666666666,1.2379275784339132,56.735608622253565,1.326110208333333,1.5375251843771205,False,False,-0.6499719110851601,0.008194779526810692,0.01228916666666624,D1
101,F47,133,0.46658333333333335,0.46666761444167865,0.0035126720049735273,0.48092638888888883,0.01209798882213749,True,False,-0.00026880057024991763,-0.003469900928268599,-0.00883701388888869,D1
101,F47,135,0.49066666666666664,0.44768607054956705,0.05528289513199071,0.4462070833333332,0.047994311786220524,True,False,0.0008243365334442698,-0.0003837729683522362,-0.0008929861111112158,D1
101,F47,136,1.65275,1.8591022100583545,1.2218188717675416,1.95621236111111,0.22563049363279977,False,False,0.0,0.0,0.0,D1
101,F47,137,0.511375,0.40272900480037505,0.2850011417043938,0.40491395833333427,0.10897269185909104,True,False,0.0,0.0,0.0,D1
101,F47,138,1.7102916666666665,1.627509818622391,0.6368833108303729,1.621528472222221,0.16290121122303605,False,False,0.0,0.0,0.0,D1
101,F47,139,1.684375,1.6700186907389452,0.12291167749307337,1.7300897222222227,0.07156339773616624,False,False,0.0,0.0,0.0,D1
101,F47,140,0.4033333333333333,0.44858600407833454,0.05030861570086687,0.45422881944444454,0.04578419291490736,True,False,0.0,0.0,0.0,D1
101,F47,141,1.8655,1.773296409185796,1.5322239516377363,1.7807773611111097,0.25267106017819363,False,False,0.1739307142791091,-0.0073632187948431405,-0.029724305555557162,D1
101,F47,144,0.409875,0.44338218041098626,0.030720694821867064,0.4400400694444444,0.03577749223899193,True,False,0.0022220363234130187,0.0014268252806257653,0.0029956250000000573,D1
101,F47,145,2.141625,1.6097201204310523,9.612979357854892,1.5121670833333278,0.6328829327587269,False,False,0.03481670107966295,0.00419487306403199,-0.00611833333333589,D1
101,F47,146,0.7000000000000001,0.7854618222366994,0.18406647978127547,0.7900190972222226,0.08757531991122353,True,False,0.07950960756740641,0.023402430399705465,0.05317430555555602,D1
101,F47,147,1.7504583333333334,1.4432241178304006,2.376062239011078,1.365484861111112,0.3146467754357706,False,False,-0.011491474213039865,0.0002120968040648652,-0.003271388888888671,D1
101,F47,148,0.40570833333333334,0.4416332379235817,0.04358633943139932,0.4417451388888887,0.04261569518743423,True,False,-0.003934432501025445,-0.0024590117727291694,-0.0035720833333334756,D1
101,F47,149,0.6973333333333334,0.7621872771121683,0.11124453921794544,0.7532824305555551,0.0680822233338561,True,False,0.015221738011914024,0.005079416592892572,0.010474583333333287,D1
101,F47,150,0.4267916666666667,0.5352250156557296,0.3715687665427202,0.5915032638888892,0.12442681358646138,True,False,-0.016421811908005124,-0.0019692016724488504,-0.002844861111111152,D1
101,F47,151,1.3133333333333332,1.3496797196250307,1.6814567302253693,1.2497892361111131,0.26468981297496835,False,False,0.04609889420201352,-0.00424952943994783,-0.013964722222221893,D1
101,F47,152,0.4427083333333333,0.6695679375111614,1.265099131229165,0.743821180555555,0.2295919506455207,True,False,0.03385350515289565,0.0030323156545903895,0.005549861111111443,D1
101,F47,153,0.8378333333333333,0.7978570110332425,0.04698738824214037,0.8038968055555556,0.04424712243098431,True,False,0.0040082365223991084,-0.004073086004142468,-0.01311576388888902,D1
101,F47,154,1.6209999999999998,1.3848247851798823,1.7142930648939534,1.3132736111111134,0.2672618149005105,False,False,-0.04232566408411986,0.0034200108029047716,0.006887013888888793,D1
101,F47,155,0.41566666666666663,0.4949624786719764,0.16177988081235567,0.5142009722222217,0.08210254787265427,True,False,0.060794561989860565,0.017424706253491296,0.038325208333332916,D1
101,F47,156,0.83225,0.7657124863033365,0.11094984656911121,0.7811525694444453,0.06799198683457461,True,False,0.018372640367598406,-0.006449275783221409,-0.010773888888889083,D1
101,F47,157,1.2108333333333332,0.9382992059100491,4.771157220509639,0.9766391666666676,0.4458679373101804,False,False,-0.0155168183398251,0.0005988697417133038,0.0005581944444449372,D1
101,F47,158,0.410125,0.45784798192708115,0.062349755811056645,0.4372772916666668,0.05096966246825027,True,False,-0.009020379469834555,-0.003357888565059308,-0.008960902777778113,D1
101,F47,159,0.721,0.7951695446727555,0.20373010247995071,0.7617340277777781,0.0921344358532571,True,False,0.02961332784355919,0.0067077933280322855,0.016861597222222136,D1
101,F47,160,0.6937083333333334,0.756479157955194,0.12696693292070735,0.750236458333334,0.07273437201004859,True,False,0.016648441133063907,0.004346072352270913,0.012059791666666708,D1
101,F47,161,0.646,1.1378988086645236,5.827049451476722,1.3950122222222225,0.4927410345656869,True,False,-0.025616442416656504,-0.0009451678883312109,-0.007853750000000437,D1
101,F47,163,0.56975,0.7461410262793166,0.7544354902536322,0.8041511111111118,0.17729865226194289,True,False,-0.05996887234663284,-0.006846283957256727,-0.016250486111110907,D1
101,F47,165,0.487875,0.44417171424151314,0.05191256957344366,0.4516886805555562,0.046508318957223335,True,False,1.3057269078742273e-05,4.0000783093019354e-05,0.00025881944444444693,D1
101,F47,166,0.6535,0.7168139491774704,0.10291689991530688,0.8194558333333338,0.06548438106249296,True,False,0.004360447314488938,0.0013427668804417703,0.0005726388888891432,D1
101,F47,167,0.459625,0.4515099809770378,0.008856229119833277,0.4286949305555556,0.01920962120031834,True,False,0.0009139103629537734,-0.0010683004077615132,-0.003131805555555478,D1
101,F47,168,0.782625,0.7156176678632072,0.11890364711973303,0.7414938194444444,0.07038692087304911,True,False,0.02338338408311634,-0.007294345207895958,-0.019682013888889238,D1
101,F47,169,0.4135416666666667,0.4380758889656205,0.026517383605672087,0.4181435416666665,0.033239900474725706,True,False,-0.0005907174163176897,-0.00040542016576966544,-0.001022430555555509,D1
101,F47,170,0.7702083333333333,0.739663789580192,0.3481592714404536,0.7297970833333337,0.12044349841323483,True,False,0.0037330285786873474,-0.010281924917912022,-0.01967340277777807,D1
101,F47,171,0.8664999999999999,0.8781392020977205,0.03815149231138651,0.8421495833333338,0.039870358826757976,True,False,-0.002291348987717802,-0.0024864246533791157,-0.006430694444444773,D1
101,F47,173,0.9253333333333332,0.8115668647401332,0.3333843019819972,0.836515763888885,0.1178601399226355,True,False,-0.0007982745270162517,2.4073271769231575e-05,0.0009109722222221395,D1
101,F47,174,1.0531666666666666,0.9141676768574613,1.2644653124591656,0.870057361111113,0.2295344302839959,False,False,0.006324578437267858,-0.0012665116227077444,-0.0045418749999996955,D1
101,F47,175,0.40491666666666665,0.46508181519438346,0.08875726755287472,0.45707375000000017,0.06081298776881284,True,False,-0.004268312069887148,-0.0014881054926983994,-0.003166111111111203,D1
101,F47,176,0.9803333333333333,0.8959778861848875,0.18563524322018762,0.8821823611111101,0.08794772197641705,True,False,-0.025007341791095983,0.005961529527428566,0.01178159722222194,D1
101,F47,177,1.4867916666666667,1.0240333796177332,8.798474285084875,1.0518466666666653,0.6054775761428906,False,False,0.06909771002420051,-0.0017141617326783543,-0.005705069444444044,D1
101,F47,178,0.30579166666666663,0.7101171299967578,3.943398439089621,0.8326770833333326,0.4053495630877143,True,False,0.036676088814438845,0.0018058025206380002,0.005912986111111018,D1
101,F47,179,0.248,0.22919981966600844,0.02867174586561414,0.2259511805555553,0.03456379721231338,True,True,0.00018980291247797446,-0.00022331836272102001,-0.0009138194444445746,D1
101,F47,180,0.20129166666666667,0.21697660540498453,0.0076050204092051365,0.226078958333333,0.01780100700476092,True,True,-0.0003174314684822764,-0.0003050435534504292,-0.001345833333333435,D1
101,F47,191,0.29050000000000004,0.3479768488265806,0.14784445206932678,0.49090541666666637,0.07848684923532487,True,True,0.0028308244844244823,0.0004796030756012426,0.0026255555555553256,D1
101,F47,192,0.14441666666666667,0.1625548761051153,0.02297013791286052,0.15418055555555565,0.030936856331930718,True,True,0.00019451322276200708,0.0001319807707486076,0.0004886111111110647,D1
101,F47,193,0.381,0.3582379386425565,0.021948987043574484,0.39521270833333366,0.03024138103353753,True,True,0.0,0.0,0.0,D1
101,F47,194,0.253375,0.23276698971672624,0.01614144462296769,0.2551386111111112,0.025933765492570756,True,True,0.0,0.0,0.0,D1
101,F47,195,0.19183333333333333,0.20026156854586372,0.0033638107897362816,0.21102354166666656,0.01183886746718952,True,True,0.0,0.0,0.0,D1
101,F47,196,0.18425,0.21871095095693838,0.055116530241296605,0.2545056944444443,0.04792204183241109,True,True,0.0,0.0,0.0,D1
101,F47,209,0.6549583333333334,0.48897507582292715,0.7596630556491453,0.41887152777777814,0.17791185266506104,True,True,0.0,0.0,0.0,D1
101,F47,210,0.51825,0.5044077551385929,0.019072669340521174,0.5084086111111111,0.0281903273456526,True,True,0.0017327605286875866,-0.0013735643842534007,-0.005388194444444272,D1
101,F47,212,0.521125,0.3881566886984076,0.4476378574409795,0.4121036805555554,0.13657077796283562,True,True,-0.0351619176291722,0.005148322794119309,0.011899236111111045,D1
101,F47,214,0.5314583333333333,0.43621204425757565,0.272729522673217,0.38825472222222146,0.10660079789281149,True,True,-0.004210751195336926,0.0006213154258309372,0.0017821527777775459,D1
101,F47,215,0.7052499999999999,0.6773801162112206,0.023926795132334568,0.6428407638888883,0.031574511828064845,True,True,-0.0021049895781184574,0.0010439142150540093,0.004999236111111194,D1
101,F47,216,0.5559583333333333,0.8710873577078507,2.4204652776268625,1.0247259027777773,0.3175731725148068,True,True,0.2656396834141188,0.018150990444987358,0.03766145833333334,D1
101,F47,229,1.78825,1.2992076394204823,5.988292358558573,1.22106486111111,0.4995119434073696,False,True,0.3588679850601597,-0.014828149292187787,-0.0357854861111111,D1
101,F47,230,0.460875,0.4339677108162146,0.023297868657611073,0.42360229166666646,0.031156773379162055,True,True,0.0017044616057573028,-0.0012231861711024528,-0.00325868055555556,D1
101,F47,231,2.1767083333333335,1.466783952880683,14.908354832045413,1.389712916666667,0.7881506526897161,False,True,-0.8386716845030833,0.025071497969165524,0.04769840277777848,D1
101,F47,239,0.433875,0.5766302568989053,0.5716646829167267,0.5096535416666669,0.1543352253641305,True,True,0.013302322778993014,0.0013970410394679167,0.005182638888888813,D1
101,F47,240,0.47258333333333336,0.5633126970833785,0.23757723236245365,0.4609165277777776,0.09949397644297653,True,True,0.004959873792108244,0.0012913723382455,0.005848263888888983,D1
101,F47,241,0.65225,0.8450378751714916,1.113478224677312,0.7669657638888889,0.21539481430206564,True,True,-0.04477322928487237,-0.003519868604826115,-0.012215416666666479,D1
101,F47,242,0.7242083333333333,0.7729514224017106,0.08668592076162526,0.6053206944444448,0.060099196043439045,True,True,-0.00241903134985455,-0.0012015579220702177,-0.005699791666667009,D1
101,F47,243,0.449,0.5087083372059614,0.5292782815873209,0.44963368055555586,0.14850340646869029,True,True,0.03949256229713127,0.01197712293480857,0.017804027777777842,D1
2024,F13,8,0.17720833333333333,0.35827541542441477,0.8512706799387338,0.3536271527777775,0.1883337772788352,True,False,0.006299797339466728,0.0007907435353742276,0.0018986111111111148,D1
2024,F13,9,0.3919166666666667,0.31269013931076506,0.1510608266662776,0.3314310416666667,0.07933600135559454,True,False,-0.001922207406505061,0.0005010968319513753,0.0014018055555553577,D1
2024,F13,10,0.37424999999999997,0.3293016812235477,0.050013048424226936,0.34557187500000014,0.04564950183382205,True,False,0.0001473872319379954,1.0877719920920903e-05,-0.0005295138888887219,D1
2024,F13,11,0.36833333333333335,0.365343812503214,0.017367882704439567,0.37445076388888815,0.026900962424263722,True,False,-0.0005723600063560971,-0.0017284175733914275,-0.0028565972222220903,D1
2024,F13,12,0.3505,0.3308259554628025,0.010549626605583331,0.34369715277777785,0.020965871678340464,True,False,0.001491811082705491,-0.0013472510895241596,-0.003920138888888813,D1
2024,F13,13,0.40054166666666663,0.29353833799006007,0.276237257424154,0.29402305555555497,0.10728413548147003,True,False,0.013385864504859735,-0.0026361780783189515,-0.005646944444444524,D1
2024,F13,14,0.3236666666666667,0.3442636047804957,0.01288001562390006,0.3414424305555557,0.0231660811891546,True,False,0.0006097607464390295,0.000700785421013983,0.0017509027777779518,D1
2024,F13,16,0.322875,0.33034168149424054,0.0035394224779777233,0.3408991666666663,0.01214396708585811,True,False,-0.00013159929217121825,-0.0003450782041466427,-0.0006904166666665823,D1
2024,F13,17,0.39683333333333337,0.3418389215937329,0.07373950286106082,0.3563709027777778,0.05542994935842477,True,False,-0.00029330328629242897,0.00010385416737673792,0.00010611111111114013,D1
2024,F13,18,0.3305416666666667,0.2742130492136882,0.08198521753714307,0.2741197222222223,0.05844699077552491,True,False,0.005069266258045005,-0.0016582536577112728,-0.004668958333333306,D1
2024,F13,19,0.383375,0.29755402419592897,0.17912483551306949,0.32228861111111107,0.0863917519966146,True,False,-0.0024660186396584793,0.0006231372020973347,0.0028431250000000574,D1
2024,F13,20,0.34195833333333336,0.3039463916621096,0.04985535649583261,0.3092247916666672,0.045577478217423265,True,False,0.0010691738745958052,-0.0004641050084857601,-0.0012237499999999124,D1
2024,F13,21,0.3625833333333333,0.2916893784075742,0.1331800865460743,0.31382451388888866,0.07449275315594864,True,False,0.006700312690197552,-0.0018225103167191503,-0.0031406944444447027,D1
2024,F13,22,0.3542083333333333,0.3007829520836813,0.07677717917384866,0.31519847222222247,0.056560137307503894,True,False,0.002326139606414479,-0.0009206850667261568,-0.0019125694444444008,D1
2024,F13,25,0.33645833333333336,0.3461810282298903,0.0028119746093919307,0.3567513194444442,0.010824306385383951,True,False,-0.00013813260965214128,-0.00027027675479973645,-0.0009533333333334726,D1
2024,F13,26,0.33208333333333334,0.30628182997985226,0.018561341590258327,0.2902455555555563,0.02780987653563802,True,False,-0.0005427771842218786,0.0005159995174146559,0.0013779166666665899,D1
2024,F13,27,0.3579583333333333,0.33358917743625516,0.015612780506256209,0.32618423611111097,0.025505539027709426,True,False,-0.001784530178289263,0.0015078319927370187,0.0026782638888889765,D1
2024,F13,28,0.366625,0.24788855145801061,0.3422443108722597,0.24499104166666652,0.11941599398605485,True,False,0.0033913420848424303,-0.0006059085219860261,-0.0017643055555554288,D1
2024,F13,29,0.30795833333333333,0.26702667837821464,0.04801391295042485,0.2614418055555556,0.04472784039351444,True,False,0.0029139875835591245,-0.0013346467316916466,-0.0030954166666667393,D1
2024,F13,30,0.35904166666666665,0.3204981996758775,0.04509483334176198,0.3375326388888888,0.04334687288882651,True,False,-0.004249672253239398,0.0023696957920890105,0.004374791666666655,D1
2024,F13,31,0.32033333333333336,0.3016031212978538,0.011894933835413552,0.2907593750000004,0.022262574944112625,True,False,0.0023244134673276236,-0.0030094216722418854,-0.005778819444444583,D1
2024,F13,32,0.3295,0.24928552794514877,0.16025530516036762,0.2530939583333331,0.08171477456177667,True,False,0.006500947357700987,-0.0016533413640270334,-0.003127847222222313,D1
2024,F13,33,0.33975,0.30291179891608366,0.033972030610774445,0.3081137499999995,0.03762314813314983,True,False,-0.001192766133765663,0.0007070102712294912,0.0009314583333334681,D1
2024,F13,34,0.34991666666666665,0.31095334456735024,0.03758872720259225,0.32933249999999914,0.0395752064653449,True,False,-0.005205991060070164,0.0027808757396616257,0.006847222222221949,D1
2024,F13,35,0.26345833333333335,0.19932241020576122,0.10291013582429265,0.18635777777777754,0.06548222908554804,True,False,0.006805883458377959,-0.0021456650105355912,-0.003958055555555562,D1
2024,F13,36,0.35883333333333334,0.322023370031445,0.03509358659696781,0.345716041666666,0.03823915238173643,True,False,-0.004253087615338436,0.002385632779826785,0.005721597222222152,D1
2024,F13,37,0.338,0.32318190197992763,0.025168202266277112,0.3694403472222217,0.032383253302103746,True,False,-0.0006097176821034667,0.002382271816791126,0.0059849999999997405,D1
2024,F13,38,0.297625,0.3407441913077873,0.046062032905207995,0.3493930555555556,0.04380926124748434,True,False,0.0,0.0,0.0,D1
2024,F13,39,0.18516666666666667,0.2376352537651176,0.09793816496886654,0.22408368055555564,0.06388080207466694,True,False,0.0,0.0,0.0,D1
2024,F13,40,0.1728333333333333,0.23850745212780286,0.13812575330733862,0.23143000000000025,0.07586329627124773,True,False,0.0,0.0,0.0,D1
2024,F13,41,0.33116666666666666,0.3284307311165277,0.0007880894708622326,0.33606458333333356,0.005730363102450521,True,False,0.0,0.0,0.0,D1
2024,F13,42,0.14945833333333333,0.23627259813097046,0.27712812586844887,0.22760499999999997,0.10745699253430976,True,False,0.0,0.0,0.0,D1
2024,F13,43,0.34591666666666665,0.32350266730089844,0.012615305686303686,0.32524284722222185,0.022926790811827986,True,False,0.0006850373721961154,-0.0006180429944511179,-0.0015057638888889557,D1
2024,F13,44,0.20025,0.17954547181251915,0.015902944590681884,0.19272326388888925,0.025741458608214335,True,False,-0.0010498345123448778,0.0010271547753296084,0.002124166666666677,D1
2024,F13,45,0.14758333333333332,0.171283037180577,0.04329459670896401,0.17880625000000017,0.04247283284100752,True,False,-0.0008436059413355623,-0.0008335625142411041,-0.0019537499999999763,D1
2024,F13,46,0.3981666666666666,0.3602864781843275,0.045241111777951044,0.4355347916666665,0.04341712017259198,True,False,0.004001199786951369,-0.001481806500266858,-0.005648055555555864,D1
2024,F13,48,0.4250833333333333,0.40444185984699516,0.019258313324883414,0.4595471527777775,0.028327190504357155,True,False,-0.0009157332126965463,0.0016879971504405455,0.002324999999999744,D1
2024,F13,49,0.14991666666666667,0.17343850614633627,0.029861371212460738,0.17619625000000017,0.035273556675209226,True,False,0.0005817709527952651,0.0005733695778247505,0.0012973611111112282,D1
2024,F13,50,0.453625,0.4105861818108652,0.055627960145478966,0.451240972222222,0.04814386433106809,True,False,0.0008067874606390718,5.995568130257034e-05,-0.00134256944444483,D1
2024,F13,51,0.4850833333333333,0.4607846520812513,0.022640232211747546,0.4990072916666661,0.03071388950984252,True,False,0.001698002183840093,-0.0012095649171662282,-0.0031391666666665263,D1
2024,F13,52,0.23383333333333334,0.2432128604475369,0.0027115862902665597,0.253701388888889,0.010629334978936358,True,False,-0.0005295352514934357,-0.0011950268101777461,-0.002242430555555508,D1
2024,F13,53,0.23683333333333334,0.262401484110863,0.016124406218834854,0.26497777777777815,0.025920074442758047,True,False,-0.00028234405746309366,-0.0002037826645016061,-0.00026236111111105354,D1
2024,F13,54,0.24454166666666666,0.25895546379847034,0.005737702321445216,0.24634680555555552,0.015461918705652843,True,False,0.0013608625046198442,0.002354280098173178,0.005766597222222142,D1
2024,F13,55,0.5199166666666667,0.43976788074945067,0.15542564443331883,0.45424638888888896,0.08047402387140183,True,False,-0.006889326104721649,0.0017579383499317647,0.003354999999999997,D1
2024,F13,56,0.2577083333333334,0.2607854077461309,0.0012512099656469945,0.2638811111111114,0.007220370389988645,True,False,9.037962250206728e-05,0.0007114698351243232,0.00146895833333327,D1
2024,F13,57,0.549625,0.46544339541884794,0.1707421170753445,0.48068763888888927,0.08434604245688919,True,False,-0.001046538703510791,0.0002517951260632145,0.0006204166666666788,D1
2024,F13,58,0.258375,0.24384892865082206,0.005346783029337047,0.25240326388888873,0.014925904536153813,True,False,-0.00011256870504255598,0.00015881024929761955,0.0003856944444444732,D1
2024,F13,59,0.26229166666666665,0.23966369778645155,0.012374891390696934,0.24627027777777766,0.022707278009756526,True,False,-0.0006677983481502853,0.0006009695454496922,0.0014918750000000314,D1
2024,F13,60,0.26495833333333335,0.2258371458239853,0.03689903192288786,0.23098041666666633,0.039210453497169104,True,False,0.0019065872965803102,-0.0010244955022406799,-0.0018254861111111076,D1
2024,F13,61,0.26429166666666665,0.23880589623692347,0.015898987667825354,0.24060527777777752,0.025738255952817066,True,False,0.0007694445277998865,-0.0006530869717509824,-0.0014123611111111212,D1
2024,F13,62,0.5582916666666667,0.4770557721100798,0.16177519601555657,0.485827430555555,0.08210135910759855,True,False,0.003069308551131855,-0.0007804049707183514,-0.0013315972222223693,D1
2024,F13,63,0.2705,0.26018761493891585,0.0036968301124158534,0.26091861111111125,0.012411067158682497,True,False,0.0001219536440806631,-0.00028843624430380244,-0.0005115277777775762,D1
2024,F13,64,0.5405833333333333,0.5368818997216219,0.0054953048581226505,0.5436686111111106,0.015131788914570229,True,False,-0.00014223539678229202,0.0013381668485605847,0.002554930555555557,D1
2024,F13,65,0.2655,0.2577883269241655,0.002185196899244073,0.26525576388888894,0.00954200559640563,True,False,-2.3609708536067014e-05,-7.18022776058369e-05,-0.00034437499999989685,D1
2024,F13,66,0.25133333333333335,0.251223110031924,0.0004792660449212545,0.25907409722222235,0.004468715535630524,True,False,-5.142737117570551e-05,-0.0012797837705836312,-0.002867361111111244,D1
2024,F13,67,0.5415833333333333,0.47332292941572307,0.1178272807336114,0.49999895833333313,0.07006761042426908,True,False,0.006203659966127137,-0.001912118587533651,-0.0036415277777778754,D1
2024,F13,68,0.24787499999999998,0.25367093011911707,0.001082560682608094,0.2576514583333331,0.006716151808042354,True,False,0.00010196511054234966,0.0004977731113356421,0.0012366666666666082,D1
2024,F13,69,0.42891666666666667,0.41346581172838665,0.012791384836466356,0.43358361111111043,0.023086237636005095,True,False,-0.0010279363897600976,0.001486751335308012,0.0027969444444445046,D1
2024,F13,70,0.44295833333333334,0.4197966439819627,0.021412617717122544,0.44118930555555486,0.02986958996839605,True,False,-0.0003048966248839838,0.0005422629020770953,0.0008484722222222851,D1
2024,F13,71,0.549125,0.5055638128711847,0.04832363065287066,0.5277690277777772,0.04487186881038361,True,False,0.0068367246942409934,-0.003541536591394445,-0.006644374999999592,D1
2024,F13,72,0.45575000000000004,0.4288552234815793,0.02369878927174421,0.45488569444444377,0.031423710044953986,True,False,0.0028971223377377286,-0.002496434484422605,-0.004569722222222294,D1
2024,F13,73,0.56725,0.5344542838262129,0.03119627911553728,0.5475440277777779,0.036053362716220894,True,False,-0.000360296025137985,0.00024328897047565246,0.0004155555555555024,D1
2024,F13,75,0.46820833333333334,0.5007353785733294,0.028305828897949154,0.5022324305555556,0.034342532483999315,True,False,-0.0019436029915528355,-0.0012562718942472628,-0.0025995138888886826,D1
2024,F13,76,0.5653333333333334,0.5047055552873508,0.0952201596852341,0.5235945833333332,0.0629881469290169,True,False,0.00260497026210528,-0.0009774675178646497,-0.0017333333333330314,D1
2024,F13,77,0.482875,0.5090429231294548,0.020666291600756184,0.5207761805555556,0.029344428489320437,True,False,-0.0009835449989318984,-0.0005069355022957467,0.00023972222222257145,D1
2024,F13,78,0.5759583333333333,0.5388170180830183,0.035861154354279605,0.5543043750000008,0.038655074243385566,True,False,-0.0019744161426259177,0.0011853913659651827,0.002303888888889105,D1
2024,F13,79,0.495625,0.4972608625627262,0.006773677391645282,0.4909420833333334,0.016799897558771603,True,False,-0.0011547754603723594,-0.005227371059779939,-0.010663541666666443,D1
2024,F13,80,0.5730833333333333,0.5054655828083666,0.1151666119017147,0.5133481944444448,0.06927199166501648,True,False,0.008371805749272737,-0.0025231977036650477,-0.0035731249999997328,D1
2024,F13,81,0.5222916666666667,0.49736900958585145,0.02188627008366021,0.5075106944444446,0.030198144316373295,True,False,0.003683701974459594,-0.004443108598236878,-0.0075797222222222516,D1
2024,F13,82,0.5330833333333334,0.5034543579916967,0.025805147584571655,0.505156388888889,0.03279046328874427,True,False,0.0008777400731574993,-0.0006529838027689028,-0.0023286111111111563,D1
2024,F13,83,0.5427083333333333,0.5306409571961356,0.009874469853967277,0.5360238194444448,0.020283891241951166,True,False,-0.0009577774975552782,0.0016614455705386,0.00347041666666692,D1
2024,F13,84,0.5364166666666667,0.5498530216311466,0.009386814208744664,0.568051458333333,0.0197766847246371,True,False,0.0015107464809110353,0.0035469790262488976,0.008784861111110875,D1
2024,F13,85,0.5724583333333334,0.5522834609027474,0.0184687025548111,0.5628971527777782,0.027740390644638176,True,False,0.00045119284550480115,-0.0004438003944803315,-0.0010770138888888114,D1
2024,F13,86,0.556875,0.5224946555625757,0.02988758398868308,0.5168568055555552,0.03528903511756112,True,False,0.0034875671794564606,-0.002306042087088178,-0.0044237499999999486,D1
2024,F13,88,0.5509166666666667,0.4861535998302451,0.10410121014227097,0.4972414583333334,0.06586008216358848,True,False,0.0,0.0,0.0,D1
2024,F13,89,0.5786666666666667,0.5612033416886296,0.013802026794578409,0.5803524999999999,0.02398091845142926,True,False,0.0,0.0,0.0,D1
2024,F13,90,0.5575416666666667,0.4389443103020359,0.33910965024436596,0.4431123611111112,0.11886786260458256,True,False,0.0,0.0,0.0,D1
2024,F13,91,0.5779166666666666,0.5479497042952993,0.022716416629767647,0.5649736111111109,0.03076552225419962,True,False,0.0,0.0,0.0,D1
2024,F13,92,0.48141666666666666,0.4084880607625246,0.14611757567741002,0.4360085416666668,0.0780271255390847,True,False,0.0,0.0,0.0,D1
2024,F13,93,0.3935416666666667,0.4897990629427824,0.23335213577335223,0.49547909722222183,0.09860530237884274,True,False,0.020134841897506056,0.004383526859950526,0.009122152777777615,D1
2024,F13,94,0.40116666666666667,0.5292420877558037,0.3967242781441901,0.5371055555555552,0.12856974082577874,True,False,0.028849909777262928,0.004676163323883542,0.011684999999999945,D1
2024,F13,95,0.482,0.41191163635035855,0.12739957826500367,0.44654875000000005,0.0728581893889892,True,False,0.004191319996147011,-0.0012455003398219033,-0.0026827777777778117,D1
2024,F13,96,0.4086666666666667,0.5425226282648616,0.4526821609955206,0.5729602083333333,0.1373381109093419,True,False,-0.006907666164156334,-0.0016178396099845171,-0.00036013888888875023,D1
2024,F13,97,0.4735416666666667,0.42575563091781027,0.059199511996621636,0.4663932638888892,0.049665343381401966,True,False,-0.0016736006333120598,0.0009769778388886152,0.0012463888888890606,D1
2024,F13,98,0.39937500000000004,0.41090022498818546,0.020416391409986537,0.43080305555555515,0.029166470054089604,True,False,-0.0010886926346560626,0.000621196961030801,0.0022749305555554433,D1
2024,F13,99,0.46108333333333335,0.4282766677543199,0.029751814034028365,0.44012708333333345,0.03520879035247469,True,False,-0.0002875056601852402,0.00018790985422778572,0.0011434027777780242,D1
2024,F13,100,0.4057916666666667,0.3515478388787204,0.08598431557650152,0.35459569444444444,0.059855491107228945,True,False,0.0054570926830095345,-0.0021399974323109694,-0.004682708333333174,D1
2024,F13,101,0.45108333333333334,0.4394116950996376,0.0075986469766700995,0.4455587499999998,0.01779354632147812,True,False,7.535428248765276e-05,-0.0002462745038926406,-0.0006034027777779283,D1
2024,F13,102,0.38608333333333333,0.36063150272899985,0.061707827853707924,0.36528451388888833,0.05070660207413327,True,False,-8.457540184116791e-05,3.877336170327039e-05,0.0006399305555555568,D1
2024,F13,103,0.447375,0.47739864706495116,0.029404273102320393,0.47566687500000054,0.035002543420871814,True,False,-0.0005963487015774593,-0.00024388555047405447,0.00014326388888913355,D1
2024,F13,104,0.31779166666666664,0.41026739024551934,0.2090403540754989,0.42099625,0.09332745980227784,True,False,0.008303038037977384,0.0019148492481477208,0.0033672916666665498,D1
2024,F13,105,0.442,0.4793002843714331,0.03994333530417988,0.4885096527777779,0.04079590221669526,True,False,-0.0007239094591393741,-0.0003139268231509562,-0.00029062499999965574,D1
2024,F13,106,0.31616666666666665,0.4967839254508844,0.7942807019106043,0.5184570138888885,0.18192039260697296,True,False,-0.0083696566407081,-0.0010182922635583735,-0.0034856250000003808,D1
2024,F13,107,0.44425,0.4742342748644315,0.029156689218672576,0.4800920138888893,0.03485487126325421,True,False,-0.006962656723656004,-0.004320753606683547,-0.00851597222222189,D1
2024,F13,108,0.4572083333333334,0.47517537113207214,0.015685499648066113,0.49947465277777797,0.025564868185384566,True,False,-0.0006326790724112512,-0.003203710679782812,-0.0101630555555558,D1
2024,F13,109,0.3450416666666667,0.5137342921798819,0.6910662295874828,0.5720023611111107,0.16968920482108396,True,False,-0.012351789263293833,-0.0015544712166469798,-0.003501527777777791,D1
2024,F13,110,0.35375,0.4150515726476842,0.09191731960472597,0.409369444444444,0.0618860914653978,True,False,-0.0013414387022034902,-0.00045421250937466295,-0.00015291666666666925,D1
2024,F13,111,0.3712083333333333,0.49155941755773397,0.35172830588463766,0.5040173611111111,0.12105926680154051,True,False,0.011620891785144749,0.0019429617152554313,0.005740486111111165,D1
2024,F13,112,0.39633333333333337,0.6676893059005771,1.7856416092300436,0.6982143055555557,0.2727668119803406,True,False,-0.022969149867646976,-0.0016700307958387173,-0.004053749999999967,D1
2024,F13,113,0.5562916666666667,0.5186878647399297,0.03875899687401118,0.5300914583333335,0.04018654256195473,True,False,0.0073266133630364855,-0.003861293125450027,-0.009678194444444843,D1
2024,F13,116,0.9369166666666667,1.021717180111355,0.2613111999708761,1.067380833333333,0.1043454199543668,True,False,0.006120358644158441,0.00222423098631519,0.0051764583333338,D1
2024,F13,117,0.3037916666666666,0.317473291761957,0.009625199545011193,0.32054104166666714,0.02002623232268449,True,False,0.001172241281477096,0.0015039470194639915,0.002816666666666523,D1
2024,F13,118,1.101625,1.0585761593039282,1.5778075978567099,1.108460416666666,0.2564019953979094,False,False,0.0543544931095743,-0.034621903295725565,-0.07341833333333314,D1
2024,F13,119,0.3114166666666667,0.4082951268436558,0.23360566026840918,0.387628958333333,0.09865885250625198,True,False,-0.00990180366225904,-0.0016643614670890927,-0.0005668750000000777,D1
2024,F13,120,1.25,1.1377691984581346,1.5021952021314406,1.2593733333333323,0.25018286663054423,False,False,0.06998189752212092,-0.009712857127209817,-0.02423090277777784,D1
2024,F13,121,1.3183749999999999,0.8640464132686195,5.594251749030053,0.8843082638888893,0.4827979110106549,False,False,0.09628186035538278,-0.002892437147818061,-0.014353263888888468,D1
2024,F13,122,0.34879166666666667,0.4316215505545958,0.1795956232802255,0.4472150694444441,0.0865052077623619,True,False,-0.010169080262346253,-0.001794472606122699,-0.0006497222222224264,D1
2024,F13,125,1.4950833333333333,1.4627249161564928,0.2746193430238462,1.5081013888888861,0.10696949390360595,False,False,-0.08128139551203467,0.036586372444076254,0.07627916666666668,D1
2024,F13,126,0.3818333333333333,0.5574177994521793,0.8261688496907121,0.5370904861111111,0.18553625540698598,True,False,0.0495218906329119,0.0044716930235069174,0.003211874999999864,D1
2024,F13,128,0.7817083333333333,0.7517336919238451,0.10034616362207323,0.7508751388888902,0.06466134974557612,True,False,-0.03889739437910579,0.015140150669170294,0.036683402777778484,D1
2024,F13,129,0.7205833333333334,0.6816268018822808,0.04325913806647933,0.6383261111111118,0.04245543647288655,True,False,0.0021776629924258745,-0.001236725167228836,-0.0014496527777774215,D1
2024,F13,130,0.773125,1.0091588549332229,1.3475024366332256,0.9372952777777775,0.23695133436998772,True,False,-0.16409086695954778,-0.014013117681866749,-0.029003124999999796,D1
2024,F13,131,0.73775,0.7582380869062876,0.026017748181003542,0.7275943055555549,0.03292526143973876,True,False,0.003676877102996825,0.004858770795909906,0.0110263194444441,D1
2024,F13,132,0.8696666666666667,1.261123924703153,3.965790297742945,1.3010236111111113,0.40649878524536337,True,False,0.2432852546163251,0.013254047457782026,0.028767708333332864,D1
2024,F13,133,0.9788333333333333,1.2533895279692886,1.824513628812242,1.397744513888887,0.27571978746638787,True,False,0.2282816271907795,0.017659428307926106,0.032751736111111374,D1
2024,F13,134,0.7533333333333333,0.732937654187067,0.013536974859042955,0.7429461111111116,0.02374953934557026,True,False,-0.0012583711920714415,0.0015659995037227148,0.0037419444444445338,D1
2024,F13,135,1.0125833333333334,1.1081326847386128,0.27606739549087417,1.1661634722222216,0.10725114519413342,False,False,-0.041718666617315936,-0.00953982687155941,-0.022713541666666615,D1
2024,F13,136,0.73775,0.7597201139768995,0.013824769789896513,0.783702430555556,0.02400066821109407,True,False,0.0074415967936971245,0.008863845605374898,0.018977013888888727,D1
2024,F13,137,1.075875,1.291369547140958,1.4976114678788348,1.506361527777777,0.24980087635611847,False,False,-0.04691036576669361,-0.005449894218405138,-0.014626180555556312,D1
2024,F13,138,0.7215416666666666,0.7489420935403491,0.023788019803144014,0.7900941666666662,0.03148281264114862,True,False,0.0,0.0,0.0,D1
2024,F13,139,1.3034583333333332,0.9554631465471403,4.981797850717942,0.9277993055555559,0.4556038964348098,False,False,0.0,0.0,0.0,D1
2024,F13,140,0.714625,0.7797504651292005,0.10988075909282993,0.8228914583333332,0.06766361623650666,True,False,0.0,0.0,0.0,D1
2024,F13,141,0.7079166666666666,0.7454827236017988,0.04762531992504307,0.7681520138888883,0.04454647382464888,True,False,0.0,0.0,0.0,D1
2024,F13,142,0.4254583333333333,0.45431045957968713,0.08441312925516153,0.45461458333333354,0.05930610186958054,True,False,0.0,0.0,0.0,D1
2024,F13,143,1.52975,1.2371708850888246,2.533284412108951,1.2795993055555555,0.3248900078044973,False,False,0.04775719798194711,-0.0035178306671364012,-0.006078958333333606,D1
2024,F13,145,0.6891666666666666,0.7450808287736191,0.07877945160407648,0.753468055555555,0.057292906630488326,True,False,0.009411153820619467,0.0034622849143332024,0.005898472222222173,D1
2024,F13,146,1.4956666666666667,1.3778056733431494,1.0637744783415573,1.3850003472222212,0.21053250722291056,False,False,0.0390107141694116,-0.00803959435157453,-0.013106805555555656,D1
2024,F13,147,0.41225,0.4518403128373578,0.0907042223649209,0.4480143055555558,0.06147635804549885,True,False,-0.0005251392747384342,0.00025174767930313813,0.0001527083333333623,D1
2024,F13,148,0.7375833333333333,0.8678079394878494,0.4111005904569262,0.9046743055555555,0.1308785363191329,True,False,0.03454392372482529,0.005561955824993969,0.012948819444444482,D1
2024,F13,149,0.7759166666666667,0.7498933569881876,0.02857348792456648,0.7049569444444438,0.034504521397302944,True,False,0.011943984917921712,-0.01453214231215283,-0.0316802777777776,D1
2024,F13,150,0.8217500000000001,0.8390390958771908,0.010564903584014901,0.8625795138888886,0.020981046589734768,True,False,0.0028979763197706874,0.0038824744993528615,0.00845895833333321,D1
2024,F13,151,1.676875,1.398739856822295,2.049177838905353,1.385534166666666,0.2922026864256893,False,False,-0.013848727784151915,0.002396718082325444,-0.002245347222221916,D1
2024,F13,152,0.43320833333333336,0.4409467608954356,0.003783069713076687,0.4210350694444445,0.01255499520953826,True,False,-1.901644757358687e-05,0.00022269528526397409,0.0006206944444444584,D1
2024,F13,153,1.6374166666666667,1.5243811864291195,0.5470969244261145,1.4406173611111086,0.1509824664801229,False,False,-0.06062391997903138,0.009745619206273926,0.02480756944444429,D1
2024,F13,154,0.412625,0.49128082180055516,0.20226792716723108,0.47071874999999963,0.09180321507787528,True,False,-0.016147541143570032,-0.0023312909180748242,-0.006563263888888782,D1
2024,F13,155,0.807375,0.7612270272335885,0.06240639040845261,0.8183238194444438,0.0509928060320165,True,False,0.026645220903087546,-0.014656707885919884,-0.031201180555556096,D1
2024,F13,156,0.7513333333333333,1.1426697655999967,3.7326804011319923,1.1061882638888902,0.39437082808844565,True,False,0.10722765175563831,0.005980595885114903,0.01580437500000076,D1
2024,F13,157,0.42483333333333334,0.4441010367565617,0.023846639818373386,0.41483437500000014,0.03152157978960167,True,False,-0.00032234994415836216,-0.0005102503440164163,-0.0006723611111114081,D1
2024,F13,158,0.4527083333333333,0.4408166609230235,0.021134278717105232,0.4360518055555558,0.029674820076051874,True,False,-0.0009830096298812027,0.0007085248850396408,0.002057986111111021,D1
2024,F13,159,0.5987083333333333,0.8626897539638702,1.7043787459196922,0.9385018750000005,0.26648786291309245,True,False,0.11282331459928963,0.008887152919383468,0.019910624999999738,D1
2024,F13,160,0.45808333333333334,0.7202244738493682,1.6990304344194596,0.7322933333333345,0.2660694171968614,True,False,-0.0028071905792144136,-0.0002227571734745304,-0.00015472222222223664,D1
2024,F13,161,0.491625,0.4642417126770426,0.026169828819197744,0.48624590277777785,0.033021349671587305,True,False,-0.020824812090581964,0.01140223573698712,0.027279097222222548,D1
2024,F13,162,0.585875,0.7416778277702828,0.5938503510851317,0.7511481250000006,0.15730150866583306,True,False,-0.027411051229287664,-0.0033022934433984963,-0.003581041666667284,D1
2024,F13,166,0.7276666666666668,0.7619334368420786,0.041497403351736774,0.8403827777777785,0.04158194888396926,True,False,0.00499786914828735,0.004119644161165281,0.009944722222222646,D1
2024,F13,167,0.43249999999999994,0.4397628513195961,0.04427180664920817,0.4494392361111115,0.04294948905847046,True,False,-0.0015775749850792942,-0.0006028357554386243,-0.0020166666666665,D1
2024,F13,168,0.6692083333333333,0.7972488030939634,0.4075844598818001,0.798776041666667,0.13031763437236088,True,False,0.05699869336954877,0.009545468539502666,0.018721944444444416,D1
2024,F13,169,0.8197916666666667,0.7039042532711126,0.32996036201420464,0.7137875694444444,0.11725335141162715,True,False,0.0623051335355736,-0.01178299350601486,-0.022856111111111077,D1
2024,F13,170,0.433875,0.43302840795079406,0.013783310836420821,0.4170955555555555,0.023964653516881918,True,False,0.0003172806571896964,0.0004487031275796083,0.0005519444444445631,D1
2024,F13,171,0.8714583333333333,0.8145628904786085,0.10081377537465236,0.8465729861111114,0.06481183513791172,True,False,0.022705354869053423,-0.00881457355110249,-0.019432569444444714,D1
2024,F13,172,0.9783749999999999,0.8776848056189971,0.585876259308556,1.0345404861111105,0.15624183436110564,True,False,-0.03176522727030673,0.004821916535579063,0.011585763888888989,D1
2024,F13,173,0.42091666666666666,0.4618189844611038,0.056087305646909974,0.4621647222222223,0.04834222862695978,True,False,-0.0018576147525213582,-0.000535385079124262,-0.0008942361111108355,D1
2024,F13,174,0.9472083333333333,0.8209807080479407,0.38795825455770777,0.8072020833333312,0.12714136727767963,True,False,0.0015005700494067353,-0.0003498161270691913,-0.0026332638888891813,D1
2024,F13,175,1.2699166666666668,0.9465834688134597,5.946698320267106,0.9424327777777782,0.4977741422350061,False,False,-0.003390097419432081,0.0007026006648607197,0.0036850694444446885,D1
2024,F13,176,0.4254166666666666,0.43434063930442884,0.012610400660887363,0.43800541666666665,0.022922333233558637,True,False,0.0008005631140950639,0.002166464467809104,0.004750347222222007,D1
2024,F13,177,1.0051249999999998,0.9689652191905238,0.07018477385309708,1.0094589583333322,0.05407740357314114,False,False,-0.0724319020625971,0.027856795798032796,0.05307944444444457,D1
2024,F13,178,1.8420416666666668,1.0832189592790977,19.8317425347126,1.1453977777777782,0.9090228850876225,False,False,0.06698077461223662,-0.0008345143449624004,-0.00399618055555595,D1
2024,F13,179,0.4014166666666667,0.32275087464245444,0.17339244732816633,0.3059859027777778,0.08499814883478501,True,True,0.007828855273097568,-0.001487305316102694,-0.004840902777777545,D1
2024,F13,180,0.2919583333333333,0.31406711554927275,0.1270541304805368,0.30675687500000004,0.07275934375292083,True,True,-0.00010744314437780011,-3.4835255335874393e-07,-2.6944444444232385e-05,D1
2024,F13,181,0.38358333333333333,0.3112363202449236,0.1342286237625299,0.30038708333333347,0.0747854218644165,True,True,-0.0008705724929531089,0.0002305270747032795,0.0010938194444446991,D1
2024,F13,182,0.33537500000000003,0.3129476968221571,0.015317769292278693,0.2723114583333332,0.02526341994224612,True,True,0.0010277620816191314,-0.0007264588243561243,-0.0034677083333332637,D1
2024,F13,183,0.3569166666666666,0.32445850141926114,0.026960458101597584,0.31822770833333325,0.03351645000443662,True,True,-0.004258180197993129,0.0025838561362576673,0.010547222222222208,D1
2024,F13,195,0.55625,0.5184198790352864,0.0352361627540322,0.4653425694444444,0.03831675153356134,True,True,0.0,0.0,0.0,D1
2024,F13,196,0.5474166666666667,0.5115974698130553,0.03285488409632374,0.45442000000000005,0.036999371670522856,True,True,0.0,0.0,0.0,D1
2024,F13,197,0.5479166666666667,0.5163638334298537,0.024793193842534464,0.4795784722222222,0.03214109119863443,True,True,0.0,0.0,0.0,D1
2024,F13,198,0.27608333333333335,0.2602548903572249,0.006927600528628983,0.2578963888888888,0.01698970341195536,True,True,0.0,0.0,0.0,D1
2024,F13,211,0.5396666666666666,0.5124499563037267,0.040589913486448935,0.6249596527777775,0.04112476620321027,True,True,0.0,0.0,0.0,D1
2024,F13,212,0.29433333333333334,0.32219830398017346,0.02505400180268581,0.2934222916666666,0.032309700428487034,True,True,0.0006458860703078273,0.00028382341572052994,0.001693611111110993,D1
2024,F13,213,0.292,0.31428261278686803,0.014855822304039389,0.2729777777777776,0.02487956181289456,True,True,-0.003225464684111952,-0.0031337926769281488,-0.013758333333333428,D1
2024,F13,214,0.9180416666666668,0.5207045211597139,4.069716577348172,0.7424872222222215,0.41179063133608784,True,True,0.0387890500893322,-0.0016789813100587248,-0.0071164583333327425,D1
2024,F13,215,0.32666666666666666,0.2766671766865597,0.06845719763305493,0.23607152777777773,0.05340770763392323,True,True,-0.0016258534645236938,0.000735412059383378,0.003504375000000004,D1
2024,F13,217,1.69325,1.1890619180274387,6.28145038538437,1.1545006250000003,0.5115927085006348,False,True,-0.01569912242098148,0.0009692173097757273,-9.541666666623705e-05,D1
2024,F13,218,0.38949999999999996,0.3510749648450489,0.05176782171245649,0.41084208333333305,0.04644343410378214,True,True,0.004755760674972791,-0.003255805506567122,-0.013950902777777774,D1
2024,F13,231,0.620875,1.0052206000100081,3.5550354198214404,0.9613038194444442,0.38487202525760866,True,True,0.1766600558920679,0.009657239680120333,0.019674999999999443,D1
2024,F13,232,0.738625,0.7314414121023707,0.059787474479821794,0.7592783333333338,0.04991136914564231,True,True,0.005175642683770583,-0.0009908579538486784,0.000500000000000167,D1
2024,F13,233,0.6336666666666667,1.1849870997289356,7.410537276340206,1.0298191666666658,0.555672913244991,True,True,-0.30991120059512856,-0.011554725421574652,-0.018790069444444946,D1
2024,F13,241,1.4315,1.0112252172449014,4.541587964809666,0.9661452777777776,0.4350090020529109,False,True,-0.1263946606820392,0.006286961974585115,0.006986388888888584,D1
2024,F13,242,0.43204166666666666,0.6153647983921277,0.8544050766568795,0.4695304166666668,0.1886801831867088,True,True,-0.00043352147251796147,-0.00010910638117367366,-0.0011715277777775146,D1
2024,F13,243,1.7187916666666665,0.998842314003347,12.689667443166273,0.9717951388888887,0.7271424506004731,False,True,-0.11483798474521123,0.003989180748642851,0.004097569444444393,D1
2024,F13,244,0.44004166666666666,0.3513063985366108,0.2095193639225991,0.3453739583333337,0.09343432718639848,True,True,0.009137276927838445,-0.0023939806469835956,-0.004099652777777574,D1
2024,F13,245,0.84025,0.7535807475206607,0.19518562092335373,0.7225913194444445,0.09018167333299898,True,True,0.002282047843822771,-0.0007193385576710343,-0.0033868749999994563,D1
2024,F47,6,0.24050000000000002,0.2069677424868903,0.03139315578054302,0.2357113888888894,0.03616694841319386,True,False,-0.006800742463961604,0.004281751982103538,0.0099435416666665,D1
2024,F47,7,0.35720833333333335,0.20567741697174044,0.556613046461237,0.2039759722222212,0.1522898889264097,True,False,-0.00995514751118598,0.0013364839187473554,0.002494652777777717,D1
2024,F47,8,0.20741666666666667,0.17284408835724588,0.037796628558019144,0.1986647916666673,0.03968449978582063,True,False,-0.002286833160028562,0.0016637250470263876,0.004115902777777736,D1
2024,F47,9,0.174625,0.17939655548095476,0.0035869505675161775,0.21627673611111123,0.01222523102630406,True,False,-5.011110925691323e-05,0.0001888771895894592,0.00015687500000005627,D1
2024,F47,10,0.146625,0.1999852948882049,0.06874996238543242,0.24368611111111105,0.05352178776965213,True,False,0.0032416933920628443,0.0012796184273539957,0.002423541666666723,D1
2024,F47,11,0.21845833333333334,0.254583528585476,0.03207009236957941,0.25502708333333307,0.036554806096223184,True,False,0.0009132185415464643,0.0005134265652935732,0.001198680555555609,D1
2024,F47,12,0.13158333333333336,0.2030497271953254,0.12516446193934364,0.21978756944444444,0.07221624411542958,True,False,0.0004169854559211428,3.3808324916784205e-05,-0.0007730555555556518,D1
2024,F47,14,0.11625,0.14703455151479491,0.023500007389418043,0.1393069444444443,0.03129164384558736,True,False,0.00035782998015041964,0.0002101814376549438,5.333333333329415e-05,D1
2024,F47,15,0.19104166666666667,0.23195583371978512,0.04045263897080574,0.24273499999999984,0.04105516561632132,True,False,-0.0026465768995558026,-0.0013344787700608485,-0.0029400694444443043,D1
2024,F47,16,0.19587500000000002,0.23292212390663244,0.03360108107560761,0.24049687500000003,0.03741717579958412,True,False,0.0014298280846893122,0.0008793543487571609,0.00102125000000014,D1
2024,F47,17,0.112375,0.22116925574667887,0.2859480977354594,0.2579342361111111,0.10915358020839631,True,False,0.004098317969470078,0.0007485006249747794,0.0019902777777777714,D1
2024,F47,18,0.2031666666666667,0.23971521704968793,0.032597613567788036,0.24858048611111103,0.03685422497703397,True,False,0.0007240515782186707,0.00042144450161168967,0.0006901388888889692,D1
2024,F47,19,0.12375000000000001,0.25894217770061506,0.4393262351459919,0.323160069444444,0.1352969319598551,True,False,0.012105310019421611,0.0018883969439060233,0.0034852083333329342,D1
2024,F47,20,0.2107083333333333,0.2367527769158697,0.016976879669647504,0.24287243055555544,0.026596428072869348,True,False,-0.0004874125322858018,-0.00040977606104164455,-0.0009618055555553617,D1
2024,F47,21,0.14804166666666665,0.2785167278746919,0.4168555986834252,0.2650301388888882,0.13179143856289016,True,False,0.0005280936635632116,-2.1968486591861236e-05,-0.0009131944444443207,D1
2024,F47,22,0.21754166666666666,0.2369479207986933,0.009431785825988878,0.22868020833333305,0.0198240025242853,True,False,0.00010054530609688618,0.00013122309817889533,-0.00015472222222223664,D1
2024,F47,23,0.181625,0.2957157427011311,0.317566207997394,0.2995604166666662,0.11503010620365761,True,False,-0.0174441054245561,-0.003325814640622149,-0.008787777777777561,D1
2024,F47,24,0.22620833333333334,0.2851689340173337,0.08420189013056306,0.30390305555555525,0.059231850289970356,True,False,-0.004427021022650565,-0.001529032177829459,-0.002983888888889119,D1
2024,F47,25,0.23175,0.23674521163974416,0.0009150226813473156,0.23604861111111083,0.006174621045549123,True,False,-0.00013946119059942026,-0.0005073743926189422,-0.0011797222222222348,D1
2024,F47,26,0.25654166666666667,0.19872832167514023,0.08380148922160448,0.20531180555555575,0.05909085138637667,True,False,0.0036514502202736887,-0.00133341432955153,-0.002752986111111161,D1
2024,F47,27,0.24479166666666666,0.22404930187415362,0.01287538231710241,0.2162011111111107,0.023161914066255413,True,False,0.0006717404738943375,-0.0007178028330153685,-0.001366388888888903,D1
2024,F47,28,0.37166666666666665,0.29412970275955436,0.15033595326130547,0.322174513888889,0.0791454234466807,True,False,0.006588844431881596,-0.0018945641821892512,-0.0033417361111109933,D1
2024,F47,29,0.2630416666666667,0.25537540712143125,0.0041363418882096065,0.27115659722222224,0.013128121673544935,True,False,0.0001265220146121288,-0.0009634692951501767,-0.0017052083333333745,D1
2024,F47,30,0.28824999999999995,0.23314725413812973,0.0806095738195147,0.23498368055555544,0.05795457050552423,True,False,-0.0013080189682643378,0.00031174632097547006,-5.291666666668027e-05,D1
2024,F47,31,0.27995833333333336,0.30157419003109237,0.011517849810133998,0.2996027777777785,0.02190685757372753,True,False,0.000937993039789373,0.000901067028832303,0.0022861111111111,D1
2024,F47,32,0.29220833333333335,0.2565706648441622,0.03238672503327145,0.2608636805555555,0.03673481831160065,True,False,-0.001221437217992935,0.0006853802746397131,0.0015799305555552756,D1
2024,F47,33,0.2754166666666667,0.22253984741926877,0.07116774862365924,0.22946652777777765,0.054454778112844555,True,False,-0.003295169799260228,0.0013829432514760043,0.003517916666666593,D1
2024,F47,35,0.11945833333333333,0.17872085352189102,0.08885333947214175,0.18856770833333317,0.06084589121712251,True,False,0.002880972988180644,0.0010857530917428304,0.0014443750000000533,D1
2024,F47,36,0.298875,0.25296765145028194,0.07160232142970818,0.25270562500000004,0.05462078413544769,True,False,0.0,0.0,0.0,D1
2024,F47,37,0.13954166666666667,0.2391118638439571,0.2896239302105246,0.24009381944444427,0.10985291875399515,True,False,0.0,0.0,0.0,D1
2024,F47,38,0.30158333333333337,0.25082581971341567,0.07242359586084104,0.24637715277777783,0.05493313961112221,True,False,0.0,0.0,0.0,D1
2024,F47,39,0.16545833333333335,0.24124282439038833,0.2303443347482385,0.23962395833333328,0.09796775293181904,True,False,0.0,0.0,0.0,D1
2024,F47,40,0.29683333333333334,0.2507689386251634,0.06399690235097844,0.25008951388888895,0.051638528231906795,True,False,0.0,0.0,0.0,D1
2024,F47,42,0.21241666666666667,0.18845180685526028,0.019383611187215537,0.20320749999999976,0.02841919186278844,True,False,-0.0013029065886640857,0.000779529813862645,0.0010645833333333687,D1
2024,F47,43,0.250375,0.26314831450311,0.004901380094690115,0.2674647222222223,0.014290702243489928,True,False,-0.0001316198964884741,-0.0002228779349847665,-0.0004968750000000077,D1
2024,F47,44,0.20350000000000001,0.1675193709499221,0.03951316104861959,0.1739331249999995,0.040575629512789445,True,False,-0.0007049293154349351,0.00045385977695835966,0.0011690972222222484,D1
2024,F47,45,0.25329166666666664,0.2651350634149982,0.006357335769378147,0.27401819444444453,0.0162754106059035,True,False,-0.00010830607007732921,-0.00035529056431959916,-0.0009813194444443507,D1
2024,F47,46,0.19858333333333333,0.2192059631895853,0.011063581801460689,0.2173389583333328,0.02147050476958709,True,False,3.643994022231763e-05,1.312453391513757e-05,0.00024569444444441646,D1
2024,F47,47,0.19670833333333335,0.21054566401145944,0.008556152215814053,0.21610187499999958,0.01888137554114068,True,False,0.003758191507234483,0.006528481608909925,0.014158819444444443,D1
2024,F47,48,0.24883333333333332,0.24146991643873075,0.0020157322660791046,0.2589943055555555,0.009164542782919543,True,False,0.00012042290317826766,-0.0003280041803281897,-0.00048312499999991765,D1
2024,F47,49,0.203375,0.2141232362507182,0.0034308785780381513,0.210806180555555,0.0119563068748223,True,False,0.0004710190520341743,0.0010180962109995195,0.00197041666666678,D1
2024,F47,50,0.1525,0.1688958702978912,0.018724090532927482,0.16611944444444468,0.027931531266151135,True,False,0.0008185595790875522,0.0007637667714187057,0.0015796527777777736,D1
2024,F47,51,0.22654166666666667,0.23753459435502292,0.004922726762677625,0.25555194444444435,0.014321788125494934,True,False,0.0009138415289488824,0.0007358881023018515,0.00011854166666680488,D1
2024,F47,52,0.16025,0.17958527824367812,0.016387828986149617,0.18523138888888888,0.026130943491505125,True,False,-0.0004057150769806103,-0.0003793432861362023,-0.0009397222222221613,D1
2024,F47,53,0.239375,0.2638390942390796,0.018128467163440964,0.2850108333333335,0.027483682403868424,True,False,0.0009590420201737657,0.0006153987485921775,0.0009471527777780708,D1
2024,F47,54,0.16,0.18678522784338603,0.026511681552644925,0.19929347222222185,0.033236326482132046,True,False,-0.00012252629078932098,-6.237285833396444e-05,-7.249999999991985e-05,D1
2024,F47,55,0.250625,0.282826035635535,0.036116277456490084,0.28601284722222226,0.03879233035047547,True,False,-0.00010326962642133453,-0.00022447102286315967,-0.0007057638888888218,D1
2024,F47,57,0.26466666666666666,0.257959588816433,0.004377749921803175,0.25708493055555526,0.013505785676583164,True,False,-0.0008903467236849889,0.0029895469586397883,0.005777222222222156,D1
2024,F47,58,0.16016666666666665,0.16002179372797432,0.009186350659565258,0.16805743055555586,0.01956437095373166,True,False,2.995628495523414e-06,0.0005391166710444761,0.0015070833333334366,D1
2024,F47,59,0.31383333333333335,0.3724209236723395,0.08415053340849724,0.3957765972222218,0.05921378408237436,True,False,0.0016801222730773585,0.0006191981047249384,0.0011940972222219681,D1
2024,F47,60,0.14991666666666667,0.1580119873016946,0.02004914229945681,0.16250986111111124,0.02890295710033895,True,False,-1.2475235062786583e-05,0.0003946033887506639,0.0009711111111110893,D1
2024,F47,61,0.33525,0.3283202642441316,0.00417523290202056,0.3211454166666677,0.013189694370385918,True,False,-3.9086603099838975e-05,-0.0001076334227114728,-0.0004903472222221317,D1
2024,F47,62,0.15916666666666668,0.16392752417934706,0.00650916816514722,0.16004361111111123,0.016468616827604785,True,False,0.0001519848289657441,0.0007098915471549505,0.0013128472222222465,D1
2024,F47,63,0.344875,0.3846862343940569,0.04618873403730066,0.3890670138888892,0.04386947212911876,True,False,0.0008792858879612814,0.00032131643555538547,5.722222222231954e-05,D1
2024,F47,64,0.3558333333333334,0.3949569024366569,0.03838396964586281,0.39535187499999996,0.039991649985685974,True,False,0.0032592886137711996,0.0018951952065707212,0.004414375000000248,D1
2024,F47,65,0.15483333333333335,0.1898225390137083,0.0478664011570222,0.21585187500000005,0.044659079497260036,True,False,-0.0077194166206203535,-0.004156476791494418,-0.008854305555555608,D1
2024,F47,66,0.379125,0.4004877812788396,0.01645600933446122,0.4070534027777772,0.02618524499794781,True,False,0.0026955537003977535,0.001647932215030401,0.001050972222222224,D1
2024,F47,67,0.16879166666666667,0.1647580548138839,0.025061141708467533,0.16988937500000012,0.03231430392028914,True,False,-0.0008666907900093807,0.00024102192525282673,0.0012767361111111486,D1
2024,F47,68,0.208875,0.20001458165566124,0.0036058471592245907,0.19882034722222205,0.01225739089832571,True,False,-0.0004355317685070057,0.0008397869600743069,0.002044583333333433,D1
2024,F47,69,0.388125,0.43662711890510447,0.07496380533896611,0.4522388888888887,0.055888208855925846,True,False,0.0034844211109932854,0.0013466351935966792,0.00274569444444428,D1
2024,F47,70,0.19441666666666668,0.2135210346530347,0.010287310339528746,0.2175515277777773,0.020703572899712207,True,False,0.0008366293704772255,0.0008816894230376515,0.0015352083333333155,D1
2024,F47,71,0.40004166666666663,0.4352858489816793,0.03382174843577527,0.43146006944444454,0.0375398390800667,True,False,-0.0013487692233630985,-0.0007783671619750465,-0.001775902777777838,D1
2024,F47,72,0.18212499999999998,0.18842601302843423,0.0015864002744495915,0.1866243055555552,0.008130191352938727,True,False,-0.00030147631323415537,-0.0010950453717090136,-0.0018118749999999906,D1
2024,F47,73,0.4183333333333334,0.41945516970937424,0.0029146050461189804,0.4206784722222225,0.011020067010759244,True,False,-0.00024032798838148585,-0.0006665643304313851,-0.0012249305555556145,D1
2024,F47,74,0.21416666666666664,0.288601309285829,0.13412396350849956,0.29186256944444483,0.07475626047041689,True,False,0.010438512320258247,0.003192694571692245,0.008831736111111266,D1
2024,F47,75,0.194125,0.20608374286520362,0.010255042605418608,0.2092283333333325,0.020671077424566964,True,False,0.0001804087406519373,0.00026698994385804253,-0.0001129861111111019,D1
2024,F47,76,0.20341666666666666,0.20109139336611284,0.0018057509052746689,0.20804638888888857,0.00867407753326607,True,False,-0.00011897990017386271,0.0002012551841960586,-2.486111111102418e-05,D1
2024,F47,77,0.25829166666666664,0.28996616399567393,0.025498033558815913,0.31182777777777765,0.03259475517549814,True,False,0.0021434962427299385,0.0012286486921948003,0.0034347222222222418,D1
2024,F47,78,0.256375,0.27878347204347914,0.02493712621956218,0.3069977777777776,0.032234250818269236,True,False,0.000630529823315195,-0.00032678371173411325,0.0003232638888889805,D1
2024,F47,79,0.18629166666666666,0.2046555431430606,0.010175199254374729,0.201476111111111,0.020590450106759372,True,False,-0.0007370029269802413,-0.0006401606893829681,-0.00221715277777787,D1
2024,F47,80,0.24941666666666665,0.3236170014413086,0.13403786008795063,0.3392102083333332,0.0747322610189063,True,False,0.0027756356013142747,0.0007638350155209084,0.0017645833333332916,D1
2024,F47,81,0.18570833333333334,0.2068278281233666,0.013134509162639606,0.21292409722222225,0.023393828568876528,True,False,-0.0027489163346623227,-0.00252167619328475,-0.004926874999999914,D1
2024,F47,83,0.27391666666666664,0.3198896723515115,0.050999268913646825,0.33696493055555554,0.0460973918792443,True,False,0.0005550889138660892,0.0002529940310738721,0.0007865972222222961,D1
2024,F47,85,0.1935416666666667,0.20093669057918973,0.0017802507545826305,0.20545201388888867,0.008612613701674786,True,False,-3.3553161765928095e-05,-0.00011779002419767814,-0.0004841666666667299,D1
2024,F47,86,0.318125,0.27773841110542297,0.042676193897041304,0.28433326388888885,0.04216840933341041,True,False,0.0,0.0,0.0,D1
2024,F47,87,0.19670833333333335,0.22014994375188404,0.014870124282312509,0.2270036805555553,0.02489153494188378,True,False,0.0,0.0,0.0,D1
2024,F47,88,0.19945833333333332,0.2195041230370377,0.010407301294866094,0.22503034722222184,0.020823965855541395,True,False,0.0,0.0,0.0,D1
2024,F47,89,0.3682083333333333,0.3675729006957534,0.013750782212470253,0.3914774305555558,0.02393635851279236,True,False,0.0,0.0,0.0,D1
2024,F47,90,0.20099999999999998,0.21120397198795474,0.006342915182117005,0.21475569444444373,0.016256941058766516,True,False,0.0,0.0,0.0,D1
2024,F47,91,0.3677916666666667,0.33091820217464896,0.03297420296017739,0.31495972222222196,0.03706649596793207,True,False,0.0008785722154889403,-0.0004923159191919657,-0.0009127083333334007,D1
2024,F47,92,0.20695833333333333,0.21665532978193772,0.0033809020858307963,0.22338652777777768,0.011868905604264861,True,False,-0.0003550713232383152,-0.0004126637367741215,-0.000371180555555517,D1
2024,F47,93,0.44687499999999997,0.3694354509242899,0.14943874700287058,0.36491083333333335,0.07890889974174611,True,False,0.007195948899455962,-0.0018740999866295183,-0.00443916666666655,D1
2024,F47,95,0.6083333333333333,0.5918267638225233,0.008601789343862153,0.6153157638888888,0.01893166367035897,True,False,0.002750762848038793,-0.00333477722426756,-0.005829236111110969,D1
2024,F47,96,0.2085,0.28570604581101217,0.15056296418064882,0.28905895833333295,0.07920515665574034,True,False,-0.006984496601397855,-0.0017048597824793066,-0.004294236111111127,D1
2024,F47,97,0.6187083333333333,0.6035833952355917,0.013391148794252265,0.632040416666666,0.023621272893175005,True,False,-0.0016718512801879113,0.0007644198538268032,0.003422499999999662,D1
2024,F47,98,0.218,0.2608678846534575,0.04473449698184082,0.28181173611111116,0.043173341013215176,True,False,0.009769477059108071,0.005092836441613124,0.00947763888888864,D1
2024,F47,99,0.6459583333333333,0.580808249210403,0.10793363485283705,0.6139379861111114,0.0670614254660224,True,False,-0.0049700197230448245,0.001017382149624324,0.005618541666666865,D1
2024,F47,100,0.22024999999999997,0.2695346851396118,0.06204701100973991,0.2966067361111111,0.050845768018644676,True,False,-0.0035251978697457623,-0.0011515397538300887,-0.0015755555555558298,D1
2024,F47,101,0.6589166666666667,0.6180335190313597,0.04196017766784454,0.6299884722222228,0.04181316462742553,True,False,0.0005961066573491949,-0.00021691686658342757,0.0027106944444439396,D1
2024,F47,102,0.21483333333333332,0.2838261965972127,0.12283193768170128,0.2896913194444446,0.07154018034226793,True,False,0.00500501720435588,0.0013708058713779447,0.0023077777777776864,D1
2024,F47,103,0.6706249999999999,0.6757312871462836,0.008612862843746315,0.7322264583333332,0.018943845574647625,True,False,-0.00018179915624086038,0.006620612566547113,0.012949930555555822,D1
2024,F47,104,0.21458333333333335,0.30646624293691954,0.20574409180571782,0.3094582638888889,0.09258871687146825,True,False,0.009992720174434394,0.0023414301584433472,0.004143888888888891,D1
2024,F47,105,0.6841666666666667,0.5662840752665951,0.43211549056272197,0.5969188194444442,0.13418201111467992,True,False,0.00044173051370416383,4.035200375329673e-05,0.0002095138888886794,D1
2024,F47,107,0.22895833333333335,0.3094009364234744,0.1615159610311286,0.32396062499999984,0.08203555149830077,True,False,-0.015638016685790262,-0.003956641619883072,-0.008690277777777866,D1
2024,F47,108,0.726625,0.5534473828311827,0.7521210518327323,0.5865684722222219,0.1770264871698503,True,False,0.02932296349942365,-0.003944851246580061,-0.010279097222221978,D1
2024,F47,109,0.231,0.30491491959026756,0.1449744065657141,0.3323054861111105,0.07772129871258857,True,False,0.027725070838884647,0.008059530282003402,0.017464861111110896,D1
2024,F47,110,0.7380416666666667,0.5197022084681184,1.2125147329330326,0.512586458333333,0.22476976488296424,True,False,0.0916012267466515,-0.009796559778943448,-0.02424284722222203,D1
2024,F47,111,0.236,0.4975544484833976,1.6440193326370345,0.5640945833333328,0.2617265854408816,True,False,-0.0092441469245379,-0.0006938084956393809,-0.0013211111111111062,D1
2024,F47,112,0.7764166666666666,0.6182509604088432,0.6113805524826119,0.7182933333333329,0.15960635854117936,True,False,-0.09159621770514303,0.011756814258336523,0.025413125000000036,D1
2024,F47,113,0.2504166666666667,0.2871520240899516,0.033104993089363245,0.31093215277777825,0.03713993419564447,True,False,0.001319498387218225,0.0010698639263914678,0.004356597222222147,D1
2024,F47,114,0.7670833333333333,0.8712861077310637,0.6185684029002033,0.9330647222222215,0.1605418433124995,True,False,-0.06824517495593263,-0.011959708732876662,-0.02224479166666693,D1
2024,F47,116,0.819,0.8496500185413453,0.17041591508173853,0.8419409027777774,0.08426543258303355,True,False,-0.01300429882324497,0.005213742919910835,0.018354027777777726,D1
2024,F47,117,0.9079166666666666,0.8758577903539918,0.8475823086866143,0.8856574305555553,0.1879253296620999,True,False,-0.038044381961951035,0.005265462107122421,0.015474374999999818,D1
2024,F47,118,0.28562499999999996,0.3752032078606377,0.19441307803534796,0.35383986111111115,0.09000302727208401,True,False,0.0017163416619112304,0.0004266385999884825,0.0019090972222218783,D1
2024,F47,119,0.921875,0.5997804365715008,2.993049464470263,0.6354932638888893,0.3531435888600098,True,False,0.05690803730498484,-0.002361408978736046,-0.01123770833333293,D1
2024,F47,120,0.4049583333333333,0.598372993256378,0.9257519055815713,0.570855,0.19640009181743986,True,False,0.13255954039670304,0.014549121171661517,0.02807229166666625,D1
2024,F47,121,0.5975416666666666,0.6483937074284151,0.07789000003684766,0.6491739583333328,0.056968558593332747,True,False,-0.025204255786029583,-0.00993665026935675,-0.0212792361111116,D1
2024,F47,122,0.5997916666666666,0.5370186299695178,0.10430565254646611,0.5115479166666667,0.06592472113026156,True,False,0.005317487151649425,-0.001651906382657664,-0.0035338888888887254,D1
2024,F47,123,0.44,0.6620652501102983,1.2043312289966481,0.6441670138888894,0.22400997271295833,True,False,0.050439583406755695,0.004627096214383064,0.011995069444444728,D1
2024,F47,124,0.47941666666666666,0.6673667865755911,0.8557645941317132,0.6425602777777784,0.18883023616153582,True,False,0.011648510860355454,0.001271321057897623,0.00305736111111099,D1
2024,F47,125,0.671625,0.5966681997225706,0.13902880319564093,0.5814184027777779,0.0761108848970919,True,False,0.01023915415480478,-0.0028085014407257525,-0.0032007638888890133,D1
2024,F47,126,0.496875,0.6384229969252311,0.5082254924496621,0.7336487500000001,0.1455199717750199,True,False,-0.0850243134005666,-0.011253060189114317,-0.02736305555555596,D1
2024,F47,127,0.688125,0.6884378162052607,0.013751935191138102,0.6883328472222224,0.023937362002333387,True,False,-0.0011711438042796302,0.002703071412825664,0.0072801388888890095,D1
2024,F47,128,0.48029166666666673,0.6608747508966683,0.8027658044147852,0.663858958333334,0.18288951633144362,True,False,-0.001427907004631468,-9.88885149996177e-05,0.0011013194444444707,D1
2024,F47,129,0.71075,0.6710614785536615,0.04144172540618322,0.663349166666667,0.04155404382958375,True,False,0.010092677901446731,-0.00596402466125745,-0.010573888888888883,D1
2024,F47,130,0.4907916666666667,1.0648316486058922,8.122764644229576,0.877248333333334,0.5817632910754158,True,False,-0.34560141159173163,-0.012703858793408962,-0.027762430555555273,D1
2024,F47,131,0.70275,0.6499068611490446,0.07929315339947277,0.6334477083333336,0.057479399715417163,True,False,0.006151017107909454,-0.0024705570656700093,-0.0048595833333332505,D1
2024,F47,132,2.7121666666666666,1.2702134662562339,54.599684619940625,1.344644166666665,1.5083059567488928,False,False,-1.7281999878254766,0.024312433898005414,0.04951659722222135,D1
2024,F47,133,0.46658333333333335,0.4714711103422123,0.002653040199063219,0.4726524999999997,0.010513959369696752,True,False,-0.0014369609563558545,-0.0038031817861176598,-0.009986388888888975,D1
2024,F47,135,0.49066666666666664,0.447768697686819,0.058449170874171265,0.44191513888888884,0.04934959087730248,True,False,-0.006283221160058215,0.002828740698500032,0.006197916666666747,D1
2024,F47,136,1.65275,1.891625072772195,1.5887814047258721,1.9997711111111103,0.2572921009221063,False,False,0.0,0.0,0.0,D1
2024,F47,137,0.511375,0.40846989136437045,0.25632393276232535,0.3980796527777785,0.10334487827220509,True,False,0.0,0.0,0.0,D1
2024,F47,138,1.7102916666666665,1.6211233668275857,0.6791954010220812,1.6066538194444444,0.16822546886818313,False,False,0.0,0.0,0.0,D1
2024,F47,139,1.684375,1.6903943094338214,0.1338265923469477,1.7387263194444451,0.07467334206031061,False,False,0.0,0.0,0.0,D1
2024,F47,140,0.4033333333333333,0.4481662484879965,0.04906199582883122,0.44758979166666685,0.04521338105253025,True,False,0.0,0.0,0.0,D1
2024,F47,141,1.8655,1.7856374735102254,1.3532055951148403,1.8055880555555541,0.2374522403834471,False,False,0.0962284175044903,0.009730935616931058,0.004434861111110022,D1
2024,F47,144,0.409875,0.44489668540394084,0.032649106089570376,0.437387152777778,0.036883321710480005,True,False,-0.0015505280842649724,-0.0008619055459077041,-0.0014947916666663286,D1
2024,F47,145,2.141625,1.6007613316527243,9.88250678091459,1.4927373611111052,0.6416939425235688,False,False,0.3624517773170748,-0.008136837838691013,-0.030742222222224225,D1
2024,F47,146,0.7000000000000001,0.7755562853551735,0.1465112977663209,0.7671497222222218,0.07813217907450193,True,False,-0.02611235170426021,-0.0072810097758910786,-0.019145902777776946,D1
2024,F47,147,1.7504583333333334,1.433894811865766,2.497533305454127,1.3702071527777786,0.3225893484404829,False,False,-0.08116266858705679,0.0045258358530195775,0.004291805555555639,D1
2024,F47,148,0.40570833333333334,0.4413147331832041,0.034244476255187714,0.4460367361111113,0.03777371013415929,True,False,0.0060920796397898255,0.0038954536281617935,0.008980208333333684,D1
2024,F47,149,0.6973333333333334,0.7750816103795867,0.1526914675061487,0.7606311111111106,0.07976305209445575,True,False,0.007476811307893488,0.0018804797887750357,0.0032358333333331046,D1
2024,F47,150,0.4267916666666667,0.5353054285089289,0.383312549450827,0.5730642361111112,0.12637783123284635,True,False,0.023113001216728046,0.004496757506128213,0.008494791666666668,D1
2024,F47,151,1.3133333333333332,1.3580926492090322,1.7084759286220248,1.2532055555555577,0.26680797781535265,False,False,0.009442517402080464,-0.003250454975639361,-0.00935423611111097,D1
2024,F47,152,0.4427083333333333,0.6495549832675542,1.0547145597552443,0.7095005555555551,0.20963406209345334,True,False,-0.04441983735566124,-0.004835815904884799,-0.015498055555555723,D1
2024,F47,153,0.8378333333333333,0.7921856981569046,0.05804454814759323,0.8040590972222225,0.049178479434434035,True,False,0.008995362543378654,-0.0034527523100605917,-0.003654027777778124,D1
2024,F47,154,1.6209999999999998,1.3853577089570572,1.7279823060349482,1.3177020833333357,0.26832678351490774,False,False,0.09505777190778053,-0.0064383153886382605,-0.017449722222222075,D1
2024,F47,155,0.41566666666666663,0.4807411112013807,0.10760055516887441,0.4944562499999999,0.06695787082464441,True,False,0.0029582128899160176,0.0007356706515904143,0.0022045138888889815,D1
2024,F47,156,0.83225,0.7662394142615012,0.10903682709181524,0.783606111111112,0.06740327238959275,True,False,0.008094197941117903,-0.0030045024798598385,-0.003353124999999957,D1
2024,F47,157,1.2108333333333332,0.9364078889173658,4.806543571024327,0.9727580555555561,0.4475183222982946,False,False,0.11376322279773365,-0.005703540078645597,-0.009874027777778016,D1
2024,F47,158,0.410125,0.46105525616447274,0.07161584773342919,0.44230201388888873,0.05462594306334262,True,False,0.00614249452826815,0.002418943130454043,0.006340208333333153,D1
2024,F47,159,0.721,0.7903411901674096,0.17527982422543334,0.7458850694444448,0.08545949923439206,True,False,0.0021425177859427658,0.0017744066763071276,0.0016404166666664777,D1
2024,F47,160,0.6937083333333334,0.7716193012600198,0.17051882577516017,0.7301630555555564,0.08429087183061405,True,False,-0.011163959826907377,-0.0026399894993646145,-0.006918680555555667,D1
2024,F47,161,0.646,1.1609627259164348,6.3902583459267595,1.444070833333333,0.5160046166592068,True,False,0.5091826542370947,0.020884809326021436,0.04775611111111022,D1
2024,F47,163,0.56975,0.7527060781784183,0.8092674859601938,0.8226508333333337,0.18362864314064606,True,False,0.033379215928418304,0.003777694614928939,0.009794166666666548,D1
2024,F47,165,0.487875,0.4474045947001261,0.04305215692965293,0.4531050000000008,0.04235374684805197,True,False,-0.0007056491282107016,0.000333051845415655,0.0006275000000002251,D1
2024,F47,166,0.6535,0.7114553413841026,0.08932419769353021,0.8122858333333337,0.06100689772938597,True,False,0.007832965561661562,0.0027401144925518484,0.00263743055555532,D1
2024,F47,167,0.459625,0.4466345382334856,0.010233796383285972,0.43367499999999987,0.020649653329703033,True,False,7.437716965820809e-05,0.0007201684400293118,0.0009143749999999118,D1
2024,F47,168,0.782625,0.7103648751487951,0.1346460017628498,0.7453405555555556,0.07490160260937062,True,False,0.009442484426763487,-0.002865395717806196,-0.00421659722222234,D1
2024,F47,169,0.4135416666666667,0.43335638168883245,0.021765903520123447,0.41869493055555534,0.030114990398002958,True,False,0.0007803572554856662,0.0006116334605213991,0.00040354166666656255,D1
2024,F47,170,0.7702083333333333,0.7461417235908562,0.35317011581733365,0.7469822222222225,0.12130713702164808,True,False,-0.007040120642159364,0.0016850200974452,0.005047986111111347,D1
2024,F47,171,0.8664999999999999,0.8805390566262677,0.03776631579381908,0.8624735416666671,0.03966858317874648,True,False,0.006067809424895855,0.006557620270051245,0.017401527777778036,D1
2024,F47,173,0.9253333333333332,0.8006889806714094,0.4040021193246993,0.837848888888885,0.12974367668032666,True,False,-0.011583734452447148,0.0021041245143162968,0.0035259722222221734,D1
2024,F47,174,1.0531666666666666,0.9059144021969175,1.3683250744830233,0.853840277777779,0.23877509244082804,False,False,0.042713918923097394,-0.003275592314077813,-0.014019791666667003,D1
2024,F47,175,0.40491666666666665,0.4732019960050308,0.11511754838826795,0.4647809722222223,0.0692572343959664,True,False,0.004628007632331593,0.001312506434098637,0.004705624999999991,D1
2024,F47,176,0.9803333333333333,0.8998206606896911,0.16841750101504904,0.8848790972222215,0.08376989838615684,True,False,-0.020171306827818425,0.0050718609218282085,0.011157847222222239,D1
2024,F47,177,1.4867916666666667,1.0198163122766897,8.872828337395774,1.066910833333332,0.6080305754851675,False,False,-0.09695662717869524,0.0019322312754721516,0.006032569444444746,D1
2024,F47,178,0.30579166666666663,0.694579152163262,3.635981394947053,0.7722062499999988,0.38922901329353715,True,False,0.358627664912448,0.019710473897269765,0.038343680555554926,D1
2024,F47,179,0.248,0.22782674882678733,0.027154872483010805,0.225883611111111,0.03363707805570291,True,True,0.0006347413124238761,-0.0004748224809196788,-0.0017586805555553642,D1
2024,F47,180,0.20129166666666667,0.21551613905737063,0.005799657579161418,0.22555201388888865,0.015545172856283257,True,True,-0.000489209889002409,-0.0006242729909614608,-0.002507291666666578,D1
2024,F47,191,0.29050000000000004,0.34796129607918,0.14509275365342553,0.48984958333333345,0.07775301538992596,True,True,0.0019234590373810867,0.0006243389123634091,0.002522361111111149,D1
2024,F47,192,0.14441666666666667,0.1640150438688396,0.024514427738056923,0.1520449305555556,0.031959888752711656,True,True,0.00032863944969072426,0.00018346136624036724,0.0005409722222221303,D1
2024,F47,193,0.381,0.3600413877287008,0.01881553022055883,0.3994334722222226,0.02799965045954356,True,True,0.0,0.0,0.0,D1
2024,F47,194,0.253375,0.23280648358028636,0.016070728472975863,0.2553257638888888,0.02587689483639786,True,True,0.0,0.0,0.0,D1
2024,F47,195,0.19183333333333333,0.2007257821423716,0.0036203005266036365,0.21090472222222215,0.012281932066053432,True,True,0.0,0.0,0.0,D1
2024,F47,196,0.18425,0.21803569747697196,0.05574226502965955,0.25556020833333337,0.04819330219268871,True,True,0.0,0.0,0.0,D1
2024,F47,209,0.6549583333333334,0.4945885785373758,0.7208251718092229,0.4294878472222224,0.17330430507843023,True,True,0.0,0.0,0.0,D1
2024,F47,210,0.51825,0.5126910838431339,0.015921433326112205,0.5209676388888892,0.025756417748877176,True,True,0.001823996467458247,-0.0010965173290016228,-0.003250486111110673,D1
2024,F47,212,0.521125,0.37997622236473316,0.5033789787327593,0.4053596527777778,0.14482445965328153,True,True,-0.0033017704966328276,0.0005299255217556809,0.000658194444444482,D1
2024,F47,214,0.5314583333333333,0.4345668221202738,0.2753564056104719,0.38845520833333275,0.10711294770989638,True,True,0.0012095963433357282,-8.624441922899795e-05,-0.0003049305555558046,D1
2024,F47,215,0.7052499999999999,0.6874307663182441,0.016216669320886192,0.6497229166666662,0.02599412539472957,True,True,-0.003911871023792295,0.0034001691989458127,0.014554097222222118,D1
2024,F47,216,0.5559583333333333,0.8895797184713458,2.701545716509735,1.042916041666666,0.33550619197650033,True,True,0.3320852057737498,0.021783113326255155,0.04721840277777789,D1
2024,F47,229,1.78825,1.321668819903827,5.425659536371824,1.2723881249999986,0.4754672936688979,False,True,0.4947236383460858,-0.022823479167032534,-0.04427118055555557,D1
2024,F47,230,0.460875,0.4469157194336421,0.010534494436712163,0.4309204166666667,0.020950829773456234,True,True,0.00044417363623648447,-0.00034159599072036695,-0.0022926388888886984,D1
2024,F47,231,2.1767083333333335,1.424791538325928,16.3570957784981,1.3145572916666661,0.8255577856439976,False,True,0.7514049435465449,-0.021282774478899036,-0.04150458333333362,D1
2024,F47,239,0.433875,0.5735150715109011,0.5562771365496354,0.5011513194444448,0.15224392934662936,True,True,0.004251367742363121,-0.00046683513355993966,-0.00021638888888875218,D1
2024,F47,240,0.47258333333333336,0.5638857412109952,0.24322788802198197,0.4476676388888889,0.10067023062578752,True,True,-0.008519143982725741,-0.0016554890331362815,-0.005728611111110615,D1
2024,F47,241,0.65225,0.8452950565460252,1.173402827030043,0.7812578472222221,0.22111486711568068,True,True,-0.05141547492982812,-0.004194919311603984,-0.014890625000000601,D1
2024,F47,242,0.7242083333333333,0.7739062253393462,0.0875170672631074,0.602844722222223,0.06038662492055788,True,True,-0.006702346629830547,-0.002686697379197245,-0.011251041666666572,D1
2024,F47,243,0.449,0.5062295141892253,0.5312089528924405,0.4359943055555559,0.14877401107222443,True,True,-0.00696976466367305,0.0003325728233647407,0.0012812500000001226,D1
7,F13,8,0.17720833333333333,0.3548219564281759,0.8245574712747769,0.351439444444444,0.185355230039823,True,False,0.0027483090454641923,0.0004436503773841416,0.001465694444444332,D1
7,F13,9,0.3919166666666667,0.328604082789155,0.09756870107505114,0.3264117361111114,0.06376019561445681,True,False,0.004436398601629074,-0.001545903267125004,-0.0027168055555557014,D1
7,F13,10,0.37424999999999997,0.3308784524252438,0.04938248620373199,0.34247472222222236,0.045360815599172884,True,False,0.0020734859387235988,-0.0010206943044692718,-0.002096805555555359,D1
7,F13,11,0.36833333333333335,0.3692467629897697,0.016557457245466978,0.3754311805555548,0.026265834307983772,True,False,-0.00043112808224763863,-0.0014774704720262322,-0.002842777777777916,D1
7,F13,12,0.3505,0.3346583022005479,0.008499727080689445,0.34271791666666673,0.01881901418854683,True,False,0.001010344823960006,-0.0010921119201915963,-0.0030037499999999717,D1
7,F13,13,0.40054166666666663,0.28768192654538965,0.3074398184883056,0.28773722222222187,0.11318123712441357,True,False,0.010127588553510869,-0.001868273263719633,-0.0035956249999999357,D1
7,F13,14,0.3236666666666667,0.34479496696162676,0.013294766216488904,0.3404766666666667,0.02353611251574279,True,False,0.00021266540548009645,0.00018463168489502024,0.0002900694444444851,D1
7,F13,16,0.322875,0.33459083277162854,0.004279689970149164,0.33987874999999984,0.013353666740745099,True,False,-1.687090036346737e-05,-7.203818758289016e-05,-0.00025888888888880857,D1
7,F13,17,0.39683333333333337,0.34533906664332653,0.06473194585090818,0.3579547916666667,0.0519342315862525,True,False,-0.0029989712224152837,0.0011688270935027445,0.0018771527777776686,D1
7,F13,18,0.3305416666666667,0.2737250307527639,0.08368172939103129,0.2765400694444447,0.059048613232033684,True,False,-0.005334691443105596,0.002146187425156598,0.003359444444444637,D1
7,F13,19,0.383375,0.2961503200250452,0.1848345784109494,0.3217340972222221,0.08775785302252381,True,False,-0.009142670916909401,0.0021815522147309863,0.0036813194444442754,D1
7,F13,20,0.34195833333333336,0.3024049162757088,0.050278186453721625,0.3091325000000002,0.045770344499159434,True,False,-0.0034695961444711695,0.0020798543835932604,0.003794583333333157,D1
7,F13,21,0.3625833333333333,0.2925185818426539,0.13111989205544233,0.32012812499999993,0.07391433443956207,True,False,-0.004558556685027443,0.0012335972988357091,0.0021710416666668175,D1
7,F13,22,0.3542083333333333,0.29815554768127234,0.0812227313956621,0.31819881944444467,0.058174568969776255,True,False,-0.010728129608325018,0.0037572483913410615,0.008054305555555585,D1
7,F13,25,0.33645833333333336,0.3446552443423501,0.002218606321565497,0.35683875000000004,0.009614672644725302,True,False,-9.132777774263504e-05,-5.469780295974669e-06,0.0006117361111113162,D1
7,F13,26,0.33208333333333334,0.30019698544845724,0.02764204410897274,0.290167222222223,0.033937469526673085,True,False,-6.758590772199674e-05,-0.00019371474489748852,-0.0013145833333331747,D1
7,F13,27,0.3579583333333333,0.3327624404837841,0.016685529105191554,0.3222415277777777,0.026367221684944007,True,False,0.0010131997199338896,-0.0007523173074299727,-0.0018105555555555375,D1
7,F13,28,0.366625,0.255708394796921,0.2982174715479464,0.24918680555555536,0.11147074944201475,True,False,-0.005528714445954375,0.0010080096577370634,0.001885972222222393,D1
7,F13,29,0.30795833333333333,0.2631281187706957,0.054048104348235634,0.2578686805555555,0.04745528788073202,True,False,0.006847050240696255,-0.0031339842495548,-0.005747083333333292,D1
7,F13,30,0.35904166666666665,0.3228048770463248,0.03836666078929834,0.3346590972222219,0.03998263205719158,True,False,0.0025786459582955792,-0.0017774558316142608,-0.002846597222222358,D1
7,F13,31,0.32033333333333336,0.2988509889832777,0.014127870748391664,0.2930500694444449,0.02426234286261296,True,False,4.9549558061818405e-05,1.2755665450836506e-05,-0.00019680555555540158,D1
7,F13,32,0.3295,0.25455032739426997,0.14057298370993423,0.25659006944444446,0.07653239611158527,True,False,0.0024766238545425034,-0.0006756096776256437,-0.0008161111111111286,D1
7,F13,33,0.33975,0.3062529969858503,0.02836439340404295,0.31186180555555515,0.03437804132245548,True,False,-0.0036985043396577898,0.002263190277637217,0.004207430555555558,D1
7,F13,34,0.34991666666666665,0.314910674323327,0.0299283562313354,0.32391312499999936,0.035313097329069114,True,False,-0.003442636949340404,0.0019797637279410085,0.004396736111111188,D1
7,F13,35,0.26345833333333335,0.1995257777419318,0.10153580834014365,0.18717243055555524,0.06504351374917655,True,False,0.002021212047485177,-0.000883263398428924,-0.0032170138888890087,D1
7,F13,36,0.35883333333333334,0.32356445783252447,0.03197284522732036,0.34239430555555495,0.036499340877222446,True,False,-0.004771106222116857,0.002701975923038946,0.00600465277777773,D1
7,F13,37,0.338,0.3292276449168551,0.015786715297972445,0.36996673611111075,0.025647218252320955,True,False,-0.0025607349063234836,0.006386480340979439,0.014902152777777788,D1
7,F13,38,0.297625,0.3365084807257977,0.037194888260092665,0.344853125,0.03936733431205616,True,False,0.0,0.0,0.0,D1
7,F13,39,0.18516666666666667,0.24001180159605282,0.10453482671784005,0.22495013888888893,0.06599710432973557,True,False,0.0,0.0,0.0,D1
7,F13,40,0.1728333333333333,0.24211870046032605,0.15135679023160753,0.23155666666666677,0.07941368223623044,True,False,0.0,0.0,0.0,D1
7,F13,41,0.33116666666666666,0.32600053573658655,0.000860284218330718,0.33137243055555576,0.005987084078562779,True,False,0.0,0.0,0.0,D1
7,F13,42,0.14945833333333333,0.23713104682879885,0.2803339394695883,0.22934305555555545,0.10807673575396717,True,False,0.0,0.0,0.0,D1
7,F13,43,0.34591666666666665,0.3246289369921869,0.01158318274430284,0.32438708333333305,0.021968901072788136,True,False,0.00015841375901821247,-0.00010128937350106781,-0.000505138888888701,D1
7,F13,44,0.20025,0.17612095567322403,0.018907162032613962,0.19014958333333365,0.02806774693532742,True,False,-0.00039801085455927476,3.9083541061607496e-05,-0.0003050694444443891,D1
7,F13,45,0.14758333333333332,0.17034559405618846,0.0411010658471989,0.18028409722222236,0.041382899974505824,True,False,-0.001397268731328248,-0.0007455137493249664,-0.0005881944444444676,D1
7,F13,46,0.3981666666666666,0.37776064108688967,0.018463013129909365,0.4468287499999999,0.02773611749589736,True,False,-0.0012829015225501762,0.0014772995093203511,0.0027491666666665804,D1
7,F13,48,0.4250833333333333,0.4056937181151663,0.0166410301219458,0.4680888194444441,0.026332038566755044,True,False,-0.009140345419985773,0.0084509406367963,0.016965555555555234,D1
7,F13,49,0.14991666666666667,0.16859438117617978,0.025513779251709886,0.17403625000000011,0.032604817672974525,True,False,-0.0005623937582249668,-0.0006776921723056772,-0.0015643055555555618,D1
7,F13,50,0.453625,0.4114810845375336,0.052633583566704494,0.4543002083333332,0.046830182382156284,True,False,-0.003628546134109241,0.0018872068046815738,0.003836805555555489,D1
7,F13,51,0.4850833333333333,0.45718432723539815,0.02825116153376243,0.5005655555555547,0.034309353397775286,True,False,-0.003291693692011894,0.00320470200998052,0.005077361111110845,D1
7,F13,52,0.23383333333333334,0.24026275598222835,0.0013224796776996409,0.25176027777777793,0.007423161045279275,True,False,-0.00040805283350710524,-0.0011179632558705188,-0.002474513888888863,D1
7,F13,53,0.23683333333333334,0.26660886668692924,0.022334727857171697,0.2640559722222226,0.03050596106854343,True,False,0.0003136625406735642,0.00023160865355831284,0.0005597222222222253,D1
7,F13,54,0.24454166666666666,0.26808595590795387,0.013901071730206452,0.24746680555555567,0.024066809553655748,True,False,0.001767846116446304,0.0015666144210154664,0.0028177083333333908,D1
7,F13,55,0.5199166666666667,0.4326266348776462,0.18373560046494422,0.45265618055555573,0.08749657147210213,True,False,0.020195946061552256,-0.0049645889069621085,-0.011013055555555096,D1
7,F13,56,0.2577083333333334,0.2630875430027988,0.0018186299920840037,0.26312888888888925,0.00870495546629429,True,False,3.8168090035738947e-05,0.00017735129779899994,0.000414930555555415,D1
7,F13,57,0.549625,0.46553271324852924,0.17079631995638414,0.4802244444444448,0.08435942941672855,True,False,0.0027925947084191105,-0.0007333082410205805,-0.000837708333333298,D1
7,F13,58,0.258375,0.24903146021552977,0.0024491415648548666,0.2541229861111109,0.010101859492305666,True,False,-0.00023914459662281468,0.0005906331129569842,0.000980486111111123,D1
7,F13,59,0.26229166666666665,0.2432943180675374,0.008845604350374386,0.24540479166666643,0.019198094903720684,True,False,-5.658107769939205e-05,6.597736354357897e-05,0.000216527777777753,D1
7,F13,60,0.26495833333333335,0.23206390949546077,0.026098585975470167,0.23311555555555527,0.03297637157589138,True,False,-0.0024673386624839873,0.0015270400498535452,0.0031656944444445334,D1
7,F13,61,0.26429166666666665,0.24013642671904997,0.014180714281609283,0.24347972222222203,0.024307675640979198,True,False,-0.0008636388867448146,0.0007351803026505177,0.001403888888888899,D1
7,F13,62,0.5582916666666667,0.47492844550647256,0.16932259333405017,0.4875144444444441,0.08399469063926257,True,False,-0.007381514041316289,0.0017967439527268314,0.003469305555555635,D1
7,F13,63,0.2705,0.26229827122046323,0.0024982111725511597,0.26291423611111114,0.010202555179445572,True,False,-7.707291002384542e-05,0.00010244788722352238,0.00040097222222218454,D1
7,F13,64,0.5405833333333333,0.5324639770525881,0.006070276028503474,0.5358015972222218,0.015903715536135305,True,False,0.0007944365139671856,-0.001664300862876611,-0.002540208333333571,D1
7,F13,65,0.2655,0.25975833162593615,0.002057268916100464,0.2657386805555555,0.009258484658455328,True,False,-0.00031671115419841566,0.0011238100707444687,0.0024141666666666617,D1
7,F13,66,0.25133333333333335,0.25352351998998174,0.0009006726332736036,0.25743250000000034,0.006126012274424542,True,False,-8.635110401150354e-06,-0.0004540791972179048,-0.000730763888888597,D1
7,F13,67,0.5415833333333333,0.47642563425251766,0.10803118300495627,0.502544583333333,0.0670917229758871,True,False,0.005098165732676588,-0.0017238088024352227,-0.00412388888888926,D1
7,F13,68,0.24787499999999998,0.2532688249713062,0.0009543224728639181,0.258286736111111,0.0063058255898280225,True,False,3.7257599816643144e-05,0.00011200909601810638,0.00018319444444458988,D1
7,F13,69,0.42891666666666667,0.4148650063151364,0.012013725980810264,0.4376780555555549,0.02237346454769789,True,False,-0.0005332590577174362,0.0015113993339104237,0.0022032638888888068,D1
7,F13,70,0.44295833333333334,0.42141378230481724,0.01978772255618139,0.44518729166666593,0.02871390673246835,True,False,-0.0011698863564176716,0.0015599017604607246,0.0024477083333332428,D1
7,F13,71,0.549125,0.5071601170480587,0.04557788992008116,0.5335510416666659,0.043578420653691066,True,False,-0.005638060187116989,0.0026695513589818365,0.006072708333333177,D1
7,F13,72,0.45575000000000004,0.42318896509602366,0.032506546996457684,0.44758930555555515,0.03680270992991871,True,False,0.0024277580605377366,-0.001842512801496221,-0.003395555555555485,D1
7,F13,73,0.56725,0.5349788082510218,0.031811908143855754,0.5486590277777779,0.036407364264124595,True,False,-0.0007411709058084276,0.000644916371431159,0.0008026388888887626,D1
7,F13,75,0.46820833333333334,0.5006878827992806,0.027988602279217106,0.5037440277777775,0.034149549947752544,True,False,-0.0007770218264834539,-0.000557827520486387,-0.0011588194444446254,D1
7,F13,76,0.5653333333333334,0.5048409109586065,0.09464774802651799,0.5210042361111108,0.06279853635055185,True,False,0.00015989437364553882,0.0003153275937793909,-0.0013915277777778456,D1
7,F13,77,0.482875,0.5113802456399188,0.023920310910220576,0.5242140972222222,0.03157023315180283,True,False,0.0038442776205630594,0.0026053496318928504,0.004960555555555524,D1
7,F13,78,0.5759583333333333,0.5351697695484731,0.04227751210933771,0.553250069444445,0.04197097812245669,True,False,0.0006198102913875028,-0.0002873331233465004,-0.0005809722222224201,D1
7,F13,79,0.495625,0.5068941849195415,0.008337200399367247,0.5046503472222222,0.018638222822298142,True,False,0.0009157443087499826,0.002348405158953404,0.0056109722222221214,D1
7,F13,80,0.5730833333333333,0.5023032977206613,0.12444286551964567,0.5082181250000001,0.0720077731682622,True,False,0.005406697965806381,-0.0013912029059385267,-0.0009529166666666367,D1
7,F13,81,0.5222916666666667,0.5019147333896404,0.01732552059034424,0.5159129861111112,0.02686813523980299,True,False,-0.0012214168681533542,0.0008710939003890861,0.0021724305555559376,D1
7,F13,82,0.5330833333333334,0.5010064400712604,0.027331307038284854,0.5049431944444445,0.03374617696759939,True,False,0.0008922607575005403,-0.0006567628015445859,0.00015937499999996163,D1
7,F13,83,0.5427083333333333,0.530241510962923,0.00963720322411794,0.5338681250000002,0.020038715885461512,True,False,-0.00044613609552287235,0.0008667929688747078,0.0015513888888890603,D1
7,F13,84,0.5364166666666667,0.5464052141598486,0.007556330410114293,0.5621841666666664,0.01774393136882097,True,False,-9.665620032430454e-05,0.0020089012885606827,0.00640486111111116,D1
7,F13,85,0.5724583333333334,0.5540723824528005,0.016892885796067788,0.5649108333333336,0.02653055298147448,True,False,0.0004328174553929823,-0.00047722144120765364,-0.0011301388888890207,D1
7,F13,86,0.556875,0.5304401037953862,0.018748231289363367,0.5278773611111109,0.027949531368584225,True,False,-0.00290920093352582,0.0018683879776291157,0.005431041666666636,D1
7,F13,88,0.5509166666666667,0.4845354022261808,0.11062157568655437,0.5037511805555556,0.06789132728318911,True,False,0.0,0.0,0.0,D1
7,F13,89,0.5786666666666667,0.5674049668336807,0.009032452797472272,0.5852881944444447,0.01939979896531606,True,False,0.0,0.0,0.0,D1
7,F13,90,0.5575416666666667,0.44515279368457944,0.30492463759842137,0.4495712500000002,0.11271731558756869,True,False,0.0,0.0,0.0,D1
7,F13,91,0.5779166666666666,0.544909205645664,0.027425032632263376,0.5594797916666664,0.033803989306159916,True,False,0.0,0.0,0.0,D1
7,F13,92,0.48141666666666666,0.4116195937711204,0.13342480591139083,0.44028201388888916,0.07456116222923713,True,False,0.0,0.0,0.0,D1
7,F13,93,0.3935416666666667,0.49210571610446086,0.2437132595988355,0.48888999999999944,0.10077062642432803,True,False,-0.009499856487446223,-0.0016497786246632007,-0.006261597222222359,D1
7,F13,94,0.40116666666666667,0.5339324591627523,0.4273912249971515,0.5284402083333329,0.1334464975494473,True,False,0.007693033099094526,0.0013200650532038116,0.0010595138888884748,D1
7,F13,95,0.482,0.4088125045993581,0.13665129873694404,0.43972006944444453,0.07545729993870265,True,False,-0.00843310008941997,0.0020530220710409663,0.005255277777777845,D1
7,F13,96,0.4086666666666667,0.5427718742896881,0.44883081893644694,0.5667460416666662,0.13675263844749744,True,False,0.02913743535455504,0.0050267653301822035,0.008100416666666388,D1
7,F13,97,0.4735416666666667,0.42752254347464036,0.05506392941262534,0.4692478472222228,0.047899169013592736,True,False,-0.006304256994302974,0.0025486087329200102,0.006989861111111384,D1
7,F13,98,0.39937500000000004,0.40660662508994055,0.02006852747812433,0.42326604166666626,0.028916926616116157,True,False,0.0016403076516115188,-0.0005504515657561715,-0.0032083333333332575,D1
7,F13,99,0.46108333333333335,0.4281680322593003,0.029647646305052202,0.43637645833333344,0.03514709939730221,True,False,0.00018391981220793746,-5.830341591267496e-05,-0.0002314583333333231,D1
7,F13,100,0.4057916666666667,0.3528547449323945,0.079204474507146,0.3544750694444443,0.057447249175202025,True,False,0.000252583557275865,-6.176402020380278e-05,-0.0002977777777777857,D1
7,F13,101,0.45108333333333334,0.4382288304555202,0.00961813333199871,0.44791062499999995,0.02001887997616116,True,False,-0.0005039735402382183,0.0010862255741007076,0.001600972222222219,D1
7,F13,102,0.38608333333333333,0.3627611489920984,0.05035917389588142,0.3639290277777773,0.04580719280122274,True,False,0.001211713214828311,-0.000589779995436357,-0.0012537500000000534,D1
7,F13,103,0.447375,0.4727723374238831,0.023004054475664833,0.4653748611111113,0.03095968781850631,True,False,-0.003821998737631109,-0.0028571758379347667,-0.005645902777777878,D1
7,F13,104,0.31779166666666664,0.40635098421217225,0.1936119682619088,0.4194688194444445,0.08981740000827346,True,False,-0.006108822152075588,-0.0013709829932253559,-0.004120486111111044,D1
7,F13,105,0.442,0.47836922012346794,0.03804887410946893,0.48307715277777774,0.03981670195484811,True,False,-0.0039019208565535257,-0.002022601104907762,-0.003958472222222342,D1
7,F13,106,0.31616666666666665,0.48808535533943814,0.7197279505283207,0.507147986111111,0.17317235519951416,True,False,0.031275048793342974,0.003765767790758545,0.00909048611111124,D1
7,F13,107,0.44425,0.47628872065995614,0.03063865062580376,0.482381666666667,0.03572968573527933,True,False,0.00040693943281517805,0.000295689133471555,0.0008463888888892157,D1
7,F13,108,0.4572083333333334,0.4785187774295126,0.016676677190957674,0.5046647222222226,0.026360226661074758,True,False,-0.005406172482912065,-0.004810960556111743,-0.010404722222222329,D1
7,F13,109,0.3450416666666667,0.5210737155431348,0.7520702612162368,0.5810048611111105,0.17702050978349898,True,False,0.002322985160251756,0.00034043618859969094,0.001197291666666933,D1
7,F13,110,0.35375,0.417894108929801,0.10137748049161752,0.41641499999999954,0.06499278180806488,True,False,-0.0033013032734005993,-0.0011842165021184736,-0.003649374999999788,D1
7,F13,111,0.3712083333333333,0.49164879536701295,0.35365269394281,0.5043623611111109,0.12138998687817604,True,False,0.0023279777569049642,0.0002529486752193,0.0018106944444443718,D1
7,F13,112,0.39633333333333337,0.6612694184536038,1.7098486728427094,0.6918062500000001,0.26691514513376635,True,False,-0.0101123604169564,-0.0008663052893800316,-0.004487500000000089,D1
7,F13,113,0.5562916666666667,0.519563896444356,0.036325030907917145,0.5389515972222227,0.03890427938539085,True,False,0.004487186412140597,-0.0024800060661942513,-0.006204236111110872,D1
7,F13,116,0.9369166666666667,1.0156552029093948,0.23499773729514628,1.0516941666666662,0.09895237433885941,True,False,-0.021789823760023974,-0.0058460091757799315,-0.009162986111110438,D1
7,F13,117,0.3037916666666666,0.3212287579182886,0.012512587691620412,0.32948479166666733,0.02283326127569568,True,False,0.0028472237512817845,0.0038037423766684175,0.00798118055555569,D1
7,F13,118,1.101625,1.1205545162664519,1.6342275112198228,1.2305120833333323,0.26094599626645476,False,False,0.06298751985408435,0.005675548804497055,0.004596041666666162,D1
7,F13,119,0.3114166666666667,0.4129820043178471,0.2529871596765811,0.39793687499999963,0.10267001340796093,True,False,-0.0023066963542853203,-0.00028375131492747174,0.0008827083333333152,D1
7,F13,120,1.25,1.18058701846301,1.357616959272893,1.3347805555555539,0.2378389650646782,False,False,0.029747305397340496,-0.003834756063478828,-0.011773541666667553,D1
7,F13,121,1.3183749999999999,0.8965403880717782,4.883338630367791,0.9708959722222223,0.45107919807057306,False,False,-0.11946221549295011,0.0059477495399907765,0.010094513888888823,D1
7,F13,122,0.34879166666666667,0.4286919416553308,0.1708111312631039,0.4439608333333333,0.08436308712521132,True,False,0.002170791605126149,-1.2035790079134578e-05,-0.0018161805555553245,D1
7,F13,125,1.4950833333333333,1.45418266681049,0.265351087310029,1.4773313194444417,0.1051489196548616,False,False,-0.06628077425771106,0.02042498751115218,0.045523402777777555,D1
7,F13,126,0.3818333333333333,0.5454236847476185,0.7172855636132688,0.5239215972222223,0.1728782764950131,True,False,-0.03282620942499237,-0.00576660743675772,-0.015911250000000043,D1
7,F13,128,0.7817083333333333,0.7455686786237496,0.09511215289081038,0.7539005555555565,0.06295241353951755,True,False,0.004420725659397454,-0.005915789985293851,-0.010976458333333716,D1
7,F13,129,0.7205833333333334,0.6692643151647889,0.06829392897305077,0.6302270833333341,0.05334398160877303,True,False,0.007600968579712021,-0.0033100355501409773,-0.0056968749999996016,D1
7,F13,130,0.773125,1.0080289456961462,1.3320460505482985,0.9506075694444441,0.23558845212116356,True,False,0.008290337638963585,0.0007743252557859126,0.003914583333332722,D1
7,F13,131,0.73775,0.7503510612636816,0.016023133026863073,0.7202262499999997,0.02583854761371005,True,False,0.0016044088610141886,0.00525942480445174,0.011649375000000184,D1
7,F13,132,0.8696666666666667,1.2524926440304225,3.810375551665124,1.2926832638888894,0.39845407261822136,True,False,-0.2500926828602328,-0.013006220253080736,-0.023806180555556056,D1
7,F13,133,0.9788333333333333,1.2420000870289327,1.6908595122262553,1.3682807638888883,0.26542885991559767,True,False,-0.07784603828301195,-0.006118977100961098,-0.015018958333332222,D1
7,F13,134,0.7533333333333333,0.7393162724130126,0.0089936445628587,0.751609305555556,0.019358078161819486,True,False,-0.002393112266729766,0.002864258687901966,0.005353888888888991,D1
7,F13,135,1.0125833333333334,1.1298810575062996,0.39302963392731866,1.1840963888888874,0.1279696633853962,False,False,-0.0047955761195792035,-0.00011241961412045143,0.0027329861111109466,D1
7,F13,136,0.73775,0.7600680236452764,0.013999082965430154,0.7863741666666669,0.024151503546561853,True,False,0.0023989369070077215,0.003605632032816941,0.003452361111110913,D1
7,F13,137,1.075875,1.3085527878507546,1.7396585780856342,1.5316188888888875,0.2692318222032853,False,False,0.12044532961466348,0.011295721648119761,0.02340493055555437,D1
7,F13,138,0.7215416666666666,0.7544401225746079,0.02885458023385664,0.7991789583333331,0.034673825523162186,True,False,0.0,0.0,0.0,D1
7,F13,139,1.3034583333333332,0.9625129430189668,4.793885700220358,0.928531180555556,0.446928671612352,False,False,0.0,0.0,0.0,D1
7,F13,140,0.714625,0.7768772312767185,0.09899367698395903,0.8128074305555555,0.06422411183502885,True,False,0.0,0.0,0.0,D1
7,F13,141,0.7079166666666666,0.7537337021632363,0.06568208775625585,0.7874865277777775,0.05231399102066923,True,False,0.0,0.0,0.0,D1
7,F13,142,0.4254583333333333,0.45016986325565317,0.07676910295196505,0.4517931250000002,0.05655716243764837,True,False,0.0,0.0,0.0,D1
7,F13,143,1.52975,1.248710728549227,2.349403166146275,1.2835077083333333,0.3128766507578156,False,False,-0.035453670563196926,0.003306868224731696,0.00418229166666606,D1
7,F13,145,0.6891666666666666,0.7399518210034443,0.06663327530121331,0.7516145138888883,0.052691426920172584,True,False,0.005625093069123226,0.002341327108476121,0.005346805555555556,D1
7,F13,146,1.4956666666666667,1.389401236497692,1.0033017317866426,1.4011645833333326,0.20446084912384435,False,False,-0.04148858221469265,0.008966383509650067,0.010449722222221514,D1
7,F13,147,0.41225,0.47664097551343065,0.14206872728380868,0.4543620138888891,0.0769384838913013,True,False,0.015222277959742125,0.005224773333696975,0.01058701388888883,D1
7,F13,148,0.7375833333333333,0.8654847312157363,0.39767139529110196,0.907737430555556,0.1287231194093065,True,False,-0.010964131986041736,-0.0017686013980703352,-0.002924444444444285,D1
7,F13,149,0.7759166666666667,0.7481984742366988,0.030590327850550204,0.7206506944444442,0.035701498480777034,True,False,0.0015411458010749224,0.0010996692747882175,0.006269444444444328,D1
7,F13,150,0.8217500000000001,0.8422254378616766,0.012900153359064697,0.8816771527777779,0.023184184047773365,True,False,0.005714161946122335,0.006307176830117611,0.016431527777777566,D1
7,F13,151,1.676875,1.3953739990657221,2.0776832917757493,1.3866384027777772,0.29422803598114655,False,False,-0.05103786232158303,0.003132872012729049,0.009989305555555328,D1
7,F13,152,0.43320833333333336,0.43444361118684444,0.002713067779229953,0.4204184027777779,0.010632238278050772,True,False,-0.00033646533698270453,-0.0006488286943832078,-0.0007759722222220322,D1
7,F13,153,1.6374166666666667,1.507069377056843,0.6630118262743937,1.4207149305555535,0.1662091837457638,False,False,0.03940498666353365,-0.0064925582142219,-0.013363472222221784,D1
7,F13,154,0.412625,0.47161456637351323,0.12624648053472842,0.4720413888888885,0.07252771899267446,True,False,-0.019957447424179153,-0.0044963154797749705,-0.013713958333333276,D1
7,F13,155,0.807375,0.7709346345262177,0.04312760687770748,0.8247306249999996,0.04239084358566692,True,False,0.0052861130718071525,-0.002551224619172565,-0.0032627777777782807,D1
7,F13,156,0.7513333333333333,1.1341083356066881,3.574633630005588,1.088363125000001,0.3859314290348734,True,False,-0.07061070413034898,-0.0037176785855874694,-0.007225416666666984,D1
7,F13,157,0.42483333333333334,0.4462711262412833,0.02521467109261791,0.41584423611111127,0.032413134614315636,True,False,0.0005399528853228669,0.0005398113438726537,0.0011184027777777494,D1
7,F13,158,0.4527083333333333,0.43475287314112987,0.023607315567169895,0.4342159722222225,0.03136300605222782,True,False,0.00044557459329238117,-8.046935848332604e-05,-6.263888888891067e-05,D1
7,F13,159,0.5987083333333333,0.8642190370004216,1.7255186303551953,0.9376963888888893,0.2681354314486117,True,False,-0.10123585727771656,-0.008095373938266759,-0.01390076388888839,D1
7,F13,160,0.45808333333333334,0.7250232089254448,1.7620147848472525,0.7345581944444454,0.2709562376140635,True,False,0.015183981999300267,0.001044490507412954,0.0031426388888888823,D1
7,F13,161,0.491625,0.45162231771717026,0.045715595303987826,0.4736901388888887,0.04364420317750678,True,False,-0.01088491199269185,0.004164631916952322,0.011813125000000091,D1
7,F13,162,0.585875,0.7327612443579494,0.5406220615838677,0.7508484027777782,0.15008637257479826,True,False,-0.10621922530832129,-0.014005550916527554,-0.02753069444444478,D1
7,F13,166,0.7276666666666668,0.7642844817227753,0.044281244753174354,0.8361692361111114,0.04295406691706384,True,False,0.005032037667094542,0.0030327896985115066,0.006315277777777517,D1
7,F13,167,0.43249999999999994,0.44141010655734975,0.04511391417509725,0.45089159722222244,0.0433560425311442,True,False,-0.0003384894061431304,0.0007792135806639622,0.001213333333333233,D1
7,F13,168,0.6692083333333333,0.7914233440958034,0.377209461488041,0.7744722222222223,0.12536770276006115,True,False,-0.02234611735696962,-0.004437953225048474,-0.01463888888888909,D1
7,F13,169,0.8197916666666667,0.7171081066836287,0.26209738494013446,0.7191536111111115,0.10450226970025868,True,False,0.006830019895313455,-0.0013150236446549668,-0.005070902777778108,D1
7,F13,170,0.433875,0.4302720065595425,0.015063445564010973,0.41676513888888866,0.025052815513772576,True,False,-0.00029208166833528774,-0.0004692372091618102,-0.0006840277777777071,D1
7,F13,171,0.8714583333333333,0.835836329790426,0.05866006020696886,0.8656212500000006,0.049438539372541834,True,False,0.006096371241921722,-0.005496337527310713,-0.009330694444444565,D1
7,F13,172,0.9783749999999999,0.8855010252449361,0.5466267172431897,1.025794166666666,0.15091757094012026,True,False,-0.029807478413802047,0.003057921172274214,0.00945666666666689,D1
7,F13,173,0.42091666666666666,0.4667121712295028,0.06602801297715598,0.46300895833333344,0.05245157011359621,True,False,-0.0010516593732878138,-0.00027256377534939924,0.0009128472222224571,D1
7,F13,174,0.9472083333333333,0.8063240692057908,0.4835098551890355,0.7988167361111089,0.1419374649844424,True,False,0.03930797611464554,-0.005890433365008385,-0.013024791666667146,D1
7,F13,175,1.2699166666666668,0.939243553489581,6.13899187622074,0.9213150694444449,0.5057581716352828,False,False,0.043660946646295606,-0.0035536328018258567,-0.007663958333333332,D1
7,F13,176,0.4254166666666666,0.4409014823512148,0.01553153381859317,0.4384872222222221,0.025439088868145065,True,False,-0.002456375497919999,-0.0026068548031819017,-0.00507000000000013,D1
7,F13,177,1.0051249999999998,0.9365882566646931,0.1513009445151063,0.9792079861111099,0.07939903035593547,False,False,-0.022302265752772055,0.008822263042105538,0.025896458333332095,D1
7,F13,178,1.8420416666666668,1.084821159688581,19.818195449707012,1.1448081250000006,0.9087123547843906,False,False,0.10803608720632951,-0.002882145326129404,-0.007064236111111066,D1
7,F13,179,0.4014166666666667,0.3306586127697237,0.141313853918782,0.317900625,0.07673380771612938,True,True,-0.003922557406015298,0.0015522720431839776,0.005713611111111072,D1
7,F13,180,0.2919583333333333,0.31461972471599015,0.1305716559717523,0.3134237499999998,0.07375964794852047,True,True,0.0010261700856206979,0.0020148087066275133,0.007938680555555355,D1
7,F13,181,0.38358333333333333,0.31209340488301945,0.1305706356834537,0.3038449999999999,0.07375935976862352,True,True,-0.0015382140352658835,0.00042404218805247584,0.0016213888888887973,D1
7,F13,182,0.33537500000000003,0.31855191992191506,0.01255353884187745,0.27660826388888865,0.022870595060285607,True,True,0.00016831593234871434,0.00022270162389054216,0.0007329861111108893,D1
7,F13,183,0.3569166666666666,0.3201386563462009,0.03415610018588665,0.31120965277777785,0.03772493659475931,True,True,0.0016353862617637938,-0.0009787551339632272,-0.004016666666666668,D1
7,F13,195,0.55625,0.5192180583655432,0.034521139857504074,0.4557381944444443,0.03792599144908414,True,True,0.0,0.0,0.0,D1
7,F13,196,0.5474166666666667,0.5130267734584614,0.03125229357778579,0.44906951388888877,0.036085715997807334,True,True,0.0,0.0,0.0,D1
7,F13,197,0.5479166666666667,0.5211603547677011,0.017650769957324525,0.4829197916666666,0.027119158324362784,True,True,0.0,0.0,0.0,D1
7,F13,198,0.27608333333333335,0.2614206037594546,0.005849798854380293,0.25746993055555545,0.015612226584715973,True,True,0.0,0.0,0.0,D1
7,F13,211,0.5396666666666666,0.5091294467475062,0.04351607663795286,0.614171111111111,0.042581332293796334,True,True,0.0,0.0,0.0,D1
7,F13,212,0.29433333333333334,0.32242920889179416,0.025442405759758476,0.2972999305555555,0.032559180579215086,True,True,0.0006528371189332902,0.0006078128384552905,0.00178194444444435,D1
7,F13,213,0.292,0.3208588502304332,0.02411082047186308,0.29056576388888894,0.03169570191147313,True,True,0.001797789613729353,0.001256434993017863,0.005026041666666647,D1
7,F13,214,0.9180416666666668,0.521985171057154,4.01949212779902,0.7224387499999989,0.40924178508345466,True,True,0.11423192037806151,-0.006489031266002754,-0.027616041666666646,D1
7,F13,215,0.32666666666666666,0.2758731312407165,0.07109235640694171,0.2339315277777778,0.054425926881918184,True,True,0.0006530032618666248,-0.0003033492756239764,-0.0014411111111110597,D1
7,F13,217,1.69325,1.1878250196571571,6.292649224127634,1.1560135416666664,0.5120485501121791,False,True,0.19510556608014706,-0.008467333599674776,-0.03623944444444449,D1
7,F13,218,0.38949999999999996,0.3489473785781025,0.05833173827505273,0.40827624999999973,0.04929999081940953,True,True,0.00029749890279946734,-0.0006705236706444628,-0.0037502777777778107,D1
7,F13,231,0.620875,1.0530016110685991,4.604837968974583,0.9735715277777776,0.43802768029803124,True,True,1.144024698925982,0.05311974179875578,0.04264694444444517,D1
7,F13,232,0.738625,0.7225534195282427,0.03821024139359459,0.7607747222222229,0.039901044991325414,True,True,-0.004692641778861514,0.005487002970724908,0.011204166666667348,D1
7,F13,233,0.6336666666666667,1.1775590696693488,7.252894466579277,1.0576695138888885,0.5497307851189251,True,True,-0.25084643918062355,-0.008974269936967927,-0.031501458333332844,D1
7,F13,241,1.4315,1.0260329918161442,4.237243870176204,0.9755559027777779,0.4201807086528468,False,True,0.06388194511743972,-0.0029966642721150905,-0.005213888888888629,D1
7,F13,242,0.43204166666666666,0.6091029199218835,0.8026403488187205,0.45600152777777775,0.18287522485959296,True,True,-0.027563746065381034,-0.0035437934956513706,-0.013385416666666705,D1
7,F13,243,1.7187916666666665,1.031498870948299,11.666790256591181,0.9770116666666668,0.6972203817239562,False,True,0.1664184769092909,-0.005155895413874179,-0.01046680555555557,D1
7,F13,244,0.44004166666666666,0.3540288942079303,0.1950477313645472,0.3478976388888891,0.09014981312712819,True,True,0.002447067657220081,-0.0007215187597320871,-0.0010333333333333306,D1
7,F13,245,0.84025,0.7535300073988648,0.19482525425315422,0.7329897222222218,0.09009838470924303,True,True,-0.0007676287498508128,0.00019655124632933507,0.000900069444444318,D1
7,F47,6,0.24050000000000002,0.2050632247439074,0.034714636601141234,0.2347550000000006,0.03803213367291162,True,False,-0.0018767962236313357,0.0011695665165664115,0.0028599305555555565,D1
7,F47,7,0.35720833333333335,0.20706044359658313,0.5463089841830207,0.20332993055555457,0.15087370327846797,True,False,-0.0017594747672819988,0.0002482616106327107,0.0005595138888889462,D1
7,F47,8,0.20741666666666667,0.17299140289690026,0.03710894282099436,0.2002336111111117,0.03932182537567102,True,False,-0.0005831965084586929,0.0006096468474342254,0.001707152777777693,D1
7,F47,9,0.174625,0.18258412615258135,0.005283600182714054,0.22039541666666687,0.014837452868099888,True,False,0.000509903196791001,0.0012294851682234098,0.002724722222222309,D1
7,F47,10,0.146625,0.20713096906841577,0.08935447694937809,0.24464347222222238,0.06101723695992868,True,False,0.004648809026638889,0.0016263245390785164,0.0032977777777778716,D1
7,F47,11,0.21845833333333334,0.2593302488619949,0.041369431665556816,0.2542869444444442,0.04151778317056681,True,False,-0.0007716122763018265,-0.00047269337766686625,-0.0003685416666664998,D1
7,F47,12,0.13158333333333336,0.2062822564519309,0.1363601735318364,0.2265691666666668,0.07537687906221543,True,False,0.01178343297885566,0.00333759832590963,0.007174027777777869,D1
7,F47,14,0.11625,0.14923224595078657,0.02658547598647804,0.1385531944444444,0.03328255047473453,True,False,-0.0009216562646619936,-0.0005992179084458593,-0.0015457638888888847,D1
7,F47,15,0.19104166666666667,0.23412329350990382,0.044796741747976467,0.24333291666666654,0.04320336683831118,True,False,0.003553594000643444,0.0017380269111559044,0.00317722222222247,D1
7,F47,16,0.19587500000000002,0.23379988562000578,0.03510959190265907,0.23734583333333326,0.03824787134744618,True,False,-0.0006914291375604772,-0.0003724324608944396,-0.0007636805555554516,D1
7,F47,17,0.112375,0.21883873576780458,0.272796690565284,0.25886541666666657,0.10661392391969024,True,False,0.011247570406137719,0.0022109012743646572,0.004981249999999826,D1
7,F47,18,0.2031666666666667,0.239438190250342,0.032035538099183906,0.24667562499999993,0.03653510760167535,True,False,-0.0004508708021954966,-0.00025470036388614004,-0.00018013888888890328,D1
7,F47,19,0.12375000000000001,0.25547617419434465,0.41724864701766107,0.3124927777777777,0.13185355623722306,True,False,-0.005697573644926235,-0.0008921047924145831,-0.0011968749999998751,D1
7,F47,20,0.2107083333333333,0.23830680347138822,0.019120915270732994,0.24269951388888863,0.028225959734740784,True,False,-0.0008490062853288467,-0.0006509915733958482,-0.001465416666666608,D1
7,F47,21,0.14804166666666665,0.2728130803879066,0.3825514578942202,0.26398222222222145,0.12625230326186465,True,False,0.009705231204290288,0.0017667421249176751,0.004714097222222324,D1
7,F47,22,0.21754166666666666,0.23597764392930487,0.008746206695624818,0.2290850694444443,0.01908992611259581,True,False,-0.0005031119970917829,-0.0005941201243749583,-0.0010584722222221343,D1
7,F47,23,0.181625,0.29929427310850415,0.33471625992639503,0.30932361111111034,0.11809534635313307,True,False,0.0035027973735279883,0.0006363956729132925,0.0018665277777776268,D1
7,F47,24,0.22620833333333334,0.28827419025899303,0.09317438111119901,0.30956256944444427,0.06230783160753785,True,False,0.0064308781289116185,0.00221979617164092,0.004951249999999907,D1
7,F47,25,0.23175,0.2386335351673545,0.0017056158042958976,0.24115548611111104,0.008430143840943387,True,False,5.212243581954098e-05,9.855335920294639e-06,0.00026430555555567725,D1
7,F47,26,0.25654166666666667,0.19601936952736856,0.09031003523592131,0.20960097222222251,0.061342629017919134,True,False,-0.0024241185598295745,0.0007129237531320332,0.0029575694444444744,D1
7,F47,27,0.24479166666666666,0.22729518029255288,0.009425389473357035,0.21763763888888857,0.01981727936397619,True,False,-0.0010810387438718368,0.0012752405659710309,0.002572152777777892,D1
7,F47,28,0.37166666666666665,0.2996544678044325,0.12896834374830132,0.32764236111111106,0.0733053953642742,True,False,-0.004958168817352865,0.0014003647313540757,0.0029709722222221457,D1
7,F47,29,0.2630416666666667,0.2570078172873254,0.0046229380061271535,0.2743677083333334,0.013878847824007752,True,False,-0.0002057580769013129,0.0005452989634255889,0.001238402777777814,D1
7,F47,30,0.28824999999999995,0.22998664729829263,0.08892596710282624,0.23798979166666653,0.06087075348050512,True,False,-0.002646484178451758,0.0010923814465901294,0.002914027777777828,D1
7,F47,31,0.27995833333333336,0.30155172625238574,0.011649026822033694,0.29668583333333404,0.022031253200504444,True,False,-0.0024223476890599324,-0.002204157395437334,-0.00428173611111099,D1
7,F47,32,0.29220833333333335,0.25807702296651697,0.030353549761041137,0.2610593055555554,0.03556306004892409,True,False,-0.002023930660623865,0.0011223630065306245,0.002800555555555362,D1
7,F47,33,0.2754166666666667,0.22098838091963635,0.0749524840511243,0.22330986111111098,0.0558839884832574,True,False,0.003258483302550713,-0.0011309774575359866,-0.0016143750000000012,D1
7,F47,35,0.11945833333333333,0.18162163330813488,0.09723840510467191,0.19193958333333316,0.06365218152345341,True,False,0.007552268827235711,0.002656968609796473,0.004928333333333312,D1
7,F47,36,0.298875,0.252724828055166,0.07061560786646544,0.2519511111111111,0.054243128545798866,True,False,0.0,0.0,0.0,D1
7,F47,37,0.13954166666666667,0.24628543172773965,0.32679142467661104,0.24302854166666651,0.1166889427560532,True,False,0.0,0.0,0.0,D1
7,F47,38,0.30158333333333337,0.250537272085194,0.07174299709231172,0.24729993055555563,0.05467441399332039,True,False,0.0,0.0,0.0,D1
7,F47,39,0.16545833333333335,0.24450562461969108,0.23968820882497904,0.24186625000000003,0.09993502239475806,True,False,0.0,0.0,0.0,D1
7,F47,40,0.29683333333333334,0.24969425650459212,0.06515492409895055,0.24876659722222227,0.05210363235056592,True,False,0.0,0.0,0.0,D1
7,F47,42,0.21241666666666667,0.18978526969036844,0.01605989882157858,0.20241652777777755,0.025868174479446893,True,False,-0.0004261004695143983,-8.759728128529543e-05,-0.001130555555555579,D1
7,F47,43,0.250375,0.26511855445385174,0.006309874975224387,0.26917000000000013,0.01621454462206744,True,False,0.0008361312658541186,0.0013249543697387844,0.0024500000000001187,D1
7,F47,44,0.20350000000000001,0.17095910599127861,0.03146106447318305,0.17543520833333281,0.03620604488731995,True,False,-0.0008523783328158868,-0.00014440323722086923,-0.001991319444444445,D1
7,F47,45,0.25329166666666664,0.2620277468454189,0.0059670021218472735,0.27530979166666675,0.015767849834720744,True,False,0.00022799278213606316,0.00017314062570400468,3.923611111122938e-05,D1
7,F47,46,0.19858333333333333,0.22017905511082347,0.012716138328001536,0.21643534722222166,0.023018234011323805,True,False,-0.0018662832741194058,-0.001606869867912808,-0.003839305555555561,D1
7,F47,47,0.19670833333333335,0.19919564824192185,0.0057460909723504264,0.20193930555555514,0.015473217415304025,True,False,-0.00046948640229792834,-0.0009897026582654789,-0.002578194444444404,D1
7,F47,48,0.24883333333333332,0.2416783385587378,0.0016218988573085881,0.25699652777777793,0.008220651984759148,True,False,4.253881671594764e-05,-0.00019868846408296892,-0.0005870833333332937,D1
7,F47,49,0.203375,0.2100317888638387,0.002351359806418416,0.2057457638888883,0.009898147567471097,True,False,-0.0017228578310012677,-0.004275678492049073,-0.008600277777777832,D1
7,F47,50,0.1525,0.16801800483059395,0.019397643203439993,0.16614666666666686,0.02842947648966942,True,False,-0.0006959744909999267,-0.0004290032640497654,-0.0005598611111110874,D1
7,F47,51,0.22654166666666667,0.2420662959775067,0.00715015213684598,0.2613097916666665,0.017260446277600004,True,False,0.002108051072391804,0.003130176832107978,0.006498611111111108,D1
7,F47,52,0.16025,0.1807699354205522,0.018517241638673708,0.1838560416666666,0.027776820101385578,True,False,-0.0016356308313709642,-0.0015649656063921047,-0.003423541666666585,D1
7,F47,53,0.239375,0.26325924441294474,0.0176287839914088,0.28407368055555554,0.027102263121531016,True,False,0.001940767347787746,0.0019313027002754724,0.0044860416666666625,D1
7,F47,54,0.16,0.18939914062252192,0.030216353303112606,0.20117784722222185,0.035482597438223504,True,False,-0.0009287460838481518,-0.0006294465544230965,-0.0012403472222221046,D1
7,F47,55,0.250625,0.2813568486893802,0.033818711816576544,0.2856426388888889,0.037538153821909725,True,False,-0.00041818482245616073,0.0006065486592313762,0.0026640972222222725,D1
7,F47,57,0.26466666666666666,0.25805219257003065,0.00454817481407169,0.25359152777777744,0.013766164459269464,True,False,-0.000418211121812442,0.00128162656262637,0.0024753472222222017,D1
7,F47,58,0.16016666666666665,0.1598090897776057,0.010678916161003905,0.16504451388888897,0.021093952688906584,True,False,-0.00010597265515560443,6.422126793556582e-05,-0.00039583333333348403,D1
7,F47,59,0.31383333333333335,0.3770552003181828,0.09777715352373685,0.3943664583333331,0.06382827009632201,True,False,-0.003165866207923154,-0.0009497979601188478,-0.00116916666666661,D1
7,F47,60,0.14991666666666667,0.1588390956784836,0.016701666963397217,0.1612860416666668,0.026379969487123192,True,False,0.00021353748217637844,3.2370065821824e-05,-0.00024368055555551438,D1
7,F47,61,0.33525,0.3287112786780701,0.0038634717343576153,0.32193930555555655,0.012687710153198145,True,False,-0.00014252757668614538,0.00035935469675502096,0.000797708333333369,D1
7,F47,62,0.15916666666666668,0.16275704718452635,0.006292488044688336,0.15785909722222238,0.016192189532673276,True,False,-0.00020391061246691558,-0.0009400803193657936,-0.0019634722222222067,D1
7,F47,63,0.344875,0.3916546279784093,0.0609590438653906,0.3911082638888892,0.0503980174318191,True,False,0.0037724985542623712,0.0016935610583013183,0.0034350000000001324,D1
7,F47,64,0.3558333333333334,0.398628861519656,0.046356827858819005,0.39880180555555533,0.04394922631989622,True,False,0.005655691396132277,0.0029650443308502084,0.006584861111111062,D1
7,F47,65,0.15483333333333335,0.19682245128640682,0.05855696507868216,0.22001736111111117,0.0493950761204504,True,False,-0.006414272711988606,-0.002995079983290516,-0.007062430555555527,D1
7,F47,66,0.379125,0.3976799822735691,0.012582162976276321,0.4024512499999995,0.02289665457393678,True,False,0.0010975397530925048,0.0008901877029719452,0.001192847222222404,D1
7,F47,67,0.16879166666666667,0.16576810100755268,0.027256386935201788,0.16830701388888905,0.03369989301120615,True,False,3.888077987021857e-05,-0.0004951016494139926,-0.0009000694444444013,D1
7,F47,68,0.208875,0.19840583053122926,0.0041410537603420354,0.1974686111111109,0.013135596928991014,True,False,0.00015593374675358478,-0.0003606403558905902,-0.0006877777777777594,D1
7,F47,69,0.388125,0.4368168631502826,0.07626809682405301,0.4559389583333333,0.05637231029210064,True,False,0.000917166545373202,0.00029950683049267957,0.00040812500000014795,D1
7,F47,70,0.19441666666666668,0.2098675285092362,0.007598337913987937,0.21494604166666617,0.017793184455932295,True,False,-0.00041367508021881386,-0.0005634128286892137,-0.00048729166666672263,D1
7,F47,71,0.40004166666666663,0.4377649256020157,0.03736626629816095,0.4362390972222225,0.03945792394973883,True,False,0.004330568113859595,0.0024743819734644457,0.005289027777777899,D1
7,F47,72,0.18212499999999998,0.18889195015143898,0.0023486834370786344,0.18711138888888854,0.009892512819212137,True,False,-0.00025173638151514176,-0.0009071891434737911,-0.0015103472222221248,D1
7,F47,73,0.4183333333333334,0.4183316258437515,0.004135606982936123,0.41979465277777805,0.013126955382812057,True,False,0.0003964121730557859,0.0002853808535794866,-0.00039562499999989953,D1
7,F47,74,0.21416666666666664,0.2872179563830988,0.13146141060104696,0.2840311805555557,0.07401053151439749,True,False,-0.021923809535521283,-0.006018765456192066,-0.012388402777777863,D1
7,F47,75,0.194125,0.20499539259267632,0.009590159004544619,0.20541784722222148,0.019989746334625972,True,False,0.00040297603306703976,0.0003930256388594011,0.0011787500000000617,D1
7,F47,76,0.20341666666666666,0.20344042077324365,0.0012309849756845116,0.20820048611111078,0.007161776361596424,True,False,7.636184358925319e-05,0.0005274265254539834,0.0011367361111111196,D1
7,F47,77,0.25829166666666664,0.29072105756690425,0.026540567083396315,0.3107271527777776,0.033254427702310255,True,False,-0.00022638912238819378,-0.00010022433429623945,-0.0004713194444445068,D1
7,F47,78,0.256375,0.2811721860445476,0.02768539143140241,0.30721354166666653,0.033964068900949336,True,False,0.0014750848470473886,0.000764858252613243,0.002126944444444556,D1
7,F47,79,0.18629166666666666,0.2137107457782613,0.019604183552529478,0.20382256944444435,0.028580430041470595,True,False,-0.0012393523954979252,-0.0009111896403539155,-0.0015130555555556702,D1
7,F47,80,0.24941666666666665,0.3229612606274944,0.13154977247025648,0.3359888194444442,0.07403540044866389,True,False,-0.001152694992677672,-0.00040887212481049984,7.729166666659015e-05,D1
7,F47,81,0.18570833333333334,0.20546743416413552,0.011831696914108592,0.21646444444444443,0.022203318928060985,True,False,0.001828616243060457,0.0023514105225430904,0.005501250000000013,D1
7,F47,83,0.27391666666666664,0.31779223564339654,0.04633428354476991,0.33324083333333326,0.04393853829724819,True,False,-0.0024743802826733205,-0.0011455480069682,-0.003166180555555509,D1
7,F47,85,0.1935416666666667,0.19893068152429794,0.0011519928261202032,0.20631020833333316,0.0069281816581511346,True,False,4.6683017522645065e-05,0.00020643464923172927,0.000748402777777768,D1
7,F47,86,0.318125,0.2827651879720697,0.03287139911094578,0.2902977777777776,0.037008669654862505,True,False,0.0,0.0,0.0,D1
7,F47,87,0.19670833333333335,0.2192448240713405,0.014716524276083866,0.22585854166666652,0.02476264346760043,True,False,0.0,0.0,0.0,D1
7,F47,88,0.19945833333333332,0.2186758953491245,0.00960259875545604,0.22128611111111066,0.020002706853756946,True,False,0.0,0.0,0.0,D1
7,F47,89,0.3682083333333333,0.3732795551243427,0.012608200902443035,0.3970175000000004,0.022920333860318436,True,False,0.0,0.0,0.0,D1
7,F47,90,0.20099999999999998,0.21205469607661143,0.006082298495726272,0.21402340277777712,0.015919456774293357,True,False,0.0,0.0,0.0,D1
7,F47,91,0.3677916666666667,0.33375387406572804,0.028167295764502265,0.32375111111111093,0.034258390556488896,True,False,-0.00812857939961872,0.004614586578850555,0.009175277777777713,D1
7,F47,92,0.20695833333333333,0.21680462735097364,0.0036049832873595823,0.22423291666666648,0.012255922526408036,True,False,0.00011605605832971976,0.00021130611242747843,0.00034763888888891814,D1
7,F47,93,0.44687499999999997,0.36896325230820576,0.15046763069098,0.3676513888888889,0.0791800771161797,True,False,-0.000543820550810592,0.00010205916495653611,0.00043902777777776736,D1
7,F47,95,0.6083333333333333,0.5887316034842903,0.011224038193194105,0.6042690972222218,0.021625638905007048,True,False,0.0063914492753545495,-0.008490860600690375,-0.017695763888888938,D1
7,F47,96,0.2085,0.2795424144439015,0.127928523216184,0.29427805555555536,0.07300928114978031,True,False,-0.0016511375682092544,-0.0002878636300516213,-0.0016895833333333554,D1
7,F47,97,0.6187083333333333,0.5981232448090551,0.015334419839351177,0.6286092361111109,0.02527714699037385,True,False,-0.0027420657302462403,0.0013085245352636443,0.004808680555555611,D1
7,F47,98,0.218,0.25587518553601957,0.035419259381268095,0.2699523611111112,0.03841617464323464,True,False,0.000554439555635694,0.00028262095708764257,0.0014760416666667608,D1
7,F47,99,0.6459583333333333,0.5809116090231946,0.10732313784333425,0.6092221527777778,0.06687149923651275,True,False,-0.015244009960713664,0.005050365397929801,0.007647916666666643,D1
7,F47,100,0.22024999999999997,0.26971425204726424,0.06262295216299901,0.3005197222222225,0.051081206656247775,True,False,-0.005478680256734786,-0.0019110429765661352,-0.0020224305555555655,D1
7,F47,101,0.6589166666666667,0.6169954057016374,0.044305441740347576,0.6208352777777787,0.04296580119716706,True,False,0.014113688969339355,-0.007911469112871772,-0.015512986111111182,D1
7,F47,102,0.21483333333333332,0.280742973603131,0.1139668871974408,0.29301479166666683,0.06891023363690887,True,False,0.008368276550772435,0.0026834036003522965,0.005849791666666604,D1
7,F47,103,0.6706249999999999,0.6718337277146774,0.007468393463563185,0.7287881944444444,0.01764038154297688,True,False,-0.00145156343675883,0.004929303457979484,0.008573888888889103,D1
7,F47,104,0.21458333333333335,0.29999889094878135,0.17824955164858275,0.3025030555555555,0.0861804191915094,True,False,0.005666830844782422,0.0013837714785809307,0.002906180555555582,D1
7,F47,105,0.6841666666666667,0.5713781521117018,0.38804308514318103,0.5987227083333331,0.12715526682354086,True,False,-0.006121086761403327,0.0006009354096235819,0.0006594444444441017,D1
7,F47,107,0.22895833333333335,0.31461602797530475,0.18214925974507573,0.34302701388888873,0.08711803768094271,True,False,0.03685415557838509,0.009225141800985492,0.017547777777777995,D1
7,F47,108,0.726625,0.5626422421127067,0.6763050965845202,0.6059408333333326,0.16786714694768304,True,False,0.02090354343782963,-0.002019806300995186,-0.0006435416666666915,D1
7,F47,109,0.231,0.30132602954365023,0.134080455429813,0.3360549999999995,0.07474413450504913,True,False,0.027695548363284306,0.0074036856005235685,0.0196886111111112,D1
7,F47,110,0.7380416666666667,0.5241252766680341,1.160234575916502,0.5349697222222217,0.21987066045712933,True,False,0.03029442006532479,-0.002836418405682606,-0.005257083333333301,D1
7,F47,111,0.236,0.4961919573430156,1.6261105812175178,0.569006944444444,0.2602971524061105,True,False,-0.05059558906368444,-0.004021500219252294,-0.008508749999999954,D1
7,F47,112,0.7764166666666666,0.6169980201961832,0.6193791467579716,0.7188667361111105,0.16064701817415974,True,False,-0.07767200195064905,0.009898569004660462,0.019942499999999974,D1
7,F47,113,0.2504166666666667,0.2855664086819587,0.0307386360671555,0.3148098611111116,0.03578793795118888,True,False,-0.0012798742248240937,-0.0007506939179094396,-0.0013125694444444114,D1
7,F47,114,0.7670833333333333,0.8682761755518521,0.5910914617917172,0.9354374999999994,0.15693569035750987,True,False,0.003811637876064533,0.00042596770743463797,0.0006145138888891122,D1
7,F47,116,0.819,0.8454003729110591,0.16827462138160584,0.8576081944444441,0.08373435709173929,True,False,-0.007972133434749562,-0.006207866172315946,-0.014417430555555444,D1
7,F47,117,0.9079166666666666,0.8968574758160893,0.9138354736792108,0.9149000694444442,0.19513195040783843,True,False,0.07382128945000055,0.007277796867773523,0.0029850000000001264,D1
7,F47,118,0.28562499999999996,0.37482505031019947,0.1942395708378098,0.35219437500000034,0.08996285595497404,True,False,0.002759760330297706,0.0006290181143384088,0.0006395138888888874,D1
7,F47,119,0.921875,0.5974031036963484,3.009749309004606,0.6265556944444445,0.35412740815774946,True,False,0.2164912410559925,-0.01403666758732669,-0.031138958333333244,D1
7,F47,120,0.4049583333333333,0.580315016791363,0.7641770516367253,0.5493178472222223,0.17843965502338194,True,False,-0.01865530699071849,-0.0020291986721129307,-0.0014909722222222754,D1
7,F47,121,0.5975416666666666,0.651529069397896,0.08306031297207606,0.6544222222222218,0.05882895863294286,True,False,0.022386217197562293,0.009519773318225733,0.01927576388888852,D1
7,F47,122,0.5997916666666666,0.5310141643987057,0.12572006895811547,0.5068257638888889,0.07237635115552693,True,False,0.019049925930416572,-0.00560931358562633,-0.010506041666666577,D1
7,F47,123,0.44,0.6582095996923343,1.1645410014666708,0.6330217361111111,0.22027832786676485,True,False,-0.006655001657213777,-0.0004860522060988748,-0.0023370138888889613,D1
7,F47,124,0.47941666666666666,0.6642986450263504,0.8314573001697431,0.6361046527777782,0.1861291330601937,True,False,0.0318713973331044,0.003511953533024248,0.005809999999999982,D1
7,F47,125,0.671625,0.601963848917322,0.12144262386501872,0.5975696527777776,0.07113444543755938,True,False,-0.014457227369706033,0.004243298396932382,0.011161527777777569,D1
7,F47,126,0.496875,0.6288130683489257,0.4414523972848534,0.7171281944444444,0.13562392815011992,True,False,-0.06640352270018601,-0.009783003175492522,-0.021642569444444648,D1
7,F47,127,0.688125,0.688796869888059,0.011797547759291094,0.6843753472222222,0.022171253685131613,True,False,-0.00040293885084214526,0.0017117165376723253,0.0040115972222223295,D1
7,F47,128,0.48029166666666673,0.6565480954561863,0.7546418845196557,0.6610049305555563,0.17732290279314078,True,False,-0.11494694945741257,-0.01283477842383196,-0.023426458333333233,D1
7,F47,129,0.71075,0.6628343503179486,0.06021613618525337,0.6506752083333337,0.05008997578743233,True,False,0.0014674918183771313,-0.000877468432280315,-0.005264930555555214,D1
7,F47,130,0.4907916666666667,1.0601025324926876,7.951072106811523,0.8840665972222227,0.575582028139471,True,False,0.03983774787668182,0.0010492731553854995,-0.0007802777777777825,D1
7,F47,131,0.70275,0.6391394887969858,0.10738164552197468,0.6223165277777786,0.06688972439831307,True,False,0.0031631360341625864,-0.0010826458019266294,-0.002341944444444355,D1
7,F47,132,2.7121666666666666,1.273107489246316,54.353057005542645,1.3399524305555544,1.5048955806182291,False,False,-1.7769004124104342,0.023666562632537635,0.039536111111110106,D1
7,F47,133,0.46658333333333335,0.4646331897341521,0.002041751026873777,0.47635770833333324,0.009223500390474001,True,False,-0.00021760995532899789,-0.0011734754375158918,-0.0043997916666666526,D1
7,F47,135,0.49066666666666664,0.4470884914903266,0.061007212045672735,0.44064319444444444,0.050417925072038586,True,False,-0.0008699115095974,0.0010459741681833612,0.0008100694444446166,D1
7,F47,136,1.65275,1.8565461857309495,1.2004390247312349,1.9582079861111106,0.2236476977237521,False,False,0.0,0.0,0.0,D1
7,F47,137,0.511375,0.40103699229503215,0.29408698625410185,0.4042411111111118,0.11069609038829802,True,False,0.0,0.0,0.0,D1
7,F47,138,1.7102916666666665,1.6054268598807744,0.7878660685668507,1.6113872916666658,0.18118430632080726,False,False,0.0,0.0,0.0,D1
7,F47,139,1.684375,1.6769201198204922,0.12949668921673682,1.7415415972222223,0.07345539724234497,False,False,0.0,0.0,0.0,D1
7,F47,140,0.4033333333333333,0.44330281049773296,0.0395567698692013,0.44946444444444467,0.040598014046872466,True,False,0.0,0.0,0.0,D1
7,F47,141,1.8655,1.8070181402251677,1.3183473930749183,1.7944372222222205,0.23437393493757278,False,False,0.1486208907517692,-0.002268500498989079,-0.018550625000001153,D1
7,F47,144,0.409875,0.4411322080739664,0.026572720906827368,0.4362652083333334,0.03327456542843408,True,False,-0.0032604000541665568,-0.002043267303364571,-0.0036228472222221697,D1
7,F47,145,2.141625,1.6157690307079242,9.415515841126505,1.4880674999999937,0.6263490720412521,False,False,0.42993815986670647,-0.012394919245735325,-0.035355625000002666,D1
7,F47,146,0.7000000000000001,0.7683064203763985,0.1236034720666589,0.7657743055555554,0.07176450842473682,True,False,0.009065840111810636,0.0023520216662619164,0.003147152777777773,D1
7,F47,147,1.7504583333333334,1.4389090898959516,2.425621962158881,1.3653875694444448,0.3179112796939109,False,False,-0.1145843632249326,0.007143654103469732,0.012203680555554985,D1
7,F47,148,0.40570833333333334,0.4281484732369063,0.02757958188444988,0.44436340277777825,0.03389910389944566,True,False,0.0045036050326984454,0.005022451443222831,0.010966597222222763,D1
7,F47,149,0.6973333333333334,0.7632512549549019,0.10995278448048204,0.7574214583333334,0.06768578890742195,True,False,-0.00849700876170112,-0.002621795780431868,-0.0054163888888884015,D1
7,F47,150,0.4267916666666667,0.5307523565472306,0.378319156248412,0.5761508333333335,0.1255519740068517,True,False,0.013447546130529564,-7.299582555186923e-05,-0.0024059722222221636,D1
7,F47,151,1.3133333333333332,1.3462730549482977,1.7781337866362283,1.2497374305555577,0.27219277686321786,False,False,-0.005393021065213333,-0.006430261495161238,-0.013487638888888931,D1
7,F47,152,0.4427083333333333,0.6693405766691773,1.2722830992815177,0.7306961111111109,0.23024290608702055,True,False,-0.0200135470437659,-0.0016031346315034112,-0.002203333333333335,D1
7,F47,153,0.8378333333333333,0.8072957772154964,0.032092231584472185,0.8249030555555557,0.03656742151177294,True,False,-0.003564445823662457,0.0012794879311064378,0.0005995138888886808,D1
7,F47,154,1.6209999999999998,1.3750350297600102,1.8251016368262194,1.3203810416666688,0.27576421365801945,False,False,0.05381515684764082,-0.005523861444193479,-0.00926111111111183,D1
7,F47,155,0.41566666666666663,0.48120839299778106,0.10810740420109076,0.4850808333333334,0.0671153870214979,True,False,-0.03800134831959916,-0.011029463551890384,-0.022430347222221925,D1
7,F47,156,0.83225,0.7704616704677846,0.09605177640721904,0.7854890972222233,0.0632626062559929,True,False,0.004672366705664288,-0.0016974035097025997,-0.00326291666666656,D1
7,F47,157,1.2108333333333332,0.9327965083572138,4.788304359962901,0.9612397916666676,0.44666842474605356,False,False,0.04426197148391431,0.0001879602686560844,0.0031622222222222884,D1
7,F47,158,0.410125,0.4498473102909348,0.04040712896454216,0.44128923611111137,0.04103206518715077,True,False,-0.003802426185495096,-0.001939014736832001,-0.004526597222222151,D1
7,F47,159,0.721,0.7957675615727949,0.1964603939613578,0.7473997916666667,0.09047568595147489,True,False,-0.0023514174057277792,-0.0012612397831828215,-0.0018190277777780928,D1
7,F47,160,0.6937083333333334,0.7571182829494646,0.13236428715654544,0.7367712500000009,0.07426424867675378,True,False,-0.00035371947010479077,-0.0003809837899657609,-0.00025097222222214555,D1
7,F47,161,0.646,1.1588812870691394,6.344530601243328,1.4164211805555553,0.5141550755545179,True,False,0.07804596219287152,0.0032997226737363494,0.0034097222222213563,D1
7,F47,163,0.56975,0.7509483252070678,0.7953235731495452,0.8044173611111116,0.18203978195593506,True,False,-0.029542754419050743,-0.0033601831901379775,-0.009485972222222139,D1
7,F47,165,0.487875,0.44766085604817657,0.04483491374475524,0.4532392361111118,0.04322177004741324,True,False,-0.0016215400400612437,0.0007228788407038778,0.0010940972222222012,D1
7,F47,166,0.6535,0.7225618266334615,0.12091067934549866,0.8284211805555556,0.07097848246285005,True,False,0.005870925431693472,0.002234924804275451,0.007363263888888083,D1
7,F47,167,0.459625,0.44157123953503447,0.015022593574556405,0.4278777083333332,0.025018820894275776,True,False,0.00039477711324900806,-0.0006321786705602017,-0.001441944444444565,D1
7,F47,168,0.782625,0.7230903399083216,0.09609904303349945,0.7502443055555559,0.06327816995664838,True,False,-0.01136320801740652,0.004098134092320849,0.006952638888888973,D1
7,F47,169,0.4135416666666667,0.43362554461308234,0.022063460833482856,0.41814208333333297,0.030320139644496785,True,False,-0.0012845120449720415,-0.0007076254588455622,-0.00096701388888909,D1
7,F47,170,0.7702083333333333,0.7581100390879779,0.28091826269369224,0.7523759722222229,0.1081893137617444,True,False,0.0023047231839887217,-0.00271104440668124,-0.0058102777777777614,D1
7,F47,171,0.8664999999999999,0.8860079093718474,0.0442119843629751,0.8586890972222231,0.042920461497099056,True,False,0.009689763534869,0.006310173222812687,0.018312569444444815,D1
7,F47,173,0.9253333333333332,0.7858017558416432,0.5207423084653059,0.833719166666663,0.1473010393244203,True,False,0.008338533406290982,-0.0010798632113320217,-0.0019278472222223897,D1
7,F47,174,1.0531666666666666,0.9116722655011334,1.3063901408085012,0.859119652777779,0.2333086422181732,False,False,0.018051340042353203,0.0008099492024460364,-0.0012859722222224867,D1
7,F47,175,0.40491666666666665,0.4698432140551971,0.10396275503146585,0.4606890972222224,0.06581627047808475,True,False,0.005016025911259936,0.0015070555627783033,0.004398472222222338,D1
7,F47,176,0.9803333333333333,0.8838108692657687,0.23382159847085365,0.8621434722222218,0.09870444064454363,True,False,0.028617414810068326,-0.006934590078717218,-0.016905486111110868,D1
7,F47,177,1.4867916666666667,1.0216868933925056,8.766497381768025,1.054144930555554,0.60437631012502,False,False,0.10984886342874489,-0.0021494025369852565,-0.007559375000000035,D1
7,F47,178,0.30579166666666663,0.6922053974486927,3.58911328777308,0.7989002777777774,0.3867122793376815,True,False,0.36899536202901784,0.020402973660381907,0.043779722222222595,D1
7,F47,179,0.248,0.22705693489799308,0.029201583106971803,0.22405819444444422,0.03488169476182541,True,True,-0.0003408063843383449,9.012881739225986e-05,0.0002113888888888582,D1
7,F47,180,0.20129166666666667,0.21557649214021501,0.00578151374904069,0.2245661805555553,0.015520837806317954,True,True,0.00019668250755643883,0.0003979486227505824,0.0014769444444444613,D1
7,F47,191,0.29050000000000004,0.3478229302288416,0.14817375678494396,0.49253701388888893,0.07857421035369047,True,True,0.0024325323923900244,0.0015115011096959452,0.0054463194444446805,D1
7,F47,192,0.14441666666666667,0.1638465221166288,0.023084679443784433,0.15317222222222232,0.031013894361898796,True,True,0.00019076056100612512,-2.4952747834178224e-05,-9.618055555557503e-05,D1
7,F47,193,0.381,0.36012424026377476,0.01928006499514072,0.3986721527777781,0.02834318333328486,True,True,0.0,0.0,0.0,D1
7,F47,194,0.253375,0.23429846433063498,0.014533815050196913,0.25548479166666666,0.0246084462551283,True,True,0.0,0.0,0.0,D1
7,F47,195,0.19183333333333333,0.20169377260887048,0.004001018690413207,0.2114279861111111,0.012911588287292556,True,True,0.0,0.0,0.0,D1
7,F47,196,0.18425,0.21961381253533277,0.057791256353617225,0.25571499999999997,0.049071060868235275,True,True,0.0,0.0,0.0,D1
7,F47,209,0.6549583333333334,0.48661461894519165,0.7747000599220588,0.4128189583333337,0.17966404527177696,True,True,0.0,0.0,0.0,D1
7,F47,210,0.51825,0.507777343520765,0.019008009862602454,0.5222118055555556,0.02814250186002959,True,True,0.00022380553842146073,0.0001104997970036159,0.00011840277777763752,D1
7,F47,212,0.521125,0.3854080353046805,0.4661013846018912,0.40422798611111094,0.13935885700262757,True,True,-0.00035525652276358066,0.000324833092166521,-0.002186874999999977,D1
7,F47,214,0.5314583333333333,0.4328451160959883,0.2904691565527843,0.3830174999999995,0.11001309705227229,True,True,0.00972970287216074,-0.0015657009075524808,-0.005572291666666562,D1
7,F47,215,0.7052499999999999,0.6782282455012187,0.025174714215941543,0.6339933333333329,0.03238744240696123,True,True,0.0010444815501313778,-0.0006198527729780468,-0.002421041666666346,D1
7,F47,216,0.5559583333333333,0.8384227554208872,1.9648936612368573,0.9792284722222218,0.28613033606767807,True,True,-0.4243751090638579,-0.029195578827210245,-0.054509097222222413,D1
7,F47,229,1.78825,1.3304200251524287,5.287184518444433,1.2807941666666656,0.46936058093451427,False,True,0.1379159733532438,-0.0060795539833284895,-0.013172083333333306,D1
7,F47,230,0.460875,0.43172461090408526,0.02651036408470088,0.4293961111111111,0.03323550065109902,True,True,-4.513921006698077e-05,-6.197987106554281e-05,-0.00014263888888882414,D1
7,F47,231,2.1767083333333335,1.460147368582957,15.10038013942831,1.362049375,0.7932102532175899,False,True,0.34058224496271805,-0.007692926360857388,-0.022266736111111296,D1
7,F47,239,0.433875,0.5747588336633126,0.5594398985767421,0.5004322222222225,0.15267611396034064,True,True,0.012373289734990744,0.0009378665545232145,0.005874652777777656,D1
7,F47,240,0.47258333333333336,0.5651037790609522,0.24906599616302907,0.44347111111111076,0.10187124147729923,True,True,-0.008233756833980005,-0.0020823037530302013,-0.009348402777777709,D1
7,F47,241,0.65225,0.8445638865236572,1.1593544811498822,0.786336805555556,0.21978725330323054,True,True,-0.028025643352726615,-0.0028674603335852034,-0.010265486111110778,D1
7,F47,242,0.7242083333333333,0.7828133624462597,0.11590488233945795,0.620230555555556,0.06949366947771153,True,True,0.00688321359336469,0.004232060293752116,0.014790208333332888,D1
7,F47,243,0.449,0.48874960289674435,0.43448388552737444,0.42746534722222246,0.1345492297648235,True,True,-0.04149033258543894,-0.009111684630335903,-0.008285625000000074,D1
ensemble,F13,8,0.17720833333333333,0.35794967797370414,0.8489152620962219,0.3531243518518515,0.18807304233730374,True,False,0.005665480586988791,0.0007802453486657757,0.0021585185185184486,D1
ensemble,F13,9,0.3919166666666667,0.3199109424915218,0.1250746177526701,0.32925826388888907,0.07219032072488149,True,False,0.002495925547793737,-0.0007292828930097195,-0.001368888888888975,D1
ensemble,F13,10,0.37424999999999997,0.32947980102373337,0.05047950565279029,0.3429118055555556,0.04586188761415004,True,False,0.001935280906058899,-0.000826769268136518,-0.0022058101851850642,D1
ensemble,F13,11,0.36833333333333335,0.3686143049332913,0.016267410434024764,0.37492324074073996,0.026034760764876735,True,False,-0.00014190254703754998,-0.0016636155793157137,-0.003221273148148185,D1
ensemble,F13,12,0.3505,0.33267157308899703,0.009088623768741259,0.3437367129629631,0.019460027159048,True,False,0.0010579360485132253,-0.0010609058519980286,-0.002918310185184958,D1
ensemble,F13,13,0.40054166666666663,0.2892981244600363,0.29867074756496437,0.2896542361111107,0.11155543232793962,True,False,0.017320571579665933,-0.003260721260265609,-0.006129583333333244,D1
ensemble,F13,14,0.3236666666666667,0.34419643757738005,0.012483669890838035,0.34103752314814817,0.022806861075523994,True,False,0.0004010868241085628,0.00039463310630605264,0.0008092361111111668,D1
ensemble,F13,16,0.322875,0.3320926865080902,0.0034085361433578262,0.3411154166666664,0.011917312587432458,True,False,-0.00022164608403430278,-0.0004687451421234168,-0.0008739583333333689,D1
ensemble,F13,17,0.39683333333333337,0.3428107517054429,0.0711017455095491,0.3567901851851852,0.0544295207545,True,False,-0.0003839707768046735,0.0001456611867381441,0.00019888888888885958,D1
ensemble,F13,18,0.3305416666666667,0.27461595631936747,0.0807025636216213,0.2776429861111112,0.05798798856287011,True,False,-0.0007971412558438196,0.0004315603436373383,0.0002560185185185304,D1
ensemble,F13,19,0.383375,0.2977573941127666,0.17810561119674265,0.3219233796296296,0.08614561586753913,True,False,-0.00420653181527833,0.0010421295280794718,0.0028107638888888453,D1
ensemble,F13,20,0.34195833333333336,0.3019424095951704,0.05136771955082899,0.30943479166666704,0.04626361040765418,True,False,3.0405990708505526e-05,7.47498946713776e-05,-4.328703703704306e-06,D1
ensemble,F13,21,0.3625833333333333,0.29223237544695013,0.13170659952668165,0.3168129398148147,0.07407951795387442,True,False,0.0011018058136342823,-0.00036585529446403475,-0.0009139120370370568,D1
ensemble,F13,22,0.3542083333333333,0.29939259895509834,0.07933932598214187,0.31706238425925953,0.057496132472157735,True,False,-0.0031558702115112164,0.0011029499192044545,0.0025231944444444876,D1
ensemble,F13,25,0.33645833333333336,0.3442989108429928,0.001966903775395446,0.35679770833333313,0.009052862750247033,True,False,-4.02315350632931e-05,-8.109619372781429e-05,-0.00016083333333338778,D1
ensemble,F13,26,0.33208333333333334,0.30203177644302276,0.02443204905483428,0.2905024537037044,0.031906144297790484,True,False,-0.0009193144107849278,0.000560586060234125,0.0008566898148148483,D1
ensemble,F13,27,0.3579583333333333,0.3320349379039424,0.017461110001380835,0.32353824074074067,0.026973065269960232,True,False,-0.0013694191950631464,0.0011358609770916184,0.0020121527777778314,D1
ensemble,F13,28,0.366625,0.2502215344284682,0.3277930423729639,0.24601675925925906,0.11686763209805712,True,False,0.0010236109052794706,-0.00019362649647386432,-0.0006312731481480371,D1
ensemble,F13,29,0.30795833333333333,0.2666977587790675,0.04740393250735694,0.26099974537037035,0.044442815555196385,True,False,0.003524983596691157,-0.0017077984289828319,-0.0033946990740740812,D1
ensemble,F13,30,0.35904166666666665,0.32079180837671006,0.042526782784455375,0.33562027777777753,0.04209452794230671,True,False,0.0014846325541566993,-0.0009397151625378797,-0.0016175694444446331,D1
ensemble,F13,31,0.32033333333333336,0.30108815711195497,0.012169339609963028,0.2939319907407411,0.022517899926098633,True,False,0.0009103567150658583,-0.0010660004462703654,-0.002033611111111111,D1
ensemble,F13,32,0.3295,0.2522445242280228,0.1492863037988605,0.2553491435185184,0.07886864179308437,True,False,0.0054009672878061465,-0.0015030866957871925,-0.002430370370370416,D1
ensemble,F13,33,0.33975,0.3035552465338169,0.03278510022148,0.30990185185185143,0.036960057393917375,True,False,-0.0018167581093787438,0.001000960773880677,0.0022105787037037805,D1
ensemble,F13,34,0.34991666666666665,0.3115631210764,0.03576544324385159,0.3258475462962956,0.03860345582751821,True,False,-0.0030578687242811264,0.0016461986444819554,0.003981435185185178,D1
ensemble,F13,35,0.26345833333333335,0.2002646052114144,0.09952085699707144,0.1876496990740738,0.06439489401247568,True,False,0.0022583976049268817,-0.0007507535475738125,-0.00164861111111117,D1
ensemble,F13,36,0.35883333333333334,0.3223186113895163,0.03413140539649692,0.34490254629629574,0.03771129660354713,True,False,-0.003932553234873848,0.0021527640258748315,0.005156041666666666,D1
ensemble,F13,37,0.338,0.32204710358640826,0.02396582081771837,0.36788900462962926,0.031600251065536364,True,False,-0.0011839574107184725,0.00269862044448288,0.006806458333333321,D1
ensemble,F13,38,0.297625,0.33862311587343125,0.041587768711587966,0.3481798611111111,0.041627198996763703,True,False,0.0,0.0,0.0,D1
ensemble,F13,39,0.18516666666666667,0.2376518965330825,0.09840697573989811,0.22372493055555565,0.06403351197481744,True,False,0.0,0.0,0.0,D1
ensemble,F13,40,0.1728333333333333,0.23881877775492774,0.1404619495372803,0.23097879629629647,0.0765021648760348,True,False,0.0,0.0,0.0,D1
ensemble,F13,41,0.33116666666666666,0.32637326928901733,0.0008898900714456133,0.33342868055555575,0.0060892325441635545,True,False,0.0,0.0,0.0,D1
ensemble,F13,42,0.14945833333333333,0.2358533389330759,0.2765271701530561,0.22849932870370368,0.10734041840352591,True,False,0.0,0.0,0.0,D1
ensemble,F13,43,0.34591666666666665,0.3243789196158868,0.011828298335594196,0.32405615740740706,0.022200129819059427,True,False,0.00024384919740622416,-0.00018223373411774269,-0.0006819444444443601,D1
ensemble,F13,44,0.20025,0.17775484154468932,0.017446416324379797,0.19095238425925956,0.02696171384604148,True,False,-0.0009017451194513089,0.0007298472111851306,0.001567500000000055,D1
ensemble,F13,45,0.14758333333333332,0.17200597319580654,0.04415882029454593,0.18020284722222238,0.042894648216369374,True,False,-0.0002039898795916234,-9.498267076482603e-05,0.00013689814814815682,D1
ensemble,F13,46,0.3981666666666666,0.37241518375157323,0.025242788471602873,0.4434035648148147,0.03243120184303155,True,False,-0.000348061555952274,0.0006709484133690657,0.00046219907407385463,D1
ensemble,F13,48,0.4250833333333333,0.4042927291672738,0.017971004083235192,0.4611650925925923,0.027364061043665764,True,False,-0.004382515531562676,0.004377937087162165,0.008478495370370098,D1
ensemble,F13,49,0.14991666666666667,0.17022680216883102,0.02725333539163638,0.17511393518518534,0.0336980064887848,True,False,0.00027965913207347523,0.00013783714111981205,0.00014166666666667882,D1
ensemble,F13,50,0.453625,0.4114761802339028,0.05245855992063703,0.45294974537037014,0.04675225481221781,True,False,-0.0010099983012062524,0.000855224521671083,0.0007187499999998237,D1
ensemble,F13,51,0.4850833333333333,0.461539858797778,0.020628299872645035,0.5007397222222215,0.029317443522475544,True,False,-0.0017404596987141314,0.0019247522560523755,0.003098495370370269,D1
ensemble,F13,52,0.23383333333333334,0.24141448422448378,0.0017934017510207007,0.2526672453703705,0.00864436654470389,True,False,-0.0003106781444364478,-0.0007264059105294707,-0.001703124999999972,D1
ensemble,F13,53,0.23683333333333334,0.2653816499023733,0.020214563664919298,0.2642738194444448,0.029021948350141897,True,False,-0.00021560347071966288,-0.00014233727872708934,-0.00020831018518518984,D1
ensemble,F13,54,0.24454166666666666,0.26156980620429165,0.007895210768165132,0.24695782407407407,0.018137450629573434,True,False,0.001400149456579119,0.0019247755042949843,0.004386550925925908,D1
ensemble,F13,55,0.5199166666666667,0.4347820727425946,0.17494653565059315,0.45210134259259277,0.08537821142095553,True,False,0.008742067303994294,-0.0021698332103589624,-0.005043611111110791,D1
ensemble,F13,56,0.2577083333333334,0.26217122155789646,0.0015179645374786515,0.26358030092592627,0.007952893963516916,True,False,2.292541469786874e-05,0.0002760798817048604,0.0007067361111110504,D1
ensemble,F13,57,0.549625,0.46531938589447974,0.17143349092731777,0.48053870370370405,0.08451663813694658,True,False,0.0013782062953109075,-0.0003561586547959905,-0.00044773148148147257,D1
ensemble,F13,58,0.258375,0.24665469447362634,0.0035754010777742703,0.2531172453703702,0.01220553337250205,True,False,3.7091771704022246e-06,-2.5308571721394113e-06,-4.085648148144383e-05,D1
ensemble,F13,59,0.26229166666666665,0.24149113678073517,0.010518723568481835,0.24588048611111094,0.02093514147759081,True,False,-0.00039659237092719464,0.0003907403843638746,0.0008483564814815159,D1
ensemble,F13,60,0.26495833333333335,0.2278530853936943,0.03319073749110609,0.2322283796296293,0.037188000691926876,True,False,-0.0008275119417979621,0.00046297512830914545,0.0010934027777777522,D1
ensemble,F13,61,0.26429166666666665,0.23879786267240355,0.015821370343631437,0.2421212731481479,0.02567535324621604,True,False,-0.00014406853368574904,0.00011712195380930712,0.00027997685185185417,D1
ensemble,F13,62,0.5582916666666667,0.4768232761529643,0.16218080374268531,0.4889409259259255,0.08220421819638306,True,False,-0.007056375900619777,0.0018204076600869534,0.004258425925925846,D1
ensemble,F13,63,0.2705,0.26051146956431454,0.0032049213837840817,0.2616783333333334,0.011555881229529984,True,False,6.675665457817276e-05,-0.00023767709862621,-0.00030351851851850853,D1
ensemble,F13,64,0.5405833333333333,0.5349562678577592,0.0055009723162573005,0.5409254861111107,0.015139589817562898,True,False,-0.00010637639553066555,0.0005730917309694217,0.001218703703703694,D1
ensemble,F13,65,0.2655,0.2587151911623813,0.0021120928127927015,0.2651062962962963,0.009381037639818736,True,False,-0.0001571706639237557,0.00045955065474012624,0.0009574074074074623,D1
ensemble,F13,66,0.25133333333333335,0.2525100252775019,0.0006939228465085713,0.25807543981481507,0.005377123016805282,True,False,-5.79399922577726e-05,-0.0006315181702146178,-0.0013964351851850632,D1
ensemble,F13,67,0.5415833333333333,0.4742301855475537,0.11472196725595507,0.5014290046296294,0.06913813686380425,True,False,0.005260794779176195,-0.0017657975125605074,-0.004840046296296419,D1
ensemble,F13,68,0.24787499999999998,0.25299987097827564,0.0009308367516586695,0.25788398148148134,0.006227749565649261,True,False,-9.757035424065369e-06,1.2624976469255422e-05,0.00010789351851858697,D1
ensemble,F13,69,0.42891666666666667,0.4139435305523764,0.01260859355341169,0.43531541666666596,0.022920690755853915,True,False,-0.0003308248955079182,0.0006975538575741957,0.0010213194444443907,D1
ensemble,F13,70,0.44295833333333334,0.4200241030012924,0.021397967016674718,0.4431218287037029,0.02985936970245878,True,False,-0.0006016367616717075,0.0006596371867274575,0.001144699074073996,D1
ensemble,F13,71,0.549125,0.5057668763542539,0.04826732185305756,0.529991504629629,0.04484571786184345,True,False,0.0008971278161076929,-0.0004211441388650705,-0.0008517129629629361,D1
ensemble,F13,72,0.45575000000000004,0.4250969589987677,0.029268396671129716,0.45032944444444395,0.03492157682527721,True,False,0.0033528870401224008,-0.002462107607191677,-0.0048093287037036525,D1
ensemble,F13,73,0.56725,0.5346180332786382,0.031066932119543426,0.5485197685185187,0.03597854228538138,True,False,-0.000651063794129856,0.000577262230411657,0.000672106481481527,D1
ensemble,F13,75,0.46820833333333334,0.5008312790201094,0.027938807382580845,0.5020545138888887,0.03411915846374588,True,False,-0.002496346043750937,-0.001613714870003613,-0.0037665509259260377,D1
ensemble,F13,76,0.5653333333333334,0.5026851367848959,0.1004446013181937,0.5222806944444441,0.06469305775422432,True,False,0.0007122898521290111,-0.00011352572684797391,-0.0009197222222221413,D1
ensemble,F13,77,0.482875,0.5098222770891915,0.021275421464944298,0.5205306712962964,0.029773745051180227,True,False,0.0004851030137567637,0.0003282968906013206,0.00107356481481502,D1
ensemble,F13,78,0.5759583333333333,0.5378438613036219,0.03690489321756684,0.5542262037037043,0.03921356760185542,True,False,-0.000693424694985123,0.0004286894675074038,0.0007287962962962968,D1
ensemble,F13,79,0.495625,0.501734750686918,0.0068733261630918585,0.4976446064814815,0.016923019533429236,True,False,-0.0006146559821590975,-0.0013158226905791715,-0.0023114583333332384,D1
ensemble,F13,80,0.5730833333333333,0.5029936141353201,0.12282191554738091,0.508614837962963,0.07153726172054815,True,False,0.009027121266486929,-0.0026185405581830024,-0.003972638888888991,D1
ensemble,F13,81,0.5222916666666667,0.4992461633287549,0.019721235944220098,0.5115614351851853,0.028665626878589347,True,False,0.0010973030806713767,-0.0015953187458736529,-0.0025166435185185465,D1
ensemble,F13,82,0.5330833333333334,0.5009326174411289,0.028109560140256187,0.5039041435185185,0.03422326215471977,True,False,0.0011819968911108668,-0.0008608629516293487,-0.0004667592592594305,D1
ensemble,F13,83,0.5427083333333333,0.5309412928807647,0.009744279108971913,0.533957777777778,0.020149730259745324,True,False,0.00011520386765595698,-2.6087642838956704e-05,-0.0002224305555554862,D1
ensemble,F13,84,0.5364166666666667,0.5474563736741885,0.00821224636293396,0.5640984259259256,0.018498025078070225,True,False,0.0005844454719391972,0.002398110727037106,0.006196041666666541,D1
ensemble,F13,85,0.5724583333333334,0.5525601840493343,0.018321460671536213,0.564331828703704,0.027629589114703503,True,False,0.00010720757162213657,-0.00010481779037130323,-0.0004020138888889413,D1
ensemble,F13,86,0.556875,0.5272647938098857,0.022410055469905134,0.5227638657407404,0.03055736099937374,True,False,-0.0006206454277349442,0.0002453965907570632,0.0015397222222220952,D1
ensemble,F13,88,0.5509166666666667,0.4877498624725705,0.09882187627302262,0.5006790046296297,0.06416835807500929,True,False,0.0,0.0,0.0,D1
ensemble,F13,89,0.5786666666666667,0.5648517118033497,0.011152919518375527,0.5828974537037037,0.0215570169534728,True,False,0.0,0.0,0.0,D1
ensemble,F13,90,0.5575416666666667,0.44253611360977496,0.3190354975531111,0.44559689814814823,0.11529590509371801,True,False,0.0,0.0,0.0,D1
ensemble,F13,91,0.5779166666666666,0.5496101741509221,0.020402281884984195,0.5677688194444442,0.029156390012156995,True,False,0.0,0.0,0.0,D1
ensemble,F13,92,0.48141666666666666,0.4098215081015808,0.14061190491574924,0.43709405092592607,0.07654299034849338,True,False,0.0,0.0,0.0,D1
ensemble,F13,93,0.3935416666666667,0.4932900425459236,0.2499461213920299,0.49431349537037006,0.10205107409855083,True,False,0.0029332638853181714,0.0006251619469458403,0.0009671527777778688,D1
ensemble,F13,94,0.40116666666666667,0.532904204903024,0.42062403696041234,0.5337593518518515,0.1323858056591309,True,False,0.024051515693669423,0.003868966694167253,0.008042222222222173,D1
ensemble,F13,95,0.482,0.41008561378605046,0.13338160521155695,0.4426695370370372,0.07454909042915864,True,False,0.0014659755114956041,-0.0004581119803959699,-0.0007206944444443364,D1
ensemble,F13,96,0.4086666666666667,0.5434884938980739,0.4574300590165993,0.5696066666666665,0.13805645871294217,True,False,0.0110705173037155,0.0015476645266161437,0.004111226851851724,D1
ensemble,F13,97,0.4735416666666667,0.4265180936802479,0.05713123878044202,0.4683803472222226,0.048790042862436774,True,False,-0.0013224913210989966,0.000574041367639111,0.002186666666666781,D1
ensemble,F13,98,0.39937500000000004,0.4096820604650551,0.020189843816151454,0.4274028009259256,0.029004197839961787,True,False,0.0009957265621794373,0.00048412638481015735,-8.217592592585365e-05,D1
ensemble,F13,99,0.46108333333333335,0.4278790782754511,0.030199973588641255,0.43794138888888895,0.03547297891156101,True,False,0.00013015685732781918,-4.3023999992231055e-05,-0.00025530092592590536,D1
ensemble,F13,100,0.4057916666666667,0.35410983411058256,0.07797473260723296,0.3554157175925925,0.05699953676976718,True,False,0.0011335526031373971,-0.00042980302194101094,-0.001027083333333234,D1
ensemble,F13,101,0.45108333333333334,0.43937323060373984,0.008520392207429544,0.44614291666666656,0.018841877347446856,True,False,3.99825764923218e-05,-8.856064717288614e-05,-0.0007510648148148502,D1
ensemble,F13,102,0.38608333333333333,0.3631486639638468,0.05304928323363021,0.3647751388888884,0.04701475089162186,True,False,0.0011213981158712596,-0.000551981914122035,-0.00065307870370368,D1
ensemble,F13,103,0.447375,0.47422831881480243,0.024541988613472922,0.469774791666667,0.03197784950390981,True,False,-0.0012316912573379496,-0.0007950861871706127,-0.0012287268518517691,D1
ensemble,F13,104,0.31779166666666664,0.40913533647061057,0.20467443125747925,0.4204143287037037,0.09234771953001854,True,False,0.0037244551288406202,0.0008589282110976759,0.0013793749999999605,D1
ensemble,F13,105,0.442,0.47831807578813446,0.03774576370826784,0.48496402777777775,0.039657788068816445,True,False,-0.0020488544262665526,-0.0010313154405237612,-0.0017904166666666832,D1
ensemble,F13,106,0.31616666666666665,0.4940552820552823,0.7693170886477636,0.5123793055555553,0.17903876310357156,True,False,0.013961272777555767,0.0016067821618400702,0.003813217592592455,D1
ensemble,F13,107,0.44425,0.4747261435209374,0.028574564598842053,0.4807256712962966,0.03450517147160821,True,False,-0.0033642685646296626,-0.001961263090028753,-0.0033996296296294193,D1
ensemble,F13,108,0.4572083333333334,0.47444996569041903,0.014450658063924465,0.5006702546296299,0.024537945159762653,True,False,-0.003192817299036251,-0.0042794420917837694,-0.01008016203703721,D1
ensemble,F13,109,0.3450416666666667,0.5187019571865537,0.7323250025104926,0.578866643518518,0.1746812576416558,True,False,-0.02231341462258607,-0.0026399440480852077,-0.005037453703703676,D1
ensemble,F13,110,0.35375,0.41755934685010226,0.09942544505286278,0.4147849768518514,0.06436401849793576,True,False,3.046795842479022e-05,2.6224598150437206e-05,0.0007874305555556349,D1
ensemble,F13,111,0.3712083333333333,0.4911465483633067,0.3504471286760211,0.5019003009259259,0.12083858528977494,True,False,0.002644882934845494,0.000424489652515736,0.0015873148148148886,D1
ensemble,F13,112,0.39633333333333337,0.6668778812716157,1.7789915744970144,0.6977468750000003,0.2722584230788381,True,False,0.011490462696409853,0.0009204656667989308,0.0005430555555556715,D1
ensemble,F13,113,0.5562916666666667,0.5180157386666996,0.039201671957094335,0.5332518055555558,0.04041538071343958,True,False,0.0037612882495539277,-0.0019513254186194207,-0.004705509259259277,D1
ensemble,F13,116,0.9369166666666667,1.0215330379492558,0.2547773358905245,1.0613527083333327,0.10303262749620555,True,False,0.01494565005732465,0.0037218887665297906,0.007668148148148202,D1
ensemble,F13,117,0.3037916666666666,0.3174195771634646,0.009892179669573915,0.3224919907407413,0.020302072625693002,True,False,0.001247284346143752,0.00185764171174857,0.003783402777777778,D1
ensemble,F13,118,1.101625,1.0977816604904354,1.5742205823372157,1.1850386574074065,0.2561103751589354,False,False,0.04710795795204614,-0.006306673411498043,-0.01855784722222209,D1
ensemble,F13,119,0.3114166666666667,0.4073736476951324,0.2275852074246036,0.39062523148148115,0.09737924304504092,True,False,-0.014209945739145663,-0.002689934761845425,-0.003048287037037134,D1
ensemble,F13,120,1.25,1.1686776323810235,1.3894823636045994,1.3157749537037025,0.24061400309110229,False,False,0.010801245674217697,0.006369109233725689,0.00805555555555526,D1
ensemble,F13,121,1.3183749999999999,0.8897752921392076,5.018212515178016,0.9449204166666672,0.45726599275740737,False,False,-0.16232596955835632,0.008427327814577334,0.014457384259259576,D1
ensemble,F13,122,0.34879166666666667,0.42829552562484663,0.16834442080033896,0.44602847222222214,0.08375172157442967,True,False,0.0012490105645212857,0.00015123607447470322,-0.00012469907407397507,D1
ensemble,F13,125,1.4950833333333333,1.447891650680141,0.29080670155366833,1.4762602777777751,0.11007699985950523,False,False,-0.03828804040459394,0.012886608712760594,0.027744189814814968,D1
ensemble,F13,126,0.3818333333333333,0.5533866462816082,0.7856699129817175,0.53221375,0.1809316068967449,True,False,0.005706266596076981,-3.8827153766018974e-05,-0.00189307870370381,D1
ensemble,F13,128,0.7817083333333333,0.7438019545485813,0.10992936247944382,0.7444432407407419,0.06767857935351598,True,False,-0.000675067460387424,-0.002227495216880482,-0.003047129629629497,D1
ensemble,F13,129,0.7205833333333334,0.6752964912867259,0.05370711766429586,0.6343360416666673,0.0473053545525838,True,False,0.0015245314292667428,-0.0007633553533693549,-0.0008282870370368567,D1
ensemble,F13,130,0.773125,1.0047661995474872,1.2988384558928938,0.942169097222222,0.2326333359506699,True,False,-0.10422286337370612,-0.009203087215293282,-0.017790000000000306,D1
ensemble,F13,131,0.73775,0.7520223959400675,0.01888945384891958,0.7236713425925921,0.028054599926541742,True,False,0.0006812421929256567,0.0019404564280258718,0.004496967592592438,D1
ensemble,F13,132,0.8696666666666667,1.2492767455830223,3.740062705811689,1.2923813194444451,0.39476061869883505,True,False,-0.026123567594493746,-0.0013717630204559406,-0.0023365972222222364,D1
ensemble,F13,133,0.9788333333333333,1.2396416445217404,1.6537152277476854,1.377857453703702,0.26249724028292865,True,False,0.06918762093921527,0.005527947356597229,0.010136111111111124,D1
ensemble,F13,134,0.7533333333333333,0.7370692143547221,0.009737909301612089,0.7467149537037042,0.020143143272600323,True,False,-0.0005490917667787549,0.0007803332115676742,0.001538726851851857,D1
ensemble,F13,135,1.0125833333333334,1.117036931827393,0.3216298204244845,1.174184675925925,0.11576373576248675,False,False,-0.046614695928200334,-0.009023361949265674,-0.01811650462962966,D1
ensemble,F13,136,0.73775,0.7620681384773191,0.016134824130023432,0.7865100462962967,0.025928446516345256,True,False,0.005527616226619181,0.005832154853109728,0.01028592592592581,D1
ensemble,F13,137,1.075875,1.2988599749157868,1.5879851899167177,1.519337685185184,0.25722762211679995,False,False,-0.007564771834144057,0.0002663466077406085,0.0024143981481470345,D1
ensemble,F13,138,0.7215416666666666,0.7526431396386317,0.02770588656535942,0.7954233796296292,0.03397663815363888,True,False,0.0,0.0,0.0,D1
ensemble,F13,139,1.3034583333333332,0.9648404721026185,4.793344560327444,0.9371614351851855,0.44690344596304415,False,False,0.0,0.0,0.0,D1
ensemble,F13,140,0.714625,0.7780207158956545,0.10293653967627334,0.816513935185185,0.06549062899767713,True,False,0.0,0.0,0.0,D1
ensemble,F13,141,0.7079166666666666,0.7484905106719614,0.0538280073122291,0.7742358796296291,0.0473585645687192,True,False,0.0,0.0,0.0,D1
ensemble,F13,142,0.4254583333333333,0.4525761047168597,0.08048971040344513,0.45429814814814845,0.05791146633851435,True,False,0.0,0.0,0.0,D1
ensemble,F13,143,1.52975,1.244843039360226,2.403793025935878,1.282157962962963,0.31647755488711715,False,False,0.006859390878537486,-0.0007268276129710483,-0.0008687500000001958,D1
ensemble,F13,145,0.6891666666666666,0.7422665709320452,0.07207838851794836,0.7499797916666662,0.05480206372252644,True,False,0.004482687992164405,0.0016172878744847852,0.0024855787037038057,D1
ensemble,F13,146,1.4956666666666667,1.3828831747334098,1.0447207706369932,1.3870713888888881,0.2086385201967142,False,False,0.007995948692965715,-0.0013577167260989675,-0.004637476851852007,D1
ensemble,F13,147,0.41225,0.4726837876520171,0.1313650597264753,0.4498945833333335,0.07398340459366413,True,False,0.005617120706556233,0.001982847321070791,0.004252407407407344,D1
ensemble,F13,148,0.7375833333333333,0.8649519724113935,0.3936802728605337,0.9074221064814817,0.1280755429522836,True,False,0.027550006029667506,0.004389100711734151,0.012403842592592751,D1
ensemble,F13,149,0.7759166666666667,0.7507159515683305,0.024948304914824755,0.7082199074074071,0.03224147491639247,True,False,0.0006058923215365823,-0.0012950274269059037,-0.0037442592592591417,D1
ensemble,F13,150,0.8217500000000001,0.8395109397701331,0.010272959409201594,0.8743776620370372,0.020689126984563648,True,False,0.00340914255185161,0.004487319942128698,0.01090386574074087,D1
ensemble,F13,151,1.676875,1.4011069104004752,2.0107167325807307,1.3882287499999995,0.2894475148581007,False,False,-0.0534991574903696,0.004596620864482537,0.00681074074074095,D1
ensemble,F13,152,0.43320833333333336,0.43667615309073393,0.0027360915099724995,0.42066532407407414,0.01067725680666719,True,False,2.5608981737215708e-05,3.9710908819046153e-05,-0.00010238425925923611,D1
ensemble,F13,153,1.6374166666666667,1.512395755872998,0.6223994204372462,1.42964597222222,0.16103822274505286,False,False,-0.036866344465525946,0.004988848507972543,0.013416689814814697,D1
ensemble,F13,154,0.412625,0.48584324082128755,0.17209879334710598,0.47484993055555513,0.08468047623938718,True,False,-0.008618877585068352,-0.0016753740194771494,-0.004425856481481472,D1
ensemble,F13,155,0.807375,0.7653709728593175,0.053688434336585156,0.8210478240740736,0.04729712567754741,True,False,0.007616441898604151,-0.004073149590269498,-0.00925553240740784,D1
ensemble,F13,156,0.7513333333333333,1.1424002853225483,3.7297246058697557,1.1009153009259272,0.39421465207579465,True,False,0.07786182015012644,0.0043603681947237405,0.011891828703703977,D1
ensemble,F13,157,0.42483333333333334,0.4458797302860195,0.024770635792814393,0.4162543287037039,0.03212646610974509,True,False,-0.00024395662461211554,-0.00010944227442882815,-2.143518518532561e-05,D1
ensemble,F13,158,0.4527083333333333,0.4371540781784784,0.02159175699804576,0.43615668981481504,0.029994275146854942,True,False,-0.0007854393975623014,0.0009648131545418881,0.0021927314814813026,D1
ensemble,F13,159,0.5987083333333333,0.8616762589637084,1.6931332409130802,0.9373196296296301,0.2656072634010191,True,False,-0.06690378184805579,-0.00542474251900027,-0.009594513888888656,D1
ensemble,F13,160,0.45808333333333334,0.7234472185623019,1.7405522710077201,0.7348411574074084,0.26930096786307384,True,False,0.014266980855139888,0.001082480026434962,0.00260097222222222,D1
ensemble,F13,161,0.491625,0.457026684139252,0.036995579216978804,0.47782384259259253,0.03926171758054042,True,False,-0.006716973719400762,0.003044396732554522,0.008087708333333499,D1
ensemble,F13,162,0.585875,0.7377777128147459,0.5715577061034166,0.7548534490740747,0.15432078415098757,True,False,-0.032571369419246654,-0.004193939918167855,-0.007819027777778098,D1
ensemble,F13,166,0.7276666666666668,0.7612981787885631,0.041239998125166544,0.8314037962962968,0.041452783443518874,True,False,0.001009448104397466,0.0005889614656173769,0.0012026388888890516,D1
ensemble,F13,167,0.43249999999999994,0.44102680157245366,0.045368409909238835,0.4500028240740744,0.043478160182842965,True,False,-0.0006223209999836957,0.00015572806668767702,-6.11342592591324e-05,D1
ensemble,F13,168,0.6692083333333333,0.7967686914722147,0.4038276731535638,0.7886064814814818,0.12971566230823925,True,False,0.030699888321671642,0.00501269062157228,0.009085300925925965,D1
ensemble,F13,169,0.8197916666666667,0.7116903845042045,0.2885118135809474,0.7142449305555557,0.10964180573974877,True,False,0.039878870605422334,-0.00796078977817094,-0.016942037037037228,D1
ensemble,F13,170,0.433875,0.4330650171910677,0.014069546049662375,0.4167670370370369,0.024212209428356574,True,False,-0.00010253005101098014,-2.300573055746824e-05,5.828703703708582e-05,D1
ensemble,F13,171,0.8714583333333333,0.8269042465714094,0.07312273510944298,0.8605893287037042,0.055197650580075634,True,False,0.007809180910393371,-0.004756980028701174,-0.00883891203703735,D1
ensemble,F13,172,0.9783749999999999,0.879185055780109,0.576363742666382,1.0240202083333325,0.15496824172853155,True,False,-0.008682810713091293,0.00024882074646082053,0.0011267129629628503,D1
ensemble,F13,173,0.42091666666666666,0.4639752235184201,0.058955566187287596,0.4629700000000001,0.04956290875715747,True,False,-0.0015352219419571614,-0.0005054182753123082,-0.0003887268518517062,D1
ensemble,F13,174,0.9472083333333333,0.816267308725108,0.41541811221682035,0.8036895370370348,0.13156400727035558,True,False,0.01050928503843035,-0.0016791965759598293,-0.004534074074074468,D1
ensemble,F13,175,1.2699166666666668,0.9405722042862089,6.100889342409465,0.9329629629629634,0.5041861983438206,False,False,0.001060563557671479,-0.0010051122784431321,-0.0010129861111108918,D1
ensemble,F13,176,0.4254166666666666,0.4367534048850849,0.014712085890346832,0.4412416435185185,0.0247589090786418,True,False,0.0003636462237835963,0.0011786472512216317,0.0027833101851850728,D1
ensemble,F13,177,1.0051249999999998,0.956667454807515,0.09116426619780896,1.0004204861111101,0.06163206220446768,False,False,-0.05295573739730755,0.019605425669209753,0.042900069444444244,D1
ensemble,F13,178,1.8420416666666668,1.0845142227328641,19.903341281123822,1.142194490740741,0.9106623340808011,False,False,0.14068695530392006,-0.0030970891013699653,-0.008912199074074367,D1
ensemble,F13,179,0.4014166666666667,0.3251495281990617,0.1619390910001657,0.3106608101851852,0.08214293715838815,True,True,0.0020815346971472526,-0.0002752113682645829,-0.0007669675925925379,D1
ensemble,F13,180,0.2919583333333333,0.313213005912741,0.12562972968380434,0.3100340509259259,0.07235034257112066,True,True,0.0009262286744949333,0.001456330282636198,0.005915740740740749,D1
ensemble,F13,181,0.38358333333333333,0.310631677025424,0.1352319888554482,0.30243134259259263,0.07506441368791435,True,True,-0.001943786846937079,0.0005551250668257013,0.0023849305555555533,D1
ensemble,F13,182,0.33537500000000003,0.31648830020127944,0.013352756236165554,0.27475842592592564,0.023587387374899425,True,True,-8.306469800514055e-07,3.578418175165243e-05,2.0833333314040914e-07,D1
ensemble,F13,183,0.3569166666666666,0.3218268083865026,0.031119313471872388,0.3131350925925926,0.036008860872402175,True,True,-0.0012992619872841844,0.000704598489371655,0.0028429861111110566,D1
ensemble,F13,195,0.55625,0.5180458739747783,0.03601676279865614,0.45939993055555545,0.03873884936267475,True,True,0.0,0.0,0.0,D1
ensemble,F13,196,0.5474166666666667,0.5118610343906104,0.032443084933569837,0.4509708101851852,0.03676676767905237,True,True,0.0,0.0,0.0,D1
ensemble,F13,197,0.5479166666666667,0.5194145922205133,0.020165607938684528,0.4834462962962962,0.02898678430098543,True,True,0.0,0.0,0.0,D1
ensemble,F13,198,0.27608333333333335,0.26107893453395375,0.006239429517226864,0.2581390046296295,0.01612377839975645,True,True,0.0,0.0,0.0,D1
ensemble,F13,211,0.5396666666666666,0.5107704202964922,0.04272234763477706,0.6209915046296294,0.04219120545938111,True,True,0.0,0.0,0.0,D1
ensemble,F13,212,0.29433333333333334,0.32297441273064903,0.02621987669785057,0.29530918981481485,0.033052910044509554,True,True,0.0009880564126018912,0.0006606840001699976,0.0027510879629629725,D1
ensemble,F13,213,0.292,0.3171011896105636,0.01845458933007165,0.27994164351851847,0.02772978943458314,True,True,-0.001033466328036324,-0.0009617916523350645,-0.004036481481481502,D1
ensemble,F13,214,0.9180416666666668,0.5231181671131225,4.012863633560175,0.7377277083333323,0.40890420809566225,True,True,0.06250294761522834,-0.0033188851587977464,-0.01438328703703684,D1
ensemble,F13,215,0.32666666666666666,0.27642718472670524,0.06906898179577192,0.234634699074074,0.0536458222184216,True,True,-0.00047964278048229225,0.00021009278427835953,0.0008384259259258953,D1
ensemble,F13,217,1.69325,1.1883243682630538,6.283680922950916,1.1531869444444445,0.5116835335012142,False,True,0.08396868718827566,-0.0036246018554790815,-0.016215486111111233,D1
ensemble,F13,218,0.38949999999999996,0.3506693647063906,0.05462058946824237,0.4113774768518516,0.04770595240124757,True,True,0.0022468211461748877,-0.0018475078035851134,-0.007915717592592686,D1
ensemble,F13,231,0.620875,1.0041046104875606,3.53433646194154,0.950279444444444,0.3837499436450306,True,True,0.1638798093817222,0.009004135761402687,0.01517868055555549,D1
ensemble,F13,232,0.738625,0.7222888224842771,0.04761747935100842,0.7598781712962966,0.044542806822486514,True,True,0.00026448091172490834,0.0025357755467442233,0.006591481481481809,D1
ensemble,F13,233,0.6336666666666667,1.1754600096314782,7.1752741671829705,1.038916018518518,0.5467812697651202,True,True,-0.46420708899976404,-0.01729691558235613,-0.03913312499999977,D1
ensemble,F13,241,1.4315,1.021096144475206,4.334624974835856,0.9649351157407406,0.42498161601590956,False,True,0.12190376550836923,-0.00606960064474138,-0.013546759259259189,D1
ensemble,F13,242,0.43204166666666666,0.6125580919259375,0.8285165655961935,0.46630611111111114,0.18579968666956373,True,True,-0.011107887380682135,-0.0014711651680324733,-0.005771157407407412,D1
ensemble,F13,243,1.7187916666666665,1.0267668109605268,11.821071968928504,0.9688271527777776,0.7018152644193634,False,True,0.2222041878810188,-0.006509034654548218,-0.015054050925925933,D1
ensemble,F13,244,0.44004166666666666,0.3533437300274156,0.19700954837341447,0.3478564120370373,0.0906020484438713,True,True,0.008517923502631142,-0.0021739523151226847,-0.00405703703703697,D1
ensemble,F13,245,0.84025,0.7540889545369023,0.19296030007823256,0.7269791666666666,0.08966611680707318,True,True,0.00034545104801181337,-0.00016009137015171593,-0.000849861111110739,D1
ensemble,F47,6,0.24050000000000002,0.20600002846377444,0.032932230904402844,0.23474430555555612,0.03704289793851787,True,False,-0.0036993358226339174,0.0023384232497145607,0.005539490740740727,D1
ensemble,F47,7,0.35720833333333335,0.20667856442005617,0.5493550026016485,0.20405789351851755,0.1512937268199468,True,False,-0.004686039898715855,0.0006419778014536692,0.0012866203703703893,D1
ensemble,F47,8,0.20741666666666667,0.17308969017327555,0.03769426293434972,0.19818685185185247,0.03963072405257363,True,False,0.0003262686069081949,-3.4075258219107285e-05,0.0002324537037036445,D1
ensemble,F47,9,0.174625,0.1818730940994875,0.004344786302729518,0.2184941666666668,0.013454841604929057,True,False,0.00017305252736977972,0.0006376268395162921,0.0011763888888889351,D1
ensemble,F47,10,0.146625,0.20281232601026153,0.07636899061007907,0.24249803240740742,0.05640958496053628,True,False,0.0032362745284544303,0.0012233038709342503,0.002342893518518546,D1
ensemble,F47,11,0.21845833333333334,0.2569406579608127,0.03655597421135303,0.25361541666666637,0.039027754126258786,True,False,-0.00020453812170645458,-0.00016694650897453034,8.310185185189667e-05,D1
ensemble,F47,12,0.13158333333333336,0.2043188272434945,0.1293505537765623,0.22316393518518526,0.07341393878111133,True,False,0.003910678886738211,0.0011318431556420205,0.002369675925925935,D1
ensemble,F47,14,0.11625,0.14721795131560766,0.023723860056462747,0.1386238888888888,0.03144032711374487,True,False,9.739913873147224e-05,3.6250370850615665e-05,-0.00018486111111110093,D1
ensemble,F47,15,0.19104166666666667,0.23253797710824342,0.04158058614868286,0.24149150462962943,0.04162360415511595,True,False,0.0008098458835733083,0.0004014034382882059,0.0006259490740742057,D1
ensemble,F47,16,0.19587500000000002,0.2331925890846922,0.033987739326206856,0.23901914351851847,0.037631845626525134,True,False,0.0006042362655012748,0.00035294539511687706,0.00046125000000007965,D1
ensemble,F47,17,0.112375,0.21878097567132151,0.27282255011770834,0.25814557870370364,0.10661897699239341,True,False,0.00558858192316275,0.0010903160891127528,0.002427268518518433,D1
ensemble,F47,18,0.2031666666666667,0.23886837443221334,0.031073624051553582,0.24753099537037027,0.035982417032231165,True,False,0.0003250450843978944,0.00019319321560323788,0.0003483101851851911,D1
ensemble,F47,19,0.12375000000000001,0.25622164121388813,0.4216926560903937,0.3159815277777775,0.13255386579462605,True,False,0.0012746680351797823,0.00020163214604657087,0.000772847222222095,D1
ensemble,F47,20,0.2107083333333333,0.23657029498753582,0.0168040175395785,0.242970810185185,0.02646067643659998,True,False,-0.000157066547089052,-0.00014372040817811627,-0.0003913194444443713,D1
ensemble,F47,21,0.14804166666666665,0.27391408574379517,0.38840681280006545,0.26333120370370294,0.12721484661784851,True,False,0.0024471049648044363,0.0004088081407221944,0.0009122685185185553,D1
ensemble,F47,22,0.21754166666666666,0.2360743052173785,0.008677995628782917,0.2290229629629628,0.01901533989176339,True,False,-3.0436257985091628e-05,-3.570688095974606e-05,-0.0001324768518518038,D1
ensemble,F47,23,0.181625,0.2970966400585658,0.3234656304267388,0.3064371990740735,0.11609364582574758,True,False,-0.00818259820770928,-0.0014578484169206485,-0.0028787037037036334,D1
ensemble,F47,24,0.22620833333333334,0.2865128457487753,0.08806621686811597,0.3071604398148146,0.060575784789288246,True,False,0.002097152335616123,0.0007313739194397262,0.0015753240740740138,D1
ensemble,F47,25,0.23175,0.237289963121715,0.0011343736474774665,0.23788847222222206,0.0068749959014456465,True,False,-7.78834402596271e-05,-0.0002623092178445363,-0.0005827546296295616,D1
ensemble,F47,26,0.25654166666666667,0.1965970559184453,0.08915743963644557,0.2069452546296299,0.0609499246774369,True,False,0.0038005826006062005,-0.0014481881789066842,-0.0020375462962962665,D1
ensemble,F47,27,0.24479166666666666,0.22543340091926453,0.011314809891419076,0.21694824074074034,0.0217129088825625,True,False,2.053253461940796e-05,2.6089580584198746e-05,-5.8842592592589504e-05,D1
ensemble,F47,28,0.37166666666666665,0.29769939626631964,0.1365864249996705,0.3248186342592593,0.07543938654080465,True,False,0.0011276383751503416,-0.0004041783934450316,-0.0004137962962962871,D1
ensemble,F47,29,0.2630416666666667,0.25616671372773486,0.004062641347034269,0.27292918981481484,0.01301063883109106,True,False,-0.0001361186892949555,8.122696140111518e-05,0.00038321759259257737,D1
ensemble,F47,30,0.28824999999999995,0.23295032060570695,0.08066720659685254,0.23758775462962953,0.05797528445986436,True,False,-0.0024574089761326273,0.0008573180996523933,0.001541944444444443,D1
ensemble,F47,31,0.27995833333333336,0.3010109195027803,0.010959993137189098,0.2984084027777784,0.021369753875892263,True,False,-0.0008947026445796126,-0.0008697133338200214,-0.001567777777777779,D1
ensemble,F47,32,0.29220833333333335,0.25693901814966197,0.03196688923318865,0.2606667824074073,0.03649594111746575,True,False,-0.0010859725962556119,0.000602964536085715,0.0014995138888887483,D1
ensemble,F47,33,0.2754166666666667,0.22097456570252227,0.07542440196640363,0.2244891898148147,0.056059641590602574,True,False,0.0037366806389091123,-0.001306630662212177,-0.0019849305555555974,D1
ensemble,F47,35,0.11945833333333333,0.17893918456944466,0.08943441151391034,0.18761009259259243,0.06104452320298356,True,False,-0.0005748929339256387,-0.00017636062797499186,-0.0008184490740740513,D1
ensemble,F47,36,0.298875,0.252989822233207,0.0719236356005552,0.2527588657407408,0.05474320186126432,True,False,0.0,0.0,0.0,D1
ensemble,F47,37,0.13954166666666667,0.24328333068487665,0.31210843922182396,0.24087638888888876,0.11403735484879213,True,False,0.0,0.0,0.0,D1
ensemble,F47,38,0.30158333333333337,0.2507220944158631,0.07244660757930273,0.24700740740740745,0.05494186608714354,True,False,0.0,0.0,0.0,D1
ensemble,F47,39,0.16545833333333335,0.24271404145878417,0.2363544904686271,0.2399913888888889,0.0992376126754676,True,False,0.0,0.0,0.0,D1
ensemble,F47,40,0.29683333333333334,0.2501771797737872,0.06492431567898939,0.2495338657407408,0.052011343185481104,True,False,0.0,0.0,0.0,D1
ensemble,F47,42,0.21241666666666667,0.18983606757851293,0.016873567116577837,0.20350256944444423,0.02651537849105829,True,False,-0.0009778672421277869,0.0006239378752471991,0.0008640740740741004,D1
ensemble,F47,43,0.250375,0.26433432745337,0.005794051987964975,0.2677703703703705,0.01553765853762638,True,False,0.0003831415110702018,0.0005787755909874015,0.0011722916666667693,D1
ensemble,F47,44,0.20350000000000001,0.16927036464939696,0.03518001009694973,0.17317761574074023,0.03828620840511074,True,False,2.4725734031692814e-05,-0.00034218893418941354,-0.00140319444444445,D1
ensemble,F47,45,0.25329166666666664,0.265622789787765,0.0070561102109261515,0.2751953935185186,0.017146562107953973,True,False,0.00014134640584252157,0.0001164976001133966,0.0001548842592593025,D1
ensemble,F47,46,0.19858333333333333,0.21978805925867106,0.012017317084812533,0.2180425694444439,0.022376808199574,True,False,-0.00016717047187997727,-9.728380983928253e-05,-0.00041865740740743007,D1
ensemble,F47,47,0.19670833333333335,0.203025745904191,0.0057507905815782035,0.2055046296296292,0.015479543734633304,True,False,0.00022634302551738286,0.000890351588055116,0.0017492824074074043,D1
ensemble,F47,48,0.24883333333333332,0.24108378587996415,0.0019754164761304747,0.25778555555555555,0.009072431859141725,True,False,0.00013288363682409593,-0.0004253284511804567,-0.0009446527777777769,D1
ensemble,F47,49,0.203375,0.2133064770253875,0.0032597074321078097,0.21083675925925868,0.011654232836377178,True,False,7.515751007615206e-05,0.0002430020015085077,0.0003180092592592887,D1
ensemble,F47,50,0.1525,0.16817816009442907,0.018628806663846947,0.16589395833333356,0.02786037109695938,True,False,-9.020239646216968e-05,-3.0375035607238532e-05,-5.4189814814809e-05,D1
ensemble,F47,51,0.22654166666666667,0.2382348744376506,0.004446146019408235,0.25833956018518506,0.013610881093522558,True,False,0.0010488108572908389,0.0019015539961799999,0.003742083333333368,D1
ensemble,F47,52,0.16025,0.1811074590806235,0.018316815284725382,0.18531155092592588,0.027626086166222634,True,False,-0.00042231052909579014,-0.00041861857687908177,-0.0009914120370369817,D1
ensemble,F47,53,0.239375,0.26358138839173545,0.017599483172738305,0.2844089583333334,0.027079730406045333,True,False,0.0019431556899020819,0.0015832005409212035,0.0030609722222223468,D1
ensemble,F47,54,0.16,0.18947219804376073,0.03016659192811019,0.20027298611111075,0.03545336839198674,True,False,-4.60547896268676e-05,1.6488179651080737e-05,0.00013412037037041635,D1
ensemble,F47,55,0.250625,0.28161896463379626,0.03333265346481035,0.28651944444444444,0.037267419565000265,True,False,0.002185610412405354,0.0017378061279172963,0.003981226851851927,D1
ensemble,F47,57,0.26466666666666666,0.2574868837160708,0.004518302782665247,0.25476682870370343,0.01372088247688119,True,False,-0.0002605042927810025,0.0011013519954077289,0.0015769212962963852,D1
ensemble,F47,58,0.16016666666666665,0.15874503043691893,0.009834885182259447,0.16553032407407423,0.020243193488037988,True,False,-1.3608737101773738e-05,5.674654620441144e-05,0.00011537037037032127,D1
ensemble,F47,59,0.31383333333333335,0.373667919169423,0.08755135375387985,0.39266076388888865,0.060398452571885704,True,False,-0.004018189424623245,-0.0013469772278678072,-0.002537847222222278,D1
ensemble,F47,60,0.14991666666666667,0.15762593987667892,0.01801429849322819,0.16125087962962978,0.027397002948336788,True,False,3.5457355585535866e-05,-1.9083069691089305e-05,-0.00011543981481476617,D1
ensemble,F47,61,0.33525,0.32949476223058083,0.003720632865148899,0.3223308333333343,0.012450958572784833,True,False,-0.0001957076855330117,0.0006604302704961706,0.0011252314814814701,D1
ensemble,F47,62,0.15916666666666668,0.16277189880628687,0.005768656892826034,0.15924148148148162,0.015503570681225388,True,False,-4.19438545357911e-05,-3.9979328776390544e-05,-7.88425925926095e-05,D1
ensemble,F47,63,0.344875,0.3878752704748018,0.05240603903834065,0.38966314814814845,0.04672884505239629,True,False,0.002891701986607202,0.0013317378828522353,0.0022927777777778657,D1
ensemble,F47,64,0.3558333333333334,0.3973934837995319,0.043425399740352706,0.39719381944444426,0.042536944599348335,True,False,0.00555084568230238,0.0029288298740944296,0.006169004629629715,D1
ensemble,F47,65,0.15483333333333335,0.19263955109537004,0.051270368089967315,0.21915238425925934,0.04621975050865129,True,False,-0.0027195707940474087,-0.001459895776108583,-0.0034403009259259265,D1
ensemble,F47,66,0.379125,0.3991033892795903,0.014546436682982136,0.40444682870370313,0.024619129319648755,True,False,0.001211095895690316,0.0008818056781507155,0.0010188194444444854,D1
ensemble,F47,67,0.16879166666666667,0.16476040649489235,0.026554770895639235,0.16921893518518535,0.03326332495885373,True,False,-0.00025253682521505366,8.144321443973035e-05,0.0005454861111111597,D1
ensemble,F47,68,0.208875,0.19898251186458282,0.004137395741799397,0.19767002314814797,0.0131297939527489,True,False,-6.070668651845298e-05,7.829375120535498e-05,0.00024844907407417516,D1
ensemble,F47,69,0.388125,0.43544482637284804,0.07289462669605629,0.4507765509259258,0.05511148802505408,True,False,-0.001227416933077305,-0.0005168835252394866,-0.0010169212962962693,D1
ensemble,F47,70,0.19441666666666668,0.2115241339578646,0.008617628201566545,0.2167693055555551,0.01894908551175859,True,False,0.0003694446030801223,0.000459224716057971,0.001065208333333345,D1
ensemble,F47,71,0.40004166666666663,0.4355455127581114,0.03385015978334986,0.43292449074074085,0.037555603101351524,True,False,0.0010232512521323178,0.0006190969687215886,0.0013073379629628956,D1
ensemble,F47,72,0.18212499999999998,0.18749343296707488,0.00153330643529846,0.187361782407407,0.007992982430697307,True,False,-0.00016539901576546477,-0.0007467256743547424,-0.00128497685185186,D1
ensemble,F47,73,0.4183333333333334,0.4188200222844221,0.0032388630583618716,0.42100643518518543,0.01161691126899679,True,False,-2.3829529329071845e-05,0.0009380843175837428,0.0017933564814816005,D1
ensemble,F47,74,0.21416666666666664,0.28730986408423403,0.13099196108087977,0.2875615740740743,0.07387826729404251,True,False,0.0005815252582384856,0.00022592708338953216,0.0009711111111111448,D1
ensemble,F47,75,0.194125,0.20505008043243902,0.009573600663797498,0.20665180555555476,0.01997248176011757,True,False,9.605652556373724e-05,0.0001940663324548897,0.00013125000000005493,D1
ensemble,F47,76,0.20341666666666666,0.2014979583112508,0.0015264275743543361,0.20775254629629594,0.00797503284829791,True,False,6.367250073251369e-05,-0.0001317051546111947,-0.0005464814814814811,D1
ensemble,F47,77,0.25829166666666664,0.28908890641335766,0.023958681863612517,0.3103050462962962,0.03159554416343948,True,False,-0.00015493097756576896,-0.0001588034710566233,-0.00010439814814816595,D1
ensemble,F47,78,0.256375,0.27891455920637936,0.025082351278682264,0.30702196759259237,0.03232797503626069,True,False,0.00043382995581607575,-0.00015594281223879625,0.0002643055555555107,D1
ensemble,F47,79,0.18629166666666666,0.20762510976353923,0.01231780025360659,0.20235787037037034,0.02265483783286934,True,False,-0.0006771399173640408,-0.000599610064172057,-0.0015471990740740793,D1
ensemble,F47,80,0.24941666666666665,0.322358452928315,0.12936106769133573,0.3381004166666665,0.07341692234859065,True,False,-0.0009703449687722132,-0.00031514492505579916,-0.00018273148148156837,D1
ensemble,F47,81,0.18570833333333334,0.20562881794625523,0.012427739805500325,0.21445217592592591,0.022755713390176256,True,False,-0.0003845760090075666,-0.00037799803608984384,-0.0006149305555555318,D1
ensemble,F47,83,0.27391666666666664,0.3177628122493599,0.04635013078155702,0.33391608796296285,0.04394605157726394,True,False,-0.0014223523181359499,-0.0006714739863496466,-0.0014459953703703787,D1
ensemble,F47,85,0.1935416666666667,0.19923625060058683,0.0012040838755841697,0.2059283564814813,0.00708308982596393,True,False,-2.9429931402567572e-05,-0.00010023832100033991,-0.0002702083333333827,D1
ensemble,F47,86,0.318125,0.2805255186031943,0.037298756865565275,0.2865729398148147,0.03942226362600901,True,False,0.0,0.0,0.0,D1
ensemble,F47,87,0.19670833333333335,0.2188859906928193,0.013693128546411817,0.22569824074074052,0.02388612615656124,True,False,0.0,0.0,0.0,D1
ensemble,F47,88,0.19945833333333332,0.21843484431132365,0.009445145844505766,0.22300893518518483,0.01983803779412353,True,False,0.0,0.0,0.0,D1
ensemble,F47,89,0.3682083333333333,0.3701536959601152,0.012928853102668886,0.39377546296296323,0.023209959341007117,True,False,0.0,0.0,0.0,D1
ensemble,F47,90,0.20099999999999998,0.2112066478649326,0.005574894131457886,0.21547958333333264,0.01524097291767858,True,False,0.0,0.0,0.0,D1
ensemble,F47,91,0.3677916666666667,0.33106047272943834,0.032705562828392445,0.3159866435185183,0.03691519720272874,True,False,-0.0009997495041644267,0.0005545021853512466,0.0010812037037035704,D1
ensemble,F47,92,0.20695833333333333,0.21660106771933008,0.003299458180817858,0.2238608796296295,0.011725076724727394,True,False,-0.00018808681924681152,-0.0003052172427094879,-0.00048703703703700807,D1
ensemble,F47,93,0.44687499999999997,0.3691350113506499,0.15033788442848436,0.36639687499999996,0.07914593178334257,True,False,0.001966587346544757,-0.0005026679286118108,-0.0012630092592593734,D1
ensemble,F47,95,0.6083333333333333,0.5922522337462109,0.008206005006267449,0.6117858101851849,0.018490994436783103,True,False,0.003334435465227899,-0.004871358978893348,-0.009770879629629636,D1
ensemble,F47,96,0.2085,0.28406809102947533,0.1443785209291963,0.29438587962962937,0.07756140603021054,True,False,0.0037468952397489985,0.0010938892214390483,0.001994328703703696,D1
ensemble,F47,97,0.6187083333333333,0.602224546012755,0.012162399343909568,0.6352229398148145,0.022511477946362504,True,False,-0.002295668320984408,0.001762173924461985,0.005050231481481315,D1
ensemble,F47,98,0.218,0.25751064482253844,0.038063547850899486,0.2741341203703705,0.03982437897135554,True,False,0.0031841535439239566,0.0017157440869949858,0.00378956018518517,D1
ensemble,F47,99,0.6459583333333333,0.5820372375865904,0.10407368462025035,0.6108354166666667,0.06585137451749784,True,False,-0.0018534992627997487,0.0005793598641568032,0.0015058796296295585,D1
ensemble,F47,100,0.22024999999999997,0.27143967787969175,0.06772012436487611,0.29922888888888904,0.05311941122166646,True,False,-0.004659721581423429,-0.0017839040891780567,-0.0032406712962964046,D1
ensemble,F47,101,0.6589166666666667,0.6191104154514274,0.03972053469600859,0.6272008564814823,0.0406819650336652,True,False,0.006875649128897876,-0.0038902011451441565,-0.0063786574074076174,D1
ensemble,F47,102,0.21483333333333332,0.2833098336376622,0.12173807429977211,0.2934986574074076,0.07122092222437522,True,False,0.00659552802056558,0.001959389739712769,0.003789513888888929,D1
ensemble,F47,103,0.6706249999999999,0.6767335580268258,0.008716515236796297,0.7374860185185184,0.01905749550351547,True,False,-0.0006313408274907506,0.010250713693069402,0.019443842592592575,D1
ensemble,F47,104,0.21458333333333335,0.30333429249834976,0.19191929625037715,0.3090613888888889,0.08942391930443283,True,False,0.014934607014527146,0.0035681579354155946,0.007757476851851908,D1
ensemble,F47,105,0.6841666666666667,0.568667674519663,0.4126698158375581,0.5990250231481479,0.1311280887525562,True,False,-0.0037748385619437164,0.00031818549683304553,0.00027923611111080326,D1
ensemble,F47,107,0.22895833333333335,0.3111830021485706,0.16840100174233955,0.33025543981481464,0.08376579496388017,True,False,0.008476167626571274,0.002044869783542236,0.0033916666666667927,D1
ensemble,F47,108,0.726625,0.5586479908192016,0.7090601459262245,0.5992096064814809,0.17188418410931827,True,False,0.018419143705899588,-0.002119490308475247,-0.0035799999999999166,D1
ensemble,F47,109,0.231,0.3029327398978204,0.13875232503703133,0.327300555555555,0.07603516868228131,True,False,0.015258839886389763,0.004015803235942306,0.010141064814814804,D1
ensemble,F47,110,0.7380416666666667,0.5237544775159252,1.17198169131096,0.5294152083333329,0.2209809278451197,True,False,0.028024843581787806,-0.002755321930585586,-0.005817569444444337,D1
ensemble,F47,111,0.236,0.49648052317561947,1.6298445439352105,0.5665662268518513,0.26059583521352325,True,False,-0.05058891392815257,-0.004010516298070643,-0.008285069444444515,D1
ensemble,F47,112,0.7764166666666666,0.6151506090590106,0.6335687556109024,0.7087956712962957,0.16247676187828913,True,False,-0.059868888356611194,0.007584416743050548,0.015512453703703688,D1
ensemble,F47,113,0.2504166666666667,0.28598984389892107,0.03112487816067555,0.3131142361111115,0.036012080242072676,True,False,0.0008217298621903853,0.0006047228536104621,0.002041828703703674,D1
ensemble,F47,114,0.7670833333333333,0.8692202089274579,0.5986153940332738,0.9353381481481476,0.15793133978004412,True,False,-0.014866968838814332,-0.0023475469955068773,-0.003103495370370135,D1
ensemble,F47,116,0.819,0.8479322441896683,0.173388078873052,0.8446174768518516,0.08499707810493938,True,False,-0.0062033395460203145,-0.0008988973908591325,0.00023648148148169845,D1
ensemble,F47,117,0.9079166666666666,0.8842535217977004,0.8871945102868596,0.892034861111111,0.19226658037375904,True,False,0.01986849736588503,0.0045289703926023606,0.0052912268518519046,D1
ensemble,F47,118,0.28562499999999996,0.37386922973922015,0.18915364058118508,0.35704680555555585,0.08877725886105468,True,False,0.0026874260084154833,0.0006597456572539628,0.0017128935185184435,D1
ensemble,F47,119,0.921875,0.5986998668739681,2.9977332513060784,0.6297593287037039,0.35341979590531325,True,False,0.1192149615271525,-0.006993484406406569,-0.018547453703703587,D1
ensemble,F47,120,0.4049583333333333,0.591112857438361,0.8579769340704165,0.561530763888889,0.18907416248551967,True,False,0.07727738627707148,0.008822519235537452,0.018628657407407156,D1
ensemble,F47,121,0.5975416666666666,0.6493513862455865,0.08005320487814575,0.651871319444444,0.05775422238465403,True,False,0.002647254937504437,0.000826026386343548,0.000664722222221914,D1
ensemble,F47,122,0.5997916666666666,0.5370745576557218,0.10431669782292481,0.513889097222222,0.06592821153311533,True,False,0.007352764824649846,-0.0024924385684250705,-0.005370023148148162,D1
ensemble,F47,123,0.44,0.6568546921970655,1.149274077844232,0.6358655324074076,0.21882965957606462,True,False,-2.5912690167606556e-05,-9.323372201686109e-05,0.001777291666666736,D1
ensemble,F47,124,0.47941666666666666,0.6626495214958389,0.8141452382472405,0.6380379398148152,0.18418121038884963,True,False,-0.010554508082324165,-0.0011989232912457126,-0.001541018518518733,D1
ensemble,F47,125,0.671625,0.5998438615033006,0.12811174352104654,0.587855486111111,0.07306154469607756,True,False,-0.001347704797103999,0.00040540317648052326,0.002577314814814713,D1
ensemble,F47,126,0.496875,0.6347105984987477,0.48478431161809593,0.7253436111111111,0.14212440436962492,True,False,-0.05174135260413176,-0.00727435738179627,-0.016613356481481767,D1
ensemble,F47,127,0.688125,0.6880771364081584,0.011585792357158287,0.6847695370370371,0.02197137565595128,True,False,-0.001170373161638637,0.001436701246276595,0.004498495370370392,D1
ensemble,F47,128,0.48029166666666673,0.6611805091328409,0.8018171555970559,0.6666060416666674,0.18278142178535906,True,False,-0.00981185538003404,-0.0010249064795823104,-0.0005448611111108503,D1
ensemble,F47,129,0.71075,0.6682131914889341,0.046943886054205526,0.6560321064814818,0.04422663509988708,True,False,0.0056847393548349195,-0.00279642017039905,-0.006471643518518366,D1
ensemble,F47,130,0.4907916666666667,1.0594196250489232,7.9508336539991555,0.8756828703703711,0.5755733972164612,True,False,-0.23668487435855123,-0.008737135400584295,-0.018748379629629497,D1
ensemble,F47,131,0.70275,0.646698768925984,0.08528282226512404,0.625070532407408,0.0596108289467065,True,False,0.0025865875493136375,-0.0009185915823562985,-0.001754999999999951,D1
ensemble,F47,132,2.7121666666666666,1.260416177978821,55.2224568435755,1.3369022685185172,1.5168835491940855,False,False,-1.3891057365224881,0.018724592019117914,0.03378062499999901,D1
ensemble,F47,133,0.46658333333333335,0.46759063817268104,0.0021952097327244723,0.47664553240740726,0.009563841916136684,True,False,-0.00045647645029760686,-0.002815519383967402,-0.007741064814814791,D1
ensemble,F47,135,0.49066666666666664,0.4475144199089042,0.058081792316197305,0.4429218055555555,0.04919425454096804,True,False,-0.0020763424863656094,0.001163647299443793,0.002038333333333364,D1
ensemble,F47,136,1.65275,1.8690911561871664,1.3290134226446961,1.971397152777777,0.23532012085000792,False,False,0.0,0.0,0.0,D1
ensemble,F47,137,0.511375,0.40407862948659257,0.2780730551138609,0.40241157407407485,0.10764003575069488,True,False,0.0,0.0,0.0,D1
ensemble,F47,138,1.7102916666666665,1.6180200151102504,0.6984172310923057,1.6131898611111104,0.17058932546375638,False,False,0.0,0.0,0.0,D1
ensemble,F47,139,1.684375,1.6791110399977531,0.12544217102407296,1.73678587962963,0.07229631474703976,False,False,0.0,0.0,0.0,D1
ensemble,F47,140,0.4033333333333333,0.44668502102135466,0.045989077349553646,0.4504276851851854,0.043774553752510166,True,False,0.0,0.0,0.0,D1
ensemble,F47,141,1.8655,1.7886506743070631,1.394303182001027,1.7936008796296283,0.24103104761982316,False,False,0.1398365063941991,3.307210769976088e-05,-0.014613356481482542,D1
ensemble,F47,144,0.409875,0.44313702462963117,0.029866339768083405,0.437897476851852,0.03527649109067031,True,False,-0.0008709508406903425,-0.0004927825228821514,-0.0007073379629627952,D1
ensemble,F47,145,2.141625,1.608750160930567,9.634361250359149,1.497657314814809,0.6335863940813159,False,False,0.27716241311919987,-0.005445628006798042,-0.024072060185187816,D1
ensemble,F47,146,0.7000000000000001,0.7764415093227571,0.14937942026766066,0.7743143749999999,0.07889323488837638,True,False,0.02170273358420466,0.006157814096692027,0.01239185185185221,D1
ensemble,F47,147,1.7504583333333334,1.438676006530706,2.4320398726688155,1.3670265277777787,0.31833157979461285,False,False,-0.06866552020094652,0.003960528920184725,0.004408032407407614,D1
ensemble,F47,148,0.40570833333333334,0.43703214811456403,0.027008152665167196,0.4440484259259261,0.03354608314515968,True,False,0.002867179806264799,0.002152964432885096,0.005458240740741027,D1
ensemble,F47,149,0.6973333333333334,0.7668400474822189,0.1235456584374509,0.7571116666666664,0.07174772308740619,True,False,0.004926644795201482,0.0014460335337452834,0.0027646759259259968,D1
ensemble,F47,150,0.4267916666666667,0.5337609335706296,0.37701739986284727,0.5802394444444446,0.12533578231143186,True,False,0.006592728586956642,0.00081818666937572,0.0010813194444444507,D1
ensemble,F47,151,1.3133333333333332,1.3513484745941202,1.7213314871246317,1.250910740740743,0.2678099051507611,False,False,0.016885546141675478,-0.004643415303582588,-0.012268865740740598,D1
ensemble,F47,152,0.4427083333333333,0.6628211658159643,1.1944288690396723,0.7280059490740737,0.22308713441908676,True,False,-0.010486068482030486,-0.0011355449605993106,-0.004050509259259316,D1
ensemble,F47,153,0.8378333333333333,0.7991128288018811,0.04445117809322557,0.8109529861111113,0.04303640808142642,True,False,0.0028629778048894286,-0.0020821167943656516,-0.005390092592592821,D1
ensemble,F47,154,1.6209999999999998,1.3817391746323169,1.7547155269398422,1.3171189120370392,0.2703944284851793,False,False,0.03560878933346978,-0.0028473886766420264,-0.006607939814815111,D1
ensemble,F47,155,0.41566666666666663,0.48563732762371276,0.12419284146018783,0.497912685185185,0.07193539968268631,True,False,0.008470786514385903,0.002376971117730442,0.0060331249999999725,D1
ensemble,F47,156,0.83225,0.7674711903442075,0.10496894238115635,0.7834159259259268,0.06613399982269469,True,False,0.0103625080502662,-0.003717060590927912,-0.005796643518518607,D1
ensemble,F47,157,1.2108333333333332,0.9358345343948762,4.788102057391927,0.9702123379629638,0.4466589889292841,False,False,0.0478493227403094,-0.0016389033560920696,-0.002051203703703486,D1
ensemble,F47,158,0.410125,0.4562501827941629,0.05633311719539285,0.44028951388888893,0.048448046570266405,True,False,-0.002300232631716574,-0.0009593200571457183,-0.002382430555555759,D1
ensemble,F47,159,0.721,0.7937594321376533,0.19110333813591587,0.7516729629629633,0.08923362084436838,True,False,0.010022988933083371,0.0024069867403855305,0.0055609953703702475,D1
ensemble,F47,160,0.6937083333333334,0.7617389140548928,0.1404269368613892,0.7390569212962971,0.07649262950915305,True,False,0.002410140190724913,0.000441699687646846,0.0016300462962963724,D1
ensemble,F47,161,0.646,1.1525809405500327,6.1829474556988355,1.4185014120370372,0.5075655727628876,True,False,0.18639750047384762,0.007746454703808858,0.014437361111110603,D1
ensemble,F47,163,0.56975,0.7499318098882676,0.7852553151927285,0.8104064351851857,0.18088386181847094,True,False,-0.018814795678313123,-0.0021429241774885144,-0.005314097222222092,D1
ensemble,F47,165,0.487875,0.4464123883299386,0.046136601246426795,0.4526776388888896,0.04384470760841932,True,False,-0.0007841833416020738,0.0003653104897375359,0.0006601388888889947,D1
ensemble,F47,166,0.6535,0.7169437057316781,0.1036184577751523,0.8200542824074079,0.06570719702309136,True,False,0.006066534381015329,0.002105935392422875,0.00352444444444433,D1
ensemble,F47,167,0.459625,0.44657191958185266,0.010788916760087074,0.4300825462962962,0.021202315872021184,True,False,0.0005439235928646879,-0.0003267702127641159,-0.0012197916666667474,D1
ensemble,F47,168,0.782625,0.7163576276401079,0.11557732973594352,0.7456928935185186,0.06939540382713383,True,False,0.006851000620432979,-0.00202053561112725,-0.005648657407407498,D1
ensemble,F47,169,0.4135416666666667,0.43501927175584515,0.02329377951135188,0.41832685185185164,0.03115403900469935,True,False,-0.0003249939526273546,-0.00016713738803125766,-0.000528634259259253,D1
ensemble,F47,170,0.7702083333333333,0.7479718507530086,0.3248245197638083,0.7430517592592597,0.11633724678777076,True,False,-0.00047259440572972045,-0.003769316409049317,-0.006811898148148199,D1
ensemble,F47,171,0.8664999999999999,0.8815620560319452,0.03934579154603233,0.854437407407408,0.04048960337030582,True,False,0.004476227201559886,0.0034604562798282723,0.009761134259259396,D1
ensemble,F47,173,0.9253333333333332,0.7993525337510619,0.41355157188082825,0.836027939814811,0.13126810539896777,True,False,-0.0018476955346217738,0.00034944485825105787,0.0008363657407406411,D1
ensemble,F47,174,1.0531666666666666,0.9105847815185041,1.3120810592659224,0.8610057638888904,0.23381626148769058,False,False,0.02187049625172155,-0.0012440515781131367,-0.006615879629629728,D1
ensemble,F47,175,0.40491666666666665,0.4693756750848705,0.10222516367282912,0.4608479398148149,0.06526393965813904,True,False,0.0016381219177769718,0.0004438188347262173,0.0019793287037036533,D1
ensemble,F47,176,0.9803333333333333,0.893203138713449,0.19444369210805437,0.8764016435185177,0.09001011334568058,True,False,-0.00649336147623264,0.0013662667901798153,0.002011319444444326,D1
ensemble,F47,177,1.4867916666666667,1.0218455284289762,8.811808378521274,1.057634143518517,0.6059362032742279,False,False,0.02774874009444339,-0.0006437776647305604,-0.0024106249999997775,D1
ensemble,F47,178,0.30579166666666663,0.6989672265362376,3.7185226310759023,0.801261203703703,0.39362220842007367,True,False,0.2591751164120999,0.013973083359429816,0.02934546296296292,D1
ensemble,F47,179,0.248,0.22802783446359629,0.028272739022770405,0.22529766203703683,0.03432245318469287,True,True,0.00016564053988014915,-0.00020267067541612782,-0.000820370370370388,D1
ensemble,F47,180,0.20129166666666667,0.21602307886752337,0.006322217816539456,0.22539905092592563,0.016230395631524532,True,True,-0.00019507176553124235,-0.00017712264055380622,-0.0007920601851851838,D1
ensemble,F47,191,0.29050000000000004,0.3479203583782007,0.1469319161705221,0.4910973379629629,0.0782442532955089,True,True,0.002403667818297539,0.0008718143658867916,0.003531412037036996,D1
ensemble,F47,192,0.14441666666666667,0.16347214736352791,0.023442985961327656,0.15313256944444453,0.03125365709356244,True,True,0.00023581362525969957,9.68297963849507e-05,0.0003111342592592159,D1
ensemble,F47,193,0.381,0.35946785554501065,0.0199311481966219,0.39777277777777814,0.028817781111539088,True,True,0.0,0.0,0.0,D1
ensemble,F47,194,0.253375,0.23329064587588252,0.015532829796521534,0.2553163888888889,0.025440150186697614,True,True,0.0,0.0,0.0,D1
ensemble,F47,195,0.19183333333333333,0.20089370776570192,0.003585920559065854,0.21111874999999994,0.012223475636157824,True,True,0.0,0.0,0.0,D1
ensemble,F47,196,0.18425,0.21878682032308103,0.05615404463503752,0.2552603009259259,0.04837098158806817,True,True,0.0,0.0,0.0,D1
ensemble,F47,209,0.6549583333333334,0.4900594244351648,0.751343898284925,0.42039277777777806,0.17693500434304082,True,True,0.0,0.0,0.0,D1
ensemble,F47,210,0.51825,0.5082920608341639,0.017285878286551502,0.5171960185185186,0.026837379317033037,True,True,0.0012607896583649303,-0.0007865273054171729,-0.002840092592592436,D1
ensemble,F47,212,0.521125,0.38451364878927374,0.47197812908673303,0.4072304398148147,0.14023464400287783,True,True,-0.013123462820941012,0.0020010271360138,0.00345685185185185,D1
ensemble,F47,214,0.5314583333333333,0.4345413274912793,0.2792932907912663,0.3865758101851846,0.10787594935682418,True,True,0.0022403123223010413,-0.0003435433003168842,-0.0013650231481481812,D1
ensemble,F47,215,0.7052499999999999,0.6810130426768946,0.02070764840768806,0.6421856712962958,0.029373775440921263,True,True,-0.0018750349877943162,0.0012747435470074064,0.0057107638888889145,D1
ensemble,F47,216,0.5559583333333333,0.8663632772000279,2.3493046867527436,1.0156234722222217,0.3128700932997021,True,True,0.04780936894410592,0.0035795083146774598,0.010123587962962866,D1
ensemble,F47,229,1.78825,1.3170988281589127,5.56083946539297,1.2580823842592581,0.4813539699549322,False,True,0.3298025759617085,-0.014577060814182863,-0.031076249999999916,D1
ensemble,F47,230,0.460875,0.4375360137179807,0.01869900893048539,0.4279729398148147,0.027912817344430817,True,True,0.0006663807053962391,-0.0005422540109627505,-0.0018979861111110274,D1
ensemble,F47,231,2.1767083333333335,1.4505742865965228,15.44588345174855,1.355439861111111,0.8022334305899933,False,True,0.07972697373268112,-0.0013014009568634854,-0.005357638888888738,D1
ensemble,F47,239,0.433875,0.574968054024373,0.5621410451667871,0.5037456944444447,0.15304425356287027,True,True,0.009910224989226557,0.0006226908201437675,0.003613634259259313,D1
ensemble,F47,240,0.47258333333333336,0.5641007391184419,0.24307183585288805,0.45068509259259243,0.10063793102273616,True,True,-0.003807874507233161,-0.0008154734826404386,-0.0030762499999997805,D1
ensemble,F47,241,0.65225,0.8449656060803914,1.1474369715407724,0.7781868055555557,0.2186546908122459,True,True,-0.04156212850592289,-0.003527416083338397,-0.012457175925925879,D1
ensemble,F47,242,0.7242083333333333,0.7765570033957722,0.09552362228283169,0.6094653240740746,0.06308843735940303,True,True,-0.0009918717808375666,0.00011460166416155104,-0.0007202083333335274,D1
ensemble,F47,243,0.449,0.5054493086446331,0.5208796214143282,0.437697777777778,0.1473204587249522,True,True,-0.004344205163802295,0.001114692154680741,0.0035998842592592784,D1
101,F13,8,0.17720833333333333,0.35931333399937654,0.8599317482594904,0.35094624999999985,0.18928943317262087,True,False,-0.0038815540573687857,-0.0003319859359063315,-0.00024895833333332673,D2
101,F13,9,0.3919166666666667,0.3177871755281649,0.13264707150797073,0.3276664583333334,0.07434353578376612,True,False,0.00633404945194696,-0.0017944720903360079,-0.005057222222222213,D2
101,F13,10,0.37424999999999997,0.3298027504525861,0.049387852908194904,0.3448088194444445,0.04536328035435842,True,False,-0.0001189317293545239,7.298981031639284e-05,0.00012888888888912264,D2
101,F13,11,0.36833333333333335,0.37247096952512954,0.0154853644106384,0.37724048611111044,0.025401250306036776,True,False,0.0004564818991833683,-0.000566328474290112,-0.001611736111111095,D2
101,F13,12,0.3505,0.33276250181721895,0.008753949605365125,0.3448981944444444,0.01909837428221436,True,False,0.0005631429920006075,-0.0005113143327002412,-0.0017279166666664958,D2
101,F13,13,0.40054166666666663,0.2902987984582221,0.2938313747307894,0.29399958333333304,0.1106479730818248,True,False,0.008960892970379053,-0.001653022825195305,-0.002349027777777457,D2
101,F13,14,0.3236666666666667,0.34387704671234637,0.011709958482792424,0.3419952777777777,0.022088796635014268,True,False,0.0006426418346432324,0.0006447879353378982,0.0011885416666666537,D2
101,F13,16,0.322875,0.3313142051155002,0.003410366280772369,0.34253715277777746,0.01192051152560921,True,False,-0.0005192259690101823,-0.0010204591775421767,-0.001703750000000226,D2
101,F13,17,0.39683333333333337,0.3419058448043326,0.07341489636234837,0.35710333333333316,0.05530781151969267,True,False,0.0005123917670399741,-0.0001841197756017876,-0.0003281250000003455,D2
101,F13,18,0.3305416666666667,0.2742718901909993,0.08175639403447282,0.2778895138888891,0.05836537002455338,True,False,0.002712789252151959,-0.0008311515371842715,-0.00230208333333326,D2
101,F13,19,0.383375,0.30235038826012045,0.15954305780115938,0.32642131944444425,0.08153298356114316,True,False,-0.012275476785688022,0.0031042493102050317,0.006581736111110903,D2
101,F13,20,0.34195833333333336,0.29941537931941503,0.05600016127541694,0.30875402777777816,0.04830465871054647,True,False,0.0036579652314070524,-0.0014520412193709809,-0.003776875000000013,D2
101,F13,21,0.3625833333333333,0.2943850562876424,0.12450346133933697,0.3202480555555554,0.07202530265450034,True,False,-0.005425732236134392,0.0013872373315114706,0.001989791666666574,D2
101,F13,22,0.3542083333333333,0.2988369352139922,0.08184113809797113,0.3163093055555558,0.058395611314111584,True,False,-0.00011138519784358036,6.992454664916936e-05,-5.2708333333317814e-05,D2
101,F13,25,0.33645833333333336,0.3418489800224725,0.0012243406442879058,0.3573724305555556,0.007142422104020181,True,False,-3.9576410170307375e-05,-0.00017902198035313344,0.0004284722222224202,D2
101,F13,26,0.33208333333333334,0.3002407302175593,0.02708402392752163,0.2928128472222228,0.033593168903514714,True,False,-0.003092339691083166,0.0019836897249858043,0.004224999999999979,D2
101,F13,27,0.3579583333333333,0.32640095449719636,0.025116337575767332,0.3157151388888889,0.03234986963894866,True,False,0.0010583600467597987,-0.0007001730486236868,-0.0013050694444443622,D2
101,F13,28,0.366625,0.24901670813017543,0.33432427628309497,0.2483481249999999,0.1180261758190203,True,False,-0.005266073754661205,0.0009660704745299564,0.0024602083333334634,D2
101,F13,29,0.30795833333333333,0.27133674212283904,0.039356134804273746,0.26465013888888883,0.04049492499286883,True,False,-0.0004351335089484293,0.0007434986288449852,-0.0003802083333334094,D2
101,F13,30,0.35904166666666665,0.32149946083300035,0.04057969612223434,0.339165486111111,0.041119589878302096,True,False,0.0016791958894662729,-0.000984273023015958,-0.0018845138888891055,D2
101,F13,31,0.32033333333333336,0.3006175187862547,0.013039632986112019,0.292894930555556,0.023309183621225367,True,False,0.00235437547360408,-0.002394177600498759,-0.005216805555555537,D2
101,F13,32,0.3295,0.25561168715210464,0.13865204671133127,0.2606280555555554,0.07600768785440153,True,False,-0.0018335317872089918,0.000533660761746102,0.0009174999999999045,D2
101,F13,33,0.33975,0.3017158117508932,0.036012754987296315,0.30995888888888845,0.03873669394519895,True,False,-0.0007399300658137917,0.0002475498241516494,0.001721736111111205,D2
101,F13,34,0.34991666666666665,0.3098265836040088,0.03905196254644068,0.325755277777777,0.04033813463835053,True,False,-0.0022634659908266977,0.0011791957313292412,0.0021586111111110973,D2
101,F13,35,0.26345833333333335,0.20180091699665023,0.09461174343205132,0.1886984027777776,0.06278659073668097,True,False,-0.0017515054566449861,0.0006319570763431703,0.001508750000000031,D2
101,F13,36,0.35883333333333334,0.31575258344230134,0.046420176577457964,0.3351392361111103,0.043979245378482204,True,False,0.008195766884083105,-0.0042447394875193,-0.007716180555555896,D2
101,F13,37,0.338,0.3088815656316722,0.0411553786618907,0.35423013888888827,0.04141023356907621,True,False,0.007854056703911268,-0.005523089055091801,-0.010497569444444688,D2
101,F13,38,0.297625,0.3376265113981181,0.04044787179239631,0.3476080555555557,0.04105274645318929,True,False,-0.001654825491315036,-0.0009901641885907142,-0.002685347222222134,D2
101,F13,39,0.18516666666666667,0.23540643079522297,0.0930278185102915,0.22238847222222233,0.06225880744597891,True,False,-0.00022321014386129934,9.779655714592383e-05,0.00024749999999992833,D2
101,F13,40,0.1728333333333333,0.23738459494547648,0.13717364180586303,0.2332006944444446,0.07560137835104348,True,False,0.004611338642231316,0.0015544142688221907,0.003250972222222176,D2
101,F13,41,0.33116666666666666,0.32515331429928634,0.001315291097826453,0.33383659722222236,0.007402958580376421,True,False,-0.0001415175997714496,0.0004647732853486075,0.0009875694444444472,D2
101,F13,42,0.14945833333333333,0.23435893943729938,0.2726656553311625,0.22916923611111115,0.10658831536398242,True,False,0.00028078820672239324,0.00020256759784098577,0.000619305555555616,D2
101,F13,43,0.34591666666666665,0.3265283107196135,0.010037612565913337,0.3254237499999996,0.020450766658320067,True,False,-0.0014971361630433527,0.0016957873306375215,0.0028502777777777433,D2
101,F13,44,0.20025,0.17637030311393098,0.01915328760276227,0.1871169444444447,0.028249843364434687,True,False,9.453300353810465e-05,-0.00010449071722964942,1.6041666666716248e-05,D2
101,F13,45,0.14758333333333332,0.1739007287403056,0.04781061345703091,0.18047902777777794,0.04463304710685743,True,False,0.0010863864816300986,0.0008055686409229601,0.0019134722222221845,D2
101,F13,46,0.3981666666666666,0.37763077954577184,0.019924789292859138,0.44461465277777795,0.0288131836815915,True,False,-0.00014516456198239436,0.0004496997933229885,0.0010529861111110983,D2
101,F13,48,0.4250833333333333,0.40274260953966007,0.018613701818158274,0.45585930555555526,0.02784907375640935,True,False,-0.0032621742465399964,0.002994873474249815,0.006144930555555372,D2
101,F13,49,0.14991666666666667,0.1686475191839769,0.027097753615978822,0.1751093055555557,0.03360168250746458,True,False,0.0009371290701644074,0.0005178340178403074,0.0006919444444443978,D2
101,F13,50,0.453625,0.41236127435330944,0.04950341548812154,0.45330805555555514,0.04541632208804522,True,False,-0.0002606625228849385,0.0006185110790289938,-0.0003379861111114102,D2
101,F13,51,0.4850833333333333,0.46665059707668455,0.013309149670477718,0.5026463194444436,0.0235488407981491,True,False,-0.00353880102437586,0.00377911967534289,0.007357291666666377,D2
101,F13,52,0.23383333333333334,0.24076783624368603,0.0016196936291663579,0.25254006944444446,0.008215061445211365,True,False,-6.0830965413610815e-05,0.00013377233445985293,-0.0003924305555555452,D2
101,F13,53,0.23683333333333334,0.2686831266106457,0.025041340251850376,0.2671251388888893,0.03230153521367726,True,False,0.001620174457962923,0.0010936898760800506,0.0024151388888890013,D2
101,F13,54,0.24454166666666666,0.25521233283939654,0.004813062621919558,0.24129055555555579,0.01416136560905462,True,False,-0.00019578384171978647,-0.0006022340733578546,-0.001193958333333106,D2
101,F13,55,0.5199166666666667,0.43468292811188863,0.17562596334025116,0.45622638888888895,0.08554383947725555,True,False,0.002347311939342206,-0.0005716235628447919,-0.0006478472222219978,D2
101,F13,56,0.2577083333333334,0.2629492473702055,0.0017696453266745561,0.2642844444444448,0.008586921563911783,True,False,-1.8898398161796767e-05,0.00024795195763704925,0.0007898611111111231,D2
101,F13,57,0.549625,0.46551471297420294,0.17069191990119278,0.48221819444444475,0.08433364292627449,True,False,0.00013752994201549074,-5.4298891289605855e-05,0.0003882638888887957,D2
101,F13,58,0.258375,0.2472953736977459,0.003205972744611568,0.2531831944444443,0.01155777650295024,True,False,0.00027658023979928526,-0.0005453567905523704,-0.0011310416666666656,D2
101,F13,59,0.26229166666666665,0.23959676679166383,0.012537238579410222,0.24213472222222196,0.022855741965833426,True,False,0.0014931696195651656,-0.0014133534524543578,-0.002995000000000081,D2
101,F13,60,0.26495833333333335,0.22398744679956847,0.04053493931779864,0.2293104166666662,0.041096907485944446,True,False,0.00155283020620961,-0.000784373224753887,-0.0013387500000001662,D2
101,F13,61,0.26429166666666665,0.23633397259664782,0.019241585441149834,0.23993145833333293,0.028314885249892438,True,False,0.0011691282924452297,-0.0008480199340610006,-0.0014989583333335221,D2
101,F13,62,0.5582916666666667,0.47680516757484387,0.16231385024339495,0.48936152777777736,0.08223792977376553,True,False,-0.01089668314546835,0.0027644407307556573,0.006518194444444458,D2
101,F13,63,0.2705,0.25991715308886215,0.0032411914952863376,0.2630290972222224,0.011621086250300817,True,False,-0.00023821182998850924,0.00034158761649938363,0.0010269444444445108,D2
101,F13,64,0.5405833333333333,0.5329772867966326,0.0062799499678946255,0.5379005555555552,0.016176049641232232,True,False,-0.000268047951581518,-0.0005002307952106655,-0.001764305555555512,D2
101,F13,65,0.2655,0.25820859448096994,0.002311734427919648,0.2632310416666666,0.009814390853740508,True,False,-2.077295012493886e-05,-6.367628499059919e-05,-0.00029097222222218555,D2
101,F13,66,0.25133333333333335,0.2527152489021162,0.000839680831507394,0.25763666666666685,0.005914955732108912,True,False,-6.237430796474065e-05,-0.00022888845132612579,-0.000674236111111004,D2
101,F13,67,0.5415833333333333,0.47084079019939334,0.12585797293732412,0.4975788888888888,0.07241603555651081,True,False,0.011524283939520985,-0.003762667922739882,-0.010919305555555425,D2
101,F13,68,0.24787499999999998,0.2520671336081532,0.0008759289799019247,0.2576659027777776,0.006041278079119258,True,False,-0.00012795523778183244,-0.0005646315141965008,-0.0011440277777777785,D2
101,F13,69,0.42891666666666667,0.41417137531097753,0.012481749436332672,0.436487916666666,0.02280510673468835,True,False,-0.00018984701024993104,-0.0002338873991244994,-0.00013291666666664925,D2
101,F13,70,0.44295833333333334,0.4189525887411973,0.02294755257895462,0.4432805555555548,0.03092164329596843,True,False,-0.0005109669965795843,-3.2547078255396045e-05,0.00042958333333320553,D2
101,F13,71,0.549125,0.5039892452345058,0.05242602675497821,0.5275597222222215,0.046737755417407725,True,False,0.0025424896858009596,-0.0009789010931949838,-0.003078194444444571,D2
101,F13,72,0.45575000000000004,0.4228370183840943,0.032854156553601035,0.44723958333333275,0.036998962008864204,True,False,0.005349171983306016,-0.0034570455702620517,-0.007736458333333585,D2
101,F13,73,0.56725,0.5335622413994853,0.03153344118597613,0.5482214583333335,0.03624766727320539,True,False,0.00010870802772258714,-1.518500986619209e-05,-0.00033666666666654077,D2
101,F13,75,0.46820833333333334,0.502413510000208,0.029937676286705444,0.5039255555555556,0.03531859536579458,True,False,-0.0029371094067259136,-0.0016841108827873041,-0.0038028472222222387,D2
101,F13,76,0.5653333333333334,0.4988423804509021,0.11131159326155925,0.5230704861111107,0.06810273895053685,True,False,-0.0020820845042729824,0.0006549990857129817,0.0011929166666666546,D2
101,F13,77,0.482875,0.5116542901143017,0.022879912533598522,0.5228418749999998,0.030876037454633624,True,False,0.0017804291229884042,0.0014971041583076161,0.004260555555555601,D2
101,F13,78,0.5759583333333333,0.538886089473741,0.0346161278811209,0.5544695138888897,0.037978133994620786,True,False,0.0005966971085610839,-0.0002706966457298732,-0.00019118055555533697,D2
101,F13,79,0.495625,0.4978492718589202,0.005157560001905116,0.4929676388888889,0.014659411086831326,True,False,-0.0022115027045947755,-0.004268434890477069,-0.00625555555555557,D2
101,F13,80,0.5730833333333333,0.5081543609679698,0.10697118214769953,0.5178359722222227,0.06676175993401821,True,False,-0.009733897698906799,0.0030011780260922327,0.006165902777777954,D2
101,F13,81,0.5222916666666667,0.4960470832331953,0.02292489889248844,0.5068520138888891,0.030906376696732855,True,False,0.0035488104832515598,-0.003621605317350618,-0.0065512500000000085,D2
101,F13,82,0.5330833333333334,0.5014852649428787,0.027390618275229407,0.5059793750000005,0.033782773146500154,True,False,-0.002830586823803438,0.0018753684318741914,0.005135486111111365,D2
101,F13,83,0.5427083333333333,0.5338204357569764,0.008715220842466889,0.5364727777777779,0.019056080440884315,True,False,4.068721323745132e-05,-0.000727476194189336,-0.001197708333333214,D2
101,F13,84,0.5364166666666667,0.543560255163708,0.0083324126611308,0.5562297916666668,0.01863287044125113,True,False,0.00015349975845817786,-0.0009121782015607538,-0.0024314583333333584,D2
101,F13,85,0.5724583333333334,0.5520401449878346,0.019118190131289826,0.5668441666666668,0.028223948261545714,True,False,-0.0013487429424266194,0.0013220046599541346,0.002657777777777759,D2
101,F13,86,0.556875,0.5287675032131246,0.020124027948139885,0.5240546527777777,0.028956884578728918,True,False,-0.0018017219277731665,0.0010817250231598408,0.004109097222222413,D2
101,F13,88,0.5509166666666667,0.49099905623995216,0.08846055574204789,0.4969066666666666,0.060711255045930286,True,False,0.004767491545705757,-0.0015615291213334492,-0.004137708333333379,D2
101,F13,89,0.5786666666666667,0.5659891348144557,0.011314696189023955,0.583095,0.021712799785901973,True,False,-6.307256203924583e-05,4.230792671677808e-05,4.3333333333506197e-05,D2
101,F13,90,0.5575416666666667,0.44341220496257533,0.31436088885430286,0.4432774305555556,0.11444811212479342,True,False,0.0005961073646028603,-9.903188013410391e-05,-0.0008296527777778562,D2
101,F13,91,0.5779166666666666,0.5488108962114072,0.022068523541421473,0.5661724305555553,0.030323618092600604,True,False,0.009015404546897933,-0.007160716300395498,-0.012680625000000112,D2
101,F13,92,0.48141666666666666,0.41165158115630834,0.13469856657627363,0.43977388888888896,0.07491622170138722,True,False,-0.007824338168104988,0.002294711385210979,0.004782291666666716,D2
101,F13,93,0.3935416666666667,0.4952162661878612,0.2598258947734627,0.49166236111111083,0.10404844520171495,True,False,-0.01749507442858994,-0.0036073447971163852,-0.006868124999999836,D2
101,F13,94,0.40116666666666667,0.5347790819826289,0.43382492013666574,0.5326961111111107,0.13444715816642513,True,False,0.029594429854415738,0.004851685897527269,0.008345972222222109,D2
101,F13,95,0.482,0.4127445647338968,0.1249554400530991,0.44890826388888905,0.07215591915344942,True,False,-0.0034091100301572447,0.0010300066530549712,0.0024338888888888466,D2
101,F13,96,0.4086666666666667,0.547065767771849,0.48103925426719846,0.5707450694444444,0.14157437007146906,True,False,0.020099878200819765,0.003128856491828147,0.006224722222222034,D2
101,F13,97,0.4735416666666667,0.4278476586232438,0.05449387990945114,0.47021701388888926,0.04765058582599446,True,False,0.0009923835593034017,-0.00023191049394055696,-0.0009591666666666776,D2
101,F13,98,0.39937500000000004,0.4115393313170394,0.021105165688220753,0.4281393055555553,0.029654374106965482,True,False,0.0026574395119761153,0.0013816337591560646,0.0006868750000001977,D2
101,F13,99,0.46108333333333335,0.42719253481273284,0.03156475896955511,0.4373206250000001,0.03626566269073446,True,False,0.00050765757729802,-0.00025867843829197046,-0.0016778472222221952,D2
101,F13,100,0.4057916666666667,0.35792691852063263,0.07019100033292355,0.35717638888888875,0.054079802272861674,True,False,-0.0019879868471367468,0.0009123523866916838,0.0018992361111113132,D2
101,F13,101,0.45108333333333334,0.4404791662560616,0.008894618727848564,0.4449593749999999,0.01925121070635187,True,False,0.0004150136872207513,-0.0011056330117268365,-0.0032507638888889523,D2
101,F13,102,0.38608333333333333,0.3660533401704423,0.048101115324888415,0.3651118749999996,0.04476843908979871,True,False,0.001993028620158155,-0.001104939108632963,-0.0013454166666665435,D2
101,F13,103,0.447375,0.47042724587687407,0.019064979806411093,0.4645836805555558,0.028184644021176892,True,False,-0.002060807586469881,-0.001370923251801992,-0.0018825000000000092,D2
101,F13,104,0.31779166666666664,0.4073719634022885,0.1972902317742727,0.41419722222222227,0.09066656673729313,True,False,-0.005747120079190454,-0.0013827531734809106,-0.0016893750000000485,D2
101,F13,105,0.442,0.4768520877094105,0.03456738273481224,0.4828027083333332,0.037951384875265226,True,False,-0.0024682298392581653,-0.0011900535536045753,-0.0016247222222223745,D2
101,F13,106,0.31616666666666665,0.5025510319210175,0.8424355066073062,0.5236960416666667,0.18735388824887272,True,False,0.06388997634045201,0.007327337503813036,0.017997916666666725,D2
101,F13,107,0.44425,0.4755417636053203,0.029208009806194365,0.4833084027777778,0.034885532941198304,True,False,-0.000706845474895846,2.7603770021256135e-05,0.0010757638888886922,D2
101,F13,108,0.4572083333333334,0.47143613320215905,0.013205986831971156,0.5018609027777782,0.023457396516496275,True,False,-0.00270526522785868,-0.003043270346969884,-0.005683194444444206,D2
101,F13,109,0.3450416666666667,0.5237079033607299,0.7769136323372053,0.586722916666666,0.179920541760477,True,False,-0.036518625473016986,-0.00429575759212264,-0.009677916666667175,D2
101,F13,110,0.35375,0.41932075898377197,0.10488580078281838,0.41665124999999964,0.06610780361866592,True,False,0.003848731851895326,0.0013055028168948435,0.0042453472222223065,D2
101,F13,111,0.3712083333333333,0.48266545876673667,0.3044434411949178,0.48152590277777757,0.11262834182887349,True,False,-0.04840125538680945,-0.00848841483136381,-0.018584513888888876,D2
101,F13,112,0.39633333333333337,0.6725819988850518,1.8529938028567254,0.7095600694444446,0.27786341090368527,True,False,0.07749739067232286,0.006204812510001156,0.01651041666666664,D2
101,F13,113,0.5562916666666667,0.5181241807291238,0.0382227471602606,0.536514444444445,0.03990757403063807,True,False,-0.005838565760393086,0.0028160488490966973,0.007567986111111535,D2
101,F13,116,0.9369166666666667,1.0267469913317242,0.2744388269158516,1.061058819444444,0.10693433088346238,True,False,0.062271452082684337,0.014307704993761217,0.023066666666666125,D2
101,F13,117,0.3037916666666666,0.3149858502804224,0.00881685016148157,0.3211861805555562,0.019166866116514688,True,False,0.0004503958054382761,0.00169440420938749,0.004288402777777867,D2
101,F13,118,1.101625,1.1295539317400316,1.5878279866439946,1.2491155555555544,0.2572148896224707,False,False,0.09219673778196813,0.025365960095839357,0.04612083333333361,D2
101,F13,119,0.3114166666666667,0.40237533965398903,0.2060340602567464,0.388502083333333,0.09265393953145093,True,False,-0.02203716185149704,-0.004590163773424971,-0.007268472222222266,D2
101,F13,120,1.25,1.2083078440743018,1.28614406945042,1.395696458333332,0.2314937066684553,False,False,-0.11170067625477231,0.05328610474424167,0.10269659722222224,D2
101,F13,121,1.3183749999999999,0.8792602166803243,5.217766684670031,0.9139054166666667,0.46626917675800167,False,False,0.1668694396262662,-0.007252187345341277,-0.018020694444444874,D2
101,F13,122,0.34879166666666667,0.4279876400065971,0.16790291727402074,0.454371458333333,0.0836418249825859,True,False,0.0232031756981034,0.00567477196160987,0.009553749999999861,D2
101,F13,125,1.4950833333333333,1.4693096679521125,0.2822324116802963,1.5274290972222186,0.10844207587469148,False,False,-0.025573166891555865,0.024190765061726127,0.04551097222222156,D2
101,F13,126,0.3818333333333333,0.5603314110296526,0.8474054700699747,0.5390172916666669,0.18790572437505892,True,False,0.03167256248994221,0.004191389336578588,0.010408263888889047,D2
101,F13,128,0.7817083333333333,0.752216285574459,0.11558729818159058,0.7639418055555568,0.06939839640966455,True,False,0.006675713034683242,0.0022059461417919257,0.0005394444444445368,D2
101,F13,129,0.7205833333333334,0.6762215114996716,0.051661568294453564,0.6362386805555561,0.04639574706373669,True,False,-0.007345413914007018,0.003479849343825281,0.006445416666666426,D2
101,F13,130,0.773125,1.0066937584769107,1.3304464003652923,0.9586819444444443,0.23544695088679143,True,False,-0.05281475903278321,-0.004787508755980774,-0.008203958333333983,D2
101,F13,131,0.73775,0.7553286871029083,0.023341166558731336,0.7389360416666663,0.03118571157780123,True,False,0.0038628634814477404,0.003553821136391022,0.0065577777777778845,D2
101,F13,132,0.8696666666666667,1.2510222249932987,3.7583159944625635,1.3191862500000011,0.3957227561933651,True,False,0.23142592815663177,0.012445440711738476,0.023777847222223425,D2
101,F13,133,0.9788333333333333,1.231152169612904,1.5534679936260065,1.381641249999998,0.25441665249694306,True,False,0.14933865240367772,0.01266024190873094,0.026769722222221848,D2
101,F13,134,0.7533333333333333,0.7400570750303239,0.0066735849105371975,0.7476205555555561,0.01667531222913232,True,False,0.00040629672627464676,-0.0009858999906841026,-0.002448541666666859,D2
101,F13,135,1.0125833333333334,1.111174235877302,0.30013758788894984,1.1647625694444435,0.11182903392548038,False,False,-0.09577666154765946,-0.019340656722081517,-0.04190055555555583,D2
101,F13,136,0.73775,0.7684359663216397,0.024880670519171366,0.7933971527777782,0.03219774223397463,True,False,0.009152619178144302,0.007046675432995642,0.012372013888888866,D2
101,F13,137,1.075875,1.2607076658171947,1.1640153614204305,1.4488361111111103,0.22022860863017912,False,False,-0.46293741766184215,-0.04099671154494611,-0.07273208333333425,D2
101,F13,138,0.7215416666666666,0.759257946608953,0.03989477048905032,0.8068443749999994,0.040771093972450996,True,False,0.00800091487753423,0.00471074380801495,0.009847361111111064,D2
101,F13,139,1.3034583333333332,0.9700365204002431,4.671687124868638,0.9464611111111116,0.44119568243905094,False,False,0.05973183496112533,-0.006508806341505302,-0.008692708333333132,D2
101,F13,140,0.714625,0.7775681774712006,0.09850191810975163,0.8099543055555554,0.06406439407273215,True,False,-0.001992836926849262,0.00013372619015616927,-0.003888611111111273,D2
101,F13,141,0.7079166666666666,0.7554228081930381,0.06876551340995384,0.785905902777777,0.05352784065712667,True,False,0.01878088916103375,0.009167701942189077,0.018836805555555336,D2
101,F13,142,0.4254583333333333,0.4482493497972231,0.07590210992112915,0.44869513888888907,0.05623689103587059,True,False,-0.005234566633183058,-0.004998641518015823,-0.007791597222222446,D2
101,F13,143,1.52975,1.2503099260766892,2.3301259083374983,1.2817677083333332,0.31159040343704814,False,False,0.007008359095923122,-0.00030709876244539025,-0.0023087500000003036,D2
101,F13,145,0.6891666666666666,0.7444428713540444,0.07723882438805973,0.752061388888888,0.05672992463861105,True,False,0.004266225028343756,0.0017240599356171948,0.003416041666666536,D2
101,F13,146,1.4956666666666667,1.3935471810299125,1.0152670268436434,1.3951577777777777,0.20567642739300926,False,False,-0.02788180454170419,0.0071046273341524024,0.008853194444444767,D2
101,F13,147,0.41225,0.48956926346948393,0.1847541429870765,0.4465846527777779,0.08773875592421052,True,False,0.0018985370079984687,0.0004712098144336596,0.001294722222222211,D2
101,F13,148,0.7375833333333333,0.8615632465305946,0.3733171973952761,0.9098545833333337,0.12471921754406243,True,False,0.055834308396654986,0.009373947708278374,0.027187152777777945,D2
101,F13,149,0.7759166666666667,0.7540560234801053,0.018402542456272316,0.6990520833333336,0.027690659117194736,True,False,-0.01658142241882039,0.0095473907566469,0.014178055555555957,D2
101,F13,150,0.8217500000000001,0.8372682855715321,0.008928492404666427,0.878876319444445,0.019287833389499742,True,False,0.002348746959015653,0.0032723084969156213,0.007821111111111723,D2
101,F13,151,1.676875,1.4092068753134077,1.910161274844849,1.392513680555555,0.2821170911492875,False,False,-0.09253978232280957,0.008260272498392451,0.012688263888888773,D2
101,F13,152,0.43320833333333336,0.43463808718992186,0.0031467499263982527,0.42054250000000004,0.011450527510407276,True,False,0.00032229264109396314,0.0005452661355765387,-0.00015187500000002352,D2
101,F13,153,1.6374166666666667,1.5074448620511236,0.6569403157356274,1.431302638888887,0.16544640568973126,False,False,-0.09695437878065039,0.013421642449958249,0.03250298611111102,D2
101,F13,154,0.412625,0.49209369682021387,0.18176769537612716,0.47152354166666627,0.08702674286680674,True,False,-0.004768680225766403,-0.0007391531301620957,-0.003266458333333333,D2
101,F13,155,0.807375,0.8094346715371962,0.02192875083730734,0.9248937499999998,0.03022743706559444,True,False,-0.04910737926542746,0.05047189845333355,0.11150208333333322,D2
101,F13,156,0.7513333333333333,1.1738607632778553,4.340912826111228,1.1555529166666676,0.42528974564952127,True,False,0.6522953234474431,0.03425619580153905,0.0744549305555553,D2
101,F13,157,0.42483333333333334,0.4464909357483209,0.02561342926945516,0.4154569444444447,0.03266842848317977,True,False,-0.0014507679351084511,-0.0011339799350353341,-0.0031377777777777394,D2
101,F13,158,0.4527083333333333,0.43560386099545156,0.021337112479263114,0.43747375000000027,0.029816880341555347,True,False,-0.0016733688636777835,0.0019775444612391,0.0038543055555553263,D2
101,F13,159,0.5987083333333333,0.8562281235315146,1.6332046345307167,0.9352988888888887,0.2608643193413897,True,False,-0.23575885685557463,-0.018957868933436317,-0.03525513888888898,D2
101,F13,160,0.45808333333333334,0.7260679623131329,1.7751531862080783,0.73997951388889,0.2719645493295096,True,False,0.04451408080538899,0.003399696146406894,0.007122569444444449,D2
101,F13,161,0.491625,0.44839736046755024,0.055956737916826926,0.4577266666666668,0.04828592700295248,True,False,0.025545300819545064,-0.01325233901226891,-0.030637916666666598,D2
101,F13,162,0.585875,0.7377767154190543,0.5715842740092236,0.765315833333334,0.1543243707813221,True,False,0.022515529570033,0.0036086737084715104,0.010406666666666675,D2
101,F13,166,0.7276666666666668,0.7680531158188441,0.05202789300693596,0.8444097222222227,0.04655994926209647,True,False,0.006187671508630796,0.004990948555184116,0.014098263888889129,D2
101,F13,167,0.43249999999999994,0.44134851105724676,0.047154086130584964,0.44857465277777814,0.04432554104322217,True,False,3.372181520928247e-05,-0.0002681294083307084,-0.0004830555555553895,D2
101,F13,168,0.6692083333333333,0.8062387528872335,0.46291548454300435,0.7997061805555559,0.13888176694329551,True,False,0.09045060327170751,0.014535382210619008,0.03030784722222213,D2
101,F13,169,0.8197916666666667,0.7086684322508012,0.30557009592320067,0.6967144444444449,0.1128365513924161,True,False,0.0803416828057773,-0.016174713490913817,-0.03597826388888892,D2
101,F13,170,0.433875,0.4366012642844517,0.014371545089381786,0.41751555555555536,0.02447068406735376,True,False,9.926761161858574e-05,0.0006581441114948405,0.0013820833333332838,D2
101,F13,171,0.8714583333333333,0.8350220589873315,0.059409061164059106,0.8786176388888894,0.04975316621585467,True,False,-0.011264176041094011,0.004748510534447914,0.011290416666666192,D2
101,F13,172,0.9783749999999999,0.8749881895846584,0.5879489774024065,1.0156631944444436,0.15651796720643163,True,False,0.024553068881503992,-0.006514522360206221,-0.013725069444444404,D2
101,F13,173,0.42091666666666666,0.46192583796826314,0.053636398912042436,0.45992937500000014,0.04727419967242634,True,False,-0.00395196496867662,-0.002176982867853672,-0.004991736111110978,D2
101,F13,174,0.9472083333333333,0.8211639372936999,0.385704562531122,0.8057952777777763,0.12677154033455912,True,False,-0.0056607013236526504,0.0008694481363052953,0.0028013194444449496,D2
101,F13,175,1.2699166666666668,0.9395895906334197,6.107729415603263,0.9457518750000005,0.5044687558711005,False,False,-0.14989249032656815,0.0035356953794694057,0.01155076388888887,D2
101,F13,176,0.4254166666666666,0.4313224135082405,0.016628511716840873,0.43883812500000025,0.026322132414915964,True,False,-0.00017862854715134519,0.0002806525976672969,0.0002754166666666391,D2
101,F13,177,1.0051249999999998,0.952854916314919,0.09318516893726296,0.9821091666666663,0.062311438535681045,False,False,-0.0310218614234795,0.010543245915081823,0.019238958333334222,D2
101,F13,178,1.8420416666666668,1.0970074655290687,19.4864918895444,1.169743819444445,0.9010755584657426,False,False,-0.3312802163398558,0.00593030866513633,0.0176900694444444,D2
101,F13,179,0.4014166666666667,0.32121692142196306,0.17640383681691246,0.3052372916666666,0.08573307335778504,True,True,0.006207670211578475,-0.0017127765949189744,-0.006032222222222439,D2
101,F13,180,0.2919583333333333,0.3103277580473942,0.11886096596950999,0.30728034722222214,0.07037428684348838,True,True,0.0006930079597265992,0.0017301110682686471,0.007194305555555391,D2
101,F13,181,0.38358333333333333,0.3084755981027152,0.14167005086941123,0.3025992361111112,0.07683045480944042,True,True,-0.003292882825081639,0.0009210980921076084,0.003976874999999935,D2
101,F13,182,0.33537500000000003,0.3176288627014836,0.013769367357718306,0.27413256944444414,0.023952528883291833,True,True,-0.0006254511329748941,0.00027468858743795455,0.0015123611111108604,D2
101,F13,183,0.3569166666666666,0.32104870551155346,0.03251725664430611,0.3109053472222221,0.03680877196420378,True,True,-0.001084863826646451,0.0006741325833281575,0.0029358333333331377,D2
101,F13,195,0.55625,0.5171430456452759,0.0375082618119728,0.4593908333333334,0.03953282486953764,True,True,-0.0011613734839803769,0.000643361121770547,0.0022718055555556727,D2
101,F13,196,0.5474166666666667,0.5106365228573867,0.034381811800647734,0.4477595833333334,0.03784937901331613,True,True,0.0006403176895703674,-0.0003223370429276118,-0.00166333333333335,D2
101,F13,197,0.5479166666666667,0.5195177749373782,0.020584551064633923,0.4824318749999998,0.029286338584621333,True,True,0.001571708559127579,-0.0012018135266070873,-0.005408750000000073,D2
101,F13,198,0.27608333333333335,0.26156471406102844,0.006029985446476364,0.25902506944444426,0.01585084835594555,True,True,-3.594804150439546e-05,3.4045758465772735e-06,-2.562500000014012e-05,D2
101,F13,211,0.5396666666666666,0.5065833394072053,0.0498752395565439,0.6093985416666664,0.04558656580093156,True,True,0.005376026910177058,-0.004148518431038362,-0.014445208333333293,D2
101,F13,212,0.29433333333333334,0.32318478601884465,0.027005810962198985,0.29073888888888866,0.033544628831229564,True,True,0.00023994829109154,-2.0523554800699895e-05,0.0003112499999998186,D2
101,F13,213,0.292,0.3182403106607281,0.020185105691496417,0.2830833333333333,0.029000794307725734,True,True,0.0017551640452576449,0.0010701875732436195,0.00342479166666676,D2
101,F13,214,0.9180416666666668,0.5265673489582573,3.950737848451552,0.7490966666666655,0.40572660378488207,True,True,0.03397800941236895,-0.0018861030645740406,-0.0075778472222222115,D2
101,F13,215,0.32666666666666666,0.27612046572505583,0.06916731727303704,0.23136590277777772,0.053683997178332485,True,True,0.0008533283097459515,-0.0004225649587079605,-0.0020831250000000467,D2
101,F13,217,1.69325,1.1880861671045653,6.279202364755879,1.1490466666666665,0.5115011552917826,False,True,0.071801629219169,-0.0033756892765386404,-0.012311597222222748,D2
101,F13,218,0.38949999999999996,0.3519857506960205,0.05438714425442098,0.4150140972222219,0.04760389701065317,True,True,0.0014451852813123708,-0.0016161942335436441,-0.006045972222222584,D2
101,F13,231,0.620875,0.9851194561404344,3.1975468548177424,0.9159629861111105,0.365008382028056,True,True,-0.08242344719831207,-0.004736738438308574,-0.01678590277777825,D2
101,F13,232,0.738625,0.7128716358222179,0.053899762642039224,0.7595814583333333,0.04739011968140934,True,True,-0.0012836131329268669,0.0031111816233565515,0.008070277777778023,D2
101,F13,233,0.6336666666666667,1.1637414876447145,6.87674014394144,1.0292593749999994,0.535285754836511,True,True,-0.9866573113824213,-0.03750873702973623,-0.06710784722222196,D2
101,F13,241,1.4315,1.0084517312380352,4.581219483287378,0.9129220138888888,0.4369029012686618,False,True,0.7592704559255266,-0.039077592763231195,-0.08259493055555511,D2
101,F13,242,0.43204166666666666,0.613248912524481,0.8272619233024313,0.47252749999999993,0.18565895293324255,True,True,-0.007111109385738668,-0.0007182405665924207,-0.0036154166666668708,D2
101,F13,243,1.7187916666666665,1.0165223260231502,12.171286215610825,0.9247899305555554,0.7121354686086426,False,True,1.1280810573194682,-0.03439515521541692,-0.07167763888888878,D2
101,F13,244,0.44004166666666666,0.3514703747892582,0.20230067401069882,0.34238513888888916,0.09181064617159486,True,True,0.028147602795143445,-0.006631880087099917,-0.014950624999999995,D2
101,F13,245,0.84025,0.7531956756035787,0.19720875120268597,0.7170324305555549,0.09064784222534983,True,True,0.007146440478157462,-0.0019179198867164127,-0.008386805555555932,D2
101,F47,6,0.24050000000000002,0.20153582159996467,0.04108434276021036,0.2251290277777783,0.04137448023853309,True,False,0.005728157927698159,-0.002869345310087257,-0.004822499999999952,D2
101,F47,7,0.35720833333333335,0.20702618815519458,0.5472273666802764,0.20436631944444342,0.15100046449711618,True,False,-0.00041531855302712195,6.954333833061876e-05,0.00030423611111102256,D2
101,F47,8,0.20741666666666667,0.1736483779533088,0.038609018512193595,0.19620861111111176,0.04010871606863941,True,False,0.0034019466454741354,-0.002160798981489631,-0.004579236111111107,D2
101,F47,9,0.174625,0.18286997591832632,0.00420031533189375,0.21701826388888892,0.013229253147056573,True,False,-0.0002842778829522082,-0.0002741065858639924,-0.0011445138888888928,D2
101,F47,10,0.146625,0.2003607962445375,0.06975221929174277,0.23692902777777794,0.05391050426854939,True,False,-0.0005585888085684054,-0.00019594918325618882,-0.0009281249999999186,D2
101,F47,11,0.21845833333333334,0.2581541368648073,0.039019665958706234,0.254262847222222,0.04032145105209004,True,False,0.0015069934512309813,0.0007043677152898664,0.002149791666666734,D2
101,F47,12,0.13158333333333336,0.20239081282319757,0.123125483573395,0.21915562500000005,0.07162561331133432,True,False,-0.0042537860558002905,-0.0012095624439298902,-0.003271388888888893,D2
101,F47,14,0.11625,0.1438261665367896,0.019296640844283057,0.13520145833333316,0.028355364604341227,True,False,-0.0014978189981384657,-0.0010631023611091528,-0.0018722222222222196,D2
101,F47,15,0.19104166666666667,0.23269504616953252,0.04195112452056718,0.24075624999999967,0.04180865366990785,True,False,0.00382871356369522,0.0019609042482607864,0.0039903472222221625,D2
101,F47,16,0.19587500000000002,0.2322895178665004,0.03251590996574825,0.2379203472222224,0.03680800975203871,True,False,4.735315398622653e-06,-1.432556345015712e-05,-0.00016819444444415854,D2
101,F47,17,0.112375,0.21642138730657068,0.26125428844569526,0.2582655555555555,0.1043340565295147,True,False,0.001965344608280961,0.0003979981750884265,0.0009387499999999327,D2
101,F47,18,0.2031666666666667,0.23819522546321817,0.030021772207290666,0.24958208333333332,0.035368166128649896,True,False,0.001950354004906476,0.001156344975692225,0.0027801388888890333,D2
101,F47,19,0.12375000000000001,0.2520710394687806,0.39574698731567903,0.3072620138888886,0.12841128379087235,True,False,-0.0159406551847614,-0.002566927991275725,-0.0049995138888890844,D2
101,F47,20,0.2107083333333333,0.2348260214915604,0.01472965739937208,0.2437826388888887,0.02477369017675479,True,False,0.000925777714865187,0.0008043233261139371,0.001695416666666616,D2
101,F47,21,0.14804166666666665,0.27228592788656525,0.3775509014431866,0.26544298611111034,0.12542442967832373,True,False,0.0076175768822520085,0.00135512970161894,0.0033976388888887765,D2
101,F47,22,0.21754166666666666,0.2347869569257123,0.007595436848942432,0.22824805555555527,0.01778978738975262,True,False,-0.00011765319769058494,-0.00015461761510815464,-0.0002397916666667943,D2
101,F47,23,0.181625,0.29361702299185694,0.3065465077925233,0.30199326388888825,0.11301668530806327,True,False,-0.023058716288546166,-0.004347007657258262,-0.010149166666666709,D2
101,F47,24,0.22620833333333334,0.28467112398395206,0.08298887696875248,0.3051397916666665,0.058803655274974366,True,False,0.0002894477394392442,7.906877846064475e-05,-0.00011729166666668567,D2
101,F47,25,0.23175,0.2377182005091006,0.0012965395215850752,0.23929701388888872,0.007349998643948501,True,False,0.0002543404836630617,0.0009376493542193332,0.002002847222222326,D2
101,F47,26,0.25654166666666667,0.19497723377498263,0.0946406138856915,0.20433312500000014,0.06279616956394564,True,False,0.010899748656083827,-0.003790316738145033,-0.007907083333333426,D2
101,F47,27,0.24479166666666666,0.22493843339962025,0.011770391235399,0.21720576388888854,0.022145721215205996,True,False,0.0005128381258360567,-0.0004964561826699132,-0.0011824999999999197,D2
101,F47,28,0.37166666666666665,0.29812728397748184,0.13505662501522597,0.3226563194444445,0.07501572752186314,True,False,0.005894602328158138,-0.0019050699869902488,-0.002853333333333319,D2
101,F47,29,0.2630416666666667,0.25714729608117054,0.003300946542509771,0.27555534722222225,0.011727720975161391,True,False,-0.0006916049394843121,0.0016922305226505507,0.003908541666666654,D2
101,F47,30,0.28824999999999995,0.23662504737076673,0.07031079184698157,0.2403261805555554,0.054125930264130935,True,False,-0.006273008493451804,0.002075813521459885,0.002301111111110976,D2
101,F47,31,0.27995833333333336,0.30107861061665514,0.011004031110446658,0.3013127083333339,0.02141264337415189,True,False,-0.00016600644324693548,-0.00013428124306263944,-0.0003315972222222574,D2
101,F47,32,0.29220833333333335,0.2562684179604142,0.03322802314043626,0.26001500000000005,0.03720888286666027,True,False,-0.00011469675757854597,0.00010020164919427588,5.5694444444531754e-05,D2
101,F47,33,0.2754166666666667,0.219611973302529,0.07961320519157293,0.22117201388888882,0.05759528524959492,True,False,0.01046454536656545,-0.003955353246709203,-0.007377500000000037,D2
101,F47,35,0.11945833333333333,0.17915675222415559,0.08995169222108401,0.188025347222222,0.061220806723519254,True,False,-0.004655772884425424,-0.001590118239616689,-0.0031256944444444934,D2
101,F47,36,0.298875,0.25271978700723563,0.07536344615652091,0.2522234027777777,0.05603698412526354,True,False,0.0016105522216448426,-0.0005572001869373344,-0.0013964583333334613,D2
101,F47,37,0.13954166666666667,0.24465937805847013,0.32195253168383897,0.23996812499999964,0.11582179769007195,True,False,0.0009610055406678586,0.00020668157553693778,0.000461319444444136,D2
101,F47,38,0.30158333333333337,0.2503534078374592,0.07475537681263143,0.2460272222222222,0.05581045929924763,True,False,0.0014267588693830935,-0.00044978361152031576,-0.0013179166666666964,D2
101,F47,39,0.16545833333333335,0.24190957350137562,0.23706074329299545,0.23767791666666646,0.09938576845072677,True,False,-0.0024288398949184886,-0.000484101864897446,-0.0008060416666668679,D2
101,F47,40,0.29683333333333334,0.24993413212756263,0.06625587126816215,0.2492839583333333,0.05254199561151146,True,False,0.0005097227369529195,-0.00013421206404337638,-0.00046152777777791476,D2
101,F47,42,0.21241666666666667,0.19547996249812305,0.011184657816087712,0.21283881944444435,0.021587667984376047,True,False,-0.005473920092046721,0.005388717401377252,0.01061333333333353,D2
101,F47,43,0.250375,0.26455326982630384,0.006198553579122842,0.2662056944444446,0.01607087632323717,True,False,0.0003547001601116326,0.00045140676136373736,0.0010930555555556665,D2
101,F47,44,0.20350000000000001,0.17219275457368735,0.03067880816512236,0.17642368055555502,0.035753093202501585,True,False,-0.0026021515088073856,0.0015241142243914707,0.002871805555555551,D2
101,F47,45,0.25329166666666664,0.2695087093478035,0.009714372732865337,0.27590131944444457,0.020118785513446275,True,False,0.00018050404879551597,0.00033479298388150447,0.0010498611111111056,D2
101,F47,46,0.19858333333333333,0.2199791594756044,0.012509731083831686,0.22035340277777724,0.022830654724725997,True,False,0.0011761328012980746,0.0013018939044798505,0.0023376388888888266,D2
101,F47,47,0.19670833333333335,0.19933592545919185,0.005773635447169808,0.1984727083333329,0.015510259302541506,True,False,-0.0007711806168252287,-0.002867724186478904,-0.006332777777777854,D2
101,F47,48,0.24883333333333332,0.24010310264242388,0.002758118484694843,0.25736583333333324,0.010720149417286672,True,False,0.0002894700630788295,-0.0007492927091302115,-0.0017637500000000639,D2
101,F47,49,0.203375,0.21576440596160554,0.004617574882965577,0.21595833333333272,0.013870794982873153,True,False,0.0018350543291261005,0.003986588285575077,0.00758388888888889,D2
101,F47,50,0.1525,0.16762060515480207,0.01800491638071143,0.16541576388888912,0.027389867637436834,True,False,-0.0003956198394723387,-0.00042588861419057267,-0.0011823611111110854,D2
101,F47,51,0.22654166666666667,0.2326769413073716,0.0015916644625207446,0.2522444444444443,0.008143669480340605,True,False,-0.00014643131904582105,-0.0005881946189203457,-0.0013034027777777402,D2
101,F47,52,0.16025,0.18257995524520002,0.019898006683007088,0.1860190972222221,0.02879381203994987,True,False,0.0002837003248488297,0.00030124482945095843,0.0005609027777777609,D2
101,F47,53,0.239375,0.2592664528159163,0.012602689133600756,0.2750713194444446,0.022915323415421497,True,False,-0.0018137676871058939,-0.002176473533369694,-0.00532131944444425,D2
101,F47,54,0.16,0.19193660327560266,0.03411652726595753,0.19948409722222182,0.03770307639191923,True,False,0.0006411922389119584,0.0004456615619386761,0.000851666666666584,D2
101,F47,55,0.250625,0.2765602220399424,0.024685795423196263,0.2795960416666667,0.03207140173581199,True,False,0.0007686738927222166,0.0007175532108524285,0.0016785416666668107,D2
101,F47,57,0.26466666666666666,0.2564779134726859,0.004872741462771612,0.25389874999999973,0.014248890984288935,True,False,0.0005847730163077583,-0.0009380738241059339,-0.0032470833333331783,D2
101,F47,58,0.16016666666666665,0.1568512855805957,0.01030533640082134,0.16453701388888908,0.020721704000899375,True,False,9.605153569012398e-05,1.3979475052133816e-05,0.0002828472222222156,D2
101,F47,59,0.31383333333333335,0.3746056062863065,0.08989571891292886,0.3952832638888886,0.061201756140697214,True,False,-0.0020422458789770143,-0.0006323590596495898,-0.00019444444444449704,D2
101,F47,60,0.14991666666666667,0.15619019556675162,0.017778793689595045,0.16022381944444455,0.02721733033197403,True,False,-0.0001840523122612868,-0.00032076374675268915,-0.0008066666666666222,D2
101,F47,61,0.33525,0.3304722849609718,0.003483654304525081,0.32245451388888985,0.012047915283921325,True,False,-0.00018132449837447717,0.0007491107288759014,0.0016150694444444502,D2
101,F47,62,0.15916666666666668,0.1609037265333994,0.005204258327333744,0.15811111111111123,0.014725627218296657,True,False,5.205139111419659e-05,-0.0006171477357060917,-0.0012965277777778617,D2
101,F47,63,0.344875,0.3874425157905214,0.051858584863907306,0.38799604166666696,0.04648413029550484,True,False,0.005202778697957669,0.0021379028932821953,0.002567986111111198,D2
101,F47,64,0.3558333333333334,0.3961720181219692,0.041654629664370744,0.3910449305555554,0.041660647730787634,True,False,0.003502608112626232,0.001503580764548873,0.0011249305555556255,D2
101,F47,65,0.15483333333333335,0.18785648709378622,0.04287482448665626,0.21446930555555557,0.042266428998406574,True,False,-0.0005066642266421673,-0.0006453064457496716,-0.001522777777777845,D2
101,F47,66,0.379125,0.39766294931107843,0.013976667846479456,0.399949305555555,0.024132160290160045,True,False,-0.0010983980527094223,-0.0013721578588341,-0.0030738888888888205,D2
101,F47,67,0.16879166666666667,0.1626492964317723,0.02767786105445353,0.16724847222222236,0.033959449503816026,True,False,4.335802654011761e-05,-0.0006073578639878008,-0.0009521527777777428,D2
101,F47,68,0.208875,0.19904928542997313,0.004655218331165842,0.19782104166666659,0.013927219049948321,True,False,-0.00012036961667328833,0.0002778966725474341,0.0004884722222224802,D2
101,F47,69,0.388125,0.4385022172799333,0.08060769453449575,0.4560072916666664,0.057953894941904664,True,False,0.0048188178055512815,0.002414927616968321,0.0056509027777778,D2
101,F47,70,0.19441666666666668,0.2106443914904281,0.00802347768591296,0.21727243055555512,0.018284189078172794,True,False,0.00041902630731417093,0.000519950332930813,0.0016097916666666656,D2
101,F47,71,0.40004166666666663,0.4327446930212033,0.029368091736493573,0.429865763888889,0.03498100182985853,True,False,-0.0013793128271790064,-0.0006797945747605283,-0.0007996527777778262,D2
101,F47,72,0.18212499999999998,0.18517914979314207,0.0012861367712553454,0.1883081249999995,0.007320453000712414,True,False,-4.258361167620178e-05,-0.00022112843609078947,-0.0005742361111112093,D2
101,F47,73,0.4183333333333334,0.41587297285807207,0.003338350133975012,0.4162449305555557,0.011793978219793305,True,False,7.83357168184771e-05,0.000395137987534544,0.0006993750000001686,D2
101,F47,74,0.21416666666666664,0.28724864767346003,0.13143817191269347,0.29035854166666714,0.07400398973273149,True,False,0.015468699269848715,0.0046421732243541736,0.010037569444444838,D2
101,F47,75,0.194125,0.20436989233234218,0.00974876467055549,0.20574138888888804,0.020154367465634145,True,False,0.00024758744263587464,0.00022096990755221535,-0.00023986111111107267,D2
101,F47,76,0.20341666666666666,0.2006834882745658,0.0017315539165226985,0.20840736111111077,0.008494002581534363,True,False,0.00016505043147325873,-0.0004023696933137533,-0.0013547222222222155,D2
101,F47,77,0.25829166666666664,0.28746995165136574,0.021386378735318633,0.3097711111111109,0.029851283288522282,True,False,-0.001147829508424788,-0.0007143807971974891,-0.0018656944444445656,D2
101,F47,78,0.256375,0.27603266017153333,0.02174085632674038,0.304628472222222,0.030097657942341337,True,False,-0.0019590706395024964,-0.0016612623371736746,-0.003883402777777878,D2
101,F47,79,0.18629166666666666,0.2051589243059605,0.009622263261112136,0.20273923611111103,0.02002317746711726,True,False,0.0003924348366146288,0.0004024040738853929,5.291666666668027e-05,D2
101,F47,80,0.24941666666666665,0.31877494238748316,0.11697141169503962,0.3352017361111111,0.06981266948503438,True,False,-0.010298840925835204,-0.0030225519945366597,-0.006290555555555577,D2
101,F47,81,0.18570833333333334,0.20626222793616758,0.014792103646652656,0.2169538888888889,0.024826148552360285,True,False,0.0011689962509748644,0.0007073079473760568,0.0005667361111111324,D2
101,F47,83,0.27391666666666664,0.3183388584600488,0.04781660232607036,0.3371232638888888,0.044635842439153445,True,False,0.0033382526865414555,0.0016104617237224783,0.0036223611111112497,D2
101,F47,85,0.1935416666666667,0.19804654108661104,0.0009766715838988788,0.2065381944444443,0.006379235795071378,True,False,-2.6169774041795e-05,-0.00018419819969683893,-0.0005595138888889184,D2
101,F47,86,0.318125,0.2830047553180312,0.032928593771093646,0.2908870138888888,0.03704085231824769,True,False,-0.003855091609394165,0.001931798585940947,0.005799236111111217,D2
101,F47,87,0.19670833333333335,0.21814958537056506,0.01273551792371049,0.22603131944444424,0.02303576740971752,True,False,0.0009365965214165259,0.0008863811153316803,0.0017988194444444883,D2
101,F47,88,0.19945833333333332,0.21865234104510853,0.009948821097798703,0.22591951388888853,0.02036011327100808,True,False,0.001333239954473639,0.0015278264972997113,0.0032091666666665963,D2
101,F47,89,0.3682083333333333,0.37031814249211376,0.013315658824235974,0.393866041666667,0.02355459865241815,True,False,0.0002640107220074524,0.0007095104318641798,0.0010345833333335053,D2
101,F47,90,0.20099999999999998,0.20915603969233035,0.0037160849527210025,0.21458673611111043,0.012443346536605086,True,False,-0.0008525598304064581,-0.0012052358379013306,-0.003072916666666703,D2
101,F47,91,0.3677916666666667,0.3318551078315446,0.03136640369307371,0.3167347222222218,0.03615153506023506,True,False,-0.0015744052592753105,0.0008870017800017282,0.002466666666666284,D2
101,F47,92,0.20695833333333333,0.2178595145549245,0.003698955045222319,0.2274943749999999,0.0124146335783326,True,False,0.0003423572115416368,0.0008019744260637784,0.0020936111111111155,D2
101,F47,93,0.44687499999999997,0.3683819537269592,0.1537150700034725,0.36510673611111116,0.0800299605365267,True,False,0.001588594277893679,-0.0003603400566571935,-0.001310555555555648,D2
101,F47,95,0.6083333333333333,0.5954240530764032,0.00625906730112169,0.615607847222222,0.016149132202074215,True,False,0.0019378847681775068,-0.0035627199671378618,-0.005952361111111082,D2
101,F47,96,0.2085,0.2869558128335124,0.15601361678447442,0.2998206249999998,0.08062609606088941,True,False,0.0197583525074293,0.005274391076848128,0.011966805555555515,D2
101,F47,97,0.6187083333333333,0.6049669979936182,0.009171007162380172,0.6450191666666664,0.019548025435642012,True,False,-0.0023953177397453285,0.0032135773842957294,0.00691951388888834,D2
101,F47,98,0.218,0.25578886427813824,0.03495746860858081,0.27063826388888906,0.03816492096184925,True,False,-0.0004387745294280876,-0.00022822513771586506,0.0004149999999999987,D2
101,F47,99,0.6459583333333333,0.5843918545261736,0.09749644416576113,0.6093461111111111,0.06373658164853248,True,False,0.012249816410837652,-0.004329667955083938,-0.008748819444444611,D2
101,F47,100,0.22024999999999997,0.27507009645219915,0.07991135264816467,0.3005602083333335,0.05770303019489988,True,False,-0.00460358406984164,-0.002289129537137835,-0.006124027777777874,D2
101,F47,101,0.6589166666666667,0.6277796413106292,0.02534716542794227,0.6437536805555562,0.03249818291583282,True,False,-0.003066432500290976,0.0019351022333666812,0.006641180555555404,D2
101,F47,102,0.21483333333333332,0.28006787575720027,0.1123246174478518,0.28683965277777795,0.06841193166152007,True,False,-0.01044108968838428,-0.00346849520803455,-0.0077392361111110475,D2
101,F47,103,0.6706249999999999,0.6613652777265311,0.014196162255941858,0.71260125,0.024320912003135162,True,False,0.002874131939878923,-0.0020681564383037143,-0.00203444444444445,D2
101,F47,104,0.21458333333333335,0.2988324892288127,0.1730622402926294,0.30359854166666667,0.08491717540556538,True,False,0.009081664123316985,0.002274017788686855,0.004598055555555758,D2
101,F47,105,0.6841666666666667,0.560523225844311,0.46359988311762196,0.5843115972222225,0.13898439407562124,True,False,0.03895039113474569,-0.007504301259258828,-0.017153194444444075,D2
101,F47,107,0.22895833333333335,0.30851651021542476,0.15764710999190362,0.3224093055555554,0.08104708250761396,True,False,-0.0006617214360513102,-0.0001494226619834782,-5.1874999999701465e-05,D2
101,F47,108,0.726625,0.5560356036311694,0.7284676361368045,0.5950939583333327,0.17422060203192635,True,False,0.033029462829232914,-0.004212557260396266,-0.009842916666666701,D2
101,F47,109,0.231,0.30680394765511093,0.15463457548432086,0.32406173611111033,0.08026896854854124,True,False,0.005194662472426198,0.0008308709208675324,0.003790277777777684,D2
101,F47,110,0.7380416666666667,0.5287588714638424,1.1235708878477717,0.540123055555555,0.21636879086486532,True,False,-0.05894603385496788,0.005689936445088528,0.011480833333333273,D2
101,F47,111,0.236,0.512104193646797,1.8310680704725677,0.6001556944444438,0.27621459580615393,True,False,0.11849679912670963,0.00909278976703165,0.0185331944444439,D2
101,F47,112,0.7764166666666666,0.6390092553466318,0.4631756824565024,0.7432256944444435,0.13892079314854539,True,False,-0.21798186072302617,0.029904275740780917,0.055180486111110594,D2
101,F47,113,0.2504166666666667,0.2853957822924363,0.03020214989671717,0.31427916666666716,0.035474257037508415,True,False,0.0027713514915421074,0.0016396819199326895,0.0037599305555556795,D2
101,F47,114,0.7670833333333333,0.8658207068701788,0.5898247136290125,0.9288604861111106,0.1567674383746261,True,False,0.016667443847654506,0.0022134634096424577,0.003668055555555716,D2
101,F47,116,0.819,0.8345952152249935,0.15547616838525316,0.8096512499999999,0.08048710258618384,True,False,-0.026867551069738788,-0.015853694811779562,-0.02787923611111076,D2
101,F47,117,0.9079166666666666,0.8625329826304625,0.885831554177077,0.8473441666666668,0.19211883845867783,True,False,0.003694874854175856,-0.01646866438964678,-0.030788611111110864,D2
101,F47,118,0.28562499999999996,0.3738124682282034,0.1889766513835732,0.3694563194444449,0.0887357151376052,True,False,0.013095153082826605,0.003156617438815179,0.00694020833333342,D2
101,F47,119,0.921875,0.6086654584254222,2.8325097666872234,0.6515993750000003,0.3435421957760565,True,False,-0.07602963694065634,0.005167021418210238,0.011104652777777835,D2
101,F47,120,0.4049583333333333,0.6088265707261821,1.0254597099483878,0.593245625,0.20670628416793757,True,False,0.25810937465678996,0.02812364366590392,0.05813083333333291,D2
101,F47,121,0.5975416666666666,0.6434107805392456,0.06977986106749616,0.6409224305555551,0.053921185179349254,True,False,-0.0035936645369256254,-0.001825645261041009,-0.007097708333333452,D2
101,F47,122,0.5997916666666666,0.5383023159409802,0.09925624787560933,0.5125986111111109,0.06430922946838234,True,False,0.012875021357334648,-0.005104658394952555,-0.01276513888888875,D2
101,F47,123,0.44,0.6480856153508321,1.0626970694850517,0.6270914583333337,0.21042586476447508,True,False,-0.061659028135411464,-0.00662435661206684,-0.007642569444444192,D2
101,F47,124,0.47941666666666666,0.6529721316838284,0.7304263832492317,0.6305613888888894,0.17445467215120566,True,False,-0.10195893312983273,-0.011691045666405664,-0.01837791666666677,D2
101,F47,125,0.671625,0.6007543319540185,0.1255919272961337,0.5839863194444445,0.07233945652734915,True,False,0.0011139653748071382,-0.0003637913427557704,-0.0008209027777774658,D2
101,F47,126,0.496875,0.6485174226421065,0.5829172289128548,0.7451850694444446,0.1558467769040122,True,False,0.07052764755358554,0.01083468363923834,0.019096736111111068,D2
101,F47,127,0.688125,0.6892369481876449,0.010525252686669017,0.6856943055555557,0.020941637836565594,True,False,-0.0017116328250064289,0.002135540844821371,0.00629763888888879,D2
101,F47,128,0.48029166666666673,0.6515817615265524,0.7286492190441896,0.6453199305555558,0.17424231439820018,True,False,-0.038866217979801276,-0.004677972019031085,-0.008943750000000028,D2
101,F47,129,0.71075,0.674281802006737,0.03548978031455853,0.6625893750000004,0.03845439957195976,True,False,-0.00341300793341813,0.001990288993885425,0.004941319444444536,D2
101,F47,130,0.4907916666666667,1.0296591281980305,7.146258452359071,0.8205810416666676,0.545674599782961,True,False,-1.0484176201168083,-0.03822238641388842,-0.07285506944444431,D2
101,F47,131,0.70275,0.6551723892106559,0.06340221377964377,0.6288950694444451,0.05139804380990737,True,False,-0.010885763913611957,0.004919860499261852,0.011384236111111057,D2
101,F47,132,2.7121666666666666,1.1629606466838884,62.30540218648363,1.164954999999999,1.6112288553885876,False,False,4.919821653144908,-0.06677215222321409,-0.14886604166666761,D2
101,F47,133,0.46658333333333335,0.4609295665055429,0.004364036134158994,0.4689224999999999,0.013484614897107422,True,False,0.0005825635589355488,-0.009207948864404347,-0.020840902777777615,D2
101,F47,135,0.49066666666666664,0.44765211054594145,0.05510469020700796,0.4462797916666665,0.04791689429236135,True,False,0.0006461316084615185,-0.00041773297197783554,-0.0008202777777779335,D2
101,F47,136,1.65275,1.8419174288478402,1.0639526558142733,1.905209583333333,0.21055013811187126,False,False,-0.15786621595326822,-0.017184781210514366,-0.051002777777777064,D2
101,F47,137,0.511375,0.40176886668896244,0.2900186845859451,0.4028962500000008,0.10992775744891603,True,False,0.005017542881551318,-0.0009601381114126006,-0.002017708333333479,D2
101,F47,138,1.7102916666666665,1.5729352146017577,0.8113743911297994,1.4868645833333332,0.18386752376935675,False,False,0.1744910802994265,-0.05457460402063341,-0.1346638888888878,D2
101,F47,139,1.684375,1.602211214345979,0.32023559037846755,1.5559618749999997,0.11551255169505527,False,False,0.1973239128853942,-0.06780747639296614,-0.17412784722222296,D2
101,F47,140,0.4033333333333333,0.44279581585384387,0.03841684792519487,0.4441682638888891,0.04000877399875082,True,False,-0.011891767775672003,-0.005790188224490678,-0.010060555555555462,D2
101,F47,141,1.8655,1.6964580037255546,2.1231421398598695,1.610119374999998,0.2974294131848674,False,False,0.7648489025012424,-0.08420162425508448,-0.20038229166666888,D2
101,F47,144,0.409875,0.4416529216324902,0.02793384022460673,0.43661500000000014,0.03411612535676661,True,False,-0.0005648182738473145,-0.0003024334978702914,-0.0004294444444442047,D2
101,F47,145,2.141625,1.5822326325778888,10.378831542818565,1.4512768749999951,0.657610305792197,False,False,0.8006688860433364,-0.02329261478913147,-0.06700854166666859,D2
101,F47,146,0.7000000000000001,0.7854618222366994,0.18406647978127547,0.7900190972222226,0.08757531991122353,True,False,0.07950960756740641,0.023402430399705465,0.05317430555555602,D2
101,F47,147,1.7504583333333334,1.4432241178304006,2.376062239011078,1.365484861111112,0.3146467754357706,False,False,-0.011491474213039865,0.0002120968040648652,-0.003271388888888671,D2
101,F47,148,0.40570833333333334,0.4416332379235817,0.04358633943139932,0.4417451388888887,0.04261569518743423,True,False,-0.003934432501025445,-0.0024590117727291694,-0.0035720833333334756,D2
101,F47,149,0.6973333333333334,0.7621872771121683,0.11124453921794544,0.7532824305555551,0.0680822233338561,True,False,0.015221738011914024,0.005079416592892572,0.010474583333333287,D2
101,F47,150,0.4267916666666667,0.5352250156557296,0.3715687665427202,0.5915032638888892,0.12442681358646138,True,False,-0.016421811908005124,-0.0019692016724488504,-0.002844861111111152,D2
101,F47,151,1.3133333333333332,1.355944343598501,1.694047008818324,1.2616582638888911,0.26567892659015474,False,False,0.0586891727949681,0.0020150945335224435,-0.0020956944444439074,D2
101,F47,152,0.4427083333333333,0.6660262831254544,1.2278533697495064,0.7349961805555553,0.22618699580854798,True,False,-0.003392256326762988,-0.000509338731116582,-0.003275138888888307,D2
101,F47,153,0.8378333333333333,0.8034187376225875,0.040693035888924096,0.8200466666666668,0.04117697368722602,True,False,-0.0022861158308171634,0.0014886405852025941,0.003034097222222143,D2
101,F47,154,1.6209999999999998,1.3895740400291545,1.629180093898336,1.3299311805555578,0.2605427103421446,False,False,-0.12743863507973718,0.008169265652177016,0.023544583333333202,D2
101,F47,155,0.41566666666666663,0.49066483661665355,0.14537741693638034,0.5046722222222219,0.07782925139270698,True,False,0.04439209811388524,0.013127064198168448,0.028796458333333053,D2
101,F47,156,0.83225,0.7697205444737701,0.09911552369643005,0.7885064583333347,0.06426362491605381,True,False,0.006538317494917248,-0.002441217612787816,-0.0034199999999997566,D2
101,F47,157,1.2108333333333332,0.9462290610701937,4.652890960589762,0.9913817361111118,0.44030722988754123,False,False,-0.13378307825970204,0.008528724901857854,0.015300763888889124,D2
101,F47,158,0.410125,0.4577876136126866,0.06237358284383324,0.4376547916666668,0.05097940059631653,True,False,-0.008996552437057957,-0.0034182568794538515,-0.008583402777778082,D2
101,F47,159,0.721,0.7868891599502391,0.1740421836889422,0.7436718750000008,0.08515725250209712,True,False,-7.45909474493267e-05,-0.0015725913944840686,-0.001200555555555205,D2
101,F47,160,0.6937083333333334,0.7481588794007966,0.10476352989165987,0.7335875000000006,0.06606925971145099,True,False,-0.005554961895983576,-0.003974206202126518,-0.004589166666666644,D2
101,F47,161,0.646,1.0732672643037995,4.403312947978826,1.2637774305555565,0.428335584364002,True,False,-1.449352945914553,-0.06557671224905537,-0.1390885416666665,D2
101,F47,163,0.56975,0.7477382588565163,0.7688244089664434,0.809610416666667,0.17898142466077818,True,False,-0.04557995363382161,-0.005249051380056935,-0.010791180555555724,D2
101,F47,165,0.487875,0.44422951330189675,0.05173455406668112,0.4516495138888896,0.046428508692882293,True,False,-0.00016495823768379603,9.77998434766314e-05,0.00021965277777780123,D2
101,F47,166,0.6535,0.7124779159672161,0.09143263769457383,0.8104510416666674,0.06172271249122084,True,False,-0.007123814906244114,-0.0029932663298125606,-0.008432152777777313,D2
101,F47,167,0.459625,0.4514044534832999,0.008801567289065863,0.4286468749999998,0.019150247266752046,True,False,0.0008592485321863592,-0.0011738279014994468,-0.0031798611111112374,D2
101,F47,168,0.782625,0.7109584480622179,0.1335761789638068,0.733139930555556,0.0746034457883277,True,False,0.03805591592719011,-0.011953565008885336,-0.028035902777777566,D2
101,F47,169,0.4135416666666667,0.43861764367870193,0.027386237437461398,0.41900798611111084,0.03378007144102705,True,False,0.00027813641547162066,0.0001363345473117672,-0.00015798611111117467,D2
101,F47,170,0.7702083333333333,0.7534194719428339,0.3283145770879948,0.7590925000000001,0.116960566197899,True,False,-0.01611166577377149,0.003473757444729886,0.009622013888888281,D2
101,F47,171,0.8664999999999999,0.8826040010784993,0.040255765088281534,0.8517797222222229,0.040955140646139455,True,False,-0.0001870762108227772,0.001978374327399779,0.0031994444444443104,D2
101,F47,173,0.9253333333333332,0.8102954482684801,0.3407721934592831,0.8332561805555517,0.1191588913767529,True,False,0.006589616950269661,-0.0012473431998838436,-0.0023486111111111763,D2
101,F47,174,1.0531666666666666,0.9109059467043908,1.2868189671801606,0.8621270138888906,0.2315544362905622,False,False,0.0286782331582629,-0.004528241775778152,-0.012472222222222107,D2
101,F47,175,0.40491666666666665,0.4672854474708281,0.0950673739082334,0.46131930555555584,0.06293759273685104,True,False,0.002041794285471535,0.0007155267837462564,0.0010794444444444662,D2
101,F47,176,0.9803333333333333,0.8903750900759091,0.20911861055199865,0.8715099305555548,0.09334492723049609,True,False,-0.0015239744592849547,0.0003587334184501634,0.0011091666666666056,D2
101,F47,177,1.4867916666666667,1.0316624408384674,8.519256128227022,1.07473861111111,0.5957927536843601,False,False,-0.2101204468336526,0.0059148994880557915,0.0171868750000006,D2
101,F47,178,0.30579166666666663,0.7035145445605537,3.8150684504676935,0.8176730555555546,0.3986993672382161,True,False,-0.0916538998074885,-0.004796782915566067,-0.009091041666666966,D2
101,F47,179,0.248,0.22923790392786278,0.028616026102360928,0.2260802777777777,0.03453019578472884,True,True,0.00013408314922476114,-0.00018523410086668246,-0.0007847222222221728,D2
101,F47,180,0.20129166666666667,0.21710775896592716,0.007728194288959754,0.2267119444444443,0.01794458401226741,True,True,-0.0001942575887276584,-0.00017388999250780857,-0.0007128472222221183,D2
101,F47,191,0.29050000000000004,0.34819851380622824,0.14818502284910756,0.49180680555555517,0.07857719740513879,True,True,0.0031713952642052623,0.0007012680552488937,0.0035269444444441245,D2
101,F47,192,0.14441666666666667,0.16247724013064627,0.022846394262896037,0.15389284722222227,0.030853413008731057,True,True,7.0769572797523e-05,5.4344796279581775e-05,0.0002009027777776784,D2
101,F47,193,0.381,0.3578040938287928,0.022220307720177173,0.39382847222222256,0.030427720174330875,True,True,0.00027132067660268905,-0.0004338448137636841,-0.0013842361111111035,D2
101,F47,194,0.253375,0.23291933902787246,0.01611220907972531,0.25592027777777787,0.025910269102974493,True,True,-2.9235543242380618e-05,0.00015234931114621597,0.0007816666666666805,D2
101,F47,195,0.19183333333333333,0.19994719751241385,0.003228327157561093,0.2099672916666667,0.011598001188353342,True,True,-0.00013548363217518854,-0.0003143710334498617,-0.0010562499999998698,D2
101,F47,196,0.18425,0.21799455028585116,0.053338591298422,0.2507497916666666,0.04714277573606498,True,True,-0.0017779389428746045,-0.0007164006710872195,-0.0037559027777777088,D2
101,F47,209,0.6549583333333334,0.4882107372209232,0.7620561471544658,0.4163859722222225,0.17819186138757687,True,True,0.0023930915053205215,-0.0007643386020039777,-0.0024855555555556297,D2
101,F47,210,0.51825,0.5050383590879328,0.018307576665338214,0.5091296527777781,0.027619118276822167,True,True,0.0009676678535046265,-0.0007429604349135088,-0.004667152777777295,D2
101,F47,212,0.521125,0.3910202175216024,0.42860909110019,0.4191302777777774,0.13363649250550758,True,True,-0.054190683969961684,0.008011851617314103,0.01892583333333303,D2
101,F47,214,0.5314583333333333,0.4355928251676886,0.27460390294533715,0.38631611111111064,0.10696648675818538,True,True,-0.0023363709232167573,2.0963359438908036e-06,-0.00015645833333327586,D2
101,F47,215,0.7052499999999999,0.6773801162112206,0.023926795132334568,0.6428407638888883,0.031574511828064845,True,True,-0.0021049895781184574,0.0010439142150540093,0.004999236111111194,D2
101,F47,216,0.5559583333333333,0.8710873577078507,2.4204652776268625,1.0247259027777773,0.3175731725148068,True,True,0.2656396834141188,0.018150990444987358,0.03766145833333334,D2
101,F47,229,1.78825,1.2992076394204823,5.988292358558573,1.22106486111111,0.4995119434073696,False,True,0.3588679850601597,-0.014828149292187787,-0.0357854861111111,D2
101,F47,230,0.460875,0.4339677108162146,0.023297868657611073,0.42360229166666646,0.031156773379162055,True,True,0.0017044616057573028,-0.0012231861711024528,-0.00325868055555556,D2
101,F47,231,2.1767083333333335,1.466783952880683,14.908354832045413,1.389712916666667,0.7881506526897161,False,True,-0.8386716845030833,0.025071497969165524,0.04769840277777848,D2
101,F47,239,0.433875,0.5587136164904635,0.4148634776663442,0.4321338194444449,0.13147615082629122,True,True,-0.14349888247138948,-0.01651959936897396,-0.07233708333333316,D2
101,F47,240,0.47258333333333336,0.5639753084225237,0.24136257193837346,0.4630114583333331,0.10028346738503591,True,True,0.008745213368028054,0.001953983677390747,0.007943194444444523,D2
101,F47,241,0.65225,0.8439748892603297,1.0983186801170088,0.7630689583333332,0.21392353385779858,True,True,-0.05993277384517559,-0.004582854515988055,-0.016112222222222194,D2
101,F47,242,0.7242083333333333,0.7722404308405418,0.0840271010451286,0.6029852777777787,0.059170340629522256,True,True,-0.0050778510663512105,-0.0019125494832389345,-0.008035208333333155,D2
101,F47,243,0.449,0.5049922728956053,0.5212019063528672,0.4387291666666671,0.1473660276252167,True,True,0.03141618706267757,0.008261058624452478,0.006899513888889097,D2
2024,F13,8,0.17720833333333333,0.35762829311923877,0.847023176105525,0.3517134722222215,0.18786333420263307,True,False,0.0020522935062579073,0.00014362123019823203,-1.506944444490399e-05,D2
2024,F13,9,0.3919166666666667,0.3124163362401492,0.15211008722647504,0.32954270833333343,0.07961105639986903,True,False,-0.0008729468463076206,0.00022729376133551193,-0.000486527777777912,D2
2024,F13,10,0.37424999999999997,0.32845070700738443,0.052063739621779855,0.343231111111111,0.04657598613277906,True,False,0.002198078429490914,-0.0008400964962423374,-0.0028702777777778743,D2
2024,F13,11,0.36833333333333335,0.36739513817455555,0.017831720157873304,0.3782166666666659,0.027257812456457097,True,False,-0.00010852255292236046,0.0003229080979501031,0.0009093055555556839,D2
2024,F13,12,0.3505,0.3313304483106976,0.010170599072253036,0.34459576388888874,0.020585795135089548,True,False,0.0011127835493751955,-0.0008427582416291046,-0.0030215277777779215,D2
2024,F13,13,0.40054166666666663,0.293024013877488,0.2789878038561912,0.2934632638888885,0.10781693664420865,True,False,0.01613641093689694,-0.0031505021908910247,-0.006206736111111,D2
2024,F13,14,0.3236666666666667,0.34385259007685814,0.012459500376324662,0.3405147222222223,0.02278477230550105,True,False,0.00018924549886363204,0.00028977071737640303,0.0008231944444445638,D2
2024,F13,16,0.322875,0.33078686869744417,0.00368543566248399,0.3419171527777775,0.01239192556748814,True,False,1.4413892335048313e-05,0.00010010899905699144,0.00032756944444461977,D2
2024,F13,17,0.39683333333333337,0.3436574288134142,0.06891392795211916,0.3591420833333334,0.053585573288634614,True,False,-0.005118878195234086,0.0019223613870580358,0.0028772916666667814,D2
2024,F13,18,0.3305416666666667,0.2734352479347026,0.08421321038291153,0.27249659722222236,0.05923583177397484,True,False,0.007297259103813472,-0.0024360549366969075,-0.006292083333333254,D2
2024,F13,19,0.383375,0.2963529041349536,0.184163208285205,0.3198043055555556,0.08759832767743653,True,False,0.0025723541324770283,-0.0005779828588780567,0.00035881944444460245,D2
2024,F13,20,0.34195833333333336,0.3050741907770235,0.04790288960088185,0.3115487500000004,0.04467609800967489,True,False,-0.0008832930203549541,0.0006636941064281365,0.0011002083333332413,D2
2024,F13,21,0.3625833333333333,0.29265818133519944,0.12923217320829425,0.3150556249999999,0.07338033717337995,True,False,0.0027523993524175006,-0.0008537073890939051,-0.0019095833333334644,D2
2024,F13,22,0.3542083333333333,0.30104852716320724,0.07605809535454473,0.3157445138888892,0.05629464722723968,True,False,0.0016070557871105534,-0.0006551099872001975,-0.0013665277777776819,D2
2024,F13,25,0.33645833333333336,0.3439823775034154,0.00198531413819603,0.3530927083333331,0.009095131798101366,True,False,-0.000964793080848042,-0.0024689274812745854,-0.004611944444444571,D2
2024,F13,26,0.33208333333333334,0.30570091483043943,0.019207090727365206,0.2887531250000008,0.0282894935793052,True,False,0.00010297195288500038,-6.491563199817474e-05,-0.0001145138888889452,D2
2024,F13,27,0.3579583333333333,0.33362794654467187,0.015578886139986094,0.3262489583333333,0.02547783852356306,True,False,-0.0018184245445593775,0.0015466011011537328,0.0027429861111112896,D2
2024,F13,28,0.366625,0.25238309294755695,0.31754448838410565,0.25469173611111096,0.11502617245365393,True,False,-0.021308480403311625,0.0038886329675603126,0.007936388888889007,D2
2024,F13,29,0.30795833333333333,0.27048642841810405,0.04178867487751819,0.2674327083333332,0.041727626179346194,True,False,-0.0033112504893475364,0.002125103308197762,0.002895486111110901,D2
2024,F13,30,0.35904166666666665,0.32056872628427335,0.04467942836683657,0.3378275694444446,0.04314675942197966,True,False,-0.00466507722816481,0.0024402224004848594,0.00466972222222245,D2
2024,F13,31,0.32033333333333336,0.30297412544027696,0.010795463988695042,0.29336881944444476,0.02120874818392071,True,False,0.0012249436206091136,-0.0016384175298187476,-0.0031693750000001963,D2
2024,F13,32,0.3295,0.25008958164077627,0.15673862580830794,0.2552772916666665,0.08081321720700249,True,False,0.002984268005641305,-0.0008492876683995343,-0.0009445138888888871,D2
2024,F13,33,0.33975,0.3024553149220704,0.034846381866764614,0.30727916666666616,0.03810423306906805,True,False,-0.00031841487777549415,0.0002505262772162231,9.687500000010729e-05,D2
2024,F13,34,0.34991666666666665,0.307932619449934,0.04336285082638,0.32252493055555487,0.04250629895790936,True,False,0.0005681325637175855,-0.00023984937775461956,3.965277777767673e-05,D2
2024,F13,35,0.26345833333333335,0.20007746753837977,0.10050862758147558,0.1879354166666665,0.06471367307270916,True,False,0.004404375215560891,-0.001390607677917044,-0.002380416666666607,D2
2024,F13,36,0.35883333333333334,0.3216565129438835,0.035658807007434186,0.3451170138888882,0.03854586391961864,True,False,-0.003687867204872061,0.0020187756922652733,0.0051225694444443914,D2
2024,F13,37,0.338,0.32012924802799525,0.027478297661765776,0.3631829166666665,0.03383680051719194,True,False,0.0017003777133851976,-0.0006703821351412564,-0.00027243055555542517,D2
2024,F13,38,0.297625,0.3403290876884258,0.04548764454399433,0.34765631944444464,0.043535256088214645,True,False,-0.0005743883612136652,-0.0004151036193615343,-0.0017367361111109703,D2
2024,F13,39,0.18516666666666667,0.23920202604589888,0.10317800309493184,0.226365902777778,0.06556739633605124,True,False,0.005239838126065308,0.0015667722807812812,0.002282222222222352,D2
2024,F13,40,0.1728333333333333,0.23903627055271406,0.1394093237272119,0.2331266666666669,0.07621497111438909,True,False,0.0012835704198732867,0.0005288184249112038,0.0016966666666666519,D2
2024,F13,41,0.33116666666666666,0.3279110536515204,0.0008527175031114292,0.33506534722222225,0.005960695929417656,True,False,6.462803224919654e-05,-0.0005196774650073066,-0.0009992361111113013,D2
2024,F13,42,0.14945833333333333,0.2359575862076918,0.27691270982918365,0.2264810416666665,0.10741522041226739,True,False,-0.000215416039265226,-0.0003150119232786519,-0.0011239583333334802,D2
2024,F13,43,0.34591666666666665,0.32309595174575123,0.01298568645732652,0.3249811111111109,0.02326091720150501,True,False,0.0010554181432189495,-0.0010247585495983258,-0.001767499999999922,D2
2024,F13,44,0.20025,0.17830875738435428,0.01743533182218446,0.19036020833333364,0.026953147483321605,True,False,0.00048255271915769934,-0.00020955965283525613,-0.00023888888888892734,D2
2024,F13,45,0.14758333333333332,0.17258028565125147,0.045101713534211656,0.18176590277777793,0.043350179514339796,True,False,0.0009635108839120832,0.0004636859564333684,0.0010059027777777896,D2
2024,F13,46,0.3981666666666666,0.3619304761569166,0.04224490302666678,0.43902875000000013,0.04195478867516535,True,False,0.001004991035667105,0.0001621914723222151,-0.0021540972222222066,D2
2024,F13,48,0.4250833333333333,0.40444185984699516,0.019258313324883414,0.4595471527777775,0.028327190504357155,True,False,-0.0009157332126965463,0.0016879971504405455,0.002324999999999744,D2
2024,F13,49,0.14991666666666667,0.17343850614633627,0.029861371212460738,0.17619625000000017,0.035273556675209226,True,False,0.0005817709527952651,0.0005733695778247505,0.0012973611111112282,D2
2024,F13,50,0.453625,0.4105861818108652,0.055627960145478966,0.451240972222222,0.04814386433106809,True,False,0.0008067874606390718,5.995568130257034e-05,-0.00134256944444483,D2
2024,F13,51,0.4850833333333333,0.4607846520812513,0.022640232211747546,0.4990072916666661,0.03071388950984252,True,False,0.001698002183840093,-0.0012095649171662282,-0.0031391666666665263,D2
2024,F13,52,0.23383333333333334,0.2432128604475369,0.0027115862902665597,0.253701388888889,0.010629334978936358,True,False,-0.0005295352514934357,-0.0011950268101777461,-0.002242430555555508,D2
2024,F13,53,0.23683333333333334,0.2626617237760369,0.016478186058422294,0.26537965277777814,0.02620288315753813,True,False,7.143578212434609e-05,5.64570006723053e-05,0.00013951388888894245,D2
2024,F13,54,0.24454166666666666,0.25862632769150634,0.005526713417487955,0.24540104166666646,0.015174970369943553,True,False,0.001149873600662583,0.0020251439912091773,0.00482083333333308,D2
2024,F13,55,0.5199166666666667,0.4414432028274682,0.14897685683857337,0.4582865277777779,0.07878685826291436,True,False,-0.013338113699467108,0.0034332604279492807,0.00739513888888893,D2
2024,F13,56,0.2577083333333334,0.26116385296218053,0.0012647692124241358,0.26488618055555596,0.007259388210058682,True,False,0.00010393886927920854,0.0010899150511739508,0.002474027777777832,D2
2024,F13,57,0.549625,0.46477597504452467,0.1735072392468655,0.47903701388888914,0.0850262800665343,True,False,0.0017185834680102097,-0.0004156252482600542,-0.0010302083333334489,D2
2024,F13,58,0.258375,0.2442194514591204,0.005073562601354598,0.2532937499999998,0.0145395475075089,True,False,-0.0003857891330250043,0.0005293330575959765,0.0012761805555555616,D2
2024,F13,59,0.26229166666666665,0.23938214091645296,0.012684218293381462,0.24584152777777757,0.0229893256873176,True,False,-0.0003584714454657571,0.00031941267545110286,0.0010631249999999426,D2
2024,F13,60,0.26495833333333335,0.2265232748319527,0.035613462245349954,0.23209194444444414,0.03852134811014426,True,False,0.0006210176190424022,-0.00033836649427329557,-0.0007139583333332922,D2
2024,F13,61,0.26429166666666665,0.2394590776494784,0.01510861963689852,0.24193152777777752,0.025090353090462977,True,False,-2.092350312694717e-05,9.44408039549316e-08,-8.611111111112013e-05,D2
2024,F13,62,0.5582916666666667,0.47742238964348166,0.16036119579356434,0.4864924305555553,0.08174176711693058,True,False,0.0016553083291396264,-0.00041378743731651513,-0.0006665972222220651,D2
2024,F13,63,0.2705,0.2601388056993483,0.0036772003797821036,0.2609474305555555,0.012378072648474842,True,False,0.00010232391144691325,-0.00033724548387137343,-0.00048270833333330376,D2
2024,F13,64,0.5405833333333333,0.5361847545308926,0.00615603102109739,0.5434284722222219,0.016015657730662346,True,False,0.0005184907661924471,0.0006410216578313088,0.0023147916666668156,D2
2024,F13,65,0.2655,0.25689838537674664,0.0027152504207298422,0.264212013888889,0.010636514193901908,True,False,0.0005064438129497024,-0.0009617438250246746,-0.0013881249999998513,D2
2024,F13,66,0.25133333333333335,0.25169023984101363,0.0005337520360349156,0.26044555555555565,0.00471589526687367,True,False,3.0586199379555815e-06,-0.000812653961493992,-0.0014959027777779466,D2
2024,F13,67,0.5415833333333333,0.47512915224484126,0.11195903979232963,0.5036829861111111,0.06830051237982822,True,False,0.00033541902484536534,-0.00010589575841546406,4.250000000005638e-05,D2
2024,F13,68,0.24787499999999998,0.25344954777553685,0.0010387419470342055,0.2570463888888888,0.006578823181980085,True,False,5.814637496846125e-05,0.00027639076775543003,0.0006315972222223354,D2
2024,F13,69,0.42891666666666667,0.4150921857560588,0.011160149741866866,0.437683402777777,0.021564003321379192,True,False,-0.0026591714843595873,0.0031131253629801403,0.006896736111111079,D2
2024,F13,70,0.44295833333333334,0.42184520633012995,0.018924656028669797,0.4459491666666659,0.028080728881706547,True,False,-0.0027928583133367303,0.002590825250244344,0.005608333333333326,D2
2024,F13,71,0.549125,0.506852002866667,0.046374810134394685,0.5285775694444438,0.04395774966487455,True,False,0.004887904175765019,-0.0022533465959121424,-0.00583583333333304,D2
2024,F13,72,0.45575000000000004,0.4288283674610864,0.02391747472438722,0.45449493055555507,0.03156836148502908,True,False,0.0031158077903807417,-0.0025232905049155097,-0.0049604861111109955,D2
2024,F13,73,0.56725,0.5352068907509359,0.030061286208380472,0.5489290972222224,0.03539143387905968,True,False,-0.0014952889322947943,0.0009958958951986618,0.0018006250000000001,D2
2024,F13,75,0.46820833333333334,0.501782447908851,0.029608618487727438,0.5057751388888887,0.03512395816232338,True,False,-0.0006408134017745516,-0.00020920255872569626,0.0009431944444444618,D2
2024,F13,76,0.5653333333333334,0.5071501244003678,0.087626979787434,0.5295109722222219,0.060424532747963805,True,False,-0.0049882096356948236,0.001467101595152287,0.004183055555555648,D2
2024,F13,77,0.482875,0.5119458741550825,0.024555568233226178,0.5257668749999999,0.031986695302647694,True,False,0.002905731633538095,0.002396015523332018,0.005230416666666793,D2
2024,F13,78,0.5759583333333333,0.539035130858405,0.03545167160750998,0.5544602777777782,0.03843374797812788,True,False,-0.0023838988893955457,0.00140350414135193,0.0024597916666664332,D2
2024,F13,79,0.495625,0.5012159859637635,0.008458740431019027,0.49748097222222243,0.018773585644706398,True,False,0.0005302875790013858,-0.0012722476587426756,-0.0041246527777774045,D2
2024,F13,80,0.5730833333333333,0.5031254305586665,0.1228778135492308,0.5078571527777781,0.07155353868177741,True,False,0.016083007396788834,-0.004863349953365126,-0.009064166666666429,D2
2024,F13,81,0.5222916666666667,0.5010348487101052,0.018434841900992524,0.5141768055555557,0.027714949261027976,True,False,0.00023227379179190794,-0.0007772694739831554,-0.0009136111111112122,D2
2024,F13,82,0.5330833333333334,0.5041144119361781,0.0246637012033761,0.5076883333333335,0.03205704628950299,True,False,-0.00026370630803805584,7.0701417125285104e-06,0.00020333333333333314,D2
2024,F13,83,0.5427083333333333,0.5291489715054665,0.010749767746102161,0.5330810416666671,0.0211638132060582,True,False,-8.247960542039426e-05,0.0001694598798694935,0.0005276388888892924,D2
2024,F13,84,0.5364166666666667,0.5500675921939867,0.010123765541627883,0.5666914583333332,0.020538343755875134,True,False,0.002247697813794254,0.0037615495890890305,0.00742486111111107,D2
2024,F13,85,0.5724583333333334,0.553280401979942,0.017340028111208293,0.565188888888889,0.0268793818995219,True,False,-0.0006774815980980058,0.0005531406827142815,0.0012147222222219645,D2
2024,F13,86,0.556875,0.5236324564061211,0.0279482590221492,0.519939236111111,0.03412492919537782,True,False,0.0015482422129225806,-0.0011682412435427558,-0.0013413194444441556,D2
2024,F13,88,0.5509166666666667,0.4880692766079393,0.09802869547609154,0.501268472222222,0.06391031980964014,True,False,-0.006072514666179432,0.0019156767776942196,0.004027013888888653,D2
2024,F13,89,0.5786666666666667,0.5629045596130339,0.01255852471407244,0.5836867361111112,0.02287513635120787,True,False,-0.0012435020805059687,0.0017012179244042525,0.0033342361111112773,D2
2024,F13,90,0.5575416666666667,0.4390136709537353,0.3387171407520824,0.44293319444444457,0.11879904965109542,True,False,-0.0003925094922835326,6.936065169937944e-05,-0.00017916666666661918,D2
2024,F13,91,0.5779166666666666,0.5462619708515731,0.02544019691117596,0.5622374305555555,0.03255776719359501,True,False,0.002723780281408312,-0.0016877334437261915,-0.0027361805555553564,D2
2024,F13,92,0.48141666666666666,0.40979336023597446,0.14140939963810462,0.43888416666666674,0.07675974412577441,True,False,-0.004708176039305401,0.0013052994734498724,0.0028756249999999373,D2
2024,F13,93,0.3935416666666667,0.4888208952661209,0.22795459859537665,0.49229354166666656,0.09745823861945875,True,False,0.01473730471953047,0.003405359183288992,0.0059365972222223395,D2
2024,F13,94,0.40116666666666667,0.5310878864985479,0.40721040857646745,0.5379308333333331,0.13025782263400848,True,False,0.03933604020954029,0.006521962066627696,0.012510277777777912,D2
2024,F13,95,0.482,0.41464838312705016,0.1170043838460088,0.4539592361111113,0.06982250826381395,True,False,-0.006203874422847866,0.0014912464368697087,0.0047277083333334136,D2
2024,F13,96,0.4086666666666667,0.5436090238774078,0.45608212553236055,0.5722515277777779,0.1378528994877572,True,False,-0.0035077016273163952,-0.0005314439974383189,-0.0010688194444441468,D2
2024,F13,97,0.4735416666666667,0.4307972758798235,0.04748343431309586,0.4788772916666668,0.04448006777998801,True,False,-0.013389678316837836,0.006018622800901874,0.01373041666666669,D2
2024,F13,98,0.39937500000000004,0.41090022498818546,0.020416391409986537,0.43080305555555515,0.029166470054089604,True,False,-0.0010886926346560626,0.000621196961030801,0.0022749305555554433,D2
2024,F13,99,0.46108333333333335,0.4282766677543199,0.029751814034028365,0.44012708333333345,0.03520879035247469,True,False,-0.0002875056601852402,0.00018790985422778572,0.0011434027777780242,D2
2024,F13,100,0.4057916666666667,0.3515478388787204,0.08598431557650152,0.35459569444444444,0.059855491107228945,True,False,0.0054570926830095345,-0.0021399974323109694,-0.004682708333333174,D2
2024,F13,101,0.45108333333333334,0.4394116950996376,0.0075986469766700995,0.4455587499999998,0.01779354632147812,True,False,7.535428248765276e-05,-0.0002462745038926406,-0.0006034027777779283,D2
2024,F13,102,0.38608333333333333,0.36063150272899985,0.061707827853707924,0.36528451388888833,0.05070660207413327,True,False,-8.457540184116791e-05,3.877336170327039e-05,0.0006399305555555568,D2
2024,F13,103,0.447375,0.47396379562572194,0.024471075560774054,0.46858618055555584,0.03193161675151425,True,False,-0.005529546243123799,-0.0036787369897032796,-0.006937430555555568,D2
2024,F13,104,0.31779166666666664,0.40498256094087187,0.1862300634998274,0.4094919444444445,0.08808851218609312,True,False,-0.01450725253769411,-0.003369980056499744,-0.008137013888888989,D2
2024,F13,105,0.442,0.4793785599416718,0.039969572374110945,0.4888361111111112,0.040809298559535294,True,False,-0.0006976723892083078,-0.0002356512529123056,3.5833333333623596e-05,D2
2024,F13,106,0.31616666666666665,0.4950593529339015,0.7778815899745077,0.5155395833333334,0.1800325884822092,True,False,-0.024768768576804656,-0.0027428647805412543,-0.006403055555555537,D2
2024,F13,107,0.44425,0.47637602985696453,0.03349963809639009,0.48286875000000024,0.03736065114550673,True,False,-0.0026197078459384918,-0.0021789986141504958,-0.005739236111110935,D2
2024,F13,108,0.4572083333333334,0.47516933729116206,0.014281591890898521,0.5015584722222225,0.02439398140499903,True,False,-0.002036586829578843,-0.003209744520692892,-0.008079236111111276,D2
2024,F13,109,0.3450416666666667,0.5169697858123564,0.7178458694022914,0.5782411111111108,0.17294578502648975,True,False,0.014427850551514854,0.001681022415827571,0.0027372222222222797,D2
2024,F13,110,0.35375,0.4145245740556352,0.09040640798969893,0.40506680555555524,0.06137535064044405,True,False,-0.002852350317230537,-0.0009812111014236846,-0.004455555555555435,D2
2024,F13,111,0.3712083333333333,0.47925416107534313,0.2844315196308606,0.48011465277777776,0.10886373738739878,True,False,-0.0556758944686323,-0.010362294767135405,-0.018162222222222135,D2
2024,F13,112,0.39633333333333337,0.6683484933024864,1.7945016677672,0.7006085416666673,0.2734426865425977,True,False,-0.01410909133049043,-0.0010108433939294281,-0.0016595138888884087,D2
2024,F13,113,0.5562916666666667,0.5192274146099963,0.03694746224969277,0.5332287500000004,0.03923617710400949,True,False,0.0055150787387180725,-0.0033217432553833692,-0.006540902777777968,D2
2024,F13,116,0.9369166666666667,0.9979292993210759,0.18457678126713395,1.0135926388888883,0.08769663174526098,True,False,-0.0706140600595837,-0.021563649803963858,-0.048611736111110915,D2
2024,F13,117,0.3037916666666666,0.31574579635959243,0.008170762318318826,0.3176350694444449,0.018451244671564872,True,False,-0.00028219594521527135,-0.00022354838290056245,-8.930555555569653e-05,D2
2024,F13,118,1.101625,1.1213344067457065,1.5330534617472509,1.2423253472222218,0.252739446016648,False,False,0.0096003570001153,0.028136344146052705,0.060446597222222564,D2
2024,F13,119,0.3114166666666667,0.41682073386952107,0.2768860330878474,0.4030438194444444,0.10741004629608432,True,False,0.03337856915717921,0.006861245558776152,0.014847986111111322,D2
2024,F13,120,1.25,1.188632003806643,1.2627086222977835,1.37371361111111,0.22937493163466588,False,False,-0.16950468231153626,0.04114994822129847,0.09010937499999971,D2
2024,F13,121,1.3183749999999999,0.8579367158010203,5.717307712352216,0.8771230555555558,0.4880790455257656,False,False,0.21933782367754606,-0.009002134615417323,-0.021538472222221938,D2
2024,F13,122,0.34879166666666667,0.4348714402771463,0.19260815280979432,0.4535001388888891,0.08958426033856672,True,False,0.0028434492672225753,0.0014554171164278262,0.0056353472222225864,D2
2024,F13,125,1.4950833333333333,1.441295360266919,0.30525453065601443,1.464351527777775,0.11277827262967781,False,False,-0.050646207879866456,0.015156816554502406,0.032529305555555554,D2
2024,F13,126,0.3818333333333333,0.5553304155430552,0.8070382032490413,0.5330232638888891,0.18337554853917518,True,False,0.030391244191241062,0.00238430911438281,-0.0008553472222221359,D2
2024,F13,128,0.7817083333333333,0.7579019426484908,0.0922082948286651,0.7633024305555566,0.06198396796372198,True,False,-0.047035263172513914,0.021308401393815957,0.049110694444444825,D2
2024,F13,129,0.7205833333333334,0.6881103952660154,0.03326720434472643,0.649698958333334,0.03723081404379444,True,False,-0.007814270729327027,0.005246868216505773,0.009923194444444783,D2
2024,F13,130,0.773125,1.0255243267860104,1.5419945027292588,0.973784444444445,0.2534753852883006,True,False,0.030401199136485424,0.002352354170920723,0.007486041666667664,D2
2024,F13,131,0.73775,0.7644273794979582,0.035595644429994244,0.7395995138888883,0.03851171057288627,True,False,0.013254773351987527,0.011048063387580576,0.023031527777777505,D2
2024,F13,132,0.8696666666666667,1.273639294600221,4.219486760157571,1.3259065972222224,0.41929935408953206,True,False,0.4969817170309514,0.025769417354850166,0.053650694444443925,D2
2024,F13,133,0.9788333333333333,1.2375342332725097,1.6185186330722674,1.368197638888887,0.2596888068015469,True,False,0.022286631450804784,0.001804133611147174,0.00320486111111129,D2
2024,F13,134,0.7533333333333333,0.7390792736977647,0.008344070798069097,0.7555246527777785,0.01864590079846539,True,False,-0.006451275253045299,0.007707619014420408,0.016320486111111365,D2
2024,F13,135,1.0125833333333334,1.0995901469599907,0.23588665904360454,1.1502631944444424,0.09913935037856321,False,False,-0.08189940306458557,-0.018082364650181537,-0.03861381944444586,D2
2024,F13,136,0.73775,0.7694943677566796,0.026833903182940027,0.8056032638888894,0.03343769279255325,True,False,0.020450730186740637,0.018638099385154927,0.0408778472222221,D2
2024,F13,137,1.075875,1.256941238637741,1.1200033506968503,1.447474374999998,0.21602501308652994,False,False,-0.4245184829486781,-0.039878202721622236,-0.07351333333333532,D2
2024,F13,138,0.7215416666666666,0.7558506193316182,0.03641832049034099,0.8073195138888885,0.038954204143209936,True,False,0.012630300687196973,0.0069085257912691045,0.017225347222222243,D2
2024,F13,139,1.3034583333333332,0.967729822043181,4.746931244287363,0.9562992361111116,0.4447345296301006,False,False,-0.23486660643057888,0.012266675496040769,0.028499930555555664,D2
2024,F13,140,0.714625,0.7890821445657911,0.14065101105278363,0.8417371527777777,0.07655363344653202,True,False,0.0307702519599537,0.009331679436590523,0.018845694444444505,D2
2024,F13,141,0.7079166666666666,0.7553365868510215,0.06817686139443507,0.7859709722222218,0.05329824160421675,True,False,0.020551541469392004,0.00985386324922266,0.017818958333333468,D2
2024,F13,142,0.4254583333333333,0.45590670869415356,0.08685089455207018,0.4582784722222224,0.06015635687940988,True,False,0.002437765296908645,0.0015962491144664304,0.0036638888888888554,D2
2024,F13,143,1.52975,1.2368533412705895,2.5317804002431483,1.2777109027777775,0.32479354982839664,False,False,0.046253186116144374,-0.0038353744853714122,-0.007967361111111515,D2
2024,F13,145,0.6891666666666666,0.7455120344095841,0.08002052004101173,0.7541368749999992,0.05774243097620809,True,False,0.010652222257554717,0.0038934905502981954,0.006567291666666364,D2
2024,F13,146,1.4956666666666667,1.3915460831116337,0.9966071875389083,1.4100799999999996,0.2037775735472082,False,False,-0.02815657663323734,0.00570081541690981,0.011972847222222693,D2
2024,F13,147,0.41225,0.45161706678359775,0.09348494647836919,0.4491350000000003,0.06241158629025049,True,False,0.0022555848387098565,2.8501625543075892e-05,0.0012734027777778212,D2
2024,F13,148,0.7375833333333333,0.8678079394878494,0.4111005904569262,0.9046743055555555,0.1308785363191329,True,False,0.03454392372482529,0.005561955824993969,0.012948819444444482,D2
2024,F13,149,0.7759166666666667,0.7498933569881876,0.02857348792456648,0.7049569444444438,0.034504521397302944,True,False,0.011943984917921712,-0.01453214231215283,-0.0316802777777776,D2
2024,F13,150,0.8217500000000001,0.8390390958771908,0.010564903584014901,0.8625795138888886,0.020981046589734768,True,False,0.0028979763197706874,0.0038824744993528615,0.00845895833333321,D2
2024,F13,151,1.676875,1.398739856822295,2.049177838905353,1.385534166666666,0.2922026864256893,False,False,-0.013848727784151915,0.002396718082325444,-0.002245347222221916,D2
2024,F13,152,0.43320833333333336,0.4409467608954356,0.003783069713076687,0.4210350694444445,0.01255499520953826,True,False,-1.901644757358687e-05,0.00022269528526397409,0.0006206944444444584,D2
2024,F13,153,1.6374166666666667,1.4911787862468915,0.7416926457088041,1.376753541666665,0.17579493803254642,False,False,0.13397180130365827,-0.02345678097595405,-0.03905624999999935,D2
2024,F13,154,0.412625,0.4878867093649888,0.18597695325356003,0.45991666666666625,0.08802863010917718,True,False,-0.032438515057241074,-0.00572540335364119,-0.01736534722222216,D2
2024,F13,155,0.807375,0.8090719879706098,0.015363849030247026,0.9235148611111108,0.02530139079695606,True,False,-0.02039732047511804,0.033188252851101385,0.07398986111111094,D2
2024,F13,156,0.7513333333333333,1.1480999010722484,3.8288655834681595,1.1207748611111124,0.39941966148130464,True,False,0.20341283409180555,0.011410731357366588,0.030390972222222867,D2
2024,F13,157,0.42483333333333334,0.44380244316115,0.023377529597672104,0.4133559722222224,0.031209994124259902,True,False,-0.0007914601648596441,-0.0008088439394281499,-0.002150763888889129,D2
2024,F13,158,0.4527083333333333,0.44167472596266283,0.020491735312426176,0.4384423611111114,0.029220237929976273,True,False,-0.0016255530345602592,0.0015665899246789516,0.004448541666666639,D2
2024,F13,159,0.5987083333333333,0.8652571168104605,1.7424851697793358,0.9471176388888893,0.2694504569318925,True,False,0.1509297384589332,0.011454515765973783,0.028526388888888587,D2
2024,F13,160,0.45808333333333334,0.7261226678377093,1.776949873115377,0.7457390277777788,0.27210214634668733,True,False,0.07511224811670303,0.005675436814866597,0.013290972222222086,D2
2024,F13,161,0.491625,0.45151566020189265,0.04743616477183376,0.458776736111111,0.04445792241539266,True,False,0.00044152386205405236,-0.0013238167381628418,-0.0001900694444442741,D2
2024,F13,162,0.585875,0.7501718318829536,0.6599360066731008,0.7692348611111122,0.16582319985870253,True,False,0.03867460435868142,0.005191710669272265,0.014505694444444273,D2
2024,F13,166,0.7276666666666668,0.7539568381852483,0.03497617395248216,0.8183607638888892,0.03817513040388236,True,False,-0.0015233602509672622,-0.0038569544956650326,-0.0120772916666666,D2
2024,F13,167,0.43249999999999994,0.43897812562813504,0.044608541031916096,0.4481341666666668,0.04311251801580569,True,False,-0.001240840602371368,-0.0013875614468996655,-0.0033217361111111954,D2
2024,F13,168,0.6692083333333333,0.7895176529645372,0.3581357976933768,0.7875293750000005,0.1221569682985408,True,False,0.007550031181125461,0.0018143184100765097,0.0074752777777779,D2
2024,F13,169,0.8197916666666667,0.7072875977806512,0.3123449711272241,0.716917430555556,0.11408055836542733,True,False,0.044689742648593045,-0.008399648996476272,-0.0197262499999995,D2
2024,F13,170,0.433875,0.4332141115303845,0.01389443230486039,0.41739249999999983,0.024061061476360158,True,False,0.0004284021256292653,0.0006344067071700765,0.000848888888888899,D2
2024,F13,171,0.8714583333333333,0.8155539003216289,0.09312202659896683,0.8543448611111116,0.06229032382018589,True,False,0.015013606093367896,-0.007823563708082126,-0.011660694444444508,D2
2024,F13,172,0.9783749999999999,0.8662948830639433,0.6475845942691805,1.0021087499999994,0.16426409050027496,True,False,0.029943107690317716,-0.006568006019474715,-0.020845972222222064,D2
2024,F13,173,0.42091666666666666,0.4609424267094773,0.05574716777194716,0.45900451388888897,0.048195421537366646,True,False,-0.002197752627484173,-0.0014119428307507453,-0.004054444444444194,D2
2024,F13,174,0.9472083333333333,0.8159506948630616,0.42037725837174034,0.7999878472222202,0.13234696482663483,True,False,0.0339195738634393,-0.005379829311948248,-0.009847500000000231,D2
2024,F13,175,1.2699166666666668,0.9470389685419747,5.938621660464568,0.9430465972222222,0.49743599506471553,False,False,-0.011466757221969992,0.0011581003933757161,0.00429888888888863,D2
2024,F13,176,0.4254166666666666,0.43365490163119486,0.012305159653556193,0.43601722222222267,0.02264321058429748,True,False,0.000495322106763894,0.0014807267945751157,0.0027621527777780264,D2
2024,F13,177,1.0051249999999998,0.9657541271263691,0.08119219982839915,1.0043352777777772,0.05816363405241541,False,False,-0.06142447608729504,0.024645703733878088,0.04795576388888956,D2
2024,F13,178,1.8420416666666668,1.0817740476268338,19.8792044972445,1.1429437500000008,0.9101099864220739,False,False,0.11444273714413811,-0.002279425997226303,-0.006450208333333318,D2
2024,F13,179,0.4014166666666667,0.3229701895903901,0.17019165864790092,0.30632111111111104,0.08420997037363928,True,True,0.0046280665928321585,-0.001267990368167049,-0.004505694444444319,D2
2024,F13,180,0.2919583333333333,0.31463090090613277,0.127833668033047,0.30909465277777776,0.0729822090287098,True,True,0.000672094408132401,0.0005634370043066661,0.002310833333333484,D2
2024,F13,181,0.38358333333333333,0.3123470161341125,0.13038636126850484,0.3049317361111112,0.07370729307778416,True,True,-0.004712834986978165,0.0013412229638921636,0.005638472222222413,D2
2024,F13,182,0.33537500000000003,0.3152975623024352,0.013332036500782303,0.2813746527777776,0.023569079762814867,True,True,-0.0009579707098772584,0.0016234066559219773,0.005595486111111159,D2
2024,F13,183,0.3569166666666666,0.3230436963544699,0.02918648030579728,0.31238423611111116,0.03487267334281797,True,True,-0.0020321579937934327,0.0011690510714664204,0.0047037500000001176,D2
2024,F13,195,0.55625,0.5156978672846019,0.04027597740710121,0.4543635416666665,0.04096542109262254,True,True,0.005039814653069012,-0.0027220117506845387,-0.010979027777777928,D2
2024,F13,196,0.5474166666666667,0.5097357635804743,0.035942147220520346,0.4469863888888892,0.038698701108973686,True,True,0.003087263124196604,-0.001861706232580973,-0.007433611111110849,D2
2024,F13,197,0.5479166666666667,0.5158557733990755,0.025606882540346543,0.47807347222222213,0.03266425323164615,True,True,0.0008136886978120789,-0.0005080600307781902,-0.0015050000000000896,D2
2024,F13,198,0.27608333333333335,0.26024121586648613,0.006973867028380895,0.257729861111111,0.01704634250650866,True,True,4.62664997519114e-05,-1.3674490738746492e-05,-0.0001665277777777585,D2
2024,F13,211,0.5396666666666666,0.511785670299906,0.04197038951625279,0.6217265277777779,0.041818252352816776,True,True,0.0013804760298038524,-0.0006642860038207354,-0.0032331249999996148,D2
2024,F13,212,0.29433333333333334,0.3207768988803212,0.023248513930667503,0.2869168749999999,0.031123754279400152,True,True,-0.001159601801710479,-0.0011375816841317499,-0.004811805555555715,D2
2024,F13,213,0.292,0.3169816747311982,0.018150901799442294,0.28353562500000007,0.027500683172909764,True,True,6.961481129095365e-05,-0.00043473073259797657,-0.003200486111110956,D2
2024,F13,214,0.9180416666666668,0.5246803860037224,3.9919122286844964,0.7584375694444434,0.40783535427325,True,True,-0.03901529857434305,0.002296883533949745,0.008833888888889141,D2
2024,F13,215,0.32666666666666666,0.2753228116702456,0.07144316328637891,0.22970062499999985,0.05456004463218288,True,True,0.0013601121888002915,-0.0006089529569307528,-0.0028665277777778775,D2
2024,F13,217,1.69325,1.1890619180274387,6.28145038538437,1.1545006250000003,0.5115927085006348,False,True,-0.01569912242098148,0.0009692173097757273,-9.541666666623705e-05,D2
2024,F13,218,0.38949999999999996,0.3510749648450489,0.05176782171245649,0.41084208333333305,0.04644343410378214,True,True,0.004755760674972791,-0.003255805506567122,-0.013950902777777774,D2
2024,F13,231,0.620875,1.0052206000100081,3.5550354198214404,0.9613038194444442,0.38487202525760866,True,True,0.1766600558920679,0.009657239680120333,0.019674999999999443,D2
2024,F13,232,0.738625,0.7314414121023707,0.059787474479821794,0.7592783333333338,0.04991136914564231,True,True,0.005175642683770583,-0.0009908579538486784,0.000500000000000167,D2
2024,F13,233,0.6336666666666667,1.1849870997289356,7.410537276340206,1.0298191666666658,0.555672913244991,True,True,-0.30991120059512856,-0.011554725421574652,-0.018790069444444946,D2
2024,F13,241,1.4315,0.979785786076728,5.200554087209395,0.9048458333333333,0.4654994668458008,False,True,0.5325714617176898,-0.025152469193588378,-0.054313055555555656,D2
2024,F13,242,0.43204166666666666,0.616734471081036,0.8665533100393986,0.4751838194444446,0.1900168095677545,True,True,0.011714711910001174,0.001260566307734634,0.004481875000000302,D2
2024,F13,243,1.7187916666666665,0.9739984396374637,13.543970906403375,0.9204340277777776,0.7512204211149619,False,True,0.7394654784918906,-0.02085469361724046,-0.047263541666666686,D2
2024,F13,244,0.44004166666666666,0.3534369394930497,0.20029984212546076,0.3498672222222224,0.09135549657917433,True,True,-8.224486929989117e-05,-0.00026343969054465344,0.0003936111111111362,D2
2024,F13,245,0.84025,0.7511581812573039,0.20558972470474055,0.7125621527777777,0.09255397630228639,True,True,0.012686151625209585,-0.00314190482102783,-0.013416041666666323,D2
2024,F47,6,0.24050000000000002,0.20466995357424056,0.034820952057272175,0.23003284722222275,0.03809032688736526,True,False,-0.0033729461872324465,0.001983963069453809,0.004264999999999852,D2
2024,F47,7,0.35720833333333335,0.20595209579944193,0.5546022232244465,0.2045199305555546,0.15201455840703307,True,False,-0.011965970747976451,0.0016111627464488465,0.003038611111111117,D2
2024,F47,8,0.20741666666666667,0.17258520003322145,0.03712739534979505,0.1965578472222228,0.03933160060614697,True,False,-0.002956066368252658,0.0014048367230019565,0.0020089583333332273,D2
2024,F47,9,0.174625,0.17910998276062104,0.003530318767561087,0.2158023611111112,0.01212833934696112,True,False,-0.00010674290921200381,-9.769553074426285e-05,-0.0003174999999999706,D2
2024,F47,10,0.146625,0.19958227533760944,0.06769769015691196,0.24216222222222228,0.05311061183860841,True,False,0.002189421163542385,0.0008765988767585331,0.0008996527777779539,D2
2024,F47,11,0.21845833333333334,0.2541613851820575,0.03128974322459104,0.25389180555555535,0.03610733029489479,True,False,0.00013286939655809613,9.128316187506647e-05,6.340277777788783e-05,D2
2024,F47,12,0.13158333333333336,0.20249547117492475,0.1229545853483684,0.22013756944444438,0.07157588785931113,True,False,-0.0017928911350540977,-0.0005204476954838722,-0.00042305555555571805,D2
2024,F47,14,0.11625,0.1468706465096525,0.02323504424400776,0.1391957638888888,0.031114736757689648,True,False,9.286683474013513e-05,4.6276432512537546e-05,-5.784722222221261e-05,D2
2024,F47,15,0.19104166666666667,0.23280952669301835,0.04215448391660165,0.24445548611111081,0.04190986554331094,True,False,-0.0009447319537598947,-0.00048078579682761524,-0.0012195833333333295,D2
2024,F47,16,0.19587500000000002,0.23200309454493917,0.032019244813358036,0.23870055555555558,0.03652581553581774,True,False,-0.00015200817756026025,-3.967501293611342e-05,-0.000775069444444304,D2
2024,F47,17,0.112375,0.2203068800354199,0.2818012292636165,0.25706187500000005,0.10835920766591098,True,False,-4.855050237279057e-05,-0.00011387508628418752,0.0011179166666667184,D2
2024,F47,18,0.2031666666666667,0.23927413531472538,0.03185017262161285,0.24727187499999978,0.03642925371045275,True,False,-2.338936795651808e-05,-1.9637233350855432e-05,-0.0006184722222222772,D2
2024,F47,19,0.12375000000000001,0.25578198557912873,0.4191543176109631,0.31711520833333295,0.13215431598623684,True,False,-0.008066607515607171,-0.0012717951775803038,-0.0025596527777780875,D2
2024,F47,20,0.2107083333333333,0.23621650461884844,0.01627934413239985,0.2419088194444443,0.02604430850525044,True,False,-0.001184948069533457,-0.0009460483580629175,-0.0019254166666664851,D2
2024,F47,21,0.14804166666666665,0.27848467346376954,0.4159733726539426,0.2658447222222215,0.13165190412820066,True,False,-0.0003541323659194129,-5.402289751421652e-05,-9.861111111103549e-05,D2
2024,F47,22,0.21754166666666666,0.23674141983958788,0.009254481549489305,0.22864937499999993,0.019636786852624023,True,False,-7.675897040268671e-05,-7.527786092653699e-05,-0.00018555555555535563,D2
2024,F47,23,0.181625,0.29804677016826514,0.3308102851257559,0.3039163194444437,0.11740426687407843,True,False,-0.004200028296194203,-0.0009947871734881097,-0.004431875000000085,D2
2024,F47,24,0.22620833333333334,0.2856986191473738,0.08578924547619096,0.3046137499999999,0.05978755635448977,True,False,-0.0028396656770226653,-0.0009993470477893118,-0.0022731944444444596,D2
2024,F47,25,0.23175,0.2367258437377143,0.0009032221078082478,0.23598006944444427,0.006134676396682251,True,False,-0.00015126176413848814,-0.0005267422946488021,-0.0012482638888887954,D2
2024,F47,26,0.25654166666666667,0.19961702959670047,0.08111986404726604,0.20744222222222244,0.05813771869709674,True,False,0.0009698250459352492,-0.00044470640799129657,-0.0006225694444444707,D2
2024,F47,27,0.24479166666666666,0.22417720125536342,0.012793722708328924,0.2163635416666663,0.023088347266829325,True,False,0.0005900808651208515,-0.0005899034518055679,-0.0012039583333333104,D2
2024,F47,28,0.37166666666666665,0.29626919056805795,0.14269745844881485,0.3263178472222223,0.07710854320610191,True,False,-0.0010496503806090296,0.0002449236263143417,0.0008015972222222834,D2
2024,F47,29,0.2630416666666667,0.25633022031148067,0.003977740484568945,0.2727425000000001,0.012873973235059928,True,False,-3.207938902853244e-05,-8.656105100757205e-06,-0.00011930555555550448,D2
2024,F47,30,0.28824999999999995,0.23557291537152178,0.07373095645726929,0.23903041666666647,0.05542673710150683,True,False,-0.008186636330509742,0.0027374075543675214,0.003993819444444352,D2
2024,F47,31,0.27995833333333336,0.30087660752528655,0.010823486788660108,0.2971904861111117,0.021236257113582215,True,False,0.0002436300183154827,0.000203484523026487,-0.0001261805555556883,D2
2024,F47,32,0.29220833333333335,0.25606951332062017,0.03324388789528703,0.2598964583333334,0.03721776451692067,True,False,-0.00036427435597735647,0.00018422875109769254,0.0006127083333332117,D2
2024,F47,33,0.2754166666666667,0.21935045101884565,0.07902469351606176,0.22157770833333326,0.0573820142829549,True,False,0.00456177509314229,-0.001806453148947118,-0.0043709027777777965,D2
2024,F47,35,0.11945833333333333,0.1780075764047333,0.08670988497608974,0.18727673611111087,0.06010750264321201,True,False,0.000737518492128636,0.00037247597458511805,0.0001534027777777558,D2
2024,F47,36,0.298875,0.2528948100435861,0.0715995106137559,0.25268687500000003,0.054619712029997276,True,False,-2.8108159522838294e-06,-7.284140669583383e-05,-1.8750000000011813e-05,D2
2024,F47,37,0.13954166666666667,0.23901018712944064,0.289862898613337,0.23931166666666656,0.10989822917388481,True,False,0.0002389684028123451,-0.00010167671451646876,-0.0007821527777777115,D2
2024,F47,38,0.30158333333333337,0.2507468536449222,0.07251009324959658,0.24618944444444446,0.05496593386271043,True,False,8.649738875553259e-05,-7.896606849344678e-05,-0.00018770833333336956,D2
2024,F47,39,0.16545833333333335,0.2404860274482705,0.22839577594679705,0.23769395833333337,0.09755250209220612,True,False,-0.0019485588014414579,-0.0007567969421178322,-0.001929999999999904,D2
2024,F47,40,0.29683333333333334,0.25004370416788235,0.06560650490198394,0.24848638888888877,0.052283882515704566,True,False,0.0016096025510055068,-0.0007252344572810654,-0.0016031250000001773,D2
2024,F47,42,0.21241666666666667,0.18632877754562496,0.021700558711802518,0.1984092361111108,0.030069751351235095,True,False,0.0010140409359228955,-0.001343499495772671,-0.0037336805555555908,D2
2024,F47,43,0.250375,0.26285245736839996,0.004685765479717667,0.2666683333333334,0.013972838949961796,True,False,-0.00034723451146092144,-0.0005187350696947979,-0.0012932638888888959,D2
2024,F47,44,0.20350000000000001,0.16740754934631488,0.03914044302036039,0.17296687499999944,0.04038380606771749,True,False,-0.0010776473436941367,0.0003420381733511557,0.0002028472222221911,D2
2024,F47,45,0.25329166666666664,0.2659650862807775,0.006735193297695834,0.2760828472222223,0.016752105959271502,True,False,0.0002695514582403578,0.00047473230145966827,0.001083333333333436,D2
2024,F47,46,0.19858333333333333,0.2192059631895853,0.011063581801460689,0.2173389583333328,0.02147050476958709,True,False,3.643994022231763e-05,1.312453391513757e-05,0.00024569444444441646,D2
2024,F47,47,0.19670833333333335,0.21054566401145944,0.008556152215814053,0.21610187499999958,0.01888137554114068,True,False,0.003758191507234483,0.006528481608909925,0.014158819444444443,D2
2024,F47,48,0.24883333333333332,0.24146991643873075,0.0020157322660791046,0.2589943055555555,0.009164542782919543,True,False,0.00012042290317826766,-0.0003280041803281897,-0.00048312499999991765,D2
2024,F47,49,0.203375,0.2141232362507182,0.0034308785780381513,0.210806180555555,0.0119563068748223,True,False,0.0004710190520341743,0.0010180962109995195,0.00197041666666678,D2
2024,F47,50,0.1525,0.1688958702978912,0.018724090532927482,0.16611944444444468,0.027931531266151135,True,False,0.0008185595790875522,0.0007637667714187057,0.0015796527777777736,D2
2024,F47,51,0.22654166666666667,0.23799894420008638,0.004933567270659194,0.25704590277777767,0.014337548707646404,True,False,0.0009246820369304513,0.001200237947365318,0.0016125000000001277,D2
2024,F47,52,0.16025,0.17923743286395358,0.01620364699829828,0.18411430555555552,0.025983686387085807,True,False,-0.0005898970648319478,-0.0007271886658607452,-0.002056805555555513,D2
2024,F47,53,0.239375,0.26387503144514707,0.017821998397999885,0.2855681944444445,0.02725038103556221,True,False,0.0006525732547326864,0.0006513359546596598,0.0015045138888890586,D2
2024,F47,54,0.16,0.18708862815305624,0.026726077725458694,0.2000799999999995,0.03337044458640179,True,False,9.18698820244479e-05,0.00024102745133625092,0.0007140277777777371,D2
2024,F47,55,0.250625,0.2834352733418216,0.03756953524025878,0.28663743055555563,0.03956510206833099,True,False,0.0013499881573473607,0.0003847666834234653,-8.118055555544901e-05,D2
2024,F47,57,0.26466666666666666,0.25623227328525144,0.00486225466298469,0.25465729166666634,0.014233549953930282,True,False,-0.0004058419825034741,0.001262231427458238,0.003349583333333239,D2
2024,F47,58,0.16016666666666665,0.15936452847585936,0.009224797561571903,0.16644805555555575,0.01960526880880484,True,False,4.1442530502169145e-05,-0.00011814858107048187,-0.00010229166666667067,D2
2024,F47,59,0.31383333333333335,0.3694362089276521,0.07617504661155701,0.3888595833333331,0.05633791152928499,True,False,-0.0062953645238628675,-0.0023655166399624283,-0.005722916666666744,D2
2024,F47,60,0.14991666666666667,0.15789979830656542,0.020280548173743605,0.1618400694444446,0.029069276574635466,True,False,0.00021893063922400965,0.00028241439362147736,0.0003013194444444478,D2
2024,F47,61,0.33525,0.3283739148950752,0.004131206381447348,0.32130784722222316,0.013119969482699754,True,False,-8.311312367305108e-05,-5.398277176782429e-05,-0.00032791666666665,D2
2024,F47,62,0.15916666666666668,0.16341441550985333,0.006502819406287797,0.1592535416666668,0.016460583482833312,True,False,0.00014563607010632112,0.00019678287766122793,0.0005227777777778164,D2
2024,F47,63,0.344875,0.3855518751245484,0.04753615555130488,0.3913974305555558,0.04450475421762305,True,False,0.002226707401965504,0.001186957166046887,0.002387638888888932,D2
2024,F47,64,0.3558333333333334,0.395038919286699,0.03871605454862898,0.3950459027777775,0.04016427441802239,True,False,0.0035913735165373703,0.0019772120566128315,0.004108402777777798,D2
2024,F47,65,0.15483333333333335,0.19284569246778638,0.05392357848773509,0.22003826388888884,0.04740058829088828,True,False,-0.001662239289907462,-0.0011333233374163365,-0.004667916666666827,D2
2024,F47,66,0.379125,0.40004080876975473,0.015154718410632489,0.4080016666666661,0.025128601243265023,True,False,0.001394262776569023,0.0012009597059455257,0.0019992361111111356,D2
2024,F47,67,0.16879166666666667,0.16519553378389334,0.025188439489745255,0.1708085416666667,0.032396270033334375,True,False,-0.0007393930087316591,0.0006785008952622795,0.0021959027777777307,D2
2024,F47,68,0.208875,0.20078960627968923,0.003324499872894133,0.20038659722222205,0.011769487161183173,True,False,-0.0007168790548374633,0.001614811584102288,0.003610833333333424,D2
2024,F47,69,0.388125,0.43660783647037277,0.07522943400758884,0.4517449999999997,0.05598713915102469,True,False,0.003750049779616016,0.0013273527588649747,0.002251805555555264,D2
2024,F47,70,0.19441666666666668,0.21239900636486678,0.009365409509336717,0.2154065972222218,0.01975412352452933,True,False,-8.527145971480403e-05,-0.00024033886513027958,-0.0006097222222221921,D2
2024,F47,71,0.40004166666666663,0.43517711128317443,0.032916218109636845,0.4326483333333333,0.03703389107157841,True,False,-0.002254299549501522,-0.000887104860479937,-0.0005876388888890749,D2
2024,F47,72,0.18212499999999998,0.19014428377094483,0.0021272103428371593,0.18962236111111072,0.009414550668241243,True,False,0.00023933375515341245,0.0006232253708015889,0.0011861805555555271,D2
2024,F47,73,0.4183333333333334,0.41898668951451956,0.0030290762265347596,0.41965493055555564,0.011234389589067504,True,False,-0.00012585680796570664,-0.0011350445252860664,-0.002248472222222464,D2
2024,F47,74,0.21416666666666664,0.29530059160184,0.15970243373377035,0.3039875694444446,0.08157369718383758,True,False,0.03601698254552904,0.009891976887703269,0.02095673611111104,D2
2024,F47,75,0.194125,0.20593121301568817,0.010248202258283778,0.2090903472222214,0.020664182234690312,True,False,0.00017356839351710673,0.00011446009434259996,-0.00025097222222220106,D2
2024,F47,76,0.20341666666666666,0.20087867742976664,0.00175166178058379,0.20699298611111072,0.008543179005752166,True,False,-0.00017306902486474165,-1.1460752150138642e-05,-0.0010782638888888751,D2
2024,F47,77,0.25829166666666664,0.2899717946720754,0.02533658615130474,0.3114430555555554,0.03249140024125919,True,False,0.001982048835218766,0.0012342793685962694,0.003049999999999997,D2
2024,F47,78,0.256375,0.27805129933402895,0.02320868876446956,0.3044229861111108,0.03109708504859523,True,False,-0.0010979076317774276,-0.0010589564211843094,-0.0022515277777778175,D2
2024,F47,79,0.18629166666666666,0.20722751916018958,0.012518403735099527,0.20687756944444433,0.022838567284949093,True,False,0.001606201553744557,0.0019318153277460282,0.003184305555555461,D2
2024,F47,80,0.24941666666666665,0.32260623154761076,0.13039093693616455,0.33702048611111085,0.07370858637684977,True,False,-0.0008712875504718054,-0.00024693487817695203,-0.00042513888888906504,D2
2024,F47,81,0.18570833333333334,0.2084255231368626,0.014806995496435847,0.21605701388888887,0.024838642186819047,True,False,-0.0010764300008660813,-0.0009239811797887576,-0.0017939583333332898,D2
2024,F47,83,0.27391666666666664,0.3180184308345545,0.04693325556467288,0.33363291666666645,0.04422162723368175,True,False,-0.003510924435107858,-0.0016182474858831286,-0.0025454166666668,D2
2024,F47,85,0.1935416666666667,0.20130315412313346,0.0019066179024287704,0.20625916666666644,0.008913047324074901,True,False,9.281398608021181e-05,0.00024867351974605656,0.00032298611111103437,D2
2024,F47,86,0.318125,0.2785615189145347,0.04110907917721812,0.28608881944444436,0.04138693391700761,True,False,-0.0015671147198231816,0.0008231078091117117,0.0017555555555555102,D2
2024,F47,87,0.19670833333333335,0.21987935906801806,0.014394390132242061,0.2269536805555554,0.02449012567362785,True,False,-0.0004757341500704476,-0.000270584683865982,-4.9999999999911227e-05,D2
2024,F47,88,0.19945833333333332,0.21890617982761543,0.009869305871767677,0.22354569444444405,0.020278586686214597,True,False,-0.0005379954230984169,-0.0005979432094222747,-0.0014846527777777896,D2
2024,F47,89,0.3682083333333333,0.36864650070120203,0.013210177767753363,0.3939592361111113,0.023461118337717624,True,False,-0.0005406044447168901,0.0010736000054486494,0.002481805555555494,D2
2024,F47,90,0.20099999999999998,0.21165401253184893,0.00652031078144849,0.21584895833333262,0.016482706570635997,True,False,0.00017739559933148494,0.00045004054389419235,0.0010932638888888901,D2
2024,F47,91,0.3677916666666667,0.33372453968169996,0.02824927844722696,0.32125916666666654,0.03430820993048831,True,False,-0.0038463522974614903,0.0023140215878590387,0.005386736111111179,D2
2024,F47,92,0.20695833333333333,0.21778759928145786,0.004000699681465457,0.2255969444444443,0.012911073544096196,True,False,0.00026472627239634535,0.0007196057627460173,0.0018392361111111144,D2
2024,F47,93,0.44687499999999997,0.3692214803994837,0.14995769722289184,0.36485138888888885,0.07904579295754557,True,False,0.007714899119477231,-0.0020880705114357245,-0.0044986111111110505,D2
2024,F47,95,0.6083333333333333,0.585356757377339,0.014291094144907718,0.5974097916666664,0.02440209532064453,True,False,0.008440067649084358,-0.009804783669451811,-0.023735208333333313,D2
2024,F47,96,0.2085,0.28570604581101217,0.15056296418064882,0.28905895833333295,0.07920515665574034,True,False,-0.006984496601397855,-0.0017048597824793066,-0.004294236111111127,D2
2024,F47,97,0.6187083333333333,0.6035833952355917,0.013391148794252265,0.632040416666666,0.023621272893175005,True,False,-0.0016718512801879113,0.0007644198538268032,0.003422499999999662,D2
2024,F47,98,0.218,0.2608678846534575,0.04473449698184082,0.28181173611111116,0.043173341013215176,True,False,0.009769477059108071,0.005092836441613124,0.00947763888888864,D2
2024,F47,99,0.6459583333333333,0.580808249210403,0.10793363485283705,0.6139379861111114,0.0670614254660224,True,False,-0.0049700197230448245,0.001017382149624324,0.005618541666666865,D2
2024,F47,100,0.22024999999999997,0.2695346851396118,0.06204701100973991,0.2966067361111111,0.050845768018644676,True,False,-0.0035251978697457623,-0.0011515397538300887,-0.0015755555555558298,D2
2024,F47,101,0.6589166666666667,0.6207082580603328,0.036685199678415534,0.6337722916666675,0.039096674879082076,True,False,-0.004678871332079809,0.0024578221623896557,0.006494513888888664,D2
2024,F47,102,0.21483333333333332,0.28225769531984374,0.11772103321805007,0.2867441666666668,0.07003601252749964,True,False,-0.00010588725929533416,-0.00019769540599101632,-0.0006393750000001086,D2
2024,F47,103,0.6706249999999999,0.6553799984302959,0.014738123406759136,0.6915353472222222,0.024780808608308783,True,False,0.0059434614067719604,-0.013730676149440568,-0.02774118055555519,D2
2024,F47,104,0.21458333333333335,0.3030424260282657,0.19065044705004042,0.30248472222222217,0.08912782184640786,True,False,-0.005100924581243005,-0.0010823867502104956,-0.002829652777777858,D2
2024,F47,105,0.6841666666666667,0.5641497903515089,0.44045033776741205,0.5909817361111113,0.1354699132906473,True,False,0.00877657771839424,-0.002093932911332863,-0.005727569444444303,D2
2024,F47,107,0.22895833333333335,0.31083509905507106,0.16737292260827547,0.32670111111111083,0.08350971066495687,True,False,-0.00978105510864341,-0.002522478988286392,-0.00594979166666687,D2
2024,F47,108,0.726625,0.558274640573783,0.7145934920084144,0.5975637499999996,0.17255355352377977,True,False,-0.008204596324894231,0.0008824064960202271,0.0007161805555557788,D2
2024,F47,109,0.231,0.2963742261089649,0.11318607710989967,0.31069826388888827,0.06867376898238381,True,False,-0.004063258616929771,-0.00048116319929925044,-0.004142361111111326,D2
2024,F47,110,0.7380416666666667,0.524289443595157,1.1662010640115674,0.5228601388888885,0.22043527621613102,True,False,0.04528755782518634,-0.005209324651904934,-0.013969166666666588,D2
2024,F47,111,0.236,0.504994938440185,1.7392360258487567,0.5770995833333331,0.2691991228509079,True,False,0.08597254628718431,0.006746681461147985,0.01168388888888916,D2
2024,F47,112,0.7764166666666666,0.6314393337782681,0.514636174173293,0.7371649305555549,0.14643487946485703,True,False,-0.18834059601446196,0.024945187627761434,0.04428472222222202,D2
2024,F47,113,0.2504166666666667,0.28629824152944655,0.03204747488483291,0.307329930555556,0.03654191365452423,True,False,0.0002619801826878876,0.00021608136588641136,0.0007543749999999183,D2
2024,F47,114,0.7670833333333333,0.8675142544181349,0.5988958534438336,0.9260216666666662,0.1579683319323625,True,False,-0.08791772441230239,-0.015731562045805503,-0.02928784722222222,D2
2024,F47,116,0.819,0.823287908888546,0.13987065050121592,0.7882395833333331,0.07634097046071656,True,False,-0.04354956340376759,-0.021148366732888446,-0.035347291666666614,D2
2024,F47,117,0.9079166666666666,0.8311961211130922,0.9358710095297771,0.7958667361111114,0.19747056843254907,True,False,0.050244318881211725,-0.03939620713377723,-0.07431631944444417,D2
2024,F47,118,0.28562499999999996,0.3752133589172087,0.1943907700725192,0.3533325000000003,0.08999786341735175,True,False,0.00169403369908247,0.00043678965655946644,0.0014017361111110516,D2
2024,F47,119,0.921875,0.5979960719291316,3.000214913160769,0.6377597222222222,0.3535660542459245,True,False,0.06407348599549056,-0.004145773621105242,-0.008971249999999986,D2
2024,F47,120,0.4049583333333333,0.5986329323894791,0.9285786274022947,0.5711425000000001,0.19669971057874558,True,False,0.13538626221742645,0.014809060304762589,0.028359791666666356,D2
2024,F47,121,0.5975416666666666,0.6687848402447539,0.14253071374255755,0.6832061111111108,0.07706347863465048,True,False,0.0394364579196803,0.010454482546982113,0.012752916666666447,D2
2024,F47,122,0.5997916666666666,0.5435909143526035,0.08782954104583361,0.5286733333333329,0.06049433205055716,True,False,-0.01115862434898307,0.004920378000428105,0.013591527777777501,D2
2024,F47,123,0.44,0.654762590302566,1.1286450686387632,0.630484513888889,0.21685681418841435,True,False,-0.025246576951129196,-0.002675563593349195,-0.0016874305555556468,D2
2024,F47,124,0.47941666666666666,0.6657530535471513,0.840799777045189,0.6426495138888895,0.18717191040204068,True,False,-0.0033163062261687415,-0.0003424119705421891,0.003146597222222103,D2
2024,F47,125,0.671625,0.5966132399277438,0.13934628533115154,0.581175416666667,0.07619773764444265,True,False,0.010556636290315391,-0.002863461235552478,-0.0034437499999998566,D2
2024,F47,126,0.496875,0.6359411512795753,0.4921496045043902,0.7287287500000005,0.1431999773778483,True,False,-0.10110020134583847,-0.013734905834770106,-0.03228305555555555,D2
2024,F47,127,0.688125,0.6852133770525753,0.01593076435705615,0.6789123611111111,0.02576396414006728,True,False,0.0010076853616384166,-0.0005213677398596683,-0.0021403472222223385,D2
2024,F47,128,0.48029166666666673,0.6541868665376099,0.7463350155783657,0.6478184722222227,0.17634424378404087,True,False,-0.05785869584105097,-0.006786772874057934,-0.014939166666666837,D2
2024,F47,129,0.71075,0.6710203225719114,0.04250334722675906,0.6595206944444444,0.04208292766805752,True,False,0.011154299722022573,-0.0060051806430075905,-0.014402361111111484,D2
2024,F47,130,0.4907916666666667,1.061804641080305,8.03445398861651,0.8713343750000005,0.5785921846969199,True,False,-0.4339120672047976,-0.015730866318996117,-0.033676388888888686,D2
2024,F47,131,0.70275,0.6484403011787173,0.08232330177745187,0.6293700000000001,0.058567376363129794,True,False,0.009181165485888557,-0.003937117035997306,-0.008937291666666791,D2
2024,F47,132,2.7121666666666666,1.1752160307578607,61.46458265773909,1.1379815972222214,1.6003200546783745,False,False,5.136698049972992,-0.07068500160036773,-0.15714597222222237,D2
2024,F47,133,0.46658333333333335,0.47369598804499286,0.0033329375210062544,0.4782970138888887,0.011784413295051813,True,False,-0.0007570636344128192,-0.0015783040833370898,-0.004341874999999995,D2
2024,F47,135,0.49066666666666664,0.4467997827198487,0.05994646767289144,0.4404259722222219,0.04997768988629303,True,False,-0.00478592436133804,0.0018598257315297628,0.004708749999999817,D2
2024,F47,136,1.65275,1.8495574110900639,1.1381774882483895,1.8968889583333324,0.21777066379645713,False,False,-0.45060391647748266,-0.04206766168213116,-0.1028821527777779,D2
2024,F47,137,0.511375,0.41412524719192567,0.22915461110368138,0.4104884722222231,0.09771442470785326,True,False,-0.02716932165864397,0.00565535582755522,0.012408819444444608,D2
2024,F47,138,1.7102916666666665,1.5597850133357758,0.8777339108031676,1.449926805555554,0.19123871544084717,False,False,0.19853850978108645,-0.06133835349180994,-0.15672701388889032,D2
2024,F47,139,1.684375,1.602198804876987,0.3260680162823204,1.5342977083333327,0.11655971579021923,False,False,0.19224142393537272,-0.08819550455683434,-0.20442861111111243,D2
2024,F47,140,0.4033333333333333,0.45155306570920994,0.05663772108107269,0.45468243055555574,0.048578853887722546,True,False,0.007575725252241469,0.003386817221213423,0.007092638888888891,D2
2024,F47,141,1.8655,1.714200101807273,1.8540273106531768,1.64575659722222,0.2779408892982146,False,False,0.5970501330428268,-0.06170643608602133,-0.1553965972222242,D2
2024,F47,144,0.409875,0.44731635269805214,0.03706298172520102,0.4415850694444445,0.03929746690585424,True,False,0.0028633475513656706,0.001557761748203601,0.0027031250000001394,D2
2024,F47,145,2.141625,1.5846593103483502,10.280264204948985,1.462617361111106,0.654480207395819,False,False,0.7602092013514703,-0.024238859143065117,-0.06086222222222348,D2
2024,F47,146,0.7000000000000001,0.7755562853551735,0.1465112977663209,0.7671497222222218,0.07813217907450193,True,False,-0.02611235170426021,-0.0072810097758910786,-0.019145902777776946,D2
2024,F47,147,1.7504583333333334,1.433894811865766,2.497533305454127,1.3702071527777786,0.3225893484404829,False,False,-0.08116266858705679,0.0045258358530195775,0.004291805555555639,D2
2024,F47,148,0.40570833333333334,0.4413147331832041,0.034244476255187714,0.4460367361111113,0.03777371013415929,True,False,0.0060920796397898255,0.0038954536281617935,0.008980208333333684,D2
2024,F47,149,0.6973333333333334,0.7750816103795867,0.1526914675061487,0.7606311111111106,0.07976305209445575,True,False,0.007476811307893488,0.0018804797887750357,0.0032358333333331046,D2
2024,F47,150,0.4267916666666667,0.5353054285089289,0.383312549450827,0.5730642361111112,0.12637783123284635,True,False,0.023113001216728046,0.004496757506128213,0.008494791666666668,D2
2024,F47,151,1.3133333333333332,1.36741980597985,1.7046513980070097,1.2752218750000024,0.26650917729719065,False,False,0.005617986787065377,0.006076701795178385,0.01266208333333374,D2
2024,F47,152,0.4427083333333333,0.6516505383375525,1.073063294499416,0.716585694444444,0.21144968811550027,True,False,-0.026071102611489483,-0.002740260834886543,-0.008412916666666881,D2
2024,F47,153,0.8378333333333333,0.796572794452752,0.04717885562788232,0.8097663194444445,0.04433718136239338,True,False,-0.001870329976332255,0.0009343439857867342,0.002053194444443962,D2
2024,F47,154,1.6209999999999998,1.3889411849064501,1.6702789450721822,1.3282720833333357,0.26380855946059495,False,False,0.03735441094501457,-0.00285483943924536,-0.006879722222222107,D2
2024,F47,155,0.41566666666666663,0.4889921916082503,0.13396303483712216,0.5114182638888888,0.07471139885059992,True,False,0.02932069255816376,0.00898675105846003,0.019166527777777886,D2
2024,F47,156,0.83225,0.7691757423791845,0.10024541718505167,0.788248125000001,0.06462888195466858,True,False,-0.0006972119656456638,-6.817436217654294e-05,0.001288888888889006,D2
2024,F47,157,1.2108333333333332,0.9374577569352177,4.779828273296376,0.9733726388888898,0.4462729113304425,False,False,0.08704792506978265,-0.004653672060793701,-0.009259444444444265,D2
2024,F47,158,0.410125,0.4584863514594606,0.0643534076997888,0.4346780555555558,0.05178215896900398,True,False,-0.0011199455053722412,-0.00014996157455809955,-0.0012837499999998059,D2
2024,F47,159,0.721,0.7861725506961964,0.16096833549665743,0.7370518055555558,0.08189636120748829,True,False,-0.012168970942833146,-0.002394232794906026,-0.007192847222222465,D2
2024,F47,160,0.6937083333333334,0.7692821142428228,0.1641030675051211,0.7278506944444453,0.08268994988941146,True,False,-0.017579718096946445,-0.004977176516561599,-0.009231041666666773,D2
2024,F47,161,0.646,1.0799095518328825,4.5464386231686635,1.2716748611111115,0.4352412464737547,True,False,-1.3346370685210012,-0.060168364757530846,-0.12463986111111125,D2
2024,F47,163,0.56975,0.7476212020976134,0.764460257746739,0.8103574305555558,0.17847271707307943,True,False,-0.011428012285036537,-0.0013071814658759395,-0.002499236111111358,D2
2024,F47,165,0.487875,0.44598390464278004,0.0460082755538155,0.4504763194444454,0.043783689673313045,True,False,0.002250469495951868,-0.0010876382119304195,-0.0020011805555552042,D2
2024,F47,166,0.6535,0.7110115222566727,0.08735726866298293,0.8122789583333337,0.060331469352991524,True,False,0.005866036531114283,0.002296295365121992,0.0026305555555553584,D2
2024,F47,167,0.459625,0.44623764552728024,0.010311315776626006,0.43315486111111107,0.020727714716278225,True,False,0.0001518965629982421,0.0003232757338239578,0.00039423611111111256,D2
2024,F47,168,0.782625,0.711381660799539,0.13103813888454485,0.7466522916666669,0.07389128807594778,True,False,0.005834621548458541,-0.001848610067062273,-0.00290486111111099,D2
2024,F47,169,0.4135416666666667,0.4333850900117915,0.021857154146817926,0.41884499999999975,0.030178050899907594,True,False,0.0008716078821801448,0.0006403417834804359,0.0005536111111109632,D2
2024,F47,170,0.7702083333333333,0.7571573142267413,0.3444570467049363,0.7693115972222223,0.1198014062773848,True,False,-0.015753189754556696,0.012700610733330286,0.02737736111111111,D2
2024,F47,171,0.8664999999999999,0.8756764560857578,0.032428153748086,0.8491765277777784,0.03675830617475344,True,False,0.0007296473791627706,0.001695019729541336,0.004104513888889327,D2
2024,F47,173,0.9253333333333332,0.797448072280393,0.42495996867920716,0.8301047916666627,0.1330663945616384,True,False,0.009374114902060693,-0.0011367838767000205,-0.0042181250000000725,D2
2024,F47,174,1.0531666666666666,0.9092429516595241,1.340118983859919,0.8651723611111124,0.2363012716727595,False,False,0.014507828299993086,5.2957148528709475e-05,-0.0026877083333336493,D2
2024,F47,175,0.40491666666666665,0.47264726919490396,0.11308757156888226,0.462498680555556,0.06864387917872523,True,False,0.002598030812945906,0.0007577796239717771,0.002423333333333666,D2
2024,F47,176,0.9803333333333333,0.8889045508707395,0.21060801421718936,0.8584779861111099,0.09367675232263459,True,False,0.022019206374321892,-0.005844248897123427,-0.015243263888889302,D2
2024,F47,177,1.4867916666666667,1.0145431870770725,9.043138250685617,1.053215902777776,0.6138382743947307,False,False,0.07335328611114811,-0.0033408939241450497,-0.007662361111111071,D2
2024,F47,178,0.30579166666666663,0.6990161896851349,3.7202910433980456,0.7898653472222207,0.39371579446124827,True,False,0.44293731336344067,0.02414751141914262,0.056002777777776847,D2
2024,F47,179,0.248,0.22803826571827468,0.026623398514780093,0.22645333333333315,0.03330627975996674,True,True,0.00010326734419316419,-0.00026330558943232774,-0.001188958333333212,D2
2024,F47,180,0.20129166666666667,0.21592933268642292,0.0060459594216239485,0.22700902777777757,0.015871829633063664,True,True,-0.00024290804653987873,-0.0002110793619091722,-0.001050277777777664,D2
2024,F47,191,0.29050000000000004,0.3481793628275389,0.14575964270149616,0.4904592361111109,0.0779314984194175,True,True,0.0025903480854517213,0.0008424056607223007,0.0031320138888886184,D2
2024,F47,192,0.14441666666666667,0.16401421967296054,0.024166083401945038,0.1521377083333334,0.03173200500673901,True,True,-1.9704886421161028e-05,0.0001826371703612939,0.000633749999999933,D2
2024,F47,193,0.381,0.3584137751995986,0.02076531446178806,0.3924334027777783,0.029414646622181878,True,True,0.0019497842412292306,-0.001627612529102207,-0.007000069444444312,D2
2024,F47,194,0.253375,0.23306082579285223,0.01585019175438725,0.25622583333333326,0.02569872869292958,True,True,-0.00022053671858861257,0.0002543422125658723,0.0009000694444444846,D2
2024,F47,195,0.19183333333333333,0.2009802931033334,0.0037199124167424436,0.21162416666666659,0.012449753037614916,True,True,9.961189013880717e-05,0.0002545109609617957,0.0007194444444444392,D2
2024,F47,196,0.18425,0.2190242749345294,0.05590387560311171,0.2581677083333333,0.04826311376330432,True,True,0.0001616105734521603,0.0009885774575574269,0.0026074999999999293,D2
2024,F47,209,0.6549583333333334,0.4939906740647515,0.7229586402637697,0.42760729166666694,0.1735605850349009,True,True,0.002133468454546761,-0.000597904472624311,-0.001880555555555441,D2
2024,F47,210,0.51825,0.51117288524007,0.017395733371980297,0.5163193055555558,0.02692252261272172,True,True,0.003298296513326339,-0.0026147159320655255,-0.007898819444444038,D2
2024,F47,212,0.521125,0.3865055768508974,0.4579735823616719,0.42106777777777776,0.13813845445205689,True,True,-0.0487071668677202,0.007059280007919944,0.016366319444444444,D2
2024,F47,214,0.5314583333333333,0.43685088200628064,0.264253741488712,0.396454930555555,0.10493127542362986,True,True,-0.009893067778424192,0.0021978154667778305,0.007694791666666423,D2
2024,F47,215,0.7052499999999999,0.6874307663182441,0.016216669320886192,0.6497229166666662,0.02599412539472957,True,True,-0.003911871023792295,0.0034001691989458127,0.014554097222222118,D2
2024,F47,216,0.5559583333333333,0.8895797184713458,2.701545716509735,1.042916041666666,0.33550619197650033,True,True,0.3320852057737498,0.021783113326255155,0.04721840277777789,D2
2024,F47,229,1.78825,1.321668819903827,5.425659536371824,1.2723881249999986,0.4754672936688979,False,True,0.4947236383460858,-0.022823479167032534,-0.04427118055555557,D2
2024,F47,230,0.460875,0.4469157194336421,0.010534494436712163,0.4309204166666667,0.020950829773456234,True,True,0.00044417363623648447,-0.00034159599072036695,-0.0022926388888886984,D2
2024,F47,231,2.1767083333333335,1.424791538325928,16.3570957784981,1.3145572916666661,0.8255577856439976,False,True,0.7514049435465449,-0.021282774478899036,-0.04150458333333362,D2
2024,F47,239,0.433875,0.5591636095973528,0.4230936082844939,0.4379034722222226,0.13277386921072704,True,True,-0.1289321605227784,-0.014818297047108242,-0.06346423611111096,D2
2024,F47,240,0.47258333333333336,0.5654450979920399,0.2510892384798809,0.45312895833333294,0.10228417083463293,True,True,-0.0006577935248268107,-9.613225209159637e-05,-0.0002672916666665581,D2
2024,F47,241,0.65225,0.8411513756305382,1.1287025730631135,0.7663833333333336,0.2168623385413653,True,True,-0.09611572889675757,-0.008338600227090986,-0.029765138888889098,D2
2024,F47,242,0.7242083333333333,0.7734028382719779,0.08463371488124634,0.6002781250000006,0.059383539695092254,True,True,-0.009585699011691609,-0.0031900844465655442,-0.013817638888888983,D2
2024,F47,243,0.449,0.5058458011739361,0.5415233450190907,0.4351067361111114,0.15021142669294096,True,True,0.0033446274629771455,-5.114019192453689e-05,0.0003936805555556089,D2
7,F13,8,0.17720833333333333,0.35354986256124366,0.8136688888667136,0.34879076388888847,0.1841273210836632,True,False,-0.008140273362599038,-0.0008284434895480808,-0.0011829861111112283,D2
7,F13,9,0.3919166666666667,0.3317041806670757,0.08846445488151,0.3323539583333336,0.060712593037987185,True,False,-0.004667847591912064,0.0015541946107957005,0.0032254166666664807,D2
7,F13,10,0.37424999999999997,0.33110596182952995,0.04843890177658718,0.3439693055555557,0.044925355580389854,True,False,0.0011299015115787889,-0.0007931849001830971,-0.0006022222222220042,D2
7,F13,11,0.36833333333333335,0.3683912661247591,0.016768783278924893,0.37363541666666594,0.026432920824012943,True,False,-0.00021980204878972384,-0.002332967337036862,-0.004638541666666773,D2
7,F13,12,0.3505,0.33494091830026157,0.007784143700012515,0.3446774305555556,0.018009423112189206,True,False,0.0002947614432830762,-0.0008094958204779013,-0.0010442361111110965,D2
7,F13,13,0.40054166666666663,0.2909829396909709,0.28966713950263695,0.294113819444444,0.10986111298336279,True,False,-0.007645090432157775,0.0014327398818616,0.0027809722222221778,D2
7,F13,14,0.3236666666666667,0.3447869736951606,0.013301070267849397,0.34044215277777773,0.023541691977434238,True,False,0.00021896945684058908,0.00017663841842885386,0.0002555555555555089,D2
7,F13,16,0.322875,0.33549194558216433,0.00484879549615592,0.34159923611111087,0.014213836416434632,True,False,0.0005522346256432885,0.0008290746229528967,0.0014615972222222218,D2
7,F13,17,0.39683333333333337,0.3440578540102248,0.06803811693797937,0.3560435416666667,0.05324398124748443,True,False,0.0003071998646559104,-0.00011238553959896924,-3.409722222236233e-05,D2
7,F13,18,0.3305416666666667,0.274726752358,0.08077090633984717,0.2792620833333335,0.05801253684184967,True,False,-0.008245514494289716,0.0031479090303926927,0.006081458333333456,D2
7,F13,19,0.383375,0.29444333131003825,0.19192137835490516,0.3199374999999997,0.08942440437666357,True,False,-0.0020558709729536495,0.00047456349972402334,0.0018847222222218574,D2
7,F13,20,0.34195833333333336,0.30317085411724387,0.04841874773368751,0.3110815277777781,0.04491600852966545,True,False,-0.005329034864505283,0.0028457922251283185,0.005743611111111047,D2
7,F13,21,0.3625833333333333,0.2920323398568225,0.13271221325172547,0.31907249999999987,0.07436178825280648,True,False,-0.0029662354887443065,0.0007473553130042943,0.0011154166666667575,D2
7,F13,22,0.3542083333333333,0.29950453691616435,0.0776226102361776,0.3212010416666666,0.05687069039942631,True,False,-0.014328250767809525,0.005106237626233079,0.011056527777777492,D2
7,F13,25,0.33645833333333336,0.3461571215873074,0.0028846902365867537,0.3595038888888886,0.010963367481045597,True,False,0.0005747561372786217,0.0014964074646612868,0.0032768749999999014,D2
7,F13,26,0.33208333333333334,0.3007360710124676,0.026870504992147718,0.2915246527777786,0.03346048975542381,True,False,-0.0008391250245470203,0.0003453708191128446,4.2847222222419656e-05,D2
7,F13,27,0.3579583333333333,0.3328958442594532,0.01642221205917269,0.32274958333333337,0.026158341610256222,True,False,0.0007498826739150248,-0.0006189135317609118,-0.0013024999999998732,D2
7,F13,28,0.366625,0.25356578126626816,0.3096914534936455,0.2455307638888887,0.11359494074224974,True,False,0.005945267499744722,-0.0011346038729157515,-0.0017700694444442722,D2
7,F13,29,0.30795833333333333,0.26431117387799424,0.05097800226867393,0.2608463194444443,0.04608777959352581,True,False,0.0037769481611345523,-0.0019509291422562525,-0.002769444444444491,D2
7,F13,30,0.35904166666666665,0.3240298084609234,0.036428734883632734,0.33662770833333333,0.03895977352968953,True,False,0.0006407200526299742,-0.0005525244170156984,-0.000877986111110951,D2
7,F13,31,0.32033333333333336,0.2984439679005553,0.01444550707846142,0.2924854166666671,0.024533571453606705,True,False,0.00036718588813157427,-0.0003942654172716109,-0.000761458333333187,D2
7,F13,32,0.3295,0.2566676257253588,0.1330161601381267,0.26118895833333333,0.07444689386237198,True,False,-0.005080199717265033,0.001441688653463169,0.003782777777777746,D2
7,F13,33,0.33975,0.3051098727617751,0.030227683988720742,0.3095494444444441,0.035489249539309285,True,False,-0.0018352137549799974,0.0011200660535620188,0.0018950694444445082,D2
7,F13,34,0.34991666666666665,0.3159254116994519,0.028230118340811648,0.3263652777777772,0.034296573165072224,True,False,-0.005140874839864154,0.0029945011040659053,0.006848888888889015,D2
7,F13,35,0.26345833333333335,0.19781944230848056,0.1071717565143259,0.18432409722222196,0.06682432083278946,True,False,0.007657160221667417,-0.0025895988318801744,-0.006065347222222295,D2
7,F13,36,0.35883333333333334,0.3240110344812657,0.03120480714703461,0.342903055555555,0.036058290278285644,True,False,-0.005539144302402602,0.0031485525717802054,0.006513402777777788,D2
7,F13,37,0.338,0.32747678960410337,0.015368716604462769,0.36472305555555523,0.025305398472512054,True,False,-0.0029787335998331596,0.00463562502822773,0.00965847222222227,D2
7,F13,38,0.297625,0.33774885583946035,0.03942436319489596,0.3481235416666668,0.04053001110026164,True,False,0.0022294749348032925,0.0012403751136626506,0.003270416666666831,D2
7,F13,39,0.18516666666666667,0.23873653067530387,0.10107368016450649,0.2215211111111113,0.0648953260272862,True,False,-0.003461146553333558,-0.0012752709207489443,-0.0034290277777776212,D2
7,F13,40,0.1728333333333333,0.24266514272141856,0.15288427236568997,0.23317319444444481,0.07981339496122868,True,False,0.0015274821340824363,0.0005464422610925168,0.001616527777778043,D2
7,F13,41,0.33116666666666666,0.32834498073526214,0.00040824260514397796,0.336021388888889,0.004124331284907378,True,False,-0.00045204161318674,0.0023444449986755878,0.004648958333333231,D2
7,F13,42,0.14945833333333333,0.23636761342521595,0.27686530538611054,0.22779493055555536,0.10740602586022788,True,False,-0.0034686340834777507,-0.0007634334035828971,-0.0015481250000000946,D2
7,F13,43,0.34591666666666665,0.3247075281034251,0.011511091957201531,0.3245379166666664,0.021900429939845104,True,False,8.632297191690265e-05,-2.2698262262865754e-05,-0.00035430555555532317,D2
7,F13,44,0.20025,0.17599088346743885,0.019216134028814388,0.1900757638888891,0.028296152586537265,True,False,-8.90388583588489e-05,-9.098866472356804e-05,-0.0003788888888889286,D2
7,F13,45,0.14758333333333332,0.17038537784318528,0.04095005436537756,0.18027284722222245,0.0413068065241561,True,False,-0.0015482802131495874,-0.0007057299623281499,-0.0005994444444443747,D2
7,F13,46,0.3981666666666666,0.37683849274552195,0.019468584900168184,0.44397673611111116,0.028481415651385865,True,False,-0.00027732975229135745,0.0005551511679526278,-0.0001028472222221466,D2
7,F13,48,0.4250833333333333,0.4056937181151663,0.0166410301219458,0.4680888194444441,0.026332038566755044,True,False,-0.009140345419985773,0.0084509406367963,0.016965555555555234,D2
7,F13,49,0.14991666666666667,0.16859438117617978,0.025513779251709886,0.17403625000000011,0.032604817672974525,True,False,-0.0005623937582249668,-0.0006776921723056772,-0.0015643055555555618,D2
7,F13,50,0.453625,0.4114810845375336,0.052633583566704494,0.4543002083333332,0.046830182382156284,True,False,-0.003628546134109241,0.0018872068046815738,0.003836805555555489,D2
7,F13,51,0.4850833333333333,0.45718432723539815,0.02825116153376243,0.5005655555555547,0.034309353397775286,True,False,-0.003291693692011894,0.00320470200998052,0.005077361111110845,D2
7,F13,52,0.23383333333333334,0.24026275598222835,0.0013224796776996409,0.25176027777777793,0.007423161045279275,True,False,-0.00040805283350710524,-0.0011179632558705188,-0.002474513888888863,D2
7,F13,53,0.23683333333333334,0.26790428691510276,0.024215966024663246,0.2667601388888894,0.0317647380653606,True,False,0.002194900708165113,0.00152702888173184,0.0032638888888890105,D2
7,F13,54,0.24454166666666666,0.2669783498645872,0.012785169653528326,0.24472111111111128,0.023080628289332744,True,False,0.0006519440397681781,0.0004590083776487841,7.201388888899984e-05,D2
7,F13,55,0.5199166666666667,0.4380854244100231,0.16156951818455692,0.46461687499999993,0.08204915147452697,True,False,-0.0019701362188350446,0.0004942006254148312,0.0009476388888891019,D2
7,F13,56,0.2577083333333334,0.2635031307792528,0.00197384179889788,0.2638426388888893,0.009068815153448198,True,False,0.00019337989684961544,0.0005929390742530072,0.0011286805555554835,D2
7,F13,57,0.549625,0.46687357366740995,0.165526290994895,0.48263541666666704,0.08304775006858378,True,False,-0.0024774342530700377,0.0006075521778601267,0.0015732638888889539,D2
7,F13,58,0.258375,0.24860542080987813,0.002645501096329777,0.25334312499999984,0.01049901006510014,True,False,-4.278506514790448e-05,0.00016459370730534384,0.00020062500000006533,D2
7,F13,59,0.26229166666666665,0.24254059910333783,0.009553337958432495,0.24399506944444424,0.019951334498424428,True,False,0.0006511525303587173,-0.0006877416006559889,-0.0011931944444444342,D2
7,F13,60,0.26495833333333335,0.2309389170626828,0.02790050171965947,0.23097680555555522,0.0340957608066723,True,False,-0.0006654229182946857,0.0004020476170755738,0.001026944444444483,D2
7,F13,61,0.26429166666666665,0.23984216339134032,0.014527096606438725,0.24303270833333324,0.024602757811573624,True,False,-0.0005172565619153725,0.0004409169749408637,0.0009568750000001069,D2
7,F13,62,0.5582916666666667,0.4735878334248198,0.17495263368402253,0.4853619444444441,0.08537969940312279,True,False,-0.00175147369134393,0.0004561318710740725,0.0013168055555556335,D2
7,F13,63,0.2705,0.26186377085807944,0.0027297932212777174,0.26175041666666665,0.010664960582201179,True,False,0.00015450913870271223,-0.0003320524751602716,-0.000762847222222307,D2
7,F13,64,0.5405833333333333,0.5351700831377381,0.005604219580095195,0.5427359027777775,0.015281006157011818,True,False,0.00032838006555890604,0.0010418052222733731,0.004394097222222171,D2
7,F13,65,0.2655,0.2568763072979978,0.003116712556061851,0.2599864583333333,0.011395745836462122,True,False,0.0007427324857629714,-0.0017582142571938575,-0.0033380555555555524,D2
7,F13,66,0.25133333333333335,0.25334134734625846,0.0008437562356604891,0.2568080555555558,0.005929292522652854,True,False,-6.555150801426483e-05,-0.0006362518409411821,-0.0013552083333331355,D2
7,F13,67,0.5415833333333333,0.47490501322619066,0.11232458657975479,0.4977346527777781,0.06841192226132652,True,False,0.009391569307475103,-0.0032444298287622186,-0.008933819444444102,D2
7,F13,68,0.24787499999999998,0.2534882043096264,0.0010034388616339336,0.25888159722222204,0.00646606159637229,True,False,8.637398858665866e-05,0.0003313884343382756,0.0007780555555556012,D2
7,F13,69,0.42891666666666667,0.4151701275410999,0.011920173233777457,0.4378974305555549,0.022286181475091857,True,False,-0.0006268118047502436,0.0018165205598739131,0.0024226388888888284,D2
7,F13,70,0.44295833333333334,0.42179464196150396,0.019660274334316934,0.4455505555555548,0.02862128748437438,True,False,-0.0012973345782821277,0.0019407614171474408,0.0028109722222220968,D2
7,F13,71,0.549125,0.5051452185183121,0.04976494750862998,0.5287958333333328,0.045536133778860156,True,False,-0.001451002598568167,0.0006546528292351583,0.0013175000000000825,D2
7,F13,72,0.45575000000000004,0.4244093598383018,0.029985019736074557,0.4510583333333329,0.03534651075193194,True,False,-9.376919984539073e-05,-0.0006221180592180797,7.347222222225946e-05,D2
7,F13,73,0.56725,0.5348188591274815,0.03210942489276444,0.5482440972222223,0.036577215638498035,True,False,-0.0004436541568997379,0.0004849672478908218,0.0003877083333332365,D2
7,F13,75,0.46820833333333334,0.4996389545123134,0.02634599051931909,0.502079097222222,0.033132304552681346,True,False,-0.0024196335863814686,-0.0016067558074535637,-0.0028237500000001248,D2
7,F13,76,0.5653333333333334,0.5035022622897051,0.09859781207295443,0.5183393055555551,0.06409557059350073,True,False,0.00410995842008198,-0.0010233210751220412,-0.004056458333333568,D2
7,F13,77,0.482875,0.5115407329884986,0.023922636977368152,0.5247879166666667,0.03157176809625449,True,False,0.0038466036877106355,0.0027658369804726135,0.00553437499999998,D2
7,F13,78,0.5759583333333333,0.535294059248728,0.04198543189783948,0.5539445138888894,0.041825745608934595,True,False,0.00032773007988927405,-0.00016304342309159114,0.00011347222222202191,D2
7,F13,79,0.495625,0.503834473319371,0.006633865437056835,0.4986750694444447,0.01662561457141865,True,False,-0.0007875906535604292,-0.0007113064412170855,-0.0003643055555554442,D2
7,F13,80,0.5730833333333333,0.5039964962827261,0.11853946354211231,0.5116122916666669,0.07027904605396035,True,False,-0.0004967040117269811,0.0003019956561263193,0.0024412500000001724,D2
7,F13,81,0.5222916666666667,0.5014746093649851,0.017717074326356542,0.5155228472222225,0.027170046563538604,True,False,-0.0008298631321410517,0.00043096987573376655,0.0017822916666672128,D2
7,F13,82,0.5330833333333334,0.5013066381345209,0.026960929888033412,0.504802777777778,0.03351674325867683,True,False,0.000521883607249099,-0.00035656473828404867,1.89583333335408e-05,D2
7,F13,83,0.5427083333333333,0.528577660861037,0.010869390891411066,0.5300705555555556,0.021281242612735934,True,False,0.0007860515717702538,-0.0007970571330113696,-0.002246180555555588,D2
7,F13,84,0.5364166666666667,0.5405214154141014,0.006592452876341059,0.5479529861111109,0.01657363980887152,True,False,-0.0010605337340975386,-0.003874897457186499,-0.00782631944444434,D2
7,F13,85,0.5724583333333334,0.5527760260727371,0.01794019553723525,0.5624095138888893,0.027340595227331864,True,False,0.0014801271965604428,-0.0017735778212710773,-0.0036314583333333372,D2
7,F13,86,0.556875,0.5289093756108392,0.02089201033516609,0.523951597222222,0.02950424428166091,True,False,-0.0007654218877230987,0.00033765979308209015,0.0015052777777776472,D2
7,F13,88,0.5509166666666667,0.48137968435339756,0.1209535232306761,0.4969812499999997,0.07099105672274152,True,False,0.010331947544121728,-0.003155717872783237,-0.006769930555555859,D2
7,F13,89,0.5786666666666667,0.5639173486926216,0.011218606891914154,0.5779186111111113,0.021620405958948978,True,False,0.0021861540944418823,-0.0034876181410591345,-0.007369583333333374,D2
7,F13,90,0.5575416666666667,0.44321560789143527,0.31544490729938335,0.44563805555555563,0.11464526943638352,True,False,0.010520269700961982,-0.0019371857931441694,-0.0039331944444445655,D2
7,F13,91,0.5779166666666666,0.5422870439182391,0.03254286664704783,0.5571448611111111,0.03682326407259854,True,False,0.005117834014784453,-0.00262216172742491,-0.002334930555555337,D2
7,F13,92,0.48141666666666666,0.4145376461492089,0.12442317695731049,0.44572090277777804,0.07200207663594112,True,False,-0.00900162895408034,0.0029180523780885093,0.005438888888888882,D2
7,F13,93,0.3935416666666667,0.4917269814099023,0.24300861421586867,0.490148472222222,0.1006248424876342,True,False,-0.010204501870413052,-0.0020285133192217697,-0.005003124999999775,D2
7,F13,94,0.40116666666666667,0.5303810053506426,0.40476452478589914,0.5203846527777775,0.1298660407217599,True,False,-0.014933667112157822,-0.002231388758905939,-0.006996041666667008,D2
7,F13,95,0.482,0.4082345288851901,0.13880949028438183,0.438197291666667,0.07605083011939609,True,False,-0.006274908541982177,0.0014750463568729555,0.003732500000000305,D2
7,F13,96,0.4086666666666667,0.5451080887654992,0.46408557673826667,0.571499583333333,0.139057178997566,True,False,0.04439219315637477,0.007362979805993319,0.012853958333333138,D2
7,F13,97,0.4735416666666667,0.4267964721541824,0.05624749835055493,0.4675965972222225,0.048411215277107594,True,False,-0.005120688056373383,0.0018225374124620775,0.005338611111111113,D2
7,F13,98,0.39937500000000004,0.40660662508994055,0.02006852747812433,0.42326604166666626,0.028916926616116157,True,False,0.0016403076516115188,-0.0005504515657561715,-0.0032083333333332575,D2
7,F13,99,0.46108333333333335,0.4281680322593003,0.029647646305052202,0.43637645833333344,0.03514709939730221,True,False,0.00018391981220793746,-5.830341591267496e-05,-0.0002314583333333231,D2
7,F13,100,0.4057916666666667,0.3528547449323945,0.079204474507146,0.3544750694444443,0.057447249175202025,True,False,0.000252583557275865,-6.176402020380278e-05,-0.0002977777777777857,D2
7,F13,101,0.45108333333333334,0.4382288304555202,0.00961813333199871,0.44791062499999995,0.02001887997616116,True,False,-0.0005039735402382183,0.0010862255741007076,0.001600972222222219,D2
7,F13,102,0.38608333333333333,0.3627611489920984,0.05035917389588142,0.3639290277777773,0.04580719280122274,True,False,0.001211713214828311,-0.000589779995436357,-0.0012537500000000534,D2
7,F13,103,0.447375,0.47879199697199715,0.030821948902065056,0.47835958333333345,0.035836404268835026,True,False,0.003995895688769114,0.003162483710179298,0.007338819444444256,D2
7,F13,104,0.31779166666666664,0.40491777273595025,0.18727895428139224,0.41728111111111116,0.08833623130813696,True,False,-0.012441836132592143,-0.002804194469447352,-0.006308194444444359,D2
7,F13,105,0.442,0.48323597160971193,0.0468658969309815,0.49340131944444443,0.044189882387912764,True,False,0.004915101964959041,0.00284415038133623,0.0063656944444443475,D2
7,F13,106,0.31616666666666665,0.491706089731717,0.7501943307327031,0.5146933333333331,0.17679959590978322,True,False,0.06174142899772539,0.00738650218303738,0.01663583333333335,D2
7,F13,107,0.44425,0.4791286154059133,0.03483386014716097,0.48869159722222255,0.0380973862550312,True,False,0.004602148954172391,0.003135583879428694,0.007156319444444781,D2
7,F13,108,0.4572083333333334,0.4810680702314156,0.019930109002909077,0.5092796527777782,0.028817029834015594,True,False,-0.0021527406709606622,-0.0022616677542087182,-0.00578979166666671,D2
7,F13,109,0.3450416666666667,0.5184204671716508,0.7292051173172901,0.576860833333333,0.17430876786578203,True,False,-0.020542158738694916,-0.0023128121828842607,-0.002946736111110515,D2
7,F13,110,0.35375,0.41409987362182044,0.08999887193004366,0.4087384722222216,0.061236859791184206,True,False,-0.014679911834974455,-0.004978451810099038,-0.01132590277777773,D2
7,F13,111,0.3712083333333333,0.4830669262821497,0.3049880164593378,0.48597111111111135,0.11272902917677893,True,False,-0.04633669972656723,-0.008328920409643947,-0.016580555555555154,D2
7,F13,112,0.39633333333333337,0.6618230262462929,1.7142876630169583,0.695655833333333,0.2672613938183115,True,False,-0.005673370242707421,-0.00031269749669093905,-0.0006379166666671265,D2
7,F13,113,0.5562916666666667,0.5169638097223287,0.040549219138653184,0.5347204166666668,0.04110414574521507,True,False,0.008711374642876635,-0.005080092788221524,-0.010435416666666808,D2
7,F13,116,0.9369166666666667,1.0206535776766228,0.25321624818385235,1.0611977083333328,0.10271648848972843,True,False,-0.0035713128713179,-0.000847634408551956,0.0003405555555562323,D2
7,F13,117,0.3037916666666666,0.31707249035698054,0.009960300511641885,0.31973944444444485,0.020371856108818653,True,False,0.0002949365713032573,-0.00035252518463962934,-0.0017641666666667888,D2
7,F13,118,1.101625,1.1200153844906553,1.5483942698051596,1.2386268055555545,0.2540008423382653,False,False,-0.022845721560578847,0.005136417028700491,0.012710763888888366,D2
7,F13,119,0.3114166666666667,0.4110518142932449,0.24359723097429065,0.3943723611111108,0.10074663579459503,True,False,-0.01169662505657576,-0.002213941339529679,-0.0026818055555555276,D2
7,F13,120,1.25,1.1906976929643376,1.3088299300473347,1.357466944444443,0.23352640197339347,False,False,-0.019039723828217836,0.006275918437848693,0.010912847222221522,D2
7,F13,121,1.3183749999999999,0.8418637696307348,6.073676708062796,0.8518456250000005,0.503060496198966,False,False,1.0708758622020547,-0.04872886890105255,-0.10895583333333303,D2
7,F13,122,0.34879166666666667,0.43656503013934583,0.20112115548613616,0.4619724305555551,0.0915426028975344,True,False,0.0324808158281584,0.007861052693935888,0.016195416666666462,D2
7,F13,125,1.4950833333333333,1.466072439160401,0.27071994907694047,1.4943810416666636,0.10620733438988973,False,False,-0.06091191249079958,0.032314759861063136,0.06257312499999945,D2
7,F13,126,0.3818333333333333,0.5447115893161273,0.7000158115891562,0.5264396527777783,0.17078444157147776,True,False,-0.050095961449105,-0.00647870286824892,-0.01339319444444409,D2
7,F13,128,0.7817083333333333,0.7482131575759098,0.09575749999705589,0.7574750694444453,0.06316562224193364,True,False,0.0050660727656429705,-0.003271311033133717,-0.0074019444444448634,D2
7,F13,129,0.7205833333333334,0.666609187319111,0.07521171294657825,0.623745416666667,0.055980544591617665,True,False,0.014518752553239499,-0.005965163395818873,-0.012178541666666653,D2
7,F13,130,0.773125,1.0131000571583406,1.3896086136094736,0.960651388888889,0.24062493407873328,True,False,0.06585290070013872,0.0058454367179803235,0.013958402777777601,D2
7,F13,131,0.73775,0.7540627906865338,0.019456535134371084,0.7272995138888882,0.02847260023131236,True,False,0.0050378109685222,0.00897115422730399,0.0187226388888887,D2
7,F13,132,0.8696666666666667,1.2725947139639553,4.198311580729141,1.3310936805555564,0.41824591952229195,True,False,0.13784334620378402,0.007095849680452071,0.014604236111110946,D2
7,F13,133,0.9788333333333333,1.246418643022334,1.7473526213700465,1.3776238194444426,0.26982653543295537,True,False,-0.02135292913922071,-0.0017004211075597464,-0.005675902777777964,D2
7,F13,134,0.7533333333333333,0.7363715667892491,0.010720766090516348,0.7443817361111121,0.021135245139454802,True,False,-0.0006659907390721177,-8.044693586151119e-05,-0.001873680555554924,D2
7,F13,135,1.0125833333333334,1.1237534883676754,0.35511809791583115,1.1761788888888869,0.12164122415184596,False,False,-0.042707112131066705,-0.006239988752744674,-0.005184513888889519,D2
7,F13,136,0.73775,0.7690972008454158,0.02599661909270653,0.8062990277777784,0.032911889374451074,True,False,0.014396473034284096,0.012634809232956346,0.023377222222222382,D2
7,F13,137,1.075875,1.2669332681789203,1.2388799906476216,1.462557847222221,0.22720035125482876,False,False,-0.38033325782334915,-0.030323798023714543,-0.04565611111111223,D2
7,F13,138,0.7215416666666666,0.7609985753546565,0.039966878941494255,0.8122621527777775,0.0408079235267155,True,False,0.011112298707637615,0.006558452780048629,0.01308319444444439,D2
7,F13,139,1.3034583333333332,0.9693705076281097,4.6876729802989505,0.9432647222222229,0.4419498925358578,False,False,-0.10621271992140713,0.0068575646091428855,0.01473354166666696,D2
7,F13,140,0.714625,0.7737530765648253,0.08972375621488808,0.8058459027777783,0.06114319129949796,True,False,-0.009269920769070947,-0.003124154711893201,-0.006961527777777143,D2
7,F13,141,0.7079166666666666,0.759056501192375,0.07828349083226763,0.7973718055555551,0.05711227642119644,True,False,0.012601403076011777,0.005322799029138681,0.00988527777777759,D2
7,F13,142,0.4254583333333333,0.45487070167501914,0.08288415120833836,0.4602629166666668,0.05876654065322742,True,False,0.006115048256373309,0.004700838419365971,0.008469791666666615,D2
7,F13,143,1.52975,1.2456410575281676,2.3878726648849313,1.2769672916666668,0.31542779581103103,False,False,0.003015828175459312,0.00023719720367232355,-0.002358125000000433,D2
7,F13,145,0.6891666666666666,0.7415084459537306,0.07005136505670984,0.7553068749999996,0.05402598335396506,True,False,0.009043182824619751,0.0038979520587624217,0.00903916666666682,D2
7,F13,146,1.4956666666666667,1.392745339963649,0.9898477815959587,1.4086361805555556,0.20308534552374347,False,False,-0.05494253240537661,0.012310486975606993,0.017921319444444528,D2
7,F13,147,0.41225,0.4739168890212313,0.13059644646222535,0.4464972222222223,0.07376664966360287,True,False,0.003749997138158795,0.0025006868414976235,0.0027222222222220704,D2
7,F13,148,0.7375833333333333,0.8654847312157363,0.39767139529110196,0.907737430555556,0.1287231194093065,True,False,-0.010964131986041736,-0.0017686013980703352,-0.002924444444444285,D2
7,F13,149,0.7759166666666667,0.7481984742366988,0.030590327850550204,0.7206506944444442,0.035701498480777034,True,False,0.0015411458010749224,0.0010996692747882175,0.006269444444444328,D2
7,F13,150,0.8217500000000001,0.8422254378616766,0.012900153359064697,0.8816771527777779,0.023184184047773365,True,False,0.005714161946122335,0.006307176830117611,0.016431527777777566,D2
7,F13,151,1.676875,1.3953739990657221,2.0776832917757493,1.3866384027777772,0.29422803598114655,False,False,-0.05103786232158303,0.003132872012729049,0.009989305555555328,D2
7,F13,152,0.43320833333333336,0.43444361118684444,0.002713067779229953,0.4204184027777779,0.010632238278050772,True,False,-0.00033646533698270453,-0.0006488286943832078,-0.0007759722222220322,D2
7,F13,153,1.6374166666666667,1.5119922959043899,0.6357204736065583,1.427703263888887,0.1627524287589587,False,False,0.012113633995698203,-0.0015696393666750907,-0.00637513888888841,D2
7,F13,154,0.412625,0.46709185671550796,0.10928746860734756,0.4588912499999997,0.06748069742753218,True,False,-0.036916459351560016,-0.009019025137780246,-0.026864097222222105,D2
7,F13,155,0.807375,0.8114631268102025,0.01099111153082621,0.9051231249999999,0.02140006963659446,True,False,-0.02685038227507412,0.03797726766481224,0.07712972222222203,D2
7,F13,156,0.7513333333333333,1.157876841165979,4.01866703823778,1.1403320138888904,0.40919977996887313,True,False,0.37342270410184275,0.020050826973703417,0.044743472222222413,D2
7,F13,157,0.42483333333333334,0.4465758327455247,0.025076366913084135,0.4171531944444446,0.03232411826142371,True,False,0.00040164870578909134,0.000844517848114068,0.0024273611111110815,D2
7,F13,158,0.4527083333333333,0.43550325092885395,0.02291607490555246,0.4354524305555558,0.03090042806172787,True,False,-0.0002456660683250525,0.0006699084292407509,0.0011738194444443906,D2
7,F13,159,0.5987083333333333,0.8637309524712036,1.7196251837489502,0.9367776388888891,0.2676771363468926,True,False,-0.10712930388396158,-0.008583458467484761,-0.01481951388888858,D2
7,F13,160,0.45808333333333334,0.724890222588687,1.7634086506886033,0.7358793055555563,0.27106338824223103,True,False,0.016577847840651083,0.0009115041706551086,0.0044637499999997665,D2
7,F13,161,0.491625,0.4577730293889945,0.03433601382105922,0.4872269444444444,0.03782416215257298,True,False,-0.022264493475620456,0.01031534358877656,0.02534993055555579,D2
7,F13,162,0.585875,0.7449633324278513,0.6308235469566671,0.7761179861111119,0.1621243795871793,True,False,-0.016017739935521913,-0.001803462846625692,-0.002261111111111047,D2
7,F13,166,0.7276666666666668,0.7603015150128422,0.04248709678518319,0.8226812500000004,0.04207488204835081,True,False,0.00323788969910338,-0.0009501770114216379,-0.0071727083333334996,D2
7,F13,167,0.43249999999999994,0.43989361750416095,0.0454347619740358,0.44828208333333364,0.043509942337947215,True,False,-1.764160720457708e-05,-0.0007372754725248343,-0.0013961805555555706,D2
7,F13,168,0.6692083333333333,0.79148583801918,0.3723759419309261,0.7795151388888892,0.12456188922428048,True,False,-0.027179636914084537,-0.004375459301671825,-0.009595972222222193,D2
7,F13,169,0.8197916666666667,0.7070873065336277,0.31367290825247884,0.6987776388888891,0.1143228083565128,True,False,0.05840554320765784,-0.01133582379465592,-0.025446875000000535,D2
7,F13,170,0.433875,0.43123518134573485,0.014916932331191816,0.4190156249999999,0.024930680839740264,True,False,-0.00043859490115444495,0.0004939375770305343,0.0015664583333335202,D2
7,F13,171,0.8714583333333333,0.8268998982096606,0.0731555016136183,0.8488006250000004,0.0552100163065311,True,False,0.02059181264857117,-0.014432769108076116,-0.02615131944444471,D2
7,F13,172,0.9783749999999999,0.8814482631292585,0.5678465263718612,1.0192572222222214,0.153818958298907,True,False,-0.00858766928513055,-0.0009948409434034078,0.002919722222222365,D2
7,F13,173,0.42091666666666666,0.46497437856103446,0.06283244289931954,0.45788673611111114,0.05116657555610219,True,False,-0.004247229451124254,-0.0020103564438177512,-0.004209374999999849,D2
7,F13,174,0.9472083333333333,0.806837921969664,0.47996466520243813,0.8002759722222205,0.14141615083422493,True,False,0.035762786128048174,-0.005376580601135217,-0.011565555555555607,D2
7,F13,175,1.2699166666666668,0.9357422411657884,6.237045153220929,0.9128677083333341,0.5097812093282816,False,False,0.1417142236464839,-0.007054945125618439,-0.016111319444444105,D2
7,F13,176,0.4254166666666666,0.44060610636066966,0.01613230557652398,0.43635993055555566,0.0259264227964799,True,False,-0.0018556037399891888,-0.002902230793727034,-0.00719729166666655,D2
7,F13,177,1.0051249999999998,0.9542790827553572,0.09759801404788278,1.0122476388888881,0.06376977276627056,False,False,-0.07600519621999559,0.02651308913276962,0.0589361111111103,D2
7,F13,178,1.8420416666666668,1.0826975754399042,19.91365048663373,1.138886875000001,0.9108981485012867,False,False,0.20349112413304837,-0.0050057295748062725,-0.012985486111110722,D2
7,F13,179,0.4014166666666667,0.328745074044014,0.14711647414970358,0.31101805555555545,0.07829337832518778,True,True,0.00188006282490627,-0.00036126668252572935,-0.0011689583333334697,D2
7,F13,180,0.2919583333333333,0.31177119932039893,0.12751054049002675,0.30168298611111105,0.07288991142184525,True,True,-0.0020349453961048536,-0.0008337166889637038,-0.0038020833333333726,D2
7,F13,181,0.38358333333333333,0.31071218676479545,0.13527238007865974,0.2979661111111112,0.07507562300736609,True,True,0.0031635303599401587,-0.0009571759301715277,-0.004257499999999914,D2
7,F13,182,0.33537500000000003,0.3174741365279183,0.013735362702049704,0.2719284722222221,0.023922934168953254,True,True,0.0013501397925209692,-0.0008550817701062363,-0.003946805555555655,D2
7,F13,183,0.3569166666666666,0.32060695750642665,0.03343699485384161,0.3132122916666667,0.03732570319377878,True,True,0.0009162809297187588,-0.0005104539737375013,-0.002014027777777816,D2
7,F13,195,0.55625,0.520376534065429,0.0323744963723992,0.4609206944444444,0.03672788244440409,True,True,-0.0021466434851048766,0.0011584756998858081,0.00518250000000009,D2
7,F13,196,0.5474166666666667,0.5132844136421685,0.03056659973632454,0.4507048611111111,0.03568764943712118,True,True,-0.0006856938414612525,0.0002576401837071085,0.0016353472222223053,D2
7,F13,197,0.5479166666666667,0.5201376770132642,0.01897659108379543,0.4786592361111108,0.028119233544998037,True,True,0.0013258211264709045,-0.0010226777544368737,-0.004260555555555823,D2
7,F13,198,0.27608333333333335,0.26166026981491985,0.005673071344827401,0.2583582638888887,0.015374588537620826,True,True,-0.00017672750955289186,0.00023966605546527076,0.0008883333333332688,D2
7,F13,211,0.5396666666666666,0.5090103515781162,0.043372592556823984,0.6147836111111112,0.042511073340182,True,True,-0.00014348408112887373,-0.0001190951693899045,0.0006125000000002379,D2
7,F13,212,0.29433333333333334,0.32159716829202284,0.024462037694678977,0.2936084027777777,0.031925719578603455,True,True,-0.0003275309461462095,-0.0002242277613160315,-0.001909583333333409,D2
7,F13,213,0.292,0.3189663128509856,0.021045315486567486,0.283980972222222,0.029612297196834378,True,True,-0.0012677153715662422,-0.0006361023864297488,-0.0015587500000002752,D2
7,F13,214,0.9180416666666668,0.5244487727531894,3.979349392932088,0.7330125694444436,0.4071931049336465,True,True,0.07408918551112942,-0.004025429569967431,-0.01704222222222196,D2
7,F13,215,0.32666666666666666,0.2754748821579471,0.07206844363597581,0.23255069444444443,0.05479828298556132,True,True,0.0016290904909007226,-0.000701598358393396,-0.0028219444444444186,D2
7,F13,217,1.69325,1.1878250196571571,6.292649224127634,1.1560135416666664,0.5120485501121791,False,True,0.19510556608014706,-0.008467333599674776,-0.03623944444444449,D2
7,F13,218,0.38949999999999996,0.3489473785781025,0.05833173827505273,0.40827624999999973,0.04929999081940953,True,True,0.00029749890279946734,-0.0006705236706444628,-0.0037502777777778107,D2
7,F13,231,0.620875,1.0530016110685991,4.604837968974583,0.9735715277777776,0.43802768029803124,True,True,1.144024698925982,0.05311974179875578,0.04264694444444517,D2
7,F13,232,0.738625,0.7225534195282427,0.03821024139359459,0.7607747222222229,0.039901044991325414,True,True,-0.004692641778861514,0.005487002970724908,0.011204166666667348,D2
7,F13,233,0.6336666666666667,1.1775590696693488,7.252894466579277,1.0576695138888885,0.5497307851189251,True,True,-0.25084643918062355,-0.008974269936967927,-0.031501458333332844,D2
7,F13,241,1.4315,0.9952183565367746,4.856193549283797,0.9113404166666665,0.44982374091062033,False,True,0.6828316242250327,-0.03381129955148465,-0.06942937500000002,D2
7,F13,242,0.43204166666666666,0.6131871736704669,0.8332331881521677,0.4712166666666667,0.1863278012169422,True,True,0.0030290932680662186,0.0005404602529320846,0.0018297222222222187,D2
7,F13,243,1.7187916666666665,0.9848403696214767,13.175827567756416,0.9175154166666665,0.7409404937801578,False,True,1.675455788074526,-0.051814396740696544,-0.06996305555555593,D2
7,F13,244,0.44004166666666666,0.3542864308785458,0.1944766538031644,0.34795305555555567,0.09001774218711099,True,True,0.0018759900958372766,-0.0004639820891166324,-0.000977916666666745,D2
7,F13,245,0.84025,0.7509427802726348,0.20571490423503874,0.7220685416666665,0.0925821491602275,True,True,0.010122021232033707,-0.0023906758799006056,-0.010021111111111036,D2
7,F47,6,0.24050000000000002,0.2045967378322813,0.03592292625542354,0.23453236111111161,0.03868835217447211,True,False,-0.0006685065693490325,0.0007030796049403154,0.002637291666666569,D2
7,F47,7,0.35720833333333335,0.20662568170459583,0.5494661334591079,0.20244909722222124,0.15130902890264952,True,False,0.0013976745088052356,-0.00018650028135458463,-0.00032131944444438454,D2
7,F47,8,0.20741666666666667,0.17300392122493383,0.0371263567425561,0.20059444444444507,0.03933105046829842,True,False,-0.0005657825868969554,0.000622165175467787,0.0020679861111110587,D2
7,F47,9,0.174625,0.1831585090169824,0.00534884945901,0.2213779166666668,0.014928788546253511,True,False,0.000575152473086947,0.0018038680326244727,0.0037072222222222506,D2
7,F47,10,0.146625,0.20613126717501248,0.08681655659113775,0.24368347222222228,0.060144463790366774,True,False,0.00211088866839855,0.0006266226456752289,0.002337777777777772,D2
7,F47,11,0.21845833333333334,0.2589839581639126,0.04065890922928155,0.2534599305555551,0.04115970381194125,True,False,-0.0014821347125770906,-0.0008189840757491518,-0.0011955555555556163,D2
7,F47,12,0.13158333333333336,0.2054402429537743,0.13335385430496946,0.22536180555555566,0.074541334815258,True,False,0.00877711375198871,0.002495584827753028,0.005966666666666731,D2
7,F47,14,0.11625,0.14952799880970102,0.027008732327696544,0.1394350694444443,0.03354644313466565,True,False,-0.0004983999234434884,-0.0003034650495314095,-0.0006638888888889638,D2
7,F47,15,0.19104166666666667,0.23246800737314677,0.04141549967470792,0.2402638888888886,0.04154089334354157,True,False,0.00017235192737490024,8.274077439884842e-05,0.00010819444444454263,D2
7,F47,16,0.19587500000000002,0.23431292915839363,0.036027270430499185,0.23821687500000002,0.03874449984110604,True,False,0.00022624939027963975,0.00014061107749341328,0.00010736111111131486,D2
7,F47,17,0.112375,0.21446901689965467,0.2511078452377728,0.2506559722222222,0.10228796060586602,True,False,-0.010441274921373478,-0.0021588175937852505,-0.0032281944444445543,D2
7,F47,18,0.2031666666666667,0.23967611936579578,0.03244331599502505,0.2464122916666666,0.03676689860630134,True,False,-4.30929063543542e-05,-1.6771248432356778e-05,-0.0004434722222222409,D2
7,F47,19,0.12375000000000001,0.25605542232371126,0.42085474603725964,0.31536152777777743,0.1324221069845181,True,False,-0.0020914746253276606,-0.0003128566630479779,0.0016718749999998783,D2
7,F47,20,0.2107083333333333,0.23851453585808882,0.01940086958314452,0.24307020833333318,0.028431840706580273,True,False,-0.0005690519729173206,-0.000443259186695244,-0.0010947222222220665,D2
7,F47,21,0.14804166666666665,0.27560640384392804,0.3995881315525894,0.2696171527777771,0.12903296277059553,True,False,0.026741904862659482,0.004560065580939132,0.010349027777777964,D2
7,F47,22,0.21754166666666666,0.2365791624424225,0.009297483106092852,0.23042138888888863,0.019682355789400197,True,False,4.816441337625148e-05,7.398388742668738e-06,0.0002778472222222106,D2
7,F47,23,0.181625,0.3006386914243749,0.3427147563247606,0.3113547222222215,0.11949803978949484,True,False,0.011501293771893573,0.001980813988784025,0.003897638888888777,D2
7,F47,24,0.22620833333333334,0.28671434887416175,0.08850461984675712,0.30668541666666643,0.06072637395411387,True,False,0.001761116864469725,0.0006599547868096356,0.002074097222222071,D2
7,F47,25,0.23175,0.23839860879960376,0.0016439888176480576,0.24068791666666658,0.00827644453063446,True,False,-9.504550828299011e-06,-0.0002250710318304483,-0.00020326388888877722,D2
7,F47,26,0.25654166666666667,0.194316133513367,0.09527619854075446,0.20594236111111128,0.06300667905757903,True,False,0.00254204474500358,-0.0009903122608695414,-0.0007010416666667629,D2
7,F47,27,0.24479166666666666,0.228054289250906,0.00877922222193871,0.21924083333333289,0.01912592287744863,True,False,-0.0017272059952901618,0.0020343495243241583,0.004175347222222209,D2
7,F47,28,0.37166666666666665,0.29759755574146823,0.1350606386615059,0.3260215277777778,0.07501684218157999,True,False,0.0011341260958517008,-0.0006565473316101911,0.0013501388888889077,D2
7,F47,29,0.2630416666666667,0.2566126594567171,0.004623593130725121,0.2738654861111111,0.013879831187021454,True,False,-0.0002051029523033451,0.00015014113281724972,0.0007361805555555212,D2
7,F47,30,0.28824999999999995,0.22928129919297388,0.0913430396077318,0.23713215277777774,0.061692462940423215,True,False,-0.00022941167354620373,0.0003870333412713811,0.002056388888889038,D2
7,F47,31,0.27995833333333336,0.30158077668295563,0.011680956878827897,0.2966979861111117,0.022061426441139953,True,False,-0.00239041763226573,-0.002175106964867446,-0.004269583333333327,D2
7,F47,32,0.29220833333333335,0.25736296066684816,0.031580055407334114,0.25940611111111106,0.03627444888585152,True,False,-0.0007974250143308881,0.0004083007068618194,0.0011473611111110227,D2
7,F47,33,0.2754166666666667,0.22393893130718645,0.06746187955527018,0.23002243055555552,0.05301803134911987,True,False,-0.004232121193303406,0.0018195729300141128,0.005098194444444537,D2
7,F47,35,0.11945833333333333,0.17684152732724412,0.0842528754479104,0.18389395833333314,0.059249780396185996,True,False,-0.0054332608295258045,-0.0021231373710942913,-0.003117291666666716,D2
7,F47,36,0.298875,0.25257846834460745,0.07084347030610522,0.2517731944444446,0.05433057392255657,True,False,0.00022786243963977826,-0.00014635971055854125,-0.00017791666666649997,D2
7,F47,37,0.13954166666666667,0.24502002736922104,0.32185103427663286,0.2391802777777777,0.11580353950344682,True,False,-0.004940390399978178,-0.0012654043585186014,-0.0038482638888888143,D2
7,F47,38,0.30158333333333337,0.2507630347228819,0.07115601032875683,0.2477968055555556,0.054450287085544384,True,False,-0.0005869867635548837,0.0002257626376879207,0.00049687499999998,D2
7,F47,39,0.16545833333333335,0.2432296374527012,0.23583525212624107,0.2387957638888889,0.09912854704167402,True,False,-0.003852956698737975,-0.0012759871669898726,-0.0030704861111111315,D2
7,F47,40,0.29683333333333334,0.2502452319356829,0.06387418186703492,0.24998791666666675,0.05158899344297956,True,False,-0.001280742231915627,0.0005509754310907555,0.0012213194444444797,D2
7,F47,42,0.21241666666666667,0.1898561756969129,0.016399909791909337,0.2032388888888886,0.026140573342275587,True,False,-8.608949918363987e-05,-1.6691274740826545e-05,-0.0003081944444445206,D2
7,F47,43,0.250375,0.26359916408969597,0.00534589751440083,0.2661946527777777,0.014924668497715494,True,False,-0.00012784619496943907,-0.000194435994416986,-0.0005253472222223055,D2
7,F47,44,0.20350000000000001,0.16915819656088438,0.035391644611955,0.1733049999999995,0.03840119605990754,True,False,0.0030782018059560615,-0.0019453126676151067,-0.004121527777777773,D2
7,F47,45,0.25329166666666664,0.26195703848635626,0.005873712254267082,0.2752941666666668,0.015644104659406424,True,False,0.00013470291455587157,0.00010243226664136129,2.3611111111265792e-05,D2
7,F47,46,0.19858333333333333,0.22017905511082347,0.012716138328001536,0.21643534722222166,0.023018234011323805,True,False,-0.0018662832741194058,-0.001606869867912808,-0.003839305555555561,D2
7,F47,47,0.19670833333333335,0.19919564824192185,0.0057460909723504264,0.20193930555555514,0.015473217415304025,True,False,-0.00046948640229792834,-0.0009897026582654789,-0.002578194444444404,D2
7,F47,48,0.24883333333333332,0.2416783385587378,0.0016218988573085881,0.25699652777777793,0.008220651984759148,True,False,4.253881671594764e-05,-0.00019868846408296892,-0.0005870833333332937,D2
7,F47,49,0.203375,0.2100317888638387,0.002351359806418416,0.2057457638888883,0.009898147567471097,True,False,-0.0017228578310012677,-0.004275678492049073,-0.008600277777777832,D2
7,F47,50,0.1525,0.16801800483059395,0.019397643203439993,0.16614666666666686,0.02842947648966942,True,False,-0.0006959744909999267,-0.0004290032640497654,-0.0005598611111110874,D2
7,F47,51,0.22654166666666667,0.2387390828997603,0.004943841847797495,0.25416270833333326,0.01435247053036151,True,False,-9.825921665668116e-05,-0.00019703624563841005,-0.0006484722222221406,D2
7,F47,52,0.16025,0.18268657893809956,0.020829061248931212,0.1874736111111109,0.02945976157471069,True,False,0.0006761887788865398,0.00035167791115525704,0.00019402777777771663,D2
7,F47,53,0.239375,0.26185161959143516,0.015890009716001657,0.28144375000000005,0.025730987897217155,True,False,0.00020199307238060252,0.0005236778787658936,0.0018561111111111694,D2
7,F47,54,0.16,0.19007091708468368,0.031084649633653438,0.2028540972222218,0.035988800129145175,True,False,-6.0449753307319914e-05,4.2329907738669625e-05,0.0004359027777778579,D2
7,F47,55,0.250625,0.280030906210832,0.03199601289653441,0.28263437499999994,0.036512562276869415,True,False,-0.002240883742498291,-0.0007193938193168492,-0.0003441666666667009,D2
7,F47,57,0.26466666666666666,0.2587234634738959,0.00421279803729612,0.25446645833333303,0.013248896239083655,True,False,-0.0007535878985880113,0.001952897466491632,0.0033502777777777992,D2
7,F47,58,0.16016666666666665,0.15920125262241336,0.010538906832237379,0.16389826388888903,0.020955216964037637,True,False,-0.00024598198392213055,-0.0005436158872567654,-0.001542083333333416,D2
7,F47,59,0.31383333333333335,0.37482565482749414,0.09125172259761738,0.38905743055555536,0.06166161778800534,True,False,-0.009691297134042626,-0.0031793434508075036,-0.006478194444444363,D2
7,F47,60,0.14991666666666667,0.15843152507609629,0.016272099607047504,0.16066361111111124,0.026038512827994728,True,False,-0.00021602987417333394,-0.0003752005365654787,-0.0008661111111110675,D2
7,F47,61,0.33525,0.329082835895594,0.0038203730060875607,0.322382361111112,0.012616743184632939,True,False,-0.00018562630495619998,0.0007309119142789311,0.0012407638888888295,D2
7,F47,62,0.15916666666666668,0.16293435753970673,0.006216767621317246,0.15790368055555573,0.0160944706101677,True,False,-0.000279631035838006,-0.0007627699641854224,-0.0019188888888888589,D2
7,F47,63,0.344875,0.3895223490685947,0.05589745477472598,0.38756166666666697,0.04826034205860524,True,False,-0.0012890905364022487,-0.0004387178515132817,-0.0001115972222220929,D2
7,F47,64,0.3558333333333334,0.39539126983545475,0.03989857101047263,0.3923301388888887,0.04077303592780029,True,False,-0.0008025654522140976,-0.000272547353351027,0.00011319444444440885,D2
7,F47,65,0.15483333333333335,0.1942281590122733,0.053298172039828166,0.21541694444444429,0.04712491027393234,True,False,-0.0116730657508426,-0.005589372257424036,-0.011662847222222411,D2
7,F47,66,0.379125,0.3979075419849552,0.012897295248190733,0.402599166666666,0.023181615603920864,True,False,0.001412672025006917,0.0011177474143580501,0.0013407638888889295,D2
7,F47,67,0.16879166666666667,0.16574137335344233,0.026832768561684022,0.16838909722222237,0.03343698586002484,True,False,-0.00038473759364754737,-0.000521829303524346,-0.0008179861111110853,D2
7,F47,68,0.208875,0.19803859950493707,0.0043157713627343,0.19674965277777756,0.013409839923749868,True,False,0.00033065134914584977,-0.0007278713821827765,-0.0014067361111110843,D2
7,F47,69,0.388125,0.43572733263884844,0.07351966898274787,0.45376583333333315,0.055347263174865546,True,False,-0.0018312612959319463,-0.0007900236809414984,-0.0017650000000000166,D2
7,F47,70,0.19441666666666668,0.20949528170588194,0.007253641534638055,0.21332951388888854,0.017384909086424705,True,False,-0.0007583714595686955,-0.0009356596320434785,-0.002103819444444349,D2
7,F47,71,0.40004166666666663,0.43686642469867537,0.03599411801010246,0.4336270138888891,0.03872666932602909,True,False,0.002958419825801105,0.00157588107012413,0.0026769444444444956,D2
7,F47,72,0.18212499999999998,0.19005744908673874,0.0026962248855751177,0.1895836805555552,0.010599184099053563,True,False,9.58050669813415e-05,0.000258309791825978,0.0009619444444445291,D2
7,F47,73,0.4183333333333334,0.41990423020391715,0.0037959600388647037,0.4240211805555558,0.0125763667893141,True,False,5.676522898436648e-05,0.0018579852137451391,0.003830902777777867,D2
7,F47,74,0.21416666666666664,0.2940234031396407,0.1568740923472871,0.2976263888888892,0.08084813241176507,True,False,0.003488872210718863,0.0007866813003498119,0.0012068055555556345,D2
7,F47,75,0.194125,0.20585150432791577,0.01038014298637176,0.20611666666666592,0.020796777581286244,True,False,0.0011929600148941812,0.0012491373740988465,0.0018775694444445046,D2
7,F47,76,0.20341666666666666,0.20224079909636936,0.0011850978359911762,0.20537111111111075,0.007027024725986977,True,False,3.047470389591785e-05,-0.0006721951514203073,-0.0016926388888889032,D2
7,F47,77,0.25829166666666664,0.28868903060190515,0.023446683045873985,0.3064363194444443,0.03125612143103197,True,False,-0.0033202731599105244,-0.00213225129929534,-0.004762152777777806,D2
7,F47,78,0.256375,0.27955141859693144,0.02591844872814436,0.30393631944444427,0.03286237002519267,True,False,-0.00029185785621066093,-0.0008559091950028908,-0.0011502777777777085,D2
7,F47,79,0.18629166666666666,0.2159084726707591,0.022590001813386374,0.20800791666666665,0.030679799144677684,True,False,0.0017464658653589711,0.0012865372521438934,0.002672291666666632,D2
7,F47,80,0.24941666666666665,0.3246883312856412,0.1375461069262679,0.33897,0.07570394830254559,True,False,0.004843639463333743,0.0013181985333362567,0.003058472222222386,D2
7,F47,81,0.18570833333333334,0.20631205684980694,0.012737296649457771,0.2178681944444445,0.02303737601653902,True,False,0.002734215978409636,0.003196033208214516,0.006905000000000078,D2
7,F47,83,0.27391666666666664,0.31897183029959003,0.04886723161903391,0.3363256944444443,0.04512354873891325,True,False,5.8567791590684315e-05,3.4046649225294434e-05,-8.131944444444983e-05,D2
7,F47,85,0.1935416666666667,0.19971354804331087,0.0013722929359698136,0.20739388888888877,0.0075616712658033184,True,False,0.00026698312737225547,0.0009893011682446662,0.001832083333333373,D2
7,F47,86,0.318125,0.28399635515894833,0.030770572823457718,0.29277791666666647,0.03580652455876449,True,False,-0.0021008262874880647,0.0012311671868786567,0.002480138888888872,D2
7,F47,87,0.19670833333333335,0.21953374075417842,0.014965041101954736,0.22654909722222202,0.024970850591201615,True,False,0.00024851682587087066,0.00028891668283792526,0.0006905555555554999,D2
7,F47,88,0.19945833333333332,0.21974868606015274,0.010637854446276056,0.22332937499999964,0.021053359239358985,True,False,0.0010352556908200163,0.0010727907110282542,0.00204326388888898,D2
7,F47,89,0.3682083333333333,0.3739816917136123,0.015678798254405074,0.3957318055555557,0.025559406499373404,True,False,0.003070597351962039,0.0007021365892695974,-0.0012856944444447072,D2
7,F47,90,0.20099999999999998,0.2115054516938499,0.005824004231879854,0.21273374999999928,0.015577767587013035,True,False,-0.00025829426384641873,-0.0005492443827615212,-0.0012896527777778444,D2
7,F47,91,0.3677916666666667,0.3320086134127403,0.031179812516367506,0.32138743055555546,0.03604384628266864,True,False,-0.00511606264775348,0.002869325925862809,0.006811597222222243,D2
7,F47,92,0.20695833333333333,0.21718232990056288,0.0038164803483455687,0.224825347222222,0.012610313815064188,True,False,0.00032755311931570615,0.0005890086620167212,0.0009400694444444413,D2
7,F47,93,0.44687499999999997,0.37108696369509847,0.1430356447678295,0.37120125000000015,0.077199860958378,True,False,-0.007975806473961067,0.0022257705518492488,0.003988888888889042,D2
7,F47,95,0.6083333333333333,0.5987779900345945,0.004273874947042321,0.6253857638888887,0.013344591518417865,True,False,-0.0005587139707972349,0.001555525949613834,0.0034209027777779566,D2
7,F47,96,0.2085,0.2795424144439015,0.127928523216184,0.29427805555555536,0.07300928114978031,True,False,-0.0016511375682092544,-0.0002878636300516213,-0.0016895833333333554,D2
7,F47,97,0.6187083333333333,0.5981232448090551,0.015334419839351177,0.6286092361111109,0.02527714699037385,True,False,-0.0027420657302462403,0.0013085245352636443,0.004808680555555611,D2
7,F47,98,0.218,0.25587518553601957,0.035419259381268095,0.2699523611111112,0.03841617464323464,True,False,0.000554439555635694,0.00028262095708764257,0.0014760416666667608,D2
7,F47,99,0.6459583333333333,0.5809116090231946,0.10732313784333425,0.6092221527777778,0.06687149923651275,True,False,-0.015244009960713664,0.005050365397929801,0.007647916666666643,D2
7,F47,100,0.22024999999999997,0.26971425204726424,0.06262295216299901,0.3005197222222225,0.051081206656247775,True,False,-0.005478680256734786,-0.0019110429765661352,-0.0020224305555555655,D2
7,F47,101,0.6589166666666667,0.6229066050625266,0.03371651951372319,0.6317856250000008,0.03748139511462275,True,False,0.003524766742714968,-0.0020002697519825308,-0.004562638888889081,D2
7,F47,102,0.21483333333333332,0.27853546167285453,0.10522411729552641,0.2900847916666669,0.06621433546179357,True,False,-0.00037449335114195237,0.0004758916700758342,0.0029197916666666712,D2
7,F47,103,0.6706249999999999,0.6570930354401193,0.01324163985870162,0.7005323611111111,0.02348903987208859,True,False,0.004321682958379605,-0.009811388816578615,-0.019681944444444266,D2
7,F47,104,0.21458333333333335,0.2979620182910138,0.17029343546079465,0.2988459722222222,0.0842351459360429,True,False,-0.0022892853430056814,-0.0006531011791865993,-0.0007509027777777288,D2
7,F47,105,0.6841666666666667,0.5659270396939776,0.4279662170538841,0.5908881944444443,0.13353623369924172,True,False,0.03380204514929974,-0.004850177008100642,-0.007175069444444682,D2
7,F47,107,0.22895833333333335,0.3069389487201025,0.15299241890561516,0.3256352083333333,0.0798416189782453,True,False,0.0076973147389245156,0.0015480625457832686,0.0001559722222225779,D2
7,F47,108,0.726625,0.5594882436541765,0.7006052665272628,0.598811944444444,0.17085633176825088,True,False,0.045203713380572275,-0.005173804759525447,-0.007772430555555321,D2
7,F47,109,0.231,0.29914398577374773,0.12627213921059813,0.33102437499999937,0.07253508898302202,True,False,0.019887232144069428,0.005221641830621071,0.014657986111111077,D2
7,F47,110,0.7380416666666667,0.5214310939333441,1.1906861838346363,0.5303984027777774,0.222737343807551,True,False,0.06074602798345907,-0.005530601140372626,-0.009828402777777634,D2
7,F47,111,0.236,0.5142921545735121,1.8606856442601318,0.6027494444444441,0.2784395239739481,True,False,0.18397947397892955,0.014078697011244201,0.025233750000000166,D2
7,F47,112,0.7764166666666666,0.6326911446814935,0.5048220453117578,0.7471241666666661,0.14503189955313248,True,False,-0.19222910339686283,0.0255916934899707,0.0481999305555556,D2
7,F47,113,0.2504166666666667,0.28636208320419115,0.03166869995440952,0.31855145833333376,0.036325324014619104,True,False,-0.00034981033757007507,4.498060432300832e-05,0.002429027777777759,D2
7,F47,114,0.7670833333333333,0.873249261977853,0.6145041009844704,0.9451409027777768,0.16001355424156916,True,False,0.027224277068817693,0.005399054133435555,0.010317916666666593,D2
7,F47,116,0.819,0.8157967462638157,0.12912744638979357,0.8045008333333331,0.07335059826778101,True,False,-0.04711930842656184,-0.03581149281955931,-0.06752479166666647,D2
7,F47,117,0.9079166666666666,0.8372424591334536,0.9152948341012866,0.8067679861111112,0.19528769739597085,True,False,0.07528064987207639,-0.05233721981486217,-0.10514708333333289,D2
7,F47,118,0.28562499999999996,0.3813595195221058,0.22303596046321056,0.3667701388888893,0.09640106337224938,True,False,0.03155614995569847,0.007163487326244722,0.01521527777777787,D2
7,F47,119,0.921875,0.6022951542805611,2.9357885547085774,0.636718402777778,0.34974922889530063,True,False,0.14253048675996371,-0.009144617003113975,-0.020976249999999697,D2
7,F47,120,0.4049583333333333,0.5886368273907748,0.8374877624965636,0.5632631944444445,0.18680289997041485,True,False,0.05465540386911982,0.006292611927298908,0.012454374999999906,D2
7,F47,121,0.5975416666666666,0.6530261035746855,0.08673455785333219,0.6584375694444448,0.06011605368414919,True,False,0.026060462078818424,0.011016807495015213,0.023291111111111484,D2
7,F47,122,0.5997916666666666,0.5312368073421795,0.12432292382872011,0.506890625,0.07197306319864864,True,False,0.017652780801021214,-0.005386670642152591,-0.01044118055555543,D2
7,F47,123,0.44,0.6564550670214626,1.1500751610605218,0.6337104166666668,0.21890591215753344,True,False,-0.021120842063362844,-0.0022405848769705417,-0.0016483333333332517,D2
7,F47,124,0.47941666666666666,0.6618887750142713,0.8107016521400768,0.6300498611111116,0.18379128245332133,True,False,0.011115749303438172,0.0011020835209452073,-0.00024479166666657726,D2
7,F47,125,0.671625,0.5976284165017539,0.13660117200974148,0.5873306250000001,0.07544345896368945,True,False,0.0007013207750167227,-9.213401863572557e-05,0.0009225000000000483,D2
7,F47,126,0.496875,0.6373733891062346,0.4997059333887582,0.7365652777777782,0.14429511619547256,True,False,-0.008149986596281245,-0.0012226824181835738,-0.0022054861111108215,D2
7,F47,127,0.688125,0.6850801158419615,0.011123077693506988,0.6775689583333334,0.02152815762118977,True,False,-0.0010774089166262508,-0.002005037508425178,-0.0027947916666664074,D2
7,F47,128,0.48029166666666673,0.6466728763101082,0.6743358948102158,0.6415292361111115,0.16762257888013077,True,False,-0.1952529391668525,-0.0227099975699101,-0.04290215277777809,D2
7,F47,129,0.71075,0.6558015413745445,0.07875930826695303,0.6403318055555558,0.05728558147087604,True,False,0.02001066390007679,-0.007910277375684394,-0.015608333333333113,D2
7,F47,130,0.4907916666666667,1.0310540510583066,7.156407051625253,0.830457361111112,0.5460619261137442,True,False,-0.7548273073095881,-0.02799920827899549,-0.05438951388888846,D2
7,F47,131,0.70275,0.6521958033305738,0.0700885050206802,0.6473905555555562,0.05404030325471606,True,False,-0.034130004467131894,0.011973668731661391,0.02273208333333332,D2
7,F47,132,2.7121666666666666,1.1949390071506594,59.93803261615335,1.1671643749999991,1.5803221271858015,False,False,3.808075198200271,-0.054501919463118886,-0.1332519444444451,D2
7,F47,133,0.46658333333333335,0.46386636238484513,0.002028968443434024,0.4748743749999998,0.009194582742558305,True,False,-0.00023039253876875124,-0.001940302786822834,-0.0058831250000001,D2
7,F47,135,0.49066666666666664,0.4482165645268204,0.057133937606207504,0.44444756944444436,0.0487911952466014,True,False,-0.004743185949062631,0.0021740472046771764,0.004614444444444532,D2
7,F47,136,1.65275,1.8465306884872312,1.1167158612062686,1.9249979166666655,0.21570773641726712,False,False,-0.08372316352496623,-0.010015497243718308,-0.033210069444445045,D2
7,F47,137,0.511375,0.4014058489645848,0.2922356210546551,0.40474562500000094,0.11034710784887218,True,False,-0.0018513651994467306,0.00036885666955266405,0.0005045138888891687,D2
7,F47,138,1.7102916666666665,1.5416308513080672,1.0910960079062126,1.4579928472222206,0.2132189805405674,False,False,0.30322993933936193,-0.06379600857270717,-0.15339444444444528,D2
7,F47,139,1.684375,1.5814860907762125,0.4130415836335884,1.5221407638888882,0.13118714107995819,False,False,0.2835448944168516,-0.09543402904427967,-0.21940083333333416,D2
7,F47,140,0.4033333333333333,0.4481515942260557,0.049485146201176625,0.45862118055555573,0.04540794084425864,True,False,0.009928376331975325,0.004848783728322759,0.009156736111111063,D2
7,F47,141,1.8655,1.7389360894625039,1.6328232658808572,1.654066180555553,0.26083386042658596,False,False,0.4630967635577081,-0.0703505512616529,-0.15892166666666863,D2
7,F47,144,0.409875,0.44276271935561784,0.029203553420645758,0.4388209027777779,0.03488287152543838,True,False,-0.0006295675403481665,-0.0004127560217131454,-0.0010671527777776357,D2
7,F47,145,2.141625,1.5949597861025435,9.960398001105194,1.447199374999994,0.6442178074063019,False,False,0.9748203198453957,-0.03320416385111602,-0.07622375000000225,D2
7,F47,146,0.7000000000000001,0.7683064203763985,0.1236034720666589,0.7657743055555554,0.07176450842473682,True,False,0.009065840111810636,0.0023520216662619164,0.003147152777777773,D2
7,F47,147,1.7504583333333334,1.4389090898959516,2.425621962158881,1.3653875694444448,0.3179112796939109,False,False,-0.1145843632249326,0.007143654103469732,0.012203680555554985,D2
7,F47,148,0.40570833333333334,0.4281484732369063,0.02757958188444988,0.44436340277777825,0.03389910389944566,True,False,0.0045036050326984454,0.005022451443222831,0.010966597222222763,D2
7,F47,149,0.6973333333333334,0.7632512549549019,0.10995278448048204,0.7574214583333334,0.06768578890742195,True,False,-0.00849700876170112,-0.002621795780431868,-0.0054163888888884015,D2
7,F47,150,0.4267916666666667,0.5307523565472306,0.378319156248412,0.5761508333333335,0.1255519740068517,True,False,0.013447546130529564,-7.299582555186923e-05,-0.0024059722222221636,D2
7,F47,151,1.3133333333333332,1.345854034277389,1.7430142972253533,1.252297013888891,0.2694913648296046,False,False,-0.04051251047608839,-0.006849282166069948,-0.01092805555555576,D2
7,F47,152,0.4427083333333333,0.6719260212048698,1.3053356426074962,0.7317618749999997,0.2332144616198697,True,False,0.013038996282212612,0.000982309904189016,-0.0011375694444445417,D2
7,F47,153,0.8378333333333333,0.8080110842395957,0.028681196019964723,0.8240267361111114,0.034569492824818776,True,False,-0.0069754813881699185,0.0019947949552057143,-0.0002768055555555371,D2
7,F47,154,1.6209999999999998,1.3867319968420038,1.7050008643784524,1.3419708333333358,0.26653649409121355,False,False,-0.06628561560012614,0.006173105637800047,0.012328680555555138,D2
7,F47,155,0.41566666666666663,0.4841905118203378,0.11715890813258405,0.4897190277777774,0.0698685993289618,True,False,-0.02894984438810587,-0.00804734472933366,-0.017792152777777903,D2
7,F47,156,0.83225,0.7656213831235124,0.11096430809969375,0.7760936805555562,0.06799641782834769,True,False,0.019584898398138997,-0.00653769085397482,-0.01265833333333366,D2
7,F47,157,1.2108333333333332,0.9374540582165659,4.7552498266977725,0.9736388194444451,0.4451240382699417,False,False,0.011207438218785448,0.004845510128008157,0.015561249999999749,D2
7,F47,158,0.410125,0.44868757747913063,0.03832450452144439,0.4381863194444446,0.03996066009289865,True,False,-0.005885050628592868,-0.0030987475486361493,-0.007629513888888939,D2
7,F47,159,0.721,0.7924805013135653,0.18289775637842987,0.7401402083333343,0.08729684902160699,True,False,-0.015914054988655724,-0.0045483000424124675,-0.009078611111110524,D2
7,F47,160,0.6937083333333334,0.7520929675824378,0.11578307385108451,0.7251750694444454,0.06945714321648414,True,False,-0.016934932775565723,-0.005406299156992533,-0.011847152777777592,D2
7,F47,161,0.646,1.085746575578912,4.674545684129488,1.273588263888889,0.44133064343950634,True,False,-1.591938954920968,-0.06983498881649108,-0.13942319444444506,D2
7,F47,163,0.56975,0.7618570224567489,0.8934288014347896,0.8302151388888892,0.1929409237559075,True,False,0.06856247386619374,0.007548514059543154,0.016311805555555448,D2
7,F47,165,0.487875,0.44684511608529215,0.04667052088851568,0.4520056944444451,0.04409767609547567,True,False,0.0002140671036991934,-9.28611221805431e-05,-0.0001394444444444698,D2
7,F47,166,0.6535,0.7190363265384666,0.11006572999315166,0.8217438888888894,0.06772054402504447,True,False,-0.004974023920653534,-0.001290575290719409,0.0006859722222218867,D2
7,F47,167,0.459625,0.4433525520535065,0.01294979587423468,0.43314062500000006,0.023228750032946492,True,False,-0.0016780205870727174,0.0011491338479118207,0.003820972222222274,D2
7,F47,168,0.782625,0.7093315091006988,0.1391626715884385,0.7228511111111113,0.0761475189977866,True,False,0.03170042053753254,-0.009660696715302008,-0.020440555555555573,D2
7,F47,169,0.4135416666666667,0.43516764368394817,0.023574247105049198,0.4219329166666665,0.03134103214707066,True,False,0.00022627422659430088,0.00083447361202027,0.002823819444444431,D2
7,F47,170,0.7702083333333333,0.7616393914034404,0.28334861569327424,0.759150416666667,0.10865630363928773,True,False,0.004735076183570719,0.000818307908781235,0.0009641666666664328,D2
7,F47,171,0.8664999999999999,0.8830270115467033,0.04191968101951036,0.8515293055555563,0.04179298237518988,True,False,0.007397460191404262,0.003329275397668585,0.011152777777778011,D2
7,F47,173,0.9253333333333332,0.7842524626459584,0.5304775327498563,0.8305383333333295,0.14867155252853187,True,False,0.018073757690841408,-0.002629156407016886,-0.005108680555555911,D2
7,F47,174,1.0531666666666666,0.9076787782577257,1.338206207827625,0.8502096527777793,0.23613257291787956,False,False,0.049867407061476854,-0.0031835380409617198,-0.010195972222222238,D2
7,F47,175,0.40491666666666665,0.4697139431627997,0.10320899764993618,0.4597536805555558,0.0655772437822807,True,False,0.004262268529730273,0.0013777846703809105,0.0034630555555557607,D2
7,F47,176,0.9803333333333333,0.8878847335647809,0.21984387148009743,0.8771640972222216,0.09570873163756129,True,False,0.014639687819312103,-0.0028607257797049757,-0.0018848611111110802,D2
7,F47,177,1.4867916666666667,1.0248724834954284,8.62756337641516,1.0643026388888874,0.5995680172846377,False,False,-0.02908514192411893,0.0010361875659374853,0.00259833333333348,D2
7,F47,178,0.30579166666666663,0.6981136070410384,3.6997672048150503,0.8114609027777772,0.39262828077877143,True,False,0.4796492790709883,0.026311183252727632,0.056340347222222364,D2
7,F47,179,0.248,0.2268741164278967,0.029429292361356982,0.22330243055555551,0.035017431588518035,True,True,-0.00011309712995316579,-9.268965270411988e-05,-0.0005443749999998471,D2
7,F47,180,0.20129166666666667,0.21519602831753315,0.005594648603363904,0.22313847222222202,0.015267952006523207,True,True,9.817361879652618e-06,1.7484800068717776e-05,4.923611111118387e-05,D2
7,F47,191,0.29050000000000004,0.3476511577750055,0.14757631644713068,0.49178131944444453,0.07841564375363574,True,True,0.0018350920545767424,0.001339728655859851,0.004690625000000281,D2
7,F47,192,0.14441666666666667,0.1636631008818065,0.022925193278572877,0.15247125000000014,0.0309065751355145,True,True,3.127439579456853e-05,-0.00020837398265649565,-0.0007971527777777543,D2
7,F47,193,0.381,0.3609930904041825,0.018603099129851114,0.4023156250000004,0.027841140968187045,True,True,-0.0006769658652896055,0.0008688501404077176,0.003643472222222277,D2
7,F47,194,0.253375,0.23434390248600215,0.014573801986756632,0.2557534722222221,0.02464227565482119,True,True,3.99869365597192e-05,4.543815536717233e-05,0.0002686805555554561,D2
7,F47,195,0.19183333333333333,0.201325662629246,0.0038138367722265246,0.20989999999999998,0.012605945641221786,True,True,-0.0001871819181866823,-0.00036810997962447023,-0.0015279861111111293,D2
7,F47,196,0.18425,0.21930270274235372,0.059375359889505895,0.2559410416666665,0.049739052350536515,True,True,0.0015841035358886701,-0.0003111097929790474,0.00022604166666650993,D2
7,F47,209,0.6549583333333334,0.48914859739038596,0.7571883888845455,0.4213585416666669,0.17762183481633875,True,True,-0.017511671037513277,0.002533978445194318,0.008539583333333212,D2
7,F47,210,0.51825,0.5069608144015358,0.020850562424304685,0.5202535416666665,0.029474962838755683,True,True,0.0020663581001236914,-0.000706029322225521,-0.0018398611111114516,D2
7,F47,212,0.521125,0.3896210959929256,0.4383484056962872,0.41395416666666657,0.13514627965287082,True,True,-0.0281082354283676,0.004537893780411639,0.007539305555555653,D2
7,F47,214,0.5314583333333333,0.4347891508589888,0.2774416202051182,0.3904534027777773,0.10751775438757355,True,True,-0.003297833475505385,0.0003783338554479987,0.0018636111111112186,D2
7,F47,215,0.7052499999999999,0.6782282455012187,0.025174714215941543,0.6339933333333329,0.03238744240696123,True,True,0.0010444815501313778,-0.0006198527729780468,-0.002421041666666346,D2
7,F47,216,0.5559583333333333,0.8384227554208872,1.9648936612368573,0.9792284722222218,0.28613033606767807,True,True,-0.4243751090638579,-0.029195578827210245,-0.054509097222222413,D2
7,F47,229,1.78825,1.3304200251524287,5.287184518444433,1.2807941666666656,0.46936058093451427,False,True,0.1379159733532438,-0.0060795539833284895,-0.013172083333333306,D2
7,F47,230,0.460875,0.43172461090408526,0.02651036408470088,0.4293961111111111,0.03323550065109902,True,True,-4.513921006698077e-05,-6.197987106554281e-05,-0.00014263888888882414,D2
7,F47,231,2.1767083333333335,1.460147368582957,15.10038013942831,1.362049375,0.7932102532175899,False,True,0.34058224496271805,-0.007692926360857388,-0.022266736111111296,D2
7,F47,239,0.433875,0.5637157211694476,0.4471600311333838,0.4488811805555559,0.13649786798295052,True,True,-0.09990657770836758,-0.010105245939341811,-0.04567638888888892,D2
7,F47,240,0.47258333333333336,0.5664281469576721,0.25576270649540017,0.44815597222222175,0.10323167845825398,True,True,-0.0015370465016089074,-0.0007579358563103433,-0.004663541666666715,D2
7,F47,241,0.65225,0.8420467713099393,1.123255519989793,0.7773526388888893,0.2163384231543441,True,True,-0.06412460451281587,-0.005384575547303094,-0.01924965277777746,D2
7,F47,242,0.7242083333333333,0.7757176818378736,0.09829633884554502,0.5928995138888892,0.06399750608602683,True,True,-0.010725329900548239,-0.002863620314633941,-0.01254083333333389,D2
7,F47,243,0.449,0.4924644655372144,0.42529498709486735,0.43877979166666686,0.1331188358658764,True,True,-0.050679231017946025,-0.005396821989865852,0.0030288194444443306,D2
ensemble,F13,8,0.17720833333333333,0.35683049655995297,0.8399132815678151,0.35048349537036994,0.1870732122244986,True,False,-0.0033364999414180474,-0.0003389360650853934,-0.0004823379629630975,D2
ensemble,F13,9,0.3919166666666667,0.32063589747846327,0.12259068372035746,0.32985437500000014,0.07146988984890695,True,False,1.1991515481105108e-05,-4.327906068246623e-06,-0.0007727777777778999,D2
ensemble,F13,10,0.37424999999999997,0.32978647309650017,0.049648966051758774,0.3440030787037038,0.045483039903059276,True,False,0.0011047413050273847,-0.0005200971953697175,-0.0011145370370369,D2
ensemble,F13,11,0.36833333333333335,0.369419124608148,0.01649521606791687,0.37636418981481407,0.026216419845137822,True,False,8.590308685455655e-05,-0.0008587959044589755,-0.00178032407407408,D2
ensemble,F13,12,0.3505,0.33301128947605935,0.00872586884734078,0.3447237962962963,0.019067717971461586,True,False,0.000695181127112747,-0.000721189464935712,-0.001931226851851764,D2
ensemble,F13,13,0.40054166666666663,0.2914352506755603,0.28730981155009505,0.2938588888888885,0.10941317172955287,True,False,0.005959635564796617,-0.0011235950447415766,-0.0019249305555554264,D2
ensemble,F13,14,0.3236666666666667,0.34417220349478833,0.012434758002889937,0.34098405092592593,0.02276213779035442,True,False,0.00035217493616046536,0.00037039902371432953,0.0007557638888889273,D2
ensemble,F13,16,0.322875,0.3325310064650362,0.003612646533247998,0.34201784722222195,0.012268942044256841,True,False,-1.753569414413101e-05,-3.0425185177429537e-05,2.8472222222186705e-05,D2
ensemble,F13,17,0.39683333333333337,0.3432070425426572,0.0700550291188707,0.3574296527777778,0.05402739625985702,True,False,-0.0014306871674830829,0.0005419520239524633,0.0008383564814814504,D2
ensemble,F13,18,0.3305416666666667,0.27414463016123397,0.0821726062484673,0.27654939814814833,0.05851374704875887,True,False,0.000672901371002177,-3.976581449616212e-05,-0.0008375694444443527,D2
ensemble,F13,19,0.383375,0.2977155412350374,0.1782068270758232,0.3220543749999999,0.08617009029525635,True,False,-0.004105315936197784,0.0010002766503502958,0.002941759259259158,D2
ensemble,F13,20,0.34195833333333336,0.3025534747378941,0.05045064442095599,0.31046143518518554,0.045848775165826396,True,False,-0.000886669139164499,0.0006858150373951211,0.0010223148148147954,D2
ensemble,F13,21,0.3625833333333333,0.2930251924932215,0.1287332219043729,0.3181253935185184,0.07323854344548052,True,False,-0.001871571808674477,0.0004269617518073421,0.0003985416666666408,D2
ensemble,F13,22,0.3542083333333333,0.29979666643112124,0.07840879037366345,0.31775162037037047,0.0571579647314001,True,False,-0.004086405819989633,0.0015070173952273502,0.0032124305555554233,D2
ensemble,F13,25,0.33645833333333336,0.3439961597043984,0.0018736282048836554,0.35665634259259243,0.008835600821118636,True,False,-0.00013350710557508377,-0.000383847332322218,-0.0003021990740740832,D2
ensemble,F13,26,0.33208333333333334,0.30222590535348876,0.024180188922700685,0.2910302083333341,0.03174126449559304,True,False,-0.0011711745429185232,0.0007547149707001211,0.0013844444444445214,D2
ensemble,F13,27,0.3579583333333333,0.33097491510044047,0.01874247348667252,0.32157122685185185,0.027945239223846726,True,False,-8.805570977146043e-05,7.583817358969291e-05,4.513888888901807e-05,D2
ensemble,F13,28,0.366625,0.25165519411466686,0.32000865771291254,0.2495235416666665,0.11547161586888509,True,False,-0.006760773754771909,0.0012400331897248207,0.00287550925925939,D2
ensemble,F13,29,0.30795833333333333,0.2687114481396458,0.043673455090600326,0.2643097222222221,0.04265826174894706,True,False,-0.00020549382006545408,0.0003058909315954983,-8.472222222233317e-05,D2
ensemble,F13,30,0.35904166666666665,0.3220326651927324,0.04035988385832025,0.337873587962963,0.04100807027196001,True,False,-0.000682266371978428,0.000301141653484438,0.0006357407407408533,D2
ensemble,F13,31,0.32033333333333336,0.30067853737569566,0.012636253488566267,0.2929163888888893,0.02294581796370734,True,False,0.0013772705936690981,-0.0014756201825296689,-0.0030492129629628995,D2
ensemble,F13,32,0.3295,0.25412296483941327,0.14242854563233676,0.25903143518518507,0.07703585356624991,True,False,-0.0014567908787175843,0.0003753539156032826,0.0012519212962962545,D2
ensemble,F13,33,0.33975,0.3030936664782462,0.03360999986413566,0.3089291666666662,0.03742214132042223,True,False,-0.000991858466723082,0.0005393807183100008,0.0012378935185185513,D2
ensemble,F13,34,0.34991666666666665,0.3112282049177982,0.03636881669547123,0.324881828703703,0.038927719716306285,True,False,-0.0024544952726614916,0.0013112824858801386,0.003015717592592615,D2
ensemble,F13,35,0.26345833333333335,0.19989927561450352,0.10064729700344445,0.18698597222222202,0.06475829966223264,True,False,0.0033848376112998874,-0.001116083144484692,-0.002312337962962957,D2
ensemble,F13,36,0.35883333333333334,0.32047337695581685,0.03741737004672961,0.3410531018518512,0.039484896926298294,True,False,-0.0006465885846411584,0.0003075295921753929,0.00130659722222215,D2
ensemble,F13,37,0.338,0.3188292010879236,0.0262014335839384,0.3607120370370367,0.03304128325793002,True,False,0.0010516553555015573,-0.0005192820540017573,-0.00037050925925924405,D2
ensemble,F13,38,0.297625,0.3385681516420014,0.04157151623976924,0.34779597222222236,0.04161906426135005,True,False,-1.62524718187243e-05,-5.496423142986595e-05,-0.0003838888888887393,D2
ensemble,F13,39,0.18516666666666667,0.23778166250547525,0.09893543643794757,0.22342516203703722,0.064205216700679,True,False,0.0005284606980494599,0.00012976597239275356,-0.00029976851851842845,D2
ensemble,F13,40,0.1728333333333333,0.23969533607320304,0.14297522294393183,0.23316685185185207,0.07718355366266287,True,False,0.0025132734066515283,0.0008765583182752945,0.002188055555555596,D2
ensemble,F13,41,0.33116666666666666,0.327136449562023,0.0007274144505192223,0.3349744444444445,0.005505355160051069,True,False,-0.00016247562092639096,0.0007631802730056481,0.0015457638888887737,D2
ensemble,F13,42,0.14945833333333333,0.23556137969006904,0.27541285454825654,0.22781506944444432,0.10712392639451447,True,False,-0.0011143156047995761,-0.00029195924300684517,-0.0006842592592593566,D2
ensemble,F13,43,0.34591666666666665,0.32477726352292996,0.011397068327995892,0.32498092592592565,0.021791692155494233,True,False,-0.00018738081019207924,0.00021611017292544332,0.00024282407407422157,D2
ensemble,F13,44,0.20025,0.17688998132190803,0.018514808831436393,0.1891843055555558,0.02777499537311422,True,False,0.00016664738760528708,-0.00013501301159615786,-0.00020057870370371322,D2
ensemble,F13,45,0.14758333333333332,0.17228879741158076,0.04448453031779502,0.18083925925925945,0.04305255040731957,True,False,0.00012172014365746664,0.00018784154500939287,0.0007733101851852275,D2
ensemble,F13,46,0.3981666666666666,0.3721332494827368,0.025664089440642655,0.44254004629629645,0.03270071956435786,True,False,7.323941308750789e-05,0.00038901414453262895,-0.0004013194444443813,D2
ensemble,F13,48,0.4250833333333333,0.4042927291672738,0.017971004083235192,0.4611650925925923,0.027364061043665764,True,False,-0.004382515531562676,0.004377937087162165,0.008478495370370098,D2
ensemble,F13,49,0.14991666666666667,0.17022680216883102,0.02725333539163638,0.17511393518518534,0.0336980064887848,True,False,0.00027965913207347523,0.00013783714111981205,0.00014166666666667882,D2
ensemble,F13,50,0.453625,0.4114761802339028,0.05245855992063703,0.45294974537037014,0.04675225481221781,True,False,-0.0010099983012062524,0.000855224521671083,0.0007187499999998237,D2
ensemble,F13,51,0.4850833333333333,0.461539858797778,0.020628299872645035,0.5007397222222215,0.029317443522475544,True,False,-0.0017404596987141314,0.0019247522560523755,0.003098495370370269,D2
ensemble,F13,52,0.23383333333333334,0.24141448422448378,0.0017934017510207007,0.2526672453703705,0.00864436654470389,True,False,-0.0003106781444364478,-0.0007264059105294707,-0.001703124999999972,D2
ensemble,F13,53,0.23683333333333334,0.26641637910059507,0.021662538026065648,0.2664216435185189,0.030043397795290545,True,False,0.0012323708904266872,0.000892391919494695,0.0019395138888889107,D2
ensemble,F13,54,0.24454166666666666,0.2602723367984967,0.007013554149042396,0.24380423611111116,0.017094777649234474,True,False,0.0005184928374563826,0.0006273060985000356,0.0012329629629629912,D2
ensemble,F13,55,0.5199166666666667,0.4380705184497933,0.16174264761762544,0.4597099305555556,0.08209309949117359,True,False,-0.004461820728973415,0.0011186124968396993,0.00256497685185203,D2
ensemble,F13,56,0.2577083333333334,0.2625387437038796,0.0016006882642090356,0.26433775462963005,0.008166721762252168,True,False,0.00010564914142825277,0.0006436020276879839,0.0014641898148148313,D2
ensemble,F13,57,0.549625,0.46572142056204585,0.1698478320079747,0.48129687500000023,0.0841248655293563,True,False,-0.00020745262403215614,4.5876012770118546e-05,0.0003104398148147114,D2
ensemble,F13,58,0.258375,0.24670674865558148,0.003544893438745209,0.2532733564814813,0.01215334905616762,True,False,-2.6798461858659143e-05,4.952332478300181e-05,0.00011525462962963529,D2
ensemble,F13,59,0.26229166666666665,0.24050650227048487,0.011528348683822394,0.2439904398148146,0.021916839686093727,True,False,0.0006130327444133638,-0.0005938941258864239,-0.0010416898148148113,D2
ensemble,F13,60,0.26495833333333335,0.22714987956473465,0.03445574843620409,0.23079305555555518,0.037890053903918336,True,False,0.00043749900330003477,-0.00024023070065051777,-0.00034192129629637136,D2
ensemble,F13,61,0.26429166666666665,0.23854507121248883,0.016138655855834218,0.2416318981481479,0.025931525099636782,True,False,0.00017321697851703163,-0.0001356695061054125,-0.00020939814814815993,D2
ensemble,F13,62,0.5582916666666667,0.4759384635477151,0.16561591897091296,0.48707196759259225,0.08307023107259728,True,False,-0.0036212606723921292,0.0009355950548377012,0.00238946759259262,D2
ensemble,F13,63,0.2705,0.2606399098820966,0.00315158431853242,0.2619089814814815,0.011459319930614737,True,False,1.341958932651096e-05,-0.00010923678084412414,-7.287037037040367e-05,D2
ensemble,F13,64,0.5405833333333333,0.5347773748217545,0.0058245422995617776,0.5413549768518515,0.015578487169226052,True,False,0.00021719358777381147,0.00039419869496470916,0.0016481944444445285,D2
ensemble,F13,65,0.2655,0.25732776238523813,0.002674863829949936,0.2624765046296296,0.010557114169186924,True,False,0.0004056003532334788,-0.0009278781224030253,-0.0016723842592591964,D2
ensemble,F13,66,0.25133333333333335,0.2525822786964627,0.0007113909990895445,0.25829675925925943,0.005444381657151803,True,False,-4.047183967679938e-05,-0.0005592647512537852,-0.0011751157407406954,D2
ensemble,F13,67,0.5415833333333333,0.47362498522347507,0.1165432868226242,0.4996655092592593,0.06968479234579097,True,False,0.007082114345845325,-0.0023709978366391327,-0.00660354166666649,D2
ensemble,F13,68,0.24787499999999998,0.2530016285644388,0.0009375448868945236,0.25786462962962947,0.006250149621190825,True,False,-3.04890018821126e-06,1.4382562632420104e-05,8.854166666671937e-05,D2
ensemble,F13,69,0.42891666666666667,0.4148112295360454,0.011803022386479007,0.4373562499999993,0.022176397350260148,True,False,-0.0011363960624406009,0.0015652528412431477,0.0030621527777777158,D2
ensemble,F13,70,0.44295833333333334,0.4208641456776104,0.020431572094414683,0.44492675925925845,0.029177311458288016,True,False,-0.001568031683931742,0.0014996798630454444,0.0029496296296295244,D2
ensemble,F13,71,0.549125,0.505328822206495,0.04943447502910862,0.528311041666666,0.04538468676634803,True,False,0.0020642809921587527,-0.0008591982866239523,-0.002532175925925917,D2
ensemble,F13,72,0.45575000000000004,0.42535824856116083,0.02872357022040603,0.4509309490740736,0.0345950202464206,True,False,0.002808060589398715,-0.002200818044798547,-0.004207824074073996,D2
ensemble,F13,73,0.56725,0.5345293304259675,0.031091342179368462,0.5484648842592593,0.03599267412692504,True,False,-0.0006266537343048197,0.0004885593777409492,0.0006172222222221579,D2
ensemble,F13,75,0.46820833333333334,0.5012783041404574,0.028447604368567716,0.5039265972222221,0.034428430819459684,True,False,-0.001987549057764066,-0.001166689749655614,-0.001894467592592597,D2
ensemble,F13,76,0.5653333333333334,0.503164922380325,0.09875507837519767,0.5236402546296293,0.0641466673514681,True,False,-0.0009772330908670163,0.00036625986858107584,0.0004398379629629856,D2
ensemble,F13,77,0.482875,0.5117136324192942,0.023629206034118402,0.5244655555555554,0.03137754374423849,True,False,0.0028388875829308685,0.0022196522207040825,0.005008449074074051,D2
ensemble,F13,78,0.5759583333333333,0.537738426526958,0.037080958887066764,0.5542914351851858,0.03930699624275279,True,False,-0.0005173590254851992,0.00032325469084348857,0.0007940277777777061,D2
ensemble,F13,79,0.495625,0.5009665770473516,0.006474809847745742,0.4963745601851853,0.016425094935983556,True,False,-0.0010131722975052137,-0.0020839963301455544,-0.003581504629629473,D2
ensemble,F13,80,0.5730833333333333,0.5050920959364542,0.11574559108069096,0.5124351388888891,0.06944589953118512,True,False,0.0019507967997969833,-0.000520058757048858,-0.0001523379629628785,D2
ensemble,F13,81,0.5222916666666667,0.49951884710276184,0.01947757239196935,0.5121838888888891,0.028487988983641094,True,False,0.00085363952842063,-0.0013226349718666874,-0.0018941898148147063,D2
ensemble,F13,82,0.5330833333333334,0.5023021050045259,0.026091742536528663,0.506156828703704,0.03297204784392422,True,False,-0.0008358207126166577,0.0005086246117675941,0.0017859259259260796,D2
ensemble,F13,83,0.5427083333333333,0.5305156893744933,0.009917753840671966,0.5332081250000001,0.020328299076935383,True,False,0.0002886785993560098,-0.000451691149110367,-0.0009720833333333179,D2
ensemble,F13,84,0.5364166666666667,0.544716420923932,0.007741843155995303,0.5569580787037036,0.017960423106554893,True,False,0.0001140422650005397,-0.0003418420232194075,-0.0009443055555554691,D2
ensemble,F13,85,0.5724583333333334,0.5526988576801712,0.018081446355006258,0.564814189814815,0.027448016287616502,True,False,-0.00013280674490781866,3.3855840465668585e-05,8.03472222220547e-05,D2
ensemble,F13,86,0.556875,0.5271031117433617,0.022630800640635402,0.5226484953703702,0.030707491377400756,True,False,-0.00039990025700467613,8.371452423305836e-05,0.0014243518518518572,D2
ensemble,F13,88,0.5509166666666667,0.486816005733763,0.10176365084873328,0.49838546296296277,0.06511645044608329,True,False,0.002941774575710654,-0.0009338567388075258,-0.0022935416666668984,D2
ensemble,F13,89,0.5786666666666667,0.5642703477067037,0.011573920598933139,0.5815667824074074,0.021960115929161535,True,False,0.00042100108055761164,-0.0005813640966459976,-0.0013306712962962708,D2
ensemble,F13,90,0.5575416666666667,0.441880494602582,0.3226869908615573,0.4439495601851853,0.1159538325623531,True,False,0.003651493308446163,-0.0006556190071929646,-0.001647337962962958,D2
ensemble,F13,91,0.5779166666666666,0.5457866369937397,0.02636191878863816,0.5618515740740739,0.0331423186101987,True,False,0.005959636903653965,-0.0038235371571823107,-0.005917245370370305,D2
ensemble,F13,92,0.48141666666666666,0.41199419584716396,0.1333878595432066,0.44145965277777793,0.07455083823114896,True,False,-0.007224045372542648,0.0021726877455831572,0.0043656018518518636,D2
ensemble,F13,93,0.3935416666666667,0.4919213809546281,0.24326611479743254,0.49136812499999977,0.10067814120532663,True,False,-0.0037467427092791883,-0.0007434996443496655,-0.001978217592592424,D2
ensemble,F13,94,0.40116666666666667,0.5320826579439398,0.4147318331556449,0.5303371990740737,0.13145528916004814,True,False,0.018159311888901963,0.0030474197350830456,0.004620069444444375,D2
ensemble,F13,95,0.482,0.41187582558204566,0.12660022551278452,0.44702159722222246,0.07262925991889234,True,False,-0.005315404187276829,0.0013320998155992303,0.0036313657407409106,D2
ensemble,F13,96,0.4086666666666667,0.545260960138252,0.46677388919609153,0.5714987268518518,0.1394593562649604,True,False,0.02041434748320775,0.0033201307667942714,0.006003287037037008,D2
ensemble,F13,97,0.4735416666666667,0.42848046888575,0.05259810079086526,0.47223030092592627,0.04681439450588589,True,False,-0.005855629310675757,0.002536416573141187,0.006036620370370449,D2
ensemble,F13,98,0.39937500000000004,0.4096820604650551,0.020189843816151454,0.4274028009259256,0.029004197839961787,True,False,0.0009957265621794373,0.00048412638481015735,-8.217592592585365e-05,D2
ensemble,F13,99,0.46108333333333335,0.4278790782754511,0.030199973588641255,0.43794138888888895,0.03547297891156101,True,False,0.00013015685732781918,-4.3023999992231055e-05,-0.00025530092592590536,D2
ensemble,F13,100,0.4057916666666667,0.35410983411058256,0.07797473260723296,0.3554157175925925,0.05699953676976718,True,False,0.0011335526031373971,-0.00042980302194101094,-0.001027083333333234,D2
ensemble,F13,101,0.45108333333333334,0.43937323060373984,0.008520392207429544,0.44614291666666656,0.018841877347446856,True,False,3.99825764923218e-05,-8.856064717288614e-05,-0.0007510648148148502,D2
ensemble,F13,102,0.38608333333333333,0.3631486639638468,0.05304928323363021,0.3647751388888884,0.04701475089162186,True,False,0.0011213981158712596,-0.000551981914122035,-0.00065307870370368,D2
ensemble,F13,103,0.447375,0.4743943461581977,0.02442646044846188,0.470509814814815,0.0319024949706536,True,False,-0.0013472194223489928,-0.000629058843775343,-0.0004937037037037739,D2
ensemble,F13,104,0.31779166666666664,0.4057574323597035,0.19002258582396747,0.41365675925925927,0.08898094033367658,True,False,-0.010927390304671158,-0.0025189758998093725,-0.005378194444444484,D2
ensemble,F13,105,0.442,0.4798222064202648,0.04022839164179387,0.488346712962963,0.04094121377139111,True,False,0.0004337735072594759,0.00047281519160657925,0.0015922685185185692,D2
ensemble,F13,106,0.31616666666666665,0.496438824862212,0.7893781691434336,0.5179763194444443,0.1813580906594549,True,False,0.03402235327322578,0.003990324968769776,0.009410231481481457,D2
ensemble,F13,107,0.44425,0.4770154696227327,0.032281610948423724,0.4849562500000002,0.03667515675291639,True,False,0.0003427777849520086,0.00032806301176657726,0.000830949074074161,D2
ensemble,F13,108,0.4572083333333334,0.4758911802415789,0.015332272485162777,0.5042330092592596,0.025275377086836557,True,False,-0.0023112028777979386,-0.0028382275406239055,-0.006517407407407472,D2
ensemble,F13,109,0.3450416666666667,0.5196993854482458,0.7408170525252643,0.5806082870370366,0.17569114146294537,True,False,-0.013821364607814357,-0.0016425157863930728,-0.0032958101851850996,D2
ensemble,F13,110,0.35375,0.41598173555374257,0.09471918390736585,0.41015217592592546,0.06282223064176336,True,False,-0.004675793187072147,-0.0015513866982092561,-0.0038453703703703046,D2
ensemble,F13,111,0.3712083333333333,0.4816621820414098,0.29774229226622806,0.48253722222222223,0.11138190537257912,True,False,-0.05005995347494757,-0.009059876669381128,-0.01777576388888874,D2
ensemble,F13,112,0.39633333333333337,0.6675845061446104,1.7865709424436917,0.7019414814814816,0.27283778318838803,True,False,0.019069830643087204,0.0016270905397935964,0.00473766203703696,D2
ensemble,F13,113,0.5562916666666667,0.5181051350204829,0.03848396394981683,0.534821203703704,0.04004370734471316,True,False,0.003043580242276425,-0.0018619290648360654,-0.0031361111111111173,D2
ensemble,F13,116,0.9369166666666667,1.0151099561098076,0.23265893558861697,1.045283055555555,0.09845873407774637,True,False,-0.0071727502445828595,-0.002701193072918384,-0.00840150462962952,D2
ensemble,F13,117,0.3037916666666666,0.3159347123323318,0.008866007169144935,0.31952023148148195,0.01922022282339721,True,False,0.00022111184571477205,0.0003727768806157661,0.0008116435185184234,D2
ensemble,F13,118,1.101625,1.1236345743254645,1.5553210935642245,1.243355902777777,0.2545683514602238,False,False,0.02820846917905495,0.019546240423531147,0.03975939814814833,D2
ensemble,F13,119,0.3114166666666667,0.41008262927225164,0.24093644648791893,0.3953060879629628,0.10019490308225908,True,False,-0.0008587066758303508,1.9046815273815465e-05,0.0016325694444445094,D2
ensemble,F13,120,1.25,1.1958791802817608,1.283345565277946,1.375625671296295,0.23124171744428185,False,False,-0.09533555265243576,0.033570657134462945,0.0679062731481479,D2
ensemble,F13,121,1.3183749999999999,0.8596869007040264,5.662906453052505,0.8809580324074076,0.4857514133215202,False,False,0.48236796831613304,-0.021661063620603827,-0.04950500000000002,D2
ensemble,F13,122,0.34879166666666667,0.43314137014102977,0.18680109137171266,0.45661467592592575,0.08822345950570457,True,False,0.019705681135894992,0.004997080590657843,0.010461504629629637,D2
ensemble,F13,125,1.4950833333333333,1.4588924891264774,0.2813565946094859,1.4953872222222193,0.10827368767185273,False,False,-0.04773814734877635,0.023887447159097075,0.04687113425925915,D2
ensemble,F13,126,0.3818333333333333,0.5534578052962783,0.7831783300494819,0.5328267361111114,0.18064448626716623,True,False,0.0032146836638413667,3.233186090412232e-05,-0.00128009259259243,D2
ensemble,F13,128,0.7817083333333333,0.7527771285996199,0.099409011266418,0.761573101851853,0.06435869899322663,True,False,-0.01119541867341324,0.006747678834158055,0.014082731481481647,D2
ensemble,F13,129,0.7205833333333334,0.6769803646949327,0.05066439027140426,0.636561018518519,0.04594579699285355,True,False,-0.0015181959636248604,0.0009205180548375047,0.0013966898148147777,D2
ensemble,F13,130,0.773125,1.0151060474737539,1.416969067954762,0.9643725925925928,0.2429822582647721,True,False,0.013907748688162025,0.0011367607109733502,0.0044134953703705015,D2
ensemble,F13,131,0.73775,0.7579396190958002,0.025272782241694058,0.7352783564814809,0.032450463685499455,True,False,0.007064570585700133,0.007857679583758603,0.016103981481481178,D2
ensemble,F13,132,0.8696666666666667,1.2657520778524916,4.055072167443657,1.32539550925926,0.41104907287348597,True,False,0.28888589403747433,0.015103569249013349,0.030677592592592617,D2
ensemble,F13,133,0.9788333333333333,1.2383683486359158,1.63741436667452,1.375820902777776,0.2612003036204941,True,False,0.05288675986604985,0.004254651470772641,0.008099560185184984,D2
ensemble,F13,134,0.7533333333333333,0.7385026385057792,0.008379195260560614,0.749175648148149,0.018685104652013385,True,False,-0.00190780580783023,0.0022137573626248574,0.003999421296296601,D2
ensemble,F13,135,1.0125833333333334,1.1115059570683228,0.29383723715703586,1.1637348842592576,0.11064907688217057,False,False,-0.07440727919564899,-0.014554336708335835,-0.028566296296296922,D2
ensemble,F13,136,0.73775,0.7690091783079116,0.025611527569845964,0.801766481481482,0.03266721570744766,True,False,0.015004319666441713,0.012773194683702194,0.025542361111111078,D2
ensemble,F13,137,1.075875,1.261527390877952,1.1729987976503515,1.4529561111111098,0.2210767963900734,False,False,-0.4225511641005102,-0.03706623743009407,-0.06396717592592727,D2
ensemble,F13,138,0.7215416666666666,0.7587023804317425,0.03811698107579013,0.8088086805555551,0.03985232169930114,True,False,0.01041109451043071,0.0060592407931108205,0.013385300925925936,D2
ensemble,F13,139,1.3034583333333332,0.9690456166905114,4.701557450468964,0.9486750231481486,0.4426039167278951,False,False,-0.0917871098584806,0.004205144587892895,0.01151358796296309,D2
ensemble,F13,140,0.714625,0.7801344662006057,0.10834953823902599,0.8191791203703703,0.067190505975865,True,False,0.005412998562752652,0.0021137503049512008,0.002665185185185326,D2
ensemble,F13,141,0.7079166666666666,0.7566052987454781,0.07143488232162228,0.7897495601851846,0.05455688251786015,True,False,0.017606875009393175,0.008114788073516732,0.015513680555555465,D2
ensemble,F13,142,0.4254583333333333,0.4530089200554653,0.08134345278813242,0.45574550925925944,0.05821778536528894,True,False,0.0008537423846872866,0.0004328153386055633,0.0014473611111109896,D2
ensemble,F13,143,1.52975,1.2442681082918154,2.415388602404713,1.2788153009259258,0.3172399592845501,False,False,0.018454967347372175,-0.001301758681381493,-0.004211412037037343,D2
ensemble,F13,145,0.6891666666666666,0.7438211172391198,0.07566243664720894,0.7538350462962956,0.056148032262645135,True,False,0.008066736121424986,0.0031718341815594187,0.00634083333333324,D2
ensemble,F13,146,1.4956666666666667,1.392612868035065,1.0001262158561506,1.4046246527777777,0.2041370266773594,False,False,-0.036598606087876906,0.008371976575556106,0.012915787037037552,D2
ensemble,F13,147,0.41225,0.47170107309143766,0.1280248456680784,0.4474056250000002,0.07303676176764183,True,False,0.002276906648159327,0.001000132760491379,0.0017634490740740527,D2
ensemble,F13,148,0.7375833333333333,0.8649519724113935,0.3936802728605337,0.9074221064814817,0.1280755429522836,True,False,0.027550006029667506,0.004389100711734151,0.012403842592592751,D2
ensemble,F13,149,0.7759166666666667,0.7507159515683305,0.024948304914824755,0.7082199074074071,0.03224147491639247,True,False,0.0006058923215365823,-0.0012950274269059037,-0.0037442592592591417,D2
ensemble,F13,150,0.8217500000000001,0.8395109397701331,0.010272959409201594,0.8743776620370372,0.020689126984563648,True,False,0.00340914255185161,0.004487319942128698,0.01090386574074087,D2
ensemble,F13,151,1.676875,1.4011069104004752,2.0107167325807307,1.3882287499999995,0.2894475148581007,False,False,-0.0534991574903696,0.004596620864482537,0.00681074074074095,D2
ensemble,F13,152,0.43320833333333336,0.43667615309073393,0.0027360915099724995,0.42066532407407414,0.01067725680666719,True,False,2.5608981737215708e-05,3.9710908819046153e-05,-0.00010238425925923611,D2
ensemble,F13,153,1.6374166666666667,1.5035386480674686,0.675592091398726,1.4119198148148129,0.1677786353352146,False,False,0.01632632649595389,-0.003868259297556742,-0.00430946759259232,D2
ensemble,F13,154,0.412625,0.48235742096690354,0.1551923143580287,0.46344381944444407,0.08041359606176389,True,False,-0.025525356574145647,-0.0051611938738611585,-0.015831967592592533,D2
ensemble,F13,155,0.807375,0.8099899287726694,0.014595168285282088,0.9178439120370369,0.02466033276107104,True,False,-0.031476824152698916,0.040545806323082356,0.0875405555555554,D2
ensemble,F13,156,0.7513333333333333,1.1599458351720275,4.0587482781953765,1.1388865972222233,0.411235348178478,True,False,0.40688549247574723,0.021905918044202943,0.04986312500000012,D2
ensemble,F13,157,0.42483333333333334,0.4456230705516651,0.024463486807059533,0.41532203703703724,0.03192666519218923,True,False,-0.0005511056103669754,-0.0003661020087832312,-0.0009537268518519659,D2
ensemble,F13,158,0.4527083333333333,0.4375939459623228,0.02120368918858215,0.43712284722222255,0.02972351004717068,True,False,-0.001173507207025911,0.0014046809383863046,0.0031588888888888222,D2
ensemble,F13,159,0.5987083333333333,0.8617387309377262,1.6978372267528046,0.9397313888888891,0.2659759721880284,True,False,-0.062199796008331365,-0.005362270544982395,-0.007182754629629695,D2
ensemble,F13,160,0.45808333333333334,0.7256936175798431,1.7717236660034588,0.7405326157407416,0.27170171036784213,True,False,0.04543837585087851,0.003328879043976163,0.008292430555555397,D2
ensemble,F13,161,0.491625,0.45256201668614576,0.04538129006869392,0.46791011574074076,0.0434843315022271,True,False,0.0016687371323143574,-0.0014202707205517306,-0.0018260185185182687,D2
ensemble,F13,162,0.585875,0.7443039599099531,0.6192127476310237,0.7702228935185192,0.1606254374353348,True,False,0.01508367210836048,0.002332307177039361,0.0075504166666664485,D2
ensemble,F13,166,0.7276666666666668,0.7607704896723115,0.04208982895042452,0.8284839120370373,0.04187771332026565,True,False,0.0018592789296554418,6.127234936581516e-05,-0.001717245370370435,D2
ensemble,F13,167,0.43249999999999994,0.4400734180631809,0.04555915375731042,0.44833030092592624,0.043569462622590004,True,False,-0.0004315771519121103,-0.0007976554425850879,-0.0017336574074072741,D2
ensemble,F13,168,0.6692083333333333,0.7957474146236502,0.39568091195478317,0.7889168981481486,0.12840056333514518,True,False,0.02255312712289098,0.003991413773007713,0.009395717592592723,D2
ensemble,F13,169,0.8197916666666667,0.70768111218836,0.3100968265323549,0.7041365046296301,0.11366926192033969,True,False,0.0614638835568298,-0.01197006209401541,-0.027050462962962873,D2
ensemble,F13,170,0.433875,0.4336835190535237,0.014193600344231798,0.417974560185185,0.024318717366320772,True,False,2.1524243558442707e-05,0.0005954961318985208,0.0012658101851851788,D2
ensemble,F13,171,0.8714583333333333,0.8258252858395404,0.07312081205167714,0.8605877083333339,0.05519692475268178,True,False,0.007807257852627536,-0.005835940760570146,-0.008840532407407675,D2
ensemble,F13,172,0.9783749999999999,0.87424377859262,0.5997528651773989,1.0123430555555548,0.15808131678261336,True,False,0.014706311797925586,-0.004692456441028114,-0.01055043981481485,D2
ensemble,F13,173,0.42091666666666666,0.462614214412925,0.05702165658930754,0.4589402083333334,0.048743228841427955,True,False,-0.0034691315399372202,-0.0018664273808073895,-0.004418518518518433,D2
ensemble,F13,174,0.9472083333333333,0.8146508513754752,0.42567978485541447,0.8020196990740723,0.13317904378057735,True,False,0.02077095767702447,-0.003295653925592612,-0.006203912037036963,D2
ensemble,F13,175,1.2699166666666668,0.9407902667803943,6.093343680248694,0.9338887268518522,0.5038743097344438,False,False,-0.006485098603099537,-0.0007870497842576984,-8.72222222221275e-05,D2
ensemble,F13,176,0.4254166666666666,0.43519447383336834,0.014244097986850746,0.4370717592592595,0.0243619392246481,True,False,-0.00010434167971249027,-0.0003802838004949294,-0.001386574074073943,D2
ensemble,F13,177,1.0051249999999998,0.9576293753988817,0.0880871695531874,0.9995640277777773,0.06058299044602213,False,False,-0.0560328340419291,0.020567346260576436,0.042043611111111434,D2
ensemble,F13,178,1.8420416666666668,1.0871596961986023,19.757896787034603,1.1505248148148155,0.9073288816409268,False,False,-0.0047575387852987205,-0.00045161563563178575,-0.000581874999999954,D2
ensemble,F13,179,0.4014166666666667,0.3243107283521224,0.16402318672930966,0.307525486111111,0.08266982186417586,True,True,0.0041656304262912,-0.0011140112152038806,-0.003902291666666724,D2
ensemble,F13,180,0.2919583333333333,0.31224328609130864,0.12453633225306773,0.3060193287037037,0.072034809945455,True,True,-0.0001671687562416757,0.0004866104612038513,0.001901018518518538,D2
ensemble,F13,181,0.38358333333333333,0.31051160033387437,0.13557321303185893,0.3018323611111112,0.07515905718093766,True,True,-0.0016025626705263585,0.0004350483752760814,0.0017859490740741446,D2
ensemble,F13,182,0.33537500000000003,0.31680018717727904,0.013413646351451999,0.27581189814814794,0.02364110681229836,True,True,6.0059468306393124e-05,0.00034767115775125035,0.0010536805555554363,D2
ensemble,F13,183,0.3569166666666666,0.32156645312415,0.03166761326738681,0.3121672916666666,0.03632470077152897,True,True,-0.0007509621917697606,0.0004442432270190255,0.001875185185185091,D2
ensemble,F13,195,0.55625,0.5177391489984356,0.036548096544300794,0.4582250231481481,0.03902354873678883,True,True,0.0005313337456446521,-0.00030672497634265383,-0.001174907407407333,D2
ensemble,F13,196,0.5474166666666667,0.5112189000266765,0.03343278993085285,0.44848361111111124,0.037323356143111455,True,True,0.000989704997283014,-0.0006421343639338994,-0.0024871990740739647,D2
ensemble,F13,197,0.5479166666666667,0.5185037417832392,0.02141144723762003,0.47972152777777755,0.02986877357543886,True,True,0.0012458392989355034,-0.0009108504372741244,-0.003724768518518662,D2
ensemble,F13,198,0.27608333333333335,0.26115539991414477,0.006181280715223305,0.2583710648148147,0.016048469183517298,True,True,-5.8148802003559104e-05,7.646538019101534e-05,0.0002320601851851789,D2
ensemble,F13,211,0.5396666666666666,0.5091264537617425,0.04477901030520836,0.6153028935185185,0.04319481561542251,True,True,0.0020566626704313015,-0.0016439665347497412,-0.005688611111110853,D2
ensemble,F13,212,0.29433333333333334,0.3218529510637296,0.024767975767256378,0.29042138888888874,0.032124741093156675,True,True,-0.0004638445179922998,-0.00046077766674945675,-0.0021367129629631387,D2
ensemble,F13,213,0.292,0.3180627660809706,0.019694104765384468,0.28353331018518513,0.02864590195050046,True,True,0.00020604910727649306,-2.151819280538092e-07,-0.0004448148148148423,D2
ensemble,F13,214,0.9180416666666668,0.5252321692383898,3.973499999253113,0.7468489351851842,0.4068937207292338,True,True,0.0231393133081661,-0.0012048830335305016,-0.005262060185184936,D2
ensemble,F13,215,0.32666666666666666,0.2756393865177495,0.07082992477996283,0.23120574074074066,0.05432537957374789,True,True,0.0012813002037086185,-0.0005777054246773883,-0.0025905324074074476,D2
ensemble,F13,217,1.69325,1.1883243682630538,6.283680922950916,1.1531869444444445,0.5116835335012142,False,True,0.08396868718827566,-0.0036246018554790815,-0.016215486111111233,D2
ensemble,F13,218,0.38949999999999996,0.3506693647063906,0.05462058946824237,0.4113774768518516,0.04770595240124757,True,True,0.0022468211461748877,-0.0018475078035851134,-0.007915717592592686,D2
ensemble,F13,231,0.620875,1.0041046104875606,3.53433646194154,0.950279444444444,0.3837499436450306,True,True,0.1638798093817222,0.009004135761402687,0.01517868055555549,D2
ensemble,F13,232,0.738625,0.7222888224842771,0.04761747935100842,0.7598781712962966,0.044542806822486514,True,True,0.00026448091172490834,0.0025357755467442233,0.006591481481481809,D2
ensemble,F13,233,0.6336666666666667,1.1754600096314782,7.1752741671829705,1.038916018518518,0.5467812697651202,True,True,-0.46420708899976404,-0.01729691558235613,-0.03913312499999977,D2
ensemble,F13,241,1.4315,0.994485291283846,4.875100822095778,0.9097027546296296,0.4506985699119284,False,True,0.6623796127682908,-0.03268045383610141,-0.06877912037037026,D2
ensemble,F13,242,0.43204166666666666,0.6143901857586612,0.8421204917872732,0.47297599537037044,0.18731885603021847,True,True,0.002496038810397616,0.0003609286646912846,0.0008987268518518832,D2
ensemble,F13,243,1.7187916666666665,0.9854766821062152,13.147093471728448,0.9209131249999998,0.740132124233247,False,True,1.5482256906809635,-0.04779916350885982,-0.0629680787037038,D2
ensemble,F13,244,0.44004166666666666,0.3530645817202846,0.19859975723948112,0.34673513888888907,0.09096697139609727,True,True,0.010108132368697786,-0.002453100622253679,-0.00517831018518522,D2
ensemble,F13,245,0.84025,0.7517655457111725,0.20262728400922625,0.7172210416666663,0.09188472941889979,True,True,0.010012434979005502,-0.002483500195881505,-0.010607986111111023,D2
ensemble,F47,6,0.24050000000000002,0.20360083766882886,0.03716068721375927,0.22989807870370424,0.03934923083415951,True,False,0.0005291204867225105,-6.076754523101635e-05,0.0006932638888888509,D2
ensemble,F47,7,0.35720833333333335,0.2065346552197441,0.5504069351728236,0.20377844907407308,0.15143850995987662,True,False,-0.00363410732754077,0.0004980686011415991,0.0010071759259259183,D2
ensemble,F47,8,0.20741666666666667,0.17307916640382137,0.037437715798760665,0.1977869675925932,0.03949563045386617,True,False,6.972147131913825e-05,-4.4599027673286606e-05,-0.00016743055555562547,D2
ensemble,F47,9,0.174625,0.18171282256530993,0.004217910879058271,0.21806618055555563,0.013256933530323969,True,False,4.6177103698532077e-05,0.00047735530533873916,0.000748402777777768,D2
ensemble,F47,10,0.146625,0.20202477958571982,0.07427224810754028,0.2409249074074075,0.055629821179659075,True,False,0.0011395320259156433,0.0004357574463925429,0.0007697685185186209,D2
ensemble,F47,11,0.21845833333333334,0.25709982673692583,0.036831716108950044,0.2538715277777775,0.03917467087127751,True,False,7.120377589055898e-05,-7.777732861424802e-06,0.0003392129629630203,D2
ensemble,F47,12,0.13158333333333336,0.20344217565063225,0.12630164526307983,0.2215516666666667,0.07254356313711319,True,False,0.0008617703732557436,0.0002551915627797552,0.0007574074074073733,D2
ensemble,F47,14,0.11625,0.14674160395204772,0.02296765915729003,0.1379440972222221,0.030935187056496328,True,False,-0.0006588017604412452,-0.00044009699270933234,-0.0008646527777778079,D2
ensemble,F47,15,0.19104166666666667,0.23265752674523255,0.04181331590694311,0.241825208333333,0.041739926882094915,True,False,0.0010425756418335555,0.0005209530752773306,0.0009596527777777919,D2
ensemble,F47,16,0.19587500000000002,0.2328685138566111,0.033418291043762045,0.23827925925925933,0.03731526220583322,True,False,3.478798305646402e-05,2.8870167035760508e-05,-0.0002786342592590585,D2
ensemble,F47,17,0.112375,0.21706576141388176,0.2643405480260127,0.25532780092592594,0.10494850880829067,True,False,-0.0028934201685328897,-0.0006248981683270038,-0.00039050925925926405,D2
ensemble,F47,18,0.2031666666666667,0.23904849338124642,0.031399173518569266,0.24775541666666656,0.03617041465904217,True,False,0.0006505945514135789,0.0003733121646363191,0.0005727314814814866,D2
ensemble,F47,19,0.12375000000000001,0.2546361491238735,0.4117114749646069,0.31324624999999967,0.13097574122787758,True,False,-0.008706513090606993,-0.0013838599439680577,-0.0019624305555557275,D2
ensemble,F47,20,0.2107083333333333,0.2365190206561659,0.016730300143525282,0.2429205555555554,0.02640257258892689,True,False,-0.0002307839431422709,-0.0001949947395480378,-0.0004415740740739693,D2
ensemble,F47,21,0.14804166666666665,0.27545900173142096,0.39745101482071016,0.2669682870370363,0.12868744674933497,True,False,0.011491306985449146,0.001953724128347989,0.004549351851851902,D2
ensemble,F47,22,0.21754166666666666,0.23603584640257422,0.008653834022346664,0.22910627314814794,0.01898884982292971,True,False,-5.4597864421345246e-05,-7.416569576401688e-05,-4.91666666666557e-05,D2
ensemble,F47,23,0.181625,0.29743416152816565,0.3261118153249677,0.30575476851851785,0.11656754396146032,True,False,-0.0055364133094804036,-0.0011203269473207822,-0.003561134259259302,D2
ensemble,F47,24,0.22620833333333334,0.28569469733516256,0.08570199059039357,0.3054796527777776,0.05975714413021871,True,False,-0.00026707394210627455,-8.677449417299199e-05,-0.00010546296296298774,D2
ensemble,F47,25,0.23175,0.23761421768213956,0.0012411146150066894,0.23865499999999984,0.0071911827232112565,True,False,2.8857527269595794e-05,6.19453425800276e-05,0.0001837731481482141,D2
ensemble,F47,26,0.25654166666666667,0.19630346562835002,0.0901007811269661,0.20590590277777795,0.06127152041220772,True,False,0.004743924091126728,-0.0017417784690019755,-0.0030768981481482105,D2
ensemble,F47,27,0.24479166666666666,0.2257233079686299,0.01102452649690871,0.21760337962962925,0.02143257499005963,True,False,-0.00026975085989095794,0.00031599662994957756,0.000596296296296317,D2
ensemble,F47,28,0.37166666666666665,0.29733134342900264,0.13743379607214679,0.32499856481481487,0.07567303462709013,True,False,0.00197500944762663,-0.0007722312307620327,-0.00023386574074069078,D2
ensemble,F47,29,0.2630416666666667,0.25669672528312276,0.0038886135406944167,0.27405444444444443,0.012728926278190188,True,False,-0.0003101464956348078,0.0006112385167890144,0.001508472222222168,D2
ensemble,F47,30,0.28824999999999995,0.23382642064508743,0.07806018547301449,0.23882958333333318,0.05703076124375573,True,False,-0.005064430099970679,0.0017334181390328829,0.0027837731481480943,D2
ensemble,F47,31,0.27995833333333336,0.3011786649416324,0.011122929111900276,0.2984003935185191,0.021528013834594947,True,False,-0.000731766669868435,-0.0007019678949679031,-0.0015757870370370908,D2
ensemble,F47,32,0.29220833333333335,0.2565669639826275,0.03262998987746485,0.2597725231481482,0.03687252244641036,True,False,-0.00042287195197941024,0.0002309103690512626,0.0006052546296296257,D2
ensemble,F47,33,0.2754166666666667,0.2209671185428537,0.07520789198947746,0.22425738425925923,0.05597912259251861,True,False,0.0035201706619829437,-0.0013140778218807547,-0.0022167361111110617,D2
ensemble,F47,35,0.11945833333333333,0.1780019519853777,0.08689888082770124,0.18639868055555533,0.060172973178614156,True,False,-0.0031104236201347363,-0.0011135932120419634,-0.002029861111111142,D2
ensemble,F47,36,0.298875,0.2527310217984764,0.07252757542154713,0.2522278240740741,0.0549725596023246,True,False,0.000603939820991925,-0.00025880043473058834,-0.0005310416666666762,D2
ensemble,F47,37,0.13954166666666667,0.24289653085237728,0.3109205073268246,0.23948668981481466,0.11382012624583444,True,False,-0.0011879318949993833,-0.0003867998324993682,-0.0013896990740741022,D2
ensemble,F47,38,0.30158333333333337,0.2506210987350878,0.07274752106988579,0.24667115740740742,0.05505585083572173,True,False,0.00030091349058306016,-0.00010099568077526211,-0.0003362500000000379,D2
ensemble,F47,39,0.16545833333333335,0.2418750794674491,0.23363637819767646,0.2380558796296296,0.09866533885600279,True,False,-0.0027181122709506456,-0.0008389619913350688,-0.0019355092592593104,D2
ensemble,F47,40,0.29683333333333334,0.2500743560770426,0.06520235672058551,0.24925275462962962,0.05212259455704148,True,False,0.0002780410415961221,-0.00010282369674458058,-0.00028111111111117637,D2
ensemble,F47,42,0.21241666666666667,0.19055497191355364,0.016035738668301106,0.20482898148148124,0.025848709403873134,True,False,-0.0018156956904045174,0.001342842210287909,0.002190486111111112,D2
ensemble,F47,43,0.250375,0.26366829709479994,0.005360151459556147,0.2663562268518519,0.01494455232344458,True,False,-5.075901733862624e-05,-8.725476758264517e-05,-0.00024185185185182645,D2
ensemble,F47,44,0.20350000000000001,0.16958616682696223,0.03493980445018934,0.1742318518518513,0.03815527729455725,True,False,-0.00021547991272869577,-2.6386756624141583e-05,-0.00034895833333337123,D2
ensemble,F47,45,0.25329166666666664,0.2658102780383124,0.007094523619603418,0.27575944444444456,0.017193171633436602,True,False,0.00017975981451978824,0.0003039858506608262,0.0007189351851852321,D2
ensemble,F47,46,0.19858333333333333,0.21978805925867106,0.012017317084812533,0.2180425694444439,0.022376808199574,True,False,-0.00016717047187997727,-9.728380983928253e-05,-0.00041865740740743007,D2
ensemble,F47,47,0.19670833333333335,0.203025745904191,0.0057507905815782035,0.2055046296296292,0.015479543734633304,True,False,0.00022634302551738286,0.000890351588055116,0.0017492824074074043,D2
ensemble,F47,48,0.24883333333333332,0.24108378587996415,0.0019754164761304747,0.25778555555555555,0.009072431859141725,True,False,0.00013288363682409593,-0.0004253284511804567,-0.0009446527777777769,D2
ensemble,F47,49,0.203375,0.2133064770253875,0.0032597074321078097,0.21083675925925868,0.011654232836377178,True,False,7.515751007615206e-05,0.0002430020015085077,0.0003180092592592887,D2
ensemble,F47,50,0.1525,0.16817816009442907,0.018628806663846947,0.16589395833333356,0.02786037109695938,True,False,-9.020239646216968e-05,-3.0375035607238532e-05,-5.4189814814809e-05,D2
ensemble,F47,51,0.22654166666666667,0.23647165613573942,0.003571711115573397,0.25448435185185175,0.012199233438303609,True,False,0.00017437595345600083,0.0001383356942688263,-0.0001131249999999362,D2
ensemble,F47,52,0.16025,0.18150132234908437,0.01882071129580584,0.18586900462962952,0.02800350520902535,True,False,8.158548198466606e-05,-2.475530841822282e-05,-0.0004339583333333452,D2
ensemble,F47,53,0.239375,0.2616643679508328,0.01529332837395136,0.28069442129629635,0.025243256833881532,True,False,-0.00036299910888486393,-0.0003338198999814357,-0.0006535648148147111,D2
ensemble,F47,54,0.16,0.1896987161711142,0.0304278623644568,0.20080606481481442,0.03560656678927405,True,False,0.00021521564671974497,0.00024300630700455073,0.0006671990740740874,D2
ensemble,F47,55,0.250625,0.28000880053086535,0.03113966517864532,0.2829559490740741,0.036020633657810934,True,False,-7.377873759671638e-06,0.00012764202498638522,0.0004177314814816091,D2
ensemble,F47,57,0.26466666666666666,0.2571445500772777,0.004587588047284236,0.25434083333333307,0.013825682694542664,True,False,-0.0001912190281620138,0.0007590183566146269,0.0011509259259260274,D2
ensemble,F47,58,0.16016666666666665,0.1584723555596228,0.009845931013052846,0.1649611111111113,0.02025455814240016,True,False,-2.5629063083749265e-06,-0.00021592833109171372,-0.00045384259259259596,D2
ensemble,F47,59,0.31383333333333335,0.3729558233471509,0.08556547491830918,0.391066759259259,0.05970953124582554,True,False,-0.006004068260193909,-0.0020590730501399146,-0.004131851851851942,D2
ensemble,F47,60,0.14991666666666667,0.1575071729831378,0.01791093360563279,0.1609091666666668,0.02731828875011573,True,False,-6.790753200986224e-05,-0.00013784996323221166,-0.0004571527777777473,D2
ensemble,F47,61,0.33525,0.3293096785838804,0.0037583061333283365,0.3220482407407417,0.012513835898263997,True,False,-0.00015803441735357405,0.0004753466237957249,0.0008426388888888581,D2
ensemble,F47,62,0.15916666666666668,0.1624174998609865,0.005763263365393163,0.1584227777777779,0.015496321291133855,True,False,-4.7337381968662155e-05,-0.00039437827407676207,-0.0008975462962963199,D2
ensemble,F47,63,0.344875,0.3875055799945548,0.051650578030586265,0.38898504629629654,0.0463908117835967,True,False,0.002136240978852816,0.0009620474026052483,0.0016146759259259569,D2
ensemble,F47,64,0.3558333333333334,0.3955340690813743,0.04000779480678238,0.39280699074074055,0.04082880662329722,True,False,0.002133240748732057,0.001069415155936837,0.0017821759259259995,D2
ensemble,F47,65,0.15483333333333335,0.19164344619128196,0.049651312162981534,0.21664150462962958,0.04548411451768149,True,False,-0.00433862672103319,-0.0024560006801966627,-0.005951180555555685,D2
ensemble,F47,66,0.379125,0.3985371000219295,0.01391851546947695,0.4035167129629624,0.024081904919701424,True,False,0.0005831746821851301,0.0003155164204898808,8.870370370372971e-05,D2
ensemble,F47,67,0.16879166666666667,0.16452873452303599,0.026437216273525285,0.16881537037037045,0.033189617021947594,True,False,-0.0003700914473290032,-0.00015022875741663166,0.0001419212962962546,D2
ensemble,F47,68,0.208875,0.19929249707153315,0.0039958527700553175,0.19831909722222207,0.01290325018818792,True,False,-0.00020224965826253286,0.0003882789581556856,0.0008975231481482826,D2
ensemble,F47,69,0.388125,0.43694579546305157,0.07636470136338187,0.45383937499999977,0.05640800082264552,True,False,0.0022426577342482823,0.0009840855649640434,0.0020459027777777195,D2
ensemble,F47,70,0.19441666666666668,0.21084622652039228,0.008103912820427323,0.21533618055555515,0.0183756097636098,True,False,-0.00014427077805909995,-0.00021868272141434275,-0.0003679166666666067,D2
ensemble,F47,71,0.40004166666666663,0.43492940966768434,0.03257248038667716,0.4320470370370371,0.03684001469568403,True,False,-0.00025442814454038065,2.993878294554886e-06,0.0004298842592591612,D2
ensemble,F47,72,0.18212499999999998,0.18846029421694188,0.0017764124571681122,0.1891713888888885,0.008603324108467494,True,False,7.770700610418746e-05,0.00022013557551225915,0.0005246296296296249,D2
ensemble,F47,73,0.4183333333333334,0.41825463085883624,0.003279941199220546,0.4199736805555557,0.011690347156273394,True,False,1.7248611529602654e-05,0.00037269289199787226,0.0007606018518518387,D2
ensemble,F47,74,0.21416666666666664,0.2921908808049803,0.14888090990574013,0.297324166666667,0.07876148326480721,True,False,0.018470474083098848,0.005106943804135788,0.010733703703703856,D2
ensemble,F47,75,0.194125,0.2053842032253154,0.01001716998516204,0.2069828009259251,0.020429931050179415,True,False,0.0005396258469282794,0.0005281891253312576,0.00046224537037040103,D2
ensemble,F47,76,0.20341666666666666,0.20126765493356727,0.0014774593448536395,0.20692381944444407,0.007846069464105472,True,False,1.4704271231817103e-05,-0.00036200853229473307,-0.0013752083333333498,D2
ensemble,F47,77,0.25829166666666664,0.28871025897511543,0.023293616939674414,0.30921682870370354,0.031153930289554703,True,False,-0.000819995901503872,-0.0005374509092988533,-0.00119261574074081,D2
ensemble,F47,78,0.256375,0.2778784593674979,0.023508026223786865,0.304329259259259,0.03129698216534281,True,False,-0.001140495099079323,-0.001192042651120273,-0.0024284027777778383,D2
ensemble,F47,79,0.18629166666666666,0.20943163871230308,0.014233900653279365,0.20587490740740733,0.024353217321057195,True,False,0.0012389604823087336,0.00120691888459179,0.001969837962962906,D2
ensemble,F47,80,0.24941666666666665,0.3220231684069117,0.1280878912789735,0.33706407407407396,0.07305474296688223,True,False,-0.0022435213811344557,-0.0006504294464590998,-0.0012190740740741224,D2
ensemble,F47,81,0.18570833333333334,0.20699993597427904,0.01384419163273367,0.21695969907407409,0.024017521063393898,True,False,0.0010318758182257786,0.0009931199919339662,0.0018925925925926401,D2
ensemble,F47,83,0.27391666666666664,0.31844303986473105,0.047775260102406174,0.33569395833333315,0.04461654219681594,True,False,2.7770027132070774e-06,8.75362902147403e-06,0.000331874999999926,D2
ensemble,F47,85,0.1935416666666667,0.19968774775101847,0.0013379031233578709,0.2067304166666665,0.007466321950816522,True,False,0.00010438931637113359,0.0003512588294312946,0.0005318518518518112,D2
ensemble,F47,86,0.318125,0.2818542097971714,0.03475757482181856,0.28991791666666655,0.03805564720567028,True,False,-0.0025411820437467175,0.0013286911939771051,0.0033449768518518663,D2
ensemble,F47,87,0.19670833333333335,0.21918756173092055,0.013951449893499635,0.22651136574074052,0.02411037976119728,True,False,0.0002583213470878174,0.00030157103810124486,0.0008131249999999979,D2
ensemble,F47,88,0.19945833333333332,0.2191024023109589,0.010073423768506288,0.22426486111111074,0.020487215290381184,True,False,0.0006282779240005219,0.0006675579996352488,0.0012559259259259103,D2
ensemble,F47,89,0.3682083333333333,0.37098211163564265,0.013869559635225629,0.394519027777778,0.024039515763309403,True,False,0.000940706532556743,0.0008284156755274386,0.0007435648148147456,D2
ensemble,F47,90,0.20099999999999998,0.21077183463934304,0.00522775724138476,0.2143898148148141,0.014758835265393799,True,False,-0.00034713689007312594,-0.00043481322558955315,-0.0010897685185185524,D2
ensemble,F47,91,0.3677916666666667,0.33252942030866167,0.03019490843249644,0.31979377314814794,0.03547000401307211,True,False,-0.003510403900060431,0.002023449764574581,0.004888333333333217,D2
ensemble,F47,92,0.20695833333333333,0.21760981457898176,0.003790126451347223,0.22597222222222205,0.012566699466160595,True,False,0.00030258145128255354,0.0007035296169422001,0.0016243055555555386,D2
ensemble,F47,93,0.44687499999999997,0.3695634659405138,0.1488154079051402,0.36705312500000004,0.0787441553135692,True,False,0.0004441108232005886,-7.421333874790825e-05,-0.000606759259259293,D2
ensemble,F47,95,0.6083333333333333,0.5931862668294456,0.007345212364146863,0.6128011342592591,0.01749429950506124,True,False,0.002473642823107313,-0.00393732589565865,-0.008755555555555405,D2
ensemble,F47,96,0.2085,0.28406809102947533,0.1443785209291963,0.29438587962962937,0.07756140603021054,True,False,0.0037468952397489985,0.0010938892214390483,0.001994328703703696,D2
ensemble,F47,97,0.6187083333333333,0.602224546012755,0.012162399343909568,0.6352229398148145,0.022511477946362504,True,False,-0.002295668320984408,0.001762173924461985,0.005050231481481315,D2
ensemble,F47,98,0.218,0.25751064482253844,0.038063547850899486,0.2741341203703705,0.03982437897135554,True,False,0.0031841535439239566,0.0017157440869949858,0.00378956018518517,D2
ensemble,F47,99,0.6459583333333333,0.5820372375865904,0.10407368462025035,0.6108354166666667,0.06585137451749784,True,False,-0.0018534992627997487,0.0005793598641568032,0.0015058796296295585,D2
ensemble,F47,100,0.22024999999999997,0.27143967787969175,0.06772012436487611,0.29922888888888904,0.05311941122166646,True,False,-0.004659721581423429,-0.0017839040891780567,-0.0032406712962964046,D2
ensemble,F47,101,0.6589166666666667,0.6237981681444963,0.03141182188889949,0.6364371990740748,0.036177699098166524,True,False,-0.0014330636782112285,0.0007975515479247131,0.0028576851851849217,D2
ensemble,F47,102,0.21483333333333332,0.28028701091663283,0.11156967875840042,0.2878895370370372,0.06818164426686518,True,False,-0.003572867520806114,-0.0010634329813166143,-0.001819606481481495,D2
ensemble,F47,103,0.6706249999999999,0.6579461038656488,0.013655667078187151,0.7015563194444444,0.023853430115138536,True,False,0.004307811013900103,-0.008536740468107595,-0.016485856481481376,D2
ensemble,F47,104,0.21458333333333335,0.29994564451603073,0.1776428138551711,0.3016430787037037,0.08603362081554007,True,False,0.0006581246193211043,0.00017950995309656825,0.0003391666666667237,D2
ensemble,F47,105,0.6841666666666667,0.5635333519632658,0.4436827403687216,0.5887271759259259,0.13596610183680613,True,False,0.027238085969219783,-0.004816137059564185,-0.010018611111111131,D2
ensemble,F47,107,0.22895833333333335,0.30876351933019947,0.15920548839049017,0.3249152083333332,0.08144668204580481,True,False,-0.0007193457252780977,-0.00037461303482888564,-0.0019485648148146462,D2
ensemble,F47,108,0.726625,0.5579328292863763,0.7142421007824714,0.5971565509259255,0.1725111229243001,True,False,0.02360109856214654,-0.002834651841300495,-0.005633055555555377,D2
ensemble,F47,109,0.231,0.3007740531792745,0.13060743790943627,0.3219281249999993,0.07376975382607594,True,False,0.0071139527587947005,0.001857116517396451,0.004768634259259108,D2
ensemble,F47,110,0.7380416666666667,0.5248264696641145,1.1596971568265895,0.5311271990740736,0.21981973266241264,True,False,0.015740309097417304,-0.00168332978239627,-0.0041055787037036495,D2
ensemble,F47,111,0.236,0.5104637622201648,1.809619284113118,0.593334907407407,0.27459206744680964,True,False,0.12918582624975494,0.00997272274647465,0.018483611111111187,D2
ensemble,F47,112,0.7764166666666666,0.6343799112687978,0.49357342295636564,0.742504930555555,0.14340697085514556,True,False,-0.19986422101114798,0.026813718952837684,0.04922171296296296,D2
ensemble,F47,113,0.2504166666666667,0.28601870234202464,0.031193354846887095,0.31338685185185233,0.03605167289627897,True,False,0.0008902065484019291,0.0006335812967140364,0.002314444444444508,D2
ensemble,F47,114,0.7670833333333333,0.8688614077553888,0.6002811377038811,0.9333410185185178,0.15815092181519225,True,False,-0.013201225168206987,-0.002706348167575978,-0.00510062499999997,D2
ensemble,F47,116,0.819,0.8245599567924518,0.13928001851302202,0.8007972222222222,0.07617961738358399,True,False,-0.04031139990605029,-0.02427118478807566,-0.043583773148147764,D2
ensemble,F47,117,0.9079166666666666,0.8436571876256694,0.9074648107408785,0.8166596296296298,0.19445059470433598,True,False,0.040138797819903926,-0.03606736377942865,-0.07008400462962927,D2
ensemble,F47,118,0.28562499999999996,0.37679511555583933,0.20174676904517908,0.36318631944444485,0.09168486994527757,True,False,0.015280554472409474,0.003585631473873141,0.007852407407407447,D2
ensemble,F47,119,0.921875,0.6029855615450384,2.921962846092029,0.6420258333333335,0.3489247080968919,True,False,0.04344455631310318,-0.0027077897353363634,-0.006280949074073949,D2
ensemble,F47,120,0.4049583333333333,0.5986987768354787,0.9285009126302773,0.5758837731481482,0.19669147929247358,True,False,0.1478013648369323,0.016408438632655176,0.032981666666666354,D2
ensemble,F47,121,0.5975416666666666,0.6550739081195617,0.09625517933910878,0.6608553703703702,0.0633295544944291,True,False,0.018849229398467462,0.006548548260318698,0.00964877314814816,D2
ensemble,F47,122,0.5997916666666666,0.5377100125452544,0.10291133067246311,0.5160541898148147,0.06548260922834878,True,False,0.005947397674188143,-0.001856983678892421,-0.0032049305555554852,D2
ensemble,F47,123,0.44,0.6531010908916203,1.1130475498513417,0.6304287962962966,0.21535315471059602,True,False,-0.036252440683057996,-0.003846835027462081,-0.0036594444444443264,D2
ensemble,F47,124,0.47941666666666666,0.6602046534150837,0.7925853485668473,0.6344202546296301,0.1817261388012705,True,False,-0.032114397762717406,-0.003643791372000882,-0.005158703703703749,D2
ensemble,F47,125,0.671625,0.5983319961278388,0.13348409809942904,0.5841641203703706,0.07457772737761284,True,False,0.004024649781278505,-0.0011064621989812506,-0.001114050925925758,D2
ensemble,F47,126,0.496875,0.6406106543426388,0.5237893302201757,0.7368263657407411,0.1477313623637197,True,False,-0.012736334002051986,-0.001374301537905187,-0.005130601851851768,D2
ensemble,F47,127,0.688125,0.6865101470273939,0.01203700443889002,0.6807252083333334,0.022395130087151036,True,False,-0.0007191610799069034,-0.00013028813448789922,0.0004541666666666444,D2
ensemble,F47,128,0.48029166666666673,0.6508138347914235,0.7142570207665334,0.6448892129629633,0.17251292472915053,True,False,-0.09737199021055654,-0.01139158082099967,-0.02226168981481491,D2
ensemble,F47,129,0.71075,0.667034555317731,0.04942587347876844,0.6541472916666669,0.0453807381490064,True,False,0.00816672677939783,-0.003975056341602112,-0.008356458333333316,D2
ensemble,F47,130,0.4907916666666667,1.0408392734455474,7.437624743648482,0.8407909259259267,0.5566875523894471,True,False,-0.7498937847092249,-0.027317487003960084,-0.05364032407407382,D2
ensemble,F47,131,0.70275,0.6519361645733157,0.07123146186769048,0.6352185416666671,0.05447914810108944,True,False,-0.01146477284811992,0.004318804064975423,0.008393009259259232,D2
ensemble,F47,132,2.7121666666666666,1.1777052281974694,61.231213419549704,1.1567003240740732,1.5972791112225515,False,False,4.619650839451715,-0.06398635776223371,-0.14642131944444503,D2
ensemble,F47,133,0.46658333333333335,0.46616397231179363,0.002171655083830444,0.4740312962962961,0.009512393415588696,True,False,-0.00048003109919163506,-0.0042421852448548125,-0.010355300925925959,D2
ensemble,F47,135,0.49066666666666664,0.4475561525975369,0.05723816479507357,0.4437177777777776,0.048835678894923386,True,False,-0.0029199700074893434,0.0012053799880764604,0.002834305555555472,D2
ensemble,F47,136,1.65275,1.8460018428083786,1.1045436054061322,1.909032152777777,0.21452890300669397,False,False,-0.22446981723856396,-0.023089313378787724,-0.062365000000000004,D2
ensemble,F47,137,0.511375,0.4057666542818243,0.2694946588328743,0.40604344907407497,0.10596671231116134,True,False,-0.008578396280986555,0.001688024795231724,0.0036318750000001176,D2
ensemble,F47,138,1.7102916666666665,1.5581170264152,0.9212078750038056,1.4649280787037025,0.1959174863520148,False,False,0.22279064391149994,-0.059902988695050396,-0.14826178240740795,D2
ensemble,F47,139,1.684375,1.5952987033330597,0.3494661783498413,1.5374667824074069,0.12066934475904276,False,False,0.22402400732576833,-0.08381233666469345,-0.19931909722222318,D2
ensemble,F47,140,0.4033333333333333,0.4475001585963699,0.04770196879574316,0.4524906250000002,0.04458230627901573,True,False,0.001712891446189517,0.0008151375750152234,0.0020629398148148126,D2
ensemble,F47,141,1.8655,1.7165313983317771,1.8602010203485109,1.636647384259257,0.2784032612019023,False,False,0.605734344741683,-0.07208620386758624,-0.17156685185185383,D2
ensemble,F47,144,0.409875,0.4439106645620534,0.031208847792847924,0.4390069907407408,0.036060624759359484,True,False,0.00047155718407417696,0.00028085740954009175,0.00040217592592600715,D2
ensemble,F47,145,2.141625,1.587283909676261,10.204446517308385,1.4536978703703651,0.6520623218332094,False,False,0.8472476800684365,-0.026911879261104055,-0.06803150462963159,D2
ensemble,F47,146,0.7000000000000001,0.7764415093227571,0.14937942026766066,0.7743143749999999,0.07889323488837638,True,False,0.02170273358420466,0.006157814096692027,0.01239185185185221,D2
ensemble,F47,147,1.7504583333333334,1.438676006530706,2.4320398726688155,1.3670265277777787,0.31833157979461285,False,False,-0.06866552020094652,0.003960528920184725,0.004408032407407614,D2
ensemble,F47,148,0.40570833333333334,0.43703214811456403,0.027008152665167196,0.4440484259259261,0.03354608314515968,True,False,0.002867179806264799,0.002152964432885096,0.005458240740741027,D2
ensemble,F47,149,0.6973333333333334,0.7668400474822189,0.1235456584374509,0.7571116666666664,0.07174772308740619,True,False,0.004926644795201482,0.0014460335337452834,0.0027646759259259968,D2
ensemble,F47,150,0.4267916666666667,0.5337609335706296,0.37701739986284727,0.5802394444444446,0.12533578231143186,True,False,0.006592728586956642,0.00081818666937572,0.0010813194444444507,D2
ensemble,F47,151,1.3133333333333332,1.3564060612852467,1.7114152385077512,1.263059050925928,0.26703739114804936,False,False,0.006969297524795026,0.0004141713875438491,-0.00012055555555545716,D2
ensemble,F47,152,0.4427083333333333,0.6632009475559589,1.198775603724694,0.7277812499999996,0.22349269224860333,True,False,-0.006139333797008817,-0.000755763220604666,-0.004275208333333391,D2
ensemble,F47,153,0.8378333333333333,0.8026675387716451,0.037887907685622384,0.8179465740740741,0.03973239006445831,True,False,-0.0037002926027137548,0.0014725931753983845,0.0016034953703699673,D2
ensemble,F47,154,1.6209999999999998,1.3884157405925361,1.6675028761023234,1.333391365740743,0.2635892382178443,False,False,-0.05160386150404905,0.003829177283577234,0.00966451388888867,D2
ensemble,F47,155,0.41566666666666663,0.4879491800150806,0.1312261398867097,0.5019365046296294,0.07394427515780315,True,False,0.01550408494090777,0.004688823509098272,0.010056944444444327,D2
ensemble,F47,156,0.83225,0.7681725566588223,0.10309269142232999,0.7842827546296306,0.06554028386621277,True,False,0.008486257091439839,-0.0030156942763130967,-0.0049298148148148035,D2
ensemble,F47,157,1.2108333333333332,0.9403802920739924,4.728545855611877,0.9794643981481489,0.4438724411177475,False,False,-0.01170687903974077,0.0029068543230241772,0.00720085648148161,D2
ensemble,F47,158,0.410125,0.45498718085042594,0.053300181111265346,0.4368397222222224,0.04712579845091281,True,False,-0.005333168715844078,-0.0022223220008826816,-0.005832222222222294,D2
ensemble,F47,159,0.721,0.7885140706533336,0.17185815115621828,0.7402879629629636,0.08462125204802728,True,False,-0.009222198046614227,-0.0028383747439342244,-0.005824004629629398,D2
ensemble,F47,160,0.6937083333333334,0.7565113204086856,0.124857780726844,0.7288710879629638,0.0721277167965628,True,False,-0.013159015943820296,-0.004785893958560328,-0.008555787037036855,D2
ensemble,F47,161,0.646,1.0796411305718647,4.539094385158272,1.2696801851851856,0.4348895638146862,True,False,-1.457455570066716,-0.0651933552743591,-0.13438386574074102,D2
ensemble,F47,163,0.56975,0.7524054944702928,0.8070430166636197,0.8167276620370374,0.18337609539136815,True,False,0.002972905792578029,0.00033076040453672295,0.0010071296296295662,D2
ensemble,F47,165,0.487875,0.44568617800998966,0.04768423052141019,0.4513771759259267,0.044574016404090075,True,False,0.0007634459333813182,-0.00036089983021142524,-0.0006403240740739391,D2
ensemble,F47,166,0.6535,0.7141752549207853,0.09572677767108469,0.8148246296296301,0.06315548856825663,True,False,-0.001825145723052285,-0.0006625154184699555,-0.00170520833333343,D2
ensemble,F47,167,0.459625,0.4469982170213622,0.010221732211465813,0.4316474537037036,0.020637478257070935,True,False,-2.3260955756573484e-05,9.95272267454439e-05,0.00034511574074064244,D2
ensemble,F47,168,0.782625,0.7105572059874853,0.1343224353642236,0.7342144444444448,0.0748115508472855,True,False,0.02559610624871307,-0.007820957263749873,-0.017127106481481302,D2
ensemble,F47,169,0.4135416666666667,0.43572345912481386,0.024114147365938227,0.419928634259259,0.0316978885771186,True,False,0.0004953739019589905,0.000537049980937454,0.0010731481481481286,D2
ensemble,F47,170,0.7702083333333333,0.7574053925243386,0.3174004062419342,0.7625181712962964,0.11500007359452975,True,False,-0.007896707927603774,0.005664225362280617,0.012654513888888497,D2
ensemble,F47,171,0.8664999999999999,0.8804358229036535,0.03747183893247916,0.8508285185185192,0.039513625778794734,True,False,0.0026022745880067144,0.0023342231515366407,0.006152245370370513,D2
ensemble,F47,173,0.9253333333333332,0.7973319943982773,0.426391579214056,0.8312997685185146,0.1332903439885488,True,False,0.010992311798605992,-0.0016710944945335093,-0.003891805555555794,D2
ensemble,F47,174,1.0531666666666666,0.9092758922072135,1.3212863268921946,0.8591696759259274,0.23463502925573887,False,False,0.031075763877993712,-0.002552940889403721,-0.008451967592592702,D2
ensemble,F47,175,0.40491666666666665,0.4698822199428439,0.10354035677679749,0.4611905555555558,0.06568242940365834,True,False,0.0029533150217453397,0.0009503636926996295,0.002321944444444557,D2
ensemble,F47,176,0.9803333333333333,0.8890547915038098,0.2123972172671936,0.8690506712962954,0.09407382235669885,True,False,0.011460163682906588,-0.0027820804194593762,-0.005339652777777926,D2
ensemble,F47,177,1.4867916666666667,1.023692703803656,8.727874158960798,1.064085717592591,0.6030434671647088,False,False,-0.05618547946603236,0.001203397709949261,0.004040949074074263,D2
ensemble,F47,178,0.30579166666666663,0.700214780428909,3.743191858459067,0.8063331018518509,0.39492572394792724,True,False,0.28384434379526446,0.01522063725210121,0.03441736111111082,D2
ensemble,F47,179,0.248,0.22805009535801138,0.028146507446504758,0.22527868055555544,0.03424574635782326,True,True,3.9408963614501885e-05,-0.0001804097810010341,-0.0008393518518517717,D2
ensemble,F47,180,0.20129166666666667,0.21607770665662773,0.006376976375326301,0.22561981481481463,0.01630053216836583,True,True,-0.0001403132067443972,-0.0001224948514494395,-0.000571296296296181,D2
ensemble,F47,191,0.29050000000000004,0.34800967813625755,0.1470596193468934,0.4913491203703702,0.07827824818845841,True,True,0.0025313709946688523,0.0009611341239436633,0.0037831944444443044,D2
ensemble,F47,192,0.14441666666666667,0.16338485356180443,0.023236753511563252,0.15283393518518526,0.031115881202077537,True,True,2.9581175495296125e-05,9.53599466146926e-06,1.2499999999943112e-05,D2
ensemble,F47,193,0.381,0.35907031981085796,0.02042185842760541,0.3961925000000004,0.029170374831614557,True,True,0.0004907102309835119,-0.0003975357341526875,-0.00158027777777775,D2
ensemble,F47,194,0.253375,0.23344135576890893,0.015462911798267358,0.2559665277777778,0.025382828675986315,True,True,-6.991799825417644e-05,0.0001507098930264017,0.0006501388888888737,D2
ensemble,F47,195,0.19183333333333333,0.20075105108166444,0.003505906859903908,0.21049715277777772,0.012086333294096939,True,True,-8.001369916194609e-05,-0.00014265668403748433,-0.0006215972222222144,D2
ensemble,F47,196,0.18425,0.21877384265424474,0.05612612130210593,0.2549528472222221,0.04835895354107393,True,True,-2.792333293159116e-05,-1.2977668836289258e-05,-0.000307453703703775,D2
ensemble,F47,209,0.6549583333333334,0.49045000289202023,0.7471551848531429,0.4217839351851855,0.1764411120899764,True,True,-0.004188713431782065,0.00039057845685541714,0.0013911574074074173,D2
ensemble,F47,210,0.51825,0.5077240195765128,0.018321475210131645,0.5152341666666668,0.027629600077130178,True,True,0.002296386581945073,-0.0013545685630682591,-0.004801944444444262,D2
ensemble,F47,212,0.521125,0.3890489634551418,0.44143253084958217,0.41805074074074056,0.1356208764119027,True,True,-0.043669061058091874,0.00653634180188184,0.01427715277777769,D2
ensemble,F47,214,0.5314583333333333,0.43574428601098597,0.2719454531585544,0.39107481481481426,0.1064474544001551,True,True,-0.005107525310410865,0.0008594152193898141,0.0031339814814814737,D2
ensemble,F47,215,0.7052499999999999,0.6810130426768946,0.02070764840768806,0.6421856712962958,0.029373775440921263,True,True,-0.0018750349877943162,0.0012747435470074064,0.0057107638888889145,D2
ensemble,F47,216,0.5559583333333333,0.8663632772000279,2.3493046867527436,1.0156234722222217,0.3128700932997021,True,True,0.04780936894410592,0.0035795083146774598,0.010123587962962866,D2
ensemble,F47,229,1.78825,1.3170988281589127,5.56083946539297,1.2580823842592581,0.4813539699549322,False,True,0.3298025759617085,-0.014577060814182863,-0.031076249999999916,D2
ensemble,F47,230,0.460875,0.4375360137179807,0.01869900893048539,0.4279729398148147,0.027912817344430817,True,True,0.0006663807053962391,-0.0005422540109627505,-0.0018979861111110274,D2
ensemble,F47,231,2.1767083333333335,1.4505742865965228,15.44588345174855,1.355439861111111,0.8022334305899933,False,True,0.07972697373268112,-0.0013014009568634854,-0.005357638888888738,D2
ensemble,F47,239,0.433875,0.5605309824190879,0.42798731817074487,0.4396394907407412,0.13353952569850258,True,True,-0.12424350200681566,-0.0138143807851413,-0.0604925694444442,D2
ensemble,F47,240,0.47258333333333336,0.5652828511240785,0.24919397659405645,0.45476546296296266,0.10189741094888372,True,True,0.0023142662339352416,0.0003666385229961211,0.0010041203703704538,D2
ensemble,F47,241,0.65225,0.8423910120669357,1.1155685005747948,0.768934976851852,0.21559689435908652,True,True,-0.07343059947190045,-0.006102010096794119,-0.021709004629629658,D2
ensemble,F47,242,0.7242083333333333,0.7737869836501311,0.08824292344675415,0.5987209722222228,0.060636527579900956,True,True,-0.00827257061691511,-0.0026554180814795103,-0.01146456018518538,D2
ensemble,F47,243,0.449,0.5053273543097476,0.5189342813284573,0.4375385648148151,0.1470451009793222,True,True,-0.0062895452496731785,0.000992737819795253,0.0034406712962963826,D2
