farm,day,ec,pred,residual,act_vent__h8__mean,act_vent__h8__active,act_vent__h8__full,act_vent__h8__switches,act_vent__h15__mean,act_vent__h15__active,act_vent__h15__full,act_vent__h15__switches,act_vent__h15__daynight,act_vent__h23__mean,act_vent__h23__active,act_vent__h23__full,act_vent__h23__switches,act_vent__h23__daynight,act_circfan__h8__mean,act_circfan__h8__active,act_circfan__h8__full,act_circfan__h8__switches,act_circfan__h15__mean,act_circfan__h15__active,act_circfan__h15__full,act_circfan__h15__switches,act_circfan__h15__daynight,act_circfan__h23__mean,act_circfan__h23__active,act_circfan__h23__full,act_circfan__h23__switches,act_circfan__h23__daynight,act_heating__h8__mean,act_heating__h8__active,act_heating__h8__full,act_heating__h8__switches,act_heating__h15__mean,act_heating__h15__active,act_heating__h15__full,act_heating__h15__switches,act_heating__h15__daynight,act_heating__h23__mean,act_heating__h23__active,act_heating__h23__full,act_heating__h23__switches,act_heating__h23__daynight,act_shade__h8__mean,act_shade__h8__active,act_shade__h8__full,act_shade__h8__switches,act_shade__h15__mean,act_shade__h15__active,act_shade__h15__full,act_shade__h15__switches,act_shade__h15__daynight,act_shade__h23__mean,act_shade__h23__active,act_shade__h23__full,act_shade__h23__switches,act_shade__h23__daynight,act_co2__h8__mean,act_co2__h8__active,act_co2__h8__full,act_co2__h8__switches,act_co2__h15__mean,act_co2__h15__active,act_co2__h15__full,act_co2__h15__switches,act_co2__h15__daynight,act_co2__h23__mean,act_co2__h23__active,act_co2__h23__full,act_co2__h23__switches,act_co2__h23__daynight,act_fog__h8__mean,act_fog__h8__active,act_fog__h8__full,act_fog__h8__switches,act_fog__h15__mean,act_fog__h15__active,act_fog__h15__full,act_fog__h15__switches,act_fog__h15__daynight,act_fog__h23__mean,act_fog__h23__active,act_fog__h23__full,act_fog__h23__switches,act_fog__h23__daynight,act_thermal__h8__mean,act_thermal__h8__active,act_thermal__h8__full,act_thermal__h8__switches,act_thermal__h15__mean,act_thermal__h15__active,act_thermal__h15__full,act_thermal__h15__switches,act_thermal__h15__daynight,act_thermal__h23__mean,act_thermal__h23__active,act_thermal__h23__full,act_thermal__h23__switches,act_thermal__h23__daynight
F13,8,0.17720833333333333,0.34792608435040934,-0.170717751017076,0.0,0.0,0.0,0.0,0.0,0.0,0.0,0.0,0.0,12.208333333333334,6.0,0.0,2.0,0.0,0.0,0.0,0.0,0.0,0.0,0.0,0.0,0.0,0.0,0.0,0.0,0.0,0.0,0.0,0.0,0.0,0.0,0.0,0.0,0.0,0.0,0.0,0.0,0.0,0.0,0.0,0.0,0.0,100.0,9.0,9.0,0.0,87.5,15.0,13.0,4.0,-28.57142857142857,91.66666666666667,23.0,21.0,4.0,-28.57142857142857,0.0,0.0,0.0,0.0,0.0,0.0,0.0,0.0,0.0,0.0,0.0,0.0,0.0,0.0,0.0,0.0,0.0,0.0,0.0,0.0,0.0,0.0,0.0,0.0,0.0,0.0,0.0,0.0,21.0,9.0,0.0,0.0,21.0,16.0,0.0,0.0,0.0,21.0,24.0,0.0,0.0,0.0
F13,9,0.3919166666666667,0.31069613370728255,0.08122053295938414,0.5555555555555556,1.0,0.0,1.0,0.3125,1.0,0.0,1.0,-0.5555555555555556,0.3333333333333333,2.0,0.0,2.0,-0.5555555555555556,0.0,0.0,0.0,0.0,33.0625,7.0,3.0,6.0,75.57142857142857,28.583333333333332,12.0,3.0,10.0,75.57142857142857,0.0,0.0,0.0,0.0,26.25,7.0,1.0,7.0,60.0,24.041666666666668,12.0,1.0,11.0,60.0,13.333333333333334,9.0,0.0,7.0,25.25,14.0,0.0,11.0,27.238095238095234,34.791666666666664,22.0,0.0,19.0,27.238095238095234,0.0,0.0,0.0,0.0,0.0,0.0,0.0,0.0,0.0,0.0,0.0,0.0,0.0,0.0,0.0,0.0,0.0,0.0,0.0,0.0,0.0,0.0,0.0,0.0,0.0,0.0,0.0,0.0,74.77777777777777,9.0,0.0,4.0,43.875,10.0,0.0,6.0,-70.63492063492063,39.916666666666664,16.0,0.0,13.0,-70.63492063492063
F13,10,0.37424999999999997,0.31754717141127414,0.05670282858872583,0.0,0.0,0.0,0.0,0.0,0.0,0.0,0.0,0.0,0.16666666666666666,1.0,0.0,1.0,0.0,0.0,0.0,0.0,0.0,27.1875,6.0,1.0,7.0,62.142857142857146,27.5,12.0,1.0,14.0,62.142857142857146,0.0,0.0,0.0,0.0,20.3125,5.0,0.0,6.0,46.42857142857143,22.916666666666668,11.0,0.0,13.0,46.42857142857143,59.0,9.0,0.0,0.0,56.5625,16.0,0.0,7.0,-5.571428571428569,53.458333333333336,24.0,0.0,14.0,-5.571428571428569,0.0,0.0,0.0,0.0,0.0,0.0,0.0,0.0,0.0,0.0,0.0,0.0,0.0,0.0,0.0,0.0,0.0,0.0,0.0,0.0,0.0,0.0,0.0,0.0,0.0,0.0,0.0,0.0,82.66666666666667,9.0,0.0,1.0,55.125,12.0,0.0,5.0,-62.952380952380956,45.833333333333336,15.0,0.0,8.0,-62.952380952380956
F13,11,0.36833333333333335,0.37121360581571544,-0.0028802724823820958,52.0,9.0,0.0,1.0,73.0,16.0,7.0,2.0,48.0,66.29166666666667,24.0,7.0,4.0,48.0,0.0,0.0,0.0,0.0,0.0,0.0,0.0,0.0,0.0,0.0,0.0,0.0,0.0,0.0,0.0,0.0,0.0,0.0,1.0,2.0,0.0,2.0,2.2857142857142856,0.6666666666666666,2.0,0.0,3.0,2.2857142857142856,100.0,9.0,9.0,0.0,86.5,15.0,12.0,4.0,-30.85714285714286,91.0,23.0,20.0,5.0,-30.85714285714286,0.0,0.0,0.0,0.0,0.0,0.0,0.0,0.0,0.0,0.0,0.0,0.0,0.0,0.0,0.0,0.0,0.0,0.0,2.0,2.0,0.0,2.0,4.571428571428571,1.3333333333333333,2.0,0.0,3.0,4.571428571428571,21.0,9.0,0.0,0.0,21.0,16.0,0.0,0.0,0.0,21.0,24.0,0.0,0.0,0.0
F13,12,0.3505,0.3243714978865388,0.026128502113461183,0.0,0.0,0.0,0.0,3.125,2.0,0.0,2.0,7.142857142857143,3.8333333333333335,5.0,0.0,7.0,7.142857142857143,0.0,0.0,0.0,0.0,20.1875,5.0,0.0,6.0,46.142857142857146,31.958333333333332,13.0,3.0,11.0,46.142857142857146,0.0,0.0,0.0,0.0,18.625,5.0,0.0,6.0,42.57142857142857,17.291666666666668,8.0,0.0,10.0,42.57142857142857,61.22222222222222,9.0,0.0,2.0,53.3125,16.0,0.0,9.0,-18.079365079365076,50.791666666666664,23.0,0.0,17.0,-18.079365079365076,0.0,0.0,0.0,0.0,0.0,0.0,0.0,0.0,0.0,0.0,0.0,0.0,0.0,0.0,0.0,0.0,0.0,0.0,0.0,0.0,0.0,0.0,0.0,0.0,0.0,0.0,0.0,0.0,76.11111111111111,9.0,0.0,5.0,55.875,13.0,0.0,10.0,-46.25396825396825,57.083333333333336,20.0,0.0,17.0,-46.25396825396825
F13,13,0.40054166666666663,0.35540306096338514,0.04513860570328149,0.0,0.0,0.0,0.0,5.25,1.0,0.0,1.0,12.0,7.958333333333333,4.0,0.0,5.0,12.0,0.0,0.0,0.0,0.0,0.0,0.0,0.0,0.0,0.0,0.0,0.0,0.0,0.0,0.0,0.0,0.0,0.0,0.0,1.0625,1.0,0.0,2.0,2.4285714285714284,1.4166666666666667,2.0,0.0,4.0,2.4285714285714284,100.0,9.0,9.0,0.0,87.5,15.0,13.0,4.0,-28.57142857142857,90.95833333333333,23.0,20.0,6.0,-28.57142857142857,0.0,0.0,0.0,0.0,0.0,0.0,0.0,0.0,0.0,0.0,0.0,0.0,0.0,0.0,0.0,0.0,0.0,0.0,2.25,3.0,0.0,3.0,5.142857142857143,1.7083333333333333,4.0,0.0,5.0,5.142857142857143,21.0,9.0,0.0,0.0,21.0,16.0,0.0,0.0,0.0,21.0,24.0,0.0,0.0,0.0
F13,14,0.3236666666666667,0.3426133943507732,-0.01894672768410649,15.666666666666666,7.0,0.0,8.0,18.625,13.0,0.0,14.0,6.761904761904761,18.791666666666668,18.0,0.0,20.0,6.761904761904761,5.777777777777778,1.0,0.0,1.0,39.75,8.0,3.0,6.0,77.65079365079366,50.583333333333336,16.0,5.0,13.0,77.65079365079366,3.888888888888889,1.0,0.0,1.0,30.25,8.0,0.0,8.0,60.25396825396825,30.916666666666668,13.0,0.0,14.0,60.25396825396825,70.0,9.0,0.0,8.0,57.625,16.0,0.0,15.0,-28.285714285714285,47.416666666666664,23.0,0.0,23.0,-28.285714285714285,0.0,0.0,0.0,0.0,0.0,0.0,0.0,0.0,0.0,0.0,0.0,0.0,0.0,0.0,0.0,0.0,0.0,0.0,0.0,0.0,0.0,0.0,0.0,0.0,0.0,0.0,0.0,0.0,83.88888888888889,9.0,0.0,3.0,53.75,16.0,0.0,3.0,-68.88888888888889,42.791666666666664,24.0,0.0,8.0,-68.88888888888889
F13,16,0.322875,0.3366642955220653,-0.013789295522065259,25.77777777777778,9.0,0.0,8.0,18.875,16.0,0.0,13.0,-15.777777777777779,21.583333333333332,24.0,0.0,20.0,-15.777777777777779,35.333333333333336,6.0,0.0,7.0,63.625,13.0,7.0,8.0,64.66666666666666,65.41666666666667,21.0,9.0,15.0,64.66666666666666,29.11111111111111,6.0,0.0,7.0,46.9375,13.0,0.0,14.0,40.74603174603175,40.958333333333336,18.0,0.0,20.0,40.74603174603175,54.77777777777778,9.0,0.0,6.0,37.4375,12.0,0.0,11.0,-39.63492063492063,38.166666666666664,19.0,0.0,19.0,-39.63492063492063,0.0,0.0,0.0,0.0,0.0,0.0,0.0,0.0,0.0,0.0,0.0,0.0,0.0,0.0,0.0,0.0,0.0,0.0,0.0,0.0,0.0,0.0,0.0,0.0,0.0,0.0,0.0,0.0,56.55555555555556,9.0,1.0,8.0,39.25,16.0,1.0,8.0,-39.55555555555556,31.916666666666668,24.0,1.0,11.0,-39.55555555555556
F13,17,0.39683333333333337,0.3515829870894547,0.04525034624387869,52.0,9.0,0.0,1.0,73.0,16.0,7.0,2.0,48.0,57.666666666666664,21.0,7.0,6.0,48.0,0.0,0.0,0.0,0.0,0.0,0.0,0.0,0.0,0.0,0.0,0.0,0.0,0.0,0.0,0.0,0.0,0.0,0.0,21.9375,6.0,2.0,5.0,50.142857142857146,14.625,6.0,2.0,6.0,50.142857142857146,100.0,9.0,9.0,0.0,76.0625,14.0,10.0,5.0,-54.714285714285715,84.04166666666667,22.0,18.0,6.0,-54.714285714285715,0.0,0.0,0.0,0.0,0.0,0.0,0.0,0.0,0.0,0.0,0.0,0.0,0.0,0.0,0.0,0.0,0.0,0.0,9.6875,6.0,0.0,5.0,22.142857142857142,6.458333333333333,6.0,0.0,6.0,22.142857142857142,21.0,9.0,0.0,0.0,21.0,16.0,0.0,0.0,0.0,21.0,24.0,0.0,0.0,0.0
F13,18,0.3305416666666667,0.281606026658972,0.04893564000769468,16.666666666666668,9.0,0.0,6.0,15.3125,16.0,0.0,10.0,-3.0952380952380967,19.083333333333332,24.0,0.0,16.0,-3.0952380952380967,34.22222222222222,7.0,0.0,7.0,61.5,14.0,5.0,10.0,62.34920634920635,65.33333333333333,22.0,8.0,16.0,62.34920634920635,8.88888888888889,2.0,0.0,3.0,39.4375,9.0,0.0,8.0,69.82539682539682,36.583333333333336,14.0,0.0,14.0,69.82539682539682,40.111111111111114,9.0,0.0,8.0,36.6875,16.0,0.0,13.0,-7.82539682539683,36.625,23.0,0.0,21.0,-7.82539682539683,0.0,0.0,0.0,0.0,0.0,0.0,0.0,0.0,0.0,0.0,0.0,0.0,0.0,0.0,0.0,0.0,0.0,0.0,1.0625,1.0,0.0,2.0,2.4285714285714284,0.7083333333333334,1.0,0.0,2.0,2.4285714285714284,47.666666666666664,9.0,1.0,8.0,43.125,16.0,1.0,13.0,-10.38095238095238,53.416666666666664,24.0,1.0,16.0,-10.38095238095238
F13,19,0.383375,0.2736296010058469,0.10974539899415314,20.22222222222222,4.0,0.0,3.0,55.125,11.0,7.0,4.0,79.77777777777777,51.375,19.0,7.0,9.0,79.77777777777777,0.0,0.0,0.0,0.0,0.0,0.0,0.0,0.0,0.0,0.0,0.0,0.0,0.0,0.0,0.0,0.0,0.0,0.0,16.6875,5.0,0.0,5.0,38.142857142857146,11.875,6.0,0.0,6.0,38.142857142857146,100.0,9.0,9.0,0.0,80.1875,15.0,11.0,5.0,-45.285714285714285,86.08333333333333,23.0,18.0,6.0,-45.285714285714285,0.0,0.0,0.0,0.0,0.0,0.0,0.0,0.0,0.0,0.0,0.0,0.0,0.0,0.0,0.0,0.0,0.0,0.0,10.125,7.0,0.0,7.0,23.142857142857142,6.958333333333333,8.0,0.0,9.0,23.142857142857142,21.0,9.0,0.0,0.0,21.0,16.0,0.0,0.0,0.0,21.0,24.0,0.0,0.0,0.0
F13,20,0.34195833333333336,0.31905934467400154,0.02289898865933182,24.555555555555557,9.0,0.0,7.0,17.125,16.0,0.0,9.0,-16.984126984126988,20.083333333333332,24.0,0.0,15.0,-16.984126984126988,46.666666666666664,6.0,2.0,5.0,70.0,13.0,9.0,6.0,53.333333333333336,70.875,21.0,12.0,12.0,53.333333333333336,29.88888888888889,5.0,0.0,6.0,49.875,12.0,0.0,13.0,45.682539682539684,43.041666666666664,17.0,0.0,19.0,45.682539682539684,45.888888888888886,9.0,0.0,5.0,27.8125,16.0,0.0,7.0,-41.317460317460316,30.958333333333332,24.0,0.0,13.0,-41.317460317460316,0.0,0.0,0.0,0.0,0.0,0.0,0.0,0.0,0.0,0.0,0.0,0.0,0.0,0.0,0.0,0.0,0.0,0.0,1.5625,1.0,0.0,2.0,3.5714285714285716,1.0416666666666667,1.0,0.0,2.0,3.5714285714285716,47.77777777777778,9.0,0.0,7.0,34.3125,16.0,0.0,8.0,-30.77777777777778,28.458333333333332,24.0,0.0,11.0,-30.77777777777778
F13,21,0.3625833333333333,0.3057356394446082,0.056847693888725126,51.0,9.0,0.0,1.0,72.4375,16.0,7.0,2.0,49.0,63.25,24.0,7.0,7.0,49.0,0.0,0.0,0.0,0.0,0.0,0.0,0.0,0.0,0.0,0.0,0.0,0.0,0.0,0.0,0.0,0.0,0.0,0.0,19.9375,6.0,0.0,3.0,45.57142857142857,14.625,7.0,0.0,5.0,45.57142857142857,100.0,9.0,9.0,0.0,76.0,15.0,10.0,6.0,-54.857142857142854,82.625,23.0,17.0,8.0,-54.857142857142854,0.0,0.0,0.0,0.0,0.0,0.0,0.0,0.0,0.0,0.0,0.0,0.0,0.0,0.0,0.0,0.0,0.0,0.0,9.9375,7.0,0.0,5.0,22.714285714285715,6.958333333333333,8.0,0.0,7.0,22.714285714285715,21.0,9.0,0.0,0.0,21.0,16.0,0.0,0.0,0.0,21.0,24.0,0.0,0.0,0.0
F13,22,0.3542083333333333,0.3123368129765701,0.04187152035676317,38.55555555555556,9.0,0.0,7.0,36.8125,16.0,0.0,13.0,-3.9841269841269877,33.166666666666664,24.0,0.0,20.0,-3.9841269841269877,5.222222222222222,1.0,0.0,1.0,28.875,8.0,0.0,8.0,54.06349206349206,36.125,14.0,3.0,13.0,54.06349206349206,4.222222222222222,1.0,0.0,1.0,17.1875,6.0,0.0,7.0,29.634920634920633,15.708333333333334,9.0,0.0,11.0,29.634920634920633,76.44444444444444,9.0,0.0,7.0,67.5,16.0,0.0,14.0,-20.444444444444443,57.958333333333336,23.0,0.0,22.0,-20.444444444444443,0.0,0.0,0.0,0.0,0.0,0.0,0.0,0.0,0.0,0.0,0.0,0.0,0.0,0.0,0.0,0.0,0.0,0.0,0.0,0.0,0.0,0.0,0.0,0.0,0.0,0.0,0.0,0.0,44.888888888888886,9.0,1.0,5.0,43.5625,16.0,2.0,9.0,-3.0317460317460316,38.166666666666664,24.0,2.0,15.0,-3.0317460317460316
F13,25,0.33645833333333336,0.3433342989616755,-0.00687596562834214,52.888888888888886,9.0,0.0,1.0,73.5,16.0,7.0,2.0,47.111111111111114,51.75,21.0,7.0,9.0,47.111111111111114,0.0,0.0,0.0,0.0,0.0,0.0,0.0,0.0,0.0,1.125,1.0,0.0,2.0,0.0,0.0,0.0,0.0,0.0,0.0,0.0,0.0,0.0,0.0,0.5,1.0,0.0,2.0,0.0,100.0,9.0,9.0,0.0,87.5,15.0,13.0,4.0,-28.57142857142857,71.29166666666667,19.0,16.0,6.0,-28.57142857142857,0.0,0.0,0.0,0.0,0.0,0.0,0.0,0.0,0.0,0.0,0.0,0.0,0.0,0.0,0.0,0.0,0.0,0.0,0.0,0.0,0.0,0.0,0.0,0.0,0.0,0.0,0.0,0.0,21.0,9.0,0.0,0.0,21.0,16.0,0.0,0.0,0.0,26.875,24.0,1.0,5.0,0.0
F13,26,0.33208333333333334,0.2798069117980563,0.05227642153527706,0.0,0.0,0.0,0.0,30.875,5.0,4.0,2.0,70.57142857142857,29.166666666666668,9.0,5.0,6.0,70.57142857142857,0.0,0.0,0.0,0.0,0.0,0.0,0.0,0.0,0.0,0.0,0.0,0.0,0.0,0.0,0.0,0.0,0.0,0.0,2.125,2.0,0.0,3.0,4.857142857142857,1.4166666666666667,2.0,0.0,4.0,4.857142857142857,24.666666666666668,3.0,2.0,2.0,55.625,10.0,7.0,5.0,70.76190476190476,50.083333333333336,14.0,10.0,8.0,70.76190476190476,0.0,0.0,0.0,0.0,0.0,0.0,0.0,0.0,0.0,0.0,0.0,0.0,0.0,0.0,0.0,0.0,0.0,0.0,4.0,5.0,0.0,4.0,9.142857142857142,2.9583333333333335,6.0,0.0,6.0,9.142857142857142,39.888888888888886,9.0,2.0,2.0,64.5625,16.0,7.0,5.0,56.396825396825406,60.25,24.0,10.0,8.0,56.396825396825406
F13,27,0.3579583333333333,0.30565056264909024,0.05230777068424308,4.666666666666667,9.0,0.0,2.0,7.875,16.0,0.0,6.0,7.333333333333333,10.208333333333334,24.0,0.0,12.0,7.333333333333333,92.44444444444444,9.0,7.0,2.0,86.25,16.0,10.0,6.0,-14.158730158730151,80.95833333333333,24.0,12.0,12.0,-14.158730158730151,92.44444444444444,9.0,7.0,2.0,86.25,16.0,10.0,6.0,-14.158730158730151,80.95833333333333,24.0,12.0,12.0,-14.158730158730151,6.777777777777778,2.0,0.0,2.0,21.3125,9.0,0.0,8.0,33.22222222222222,27.166666666666668,17.0,0.0,13.0,33.22222222222222,0.0,0.0,0.0,0.0,0.0,0.0,0.0,0.0,0.0,0.0,0.0,0.0,0.0,0.0,0.0,0.0,0.0,0.0,0.0,0.0,0.0,0.0,0.0,0.0,0.0,0.0,0.0,0.0,18.555555555555557,9.0,0.0,1.0,16.1875,16.0,0.0,6.0,-5.412698412698415,18.375,24.0,0.0,9.0,-5.412698412698415
F13,28,0.366625,0.23671467628635348,0.1299103237136465,0.1111111111111111,1.0,0.0,1.0,4.8125,4.0,0.0,4.0,10.746031746031747,12.875,11.0,0.0,11.0,10.746031746031747,100.0,9.0,9.0,0.0,87.875,16.0,12.0,4.0,-27.714285714285708,63.166666666666664,20.0,12.0,9.0,-27.714285714285708,100.0,9.0,9.0,0.0,87.875,16.0,12.0,4.0,-27.714285714285708,60.333333333333336,18.0,12.0,7.0,-27.714285714285708,0.0,0.0,0.0,0.0,7.6875,4.0,0.0,4.0,17.571428571428573,20.333333333333332,11.0,0.0,11.0,17.571428571428573,0.0,0.0,0.0,0.0,0.0,0.0,0.0,0.0,0.0,0.0,0.0,0.0,0.0,0.0,0.0,0.0,0.0,0.0,0.0,0.0,0.0,0.0,0.0,0.0,0.0,0.0,0.0,0.0,18.0,9.0,0.0,0.0,20.25,16.0,0.0,3.0,5.142857142857142,31.375,23.0,0.0,11.0,5.142857142857142
F13,29,0.30795833333333333,0.21203904186129188,0.09591929147204145,22.333333333333332,3.0,1.0,3.0,56.3125,10.0,8.0,3.0,77.66666666666667,46.125,14.0,9.0,7.0,77.66666666666667,0.0,0.0,0.0,0.0,0.0,0.0,0.0,0.0,0.0,0.0,0.0,0.0,0.0,0.0,0.0,0.0,0.0,0.0,1.0625,1.0,0.0,2.0,2.4285714285714284,0.7083333333333334,1.0,0.0,2.0,2.4285714285714284,24.666666666666668,3.0,2.0,2.0,56.625,10.0,8.0,4.0,73.04761904761904,50.75,14.0,11.0,6.0,73.04761904761904,0.0,0.0,0.0,0.0,0.0,0.0,0.0,0.0,0.0,0.0,0.0,0.0,0.0,0.0,0.0,0.0,0.0,0.0,2.5,5.0,0.0,5.0,5.714285714285714,1.875,6.0,0.0,7.0,5.714285714285714,40.55555555555556,9.0,2.0,2.0,65.75,16.0,8.0,4.0,57.58730158730158,61.083333333333336,24.0,11.0,6.0,57.58730158730158
F13,30,0.35904166666666665,0.3232382692484228,0.03580339741824384,2.6666666666666665,1.0,0.0,1.0,14.125,8.0,0.0,7.0,26.19047619047619,16.666666666666668,15.0,0.0,15.0,26.19047619047619,0.0,0.0,0.0,0.0,2.625,3.0,0.0,5.0,6.0,1.75,3.0,0.0,5.0,6.0,0.0,0.0,0.0,0.0,1.5625,2.0,0.0,3.0,3.5714285714285716,1.0416666666666667,2.0,0.0,3.0,3.5714285714285716,74.11111111111111,9.0,0.0,8.0,83.25,16.0,0.0,11.0,20.888888888888886,70.33333333333333,24.0,0.0,17.0,20.888888888888886,0.0,0.0,0.0,0.0,0.0,0.0,0.0,0.0,0.0,0.0,0.0,0.0,0.0,0.0,0.0,0.0,0.0,0.0,0.0,0.0,0.0,0.0,0.0,0.0,0.0,0.0,0.0,0.0,79.66666666666667,9.0,1.0,8.0,87.75,16.0,7.0,10.0,18.476190476190467,74.0,24.0,7.0,18.0,18.476190476190467
F13,31,0.32033333333333336,0.29864783527448635,0.021685498058847008,0.0,0.0,0.0,0.0,27.0,7.0,2.0,6.0,61.714285714285715,18.0,7.0,2.0,7.0,61.714285714285715,23.333333333333332,9.0,0.0,6.0,13.4375,10.0,0.0,8.0,-22.619047619047617,14.416666666666666,16.0,0.0,11.0,-22.619047619047617,0.0,0.0,0.0,0.0,0.0,0.0,0.0,0.0,0.0,0.0,0.0,0.0,0.0,0.0,100.0,9.0,9.0,0.0,100.0,16.0,16.0,0.0,0.0,100.0,24.0,24.0,0.0,0.0,0.0,0.0,0.0,0.0,0.0,0.0,0.0,0.0,0.0,0.0,0.0,0.0,0.0,0.0,0.0,0.0,0.0,0.0,0.0,0.0,0.0,0.0,0.0,0.0,0.0,0.0,0.0,0.0,24.666666666666668,3.0,2.0,2.0,57.625,10.0,9.0,2.0,75.33333333333333,59.083333333333336,15.0,13.0,4.0,75.33333333333333
F13,32,0.3295,0.2523569813537285,0.07714301864627149,7.222222222222222,3.0,0.0,3.0,18.25,10.0,0.0,10.0,25.20634920634921,20.291666666666668,18.0,0.0,16.0,25.20634920634921,0.8888888888888888,1.0,0.0,1.0,23.125,8.0,0.0,6.0,50.82539682539683,17.833333333333332,10.0,0.0,11.0,50.82539682539683,0.0,0.0,0.0,0.0,16.375,5.0,0.0,6.0,37.42857142857143,10.916666666666666,5.0,0.0,6.0,37.42857142857143,22.22222222222222,9.0,0.0,3.0,45.1875,16.0,0.0,10.0,52.49206349206349,42.791666666666664,24.0,0.0,17.0,52.49206349206349,0.0,0.0,0.0,0.0,0.0,0.0,0.0,0.0,0.0,0.0,0.0,0.0,0.0,0.0,0.0,0.0,0.0,0.0,0.0,0.0,0.0,0.0,0.0,0.0,0.0,0.0,0.0,0.0,28.666666666666668,9.0,0.0,3.0,51.4375,16.0,0.0,8.0,52.04761904761904,47.5,24.0,0.0,16.0,52.04761904761904
F13,33,0.33975,0.3019737901191457,0.03777620988085428,0.0,0.0,0.0,0.0,32.25,7.0,3.0,5.0,73.71428571428571,21.5,7.0,3.0,6.0,73.71428571428571,23.0,9.0,0.0,5.0,12.9375,9.0,0.0,6.0,-23.0,13.083333333333334,14.0,0.0,11.0,-23.0,0.0,0.0,0.0,0.0,5.0625,2.0,0.0,3.0,11.571428571428571,3.375,2.0,0.0,3.0,11.571428571428571,100.0,9.0,9.0,0.0,99.6875,16.0,15.0,2.0,-0.7142857142857082,99.79166666666667,24.0,23.0,2.0,-0.7142857142857082,0.0,0.0,0.0,0.0,0.0,0.0,0.0,0.0,0.0,0.0,0.0,0.0,0.0,0.0,0.0,0.0,0.0,0.0,0.0,0.0,0.0,0.0,0.0,0.0,0.0,0.0,0.0,0.0,24.444444444444443,3.0,2.0,2.0,57.5,10.0,9.0,2.0,75.55555555555556,58.916666666666664,15.0,13.0,4.0,75.55555555555556
F13,34,0.34991666666666665,0.31697443209314535,0.0329422345735213,0.0,0.0,0.0,0.0,35.0625,7.0,4.0,4.0,80.14285714285714,23.5,8.0,4.0,6.0,80.14285714285714,12.666666666666666,6.0,0.0,6.0,7.125,6.0,0.0,6.0,-12.666666666666666,4.75,6.0,0.0,6.0,-12.666666666666666,0.0,0.0,0.0,0.0,0.0,0.0,0.0,0.0,0.0,0.0,0.0,0.0,0.0,0.0,100.0,9.0,9.0,0.0,99.8125,16.0,15.0,2.0,-0.4285714285714306,99.875,24.0,23.0,2.0,-0.4285714285714306,0.0,0.0,0.0,0.0,0.0,0.0,0.0,0.0,0.0,0.0,0.0,0.0,0.0,0.0,0.0,0.0,0.0,0.0,0.0,0.0,0.0,0.0,0.0,0.0,0.0,0.0,0.0,0.0,9.88888888888889,1.0,0.0,1.0,49.3125,8.0,7.0,2.0,90.11111111111111,45.083333333333336,11.0,9.0,4.0,90.11111111111111
F13,35,0.26345833333333335,0.21475005449287776,0.04870827884045559,4.888888888888889,9.0,0.0,3.0,15.125,16.0,0.0,10.0,23.396825396825395,15.291666666666666,24.0,0.0,17.0,23.396825396825395,6.111111111111111,2.0,0.0,3.0,12.125,7.0,0.0,9.0,13.746031746031747,11.541666666666666,12.0,0.0,16.0,13.746031746031747,5.555555555555555,2.0,0.0,3.0,3.125,2.0,0.0,4.0,-5.555555555555555,3.625,4.0,0.0,7.0,-5.555555555555555,14.11111111111111,3.0,0.0,3.0,46.9375,10.0,0.0,8.0,75.03174603174602,36.416666666666664,16.0,0.0,15.0,75.03174603174602,0.0,0.0,0.0,0.0,0.0,0.0,0.0,0.0,0.0,0.0,0.0,0.0,0.0,0.0,0.0,0.0,0.0,0.0,0.625,1.0,0.0,2.0,1.4285714285714286,0.4166666666666667,1.0,0.0,2.0,1.4285714285714286,20.88888888888889,3.0,0.0,3.0,51.3125,10.0,0.0,8.0,69.53968253968254,41.458333333333336,16.0,0.0,14.0,69.53968253968254
F13,36,0.35883333333333334,0.34520585844951057,0.013627474883822766,0.0,0.0,0.0,0.0,29.0,6.0,3.0,4.0,66.28571428571429,19.333333333333332,6.0,3.0,5.0,66.28571428571429,19.444444444444443,8.0,0.0,6.0,10.9375,8.0,0.0,7.0,-19.444444444444443,7.291666666666667,8.0,0.0,7.0,-19.444444444444443,0.0,0.0,0.0,0.0,0.0,0.0,0.0,0.0,0.0,0.0,0.0,0.0,0.0,0.0,100.0,9.0,9.0,0.0,99.875,16.0,15.0,2.0,-0.2857142857142918,99.91666666666667,24.0,23.0,2.0,-0.2857142857142918,0.0,0.0,0.0,0.0,0.0,0.0,0.0,0.0,0.0,0.0,0.0,0.0,0.0,0.0,0.0,0.0,0.0,0.0,0.0,0.0,0.0,0.0,0.0,0.0,0.0,0.0,0.0,0.0,24.333333333333332,3.0,2.0,2.0,57.4375,10.0,9.0,2.0,75.66666666666667,48.416666666666664,13.0,11.0,4.0,75.66666666666667
F13,37,0.338,0.35796173407681886,-0.019961734076818838,0.0,0.0,0.0,0.0,36.375,7.0,5.0,3.0,83.14285714285714,29.166666666666668,9.0,5.0,6.0,83.14285714285714,0.0,0.0,0.0,0.0,0.0,0.0,0.0,0.0,0.0,0.3333333333333333,1.0,0.0,2.0,0.0,32.55555555555556,4.0,2.0,4.0,38.1875,8.0,4.0,8.0,12.873015873015873,25.458333333333332,8.0,4.0,8.0,12.873015873015873,100.0,9.0,9.0,0.0,100.0,16.0,16.0,0.0,0.0,100.0,24.0,24.0,0.0,0.0,0.0,0.0,0.0,0.0,0.0,0.0,0.0,0.0,0.0,0.0,0.0,0.0,0.0,0.0,0.0,0.0,0.0,0.0,0.0,0.0,0.0,0.0,0.0,0.0,0.0,0.0,0.0,0.0,8.777777777777779,1.0,0.0,1.0,46.5625,8.0,6.0,4.0,86.36507936507937,51.375,13.0,10.0,6.0,86.36507936507937
F13,38,0.297625,0.2970761421221654,0.0005488578778345965,0.0,0.0,0.0,0.0,36.3125,7.0,5.0,3.0,83.0,28.458333333333332,9.0,5.0,6.0,83.0,12.555555555555555,7.0,0.0,8.0,7.0625,7.0,0.0,8.0,-12.555555555555555,6.125,9.0,0.0,10.0,-12.555555555555555,0.0,0.0,0.0,0.0,26.375,6.0,2.0,5.0,60.285714285714285,17.583333333333332,6.0,2.0,6.0,60.285714285714285,100.0,9.0,9.0,0.0,96.75,16.0,14.0,3.0,-7.428571428571431,97.83333333333333,24.0,22.0,3.0,-7.428571428571431,0.0,0.0,0.0,0.0,0.0,0.0,0.0,0.0,0.0,0.0,0.0,0.0,0.0,0.0,0.0,0.0,0.0,0.0,0.1875,1.0,0.0,2.0,0.42857142857142855,0.125,1.0,0.0,2.0,0.42857142857142855,23.88888888888889,3.0,2.0,2.0,52.25,10.0,7.0,5.0,64.82539682539682,53.75,15.0,11.0,7.0,64.82539682539682
F13,39,0.18516666666666667,0.21272979259234634,-0.027563125925679666,4.888888888888889,9.0,0.0,2.0,12.4375,16.0,0.0,9.0,17.253968253968253,17.083333333333332,24.0,0.0,16.0,17.253968253968253,9.444444444444445,3.0,0.0,4.0,41.5625,10.0,0.0,11.0,73.41269841269842,30.25,14.0,0.0,16.0,73.41269841269842,5.555555555555555,2.0,0.0,4.0,29.9375,8.0,0.0,10.0,55.73015873015873,19.958333333333332,8.0,0.0,11.0,55.73015873015873,17.555555555555557,9.0,0.0,5.0,30.0625,16.0,0.0,12.0,28.58730158730159,36.458333333333336,24.0,0.0,20.0,28.58730158730159,0.0,0.0,0.0,0.0,0.0,0.0,0.0,0.0,0.0,0.0,0.0,0.0,0.0,0.0,0.0,0.0,0.0,0.0,3.0625,4.0,0.0,3.0,7.0,2.0416666666666665,4.0,0.0,4.0,7.0,20.555555555555557,9.0,0.0,5.0,34.375,16.0,0.0,12.0,31.58730158730159,39.541666666666664,24.0,0.0,20.0,31.58730158730159
F13,40,0.17283333333333337,0.21780221314256198,-0.04496887980922862,11.777777777777779,9.0,0.0,3.0,22.0,16.0,0.0,10.0,23.365079365079367,23.208333333333332,24.0,0.0,16.0,23.365079365079367,2.0,1.0,0.0,1.0,27.625,8.0,0.0,8.0,58.57142857142857,20.416666666666668,13.0,0.0,15.0,58.57142857142857,0.0,0.0,0.0,0.0,17.0,7.0,0.0,7.0,38.857142857142854,11.541666666666666,8.0,0.0,9.0,38.857142857142854,20.22222222222222,9.0,0.0,3.0,41.9375,16.0,0.0,10.0,49.63492063492064,32.5,21.0,0.0,15.0,49.63492063492064,0.0,0.0,0.0,0.0,0.0,0.0,0.0,0.0,0.0,0.0,0.0,0.0,0.0,0.0,0.0,0.0,0.0,0.0,1.75,4.0,0.0,4.0,4.0,1.1666666666666667,4.0,0.0,5.0,4.0,21.555555555555557,9.0,0.0,3.0,37.75,16.0,0.0,10.0,37.01587301587301,31.833333333333332,21.0,0.0,17.0,37.01587301587301
F13,41,0.33116666666666666,0.25596313346415595,0.07520353320251072,0.0,0.0,0.0,0.0,33.6875,7.0,4.0,4.0,77.0,22.458333333333332,7.0,4.0,5.0,77.0,23.333333333333332,9.0,0.0,5.0,13.125,9.0,0.0,6.0,-23.333333333333332,9.458333333333334,10.0,0.0,7.0,-23.333333333333332,0.0,0.0,0.0,0.0,0.0,0.0,0.0,0.0,0.0,0.0,0.0,0.0,0.0,0.0,100.0,9.0,9.0,0.0,99.875,16.0,15.0,2.0,-0.2857142857142918,99.91666666666667,24.0,23.0,2.0,-0.2857142857142918,0.0,0.0,0.0,0.0,0.0,0.0,0.0,0.0,0.0,0.0,0.0,0.0,0.0,0.0,0.0,0.0,0.0,0.0,0.0,0.0,0.0,0.0,0.0,0.0,0.0,0.0,0.0,0.0,23.555555555555557,3.0,2.0,2.0,50.625,10.0,7.0,5.0,61.87301587301587,45.875,13.0,9.0,7.0,61.87301587301587
F13,42,0.14945833333333333,0.21709938543576748,-0.06764105210243415,11.11111111111111,9.0,0.0,3.0,20.1875,16.0,0.0,10.0,20.746031746031747,19.875,24.0,0.0,17.0,20.746031746031747,14.11111111111111,2.0,1.0,2.0,23.0625,8.0,1.0,9.0,20.46031746031746,16.416666666666668,10.0,1.0,14.0,20.46031746031746,11.11111111111111,1.0,1.0,1.0,12.75,4.0,1.0,6.0,3.746031746031747,9.208333333333334,5.0,1.0,8.0,3.746031746031747,8.333333333333334,3.0,0.0,3.0,32.1875,10.0,0.0,10.0,54.52380952380952,24.458333333333332,15.0,0.0,16.0,54.52380952380952,0.0,0.0,0.0,0.0,0.0,0.0,0.0,0.0,0.0,0.0,0.0,0.0,0.0,0.0,0.0,0.0,0.0,0.0,0.0,0.0,0.0,0.0,0.0,0.0,0.0,0.0,0.0,0.0,16.0,3.0,0.0,3.0,37.0,10.0,0.0,10.0,48.0,30.583333333333332,18.0,0.0,15.0,48.0
F13,43,0.34591666666666665,0.31583307633149577,0.030083590335170884,0.0,0.0,0.0,0.0,22.0,5.0,2.0,5.0,50.285714285714285,14.666666666666666,5.0,2.0,5.0,50.285714285714285,24.333333333333332,9.0,0.0,4.0,14.1875,10.0,0.0,6.0,-23.19047619047619,10.833333333333334,12.0,0.0,8.0,-23.19047619047619,0.0,0.0,0.0,0.0,0.0,0.0,0.0,0.0,0.0,0.0,0.0,0.0,0.0,0.0,100.0,9.0,9.0,0.0,99.875,16.0,15.0,2.0,-0.2857142857142918,99.91666666666667,24.0,23.0,2.0,-0.2857142857142918,0.0,0.0,0.0,0.0,0.0,0.0,0.0,0.0,0.0,0.0,0.0,0.0,0.0,0.0,0.0,0.0,0.0,0.0,0.0,0.0,0.0,0.0,0.0,0.0,0.0,0.0,0.0,0.0,23.333333333333332,3.0,2.0,2.0,56.875,10.0,9.0,2.0,76.66666666666667,49.375,13.0,11.0,4.0,76.66666666666667
F13,44,0.20025,0.18777291499778828,0.01247708500221173,11.0,9.0,0.0,3.0,13.9375,16.0,0.0,10.0,6.714285714285715,14.958333333333334,24.0,0.0,17.0,6.714285714285715,8.555555555555555,4.0,0.0,5.0,32.125,11.0,0.0,12.0,53.87301587301587,37.083333333333336,17.0,0.0,19.0,53.87301587301587,5.777777777777778,3.0,0.0,5.0,4.3125,4.0,0.0,7.0,-3.3492063492063493,13.541666666666666,9.0,0.0,13.0,-3.3492063492063493,14.666666666666666,5.0,0.0,5.0,25.25,12.0,0.0,12.0,24.19047619047619,23.25,20.0,0.0,19.0,24.19047619047619,0.0,0.0,0.0,0.0,0.0,0.0,0.0,0.0,0.0,0.0,0.0,0.0,0.0,0.0,0.0,0.0,0.0,0.0,9.4375,7.0,0.0,7.0,21.571428571428573,6.708333333333333,8.0,0.0,9.0,21.571428571428573,19.0,5.0,0.0,5.0,30.75,12.0,0.0,12.0,26.857142857142854,24.166666666666668,17.0,0.0,18.0,26.857142857142854
F13,45,0.14758333333333332,0.17734065392758494,-0.029757320594251624,10.222222222222221,9.0,0.0,1.0,12.5,16.0,0.0,7.0,5.206349206349207,13.291666666666666,24.0,0.0,15.0,5.206349206349207,22.88888888888889,5.0,1.0,5.0,36.625,12.0,1.0,12.0,31.396825396825395,34.416666666666664,18.0,1.0,20.0,31.396825396825395,14.333333333333334,3.0,0.0,4.0,11.375,6.0,0.0,8.0,-6.761904761904763,13.666666666666666,11.0,0.0,15.0,-6.761904761904763,16.77777777777778,9.0,0.0,3.0,39.0,16.0,0.0,10.0,50.79365079365079,30.333333333333332,21.0,0.0,16.0,50.79365079365079,0.0,0.0,0.0,0.0,0.0,0.0,0.0,0.0,0.0,0.0,0.0,0.0,0.0,0.0,0.0,0.0,0.0,0.0,6.875,6.0,0.0,5.0,15.714285714285714,4.583333333333333,6.0,0.0,6.0,15.714285714285714,18.444444444444443,3.0,0.0,3.0,46.9375,10.0,0.0,10.0,65.12698412698413,34.458333333333336,12.0,0.0,14.0,65.12698412698413
F13,46,0.3981666666666666,0.41119039389720013,-0.013023727230533522,0.0,0.0,0.0,0.0,21.8125,5.0,2.0,5.0,49.857142857142854,14.541666666666666,5.0,2.0,5.0,49.857142857142854,0.0,0.0,0.0,0.0,0.125,1.0,0.0,2.0,0.2857142857142857,0.08333333333333333,1.0,0.0,2.0,0.2857142857142857,26.444444444444443,3.0,2.0,2.0,25.0625,5.0,3.0,4.0,-3.158730158730158,16.708333333333332,5.0,3.0,4.0,-3.158730158730158,22.444444444444443,4.0,1.0,5.0,56.375,11.0,8.0,5.0,77.55555555555556,59.833333333333336,17.0,13.0,7.0,77.55555555555556,0.0,0.0,0.0,0.0,2.3125,2.0,0.0,3.0,5.285714285714286,1.5416666666666667,2.0,0.0,3.0,5.285714285714286,0.0,0.0,0.0,0.0,3.4375,6.0,0.0,5.0,7.857142857142857,2.2916666666666665,6.0,0.0,6.0,7.857142857142857,1.8888888888888888,1.0,0.0,1.0,44.8125,8.0,7.0,2.0,98.11111111111111,38.458333333333336,11.0,9.0,4.0,98.11111111111111
F13,48,0.4250833333333333,0.4222873912899589,0.002795942043374411,0.0,0.0,0.0,0.0,35.125,6.0,4.0,3.0,80.28571428571429,24.125,7.0,4.0,5.0,80.28571428571429,0.0,0.0,0.0,0.0,0.0,0.0,0.0,0.0,0.0,0.0,0.0,0.0,0.0,0.0,0.0,0.0,0.0,0.0,0.0,0.0,0.0,0.0,0.0,0.0,0.0,0.0,0.0,0.0,21.11111111111111,2.0,1.0,2.0,55.625,9.0,8.0,2.0,78.88888888888889,70.33333333333333,17.0,15.0,3.0,78.88888888888889,0.0,0.0,0.0,0.0,0.0,0.0,0.0,0.0,0.0,0.0,0.0,0.0,0.0,0.0,0.0,0.0,0.0,0.0,3.0,6.0,0.0,5.0,6.857142857142857,2.2083333333333335,7.0,0.0,7.0,6.857142857142857,11.222222222222221,2.0,0.0,2.0,41.125,9.0,5.0,6.0,68.34920634920636,45.458333333333336,14.0,9.0,8.0,68.34920634920636
F13,49,0.14991666666666667,0.19650544512717197,-0.0465887784605053,10.444444444444445,9.0,0.0,3.0,20.0,16.0,0.0,9.0,21.841269841269842,20.166666666666668,24.0,0.0,16.0,21.841269841269842,4.222222222222222,1.0,0.0,1.0,20.75,8.0,0.0,7.0,37.77777777777778,18.625,12.0,0.0,13.0,37.77777777777778,0.0,0.0,0.0,0.0,5.5,4.0,0.0,4.0,12.571428571428571,5.125,5.0,0.0,7.0,12.571428571428571,7.555555555555555,2.0,0.0,2.0,24.25,8.0,0.0,9.0,38.15873015873016,23.25,16.0,0.0,16.0,38.15873015873016,0.0,0.0,0.0,0.0,0.0,0.0,0.0,0.0,0.0,0.0,0.0,0.0,0.0,0.0,0.0,0.0,0.0,0.0,3.25,4.0,0.0,5.0,7.428571428571429,2.1666666666666665,4.0,0.0,5.0,7.428571428571429,9.666666666666666,2.0,0.0,2.0,22.9375,8.0,0.0,9.0,30.333333333333336,24.125,14.0,0.0,16.0,30.333333333333336
F13,50,0.453625,0.4280240646165023,0.025600935383497725,0.0,0.0,0.0,0.0,34.5,7.0,4.0,4.0,78.85714285714286,23.041666666666668,8.0,4.0,6.0,78.85714285714286,0.0,0.0,0.0,0.0,0.0,0.0,0.0,0.0,0.0,0.0,0.0,0.0,0.0,0.0,0.0,0.0,0.0,0.0,0.0,0.0,0.0,0.0,0.0,0.0,0.0,0.0,0.0,0.0,21.11111111111111,3.0,1.0,3.0,55.625,10.0,8.0,3.0,78.88888888888889,70.41666666666667,18.0,16.0,3.0,78.88888888888889,0.0,0.0,0.0,0.0,0.0,0.0,0.0,0.0,0.0,0.0,0.0,0.0,0.0,0.0,0.0,0.0,0.0,0.0,3.8125,5.0,0.0,5.0,8.714285714285714,2.5416666666666665,5.0,0.0,6.0,8.714285714285714,22.666666666666668,3.0,2.0,2.0,56.5,10.0,9.0,2.0,77.33333333333333,57.375,15.0,13.0,4.0,77.33333333333333
F13,51,0.4850833333333333,0.46222401459926443,0.02285931873406888,0.0,0.0,0.0,0.0,38.3125,7.0,5.0,3.0,87.57142857142857,27.541666666666668,8.0,5.0,5.0,87.57142857142857,0.0,0.0,0.0,0.0,0.0,0.0,0.0,0.0,0.0,0.0,0.0,0.0,0.0,0.0,0.0,0.0,0.0,0.0,0.0,0.0,0.0,0.0,0.0,0.0,0.0,0.0,0.0,0.0,21.77777777777778,3.0,1.0,3.0,56.0,10.0,8.0,3.0,78.22222222222223,70.66666666666667,18.0,16.0,3.0,78.22222222222223,0.0,0.0,0.0,0.0,0.0,0.0,0.0,0.0,0.0,0.0,0.0,0.0,0.0,0.0,0.0,0.0,0.0,0.0,3.0,6.0,0.0,5.0,6.857142857142857,2.0,6.0,0.0,6.0,6.857142857142857,20.77777777777778,2.0,1.0,2.0,40.0625,8.0,5.0,6.0,44.07936507936508,46.333333333333336,13.0,9.0,8.0,44.07936507936508
F13,52,0.23383333333333334,0.25227369194291327,-0.018440358609579932,7.888888888888889,9.0,0.0,5.0,36.875,16.0,4.0,9.0,66.25396825396825,26.416666666666668,24.0,4.0,17.0,66.25396825396825,39.55555555555556,9.0,0.0,8.0,36.5,16.0,0.0,15.0,-6.984126984126988,39.0,24.0,0.0,22.0,-6.984126984126988,11.11111111111111,2.0,0.0,3.0,6.25,2.0,0.0,3.0,-11.11111111111111,8.333333333333334,4.0,0.0,6.0,-11.11111111111111,21.77777777777778,2.0,1.0,2.0,35.375,9.0,2.0,6.0,31.079365079365076,26.625,10.0,2.0,8.0,31.079365079365076,0.0,0.0,0.0,0.0,0.0,0.0,0.0,0.0,0.0,0.0,0.0,0.0,0.0,0.0,0.3333333333333333,1.0,0.0,2.0,6.4375,8.0,0.0,8.0,13.952380952380953,4.416666666666667,9.0,0.0,10.0,13.952380952380953,21.77777777777778,2.0,1.0,2.0,33.625,9.0,2.0,6.0,27.079365079365076,25.416666666666668,10.0,2.0,8.0,27.079365079365076
F13,53,0.23683333333333334,0.260211287624089,-0.023377954290755676,7.333333333333333,9.0,0.0,6.0,14.875,16.0,0.0,12.0,17.23809523809524,11.541666666666666,24.0,0.0,19.0,17.23809523809524,40.0,9.0,0.0,8.0,42.625,16.0,0.0,15.0,6.0,42.666666666666664,24.0,0.0,21.0,6.0,11.11111111111111,2.0,0.0,3.0,6.25,2.0,0.0,3.0,-11.11111111111111,8.541666666666666,4.0,0.0,6.0,-11.11111111111111,21.77777777777778,2.0,1.0,2.0,50.875,9.0,2.0,8.0,66.5079365079365,37.0,10.0,2.0,10.0,66.5079365079365,0.0,0.0,0.0,0.0,0.0,0.0,0.0,0.0,0.0,0.0,0.0,0.0,0.0,0.0,0.7777777777777778,3.0,0.0,2.0,9.875,10.0,0.0,9.0,20.793650793650794,6.666666666666667,11.0,0.0,11.0,20.793650793650794,21.77777777777778,2.0,1.0,2.0,51.0,9.0,2.0,8.0,66.79365079365078,37.041666666666664,10.0,2.0,10.0,66.79365079365078
F13,54,0.24454166666666666,0.25214071228574436,-0.0075990456190777045,4.555555555555555,9.0,0.0,2.0,4.3125,16.0,0.0,2.0,-0.5555555555555554,4.208333333333333,24.0,0.0,2.0,-0.5555555555555554,7.555555555555555,2.0,0.0,2.0,4.25,2.0,0.0,2.0,-7.555555555555555,2.8333333333333335,2.0,0.0,2.0,-7.555555555555555,0.0,0.0,0.0,0.0,0.0,0.0,0.0,0.0,0.0,0.0,0.0,0.0,0.0,0.0,0.0,0.0,0.0,0.0,0.0,0.0,0.0,0.0,0.0,0.0,0.0,0.0,0.0,0.0,0.0,0.0,0.0,0.0,0.0,0.0,0.0,0.0,0.0,0.0,0.0,0.0,0.0,0.0,0.0,0.0,0.0,0.0,0.0,0.0,0.0,0.0,0.0,0.0,0.0,0.0,0.0,0.0,0.0,0.0,0.0,0.0,0.0,0.0,0.0,0.0,0.0,0.0,0.0,0.0,0.0,0.0
F13,55,0.5199166666666667,0.3909892830605159,0.1289273836061508,0.0,0.0,0.0,0.0,28.6875,6.0,0.0,4.0,65.57142857142857,19.125,6.0,0.0,5.0,65.57142857142857,0.0,0.0,0.0,0.0,0.0,0.0,0.0,0.0,0.0,0.0,0.0,0.0,0.0,0.0,0.0,0.0,0.0,0.0,0.0,0.0,0.0,0.0,0.0,0.0,0.0,0.0,0.0,0.0,20.22222222222222,2.0,1.0,2.0,55.125,9.0,8.0,2.0,79.77777777777777,56.583333333333336,14.0,12.0,4.0,79.77777777777777,0.0,0.0,0.0,0.0,0.0,0.0,0.0,0.0,0.0,0.0,0.0,0.0,0.0,0.0,0.0,0.0,0.0,0.0,3.625,6.0,0.0,6.0,8.285714285714286,2.4166666666666665,6.0,0.0,7.0,8.285714285714286,20.22222222222222,2.0,1.0,2.0,55.125,9.0,8.0,2.0,79.77777777777777,54.375,14.0,12.0,4.0,79.77777777777777
F13,56,0.2577083333333334,0.25936297275759906,-0.0016546394242656914,5.777777777777778,9.0,0.0,7.0,28.5,16.0,1.0,14.0,51.93650793650794,21.25,24.0,1.0,21.0,51.93650793650794,50.55555555555556,9.0,0.0,7.0,51.0,16.0,0.0,13.0,1.0158730158730123,50.541666666666664,24.0,0.0,20.0,1.0158730158730123,11.11111111111111,2.0,0.0,3.0,6.25,2.0,0.0,3.0,-11.11111111111111,8.25,4.0,0.0,6.0,-11.11111111111111,21.77777777777778,2.0,1.0,2.0,39.0,9.0,2.0,8.0,39.36507936507937,28.708333333333332,11.0,2.0,11.0,39.36507936507937,0.0,0.0,0.0,0.0,0.0,0.0,0.0,0.0,0.0,0.0,0.0,0.0,0.0,0.0,0.5555555555555556,2.0,0.0,2.0,10.375,9.0,0.0,9.0,22.444444444444443,6.916666666666667,9.0,0.0,10.0,22.444444444444443,21.77777777777778,2.0,1.0,2.0,38.9375,9.0,2.0,7.0,39.22222222222222,28.666666666666668,11.0,2.0,10.0,39.22222222222222
F13,57,0.549625,0.4238301959377974,0.12579480406220261,0.0,0.0,0.0,0.0,35.625,7.0,4.0,4.0,81.42857142857143,24.166666666666668,8.0,4.0,6.0,81.42857142857143,0.0,0.0,0.0,0.0,0.0,0.0,0.0,0.0,0.0,0.0,0.0,0.0,0.0,0.0,0.0,0.0,0.0,0.0,0.0,0.0,0.0,0.0,0.0,0.0,0.0,0.0,0.0,0.0,22.555555555555557,3.0,1.0,3.0,56.4375,10.0,8.0,3.0,77.44444444444444,70.95833333333333,18.0,16.0,3.0,77.44444444444444,0.0,0.0,0.0,0.0,0.0,0.0,0.0,0.0,0.0,0.0,0.0,0.0,0.0,0.0,0.0,0.0,0.0,0.0,1.875,5.0,0.0,5.0,4.285714285714286,1.25,5.0,0.0,6.0,4.285714285714286,19.88888888888889,2.0,1.0,2.0,43.75,9.0,5.0,6.0,54.539682539682545,48.458333333333336,14.0,9.0,8.0,54.539682539682545
F13,58,0.258375,0.2358174298328262,0.02255757016717383,6.333333333333333,9.0,0.0,8.0,29.875,16.0,1.0,15.0,53.80952380952381,21.666666666666668,24.0,1.0,23.0,53.80952380952381,51.888888888888886,9.0,0.0,8.0,51.9375,16.0,0.0,14.0,0.11111111111111427,51.541666666666664,24.0,0.0,20.0,0.11111111111111427,11.11111111111111,2.0,0.0,3.0,6.25,2.0,0.0,3.0,-11.11111111111111,8.333333333333334,4.0,0.0,6.0,-11.11111111111111,20.88888888888889,2.0,1.0,2.0,37.0625,9.0,2.0,8.0,36.96825396825396,27.291666666666668,10.0,2.0,10.0,36.96825396825396,0.0,0.0,0.0,0.0,0.0,0.0,0.0,0.0,0.0,0.0,0.0,0.0,0.0,0.0,1.1111111111111112,2.0,0.0,2.0,10.125,9.0,0.0,9.0,20.603174603174605,6.75,9.0,0.0,10.0,20.603174603174605,20.88888888888889,2.0,1.0,2.0,37.125,9.0,2.0,8.0,37.111111111111114,27.333333333333332,10.0,2.0,10.0,37.111111111111114
F13,59,0.26229166666666665,0.22951709271302198,0.032774573953644665,6.555555555555555,9.0,0.0,4.0,27.3125,16.0,0.0,11.0,47.44444444444444,20.416666666666668,24.0,0.0,15.0,47.44444444444444,50.111111111111114,9.0,0.0,8.0,50.625,16.0,0.0,13.0,1.1746031746031704,51.041666666666664,24.0,0.0,20.0,1.1746031746031704,11.11111111111111,2.0,0.0,3.0,6.25,2.0,0.0,3.0,-11.11111111111111,8.333333333333334,4.0,0.0,6.0,-11.11111111111111,20.88888888888889,2.0,1.0,2.0,39.1875,9.0,2.0,8.0,41.82539682539682,28.708333333333332,10.0,2.0,10.0,41.82539682539682,0.0,0.0,0.0,0.0,0.0,0.0,0.0,0.0,0.0,0.0,0.0,0.0,0.0,0.0,0.5555555555555556,1.0,0.0,2.0,8.875,8.0,0.0,8.0,19.015873015873016,5.916666666666667,8.0,0.0,9.0,19.015873015873016,20.88888888888889,2.0,1.0,2.0,39.1875,9.0,2.0,8.0,41.82539682539682,28.708333333333332,10.0,2.0,10.0,41.82539682539682
F13,60,0.26495833333333335,0.22452743515776272,0.040430898175570634,7.222222222222222,9.0,0.0,6.0,20.75,16.0,0.0,11.0,30.920634920634924,15.75,24.0,0.0,18.0,30.920634920634924,50.44444444444444,9.0,0.0,7.0,51.375,16.0,0.0,13.0,2.1269841269841265,51.333333333333336,24.0,0.0,21.0,2.1269841269841265,11.333333333333334,2.0,0.0,3.0,6.375,2.0,0.0,3.0,-11.333333333333334,8.416666666666666,4.0,0.0,6.0,-11.333333333333334,20.77777777777778,2.0,1.0,2.0,45.875,9.0,3.0,7.0,57.36507936507936,33.166666666666664,10.0,3.0,9.0,57.36507936507936,0.0,0.0,0.0,0.0,0.0,0.0,0.0,0.0,0.0,0.0,0.0,0.0,0.0,0.0,0.0,0.0,0.0,0.0,7.875,6.0,0.0,6.0,18.0,5.25,6.0,0.0,7.0,18.0,20.77777777777778,2.0,1.0,2.0,45.8125,9.0,3.0,7.0,57.22222222222222,33.125,10.0,3.0,9.0,57.22222222222222
F13,61,0.26429166666666665,0.2373193287940757,0.026972337872590957,8.0,9.0,0.0,7.0,9.125,16.0,0.0,14.0,2.571428571428571,7.583333333333333,24.0,0.0,20.0,2.571428571428571,50.111111111111114,9.0,0.0,7.0,50.75,16.0,0.0,13.0,1.4603174603174551,50.666666666666664,24.0,0.0,19.0,1.4603174603174551,11.11111111111111,2.0,0.0,3.0,6.25,2.0,0.0,3.0,-11.11111111111111,8.333333333333334,4.0,0.0,6.0,-11.11111111111111,20.77777777777778,2.0,1.0,2.0,55.4375,9.0,8.0,2.0,79.22222222222223,39.541666666666664,10.0,8.0,4.0,79.22222222222223,0.0,0.0,0.0,0.0,0.0,0.0,0.0,0.0,0.0,0.0,0.0,0.0,0.0,0.0,0.0,0.0,0.0,0.0,1.9375,6.0,0.0,6.0,4.428571428571429,1.2916666666666667,6.0,0.0,7.0,4.428571428571429,20.88888888888889,2.0,1.0,2.0,55.5,9.0,8.0,2.0,79.11111111111111,39.583333333333336,10.0,8.0,4.0,79.11111111111111
F13,62,0.5582916666666667,0.47106622251447555,0.08722544415219119,0.0,0.0,0.0,0.0,24.6875,6.0,2.0,5.0,56.42857142857143,16.458333333333332,6.0,2.0,6.0,56.42857142857143,0.0,0.0,0.0,0.0,0.0,0.0,0.0,0.0,0.0,0.0,0.0,0.0,0.0,0.0,0.0,0.0,0.0,0.0,0.0,0.0,0.0,0.0,0.0,0.0,0.0,0.0,0.0,0.0,21.0,4.0,1.0,4.0,55.5625,11.0,8.0,4.0,79.0,70.375,19.0,16.0,4.0,79.0,0.0,0.0,0.0,0.0,1.6875,1.0,0.0,2.0,3.857142857142857,1.125,1.0,0.0,2.0,3.857142857142857,0.0,0.0,0.0,0.0,0.0,0.0,0.0,0.0,0.0,0.0,0.0,0.0,0.0,0.0,19.11111111111111,2.0,1.0,2.0,54.5,9.0,8.0,2.0,80.88888888888889,47.0,13.0,10.0,5.0,80.88888888888889
F13,63,0.2705,0.238502298002375,0.03199770199762503,7.666666666666667,9.0,0.0,6.0,14.875,16.0,0.0,13.0,16.476190476190474,11.333333333333334,24.0,0.0,20.0,16.476190476190474,52.22222222222222,9.0,0.0,6.0,51.4375,16.0,0.0,11.0,-1.7936507936507908,51.541666666666664,24.0,0.0,18.0,-1.7936507936507908,11.333333333333334,2.0,0.0,3.0,6.375,2.0,0.0,3.0,-11.333333333333334,8.416666666666666,4.0,0.0,6.0,-11.333333333333334,20.77777777777778,2.0,1.0,2.0,51.3125,9.0,5.0,6.0,69.79365079365078,36.791666666666664,10.0,5.0,8.0,69.79365079365078,0.0,0.0,0.0,0.0,0.0,0.0,0.0,0.0,0.0,0.0,0.0,0.0,0.0,0.0,0.0,0.0,0.0,0.0,7.0,6.0,0.0,6.0,16.0,4.666666666666667,6.0,0.0,7.0,16.0,20.77777777777778,2.0,1.0,2.0,51.25,9.0,5.0,6.0,69.65079365079364,36.75,10.0,5.0,8.0,69.65079365079364
F13,64,0.5405833333333333,0.47197704675839963,0.06860628657493367,0.0,0.0,0.0,0.0,18.3125,6.0,0.0,6.0,41.857142857142854,12.208333333333334,6.0,0.0,7.0,41.857142857142854,0.0,0.0,0.0,0.0,0.0,0.0,0.0,0.0,0.0,0.0,0.0,0.0,0.0,0.0,0.0,0.0,0.0,0.0,0.0,0.0,0.0,0.0,0.0,0.0,0.0,0.0,0.0,0.0,21.77777777777778,3.0,1.0,3.0,56.0,10.0,8.0,3.0,78.22222222222223,56.333333333333336,15.0,12.0,5.0,78.22222222222223,0.0,0.0,0.0,0.0,20.1875,6.0,2.0,6.0,46.142857142857146,13.458333333333334,6.0,2.0,6.0,46.142857142857146,0.0,0.0,0.0,0.0,3.0,6.0,0.0,5.0,6.857142857142857,2.0,6.0,0.0,6.0,6.857142857142857,4.888888888888889,1.0,0.0,1.0,46.5,8.0,7.0,2.0,95.11111111111111,38.083333333333336,10.0,8.0,4.0,95.11111111111111
F13,65,0.2655,0.2450651477013284,0.02043485229867162,6.555555555555555,9.0,0.0,7.0,9.25,16.0,0.0,13.0,6.158730158730158,7.5,24.0,0.0,19.0,6.158730158730158,50.44444444444444,9.0,0.0,6.0,51.0,16.0,0.0,11.0,1.2698412698412724,51.416666666666664,24.0,0.0,16.0,1.2698412698412724,22.11111111111111,8.0,0.0,7.0,12.4375,8.0,0.0,8.0,-22.11111111111111,12.791666666666666,11.0,0.0,13.0,-22.11111111111111,19.88888888888889,2.0,1.0,2.0,53.9375,9.0,6.0,5.0,77.82539682539682,38.208333333333336,10.0,6.0,7.0,77.82539682539682,0.0,0.0,0.0,0.0,0.4375,1.0,0.0,2.0,1.0,0.2916666666666667,1.0,0.0,2.0,1.0,0.0,0.0,0.0,0.0,8.875,6.0,0.0,6.0,20.285714285714285,5.916666666666667,6.0,0.0,7.0,20.285714285714285,19.88888888888889,2.0,1.0,2.0,53.9375,9.0,6.0,5.0,77.82539682539682,38.166666666666664,10.0,6.0,7.0,77.82539682539682
F13,66,0.25133333333333335,0.24301584056229272,0.00831749277104063,6.333333333333333,9.0,0.0,5.0,7.75,16.0,0.0,12.0,3.238095238095238,6.916666666666667,24.0,0.0,19.0,3.238095238095238,50.333333333333336,9.0,0.0,7.0,51.125,16.0,0.0,13.0,1.8095238095238102,50.916666666666664,24.0,0.0,19.0,1.8095238095238102,28.88888888888889,9.0,1.0,8.0,16.25,9.0,1.0,9.0,-28.88888888888889,15.0,11.0,1.0,12.0,-28.88888888888889,19.88888888888889,2.0,1.0,2.0,54.9375,9.0,8.0,2.0,80.11111111111111,38.875,10.0,8.0,4.0,80.11111111111111,0.0,0.0,0.0,0.0,0.0,0.0,0.0,0.0,0.0,0.0,0.0,0.0,0.0,0.0,0.0,0.0,0.0,0.0,2.0,5.0,0.0,5.0,4.571428571428571,1.3333333333333333,5.0,0.0,6.0,4.571428571428571,20.0,2.0,1.0,2.0,55.0,9.0,8.0,2.0,80.0,38.875,10.0,8.0,4.0,80.0
F13,67,0.5415833333333333,0.45107860341484907,0.09050472991848424,0.0,0.0,0.0,0.0,24.8125,6.0,2.0,5.0,56.714285714285715,16.541666666666668,6.0,2.0,6.0,56.714285714285715,0.0,0.0,0.0,0.0,0.0,0.0,0.0,0.0,0.0,0.0,0.0,0.0,0.0,0.0,0.0,0.0,0.0,0.0,0.0,0.0,0.0,0.0,0.0,0.0,0.0,0.0,0.0,0.0,20.11111111111111,2.0,1.0,2.0,55.0625,9.0,8.0,2.0,79.88888888888889,67.66666666666667,17.0,15.0,3.0,79.88888888888889,0.0,0.0,0.0,0.0,7.875,4.0,0.0,5.0,18.0,5.25,4.0,0.0,5.0,18.0,0.0,0.0,0.0,0.0,0.5625,2.0,0.0,3.0,1.2857142857142858,0.375,2.0,0.0,3.0,1.2857142857142858,0.0,0.0,0.0,0.0,42.0,7.0,6.0,2.0,96.0,37.5,10.0,8.0,4.0,96.0
F13,68,0.24787499999999998,0.25036490176341003,-0.002489901763410046,7.666666666666667,9.0,0.0,8.0,12.0625,16.0,0.0,14.0,10.047619047619047,9.75,24.0,0.0,19.0,10.047619047619047,50.55555555555556,9.0,0.0,8.0,51.4375,16.0,0.0,14.0,2.0158730158730123,51.958333333333336,24.0,0.0,21.0,2.0158730158730123,21.333333333333332,6.0,0.0,8.0,12.0,6.0,0.0,8.0,-21.333333333333332,12.125,8.0,0.0,11.0,-21.333333333333332,19.88888888888889,2.0,1.0,2.0,52.9375,9.0,6.0,5.0,75.53968253968254,37.583333333333336,10.0,6.0,7.0,75.53968253968254,0.0,0.0,0.0,0.0,0.0,0.0,0.0,0.0,0.0,0.0,0.0,0.0,0.0,0.0,0.0,0.0,0.0,0.0,7.9375,6.0,0.0,6.0,18.142857142857142,5.291666666666667,6.0,0.0,7.0,18.142857142857142,19.88888888888889,2.0,1.0,2.0,53.0,9.0,6.0,5.0,75.68253968253968,37.583333333333336,10.0,6.0,7.0,75.68253968253968
F13,69,0.42891666666666667,0.41780569663238737,0.0111109700342793,0.0,0.0,0.0,0.0,16.8125,7.0,0.0,4.0,38.42857142857143,11.666666666666666,8.0,0.0,6.0,38.42857142857143,9.222222222222221,1.0,0.0,1.0,6.25,2.0,0.0,3.0,-6.793650793650793,5.583333333333333,4.0,0.0,5.0,-6.793650793650793,36.888888888888886,6.0,2.0,5.0,20.75,6.0,2.0,5.0,-36.888888888888886,15.208333333333334,7.0,2.0,6.0,-36.888888888888886,8.444444444444445,1.0,0.0,1.0,48.5,8.0,7.0,2.0,91.55555555555556,38.875,10.0,8.0,4.0,91.55555555555556,0.0,0.0,0.0,0.0,0.0,0.0,0.0,0.0,0.0,0.0,0.0,0.0,0.0,0.0,0.0,0.0,0.0,0.0,0.4375,1.0,0.0,2.0,1.0,0.2916666666666667,1.0,0.0,2.0,1.0,8.444444444444445,1.0,0.0,1.0,48.5,8.0,7.0,2.0,91.55555555555556,38.875,10.0,8.0,4.0,91.55555555555556
F13,70,0.44295833333333334,0.42249549058415314,0.0204628427491802,0.0,0.0,0.0,0.0,17.625,7.0,0.0,3.0,40.285714285714285,12.791666666666666,8.0,0.0,5.0,40.285714285714285,9.222222222222221,1.0,0.0,1.0,6.25,2.0,0.0,3.0,-6.793650793650793,5.583333333333333,4.0,0.0,5.0,-6.793650793650793,29.555555555555557,7.0,1.0,7.0,16.625,7.0,1.0,8.0,-29.555555555555557,11.083333333333334,7.0,1.0,8.0,-29.555555555555557,8.444444444444445,1.0,0.0,1.0,48.5,8.0,7.0,2.0,91.55555555555556,38.875,10.0,8.0,4.0,91.55555555555556,0.0,0.0,0.0,0.0,0.0,0.0,0.0,0.0,0.0,0.0,0.0,0.0,0.0,0.0,0.0,0.0,0.0,0.0,0.8125,1.0,0.0,2.0,1.8571428571428572,0.5416666666666666,1.0,0.0,2.0,1.8571428571428572,8.444444444444445,1.0,0.0,1.0,48.5,8.0,7.0,2.0,91.55555555555556,38.875,10.0,8.0,4.0,91.55555555555556
F13,71,0.549125,0.5074090737443381,0.041715926255661895,0.0,0.0,0.0,0.0,24.6875,6.0,2.0,5.0,56.42857142857143,16.458333333333332,6.0,2.0,6.0,56.42857142857143,0.0,0.0,0.0,0.0,0.0,0.0,0.0,0.0,0.0,0.0,0.0,0.0,0.0,0.0,0.0,0.0,0.0,0.0,0.0,0.0,0.0,0.0,0.0,0.0,0.0,0.0,0.0,0.0,17.88888888888889,2.0,1.0,2.0,53.8125,9.0,8.0,2.0,82.11111111111111,60.375,15.0,13.0,4.0,82.11111111111111,0.0,0.0,0.0,0.0,9.0,4.0,0.0,5.0,20.571428571428573,6.0,4.0,0.0,5.0,20.571428571428573,0.0,0.0,0.0,0.0,2.8125,5.0,0.0,5.0,6.428571428571429,1.875,5.0,0.0,6.0,6.428571428571429,0.0,0.0,0.0,0.0,42.3125,7.0,6.0,2.0,96.71428571428571,36.5,10.0,7.0,5.0,96.71428571428571
F13,72,0.45575000000000004,0.4307453539176605,0.025004646082339543,0.0,0.0,0.0,0.0,17.6875,7.0,0.0,3.0,40.42857142857143,12.25,8.0,0.0,5.0,40.42857142857143,9.222222222222221,1.0,0.0,1.0,6.25,2.0,0.0,3.0,-6.793650793650793,5.583333333333333,4.0,0.0,5.0,-6.793650793650793,16.555555555555557,3.0,0.0,5.0,9.3125,3.0,0.0,5.0,-16.555555555555557,6.208333333333333,3.0,0.0,5.0,-16.555555555555557,8.444444444444445,1.0,0.0,1.0,47.5,8.0,6.0,4.0,89.26984126984127,38.25,10.0,7.0,6.0,89.26984126984127,0.0,0.0,0.0,0.0,0.0,0.0,0.0,0.0,0.0,0.0,0.0,0.0,0.0,0.0,0.0,0.0,0.0,0.0,0.4375,1.0,0.0,2.0,1.0,0.2916666666666667,1.0,0.0,2.0,1.0,8.444444444444445,1.0,0.0,1.0,47.5,8.0,6.0,4.0,89.26984126984127,38.25,10.0,7.0,6.0,89.26984126984127
F13,73,0.56725,0.5132438965208882,0.05400610347911183,0.0,0.0,0.0,0.0,22.6875,6.0,2.0,5.0,51.857142857142854,15.125,6.0,2.0,6.0,51.857142857142854,0.0,0.0,0.0,0.0,0.0,0.0,0.0,0.0,0.0,0.0,0.0,0.0,0.0,0.0,0.0,0.0,0.0,0.0,0.0,0.0,0.0,0.0,0.0,0.0,0.0,0.0,0.0,0.0,17.77777777777778,2.0,1.0,2.0,50.875,9.0,7.0,4.0,75.65079365079364,67.25,17.0,15.0,4.0,75.65079365079364,0.0,0.0,0.0,0.0,16.5625,4.0,2.0,4.0,37.857142857142854,11.041666666666666,4.0,2.0,4.0,37.857142857142854,0.0,0.0,0.0,0.0,2.3125,5.0,0.0,5.0,5.285714285714286,1.5416666666666667,5.0,0.0,6.0,5.285714285714286,4.666666666666667,1.0,0.0,1.0,45.4375,8.0,6.0,4.0,93.19047619047619,40.0,11.0,8.0,6.0,93.19047619047619
F13,75,0.46820833333333334,0.475588689447632,-0.0073803561142986585,0.0,0.0,0.0,0.0,4.9375,5.0,0.0,2.0,11.285714285714286,3.5833333333333335,6.0,0.0,4.0,11.285714285714286,9.11111111111111,1.0,0.0,1.0,6.1875,2.0,0.0,3.0,-6.682539682539682,5.5,4.0,0.0,6.0,-6.682539682539682,35.22222222222222,8.0,1.0,8.0,22.0,9.0,1.0,10.0,-30.22222222222222,16.041666666666668,10.0,1.0,11.0,-30.22222222222222,6.555555555555555,1.0,0.0,1.0,47.4375,8.0,7.0,2.0,93.44444444444444,38.208333333333336,10.0,8.0,4.0,93.44444444444444,0.0,0.0,0.0,0.0,0.0,0.0,0.0,0.0,0.0,0.0,0.0,0.0,0.0,0.0,1.1111111111111112,2.0,0.0,4.0,0.625,2.0,0.0,4.0,-1.1111111111111112,0.4166666666666667,2.0,0.0,4.0,-1.1111111111111112,6.555555555555555,1.0,0.0,1.0,47.4375,8.0,7.0,2.0,93.44444444444444,38.208333333333336,10.0,8.0,4.0,93.44444444444444
F13,76,0.5653333333333334,0.49154120244911353,0.07379213088421982,0.0,0.0,0.0,0.0,5.1875,2.0,0.0,3.0,11.857142857142858,3.4583333333333335,2.0,0.0,3.0,11.857142857142858,0.0,0.0,0.0,0.0,0.0,0.0,0.0,0.0,0.0,0.0,0.0,0.0,0.0,0.0,0.0,0.0,0.0,0.0,0.0,0.0,0.0,0.0,0.0,0.0,0.0,0.0,0.0,0.0,14.11111111111111,2.0,1.0,2.0,45.6875,9.0,6.0,4.0,72.17460317460318,47.166666666666664,16.0,8.0,11.0,72.17460317460318,2.5555555555555554,1.0,0.0,2.0,6.6875,4.0,0.0,7.0,9.444444444444445,4.458333333333333,4.0,0.0,7.0,9.444444444444445,0.0,0.0,0.0,0.0,1.375,3.0,0.0,3.0,3.142857142857143,0.9166666666666666,3.0,0.0,4.0,3.142857142857143,0.0,0.0,0.0,0.0,34.9375,6.0,3.0,4.0,79.85714285714286,30.083333333333332,8.0,4.0,7.0,79.85714285714286
F13,77,0.482875,0.5104064968561488,-0.027531496856148807,0.0,0.0,0.0,0.0,7.0625,6.0,0.0,2.0,16.142857142857142,5.125,7.0,0.0,4.0,16.142857142857142,7.222222222222222,1.0,0.0,1.0,6.25,2.0,0.0,3.0,-2.2222222222222223,5.541666666666667,4.0,0.0,6.0,-2.2222222222222223,25.77777777777778,7.0,0.0,8.0,14.5,7.0,0.0,9.0,-25.77777777777778,15.791666666666666,12.0,0.0,14.0,-25.77777777777778,6.444444444444445,1.0,0.0,1.0,47.375,8.0,7.0,2.0,93.55555555555556,38.166666666666664,10.0,8.0,4.0,93.55555555555556,0.0,0.0,0.0,0.0,0.0,0.0,0.0,0.0,0.0,0.0,0.0,0.0,0.0,0.0,0.0,0.0,0.0,0.0,0.0,0.0,0.0,0.0,0.0,0.0,0.0,0.0,0.0,0.0,6.444444444444445,1.0,0.0,1.0,47.375,8.0,7.0,2.0,93.55555555555556,38.166666666666664,10.0,8.0,4.0,93.55555555555556
F13,78,0.5759583333333333,0.5012730564464852,0.07468527688684812,0.0,0.0,0.0,0.0,8.625,4.0,0.0,5.0,19.714285714285715,5.75,4.0,0.0,5.0,19.714285714285715,0.0,0.0,0.0,0.0,0.0,0.0,0.0,0.0,0.0,0.0,0.0,0.0,0.0,0.0,0.0,0.0,0.0,0.0,0.0,0.0,0.0,0.0,0.0,0.0,0.0,0.0,0.0,0.0,17.22222222222222,2.0,1.0,2.0,53.4375,9.0,8.0,2.0,82.77777777777777,54.916666666666664,14.0,12.0,4.0,82.77777777777777,0.0,0.0,0.0,0.0,9.9375,5.0,0.0,7.0,22.714285714285715,6.625,5.0,0.0,7.0,22.714285714285715,0.0,0.0,0.0,0.0,1.5,4.0,0.0,4.0,3.4285714285714284,1.0,4.0,0.0,4.0,3.4285714285714284,0.0,0.0,0.0,0.0,37.875,7.0,6.0,2.0,86.57142857142857,31.958333333333332,9.0,7.0,4.0,86.57142857142857
F13,79,0.495625,0.4767120534896056,0.01891294651039438,0.0,0.0,0.0,0.0,7.3125,7.0,0.0,2.0,16.714285714285715,5.291666666666667,8.0,0.0,4.0,16.714285714285715,7.222222222222222,1.0,0.0,1.0,6.25,2.0,0.0,3.0,-2.2222222222222223,5.541666666666667,4.0,0.0,6.0,-2.2222222222222223,18.666666666666668,6.0,0.0,7.0,10.5,6.0,0.0,7.0,-18.666666666666668,8.375,8.0,0.0,9.0,-18.666666666666668,6.444444444444445,1.0,0.0,1.0,47.375,8.0,7.0,2.0,93.55555555555556,38.208333333333336,10.0,8.0,4.0,93.55555555555556,0.0,0.0,0.0,0.0,0.0,0.0,0.0,0.0,0.0,0.0,0.0,0.0,0.0,0.0,0.0,0.0,0.0,0.0,0.0,0.0,0.0,0.0,0.0,0.0,0.0,0.0,0.0,0.0,6.444444444444445,1.0,0.0,1.0,47.375,8.0,7.0,2.0,93.55555555555556,38.208333333333336,10.0,8.0,4.0,93.55555555555556
F13,80,0.5730833333333333,0.4964372755721577,0.07664605776117556,0.0,0.0,0.0,0.0,10.0,4.0,0.0,4.0,22.857142857142858,6.666666666666667,4.0,0.0,4.0,22.857142857142858,0.0,0.0,0.0,0.0,0.0,0.0,0.0,0.0,0.0,0.0,0.0,0.0,0.0,0.0,3.0,1.0,0.0,1.0,1.6875,1.0,0.0,1.0,-3.0,1.125,1.0,0.0,1.0,-3.0,13.777777777777779,2.0,1.0,2.0,50.3125,9.0,7.0,4.0,83.5079365079365,58.083333333333336,15.0,12.0,6.0,83.5079365079365,0.0,0.0,0.0,0.0,14.8125,6.0,0.0,7.0,33.857142857142854,9.875,6.0,0.0,7.0,33.857142857142854,0.0,0.0,0.0,0.0,0.0,0.0,0.0,0.0,0.0,0.0,0.0,0.0,0.0,0.0,0.0,0.0,0.0,0.0,39.25,7.0,4.0,4.0,89.71428571428571,32.166666666666664,9.0,5.0,6.0,89.71428571428571
F13,81,0.5222916666666667,0.49143522192436756,0.03085644474229915,0.0,0.0,0.0,0.0,12.4375,7.0,0.0,6.0,28.428571428571427,8.625,8.0,0.0,8.0,28.428571428571427,7.222222222222222,1.0,0.0,1.0,6.25,2.0,0.0,3.0,-2.2222222222222223,5.583333333333333,4.0,0.0,6.0,-2.2222222222222223,55.44444444444444,9.0,1.0,4.0,31.1875,9.0,1.0,5.0,-55.44444444444444,22.166666666666668,11.0,1.0,7.0,-55.44444444444444,6.444444444444445,1.0,0.0,1.0,47.375,8.0,7.0,2.0,93.55555555555556,38.208333333333336,10.0,8.0,4.0,93.55555555555556,0.0,0.0,0.0,0.0,0.0,0.0,0.0,0.0,0.0,0.0,0.0,0.0,0.0,0.0,0.0,0.0,0.0,0.0,0.0,0.0,0.0,0.0,0.0,0.0,0.0,0.0,0.0,0.0,6.333333333333333,1.0,0.0,1.0,47.3125,8.0,7.0,2.0,93.66666666666667,38.166666666666664,10.0,8.0,4.0,93.66666666666667
F13,82,0.5330833333333334,0.4933018373896297,0.03978149594370367,0.0,0.0,0.0,0.0,19.4375,5.0,2.0,4.0,44.42857142857143,12.958333333333334,5.0,2.0,5.0,44.42857142857143,0.0,0.0,0.0,0.0,0.0,0.0,0.0,0.0,0.0,0.0,0.0,0.0,0.0,0.0,19.11111111111111,6.0,0.0,6.0,10.75,6.0,0.0,6.0,-19.11111111111111,7.166666666666667,6.0,0.0,6.0,-19.11111111111111,16.77777777777778,2.0,1.0,2.0,53.1875,9.0,8.0,2.0,83.22222222222223,53.916666666666664,14.0,12.0,4.0,83.22222222222223,0.0,0.0,0.0,0.0,9.75,4.0,0.0,5.0,22.285714285714285,6.5,4.0,0.0,5.0,22.285714285714285,0.0,0.0,0.0,0.0,1.375,4.0,0.0,5.0,3.142857142857143,0.9166666666666666,4.0,0.0,6.0,3.142857142857143,0.0,0.0,0.0,0.0,40.75,7.0,6.0,2.0,93.14285714285714,33.333333333333336,9.0,7.0,4.0,93.14285714285714
F13,83,0.5427083333333333,0.5124617356725409,0.030246597660792407,0.0,0.0,0.0,0.0,8.4375,6.0,0.0,4.0,19.285714285714285,5.958333333333333,7.0,0.0,6.0,19.285714285714285,7.222222222222222,1.0,0.0,1.0,6.25,2.0,0.0,3.0,-2.2222222222222223,5.583333333333333,4.0,0.0,6.0,-2.2222222222222223,35.111111111111114,8.0,0.0,6.0,19.75,8.0,0.0,6.0,-35.111111111111114,13.166666666666666,8.0,0.0,6.0,-35.111111111111114,6.333333333333333,1.0,0.0,1.0,47.3125,8.0,7.0,2.0,93.66666666666667,38.166666666666664,10.0,8.0,4.0,93.66666666666667,0.0,0.0,0.0,0.0,0.0,0.0,0.0,0.0,0.0,0.0,0.0,0.0,0.0,0.0,0.0,0.0,0.0,0.0,0.0,0.0,0.0,0.0,0.0,0.0,0.0,0.0,0.0,0.0,6.333333333333333,1.0,0.0,1.0,47.3125,8.0,7.0,2.0,93.66666666666667,38.208333333333336,10.0,8.0,4.0,93.66666666666667
F13,84,0.5364166666666667,0.5249712637095298,0.011445402957136808,0.0,0.0,0.0,0.0,11.75,4.0,0.0,4.0,26.857142857142858,7.833333333333333,4.0,0.0,4.0,26.857142857142858,0.0,0.0,0.0,0.0,0.0,0.0,0.0,0.0,0.0,0.0,0.0,0.0,0.0,0.0,2.4444444444444446,1.0,0.0,2.0,1.375,1.0,0.0,2.0,-2.4444444444444446,0.9166666666666666,1.0,0.0,2.0,-2.4444444444444446,16.555555555555557,2.0,1.0,2.0,53.0625,9.0,8.0,2.0,83.44444444444444,68.70833333333333,17.0,16.0,2.0,83.44444444444444,0.0,0.0,0.0,0.0,16.625,5.0,1.0,7.0,38.0,11.083333333333334,5.0,1.0,7.0,38.0,0.0,0.0,0.0,0.0,0.25,2.0,0.0,1.0,0.5714285714285714,0.16666666666666666,2.0,0.0,2.0,0.5714285714285714,0.0,0.0,0.0,0.0,42.125,7.0,6.0,2.0,96.28571428571429,35.125,9.0,7.0,4.0,96.28571428571429
F13,85,0.5724583333333334,0.5509030867753791,0.021555246557954266,0.0,0.0,0.0,0.0,14.3125,7.0,0.0,5.0,32.714285714285715,9.875,8.0,0.0,7.0,32.714285714285715,7.222222222222222,1.0,0.0,1.0,6.375,2.0,0.0,3.0,-1.9365079365079367,5.583333333333333,4.0,0.0,6.0,-1.9365079365079367,7.333333333333333,2.0,0.0,2.0,4.125,2.0,0.0,3.0,-7.333333333333333,2.75,2.0,0.0,3.0,-7.333333333333333,6.333333333333333,1.0,0.0,1.0,47.3125,8.0,7.0,2.0,93.66666666666667,38.208333333333336,10.0,8.0,4.0,93.66666666666667,0.0,0.0,0.0,0.0,0.0,0.0,0.0,0.0,0.0,0.0,0.0,0.0,0.0,0.0,0.0,0.0,0.0,0.0,0.0,0.0,0.0,0.0,0.0,0.0,0.0,0.0,0.0,0.0,6.333333333333333,1.0,0.0,1.0,47.3125,8.0,7.0,2.0,93.66666666666667,38.208333333333336,10.0,8.0,4.0,93.66666666666667
F13,86,0.556875,0.5133618122940756,0.04351318770592438,0.0,0.0,0.0,0.0,13.0625,4.0,0.0,4.0,29.857142857142858,8.708333333333334,4.0,0.0,4.0,29.857142857142858,0.2222222222222222,1.0,0.0,2.0,0.125,1.0,0.0,2.0,-0.2222222222222222,0.08333333333333333,1.0,0.0,2.0,-0.2222222222222222,0.0,0.0,0.0,0.0,0.0,0.0,0.0,0.0,0.0,0.0,0.0,0.0,0.0,0.0,17.333333333333332,3.0,1.0,3.0,53.5,10.0,8.0,3.0,82.66666666666667,69.0,18.0,16.0,3.0,82.66666666666667,2.5555555555555554,1.0,0.0,2.0,20.9375,5.0,2.0,6.0,42.01587301587301,13.958333333333334,5.0,2.0,6.0,42.01587301587301,0.0,0.0,0.0,0.0,0.125,1.0,0.0,2.0,0.2857142857142857,0.08333333333333333,1.0,0.0,2.0,0.2857142857142857,16.333333333333332,2.0,1.0,2.0,52.9375,9.0,8.0,2.0,83.66666666666667,43.583333333333336,12.0,9.0,5.0,83.66666666666667
F13,88,0.5509166666666667,0.4932645688824732,0.0576520977841935,0.0,0.0,0.0,0.0,0.0,0.0,0.0,0.0,0.0,0.0,0.0,0.0,0.0,0.0,3.3333333333333335,2.0,0.0,2.0,1.875,2.0,0.0,3.0,-3.3333333333333335,1.25,2.0,0.0,3.0,-3.3333333333333335,0.0,0.0,0.0,0.0,0.0,0.0,0.0,0.0,0.0,0.0,0.0,0.0,0.0,0.0,18.22222222222222,3.0,1.0,3.0,54.0,10.0,8.0,3.0,81.77777777777777,69.33333333333333,18.0,16.0,3.0,81.77777777777777,0.0,0.0,0.0,0.0,1.6875,1.0,0.0,2.0,3.857142857142857,1.125,1.0,0.0,2.0,3.857142857142857,0.0,0.0,0.0,0.0,0.0,0.0,0.0,0.0,0.0,0.0,0.0,0.0,0.0,0.0,16.333333333333332,2.0,1.0,2.0,52.9375,9.0,8.0,2.0,83.66666666666667,41.791666666666664,11.0,9.0,4.0,83.66666666666667
F13,89,0.5786666666666667,0.5514494101377415,0.02721725652892515,0.0,0.0,0.0,0.0,11.3125,7.0,0.0,6.0,25.857142857142858,7.875,8.0,0.0,8.0,25.857142857142858,7.0,1.0,0.0,1.0,6.25,2.0,0.0,3.0,-1.7142857142857144,5.541666666666667,4.0,0.0,6.0,-1.7142857142857144,9.222222222222221,2.0,0.0,3.0,5.1875,2.0,0.0,3.0,-9.222222222222221,8.833333333333334,6.0,0.0,6.0,-9.222222222222221,6.333333333333333,1.0,0.0,1.0,47.3125,8.0,7.0,2.0,93.66666666666667,37.5,10.0,8.0,4.0,93.66666666666667,0.0,0.0,0.0,0.0,0.0,0.0,0.0,0.0,0.0,0.0,0.0,0.0,0.0,0.0,0.0,0.0,0.0,0.0,0.0,0.0,0.0,0.0,0.0,0.0,0.0,0.0,0.0,0.0,6.222222222222222,1.0,0.0,1.0,47.25,8.0,7.0,2.0,93.77777777777777,37.5,10.0,8.0,4.0,93.77777777777777
F13,90,0.5575416666666667,0.44140390801573387,0.11613775865093284,0.0,0.0,0.0,0.0,13.25,4.0,0.0,5.0,30.285714285714285,8.833333333333334,4.0,0.0,5.0,30.285714285714285,0.0,0.0,0.0,0.0,0.0,0.0,0.0,0.0,0.0,0.0,0.0,0.0,0.0,0.0,0.0,0.0,0.0,0.0,0.0,0.0,0.0,0.0,0.0,0.0,0.0,0.0,0.0,0.0,17.22222222222222,3.0,1.0,3.0,53.4375,10.0,8.0,3.0,82.77777777777777,54.0,15.0,12.0,5.0,82.77777777777777,2.4444444444444446,1.0,0.0,2.0,8.9375,5.0,0.0,7.0,14.84126984126984,5.958333333333333,5.0,0.0,7.0,14.84126984126984,0.0,0.0,0.0,0.0,1.5,4.0,0.0,4.0,3.4285714285714284,1.0,4.0,0.0,5.0,3.4285714285714284,3.7777777777777777,1.0,0.0,1.0,45.875,8.0,7.0,2.0,96.22222222222223,37.083333333333336,10.0,8.0,4.0,96.22222222222223
F13,91,0.5779166666666666,0.540932165618997,0.03698450104766959,0.0,0.0,0.0,0.0,2.5625,5.0,0.0,6.0,5.857142857142857,1.7083333333333333,5.0,0.0,7.0,5.857142857142857,7.0,1.0,0.0,1.0,6.25,2.0,0.0,3.0,-1.7142857142857144,5.541666666666667,4.0,0.0,6.0,-1.7142857142857144,28.0,8.0,0.0,7.0,15.75,8.0,0.0,7.0,-28.0,13.25,11.0,0.0,11.0,-28.0,6.222222222222222,1.0,0.0,1.0,47.25,8.0,7.0,2.0,93.77777777777777,37.5,10.0,8.0,4.0,93.77777777777777,0.0,0.0,0.0,0.0,0.0,0.0,0.0,0.0,0.0,0.0,0.0,0.0,0.0,0.0,0.0,0.0,0.0,0.0,0.0,0.0,0.0,0.0,0.0,0.0,0.0,0.0,0.0,0.0,6.222222222222222,1.0,0.0,1.0,47.25,8.0,7.0,2.0,93.77777777777777,37.5,10.0,8.0,4.0,93.77777777777777
F13,92,0.48141666666666666,0.3934991617620851,0.08791750490458156,4.888888888888889,9.0,0.0,8.0,6.875,16.0,0.0,14.0,4.5396825396825395,5.916666666666667,24.0,0.0,22.0,4.5396825396825395,35.111111111111114,9.0,0.0,7.0,34.9375,16.0,0.0,13.0,-0.39682539682539897,34.583333333333336,24.0,0.0,19.0,-0.39682539682539897,32.55555555555556,9.0,0.0,7.0,18.8125,10.0,0.0,9.0,-31.412698412698415,22.375,17.0,0.0,17.0,-31.412698412698415,17.11111111111111,2.0,1.0,2.0,53.375,9.0,8.0,2.0,82.88888888888889,37.5,10.0,8.0,4.0,82.88888888888889,0.0,0.0,0.0,0.0,4.25,4.0,0.0,5.0,9.714285714285714,2.8333333333333335,4.0,0.0,5.0,9.714285714285714,0.0,0.0,0.0,0.0,5.1875,6.0,0.0,6.0,11.857142857142858,3.4583333333333335,6.0,0.0,7.0,11.857142857142858,17.11111111111111,2.0,1.0,2.0,53.375,9.0,8.0,2.0,82.88888888888889,37.791666666666664,10.0,8.0,4.0,82.88888888888889
F13,93,0.3935416666666667,0.4933025440658152,-0.09976087739914852,0.0,0.0,0.0,0.0,9.5625,4.0,0.0,5.0,21.857142857142858,6.375,4.0,0.0,5.0,21.857142857142858,0.0,0.0,0.0,0.0,0.0,0.0,0.0,0.0,0.0,0.0,0.0,0.0,0.0,0.0,28.88888888888889,7.0,0.0,7.0,16.25,7.0,0.0,7.0,-28.88888888888889,10.833333333333334,7.0,0.0,7.0,-28.88888888888889,15.666666666666666,2.0,1.0,2.0,52.5625,9.0,8.0,2.0,84.33333333333333,68.375,17.0,16.0,2.0,84.33333333333333,0.0,0.0,0.0,0.0,6.125,4.0,0.0,6.0,14.0,4.083333333333333,4.0,0.0,6.0,14.0,0.0,0.0,0.0,0.0,0.75,4.0,0.0,3.0,1.7142857142857142,0.5,4.0,0.0,4.0,1.7142857142857142,0.0,0.0,0.0,0.0,38.0625,7.0,6.0,2.0,87.0,32.708333333333336,9.0,7.0,4.0,87.0
F13,94,0.40116666666666667,0.4938363329356546,-0.09266966626898793,0.0,0.0,0.0,0.0,20.25,4.0,2.0,4.0,46.285714285714285,13.5,4.0,2.0,4.0,46.285714285714285,0.0,0.0,0.0,0.0,0.0,0.0,0.0,0.0,0.0,0.0,0.0,0.0,0.0,0.0,0.0,0.0,0.0,0.0,0.0,0.0,0.0,0.0,0.0,0.0,0.0,0.0,0.0,0.0,16.444444444444443,3.0,1.0,3.0,53.0,10.0,8.0,3.0,83.55555555555556,68.66666666666667,18.0,16.0,3.0,83.55555555555556,1.6666666666666667,1.0,0.0,2.0,21.8125,6.0,2.0,7.0,46.04761904761905,14.541666666666666,6.0,2.0,7.0,46.04761904761905,0.0,0.0,0.0,0.0,0.125,1.0,0.0,1.0,0.2857142857142857,0.08333333333333333,1.0,0.0,2.0,0.2857142857142857,5.111111111111111,1.0,0.0,1.0,46.625,8.0,7.0,2.0,94.88888888888889,40.5,11.0,9.0,4.0,94.88888888888889
F13,95,0.482,0.4319216997071354,0.050078300292864586,4.444444444444445,8.0,0.0,7.0,8.5625,15.0,0.0,14.0,9.412698412698413,7.0,23.0,0.0,20.0,9.412698412698413,35.666666666666664,9.0,0.0,8.0,33.9375,16.0,0.0,15.0,-3.952380952380949,33.166666666666664,24.0,0.0,23.0,-3.952380952380949,12.88888888888889,4.0,0.0,6.0,7.25,4.0,0.0,6.0,-12.88888888888889,9.0,6.0,0.0,9.0,-12.88888888888889,17.11111111111111,2.0,1.0,2.0,52.0625,9.0,5.0,6.0,79.88888888888889,36.791666666666664,11.0,5.0,9.0,79.88888888888889,0.0,0.0,0.0,0.0,4.4375,4.0,0.0,5.0,10.142857142857142,2.9583333333333335,4.0,0.0,5.0,10.142857142857142,0.0,0.0,0.0,0.0,4.6875,6.0,0.0,6.0,10.714285714285714,3.125,6.0,0.0,7.0,10.714285714285714,17.11111111111111,2.0,1.0,2.0,52.4375,9.0,5.0,6.0,80.74603174603175,36.666666666666664,11.0,5.0,9.0,80.74603174603175
F13,96,0.4086666666666667,0.5321735494090941,-0.12350688274242744,0.0,0.0,0.0,0.0,8.125,4.0,0.0,4.0,18.571428571428573,5.416666666666667,4.0,0.0,4.0,18.571428571428573,3.3333333333333335,2.0,0.0,3.0,1.875,2.0,0.0,3.0,-3.3333333333333335,1.25,2.0,0.0,3.0,-3.3333333333333335,0.0,0.0,0.0,0.0,0.0,0.0,0.0,0.0,0.0,0.7083333333333334,2.0,0.0,2.0,0.0,16.22222222222222,3.0,1.0,3.0,52.875,10.0,8.0,3.0,83.77777777777777,53.541666666666664,15.0,12.0,5.0,83.77777777777777,0.2222222222222222,1.0,0.0,1.0,11.8125,6.0,0.0,8.0,26.492063492063494,7.875,6.0,0.0,8.0,26.492063492063494,0.0,0.0,0.0,0.0,2.5,3.0,0.0,4.0,5.714285714285714,1.6666666666666667,3.0,0.0,4.0,5.714285714285714,0.0,0.0,0.0,0.0,41.9375,7.0,6.0,2.0,95.85714285714286,33.75,9.0,7.0,4.0,95.85714285714286
F13,97,0.4735416666666667,0.4613382038405284,0.012203462826138267,4.444444444444445,9.0,0.0,7.0,7.8125,16.0,0.0,13.0,7.698412698412698,6.708333333333333,24.0,0.0,18.0,7.698412698412698,27.0,9.0,0.0,8.0,29.0625,16.0,0.0,15.0,4.714285714285715,32.541666666666664,24.0,0.0,22.0,4.714285714285715,15.11111111111111,3.0,0.0,3.0,8.5,3.0,0.0,4.0,-15.11111111111111,14.5,9.0,0.0,11.0,-15.11111111111111,16.11111111111111,2.0,1.0,2.0,52.5625,9.0,7.0,4.0,83.31746031746032,36.708333333333336,11.0,7.0,7.0,83.31746031746032,0.0,0.0,0.0,0.0,4.0,4.0,0.0,5.0,9.142857142857142,2.6666666666666665,4.0,0.0,5.0,9.142857142857142,0.0,0.0,0.0,0.0,4.625,6.0,0.0,5.0,10.571428571428571,3.0833333333333335,6.0,0.0,6.0,10.571428571428571,16.22222222222222,2.0,1.0,2.0,52.625,9.0,7.0,4.0,83.20634920634922,37.083333333333336,11.0,7.0,7.0,83.20634920634922
F13,98,0.39937500000000004,0.4518930003657118,-0.05251800036571175,0.0,0.0,0.0,0.0,0.0,0.0,0.0,0.0,0.0,0.0,0.0,0.0,0.0,0.0,0.0,0.0,0.0,0.0,0.0,0.0,0.0,0.0,0.0,0.0,0.0,0.0,0.0,0.0,9.88888888888889,4.0,0.0,4.0,5.5625,4.0,0.0,4.0,-9.88888888888889,4.625,5.0,0.0,6.0,-9.88888888888889,15.11111111111111,2.0,1.0,2.0,52.25,9.0,8.0,2.0,84.88888888888889,53.125,14.0,12.0,4.0,84.88888888888889,2.2222222222222223,1.0,0.0,2.0,4.0625,4.0,0.0,7.0,4.2063492063492065,2.7083333333333335,4.0,0.0,7.0,4.2063492063492065,0.0,0.0,0.0,0.0,0.75,4.0,0.0,4.0,1.7142857142857142,0.5,4.0,0.0,5.0,1.7142857142857142,0.0,0.0,0.0,0.0,38.375,7.0,6.0,2.0,87.71428571428571,32.0,9.0,7.0,4.0,87.71428571428571
F13,99,0.46108333333333335,0.4103583725025126,0.05072496083082073,5.0,9.0,0.0,8.0,7.25,16.0,0.0,15.0,5.142857142857142,6.333333333333333,24.0,0.0,22.0,5.142857142857142,35.888888888888886,9.0,0.0,7.0,35.5,16.0,0.0,13.0,-0.8888888888888857,36.166666666666664,24.0,0.0,20.0,-0.8888888888888857,38.888888888888886,9.0,0.0,8.0,21.875,9.0,0.0,9.0,-38.888888888888886,23.666666666666668,16.0,0.0,17.0,-38.888888888888886,16.11111111111111,2.0,1.0,2.0,52.8125,9.0,8.0,2.0,83.88888888888889,36.958333333333336,11.0,8.0,5.0,83.88888888888889,0.0,0.0,0.0,0.0,7.4375,4.0,0.0,5.0,17.0,4.958333333333333,4.0,0.0,5.0,17.0,0.0,0.0,0.0,0.0,4.375,6.0,0.0,6.0,10.0,2.9166666666666665,6.0,0.0,7.0,10.0,16.11111111111111,2.0,1.0,2.0,52.8125,9.0,8.0,2.0,83.88888888888889,36.958333333333336,11.0,8.0,5.0,83.88888888888889
F13,100,0.4057916666666667,0.3460992074689004,0.059692459197766334,0.0,0.0,0.0,0.0,0.0,0.0,0.0,0.0,0.0,0.0,0.0,0.0,0.0,0.0,0.0,0.0,0.0,0.0,0.0,0.0,0.0,0.0,0.0,0.0,0.0,0.0,0.0,0.0,26.88888888888889,8.0,0.0,8.0,15.125,8.0,0.0,8.0,-26.88888888888889,14.25,12.0,0.0,10.0,-26.88888888888889,14.88888888888889,2.0,1.0,2.0,52.125,9.0,8.0,2.0,85.11111111111111,53.041666666666664,14.0,12.0,4.0,85.11111111111111,3.3333333333333335,1.0,0.0,2.0,5.0,3.0,0.0,6.0,3.8095238095238098,3.3333333333333335,3.0,0.0,6.0,3.8095238095238098,0.0,0.0,0.0,0.0,0.9375,3.0,0.0,4.0,2.142857142857143,0.625,3.0,0.0,4.0,2.142857142857143,0.0,0.0,0.0,0.0,38.0625,7.0,6.0,2.0,87.0,31.791666666666668,9.0,7.0,4.0,87.0
F13,101,0.45108333333333334,0.429502301173135,0.021581032160198355,5.888888888888889,9.0,0.0,7.0,6.75,16.0,0.0,14.0,1.9682539682539675,6.041666666666667,24.0,0.0,22.0,1.9682539682539675,40.111111111111114,9.0,0.0,8.0,40.3125,16.0,0.0,14.0,0.46031746031745513,38.875,24.0,0.0,22.0,0.46031746031745513,52.666666666666664,9.0,1.0,6.0,31.0,10.0,1.0,8.0,-49.52380952380952,38.416666666666664,18.0,1.0,16.0,-49.52380952380952,15.333333333333334,2.0,1.0,2.0,52.375,9.0,8.0,2.0,84.66666666666667,36.708333333333336,11.0,8.0,5.0,84.66666666666667,0.0,0.0,0.0,0.0,4.75,4.0,0.0,3.0,10.857142857142858,3.1666666666666665,4.0,0.0,3.0,10.857142857142858,0.0,0.0,0.0,0.0,3.1875,6.0,0.0,6.0,7.285714285714286,2.125,6.0,0.0,7.0,7.285714285714286,16.11111111111111,2.0,1.0,2.0,52.8125,9.0,8.0,2.0,83.88888888888889,37.0,11.0,8.0,5.0,83.88888888888889
F13,102,0.38608333333333333,0.36132200338237985,0.02476132995095348,0.0,0.0,0.0,0.0,0.0,0.0,0.0,0.0,0.0,0.0,0.0,0.0,0.0,0.0,0.0,0.0,0.0,0.0,0.0,0.0,0.0,0.0,0.0,0.0,0.0,0.0,0.0,0.0,31.0,7.0,0.0,7.0,17.4375,7.0,0.0,7.0,-31.0,12.458333333333334,8.0,0.0,8.0,-31.0,14.666666666666666,2.0,1.0,2.0,52.0,9.0,8.0,2.0,85.33333333333333,53.791666666666664,15.0,12.0,6.0,85.33333333333333,2.5555555555555554,1.0,0.0,2.0,4.0625,4.0,0.0,6.0,3.4444444444444446,2.7083333333333335,4.0,0.0,6.0,3.4444444444444446,0.0,0.0,0.0,0.0,0.375,2.0,0.0,2.0,0.8571428571428571,0.25,2.0,0.0,2.0,0.8571428571428571,0.0,0.0,0.0,0.0,34.5,6.0,5.0,2.0,78.85714285714286,29.416666666666668,8.0,6.0,4.0,78.85714285714286
F13,103,0.447375,0.46904299755470835,-0.02166799755470833,5.777777777777778,9.0,0.0,6.0,6.875,16.0,0.0,12.0,2.507936507936509,6.25,24.0,0.0,20.0,2.507936507936509,35.44444444444444,9.0,0.0,8.0,36.9375,16.0,0.0,15.0,3.4126984126984112,36.291666666666664,24.0,0.0,23.0,3.4126984126984112,65.55555555555556,9.0,1.0,8.0,38.75,10.0,1.0,10.0,-61.26984126984127,34.291666666666664,16.0,1.0,17.0,-61.26984126984127,16.11111111111111,2.0,1.0,2.0,52.8125,9.0,8.0,2.0,83.88888888888889,37.0,11.0,8.0,5.0,83.88888888888889,0.0,0.0,0.0,0.0,4.6875,4.0,0.0,5.0,10.714285714285714,3.125,4.0,0.0,5.0,10.714285714285714,0.0,0.0,0.0,0.0,3.3125,6.0,0.0,5.0,7.571428571428571,2.2083333333333335,6.0,0.0,6.0,7.571428571428571,15.333333333333334,2.0,1.0,2.0,52.375,9.0,8.0,2.0,84.66666666666667,36.708333333333336,11.0,8.0,5.0,84.66666666666667
F13,104,0.31779166666666664,0.424432007447465,-0.10664034078079837,0.0,0.0,0.0,0.0,0.0,0.0,0.0,0.0,0.0,0.0,0.0,0.0,0.0,0.0,0.0,0.0,0.0,0.0,0.0,0.0,0.0,0.0,0.0,0.0,0.0,0.0,0.0,0.0,27.77777777777778,8.0,0.0,8.0,15.625,8.0,0.0,8.0,-27.77777777777778,16.833333333333332,13.0,0.0,13.0,-27.77777777777778,14.666666666666666,2.0,1.0,2.0,52.0,9.0,8.0,2.0,85.33333333333333,52.916666666666664,14.0,12.0,4.0,85.33333333333333,3.111111111111111,1.0,0.0,2.0,5.375,4.0,0.0,7.0,5.174603174603176,3.5833333333333335,4.0,0.0,7.0,5.174603174603176,0.0,0.0,0.0,0.0,0.5625,3.0,0.0,1.0,1.2857142857142858,0.375,3.0,0.0,2.0,1.2857142857142858,0.0,0.0,0.0,0.0,35.6875,6.0,5.0,2.0,81.57142857142857,30.166666666666668,8.0,6.0,4.0,81.57142857142857
F13,105,0.442,0.46215168223583886,-0.020151682235838853,4.888888888888889,9.0,0.0,7.0,6.875,16.0,0.0,13.0,4.5396825396825395,6.0,24.0,0.0,19.0,4.5396825396825395,38.666666666666664,9.0,0.0,7.0,40.8125,16.0,0.0,12.0,4.904761904761905,42.083333333333336,24.0,0.0,20.0,4.904761904761905,61.333333333333336,9.0,0.0,7.0,35.125,10.0,0.0,9.0,-59.904761904761905,39.958333333333336,18.0,0.0,17.0,-59.904761904761905,16.22222222222222,2.0,1.0,2.0,52.875,9.0,8.0,2.0,83.77777777777777,37.0,11.0,8.0,5.0,83.77777777777777,0.0,0.0,0.0,0.0,4.75,4.0,0.0,5.0,10.857142857142858,3.1666666666666665,4.0,0.0,5.0,10.857142857142858,0.0,0.0,0.0,0.0,4.125,6.0,0.0,6.0,9.428571428571429,2.75,6.0,0.0,7.0,9.428571428571429,16.22222222222222,2.0,1.0,2.0,52.875,9.0,8.0,2.0,83.77777777777777,37.0,11.0,8.0,5.0,83.77777777777777
F13,106,0.31616666666666665,0.41558100782114393,-0.09941434115447728,0.0,0.0,0.0,0.0,3.875,3.0,0.0,4.0,8.857142857142858,2.5833333333333335,3.0,0.0,4.0,8.857142857142858,0.0,0.0,0.0,0.0,0.0,0.0,0.0,0.0,0.0,0.0,0.0,0.0,0.0,0.0,52.44444444444444,8.0,1.0,8.0,29.5,8.0,1.0,8.0,-52.44444444444444,19.666666666666668,8.0,1.0,8.0,-52.44444444444444,14.555555555555555,2.0,1.0,2.0,51.9375,9.0,8.0,2.0,85.44444444444444,52.875,14.0,12.0,4.0,85.44444444444444,2.4444444444444446,1.0,0.0,2.0,6.0625,5.0,0.0,8.0,8.269841269841269,4.041666666666667,5.0,0.0,8.0,8.269841269841269,0.0,0.0,0.0,0.0,0.625,2.0,0.0,3.0,1.4285714285714286,0.4166666666666667,2.0,0.0,3.0,1.4285714285714286,0.0,0.0,0.0,0.0,38.5625,7.0,6.0,2.0,88.14285714285714,32.083333333333336,9.0,7.0,4.0,88.14285714285714
F13,107,0.44425,0.45968818734433264,-0.015438187344332666,5.888888888888889,9.0,0.0,7.0,8.1875,16.0,0.0,13.0,5.253968253968253,7.125,24.0,0.0,19.0,5.253968253968253,36.666666666666664,9.0,0.0,6.0,38.5625,16.0,0.0,11.0,4.333333333333336,40.458333333333336,24.0,0.0,18.0,4.333333333333336,75.44444444444444,9.0,1.0,8.0,44.3125,10.0,1.0,10.0,-71.15873015873015,35.458333333333336,16.0,1.0,17.0,-71.15873015873015,16.0,2.0,1.0,2.0,52.75,9.0,8.0,2.0,84.0,36.958333333333336,11.0,8.0,5.0,84.0,0.0,0.0,0.0,0.0,4.25,4.0,0.0,5.0,9.714285714285714,2.8333333333333335,4.0,0.0,5.0,9.714285714285714,0.0,0.0,0.0,0.0,2.9375,5.0,0.0,5.0,6.714285714285714,1.9583333333333333,5.0,0.0,6.0,6.714285714285714,16.0,2.0,1.0,2.0,52.75,9.0,8.0,2.0,84.0,36.958333333333336,11.0,8.0,5.0,84.0
F13,108,0.4572083333333334,0.4774691515444038,-0.020260818211070397,5.555555555555555,9.0,0.0,5.0,8.125,16.0,0.0,11.0,5.8730158730158735,6.833333333333333,24.0,0.0,17.0,5.8730158730158735,45.22222222222222,9.0,0.0,8.0,47.6875,16.0,0.0,15.0,5.634920634920633,46.5,24.0,0.0,23.0,5.634920634920633,18.22222222222222,7.0,0.0,8.0,10.25,7.0,0.0,9.0,-18.22222222222222,11.0,9.0,0.0,12.0,-18.22222222222222,15.0,2.0,1.0,2.0,52.1875,9.0,8.0,2.0,85.0,36.666666666666664,11.0,8.0,5.0,85.0,0.0,0.0,0.0,0.0,3.375,4.0,0.0,4.0,7.714285714285714,2.25,4.0,0.0,4.0,7.714285714285714,0.0,0.0,0.0,0.0,2.8125,5.0,0.0,6.0,6.428571428571429,1.875,5.0,0.0,6.0,6.428571428571429,15.11111111111111,2.0,1.0,2.0,52.25,9.0,8.0,2.0,84.88888888888889,36.666666666666664,11.0,8.0,5.0,84.88888888888889
F13,109,0.3450416666666667,0.5591174994401996,-0.21407583277353293,0.0,0.0,0.0,0.0,0.8125,2.0,0.0,3.0,1.8571428571428572,0.5416666666666666,2.0,0.0,3.0,1.8571428571428572,0.0,0.0,0.0,0.0,0.0,0.0,0.0,0.0,0.0,0.0,0.0,0.0,0.0,0.0,0.0,0.0,0.0,0.0,0.0,0.0,0.0,0.0,0.0,3.6666666666666665,4.0,0.0,3.0,0.0,15.11111111111111,3.0,1.0,3.0,52.25,10.0,8.0,3.0,84.88888888888889,53.125,15.0,12.0,5.0,84.88888888888889,2.4444444444444446,1.0,0.0,2.0,4.6875,3.0,0.0,6.0,5.1269841269841265,3.125,3.0,0.0,6.0,5.1269841269841265,0.0,0.0,0.0,0.0,1.125,4.0,0.0,4.0,2.5714285714285716,0.75,4.0,0.0,5.0,2.5714285714285716,0.0,0.0,0.0,0.0,38.375,7.0,6.0,2.0,87.71428571428571,32.0,9.0,7.0,4.0,87.71428571428571
F13,110,0.35375,0.4396108206276727,-0.0858608206276727,0.0,0.0,0.0,0.0,0.0,0.0,0.0,0.0,0.0,0.0,0.0,0.0,0.0,0.0,0.0,0.0,0.0,0.0,0.0,0.0,0.0,0.0,0.0,0.0,0.0,0.0,0.0,0.0,35.111111111111114,8.0,0.0,8.0,19.75,8.0,0.0,8.0,-35.111111111111114,16.666666666666668,12.0,0.0,10.0,-35.111111111111114,14.0,2.0,1.0,2.0,51.625,9.0,8.0,2.0,86.0,52.708333333333336,14.0,12.0,4.0,86.0,0.0,0.0,0.0,0.0,2.4375,2.0,0.0,4.0,5.571428571428571,1.625,2.0,0.0,4.0,5.571428571428571,0.0,0.0,0.0,0.0,0.4375,3.0,0.0,3.0,1.0,0.2916666666666667,3.0,0.0,3.0,1.0,0.0,0.0,0.0,0.0,36.6875,6.0,5.0,2.0,83.85714285714286,30.875,8.0,6.0,4.0,83.85714285714286
F13,111,0.3712083333333333,0.5572508347215891,-0.1860425013882558,0.0,0.0,0.0,0.0,0.0,0.0,0.0,0.0,0.0,0.0,0.0,0.0,0.0,0.0,0.0,0.0,0.0,0.0,0.0,0.0,0.0,0.0,0.0,0.0,0.0,0.0,0.0,0.0,22.444444444444443,7.0,0.0,8.0,12.625,7.0,0.0,8.0,-22.444444444444443,8.416666666666666,7.0,0.0,8.0,-22.444444444444443,14.0,2.0,1.0,2.0,51.625,9.0,8.0,2.0,86.0,52.708333333333336,14.0,12.0,4.0,86.0,2.2222222222222223,1.0,0.0,2.0,4.0625,3.0,0.0,6.0,4.2063492063492065,2.7083333333333335,3.0,0.0,6.0,4.2063492063492065,0.0,0.0,0.0,0.0,0.0,0.0,0.0,0.0,0.0,0.0,0.0,0.0,0.0,0.0,0.0,0.0,0.0,0.0,35.75,6.0,5.0,2.0,81.71428571428571,30.25,8.0,6.0,4.0,81.71428571428571
F13,112,0.39633333333333337,0.6421703765191566,-0.24583704318582328,0.0,0.0,0.0,0.0,0.0,0.0,0.0,0.0,0.0,0.0,0.0,0.0,0.0,0.0,0.0,0.0,0.0,0.0,0.0,0.0,0.0,0.0,0.0,0.0,0.0,0.0,0.0,0.0,0.0,0.0,0.0,0.0,0.0,0.0,0.0,0.0,0.0,2.7083333333333335,3.0,0.0,3.0,0.0,15.0,3.0,1.0,4.0,52.1875,10.0,8.0,4.0,85.0,53.083333333333336,15.0,12.0,6.0,85.0,2.7777777777777777,1.0,0.0,2.0,3.4375,3.0,0.0,6.0,1.507936507936508,2.2916666666666665,3.0,0.0,6.0,1.507936507936508,0.0,0.0,0.0,0.0,0.0,0.0,0.0,0.0,0.0,0.0,0.0,0.0,0.0,0.0,4.111111111111111,1.0,0.0,1.0,46.0625,8.0,7.0,2.0,95.88888888888889,37.125,10.0,8.0,4.0,95.88888888888889
F13,113,0.5562916666666667,0.5351687117170428,0.021122954949623907,4.666666666666667,8.0,0.0,7.0,7.25,15.0,0.0,14.0,5.904761904761904,5.833333333333333,21.0,0.0,20.0,5.904761904761904,37.55555555555556,9.0,0.0,8.0,40.8125,16.0,0.0,14.0,7.444444444444443,37.541666666666664,24.0,0.0,21.0,7.444444444444443,0.0,0.0,0.0,0.0,0.0,0.0,0.0,0.0,0.0,4.416666666666667,5.0,0.0,5.0,0.0,0.0,0.0,0.0,0.0,41.3125,7.0,6.0,2.0,94.42857142857143,31.541666666666668,8.0,6.0,4.0,94.42857142857143,0.0,0.0,0.0,0.0,3.0,4.0,0.0,4.0,6.857142857142857,2.0,4.0,0.0,4.0,6.857142857142857,0.0,0.0,0.0,0.0,0.625,1.0,0.0,2.0,1.4285714285714286,0.4166666666666667,1.0,0.0,2.0,1.4285714285714286,0.5555555555555556,1.0,0.0,1.0,43.9375,8.0,6.0,3.0,99.15873015873015,33.291666666666664,9.0,6.0,5.0,99.15873015873015
F13,116,0.9369166666666667,0.8867090995156249,0.0502075671510418,0.0,0.0,0.0,0.0,0.0,0.0,0.0,0.0,0.0,0.0,0.0,0.0,0.0,0.0,0.0,0.0,0.0,0.0,1.0625,1.0,0.0,2.0,2.4285714285714284,0.7083333333333334,1.0,0.0,2.0,2.4285714285714284,33.44444444444444,9.0,0.0,6.0,54.125,15.0,5.0,9.0,47.269841269841265,45.125,22.0,5.0,16.0,47.269841269841265,0.0,0.0,0.0,0.0,42.375,7.0,6.0,2.0,96.85714285714286,31.25,8.0,6.0,4.0,96.85714285714286,0.0,0.0,0.0,0.0,3.1875,3.0,0.0,6.0,7.285714285714286,2.125,3.0,0.0,6.0,7.285714285714286,0.0,0.0,0.0,0.0,0.0,0.0,0.0,0.0,0.0,0.0,0.0,0.0,0.0,0.0,0.0,0.0,0.0,0.0,42.375,7.0,6.0,2.0,96.85714285714286,31.25,8.0,6.0,4.0,96.85714285714286
F13,117,0.3037916666666666,0.30631161420037073,-0.0025199475337041033,8.222222222222221,3.0,0.0,3.0,18.0,10.0,0.0,5.0,22.34920634920635,18.666666666666668,16.0,0.0,8.0,22.34920634920635,56.0,9.0,0.0,8.0,40.125,12.0,0.0,12.0,-36.285714285714285,45.708333333333336,19.0,0.0,19.0,-36.285714285714285,56.0,9.0,0.0,8.0,40.125,12.0,0.0,12.0,-36.285714285714285,45.708333333333336,19.0,0.0,19.0,-36.285714285714285,3.2222222222222223,3.0,0.0,3.0,30.6875,10.0,0.0,8.0,62.77777777777778,25.958333333333332,15.0,0.0,14.0,62.77777777777778,0.0,0.0,0.0,0.0,0.0,0.0,0.0,0.0,0.0,0.0,0.0,0.0,0.0,0.0,0.0,0.0,0.0,0.0,0.0,0.0,0.0,0.0,0.0,0.0,0.0,0.0,0.0,0.0,6.0,9.0,0.0,3.0,41.3125,16.0,0.0,10.0,80.71428571428571,37.708333333333336,24.0,0.0,17.0,80.71428571428571
F13,118,1.101625,1.0891471490878954,0.012477850912104627,0.0,0.0,0.0,0.0,0.0,0.0,0.0,0.0,0.0,0.0,0.0,0.0,0.0,0.0,0.0,0.0,0.0,0.0,1.0625,1.0,0.0,2.0,2.4285714285714284,0.7083333333333334,1.0,0.0,2.0,2.4285714285714284,42.44444444444444,9.0,0.0,7.0,48.75,14.0,3.0,12.0,14.412698412698411,38.708333333333336,19.0,3.0,15.0,14.412698412698411,0.0,0.0,0.0,0.0,42.375,7.0,6.0,2.0,96.85714285714286,31.291666666666668,8.0,6.0,4.0,96.85714285714286,0.0,0.0,0.0,0.0,3.1875,3.0,0.0,6.0,7.285714285714286,2.125,3.0,0.0,6.0,7.285714285714286,0.0,0.0,0.0,0.0,0.0,0.0,0.0,0.0,0.0,0.0,0.0,0.0,0.0,0.0,0.0,0.0,0.0,0.0,42.375,7.0,6.0,2.0,96.85714285714286,31.25,8.0,6.0,4.0,96.85714285714286
F13,119,0.3114166666666667,0.4059318630896864,-0.0945151964230197,11.555555555555555,4.0,0.0,3.0,18.8125,11.0,0.0,5.0,16.58730158730159,20.458333333333332,18.0,0.0,7.0,16.58730158730159,49.111111111111114,9.0,0.0,8.0,33.25,12.0,0.0,12.0,-36.25396825396825,31.416666666666668,20.0,0.0,18.0,-36.25396825396825,49.111111111111114,9.0,0.0,8.0,33.25,12.0,0.0,12.0,-36.25396825396825,31.416666666666668,20.0,0.0,18.0,-36.25396825396825,6.666666666666667,3.0,0.0,2.0,30.9375,10.0,0.0,8.0,55.47619047619048,27.833333333333332,18.0,0.0,13.0,55.47619047619048,0.0,0.0,0.0,0.0,0.0,0.0,0.0,0.0,0.0,0.0,0.0,0.0,0.0,0.0,0.0,0.0,0.0,0.0,0.0,0.0,0.0,0.0,0.0,0.0,0.0,0.0,0.0,0.0,12.11111111111111,8.0,0.0,4.0,45.0,15.0,0.0,11.0,75.17460317460318,40.208333333333336,23.0,0.0,16.0,75.17460317460318
F13,120,1.25,1.1599381286605377,0.09006187133946231,0.0,0.0,0.0,0.0,0.0,0.0,0.0,0.0,0.0,0.0,0.0,0.0,0.0,0.0,0.0,0.0,0.0,0.0,1.0625,1.0,0.0,2.0,2.4285714285714284,0.7083333333333334,1.0,0.0,2.0,2.4285714285714284,22.555555555555557,9.0,0.0,6.0,43.8125,15.0,3.0,12.0,48.58730158730158,29.208333333333332,15.0,3.0,12.0,48.58730158730158,0.0,0.0,0.0,0.0,42.3125,7.0,6.0,2.0,96.71428571428571,31.25,8.0,6.0,4.0,96.71428571428571,0.0,0.0,0.0,0.0,3.1875,3.0,0.0,6.0,7.285714285714286,2.125,3.0,0.0,6.0,7.285714285714286,0.0,0.0,0.0,0.0,0.0,0.0,0.0,0.0,0.0,0.0,0.0,0.0,0.0,0.0,0.0,0.0,0.0,0.0,42.3125,7.0,6.0,2.0,96.71428571428571,31.25,8.0,6.0,4.0,96.71428571428571
F13,121,1.3183749999999999,0.916780116291556,0.4015948837084439,0.0,0.0,0.0,0.0,0.0,0.0,0.0,0.0,0.0,0.0,0.0,0.0,0.0,0.0,0.0,0.0,0.0,0.0,1.0625,1.0,0.0,2.0,2.4285714285714284,0.7083333333333334,1.0,0.0,2.0,2.4285714285714284,7.666666666666667,2.0,0.0,2.0,22.9375,7.0,0.0,9.0,34.904761904761905,24.416666666666668,13.0,0.0,14.0,34.904761904761905,0.0,0.0,0.0,0.0,42.3125,7.0,6.0,2.0,96.71428571428571,31.25,8.0,6.0,4.0,96.71428571428571,0.0,0.0,0.0,0.0,3.1875,3.0,0.0,6.0,7.285714285714286,2.125,3.0,0.0,6.0,7.285714285714286,0.0,0.0,0.0,0.0,0.0,0.0,0.0,0.0,0.0,0.0,0.0,0.0,0.0,0.0,0.0,0.0,0.0,0.0,42.3125,7.0,6.0,2.0,96.71428571428571,31.25,8.0,6.0,4.0,96.71428571428571
F13,122,0.34879166666666667,0.406021275118203,-0.05722960845153635,2.2222222222222223,2.0,0.0,2.0,14.3125,9.0,0.0,4.0,27.634920634920636,15.25,14.0,0.0,7.0,27.634920634920636,73.22222222222223,9.0,1.0,8.0,43.5,10.0,1.0,10.0,-67.93650793650794,48.041666666666664,17.0,1.0,17.0,-67.93650793650794,73.22222222222223,9.0,1.0,8.0,43.5,10.0,1.0,10.0,-67.93650793650794,48.041666666666664,17.0,1.0,17.0,-67.93650793650794,4.0,2.0,0.0,2.0,29.4375,9.0,0.0,9.0,58.142857142857146,24.791666666666668,13.0,0.0,14.0,58.142857142857146,0.0,0.0,0.0,0.0,0.0,0.0,0.0,0.0,0.0,0.0,0.0,0.0,0.0,0.0,0.0,0.0,0.0,0.0,0.0,0.0,0.0,0.0,0.0,0.0,0.0,0.0,0.0,0.0,4.222222222222222,2.0,0.0,2.0,40.75,9.0,1.0,9.0,83.49206349206348,35.458333333333336,17.0,1.0,15.0,83.49206349206348
F13,125,1.4950833333333333,1.3701611664651463,0.12492216686818702,0.0,0.0,0.0,0.0,2.4375,4.0,0.0,3.0,5.571428571428571,1.625,4.0,0.0,4.0,5.571428571428571,0.0,0.0,0.0,0.0,1.0625,1.0,0.0,2.0,2.4285714285714284,0.7083333333333334,1.0,0.0,2.0,2.4285714285714284,42.55555555555556,9.0,0.0,5.0,34.3125,12.0,0.0,9.0,-18.841269841269842,23.583333333333332,13.0,0.0,10.0,-18.841269841269842,0.0,0.0,0.0,0.0,42.3125,7.0,6.0,2.0,96.71428571428571,31.291666666666668,8.0,6.0,4.0,96.71428571428571,0.0,0.0,0.0,0.0,3.1875,3.0,0.0,6.0,7.285714285714286,2.125,3.0,0.0,6.0,7.285714285714286,0.0,0.0,0.0,0.0,0.0,0.0,0.0,0.0,0.0,0.0,0.0,0.0,0.0,0.0,0.0,0.0,0.0,0.0,42.25,7.0,6.0,2.0,96.57142857142857,31.25,8.0,6.0,4.0,96.57142857142857
F13,126,0.3818333333333333,0.5279864107600446,-0.1461530774267113,16.0,5.0,0.0,5.0,27.5625,12.0,0.0,12.0,26.42857142857143,25.166666666666668,20.0,0.0,17.0,26.42857142857143,13.88888888888889,8.0,0.0,8.0,7.8125,8.0,0.0,8.0,-13.88888888888889,17.541666666666668,16.0,0.0,15.0,-13.88888888888889,13.88888888888889,8.0,0.0,8.0,7.8125,8.0,0.0,8.0,-13.88888888888889,17.541666666666668,16.0,0.0,15.0,-13.88888888888889,10.333333333333334,3.0,0.0,3.0,38.5,10.0,0.0,10.0,64.38095238095238,30.833333333333332,16.0,0.0,17.0,64.38095238095238,0.0,0.0,0.0,0.0,0.0,0.0,0.0,0.0,0.0,0.0,0.0,0.0,0.0,0.0,0.0,0.0,0.0,0.0,0.0,0.0,0.0,0.0,0.0,0.0,0.0,0.0,0.0,0.0,16.555555555555557,3.0,0.0,3.0,50.625,10.0,5.0,6.0,77.87301587301587,43.875,16.0,5.0,13.0,77.87301587301587
F13,128,0.7817083333333333,0.6588238276810371,0.12288450565229625,0.0,0.0,0.0,0.0,0.0,0.0,0.0,0.0,0.0,0.0,0.0,0.0,0.0,0.0,0.0,0.0,0.0,0.0,0.0,0.0,0.0,0.0,0.0,0.0,0.0,0.0,0.0,0.0,79.0,9.0,6.0,4.0,52.375,11.0,7.0,6.0,-60.85714285714286,34.916666666666664,11.0,7.0,6.0,-60.85714285714286,0.3333333333333333,1.0,0.0,1.0,43.875,8.0,6.0,3.0,99.52380952380953,48.958333333333336,13.0,10.0,5.0,99.52380952380953,0.0,0.0,0.0,0.0,1.75,1.0,0.0,2.0,4.0,1.1666666666666667,1.0,0.0,2.0,4.0,0.0,0.0,0.0,0.0,0.0,0.0,0.0,0.0,0.0,0.0,0.0,0.0,0.0,0.0,0.0,0.0,0.0,0.0,42.375,7.0,6.0,2.0,96.85714285714286,35.458333333333336,9.0,7.0,4.0,96.85714285714286
F13,129,0.7205833333333334,0.6444642679531608,0.07611906538017255,0.0,0.0,0.0,0.0,0.0,0.0,0.0,0.0,0.0,0.0,0.0,0.0,0.0,0.0,42.77777777777778,9.0,0.0,7.0,42.9375,16.0,0.0,14.0,0.36507936507936734,42.333333333333336,24.0,0.0,20.0,0.36507936507936734,77.11111111111111,9.0,3.0,6.0,46.8125,11.0,3.0,9.0,-69.25396825396825,35.708333333333336,15.0,3.0,15.0,-69.25396825396825,0.0,0.0,0.0,0.0,40.4375,7.0,6.0,2.0,92.42857142857143,30.541666666666668,8.0,6.0,4.0,92.42857142857143,0.0,0.0,0.0,0.0,0.0,0.0,0.0,0.0,0.0,0.0,0.0,0.0,0.0,0.0,0.0,0.0,0.0,0.0,0.375,2.0,0.0,2.0,0.8571428571428571,0.25,2.0,0.0,2.0,0.8571428571428571,0.1111111111111111,1.0,0.0,1.0,43.5625,8.0,6.0,3.0,99.31746031746032,32.625,9.0,6.0,5.0,99.31746031746032
F13,130,0.773125,0.781802867336507,-0.008677867336506995,0.0,0.0,0.0,0.0,0.0,0.0,0.0,0.0,0.0,0.0,0.0,0.0,0.0,0.0,0.0,0.0,0.0,0.0,0.0,0.0,0.0,0.0,0.0,0.0,0.0,0.0,0.0,0.0,0.0,0.0,0.0,0.0,0.0,0.0,0.0,0.0,0.0,0.0,0.0,0.0,0.0,0.0,0.0,0.0,0.0,0.0,0.0,0.0,0.0,0.0,0.0,0.0,0.0,0.0,0.0,0.0,0.0,0.0,0.0,0.0,0.0,0.0,0.0,0.0,0.0,0.0,0.0,0.0,0.0,0.0,0.0,0.0,0.0,0.0,0.0,0.0,0.0,0.0,0.0,0.0,0.0,0.0,0.0,0.0,0.0,0.0,0.0,0.0,0.0,0.0,0.0,0.0,0.0,0.0,0.0,0.0,0.0,0.0
F13,131,0.73775,0.6973579447111403,0.040392055288859696,0.0,0.0,0.0,0.0,1.125,4.0,0.0,4.0,2.5714285714285716,0.75,4.0,0.0,4.0,2.5714285714285716,41.22222222222222,9.0,0.0,6.0,42.25,16.0,0.0,11.0,2.349206349206348,41.291666666666664,24.0,0.0,15.0,2.349206349206348,51.22222222222222,7.0,0.0,7.0,31.75,8.0,0.0,9.0,-44.507936507936506,24.291666666666668,10.0,0.0,12.0,-44.507936507936506,0.0,0.0,0.0,0.0,40.4375,7.0,6.0,2.0,92.42857142857143,30.541666666666668,8.0,6.0,4.0,92.42857142857143,0.0,0.0,0.0,0.0,0.0,0.0,0.0,0.0,0.0,0.0,0.0,0.0,0.0,0.0,0.0,0.0,0.0,0.0,1.875,3.0,0.0,4.0,4.285714285714286,1.25,3.0,0.0,4.0,4.285714285714286,0.1111111111111111,1.0,0.0,1.0,43.5625,8.0,6.0,3.0,99.31746031746032,32.625,9.0,6.0,5.0,99.31746031746032
F13,132,0.8696666666666667,1.0200962428474134,-0.1504295761807467,0.0,0.0,0.0,0.0,0.0,0.0,0.0,0.0,0.0,0.0,0.0,0.0,0.0,0.0,0.0,0.0,0.0,0.0,0.0,0.0,0.0,0.0,0.0,0.0,0.0,0.0,0.0,0.0,0.0,0.0,0.0,0.0,0.0,0.0,0.0,0.0,0.0,0.0,0.0,0.0,0.0,0.0,11.88888888888889,2.0,1.0,2.0,50.4375,9.0,8.0,2.0,88.11111111111111,52.75,14.0,12.0,4.0,88.11111111111111,3.111111111111111,1.0,0.0,2.0,3.0,2.0,0.0,4.0,-0.25396825396825395,2.0,2.0,0.0,4.0,-0.25396825396825395,0.0,0.0,0.0,0.0,0.0,0.0,0.0,0.0,0.0,0.0,0.0,0.0,0.0,0.0,0.0,0.0,0.0,0.0,42.25,7.0,6.0,2.0,96.57142857142857,34.791666666666664,9.0,7.0,4.0,96.57142857142857
F13,133,0.9788333333333333,1.1346454508958574,-0.1558121175625241,0.0,0.0,0.0,0.0,0.0,0.0,0.0,0.0,0.0,0.0,0.0,0.0,0.0,0.0,0.0,0.0,0.0,0.0,0.0,0.0,0.0,0.0,0.0,0.0,0.0,0.0,0.0,0.0,0.0,0.0,0.0,0.0,0.0,0.0,0.0,0.0,0.0,0.0,0.0,0.0,0.0,0.0,11.88888888888889,2.0,1.0,2.0,50.4375,9.0,8.0,2.0,88.11111111111111,52.833333333333336,14.0,12.0,4.0,88.11111111111111,2.7777777777777777,1.0,0.0,2.0,2.5,2.0,0.0,4.0,-0.6349206349206349,1.6666666666666667,2.0,0.0,4.0,-0.6349206349206349,0.0,0.0,0.0,0.0,0.0,0.0,0.0,0.0,0.0,0.0,0.0,0.0,0.0,0.0,11.88888888888889,2.0,1.0,2.0,50.4375,9.0,8.0,2.0,88.11111111111111,40.958333333333336,11.0,9.0,4.0,88.11111111111111
F13,134,0.7533333333333333,0.6993774538071219,0.05395587952621139,0.0,0.0,0.0,0.0,3.875,7.0,0.0,7.0,8.857142857142858,2.9166666666666665,9.0,0.0,10.0,8.857142857142858,40.55555555555556,9.0,0.0,3.0,42.5625,16.0,0.0,9.0,4.587301587301589,41.916666666666664,24.0,0.0,15.0,4.587301587301589,0.0,0.0,0.0,0.0,0.0,0.0,0.0,0.0,0.0,1.75,2.0,0.0,3.0,0.0,0.0,0.0,0.0,0.0,40.4375,7.0,6.0,2.0,92.42857142857143,30.541666666666668,8.0,6.0,4.0,92.42857142857143,0.0,0.0,0.0,0.0,0.0,0.0,0.0,0.0,0.0,0.0,0.0,0.0,0.0,0.0,0.0,0.0,0.0,0.0,0.0,0.0,0.0,0.0,0.0,0.0,0.0,0.0,0.0,0.0,0.1111111111111111,1.0,0.0,1.0,43.5625,8.0,6.0,3.0,99.31746031746032,32.625,9.0,6.0,5.0,99.31746031746032
F13,135,1.0125833333333334,1.0143319798035217,-0.001748646470188353,0.0,0.0,0.0,0.0,6.6875,4.0,0.0,4.0,15.285714285714286,4.458333333333333,4.0,0.0,4.0,15.285714285714286,0.0,0.0,0.0,0.0,0.0,0.0,0.0,0.0,0.0,0.0,0.0,0.0,0.0,0.0,0.0,0.0,0.0,0.0,0.0,0.0,0.0,0.0,0.0,0.0,0.0,0.0,0.0,0.0,11.88888888888889,2.0,1.0,2.0,50.4375,9.0,8.0,2.0,88.11111111111111,52.916666666666664,14.0,12.0,4.0,88.11111111111111,3.111111111111111,1.0,0.0,2.0,8.0,4.0,0.0,6.0,11.174603174603176,5.333333333333333,4.0,0.0,6.0,11.174603174603176,0.0,0.0,0.0,0.0,0.1875,1.0,0.0,2.0,0.42857142857142855,0.125,1.0,0.0,2.0,0.42857142857142855,11.777777777777779,2.0,0.0,2.0,50.375,9.0,7.0,3.0,88.22222222222223,41.0,11.0,8.0,5.0,88.22222222222223
F13,136,0.73775,0.7161770651771073,0.021572934822892686,0.0,0.0,0.0,0.0,3.5625,6.0,0.0,6.0,8.142857142857142,2.5416666666666665,7.0,0.0,8.0,8.142857142857142,41.0,9.0,0.0,2.0,42.3125,16.0,0.0,8.0,3.0,41.583333333333336,24.0,0.0,12.0,3.0,0.0,0.0,0.0,0.0,0.0,0.0,0.0,0.0,0.0,2.7083333333333335,2.0,0.0,3.0,0.0,0.0,0.0,0.0,0.0,40.4375,7.0,6.0,2.0,92.42857142857143,30.541666666666668,8.0,6.0,4.0,92.42857142857143,0.0,0.0,0.0,0.0,0.0,0.0,0.0,0.0,0.0,0.0,0.0,0.0,0.0,0.0,0.0,0.0,0.0,0.0,2.625,5.0,0.0,4.0,6.0,1.75,5.0,0.0,5.0,6.0,0.1111111111111111,1.0,0.0,1.0,43.5625,8.0,6.0,3.0,99.31746031746032,32.625,9.0,6.0,5.0,99.31746031746032
F13,137,1.075875,1.1823268430301601,-0.1064518430301602,0.0,0.0,0.0,0.0,4.6875,4.0,0.0,4.0,10.714285714285714,3.125,4.0,0.0,4.0,10.714285714285714,0.0,0.0,0.0,0.0,0.0,0.0,0.0,0.0,0.0,0.0,0.0,0.0,0.0,0.0,0.0,0.0,0.0,0.0,0.0,0.0,0.0,0.0,0.0,0.0,0.0,0.0,0.0,0.0,4.666666666666667,1.0,0.0,1.0,45.375,8.0,6.0,4.0,93.04761904761904,49.541666666666664,13.0,10.0,6.0,93.04761904761904,0.0,0.0,0.0,0.0,10.3125,4.0,0.0,5.0,23.571428571428573,6.875,4.0,0.0,5.0,23.571428571428573,0.0,0.0,0.0,0.0,0.9375,3.0,0.0,4.0,2.142857142857143,0.625,3.0,0.0,4.0,2.142857142857143,0.0,0.0,0.0,0.0,41.125,7.0,5.0,4.0,94.0,34.833333333333336,9.0,6.0,6.0,94.0
F13,138,0.7215416666666666,0.7646026585457105,-0.043060991879043886,0.0,0.0,0.0,0.0,3.375,6.0,0.0,3.0,7.714285714285714,2.375,7.0,0.0,5.0,7.714285714285714,40.0,9.0,0.0,0.0,42.5,16.0,0.0,5.0,5.714285714285715,40.916666666666664,24.0,0.0,9.0,5.714285714285715,12.777777777777779,4.0,0.0,4.0,8.9375,5.0,0.0,6.0,-8.777777777777779,6.958333333333333,7.0,0.0,8.0,-8.777777777777779,0.0,0.0,0.0,0.0,40.4375,7.0,6.0,2.0,92.42857142857143,30.916666666666668,8.0,6.0,4.0,92.42857142857143,0.0,0.0,0.0,0.0,0.0,0.0,0.0,0.0,0.0,0.0,0.0,0.0,0.0,0.0,0.0,0.0,0.0,0.0,4.5,5.0,0.0,6.0,10.285714285714286,3.0,5.0,0.0,6.0,10.285714285714286,0.1111111111111111,1.0,0.0,1.0,43.5625,8.0,6.0,3.0,99.31746031746032,33.0,9.0,6.0,5.0,99.31746031746032
F13,139,1.3034583333333332,0.9642202047852478,0.3392381285480853,0.0,0.0,0.0,0.0,0.0,0.0,0.0,0.0,0.0,0.0,0.0,0.0,0.0,0.0,0.0,0.0,0.0,0.0,0.0,0.0,0.0,0.0,0.0,0.0,0.0,0.0,0.0,0.0,0.0,0.0,0.0,0.0,0.0,0.0,0.0,0.0,0.0,0.0,0.0,0.0,0.0,0.0,11.88888888888889,2.0,1.0,2.0,50.4375,9.0,8.0,2.0,88.11111111111111,52.958333333333336,14.0,12.0,4.0,88.11111111111111,3.3333333333333335,2.0,0.0,2.0,4.25,4.0,0.0,7.0,2.0952380952380953,2.8333333333333335,4.0,0.0,7.0,2.0952380952380953,0.0,0.0,0.0,0.0,0.0,0.0,0.0,0.0,0.0,0.0,0.0,0.0,0.0,0.0,11.88888888888889,2.0,1.0,2.0,50.4375,9.0,8.0,2.0,88.11111111111111,40.458333333333336,11.0,9.0,4.0,88.11111111111111
F13,140,0.714625,0.8274235320928858,-0.11279853209288582,0.0,0.0,0.0,0.0,4.0625,7.0,0.0,7.0,9.285714285714286,2.875,8.0,0.0,9.0,9.285714285714286,40.22222222222222,9.0,0.0,2.0,41.1875,16.0,0.0,6.0,2.206349206349209,40.708333333333336,24.0,0.0,10.0,2.206349206349209,0.0,0.0,0.0,0.0,0.0,0.0,0.0,0.0,0.0,3.0833333333333335,2.0,0.0,3.0,0.0,0.0,0.0,0.0,0.0,40.4375,7.0,6.0,2.0,92.42857142857143,30.916666666666668,8.0,6.0,4.0,92.42857142857143,0.0,0.0,0.0,0.0,0.0,0.0,0.0,0.0,0.0,0.0,0.0,0.0,0.0,0.0,0.0,0.0,0.0,0.0,2.3125,5.0,0.0,5.0,5.285714285714286,1.5416666666666667,5.0,0.0,6.0,5.285714285714286,0.1111111111111111,1.0,0.0,1.0,43.5625,8.0,6.0,3.0,99.31746031746032,33.0,9.0,6.0,5.0,99.31746031746032
F13,141,0.7079166666666666,0.766000546340284,-0.05808387967361739,0.0,0.0,0.0,0.0,2.5625,5.0,0.0,5.0,5.857142857142857,1.7083333333333333,5.0,0.0,6.0,5.857142857142857,40.333333333333336,9.0,0.0,1.0,41.375,16.0,0.0,6.0,2.3809523809523796,40.166666666666664,24.0,0.0,11.0,2.3809523809523796,0.5555555555555556,1.0,0.0,1.0,1.6875,2.0,0.0,3.0,2.587301587301587,2.1666666666666665,4.0,0.0,6.0,2.587301587301587,0.0,0.0,0.0,0.0,40.4375,7.0,6.0,2.0,92.42857142857143,30.916666666666668,8.0,6.0,4.0,92.42857142857143,0.0,0.0,0.0,0.0,0.0,0.0,0.0,0.0,0.0,0.0,0.0,0.0,0.0,0.0,0.0,0.0,0.0,0.0,3.625,6.0,0.0,5.0,8.285714285714286,2.4166666666666665,6.0,0.0,6.0,8.285714285714286,0.1111111111111111,1.0,0.0,1.0,43.5625,8.0,6.0,3.0,99.31746031746032,33.0,9.0,6.0,5.0,99.31746031746032
F13,142,0.4254583333333333,0.45081724242291266,-0.02535890908957933,0.0,0.0,0.0,0.0,5.5,5.0,0.0,6.0,12.571428571428571,8.5,12.0,0.0,14.0,12.571428571428571,100.0,9.0,9.0,0.0,59.375,11.0,9.0,3.0,-92.85714285714286,49.791666666666664,16.0,9.0,9.0,-92.85714285714286,100.0,9.0,9.0,0.0,67.6875,11.0,10.0,2.0,-73.85714285714286,61.041666666666664,18.0,10.0,9.0,-73.85714285714286,0.0,0.0,0.0,0.0,23.125,7.0,0.0,6.0,52.857142857142854,21.333333333333332,13.0,0.0,13.0,52.857142857142854,0.0,0.0,0.0,0.0,0.0,0.0,0.0,0.0,0.0,0.0,0.0,0.0,0.0,0.0,0.0,0.0,0.0,0.0,0.0,0.0,0.0,0.0,0.0,0.0,0.0,0.0,0.0,0.0,0.0,0.0,0.0,0.0,30.3125,7.0,0.0,7.0,69.28571428571429,29.375,14.0,0.0,15.0,69.28571428571429
F13,143,1.52975,1.2362015733461076,0.29354842665389236,0.0,0.0,0.0,0.0,6.625,4.0,0.0,4.0,15.142857142857142,4.416666666666667,4.0,0.0,4.0,15.142857142857142,0.0,0.0,0.0,0.0,0.0,0.0,0.0,0.0,0.0,0.0,0.0,0.0,0.0,0.0,0.0,0.0,0.0,0.0,0.0,0.0,0.0,0.0,0.0,0.0,0.0,0.0,0.0,0.0,11.88888888888889,2.0,1.0,2.0,50.4375,9.0,8.0,2.0,88.11111111111111,53.125,14.0,12.0,4.0,88.11111111111111,2.5555555555555554,1.0,0.0,2.0,17.8125,5.0,2.0,6.0,34.87301587301587,11.875,5.0,2.0,6.0,34.87301587301587,0.0,0.0,0.0,0.0,0.0,0.0,0.0,0.0,0.0,0.0,0.0,0.0,0.0,0.0,11.777777777777779,2.0,0.0,2.0,50.3125,9.0,6.0,3.0,88.07936507936509,41.166666666666664,11.0,7.0,5.0,88.07936507936509
F13,145,0.6891666666666666,0.7978645345668269,-0.10869786790016034,0.0,0.0,0.0,0.0,1.4375,4.0,0.0,5.0,3.2857142857142856,0.9583333333333334,4.0,0.0,5.0,3.2857142857142856,46.22222222222222,9.0,0.0,7.0,48.3125,16.0,0.0,12.0,4.777777777777779,47.75,24.0,0.0,20.0,4.777777777777779,0.0,0.0,0.0,0.0,1.5625,1.0,0.0,2.0,3.5714285714285716,4.541666666666667,3.0,0.0,5.0,3.5714285714285716,0.0,0.0,0.0,0.0,40.4375,7.0,6.0,2.0,92.42857142857143,30.916666666666668,8.0,6.0,4.0,92.42857142857143,0.0,0.0,0.0,0.0,0.0,0.0,0.0,0.0,0.0,0.0,0.0,0.0,0.0,0.0,0.0,0.0,0.0,0.0,2.25,4.0,0.0,5.0,5.142857142857143,1.5,4.0,0.0,6.0,5.142857142857143,0.1111111111111111,1.0,0.0,1.0,43.5625,8.0,6.0,3.0,99.31746031746032,33.0,9.0,6.0,5.0,99.31746031746032
F13,146,1.4956666666666667,1.2620782997275783,0.23358836693908835,0.0,0.0,0.0,0.0,1.5,2.0,0.0,3.0,3.4285714285714284,1.0,2.0,0.0,3.0,3.4285714285714284,0.0,0.0,0.0,0.0,0.0,0.0,0.0,0.0,0.0,0.0,0.0,0.0,0.0,0.0,0.0,0.0,0.0,0.0,0.0,0.0,0.0,0.0,0.0,0.0,0.0,0.0,0.0,0.0,6.888888888888889,1.0,0.0,1.0,47.625,8.0,7.0,2.0,93.11111111111111,51.375,13.0,11.0,4.0,93.11111111111111,3.888888888888889,2.0,0.0,2.0,5.75,4.0,0.0,7.0,4.253968253968253,3.8333333333333335,4.0,0.0,7.0,4.253968253968253,0.0,0.0,0.0,0.0,0.125,1.0,0.0,2.0,0.2857142857142857,0.08333333333333333,1.0,0.0,2.0,0.2857142857142857,1.0,1.0,0.0,1.0,44.25,8.0,6.0,3.0,98.85714285714286,37.25,10.0,7.0,5.0,98.85714285714286
F13,147,0.41225,0.468360587563162,-0.05611058756316201,0.0,0.0,0.0,0.0,4.875,6.0,0.0,7.0,11.142857142857142,9.5,12.0,0.0,11.0,11.142857142857142,86.22222222222223,9.0,6.0,4.0,63.375,12.0,8.0,6.0,-52.22222222222223,52.833333333333336,16.0,9.0,11.0,-52.22222222222223,90.55555555555556,9.0,8.0,2.0,65.8125,12.0,10.0,4.0,-56.55555555555556,57.958333333333336,18.0,10.0,11.0,-56.55555555555556,0.0,0.0,0.0,0.0,14.8125,7.0,0.0,6.0,33.857142857142854,14.291666666666666,15.0,0.0,13.0,33.857142857142854,0.0,0.0,0.0,0.0,0.0,0.0,0.0,0.0,0.0,0.0,0.0,0.0,0.0,0.0,0.0,0.0,0.0,0.0,0.0,0.0,0.0,0.0,0.0,0.0,0.0,0.0,0.0,0.0,0.0,0.0,0.0,0.0,21.125,7.0,0.0,7.0,48.285714285714285,21.916666666666668,15.0,0.0,13.0,48.285714285714285
F13,148,0.7375833333333333,0.847962674507393,-0.11037934117405979,0.0,0.0,0.0,0.0,2.4375,6.0,0.0,4.0,5.571428571428571,1.625,6.0,0.0,5.0,5.571428571428571,45.55555555555556,9.0,0.0,4.0,47.875,16.0,0.0,11.0,5.301587301587297,46.458333333333336,24.0,0.0,19.0,5.301587301587297,0.0,0.0,0.0,0.0,0.0,0.0,0.0,0.0,0.0,1.375,2.0,0.0,3.0,0.0,0.0,0.0,0.0,0.0,40.4375,7.0,6.0,2.0,92.42857142857143,31.291666666666668,9.0,7.0,4.0,92.42857142857143,0.0,0.0,0.0,0.0,0.0,0.0,0.0,0.0,0.0,0.0,0.0,0.0,0.0,0.0,0.0,0.0,0.0,0.0,3.4375,5.0,0.0,5.0,7.857142857142857,2.2916666666666665,5.0,0.0,6.0,7.857142857142857,0.1111111111111111,1.0,0.0,1.0,43.5625,8.0,6.0,3.0,99.31746031746032,33.375,10.0,7.0,5.0,99.31746031746032
F13,149,0.7759166666666667,0.7415659763362621,0.03435069033040461,4.0,8.0,0.0,7.0,7.0,15.0,0.0,14.0,6.857142857142858,5.333333333333333,18.0,0.0,18.0,6.857142857142858,47.44444444444444,9.0,0.0,8.0,49.8125,16.0,0.0,15.0,5.412698412698411,49.083333333333336,24.0,0.0,21.0,5.412698412698411,0.0,0.0,0.0,0.0,0.0,0.0,0.0,0.0,0.0,0.0,0.0,0.0,0.0,0.0,0.0,0.0,0.0,0.0,40.4375,7.0,6.0,2.0,92.42857142857143,31.291666666666668,9.0,7.0,4.0,92.42857142857143,0.0,0.0,0.0,0.0,0.0,0.0,0.0,0.0,0.0,0.0,0.0,0.0,0.0,0.0,0.0,0.0,0.0,0.0,1.4375,4.0,0.0,5.0,3.2857142857142856,0.9583333333333334,4.0,0.0,6.0,3.2857142857142856,0.1111111111111111,1.0,0.0,1.0,43.5625,8.0,6.0,3.0,99.31746031746032,33.375,10.0,7.0,5.0,99.31746031746032
F13,150,0.8217500000000001,0.838363708896118,-0.016613708896117907,0.0,0.0,0.0,0.0,4.0625,6.0,0.0,5.0,9.285714285714286,3.125,7.0,0.0,7.0,9.285714285714286,44.55555555555556,9.0,0.0,7.0,48.375,16.0,0.0,13.0,8.730158730158728,46.375,24.0,0.0,20.0,8.730158730158728,0.0,0.0,0.0,0.0,0.0,0.0,0.0,0.0,0.0,0.0,0.0,0.0,0.0,0.0,0.0,0.0,0.0,0.0,40.4375,7.0,6.0,2.0,92.42857142857143,31.625,9.0,7.0,4.0,92.42857142857143,0.0,0.0,0.0,0.0,0.0,0.0,0.0,0.0,0.0,0.0,0.0,0.0,0.0,0.0,0.0,0.0,0.0,0.0,7.3125,6.0,0.0,6.0,16.714285714285715,4.875,6.0,0.0,7.0,16.714285714285715,0.1111111111111111,1.0,0.0,1.0,43.5625,8.0,6.0,3.0,99.31746031746032,33.708333333333336,10.0,7.0,5.0,99.31746031746032
F13,151,1.676875,0.9928172661581464,0.6840577338418535,0.0,0.0,0.0,0.0,7.9375,4.0,0.0,4.0,18.142857142857142,5.291666666666667,4.0,0.0,4.0,18.142857142857142,0.0,0.0,0.0,0.0,0.0,0.0,0.0,0.0,0.0,0.0,0.0,0.0,0.0,0.0,0.0,0.0,0.0,0.0,0.0,0.0,0.0,0.0,0.0,0.0,0.0,0.0,0.0,0.0,12.333333333333334,2.0,1.0,2.0,50.6875,9.0,8.0,2.0,87.66666666666667,53.833333333333336,14.0,12.0,4.0,87.66666666666667,2.7777777777777777,2.0,0.0,2.0,10.6875,6.0,0.0,8.0,18.07936507936508,7.125,6.0,0.0,8.0,18.07936507936508,0.0,0.0,0.0,0.0,1.125,3.0,0.0,4.0,2.5714285714285716,0.75,3.0,0.0,4.0,2.5714285714285716,12.333333333333334,2.0,1.0,2.0,50.6875,9.0,8.0,2.0,87.66666666666667,43.208333333333336,12.0,10.0,4.0,87.66666666666667
F13,152,0.43320833333333336,0.4234445340611445,0.009763799272188844,0.0,0.0,0.0,0.0,12.6875,7.0,0.0,2.0,29.0,16.791666666666668,15.0,0.0,5.0,29.0,99.44444444444444,9.0,8.0,1.0,59.375,10.0,8.0,3.0,-91.58730158730158,57.916666666666664,16.0,9.0,9.0,-91.58730158730158,100.0,9.0,9.0,0.0,62.5,10.0,10.0,1.0,-85.71428571428571,64.45833333333333,17.0,13.0,6.0,-85.71428571428571,0.0,0.0,0.0,0.0,26.5,7.0,0.0,5.0,60.57142857142857,24.0,12.0,0.0,10.0,60.57142857142857,0.0,0.0,0.0,0.0,0.0,0.0,0.0,0.0,0.0,0.0,0.0,0.0,0.0,0.0,0.0,0.0,0.0,0.0,0.0,0.0,0.0,0.0,0.0,0.0,0.0,0.0,0.0,0.0,0.0,0.0,0.0,0.0,36.0,7.0,0.0,6.0,82.28571428571429,35.041666666666664,13.0,0.0,13.0,82.28571428571429
F13,153,1.6374166666666667,1.235449031006479,0.4019676356601878,0.0,0.0,0.0,0.0,0.0,0.0,0.0,0.0,0.0,0.0,0.0,0.0,0.0,0.0,0.0,0.0,0.0,0.0,0.0,0.0,0.0,0.0,0.0,0.0,0.0,0.0,0.0,0.0,0.0,0.0,0.0,0.0,0.0,0.0,0.0,0.0,0.0,0.0,0.0,0.0,0.0,0.0,11.666666666666666,2.0,0.0,2.0,50.3125,9.0,7.0,3.0,88.33333333333333,53.708333333333336,14.0,11.0,5.0,88.33333333333333,3.3333333333333335,1.0,0.0,2.0,3.4375,3.0,0.0,5.0,0.23809523809523814,2.2916666666666665,3.0,0.0,5.0,0.23809523809523814,0.0,0.0,0.0,0.0,0.0,0.0,0.0,0.0,0.0,0.0,0.0,0.0,0.0,0.0,12.333333333333334,2.0,1.0,2.0,50.6875,9.0,8.0,2.0,87.66666666666667,42.083333333333336,12.0,9.0,5.0,87.66666666666667
F13,154,0.412625,0.47661149740133996,-0.06398649740133994,0.0,0.0,0.0,0.0,10.375,6.0,0.0,5.0,23.714285714285715,8.291666666666666,8.0,0.0,7.0,23.714285714285715,100.0,9.0,9.0,0.0,68.1875,13.0,9.0,5.0,-72.71428571428572,75.54166666666667,21.0,15.0,8.0,-72.71428571428572,100.0,9.0,9.0,0.0,74.8125,15.0,9.0,7.0,-57.57142857142857,80.375,23.0,15.0,10.0,-57.57142857142857,0.4444444444444444,2.0,0.0,3.0,14.9375,8.0,0.0,8.0,33.12698412698413,11.666666666666666,10.0,0.0,10.0,33.12698412698413,0.0,0.0,0.0,0.0,1.875,2.0,0.0,3.0,4.285714285714286,1.25,2.0,0.0,3.0,4.285714285714286,0.0,0.0,0.0,0.0,0.0,0.0,0.0,0.0,0.0,0.0,0.0,0.0,0.0,0.0,3.2222222222222223,3.0,0.0,3.0,26.125,9.0,0.0,9.0,52.34920634920635,19.833333333333332,11.0,0.0,12.0,52.34920634920635
F13,155,0.807375,0.7424812083854065,0.06489379161459341,0.0,0.0,0.0,0.0,1.375,4.0,0.0,3.0,3.142857142857143,0.9166666666666666,4.0,0.0,3.0,3.142857142857143,42.44444444444444,9.0,0.0,5.0,44.5,16.0,0.0,10.0,4.698412698412703,43.5,24.0,0.0,16.0,4.698412698412703,25.333333333333332,6.0,0.0,6.0,17.1875,7.0,0.0,8.0,-18.619047619047617,16.666666666666668,11.0,0.0,15.0,-18.619047619047617,0.0,0.0,0.0,0.0,40.4375,7.0,6.0,2.0,92.42857142857143,31.625,9.0,7.0,4.0,92.42857142857143,0.0,0.0,0.0,0.0,0.0,0.0,0.0,0.0,0.0,0.0,0.0,0.0,0.0,0.0,0.0,0.0,0.0,0.0,1.6875,4.0,0.0,5.0,3.857142857142857,1.125,4.0,0.0,5.0,3.857142857142857,0.0,0.0,0.0,0.0,43.5,7.0,6.0,2.0,99.42857142857143,33.666666666666664,9.0,7.0,4.0,99.42857142857143
F13,156,0.7513333333333333,0.8190252968684933,-0.06769196353516005,0.0,0.0,0.0,0.0,2.25,4.0,0.0,4.0,5.142857142857143,1.5,4.0,0.0,4.0,5.142857142857143,0.0,0.0,0.0,0.0,0.0,0.0,0.0,0.0,0.0,0.0,0.0,0.0,0.0,0.0,84.11111111111111,8.0,7.0,2.0,51.375,9.0,7.0,4.0,-74.82539682539682,38.291666666666664,11.0,7.0,7.0,-74.82539682539682,3.888888888888889,1.0,0.0,1.0,45.9375,8.0,7.0,2.0,96.11111111111111,50.958333333333336,13.0,11.0,4.0,96.11111111111111,3.3333333333333335,1.0,0.0,2.0,11.75,5.0,0.0,7.0,19.23809523809524,7.833333333333333,5.0,0.0,7.0,19.23809523809524,0.0,0.0,0.0,0.0,0.875,4.0,0.0,3.0,2.0,0.5833333333333334,4.0,0.0,4.0,2.0,1.3333333333333333,1.0,0.0,1.0,44.5,8.0,7.0,2.0,98.66666666666667,38.083333333333336,11.0,8.0,5.0,98.66666666666667
F13,157,0.42483333333333334,0.4317251973174947,-0.006891863984161362,0.0,0.0,0.0,0.0,8.6875,6.0,0.0,5.0,19.857142857142858,6.5,7.0,0.0,7.0,19.857142857142858,100.0,9.0,9.0,0.0,73.8125,14.0,10.0,5.0,-59.857142857142854,82.54166666666667,22.0,18.0,6.0,-59.857142857142854,100.0,9.0,9.0,0.0,74.3125,14.0,10.0,5.0,-58.714285714285715,82.875,22.0,18.0,6.0,-58.714285714285715,0.0,0.0,0.0,0.0,12.3125,6.0,0.0,3.0,28.142857142857142,9.166666666666666,7.0,0.0,5.0,28.142857142857142,0.0,0.0,0.0,0.0,0.0,0.0,0.0,0.0,0.0,0.0,0.0,0.0,0.0,0.0,0.0,0.0,0.0,0.0,0.0,0.0,0.0,0.0,0.0,0.0,0.0,0.0,0.0,0.0,0.0,0.0,0.0,0.0,22.125,6.0,0.0,6.0,50.57142857142857,16.208333333333332,7.0,0.0,8.0,50.57142857142857
F13,158,0.4527083333333333,0.43324544486416094,0.01946288846917238,0.0,0.0,0.0,0.0,10.875,7.0,0.0,7.0,24.857142857142858,9.75,9.0,0.0,9.0,24.857142857142858,99.77777777777777,9.0,8.0,1.0,65.5,11.0,9.0,3.0,-78.34920634920634,70.41666666666667,19.0,13.0,9.0,-78.34920634920634,99.77777777777777,9.0,8.0,1.0,66.25,12.0,9.0,4.0,-76.63492063492063,72.08333333333333,20.0,13.0,10.0,-76.63492063492063,0.2222222222222222,1.0,0.0,1.0,17.0,8.0,0.0,8.0,38.34920634920635,12.916666666666666,16.0,0.0,11.0,38.34920634920635,0.0,0.0,0.0,0.0,0.0,0.0,0.0,0.0,0.0,0.0,0.0,0.0,0.0,0.0,0.0,0.0,0.0,0.0,0.0,0.0,0.0,0.0,0.0,0.0,0.0,0.0,0.0,0.0,0.0,0.0,0.0,0.0,23.6875,7.0,0.0,7.0,54.142857142857146,18.125,10.0,0.0,11.0,54.142857142857146
F13,159,0.5987083333333333,1.0482181726509958,-0.44950983931766253,0.0,0.0,0.0,0.0,4.875,4.0,0.0,4.0,11.142857142857142,3.25,4.0,0.0,4.0,11.142857142857142,0.0,0.0,0.0,0.0,0.0,0.0,0.0,0.0,0.0,0.0,0.0,0.0,0.0,0.0,0.0,0.0,0.0,0.0,0.0,0.0,0.0,0.0,0.0,0.0,0.0,0.0,0.0,0.0,12.88888888888889,2.0,1.0,2.0,51.0,9.0,8.0,2.0,87.11111111111111,54.541666666666664,14.0,12.0,4.0,87.11111111111111,3.3333333333333335,1.0,0.0,2.0,18.6875,5.0,1.0,7.0,35.095238095238095,12.458333333333334,5.0,1.0,7.0,35.095238095238095,0.0,0.0,0.0,0.0,0.8125,3.0,0.0,3.0,1.8571428571428572,0.5416666666666666,3.0,0.0,3.0,1.8571428571428572,0.0,0.0,0.0,0.0,41.0,7.0,6.0,2.0,93.71428571428571,36.0,10.0,8.0,4.0,93.71428571428571
F13,160,0.45808333333333334,0.71946091125779,-0.26137757792445665,0.0,0.0,0.0,0.0,1.9375,5.0,0.0,4.0,4.428571428571429,1.2916666666666667,5.0,0.0,5.0,4.428571428571429,43.666666666666664,9.0,0.0,7.0,45.625,16.0,0.0,12.0,4.476190476190482,43.833333333333336,24.0,0.0,19.0,4.476190476190482,1.3333333333333333,1.0,0.0,1.0,2.625,2.0,0.0,3.0,2.9523809523809526,4.875,3.0,0.0,5.0,2.9523809523809526,0.0,0.0,0.0,0.0,40.9375,7.0,6.0,2.0,93.57142857142857,32.291666666666664,9.0,7.0,4.0,93.57142857142857,0.0,0.0,0.0,0.0,0.0,0.0,0.0,0.0,0.0,0.0,0.0,0.0,0.0,0.0,0.0,0.0,0.0,0.0,1.375,4.0,0.0,4.0,3.142857142857143,0.9166666666666666,4.0,0.0,4.0,3.142857142857143,0.5555555555555556,1.0,0.0,1.0,44.0625,8.0,7.0,2.0,99.44444444444444,34.375,10.0,8.0,4.0,99.44444444444444
F13,161,0.491625,0.45150149543255536,0.04012350456744462,0.0,0.0,0.0,0.0,12.3125,7.0,0.0,2.0,28.142857142857142,9.833333333333334,10.0,0.0,6.0,28.142857142857142,93.88888888888889,9.0,7.0,2.0,60.75,11.0,8.0,4.0,-75.74603174603175,70.375,19.0,14.0,7.0,-75.74603174603175,94.44444444444444,9.0,7.0,2.0,61.0625,11.0,8.0,4.0,-76.3015873015873,71.125,19.0,14.0,7.0,-76.3015873015873,0.0,0.0,0.0,0.0,16.375,7.0,0.0,2.0,37.42857142857143,13.25,15.0,0.0,5.0,37.42857142857143,0.0,0.0,0.0,0.0,0.0,0.0,0.0,0.0,0.0,0.0,0.0,0.0,0.0,0.0,0.0,0.0,0.0,0.0,0.0,0.0,0.0,0.0,0.0,0.0,0.0,0.0,0.0,0.0,0.0,0.0,0.0,0.0,29.25,7.0,0.0,6.0,66.85714285714286,22.416666666666668,10.0,0.0,10.0,66.85714285714286
F13,162,0.585875,0.9321995790075941,-0.34632457900759406,0.0,0.0,0.0,0.0,0.0,0.0,0.0,0.0,0.0,0.0,0.0,0.0,0.0,0.0,0.0,0.0,0.0,0.0,0.0,0.0,0.0,0.0,0.0,0.0,0.0,0.0,0.0,0.0,41.666666666666664,7.0,2.0,7.0,27.9375,8.0,2.0,9.0,-31.38095238095238,18.625,8.0,2.0,9.0,-31.38095238095238,2.888888888888889,1.0,0.0,1.0,45.375,8.0,7.0,2.0,97.11111111111111,55.625,15.0,13.0,4.0,97.11111111111111,3.0,1.0,0.0,2.0,1.6875,1.0,0.0,2.0,-3.0,1.125,1.0,0.0,2.0,-3.0,0.0,0.0,0.0,0.0,0.0,0.0,0.0,0.0,0.0,0.0,0.0,0.0,0.0,0.0,1.7777777777777777,1.0,0.0,1.0,44.6875,8.0,6.0,3.0,98.07936507936509,55.166666666666664,15.0,12.0,5.0,98.07936507936509
F13,166,0.7276666666666668,0.8306081137317961,-0.10294144706512931,0.0,0.0,0.0,0.0,2.5,5.0,0.0,5.0,5.714285714285714,1.6666666666666667,5.0,0.0,6.0,5.714285714285714,42.111111111111114,9.0,0.0,8.0,43.9375,16.0,0.0,12.0,4.17460317460317,42.791666666666664,24.0,0.0,18.0,4.17460317460317,37.44444444444444,7.0,0.0,8.0,22.9375,8.0,0.0,10.0,-33.15873015873016,19.458333333333332,10.0,0.0,13.0,-33.15873015873016,0.0,0.0,0.0,0.0,40.9375,7.0,6.0,2.0,93.57142857142857,32.625,9.0,7.0,4.0,93.57142857142857,0.0,0.0,0.0,0.0,0.0,0.0,0.0,0.0,0.0,0.0,0.0,0.0,0.0,0.0,0.0,0.0,0.0,0.0,2.0625,5.0,0.0,5.0,4.714285714285714,1.375,5.0,0.0,6.0,4.714285714285714,0.5555555555555556,1.0,0.0,1.0,44.0625,8.0,7.0,2.0,99.44444444444444,34.708333333333336,10.0,8.0,4.0,99.44444444444444
F13,167,0.43249999999999994,0.43077649491861775,0.0017235050813821928,0.0,0.0,0.0,0.0,12.375,7.0,0.0,3.0,28.285714285714285,10.208333333333334,12.0,0.0,8.0,28.285714285714285,98.88888888888889,9.0,8.0,1.0,68.5625,13.0,8.0,6.0,-69.31746031746032,76.625,21.0,15.0,8.0,-69.31746031746032,98.88888888888889,9.0,8.0,1.0,70.25,13.0,8.0,6.0,-65.46031746031746,77.75,21.0,15.0,8.0,-65.46031746031746,1.0,9.0,0.0,0.0,22.0,16.0,0.0,5.0,48.0,16.958333333333332,19.0,0.0,9.0,48.0,0.0,0.0,0.0,0.0,0.0,0.0,0.0,0.0,0.0,0.0,0.0,0.0,0.0,0.0,0.0,0.0,0.0,0.0,0.0,0.0,0.0,0.0,0.0,0.0,0.0,0.0,0.0,0.0,1.0,9.0,0.0,0.0,32.1875,16.0,0.0,6.0,71.28571428571429,24.416666666666668,19.0,0.0,10.0,71.28571428571429
F13,168,0.6692083333333333,0.7758404856927257,-0.10663215235939238,0.0,0.0,0.0,0.0,0.0,0.0,0.0,0.0,0.0,0.0,0.0,0.0,0.0,0.0,0.0,0.0,0.0,0.0,0.0,0.0,0.0,0.0,0.0,0.0,0.0,0.0,0.0,0.0,66.33333333333333,6.0,5.0,2.0,40.25,7.0,5.0,4.0,-59.61904761904761,26.833333333333332,7.0,5.0,4.0,-59.61904761904761,1.7777777777777777,1.0,0.0,1.0,44.75,8.0,7.0,2.0,98.22222222222223,50.75,14.0,11.0,5.0,98.22222222222223,3.5555555555555554,1.0,0.0,2.0,3.25,3.0,0.0,5.0,-0.6984126984126982,2.1666666666666665,3.0,0.0,5.0,-0.6984126984126982,0.0,0.0,0.0,0.0,0.0,0.0,0.0,0.0,0.0,0.0,0.0,0.0,0.0,0.0,0.6666666666666666,1.0,0.0,1.0,44.125,8.0,7.0,2.0,99.33333333333333,38.5,11.0,9.0,4.0,99.33333333333333
F13,169,0.8197916666666667,0.6714528793029356,0.14833878736373107,0.0,0.0,0.0,0.0,1.8125,5.0,0.0,5.0,4.142857142857143,1.25,6.0,0.0,7.0,4.142857142857143,42.0,9.0,0.0,7.0,43.5,16.0,0.0,14.0,3.4285714285714306,42.916666666666664,24.0,0.0,21.0,3.4285714285714306,43.111111111111114,8.0,0.0,6.0,26.125,9.0,0.0,8.0,-38.82539682539683,22.25,12.0,0.0,12.0,-38.82539682539683,0.0,0.0,0.0,0.0,40.9375,7.0,6.0,2.0,93.57142857142857,32.625,9.0,7.0,4.0,93.57142857142857,0.0,0.0,0.0,0.0,0.0,0.0,0.0,0.0,0.0,0.0,0.0,0.0,0.0,0.0,0.0,0.0,0.0,0.0,0.1875,1.0,0.0,2.0,0.42857142857142855,0.125,1.0,0.0,2.0,0.42857142857142855,0.5555555555555556,1.0,0.0,1.0,44.0625,8.0,7.0,2.0,99.44444444444444,34.708333333333336,10.0,8.0,4.0,99.44444444444444
F13,170,0.433875,0.44510114020854835,-0.01122614020854834,0.0,0.0,0.0,0.0,11.5625,7.0,0.0,2.0,26.428571428571427,9.833333333333334,10.0,0.0,5.0,26.428571428571427,100.0,9.0,9.0,0.0,62.6875,11.0,10.0,2.0,-85.28571428571429,69.70833333333333,19.0,15.0,6.0,-85.28571428571429,100.0,9.0,9.0,0.0,62.6875,11.0,10.0,2.0,-85.28571428571429,70.33333333333333,19.0,15.0,6.0,-85.28571428571429,0.0,0.0,0.0,0.0,17.5625,7.0,0.0,4.0,40.142857142857146,15.208333333333334,9.0,0.0,7.0,40.142857142857146,0.0,0.0,0.0,0.0,0.0,0.0,0.0,0.0,0.0,0.0,0.0,0.0,0.0,0.0,0.0,0.0,0.0,0.0,0.0,0.0,0.0,0.0,0.0,0.0,0.0,0.0,0.0,0.0,0.0,0.0,0.0,0.0,28.3125,7.0,0.0,6.0,64.71428571428571,22.875,9.0,0.0,9.0,64.71428571428571
F13,171,0.8714583333333333,0.7920419601386048,0.0794163731947285,0.0,0.0,0.0,0.0,10.75,5.0,0.0,4.0,24.571428571428573,7.166666666666667,5.0,0.0,5.0,24.571428571428573,0.0,0.0,0.0,0.0,0.0,0.0,0.0,0.0,0.0,0.0,0.0,0.0,0.0,0.0,0.0,0.0,0.0,0.0,0.0,0.0,0.0,0.0,0.0,0.0,0.0,0.0,0.0,0.0,13.777777777777779,2.0,1.0,2.0,51.5,9.0,8.0,2.0,86.22222222222223,55.416666666666664,15.0,13.0,4.0,86.22222222222223,3.3333333333333335,1.0,0.0,2.0,20.8125,6.0,2.0,7.0,39.95238095238095,13.875,6.0,2.0,8.0,39.95238095238095,0.0,0.0,0.0,0.0,1.5625,3.0,0.0,4.0,3.5714285714285716,1.0416666666666667,3.0,0.0,4.0,3.5714285714285716,0.0,0.0,0.0,0.0,40.875,7.0,6.0,2.0,93.42857142857143,36.458333333333336,10.0,8.0,4.0,93.42857142857143
F13,172,0.9783749999999999,0.7904620993603279,0.18791290063967203,0.0,0.0,0.0,0.0,3.0,6.0,0.0,6.0,6.857142857142857,2.0,6.0,0.0,7.0,6.857142857142857,42.22222222222222,9.0,0.0,5.0,44.6875,16.0,0.0,12.0,5.634920634920633,42.916666666666664,24.0,0.0,20.0,5.634920634920633,4.111111111111111,2.0,0.0,2.0,4.1875,3.0,0.0,4.0,0.17460317460317487,5.916666666666667,5.0,0.0,7.0,0.17460317460317487,0.0,0.0,0.0,0.0,41.5,7.0,6.0,2.0,94.85714285714286,33.333333333333336,9.0,7.0,4.0,94.85714285714286,0.0,0.0,0.0,0.0,0.0,0.0,0.0,0.0,0.0,0.0,0.0,0.0,0.0,0.0,0.0,0.0,0.0,0.0,3.5625,4.0,0.0,4.0,8.142857142857142,2.375,4.0,0.0,4.0,8.142857142857142,1.5555555555555556,1.0,0.0,1.0,44.625,8.0,7.0,2.0,98.44444444444444,35.416666666666664,10.0,8.0,4.0,98.44444444444444
F13,173,0.42091666666666666,0.4685494746981584,-0.047632808031491725,3.3333333333333335,3.0,0.0,3.0,15.0,10.0,0.0,4.0,26.666666666666668,11.708333333333334,12.0,0.0,6.0,26.666666666666668,74.77777777777777,9.0,2.0,8.0,46.5,11.0,2.0,11.0,-64.63492063492063,60.916666666666664,19.0,8.0,14.0,-64.63492063492063,82.11111111111111,9.0,2.0,8.0,53.0625,12.0,2.0,13.0,-66.3968253968254,65.375,20.0,9.0,15.0,-66.3968253968254,5.666666666666667,9.0,0.0,5.0,25.375,16.0,0.0,11.0,45.04761904761905,19.625,18.0,0.0,14.0,45.04761904761905,0.0,0.0,0.0,0.0,0.0,0.0,0.0,0.0,0.0,0.9166666666666666,1.0,0.0,2.0,0.0,0.0,0.0,0.0,0.0,0.0,0.0,0.0,0.0,0.0,0.0,0.0,0.0,0.0,0.0,8.444444444444445,5.0,0.0,5.0,37.5625,12.0,0.0,12.0,66.55555555555556,28.25,14.0,0.0,15.0,66.55555555555556
F13,174,0.9472083333333333,0.7282799029208742,0.21892843041245913,0.0,0.0,0.0,0.0,4.3125,4.0,0.0,5.0,9.857142857142858,2.875,4.0,0.0,5.0,9.857142857142858,0.0,0.0,0.0,0.0,0.0,0.0,0.0,0.0,0.0,0.0,0.0,0.0,0.0,0.0,0.0,0.0,0.0,0.0,0.0,0.0,0.0,0.0,0.0,0.0,0.0,0.0,0.0,0.0,15.222222222222221,3.0,1.0,3.0,52.3125,10.0,8.0,3.0,84.77777777777777,68.20833333333333,18.0,16.0,3.0,84.77777777777777,3.0,1.0,0.0,2.0,7.75,4.0,0.0,6.0,10.857142857142858,5.166666666666667,4.0,0.0,6.0,10.857142857142858,0.0,0.0,0.0,0.0,0.8125,3.0,0.0,4.0,1.8571428571428572,0.5416666666666666,3.0,0.0,4.0,1.8571428571428572,1.3333333333333333,1.0,0.0,1.0,44.5,8.0,7.0,2.0,98.66666666666667,39.041666666666664,11.0,9.0,4.0,98.66666666666667
F13,175,1.2699166666666668,0.7010383313879268,0.56887833527874,0.0,0.0,0.0,0.0,4.0625,6.0,0.0,6.0,9.285714285714286,2.8333333333333335,7.0,0.0,8.0,9.285714285714286,41.666666666666664,9.0,0.0,4.0,44.8125,16.0,0.0,11.0,7.19047619047619,43.125,24.0,0.0,17.0,7.19047619047619,10.555555555555555,5.0,0.0,6.0,6.75,6.0,0.0,8.0,-8.698412698412698,5.208333333333333,7.0,0.0,10.0,-8.698412698412698,0.0,0.0,0.0,0.0,41.1875,7.0,5.0,4.0,94.14285714285714,33.125,9.0,6.0,6.0,94.14285714285714,0.0,0.0,0.0,0.0,0.0,0.0,0.0,0.0,0.0,0.0,0.0,0.0,0.0,0.0,0.0,0.0,0.0,0.0,3.625,4.0,0.0,5.0,8.285714285714286,2.4166666666666665,4.0,0.0,5.0,8.285714285714286,1.5555555555555556,1.0,0.0,1.0,44.3125,8.0,6.0,4.0,97.73015873015873,35.208333333333336,10.0,7.0,6.0,97.73015873015873
F13,176,0.4254166666666666,0.4326988521530304,-0.007282185486363779,3.4444444444444446,3.0,0.0,3.0,14.125,10.0,0.0,5.0,24.41269841269841,15.125,16.0,0.0,8.0,24.41269841269841,78.33333333333333,9.0,2.0,5.0,46.4375,10.0,2.0,7.0,-72.9047619047619,49.291666666666664,17.0,3.0,14.0,-72.9047619047619,79.66666666666667,9.0,2.0,5.0,47.1875,10.0,2.0,7.0,-74.23809523809524,50.375,17.0,3.0,14.0,-74.23809523809524,1.4444444444444444,3.0,0.0,2.0,27.8125,10.0,0.0,5.0,60.26984126984127,25.166666666666668,15.0,0.0,10.0,60.26984126984127,0.0,0.0,0.0,0.0,0.0,0.0,0.0,0.0,0.0,0.0,0.0,0.0,0.0,0.0,0.0,0.0,0.0,0.0,0.0,0.0,0.0,0.0,0.0,0.0,0.0,0.0,0.0,0.0,4.222222222222222,9.0,0.0,3.0,38.625,16.0,0.0,10.0,78.63492063492063,36.333333333333336,22.0,0.0,17.0,78.63492063492063
F13,177,1.0051249999999998,0.8460751053479031,0.15904989465209673,0.0,0.0,0.0,0.0,7.8125,5.0,0.0,5.0,17.857142857142858,5.208333333333333,5.0,0.0,6.0,17.857142857142858,0.0,0.0,0.0,0.0,0.0,0.0,0.0,0.0,0.0,0.0,0.0,0.0,0.0,0.0,0.0,0.0,0.0,0.0,0.0,0.0,0.0,0.0,0.0,0.0,0.0,0.0,0.0,0.0,15.555555555555555,3.0,1.0,3.0,52.5,10.0,8.0,3.0,84.44444444444444,68.33333333333333,18.0,16.0,3.0,84.44444444444444,3.111111111111111,1.0,0.0,2.0,14.875,5.0,0.0,7.0,26.88888888888889,9.916666666666666,5.0,0.0,7.0,26.88888888888889,0.0,0.0,0.0,0.0,0.4375,2.0,0.0,3.0,1.0,0.2916666666666667,2.0,0.0,4.0,1.0,14.444444444444445,2.0,1.0,2.0,51.875,9.0,8.0,2.0,85.55555555555556,43.541666666666664,12.0,10.0,4.0,85.55555555555556
F13,178,1.8420416666666668,0.8890828597687421,0.9529588068979247,0.0,0.0,0.0,0.0,5.1875,7.0,0.0,6.0,11.857142857142858,4.083333333333333,10.0,0.0,10.0,11.857142857142858,41.888888888888886,9.0,0.0,5.0,44.1875,16.0,0.0,11.0,5.25396825396826,43.375,24.0,0.0,16.0,5.25396825396826,0.0,0.0,0.0,0.0,0.0,0.0,0.0,0.0,0.0,0.0,0.0,0.0,0.0,0.0,0.0,0.0,0.0,0.0,41.1875,7.0,5.0,4.0,94.14285714285714,33.5,9.0,6.0,6.0,94.14285714285714,0.0,0.0,0.0,0.0,0.0,0.0,0.0,0.0,0.0,0.0,0.0,0.0,0.0,0.0,0.0,0.0,0.0,0.0,4.6875,6.0,0.0,6.0,10.714285714285714,3.125,6.0,0.0,7.0,10.714285714285714,1.5555555555555556,1.0,0.0,1.0,44.3125,8.0,6.0,4.0,97.73015873015873,35.583333333333336,10.0,7.0,6.0,97.73015873015873
F13,179,0.4014166666666667,0.288801423189556,0.11261524347711072,0.4444444444444444,1.0,0.0,1.0,0.25,1.0,0.0,1.0,-0.4444444444444444,2.625,3.0,0.0,3.0,-0.4444444444444444,0.0,0.0,0.0,0.0,32.5,6.0,4.0,4.0,74.28571428571429,34.5,10.0,7.0,6.0,74.28571428571429,0.0,0.0,0.0,0.0,32.5,6.0,4.0,4.0,74.28571428571429,34.5,10.0,7.0,6.0,74.28571428571429,75.0,9.0,0.0,7.0,64.1875,13.0,0.0,12.0,-24.714285714285715,53.5,21.0,0.0,20.0,-24.714285714285715,0.0,0.0,0.0,0.0,0.0,0.0,0.0,0.0,0.0,0.0,0.0,0.0,0.0,0.0,0.0,0.0,0.0,0.0,0.0,0.0,0.0,0.0,0.0,0.0,0.0,0.0,0.0,0.0,80.44444444444444,9.0,0.0,7.0,67.3125,13.0,0.0,12.0,-30.015873015873012,61.208333333333336,21.0,0.0,19.0,-30.015873015873012
F13,180,0.2919583333333333,0.2791057500284559,0.01285258330487743,46.0,9.0,0.0,4.0,69.625,16.0,7.0,5.0,54.0,59.583333333333336,23.0,7.0,10.0,54.0,0.0,0.0,0.0,0.0,0.0,0.0,0.0,0.0,0.0,0.0,0.0,0.0,0.0,0.0,0.0,0.0,0.0,0.0,4.375,2.0,0.0,2.0,10.0,4.375,3.0,0.0,4.0,10.0,100.0,9.0,9.0,0.0,83.375,15.0,12.0,4.0,-38.0,87.5,23.0,19.0,6.0,-38.0,0.0,0.0,0.0,0.0,0.0,0.0,0.0,0.0,0.0,0.0,0.0,0.0,0.0,0.0,0.0,0.0,0.0,0.0,3.125,2.0,0.0,1.0,7.142857142857143,2.5,3.0,0.0,3.0,7.142857142857143,21.0,9.0,0.0,0.0,21.0,16.0,0.0,0.0,0.0,21.0,24.0,0.0,0.0,0.0
F13,181,0.38358333333333333,0.2758678691417504,0.10771546419158295,53.0,9.0,0.0,1.0,62.0,15.0,5.0,4.0,20.57142857142857,41.333333333333336,15.0,5.0,4.0,20.57142857142857,0.0,0.0,0.0,0.0,0.0,0.0,0.0,0.0,0.0,0.0,0.0,0.0,0.0,0.0,0.0,0.0,0.0,0.0,0.0,0.0,0.0,0.0,0.0,0.0,0.0,0.0,0.0,0.0,100.0,9.0,9.0,0.0,87.5,15.0,13.0,4.0,-28.57142857142857,91.66666666666667,23.0,21.0,4.0,-28.57142857142857,0.0,0.0,0.0,0.0,0.0,0.0,0.0,0.0,0.0,0.0,0.0,0.0,0.0,0.0,0.0,0.0,0.0,0.0,0.0,0.0,0.0,0.0,0.0,0.0,0.0,0.0,0.0,0.0,21.0,9.0,0.0,0.0,21.0,16.0,0.0,0.0,0.0,21.0,24.0,0.0,0.0,0.0
F13,182,0.33537500000000003,0.25510048222566456,0.08027451777433547,13.777777777777779,7.0,0.0,8.0,11.4375,11.0,0.0,13.0,-5.34920634920635,11.583333333333334,16.0,0.0,19.0,-5.34920634920635,6.111111111111111,1.0,0.0,1.0,43.5,8.0,5.0,5.0,85.46031746031746,52.875,16.0,8.0,11.0,85.46031746031746,5.222222222222222,1.0,0.0,1.0,30.9375,8.0,0.0,8.0,58.77777777777778,31.208333333333332,13.0,0.0,14.0,58.77777777777778,70.55555555555556,9.0,0.0,8.0,67.875,15.0,0.0,13.0,-6.1269841269841265,57.666666666666664,21.0,0.0,20.0,-6.1269841269841265,0.0,0.0,0.0,0.0,0.0,0.0,0.0,0.0,0.0,0.0,0.0,0.0,0.0,0.0,0.0,0.0,0.0,0.0,0.0,0.0,0.0,0.0,0.0,0.0,0.0,0.0,0.0,0.0,95.11111111111111,9.0,0.0,1.0,77.625,16.0,0.0,8.0,-39.96825396825397,65.375,22.0,0.0,15.0,-39.96825396825397
F13,183,0.3569166666666666,0.2817300866153833,0.07518658005128331,2.5555555555555554,9.0,0.0,1.0,3.4375,16.0,0.0,4.0,2.015873015873016,9.0,24.0,0.0,11.0,2.015873015873016,98.11111111111111,9.0,8.0,1.0,95.75,16.0,12.0,3.0,-5.396825396825406,79.70833333333333,22.0,14.0,9.0,-5.396825396825406,98.11111111111111,9.0,8.0,1.0,95.75,16.0,12.0,3.0,-5.396825396825406,79.70833333333333,22.0,14.0,9.0,-5.396825396825406,1.7777777777777777,1.0,0.0,1.0,18.125,8.0,0.0,6.0,37.36507936507937,28.25,16.0,0.0,14.0,37.36507936507937,0.0,0.0,0.0,0.0,0.0,0.0,0.0,0.0,0.0,0.0,0.0,0.0,0.0,0.0,0.0,0.0,0.0,0.0,0.0,0.0,0.0,0.0,0.0,0.0,0.0,0.0,0.0,0.0,17.555555555555557,9.0,0.0,1.0,14.4375,16.0,0.0,6.0,-7.126984126984128,22.333333333333332,24.0,0.0,14.0,-7.126984126984128
F13,195,0.55625,0.4583266030194329,0.09792339698056712,0.0,0.0,0.0,0.0,35.1875,6.0,5.0,2.0,80.42857142857143,25.875,7.0,5.0,4.0,80.42857142857143,0.0,0.0,0.0,0.0,0.0,0.0,0.0,0.0,0.0,0.0,0.0,0.0,0.0,0.0,0.0,0.0,0.0,0.0,0.0,0.0,0.0,0.0,0.0,0.0,0.0,0.0,0.0,0.0,20.666666666666668,3.0,1.0,3.0,55.375,10.0,8.0,3.0,79.33333333333333,70.25,18.0,16.0,3.0,79.33333333333333,0.0,0.0,0.0,0.0,0.0,0.0,0.0,0.0,0.0,0.0,0.0,0.0,0.0,0.0,0.0,0.0,0.0,0.0,2.1875,5.0,0.0,3.0,5.0,1.4583333333333333,5.0,0.0,4.0,5.0,19.666666666666668,2.0,1.0,2.0,43.3125,9.0,5.0,6.0,54.04761904761904,47.125,14.0,9.0,8.0,54.04761904761904
F13,196,0.5474166666666667,0.44951708961184966,0.097899577054817,0.0,0.0,0.0,0.0,29.3125,6.0,3.0,4.0,67.0,20.5,7.0,3.0,6.0,67.0,0.0,0.0,0.0,0.0,0.0,0.0,0.0,0.0,0.0,0.0,0.0,0.0,0.0,0.0,0.0,0.0,0.0,0.0,0.0,0.0,0.0,0.0,0.0,0.0,0.0,0.0,0.0,0.0,20.555555555555557,3.0,1.0,3.0,55.3125,10.0,8.0,3.0,79.44444444444444,70.20833333333333,18.0,16.0,3.0,79.44444444444444,0.0,0.0,0.0,0.0,0.0,0.0,0.0,0.0,0.0,0.0,0.0,0.0,0.0,0.0,0.0,0.0,0.0,0.0,0.3125,2.0,0.0,4.0,0.7142857142857143,0.20833333333333334,2.0,0.0,4.0,0.7142857142857143,19.444444444444443,2.0,1.0,2.0,39.1875,9.0,5.0,6.0,45.12698412698413,40.75,13.0,8.0,8.0,45.12698412698413
F13,197,0.5479166666666667,0.4752817245539436,0.07263494211272314,0.0,0.0,0.0,0.0,8.5,3.0,0.0,3.0,19.428571428571427,5.666666666666667,3.0,0.0,4.0,19.428571428571427,3.3333333333333335,2.0,0.0,2.0,1.875,2.0,0.0,3.0,-3.3333333333333335,1.25,2.0,0.0,3.0,-3.3333333333333335,0.0,0.0,0.0,0.0,0.0,0.0,0.0,0.0,0.0,0.0,0.0,0.0,0.0,0.0,20.22222222222222,3.0,1.0,3.0,55.125,10.0,8.0,3.0,79.77777777777777,70.08333333333333,18.0,16.0,3.0,79.77777777777777,0.0,0.0,0.0,0.0,0.0,0.0,0.0,0.0,0.0,0.0,0.0,0.0,0.0,0.0,0.0,0.0,0.0,0.0,0.0,0.0,0.0,0.0,0.0,0.0,0.0,0.0,0.0,0.0,21.0,2.0,1.0,2.0,55.5625,9.0,8.0,2.0,79.0,56.166666666666664,14.0,12.0,4.0,79.0
F13,198,0.27608333333333335,0.2573441318578034,0.018739201475529932,6.333333333333333,9.0,0.0,8.0,10.25,16.0,0.0,15.0,8.952380952380953,8.25,24.0,0.0,21.0,8.952380952380953,51.55555555555556,9.0,0.0,8.0,52.1875,16.0,0.0,14.0,1.4444444444444429,51.666666666666664,24.0,0.0,22.0,1.4444444444444429,13.88888888888889,3.0,0.0,4.0,7.8125,3.0,0.0,4.0,-13.88888888888889,10.083333333333334,7.0,0.0,8.0,-13.88888888888889,20.88888888888889,2.0,1.0,2.0,53.8125,9.0,5.0,6.0,75.25396825396825,38.291666666666664,11.0,5.0,9.0,75.25396825396825,0.0,0.0,0.0,0.0,0.4375,1.0,0.0,2.0,1.0,0.2916666666666667,1.0,0.0,2.0,1.0,0.0,0.0,0.0,0.0,9.4375,7.0,0.0,7.0,21.571428571428573,6.291666666666667,7.0,0.0,8.0,21.571428571428573,20.88888888888889,2.0,1.0,2.0,53.875,9.0,5.0,6.0,75.3968253968254,38.291666666666664,11.0,5.0,9.0,75.3968253968254
F13,211,0.5396666666666666,0.5741398223228972,-0.03447315565623055,0.0,0.0,0.0,0.0,4.1875,7.0,0.0,5.0,9.571428571428571,4.166666666666667,14.0,0.0,11.0,9.571428571428571,23.444444444444443,9.0,0.0,3.0,31.625,16.0,0.0,10.0,18.698412698412703,32.5,24.0,0.0,17.0,18.698412698412703,32.888888888888886,9.0,0.0,7.0,19.3125,10.0,0.0,9.0,-31.031746031746028,13.541666666666666,12.0,0.0,12.0,-31.031746031746028,0.0,0.0,0.0,0.0,41.4375,7.0,6.0,2.0,94.71428571428571,31.708333333333332,9.0,6.0,5.0,94.71428571428571,0.0,0.0,0.0,0.0,1.9375,4.0,0.0,5.0,4.428571428571429,1.2916666666666667,4.0,0.0,5.0,4.428571428571429,0.0,0.0,0.0,0.0,3.3125,5.0,0.0,5.0,7.571428571428571,2.2083333333333335,5.0,0.0,6.0,7.571428571428571,1.2222222222222223,1.0,0.0,1.0,44.4375,8.0,7.0,2.0,98.77777777777777,33.666666666666664,10.0,7.0,5.0,98.77777777777777
F13,212,0.29433333333333334,0.30156317574254626,-0.007229842409212928,2.5555555555555554,1.0,0.0,1.0,14.375,8.0,0.0,3.0,27.01587301587302,16.583333333333332,16.0,0.0,8.0,27.01587301587302,63.55555555555556,9.0,0.0,8.0,38.375,10.0,0.0,10.0,-57.55555555555556,43.291666666666664,17.0,0.0,16.0,-57.55555555555556,63.55555555555556,9.0,0.0,8.0,38.375,10.0,0.0,10.0,-57.55555555555556,43.291666666666664,17.0,0.0,16.0,-57.55555555555556,2.111111111111111,1.0,0.0,1.0,27.9375,8.0,0.0,6.0,59.03174603174603,23.375,14.0,0.0,13.0,59.03174603174603,0.0,0.0,0.0,0.0,0.0,0.0,0.0,0.0,0.0,0.0,0.0,0.0,0.0,0.0,0.0,0.0,0.0,0.0,0.0,0.0,0.0,0.0,0.0,0.0,0.0,0.0,0.0,0.0,3.2222222222222223,9.0,0.0,1.0,37.875,16.0,0.0,7.0,79.2063492063492,34.458333333333336,22.0,0.0,13.0,79.2063492063492
F13,213,0.292,0.2805621920966983,0.011437807903301678,9.88888888888889,3.0,0.0,2.0,11.0,7.0,0.0,5.0,2.5396825396825395,7.958333333333333,9.0,0.0,8.0,2.5396825396825395,44.111111111111114,9.0,0.0,8.0,34.4375,15.0,0.0,14.0,-22.111111111111114,40.5,23.0,0.0,22.0,-22.111111111111114,44.111111111111114,9.0,0.0,8.0,34.5,15.0,0.0,14.0,-21.968253968253972,40.541666666666664,23.0,0.0,22.0,-21.968253968253972,3.7777777777777777,2.0,0.0,2.0,31.75,9.0,0.0,7.0,63.93650793650793,25.125,16.0,0.0,14.0,63.93650793650793,0.0,0.0,0.0,0.0,0.0,0.0,0.0,0.0,0.0,0.0,0.0,0.0,0.0,0.0,0.0,0.0,0.0,0.0,0.0,0.0,0.0,0.0,0.0,0.0,0.0,0.0,0.0,0.0,9.88888888888889,3.0,0.0,3.0,42.4375,10.0,0.0,10.0,74.3968253968254,34.666666666666664,18.0,0.0,18.0,74.3968253968254
F13,214,0.9180416666666668,0.6524083618726703,0.2656333047939965,0.0,0.0,0.0,0.0,0.0,0.0,0.0,0.0,0.0,0.0,0.0,0.0,0.0,0.0,0.0,0.0,0.0,0.0,1.0625,1.0,0.0,2.0,2.4285714285714284,0.7083333333333334,1.0,0.0,2.0,2.4285714285714284,38.77777777777778,9.0,0.0,6.0,54.0,15.0,2.0,12.0,34.79365079365079,40.916666666666664,21.0,2.0,16.0,34.79365079365079,0.0,0.0,0.0,0.0,42.375,7.0,6.0,2.0,96.85714285714286,30.541666666666668,8.0,6.0,4.0,96.85714285714286,0.0,0.0,0.0,0.0,3.1875,3.0,0.0,6.0,7.285714285714286,2.125,3.0,0.0,6.0,7.285714285714286,0.0,0.0,0.0,0.0,0.0,0.0,0.0,0.0,0.0,0.0,0.0,0.0,0.0,0.0,0.0,0.0,0.0,0.0,42.375,7.0,6.0,2.0,96.85714285714286,30.541666666666668,8.0,6.0,4.0,96.85714285714286
F13,215,0.32666666666666666,0.25702075114414563,0.06964591552252103,18.666666666666668,7.0,0.0,6.0,24.125,14.0,0.0,9.0,12.476190476190474,22.375,20.0,0.0,11.0,12.476190476190474,39.44444444444444,9.0,0.0,7.0,24.5625,10.0,0.0,9.0,-34.01587301587301,40.458333333333336,18.0,0.0,17.0,-34.01587301587301,39.44444444444444,9.0,0.0,7.0,24.5625,10.0,0.0,9.0,-34.01587301587301,40.458333333333336,18.0,0.0,17.0,-34.01587301587301,11.666666666666666,5.0,0.0,5.0,36.5,12.0,0.0,10.0,56.761904761904766,29.375,18.0,0.0,16.0,56.761904761904766,0.0,0.0,0.0,0.0,0.0,0.0,0.0,0.0,0.0,0.0,0.0,0.0,0.0,0.0,0.0,0.0,0.0,0.0,0.0,0.0,0.0,0.0,0.0,0.0,0.0,0.0,0.0,0.0,17.22222222222222,5.0,0.0,5.0,50.25,12.0,1.0,12.0,75.4920634920635,43.25,18.0,1.0,16.0,75.4920634920635
F13,217,1.69325,0.9825702535746065,0.7106797464253934,0.0,0.0,0.0,0.0,0.0,0.0,0.0,0.0,0.0,0.0,0.0,0.0,0.0,0.0,0.0,0.0,0.0,0.0,1.0625,1.0,0.0,2.0,2.4285714285714284,0.7083333333333334,1.0,0.0,2.0,2.4285714285714284,38.888888888888886,9.0,0.0,3.0,51.0625,14.0,4.0,6.0,27.825396825396822,48.666666666666664,20.0,4.0,10.0,27.825396825396822,0.0,0.0,0.0,0.0,42.25,7.0,6.0,2.0,96.57142857142857,31.25,8.0,6.0,4.0,96.57142857142857,0.0,0.0,0.0,0.0,3.1875,3.0,0.0,6.0,7.285714285714286,2.125,3.0,0.0,6.0,7.285714285714286,0.0,0.0,0.0,0.0,0.0,0.0,0.0,0.0,0.0,0.0,0.0,0.0,0.0,0.0,0.0,0.0,0.0,0.0,42.25,7.0,6.0,2.0,96.57142857142857,31.25,8.0,6.0,4.0,96.57142857142857
F13,218,0.38949999999999996,0.41298954282123906,-0.023489542821239107,0.0,0.0,0.0,0.0,13.125,7.0,0.0,1.0,30.0,14.208333333333334,13.0,0.0,5.0,30.0,100.0,9.0,9.0,0.0,61.5625,10.0,9.0,2.0,-87.85714285714286,64.83333333333333,18.0,9.0,9.0,-87.85714285714286,100.0,9.0,9.0,0.0,61.5625,10.0,9.0,2.0,-87.85714285714286,65.0,18.0,9.0,8.0,-87.85714285714286,0.0,0.0,0.0,0.0,22.625,7.0,0.0,4.0,51.714285714285715,19.541666666666668,11.0,0.0,9.0,51.714285714285715,0.0,0.0,0.0,0.0,0.0,0.0,0.0,0.0,0.0,0.0,0.0,0.0,0.0,0.0,0.0,0.0,0.0,0.0,0.0,0.0,0.0,0.0,0.0,0.0,0.0,0.0,0.0,0.0,0.1111111111111111,1.0,0.0,1.0,33.5,8.0,0.0,8.0,76.31746031746032,30.041666666666668,14.0,0.0,15.0,76.31746031746032
F13,231,0.620875,0.7056608564914454,-0.08478585649144543,0.0,0.0,0.0,0.0,1.4375,2.0,0.0,3.0,3.2857142857142856,0.9583333333333334,2.0,0.0,3.0,3.2857142857142856,0.0,0.0,0.0,0.0,0.0,0.0,0.0,0.0,0.0,0.0,0.0,0.0,0.0,0.0,0.0,0.0,0.0,0.0,0.0,0.0,0.0,0.0,0.0,0.0,0.0,0.0,0.0,0.0,15.88888888888889,5.0,1.0,6.0,52.6875,12.0,8.0,6.0,84.11111111111111,54.125,17.0,12.0,8.0,84.11111111111111,14.444444444444445,2.0,1.0,2.0,51.875,9.0,8.0,2.0,85.55555555555556,35.541666666666664,10.0,8.0,4.0,85.55555555555556,0.0,0.0,0.0,0.0,0.0,0.0,0.0,0.0,0.0,0.0,0.0,0.0,0.0,0.0,0.0,0.0,0.0,0.0,35.5625,6.0,5.0,2.0,81.28571428571429,30.0,8.0,6.0,4.0,81.28571428571429
F13,232,0.738625,0.621579982871865,0.11704501712813498,0.0,0.0,0.0,0.0,3.5625,6.0,0.0,3.0,8.142857142857142,3.7916666666666665,14.0,0.0,7.0,8.142857142857142,42.77777777777778,9.0,0.0,7.0,42.875,16.0,0.0,12.0,0.22222222222222143,42.333333333333336,24.0,0.0,20.0,0.22222222222222143,9.555555555555555,4.0,0.0,6.0,8.3125,5.0,0.0,8.0,-2.841269841269841,15.041666666666666,10.0,0.0,14.0,-2.841269841269841,0.0,0.0,0.0,0.0,40.4375,7.0,6.0,2.0,92.42857142857143,30.208333333333332,8.0,6.0,4.0,92.42857142857143,0.0,0.0,0.0,0.0,14.9375,5.0,0.0,5.0,34.142857142857146,9.958333333333334,5.0,0.0,5.0,34.142857142857146,0.0,0.0,0.0,0.0,0.4375,1.0,0.0,2.0,1.0,0.2916666666666667,1.0,0.0,2.0,1.0,0.1111111111111111,1.0,0.0,1.0,43.5625,8.0,6.0,3.0,99.31746031746032,32.291666666666664,9.0,6.0,5.0,99.31746031746032
F13,233,0.6336666666666667,0.9092223125082249,-0.2755556458415582,0.0,0.0,0.0,0.0,0.0,0.0,0.0,0.0,0.0,0.0,0.0,0.0,0.0,0.0,2.0,1.0,0.0,1.0,1.875,2.0,0.0,3.0,-0.2857142857142858,1.25,2.0,0.0,3.0,-0.2857142857142858,85.0,8.0,6.0,3.0,47.8125,8.0,6.0,3.0,-85.0,31.875,8.0,6.0,3.0,-85.0,11.88888888888889,2.0,1.0,2.0,50.4375,9.0,8.0,2.0,88.11111111111111,52.5,14.0,12.0,4.0,88.11111111111111,14.444444444444445,2.0,1.0,2.0,50.9375,9.0,6.0,5.0,83.41269841269842,33.958333333333336,9.0,6.0,6.0,83.41269841269842,0.0,0.0,0.0,0.0,0.0,0.0,0.0,0.0,0.0,0.0,0.0,0.0,0.0,0.0,0.0,0.0,0.0,0.0,33.375,6.0,5.0,2.0,76.28571428571429,28.625,8.0,6.0,4.0,76.28571428571429
F13,241,1.4315,1.032043852034268,0.3994561479657319,0.0,0.0,0.0,0.0,5.1875,4.0,0.0,4.0,11.857142857142858,3.4583333333333335,4.0,0.0,4.0,11.857142857142858,0.0,0.0,0.0,0.0,0.0,0.0,0.0,0.0,0.0,0.0,0.0,0.0,0.0,0.0,0.0,0.0,0.0,0.0,0.0,0.0,0.0,0.0,0.0,0.0,0.0,0.0,0.0,0.0,11.88888888888889,2.0,1.0,2.0,50.4375,9.0,8.0,2.0,88.11111111111111,53.416666666666664,14.0,12.0,4.0,88.11111111111111,3.888888888888889,2.0,0.0,2.0,21.3125,6.0,2.0,7.0,39.82539682539683,14.208333333333334,6.0,2.0,7.0,39.82539682539683,0.0,0.0,0.0,0.0,0.3125,2.0,0.0,3.0,0.7142857142857143,0.20833333333333334,2.0,0.0,3.0,0.7142857142857143,11.88888888888889,2.0,1.0,2.0,50.4375,9.0,8.0,2.0,88.11111111111111,40.916666666666664,11.0,9.0,4.0,88.11111111111111
F13,242,0.43204166666666666,0.4764978167658677,-0.044456150099201064,0.6666666666666666,6.0,0.0,1.0,15.8125,13.0,0.0,6.0,34.61904761904762,19.125,21.0,0.0,10.0,34.61904761904762,60.44444444444444,8.0,4.0,6.0,41.9375,11.0,4.0,11.0,-42.301587301587304,39.0,15.0,6.0,15.0,-42.301587301587304,89.11111111111111,9.0,6.0,3.0,56.0625,10.0,6.0,5.0,-75.53968253968254,43.041666666666664,14.0,6.0,10.0,-75.53968253968254,0.0,0.0,0.0,0.0,21.8125,7.0,0.0,6.0,49.857142857142854,19.75,13.0,0.0,13.0,49.857142857142854,0.0,0.0,0.0,0.0,0.0,0.0,0.0,0.0,0.0,0.0,0.0,0.0,0.0,0.0,0.0,0.0,0.0,0.0,0.0,0.0,0.0,0.0,0.0,0.0,0.0,0.0,0.0,0.0,0.0,0.0,0.0,0.0,32.0625,7.0,0.0,6.0,73.28571428571429,30.333333333333332,15.0,0.0,12.0,73.28571428571429
F13,243,1.7187916666666665,1.0300027240007519,0.6887889426659146,0.0,0.0,0.0,0.0,9.3125,5.0,0.0,4.0,21.285714285714285,6.208333333333333,5.0,0.0,4.0,21.285714285714285,0.0,0.0,0.0,0.0,0.0,0.0,0.0,0.0,0.0,0.0,0.0,0.0,0.0,0.0,0.0,0.0,0.0,0.0,0.0,0.0,0.0,0.0,0.0,0.0,0.0,0.0,0.0,0.0,12.11111111111111,2.0,1.0,2.0,50.5625,9.0,8.0,2.0,87.88888888888889,53.625,14.0,12.0,4.0,87.88888888888889,3.5555555555555554,1.0,0.0,2.0,27.0,6.0,2.0,7.0,53.58730158730159,18.0,6.0,2.0,7.0,53.58730158730159,0.0,0.0,0.0,0.0,0.0,0.0,0.0,0.0,0.0,0.0,0.0,0.0,0.0,0.0,12.11111111111111,2.0,1.0,2.0,50.5625,9.0,8.0,2.0,87.88888888888889,43.416666666666664,12.0,10.0,4.0,87.88888888888889
F13,244,0.44004166666666666,0.3516167603775841,0.08842490628908256,12.0,7.0,0.0,6.0,28.1875,14.0,0.0,11.0,37.0,26.291666666666668,22.0,0.0,15.0,37.0,41.333333333333336,9.0,1.0,8.0,32.3125,13.0,1.0,13.0,-20.61904761904762,31.166666666666668,18.0,1.0,19.0,-20.61904761904762,60.888888888888886,9.0,3.0,5.0,40.9375,11.0,3.0,8.0,-45.6031746031746,40.416666666666664,17.0,3.0,14.0,-45.6031746031746,4.0,9.0,0.0,5.0,26.75,16.0,0.0,9.0,52.0,24.458333333333332,24.0,0.0,15.0,52.0,0.0,0.0,0.0,0.0,0.0,0.0,0.0,0.0,0.0,0.0,0.0,0.0,0.0,0.0,0.0,0.0,0.0,0.0,0.0,0.0,0.0,0.0,0.0,0.0,0.0,0.0,0.0,0.0,6.555555555555555,9.0,0.0,5.0,38.875,16.0,0.0,12.0,73.87301587301587,36.291666666666664,23.0,0.0,20.0,73.87301587301587
F13,245,0.84025,0.7282281493444852,0.11202185065551484,0.0,0.0,0.0,0.0,0.25,1.0,0.0,2.0,0.5714285714285714,0.16666666666666666,1.0,0.0,2.0,0.5714285714285714,42.666666666666664,9.0,0.0,3.0,44.1875,16.0,0.0,10.0,3.4761904761904816,43.0,24.0,0.0,17.0,3.4761904761904816,0.0,0.0,0.0,0.0,0.0,0.0,0.0,0.0,0.0,3.125,1.0,0.0,2.0,0.0,0.0,0.0,0.0,0.0,40.4375,7.0,6.0,2.0,92.42857142857143,31.625,9.0,7.0,4.0,92.42857142857143,0.0,0.0,0.0,0.0,0.0,0.0,0.0,0.0,0.0,0.0,0.0,0.0,0.0,0.0,0.0,0.0,0.0,0.0,0.0,0.0,0.0,0.0,0.0,0.0,0.0,0.0,0.0,0.0,0.1111111111111111,1.0,0.0,1.0,43.5625,8.0,6.0,3.0,99.31746031746032,33.708333333333336,10.0,7.0,5.0,99.31746031746032
F47,6,0.24050000000000002,0.2198777624377025,0.02062223756229753,0.0,0.0,0.0,0.0,21.0625,7.0,2.0,6.0,48.142857142857146,14.041666666666666,7.0,2.0,7.0,48.142857142857146,23.88888888888889,9.0,0.0,5.0,13.4375,9.0,0.0,6.0,-23.88888888888889,14.958333333333334,15.0,0.0,9.0,-23.88888888888889,0.0,0.0,0.0,0.0,0.0,0.0,0.0,0.0,0.0,0.0,0.0,0.0,0.0,0.0,100.0,9.0,9.0,0.0,100.0,16.0,16.0,0.0,0.0,100.0,24.0,24.0,0.0,0.0,0.0,0.0,0.0,0.0,0.0,0.0,0.0,0.0,0.0,0.0,0.0,0.0,0.0,0.0,0.0,0.0,0.0,0.0,0.0,0.0,0.0,0.0,0.0,0.0,0.0,0.0,0.0,0.0,27.11111111111111,3.0,2.0,2.0,59.0,10.0,9.0,2.0,72.88888888888889,61.458333333333336,16.0,14.0,4.0,72.88888888888889
F47,7,0.35720833333333335,0.21926754167363016,0.1379407916597032,16.77777777777778,9.0,0.0,7.0,25.75,16.0,0.0,14.0,20.507936507936506,21.375,24.0,0.0,20.0,20.507936507936506,49.888888888888886,9.0,0.0,8.0,50.375,16.0,0.0,15.0,1.1111111111111143,51.375,24.0,0.0,21.0,1.1111111111111143,0.0,0.0,0.0,0.0,0.0,0.0,0.0,0.0,0.0,0.0,0.0,0.0,0.0,0.0,68.77777777777777,9.0,4.0,6.0,50.0625,16.0,4.0,12.0,-42.77777777777777,59.25,24.0,9.0,16.0,-42.77777777777777,0.0,0.0,0.0,0.0,0.0,0.0,0.0,0.0,0.0,0.0,0.0,0.0,0.0,0.0,0.0,0.0,0.0,0.0,0.0,0.0,0.0,0.0,0.0,0.0,0.0,0.0,0.0,0.0,83.11111111111111,9.0,4.0,5.0,68.0625,16.0,4.0,12.0,-34.3968253968254,73.58333333333333,24.0,9.0,16.0,-34.3968253968254
F47,8,0.20741666666666667,0.1824157872621999,0.02500087940446677,0.0,0.0,0.0,0.0,38.0625,7.0,5.0,3.0,87.0,47.416666666666664,15.0,6.0,6.0,87.0,21.77777777777778,8.0,0.0,4.0,12.25,8.0,0.0,4.0,-21.77777777777778,13.416666666666666,14.0,0.0,8.0,-21.77777777777778,0.0,0.0,0.0,0.0,17.25,6.0,0.0,6.0,39.42857142857143,11.5,6.0,0.0,7.0,39.42857142857143,100.0,9.0,9.0,0.0,99.625,16.0,13.0,1.0,-0.8571428571428612,99.75,24.0,21.0,2.0,-0.8571428571428612,0.0,0.0,0.0,0.0,0.0,0.0,0.0,0.0,0.0,0.0,0.0,0.0,0.0,0.0,0.0,0.0,0.0,0.0,0.375,3.0,0.0,1.0,0.8571428571428571,0.25,3.0,0.0,2.0,0.8571428571428571,26.88888888888889,3.0,2.0,2.0,52.375,10.0,6.0,5.0,58.25396825396825,56.916666666666664,16.0,11.0,8.0,58.25396825396825
F47,9,0.174625,0.20250926460709973,-0.027884264607099724,80.11111111111111,9.0,4.0,3.0,82.4375,16.0,9.0,6.0,5.317460317460316,68.16666666666667,24.0,10.0,9.0,5.317460317460316,23.555555555555557,9.0,0.0,4.0,13.25,9.0,0.0,5.0,-23.555555555555557,12.291666666666666,13.0,0.0,7.0,-23.555555555555557,0.0,0.0,0.0,0.0,10.125,3.0,0.0,4.0,23.142857142857142,6.75,3.0,0.0,5.0,23.142857142857142,100.0,9.0,9.0,0.0,99.5625,16.0,15.0,2.0,-1.0,99.70833333333333,24.0,23.0,2.0,-1.0,0.0,0.0,0.0,0.0,0.0,0.0,0.0,0.0,0.0,0.0,0.0,0.0,0.0,0.0,0.0,0.0,0.0,0.0,0.125,1.0,0.0,2.0,0.2857142857142857,0.08333333333333333,1.0,0.0,2.0,0.2857142857142857,26.666666666666668,3.0,2.0,2.0,55.875,10.0,8.0,4.0,66.76190476190476,59.166666666666664,16.0,13.0,6.0,66.76190476190476
F47,10,0.146625,0.22201811559247217,-0.07539311559247217,21.444444444444443,9.0,0.0,1.0,47.9375,16.0,4.0,5.0,60.55555555555556,32.0,17.0,4.0,7.0,60.55555555555556,24.666666666666668,9.0,0.0,6.0,14.3125,10.0,0.0,8.0,-23.666666666666668,15.083333333333334,16.0,0.0,13.0,-23.666666666666668,0.0,0.0,0.0,0.0,0.0,0.0,0.0,0.0,0.0,0.0,0.0,0.0,0.0,0.0,100.0,9.0,9.0,0.0,99.875,16.0,15.0,2.0,-0.2857142857142918,99.91666666666667,24.0,23.0,2.0,-0.2857142857142918,0.0,0.0,0.0,0.0,0.0,0.0,0.0,0.0,0.0,0.0,0.0,0.0,0.0,0.0,0.0,0.0,0.0,0.0,0.0,0.0,0.0,0.0,0.0,0.0,0.0,0.0,0.0,0.0,26.555555555555557,3.0,2.0,2.0,48.75,9.0,6.0,6.0,50.730158730158735,54.291666666666664,15.0,11.0,8.0,50.730158730158735
F47,11,0.21845833333333334,0.2556880520305165,-0.03722971869718314,24.333333333333332,9.0,0.0,8.0,38.5625,16.0,0.0,15.0,32.52380952380952,28.333333333333332,24.0,0.0,22.0,32.52380952380952,48.77777777777778,9.0,0.0,8.0,49.5,16.0,0.0,12.0,1.650793650793652,50.458333333333336,24.0,0.0,17.0,1.650793650793652,0.0,0.0,0.0,0.0,9.5625,4.0,0.0,3.0,21.857142857142858,6.375,4.0,0.0,4.0,21.857142857142858,92.77777777777777,9.0,5.0,5.0,89.5,16.0,5.0,12.0,-7.49206349206348,91.83333333333333,24.0,10.0,16.0,-7.49206349206348,0.0,0.0,0.0,0.0,0.0,0.0,0.0,0.0,0.0,0.0,0.0,0.0,0.0,0.0,0.0,0.0,0.0,0.0,0.0,0.0,0.0,0.0,0.0,0.0,0.0,0.0,0.0,0.0,85.44444444444444,9.0,4.0,6.0,73.25,16.0,4.0,13.0,-27.873015873015873,77.70833333333333,24.0,9.0,17.0,-27.873015873015873
F47,12,0.13158333333333336,0.2225166333381925,-0.09093330000485914,2.6666666666666665,4.0,0.0,5.0,32.0625,11.0,3.0,10.0,67.19047619047619,27.666666666666668,13.0,4.0,12.0,67.19047619047619,21.555555555555557,9.0,0.0,6.0,12.125,9.0,0.0,7.0,-21.555555555555557,8.083333333333334,9.0,0.0,7.0,-21.555555555555557,0.0,0.0,0.0,0.0,15.9375,4.0,2.0,4.0,36.42857142857143,10.625,4.0,2.0,4.0,36.42857142857143,100.0,9.0,9.0,0.0,99.625,16.0,15.0,2.0,-0.8571428571428612,99.75,24.0,23.0,2.0,-0.8571428571428612,0.0,0.0,0.0,0.0,1.6875,1.0,0.0,2.0,3.857142857142857,1.125,1.0,0.0,2.0,3.857142857142857,0.0,0.0,0.0,0.0,0.0,0.0,0.0,0.0,0.0,0.0,0.0,0.0,0.0,0.0,26.555555555555557,3.0,2.0,2.0,58.6875,10.0,9.0,2.0,73.44444444444444,60.833333333333336,16.0,14.0,4.0,73.44444444444444
F47,14,0.11625,0.21828028414439915,-0.10203028414439914,78.0,9.0,0.0,0.0,87.1875,16.0,6.0,2.0,21.0,86.0,24.0,8.0,4.0,21.0,21.22222222222222,8.0,0.0,7.0,11.9375,8.0,0.0,7.0,-21.22222222222222,7.958333333333333,8.0,0.0,7.0,-21.22222222222222,0.0,0.0,0.0,0.0,34.6875,7.0,5.0,3.0,79.28571428571429,23.125,7.0,5.0,4.0,79.28571428571429,100.0,9.0,9.0,0.0,95.875,16.0,14.0,3.0,-9.42857142857143,97.25,24.0,22.0,3.0,-9.42857142857143,0.0,0.0,0.0,0.0,2.8125,2.0,0.0,3.0,6.428571428571429,1.875,2.0,0.0,3.0,6.428571428571429,0.0,0.0,0.0,0.0,1.1875,4.0,0.0,5.0,2.7142857142857144,0.7916666666666666,4.0,0.0,5.0,2.7142857142857144,26.11111111111111,3.0,2.0,2.0,40.75,9.0,5.0,6.0,33.460317460317455,48.666666666666664,15.0,10.0,9.0,33.460317460317455
F47,15,0.19104166666666667,0.2615367297375888,-0.07049506307092213,22.11111111111111,9.0,0.0,7.0,37.9375,16.0,0.0,14.0,36.17460317460318,31.916666666666668,24.0,0.0,21.0,36.17460317460318,51.0,9.0,0.0,8.0,49.875,16.0,0.0,14.0,-2.5714285714285694,51.166666666666664,24.0,0.0,21.0,-2.5714285714285694,0.0,0.0,0.0,0.0,38.75,7.0,5.0,3.0,88.57142857142857,29.791666666666668,9.0,5.0,6.0,88.57142857142857,92.88888888888889,9.0,4.0,6.0,72.875,16.0,4.0,13.0,-45.74603174603174,81.20833333333333,24.0,9.0,17.0,-45.74603174603174,0.0,0.0,0.0,0.0,0.0,0.0,0.0,0.0,0.0,0.0,0.0,0.0,0.0,0.0,0.0,0.0,0.0,0.0,0.125,1.0,0.0,2.0,0.2857142857142857,0.08333333333333333,1.0,0.0,2.0,0.2857142857142857,80.77777777777777,9.0,4.0,6.0,58.25,16.0,4.0,13.0,-51.49206349206349,67.29166666666667,24.0,9.0,17.0,-51.49206349206349
F47,16,0.19587500000000002,0.24166518279523205,-0.04579018279523203,21.0,9.0,0.0,7.0,37.0625,16.0,0.0,14.0,36.714285714285715,30.083333333333332,24.0,0.0,22.0,36.714285714285715,50.888888888888886,9.0,0.0,8.0,49.9375,16.0,0.0,14.0,-2.1746031746031704,50.541666666666664,24.0,0.0,22.0,-2.1746031746031704,0.0,0.0,0.0,0.0,34.375,7.0,2.0,6.0,78.57142857142857,26.083333333333332,9.0,2.0,9.0,78.57142857142857,94.33333333333333,9.0,4.0,6.0,75.3125,16.0,4.0,13.0,-43.476190476190474,82.375,24.0,10.0,15.0,-43.476190476190474,0.0,0.0,0.0,0.0,0.0,0.0,0.0,0.0,0.0,0.0,0.0,0.0,0.0,0.0,0.0,0.0,0.0,0.0,0.5,3.0,0.0,5.0,1.1428571428571428,0.3333333333333333,3.0,0.0,5.0,1.1428571428571428,85.11111111111111,9.0,4.0,6.0,61.0625,16.0,4.0,13.0,-54.968253968253975,68.16666666666667,24.0,9.0,17.0,-54.968253968253975
F47,17,0.112375,0.23557107107074507,-0.12319607107074507,100.0,9.0,9.0,0.0,100.0,16.0,16.0,0.0,0.0,97.20833333333333,24.0,17.0,2.0,0.0,21.333333333333332,8.0,0.0,5.0,12.0,8.0,0.0,5.0,-21.333333333333332,8.0,8.0,0.0,5.0,-21.333333333333332,0.0,0.0,0.0,0.0,37.1875,7.0,4.0,4.0,85.0,24.791666666666668,7.0,4.0,5.0,85.0,100.0,9.0,9.0,0.0,99.625,16.0,15.0,2.0,-0.8571428571428612,99.75,24.0,23.0,2.0,-0.8571428571428612,0.0,0.0,0.0,0.0,3.125,3.0,0.0,4.0,7.142857142857143,2.0833333333333335,3.0,0.0,4.0,7.142857142857143,0.0,0.0,0.0,0.0,1.0625,5.0,0.0,6.0,2.4285714285714284,0.7083333333333334,5.0,0.0,7.0,2.4285714285714284,25.77777777777778,3.0,2.0,2.0,41.0,9.0,5.0,6.0,34.79365079365079,48.625,15.0,10.0,9.0,34.79365079365079
F47,18,0.2031666666666667,0.25962281864837855,-0.05645615198171186,21.88888888888889,9.0,0.0,6.0,34.8125,16.0,0.0,12.0,29.53968253968254,28.791666666666668,24.0,0.0,20.0,29.53968253968254,50.44444444444444,9.0,0.0,8.0,49.1875,16.0,0.0,15.0,-2.8730158730158735,50.125,24.0,0.0,22.0,-2.8730158730158735,0.0,0.0,0.0,0.0,39.3125,7.0,5.0,3.0,89.85714285714286,30.25,9.0,5.0,6.0,89.85714285714286,69.22222222222223,9.0,4.0,6.0,55.1875,16.0,4.0,12.0,-32.07936507936508,63.666666666666664,24.0,9.0,16.0,-32.07936507936508,0.0,0.0,0.0,0.0,0.0,0.0,0.0,0.0,0.0,0.0,0.0,0.0,0.0,0.0,0.0,0.0,0.0,0.0,0.0,0.0,0.0,0.0,0.0,0.0,0.0,0.0,0.0,0.0,75.66666666666667,9.0,4.0,6.0,49.9375,16.0,4.0,12.0,-58.80952380952381,59.708333333333336,24.0,9.0,16.0,-58.80952380952381
F47,19,0.12375000000000001,0.28848398082458265,-0.16473398082458263,70.22222222222223,9.0,0.0,5.0,79.0625,16.0,5.0,8.0,20.206349206349202,52.708333333333336,16.0,5.0,9.0,20.206349206349202,22.11111111111111,9.0,0.0,7.0,12.4375,9.0,0.0,8.0,-22.11111111111111,11.333333333333334,12.0,0.0,10.0,-22.11111111111111,0.0,0.0,0.0,0.0,9.375,2.0,0.0,3.0,21.428571428571427,6.25,2.0,0.0,3.0,21.428571428571427,100.0,9.0,9.0,0.0,100.0,16.0,16.0,0.0,0.0,100.0,24.0,24.0,0.0,0.0,4.444444444444445,2.0,0.0,3.0,8.0,5.0,0.0,7.0,8.126984126984127,5.333333333333333,5.0,0.0,7.0,8.126984126984127,0.0,0.0,0.0,0.0,0.0,0.0,0.0,0.0,0.0,0.0,0.0,0.0,0.0,0.0,25.666666666666668,3.0,2.0,2.0,58.1875,10.0,9.0,2.0,74.33333333333333,60.041666666666664,16.0,14.0,4.0,74.33333333333333
F47,20,0.2107083333333333,0.26559838655648904,-0.05489005322315574,21.666666666666668,9.0,0.0,7.0,35.5,16.0,0.0,14.0,31.619047619047617,29.041666666666668,24.0,0.0,21.0,31.619047619047617,51.0,9.0,0.0,7.0,49.0,16.0,0.0,12.0,-4.571428571428569,48.708333333333336,24.0,0.0,17.0,-4.571428571428569,0.0,0.0,0.0,0.0,13.3125,5.0,0.0,5.0,30.428571428571427,8.875,5.0,0.0,6.0,30.428571428571427,71.22222222222223,9.0,4.0,6.0,51.9375,16.0,4.0,13.0,-44.07936507936509,60.416666666666664,24.0,9.0,17.0,-44.07936507936509,0.0,0.0,0.0,0.0,0.0,0.0,0.0,0.0,0.0,0.0,0.0,0.0,0.0,0.0,0.0,0.0,0.0,0.0,0.25,2.0,0.0,4.0,0.5714285714285714,0.16666666666666666,2.0,0.0,4.0,0.5714285714285714,83.33333333333333,9.0,4.0,6.0,65.8125,16.0,4.0,13.0,-40.047619047619044,71.91666666666667,24.0,9.0,17.0,-40.047619047619044
F47,21,0.14804166666666665,0.27176219799155105,-0.12372053132488439,0.0,0.0,0.0,0.0,19.0625,7.0,0.0,7.0,43.57142857142857,12.708333333333334,7.0,0.0,8.0,43.57142857142857,22.22222222222222,8.0,0.0,6.0,12.5,8.0,0.0,6.0,-22.22222222222222,11.75,15.0,0.0,13.0,-22.22222222222222,0.0,0.0,0.0,0.0,0.0,0.0,0.0,0.0,0.0,0.0,0.0,0.0,0.0,0.0,100.0,9.0,9.0,0.0,100.0,16.0,16.0,0.0,0.0,100.0,24.0,24.0,0.0,0.0,0.0,0.0,0.0,0.0,0.0,0.0,0.0,0.0,0.0,0.0,0.0,0.0,0.0,0.0,0.0,0.0,0.0,0.0,0.0,0.0,0.0,0.0,0.0,0.0,0.0,0.0,0.0,0.0,25.555555555555557,3.0,2.0,2.0,58.125,10.0,9.0,2.0,74.44444444444444,59.916666666666664,16.0,14.0,4.0,74.44444444444444
F47,22,0.21754166666666666,0.22175743353216149,-0.004215766865494824,20.88888888888889,9.0,0.0,7.0,36.0,16.0,0.0,14.0,34.539682539682545,29.583333333333332,24.0,0.0,20.0,34.539682539682545,44.44444444444444,9.0,0.0,8.0,44.875,16.0,0.0,14.0,0.9841269841269877,41.708333333333336,24.0,0.0,22.0,0.9841269841269877,0.0,0.0,0.0,0.0,0.4375,1.0,0.0,2.0,1.0,0.2916666666666667,1.0,0.0,2.0,1.0,66.88888888888889,9.0,4.0,5.0,48.0,16.0,4.0,12.0,-43.17460317460317,60.0,24.0,9.0,16.0,-43.17460317460317,0.0,0.0,0.0,0.0,0.0,0.0,0.0,0.0,0.0,0.0,0.0,0.0,0.0,0.0,0.0,0.0,0.0,0.0,0.0,0.0,0.0,0.0,0.0,0.0,0.0,0.0,0.0,0.0,80.0,9.0,4.0,6.0,63.9375,16.0,4.0,13.0,-36.714285714285715,70.29166666666667,24.0,9.0,17.0,-36.714285714285715
F47,23,0.181625,0.2839526461214798,-0.10232764612147979,0.0,0.0,0.0,0.0,37.25,7.0,5.0,3.0,85.14285714285714,28.583333333333332,9.0,5.0,6.0,85.14285714285714,22.555555555555557,9.0,0.0,5.0,12.6875,9.0,0.0,6.0,-22.555555555555557,13.041666666666666,14.0,0.0,11.0,-22.555555555555557,0.0,0.0,0.0,0.0,5.875,3.0,0.0,4.0,13.428571428571429,3.9166666666666665,3.0,0.0,5.0,13.428571428571429,100.0,9.0,9.0,0.0,99.5625,16.0,15.0,2.0,-1.0,99.70833333333333,24.0,23.0,2.0,-1.0,5.777777777777778,1.0,0.0,1.0,5.125,3.0,0.0,5.0,-1.492063492063492,3.4166666666666665,3.0,0.0,5.0,-1.492063492063492,0.0,0.0,0.0,0.0,0.125,1.0,0.0,1.0,0.2857142857142857,0.08333333333333333,1.0,0.0,2.0,0.2857142857142857,25.444444444444443,3.0,2.0,2.0,50.625,10.0,7.0,5.0,57.55555555555556,54.791666666666664,16.0,12.0,7.0,57.55555555555556
F47,24,0.22620833333333334,0.26775260125187783,-0.041544267918544486,19.0,9.0,0.0,7.0,34.9375,16.0,0.0,11.0,36.42857142857143,28.416666666666668,22.0,0.0,17.0,36.42857142857143,39.111111111111114,9.0,0.0,7.0,39.6875,16.0,0.0,13.0,1.3174603174603163,40.208333333333336,24.0,0.0,21.0,1.3174603174603163,0.0,0.0,0.0,0.0,19.0625,5.0,0.0,5.0,43.57142857142857,13.25,6.0,0.0,7.0,43.57142857142857,69.11111111111111,9.0,4.0,6.0,56.0,16.0,4.0,12.0,-29.96825396825397,64.08333333333333,24.0,9.0,16.0,-29.96825396825397,0.0,0.0,0.0,0.0,0.0,0.0,0.0,0.0,0.0,0.0,0.0,0.0,0.0,0.0,0.0,0.0,0.0,0.0,0.0,0.0,0.0,0.0,0.0,0.0,0.0,0.0,0.0,0.0,78.0,9.0,4.0,6.0,61.6875,16.0,4.0,13.0,-37.285714285714285,70.29166666666667,24.0,9.0,17.0,-37.285714285714285
F47,25,0.23175,0.23342748230063146,-0.0016774823006314443,19.0,9.0,0.0,8.0,34.125,16.0,0.0,15.0,34.57142857142857,26.166666666666668,24.0,0.0,21.0,34.57142857142857,37.333333333333336,9.0,0.0,8.0,37.4375,16.0,0.0,15.0,0.2380952380952337,37.666666666666664,24.0,0.0,22.0,0.2380952380952337,0.0,0.0,0.0,0.0,17.0625,5.0,0.0,6.0,39.0,11.375,5.0,0.0,6.0,39.0,69.66666666666667,9.0,4.0,6.0,53.8125,16.0,4.0,13.0,-36.23809523809524,62.333333333333336,24.0,9.0,17.0,-36.23809523809524,0.0,0.0,0.0,0.0,0.0,0.0,0.0,0.0,0.0,0.0,0.0,0.0,0.0,0.0,0.0,0.0,0.0,0.0,0.0,0.0,0.0,0.0,0.0,0.0,0.0,0.0,0.0,0.0,80.44444444444444,9.0,4.0,6.0,60.625,16.0,4.0,13.0,-45.3015873015873,67.41666666666667,24.0,9.0,17.0,-45.3015873015873
F47,26,0.25654166666666667,0.19720472584796708,0.059336940818699585,0.0,0.0,0.0,0.0,35.6875,7.0,4.0,4.0,81.57142857142857,27.75,9.0,4.0,7.0,81.57142857142857,22.666666666666668,9.0,0.0,7.0,12.75,9.0,0.0,8.0,-22.666666666666668,13.708333333333334,15.0,0.0,13.0,-22.666666666666668,0.0,0.0,0.0,0.0,3.3125,2.0,0.0,3.0,7.571428571428571,2.2083333333333335,2.0,0.0,3.0,7.571428571428571,100.0,9.0,9.0,0.0,100.0,16.0,16.0,0.0,0.0,100.0,24.0,24.0,0.0,0.0,3.5555555555555554,1.0,0.0,2.0,4.5625,3.0,0.0,5.0,2.3015873015873014,3.0416666666666665,3.0,0.0,5.0,2.3015873015873014,0.0,0.0,0.0,0.0,0.0,0.0,0.0,0.0,0.0,0.0,0.0,0.0,0.0,0.0,25.0,3.0,2.0,2.0,57.8125,10.0,9.0,2.0,75.0,59.416666666666664,16.0,13.0,5.0,75.0
F47,27,0.24479166666666666,0.214652796488406,0.03013887017826067,22.11111111111111,9.0,0.0,7.0,37.9375,16.0,0.0,14.0,36.17460317460318,31.791666666666668,24.0,0.0,22.0,36.17460317460318,37.55555555555556,9.0,0.0,8.0,38.5,16.0,0.0,14.0,2.158730158730158,38.583333333333336,24.0,0.0,20.0,2.158730158730158,0.0,0.0,0.0,0.0,9.375,5.0,0.0,5.0,21.428571428571427,7.291666666666667,6.0,0.0,7.0,21.428571428571427,70.0,9.0,4.0,6.0,51.0,16.0,4.0,13.0,-43.42857142857143,59.75,24.0,9.0,17.0,-43.42857142857143,0.0,0.0,0.0,0.0,0.0,0.0,0.0,0.0,0.0,0.0,0.0,0.0,0.0,0.0,0.0,0.0,0.0,0.0,0.0,0.0,0.0,0.0,0.0,0.0,0.0,0.0,0.0,0.0,80.44444444444444,9.0,4.0,6.0,64.8125,16.0,4.0,13.0,-35.73015873015873,70.95833333333333,24.0,8.0,18.0,-35.73015873015873
F47,28,0.37166666666666665,0.2928010739120856,0.07886559275458105,7.333333333333333,3.0,0.0,3.0,12.625,7.0,0.0,8.0,12.095238095238095,12.333333333333334,12.0,0.0,15.0,12.095238095238095,8.555555555555555,1.0,0.0,1.0,40.6875,8.0,3.0,6.0,73.44444444444444,28.5,9.0,3.0,9.0,73.44444444444444,4.666666666666667,1.0,0.0,1.0,33.25,8.0,0.0,8.0,65.33333333333333,23.541666666666668,9.0,0.0,11.0,65.33333333333333,19.88888888888889,3.0,0.0,3.0,26.9375,9.0,0.0,10.0,16.11111111111111,36.833333333333336,17.0,0.0,18.0,16.11111111111111,0.0,0.0,0.0,0.0,0.0,0.0,0.0,0.0,0.0,0.0,0.0,0.0,0.0,0.0,0.0,0.0,0.0,0.0,0.5,1.0,0.0,2.0,1.1428571428571428,0.3333333333333333,1.0,0.0,2.0,1.1428571428571428,20.444444444444443,3.0,0.0,3.0,27.0,9.0,0.0,10.0,14.984126984126988,39.458333333333336,16.0,0.0,14.0,14.984126984126988
F47,29,0.2630416666666667,0.23373107635554694,0.02931059031111974,20.666666666666668,9.0,0.0,8.0,35.1875,16.0,0.0,15.0,33.19047619047619,28.708333333333332,24.0,0.0,21.0,33.19047619047619,36.44444444444444,9.0,0.0,7.0,37.625,16.0,0.0,14.0,2.698412698412703,37.416666666666664,24.0,0.0,21.0,2.698412698412703,0.0,0.0,0.0,0.0,28.0625,6.0,2.0,5.0,64.14285714285714,19.333333333333332,7.0,2.0,7.0,64.14285714285714,72.66666666666667,9.0,4.0,6.0,57.5625,16.0,4.0,13.0,-34.523809523809526,64.08333333333333,24.0,9.0,17.0,-34.523809523809526,0.0,0.0,0.0,0.0,0.0,0.0,0.0,0.0,0.0,0.0,0.0,0.0,0.0,0.0,0.0,0.0,0.0,0.0,0.0,0.0,0.0,0.0,0.0,0.0,0.0,0.0,0.0,0.0,16.11111111111111,4.0,0.0,4.0,21.875,11.0,0.0,11.0,13.174603174603174,43.291666666666664,19.0,5.0,15.0,13.174603174603174
F47,30,0.28824999999999995,0.20759549083418896,0.08065450916581099,28.77777777777778,6.0,1.0,6.0,59.9375,13.0,8.0,6.0,71.22222222222223,48.583333333333336,17.0,9.0,10.0,71.22222222222223,0.0,0.0,0.0,0.0,0.0,0.0,0.0,0.0,0.0,0.0,0.0,0.0,0.0,0.0,0.0,0.0,0.0,0.0,9.375,5.0,0.0,6.0,21.428571428571427,6.25,5.0,0.0,6.0,21.428571428571427,24.555555555555557,3.0,2.0,2.0,48.25,10.0,4.0,8.0,54.15873015873015,45.166666666666664,14.0,7.0,10.0,54.15873015873015,0.0,0.0,0.0,0.0,0.0,0.0,0.0,0.0,0.0,0.0,0.0,0.0,0.0,0.0,0.0,0.0,0.0,0.0,6.875,7.0,0.0,5.0,15.714285714285714,4.791666666666667,8.0,0.0,6.0,15.714285714285714,40.55555555555556,9.0,2.0,2.0,59.0625,16.0,4.0,8.0,42.301587301587304,56.625,24.0,7.0,10.0,42.301587301587304
F47,31,0.27995833333333336,0.31802064495648613,-0.03806231162315277,0.0,0.0,0.0,0.0,37.0625,6.0,5.0,2.0,84.71428571428571,32.958333333333336,10.0,5.0,6.0,84.71428571428571,0.0,0.0,0.0,0.0,0.0,0.0,0.0,0.0,0.0,0.0,0.0,0.0,0.0,0.0,0.0,0.0,0.0,0.0,0.0,0.0,0.0,0.0,0.0,0.0,0.0,0.0,0.0,0.0,24.555555555555557,3.0,2.0,2.0,57.5625,10.0,9.0,2.0,75.44444444444444,51.416666666666664,14.0,12.0,4.0,75.44444444444444,0.0,0.0,0.0,0.0,0.0,0.0,0.0,0.0,0.0,0.0,0.0,0.0,0.0,0.0,0.0,0.0,0.0,0.0,0.0,0.0,0.0,0.0,0.0,0.0,0.0,0.0,0.0,0.0,40.55555555555556,9.0,2.0,2.0,66.5625,16.0,9.0,2.0,59.44444444444444,61.625,24.0,12.0,4.0,59.44444444444444
F47,32,0.29220833333333335,0.24710353708162183,0.045104796251711515,21.444444444444443,9.0,0.0,8.0,33.75,16.0,0.0,15.0,28.126984126984127,27.666666666666668,24.0,0.0,22.0,28.126984126984127,40.333333333333336,9.0,0.0,7.0,39.25,16.0,0.0,13.0,-2.4761904761904816,39.416666666666664,24.0,0.0,20.0,-2.4761904761904816,0.0,0.0,0.0,0.0,9.25,3.0,0.0,4.0,21.142857142857142,6.166666666666667,3.0,0.0,4.0,21.142857142857142,64.77777777777777,9.0,4.0,6.0,50.8125,16.0,4.0,13.0,-31.920634920634917,61.25,24.0,10.0,16.0,-31.920634920634917,0.0,0.0,0.0,0.0,0.0,0.0,0.0,0.0,0.0,0.0,0.0,0.0,0.0,0.0,0.0,0.0,0.0,0.0,0.0,0.0,0.0,0.0,0.0,0.0,0.0,0.0,0.0,0.0,17.333333333333332,3.0,0.0,3.0,26.1875,10.0,0.0,10.0,20.238095238095237,34.708333333333336,16.0,2.0,16.0,20.238095238095237
F47,33,0.2754166666666667,0.26602379000704646,0.009392876659620242,26.77777777777778,5.0,1.0,6.0,58.8125,12.0,8.0,6.0,73.22222222222223,47.208333333333336,15.0,8.0,10.0,73.22222222222223,0.0,0.0,0.0,0.0,0.0,0.0,0.0,0.0,0.0,0.0,0.0,0.0,0.0,0.0,0.0,0.0,0.0,0.0,0.0,0.0,0.0,0.0,0.0,0.0,0.0,0.0,0.0,0.0,24.444444444444443,3.0,2.0,2.0,57.5,10.0,9.0,2.0,75.55555555555556,50.666666666666664,13.0,11.0,4.0,75.55555555555556,0.0,0.0,0.0,0.0,0.0,0.0,0.0,0.0,0.0,0.0,0.0,0.0,0.0,0.0,0.0,0.0,0.0,0.0,5.3125,5.0,0.0,5.0,12.142857142857142,3.5416666666666665,5.0,0.0,6.0,12.142857142857142,40.44444444444444,9.0,2.0,2.0,66.5,16.0,9.0,2.0,59.55555555555556,61.041666666666664,24.0,11.0,4.0,59.55555555555556
F47,35,0.11945833333333333,0.25934593101025005,-0.13988759767691672,18.555555555555557,3.0,1.0,3.0,54.1875,10.0,8.0,3.0,81.44444444444444,44.125,13.0,8.0,7.0,81.44444444444444,0.0,0.0,0.0,0.0,0.0,0.0,0.0,0.0,0.0,0.0,0.0,0.0,0.0,0.0,0.0,0.0,0.0,0.0,0.0,0.0,0.0,0.0,0.0,0.0,0.0,0.0,0.0,0.0,24.444444444444443,3.0,2.0,2.0,57.5,10.0,9.0,2.0,75.55555555555556,50.666666666666664,13.0,11.0,4.0,75.55555555555556,0.0,0.0,0.0,0.0,0.0,0.0,0.0,0.0,0.0,0.0,0.0,0.0,0.0,0.0,0.0,0.0,0.0,0.0,7.0625,7.0,0.0,7.0,16.142857142857142,5.041666666666667,8.0,0.0,9.0,16.142857142857142,40.44444444444444,9.0,2.0,2.0,66.5,16.0,9.0,2.0,59.55555555555556,61.041666666666664,24.0,11.0,4.0,59.55555555555556
F47,36,0.298875,0.24861395378671158,0.05026104621328842,11.222222222222221,9.0,0.0,4.0,31.9375,16.0,0.0,11.0,47.34920634920635,27.541666666666668,24.0,0.0,19.0,47.34920634920635,29.555555555555557,9.0,0.0,7.0,34.0,16.0,0.0,14.0,10.158730158730158,31.75,24.0,0.0,21.0,10.158730158730158,0.0,0.0,0.0,0.0,24.1875,6.0,1.0,6.0,55.285714285714285,17.083333333333332,7.0,1.0,8.0,55.285714285714285,95.11111111111111,9.0,7.0,3.0,82.0,16.0,7.0,10.0,-29.968253968253975,86.83333333333333,24.0,13.0,12.0,-29.968253968253975,0.0,0.0,0.0,0.0,0.0,0.0,0.0,0.0,0.0,0.0,0.0,0.0,0.0,0.0,0.0,0.0,0.0,0.0,3.375,7.0,0.0,6.0,7.714285714285714,2.25,7.0,0.0,7.0,7.714285714285714,4.444444444444445,2.0,0.0,2.0,27.5625,9.0,0.0,9.0,52.84126984126984,31.25,14.0,1.0,15.0,52.84126984126984
F47,37,0.13954166666666667,0.2513090367536558,-0.11176737008698912,17.666666666666668,3.0,1.0,3.0,53.6875,10.0,8.0,3.0,82.33333333333333,43.791666666666664,13.0,8.0,7.0,82.33333333333333,0.0,0.0,0.0,0.0,0.0,0.0,0.0,0.0,0.0,0.0,0.0,0.0,0.0,0.0,0.0,0.0,0.0,0.0,0.0,0.0,0.0,0.0,0.0,0.0,0.0,0.0,0.0,0.0,22.555555555555557,3.0,1.0,3.0,56.4375,10.0,8.0,3.0,77.44444444444444,50.0,14.0,10.0,6.0,77.44444444444444,0.0,0.0,0.0,0.0,0.0,0.0,0.0,0.0,0.0,0.0,0.0,0.0,0.0,0.0,0.0,0.0,0.0,0.0,11.5625,7.0,0.0,3.0,26.428571428571427,8.541666666666666,8.0,0.0,5.0,26.428571428571427,39.0,9.0,2.0,2.0,65.6875,16.0,9.0,2.0,61.0,60.541666666666664,24.0,11.0,4.0,61.0
F47,38,0.30158333333333337,0.23790445249104689,0.06367888084228648,13.333333333333334,9.0,0.0,7.0,33.875,16.0,0.0,14.0,46.95238095238095,28.333333333333332,24.0,0.0,22.0,46.95238095238095,26.88888888888889,9.0,0.0,7.0,30.5,16.0,0.0,14.0,8.253968253968257,31.083333333333332,24.0,0.0,20.0,8.253968253968257,0.0,0.0,0.0,0.0,27.25,6.0,3.0,4.0,62.285714285714285,18.791666666666668,7.0,3.0,6.0,62.285714285714285,95.88888888888889,9.0,6.0,4.0,82.8125,16.0,6.0,11.0,-29.888888888888886,87.625,24.0,12.0,14.0,-29.888888888888886,0.0,0.0,0.0,0.0,0.0,0.0,0.0,0.0,0.0,0.0,0.0,0.0,0.0,0.0,0.0,0.0,0.0,0.0,2.4375,6.0,0.0,6.0,5.571428571428571,1.625,6.0,0.0,7.0,5.571428571428571,4.0,1.0,0.0,1.0,25.3125,8.0,0.0,8.0,48.714285714285715,27.25,12.0,0.0,13.0,48.714285714285715
F47,39,0.16545833333333335,0.2306982296685246,-0.06523989633519126,17.555555555555557,3.0,1.0,3.0,53.625,10.0,8.0,3.0,82.44444444444444,43.125,13.0,8.0,7.0,82.44444444444444,0.0,0.0,0.0,0.0,0.0,0.0,0.0,0.0,0.0,0.0,0.0,0.0,0.0,0.0,0.0,0.0,0.0,0.0,4.25,4.0,0.0,3.0,9.714285714285714,2.8333333333333335,4.0,0.0,4.0,9.714285714285714,22.444444444444443,3.0,1.0,3.0,52.25,10.0,4.0,7.0,68.12698412698413,45.916666666666664,13.0,6.0,10.0,68.12698412698413,0.0,0.0,0.0,0.0,0.0,0.0,0.0,0.0,0.0,0.0,0.0,0.0,0.0,0.0,0.0,0.0,0.0,0.0,11.25,7.0,0.0,3.0,25.714285714285715,8.333333333333334,8.0,0.0,5.0,25.714285714285715,38.888888888888886,9.0,2.0,2.0,62.3125,16.0,5.0,5.0,53.539682539682545,57.041666666666664,24.0,7.0,8.0,53.539682539682545
F47,40,0.29683333333333334,0.22495677256514943,0.07187656076818391,11.333333333333334,9.0,0.0,7.0,28.5,16.0,0.0,13.0,39.238095238095234,25.291666666666668,24.0,0.0,19.0,39.238095238095234,27.22222222222222,9.0,0.0,8.0,31.625,16.0,0.0,14.0,10.063492063492063,32.333333333333336,24.0,0.0,21.0,10.063492063492063,0.0,0.0,0.0,0.0,27.875,6.0,2.0,5.0,63.714285714285715,19.125,7.0,2.0,7.0,63.714285714285715,96.33333333333333,9.0,6.0,4.0,85.0,16.0,6.0,11.0,-25.904761904761898,89.08333333333333,24.0,12.0,14.0,-25.904761904761898,0.0,0.0,0.0,0.0,0.0,0.0,0.0,0.0,0.0,0.0,0.0,0.0,0.0,0.0,0.0,0.0,0.0,0.0,2.625,6.0,0.0,6.0,6.0,1.75,6.0,0.0,7.0,6.0,2.888888888888889,2.0,0.0,2.0,22.0,9.0,0.0,9.0,43.682539682539684,24.875,13.0,0.0,14.0,43.682539682539684
F47,42,0.21241666666666667,0.19403493354206555,0.01838173312460112,5.777777777777778,2.0,0.0,2.0,24.6875,9.0,0.0,2.0,43.22222222222222,18.041666666666668,10.0,0.0,4.0,43.22222222222222,0.0,0.0,0.0,0.0,0.0,0.0,0.0,0.0,0.0,0.0,0.0,0.0,0.0,0.0,0.0,0.0,0.0,0.0,0.0,0.0,0.0,0.0,0.0,0.0,0.0,0.0,0.0,0.0,22.22222222222222,3.0,1.0,3.0,56.25,10.0,8.0,3.0,77.77777777777777,45.166666666666664,12.0,9.0,5.0,77.77777777777777,0.0,0.0,0.0,0.0,0.0,0.0,0.0,0.0,0.0,0.0,0.0,0.0,0.0,0.0,0.0,0.0,0.0,0.0,4.0625,5.0,0.0,5.0,9.285714285714286,2.9166666666666665,6.0,0.0,6.0,9.285714285714286,38.55555555555556,9.0,1.0,3.0,65.4375,16.0,8.0,3.0,61.44444444444444,56.625,24.0,9.0,5.0,61.44444444444444
F47,43,0.250375,0.25508874983334445,-0.004713749833344438,10.11111111111111,9.0,0.0,5.0,30.75,16.0,0.0,12.0,47.17460317460318,23.791666666666668,24.0,0.0,20.0,47.17460317460318,26.555555555555557,9.0,0.0,5.0,31.8125,16.0,0.0,12.0,12.015873015873012,34.458333333333336,24.0,0.0,20.0,12.015873015873012,0.0,0.0,0.0,0.0,3.625,2.0,0.0,3.0,8.285714285714286,2.4166666666666665,2.0,0.0,3.0,8.285714285714286,95.55555555555556,9.0,6.0,4.0,89.75,16.0,6.0,11.0,-13.269841269841265,92.25,24.0,12.0,13.0,-13.269841269841265,0.0,0.0,0.0,0.0,0.0,0.0,0.0,0.0,0.0,0.0,0.0,0.0,0.0,0.0,0.0,0.0,0.0,0.0,1.625,3.0,0.0,3.0,3.7142857142857144,1.0833333333333333,3.0,0.0,3.0,3.7142857142857144,7.222222222222222,2.0,0.0,2.0,29.5,9.0,0.0,9.0,50.920634920634924,21.458333333333332,11.0,0.0,12.0,50.920634920634924
F47,44,0.20350000000000001,0.16369013055274145,0.03980986944725856,5.888888888888889,2.0,0.0,2.0,25.1875,9.0,0.0,2.0,44.111111111111114,18.416666666666668,10.0,0.0,4.0,44.111111111111114,0.0,0.0,0.0,0.0,0.0,0.0,0.0,0.0,0.0,0.0,0.0,0.0,0.0,0.0,0.0,0.0,0.0,0.0,0.0,0.0,0.0,0.0,0.0,0.0,0.0,0.0,0.0,0.0,22.11111111111111,3.0,1.0,3.0,56.1875,10.0,8.0,3.0,77.88888888888889,45.125,12.0,9.0,5.0,77.88888888888889,0.0,0.0,0.0,0.0,0.0,0.0,0.0,0.0,0.0,0.0,0.0,0.0,0.0,0.0,0.0,0.0,0.0,0.0,3.125,3.0,0.0,4.0,7.142857142857143,2.0833333333333335,3.0,0.0,4.0,7.142857142857143,38.55555555555556,9.0,1.0,3.0,65.4375,16.0,8.0,3.0,61.44444444444444,56.375,24.0,9.0,5.0,61.44444444444444
F47,45,0.25329166666666664,0.25763786152610196,-0.004346194859435326,12.11111111111111,9.0,0.0,7.0,25.9375,16.0,0.0,14.0,31.603174603174605,18.916666666666668,24.0,0.0,22.0,31.603174603174605,41.0,9.0,0.0,8.0,40.1875,16.0,0.0,15.0,-1.857142857142854,39.708333333333336,24.0,0.0,23.0,-1.857142857142854,0.0,0.0,0.0,0.0,0.4375,1.0,0.0,2.0,1.0,20.541666666666668,8.0,3.0,8.0,1.0,96.44444444444444,9.0,7.0,3.0,90.4375,16.0,9.0,9.0,-13.730158730158735,63.625,17.0,9.0,11.0,-13.730158730158735,0.0,0.0,0.0,0.0,0.3125,1.0,0.0,1.0,0.7142857142857143,0.4583333333333333,3.0,0.0,3.0,0.7142857142857143,0.0,0.0,0.0,0.0,0.0,0.0,0.0,0.0,0.0,0.3333333333333333,1.0,0.0,2.0,0.0,7.666666666666667,2.0,0.0,2.0,27.5625,9.0,1.0,9.0,45.47619047619048,21.708333333333332,10.0,1.0,11.0,45.47619047619048
F47,46,0.19858333333333333,0.2312138556371209,-0.032630522303787574,4.777777777777778,1.0,0.0,1.0,24.125,8.0,0.0,2.0,44.22222222222222,17.666666666666668,9.0,0.0,4.0,44.22222222222222,0.0,0.0,0.0,0.0,0.0,0.0,0.0,0.0,0.0,0.0,0.0,0.0,0.0,0.0,0.0,0.0,0.0,0.0,0.0,0.0,0.0,0.0,0.0,0.0,0.0,0.0,0.0,0.0,22.11111111111111,3.0,1.0,3.0,56.1875,10.0,8.0,3.0,77.88888888888889,45.125,12.0,9.0,5.0,77.88888888888889,0.0,0.0,0.0,0.0,0.0,0.0,0.0,0.0,0.0,0.0,0.0,0.0,0.0,0.0,0.0,0.0,0.0,0.0,12.1875,7.0,0.0,2.0,27.857142857142858,8.833333333333334,8.0,0.0,4.0,27.857142857142858,37.77777777777778,9.0,1.0,3.0,65.0,16.0,8.0,3.0,62.22222222222222,56.375,24.0,9.0,5.0,62.22222222222222
F47,47,0.19670833333333335,0.21851872660558705,-0.021810393272253703,2.111111111111111,1.0,0.0,1.0,22.625,8.0,0.0,2.0,46.888888888888886,16.708333333333332,9.0,0.0,4.0,46.888888888888886,0.0,0.0,0.0,0.0,0.0,0.0,0.0,0.0,0.0,0.0,0.0,0.0,0.0,0.0,63.22222222222222,7.0,5.0,3.0,35.5625,7.0,5.0,4.0,-63.22222222222222,23.708333333333332,7.0,5.0,4.0,-63.22222222222222,22.11111111111111,3.0,1.0,3.0,56.1875,10.0,8.0,3.0,77.88888888888889,45.166666666666664,12.0,9.0,5.0,77.88888888888889,0.0,0.0,0.0,0.0,0.0,0.0,0.0,0.0,0.0,0.0,0.0,0.0,0.0,0.0,0.0,0.0,0.0,0.0,11.0,7.0,0.0,7.0,25.142857142857142,8.166666666666666,8.0,0.0,9.0,25.142857142857142,38.55555555555556,9.0,1.0,3.0,65.4375,16.0,8.0,3.0,61.44444444444444,56.416666666666664,24.0,9.0,5.0,61.44444444444444
F47,48,0.24883333333333332,0.2528055324121453,-0.003972199078811994,7.111111111111111,9.0,0.0,6.0,28.625,16.0,1.0,13.0,49.17460317460318,20.916666666666668,24.0,1.0,20.0,49.17460317460318,37.22222222222222,9.0,0.0,8.0,39.3125,16.0,0.0,15.0,4.777777777777779,39.75,24.0,0.0,23.0,4.777777777777779,15.0,3.0,0.0,4.0,8.4375,3.0,0.0,4.0,-15.0,10.083333333333334,5.0,0.0,7.0,-15.0,21.77777777777778,2.0,1.0,2.0,40.375,9.0,2.0,8.0,42.50793650793651,30.25,10.0,2.0,10.0,42.50793650793651,0.0,0.0,0.0,0.0,0.0,0.0,0.0,0.0,0.0,0.0,0.0,0.0,0.0,0.0,0.0,0.0,0.0,0.0,5.25,5.0,0.0,5.0,12.0,3.625,6.0,0.0,7.0,12.0,22.666666666666668,3.0,2.0,2.0,40.6875,10.0,3.0,8.0,41.19047619047619,30.416666666666668,11.0,3.0,10.0,41.19047619047619
F47,49,0.203375,0.23367826968566338,-0.03030326968566338,3.888888888888889,1.0,0.0,1.0,24.4375,8.0,0.0,4.0,46.96825396825397,17.958333333333332,9.0,0.0,6.0,46.96825396825397,0.0,0.0,0.0,0.0,0.0,0.0,0.0,0.0,0.0,0.0,0.0,0.0,0.0,0.0,0.0,0.0,0.0,0.0,0.0,0.0,0.0,0.0,0.0,0.0,0.0,0.0,0.0,0.0,22.0,3.0,1.0,3.0,55.0625,10.0,7.0,5.0,75.57142857142857,44.416666666666664,12.0,8.0,7.0,75.57142857142857,0.0,0.0,0.0,0.0,0.0,0.0,0.0,0.0,0.0,0.0,0.0,0.0,0.0,0.0,0.0,0.0,0.0,0.0,11.5625,7.0,0.0,3.0,26.428571428571427,8.541666666666666,8.0,0.0,5.0,26.428571428571427,37.77777777777778,9.0,1.0,3.0,64.1875,16.0,7.0,5.0,60.36507936507936,55.583333333333336,24.0,8.0,7.0,60.36507936507936
F47,50,0.1525,0.19551880580175032,-0.043018805801750326,10.88888888888889,9.0,0.0,2.0,11.5625,16.0,0.0,6.0,1.5396825396825395,15.833333333333334,24.0,0.0,14.0,1.5396825396825395,4.111111111111111,1.0,0.0,1.0,40.3125,8.0,3.0,6.0,82.74603174603175,30.583333333333332,12.0,3.0,11.0,82.74603174603175,0.2222222222222222,1.0,0.0,1.0,18.8125,6.0,0.0,6.0,42.492063492063494,12.541666666666666,6.0,0.0,7.0,42.492063492063494,12.666666666666666,9.0,0.0,2.0,16.1875,12.0,0.0,6.0,8.04761904761905,18.333333333333332,19.0,0.0,14.0,8.04761904761905,0.0,0.0,0.0,0.0,0.0,0.0,0.0,0.0,0.0,0.0,0.0,0.0,0.0,0.0,0.0,0.0,0.0,0.0,5.125,5.0,0.0,6.0,11.714285714285714,3.4166666666666665,5.0,0.0,7.0,11.714285714285714,14.222222222222221,2.0,0.0,2.0,22.9375,9.0,0.0,7.0,19.920634920634924,25.0,16.0,0.0,14.0,19.920634920634924
F47,51,0.22654166666666667,0.22055637427186106,0.005985292394805608,5.777777777777778,2.0,0.0,2.0,30.4375,9.0,0.0,7.0,56.36507936507937,21.958333333333332,10.0,0.0,9.0,56.36507936507937,0.0,0.0,0.0,0.0,0.0,0.0,0.0,0.0,0.0,0.0,0.0,0.0,0.0,0.0,0.0,0.0,0.0,0.0,0.0,0.0,0.0,0.0,0.0,0.0,0.0,0.0,0.0,0.0,22.0,3.0,1.0,3.0,45.8125,10.0,3.0,8.0,54.42857142857143,38.25,12.0,4.0,11.0,54.42857142857143,0.0,0.0,0.0,0.0,0.0,0.0,0.0,0.0,0.0,0.0,0.0,0.0,0.0,0.0,0.5555555555555556,1.0,0.0,2.0,12.5,8.0,0.0,4.0,27.3015873015873,9.083333333333334,10.0,0.0,7.0,27.3015873015873,37.77777777777778,9.0,1.0,3.0,56.75,16.0,3.0,8.0,43.36507936507936,50.875,24.0,4.0,11.0,43.36507936507936
F47,52,0.16025,0.19714072036110752,-0.03689072036110752,15.777777777777779,9.0,0.0,3.0,24.8125,16.0,0.0,10.0,20.650793650793652,24.083333333333332,24.0,0.0,16.0,20.650793650793652,7.0,2.0,0.0,3.0,25.625,8.0,0.0,10.0,42.57142857142857,17.833333333333332,10.0,0.0,13.0,42.57142857142857,4.0,2.0,0.0,3.0,3.375,3.0,0.0,4.0,-1.4285714285714284,3.375,7.0,0.0,8.0,-1.4285714285714284,24.333333333333332,7.0,0.0,8.0,50.375,14.0,2.0,14.0,59.52380952380953,42.291666666666664,22.0,2.0,22.0,59.52380952380953,0.0,0.0,0.0,0.0,0.0,0.0,0.0,0.0,0.0,0.0,0.0,0.0,0.0,0.0,0.0,0.0,0.0,0.0,4.875,5.0,0.0,5.0,11.142857142857142,3.25,5.0,0.0,6.0,11.142857142857142,27.88888888888889,7.0,0.0,7.0,42.0,14.0,0.0,14.0,32.25396825396825,39.75,22.0,0.0,22.0,32.25396825396825
F47,53,0.239375,0.25549105233550284,-0.01611605233550284,5.666666666666667,2.0,0.0,2.0,24.625,9.0,0.0,2.0,43.333333333333336,17.708333333333332,10.0,0.0,4.0,43.333333333333336,0.0,0.0,0.0,0.0,0.0,0.0,0.0,0.0,0.0,0.0,0.0,0.0,0.0,0.0,0.0,0.0,0.0,0.0,0.0,0.0,0.0,0.0,0.0,0.0,0.0,0.0,0.0,0.0,22.0,3.0,1.0,3.0,56.125,10.0,8.0,3.0,78.0,45.166666666666664,12.0,9.0,5.0,78.0,0.0,0.0,0.0,0.0,0.0,0.0,0.0,0.0,0.0,0.0,0.0,0.0,0.0,0.0,0.0,0.0,0.0,0.0,10.625,7.0,0.0,4.0,24.285714285714285,7.833333333333333,8.0,0.0,6.0,24.285714285714285,38.55555555555556,9.0,1.0,3.0,65.4375,16.0,8.0,3.0,61.44444444444444,56.458333333333336,24.0,9.0,5.0,61.44444444444444
F47,54,0.16,0.19428386499004313,-0.03428386499004313,17.333333333333332,9.0,0.0,3.0,23.5625,16.0,0.0,10.0,14.23809523809524,24.791666666666668,24.0,0.0,17.0,14.23809523809524,6.888888888888889,3.0,0.0,4.0,29.5625,10.0,0.0,11.0,51.82539682539682,24.708333333333332,16.0,0.0,17.0,51.82539682539682,3.888888888888889,2.0,0.0,3.0,2.1875,2.0,0.0,3.0,-3.888888888888889,8.375,8.0,0.0,9.0,-3.888888888888889,21.666666666666668,9.0,0.0,8.0,43.5625,16.0,0.0,15.0,50.04761904761904,31.75,22.0,0.0,22.0,50.04761904761904,0.0,0.0,0.0,0.0,0.0,0.0,0.0,0.0,0.0,0.0,0.0,0.0,0.0,0.0,0.0,0.0,0.0,0.0,8.375,6.0,0.0,6.0,19.142857142857142,5.666666666666667,7.0,0.0,8.0,19.142857142857142,28.555555555555557,8.0,0.0,8.0,47.8125,15.0,0.0,12.0,44.01587301587301,35.0,19.0,0.0,18.0,44.01587301587301
F47,55,0.250625,0.26880666201455783,-0.018181662014557842,5.666666666666667,2.0,0.0,2.0,24.625,9.0,0.0,2.0,43.333333333333336,17.708333333333332,10.0,0.0,4.0,43.333333333333336,0.0,0.0,0.0,0.0,0.0,0.0,0.0,0.0,0.0,0.0,0.0,0.0,0.0,0.0,0.0,0.0,0.0,0.0,0.0,0.0,0.0,0.0,0.0,0.0,0.0,0.0,0.0,0.0,22.0,3.0,1.0,3.0,56.125,10.0,8.0,3.0,78.0,44.458333333333336,12.0,9.0,5.0,78.0,0.0,0.0,0.0,0.0,0.0,0.0,0.0,0.0,0.0,0.0,0.0,0.0,0.0,0.0,0.0,0.0,0.0,0.0,12.1875,7.0,0.0,2.0,27.857142857142858,9.0,9.0,0.0,5.0,27.857142857142858,37.666666666666664,9.0,1.0,3.0,64.9375,16.0,8.0,3.0,62.333333333333336,55.541666666666664,24.0,9.0,5.0,62.333333333333336
F47,57,0.26466666666666666,0.2464622689442231,0.01820439772244356,5.777777777777778,2.0,0.0,2.0,25.25,9.0,0.0,6.0,44.507936507936506,18.208333333333332,10.0,0.0,8.0,44.507936507936506,0.0,0.0,0.0,0.0,0.0,0.0,0.0,0.0,0.0,1.375,2.0,0.0,3.0,0.0,0.0,0.0,0.0,0.0,0.0,0.0,0.0,0.0,0.0,0.0,0.0,0.0,0.0,0.0,22.0,3.0,1.0,3.0,55.625,10.0,7.0,5.0,76.85714285714286,44.208333333333336,12.0,8.0,7.0,76.85714285714286,0.0,0.0,0.0,0.0,0.0,0.0,0.0,0.0,0.0,0.0,0.0,0.0,0.0,0.0,0.5555555555555556,1.0,0.0,1.0,8.625,8.0,0.0,7.0,18.444444444444443,6.125,11.0,0.0,8.0,18.444444444444443,37.666666666666664,9.0,1.0,3.0,64.9375,16.0,8.0,3.0,62.333333333333336,50.416666666666664,18.0,9.0,5.0,62.333333333333336
F47,58,0.16016666666666665,0.16429606654606418,-0.004129399879397533,40.888888888888886,9.0,0.0,2.0,47.25,16.0,0.0,9.0,14.539682539682545,50.041666666666664,24.0,0.0,15.0,14.539682539682545,1.1111111111111112,1.0,0.0,2.0,27.625,8.0,0.0,9.0,60.6031746031746,19.583333333333332,9.0,0.0,12.0,60.6031746031746,4.333333333333333,2.0,0.0,3.0,13.875,6.0,0.0,9.0,21.80952380952381,10.416666666666666,8.0,0.0,12.0,21.80952380952381,15.88888888888889,3.0,0.0,3.0,35.4375,10.0,0.0,10.0,44.682539682539684,27.208333333333332,18.0,0.0,12.0,44.682539682539684,0.0,0.0,0.0,0.0,0.0,0.0,0.0,0.0,0.0,0.0,0.0,0.0,0.0,0.0,0.0,0.0,0.0,0.0,4.5,4.0,0.0,5.0,10.285714285714286,3.0,4.0,0.0,6.0,10.285714285714286,18.11111111111111,9.0,0.0,3.0,35.4375,16.0,0.0,10.0,39.60317460317461,26.208333333333332,24.0,0.0,12.0,39.60317460317461
F47,59,0.31383333333333335,0.39737611056001904,-0.08354277722668568,0.0,0.0,0.0,0.0,31.6875,7.0,2.0,6.0,72.42857142857143,22.541666666666668,8.0,2.0,8.0,72.42857142857143,11.11111111111111,2.0,0.0,2.0,6.25,2.0,0.0,3.0,-11.11111111111111,5.583333333333333,4.0,0.0,6.0,-11.11111111111111,0.0,0.0,0.0,0.0,0.0,0.0,0.0,0.0,0.0,0.0,0.0,0.0,0.0,0.0,10.555555555555555,1.0,0.0,1.0,49.6875,8.0,7.0,2.0,89.44444444444444,40.25,10.0,8.0,4.0,89.44444444444444,0.0,0.0,0.0,0.0,0.0,0.0,0.0,0.0,0.0,0.0,0.0,0.0,0.0,0.0,0.0,0.0,0.0,0.0,9.4375,6.0,0.0,5.0,21.571428571428573,6.416666666666667,7.0,0.0,8.0,21.571428571428573,10.555555555555555,1.0,0.0,1.0,49.6875,8.0,7.0,2.0,89.44444444444444,40.291666666666664,10.0,8.0,4.0,89.44444444444444
F47,60,0.14991666666666667,0.16443947892390376,-0.014522812257237089,46.44444444444444,9.0,0.0,2.0,53.875,16.0,0.0,8.0,16.984126984126988,57.208333333333336,24.0,0.0,15.0,16.984126984126988,0.0,0.0,0.0,0.0,22.625,7.0,0.0,7.0,51.714285714285715,15.833333333333334,8.0,0.0,10.0,51.714285714285715,3.3333333333333335,3.0,0.0,3.0,13.75,8.0,0.0,8.0,23.80952380952381,9.166666666666666,8.0,0.0,9.0,23.80952380952381,17.444444444444443,9.0,0.0,4.0,44.4375,16.0,1.0,11.0,61.698412698412696,35.166666666666664,24.0,1.0,15.0,61.698412698412696,0.0,0.0,0.0,0.0,0.0,0.0,0.0,0.0,0.0,0.0,0.0,0.0,0.0,0.0,0.0,0.0,0.0,0.0,6.6875,5.0,0.0,5.0,15.285714285714286,4.458333333333333,5.0,0.0,6.0,15.285714285714286,15.88888888888889,9.0,0.0,4.0,32.1875,16.0,0.0,11.0,37.25396825396825,26.666666666666668,19.0,0.0,15.0,37.25396825396825
F47,61,0.33525,0.3175006688367624,0.01774933116323757,0.0,0.0,0.0,0.0,28.25,7.0,2.0,5.0,64.57142857142857,20.25,8.0,2.0,7.0,64.57142857142857,11.11111111111111,2.0,0.0,2.0,6.25,2.0,0.0,3.0,-11.11111111111111,5.583333333333333,4.0,0.0,6.0,-11.11111111111111,0.0,0.0,0.0,0.0,0.0,0.0,0.0,0.0,0.0,0.0,0.0,0.0,0.0,0.0,8.666666666666666,1.0,0.0,1.0,48.625,8.0,7.0,2.0,91.33333333333333,39.583333333333336,10.0,8.0,4.0,91.33333333333333,0.0,0.0,0.0,0.0,0.0,0.0,0.0,0.0,0.0,0.0,0.0,0.0,0.0,0.0,0.0,0.0,0.0,0.0,8.3125,6.0,0.0,6.0,19.0,5.541666666666667,6.0,0.0,7.0,19.0,8.666666666666666,1.0,0.0,1.0,48.625,8.0,7.0,2.0,91.33333333333333,39.583333333333336,10.0,8.0,4.0,91.33333333333333
F47,62,0.15916666666666668,0.16079360493914654,-0.0016269382724798664,53.0,9.0,0.0,2.0,61.3125,16.0,0.0,9.0,19.0,64.95833333333333,24.0,0.0,16.0,19.0,2.2222222222222223,1.0,0.0,2.0,22.125,7.0,0.0,9.0,45.492063492063494,17.083333333333332,11.0,0.0,16.0,45.492063492063494,4.222222222222222,2.0,0.0,3.0,23.4375,9.0,0.0,10.0,43.920634920634924,16.375,10.0,0.0,13.0,43.920634920634924,10.0,9.0,0.0,3.0,31.0625,16.0,0.0,10.0,48.142857142857146,24.333333333333332,22.0,0.0,17.0,48.142857142857146,0.0,0.0,0.0,0.0,0.0,0.0,0.0,0.0,0.0,0.0,0.0,0.0,0.0,0.0,0.0,0.0,0.0,0.0,4.6875,4.0,0.0,5.0,10.714285714285714,3.125,4.0,0.0,6.0,10.714285714285714,11.666666666666666,3.0,0.0,3.0,30.875,10.0,0.0,10.0,43.904761904761905,27.875,18.0,0.0,18.0,43.904761904761905
F47,63,0.344875,0.3623772251361224,-0.01750222513612243,0.0,0.0,0.0,0.0,26.6875,7.0,2.0,6.0,61.0,19.208333333333332,8.0,2.0,8.0,61.0,9.444444444444445,1.0,0.0,1.0,6.25,2.0,0.0,3.0,-7.301587301587302,5.583333333333333,4.0,0.0,6.0,-7.301587301587302,5.555555555555555,1.0,0.0,2.0,3.125,1.0,0.0,2.0,-5.555555555555555,2.0833333333333335,1.0,0.0,2.0,-5.555555555555555,8.666666666666666,1.0,0.0,1.0,48.625,8.0,7.0,2.0,91.33333333333333,39.583333333333336,10.0,8.0,4.0,91.33333333333333,0.0,0.0,0.0,0.0,0.0,0.0,0.0,0.0,0.0,0.0,0.0,0.0,0.0,0.0,0.0,0.0,0.0,0.0,5.8125,5.0,0.0,5.0,13.285714285714286,3.875,5.0,0.0,6.0,13.285714285714286,8.666666666666666,1.0,0.0,1.0,48.625,8.0,7.0,2.0,91.33333333333333,39.583333333333336,10.0,8.0,4.0,91.33333333333333
F47,64,0.3558333333333334,0.3748380631341084,-0.019004729800775,0.0,0.0,0.0,0.0,12.125,7.0,0.0,5.0,27.714285714285715,8.666666666666666,8.0,0.0,7.0,27.714285714285715,9.444444444444445,1.0,0.0,1.0,6.25,2.0,0.0,3.0,-7.301587301587302,5.583333333333333,4.0,0.0,6.0,-7.301587301587302,0.0,0.0,0.0,0.0,0.0,0.0,0.0,0.0,0.0,0.0,0.0,0.0,0.0,0.0,8.666666666666666,1.0,0.0,1.0,48.625,8.0,7.0,2.0,91.33333333333333,39.583333333333336,10.0,8.0,4.0,91.33333333333333,0.0,0.0,0.0,0.0,0.0,0.0,0.0,0.0,0.0,0.0,0.0,0.0,0.0,0.0,0.0,0.0,0.0,0.0,0.0,0.0,0.0,0.0,0.0,0.0,0.0,0.0,0.0,0.0,8.666666666666666,1.0,0.0,1.0,48.625,8.0,7.0,2.0,91.33333333333333,39.583333333333336,10.0,8.0,4.0,91.33333333333333
F47,65,0.15483333333333335,0.19929105179285625,-0.0444577184595229,63.22222222222222,9.0,0.0,2.0,72.1875,16.0,0.0,9.0,20.492063492063487,71.70833333333333,24.0,0.0,14.0,20.492063492063487,3.3333333333333335,3.0,0.0,3.0,28.875,10.0,0.0,8.0,58.38095238095238,21.416666666666668,14.0,0.0,13.0,58.38095238095238,3.3333333333333335,2.0,0.0,3.0,15.1875,7.0,0.0,9.0,27.095238095238095,11.375,8.0,0.0,12.0,27.095238095238095,19.333333333333332,5.0,0.0,5.0,42.4375,12.0,0.0,12.0,52.80952380952381,31.666666666666668,20.0,0.0,17.0,52.80952380952381,0.0,0.0,0.0,0.0,0.0,0.0,0.0,0.0,0.0,0.0,0.0,0.0,0.0,0.0,0.0,0.0,0.0,0.0,3.9375,3.0,0.0,4.0,9.0,2.625,3.0,0.0,4.0,9.0,24.88888888888889,5.0,0.0,5.0,42.75,12.0,0.0,12.0,40.82539682539682,32.541666666666664,16.0,0.0,17.0,40.82539682539682
F47,66,0.379125,0.40260249169270584,-0.023477491692705854,0.0,0.0,0.0,0.0,16.625,7.0,0.0,4.0,38.0,11.666666666666666,8.0,0.0,6.0,38.0,9.444444444444445,1.0,0.0,1.0,6.25,2.0,0.0,3.0,-7.301587301587302,5.583333333333333,4.0,0.0,6.0,-7.301587301587302,0.0,0.0,0.0,0.0,0.0,0.0,0.0,0.0,0.0,0.0,0.0,0.0,0.0,0.0,8.666666666666666,1.0,0.0,1.0,48.625,8.0,7.0,2.0,91.33333333333333,39.583333333333336,10.0,8.0,4.0,91.33333333333333,0.0,0.0,0.0,0.0,0.0,0.0,0.0,0.0,0.0,0.0,0.0,0.0,0.0,0.0,0.0,0.0,0.0,0.0,2.5,3.0,0.0,4.0,5.714285714285714,1.6666666666666667,3.0,0.0,4.0,5.714285714285714,8.555555555555555,1.0,0.0,1.0,48.5625,8.0,7.0,2.0,91.44444444444444,39.583333333333336,10.0,8.0,4.0,91.44444444444444
F47,67,0.16879166666666667,0.163120134933227,0.0056715317334396775,60.666666666666664,9.0,0.0,2.0,54.0,16.0,0.0,9.0,-15.238095238095234,42.916666666666664,22.0,0.0,15.0,-15.238095238095234,3.111111111111111,1.0,0.0,1.0,11.375,7.0,0.0,8.0,18.88888888888889,20.708333333333332,14.0,0.0,15.0,18.88888888888889,0.0,0.0,0.0,0.0,1.25,1.0,0.0,2.0,2.857142857142857,14.791666666666666,8.0,0.0,9.0,2.857142857142857,8.333333333333334,9.0,0.0,1.0,35.5625,16.0,0.0,8.0,62.238095238095234,31.166666666666668,22.0,0.0,13.0,62.238095238095234,0.0,0.0,0.0,0.0,0.0,0.0,0.0,0.0,0.0,0.0,0.0,0.0,0.0,0.0,0.0,0.0,0.0,0.0,5.6875,4.0,0.0,5.0,13.0,3.7916666666666665,4.0,0.0,5.0,13.0,10.777777777777779,9.0,0.0,1.0,45.4375,16.0,0.0,7.0,79.22222222222223,40.75,22.0,0.0,14.0,79.22222222222223
F47,68,0.208875,0.19839993447663506,0.01047506552336494,14.555555555555555,8.0,0.0,8.0,25.75,15.0,0.0,13.0,25.58730158730159,24.208333333333332,23.0,0.0,18.0,25.58730158730159,49.666666666666664,8.0,0.0,8.0,35.5,11.0,0.0,14.0,-32.38095238095238,34.583333333333336,17.0,1.0,20.0,-32.38095238095238,72.77777777777777,9.0,1.0,8.0,40.9375,9.0,1.0,9.0,-72.77777777777777,45.458333333333336,15.0,3.0,15.0,-72.77777777777777,8.333333333333334,3.0,0.0,3.0,39.0625,10.0,0.0,9.0,70.23809523809524,34.083333333333336,17.0,0.0,16.0,70.23809523809524,0.0,0.0,0.0,0.0,0.0,0.0,0.0,0.0,0.0,0.0,0.0,0.0,0.0,0.0,0.0,0.0,0.0,0.0,5.1875,4.0,0.0,5.0,11.857142857142858,3.4583333333333335,4.0,0.0,5.0,11.857142857142858,13.11111111111111,3.0,0.0,3.0,49.125,10.0,2.0,10.0,82.31746031746032,44.541666666666664,16.0,2.0,16.0,82.31746031746032
F47,69,0.388125,0.42922824695247147,-0.04110324695247147,0.0,0.0,0.0,0.0,13.25,7.0,0.0,7.0,30.285714285714285,9.25,8.0,0.0,9.0,30.285714285714285,9.444444444444445,1.0,0.0,1.0,6.25,2.0,0.0,3.0,-7.301587301587302,5.583333333333333,4.0,0.0,5.0,-7.301587301587302,29.555555555555557,7.0,0.0,7.0,16.625,7.0,0.0,7.0,-29.555555555555557,12.416666666666666,8.0,0.0,9.0,-29.555555555555557,8.555555555555555,1.0,0.0,1.0,48.5625,8.0,7.0,2.0,91.44444444444444,38.875,10.0,8.0,4.0,91.44444444444444,0.0,0.0,0.0,0.0,0.0,0.0,0.0,0.0,0.0,0.0,0.0,0.0,0.0,0.0,0.0,0.0,0.0,0.0,1.5625,3.0,0.0,4.0,3.5714285714285716,1.1666666666666667,4.0,0.0,6.0,3.5714285714285716,8.555555555555555,1.0,0.0,1.0,48.5625,8.0,7.0,2.0,91.44444444444444,38.875,10.0,8.0,4.0,91.44444444444444
F47,70,0.19441666666666668,0.2183234602823266,-0.02390679361565992,7.555555555555555,5.0,0.0,6.0,23.75,12.0,0.0,13.0,37.01587301587301,26.125,20.0,0.0,19.0,37.01587301587301,57.111111111111114,9.0,1.0,8.0,32.125,9.0,1.0,9.0,-57.111111111111114,34.25,15.0,1.0,15.0,-57.111111111111114,77.66666666666667,9.0,2.0,8.0,62.625,13.0,5.0,11.0,-34.38095238095239,58.291666666666664,19.0,6.0,17.0,-34.38095238095239,6.0,3.0,0.0,3.0,36.0,10.0,1.0,10.0,68.57142857142857,31.875,18.0,1.0,16.0,68.57142857142857,0.0,0.0,0.0,0.0,0.0,0.0,0.0,0.0,0.0,0.0,0.0,0.0,0.0,0.0,0.0,0.0,0.0,0.0,0.0,0.0,0.0,0.0,0.0,0.0,0.0,0.0,0.0,0.0,7.555555555555555,3.0,0.0,3.0,43.5625,10.0,2.0,10.0,82.3015873015873,41.875,16.0,2.0,17.0,82.3015873015873
F47,71,0.40004166666666663,0.41746214017989547,-0.01742047351322884,0.0,0.0,0.0,0.0,7.9375,7.0,0.0,2.0,18.142857142857142,5.708333333333333,8.0,0.0,4.0,18.142857142857142,9.222222222222221,1.0,0.0,1.0,6.25,2.0,0.0,3.0,-6.793650793650793,5.583333333333333,4.0,0.0,5.0,-6.793650793650793,40.666666666666664,7.0,1.0,7.0,22.875,7.0,1.0,7.0,-40.666666666666664,15.25,7.0,1.0,7.0,-40.666666666666664,8.555555555555555,1.0,0.0,1.0,48.5625,8.0,7.0,2.0,91.44444444444444,38.916666666666664,10.0,8.0,4.0,91.44444444444444,0.0,0.0,0.0,0.0,0.0,0.0,0.0,0.0,0.0,0.0,0.0,0.0,0.0,0.0,0.0,0.0,0.0,0.0,0.0,0.0,0.0,0.0,0.0,0.0,0.0,0.0,0.0,0.0,8.555555555555555,1.0,0.0,1.0,48.5625,8.0,7.0,2.0,91.44444444444444,38.916666666666664,10.0,8.0,4.0,91.44444444444444
F47,72,0.18212499999999998,0.18839303732845328,-0.006268037328453296,18.88888888888889,9.0,0.0,7.0,42.6875,16.0,2.0,12.0,54.396825396825406,39.375,24.0,2.0,19.0,54.396825396825406,56.666666666666664,9.0,1.0,8.0,45.4375,14.0,3.0,14.0,-25.666666666666664,42.541666666666664,19.0,3.0,19.0,-25.666666666666664,86.22222222222223,9.0,2.0,7.0,51.9375,10.0,2.0,9.0,-78.36507936507937,47.333333333333336,15.0,2.0,14.0,-78.36507936507937,5.111111111111111,3.0,0.0,3.0,42.125,10.0,4.0,7.0,84.6031746031746,37.916666666666664,18.0,5.0,13.0,84.6031746031746,0.0,0.0,0.0,0.0,0.0,0.0,0.0,0.0,0.0,0.0,0.0,0.0,0.0,0.0,0.0,0.0,0.0,0.0,0.0,0.0,0.0,0.0,0.0,0.0,0.0,0.0,0.0,0.0,7.888888888888889,3.0,0.0,3.0,47.1875,10.0,4.0,7.0,89.82539682539682,44.666666666666664,16.0,4.0,13.0,89.82539682539682
F47,73,0.4183333333333334,0.4068398909824557,0.01149344235087768,0.0,0.0,0.0,0.0,17.625,7.0,0.0,3.0,40.285714285714285,12.583333333333334,8.0,0.0,5.0,40.285714285714285,9.222222222222221,1.0,0.0,1.0,6.25,2.0,0.0,3.0,-6.793650793650793,5.583333333333333,4.0,0.0,5.0,-6.793650793650793,35.111111111111114,7.0,1.0,6.0,19.75,7.0,1.0,6.0,-35.111111111111114,13.166666666666666,7.0,1.0,6.0,-35.111111111111114,8.555555555555555,1.0,0.0,1.0,48.5625,8.0,7.0,2.0,91.44444444444444,38.916666666666664,10.0,8.0,4.0,91.44444444444444,0.0,0.0,0.0,0.0,0.0,0.0,0.0,0.0,0.0,0.0,0.0,0.0,0.0,0.0,0.0,0.0,0.0,0.0,0.875,2.0,0.0,2.0,2.0,0.5833333333333334,2.0,0.0,2.0,2.0,8.444444444444445,1.0,0.0,1.0,48.5,8.0,7.0,2.0,91.55555555555556,38.875,10.0,8.0,4.0,91.55555555555556
F47,74,0.21416666666666664,0.2796457157510543,-0.06547904908438765,5.777777777777778,2.0,0.0,2.0,25.125,9.0,0.0,2.0,44.22222222222222,18.375,10.0,0.0,4.0,44.22222222222222,0.0,0.0,0.0,0.0,0.0,0.0,0.0,0.0,0.0,0.0,0.0,0.0,0.0,0.0,0.0,0.0,0.0,0.0,0.0,0.0,0.0,0.0,0.0,0.0,0.0,0.0,0.0,0.0,22.0,3.0,1.0,3.0,56.125,10.0,8.0,3.0,78.0,45.125,12.0,9.0,5.0,78.0,0.0,0.0,0.0,0.0,0.0,0.0,0.0,0.0,0.0,0.0,0.0,0.0,0.0,0.0,0.5555555555555556,1.0,0.0,1.0,11.25,8.0,0.0,6.0,24.444444444444443,7.916666666666667,9.0,0.0,8.0,24.444444444444443,37.77777777777778,9.0,1.0,3.0,65.0,16.0,8.0,3.0,62.22222222222222,56.125,24.0,9.0,5.0,62.22222222222222
F47,75,0.194125,0.21126107861409157,-0.017136078614091582,11.222222222222221,7.0,0.0,5.0,31.25,14.0,0.0,11.0,45.77777777777778,31.875,22.0,0.0,16.0,45.77777777777778,67.11111111111111,9.0,2.0,8.0,49.9375,13.0,2.0,14.0,-39.25396825396825,44.541666666666664,19.0,2.0,20.0,-39.25396825396825,76.11111111111111,9.0,3.0,7.0,46.6875,10.0,3.0,9.0,-67.25396825396825,51.208333333333336,16.0,5.0,15.0,-67.25396825396825,6.333333333333333,5.0,0.0,3.0,38.6875,12.0,1.0,8.0,73.95238095238096,34.208333333333336,18.0,1.0,13.0,73.95238095238096,0.0,0.0,0.0,0.0,0.0,0.0,0.0,0.0,0.0,0.0,0.0,0.0,0.0,0.0,0.0,0.0,0.0,0.0,2.875,3.0,0.0,4.0,6.571428571428571,1.9166666666666667,3.0,0.0,4.0,6.571428571428571,11.11111111111111,3.0,0.0,3.0,49.375,10.0,5.0,6.0,87.46031746031746,44.916666666666664,16.0,5.0,13.0,87.46031746031746
F47,76,0.20341666666666666,0.19990871786128392,0.0035079488053827435,7.666666666666667,5.0,0.0,4.0,37.5625,12.0,0.0,10.0,68.33333333333333,35.0,20.0,0.0,17.0,68.33333333333333,73.0,9.0,2.0,8.0,61.9375,14.0,3.0,15.0,-25.285714285714285,53.458333333333336,20.0,3.0,21.0,-25.285714285714285,85.11111111111111,9.0,3.0,7.0,52.875,10.0,3.0,9.0,-73.68253968253968,49.75,16.0,3.0,15.0,-73.68253968253968,0.7777777777777778,3.0,0.0,2.0,36.4375,10.0,2.0,7.0,81.50793650793652,32.333333333333336,16.0,2.0,13.0,81.50793650793652,0.0,0.0,0.0,0.0,0.0,0.0,0.0,0.0,0.0,0.0,0.0,0.0,0.0,0.0,0.0,0.0,0.0,0.0,2.875,3.0,0.0,3.0,6.571428571428571,1.9166666666666667,3.0,0.0,3.0,6.571428571428571,1.8888888888888888,3.0,0.0,2.0,43.5625,10.0,5.0,5.0,95.25396825396825,40.625,16.0,5.0,12.0,95.25396825396825
F47,77,0.25829166666666664,0.28792807562585937,-0.029636408959192728,6.888888888888889,9.0,0.0,7.0,12.5,16.0,0.0,14.0,12.825396825396826,10.0,24.0,0.0,22.0,12.825396825396826,52.77777777777778,9.0,0.0,8.0,52.625,16.0,0.0,14.0,-0.34920634920634797,52.666666666666664,24.0,0.0,20.0,-0.34920634920634797,19.555555555555557,6.0,0.0,7.0,11.0,6.0,0.0,7.0,-19.555555555555557,11.458333333333334,8.0,0.0,10.0,-19.555555555555557,18.88888888888889,2.0,1.0,2.0,51.625,9.0,4.0,7.0,74.82539682539682,36.708333333333336,10.0,4.0,9.0,74.82539682539682,0.0,0.0,0.0,0.0,3.375,4.0,0.0,5.0,7.714285714285714,2.25,4.0,0.0,5.0,7.714285714285714,0.0,0.0,0.0,0.0,8.6875,7.0,0.0,6.0,19.857142857142858,5.791666666666667,7.0,0.0,7.0,19.857142857142858,18.88888888888889,2.0,1.0,2.0,51.4375,9.0,4.0,7.0,74.3968253968254,36.583333333333336,10.0,4.0,9.0,74.3968253968254
F47,78,0.256375,0.281963213823921,-0.025588213823920958,7.555555555555555,9.0,0.0,8.0,11.3125,16.0,0.0,15.0,8.587301587301587,9.041666666666666,24.0,0.0,23.0,8.587301587301587,50.666666666666664,9.0,0.0,7.0,51.375,16.0,0.0,13.0,1.6190476190476204,51.625,24.0,0.0,20.0,1.6190476190476204,12.88888888888889,4.0,0.0,6.0,7.25,4.0,0.0,6.0,-12.88888888888889,9.0,6.0,0.0,9.0,-12.88888888888889,19.0,2.0,1.0,2.0,51.625,9.0,5.0,7.0,74.57142857142857,36.666666666666664,10.0,5.0,9.0,74.57142857142857,0.0,0.0,0.0,0.0,3.9375,4.0,0.0,5.0,9.0,2.625,4.0,0.0,5.0,9.0,0.0,0.0,0.0,0.0,8.25,6.0,0.0,6.0,18.857142857142858,5.5,6.0,0.0,7.0,18.857142857142858,19.0,2.0,1.0,2.0,51.625,9.0,5.0,7.0,74.57142857142857,36.625,10.0,5.0,9.0,74.57142857142857
F47,79,0.18629166666666666,0.19516489487483724,-0.008873228208170575,25.77777777777778,9.0,0.0,8.0,23.125,16.0,0.0,14.0,-6.063492063492063,19.958333333333332,22.0,0.0,21.0,-6.063492063492063,28.11111111111111,5.0,0.0,4.0,16.875,6.0,0.0,6.0,-25.682539682539684,26.083333333333332,14.0,0.0,14.0,-25.682539682539684,28.11111111111111,5.0,0.0,4.0,16.875,6.0,0.0,6.0,-25.682539682539684,26.083333333333332,14.0,0.0,14.0,-25.682539682539684,12.88888888888889,5.0,0.0,6.0,36.8125,12.0,0.0,12.0,54.682539682539684,29.5,20.0,0.0,19.0,54.682539682539684,0.0,0.0,0.0,0.0,0.0,0.0,0.0,0.0,0.0,0.0,0.0,0.0,0.0,0.0,0.0,0.0,0.0,0.0,1.625,3.0,0.0,3.0,3.7142857142857144,1.0833333333333333,3.0,0.0,3.0,3.7142857142857144,18.0,5.0,0.0,6.0,49.1875,12.0,0.0,12.0,71.28571428571429,39.25,18.0,0.0,19.0,71.28571428571429
F47,80,0.24941666666666665,0.3223687488120001,-0.07295208214533347,5.444444444444445,9.0,0.0,8.0,7.5,16.0,0.0,15.0,4.698412698412698,6.5,24.0,0.0,21.0,4.698412698412698,54.666666666666664,9.0,0.0,8.0,53.875,16.0,0.0,14.0,-1.8095238095238102,53.541666666666664,24.0,0.0,21.0,-1.8095238095238102,12.88888888888889,3.0,0.0,3.0,7.25,3.0,0.0,4.0,-12.88888888888889,10.291666666666666,8.0,0.0,11.0,-12.88888888888889,19.0,2.0,1.0,2.0,54.4375,9.0,8.0,2.0,81.0,38.416666666666664,11.0,8.0,5.0,81.0,0.0,0.0,0.0,0.0,4.5,4.0,0.0,4.0,10.285714285714286,3.0,4.0,0.0,4.0,10.285714285714286,0.0,0.0,0.0,0.0,5.4375,6.0,0.0,5.0,12.428571428571429,3.625,6.0,0.0,6.0,12.428571428571429,19.0,2.0,1.0,2.0,54.4375,9.0,8.0,2.0,81.0,38.416666666666664,11.0,8.0,5.0,81.0
F47,81,0.18570833333333334,0.21030883690557234,-0.024600503572239002,23.77777777777778,9.0,0.0,5.0,25.875,16.0,0.0,7.0,4.793650793650794,24.0,22.0,0.0,9.0,4.793650793650794,46.22222222222222,9.0,0.0,8.0,34.5,12.0,0.0,12.0,-26.793650793650794,32.125,20.0,0.0,19.0,-26.793650793650794,46.22222222222222,9.0,0.0,8.0,34.5625,12.0,0.0,12.0,-26.65079365079365,32.166666666666664,20.0,0.0,19.0,-26.65079365079365,4.666666666666667,3.0,0.0,4.0,31.875,10.0,0.0,9.0,62.1904761904762,29.166666666666668,18.0,0.0,15.0,62.1904761904762,0.0,0.0,0.0,0.0,0.0,0.0,0.0,0.0,0.0,0.0,0.0,0.0,0.0,0.0,0.0,0.0,0.0,0.0,1.125,1.0,0.0,2.0,2.5714285714285716,0.75,1.0,0.0,2.0,2.5714285714285716,9.0,3.0,0.0,3.0,42.6875,10.0,0.0,7.0,77.0,39.75,18.0,0.0,15.0,77.0
F47,83,0.27391666666666664,0.33949283480617604,-0.0655761681395094,5.333333333333333,9.0,0.0,8.0,7.75,16.0,0.0,14.0,5.523809523809525,6.666666666666667,24.0,0.0,21.0,5.523809523809525,54.111111111111114,9.0,0.0,8.0,53.25,16.0,0.0,13.0,-1.9682539682539684,53.833333333333336,24.0,0.0,20.0,-1.9682539682539684,16.444444444444443,6.0,0.0,7.0,9.25,6.0,0.0,8.0,-16.444444444444443,12.583333333333334,12.0,0.0,14.0,-16.444444444444443,19.0,2.0,1.0,2.0,54.4375,9.0,8.0,2.0,81.0,38.208333333333336,10.0,8.0,4.0,81.0,0.0,0.0,0.0,0.0,3.5625,4.0,0.0,4.0,8.142857142857142,2.375,4.0,0.0,4.0,8.142857142857142,0.0,0.0,0.0,0.0,4.9375,6.0,0.0,6.0,11.285714285714286,3.2916666666666665,6.0,0.0,7.0,11.285714285714286,19.0,2.0,1.0,2.0,54.4375,9.0,8.0,2.0,81.0,38.208333333333336,10.0,8.0,4.0,81.0
F47,85,0.1935416666666667,0.2076799295271705,-0.014138262860503792,26.11111111111111,9.0,0.0,5.0,28.8125,16.0,0.0,9.0,6.174603174603174,26.916666666666668,24.0,0.0,12.0,6.174603174603174,59.0,9.0,0.0,7.0,33.1875,9.0,0.0,8.0,-59.0,37.083333333333336,16.0,0.0,14.0,-59.0,59.0,9.0,0.0,7.0,33.1875,9.0,0.0,8.0,-59.0,37.083333333333336,16.0,0.0,14.0,-59.0,5.666666666666667,4.0,0.0,3.0,33.75,11.0,0.0,5.0,64.19047619047619,28.958333333333332,17.0,0.0,10.0,64.19047619047619,0.0,0.0,0.0,0.0,0.0,0.0,0.0,0.0,0.0,0.0,0.0,0.0,0.0,0.0,0.0,0.0,0.0,0.0,1.0625,2.0,0.0,3.0,2.4285714285714284,0.7083333333333334,2.0,0.0,3.0,2.4285714285714284,11.333333333333334,5.0,0.0,4.0,49.125,12.0,3.0,8.0,86.38095238095238,43.5,18.0,3.0,14.0,86.38095238095238
F47,86,0.318125,0.28743177268124254,0.030693227318757454,5.555555555555555,9.0,0.0,7.0,7.75,16.0,0.0,12.0,5.015873015873016,6.541666666666667,24.0,0.0,20.0,5.015873015873016,52.77777777777778,9.0,0.0,8.0,52.5,16.0,0.0,15.0,-0.6349206349206327,52.875,24.0,0.0,22.0,-0.6349206349206327,35.111111111111114,9.0,0.0,8.0,19.75,9.0,0.0,9.0,-35.111111111111114,19.875,15.0,0.0,16.0,-35.111111111111114,18.0,2.0,1.0,2.0,53.875,9.0,8.0,2.0,82.0,37.833333333333336,10.0,8.0,4.0,82.0,0.0,0.0,0.0,0.0,3.625,5.0,0.0,6.0,8.285714285714286,2.4166666666666665,5.0,0.0,6.0,8.285714285714286,0.0,0.0,0.0,0.0,6.9375,6.0,0.0,6.0,15.857142857142858,4.625,6.0,0.0,7.0,15.857142857142858,18.0,2.0,1.0,2.0,53.875,9.0,8.0,2.0,82.0,37.833333333333336,10.0,8.0,4.0,82.0
F47,87,0.19670833333333335,0.2224606594465048,-0.025752326113171464,17.11111111111111,9.0,0.0,5.0,31.75,16.0,0.0,11.0,33.460317460317455,31.125,24.0,0.0,15.0,33.460317460317455,56.888888888888886,9.0,0.0,7.0,38.875,12.0,0.0,12.0,-41.17460317460317,37.916666666666664,19.0,0.0,19.0,-41.17460317460317,56.888888888888886,9.0,0.0,7.0,32.0,9.0,0.0,8.0,-56.888888888888886,33.333333333333336,16.0,0.0,15.0,-56.888888888888886,5.222222222222222,2.0,0.0,2.0,36.875,9.0,1.0,8.0,72.34920634920634,30.875,15.0,1.0,15.0,72.34920634920634,0.0,0.0,0.0,0.0,0.0,0.0,0.0,0.0,0.0,0.0,0.0,0.0,0.0,0.0,0.0,0.0,0.0,0.0,0.0,0.0,0.0,0.0,0.0,0.0,0.0,0.0,0.0,0.0,10.333333333333334,3.0,0.0,3.0,48.5625,10.0,4.0,7.0,87.38095238095238,43.291666666666664,16.0,4.0,13.0,87.38095238095238
F47,88,0.19945833333333332,0.22489016818939858,-0.02543183485606526,22.333333333333332,9.0,0.0,5.0,24.625,16.0,0.0,10.0,5.238095238095241,27.958333333333332,24.0,0.0,13.0,5.238095238095241,44.111111111111114,9.0,0.0,8.0,25.125,10.0,0.0,10.0,-43.3968253968254,24.291666666666668,16.0,0.0,16.0,-43.3968253968254,44.111111111111114,9.0,0.0,8.0,25.125,10.0,0.0,10.0,-43.3968253968254,24.291666666666668,16.0,0.0,16.0,-43.3968253968254,11.222222222222221,3.0,0.0,3.0,44.9375,10.0,4.0,7.0,77.06349206349208,37.5,18.0,4.0,13.0,77.06349206349208,0.0,0.0,0.0,0.0,0.0,0.0,0.0,0.0,0.0,0.0,0.0,0.0,0.0,0.0,0.0,0.0,0.0,0.0,0.0,0.0,0.0,0.0,0.0,0.0,0.0,0.0,0.0,0.0,15.88888888888889,3.0,0.0,3.0,51.875,10.0,3.0,10.0,82.25396825396825,45.75,18.0,3.0,16.0,82.25396825396825
F47,89,0.3682083333333333,0.36171768433033497,0.006490649002998339,6.444444444444445,9.0,0.0,8.0,8.1875,16.0,0.0,15.0,3.984126984126984,7.083333333333333,24.0,0.0,21.0,3.984126984126984,52.77777777777778,9.0,0.0,7.0,52.125,16.0,0.0,13.0,-1.4920634920634939,53.625,24.0,0.0,20.0,-1.4920634920634939,11.11111111111111,2.0,0.0,3.0,6.25,2.0,0.0,3.0,-11.11111111111111,8.333333333333334,4.0,0.0,6.0,-11.11111111111111,18.0,2.0,1.0,2.0,53.875,9.0,8.0,2.0,82.0,37.833333333333336,10.0,8.0,4.0,82.0,0.0,0.0,0.0,0.0,4.5625,4.0,0.0,5.0,10.428571428571429,3.0416666666666665,4.0,0.0,5.0,10.428571428571429,0.0,0.0,0.0,0.0,6.1875,6.0,0.0,4.0,14.142857142857142,4.125,6.0,0.0,5.0,14.142857142857142,18.0,2.0,1.0,2.0,53.875,9.0,8.0,2.0,82.0,37.833333333333336,10.0,8.0,4.0,82.0
F47,90,0.20099999999999998,0.21776480362446696,-0.016764803624466973,21.22222222222222,7.0,0.0,2.0,19.875,14.0,0.0,9.0,-3.079365079365079,22.5,22.0,0.0,13.0,-3.079365079365079,25.666666666666668,9.0,0.0,4.0,22.25,14.0,0.0,10.0,-7.80952380952381,29.583333333333332,22.0,0.0,18.0,-7.80952380952381,25.666666666666668,9.0,0.0,4.0,22.25,14.0,0.0,10.0,-7.80952380952381,29.583333333333332,22.0,0.0,18.0,-7.80952380952381,12.222222222222221,3.0,0.0,2.0,34.375,10.0,0.0,9.0,50.63492063492063,29.0,18.0,0.0,14.0,50.63492063492063,0.0,0.0,0.0,0.0,0.0,0.0,0.0,0.0,0.0,0.0,0.0,0.0,0.0,0.0,0.0,0.0,0.0,0.0,0.0,0.0,0.0,0.0,0.0,0.0,0.0,0.0,0.0,0.0,12.666666666666666,3.0,0.0,3.0,45.4375,10.0,2.0,9.0,74.9047619047619,39.5,16.0,2.0,15.0,74.9047619047619
F47,91,0.3677916666666667,0.3335544117480116,0.03423725491865509,5.666666666666667,9.0,0.0,6.0,7.5,16.0,0.0,12.0,4.190476190476191,6.208333333333333,24.0,0.0,18.0,4.190476190476191,55.111111111111114,9.0,0.0,7.0,54.4375,16.0,0.0,13.0,-1.5396825396825449,53.833333333333336,24.0,0.0,19.0,-1.5396825396825449,11.11111111111111,2.0,0.0,3.0,6.75,3.0,0.0,5.0,-9.968253968253968,8.666666666666666,5.0,0.0,8.0,-9.968253968253968,18.0,2.0,1.0,2.0,53.875,9.0,8.0,2.0,82.0,37.833333333333336,10.0,8.0,4.0,82.0,0.0,0.0,0.0,0.0,5.125,4.0,0.0,4.0,11.714285714285714,3.4166666666666665,4.0,0.0,4.0,11.714285714285714,0.0,0.0,0.0,0.0,0.0,0.0,0.0,0.0,0.0,0.0,0.0,0.0,0.0,0.0,18.11111111111111,2.0,1.0,2.0,53.9375,9.0,8.0,2.0,81.88888888888889,37.875,10.0,8.0,4.0,81.88888888888889
F47,92,0.20695833333333333,0.23707409545147085,-0.030115762118137518,23.88888888888889,9.0,0.0,5.0,26.9375,16.0,0.0,6.0,6.968253968253968,26.291666666666668,24.0,0.0,9.0,6.968253968253968,25.11111111111111,9.0,0.0,8.0,15.1875,10.0,0.0,11.0,-22.682539682539684,23.416666666666668,17.0,0.0,16.0,-22.682539682539684,25.11111111111111,9.0,0.0,8.0,14.125,9.0,0.0,9.0,-25.11111111111111,22.708333333333332,16.0,0.0,14.0,-25.11111111111111,10.777777777777779,3.0,0.0,3.0,36.375,10.0,0.0,6.0,58.50793650793651,30.708333333333332,16.0,0.0,13.0,58.50793650793651,0.0,0.0,0.0,0.0,0.0,0.0,0.0,0.0,0.0,0.0,0.0,0.0,0.0,0.0,0.0,0.0,0.0,0.0,0.5,1.0,0.0,2.0,1.1428571428571428,0.3333333333333333,1.0,0.0,2.0,1.1428571428571428,15.222222222222221,3.0,0.0,3.0,51.4375,10.0,5.0,6.0,82.77777777777777,44.583333333333336,16.0,5.0,12.0,82.77777777777777
F47,93,0.44687499999999997,0.3703104756213813,0.07656452437861866,5.0,9.0,0.0,7.0,6.8125,16.0,0.0,13.0,4.142857142857142,6.083333333333333,24.0,0.0,19.0,4.142857142857142,47.333333333333336,9.0,0.0,7.0,44.375,16.0,0.0,14.0,-6.761904761904766,43.0,24.0,0.0,20.0,-6.761904761904766,23.333333333333332,7.0,0.0,7.0,13.625,8.0,0.0,10.0,-22.19047619047619,16.708333333333332,14.0,0.0,17.0,-22.19047619047619,17.11111111111111,2.0,1.0,2.0,53.375,9.0,8.0,2.0,82.88888888888889,37.833333333333336,10.0,8.0,4.0,82.88888888888889,0.0,0.0,0.0,0.0,3.8125,4.0,0.0,5.0,8.714285714285714,2.5416666666666665,4.0,0.0,5.0,8.714285714285714,0.0,0.0,0.0,0.0,0.0,0.0,0.0,0.0,0.0,0.0,0.0,0.0,0.0,0.0,17.11111111111111,2.0,1.0,2.0,53.375,9.0,8.0,2.0,82.88888888888889,37.5,10.0,8.0,4.0,82.88888888888889
F47,95,0.6083333333333333,0.5928076231533074,0.015525710180025909,0.0,0.0,0.0,0.0,6.875,6.0,0.0,2.0,15.714285714285714,4.875,7.0,0.0,4.0,15.714285714285714,7.0,1.0,0.0,1.0,6.25,2.0,0.0,3.0,-1.7142857142857144,5.541666666666667,4.0,0.0,6.0,-1.7142857142857144,29.666666666666668,6.0,0.0,8.0,16.6875,6.0,0.0,8.0,-29.666666666666668,21.375,12.0,0.0,12.0,-29.666666666666668,6.222222222222222,1.0,0.0,1.0,47.25,8.0,7.0,2.0,93.77777777777777,37.5,10.0,8.0,4.0,93.77777777777777,0.0,0.0,0.0,0.0,0.0,0.0,0.0,0.0,0.0,0.0,0.0,0.0,0.0,0.0,0.0,0.0,0.0,0.0,0.0,0.0,0.0,0.0,0.0,0.0,0.0,0.0,0.0,0.0,6.222222222222222,1.0,0.0,1.0,47.25,8.0,7.0,2.0,93.77777777777777,37.5,10.0,8.0,4.0,93.77777777777777
F47,96,0.2085,0.3634573302931765,-0.15495733029317652,0.0,0.0,0.0,0.0,0.0,0.0,0.0,0.0,0.0,9.958333333333334,8.0,0.0,5.0,0.0,50.666666666666664,9.0,0.0,8.0,29.5625,10.0,0.0,10.0,-48.238095238095234,27.375,17.0,0.0,17.0,-48.238095238095234,50.666666666666664,9.0,0.0,8.0,29.5625,10.0,0.0,10.0,-48.238095238095234,27.375,17.0,0.0,17.0,-48.238095238095234,0.0,0.0,0.0,0.0,1.75,1.0,0.0,1.0,4.0,8.541666666666666,9.0,0.0,7.0,4.0,0.0,0.0,0.0,0.0,0.0,0.0,0.0,0.0,0.0,0.0,0.0,0.0,0.0,0.0,0.0,0.0,0.0,0.0,0.0,0.0,0.0,0.0,0.0,0.0,0.0,0.0,0.0,0.0,0.1111111111111111,1.0,0.0,1.0,1.8125,2.0,0.0,2.0,3.888888888888889,14.083333333333334,10.0,0.0,10.0,3.888888888888889
F47,97,0.6187083333333333,0.6099151844739275,0.008793148859405853,0.0,0.0,0.0,0.0,11.3125,7.0,0.0,7.0,25.857142857142858,7.875,8.0,0.0,9.0,25.857142857142858,7.0,1.0,0.0,1.0,6.25,2.0,0.0,3.0,-1.7142857142857144,5.541666666666667,4.0,0.0,6.0,-1.7142857142857144,65.44444444444444,9.0,1.0,3.0,36.8125,9.0,1.0,4.0,-65.44444444444444,24.541666666666668,9.0,1.0,4.0,-65.44444444444444,4.333333333333333,1.0,0.0,1.0,46.1875,8.0,7.0,2.0,95.66666666666667,36.791666666666664,10.0,8.0,4.0,95.66666666666667,0.0,0.0,0.0,0.0,0.0,0.0,0.0,0.0,0.0,0.0,0.0,0.0,0.0,0.0,0.0,0.0,0.0,0.0,0.0,0.0,0.0,0.0,0.0,0.0,0.0,0.0,0.0,0.0,4.333333333333333,1.0,0.0,1.0,46.1875,8.0,7.0,2.0,95.66666666666667,36.791666666666664,10.0,8.0,4.0,95.66666666666667
F47,98,0.218,0.2577746661603873,-0.0397746661603873,28.88888888888889,9.0,0.0,2.0,26.8125,15.0,0.0,8.0,-4.746031746031747,24.791666666666668,22.0,0.0,16.0,-4.746031746031747,33.22222222222222,9.0,0.0,8.0,39.1875,14.0,2.0,13.0,13.634920634920633,30.333333333333332,19.0,2.0,18.0,13.634920634920633,33.22222222222222,9.0,0.0,8.0,18.6875,9.0,0.0,9.0,-33.22222222222222,16.666666666666668,14.0,0.0,13.0,-33.22222222222222,12.444444444444445,3.0,0.0,3.0,47.5,10.0,5.0,6.0,80.12698412698413,44.833333333333336,18.0,5.0,11.0,80.12698412698413,0.0,0.0,0.0,0.0,0.0,0.0,0.0,0.0,0.0,0.0,0.0,0.0,0.0,0.0,0.0,0.0,0.0,0.0,0.0,0.0,0.0,0.0,0.0,0.0,0.0,0.0,0.0,0.0,16.88888888888889,3.0,0.0,3.0,52.0625,10.0,3.0,9.0,80.3968253968254,52.875,18.0,3.0,16.0,80.3968253968254
F47,99,0.6459583333333333,0.5771540229537876,0.06880431037954571,0.0,0.0,0.0,0.0,15.6875,7.0,0.0,5.0,35.857142857142854,10.791666666666666,8.0,0.0,7.0,35.857142857142854,5.222222222222222,1.0,0.0,1.0,6.25,2.0,0.0,3.0,2.349206349206349,5.541666666666667,4.0,0.0,6.0,2.349206349206349,11.11111111111111,2.0,0.0,3.0,6.25,2.0,0.0,3.0,-11.11111111111111,4.166666666666667,2.0,0.0,3.0,-11.11111111111111,4.333333333333333,1.0,0.0,1.0,46.1875,8.0,7.0,2.0,95.66666666666667,36.791666666666664,10.0,8.0,4.0,95.66666666666667,0.0,0.0,0.0,0.0,0.0,0.0,0.0,0.0,0.0,0.0,0.0,0.0,0.0,0.0,0.0,0.0,0.0,0.0,0.0,0.0,0.0,0.0,0.0,0.0,0.0,0.0,0.0,0.0,4.333333333333333,1.0,0.0,1.0,46.1875,8.0,7.0,2.0,95.66666666666667,36.833333333333336,10.0,8.0,4.0,95.66666666666667
F47,100,0.22024999999999997,0.2904156290427256,-0.07016562904272564,24.333333333333332,9.0,0.0,5.0,27.0625,16.0,0.0,8.0,6.238095238095241,25.75,23.0,0.0,12.0,6.238095238095241,29.11111111111111,8.0,0.0,8.0,17.4375,9.0,0.0,10.0,-26.682539682539684,27.666666666666668,16.0,0.0,17.0,-26.682539682539684,29.11111111111111,8.0,0.0,8.0,17.4375,9.0,0.0,10.0,-26.682539682539684,27.666666666666668,16.0,0.0,17.0,-26.682539682539684,13.666666666666666,5.0,0.0,5.0,37.6875,12.0,0.0,8.0,54.904761904761905,31.166666666666668,18.0,0.0,15.0,54.904761904761905,0.0,0.0,0.0,0.0,0.0,0.0,0.0,0.0,0.0,0.0,0.0,0.0,0.0,0.0,0.0,0.0,0.0,0.0,1.0,2.0,0.0,2.0,2.2857142857142856,0.6666666666666666,2.0,0.0,2.0,2.2857142857142856,20.11111111111111,5.0,0.0,5.0,51.875,12.0,2.0,10.0,72.6031746031746,45.0,18.0,2.0,16.0,72.6031746031746
F47,101,0.6589166666666667,0.6039194147693195,0.054997251897347166,0.0,0.0,0.0,0.0,9.6875,7.0,0.0,5.0,22.142857142857142,6.791666666666667,8.0,0.0,7.0,22.142857142857142,5.0,1.0,0.0,1.0,6.25,2.0,0.0,3.0,2.8571428571428568,5.625,4.0,0.0,6.0,2.8571428571428568,15.222222222222221,3.0,0.0,3.0,8.5625,3.0,0.0,4.0,-15.222222222222221,11.833333333333334,7.0,0.0,7.0,-15.222222222222221,4.333333333333333,1.0,0.0,1.0,46.1875,8.0,7.0,2.0,95.66666666666667,36.833333333333336,10.0,8.0,4.0,95.66666666666667,0.0,0.0,0.0,0.0,0.0,0.0,0.0,0.0,0.0,0.0,0.0,0.0,0.0,0.0,0.0,0.0,0.0,0.0,0.0,0.0,0.0,0.0,0.0,0.0,0.0,0.0,0.0,0.0,4.333333333333333,1.0,0.0,1.0,46.1875,8.0,7.0,2.0,95.66666666666667,36.833333333333336,10.0,8.0,4.0,95.66666666666667
F47,102,0.21483333333333332,0.27349589778555805,-0.05866256445222473,9.444444444444445,5.0,0.0,6.0,14.8125,11.0,0.0,10.0,12.26984126984127,14.875,19.0,0.0,17.0,12.26984126984127,38.44444444444444,9.0,0.0,8.0,23.1875,11.0,0.0,11.0,-34.87301587301587,31.5,19.0,0.0,18.0,-34.87301587301587,38.44444444444444,9.0,0.0,8.0,23.1875,11.0,0.0,11.0,-34.87301587301587,31.5,19.0,0.0,18.0,-34.87301587301587,0.5555555555555556,1.0,0.0,2.0,24.8125,7.0,0.0,7.0,55.44444444444444,19.625,10.0,0.0,11.0,55.44444444444444,0.0,0.0,0.0,0.0,0.0,0.0,0.0,0.0,0.0,0.0,0.0,0.0,0.0,0.0,0.0,0.0,0.0,0.0,0.0,0.0,0.0,0.0,0.0,0.0,0.0,0.0,0.0,0.0,1.8888888888888888,3.0,0.0,2.0,33.1875,10.0,0.0,6.0,71.53968253968254,29.291666666666668,17.0,0.0,14.0,71.53968253968254
F47,103,0.6706249999999999,0.6290481706297263,0.04157682937027363,0.0,0.0,0.0,0.0,7.0625,6.0,0.0,2.0,16.142857142857142,4.875,7.0,0.0,4.0,16.142857142857142,5.0,1.0,0.0,1.0,6.25,2.0,0.0,3.0,2.8571428571428568,5.541666666666667,4.0,0.0,6.0,2.8571428571428568,52.0,9.0,1.0,7.0,29.25,9.0,1.0,8.0,-52.0,30.541666666666668,16.0,1.0,12.0,-52.0,4.222222222222222,1.0,0.0,1.0,46.125,8.0,7.0,2.0,95.77777777777777,36.791666666666664,10.0,8.0,4.0,95.77777777777777,0.0,0.0,0.0,0.0,0.0,0.0,0.0,0.0,0.0,0.0,0.0,0.0,0.0,0.0,0.0,0.0,0.0,0.0,0.0,0.0,0.0,0.0,0.0,0.125,1.0,0.0,2.0,0.0,4.222222222222222,1.0,0.0,1.0,46.125,8.0,7.0,2.0,95.77777777777777,36.791666666666664,10.0,8.0,4.0,95.77777777777777
F47,104,0.21458333333333335,0.30115434643834393,-0.08657101310501059,0.3333333333333333,1.0,0.0,2.0,7.75,6.0,0.0,7.0,16.952380952380953,7.625,12.0,0.0,13.0,16.952380952380953,60.22222222222222,9.0,0.0,8.0,40.75,12.0,0.0,12.0,-44.507936507936506,48.0,20.0,0.0,20.0,-44.507936507936506,60.22222222222222,9.0,0.0,8.0,40.75,12.0,0.0,12.0,-44.507936507936506,48.0,20.0,0.0,20.0,-44.507936507936506,0.0,0.0,0.0,0.0,12.625,5.0,0.0,5.0,28.857142857142858,9.375,7.0,0.0,8.0,28.857142857142858,0.0,0.0,0.0,0.0,0.0,0.0,0.0,0.0,0.0,0.0,0.0,0.0,0.0,0.0,0.0,0.0,0.0,0.0,0.0,0.0,0.0,0.0,0.0,0.0,0.0,0.0,0.0,0.0,7.444444444444445,8.0,0.0,7.0,25.25,13.0,0.0,12.0,40.6984126984127,19.791666666666668,21.0,0.0,19.0,40.6984126984127
F47,105,0.6841666666666667,0.46463645452534247,0.21953021214132423,0.0,0.0,0.0,0.0,5.1875,6.0,0.0,5.0,11.857142857142858,3.4583333333333335,6.0,0.0,6.0,11.857142857142858,5.0,1.0,0.0,1.0,6.25,2.0,0.0,3.0,2.8571428571428568,5.541666666666667,4.0,0.0,6.0,2.8571428571428568,58.666666666666664,9.0,1.0,6.0,35.375,10.0,1.0,8.0,-53.238095238095234,41.458333333333336,18.0,1.0,14.0,-53.238095238095234,4.222222222222222,1.0,0.0,1.0,46.125,8.0,7.0,2.0,95.77777777777777,36.791666666666664,10.0,8.0,4.0,95.77777777777777,0.0,0.0,0.0,0.0,0.0,0.0,0.0,0.0,0.0,0.0,0.0,0.0,0.0,0.0,0.0,0.0,0.0,0.0,0.0,0.0,0.0,0.0,0.0,0.125,1.0,0.0,2.0,0.0,4.222222222222222,1.0,0.0,1.0,46.125,8.0,7.0,2.0,95.77777777777777,36.791666666666664,10.0,8.0,4.0,95.77777777777777
F47,107,0.22895833333333335,0.305900419015971,-0.07694208568263763,3.4444444444444446,2.0,0.0,3.0,14.5625,9.0,0.0,6.0,25.41269841269841,14.0,13.0,0.0,8.0,25.41269841269841,60.44444444444444,9.0,0.0,7.0,38.25,10.0,0.0,9.0,-50.73015873015873,46.125,18.0,0.0,16.0,-50.73015873015873,60.44444444444444,9.0,0.0,7.0,38.25,10.0,0.0,9.0,-50.73015873015873,46.125,18.0,0.0,16.0,-50.73015873015873,2.3333333333333335,7.0,0.0,2.0,24.0625,14.0,0.0,7.0,49.666666666666664,19.166666666666668,17.0,0.0,11.0,49.666666666666664,0.0,0.0,0.0,0.0,0.0,0.0,0.0,0.0,0.0,0.0,0.0,0.0,0.0,0.0,0.0,0.0,0.0,0.0,0.0,0.0,0.0,0.0,0.0,0.0,0.0,0.0,0.0,0.0,5.333333333333333,9.0,0.0,5.0,37.3125,16.0,0.0,11.0,73.0952380952381,30.916666666666668,24.0,0.0,16.0,73.0952380952381
F47,108,0.726625,0.5733314005475659,0.15329359945243404,0.0,0.0,0.0,0.0,6.6875,6.0,0.0,2.0,15.285714285714286,4.75,7.0,0.0,4.0,15.285714285714286,5.0,1.0,0.0,1.0,6.25,2.0,0.0,3.0,2.8571428571428568,5.541666666666667,4.0,0.0,6.0,2.8571428571428568,67.33333333333333,9.0,2.0,4.0,37.875,9.0,2.0,5.0,-67.33333333333333,42.666666666666664,16.0,2.0,9.0,-67.33333333333333,4.222222222222222,1.0,0.0,1.0,46.125,8.0,7.0,2.0,95.77777777777777,36.833333333333336,10.0,8.0,4.0,95.77777777777777,0.0,0.0,0.0,0.0,0.0,0.0,0.0,0.0,0.0,0.0,0.0,0.0,0.0,0.0,0.0,0.0,0.0,0.0,0.0,0.0,0.0,0.0,0.0,0.0,0.0,0.0,0.0,0.0,4.111111111111111,1.0,0.0,1.0,46.0625,8.0,7.0,2.0,95.88888888888889,36.791666666666664,10.0,8.0,4.0,95.88888888888889
F47,109,0.231,0.3231566752925816,-0.09215667529258156,0.0,0.0,0.0,0.0,0.0,0.0,0.0,0.0,0.0,0.0,0.0,0.0,0.0,0.0,74.55555555555556,9.0,0.0,7.0,43.9375,10.0,0.0,9.0,-69.98412698412699,33.208333333333336,16.0,0.0,16.0,-69.98412698412699,74.55555555555556,9.0,0.0,7.0,43.9375,10.0,0.0,9.0,-69.98412698412699,33.208333333333336,16.0,0.0,16.0,-69.98412698412699,0.0,0.0,0.0,0.0,0.0,0.0,0.0,0.0,0.0,0.0,0.0,0.0,0.0,0.0,0.0,0.0,0.0,0.0,0.0,0.0,0.0,0.0,0.0,0.0,0.0,0.0,0.0,0.0,0.0,0.0,0.0,0.0,0.0,0.0,0.0,0.0,0.0,0.0,0.0,0.0,0.0,0.0,0.5555555555555556,5.0,0.0,1.0,0.3125,5.0,0.0,1.0,-0.5555555555555556,0.20833333333333334,5.0,0.0,1.0,-0.5555555555555556
F47,110,0.7380416666666667,0.5391673569595764,0.1988743097070903,0.0,0.0,0.0,0.0,6.875,6.0,0.0,2.0,15.714285714285714,4.916666666666667,7.0,0.0,4.0,15.714285714285714,5.0,1.0,0.0,1.0,6.25,2.0,0.0,3.0,2.8571428571428568,5.541666666666667,4.0,0.0,6.0,2.8571428571428568,93.88888888888889,9.0,7.0,2.0,54.1875,10.0,7.0,4.0,-90.74603174603175,37.5,12.0,7.0,7.0,-90.74603174603175,4.111111111111111,1.0,0.0,1.0,46.0625,8.0,7.0,2.0,95.88888888888889,36.791666666666664,10.0,8.0,4.0,95.88888888888889,0.0,0.0,0.0,0.0,0.0,0.0,0.0,0.0,0.0,0.0,0.0,0.0,0.0,0.0,0.0,0.0,0.0,0.0,0.0,0.0,0.0,0.0,0.0,0.0,0.0,0.0,0.0,0.0,4.111111111111111,1.0,0.0,1.0,46.0625,8.0,7.0,2.0,95.88888888888889,36.791666666666664,10.0,8.0,4.0,95.88888888888889
F47,111,0.236,0.5256050484012192,-0.28960504840121926,0.0,0.0,0.0,0.0,0.0,0.0,0.0,0.0,0.0,2.2916666666666665,4.0,0.0,4.0,0.0,4.777777777777778,5.0,0.0,5.0,3.1875,6.0,0.0,7.0,-3.634920634920635,6.333333333333333,10.0,0.0,10.0,-3.634920634920635,4.777777777777778,5.0,0.0,5.0,3.1875,6.0,0.0,7.0,-3.634920634920635,6.333333333333333,10.0,0.0,10.0,-3.634920634920635,0.0,0.0,0.0,0.0,0.0,0.0,0.0,0.0,0.0,2.0833333333333335,4.0,0.0,4.0,0.0,0.0,0.0,0.0,0.0,0.0,0.0,0.0,0.0,0.0,0.0,0.0,0.0,0.0,0.0,0.0,0.0,0.0,0.0,0.0,0.0,0.0,0.0,0.0,0.0,0.0,0.0,0.0,0.0,0.0,0.0,0.0,0.0,0.0,0.0,0.0,0.0,0.0,4.333333333333333,4.0,0.0,5.0,0.0
F47,112,0.7764166666666666,0.6327266555343457,0.14369001113232094,0.0,0.0,0.0,0.0,7.25,7.0,0.0,2.0,16.571428571428573,5.166666666666667,8.0,0.0,4.0,16.571428571428573,5.0,1.0,0.0,1.0,6.25,2.0,0.0,3.0,2.8571428571428568,5.541666666666667,4.0,0.0,6.0,2.8571428571428568,13.0,2.0,0.0,3.0,7.3125,2.0,0.0,3.0,-13.0,4.875,2.0,0.0,3.0,-13.0,4.111111111111111,1.0,0.0,1.0,46.0625,8.0,7.0,2.0,95.88888888888889,36.791666666666664,10.0,8.0,4.0,95.88888888888889,0.0,0.0,0.0,0.0,0.0,0.0,0.0,0.0,0.0,0.0,0.0,0.0,0.0,0.0,0.0,0.0,0.0,0.0,0.0,0.0,0.0,0.0,0.0,0.0,0.0,0.0,0.0,0.0,4.111111111111111,1.0,0.0,1.0,46.0625,8.0,7.0,2.0,95.88888888888889,36.791666666666664,10.0,8.0,4.0,95.88888888888889
F47,113,0.2504166666666667,0.30176721337168816,-0.05135054670502148,16.77777777777778,7.0,0.0,3.0,19.375,14.0,0.0,8.0,5.936507936507937,19.25,20.0,0.0,12.0,5.936507936507937,49.55555555555556,9.0,0.0,8.0,28.625,10.0,0.0,10.0,-47.84126984126984,41.791666666666664,18.0,0.0,18.0,-47.84126984126984,49.55555555555556,9.0,0.0,8.0,28.625,10.0,0.0,10.0,-47.84126984126984,41.791666666666664,18.0,0.0,18.0,-47.84126984126984,7.555555555555555,5.0,0.0,4.0,34.25,12.0,0.0,10.0,61.01587301587301,27.75,16.0,0.0,15.0,61.01587301587301,0.0,0.0,0.0,0.0,0.0,0.0,0.0,0.0,0.0,0.0,0.0,0.0,0.0,0.0,0.0,0.0,0.0,0.0,1.625,3.0,0.0,4.0,3.7142857142857144,1.0833333333333333,3.0,0.0,4.0,3.7142857142857144,10.444444444444445,5.0,0.0,4.0,43.4375,12.0,0.0,11.0,75.41269841269842,38.416666666666664,20.0,0.0,18.0,75.41269841269842
F47,114,0.7670833333333333,0.8555926071532918,-0.08850927381995843,0.0,0.0,0.0,0.0,6.125,7.0,0.0,4.0,14.0,4.125,8.0,0.0,6.0,14.0,4.777777777777778,1.0,0.0,1.0,6.125,2.0,0.0,3.0,3.079365079365079,5.5,4.0,0.0,6.0,3.079365079365079,31.88888888888889,5.0,1.0,5.0,17.9375,5.0,1.0,6.0,-31.88888888888889,26.958333333333332,12.0,1.0,10.0,-31.88888888888889,4.111111111111111,1.0,0.0,1.0,40.75,8.0,5.0,5.0,83.74603174603175,33.291666666666664,10.0,6.0,7.0,83.74603174603175,0.0,0.0,0.0,0.0,0.0,0.0,0.0,0.0,0.0,0.0,0.0,0.0,0.0,0.0,0.0,0.0,0.0,0.0,0.0,0.0,0.0,0.0,0.0,0.125,1.0,0.0,2.0,0.0,4.111111111111111,1.0,0.0,1.0,39.6875,8.0,5.0,5.0,81.31746031746032,32.583333333333336,10.0,6.0,7.0,81.31746031746032
F47,116,0.819,0.8058360873692642,0.013163912630735797,0.0,0.0,0.0,0.0,6.875,6.0,0.0,2.0,15.714285714285714,4.916666666666667,7.0,0.0,4.0,15.714285714285714,4.777777777777778,1.0,0.0,1.0,6.25,2.0,0.0,3.0,3.3650793650793647,5.583333333333333,4.0,0.0,6.0,3.3650793650793647,80.44444444444444,9.0,3.0,5.0,47.3125,10.0,3.0,7.0,-75.73015873015873,44.458333333333336,16.0,3.0,11.0,-75.73015873015873,4.111111111111111,1.0,0.0,1.0,46.0625,8.0,7.0,2.0,95.88888888888889,36.833333333333336,10.0,8.0,4.0,95.88888888888889,0.0,0.0,0.0,0.0,0.0,0.0,0.0,0.0,0.0,0.0,0.0,0.0,0.0,0.0,0.0,0.0,0.0,0.0,0.0,0.0,0.0,0.0,0.0,0.0,0.0,0.0,0.0,0.0,4.0,1.0,0.0,1.0,46.0,8.0,7.0,2.0,96.0,36.791666666666664,10.0,8.0,4.0,96.0
F47,117,0.9079166666666666,0.8737795685824485,0.034137098084218054,0.0,0.0,0.0,0.0,6.875,6.0,0.0,2.0,15.714285714285714,4.916666666666667,7.0,0.0,4.0,15.714285714285714,4.777777777777778,1.0,0.0,1.0,6.25,2.0,0.0,3.0,3.3650793650793647,5.583333333333333,4.0,0.0,6.0,3.3650793650793647,62.0,9.0,1.0,6.0,36.9375,10.0,1.0,8.0,-57.285714285714285,24.625,10.0,1.0,8.0,-57.285714285714285,4.0,1.0,0.0,1.0,46.0,8.0,7.0,2.0,96.0,36.791666666666664,10.0,8.0,4.0,96.0,0.0,0.0,0.0,0.0,0.0,0.0,0.0,0.0,0.0,0.0,0.0,0.0,0.0,0.0,0.0,0.0,0.0,0.0,0.0,0.0,0.0,0.0,0.0,0.0,0.0,0.0,0.0,0.0,4.0,1.0,0.0,1.0,46.0,8.0,7.0,2.0,96.0,36.791666666666664,10.0,8.0,4.0,96.0
F47,118,0.28562499999999996,0.33636291533199514,-0.050737915331995176,16.555555555555557,9.0,0.0,7.0,22.375,16.0,0.0,14.0,13.3015873015873,21.083333333333332,22.0,0.0,17.0,13.3015873015873,30.666666666666668,9.0,0.0,7.0,17.75,10.0,0.0,9.0,-29.523809523809526,33.208333333333336,18.0,0.0,15.0,-29.523809523809526,30.666666666666668,9.0,0.0,7.0,17.75,10.0,0.0,9.0,-29.523809523809526,33.208333333333336,18.0,0.0,15.0,-29.523809523809526,12.222222222222221,7.0,0.0,7.0,37.25,14.0,0.0,13.0,57.20634920634921,30.208333333333332,19.0,0.0,19.0,57.20634920634921,0.0,0.0,0.0,0.0,0.0,0.0,0.0,0.0,0.0,0.0,0.0,0.0,0.0,0.0,0.0,0.0,0.0,0.0,0.0,0.0,0.0,0.0,0.0,0.0,0.0,0.0,0.0,0.0,20.444444444444443,7.0,0.0,6.0,53.375,14.0,5.0,9.0,75.26984126984127,45.375,22.0,6.0,14.0,75.26984126984127
F47,119,0.921875,0.6228565148785159,0.2990184851214841,0.0,0.0,0.0,0.0,16.875,6.0,0.0,3.0,38.57142857142857,11.25,6.0,0.0,4.0,38.57142857142857,4.777777777777778,1.0,0.0,1.0,37.625,8.0,4.0,5.0,75.07936507936509,25.083333333333332,8.0,4.0,6.0,75.07936507936509,7.333333333333333,2.0,0.0,3.0,39.4375,9.0,4.0,7.0,73.38095238095238,33.5,14.0,4.0,13.0,73.38095238095238,4.0,1.0,0.0,1.0,46.0,8.0,7.0,2.0,96.0,33.125,9.0,7.0,4.0,96.0,0.0,0.0,0.0,0.0,0.75,6.0,0.0,2.0,1.7142857142857142,1.2083333333333333,8.0,0.0,5.0,1.7142857142857142,0.0,0.0,0.0,0.0,2.3125,5.0,0.0,3.0,5.285714285714286,1.5416666666666667,5.0,0.0,3.0,5.285714285714286,4.0,1.0,0.0,1.0,46.0,8.0,7.0,2.0,96.0,33.125,9.0,7.0,4.0,96.0
F47,120,0.4049583333333333,0.6353651360927827,-0.23040680275944936,0.0,0.0,0.0,0.0,0.0,0.0,0.0,0.0,0.0,0.0,0.0,0.0,0.0,0.0,0.0,0.0,0.0,0.0,0.0,0.0,0.0,0.0,0.0,0.0,0.0,0.0,0.0,0.0,33.888888888888886,8.0,0.0,8.0,19.0625,8.0,0.0,8.0,-33.888888888888886,14.375,10.0,0.0,9.0,-33.888888888888886,13.555555555555555,2.0,1.0,2.0,51.375,9.0,8.0,2.0,86.44444444444444,52.541666666666664,14.0,12.0,4.0,86.44444444444444,2.7777777777777777,1.0,0.0,2.0,4.375,3.0,0.0,6.0,3.650793650793651,2.9166666666666665,3.0,0.0,6.0,3.650793650793651,0.0,0.0,0.0,0.0,0.3125,2.0,0.0,3.0,0.7142857142857143,0.20833333333333334,2.0,0.0,3.0,0.7142857142857143,0.0,0.0,0.0,0.0,35.375,6.0,5.0,2.0,80.85714285714286,29.375,8.0,6.0,4.0,80.85714285714286
F47,121,0.5975416666666666,0.6516736626186165,-0.05413199595194984,0.1111111111111111,1.0,0.0,2.0,3.5,8.0,0.0,8.0,7.746031746031746,3.1666666666666665,15.0,0.0,15.0,7.746031746031746,23.88888888888889,9.0,0.0,7.0,32.6875,16.0,0.0,14.0,20.11111111111111,32.708333333333336,24.0,0.0,21.0,20.11111111111111,16.555555555555557,8.0,0.0,8.0,9.9375,9.0,0.0,10.0,-15.126984126984128,9.666666666666666,13.0,0.0,15.0,-15.126984126984128,0.0,0.0,0.0,0.0,41.375,7.0,6.0,2.0,94.57142857142857,31.583333333333332,8.0,6.0,4.0,94.57142857142857,0.0,0.0,0.0,0.0,0.75,2.0,0.0,4.0,1.7142857142857142,0.5,2.0,0.0,4.0,1.7142857142857142,0.0,0.0,0.0,0.0,0.0,0.0,0.0,0.0,0.0,0.0,0.0,0.0,0.0,0.0,0.5555555555555556,1.0,0.0,1.0,43.9375,8.0,6.0,3.0,99.15873015873015,33.625,10.0,6.0,6.0,99.15873015873015
F47,122,0.5997916666666666,0.5243483995601481,0.0754432671065185,1.4444444444444444,3.0,0.0,3.0,5.375,10.0,0.0,10.0,8.984126984126984,4.541666666666667,13.0,0.0,14.0,8.984126984126984,17.77777777777778,9.0,0.0,8.0,20.5,16.0,0.0,15.0,6.222222222222221,19.333333333333332,24.0,0.0,23.0,6.222222222222221,27.11111111111111,8.0,0.0,7.0,18.125,11.0,0.0,12.0,-20.539682539682538,23.583333333333332,19.0,0.0,20.0,-20.539682539682538,0.0,0.0,0.0,0.0,40.1875,7.0,6.0,2.0,91.85714285714286,32.625,9.0,7.0,4.0,91.85714285714286,0.0,0.0,0.0,0.0,0.625,2.0,0.0,4.0,1.4285714285714286,0.4166666666666667,2.0,0.0,4.0,1.4285714285714286,0.0,0.0,0.0,0.0,0.0,0.0,0.0,0.0,0.0,0.0,0.0,0.0,0.0,0.0,0.0,0.0,0.0,0.0,43.375,7.0,6.0,2.0,99.14285714285714,34.75,9.0,7.0,4.0,99.14285714285714
F47,123,0.44,0.7370987757104647,-0.29709877571046467,0.0,0.0,0.0,0.0,0.0,0.0,0.0,0.0,0.0,0.0,0.0,0.0,0.0,0.0,0.0,0.0,0.0,0.0,0.0,0.0,0.0,0.0,0.0,0.0,0.0,0.0,0.0,0.0,9.777777777777779,5.0,0.0,5.0,5.5,5.0,0.0,5.0,-9.777777777777779,6.166666666666667,9.0,0.0,9.0,-9.777777777777779,13.444444444444445,2.0,1.0,2.0,51.3125,9.0,8.0,2.0,86.55555555555556,52.583333333333336,14.0,12.0,4.0,86.55555555555556,2.5555555555555554,1.0,0.0,2.0,2.8125,3.0,0.0,5.0,0.5873015873015874,1.875,3.0,0.0,5.0,0.5873015873015874,0.0,0.0,0.0,0.0,0.0,0.0,0.0,0.0,0.0,0.0,0.0,0.0,0.0,0.0,0.0,0.0,0.0,0.0,33.5,6.0,5.0,2.0,76.57142857142857,28.833333333333332,8.0,6.0,4.0,76.57142857142857
F47,124,0.47941666666666666,0.7399806946145516,-0.26056402794788497,0.0,0.0,0.0,0.0,0.0,0.0,0.0,0.0,0.0,0.0,0.0,0.0,0.0,0.0,0.0,0.0,0.0,0.0,0.0,0.0,0.0,0.0,0.0,0.0,0.0,0.0,0.0,0.0,5.0,2.0,0.0,2.0,2.8125,2.0,0.0,2.0,-5.0,1.875,2.0,0.0,2.0,-5.0,12.88888888888889,2.0,1.0,2.0,51.0,9.0,8.0,2.0,87.11111111111111,67.33333333333333,17.0,16.0,2.0,87.11111111111111,2.5555555555555554,1.0,0.0,2.0,3.4375,2.0,0.0,4.0,2.015873015873016,2.2916666666666665,2.0,0.0,4.0,2.015873015873016,0.0,0.0,0.0,0.0,0.0,0.0,0.0,0.0,0.0,0.0,0.0,0.0,0.0,0.0,0.0,0.0,0.0,0.0,33.25,6.0,5.0,2.0,76.0,28.666666666666668,8.0,6.0,4.0,76.0
F47,125,0.671625,0.5756133068970918,0.09601169310290825,5.777777777777778,8.0,0.0,6.0,6.625,14.0,0.0,11.0,1.9365079365079367,4.875,17.0,0.0,15.0,1.9365079365079367,30.444444444444443,8.0,0.0,8.0,28.0625,13.0,0.0,15.0,-5.444444444444443,33.791666666666664,21.0,0.0,23.0,-5.444444444444443,8.333333333333334,2.0,0.0,2.0,12.9375,4.0,1.0,5.0,10.523809523809524,17.083333333333332,11.0,1.0,12.0,10.523809523809524,0.0,0.0,0.0,0.0,35.0625,6.0,5.0,2.0,80.14285714285714,26.375,7.0,5.0,4.0,80.14285714285714,0.0,0.0,0.0,0.0,2.5625,4.0,0.0,5.0,5.857142857142857,1.7083333333333333,4.0,0.0,5.0,5.857142857142857,0.0,0.0,0.0,0.0,0.25,2.0,0.0,2.0,0.5714285714285714,0.16666666666666666,2.0,0.0,2.0,0.5714285714285714,0.0,0.0,0.0,0.0,35.0625,6.0,5.0,2.0,80.14285714285714,26.375,7.0,5.0,4.0,80.14285714285714
F47,126,0.496875,0.65192163491956,-0.15504663491956,0.0,0.0,0.0,0.0,0.0,0.0,0.0,0.0,0.0,0.0,0.0,0.0,0.0,0.0,0.5555555555555556,1.0,0.0,2.0,0.3125,1.0,0.0,2.0,-0.5555555555555556,0.20833333333333334,1.0,0.0,2.0,-0.5555555555555556,0.0,0.0,0.0,0.0,0.0,0.0,0.0,0.0,0.0,3.625,4.0,0.0,3.0,0.0,14.11111111111111,3.0,1.0,3.0,51.6875,10.0,8.0,3.0,85.88888888888889,52.916666666666664,15.0,12.0,5.0,85.88888888888889,2.4444444444444446,1.0,0.0,2.0,3.5625,3.0,0.0,5.0,2.5555555555555554,2.375,3.0,0.0,5.0,2.5555555555555554,0.0,0.0,0.0,0.0,0.0,0.0,0.0,0.0,0.0,0.0,0.0,0.0,0.0,0.0,0.0,0.0,0.0,0.0,37.75,7.0,6.0,2.0,86.28571428571429,31.75,9.0,7.0,4.0,86.28571428571429
F47,127,0.688125,0.6831583037706898,0.00496669622931023,0.0,0.0,0.0,0.0,4.0,6.0,0.0,6.0,9.142857142857142,3.125,9.0,0.0,10.0,9.142857142857142,37.666666666666664,9.0,0.0,8.0,41.4375,16.0,0.0,15.0,8.61904761904762,37.958333333333336,23.0,0.0,22.0,8.61904761904762,54.0,9.0,1.0,8.0,32.4375,10.0,1.0,10.0,-49.285714285714285,33.625,16.0,2.0,17.0,-49.285714285714285,0.0,0.0,0.0,0.0,40.8125,7.0,6.0,2.0,93.28571428571429,30.125,8.0,6.0,4.0,93.28571428571429,0.0,0.0,0.0,0.0,1.6875,4.0,0.0,4.0,3.857142857142857,1.125,4.0,0.0,4.0,3.857142857142857,0.0,0.0,0.0,0.0,4.125,5.0,0.0,4.0,9.428571428571429,2.75,5.0,0.0,5.0,9.428571428571429,0.3333333333333333,1.0,0.0,1.0,43.875,8.0,6.0,3.0,99.52380952380953,32.25,9.0,6.0,5.0,99.52380952380953
F47,128,0.48029166666666673,0.637875872905396,-0.15758420623872932,0.0,0.0,0.0,0.0,3.625,2.0,0.0,3.0,8.285714285714286,2.4166666666666665,2.0,0.0,3.0,8.285714285714286,0.0,0.0,0.0,0.0,0.0,0.0,0.0,0.0,0.0,0.0,0.0,0.0,0.0,0.0,42.888888888888886,8.0,0.0,8.0,24.125,8.0,0.0,8.0,-42.888888888888886,22.041666666666668,12.0,0.0,11.0,-42.888888888888886,11.222222222222221,2.0,0.0,2.0,50.0625,9.0,7.0,3.0,88.77777777777777,52.5,14.0,11.0,5.0,88.77777777777777,0.0,0.0,0.0,0.0,3.8125,3.0,0.0,5.0,8.714285714285714,2.5416666666666665,3.0,0.0,5.0,8.714285714285714,0.0,0.0,0.0,0.0,0.875,2.0,0.0,2.0,2.0,0.5833333333333334,2.0,0.0,2.0,2.0,0.0,0.0,0.0,0.0,35.3125,6.0,5.0,2.0,80.71428571428571,30.75,8.0,6.0,4.0,80.71428571428571
F47,129,0.71075,0.6482379439192113,0.06251205608078869,0.0,0.0,0.0,0.0,5.25,7.0,0.0,6.0,12.0,5.291666666666667,15.0,0.0,13.0,12.0,10.666666666666666,6.0,0.0,8.0,20.8125,13.0,0.0,15.0,23.19047619047619,21.791666666666668,21.0,0.0,23.0,23.19047619047619,30.555555555555557,7.0,1.0,7.0,19.0625,8.0,1.0,9.0,-26.269841269841272,12.708333333333334,8.0,1.0,9.0,-26.269841269841272,0.0,0.0,0.0,0.0,40.75,7.0,6.0,2.0,93.14285714285714,31.541666666666668,9.0,7.0,4.0,93.14285714285714,0.0,0.0,0.0,0.0,2.3125,4.0,0.0,5.0,5.285714285714286,1.5416666666666667,4.0,0.0,5.0,5.285714285714286,0.0,0.0,0.0,0.0,3.4375,4.0,0.0,5.0,7.857142857142857,2.2916666666666665,4.0,0.0,5.0,7.857142857142857,0.3333333333333333,1.0,0.0,1.0,43.875,8.0,6.0,3.0,99.52380952380953,33.333333333333336,10.0,6.0,6.0,99.52380952380953
F47,130,0.4907916666666667,0.7319993639339608,-0.24120769726729413,0.0,0.0,0.0,0.0,8.1875,3.0,0.0,4.0,18.714285714285715,5.458333333333333,3.0,0.0,4.0,18.714285714285715,0.0,0.0,0.0,0.0,0.0,0.0,0.0,0.0,0.0,0.0,0.0,0.0,0.0,0.0,62.888888888888886,8.0,3.0,6.0,35.375,8.0,3.0,6.0,-62.888888888888886,23.583333333333332,8.0,3.0,6.0,-62.888888888888886,12.88888888888889,2.0,1.0,2.0,51.0,9.0,8.0,2.0,87.11111111111111,53.708333333333336,14.0,12.0,4.0,87.11111111111111,0.7777777777777778,1.0,0.0,2.0,10.0,5.0,0.0,8.0,21.07936507936508,6.666666666666667,5.0,0.0,8.0,21.07936507936508,0.0,0.0,0.0,0.0,0.125,1.0,0.0,2.0,0.2857142857142857,0.08333333333333333,1.0,0.0,2.0,0.2857142857142857,0.0,0.0,0.0,0.0,33.875,6.0,5.0,2.0,77.42857142857143,29.5,8.0,6.0,4.0,77.42857142857143
F47,131,0.70275,0.6197498937778957,0.0830001062221043,5.777777777777778,8.0,0.0,8.0,8.125,14.0,0.0,14.0,5.365079365079365,7.166666666666667,22.0,0.0,22.0,5.365079365079365,16.666666666666668,7.0,0.0,7.0,17.875,13.0,0.0,13.0,2.761904761904759,16.875,21.0,0.0,19.0,2.761904761904759,0.0,0.0,0.0,0.0,0.0,0.0,0.0,0.0,0.0,2.0833333333333335,2.0,0.0,3.0,0.0,0.0,0.0,0.0,0.0,35.1875,6.0,5.0,2.0,80.42857142857143,26.375,7.0,5.0,4.0,80.42857142857143,0.0,0.0,0.0,0.0,1.5,3.0,0.0,4.0,3.4285714285714284,1.0,3.0,0.0,4.0,3.4285714285714284,0.0,0.0,0.0,0.0,0.0,0.0,0.0,0.0,0.0,0.0,0.0,0.0,0.0,0.0,0.0,0.0,0.0,0.0,35.1875,6.0,5.0,2.0,80.42857142857143,26.541666666666668,7.0,5.0,4.0,80.42857142857143
F47,132,2.7121666666666666,1.132295031874967,1.5798716347916997,0.0,0.0,0.0,0.0,0.0,0.0,0.0,0.0,0.0,0.0,0.0,0.0,0.0,0.0,0.0,0.0,0.0,0.0,0.9375,1.0,0.0,2.0,2.142857142857143,0.625,1.0,0.0,2.0,2.142857142857143,48.0,9.0,0.0,7.0,60.875,15.0,4.0,12.0,29.42857142857143,44.083333333333336,20.0,4.0,17.0,29.42857142857143,0.0,0.0,0.0,0.0,41.875,7.0,6.0,2.0,95.71428571428571,30.916666666666668,8.0,6.0,4.0,95.71428571428571,0.0,0.0,0.0,0.0,1.6875,3.0,0.0,6.0,3.857142857142857,1.125,3.0,0.0,6.0,3.857142857142857,0.0,0.0,0.0,0.0,0.0,0.0,0.0,0.0,0.0,0.0,0.0,0.0,0.0,0.0,0.0,0.0,0.0,0.0,41.875,7.0,6.0,2.0,95.71428571428571,30.916666666666668,8.0,6.0,4.0,95.71428571428571
F47,133,0.46658333333333335,0.4737648374932421,-0.007181504159908758,0.0,0.0,0.0,0.0,9.625,7.0,0.0,7.0,22.0,7.75,15.0,0.0,9.0,22.0,100.0,9.0,9.0,0.0,79.1875,14.0,11.0,4.0,-47.57142857142857,83.875,22.0,17.0,7.0,-47.57142857142857,100.0,9.0,9.0,0.0,81.0625,14.0,11.0,4.0,-43.285714285714285,86.04166666666667,22.0,18.0,6.0,-43.285714285714285,0.0,0.0,0.0,0.0,13.625,6.0,0.0,5.0,31.142857142857142,9.708333333333334,8.0,0.0,8.0,31.142857142857142,0.0,0.0,0.0,0.0,3.125,4.0,0.0,4.0,7.142857142857143,2.0833333333333335,4.0,0.0,4.0,7.142857142857143,0.0,0.0,0.0,0.0,0.0,0.0,0.0,0.0,0.0,0.0,0.0,0.0,0.0,0.0,0.0,0.0,0.0,0.0,22.5625,6.0,0.0,6.0,51.57142857142857,16.5,9.0,0.0,11.0,51.57142857142857
F47,135,0.49066666666666664,0.42685406977710044,0.0638125968895662,0.3333333333333333,3.0,0.0,1.0,11.6875,10.0,0.0,5.0,25.952380952380953,16.25,18.0,0.0,9.0,25.952380952380953,100.0,9.0,9.0,0.0,63.3125,12.0,9.0,4.0,-83.85714285714286,56.25,19.0,9.0,10.0,-83.85714285714286,100.0,9.0,9.0,0.0,65.9375,13.0,9.0,5.0,-77.85714285714286,60.541666666666664,21.0,9.0,12.0,-77.85714285714286,0.0,0.0,0.0,0.0,20.625,7.0,0.0,7.0,47.142857142857146,16.875,13.0,0.0,14.0,47.142857142857146,0.0,0.0,0.0,0.0,0.0,0.0,0.0,0.0,0.0,0.0,0.0,0.0,0.0,0.0,0.0,0.0,0.0,0.0,0.0,0.0,0.0,0.0,0.0,0.0,0.0,0.0,0.0,0.0,0.0,0.0,0.0,0.0,28.375,7.0,0.0,7.0,64.85714285714286,24.958333333333332,13.0,0.0,12.0,64.85714285714286
F47,136,1.65275,1.5884704777561518,0.06427952224384814,0.0,0.0,0.0,0.0,0.0,0.0,0.0,0.0,0.0,0.0,0.0,0.0,0.0,0.0,0.0,0.0,0.0,0.0,1.0625,1.0,0.0,2.0,2.4285714285714284,0.7083333333333334,1.0,0.0,2.0,2.4285714285714284,15.11111111111111,7.0,0.0,6.0,22.4375,11.0,0.0,13.0,16.746031746031747,14.958333333333334,11.0,0.0,13.0,16.746031746031747,0.0,0.0,0.0,0.0,41.8125,7.0,6.0,2.0,95.57142857142857,31.25,8.0,6.0,4.0,95.57142857142857,0.0,0.0,0.0,0.0,1.5,3.0,0.0,6.0,3.4285714285714284,1.0,3.0,0.0,6.0,3.4285714285714284,0.0,0.0,0.0,0.0,0.0,0.0,0.0,0.0,0.0,0.0,0.0,0.0,0.0,0.0,0.0,0.0,0.0,0.0,41.8125,7.0,6.0,2.0,95.57142857142857,31.25,8.0,6.0,4.0,95.57142857142857
F47,137,0.511375,0.3940538590360627,0.11732114096393731,28.333333333333332,9.0,0.0,4.0,27.5,16.0,0.0,9.0,-1.904761904761905,24.958333333333332,22.0,0.0,13.0,-1.904761904761905,35.666666666666664,8.0,0.0,8.0,22.25,9.0,0.0,10.0,-30.666666666666664,32.916666666666664,16.0,0.0,17.0,-30.666666666666664,47.666666666666664,9.0,1.0,8.0,31.0,11.0,1.0,11.0,-38.095238095238095,38.541666666666664,18.0,1.0,18.0,-38.095238095238095,1.5555555555555556,3.0,0.0,2.0,28.9375,10.0,0.0,7.0,62.58730158730158,25.708333333333332,15.0,0.0,12.0,62.58730158730158,0.0,0.0,0.0,0.0,0.0,0.0,0.0,0.0,0.0,0.0,0.0,0.0,0.0,0.0,0.0,0.0,0.0,0.0,0.0,0.0,0.0,0.0,0.0,0.0,0.0,0.0,0.0,0.0,6.666666666666667,3.0,0.0,3.0,40.875,10.0,1.0,10.0,78.19047619047619,37.541666666666664,18.0,1.0,17.0,78.19047619047619
F47,138,1.7102916666666665,1.4746241386695387,0.23566752799712787,0.0,0.0,0.0,0.0,0.0,0.0,0.0,0.0,0.0,0.0,0.0,0.0,0.0,0.0,0.0,0.0,0.0,0.0,0.9375,1.0,0.0,2.0,2.142857142857143,0.625,1.0,0.0,2.0,2.142857142857143,2.5555555555555554,1.0,0.0,1.0,23.75,7.0,0.0,8.0,48.44444444444444,15.833333333333334,7.0,0.0,8.0,48.44444444444444,0.0,0.0,0.0,0.0,41.75,7.0,6.0,2.0,95.42857142857143,31.25,8.0,6.0,4.0,95.42857142857143,0.0,0.0,0.0,0.0,1.5,3.0,0.0,6.0,3.4285714285714284,1.0,3.0,0.0,6.0,3.4285714285714284,0.0,0.0,0.0,0.0,0.0,0.0,0.0,0.0,0.0,0.0,0.0,0.0,0.0,0.0,0.0,0.0,0.0,0.0,41.75,7.0,6.0,2.0,95.42857142857143,31.25,8.0,6.0,4.0,95.42857142857143
F47,139,1.684375,1.411154227895515,0.27322077210448503,0.0,0.0,0.0,0.0,0.125,1.0,0.0,2.0,0.2857142857142857,0.08333333333333333,1.0,0.0,2.0,0.2857142857142857,0.0,0.0,0.0,0.0,1.0625,1.0,0.0,2.0,2.4285714285714284,0.7083333333333334,1.0,0.0,2.0,2.4285714285714284,2.7777777777777777,1.0,0.0,1.0,6.25,3.0,0.0,5.0,7.936507936507936,4.833333333333333,5.0,0.0,6.0,7.936507936507936,0.0,0.0,0.0,0.0,41.75,7.0,6.0,2.0,95.42857142857143,31.291666666666668,8.0,6.0,4.0,95.42857142857143,0.0,0.0,0.0,0.0,1.5,3.0,0.0,6.0,3.4285714285714284,1.0,3.0,0.0,6.0,3.4285714285714284,0.0,0.0,0.0,0.0,0.0,0.0,0.0,0.0,0.0,0.0,0.0,0.0,0.0,0.0,0.0,0.0,0.0,0.0,41.75,7.0,6.0,2.0,95.42857142857143,31.25,8.0,6.0,4.0,95.42857142857143
F47,140,0.4033333333333333,0.44606532683219874,-0.04273199349886542,0.0,0.0,0.0,0.0,11.375,7.0,0.0,5.0,26.0,13.5,15.0,0.0,8.0,26.0,100.0,9.0,9.0,0.0,63.4375,11.0,10.0,2.0,-83.57142857142857,57.458333333333336,18.0,11.0,10.0,-83.57142857142857,100.0,9.0,9.0,0.0,64.875,11.0,10.0,2.0,-80.28571428571428,64.54166666666667,19.0,13.0,8.0,-80.28571428571428,0.0,0.0,0.0,0.0,20.4375,7.0,0.0,7.0,46.714285714285715,17.416666666666668,15.0,0.0,10.0,46.714285714285715,0.0,0.0,0.0,0.0,0.0,0.0,0.0,0.0,0.0,0.0,0.0,0.0,0.0,0.0,0.0,0.0,0.0,0.0,0.0,0.0,0.0,0.0,0.0,0.0,0.0,0.0,0.0,0.0,0.0,0.0,0.0,0.0,29.75,7.0,0.0,7.0,68.0,27.125,15.0,0.0,13.0,68.0
F47,141,1.8655,1.7557551081783629,0.10974489182163705,0.0,0.0,0.0,0.0,0.5625,2.0,0.0,3.0,1.2857142857142858,0.375,2.0,0.0,3.0,1.2857142857142858,0.0,0.0,0.0,0.0,1.0625,1.0,0.0,2.0,2.4285714285714284,0.7083333333333334,1.0,0.0,2.0,2.4285714285714284,25.88888888888889,9.0,0.0,5.0,19.25,11.0,0.0,9.0,-15.174603174603176,12.833333333333334,11.0,0.0,9.0,-15.174603174603176,0.0,0.0,0.0,0.0,41.6875,7.0,6.0,2.0,95.28571428571429,31.25,8.0,6.0,4.0,95.28571428571429,0.0,0.0,0.0,0.0,1.5,3.0,0.0,6.0,3.4285714285714284,1.0,3.0,0.0,6.0,3.4285714285714284,0.0,0.0,0.0,0.0,0.0,0.0,0.0,0.0,0.0,0.0,0.0,0.0,0.0,0.0,0.0,0.0,0.0,0.0,41.6875,7.0,6.0,2.0,95.28571428571429,31.25,8.0,6.0,4.0,95.28571428571429
F47,144,0.409875,0.45662266976995164,-0.04674766976995165,0.0,0.0,0.0,0.0,14.625,7.0,0.0,5.0,33.42857142857143,12.375,10.0,0.0,8.0,33.42857142857143,100.0,9.0,9.0,0.0,64.25,11.0,9.0,4.0,-81.71428571428572,71.08333333333333,18.0,15.0,6.0,-81.71428571428572,100.0,9.0,9.0,0.0,60.9375,10.0,9.0,2.0,-89.28571428571429,68.875,17.0,15.0,4.0,-89.28571428571429,0.0,0.0,0.0,0.0,15.875,7.0,0.0,4.0,36.285714285714285,13.208333333333334,10.0,0.0,7.0,36.285714285714285,0.0,0.0,0.0,0.0,0.0,0.0,0.0,0.0,0.0,0.0,0.0,0.0,0.0,0.0,0.0,0.0,0.0,0.0,0.0,0.0,0.0,0.0,0.0,0.0,0.0,0.0,0.0,0.0,0.0,0.0,0.0,0.0,28.6875,7.0,0.0,7.0,65.57142857142857,22.416666666666668,10.0,0.0,11.0,65.57142857142857
F47,145,2.141625,1.5775963935473702,0.5640286064526296,0.0,0.0,0.0,0.0,0.5,3.0,0.0,3.0,1.1428571428571428,0.3333333333333333,3.0,0.0,4.0,1.1428571428571428,0.0,0.0,0.0,0.0,1.0625,1.0,0.0,2.0,2.4285714285714284,0.7083333333333334,1.0,0.0,2.0,2.4285714285714284,16.333333333333332,8.0,0.0,7.0,15.5,10.0,0.0,11.0,-1.9047619047619033,10.333333333333334,10.0,0.0,11.0,-1.9047619047619033,0.0,0.0,0.0,0.0,41.625,7.0,6.0,2.0,95.14285714285714,31.25,8.0,6.0,4.0,95.14285714285714,0.0,0.0,0.0,0.0,1.5,3.0,0.0,6.0,3.4285714285714284,1.0,3.0,0.0,6.0,3.4285714285714284,0.0,0.0,0.0,0.0,0.0,0.0,0.0,0.0,0.0,0.0,0.0,0.0,0.0,0.0,0.0,0.0,0.0,0.0,41.625,7.0,6.0,2.0,95.14285714285714,31.25,8.0,6.0,4.0,95.14285714285714
F47,146,0.7000000000000001,0.7505323639200546,-0.05053236392005456,3.0,6.0,0.0,5.0,4.9375,13.0,0.0,12.0,4.428571428571429,3.2916666666666665,13.0,0.0,13.0,4.428571428571429,47.55555555555556,9.0,0.0,7.0,49.5625,16.0,0.0,13.0,4.587301587301589,47.458333333333336,24.0,0.0,20.0,4.587301587301589,0.0,0.0,0.0,0.0,0.0,0.0,0.0,0.0,0.0,3.5,2.0,0.0,3.0,0.0,0.0,0.0,0.0,0.0,40.4375,7.0,6.0,2.0,92.42857142857143,30.916666666666668,8.0,6.0,4.0,92.42857142857143,0.0,0.0,0.0,0.0,0.0,0.0,0.0,0.0,0.0,0.0,0.0,0.0,0.0,0.0,0.0,0.0,0.0,0.0,0.1875,1.0,0.0,2.0,0.42857142857142855,0.125,1.0,0.0,2.0,0.42857142857142855,0.0,0.0,0.0,0.0,43.5,7.0,6.0,2.0,99.42857142857143,32.958333333333336,8.0,6.0,4.0,99.42857142857143
F47,147,1.7504583333333334,1.1163616825357996,0.6340966507975339,0.0,0.0,0.0,0.0,0.0,0.0,0.0,0.0,0.0,0.0,0.0,0.0,0.0,0.0,0.0,0.0,0.0,0.0,0.0,0.0,0.0,0.0,0.0,0.0,0.0,0.0,0.0,0.0,0.0,0.0,0.0,0.0,0.0,0.0,0.0,0.0,0.0,0.0,0.0,0.0,0.0,0.0,11.88888888888889,2.0,1.0,2.0,50.4375,9.0,8.0,2.0,88.11111111111111,53.833333333333336,15.0,12.0,5.0,88.11111111111111,3.6666666666666665,2.0,0.0,2.0,8.8125,6.0,0.0,9.0,11.761904761904763,5.875,6.0,0.0,9.0,11.761904761904763,0.0,0.0,0.0,0.0,0.0,0.0,0.0,0.0,0.0,0.0,0.0,0.0,0.0,0.0,11.88888888888889,2.0,1.0,2.0,50.4375,9.0,8.0,2.0,88.11111111111111,41.291666666666664,11.0,9.0,4.0,88.11111111111111
F47,148,0.40570833333333334,0.43075935547657546,-0.02505102214324212,0.0,0.0,0.0,0.0,9.5,7.0,0.0,7.0,21.714285714285715,10.041666666666666,13.0,0.0,14.0,21.714285714285715,100.0,9.0,9.0,0.0,78.0,14.0,11.0,4.0,-50.285714285714285,64.0,20.0,11.0,12.0,-50.285714285714285,100.0,9.0,9.0,0.0,85.5,15.0,12.0,4.0,-33.14285714285714,73.33333333333333,23.0,13.0,12.0,-33.14285714285714,0.2222222222222222,2.0,0.0,1.0,14.75,9.0,0.0,8.0,33.20634920634921,10.583333333333334,12.0,0.0,13.0,33.20634920634921,0.0,0.0,0.0,0.0,0.0,0.0,0.0,0.0,0.0,0.0,0.0,0.0,0.0,0.0,0.0,0.0,0.0,0.0,0.0,0.0,0.0,0.0,0.0,0.0,0.0,0.0,0.0,0.0,1.6666666666666667,2.0,0.0,2.0,27.4375,9.0,0.0,9.0,58.904761904761905,21.375,15.0,0.0,14.0,58.904761904761905
F47,149,0.6973333333333334,0.724118166441158,-0.026784833107824646,0.0,0.0,0.0,0.0,0.0625,1.0,0.0,1.0,0.14285714285714285,0.125,3.0,0.0,3.0,0.14285714285714285,44.77777777777778,9.0,0.0,8.0,45.6875,16.0,0.0,15.0,2.0793650793650755,45.125,24.0,0.0,21.0,2.0793650793650755,0.0,0.0,0.0,0.0,0.0,0.0,0.0,0.0,0.0,1.375,2.0,0.0,3.0,0.0,0.0,0.0,0.0,0.0,40.4375,7.0,6.0,2.0,92.42857142857143,31.291666666666668,9.0,7.0,4.0,92.42857142857143,0.0,0.0,0.0,0.0,0.0,0.0,0.0,0.0,0.0,0.0,0.0,0.0,0.0,0.0,0.0,0.0,0.0,0.0,0.0,0.0,0.0,0.0,0.0,0.0,0.0,0.0,0.0,0.0,0.0,0.0,0.0,0.0,43.5,7.0,6.0,2.0,99.42857142857143,33.333333333333336,9.0,7.0,4.0,99.42857142857143
F47,150,0.4267916666666667,0.5267229271441144,-0.09993126047744771,8.88888888888889,5.0,0.0,6.0,20.5625,12.0,0.0,10.0,26.68253968253968,19.208333333333332,20.0,0.0,15.0,26.68253968253968,23.666666666666668,5.0,0.0,5.0,21.75,7.0,0.0,9.0,-4.380952380952383,33.25,14.0,1.0,16.0,-4.380952380952383,61.666666666666664,9.0,3.0,5.0,39.5625,10.0,3.0,7.0,-50.52380952380952,46.958333333333336,17.0,3.0,14.0,-50.52380952380952,4.444444444444445,4.0,0.0,4.0,31.3125,11.0,0.0,10.0,61.41269841269842,24.416666666666668,14.0,0.0,14.0,61.41269841269842,0.0,0.0,0.0,0.0,0.0,0.0,0.0,0.0,0.0,0.0,0.0,0.0,0.0,0.0,0.0,0.0,0.0,0.0,0.0,0.0,0.0,0.0,0.0,0.0,0.0,0.0,0.0,0.0,7.333333333333333,6.0,0.0,6.0,40.9375,13.0,0.0,12.0,76.80952380952381,34.0,21.0,0.0,19.0,76.80952380952381
F47,151,1.3133333333333332,1.0096354281466942,0.3036979051866391,0.0,0.0,0.0,0.0,6.875,4.0,0.0,4.0,15.714285714285714,4.583333333333333,4.0,0.0,4.0,15.714285714285714,0.0,0.0,0.0,0.0,0.0,0.0,0.0,0.0,0.0,0.0,0.0,0.0,0.0,0.0,0.0,0.0,0.0,0.0,0.0,0.0,0.0,0.0,0.0,0.0,0.0,0.0,0.0,0.0,5.777777777777778,1.0,0.0,1.0,47.0,8.0,7.0,2.0,94.22222222222223,51.166666666666664,13.0,11.0,4.0,94.22222222222223,2.7777777777777777,1.0,0.0,2.0,8.125,4.0,0.0,6.0,12.222222222222221,5.416666666666667,4.0,0.0,6.0,12.222222222222221,0.0,0.0,0.0,0.0,1.0625,2.0,0.0,3.0,2.4285714285714284,0.7083333333333334,2.0,0.0,3.0,2.4285714285714284,0.0,0.0,0.0,0.0,41.5,7.0,6.0,2.0,94.85714285714286,35.625,9.0,7.0,4.0,94.85714285714286
F47,152,0.4427083333333333,0.583905178920158,-0.14119684558682472,10.444444444444445,9.0,0.0,4.0,15.625,16.0,0.0,11.0,11.84126984126984,19.791666666666668,24.0,0.0,16.0,11.84126984126984,0.0,0.0,0.0,0.0,0.0,0.0,0.0,0.0,0.0,9.166666666666666,4.0,0.0,5.0,0.0,2.5555555555555554,1.0,0.0,1.0,1.4375,1.0,0.0,1.0,-2.5555555555555554,16.875,7.0,2.0,6.0,-2.5555555555555554,19.666666666666668,9.0,0.0,7.0,42.0625,16.0,0.0,13.0,51.19047619047619,36.208333333333336,24.0,0.0,19.0,51.19047619047619,0.0,0.0,0.0,0.0,0.0,0.0,0.0,0.0,0.0,0.0,0.0,0.0,0.0,0.0,0.0,0.0,0.0,0.0,0.0,0.0,0.0,0.0,0.0,0.0,0.0,0.0,0.0,0.0,27.555555555555557,9.0,0.0,6.0,58.0625,16.0,3.0,10.0,69.73015873015873,49.833333333333336,24.0,4.0,15.0,69.73015873015873
F47,153,0.8378333333333333,0.7912515241697088,0.04658180916362453,0.0,0.0,0.0,0.0,3.75,6.0,0.0,6.0,8.571428571428571,3.0,8.0,0.0,9.0,8.571428571428571,42.666666666666664,9.0,0.0,3.0,45.375,16.0,0.0,8.0,6.19047619047619,44.875,24.0,0.0,15.0,6.19047619047619,0.0,0.0,0.0,0.0,0.0,0.0,0.0,0.0,0.0,0.0,0.0,0.0,0.0,0.0,0.0,0.0,0.0,0.0,40.4375,7.0,6.0,2.0,92.42857142857143,31.625,9.0,7.0,4.0,92.42857142857143,0.0,0.0,0.0,0.0,0.0,0.0,0.0,0.0,0.0,0.0,0.0,0.0,0.0,0.0,0.0,0.0,0.0,0.0,4.5,5.0,0.0,4.0,10.285714285714286,3.0,5.0,0.0,5.0,10.285714285714286,0.0,0.0,0.0,0.0,43.5,7.0,6.0,2.0,99.42857142857143,33.666666666666664,9.0,7.0,4.0,99.42857142857143
F47,154,1.6209999999999998,1.0532634196224024,0.5677365803775973,0.0,0.0,0.0,0.0,12.5,5.0,0.0,4.0,28.571428571428573,8.333333333333334,5.0,0.0,5.0,28.571428571428573,0.0,0.0,0.0,0.0,0.0,0.0,0.0,0.0,0.0,0.0,0.0,0.0,0.0,0.0,0.0,0.0,0.0,0.0,0.0,0.0,0.0,0.0,0.0,0.0,0.0,0.0,0.0,0.0,12.333333333333334,2.0,1.0,2.0,50.6875,9.0,8.0,2.0,87.66666666666667,53.916666666666664,14.0,12.0,4.0,87.66666666666667,2.7777777777777777,1.0,0.0,2.0,14.75,4.0,1.0,6.0,27.365079365079364,9.833333333333334,4.0,1.0,6.0,27.365079365079364,0.0,0.0,0.0,0.0,0.0,0.0,0.0,0.0,0.0,0.0,0.0,0.0,0.0,0.0,2.4444444444444446,1.0,0.0,1.0,45.125,8.0,7.0,2.0,97.55555555555556,40.208333333333336,11.0,9.0,4.0,97.55555555555556
F47,155,0.41566666666666663,0.42908495961242227,-0.013418292945755639,19.0,7.0,0.0,6.0,15.875,12.0,0.0,11.0,-7.142857142857142,10.583333333333334,12.0,0.0,12.0,-7.142857142857142,59.111111111111114,8.0,2.0,7.0,70.75,15.0,7.0,10.0,26.603174603174594,80.5,23.0,15.0,10.0,26.603174603174594,72.44444444444444,9.0,2.0,7.0,77.8125,16.0,7.0,10.0,12.269841269841265,85.20833333333333,24.0,15.0,10.0,12.269841269841265,2.0,3.0,0.0,3.0,16.0625,10.0,0.0,10.0,32.142857142857146,10.708333333333334,10.0,0.0,11.0,32.142857142857146,0.0,0.0,0.0,0.0,0.0,0.0,0.0,0.0,0.0,0.8333333333333334,1.0,0.0,2.0,0.0,0.0,0.0,0.0,0.0,0.0,0.0,0.0,0.0,0.0,0.0,0.0,0.0,0.0,0.0,5.444444444444445,3.0,0.0,3.0,22.0625,10.0,0.0,10.0,37.98412698412699,14.708333333333334,10.0,0.0,11.0,37.98412698412699
F47,156,0.83225,0.7657653420984754,0.06648465790152469,0.0,0.0,0.0,0.0,2.0625,5.0,0.0,5.0,4.714285714285714,1.375,5.0,0.0,6.0,4.714285714285714,43.77777777777778,9.0,0.0,6.0,45.9375,16.0,0.0,11.0,4.936507936507937,44.541666666666664,24.0,0.0,15.0,4.936507936507937,6.888888888888889,3.0,0.0,3.0,6.25,4.0,0.0,5.0,-1.4603174603174605,6.25,5.0,0.0,7.0,-1.4603174603174605,0.0,0.0,0.0,0.0,40.4375,7.0,6.0,2.0,92.42857142857143,31.625,9.0,7.0,4.0,92.42857142857143,0.0,0.0,0.0,0.0,0.0,0.0,0.0,0.0,0.0,0.0,0.0,0.0,0.0,0.0,0.0,0.0,0.0,0.0,1.8125,4.0,0.0,3.0,4.142857142857143,1.2083333333333333,4.0,0.0,4.0,4.142857142857143,0.1111111111111111,1.0,0.0,1.0,43.5625,8.0,6.0,3.0,99.31746031746032,33.708333333333336,10.0,7.0,5.0,99.31746031746032
F47,157,1.2108333333333332,1.1457076043226566,0.06512572901067659,0.0,0.0,0.0,0.0,0.0,0.0,0.0,0.0,0.0,0.0,0.0,0.0,0.0,0.0,0.0,0.0,0.0,0.0,0.0,0.0,0.0,0.0,0.0,0.0,0.0,0.0,0.0,0.0,0.0,0.0,0.0,0.0,0.0,0.0,0.0,0.0,0.0,0.0,0.0,0.0,0.0,0.0,0.0,0.0,0.0,0.0,42.9375,7.0,6.0,2.0,98.14285714285714,48.875,12.0,10.0,4.0,98.14285714285714,1.1111111111111112,1.0,0.0,2.0,2.0625,3.0,0.0,5.0,2.1746031746031744,1.375,3.0,0.0,5.0,2.1746031746031744,0.0,0.0,0.0,0.0,0.0,0.0,0.0,0.0,0.0,0.0,0.0,0.0,0.0,0.0,0.0,0.0,0.0,0.0,40.4375,7.0,6.0,2.0,92.42857142857143,35.333333333333336,10.0,7.0,5.0,92.42857142857143
F47,158,0.410125,0.46401032590849467,-0.05388532590849465,0.0,0.0,0.0,0.0,7.125,5.0,0.0,4.0,16.285714285714285,5.5,7.0,0.0,7.0,16.285714285714285,100.0,9.0,9.0,0.0,85.625,16.0,10.0,5.0,-32.85714285714286,88.0,24.0,17.0,7.0,-32.85714285714286,100.0,9.0,9.0,0.0,88.25,16.0,10.0,6.0,-26.85714285714286,90.79166666666667,24.0,17.0,8.0,-26.85714285714286,0.0,0.0,0.0,0.0,11.3125,7.0,0.0,5.0,25.857142857142858,8.75,9.0,0.0,8.0,25.857142857142858,0.0,0.0,0.0,0.0,0.0,0.0,0.0,0.0,0.0,0.0,0.0,0.0,0.0,0.0,0.0,0.0,0.0,0.0,0.0,0.0,0.0,0.0,0.0,0.0,0.0,0.0,0.0,0.0,0.0,0.0,0.0,0.0,20.875,7.0,0.0,6.0,47.714285714285715,15.416666666666666,9.0,0.0,9.0,47.714285714285715
F47,159,0.721,0.7648023008493842,-0.04380230084938419,0.0,0.0,0.0,0.0,2.0,5.0,0.0,4.0,4.571428571428571,1.3333333333333333,5.0,0.0,5.0,4.571428571428571,42.888888888888886,9.0,0.0,7.0,45.6875,16.0,0.0,14.0,6.396825396825399,44.708333333333336,24.0,0.0,21.0,6.396825396825399,67.11111111111111,8.0,3.0,7.0,40.6875,9.0,3.0,9.0,-60.3968253968254,30.25,10.0,3.0,11.0,-60.3968253968254,0.0,0.0,0.0,0.0,40.4375,7.0,6.0,2.0,92.42857142857143,31.958333333333332,9.0,7.0,4.0,92.42857142857143,0.0,0.0,0.0,0.0,0.0,0.0,0.0,0.0,0.0,0.0,0.0,0.0,0.0,0.0,0.0,0.0,0.0,0.0,2.0625,4.0,0.0,5.0,4.714285714285714,1.375,4.0,0.0,6.0,4.714285714285714,0.0,0.0,0.0,0.0,43.5,7.0,6.0,2.0,99.42857142857143,34.0,9.0,7.0,4.0,99.42857142857143
F47,160,0.6937083333333334,0.962317544398627,-0.2686092110652937,0.0,0.0,0.0,0.0,2.4375,2.0,0.0,3.0,5.571428571428571,1.625,2.0,0.0,3.0,5.571428571428571,0.0,0.0,0.0,0.0,0.0,0.0,0.0,0.0,0.0,0.0,0.0,0.0,0.0,0.0,99.66666666666667,9.0,8.0,1.0,60.25,10.0,8.0,3.0,-90.0952380952381,40.166666666666664,10.0,8.0,3.0,-90.0952380952381,0.0,0.0,0.0,0.0,40.875,7.0,6.0,2.0,93.42857142857143,47.625,12.0,10.0,4.0,93.42857142857143,3.888888888888889,1.0,0.0,2.0,11.0625,5.0,0.0,7.0,16.396825396825395,7.375,5.0,0.0,7.0,16.396825396825395,0.0,0.0,0.0,0.0,0.625,3.0,0.0,3.0,1.4285714285714286,0.4166666666666667,3.0,0.0,4.0,1.4285714285714286,0.0,0.0,0.0,0.0,43.0625,7.0,6.0,2.0,98.42857142857143,37.25,10.0,8.0,4.0,98.42857142857143
F47,161,0.646,1.1925342154263725,-0.5465342154263725,0.0,0.0,0.0,0.0,4.8125,4.0,0.0,4.0,11.0,3.2083333333333335,4.0,0.0,5.0,11.0,0.0,0.0,0.0,0.0,0.0,0.0,0.0,0.0,0.0,0.0,0.0,0.0,0.0,0.0,69.22222222222223,7.0,6.0,2.0,45.3125,9.0,7.0,4.0,-54.65079365079366,30.208333333333332,9.0,7.0,4.0,-54.65079365079366,12.666666666666666,2.0,1.0,2.0,50.875,9.0,8.0,2.0,87.33333333333333,54.375,14.0,12.0,4.0,87.33333333333333,3.3333333333333335,1.0,0.0,2.0,7.0,4.0,0.0,6.0,8.38095238095238,4.666666666666667,4.0,0.0,6.0,8.38095238095238,0.0,0.0,0.0,0.0,0.125,1.0,0.0,2.0,0.2857142857142857,0.08333333333333333,1.0,0.0,2.0,0.2857142857142857,0.0,0.0,0.0,0.0,43.1875,7.0,6.0,2.0,98.71428571428571,37.375,10.0,8.0,4.0,98.71428571428571
F47,163,0.56975,0.8345630509032618,-0.2648130509032618,0.0,0.0,0.0,0.0,7.3125,5.0,0.0,3.0,16.714285714285715,4.875,5.0,0.0,4.0,16.714285714285715,0.0,0.0,0.0,0.0,0.0,0.0,0.0,0.0,0.0,0.0,0.0,0.0,0.0,0.0,49.44444444444444,5.0,4.0,2.0,34.1875,7.0,5.0,4.0,-34.87301587301587,22.791666666666668,7.0,5.0,4.0,-34.87301587301587,4.666666666666667,1.0,0.0,1.0,46.375,8.0,7.0,2.0,95.33333333333333,51.5,13.0,11.0,4.0,95.33333333333333,3.5555555555555554,1.0,0.0,2.0,20.75,5.0,2.0,6.0,39.3015873015873,13.833333333333334,5.0,2.0,6.0,39.3015873015873,0.0,0.0,0.0,0.0,1.375,3.0,0.0,4.0,3.142857142857143,0.9166666666666666,3.0,0.0,4.0,3.142857142857143,0.0,0.0,0.0,0.0,43.1875,7.0,6.0,2.0,98.71428571428571,38.125,10.0,8.0,4.0,98.71428571428571
F47,165,0.487875,0.4246893391887114,0.06318566081128862,0.0,0.0,0.0,0.0,11.9375,7.0,0.0,2.0,27.285714285714285,11.125,15.0,0.0,7.0,27.285714285714285,100.0,9.0,9.0,0.0,62.625,11.0,9.0,3.0,-85.42857142857143,66.04166666666667,19.0,11.0,10.0,-85.42857142857143,100.0,9.0,9.0,0.0,62.625,11.0,9.0,3.0,-85.42857142857143,68.0,19.0,11.0,9.0,-85.42857142857143,1.0,9.0,0.0,0.0,16.125,16.0,0.0,2.0,34.57142857142857,13.25,19.0,0.0,5.0,34.57142857142857,0.0,0.0,0.0,0.0,0.0,0.0,0.0,0.0,0.0,0.0,0.0,0.0,0.0,0.0,0.0,0.0,0.0,0.0,0.0,0.0,0.0,0.0,0.0,0.0,0.0,0.0,0.0,0.0,0.0,0.0,0.0,0.0,26.375,7.0,0.0,5.0,60.285714285714285,21.5,12.0,0.0,10.0,60.285714285714285
F47,166,0.6535,0.6946955572075922,-0.04119555720759227,0.0,0.0,0.0,0.0,2.4375,5.0,0.0,5.0,5.571428571428571,1.625,5.0,0.0,6.0,5.571428571428571,42.55555555555556,9.0,0.0,4.0,44.875,16.0,0.0,10.0,5.301587301587297,43.375,24.0,0.0,17.0,5.301587301587297,6.888888888888889,2.0,0.0,2.0,5.75,3.0,0.0,4.0,-2.6031746031746037,6.958333333333333,4.0,0.0,6.0,-2.6031746031746037,0.0,0.0,0.0,0.0,40.9375,7.0,6.0,2.0,93.57142857142857,32.625,9.0,7.0,4.0,93.57142857142857,0.0,0.0,0.0,0.0,0.0,0.0,0.0,0.0,0.0,0.0,0.0,0.0,0.0,0.0,0.0,0.0,0.0,0.0,2.125,4.0,0.0,5.0,4.857142857142857,1.4166666666666667,4.0,0.0,5.0,4.857142857142857,0.5555555555555556,1.0,0.0,1.0,44.0625,8.0,7.0,2.0,99.44444444444444,34.708333333333336,10.0,8.0,4.0,99.44444444444444
F47,167,0.459625,0.457614966645478,0.0020100333545219895,0.0,0.0,0.0,0.0,5.625,7.0,0.0,7.0,12.857142857142858,4.958333333333333,9.0,0.0,10.0,12.857142857142858,100.0,9.0,9.0,0.0,62.3125,11.0,9.0,3.0,-86.14285714285714,70.91666666666667,19.0,14.0,7.0,-86.14285714285714,100.0,9.0,9.0,0.0,62.4375,11.0,9.0,3.0,-85.85714285714286,71.91666666666667,19.0,14.0,7.0,-85.85714285714286,0.0,0.0,0.0,0.0,14.3125,7.0,0.0,7.0,32.714285714285715,12.0,15.0,0.0,9.0,32.714285714285715,0.0,0.0,0.0,0.0,0.0,0.0,0.0,0.0,0.0,0.0,0.0,0.0,0.0,0.0,0.0,0.0,0.0,0.0,0.0,0.0,0.0,0.0,0.0,0.0,0.0,0.0,0.0,0.0,0.0,0.0,0.0,0.0,26.75,7.0,0.0,6.0,61.142857142857146,21.0,15.0,0.0,9.0,61.142857142857146
F47,168,0.782625,0.6887522867802414,0.09387271321975865,0.0,0.0,0.0,0.0,2.25,4.0,0.0,3.0,5.142857142857143,1.5,4.0,0.0,4.0,5.142857142857143,42.44444444444444,9.0,0.0,8.0,44.0,16.0,0.0,14.0,3.555555555555557,43.125,24.0,0.0,21.0,3.555555555555557,23.444444444444443,6.0,0.0,7.0,15.5625,7.0,0.0,9.0,-18.015873015873012,13.5,8.0,0.0,11.0,-18.015873015873012,0.0,0.0,0.0,0.0,40.9375,7.0,6.0,2.0,93.57142857142857,32.625,9.0,7.0,4.0,93.57142857142857,0.0,0.0,0.0,0.0,0.0,0.0,0.0,0.0,0.0,0.0,0.0,0.0,0.0,0.0,0.0,0.0,0.0,0.0,0.8125,3.0,0.0,4.0,1.8571428571428572,0.5416666666666666,3.0,0.0,4.0,1.8571428571428572,0.5555555555555556,1.0,0.0,1.0,44.0625,8.0,7.0,2.0,99.44444444444444,34.708333333333336,10.0,8.0,4.0,99.44444444444444
F47,169,0.4135416666666667,0.4460434495801601,-0.03250178291349343,0.0,0.0,0.0,0.0,12.0625,7.0,0.0,2.0,27.571428571428573,10.416666666666666,11.0,0.0,5.0,27.571428571428573,100.0,9.0,9.0,0.0,66.4375,11.0,10.0,2.0,-76.71428571428572,74.16666666666667,19.0,16.0,5.0,-76.71428571428572,100.0,9.0,9.0,0.0,66.4375,11.0,10.0,2.0,-76.71428571428572,74.16666666666667,19.0,16.0,5.0,-76.71428571428572,0.0,0.0,0.0,0.0,16.0,7.0,0.0,2.0,36.57142857142857,13.291666666666666,11.0,0.0,5.0,36.57142857142857,0.0,0.0,0.0,0.0,0.0,0.0,0.0,0.0,0.0,0.0,0.0,0.0,0.0,0.0,0.0,0.0,0.0,0.0,0.0,0.0,0.0,0.0,0.0,0.0,0.0,0.0,0.0,0.0,0.0,0.0,0.0,0.0,28.375,7.0,0.0,5.0,64.85714285714286,22.333333333333332,11.0,0.0,9.0,64.85714285714286
F47,170,0.7702083333333333,0.726086830120135,0.0441215032131983,0.0,0.0,0.0,0.0,5.1875,5.0,0.0,3.0,11.857142857142858,3.4583333333333335,5.0,0.0,4.0,11.857142857142858,0.0,0.0,0.0,0.0,0.0,0.0,0.0,0.0,0.0,0.0,0.0,0.0,0.0,0.0,82.77777777777777,9.0,6.0,4.0,50.125,10.0,6.0,6.0,-74.63492063492063,33.416666666666664,10.0,6.0,6.0,-74.63492063492063,0.0,0.0,0.0,0.0,43.0625,7.0,6.0,2.0,98.42857142857143,49.75,13.0,11.0,4.0,98.42857142857143,3.111111111111111,1.0,0.0,2.0,10.375,5.0,0.0,7.0,16.603174603174605,6.916666666666667,5.0,0.0,7.0,16.603174603174605,0.0,0.0,0.0,0.0,1.25,3.0,0.0,4.0,2.857142857142857,0.8333333333333334,3.0,0.0,4.0,2.857142857142857,0.0,0.0,0.0,0.0,42.5625,7.0,6.0,2.0,97.28571428571429,36.916666666666664,10.0,8.0,4.0,97.28571428571429
F47,171,0.8664999999999999,0.6867560245831705,0.1797439754168294,0.0,0.0,0.0,0.0,2.6875,5.0,0.0,5.0,6.142857142857143,1.9166666666666667,6.0,0.0,7.0,6.142857142857143,42.333333333333336,9.0,0.0,6.0,44.625,16.0,0.0,12.0,5.238095238095234,43.0,24.0,0.0,19.0,5.238095238095234,54.0,9.0,1.0,8.0,32.25,10.0,1.0,10.0,-49.714285714285715,24.625,12.0,1.0,13.0,-49.714285714285715,0.0,0.0,0.0,0.0,41.5,7.0,6.0,2.0,94.85714285714286,33.333333333333336,9.0,7.0,4.0,94.85714285714286,0.0,0.0,0.0,0.0,0.0,0.0,0.0,0.0,0.0,0.0,0.0,0.0,0.0,0.0,0.0,0.0,0.0,0.0,3.3125,5.0,0.0,4.0,7.571428571428571,2.2083333333333335,5.0,0.0,5.0,7.571428571428571,1.5555555555555556,1.0,0.0,1.0,44.625,8.0,7.0,2.0,98.44444444444444,35.416666666666664,10.0,8.0,4.0,98.44444444444444
F47,173,0.9253333333333332,0.7157531446379316,0.20958018869540163,0.0,0.0,0.0,0.0,0.375,1.0,0.0,2.0,0.8571428571428571,0.25,1.0,0.0,2.0,0.8571428571428571,0.0,0.0,0.0,0.0,0.0,0.0,0.0,0.0,0.0,0.0,0.0,0.0,0.0,0.0,0.0,0.0,0.0,0.0,0.0,0.0,0.0,0.0,0.0,0.0,0.0,0.0,0.0,0.0,15.222222222222221,3.0,1.0,4.0,52.3125,10.0,8.0,4.0,84.77777777777777,68.20833333333333,18.0,16.0,4.0,84.77777777777777,3.6666666666666665,1.0,0.0,2.0,10.9375,3.0,1.0,5.0,16.619047619047617,7.291666666666667,3.0,1.0,5.0,16.619047619047617,0.0,0.0,0.0,0.0,0.25,2.0,0.0,2.0,0.5714285714285714,0.16666666666666666,2.0,0.0,2.0,0.5714285714285714,0.0,0.0,0.0,0.0,40.875,7.0,6.0,2.0,93.42857142857143,36.541666666666664,10.0,8.0,4.0,93.42857142857143
F47,174,1.0531666666666666,0.6094745629182686,0.44369210374839796,0.0,0.0,0.0,0.0,2.375,6.0,0.0,6.0,5.428571428571429,1.5833333333333333,6.0,0.0,7.0,5.428571428571429,42.111111111111114,9.0,0.0,4.0,43.25,16.0,0.0,10.0,2.603174603174601,41.791666666666664,24.0,0.0,17.0,2.603174603174601,0.0,0.0,0.0,0.0,0.0,0.0,0.0,0.0,0.0,3.125,2.0,0.0,3.0,0.0,0.0,0.0,0.0,0.0,41.5,7.0,6.0,2.0,94.85714285714286,33.333333333333336,9.0,7.0,4.0,94.85714285714286,0.0,0.0,0.0,0.0,0.0,0.0,0.0,0.0,0.0,0.0,0.0,0.0,0.0,0.0,0.0,0.0,0.0,0.0,0.5,3.0,0.0,4.0,1.1428571428571428,0.3333333333333333,3.0,0.0,4.0,1.1428571428571428,1.5555555555555556,1.0,0.0,1.0,44.625,8.0,7.0,2.0,98.44444444444444,35.416666666666664,10.0,8.0,4.0,98.44444444444444
F47,175,0.40491666666666665,0.4470322587296522,-0.04211559206298554,0.0,0.0,0.0,0.0,13.625,7.0,0.0,5.0,31.142857142857142,13.083333333333334,12.0,0.0,8.0,31.142857142857142,100.0,9.0,9.0,0.0,60.625,10.0,9.0,2.0,-90.0,61.791666666666664,17.0,10.0,8.0,-90.0,100.0,9.0,9.0,0.0,60.625,10.0,9.0,2.0,-90.0,62.916666666666664,17.0,10.0,8.0,-90.0,0.0,0.0,0.0,0.0,26.1875,7.0,0.0,5.0,59.857142857142854,22.75,11.0,0.0,9.0,59.857142857142854,0.0,0.0,0.0,0.0,0.0,0.0,0.0,0.0,0.0,0.0,0.0,0.0,0.0,0.0,0.0,0.0,0.0,0.0,0.0,0.0,0.0,0.0,0.0,0.0,0.0,0.0,0.0,0.0,0.0,0.0,0.0,0.0,35.875,7.0,0.0,5.0,82.0,32.083333333333336,15.0,0.0,11.0,82.0
F47,176,0.9803333333333333,0.7919677635009993,0.188365569832334,0.0,0.0,0.0,0.0,2.4375,3.0,0.0,4.0,5.571428571428571,1.625,3.0,0.0,4.0,5.571428571428571,0.0,0.0,0.0,0.0,0.0,0.0,0.0,0.0,0.0,0.0,0.0,0.0,0.0,0.0,0.0,0.0,0.0,0.0,0.0,0.0,0.0,0.0,0.0,0.0,0.0,0.0,0.0,0.0,15.444444444444445,3.0,1.0,3.0,52.4375,10.0,8.0,3.0,84.55555555555556,68.29166666666667,18.0,16.0,3.0,84.55555555555556,3.111111111111111,1.0,0.0,2.0,7.25,4.0,0.0,7.0,9.46031746031746,4.833333333333333,4.0,0.0,7.0,9.46031746031746,0.0,0.0,0.0,0.0,0.0,0.0,0.0,0.0,0.0,0.0,0.0,0.0,0.0,0.0,3.0,1.0,0.0,1.0,45.4375,8.0,7.0,2.0,97.0,39.708333333333336,11.0,9.0,4.0,97.0
F47,177,1.4867916666666667,0.9057969150938803,0.5809947515727865,0.0,0.0,0.0,0.0,4.0625,6.0,0.0,6.0,9.285714285714286,3.2083333333333335,8.0,0.0,9.0,9.285714285714286,42.111111111111114,9.0,0.0,5.0,43.625,16.0,0.0,10.0,3.460317460317455,42.958333333333336,24.0,0.0,16.0,3.460317460317455,0.0,0.0,0.0,0.0,0.0,0.0,0.0,0.0,0.0,0.0,0.0,0.0,0.0,0.0,0.0,0.0,0.0,0.0,41.5,7.0,6.0,2.0,94.85714285714286,33.375,9.0,7.0,4.0,94.85714285714286,0.0,0.0,0.0,0.0,0.0,0.0,0.0,0.0,0.0,0.0,0.0,0.0,0.0,0.0,0.0,0.0,0.0,0.0,2.0625,4.0,0.0,5.0,4.714285714285714,1.375,4.0,0.0,6.0,4.714285714285714,1.5555555555555556,1.0,0.0,1.0,44.625,8.0,7.0,2.0,98.44444444444444,35.416666666666664,10.0,8.0,4.0,98.44444444444444
F47,178,0.30579166666666663,0.6427756908135566,-0.33698402414688994,19.0,9.0,0.0,6.0,34.125,16.0,0.0,13.0,34.57142857142857,29.375,24.0,0.0,19.0,34.57142857142857,49.44444444444444,9.0,0.0,8.0,50.75,16.0,0.0,15.0,2.9841269841269877,51.0,24.0,0.0,23.0,2.9841269841269877,0.0,0.0,0.0,0.0,24.625,6.0,1.0,6.0,56.285714285714285,19.416666666666668,8.0,1.0,9.0,56.285714285714285,70.0,9.0,4.0,6.0,56.5,16.0,4.0,13.0,-30.857142857142854,63.125,24.0,9.0,17.0,-30.857142857142854,0.0,0.0,0.0,0.0,0.0,0.0,0.0,0.0,0.0,0.0,0.0,0.0,0.0,0.0,0.0,0.0,0.0,0.0,0.0,0.0,0.0,0.0,0.0,0.0,0.0,0.0,0.0,0.0,78.22222222222223,9.0,4.0,6.0,56.6875,16.0,4.0,13.0,-49.22222222222223,64.83333333333333,24.0,9.0,17.0,-49.22222222222223
F47,179,0.248,0.21456725568565202,0.03343274431434798,25.11111111111111,9.0,0.0,7.0,35.8125,16.0,0.0,14.0,24.46031746031746,30.583333333333332,24.0,0.0,20.0,24.46031746031746,49.333333333333336,9.0,0.0,8.0,50.875,16.0,0.0,14.0,3.5238095238095184,52.083333333333336,24.0,0.0,20.0,3.5238095238095184,0.0,0.0,0.0,0.0,18.6875,6.0,0.0,6.0,42.714285714285715,15.416666666666666,8.0,0.0,9.0,42.714285714285715,65.44444444444444,9.0,4.0,6.0,50.8125,16.0,4.0,13.0,-33.44444444444444,60.583333333333336,24.0,9.0,17.0,-33.44444444444444,0.0,0.0,0.0,0.0,0.0,0.0,0.0,0.0,0.0,0.0,0.0,0.0,0.0,0.0,0.0,0.0,0.0,0.0,0.125,1.0,0.0,2.0,0.2857142857142857,0.08333333333333333,1.0,0.0,2.0,0.2857142857142857,82.22222222222223,9.0,4.0,6.0,62.5,16.0,4.0,13.0,-45.07936507936508,69.70833333333333,24.0,9.0,17.0,-45.07936507936508
F47,180,0.20129166666666667,0.21454891988285077,-0.013257253216184095,19.0,9.0,0.0,6.0,34.3125,16.0,0.0,13.0,35.0,29.0,24.0,0.0,19.0,35.0,51.77777777777778,9.0,0.0,7.0,49.75,16.0,0.0,13.0,-4.634920634920633,50.125,24.0,0.0,20.0,-4.634920634920633,0.0,0.0,0.0,0.0,26.1875,7.0,2.0,6.0,59.857142857142854,20.791666666666668,9.0,2.0,9.0,59.857142857142854,94.33333333333333,9.0,5.0,4.0,87.125,16.0,5.0,11.0,-16.476190476190467,89.83333333333333,24.0,10.0,15.0,-16.476190476190467,0.0,0.0,0.0,0.0,0.0,0.0,0.0,0.0,0.0,0.0,0.0,0.0,0.0,0.0,0.0,0.0,0.0,0.0,0.125,1.0,0.0,1.0,0.2857142857142857,0.08333333333333333,1.0,0.0,2.0,0.2857142857142857,89.33333333333333,9.0,4.0,6.0,73.125,16.0,4.0,13.0,-37.047619047619044,77.45833333333333,24.0,9.0,17.0,-37.047619047619044
F47,191,0.29050000000000004,0.4582569626069606,-0.16775696260696055,0.0,0.0,0.0,0.0,29.0625,7.0,1.0,6.0,66.42857142857143,20.75,8.0,1.0,8.0,66.42857142857143,11.222222222222221,2.0,0.0,2.0,6.3125,2.0,0.0,3.0,-11.222222222222221,5.583333333333333,4.0,0.0,6.0,-11.222222222222221,0.0,0.0,0.0,0.0,0.0,0.0,0.0,0.0,0.0,0.0,0.0,0.0,0.0,0.0,10.555555555555555,1.0,0.0,1.0,49.6875,8.0,7.0,2.0,89.44444444444444,40.25,10.0,8.0,4.0,89.44444444444444,0.0,0.0,0.0,0.0,0.0,0.0,0.0,0.0,0.0,0.0,0.0,0.0,0.0,0.0,0.0,0.0,0.0,0.0,6.25,6.0,0.0,6.0,14.285714285714286,4.166666666666667,6.0,0.0,7.0,14.285714285714286,10.555555555555555,1.0,0.0,1.0,49.6875,8.0,7.0,2.0,89.44444444444444,40.25,10.0,8.0,4.0,89.44444444444444
F47,192,0.14441666666666667,0.1550875257827266,-0.010670859116059944,61.333333333333336,9.0,0.0,2.0,70.5625,16.0,0.0,8.0,21.095238095238095,70.83333333333333,24.0,0.0,15.0,21.095238095238095,0.0,0.0,0.0,0.0,6.875,3.0,0.0,5.0,15.714285714285714,4.583333333333333,3.0,0.0,5.0,15.714285714285714,0.0,0.0,0.0,0.0,3.125,1.0,0.0,2.0,7.142857142857143,2.0833333333333335,1.0,0.0,2.0,7.142857142857143,10.333333333333334,9.0,0.0,3.0,37.9375,16.0,0.0,10.0,63.095238095238095,37.25,24.0,0.0,18.0,63.095238095238095,0.0,0.0,0.0,0.0,0.0,0.0,0.0,0.0,0.0,0.0,0.0,0.0,0.0,0.0,0.0,0.0,0.0,0.0,0.0,0.0,0.0,0.0,0.0,0.0,0.0,0.0,0.0,0.0,13.555555555555555,9.0,0.0,3.0,41.25,16.0,0.0,10.0,63.301587301587304,40.458333333333336,24.0,0.0,17.0,63.301587301587304
F47,193,0.381,0.37928789135609936,0.001712108643900645,0.0,0.0,0.0,0.0,16.0625,7.0,0.0,5.0,36.714285714285715,11.125,8.0,0.0,7.0,36.714285714285715,9.444444444444445,1.0,0.0,1.0,6.25,2.0,0.0,3.0,-7.301587301587302,5.541666666666667,4.0,0.0,6.0,-7.301587301587302,14.777777777777779,3.0,0.0,3.0,8.3125,3.0,0.0,4.0,-14.777777777777779,8.291666666666666,5.0,0.0,7.0,-14.777777777777779,8.555555555555555,1.0,0.0,1.0,48.5625,8.0,7.0,2.0,91.44444444444444,39.583333333333336,10.0,8.0,4.0,91.44444444444444,0.0,0.0,0.0,0.0,0.0,0.0,0.0,0.0,0.0,0.0,0.0,0.0,0.0,0.0,0.0,0.0,0.0,0.0,3.0,4.0,0.0,5.0,6.857142857142857,2.0,4.0,0.0,5.0,6.857142857142857,8.555555555555555,1.0,0.0,1.0,48.5625,8.0,7.0,2.0,91.44444444444444,39.583333333333336,10.0,8.0,4.0,91.44444444444444
F47,194,0.253375,0.2464755662920467,0.0068994337079533175,6.111111111111111,9.0,0.0,5.0,10.1875,16.0,0.0,12.0,9.317460317460318,8.125,24.0,0.0,18.0,9.317460317460318,50.333333333333336,9.0,0.0,6.0,51.4375,16.0,0.0,12.0,2.5238095238095184,52.333333333333336,24.0,0.0,16.0,2.5238095238095184,26.77777777777778,9.0,0.0,8.0,15.0625,9.0,0.0,9.0,-26.77777777777778,14.541666666666666,12.0,0.0,13.0,-26.77777777777778,19.88888888888889,2.0,1.0,2.0,53.5625,9.0,5.0,6.0,76.96825396825398,37.958333333333336,10.0,5.0,8.0,76.96825396825398,0.0,0.0,0.0,0.0,0.4375,1.0,0.0,2.0,1.0,0.2916666666666667,1.0,0.0,2.0,1.0,0.0,0.0,0.0,0.0,8.75,7.0,0.0,7.0,20.0,5.833333333333333,7.0,0.0,8.0,20.0,20.0,2.0,1.0,2.0,53.625,9.0,5.0,6.0,76.85714285714286,37.958333333333336,10.0,5.0,8.0,76.85714285714286
F47,195,0.19183333333333333,0.19646608826956072,-0.00463275493622739,20.666666666666668,9.0,0.0,6.0,36.3125,15.0,1.0,13.0,35.76190476190476,38.791666666666664,23.0,1.0,17.0,35.76190476190476,61.0,9.0,1.0,8.0,50.6875,14.0,1.0,15.0,-23.57142857142857,37.583333333333336,19.0,1.0,21.0,-23.57142857142857,75.11111111111111,9.0,2.0,7.0,43.0,10.0,2.0,9.0,-73.3968253968254,32.458333333333336,15.0,2.0,15.0,-73.3968253968254,11.666666666666666,3.0,0.0,3.0,42.3125,10.0,4.0,7.0,70.04761904761904,38.166666666666664,16.0,5.0,12.0,70.04761904761904,0.0,0.0,0.0,0.0,0.0,0.0,0.0,0.0,0.0,0.0,0.0,0.0,0.0,0.0,0.0,0.0,0.0,0.0,2.8125,3.0,0.0,4.0,6.428571428571429,1.875,3.0,0.0,4.0,6.428571428571429,15.666666666666666,3.0,0.0,3.0,44.5,10.0,3.0,8.0,65.9047619047619,42.75,16.0,3.0,14.0,65.9047619047619
F47,196,0.18425,0.2410774760760219,-0.0568274760760219,22.333333333333332,7.0,0.0,2.0,25.6875,14.0,0.0,2.0,7.666666666666668,23.833333333333332,20.0,0.0,4.0,7.666666666666668,41.888888888888886,9.0,0.0,7.0,25.5625,10.0,0.0,9.0,-37.317460317460316,34.541666666666664,18.0,0.0,17.0,-37.317460317460316,41.888888888888886,9.0,0.0,7.0,25.5625,10.0,0.0,9.0,-37.317460317460316,34.541666666666664,18.0,0.0,17.0,-37.317460317460316,8.444444444444445,5.0,0.0,4.0,34.875,12.0,0.0,6.0,60.41269841269842,29.75,18.0,0.0,12.0,60.41269841269842,0.0,0.0,0.0,0.0,0.0,0.0,0.0,0.0,0.0,0.0,0.0,0.0,0.0,0.0,0.0,0.0,0.0,0.0,1.0,2.0,0.0,2.0,2.2857142857142856,0.6666666666666666,2.0,0.0,2.0,2.2857142857142856,12.444444444444445,3.0,0.0,3.0,46.9375,10.0,0.0,7.0,78.84126984126985,42.25,16.0,0.0,14.0,78.84126984126985
F47,209,0.6549583333333334,0.3920989190497833,0.26285941428355014,1.4444444444444444,5.0,0.0,6.0,5.0,12.0,0.0,13.0,8.126984126984127,4.916666666666667,20.0,0.0,20.0,8.126984126984127,31.88888888888889,8.0,0.0,8.0,37.0,15.0,0.0,14.0,11.68253968253968,38.708333333333336,23.0,0.0,21.0,11.68253968253968,16.666666666666668,5.0,0.0,8.0,10.75,6.0,0.0,10.0,-13.523809523809526,9.541666666666666,8.0,0.0,13.0,-13.523809523809526,0.0,0.0,0.0,0.0,40.375,7.0,6.0,2.0,92.28571428571429,29.916666666666668,8.0,6.0,4.0,92.28571428571429,0.0,0.0,0.0,0.0,1.25,2.0,0.0,3.0,2.857142857142857,0.8333333333333334,2.0,0.0,3.0,2.857142857142857,0.0,0.0,0.0,0.0,0.0,0.0,0.0,0.0,0.0,0.0,0.0,0.0,0.0,0.0,0.5555555555555556,1.0,0.0,1.0,43.9375,8.0,6.0,3.0,99.15873015873015,32.291666666666664,9.0,6.0,5.0,99.15873015873015
F47,210,0.51825,0.5170050930416571,0.0012449069583428951,0.0,0.0,0.0,0.0,0.0,0.0,0.0,0.0,0.0,0.0,0.0,0.0,0.0,0.0,9.333333333333334,7.0,0.0,7.0,7.3125,10.0,0.0,11.0,-4.6190476190476195,6.583333333333333,14.0,0.0,15.0,-4.6190476190476195,0.0,0.0,0.0,0.0,0.0,0.0,0.0,0.0,0.0,0.0,0.0,0.0,0.0,0.0,14.333333333333334,2.0,1.0,2.0,51.8125,9.0,8.0,2.0,85.66666666666667,63.458333333333336,16.0,14.0,4.0,85.66666666666667,5.444444444444445,2.0,0.0,2.0,3.6875,3.0,0.0,5.0,-4.015873015873016,2.4583333333333335,3.0,0.0,5.0,-4.015873015873016,0.0,0.0,0.0,0.0,0.0,0.0,0.0,0.0,0.0,0.0,0.0,0.0,0.0,0.0,14.333333333333334,2.0,1.0,2.0,51.8125,9.0,8.0,2.0,85.66666666666667,40.541666666666664,11.0,9.0,4.0,85.66666666666667
F47,212,0.521125,0.3672200913116436,0.15390490868835632,0.0,0.0,0.0,0.0,0.0,0.0,0.0,0.0,0.0,0.0,0.0,0.0,0.0,0.0,0.0,0.0,0.0,0.0,0.0,0.0,0.0,0.0,0.0,0.0,0.0,0.0,0.0,0.0,15.333333333333334,7.0,0.0,8.0,8.625,7.0,0.0,8.0,-15.333333333333334,13.791666666666666,12.0,0.0,13.0,-15.333333333333334,14.333333333333334,2.0,1.0,2.0,51.8125,9.0,8.0,2.0,85.66666666666667,53.041666666666664,14.0,12.0,4.0,85.66666666666667,2.7777777777777777,1.0,0.0,2.0,5.3125,3.0,0.0,6.0,5.7936507936507935,3.5416666666666665,3.0,0.0,6.0,5.7936507936507935,0.0,0.0,0.0,0.0,0.3125,1.0,0.0,2.0,0.7142857142857143,0.20833333333333334,1.0,0.0,2.0,0.7142857142857143,0.0,0.0,0.0,0.0,32.9375,6.0,5.0,2.0,75.28571428571429,28.625,8.0,6.0,4.0,75.28571428571429
F47,214,0.5314583333333333,0.4132261362322401,0.11823219710109317,0.0,0.0,0.0,0.0,1.875,2.0,0.0,3.0,4.285714285714286,1.25,2.0,0.0,3.0,4.285714285714286,0.0,0.0,0.0,0.0,0.0,0.0,0.0,0.0,0.0,0.0,0.0,0.0,0.0,0.0,65.22222222222223,8.0,2.0,7.0,36.6875,8.0,2.0,7.0,-65.22222222222223,25.916666666666668,10.0,2.0,9.0,-65.22222222222223,12.333333333333334,2.0,1.0,2.0,50.6875,9.0,8.0,2.0,87.66666666666667,52.375,14.0,12.0,4.0,87.66666666666667,3.6666666666666665,1.0,0.0,2.0,7.125,4.0,0.0,7.0,7.904761904761905,4.75,4.0,0.0,7.0,7.904761904761905,0.0,0.0,0.0,0.0,0.5625,3.0,0.0,4.0,1.2857142857142858,0.375,3.0,0.0,4.0,1.2857142857142858,0.0,0.0,0.0,0.0,33.5,6.0,5.0,2.0,76.57142857142857,29.666666666666668,8.0,6.0,4.0,76.57142857142857
F47,215,0.7052499999999999,0.6458787219331161,0.059371278066883804,0.0,0.0,0.0,0.0,3.875,7.0,0.0,5.0,8.857142857142858,3.8333333333333335,15.0,0.0,13.0,8.857142857142858,42.888888888888886,9.0,0.0,6.0,45.625,16.0,0.0,13.0,6.25396825396826,45.541666666666664,24.0,0.0,19.0,6.25396825396826,45.666666666666664,9.0,0.0,8.0,28.625,10.0,0.0,10.0,-38.95238095238095,22.208333333333332,12.0,0.0,13.0,-38.95238095238095,0.0,0.0,0.0,0.0,40.4375,7.0,6.0,2.0,92.42857142857143,30.208333333333332,8.0,6.0,4.0,92.42857142857143,0.0,0.0,0.0,0.0,12.125,5.0,0.0,6.0,27.714285714285715,8.083333333333334,5.0,0.0,6.0,27.714285714285715,0.0,0.0,0.0,0.0,0.0,0.0,0.0,0.0,0.0,0.0,0.0,0.0,0.0,0.0,0.1111111111111111,1.0,0.0,1.0,43.5625,8.0,6.0,3.0,99.31746031746032,32.291666666666664,9.0,6.0,5.0,99.31746031746032
F47,216,0.5559583333333333,0.9384374423941542,-0.38247910906082083,0.0,0.0,0.0,0.0,0.0,0.0,0.0,0.0,0.0,0.0,0.0,0.0,0.0,0.0,0.0,0.0,0.0,0.0,0.0,0.0,0.0,0.0,0.0,5.458333333333333,7.0,0.0,6.0,0.0,34.666666666666664,7.0,1.0,7.0,19.5,7.0,1.0,7.0,-34.666666666666664,13.0,7.0,1.0,7.0,-34.666666666666664,12.444444444444445,2.0,1.0,2.0,50.75,9.0,8.0,2.0,87.55555555555556,66.29166666666667,17.0,13.0,6.0,87.55555555555556,14.666666666666666,2.0,1.0,2.0,43.0625,8.0,6.0,4.0,64.9047619047619,28.708333333333332,8.0,6.0,4.0,64.9047619047619,0.0,0.0,0.0,0.0,0.0,0.0,0.0,0.0,0.0,0.0,0.0,0.0,0.0,0.0,0.0,0.0,0.0,0.0,36.1875,6.0,5.0,2.0,82.71428571428571,30.208333333333332,8.0,6.0,4.0,82.71428571428571
F47,229,1.78825,1.1005340423149692,0.6877159576850307,0.0,0.0,0.0,0.0,0.0,0.0,0.0,0.0,0.0,0.0,0.0,0.0,0.0,0.0,0.0,0.0,0.0,0.0,1.0625,1.0,0.0,2.0,2.4285714285714284,0.7083333333333334,1.0,0.0,2.0,2.4285714285714284,85.22222222222223,9.0,4.0,5.0,61.25,13.0,5.0,11.0,-54.7936507936508,43.25,17.0,5.0,16.0,-54.7936507936508,0.0,0.0,0.0,0.0,41.9375,7.0,6.0,2.0,95.85714285714286,30.916666666666668,8.0,6.0,4.0,95.85714285714286,0.0,0.0,0.0,0.0,1.5,3.0,0.0,6.0,3.4285714285714284,1.0,3.0,0.0,6.0,3.4285714285714284,0.0,0.0,0.0,0.0,0.0,0.0,0.0,0.0,0.0,0.0,0.0,0.0,0.0,0.0,0.0,0.0,0.0,0.0,41.9375,7.0,6.0,2.0,95.85714285714286,30.875,8.0,6.0,4.0,95.85714285714286
F47,230,0.460875,0.4350177356997567,0.025857264300243266,0.0,0.0,0.0,0.0,4.8125,7.0,0.0,7.0,11.0,3.2916666666666665,8.0,0.0,9.0,11.0,100.0,9.0,9.0,0.0,69.1875,12.0,10.0,3.0,-70.42857142857143,77.25,20.0,17.0,5.0,-70.42857142857143,100.0,9.0,9.0,0.0,69.9375,13.0,10.0,5.0,-68.71428571428572,77.66666666666667,21.0,17.0,7.0,-68.71428571428572,0.0,0.0,0.0,0.0,14.6875,7.0,0.0,6.0,33.57142857142857,10.958333333333334,9.0,0.0,9.0,33.57142857142857,0.0,0.0,0.0,0.0,0.0,0.0,0.0,0.0,0.0,0.0,0.0,0.0,0.0,0.0,0.0,0.0,0.0,0.0,0.0,0.0,0.0,0.0,0.0,0.0,0.0,0.0,0.0,0.0,0.0,0.0,0.0,0.0,27.125,7.0,0.0,4.0,62.0,19.875,9.0,0.0,7.0,62.0
F47,231,2.1767083333333335,1.218403066518907,0.9583052668144265,0.0,0.0,0.0,0.0,0.0,0.0,0.0,0.0,0.0,0.0,0.0,0.0,0.0,0.0,0.0,0.0,0.0,0.0,1.0625,1.0,0.0,2.0,2.4285714285714284,0.7083333333333334,1.0,0.0,2.0,2.4285714285714284,15.222222222222221,5.0,0.0,5.0,33.3125,11.0,1.0,12.0,41.34920634920635,28.416666666666668,17.0,1.0,17.0,41.34920634920635,0.0,0.0,0.0,0.0,41.9375,7.0,6.0,2.0,95.85714285714286,30.916666666666668,8.0,6.0,4.0,95.85714285714286,0.0,0.0,0.0,0.0,1.5,3.0,0.0,6.0,3.4285714285714284,1.0,3.0,0.0,6.0,3.4285714285714284,0.0,0.0,0.0,0.0,0.0,0.0,0.0,0.0,0.0,0.0,0.0,0.0,0.0,0.0,0.0,0.0,0.0,0.0,41.9375,7.0,6.0,2.0,95.85714285714286,30.916666666666668,8.0,6.0,4.0,95.85714285714286
F47,239,0.433875,0.5135199139677851,-0.07964491396778506,21.333333333333332,8.0,0.0,4.0,23.875,15.0,0.0,7.0,5.80952380952381,20.333333333333332,20.0,0.0,10.0,5.80952380952381,50.77777777777778,8.0,0.0,7.0,37.0625,10.0,0.0,10.0,-31.34920634920635,45.875,17.0,1.0,17.0,-31.34920634920635,53.111111111111114,9.0,0.0,8.0,45.8125,12.0,2.0,11.0,-16.682539682539684,54.25,19.0,5.0,17.0,-16.682539682539684,1.8888888888888888,1.0,0.0,1.0,30.0,8.0,0.0,7.0,64.25396825396825,25.25,12.0,0.0,11.0,64.25396825396825,0.0,0.0,0.0,0.0,0.0,0.0,0.0,0.0,0.0,0.0,0.0,0.0,0.0,0.0,0.0,0.0,0.0,0.0,0.0,0.0,0.0,0.0,0.0,0.0,0.0,0.0,0.0,0.0,6.222222222222222,3.0,0.0,3.0,40.625,10.0,0.0,7.0,78.63492063492063,35.666666666666664,18.0,0.0,13.0,78.63492063492063
F47,240,0.47258333333333336,0.45857026936407935,0.014013063969254003,0.0,0.0,0.0,0.0,11.25,7.0,0.0,5.0,25.714285714285715,9.083333333333334,13.0,0.0,10.0,25.714285714285715,96.11111111111111,9.0,8.0,2.0,67.375,13.0,9.0,6.0,-65.68253968253968,75.54166666666667,21.0,15.0,9.0,-65.68253968253968,96.66666666666667,9.0,8.0,2.0,67.6875,13.0,9.0,6.0,-66.23809523809524,76.0,21.0,15.0,9.0,-66.23809523809524,1.4444444444444444,9.0,0.0,2.0,15.5625,16.0,0.0,7.0,32.26984126984127,12.208333333333334,20.0,0.0,11.0,32.26984126984127,0.0,0.0,0.0,0.0,0.0,0.0,0.0,0.0,0.0,0.0,0.0,0.0,0.0,0.0,0.0,0.0,0.0,0.0,0.0,0.0,0.0,0.0,0.0,0.0,0.0,0.0,0.0,0.0,3.5555555555555554,7.0,0.0,4.0,27.1875,14.0,0.0,10.0,54.01587301587301,20.708333333333332,18.0,0.0,14.0,54.01587301587301
F47,241,0.65225,0.8972000171372715,-0.2449500171372715,0.0,0.0,0.0,0.0,7.6875,5.0,0.0,4.0,17.571428571428573,5.125,5.0,0.0,5.0,17.571428571428573,0.0,0.0,0.0,0.0,0.0,0.0,0.0,0.0,0.0,0.0,0.0,0.0,0.0,0.0,0.0,0.0,0.0,0.0,0.0,0.0,0.0,0.0,0.0,0.0,0.0,0.0,0.0,0.0,13.222222222222221,2.0,1.0,2.0,51.1875,9.0,8.0,2.0,86.77777777777777,54.875,15.0,12.0,5.0,86.77777777777777,3.3333333333333335,1.0,0.0,2.0,15.75,5.0,0.0,7.0,28.380952380952383,10.5,5.0,0.0,7.0,28.380952380952383,0.0,0.0,0.0,0.0,0.875,3.0,0.0,4.0,2.0,0.5833333333333334,3.0,0.0,4.0,2.0,0.0,0.0,0.0,0.0,40.6875,7.0,6.0,2.0,93.0,36.0,10.0,8.0,4.0,93.0
F47,242,0.7242083333333333,0.7902118147253271,-0.06600348139199375,0.0,0.0,0.0,0.0,0.0,0.0,0.0,0.0,0.0,0.0,0.0,0.0,0.0,0.0,0.0,0.0,0.0,0.0,0.0,0.0,0.0,0.0,0.0,0.0,0.0,0.0,0.0,0.0,99.77777777777777,9.0,8.0,1.0,60.5,10.0,8.0,3.0,-89.77777777777777,40.333333333333336,10.0,8.0,3.0,-89.77777777777777,8.666666666666666,2.0,0.0,2.0,48.625,9.0,7.0,3.0,91.33333333333333,53.291666666666664,15.0,11.0,6.0,91.33333333333333,3.5555555555555554,1.0,0.0,2.0,3.375,2.0,0.0,4.0,-0.41269841269841256,2.25,2.0,0.0,4.0,-0.41269841269841256,0.0,0.0,0.0,0.0,0.0,0.0,0.0,0.0,0.0,0.0,0.0,0.0,0.0,0.0,0.7777777777777778,1.0,0.0,1.0,44.1875,8.0,7.0,2.0,99.22222222222223,38.458333333333336,11.0,9.0,4.0,99.22222222222223
F47,243,0.449,0.42830491890024275,0.020695081099757262,15.222222222222221,5.0,0.0,4.0,21.875,12.0,0.0,9.0,15.206349206349206,21.291666666666668,19.0,0.0,13.0,15.206349206349206,42.55555555555556,9.0,0.0,8.0,29.25,11.0,0.0,12.0,-30.412698412698415,30.666666666666668,16.0,2.0,17.0,-30.412698412698415,50.333333333333336,9.0,0.0,7.0,30.0,10.0,0.0,9.0,-46.47619047619048,32.416666666666664,16.0,2.0,15.0,-46.47619047619048,4.666666666666667,3.0,0.0,3.0,32.75,10.0,0.0,8.0,64.19047619047619,31.708333333333332,18.0,0.0,14.0,64.19047619047619,0.0,0.0,0.0,0.0,0.0,0.0,0.0,0.0,0.0,0.0,0.0,0.0,0.0,0.0,0.0,0.0,0.0,0.0,0.0,0.0,0.0,0.0,0.0,0.0,0.0,0.0,0.0,0.0,8.777777777777779,3.0,0.0,3.0,45.8125,10.0,1.0,10.0,84.65079365079364,43.291666666666664,18.0,2.0,17.0,84.65079365079364
