model,pair,g1,g2,context,metric,nonadditivity
original_1_7,F47_161_to_165,season,temperature,control,raw,-8.395833333313396e-05
original_1_7,F47_161_to_165,season,temperature,control,smooth,-0.000295376873475639
original_1_7,F47_161_to_165,season,temperature,control,high_support,-0.0009885381679809904
original_1_7,F47_161_to_165,season,temperature,failure,raw,0.0003157638888890979
original_1_7,F47_161_to_165,season,temperature,failure,smooth,-0.0002821201192815259
original_1_7,F47_161_to_165,season,temperature,failure,high_support,0.0023962548750433577
original_1_7,F47_161_to_165,season,humidity,control,raw,-0.0005802777777780821
original_1_7,F47_161_to_165,season,humidity,control,smooth,-0.0007894477186617399
original_1_7,F47_161_to_165,season,humidity,control,high_support,0.0
original_1_7,F47_161_to_165,season,humidity,failure,raw,0.0014952777777781368
original_1_7,F47_161_to_165,season,humidity,failure,smooth,0.0015231712939665076
original_1_7,F47_161_to_165,season,humidity,failure,high_support,0.001184360478386659
original_1_7,F47_161_to_165,season,co2_sensor,control,raw,-9.236111111143863e-06
original_1_7,F47_161_to_165,season,co2_sensor,control,smooth,4.9644027759365716e-05
original_1_7,F47_161_to_165,season,co2_sensor,control,high_support,0.0
original_1_7,F47_161_to_165,season,co2_sensor,failure,raw,0.007914027777778054
original_1_7,F47_161_to_165,season,co2_sensor,failure,smooth,0.006324866865501377
original_1_7,F47_161_to_165,season,co2_sensor,failure,high_support,-0.004946631101922283
original_1_7,F47_161_to_165,season,ventilation,control,raw,-0.00014159722222240045
original_1_7,F47_161_to_165,season,ventilation,control,smooth,-6.955516623374791e-05
original_1_7,F47_161_to_165,season,ventilation,control,high_support,-8.90993929811752e-05
original_1_7,F47_161_to_165,season,ventilation,failure,raw,0.0015738194444445686
original_1_7,F47_161_to_165,season,ventilation,failure,smooth,0.0009541739780161151
original_1_7,F47_161_to_165,season,ventilation,failure,high_support,0.0014480854773832874
original_1_7,F47_161_to_165,season,heating,control,raw,-0.03184201388888863
original_1_7,F47_161_to_165,season,heating,control,smooth,-0.0315566530997079
original_1_7,F47_161_to_165,season,heating,control,high_support,-0.034389128001253155
original_1_7,F47_161_to_165,season,heating,failure,raw,0.0064754861111109285
original_1_7,F47_161_to_165,season,heating,failure,smooth,0.0068368362614026346
original_1_7,F47_161_to_165,season,heating,failure,high_support,0.009521099493820295
original_1_7,F47_161_to_165,season,curtains,control,raw,-0.0033281944444443212
original_1_7,F47_161_to_165,season,curtains,control,smooth,-0.004026726411736625
original_1_7,F47_161_to_165,season,curtains,control,high_support,0.0
original_1_7,F47_161_to_165,season,curtains,failure,raw,-0.001031180555555622
original_1_7,F47_161_to_165,season,curtains,failure,smooth,-0.0008512120700983061
original_1_7,F47_161_to_165,season,curtains,failure,high_support,-1.1102230246251565e-16
original_1_7,F47_161_to_165,season,co2_action,control,raw,-0.0008810416666667487
original_1_7,F47_161_to_165,season,co2_action,control,smooth,-0.0006537046851983752
original_1_7,F47_161_to_165,season,co2_action,control,high_support,0.0
original_1_7,F47_161_to_165,season,co2_action,failure,raw,0.0012355555555556563
original_1_7,F47_161_to_165,season,co2_action,failure,smooth,0.00089409240550542
original_1_7,F47_161_to_165,season,co2_action,failure,high_support,0.0006607810895683519
original_1_7,F47_161_to_165,season,fan,control,raw,-0.0008318055555553983
original_1_7,F47_161_to_165,season,fan,control,smooth,-0.0010978021414097539
original_1_7,F47_161_to_165,season,fan,control,high_support,0.008214130479228254
original_1_7,F47_161_to_165,season,fan,failure,raw,0.05720034722222245
original_1_7,F47_161_to_165,season,fan,failure,smooth,0.05671192372952116
original_1_7,F47_161_to_165,season,fan,failure,high_support,0.08430789711712178
original_1_7,F47_161_to_165,season,fog,control,raw,-0.0003961111111110971
original_1_7,F47_161_to_165,season,fog,control,smooth,-0.0002585440946666906
original_1_7,F47_161_to_165,season,fog,control,high_support,0.0
original_1_7,F47_161_to_165,season,fog,failure,raw,-8.847222222208018e-05
original_1_7,F47_161_to_165,season,fog,failure,smooth,-5.3793948895375365e-05
original_1_7,F47_161_to_165,season,fog,failure,high_support,0.0
original_1_7,F47_161_to_165,temperature,humidity,control,raw,-0.0015872222222219623
original_1_7,F47_161_to_165,temperature,humidity,control,smooth,-0.0018825755601308836
original_1_7,F47_161_to_165,temperature,humidity,control,high_support,0.0
original_1_7,F47_161_to_165,temperature,humidity,failure,raw,0.03541298611111143
original_1_7,F47_161_to_165,temperature,humidity,failure,smooth,0.03856226540146057
original_1_7,F47_161_to_165,temperature,humidity,failure,high_support,0.032840143520336595
original_1_7,F47_161_to_165,temperature,co2_sensor,control,raw,0.0024534027777779466
original_1_7,F47_161_to_165,temperature,co2_sensor,control,smooth,0.0024409906635471934
original_1_7,F47_161_to_165,temperature,co2_sensor,control,high_support,0.0015273442729446373
original_1_7,F47_161_to_165,temperature,co2_sensor,failure,raw,-0.06076111111111082
original_1_7,F47_161_to_165,temperature,co2_sensor,failure,smooth,-0.0691881614965617
original_1_7,F47_161_to_165,temperature,co2_sensor,failure,high_support,-0.0410925419689267
original_1_7,F47_161_to_165,temperature,ventilation,control,raw,-0.0011194444444444507
original_1_7,F47_161_to_165,temperature,ventilation,control,smooth,-0.0009355207232816243
original_1_7,F47_161_to_165,temperature,ventilation,control,high_support,-0.0008850192781842956
original_1_7,F47_161_to_165,temperature,ventilation,failure,raw,-0.004002916666666634
original_1_7,F47_161_to_165,temperature,ventilation,failure,smooth,-0.0026639664090453152
original_1_7,F47_161_to_165,temperature,ventilation,failure,high_support,0.005225958634286321
original_1_7,F47_161_to_165,temperature,heating,control,raw,-0.0004514583333329325
original_1_7,F47_161_to_165,temperature,heating,control,smooth,-0.004480585027329176
original_1_7,F47_161_to_165,temperature,heating,control,high_support,0.0221389751979314
original_1_7,F47_161_to_165,temperature,heating,failure,raw,0.03894937499999962
original_1_7,F47_161_to_165,temperature,heating,failure,smooth,0.04865845417065495
original_1_7,F47_161_to_165,temperature,heating,failure,high_support,0.05470392667293522
original_1_7,F47_161_to_165,temperature,curtains,control,raw,-0.00424701388888854
original_1_7,F47_161_to_165,temperature,curtains,control,smooth,-0.005204185688527374
original_1_7,F47_161_to_165,temperature,curtains,control,high_support,0.00045998198786662204
original_1_7,F47_161_to_165,temperature,curtains,failure,raw,0.001185624999999746
original_1_7,F47_161_to_165,temperature,curtains,failure,smooth,-0.0008338683315114448
original_1_7,F47_161_to_165,temperature,curtains,failure,high_support,-7.698574037151573e-05
original_1_7,F47_161_to_165,temperature,co2_action,control,raw,0.002073194444444426
original_1_7,F47_161_to_165,temperature,co2_action,control,smooth,0.0016608036354985312
original_1_7,F47_161_to_165,temperature,co2_action,control,high_support,0.0020755699602527707
original_1_7,F47_161_to_165,temperature,co2_action,failure,raw,0.026935138888888766
original_1_7,F47_161_to_165,temperature,co2_action,failure,smooth,0.021176871289061427
original_1_7,F47_161_to_165,temperature,co2_action,failure,high_support,0.005957313633048189
original_1_7,F47_161_to_165,temperature,fan,control,raw,-0.09340631944444411
original_1_7,F47_161_to_165,temperature,fan,control,smooth,-0.09754100969323143
original_1_7,F47_161_to_165,temperature,fan,control,high_support,-0.04081608452557359
original_1_7,F47_161_to_165,temperature,fan,failure,raw,-0.05571604166666655
original_1_7,F47_161_to_165,temperature,fan,failure,smooth,-0.05864848097112807
original_1_7,F47_161_to_165,temperature,fan,failure,high_support,0.021135891603048185
original_1_7,F47_161_to_165,temperature,fog,control,raw,0.0012234027777778267
original_1_7,F47_161_to_165,temperature,fog,control,smooth,0.0007451211552305659
original_1_7,F47_161_to_165,temperature,fog,control,high_support,0.0006916017574429374
original_1_7,F47_161_to_165,temperature,fog,failure,raw,0.0012003472222221756
original_1_7,F47_161_to_165,temperature,fog,failure,smooth,0.0007596751303333704
original_1_7,F47_161_to_165,temperature,fog,failure,high_support,0.0009898807295793954
original_1_7,F47_161_to_165,humidity,co2_sensor,control,raw,-0.0029996527777778614
original_1_7,F47_161_to_165,humidity,co2_sensor,control,smooth,-0.0031202741055521566
original_1_7,F47_161_to_165,humidity,co2_sensor,control,high_support,0.0
original_1_7,F47_161_to_165,humidity,co2_sensor,failure,raw,-0.15186208333333284
original_1_7,F47_161_to_165,humidity,co2_sensor,failure,smooth,-0.17207307899854196
original_1_7,F47_161_to_165,humidity,co2_sensor,failure,high_support,-0.09012287744068787
original_1_7,F47_161_to_165,humidity,ventilation,control,raw,0.00013798611111121017
original_1_7,F47_161_to_165,humidity,ventilation,control,smooth,0.00014664498952238203
original_1_7,F47_161_to_165,humidity,ventilation,control,high_support,-8.738251821593587e-05
original_1_7,F47_161_to_165,humidity,ventilation,failure,raw,-0.00023152777777757372
original_1_7,F47_161_to_165,humidity,ventilation,failure,smooth,9.068879610496516e-05
original_1_7,F47_161_to_165,humidity,ventilation,failure,high_support,0.003992805436282887
original_1_7,F47_161_to_165,humidity,heating,control,raw,-0.018325138888888814
original_1_7,F47_161_to_165,humidity,heating,control,smooth,-0.019247183332920192
original_1_7,F47_161_to_165,humidity,heating,control,high_support,-0.006029875345071531
original_1_7,F47_161_to_165,humidity,heating,failure,raw,0.03261722222222141
original_1_7,F47_161_to_165,humidity,heating,failure,smooth,0.035208452914505584
original_1_7,F47_161_to_165,humidity,heating,failure,high_support,0.06284099205390092
original_1_7,F47_161_to_165,humidity,curtains,control,raw,-0.004069930555555601
original_1_7,F47_161_to_165,humidity,curtains,control,smooth,-0.004443462555146438
original_1_7,F47_161_to_165,humidity,curtains,control,high_support,0.0
original_1_7,F47_161_to_165,humidity,curtains,failure,raw,0.0014373611111111462
original_1_7,F47_161_to_165,humidity,curtains,failure,smooth,0.0020865077846421443
original_1_7,F47_161_to_165,humidity,curtains,failure,high_support,0.0022271084541880537
original_1_7,F47_161_to_165,humidity,co2_action,control,raw,-0.00018499999999993522
original_1_7,F47_161_to_165,humidity,co2_action,control,smooth,-0.0004372959316698566
original_1_7,F47_161_to_165,humidity,co2_action,control,high_support,-0.0004937134646359406
original_1_7,F47_161_to_165,humidity,co2_action,failure,raw,0.020292222222222378
original_1_7,F47_161_to_165,humidity,co2_action,failure,smooth,0.015326654448434729
original_1_7,F47_161_to_165,humidity,co2_action,failure,high_support,0.0057804350947932015
original_1_7,F47_161_to_165,humidity,fan,control,raw,-0.03384173611111091
original_1_7,F47_161_to_165,humidity,fan,control,smooth,-0.03677372415006819
original_1_7,F47_161_to_165,humidity,fan,control,high_support,-0.018912931461112392
original_1_7,F47_161_to_165,humidity,fan,failure,raw,-0.04476506944444436
original_1_7,F47_161_to_165,humidity,fan,failure,smooth,-0.047493678834894304
original_1_7,F47_161_to_165,humidity,fan,failure,high_support,0.03281691528425393
original_1_7,F47_161_to_165,humidity,fog,control,raw,-0.0013797916666666299
original_1_7,F47_161_to_165,humidity,fog,control,smooth,-0.0009404160028204656
original_1_7,F47_161_to_165,humidity,fog,control,high_support,-1.450020493090013e-05
original_1_7,F47_161_to_165,humidity,fog,failure,raw,0.001262361111111332
original_1_7,F47_161_to_165,humidity,fog,failure,smooth,0.0008071088157657336
original_1_7,F47_161_to_165,humidity,fog,failure,high_support,0.0006608731972336246
original_1_7,F47_161_to_165,co2_sensor,ventilation,control,raw,0.0009752777777777277
original_1_7,F47_161_to_165,co2_sensor,ventilation,control,smooth,0.0007224333532989125
original_1_7,F47_161_to_165,co2_sensor,ventilation,control,high_support,0.00031371400612718414
original_1_7,F47_161_to_165,co2_sensor,ventilation,failure,raw,0.05740562500000024
original_1_7,F47_161_to_165,co2_sensor,ventilation,failure,smooth,0.03821268947985457
original_1_7,F47_161_to_165,co2_sensor,ventilation,failure,high_support,0.02883722760661761
original_1_7,F47_161_to_165,co2_sensor,heating,control,raw,0.007173055555555363
original_1_7,F47_161_to_165,co2_sensor,heating,control,smooth,0.0065734078419483755
original_1_7,F47_161_to_165,co2_sensor,heating,control,high_support,-0.0009207119732739522
original_1_7,F47_161_to_165,co2_sensor,heating,failure,raw,-0.07458715277777783
original_1_7,F47_161_to_165,co2_sensor,heating,failure,smooth,-0.09181837494123801
original_1_7,F47_161_to_165,co2_sensor,heating,failure,high_support,-0.028242423711100834
original_1_7,F47_161_to_165,co2_sensor,curtains,control,raw,0.0014918055555555587
original_1_7,F47_161_to_165,co2_sensor,curtains,control,smooth,0.0009925221790136884
original_1_7,F47_161_to_165,co2_sensor,curtains,control,high_support,4.264647641006344e-05
original_1_7,F47_161_to_165,co2_sensor,curtains,failure,raw,0.008512569444444451
original_1_7,F47_161_to_165,co2_sensor,curtains,failure,smooth,0.007611267798344645
original_1_7,F47_161_to_165,co2_sensor,curtains,failure,high_support,0.008630891614369252
original_1_7,F47_161_to_165,co2_sensor,co2_action,control,raw,0.001911458333333227
original_1_7,F47_161_to_165,co2_sensor,co2_action,control,smooth,0.0019317588671851627
original_1_7,F47_161_to_165,co2_sensor,co2_action,control,high_support,0.0012670783925414564
original_1_7,F47_161_to_165,co2_sensor,co2_action,failure,raw,-0.011219444444444449
original_1_7,F47_161_to_165,co2_sensor,co2_action,failure,smooth,-0.008265867938151983
original_1_7,F47_161_to_165,co2_sensor,co2_action,failure,high_support,-0.0006258947884161259
original_1_7,F47_161_to_165,co2_sensor,fan,control,raw,0.48884368055555605
original_1_7,F47_161_to_165,co2_sensor,fan,control,smooth,0.5266472663134697
original_1_7,F47_161_to_165,co2_sensor,fan,control,high_support,0.29424660267255576
original_1_7,F47_161_to_165,co2_sensor,fan,failure,raw,0.38468326388888907
original_1_7,F47_161_to_165,co2_sensor,fan,failure,smooth,0.37451665861794503
original_1_7,F47_161_to_165,co2_sensor,fan,failure,high_support,0.2847832538390507
original_1_7,F47_161_to_165,co2_sensor,fog,control,raw,0.00021458333333329582
original_1_7,F47_161_to_165,co2_sensor,fog,control,smooth,0.00012127031815045708
original_1_7,F47_161_to_165,co2_sensor,fog,control,high_support,0.0
original_1_7,F47_161_to_165,co2_sensor,fog,failure,raw,-0.0032623611111111117
original_1_7,F47_161_to_165,co2_sensor,fog,failure,smooth,-0.0020473610438414003
original_1_7,F47_161_to_165,co2_sensor,fog,failure,high_support,-0.00026158443154772337
original_1_7,F47_161_to_165,ventilation,heating,control,raw,-0.002499861111111057
original_1_7,F47_161_to_165,ventilation,heating,control,smooth,-0.003952135740239449
original_1_7,F47_161_to_165,ventilation,heating,control,high_support,-0.0016639580560514622
original_1_7,F47_161_to_165,ventilation,heating,failure,raw,-0.0013656944444448982
original_1_7,F47_161_to_165,ventilation,heating,failure,smooth,-0.0012389656541424987
original_1_7,F47_161_to_165,ventilation,heating,failure,high_support,0.011766405357624965
original_1_7,F47_161_to_165,ventilation,curtains,control,raw,0.0013072916666667656
original_1_7,F47_161_to_165,ventilation,curtains,control,smooth,0.0009589242018910871
original_1_7,F47_161_to_165,ventilation,curtains,control,high_support,0.00028123651874289855
original_1_7,F47_161_to_165,ventilation,curtains,failure,raw,-0.0023948611111113127
original_1_7,F47_161_to_165,ventilation,curtains,failure,smooth,-0.0022969821998635176
original_1_7,F47_161_to_165,ventilation,curtains,failure,high_support,-0.0006338313617345603
original_1_7,F47_161_to_165,ventilation,co2_action,control,raw,-0.0023446527777776782
original_1_7,F47_161_to_165,ventilation,co2_action,control,smooth,-0.0014026391618537914
original_1_7,F47_161_to_165,ventilation,co2_action,control,high_support,0.0004278205904476263
original_1_7,F47_161_to_165,ventilation,co2_action,failure,raw,-0.015996180555555517
original_1_7,F47_161_to_165,ventilation,co2_action,failure,smooth,-0.01035677304523408
original_1_7,F47_161_to_165,ventilation,co2_action,failure,high_support,-0.006592026042178456
original_1_7,F47_161_to_165,ventilation,fan,control,raw,0.04933833333333365
original_1_7,F47_161_to_165,ventilation,fan,control,smooth,0.030896504002382197
original_1_7,F47_161_to_165,ventilation,fan,control,high_support,0.019106141427890605
original_1_7,F47_161_to_165,ventilation,fan,failure,raw,0.08638458333333343
original_1_7,F47_161_to_165,ventilation,fan,failure,smooth,0.057514329083377835
original_1_7,F47_161_to_165,ventilation,fan,failure,high_support,0.0463706284742908
original_1_7,F47_161_to_165,ventilation,fog,control,raw,-0.006012916666666646
original_1_7,F47_161_to_165,ventilation,fog,control,smooth,-0.003984105185155906
original_1_7,F47_161_to_165,ventilation,fog,control,high_support,-0.0007877303753814928
original_1_7,F47_161_to_165,ventilation,fog,failure,raw,-0.004842777777777751
original_1_7,F47_161_to_165,ventilation,fog,failure,smooth,-0.0030436110373410763
original_1_7,F47_161_to_165,ventilation,fog,failure,high_support,-0.0007976464563926866
original_1_7,F47_161_to_165,heating,curtains,control,raw,0.025261180555554763
original_1_7,F47_161_to_165,heating,curtains,control,smooth,0.02814068156769073
original_1_7,F47_161_to_165,heating,curtains,control,high_support,0.00427982645839572
original_1_7,F47_161_to_165,heating,curtains,failure,raw,0.007502361111110689
original_1_7,F47_161_to_165,heating,curtains,failure,smooth,0.00973086314851579
original_1_7,F47_161_to_165,heating,curtains,failure,high_support,0.010922715411311401
original_1_7,F47_161_to_165,heating,co2_action,control,raw,-0.015178472222222239
original_1_7,F47_161_to_165,heating,co2_action,control,smooth,-0.010930215913372343
original_1_7,F47_161_to_165,heating,co2_action,control,high_support,-0.0026853274117297227
original_1_7,F47_161_to_165,heating,co2_action,failure,raw,-0.007420486111112012
original_1_7,F47_161_to_165,heating,co2_action,failure,smooth,-0.006266948214223245
original_1_7,F47_161_to_165,heating,co2_action,failure,high_support,-0.004900242089919904
original_1_7,F47_161_to_165,heating,fan,control,raw,-0.1956272916666676
original_1_7,F47_161_to_165,heating,fan,control,smooth,-0.19343660289322606
original_1_7,F47_161_to_165,heating,fan,control,high_support,-0.03627400012785292
original_1_7,F47_161_to_165,heating,fan,failure,raw,-0.1312511805555563
original_1_7,F47_161_to_165,heating,fan,failure,smooth,-0.1318910776757346
original_1_7,F47_161_to_165,heating,fan,failure,high_support,0.11512467653362249
original_1_7,F47_161_to_165,heating,fog,control,raw,-0.0011856944444443296
original_1_7,F47_161_to_165,heating,fog,control,smooth,-0.000839988251822521
original_1_7,F47_161_to_165,heating,fog,control,high_support,0.002185305527535225
original_1_7,F47_161_to_165,heating,fog,failure,raw,2.708333333290014e-05
original_1_7,F47_161_to_165,heating,fog,failure,smooth,1.6452081132323215e-05
original_1_7,F47_161_to_165,heating,fog,failure,high_support,0.00024361551317364505
original_1_7,F47_161_to_165,curtains,co2_action,control,raw,-2.3402777777792316e-05
original_1_7,F47_161_to_165,curtains,co2_action,control,smooth,0.00022224495019562696
original_1_7,F47_161_to_165,curtains,co2_action,control,high_support,0.0011137653912421707
original_1_7,F47_161_to_165,curtains,co2_action,failure,raw,-0.00987388888888896
original_1_7,F47_161_to_165,curtains,co2_action,failure,smooth,-0.008048332099987787
original_1_7,F47_161_to_165,curtains,co2_action,failure,high_support,-0.0032567949830617504
original_1_7,F47_161_to_165,curtains,fan,control,raw,0.024670069444443776
original_1_7,F47_161_to_165,curtains,fan,control,smooth,0.03476539076838986
original_1_7,F47_161_to_165,curtains,fan,control,high_support,0.008420535833011916
original_1_7,F47_161_to_165,curtains,fan,failure,raw,0.013869583333333213
original_1_7,F47_161_to_165,curtains,fan,failure,smooth,0.019478782909223558
original_1_7,F47_161_to_165,curtains,fan,failure,high_support,0.02181046190428504
original_1_7,F47_161_to_165,curtains,fog,control,raw,-0.002768680555555514
original_1_7,F47_161_to_165,curtains,fog,control,smooth,-0.0019025401279312848
original_1_7,F47_161_to_165,curtains,fog,control,high_support,9.280594827171902e-05
original_1_7,F47_161_to_165,curtains,fog,failure,raw,-0.00150284722222227
original_1_7,F47_161_to_165,curtains,fog,failure,smooth,-0.000984681398632281
original_1_7,F47_161_to_165,curtains,fog,failure,high_support,-0.0008667955737756694
original_1_7,F47_161_to_165,co2_action,fan,control,raw,-0.03903791666666656
original_1_7,F47_161_to_165,co2_action,fan,control,smooth,-0.029893289944685708
original_1_7,F47_161_to_165,co2_action,fan,control,high_support,-0.011014444741159035
original_1_7,F47_161_to_165,co2_action,fan,failure,raw,-0.042739652777778026
original_1_7,F47_161_to_165,co2_action,fan,failure,smooth,-0.03342309758240136
original_1_7,F47_161_to_165,co2_action,fan,failure,high_support,-0.023135376925027207
original_1_7,F47_161_to_165,co2_action,fog,control,raw,-0.0065282638888888855
original_1_7,F47_161_to_165,co2_action,fog,control,smooth,-0.004276007066905452
original_1_7,F47_161_to_165,co2_action,fog,control,high_support,-0.0004949403647896934
original_1_7,F47_161_to_165,co2_action,fog,failure,raw,-0.005646111111111463
original_1_7,F47_161_to_165,co2_action,fog,failure,smooth,-0.003666888531141721
original_1_7,F47_161_to_165,co2_action,fog,failure,high_support,-0.0020156328817695357
original_1_7,F47_161_to_165,fan,fog,control,raw,-0.023474027777777795
original_1_7,F47_161_to_165,fan,fog,control,smooth,-0.015555523337754451
original_1_7,F47_161_to_165,fan,fog,control,high_support,-0.0034825033077989205
original_1_7,F47_161_to_165,fan,fog,failure,raw,-0.015171111111111357
original_1_7,F47_161_to_165,fan,fog,failure,smooth,-0.009862514788108179
original_1_7,F47_161_to_165,fan,fog,failure,high_support,-0.005363656573933243
original_1_7,F47_161_to_160,season,temperature,control,raw,-0.0018677777777778015
original_1_7,F47_161_to_160,season,temperature,control,smooth,-0.0019523208430058947
original_1_7,F47_161_to_160,season,temperature,control,high_support,-0.0010232706174254994
original_1_7,F47_161_to_160,season,temperature,failure,raw,-2.986111110381273e-06
original_1_7,F47_161_to_160,season,temperature,failure,smooth,-2.2946192504536e-05
original_1_7,F47_161_to_160,season,temperature,failure,high_support,0.001369725126544874
original_1_7,F47_161_to_160,season,humidity,control,raw,-0.002776944444444651
original_1_7,F47_161_to_160,season,humidity,control,smooth,-0.002841828235227384
original_1_7,F47_161_to_160,season,humidity,control,high_support,-0.0008356744447881141
original_1_7,F47_161_to_160,season,humidity,failure,raw,-0.001047986111110566
original_1_7,F47_161_to_160,season,humidity,failure,smooth,-0.0012295837558331524
original_1_7,F47_161_to_160,season,humidity,failure,high_support,-0.0019636082067883143
original_1_7,F47_161_to_160,season,co2_sensor,control,raw,-0.004443750000000191
original_1_7,F47_161_to_160,season,co2_sensor,control,smooth,-0.004163759351982543
original_1_7,F47_161_to_160,season,co2_sensor,control,high_support,-0.002444819154176228
original_1_7,F47_161_to_160,season,co2_sensor,failure,raw,0.0008715277777779917
original_1_7,F47_161_to_160,season,co2_sensor,failure,smooth,0.001027199740525675
original_1_7,F47_161_to_160,season,co2_sensor,failure,high_support,0.003956590076585442
original_1_7,F47_161_to_160,season,ventilation,control,raw,-4.652777777836015e-06
original_1_7,F47_161_to_160,season,ventilation,control,smooth,3.39552708394919e-07
original_1_7,F47_161_to_160,season,ventilation,control,high_support,0.0
original_1_7,F47_161_to_160,season,ventilation,failure,raw,9.256944444491211e-05
original_1_7,F47_161_to_160,season,ventilation,failure,smooth,6.688467855497926e-05
original_1_7,F47_161_to_160,season,ventilation,failure,high_support,0.0
original_1_7,F47_161_to_160,season,heating,control,raw,-0.0010553472222222249
original_1_7,F47_161_to_160,season,heating,control,smooth,-0.001685018761566015
original_1_7,F47_161_to_160,season,heating,control,high_support,-0.004085877401029073
original_1_7,F47_161_to_160,season,heating,failure,raw,-0.004404305555554933
original_1_7,F47_161_to_160,season,heating,failure,smooth,-0.005386277694436004
original_1_7,F47_161_to_160,season,heating,failure,high_support,-0.005450935767811527
original_1_7,F47_161_to_160,season,curtains,control,raw,0.00018708333333317118
original_1_7,F47_161_to_160,season,curtains,control,smooth,0.00015611638562196273
original_1_7,F47_161_to_160,season,curtains,control,high_support,0.0
original_1_7,F47_161_to_160,season,curtains,failure,raw,0.00012569444444499034
original_1_7,F47_161_to_160,season,curtains,failure,smooth,0.00014060640721003104
original_1_7,F47_161_to_160,season,curtains,failure,high_support,0.0
original_1_7,F47_161_to_160,season,co2_action,control,raw,-9.93055555575939e-06
original_1_7,F47_161_to_160,season,co2_action,control,smooth,7.759610858415478e-06
original_1_7,F47_161_to_160,season,co2_action,control,high_support,5.582393001821173e-05
original_1_7,F47_161_to_160,season,co2_action,failure,raw,-3.9652777777066106e-05
original_1_7,F47_161_to_160,season,co2_action,failure,smooth,-5.2058914402186574e-05
original_1_7,F47_161_to_160,season,co2_action,failure,high_support,-6.097502891933004e-05
original_1_7,F47_161_to_160,season,fog,control,raw,0.00011749999999988159
original_1_7,F47_161_to_160,season,fog,control,smooth,7.290141583049525e-05
original_1_7,F47_161_to_160,season,fog,control,high_support,0.0
original_1_7,F47_161_to_160,season,fog,failure,raw,2.9097222222773667e-05
original_1_7,F47_161_to_160,season,fog,failure,smooth,1.8987657856905926e-05
original_1_7,F47_161_to_160,season,fog,failure,high_support,0.0
original_1_7,F47_161_to_160,temperature,humidity,control,raw,0.013678402777777765
original_1_7,F47_161_to_160,temperature,humidity,control,smooth,0.0140274485010774
original_1_7,F47_161_to_160,temperature,humidity,control,high_support,0.022063977919649466
original_1_7,F47_161_to_160,temperature,humidity,failure,raw,0.025733750000000333
original_1_7,F47_161_to_160,temperature,humidity,failure,smooth,0.027413981714062174
original_1_7,F47_161_to_160,temperature,humidity,failure,high_support,0.021847197311713917
original_1_7,F47_161_to_160,temperature,co2_sensor,control,raw,-0.04753263888888859
original_1_7,F47_161_to_160,temperature,co2_sensor,control,smooth,-0.05535044106636455
original_1_7,F47_161_to_160,temperature,co2_sensor,control,high_support,-0.03265708290335058
original_1_7,F47_161_to_160,temperature,co2_sensor,failure,raw,-0.11183236111111061
original_1_7,F47_161_to_160,temperature,co2_sensor,failure,smooth,-0.12018480515287777
original_1_7,F47_161_to_160,temperature,co2_sensor,failure,high_support,-0.12573985631624457
original_1_7,F47_161_to_160,temperature,ventilation,control,raw,0.001192083333333649
original_1_7,F47_161_to_160,temperature,ventilation,control,smooth,0.0007882154823442011
original_1_7,F47_161_to_160,temperature,ventilation,control,high_support,0.0025695462160115826
original_1_7,F47_161_to_160,temperature,ventilation,failure,raw,0.000987916666666644
original_1_7,F47_161_to_160,temperature,ventilation,failure,smooth,0.0006152691861394111
original_1_7,F47_161_to_160,temperature,ventilation,failure,high_support,0.001595300735631966
original_1_7,F47_161_to_160,temperature,heating,control,raw,0.01947062500000063
original_1_7,F47_161_to_160,temperature,heating,control,smooth,0.01630529792976776
original_1_7,F47_161_to_160,temperature,heating,control,high_support,0.042343515871695825
original_1_7,F47_161_to_160,temperature,heating,failure,raw,0.004314930555555652
original_1_7,F47_161_to_160,temperature,heating,failure,smooth,0.004152518063990973
original_1_7,F47_161_to_160,temperature,heating,failure,high_support,0.028042159191040916
original_1_7,F47_161_to_160,temperature,curtains,control,raw,-0.0005056944444445932
original_1_7,F47_161_to_160,temperature,curtains,control,smooth,-0.0004945185304451316
original_1_7,F47_161_to_160,temperature,curtains,control,high_support,-0.0004013677595053472
original_1_7,F47_161_to_160,temperature,curtains,failure,raw,0.000224652777777834
original_1_7,F47_161_to_160,temperature,curtains,failure,smooth,0.00016337334546889792
original_1_7,F47_161_to_160,temperature,curtains,failure,high_support,-0.00036459442031888667
original_1_7,F47_161_to_160,temperature,co2_action,control,raw,-0.0005527083333332072
original_1_7,F47_161_to_160,temperature,co2_action,control,smooth,-0.0004182146413183041
original_1_7,F47_161_to_160,temperature,co2_action,control,high_support,-0.00011002389568965168
original_1_7,F47_161_to_160,temperature,co2_action,failure,raw,0.001306527777777955
original_1_7,F47_161_to_160,temperature,co2_action,failure,smooth,0.0007243396370910649
original_1_7,F47_161_to_160,temperature,co2_action,failure,high_support,0.0007501444188472428
original_1_7,F47_161_to_160,temperature,fog,control,raw,-0.001230763888888653
original_1_7,F47_161_to_160,temperature,fog,control,smooth,-0.0007540378675681136
original_1_7,F47_161_to_160,temperature,fog,control,high_support,-0.0007573436639885488
original_1_7,F47_161_to_160,temperature,fog,failure,raw,-0.00020145833333318208
original_1_7,F47_161_to_160,temperature,fog,failure,smooth,-7.83147796661332e-05
original_1_7,F47_161_to_160,temperature,fog,failure,high_support,-8.572098237324965e-05
original_1_7,F47_161_to_160,humidity,co2_sensor,control,raw,-0.07101090277777766
original_1_7,F47_161_to_160,humidity,co2_sensor,control,smooth,-0.07779938423194022
original_1_7,F47_161_to_160,humidity,co2_sensor,control,high_support,-0.019838196778131992
original_1_7,F47_161_to_160,humidity,co2_sensor,failure,raw,-0.14336375000000023
original_1_7,F47_161_to_160,humidity,co2_sensor,failure,smooth,-0.16515324825253974
original_1_7,F47_161_to_160,humidity,co2_sensor,failure,high_support,-0.12202987599802756
original_1_7,F47_161_to_160,humidity,ventilation,control,raw,0.002355000000000107
original_1_7,F47_161_to_160,humidity,ventilation,control,smooth,0.001466521715420721
original_1_7,F47_161_to_160,humidity,ventilation,control,high_support,0.001539214683432731
original_1_7,F47_161_to_160,humidity,ventilation,failure,raw,0.0024956250000001123
original_1_7,F47_161_to_160,humidity,ventilation,failure,smooth,0.0015867606094517317
original_1_7,F47_161_to_160,humidity,ventilation,failure,high_support,-0.00028203726741515833
original_1_7,F47_161_to_160,humidity,heating,control,raw,0.053067430555556405
original_1_7,F47_161_to_160,humidity,heating,control,smooth,0.0681216506983886
original_1_7,F47_161_to_160,humidity,heating,control,high_support,0.08086546186529112
original_1_7,F47_161_to_160,humidity,heating,failure,raw,0.02597180555555534
original_1_7,F47_161_to_160,humidity,heating,failure,smooth,0.029278106376783297
original_1_7,F47_161_to_160,humidity,heating,failure,high_support,0.05652928880527863
original_1_7,F47_161_to_160,humidity,curtains,control,raw,0.0003510416666666627
original_1_7,F47_161_to_160,humidity,curtains,control,smooth,0.00023369735785383483
original_1_7,F47_161_to_160,humidity,curtains,control,high_support,0.00015876130233066776
original_1_7,F47_161_to_160,humidity,curtains,failure,raw,0.0008373611111112123
original_1_7,F47_161_to_160,humidity,curtains,failure,smooth,0.0007101009687096038
original_1_7,F47_161_to_160,humidity,curtains,failure,high_support,0.0001794385174973545
original_1_7,F47_161_to_160,humidity,co2_action,control,raw,0.000813541666666806
original_1_7,F47_161_to_160,humidity,co2_action,control,smooth,0.00044922306458228256
original_1_7,F47_161_to_160,humidity,co2_action,control,high_support,0.0007095921203085394
original_1_7,F47_161_to_160,humidity,co2_action,failure,raw,0.0010338194444445836
original_1_7,F47_161_to_160,humidity,co2_action,failure,smooth,0.0005691969532317653
original_1_7,F47_161_to_160,humidity,co2_action,failure,high_support,0.0007715619032367949
original_1_7,F47_161_to_160,humidity,fog,control,raw,-0.000167916666666601
original_1_7,F47_161_to_160,humidity,fog,control,smooth,-9.254917717893552e-05
original_1_7,F47_161_to_160,humidity,fog,control,high_support,0.0003345835352980449
original_1_7,F47_161_to_160,humidity,fog,failure,raw,0.00012104166666682126
original_1_7,F47_161_to_160,humidity,fog,failure,smooth,7.589733573354351e-05
original_1_7,F47_161_to_160,humidity,fog,failure,high_support,0.0002720945810386066
original_1_7,F47_161_to_160,co2_sensor,ventilation,control,raw,-0.01422083333333346
original_1_7,F47_161_to_160,co2_sensor,ventilation,control,smooth,-0.009580523604000302
original_1_7,F47_161_to_160,co2_sensor,ventilation,control,high_support,-0.006034611855158481
original_1_7,F47_161_to_160,co2_sensor,ventilation,failure,raw,-0.01464951388888891
original_1_7,F47_161_to_160,co2_sensor,ventilation,failure,smooth,-0.009663075107499197
original_1_7,F47_161_to_160,co2_sensor,ventilation,failure,high_support,-0.006918563001285849
original_1_7,F47_161_to_160,co2_sensor,heating,control,raw,0.043142847222221614
original_1_7,F47_161_to_160,co2_sensor,heating,control,smooth,0.022529765682194336
original_1_7,F47_161_to_160,co2_sensor,heating,control,high_support,0.07752749020370683
original_1_7,F47_161_to_160,co2_sensor,heating,failure,raw,-0.05549458333333468
original_1_7,F47_161_to_160,co2_sensor,heating,failure,smooth,-0.0917552835100065
original_1_7,F47_161_to_160,co2_sensor,heating,failure,high_support,-0.04319061182478853
original_1_7,F47_161_to_160,co2_sensor,curtains,control,raw,-0.00580729166666738
original_1_7,F47_161_to_160,co2_sensor,curtains,control,smooth,-0.00546541964384617
original_1_7,F47_161_to_160,co2_sensor,curtains,control,high_support,-0.001287421479950146
original_1_7,F47_161_to_160,co2_sensor,curtains,failure,raw,-0.0036785416666665904
original_1_7,F47_161_to_160,co2_sensor,curtains,failure,smooth,-0.003010867542904805
original_1_7,F47_161_to_160,co2_sensor,curtains,failure,high_support,0.00018053433046472112
original_1_7,F47_161_to_160,co2_sensor,co2_action,control,raw,0.0021339583333332968
original_1_7,F47_161_to_160,co2_sensor,co2_action,control,smooth,0.0016040376526778033
original_1_7,F47_161_to_160,co2_sensor,co2_action,control,high_support,0.0011168102341306586
original_1_7,F47_161_to_160,co2_sensor,co2_action,failure,raw,-0.0006487499999999757
original_1_7,F47_161_to_160,co2_sensor,co2_action,failure,smooth,-0.00013920809044654092
original_1_7,F47_161_to_160,co2_sensor,co2_action,failure,high_support,-0.0007187409141263257
original_1_7,F47_161_to_160,co2_sensor,fog,control,raw,0.0031868055555557273
original_1_7,F47_161_to_160,co2_sensor,fog,control,smooth,0.001958406423968606
original_1_7,F47_161_to_160,co2_sensor,fog,control,high_support,0.001200117122939822
original_1_7,F47_161_to_160,co2_sensor,fog,failure,raw,0.0009195138888888899
original_1_7,F47_161_to_160,co2_sensor,fog,failure,smooth,0.000508491467973049
original_1_7,F47_161_to_160,co2_sensor,fog,failure,high_support,0.0009239295080145093
original_1_7,F47_161_to_160,ventilation,heating,control,raw,0.00325701388888866
original_1_7,F47_161_to_160,ventilation,heating,control,smooth,0.001991743468523488
original_1_7,F47_161_to_160,ventilation,heating,control,high_support,0.0001956518397210616
original_1_7,F47_161_to_160,ventilation,heating,failure,raw,0.007504166666667089
original_1_7,F47_161_to_160,ventilation,heating,failure,smooth,0.00476340584983026
original_1_7,F47_161_to_160,ventilation,heating,failure,high_support,-0.0008226232927539545
original_1_7,F47_161_to_160,ventilation,curtains,control,raw,0.0001391666666666902
original_1_7,F47_161_to_160,ventilation,curtains,control,smooth,0.00011104771168879424
original_1_7,F47_161_to_160,ventilation,curtains,control,high_support,0.00010652696819678231
original_1_7,F47_161_to_160,ventilation,curtains,failure,raw,0.00028020833333353146
original_1_7,F47_161_to_160,ventilation,curtains,failure,smooth,0.000209802206502685
original_1_7,F47_161_to_160,ventilation,curtains,failure,high_support,0.00039737621122271083
original_1_7,F47_161_to_160,ventilation,co2_action,control,raw,0.00017868055555547713
original_1_7,F47_161_to_160,ventilation,co2_action,control,smooth,0.00016393456835661624
original_1_7,F47_161_to_160,ventilation,co2_action,control,high_support,0.0003821883776735889
original_1_7,F47_161_to_160,ventilation,co2_action,failure,raw,0.0002764583333334514
original_1_7,F47_161_to_160,ventilation,co2_action,failure,smooth,0.00019420651219959062
original_1_7,F47_161_to_160,ventilation,co2_action,failure,high_support,0.00038659938306007113
original_1_7,F47_161_to_160,ventilation,fog,control,raw,-0.0006772916666666351
original_1_7,F47_161_to_160,ventilation,fog,control,smooth,-0.0004430215103166102
original_1_7,F47_161_to_160,ventilation,fog,control,high_support,-0.00018993799040690693
original_1_7,F47_161_to_160,ventilation,fog,failure,raw,-0.0003529166666664807
original_1_7,F47_161_to_160,ventilation,fog,failure,smooth,-0.00022726109495896374
original_1_7,F47_161_to_160,ventilation,fog,failure,high_support,-9.087693592602086e-05
original_1_7,F47_161_to_160,heating,curtains,control,raw,0.000554930555555444
original_1_7,F47_161_to_160,heating,curtains,control,smooth,0.00044454858983911105
original_1_7,F47_161_to_160,heating,curtains,control,high_support,5.83866259216137e-05
original_1_7,F47_161_to_160,heating,curtains,failure,raw,0.0025879166666669118
original_1_7,F47_161_to_160,heating,curtains,failure,smooth,0.0021793159725307376
original_1_7,F47_161_to_160,heating,curtains,failure,high_support,0.00047386634143842254
original_1_7,F47_161_to_160,heating,co2_action,control,raw,0.001351666666666862
original_1_7,F47_161_to_160,heating,co2_action,control,smooth,0.000700213989845988
original_1_7,F47_161_to_160,heating,co2_action,control,high_support,0.0013216303578711848
original_1_7,F47_161_to_160,heating,co2_action,failure,raw,0.002303402777777963
original_1_7,F47_161_to_160,heating,co2_action,failure,smooth,0.0014831632710798903
original_1_7,F47_161_to_160,heating,co2_action,failure,high_support,0.0019482153924433865
original_1_7,F47_161_to_160,heating,fog,control,raw,0.002088888888889029
original_1_7,F47_161_to_160,heating,fog,control,smooth,0.0013654214055444092
original_1_7,F47_161_to_160,heating,fog,control,high_support,0.0017639439998179095
original_1_7,F47_161_to_160,heating,fog,failure,raw,-0.00010812499999968139
original_1_7,F47_161_to_160,heating,fog,failure,smooth,2.3173187964076192e-05
original_1_7,F47_161_to_160,heating,fog,failure,high_support,0.0012618463728555351
original_1_7,F47_161_to_160,curtains,co2_action,control,raw,-0.00020930555555565
original_1_7,F47_161_to_160,curtains,co2_action,control,smooth,-0.00013707061407886023
original_1_7,F47_161_to_160,curtains,co2_action,control,high_support,-5.80815104007891e-05
original_1_7,F47_161_to_160,curtains,co2_action,failure,raw,0.0003195833333335951
original_1_7,F47_161_to_160,curtains,co2_action,failure,smooth,0.0002651237697908204
original_1_7,F47_161_to_160,curtains,co2_action,failure,high_support,0.0004813435600296012
original_1_7,F47_161_to_160,curtains,fog,control,raw,0.0003270833333334222
original_1_7,F47_161_to_160,curtains,fog,control,smooth,0.00020287253940343142
original_1_7,F47_161_to_160,curtains,fog,control,high_support,0.0004175171778216698
original_1_7,F47_161_to_160,curtains,fog,failure,raw,-3.4722222221894583e-06
original_1_7,F47_161_to_160,curtains,fog,failure,smooth,3.3769099960778703e-08
original_1_7,F47_161_to_160,curtains,fog,failure,high_support,0.00019638964514268054
original_1_7,F47_161_to_160,co2_action,fog,control,raw,-2.3472222222320482e-05
original_1_7,F47_161_to_160,co2_action,fog,control,smooth,-1.6476334860460184e-05
original_1_7,F47_161_to_160,co2_action,fog,control,high_support,0.0
original_1_7,F47_161_to_160,co2_action,fog,failure,raw,4.375000000500506e-06
original_1_7,F47_161_to_160,co2_action,fog,failure,smooth,9.848968549164283e-06
original_1_7,F47_161_to_160,co2_action,fog,failure,high_support,-0.00024286840190657077
original_4_7,F47_130_to_127,season,temperature,control,raw,0.00024187499999939188
original_4_7,F47_130_to_127,season,temperature,control,smooth,0.0009824713449866351
original_4_7,F47_130_to_127,season,temperature,control,high_support,-0.0015781330659179506
original_4_7,F47_130_to_127,season,temperature,failure,raw,-0.004338263888888694
original_4_7,F47_130_to_127,season,temperature,failure,smooth,-0.00581248329437134
original_4_7,F47_130_to_127,season,temperature,failure,high_support,0.01045723794817549
original_4_7,F47_130_to_127,season,humidity,control,raw,0.0005805555555554731
original_4_7,F47_130_to_127,season,humidity,control,smooth,0.0007168487832154291
original_4_7,F47_130_to_127,season,humidity,control,high_support,-0.00021291328308626657
original_4_7,F47_130_to_127,season,humidity,failure,raw,0.0018664583333336537
original_4_7,F47_130_to_127,season,humidity,failure,smooth,0.002854457415930045
original_4_7,F47_130_to_127,season,humidity,failure,high_support,0.003133252994829805
original_4_7,F47_130_to_127,season,co2_sensor,control,raw,0.0009215972222222923
original_4_7,F47_130_to_127,season,co2_sensor,control,smooth,0.0005032316683817317
original_4_7,F47_130_to_127,season,co2_sensor,control,high_support,0.0011477868128006805
original_4_7,F47_130_to_127,season,co2_sensor,failure,raw,0.026556597222222145
original_4_7,F47_130_to_127,season,co2_sensor,failure,smooth,0.029612900101010697
original_4_7,F47_130_to_127,season,co2_sensor,failure,high_support,0.03190320914877065
original_4_7,F47_130_to_127,season,ventilation,control,raw,0.002011319444444881
original_4_7,F47_130_to_127,season,ventilation,control,smooth,0.0013962318863868228
original_4_7,F47_130_to_127,season,ventilation,control,high_support,0.0017602042844911455
original_4_7,F47_130_to_127,season,ventilation,failure,raw,0.013929652777778023
original_4_7,F47_130_to_127,season,ventilation,failure,smooth,0.00945348631546572
original_4_7,F47_130_to_127,season,ventilation,failure,high_support,0.004829005111615298
original_4_7,F47_130_to_127,season,heating,control,raw,-0.0030980555555558675
original_4_7,F47_130_to_127,season,heating,control,smooth,-0.0029673412175134084
original_4_7,F47_130_to_127,season,heating,control,high_support,-0.00021932149929973586
original_4_7,F47_130_to_127,season,heating,failure,raw,-0.01687486111111114
original_4_7,F47_130_to_127,season,heating,failure,smooth,-0.018601852955742237
original_4_7,F47_130_to_127,season,heating,failure,high_support,-0.0068124385822764255
original_4_7,F47_130_to_127,season,curtains,control,raw,0.001010694444444793
original_4_7,F47_130_to_127,season,curtains,control,smooth,0.0007062700848402548
original_4_7,F47_130_to_127,season,curtains,control,high_support,0.0003504304015786719
original_4_7,F47_130_to_127,season,curtains,failure,raw,0.0008625000000000993
original_4_7,F47_130_to_127,season,curtains,failure,smooth,0.0010256498822174276
original_4_7,F47_130_to_127,season,curtains,failure,high_support,0.00011566650708980108
original_4_7,F47_130_to_127,season,co2_action,control,raw,0.0014449999999999186
original_4_7,F47_130_to_127,season,co2_action,control,smooth,0.0017769092171970868
original_4_7,F47_130_to_127,season,co2_action,control,high_support,0.0001230374069096287
original_4_7,F47_130_to_127,season,co2_action,failure,raw,-0.002730347222221874
original_4_7,F47_130_to_127,season,co2_action,failure,smooth,-0.00244066999777115
original_4_7,F47_130_to_127,season,co2_action,failure,high_support,-0.0013046120897607094
original_4_7,F47_130_to_127,season,fan,control,raw,0.12218812499999909
original_4_7,F47_130_to_127,season,fan,control,smooth,0.1346256024768212
original_4_7,F47_130_to_127,season,fan,control,high_support,0.0671308872207562
original_4_7,F47_130_to_127,season,fan,failure,raw,0.13634083333333336
original_4_7,F47_130_to_127,season,fan,failure,smooth,0.1461918984297501
original_4_7,F47_130_to_127,season,fan,failure,high_support,0.09945539232323958
original_4_7,F47_130_to_127,season,fog,control,raw,-1.6666666666775853e-06
original_4_7,F47_130_to_127,season,fog,control,smooth,0.000130624269544799
original_4_7,F47_130_to_127,season,fog,control,high_support,3.602825593118468e-05
original_4_7,F47_130_to_127,season,fog,failure,raw,-0.0013686111111110844
original_4_7,F47_130_to_127,season,fog,failure,smooth,-0.0007553368012709338
original_4_7,F47_130_to_127,season,fog,failure,high_support,1.930361290450322e-05
original_4_7,F47_130_to_127,temperature,humidity,control,raw,0.0024459722222222036
original_4_7,F47_130_to_127,temperature,humidity,control,smooth,0.002779364521019567
original_4_7,F47_130_to_127,temperature,humidity,control,high_support,0.0006401381465130779
original_4_7,F47_130_to_127,temperature,humidity,failure,raw,0.009912291666666961
original_4_7,F47_130_to_127,temperature,humidity,failure,smooth,0.008321997643016
original_4_7,F47_130_to_127,temperature,humidity,failure,high_support,0.013572575763157124
original_4_7,F47_130_to_127,temperature,co2_sensor,control,raw,-0.0042404861111109415
original_4_7,F47_130_to_127,temperature,co2_sensor,control,smooth,-0.003924017863401574
original_4_7,F47_130_to_127,temperature,co2_sensor,control,high_support,-0.002010692192245969
original_4_7,F47_130_to_127,temperature,co2_sensor,failure,raw,-0.03489326388888858
original_4_7,F47_130_to_127,temperature,co2_sensor,failure,smooth,-0.03732828974750857
original_4_7,F47_130_to_127,temperature,co2_sensor,failure,high_support,-0.02233954982621031
original_4_7,F47_130_to_127,temperature,ventilation,control,raw,-3.402777777739008e-05
original_4_7,F47_130_to_127,temperature,ventilation,control,smooth,3.765378410791609e-05
original_4_7,F47_130_to_127,temperature,ventilation,control,high_support,0.0002593834648134414
original_4_7,F47_130_to_127,temperature,ventilation,failure,raw,0.0009454166666670316
original_4_7,F47_130_to_127,temperature,ventilation,failure,smooth,0.0004522480515095628
original_4_7,F47_130_to_127,temperature,ventilation,failure,high_support,-0.00022658048493356953
original_4_7,F47_130_to_127,temperature,heating,control,raw,0.007312986111109754
original_4_7,F47_130_to_127,temperature,heating,control,smooth,0.007808547022770007
original_4_7,F47_130_to_127,temperature,heating,control,high_support,-2.223698089509011e-05
original_4_7,F47_130_to_127,temperature,heating,failure,raw,0.0014356250000000514
original_4_7,F47_130_to_127,temperature,heating,failure,smooth,0.0022142686757635754
original_4_7,F47_130_to_127,temperature,heating,failure,high_support,-0.002406422100490413
original_4_7,F47_130_to_127,temperature,curtains,control,raw,0.0012300000000001754
original_4_7,F47_130_to_127,temperature,curtains,control,smooth,0.000900885491687542
original_4_7,F47_130_to_127,temperature,curtains,control,high_support,0.00011925555171582967
original_4_7,F47_130_to_127,temperature,curtains,failure,raw,0.003822500000000062
original_4_7,F47_130_to_127,temperature,curtains,failure,smooth,0.0025905169496380775
original_4_7,F47_130_to_127,temperature,curtains,failure,high_support,-4.298891687964934e-05
original_4_7,F47_130_to_127,temperature,co2_action,control,raw,0.005648402777777228
original_4_7,F47_130_to_127,temperature,co2_action,control,smooth,0.004660082456338421
original_4_7,F47_130_to_127,temperature,co2_action,control,high_support,0.0022857021149153695
original_4_7,F47_130_to_127,temperature,co2_action,failure,raw,0.004622500000000196
original_4_7,F47_130_to_127,temperature,co2_action,failure,smooth,0.0033063702568747466
original_4_7,F47_130_to_127,temperature,co2_action,failure,high_support,0.002542895058333605
original_4_7,F47_130_to_127,temperature,fan,control,raw,0.04651840277777586
original_4_7,F47_130_to_127,temperature,fan,control,smooth,0.055828460687304404
original_4_7,F47_130_to_127,temperature,fan,control,high_support,0.017528166540608077
original_4_7,F47_130_to_127,temperature,fan,failure,raw,0.013792013888888732
original_4_7,F47_130_to_127,temperature,fan,failure,smooth,0.016371154697057078
original_4_7,F47_130_to_127,temperature,fan,failure,high_support,0.012644356386221259
original_4_7,F47_130_to_127,temperature,fog,control,raw,-0.001412222222222148
original_4_7,F47_130_to_127,temperature,fog,control,smooth,-0.0009368252206343186
original_4_7,F47_130_to_127,temperature,fog,control,high_support,0.0003103343804489976
original_4_7,F47_130_to_127,temperature,fog,failure,raw,-0.0011166666666665437
original_4_7,F47_130_to_127,temperature,fog,failure,smooth,-0.0007365485230367286
original_4_7,F47_130_to_127,temperature,fog,failure,high_support,-0.0006521031874839323
original_4_7,F47_130_to_127,humidity,co2_sensor,control,raw,-0.0017660416666667178
original_4_7,F47_130_to_127,humidity,co2_sensor,control,smooth,-0.0014198478447672302
original_4_7,F47_130_to_127,humidity,co2_sensor,control,high_support,-0.001270327183890337
original_4_7,F47_130_to_127,humidity,co2_sensor,failure,raw,-0.009368749999999815
original_4_7,F47_130_to_127,humidity,co2_sensor,failure,smooth,-0.009671468977904385
original_4_7,F47_130_to_127,humidity,co2_sensor,failure,high_support,-0.01219795420894118
original_4_7,F47_130_to_127,humidity,ventilation,control,raw,-0.0003541666666665444
original_4_7,F47_130_to_127,humidity,ventilation,control,smooth,-0.0002218558825431982
original_4_7,F47_130_to_127,humidity,ventilation,control,high_support,-2.0411673900813318e-05
original_4_7,F47_130_to_127,humidity,ventilation,failure,raw,9.062500000023288e-05
original_4_7,F47_130_to_127,humidity,ventilation,failure,smooth,0.00016160465638737076
original_4_7,F47_130_to_127,humidity,ventilation,failure,high_support,0.0007645389778462297
original_4_7,F47_130_to_127,humidity,heating,control,raw,0.000970763888888837
original_4_7,F47_130_to_127,humidity,heating,control,smooth,0.001104191114384867
original_4_7,F47_130_to_127,humidity,heating,control,high_support,-0.0001995156503893031
original_4_7,F47_130_to_127,humidity,heating,failure,raw,0.002616319444444404
original_4_7,F47_130_to_127,humidity,heating,failure,smooth,0.0025563176695225787
original_4_7,F47_130_to_127,humidity,heating,failure,high_support,0.0004361896178980418
original_4_7,F47_130_to_127,humidity,curtains,control,raw,0.000507430555555799
original_4_7,F47_130_to_127,humidity,curtains,control,smooth,0.0002861742569220116
original_4_7,F47_130_to_127,humidity,curtains,control,high_support,0.0004173042760672336
original_4_7,F47_130_to_127,humidity,curtains,failure,raw,0.0024206944444447043
original_4_7,F47_130_to_127,humidity,curtains,failure,smooth,0.0012671523277705266
original_4_7,F47_130_to_127,humidity,curtains,failure,high_support,-0.00023443778573595253
original_4_7,F47_130_to_127,humidity,co2_action,control,raw,-0.0007945138888889591
original_4_7,F47_130_to_127,humidity,co2_action,control,smooth,-0.0005286643638506838
original_4_7,F47_130_to_127,humidity,co2_action,control,high_support,0.00014530114890102738
original_4_7,F47_130_to_127,humidity,co2_action,failure,raw,0.0021343750000000217
original_4_7,F47_130_to_127,humidity,co2_action,failure,smooth,0.0017513866179678095
original_4_7,F47_130_to_127,humidity,co2_action,failure,high_support,0.0001684188277729648
original_4_7,F47_130_to_127,humidity,fan,control,raw,0.0067675694444442325
original_4_7,F47_130_to_127,humidity,fan,control,smooth,0.0074967819855059625
original_4_7,F47_130_to_127,humidity,fan,control,high_support,0.014854204065596547
original_4_7,F47_130_to_127,humidity,fan,failure,raw,0.010841111111111301
original_4_7,F47_130_to_127,humidity,fan,failure,smooth,0.007602975030291725
original_4_7,F47_130_to_127,humidity,fan,failure,high_support,0.024350893183036654
original_4_7,F47_130_to_127,humidity,fog,control,raw,-0.0008306250000000848
original_4_7,F47_130_to_127,humidity,fog,control,smooth,-0.0005032133194214916
original_4_7,F47_130_to_127,humidity,fog,control,high_support,-0.0006141173718474963
original_4_7,F47_130_to_127,humidity,fog,failure,raw,0.0001787500000000053
original_4_7,F47_130_to_127,humidity,fog,failure,smooth,0.00015644847282381136
original_4_7,F47_130_to_127,humidity,fog,failure,high_support,-0.00042615154274655564
original_4_7,F47_130_to_127,co2_sensor,ventilation,control,raw,0.0014631249999997875
original_4_7,F47_130_to_127,co2_sensor,ventilation,control,smooth,0.0011512195286413895
original_4_7,F47_130_to_127,co2_sensor,ventilation,control,high_support,-0.00027452860089511276
original_4_7,F47_130_to_127,co2_sensor,ventilation,failure,raw,0.0002916666666669121
original_4_7,F47_130_to_127,co2_sensor,ventilation,failure,smooth,0.0005290667051764952
original_4_7,F47_130_to_127,co2_sensor,ventilation,failure,high_support,0.0011431328172285538
original_4_7,F47_130_to_127,co2_sensor,heating,control,raw,-0.0015216666666665324
original_4_7,F47_130_to_127,co2_sensor,heating,control,smooth,-0.0018595206230093142
original_4_7,F47_130_to_127,co2_sensor,heating,control,high_support,-0.0018102069889331298
original_4_7,F47_130_to_127,co2_sensor,heating,failure,raw,-0.00505715277777774
original_4_7,F47_130_to_127,co2_sensor,heating,failure,smooth,-0.00477704504633969
original_4_7,F47_130_to_127,co2_sensor,heating,failure,high_support,0.0019030103708015111
original_4_7,F47_130_to_127,co2_sensor,curtains,control,raw,0.0006081944444442655
original_4_7,F47_130_to_127,co2_sensor,curtains,control,smooth,0.0003944618513896936
original_4_7,F47_130_to_127,co2_sensor,curtains,control,high_support,0.0004251610300212427
original_4_7,F47_130_to_127,co2_sensor,curtains,failure,raw,-0.003966736111111091
original_4_7,F47_130_to_127,co2_sensor,curtains,failure,smooth,-0.0030062004039952406
original_4_7,F47_130_to_127,co2_sensor,curtains,failure,high_support,-0.0012800195662944769
original_4_7,F47_130_to_127,co2_sensor,co2_action,control,raw,0.0022831249999999415
original_4_7,F47_130_to_127,co2_sensor,co2_action,control,smooth,0.00248663121425996
original_4_7,F47_130_to_127,co2_sensor,co2_action,control,high_support,0.001732221040864743
original_4_7,F47_130_to_127,co2_sensor,co2_action,failure,raw,-0.0019310416666664665
original_4_7,F47_130_to_127,co2_sensor,co2_action,failure,smooth,-0.001718500213531704
original_4_7,F47_130_to_127,co2_sensor,co2_action,failure,high_support,-0.00035770685140651404
original_4_7,F47_130_to_127,co2_sensor,fan,control,raw,0.07173666666666667
original_4_7,F47_130_to_127,co2_sensor,fan,control,smooth,0.07430626224554582
original_4_7,F47_130_to_127,co2_sensor,fan,control,high_support,0.04911563002345396
original_4_7,F47_130_to_127,co2_sensor,fan,failure,raw,0.049955486111111225
original_4_7,F47_130_to_127,co2_sensor,fan,failure,smooth,0.05355100131522583
original_4_7,F47_130_to_127,co2_sensor,fan,failure,high_support,0.0496439684729984
original_4_7,F47_130_to_127,co2_sensor,fog,control,raw,0.0013286111111109333
original_4_7,F47_130_to_127,co2_sensor,fog,control,smooth,0.0008086134373459508
original_4_7,F47_130_to_127,co2_sensor,fog,control,high_support,0.00038202507101732334
original_4_7,F47_130_to_127,co2_sensor,fog,failure,raw,-0.0020808333333333096
original_4_7,F47_130_to_127,co2_sensor,fog,failure,smooth,-0.0013798835764132766
original_4_7,F47_130_to_127,co2_sensor,fog,failure,high_support,-0.0007425638333184437
original_4_7,F47_130_to_127,ventilation,heating,control,raw,0.0038264583333336155
original_4_7,F47_130_to_127,ventilation,heating,control,smooth,0.00223465302600101
original_4_7,F47_130_to_127,ventilation,heating,control,high_support,0.0026294815508119867
original_4_7,F47_130_to_127,ventilation,heating,failure,raw,-0.0029242361111110338
original_4_7,F47_130_to_127,ventilation,heating,failure,smooth,-0.001833851762153782
original_4_7,F47_130_to_127,ventilation,heating,failure,high_support,-0.0014112771746275232
original_4_7,F47_130_to_127,ventilation,curtains,control,raw,-0.008637083333333129
original_4_7,F47_130_to_127,ventilation,curtains,control,smooth,-0.0056187158992321296
original_4_7,F47_130_to_127,ventilation,curtains,control,high_support,-0.002875655851717774
original_4_7,F47_130_to_127,ventilation,curtains,failure,raw,-0.0034864583333328314
original_4_7,F47_130_to_127,ventilation,curtains,failure,smooth,-0.0022372341638798865
original_4_7,F47_130_to_127,ventilation,curtains,failure,high_support,-0.0019967975238327496
original_4_7,F47_130_to_127,ventilation,co2_action,control,raw,-0.004792361111110921
original_4_7,F47_130_to_127,ventilation,co2_action,control,smooth,-0.0030992275882495424
original_4_7,F47_130_to_127,ventilation,co2_action,control,high_support,-0.0003625542490667908
original_4_7,F47_130_to_127,ventilation,co2_action,failure,raw,-0.0023683333333328616
original_4_7,F47_130_to_127,ventilation,co2_action,failure,smooth,-0.0016848056236673514
original_4_7,F47_130_to_127,ventilation,co2_action,failure,high_support,-0.00177435725366748
original_4_7,F47_130_to_127,ventilation,fan,control,raw,-0.03800736111111025
original_4_7,F47_130_to_127,ventilation,fan,control,smooth,-0.0254954157983579
original_4_7,F47_130_to_127,ventilation,fan,control,high_support,-0.010764499844610828
original_4_7,F47_130_to_127,ventilation,fan,failure,raw,-0.015282916666666146
original_4_7,F47_130_to_127,ventilation,fan,failure,smooth,-0.00985602600794322
original_4_7,F47_130_to_127,ventilation,fan,failure,high_support,-0.004547157335143437
original_4_7,F47_130_to_127,ventilation,fog,control,raw,-0.0017369444444446103
original_4_7,F47_130_to_127,ventilation,fog,control,smooth,-0.0011693915443385938
original_4_7,F47_130_to_127,ventilation,fog,control,high_support,0.00019033823249425298
original_4_7,F47_130_to_127,ventilation,fog,failure,raw,0.0005968055555556351
original_4_7,F47_130_to_127,ventilation,fog,failure,smooth,0.0005136733277285588
original_4_7,F47_130_to_127,ventilation,fog,failure,high_support,5.512172182919883e-06
original_4_7,F47_130_to_127,heating,curtains,control,raw,9.076388888917819e-05
original_4_7,F47_130_to_127,heating,curtains,control,smooth,0.00012288518795700032
original_4_7,F47_130_to_127,heating,curtains,control,high_support,-0.0007433335214113044
original_4_7,F47_130_to_127,heating,curtains,failure,raw,0.0005381249999998339
original_4_7,F47_130_to_127,heating,curtains,failure,smooth,0.00026005523016958687
original_4_7,F47_130_to_127,heating,curtains,failure,high_support,-0.00026718162454220096
original_4_7,F47_130_to_127,heating,co2_action,control,raw,0.002092777777777388
original_4_7,F47_130_to_127,heating,co2_action,control,smooth,0.001727591379959037
original_4_7,F47_130_to_127,heating,co2_action,control,high_support,-0.0004549095173806859
original_4_7,F47_130_to_127,heating,co2_action,failure,raw,-0.001373124999999864
original_4_7,F47_130_to_127,heating,co2_action,failure,smooth,-0.0016846026679325776
original_4_7,F47_130_to_127,heating,co2_action,failure,high_support,-0.00034644384209664425
original_4_7,F47_130_to_127,heating,fan,control,raw,0.05356270833333154
original_4_7,F47_130_to_127,heating,fan,control,smooth,0.06383871512417627
original_4_7,F47_130_to_127,heating,fan,control,high_support,0.0013295792098276613
original_4_7,F47_130_to_127,heating,fan,failure,raw,0.031152222222221915
original_4_7,F47_130_to_127,heating,fan,failure,smooth,0.038771580975151654
original_4_7,F47_130_to_127,heating,fan,failure,high_support,-0.0064234436594510225
original_4_7,F47_130_to_127,heating,fog,control,raw,-0.002287986111111029
original_4_7,F47_130_to_127,heating,fog,control,smooth,-0.001520862063815298
original_4_7,F47_130_to_127,heating,fog,control,high_support,-0.0013664355768758362
original_4_7,F47_130_to_127,heating,fog,failure,raw,-0.0004183333333334094
original_4_7,F47_130_to_127,heating,fog,failure,smooth,-0.0002352935903624509
original_4_7,F47_130_to_127,heating,fog,failure,high_support,-0.00014034143088892392
original_4_7,F47_130_to_127,curtains,co2_action,control,raw,-0.002104861111111078
original_4_7,F47_130_to_127,curtains,co2_action,control,smooth,-0.002126215309634083
original_4_7,F47_130_to_127,curtains,co2_action,control,high_support,-0.0016120479261173843
original_4_7,F47_130_to_127,curtains,co2_action,failure,raw,0.003453750000000033
original_4_7,F47_130_to_127,curtains,co2_action,failure,smooth,0.002045279287842483
original_4_7,F47_130_to_127,curtains,co2_action,failure,high_support,0.00014052326535213266
original_4_7,F47_130_to_127,curtains,fan,control,raw,-0.010381944444444069
original_4_7,F47_130_to_127,curtains,fan,control,smooth,-0.007116941496907225
original_4_7,F47_130_to_127,curtains,fan,control,high_support,-0.0024823145872356397
original_4_7,F47_130_to_127,curtains,fan,failure,raw,-0.003842569444444388
original_4_7,F47_130_to_127,curtains,fan,failure,smooth,-0.0024399374449578515
original_4_7,F47_130_to_127,curtains,fan,failure,high_support,-0.003674031506835776
original_4_7,F47_130_to_127,curtains,fog,control,raw,-0.0008951388888890355
original_4_7,F47_130_to_127,curtains,fog,control,smooth,-0.0005149189912504459
original_4_7,F47_130_to_127,curtains,fog,control,high_support,0.0002335391559443456
original_4_7,F47_130_to_127,curtains,fog,failure,raw,0.000520486111111218
original_4_7,F47_130_to_127,curtains,fog,failure,smooth,0.0004176574571553848
original_4_7,F47_130_to_127,curtains,fog,failure,high_support,-0.00030522383993514257
original_4_7,F47_130_to_127,co2_action,fan,control,raw,-0.01024041666666764
original_4_7,F47_130_to_127,co2_action,fan,control,smooth,-0.00844868375424368
original_4_7,F47_130_to_127,co2_action,fan,control,high_support,-0.006575772425319154
original_4_7,F47_130_to_127,co2_action,fan,failure,raw,-0.01649569444444432
original_4_7,F47_130_to_127,co2_action,fan,failure,smooth,-0.015662087643656286
original_4_7,F47_130_to_127,co2_action,fan,failure,high_support,-0.0071223630545053165
original_4_7,F47_130_to_127,co2_action,fog,control,raw,-0.001833541666667049
original_4_7,F47_130_to_127,co2_action,fog,control,smooth,-0.001302413603385233
original_4_7,F47_130_to_127,co2_action,fog,control,high_support,-0.0006095869452999256
original_4_7,F47_130_to_127,co2_action,fog,failure,raw,-0.0001755555555553734
original_4_7,F47_130_to_127,co2_action,fog,failure,smooth,-0.000262815790026516
original_4_7,F47_130_to_127,co2_action,fog,failure,high_support,0.0003771899587624028
original_4_7,F47_130_to_127,fan,fog,control,raw,-0.008071944444444479
original_4_7,F47_130_to_127,fan,fog,control,smooth,-0.005335177576387018
original_4_7,F47_130_to_127,fan,fog,control,high_support,-0.0012772577130944224
original_4_7,F47_130_to_127,fan,fog,failure,raw,-0.00018666666666677934
original_4_7,F47_130_to_127,fan,fog,failure,smooth,-0.00010502787872768149
original_4_7,F47_130_to_127,fan,fog,failure,high_support,0.0019994385748374616
original_8_7,F13_231_to_232,season,temperature,control,raw,-4.861111111420513e-07
original_8_7,F13_231_to_232,season,temperature,control,smooth,-3.333117937209806e-08
original_8_7,F13_231_to_232,season,temperature,control,high_support,1.3877787807814457e-17
original_8_7,F13_231_to_232,season,temperature,failure,raw,-0.00021659722222233668
original_8_7,F13_231_to_232,season,temperature,failure,smooth,-0.00021497832499695058
original_8_7,F13_231_to_232,season,temperature,failure,high_support,5.551115123125783e-17
original_8_7,F13_231_to_232,season,humidity,control,raw,-0.0004132638888889595
original_8_7,F13_231_to_232,season,humidity,control,smooth,-0.0003966740245155975
original_8_7,F13_231_to_232,season,humidity,control,high_support,1.3877787807814457e-17
original_8_7,F13_231_to_232,season,humidity,failure,raw,5.486111111063785e-06
original_8_7,F13_231_to_232,season,humidity,failure,smooth,4.425599172019901e-06
original_8_7,F13_231_to_232,season,humidity,failure,high_support,0.0
original_8_7,F13_231_to_232,season,co2_sensor,control,raw,-0.000691666666666535
original_8_7,F13_231_to_232,season,co2_sensor,control,smooth,-0.0008675974913805451
original_8_7,F13_231_to_232,season,co2_sensor,control,high_support,-0.0013306828802913673
original_8_7,F13_231_to_232,season,co2_sensor,failure,raw,-0.0016095138888888583
original_8_7,F13_231_to_232,season,co2_sensor,failure,smooth,-0.0019483100289343636
original_8_7,F13_231_to_232,season,co2_sensor,failure,high_support,-0.0021043532707176182
original_8_7,F13_231_to_232,season,ventilation,control,raw,0.0020397916666666793
original_8_7,F13_231_to_232,season,ventilation,control,smooth,0.0012801676614003776
original_8_7,F13_231_to_232,season,ventilation,control,high_support,0.0012595882432835659
original_8_7,F13_231_to_232,season,ventilation,failure,raw,0.0022156944444444715
original_8_7,F13_231_to_232,season,ventilation,failure,smooth,0.0014158166004197836
original_8_7,F13_231_to_232,season,ventilation,failure,high_support,0.000568568253192181
original_8_7,F13_231_to_232,season,heating,control,raw,0.00013694444444445342
original_8_7,F13_231_to_232,season,heating,control,smooth,9.321879443136005e-05
original_8_7,F13_231_to_232,season,heating,control,high_support,-1.3877787807814457e-17
original_8_7,F13_231_to_232,season,heating,failure,raw,0.0016679166666665468
original_8_7,F13_231_to_232,season,heating,failure,smooth,0.0010320089565133417
original_8_7,F13_231_to_232,season,heating,failure,high_support,0.0009767372437866628
original_8_7,F13_231_to_232,season,curtains,control,raw,0.0013856944444445851
original_8_7,F13_231_to_232,season,curtains,control,smooth,0.0009282007829556349
original_8_7,F13_231_to_232,season,curtains,control,high_support,0.0008815397478498521
original_8_7,F13_231_to_232,season,curtains,failure,raw,0.0004140972222219652
original_8_7,F13_231_to_232,season,curtains,failure,smooth,0.00036064386416856387
original_8_7,F13_231_to_232,season,curtains,failure,high_support,-7.146184148942858e-05
original_8_7,F13_231_to_232,season,co2_action,control,raw,8.631944444448258e-05
original_8_7,F13_231_to_232,season,co2_action,control,smooth,8.782525394612772e-05
original_8_7,F13_231_to_232,season,co2_action,control,high_support,0.00021486777755476416
original_8_7,F13_231_to_232,season,co2_action,failure,raw,0.00037173611111096516
original_8_7,F13_231_to_232,season,co2_action,failure,smooth,0.00047228602560456245
original_8_7,F13_231_to_232,season,co2_action,failure,high_support,0.0005583144008270979
original_8_7,F13_231_to_232,season,fan,control,raw,0.0017528472222223535
original_8_7,F13_231_to_232,season,fan,control,smooth,0.0011817546975934068
original_8_7,F13_231_to_232,season,fan,control,high_support,0.007923848333134156
original_8_7,F13_231_to_232,season,fan,failure,raw,0.0024091666666665734
original_8_7,F13_231_to_232,season,fan,failure,smooth,0.0013977304636446641
original_8_7,F13_231_to_232,season,fan,failure,high_support,0.007933640298363187
original_8_7,F13_231_to_232,season,fog,control,raw,0.0004181249999999359
original_8_7,F13_231_to_232,season,fog,control,smooth,0.0002763558683254175
original_8_7,F13_231_to_232,season,fog,control,high_support,0.0001454640286167319
original_8_7,F13_231_to_232,season,fog,failure,raw,-5.8541666666855896e-05
original_8_7,F13_231_to_232,season,fog,failure,smooth,-4.172850026917807e-05
original_8_7,F13_231_to_232,season,fog,failure,high_support,5.551115123125783e-17
original_8_7,F13_231_to_232,temperature,humidity,control,raw,-0.00010888888888904713
original_8_7,F13_231_to_232,temperature,humidity,control,smooth,-7.55510247043567e-05
original_8_7,F13_231_to_232,temperature,humidity,control,high_support,2.7755575615628914e-17
original_8_7,F13_231_to_232,temperature,humidity,failure,raw,-0.0004901388888890468
original_8_7,F13_231_to_232,temperature,humidity,failure,smooth,-0.000613223809935004
original_8_7,F13_231_to_232,temperature,humidity,failure,high_support,-9.68909155917852e-05
original_8_7,F13_231_to_232,temperature,co2_sensor,control,raw,-1.4444444444539073e-05
original_8_7,F13_231_to_232,temperature,co2_sensor,control,smooth,-1.6866122851788568e-05
original_8_7,F13_231_to_232,temperature,co2_sensor,control,high_support,4.163336342344337e-17
original_8_7,F13_231_to_232,temperature,co2_sensor,failure,raw,0.00048499999999973564
original_8_7,F13_231_to_232,temperature,co2_sensor,failure,smooth,0.0005000373716540496
original_8_7,F13_231_to_232,temperature,co2_sensor,failure,high_support,-0.00010362150532927661
original_8_7,F13_231_to_232,temperature,ventilation,control,raw,-0.00020687500000005077
original_8_7,F13_231_to_232,temperature,ventilation,control,smooth,-0.0001513532494997749
original_8_7,F13_231_to_232,temperature,ventilation,control,high_support,-0.00010602616691471334
original_8_7,F13_231_to_232,temperature,ventilation,failure,raw,0.0002213888888885629
original_8_7,F13_231_to_232,temperature,ventilation,failure,smooth,0.0001659850329126522
original_8_7,F13_231_to_232,temperature,ventilation,failure,high_support,-0.000538590849040621
original_8_7,F13_231_to_232,temperature,heating,control,raw,-0.00010152777777783228
original_8_7,F13_231_to_232,temperature,heating,control,smooth,-6.46317988268752e-05
original_8_7,F13_231_to_232,temperature,heating,control,high_support,0.00011905653932010873
original_8_7,F13_231_to_232,temperature,heating,failure,raw,-0.00044736111111154386
original_8_7,F13_231_to_232,temperature,heating,failure,smooth,-0.00040270449158807953
original_8_7,F13_231_to_232,temperature,heating,failure,high_support,4.6402974135995034e-05
original_8_7,F13_231_to_232,temperature,curtains,control,raw,5.3958333333326e-05
original_8_7,F13_231_to_232,temperature,curtains,control,smooth,4.680991465322304e-05
original_8_7,F13_231_to_232,temperature,curtains,control,high_support,5.5410570229841305e-05
original_8_7,F13_231_to_232,temperature,curtains,failure,raw,8.256944444418046e-05
original_8_7,F13_231_to_232,temperature,curtains,failure,smooth,4.462806030613997e-05
original_8_7,F13_231_to_232,temperature,curtains,failure,high_support,1.6653345369377348e-16
original_8_7,F13_231_to_232,temperature,co2_action,control,raw,1.9444444444460807e-05
original_8_7,F13_231_to_232,temperature,co2_action,control,smooth,1.7558678079399037e-05
original_8_7,F13_231_to_232,temperature,co2_action,control,high_support,0.00019271044029327278
original_8_7,F13_231_to_232,temperature,co2_action,failure,raw,-4.8958333333626314e-05
original_8_7,F13_231_to_232,temperature,co2_action,failure,smooth,-5.828486921677367e-05
original_8_7,F13_231_to_232,temperature,co2_action,failure,high_support,0.00010005576771537905
original_8_7,F13_231_to_232,temperature,fan,control,raw,-6.069444444456451e-05
original_8_7,F13_231_to_232,temperature,fan,control,smooth,0.0003345971344733689
original_8_7,F13_231_to_232,temperature,fan,control,high_support,-0.00455160815246046
original_8_7,F13_231_to_232,temperature,fan,failure,raw,-0.0005421527777781376
original_8_7,F13_231_to_232,temperature,fan,failure,smooth,-0.00034704496661075446
original_8_7,F13_231_to_232,temperature,fan,failure,high_support,-0.005256493666031009
original_8_7,F13_231_to_232,temperature,fog,control,raw,2.25694444443425e-05
original_8_7,F13_231_to_232,temperature,fog,control,smooth,1.656644036762689e-05
original_8_7,F13_231_to_232,temperature,fog,control,high_support,0.0
original_8_7,F13_231_to_232,temperature,fog,failure,raw,-2.1875000000282085e-05
original_8_7,F13_231_to_232,temperature,fog,failure,smooth,-1.6143450898953304e-05
original_8_7,F13_231_to_232,temperature,fog,failure,high_support,5.551115123125783e-17
original_8_7,F13_231_to_232,humidity,co2_sensor,control,raw,-0.0002156944444443587
original_8_7,F13_231_to_232,humidity,co2_sensor,control,smooth,-0.0002378532031439562
original_8_7,F13_231_to_232,humidity,co2_sensor,control,high_support,4.844545779600362e-05
original_8_7,F13_231_to_232,humidity,co2_sensor,failure,raw,0.0007305555555554566
original_8_7,F13_231_to_232,humidity,co2_sensor,failure,smooth,0.0006730810211206251
original_8_7,F13_231_to_232,humidity,co2_sensor,failure,high_support,-0.0005370102178803848
original_8_7,F13_231_to_232,humidity,ventilation,control,raw,-0.0007534722222221069
original_8_7,F13_231_to_232,humidity,ventilation,control,smooth,-0.00046026347516658905
original_8_7,F13_231_to_232,humidity,ventilation,control,high_support,-0.0009392866189029542
original_8_7,F13_231_to_232,humidity,ventilation,failure,raw,0.00031923611111084327
original_8_7,F13_231_to_232,humidity,ventilation,failure,smooth,0.00021757507765263195
original_8_7,F13_231_to_232,humidity,ventilation,failure,high_support,-0.00012412019672741748
original_8_7,F13_231_to_232,humidity,heating,control,raw,-0.00124423611111113
original_8_7,F13_231_to_232,humidity,heating,control,smooth,-0.0008554527350010943
original_8_7,F13_231_to_232,humidity,heating,control,high_support,-0.001458614869899899
original_8_7,F13_231_to_232,humidity,heating,failure,raw,-0.0008416666666669625
original_8_7,F13_231_to_232,humidity,heating,failure,smooth,-0.0007236979674686284
original_8_7,F13_231_to_232,humidity,heating,failure,high_support,-0.0018860787576697735
original_8_7,F13_231_to_232,humidity,curtains,control,raw,0.0003429166666666372
original_8_7,F13_231_to_232,humidity,curtains,control,smooth,0.00040853306035371073
original_8_7,F13_231_to_232,humidity,curtains,control,high_support,-7.302066025725862e-05
original_8_7,F13_231_to_232,humidity,curtains,failure,raw,-4.444444444584583e-06
original_8_7,F13_231_to_232,humidity,curtains,failure,smooth,0.00011506384488557675
original_8_7,F13_231_to_232,humidity,curtains,failure,high_support,0.0006597037110431248
original_8_7,F13_231_to_232,humidity,co2_action,control,raw,-0.0005938888888888938
original_8_7,F13_231_to_232,humidity,co2_action,control,smooth,-0.00041598652562335747
original_8_7,F13_231_to_232,humidity,co2_action,control,high_support,-0.00013906565828758488
original_8_7,F13_231_to_232,humidity,co2_action,failure,raw,-0.00017138888888912351
original_8_7,F13_231_to_232,humidity,co2_action,failure,smooth,-0.00016132543999114457
original_8_7,F13_231_to_232,humidity,co2_action,failure,high_support,-0.0002990023865223068
original_8_7,F13_231_to_232,humidity,fan,control,raw,-0.012375277777777915
original_8_7,F13_231_to_232,humidity,fan,control,smooth,-0.013384204201398409
original_8_7,F13_231_to_232,humidity,fan,control,high_support,-0.010996656475238273
original_8_7,F13_231_to_232,humidity,fan,failure,raw,-0.012212569444444488
original_8_7,F13_231_to_232,humidity,fan,failure,smooth,-0.013155423732102323
original_8_7,F13_231_to_232,humidity,fan,failure,high_support,-0.010752235657666948
original_8_7,F13_231_to_232,humidity,fog,control,raw,-0.00015340277777797784
original_8_7,F13_231_to_232,humidity,fog,control,smooth,-9.98859126819518e-05
original_8_7,F13_231_to_232,humidity,fog,control,high_support,4.8445457795989744e-05
original_8_7,F13_231_to_232,humidity,fog,failure,raw,-0.0006902083333334419
original_8_7,F13_231_to_232,humidity,fog,failure,smooth,-0.0004487126831589361
original_8_7,F13_231_to_232,humidity,fog,failure,high_support,4.84454577961424e-05
original_8_7,F13_231_to_232,co2_sensor,ventilation,control,raw,0.004250486111111118
original_8_7,F13_231_to_232,co2_sensor,ventilation,control,smooth,0.0026049481230402405
original_8_7,F13_231_to_232,co2_sensor,ventilation,control,high_support,0.0015894371205225633
original_8_7,F13_231_to_232,co2_sensor,ventilation,failure,raw,0.0005103472222219851
original_8_7,F13_231_to_232,co2_sensor,ventilation,failure,smooth,0.00027522980643568395
original_8_7,F13_231_to_232,co2_sensor,ventilation,failure,high_support,0.0009417529351805065
original_8_7,F13_231_to_232,co2_sensor,heating,control,raw,-0.0003231249999999797
original_8_7,F13_231_to_232,co2_sensor,heating,control,smooth,6.951836385771237e-05
original_8_7,F13_231_to_232,co2_sensor,heating,control,high_support,-0.0008240478336137419
original_8_7,F13_231_to_232,co2_sensor,heating,failure,raw,-0.00036666666666695935
original_8_7,F13_231_to_232,co2_sensor,heating,failure,smooth,-0.0002659717945323603
original_8_7,F13_231_to_232,co2_sensor,heating,failure,high_support,0.0011855831295367047
original_8_7,F13_231_to_232,co2_sensor,curtains,control,raw,0.00018798611111114916
original_8_7,F13_231_to_232,co2_sensor,curtains,control,smooth,0.00019183549180568082
original_8_7,F13_231_to_232,co2_sensor,curtains,control,high_support,-0.00024219982409152963
original_8_7,F13_231_to_232,co2_sensor,curtains,failure,raw,-0.001027500000000403
original_8_7,F13_231_to_232,co2_sensor,curtains,failure,smooth,-0.0013028740400610195
original_8_7,F13_231_to_232,co2_sensor,curtains,failure,high_support,-0.002941135756515112
original_8_7,F13_231_to_232,co2_sensor,co2_action,control,raw,-0.00038187499999986496
original_8_7,F13_231_to_232,co2_sensor,co2_action,control,smooth,-0.00033822382140802354
original_8_7,F13_231_to_232,co2_sensor,co2_action,control,high_support,-0.0003577606484922585
original_8_7,F13_231_to_232,co2_sensor,co2_action,failure,raw,-8.756944444454628e-05
original_8_7,F13_231_to_232,co2_sensor,co2_action,failure,smooth,-0.00015524033530611714
original_8_7,F13_231_to_232,co2_sensor,co2_action,failure,high_support,-0.00016904821749252896
original_8_7,F13_231_to_232,co2_sensor,fan,control,raw,0.003559652777777811
original_8_7,F13_231_to_232,co2_sensor,fan,control,smooth,0.00405551091711398
original_8_7,F13_231_to_232,co2_sensor,fan,control,high_support,0.01602391066498189
original_8_7,F13_231_to_232,co2_sensor,fan,failure,raw,0.00104986111111105
original_8_7,F13_231_to_232,co2_sensor,fan,failure,smooth,0.0020762100106471726
original_8_7,F13_231_to_232,co2_sensor,fan,failure,high_support,0.01598727159179686
original_8_7,F13_231_to_232,co2_sensor,fog,control,raw,0.0003100694444444496
original_8_7,F13_231_to_232,co2_sensor,fog,control,smooth,0.00019327325756479663
original_8_7,F13_231_to_232,co2_sensor,fog,control,high_support,4.3416364221740555e-05
original_8_7,F13_231_to_232,co2_sensor,fog,failure,raw,-0.0004361805555558318
original_8_7,F13_231_to_232,co2_sensor,fog,failure,smooth,-0.0002726652037430277
original_8_7,F13_231_to_232,co2_sensor,fog,failure,high_support,-0.00018196887013205432
original_8_7,F13_231_to_232,ventilation,heating,control,raw,-0.0076052777777778635
original_8_7,F13_231_to_232,ventilation,heating,control,smooth,-0.004922531606187275
original_8_7,F13_231_to_232,ventilation,heating,control,high_support,-0.0009585063377174075
original_8_7,F13_231_to_232,ventilation,heating,failure,raw,-0.00040076388888921066
original_8_7,F13_231_to_232,ventilation,heating,failure,smooth,-0.00014778790711489354
original_8_7,F13_231_to_232,ventilation,heating,failure,high_support,0.0013155487583489944
original_8_7,F13_231_to_232,ventilation,curtains,control,raw,-0.0038454861111109073
original_8_7,F13_231_to_232,ventilation,curtains,control,smooth,-0.0026289690126314325
original_8_7,F13_231_to_232,ventilation,curtains,control,high_support,-0.0013106965779200314
original_8_7,F13_231_to_232,ventilation,curtains,failure,raw,-0.001370694444444709
original_8_7,F13_231_to_232,ventilation,curtains,failure,smooth,-0.000859386855570965
original_8_7,F13_231_to_232,ventilation,curtains,failure,high_support,-0.001184266636214959
original_8_7,F13_231_to_232,ventilation,co2_action,control,raw,-0.0018924999999999637
original_8_7,F13_231_to_232,ventilation,co2_action,control,smooth,-0.0012417435297470414
original_8_7,F13_231_to_232,ventilation,co2_action,control,high_support,-0.0013752192176732791
original_8_7,F13_231_to_232,ventilation,co2_action,failure,raw,-0.00017236111111118557
original_8_7,F13_231_to_232,ventilation,co2_action,failure,smooth,5.255433048889646e-05
original_8_7,F13_231_to_232,ventilation,co2_action,failure,high_support,-0.00020108651010986023
original_8_7,F13_231_to_232,ventilation,fan,control,raw,0.029710000000000014
original_8_7,F13_231_to_232,ventilation,fan,control,smooth,0.018917069040784273
original_8_7,F13_231_to_232,ventilation,fan,control,high_support,0.007565979230448119
original_8_7,F13_231_to_232,ventilation,fan,failure,raw,0.03567840277777756
original_8_7,F13_231_to_232,ventilation,fan,failure,smooth,0.023048292899274236
original_8_7,F13_231_to_232,ventilation,fan,failure,high_support,0.009612373021701232
original_8_7,F13_231_to_232,ventilation,fog,control,raw,0.0027663194444443873
original_8_7,F13_231_to_232,ventilation,fog,control,smooth,0.001854006848552081
original_8_7,F13_231_to_232,ventilation,fog,control,high_support,0.0006983479168437695
original_8_7,F13_231_to_232,ventilation,fog,failure,raw,0.003014999999999768
original_8_7,F13_231_to_232,ventilation,fog,failure,smooth,0.0019506457095794794
original_8_7,F13_231_to_232,ventilation,fog,failure,high_support,0.0010245046743768138
original_8_7,F13_231_to_232,heating,curtains,control,raw,0.00047923611111089226
original_8_7,F13_231_to_232,heating,curtains,control,smooth,0.0006572626288235961
original_8_7,F13_231_to_232,heating,curtains,control,high_support,-0.0017386660997240344
original_8_7,F13_231_to_232,heating,curtains,failure,raw,0.0031236805555551195
original_8_7,F13_231_to_232,heating,curtains,failure,smooth,0.0025634817320763226
original_8_7,F13_231_to_232,heating,curtains,failure,high_support,-0.0009936439451064816
original_8_7,F13_231_to_232,heating,co2_action,control,raw,-4.3541666666646606e-05
original_8_7,F13_231_to_232,heating,co2_action,control,smooth,0.00013472113724577461
original_8_7,F13_231_to_232,heating,co2_action,control,high_support,0.001241017131958469
original_8_7,F13_231_to_232,heating,co2_action,failure,raw,0.0007978472222218702
original_8_7,F13_231_to_232,heating,co2_action,failure,smooth,0.0009386201589155485
original_8_7,F13_231_to_232,heating,co2_action,failure,high_support,0.0004479902101669486
original_8_7,F13_231_to_232,heating,fan,control,raw,-0.0068791666666668805
original_8_7,F13_231_to_232,heating,fan,control,smooth,-0.0059141356789432775
original_8_7,F13_231_to_232,heating,fan,control,high_support,0.0030515882357852325
original_8_7,F13_231_to_232,heating,fan,failure,raw,0.006372638888888615
original_8_7,F13_231_to_232,heating,fan,failure,smooth,0.0032221214849871282
original_8_7,F13_231_to_232,heating,fan,failure,high_support,0.011303062001352115
original_8_7,F13_231_to_232,heating,fog,control,raw,-0.003617777777777831
original_8_7,F13_231_to_232,heating,fog,control,smooth,-0.00232505614659706
original_8_7,F13_231_to_232,heating,fog,control,high_support,-0.0021651115824988243
original_8_7,F13_231_to_232,heating,fog,failure,raw,0.0005050694444440618
original_8_7,F13_231_to_232,heating,fog,failure,smooth,0.00032217533523448694
original_8_7,F13_231_to_232,heating,fog,failure,high_support,0.0005051743574441825
original_8_7,F13_231_to_232,curtains,co2_action,control,raw,0.0002197222222223294
original_8_7,F13_231_to_232,curtains,co2_action,control,smooth,-9.809922349623967e-05
original_8_7,F13_231_to_232,curtains,co2_action,control,high_support,-0.0003269097265269777
original_8_7,F13_231_to_232,curtains,co2_action,failure,raw,-4.4861111111460517e-05
original_8_7,F13_231_to_232,curtains,co2_action,failure,smooth,-0.00014104037791373703
original_8_7,F13_231_to_232,curtains,co2_action,failure,high_support,-0.0005895039663669221
original_8_7,F13_231_to_232,curtains,fan,control,raw,-0.001012152777777553
original_8_7,F13_231_to_232,curtains,fan,control,smooth,-0.0010393420029396472
original_8_7,F13_231_to_232,curtains,fan,control,high_support,-0.0004978288397092662
original_8_7,F13_231_to_232,curtains,fan,failure,raw,0.006343541666666619
original_8_7,F13_231_to_232,curtains,fan,failure,smooth,0.004113326190856803
original_8_7,F13_231_to_232,curtains,fan,failure,high_support,0.0012808521538901496
original_8_7,F13_231_to_232,curtains,fog,control,raw,-0.00041111111111113985
original_8_7,F13_231_to_232,curtains,fog,control,smooth,-0.00029567400081098594
original_8_7,F13_231_to_232,curtains,fog,control,high_support,-0.0006747047532477679
original_8_7,F13_231_to_232,curtains,fog,failure,raw,-0.0019168750000002621
original_8_7,F13_231_to_232,curtains,fog,failure,smooth,-0.0012880832842233625
original_8_7,F13_231_to_232,curtains,fog,failure,high_support,-0.001111132493754885
original_8_7,F13_231_to_232,co2_action,fan,control,raw,-0.007530555555555485
original_8_7,F13_231_to_232,co2_action,fan,control,smooth,-0.006798404923742618
original_8_7,F13_231_to_232,co2_action,fan,control,high_support,-0.00640693589661516
original_8_7,F13_231_to_232,co2_action,fan,failure,raw,-0.006680694444444746
original_8_7,F13_231_to_232,co2_action,fan,failure,smooth,-0.005792231938656078
original_8_7,F13_231_to_232,co2_action,fan,failure,high_support,-0.006912836166995756
original_8_7,F13_231_to_232,co2_action,fog,control,raw,-8.486111111127848e-05
original_8_7,F13_231_to_232,co2_action,fog,control,smooth,-6.560717573977914e-05
original_8_7,F13_231_to_232,co2_action,fog,control,high_support,-2.7755575615628914e-17
original_8_7,F13_231_to_232,co2_action,fog,failure,raw,-0.0003785416666671759
original_8_7,F13_231_to_232,co2_action,fog,failure,smooth,-0.00025611064119079874
original_8_7,F13_231_to_232,co2_action,fog,failure,high_support,-0.00017229792028344848
original_8_7,F13_231_to_232,fan,fog,control,raw,0.003941875000000095
original_8_7,F13_231_to_232,fan,fog,control,smooth,0.0025819543428603486
original_8_7,F13_231_to_232,fan,fog,control,high_support,-0.00010424988795651458
original_8_7,F13_231_to_232,fan,fog,failure,raw,0.0044493055555552274
original_8_7,F13_231_to_232,fan,fog,failure,smooth,0.0028441736787380156
original_8_7,F13_231_to_232,fan,fog,failure,high_support,0.0015000466916300637
original_8_7,F13_233_to_232,season,temperature,control,raw,-0.0029323611111111703
original_8_7,F13_233_to_232,season,temperature,control,smooth,-0.0033013129047581025
original_8_7,F13_233_to_232,season,temperature,control,high_support,-0.0013309396157258624
original_8_7,F13_233_to_232,season,temperature,failure,raw,-0.002352708333333342
original_8_7,F13_233_to_232,season,temperature,failure,smooth,-0.002869437385779383
original_8_7,F13_233_to_232,season,temperature,failure,high_support,-0.0016666666666665664
original_8_7,F13_233_to_232,season,humidity,control,raw,1.791666666661751e-05
original_8_7,F13_233_to_232,season,humidity,control,smooth,2.069965273387986e-05
original_8_7,F13_233_to_232,season,humidity,control,high_support,0.0
original_8_7,F13_233_to_232,season,humidity,failure,raw,0.0019161805555554245
original_8_7,F13_233_to_232,season,humidity,failure,smooth,0.0017224125627146591
original_8_7,F13_233_to_232,season,humidity,failure,high_support,0.0016666666666667607
original_8_7,F13_233_to_232,season,co2_sensor,control,raw,-3.4791666666644794e-05
original_8_7,F13_233_to_232,season,co2_sensor,control,smooth,-1.5704362631208113e-05
original_8_7,F13_233_to_232,season,co2_sensor,control,high_support,0.0
original_8_7,F13_233_to_232,season,co2_sensor,failure,raw,2.0833333325143144e-07
original_8_7,F13_233_to_232,season,co2_sensor,failure,smooth,1.227310957307992e-07
original_8_7,F13_233_to_232,season,co2_sensor,failure,high_support,5.551115123125783e-17
original_8_7,F13_233_to_232,season,ventilation,control,raw,-0.0003270833333334222
original_8_7,F13_233_to_232,season,ventilation,control,smooth,-0.00023214227193113501
original_8_7,F13_233_to_232,season,ventilation,control,high_support,-7.933210587011963e-05
original_8_7,F13_233_to_232,season,ventilation,failure,raw,0.002135555555555557
original_8_7,F13_233_to_232,season,ventilation,failure,smooth,0.001541984980548028
original_8_7,F13_233_to_232,season,ventilation,failure,high_support,0.0009764074708222825
original_8_7,F13_233_to_232,season,heating,control,raw,-0.0049218750000001865
original_8_7,F13_233_to_232,season,heating,control,smooth,-0.004884035876145276
original_8_7,F13_233_to_232,season,heating,control,high_support,-0.0022409391373264947
original_8_7,F13_233_to_232,season,heating,failure,raw,0.005929166666666541
original_8_7,F13_233_to_232,season,heating,failure,smooth,0.006562282420786381
original_8_7,F13_233_to_232,season,heating,failure,high_support,0.008491383956982956
original_8_7,F13_233_to_232,season,curtains,control,raw,0.0004026388888888066
original_8_7,F13_233_to_232,season,curtains,control,smooth,0.00030707217864966996
original_8_7,F13_233_to_232,season,curtains,control,high_support,-4.383240825903134e-05
original_8_7,F13_233_to_232,season,curtains,failure,raw,-7.868055555571019e-05
original_8_7,F13_233_to_232,season,curtains,failure,smooth,-1.7488653893504846e-05
original_8_7,F13_233_to_232,season,curtains,failure,high_support,5.551115123125783e-17
original_8_7,F13_233_to_232,season,co2_action,control,raw,0.00014312499999991068
original_8_7,F13_233_to_232,season,co2_action,control,smooth,0.0001054377574328802
original_8_7,F13_233_to_232,season,co2_action,control,high_support,0.0
original_8_7,F13_233_to_232,season,co2_action,failure,raw,6.368055555538987e-05
original_8_7,F13_233_to_232,season,co2_action,failure,smooth,6.324965413617711e-05
original_8_7,F13_233_to_232,season,co2_action,failure,high_support,1.6653345369377348e-16
original_8_7,F13_233_to_232,season,fan,control,raw,-0.008156250000000087
original_8_7,F13_233_to_232,season,fan,control,smooth,-0.008372840838260287
original_8_7,F13_233_to_232,season,fan,control,high_support,-0.011846615834534044
original_8_7,F13_233_to_232,season,fan,failure,raw,0.0007567361111112669
original_8_7,F13_233_to_232,season,fan,failure,smooth,0.0006886921244786404
original_8_7,F13_233_to_232,season,fan,failure,high_support,-0.0015008347854945925
original_8_7,F13_233_to_232,season,fog,control,raw,-3.9861111111205716e-05
original_8_7,F13_233_to_232,season,fog,control,smooth,-2.9359824092689557e-05
original_8_7,F13_233_to_232,season,fog,control,high_support,-1.3877787807814457e-17
original_8_7,F13_233_to_232,season,fog,failure,raw,2.9374999999776108e-05
original_8_7,F13_233_to_232,season,fog,failure,smooth,2.1300299636539677e-05
original_8_7,F13_233_to_232,season,fog,failure,high_support,0.0
original_8_7,F13_233_to_232,temperature,humidity,control,raw,-0.001865208333333368
original_8_7,F13_233_to_232,temperature,humidity,control,smooth,-0.0018673761271965628
original_8_7,F13_233_to_232,temperature,humidity,control,high_support,-0.002126752764477921
original_8_7,F13_233_to_232,temperature,humidity,failure,raw,-0.04113875000000056
original_8_7,F13_233_to_232,temperature,humidity,failure,smooth,-0.04479258258674679
original_8_7,F13_233_to_232,temperature,humidity,failure,high_support,-0.01692242659167753
original_8_7,F13_233_to_232,temperature,co2_sensor,control,raw,-0.0006235416666667826
original_8_7,F13_233_to_232,temperature,co2_sensor,control,smooth,-0.00038444945094295857
original_8_7,F13_233_to_232,temperature,co2_sensor,control,high_support,-3.616898148146863e-05
original_8_7,F13_233_to_232,temperature,co2_sensor,failure,raw,0.0019297916666665138
original_8_7,F13_233_to_232,temperature,co2_sensor,failure,smooth,0.001775113262184158
original_8_7,F13_233_to_232,temperature,co2_sensor,failure,high_support,0.0003359837863753379
original_8_7,F13_233_to_232,temperature,ventilation,control,raw,0.009320277777777664
original_8_7,F13_233_to_232,temperature,ventilation,control,smooth,0.005797333940280702
original_8_7,F13_233_to_232,temperature,ventilation,control,high_support,0.004455574492030739
original_8_7,F13_233_to_232,temperature,ventilation,failure,raw,0.019692986111111033
original_8_7,F13_233_to_232,temperature,ventilation,failure,smooth,0.01271239788833356
original_8_7,F13_233_to_232,temperature,ventilation,failure,high_support,0.00559856718773577
original_8_7,F13_233_to_232,temperature,heating,control,raw,0.0031095833333333323
original_8_7,F13_233_to_232,temperature,heating,control,smooth,0.003403563763379802
original_8_7,F13_233_to_232,temperature,heating,control,high_support,0.007702990294840187
original_8_7,F13_233_to_232,temperature,heating,failure,raw,0.1350455555555552
original_8_7,F13_233_to_232,temperature,heating,failure,smooth,0.14170015433015304
original_8_7,F13_233_to_232,temperature,heating,failure,high_support,0.11450515210632778
original_8_7,F13_233_to_232,temperature,curtains,control,raw,-0.00026715277777789037
original_8_7,F13_233_to_232,temperature,curtains,control,smooth,-0.00010163751086222916
original_8_7,F13_233_to_232,temperature,curtains,control,high_support,0.00012617095268453726
original_8_7,F13_233_to_232,temperature,curtains,failure,raw,-0.0005084027777780831
original_8_7,F13_233_to_232,temperature,curtains,failure,smooth,0.00011453847532538752
original_8_7,F13_233_to_232,temperature,curtains,failure,high_support,0.000628363488946182
original_8_7,F13_233_to_232,temperature,co2_action,control,raw,6.104166666665023e-05
original_8_7,F13_233_to_232,temperature,co2_action,control,smooth,0.00015100035034487647
original_8_7,F13_233_to_232,temperature,co2_action,control,high_support,0.0008555571037009851
original_8_7,F13_233_to_232,temperature,co2_action,failure,raw,-0.0025342361111111433
original_8_7,F13_233_to_232,temperature,co2_action,failure,smooth,-0.002479434114848078
original_8_7,F13_233_to_232,temperature,co2_action,failure,high_support,-0.0006379874562566779
original_8_7,F13_233_to_232,temperature,fan,control,raw,0.05323430555555553
original_8_7,F13_233_to_232,temperature,fan,control,smooth,0.05888624677832366
original_8_7,F13_233_to_232,temperature,fan,control,high_support,0.017662252427783423
original_8_7,F13_233_to_232,temperature,fan,failure,raw,0.17027541666666646
original_8_7,F13_233_to_232,temperature,fan,failure,smooth,0.17851221277375928
original_8_7,F13_233_to_232,temperature,fan,failure,high_support,0.12147207498660488
original_8_7,F13_233_to_232,temperature,fog,control,raw,-0.0003516666666668611
original_8_7,F13_233_to_232,temperature,fog,control,smooth,-0.00023923847589979452
original_8_7,F13_233_to_232,temperature,fog,control,high_support,-0.000326425243615619
original_8_7,F13_233_to_232,temperature,fog,failure,raw,-0.0002759722222220873
original_8_7,F13_233_to_232,temperature,fog,failure,smooth,-0.00017942109800761497
original_8_7,F13_233_to_232,temperature,fog,failure,high_support,0.0
original_8_7,F13_233_to_232,humidity,co2_sensor,control,raw,-0.0002340277777775901
original_8_7,F13_233_to_232,humidity,co2_sensor,control,smooth,-0.0003166977585886688
original_8_7,F13_233_to_232,humidity,co2_sensor,control,high_support,-0.00013252979807738818
original_8_7,F13_233_to_232,humidity,co2_sensor,failure,raw,-0.002202916666666832
original_8_7,F13_233_to_232,humidity,co2_sensor,failure,smooth,-0.002863609624335517
original_8_7,F13_233_to_232,humidity,co2_sensor,failure,high_support,-0.001153518817999799
original_8_7,F13_233_to_232,humidity,ventilation,control,raw,-0.00017340277777766477
original_8_7,F13_233_to_232,humidity,ventilation,control,smooth,-0.0001135610057876324
original_8_7,F13_233_to_232,humidity,ventilation,control,high_support,-0.0005793480139927032
original_8_7,F13_233_to_232,humidity,ventilation,failure,raw,-0.0009670833333332851
original_8_7,F13_233_to_232,humidity,ventilation,failure,smooth,-0.0007401379506541961
original_8_7,F13_233_to_232,humidity,ventilation,failure,high_support,1.492977063355383e-05
original_8_7,F13_233_to_232,humidity,heating,control,raw,0.014837638888888782
original_8_7,F13_233_to_232,humidity,heating,control,smooth,0.013626135972879427
original_8_7,F13_233_to_232,humidity,heating,control,high_support,0.02359473070577059
original_8_7,F13_233_to_232,humidity,heating,failure,raw,0.023719930555555102
original_8_7,F13_233_to_232,humidity,heating,failure,smooth,0.017887633453147478
original_8_7,F13_233_to_232,humidity,heating,failure,high_support,0.04861988392566613
original_8_7,F13_233_to_232,humidity,curtains,control,raw,0.0005950694444445404
original_8_7,F13_233_to_232,humidity,curtains,control,smooth,0.0004898665253673107
original_8_7,F13_233_to_232,humidity,curtains,control,high_support,0.00048575462483184395
original_8_7,F13_233_to_232,humidity,curtains,failure,raw,0.0010525694444443179
original_8_7,F13_233_to_232,humidity,curtains,failure,smooth,0.000595407372561807
original_8_7,F13_233_to_232,humidity,curtains,failure,high_support,0.0009517960113179513
original_8_7,F13_233_to_232,humidity,co2_action,control,raw,-0.0012547916666666437
original_8_7,F13_233_to_232,humidity,co2_action,control,smooth,-0.0010647262637663024
original_8_7,F13_233_to_232,humidity,co2_action,control,high_support,-0.0008679331621463532
original_8_7,F13_233_to_232,humidity,co2_action,failure,raw,0.0018082638888889946
original_8_7,F13_233_to_232,humidity,co2_action,failure,smooth,0.0017889818553746828
original_8_7,F13_233_to_232,humidity,co2_action,failure,high_support,-0.00018103991560181054
original_8_7,F13_233_to_232,humidity,fan,control,raw,-0.03213638888888892
original_8_7,F13_233_to_232,humidity,fan,control,smooth,-0.03312598543954992
original_8_7,F13_233_to_232,humidity,fan,control,high_support,-0.028797274579423146
original_8_7,F13_233_to_232,humidity,fan,failure,raw,-0.04076479166666702
original_8_7,F13_233_to_232,humidity,fan,failure,smooth,-0.04682653947175264
original_8_7,F13_233_to_232,humidity,fan,failure,high_support,-0.004811505076579958
original_8_7,F13_233_to_232,humidity,fog,control,raw,-0.0003434027777777793
original_8_7,F13_233_to_232,humidity,fog,control,smooth,-0.0002179734390037602
original_8_7,F13_233_to_232,humidity,fog,control,high_support,-0.0001035460081846018
original_8_7,F13_233_to_232,humidity,fog,failure,raw,-0.0006369444444442873
original_8_7,F13_233_to_232,humidity,fog,failure,smooth,-0.0004027146764260525
original_8_7,F13_233_to_232,humidity,fog,failure,high_support,-0.0003504304015786719
original_8_7,F13_233_to_232,co2_sensor,ventilation,control,raw,0.004921736111111019
original_8_7,F13_233_to_232,co2_sensor,ventilation,control,smooth,0.003092272697141074
original_8_7,F13_233_to_232,co2_sensor,ventilation,control,high_support,0.0007261991689753305
original_8_7,F13_233_to_232,co2_sensor,ventilation,failure,raw,0.0012092361111109007
original_8_7,F13_233_to_232,co2_sensor,ventilation,failure,smooth,0.0006884488322733695
original_8_7,F13_233_to_232,co2_sensor,ventilation,failure,high_support,0.0005072120129502866
original_8_7,F13_233_to_232,co2_sensor,heating,control,raw,-0.009046388888888868
original_8_7,F13_233_to_232,co2_sensor,heating,control,smooth,-0.010067418202261313
original_8_7,F13_233_to_232,co2_sensor,heating,control,high_support,-0.0004968529452835102
original_8_7,F13_233_to_232,co2_sensor,heating,failure,raw,-0.005797569444444761
original_8_7,F13_233_to_232,co2_sensor,heating,failure,smooth,-0.006899006636816973
original_8_7,F13_233_to_232,co2_sensor,heating,failure,high_support,-0.006988415868383835
original_8_7,F13_233_to_232,co2_sensor,curtains,control,raw,-3.3333333332441484e-06
original_8_7,F13_233_to_232,co2_sensor,curtains,control,smooth,3.554083903023475e-05
original_8_7,F13_233_to_232,co2_sensor,curtains,control,high_support,0.00020445048050636572
original_8_7,F13_233_to_232,co2_sensor,curtains,failure,raw,-0.0006116666666673432
original_8_7,F13_233_to_232,co2_sensor,curtains,failure,smooth,-0.0004201904053122707
original_8_7,F13_233_to_232,co2_sensor,curtains,failure,high_support,-9.906105448082014e-05
original_8_7,F13_233_to_232,co2_sensor,co2_action,control,raw,0.001253055555555549
original_8_7,F13_233_to_232,co2_sensor,co2_action,control,smooth,0.0007529766926168691
original_8_7,F13_233_to_232,co2_sensor,co2_action,control,high_support,0.00020440596239844344
original_8_7,F13_233_to_232,co2_sensor,co2_action,failure,raw,0.00026451388888881766
original_8_7,F13_233_to_232,co2_sensor,co2_action,failure,smooth,0.00022669179822187857
original_8_7,F13_233_to_232,co2_sensor,co2_action,failure,high_support,3.6168981481565776e-05
original_8_7,F13_233_to_232,co2_sensor,fan,control,raw,0.00318243055555556
original_8_7,F13_233_to_232,co2_sensor,fan,control,smooth,0.0029270607632968515
original_8_7,F13_233_to_232,co2_sensor,fan,control,high_support,0.009037238299264075
original_8_7,F13_233_to_232,co2_sensor,fan,failure,raw,0.004187847222221985
original_8_7,F13_233_to_232,co2_sensor,fan,failure,smooth,0.004443917812206877
original_8_7,F13_233_to_232,co2_sensor,fan,failure,high_support,0.0023532119541933155
original_8_7,F13_233_to_232,co2_sensor,fog,control,raw,0.0006470833333332981
original_8_7,F13_233_to_232,co2_sensor,fog,control,smooth,0.0004273574645287104
original_8_7,F13_233_to_232,co2_sensor,fog,control,high_support,0.00032123767412661763
original_8_7,F13_233_to_232,co2_sensor,fog,failure,raw,-0.00035687500000003425
original_8_7,F13_233_to_232,co2_sensor,fog,failure,smooth,-0.00023245958035533754
original_8_7,F13_233_to_232,co2_sensor,fog,failure,high_support,-9.326207309495738e-05
original_8_7,F13_233_to_232,ventilation,heating,control,raw,0.03753819444444395
original_8_7,F13_233_to_232,ventilation,heating,control,smooth,0.024976777883848222
original_8_7,F13_233_to_232,ventilation,heating,control,high_support,0.002206608699313231
original_8_7,F13_233_to_232,ventilation,heating,failure,raw,0.008763888888889015
original_8_7,F13_233_to_232,ventilation,heating,failure,smooth,0.005727374248024275
original_8_7,F13_233_to_232,ventilation,heating,failure,high_support,-0.0035682814950779296
original_8_7,F13_233_to_232,ventilation,curtains,control,raw,-0.005168958333333085
original_8_7,F13_233_to_232,ventilation,curtains,control,smooth,-0.0033683949913478894
original_8_7,F13_233_to_232,ventilation,curtains,control,high_support,-0.002494066477771395
original_8_7,F13_233_to_232,ventilation,curtains,failure,raw,-0.002941597222222425
original_8_7,F13_233_to_232,ventilation,curtains,failure,smooth,-0.001867257738480399
original_8_7,F13_233_to_232,ventilation,curtains,failure,high_support,-0.0007832209521176359
original_8_7,F13_233_to_232,ventilation,co2_action,control,raw,-0.002025694444444448
original_8_7,F13_233_to_232,ventilation,co2_action,control,smooth,-0.001311024531894578
original_8_7,F13_233_to_232,ventilation,co2_action,control,high_support,-0.001271673209488705
original_8_7,F13_233_to_232,ventilation,co2_action,failure,raw,-0.0017534027777776906
original_8_7,F13_233_to_232,ventilation,co2_action,failure,smooth,-0.0011242719982871296
original_8_7,F13_233_to_232,ventilation,co2_action,failure,high_support,-0.0008310738390039374
original_8_7,F13_233_to_232,ventilation,fan,control,raw,0.054919513888888494
original_8_7,F13_233_to_232,ventilation,fan,control,smooth,0.03571935660938186
original_8_7,F13_233_to_232,ventilation,fan,control,high_support,0.019796615620828364
original_8_7,F13_233_to_232,ventilation,fan,failure,raw,0.017790069444444723
original_8_7,F13_233_to_232,ventilation,fan,failure,smooth,0.010908062525108897
original_8_7,F13_233_to_232,ventilation,fan,failure,high_support,0.00986091701159618
original_8_7,F13_233_to_232,ventilation,fog,control,raw,0.002394930555555508
original_8_7,F13_233_to_232,ventilation,fog,control,smooth,0.0015829114715064652
original_8_7,F13_233_to_232,ventilation,fog,control,high_support,0.0006211136455859662
original_8_7,F13_233_to_232,ventilation,fog,failure,raw,0.0014146527777778584
original_8_7,F13_233_to_232,ventilation,fog,failure,smooth,0.0009326013443462511
original_8_7,F13_233_to_232,ventilation,fog,failure,high_support,5.551115123125783e-17
original_8_7,F13_233_to_232,heating,curtains,control,raw,0.0018945833333333661
original_8_7,F13_233_to_232,heating,curtains,control,smooth,0.0015507248689901054
original_8_7,F13_233_to_232,heating,curtains,control,high_support,0.001323635470461021
original_8_7,F13_233_to_232,heating,curtains,failure,raw,0.000575902777777193
original_8_7,F13_233_to_232,heating,curtains,failure,smooth,0.0008667754209825684
original_8_7,F13_233_to_232,heating,curtains,failure,high_support,0.0015036870819695736
original_8_7,F13_233_to_232,heating,co2_action,control,raw,-0.0025937500000000613
original_8_7,F13_233_to_232,heating,co2_action,control,smooth,-0.0018158703782990004
original_8_7,F13_233_to_232,heating,co2_action,control,high_support,-0.00238126265254171
original_8_7,F13_233_to_232,heating,co2_action,failure,raw,-0.002827499999999983
original_8_7,F13_233_to_232,heating,co2_action,failure,smooth,-0.002606998955166695
original_8_7,F13_233_to_232,heating,co2_action,failure,high_support,0.0010714300702504564
original_8_7,F13_233_to_232,heating,fan,control,raw,-0.02213986111111088
original_8_7,F13_233_to_232,heating,fan,control,smooth,-0.027576863981461308
original_8_7,F13_233_to_232,heating,fan,control,high_support,-0.15588991166688781
original_8_7,F13_233_to_232,heating,fan,failure,raw,0.1180684027777783
original_8_7,F13_233_to_232,heating,fan,failure,smooth,0.12772569298070902
original_8_7,F13_233_to_232,heating,fan,failure,high_support,-0.015929855883452027
original_8_7,F13_233_to_232,heating,fog,control,raw,-0.011731944444444586
original_8_7,F13_233_to_232,heating,fog,control,smooth,-0.007761205818405337
original_8_7,F13_233_to_232,heating,fog,control,high_support,-0.00106635907007481
original_8_7,F13_233_to_232,heating,fog,failure,raw,-0.002231666666666632
original_8_7,F13_233_to_232,heating,fog,failure,smooth,-0.001514168017175077
original_8_7,F13_233_to_232,heating,fog,failure,high_support,-0.0013207046688543111
original_8_7,F13_233_to_232,curtains,co2_action,control,raw,0.0006847916666666842
original_8_7,F13_233_to_232,curtains,co2_action,control,smooth,0.00042458712582482683
original_8_7,F13_233_to_232,curtains,co2_action,control,high_support,-7.107603902030413e-05
original_8_7,F13_233_to_232,curtains,co2_action,failure,raw,0.0004995138888885808
original_8_7,F13_233_to_232,curtains,co2_action,failure,smooth,0.00040376275920395166
original_8_7,F13_233_to_232,curtains,co2_action,failure,high_support,7.580211926738745e-05
original_8_7,F13_233_to_232,curtains,fan,control,raw,-0.0016997222222225883
original_8_7,F13_233_to_232,curtains,fan,control,smooth,-0.001318945753960299
original_8_7,F13_233_to_232,curtains,fan,control,high_support,0.0007697973388797325
original_8_7,F13_233_to_232,curtains,fan,failure,raw,-0.003548611111111488
original_8_7,F13_233_to_232,curtains,fan,failure,smooth,-0.0019157988571578688
original_8_7,F13_233_to_232,curtains,fan,failure,high_support,-0.000295139807224426
original_8_7,F13_233_to_232,curtains,fog,control,raw,-0.00011805555555566283
original_8_7,F13_233_to_232,curtains,fog,control,smooth,-7.80661842171293e-05
original_8_7,F13_233_to_232,curtains,fog,control,high_support,-0.00029064885807815466
original_8_7,F13_233_to_232,curtains,fog,failure,raw,9.840277777772855e-05
original_8_7,F13_233_to_232,curtains,fog,failure,smooth,7.040919754919273e-05
original_8_7,F13_233_to_232,curtains,fog,failure,high_support,8.909939298118452e-05
original_8_7,F13_233_to_232,co2_action,fan,control,raw,-0.004056180555555566
original_8_7,F13_233_to_232,co2_action,fan,control,smooth,-0.003271530302292769
original_8_7,F13_233_to_232,co2_action,fan,control,high_support,-0.0031882083430338354
original_8_7,F13_233_to_232,co2_action,fan,failure,raw,-0.004767499999999925
original_8_7,F13_233_to_232,co2_action,fan,failure,smooth,-0.004304357414904425
original_8_7,F13_233_to_232,co2_action,fan,failure,high_support,-0.00020804608844129935
original_8_7,F13_233_to_232,co2_action,fog,control,raw,-9.437500000020194e-05
original_8_7,F13_233_to_232,co2_action,fog,control,smooth,-7.224420345786076e-05
original_8_7,F13_233_to_232,co2_action,fog,control,high_support,-2.7755575615628914e-17
original_8_7,F13_233_to_232,co2_action,fog,failure,raw,1.0972222222349615e-05
original_8_7,F13_233_to_232,co2_action,fog,failure,smooth,8.537901751592969e-06
original_8_7,F13_233_to_232,co2_action,fog,failure,high_support,0.0
original_8_7,F13_233_to_232,fan,fog,control,raw,0.005395277777777707
original_8_7,F13_233_to_232,fan,fog,control,smooth,0.0035228973643817163
original_8_7,F13_233_to_232,fan,fog,control,high_support,0.0014393888700430513
original_8_7,F13_233_to_232,fan,fog,failure,raw,0.010376319444444504
original_8_7,F13_233_to_232,fan,fog,failure,smooth,0.006834647327900956
original_8_7,F13_233_to_232,fan,fog,failure,high_support,4.8445457795975866e-05
common_7,F47_161_to_165,season,temperature,control,raw,-1.0347222221984698e-05
common_7,F47_161_to_165,season,temperature,control,smooth,-0.00016207828787262457
common_7,F47_161_to_165,season,temperature,control,high_support,0.0
common_7,F47_161_to_165,season,temperature,failure,raw,0.003468124999999933
common_7,F47_161_to_165,season,temperature,failure,smooth,0.0034806391472421705
common_7,F47_161_to_165,season,temperature,failure,high_support,0.007490574904392644
common_7,F47_161_to_165,season,humidity,control,raw,-0.0007795833333337221
common_7,F47_161_to_165,season,humidity,control,smooth,-0.0011447196481646493
common_7,F47_161_to_165,season,humidity,control,high_support,0.0
common_7,F47_161_to_165,season,humidity,failure,raw,0.008206111111110692
common_7,F47_161_to_165,season,humidity,failure,smooth,0.009111043345311876
common_7,F47_161_to_165,season,humidity,failure,high_support,0.014490876751222515
common_7,F47_161_to_165,season,co2_sensor,control,raw,-0.0009309027777779089
common_7,F47_161_to_165,season,co2_sensor,control,smooth,-0.001010997292658522
common_7,F47_161_to_165,season,co2_sensor,control,high_support,0.0
common_7,F47_161_to_165,season,co2_sensor,failure,raw,0.005286458333333188
common_7,F47_161_to_165,season,co2_sensor,failure,smooth,0.0034510344656145664
common_7,F47_161_to_165,season,co2_sensor,failure,high_support,-0.0037228025041243784
common_7,F47_161_to_165,season,ventilation,control,raw,0.00046006944444426656
common_7,F47_161_to_165,season,ventilation,control,smooth,0.00031817645838433384
common_7,F47_161_to_165,season,ventilation,control,high_support,0.0
common_7,F47_161_to_165,season,ventilation,failure,raw,0.002862013888888626
common_7,F47_161_to_165,season,ventilation,failure,smooth,0.0017849862844598885
common_7,F47_161_to_165,season,ventilation,failure,high_support,0.002663993983305857
common_7,F47_161_to_165,season,heating,control,raw,-0.033112638888888435
common_7,F47_161_to_165,season,heating,control,smooth,-0.02979301638868881
common_7,F47_161_to_165,season,heating,control,high_support,-0.02720234841334919
common_7,F47_161_to_165,season,heating,failure,raw,0.006986805555555531
common_7,F47_161_to_165,season,heating,failure,smooth,0.008536802944827615
common_7,F47_161_to_165,season,heating,failure,high_support,0.017740821023880415
common_7,F47_161_to_165,season,curtains,control,raw,-0.0055447222222219095
common_7,F47_161_to_165,season,curtains,control,smooth,-0.00645512215073879
common_7,F47_161_to_165,season,curtains,control,high_support,-0.0006326277645395503
common_7,F47_161_to_165,season,curtains,failure,raw,0.007053055555555465
common_7,F47_161_to_165,season,curtains,failure,smooth,0.008669208798926187
common_7,F47_161_to_165,season,curtains,failure,high_support,0.008165704751241842
common_7,F47_161_to_165,season,co2_action,control,raw,-0.0013684722222221946
common_7,F47_161_to_165,season,co2_action,control,smooth,-0.0010108578991896433
common_7,F47_161_to_165,season,co2_action,control,high_support,0.0
common_7,F47_161_to_165,season,co2_action,failure,raw,-0.0022839583333340574
common_7,F47_161_to_165,season,co2_action,failure,smooth,-0.0016826850700872864
common_7,F47_161_to_165,season,co2_action,failure,high_support,-0.00196672839679779
common_7,F47_161_to_165,season,fan,control,raw,-0.0006364583333331453
common_7,F47_161_to_165,season,fan,control,smooth,-0.0008122814990448868
common_7,F47_161_to_165,season,fan,control,high_support,0.01028247826116263
common_7,F47_161_to_165,season,fan,failure,raw,0.05321076388888857
common_7,F47_161_to_165,season,fan,failure,smooth,0.05140980828312869
common_7,F47_161_to_165,season,fan,failure,high_support,0.0922074944290083
common_7,F47_161_to_165,season,fog,control,raw,-4.097222222215757e-05
common_7,F47_161_to_165,season,fog,control,smooth,-2.623990134753562e-05
common_7,F47_161_to_165,season,fog,control,high_support,0.0
common_7,F47_161_to_165,season,fog,failure,raw,-2.750000000029118e-05
common_7,F47_161_to_165,season,fog,failure,smooth,-1.619040044942288e-05
common_7,F47_161_to_165,season,fog,failure,high_support,-1.1102230246251565e-16
common_7,F47_161_to_165,temperature,humidity,control,raw,0.0014885416666669538
common_7,F47_161_to_165,temperature,humidity,control,smooth,0.0017019132432959383
common_7,F47_161_to_165,temperature,humidity,control,high_support,5.293041149969375e-05
common_7,F47_161_to_165,temperature,humidity,failure,raw,0.040439236111110555
common_7,F47_161_to_165,temperature,humidity,failure,smooth,0.04541137826495434
common_7,F47_161_to_165,temperature,humidity,failure,high_support,0.0416383404742624
common_7,F47_161_to_165,temperature,co2_sensor,control,raw,0.0009943055555557412
common_7,F47_161_to_165,temperature,co2_sensor,control,smooth,0.0021250185671531363
common_7,F47_161_to_165,temperature,co2_sensor,control,high_support,0.0013306828802913963
common_7,F47_161_to_165,temperature,co2_sensor,failure,raw,-0.06105687499999923
common_7,F47_161_to_165,temperature,co2_sensor,failure,smooth,-0.06909831164613234
common_7,F47_161_to_165,temperature,co2_sensor,failure,high_support,-0.05056440866235534
common_7,F47_161_to_165,temperature,ventilation,control,raw,-0.00045708333333327467
common_7,F47_161_to_165,temperature,ventilation,control,smooth,-0.00035701499313067764
common_7,F47_161_to_165,temperature,ventilation,control,high_support,-2.4801587301592418e-06
common_7,F47_161_to_165,temperature,ventilation,failure,raw,-0.007928541666666566
common_7,F47_161_to_165,temperature,ventilation,failure,smooth,-0.005534331589146291
common_7,F47_161_to_165,temperature,ventilation,failure,high_support,-0.0013421664106640918
common_7,F47_161_to_165,temperature,heating,control,raw,0.0022595833333337034
common_7,F47_161_to_165,temperature,heating,control,smooth,0.002320694751058505
common_7,F47_161_to_165,temperature,heating,control,high_support,0.04128026998866359
common_7,F47_161_to_165,temperature,heating,failure,raw,0.2130016666666681
common_7,F47_161_to_165,temperature,heating,failure,smooth,0.22926043984517186
common_7,F47_161_to_165,temperature,heating,failure,high_support,0.14671256049232773
common_7,F47_161_to_165,temperature,curtains,control,raw,-0.0030254861111103093
common_7,F47_161_to_165,temperature,curtains,control,smooth,-0.004608422950397817
common_7,F47_161_to_165,temperature,curtains,control,high_support,0.0003642840313247248
common_7,F47_161_to_165,temperature,curtains,failure,raw,0.0025363194444443238
common_7,F47_161_to_165,temperature,curtains,failure,smooth,0.0022519061126609063
common_7,F47_161_to_165,temperature,curtains,failure,high_support,0.003903946148715254
common_7,F47_161_to_165,temperature,co2_action,control,raw,0.0015370138888889384
common_7,F47_161_to_165,temperature,co2_action,control,smooth,0.001030823239002887
common_7,F47_161_to_165,temperature,co2_action,control,high_support,0.001390931682435174
common_7,F47_161_to_165,temperature,co2_action,failure,raw,0.0339155555555557
common_7,F47_161_to_165,temperature,co2_action,failure,smooth,0.025775845369643502
common_7,F47_161_to_165,temperature,co2_action,failure,high_support,0.0086979320497238
common_7,F47_161_to_165,temperature,fan,control,raw,-0.2889160416666672
common_7,F47_161_to_165,temperature,fan,control,smooth,-0.3055289288272909
common_7,F47_161_to_165,temperature,fan,control,high_support,-0.15556947616565156
common_7,F47_161_to_165,temperature,fan,failure,raw,-0.12288673611111045
common_7,F47_161_to_165,temperature,fan,failure,smooth,-0.1317120083770451
common_7,F47_161_to_165,temperature,fan,failure,high_support,-0.026023104332178873
common_7,F47_161_to_165,temperature,fog,control,raw,-0.0002722916666667019
common_7,F47_161_to_165,temperature,fog,control,smooth,-0.00020426621715435855
common_7,F47_161_to_165,temperature,fog,control,high_support,0.0
common_7,F47_161_to_165,temperature,fog,failure,raw,-0.0004526388888888011
common_7,F47_161_to_165,temperature,fog,failure,smooth,-0.00032371100692363264
common_7,F47_161_to_165,temperature,fog,failure,high_support,-0.00042656415839992246
common_7,F47_161_to_165,humidity,co2_sensor,control,raw,-0.002552500000000124
common_7,F47_161_to_165,humidity,co2_sensor,control,smooth,-0.002713988813990875
common_7,F47_161_to_165,humidity,co2_sensor,control,high_support,0.0
common_7,F47_161_to_165,humidity,co2_sensor,failure,raw,-0.11956180555555607
common_7,F47_161_to_165,humidity,co2_sensor,failure,smooth,-0.14004867490982742
common_7,F47_161_to_165,humidity,co2_sensor,failure,high_support,-0.10219268596905365
common_7,F47_161_to_165,humidity,ventilation,control,raw,0.0006677083333335165
common_7,F47_161_to_165,humidity,ventilation,control,smooth,0.0005115187521075315
common_7,F47_161_to_165,humidity,ventilation,control,high_support,-0.000417791839228138
common_7,F47_161_to_165,humidity,ventilation,failure,raw,0.0005809722222216429
common_7,F47_161_to_165,humidity,ventilation,failure,smooth,0.0006022252433475206
common_7,F47_161_to_165,humidity,ventilation,failure,high_support,0.0027726110293049278
common_7,F47_161_to_165,humidity,heating,control,raw,-0.0050468055555557
common_7,F47_161_to_165,humidity,heating,control,smooth,-0.0068570817645973725
common_7,F47_161_to_165,humidity,heating,control,high_support,-0.0012997899968876375
common_7,F47_161_to_165,humidity,heating,failure,raw,0.05867270833333271
common_7,F47_161_to_165,humidity,heating,failure,smooth,0.0697819506678874
common_7,F47_161_to_165,humidity,heating,failure,high_support,0.07295840760244438
common_7,F47_161_to_165,humidity,curtains,control,raw,-0.004180972222222301
common_7,F47_161_to_165,humidity,curtains,control,smooth,-0.004571607528612909
common_7,F47_161_to_165,humidity,curtains,control,high_support,-7.14618414894572e-05
common_7,F47_161_to_165,humidity,curtains,failure,raw,4.187499999952493e-05
common_7,F47_161_to_165,humidity,curtains,failure,smooth,0.002528393036891785
common_7,F47_161_to_165,humidity,curtains,failure,high_support,0.007094697389471605
common_7,F47_161_to_165,humidity,co2_action,control,raw,0.001590069444444342
common_7,F47_161_to_165,humidity,co2_action,control,smooth,0.000849364014127274
common_7,F47_161_to_165,humidity,co2_action,control,high_support,0.00033815409763569837
common_7,F47_161_to_165,humidity,co2_action,failure,raw,0.009339791666665986
common_7,F47_161_to_165,humidity,co2_action,failure,smooth,0.007295722934183901
common_7,F47_161_to_165,humidity,co2_action,failure,high_support,-0.0013143001860412284
common_7,F47_161_to_165,humidity,fan,control,raw,-0.02744833333333363
common_7,F47_161_to_165,humidity,fan,control,smooth,-0.03411062568383949
common_7,F47_161_to_165,humidity,fan,control,high_support,-0.020362260700438117
common_7,F47_161_to_165,humidity,fan,failure,raw,0.035152152777776946
common_7,F47_161_to_165,humidity,fan,failure,smooth,0.04203501794190323
common_7,F47_161_to_165,humidity,fan,failure,high_support,0.07861838575891712
common_7,F47_161_to_165,humidity,fog,control,raw,-0.0005166666666667208
common_7,F47_161_to_165,humidity,fog,control,smooth,-0.00031545109618069667
common_7,F47_161_to_165,humidity,fog,control,high_support,0.0
common_7,F47_161_to_165,humidity,fog,failure,raw,0.0005945138888885371
common_7,F47_161_to_165,humidity,fog,failure,smooth,0.0003486414201401278
common_7,F47_161_to_165,humidity,fog,failure,high_support,-0.00015898274933612289
common_7,F47_161_to_165,co2_sensor,ventilation,control,raw,0.003199166666666753
common_7,F47_161_to_165,co2_sensor,ventilation,control,smooth,0.002257742725609302
common_7,F47_161_to_165,co2_sensor,ventilation,control,high_support,0.00025136279794562167
common_7,F47_161_to_165,co2_sensor,ventilation,failure,raw,0.038436666666666675
common_7,F47_161_to_165,co2_sensor,ventilation,failure,smooth,0.025590963977632053
common_7,F47_161_to_165,co2_sensor,ventilation,failure,high_support,0.01844654517264177
common_7,F47_161_to_165,co2_sensor,heating,control,raw,0.007960902777777557
common_7,F47_161_to_165,co2_sensor,heating,control,smooth,0.008358985845284217
common_7,F47_161_to_165,co2_sensor,heating,control,high_support,0.0007589460465367848
common_7,F47_161_to_165,co2_sensor,heating,failure,raw,-0.023267847222221194
common_7,F47_161_to_165,co2_sensor,heating,failure,smooth,-0.0401216414375668
common_7,F47_161_to_165,co2_sensor,heating,failure,high_support,0.05074089523437347
common_7,F47_161_to_165,co2_sensor,curtains,control,raw,0.001428402777777782
common_7,F47_161_to_165,co2_sensor,curtains,control,smooth,0.002338511274622479
common_7,F47_161_to_165,co2_sensor,curtains,control,high_support,-0.0007522098104123568
common_7,F47_161_to_165,co2_sensor,curtains,failure,raw,0.01849152777777785
common_7,F47_161_to_165,co2_sensor,curtains,failure,smooth,0.015331945408676773
common_7,F47_161_to_165,co2_sensor,curtains,failure,high_support,0.010387214633064135
common_7,F47_161_to_165,co2_sensor,co2_action,control,raw,-0.0025863194444445403
common_7,F47_161_to_165,co2_sensor,co2_action,control,smooth,-0.0016849799630307416
common_7,F47_161_to_165,co2_sensor,co2_action,control,high_support,-0.0014099021006509106
common_7,F47_161_to_165,co2_sensor,co2_action,failure,raw,-0.013389513888889093
common_7,F47_161_to_165,co2_sensor,co2_action,failure,smooth,-0.009791479856553487
common_7,F47_161_to_165,co2_sensor,co2_action,failure,high_support,-0.0016913213274200034
common_7,F47_161_to_165,co2_sensor,fan,control,raw,0.3261396527777738
common_7,F47_161_to_165,co2_sensor,fan,control,smooth,0.3495575820351233
common_7,F47_161_to_165,co2_sensor,fan,control,high_support,0.15913562499074396
common_7,F47_161_to_165,co2_sensor,fan,failure,raw,0.19547368055555592
common_7,F47_161_to_165,co2_sensor,fan,failure,smooth,0.1882987801023216
common_7,F47_161_to_165,co2_sensor,fan,failure,high_support,0.18383579324653976
common_7,F47_161_to_165,co2_sensor,fog,control,raw,0.0008802083333332988
common_7,F47_161_to_165,co2_sensor,fog,control,smooth,0.0005327432691250578
common_7,F47_161_to_165,co2_sensor,fog,control,high_support,0.000357153803824999
common_7,F47_161_to_165,co2_sensor,fog,failure,raw,0.0030827083333333505
common_7,F47_161_to_165,co2_sensor,fog,failure,smooth,0.0019667720481658657
common_7,F47_161_to_165,co2_sensor,fog,failure,high_support,0.003262122179488569
common_7,F47_161_to_165,ventilation,heating,control,raw,-0.009450208333332821
common_7,F47_161_to_165,ventilation,heating,control,smooth,-0.00991942176464744
common_7,F47_161_to_165,ventilation,heating,control,high_support,-0.00586363399795696
common_7,F47_161_to_165,ventilation,heating,failure,raw,-0.006556249999999819
common_7,F47_161_to_165,ventilation,heating,failure,smooth,-0.004815628809254013
common_7,F47_161_to_165,ventilation,heating,failure,high_support,0.014876749909083054
common_7,F47_161_to_165,ventilation,curtains,control,raw,-0.008117222222222109
common_7,F47_161_to_165,ventilation,curtains,control,smooth,-0.005617965955566517
common_7,F47_161_to_165,ventilation,curtains,control,high_support,-0.0026680643294860313
common_7,F47_161_to_165,ventilation,curtains,failure,raw,0.002953263888888946
common_7,F47_161_to_165,ventilation,curtains,failure,smooth,0.0017559440221330824
common_7,F47_161_to_165,ventilation,curtains,failure,high_support,0.002272849627719342
common_7,F47_161_to_165,ventilation,co2_action,control,raw,0.011654722222222302
common_7,F47_161_to_165,ventilation,co2_action,control,smooth,0.007858092764979119
common_7,F47_161_to_165,ventilation,co2_action,control,high_support,0.0056901246350993875
common_7,F47_161_to_165,ventilation,co2_action,failure,raw,-0.010642708333333806
common_7,F47_161_to_165,ventilation,co2_action,failure,smooth,-0.007176205772431166
common_7,F47_161_to_165,ventilation,co2_action,failure,high_support,-0.004314184455005754
common_7,F47_161_to_165,ventilation,fan,control,raw,0.07170979166666758
common_7,F47_161_to_165,ventilation,fan,control,smooth,0.04594188012050682
common_7,F47_161_to_165,ventilation,fan,control,high_support,0.01967128603895768
common_7,F47_161_to_165,ventilation,fan,failure,raw,0.048682361111110906
common_7,F47_161_to_165,ventilation,fan,failure,smooth,0.03418307968003831
common_7,F47_161_to_165,ventilation,fan,failure,high_support,0.0369327366058156
common_7,F47_161_to_165,ventilation,fog,control,raw,-0.0016703472222222016
common_7,F47_161_to_165,ventilation,fog,control,smooth,-0.0011316101423580194
common_7,F47_161_to_165,ventilation,fog,control,high_support,-0.0006900659246856025
common_7,F47_161_to_165,ventilation,fog,failure,raw,-0.001602916666666454
common_7,F47_161_to_165,ventilation,fog,failure,smooth,-0.0008913003359405369
common_7,F47_161_to_165,ventilation,fog,failure,high_support,0.0005356329775603186
common_7,F47_161_to_165,heating,curtains,control,raw,0.03738472222222178
common_7,F47_161_to_165,heating,curtains,control,smooth,0.03592549453855842
common_7,F47_161_to_165,heating,curtains,control,high_support,0.004233613492752433
common_7,F47_161_to_165,heating,curtains,failure,raw,0.008754722222222178
common_7,F47_161_to_165,heating,curtains,failure,smooth,0.009646997648448341
common_7,F47_161_to_165,heating,curtains,failure,high_support,0.024888752124751723
common_7,F47_161_to_165,heating,co2_action,control,raw,-0.01227236111111124
common_7,F47_161_to_165,heating,co2_action,control,smooth,-0.009241123469332702
common_7,F47_161_to_165,heating,co2_action,control,high_support,-0.005418508771572125
common_7,F47_161_to_165,heating,co2_action,failure,raw,-0.0006601388888887172
common_7,F47_161_to_165,heating,co2_action,failure,smooth,-0.0001568501614341855
common_7,F47_161_to_165,heating,co2_action,failure,high_support,-0.008710859432632168
common_7,F47_161_to_165,heating,fan,control,raw,-0.45627881944444637
common_7,F47_161_to_165,heating,fan,control,smooth,-0.454423424792323
common_7,F47_161_to_165,heating,fan,control,high_support,-0.12831800680153826
common_7,F47_161_to_165,heating,fan,failure,raw,-0.2236556944444439
common_7,F47_161_to_165,heating,fan,failure,smooth,-0.21446529944975967
common_7,F47_161_to_165,heating,fan,failure,high_support,0.17366311544490826
common_7,F47_161_to_165,heating,fog,control,raw,-0.008801180555555455
common_7,F47_161_to_165,heating,fog,control,smooth,-0.0057844834082809715
common_7,F47_161_to_165,heating,fog,control,high_support,-0.0007426037402412824
common_7,F47_161_to_165,heating,fog,failure,raw,-0.00489020833333309
common_7,F47_161_to_165,heating,fog,failure,smooth,-0.0031880992326582813
common_7,F47_161_to_165,heating,fog,failure,high_support,-0.002786481356807813
common_7,F47_161_to_165,curtains,co2_action,control,raw,0.00673368055555551
common_7,F47_161_to_165,curtains,co2_action,control,smooth,0.004920542474120548
common_7,F47_161_to_165,curtains,co2_action,control,high_support,0.0026219517366712543
common_7,F47_161_to_165,curtains,co2_action,failure,raw,-0.006553472222222689
common_7,F47_161_to_165,curtains,co2_action,failure,smooth,-0.0056757809760885625
common_7,F47_161_to_165,curtains,co2_action,failure,high_support,-0.001174234964121612
common_7,F47_161_to_165,curtains,fan,control,raw,0.024544513888888342
common_7,F47_161_to_165,curtains,fan,control,smooth,0.035082871577894026
common_7,F47_161_to_165,curtains,fan,control,high_support,0.005568199467107765
common_7,F47_161_to_165,curtains,fan,failure,raw,0.019269930555555592
common_7,F47_161_to_165,curtains,fan,failure,smooth,0.031241364195196963
common_7,F47_161_to_165,curtains,fan,failure,high_support,0.038266638451382215
common_7,F47_161_to_165,curtains,fog,control,raw,0.0002940972222222893
common_7,F47_161_to_165,curtains,fog,control,smooth,0.00019127168945776152
common_7,F47_161_to_165,curtains,fog,control,high_support,-0.00018196887013209335
common_7,F47_161_to_165,curtains,fog,failure,raw,-9.576388888876686e-05
common_7,F47_161_to_165,curtains,fog,failure,smooth,-4.294562360351861e-05
common_7,F47_161_to_165,curtains,fog,failure,high_support,0.00035239739068138043
common_7,F47_161_to_165,co2_action,fan,control,raw,-0.03813569444444509
common_7,F47_161_to_165,co2_action,fan,control,smooth,-0.03057437174183797
common_7,F47_161_to_165,co2_action,fan,control,high_support,-0.011277184105382837
common_7,F47_161_to_165,co2_action,fan,failure,raw,-0.024065277777778116
common_7,F47_161_to_165,co2_action,fan,failure,smooth,-0.01969206891071429
common_7,F47_161_to_165,co2_action,fan,failure,high_support,-0.01514685044943316
common_7,F47_161_to_165,co2_action,fog,control,raw,-0.0034370833333333684
common_7,F47_161_to_165,co2_action,fog,control,smooth,-0.0022948657856340926
common_7,F47_161_to_165,co2_action,fog,control,high_support,-0.0017731462968077912
common_7,F47_161_to_165,co2_action,fog,failure,raw,-0.0064726388888889375
common_7,F47_161_to_165,co2_action,fog,failure,smooth,-0.0041876917411967085
common_7,F47_161_to_165,co2_action,fog,failure,high_support,-0.002339899813661339
common_7,F47_161_to_165,fan,fog,control,raw,-0.013909861111111144
common_7,F47_161_to_165,fan,fog,control,smooth,-0.009128011385016621
common_7,F47_161_to_165,fan,fog,control,high_support,-0.00197976145915878
common_7,F47_161_to_165,fan,fog,failure,raw,-0.005816111111111133
common_7,F47_161_to_165,fan,fog,failure,smooth,-0.003795947796016108
common_7,F47_161_to_165,fan,fog,failure,high_support,-0.0018354609320292703
common_7,F47_130_to_127,season,temperature,control,raw,0.001113541666666551
common_7,F47_130_to_127,season,temperature,control,smooth,0.001156471547231308
common_7,F47_130_to_127,season,temperature,control,high_support,6.938893903907228e-18
common_7,F47_130_to_127,season,temperature,failure,raw,-0.003042986111110757
common_7,F47_130_to_127,season,temperature,failure,smooth,-0.00251217673114823
common_7,F47_130_to_127,season,temperature,failure,high_support,-0.00019704892233968208
common_7,F47_130_to_127,season,humidity,control,raw,0.0008877777777775986
common_7,F47_130_to_127,season,humidity,control,smooth,0.0007010184592082247
common_7,F47_130_to_127,season,humidity,control,high_support,6.938893903907228e-18
common_7,F47_130_to_127,season,humidity,failure,raw,0.0030593750000003084
common_7,F47_130_to_127,season,humidity,failure,smooth,0.0027809810420696968
common_7,F47_130_to_127,season,humidity,failure,high_support,0.0025119621160372696
common_7,F47_130_to_127,season,co2_sensor,control,raw,0.0008438888888888663
common_7,F47_130_to_127,season,co2_sensor,control,smooth,0.001666320940459709
common_7,F47_130_to_127,season,co2_sensor,control,high_support,0.0009885381679810082
common_7,F47_130_to_127,season,co2_sensor,failure,raw,0.004618888888889394
common_7,F47_130_to_127,season,co2_sensor,failure,smooth,0.006067276749565309
common_7,F47_130_to_127,season,co2_sensor,failure,high_support,0.004853317280342828
common_7,F47_130_to_127,season,ventilation,control,raw,0.007364722222221953
common_7,F47_130_to_127,season,ventilation,control,smooth,0.004792378384264384
common_7,F47_130_to_127,season,ventilation,control,high_support,0.004546827726891703
common_7,F47_130_to_127,season,ventilation,failure,raw,0.0075894444444449816
common_7,F47_130_to_127,season,ventilation,failure,smooth,0.004778976284660508
common_7,F47_130_to_127,season,ventilation,failure,high_support,0.002771368571932442
common_7,F47_130_to_127,season,heating,control,raw,-0.005193194444444438
common_7,F47_130_to_127,season,heating,control,smooth,-0.006615067473294989
common_7,F47_130_to_127,season,heating,control,high_support,-0.0029216667274459818
common_7,F47_130_to_127,season,heating,failure,raw,-0.02329923611111062
common_7,F47_130_to_127,season,heating,failure,smooth,-0.024155177035458886
common_7,F47_130_to_127,season,heating,failure,high_support,-0.01042396134355264
common_7,F47_130_to_127,season,curtains,control,raw,0.00037597222222207627
common_7,F47_130_to_127,season,curtains,control,smooth,0.00021458343835722982
common_7,F47_130_to_127,season,curtains,control,high_support,0.0003237598783215369
common_7,F47_130_to_127,season,curtains,failure,raw,-0.0012467361111109243
common_7,F47_130_to_127,season,curtains,failure,smooth,-0.000614629495609198
common_7,F47_130_to_127,season,curtains,failure,high_support,-0.0005801490623177918
common_7,F47_130_to_127,season,co2_action,control,raw,-9.5347222222264e-05
common_7,F47_130_to_127,season,co2_action,control,smooth,2.3414234621155217e-06
common_7,F47_130_to_127,season,co2_action,control,high_support,0.0006942690213466093
common_7,F47_130_to_127,season,co2_action,failure,raw,-0.0072024999999998895
common_7,F47_130_to_127,season,co2_action,failure,smooth,-0.006303216383504728
common_7,F47_130_to_127,season,co2_action,failure,high_support,-0.0010727537815359844
common_7,F47_130_to_127,season,fan,control,raw,0.15037097222222207
common_7,F47_130_to_127,season,fan,control,smooth,0.15859460246629453
common_7,F47_130_to_127,season,fan,control,high_support,0.08429939373268529
common_7,F47_130_to_127,season,fan,failure,raw,0.12900875000000034
common_7,F47_130_to_127,season,fan,failure,smooth,0.13885472856305103
common_7,F47_130_to_127,season,fan,failure,high_support,0.07690672400922619
common_7,F47_130_to_127,season,fog,control,raw,-0.0004904861111112435
common_7,F47_130_to_127,season,fog,control,smooth,-0.00033069422680886973
common_7,F47_130_to_127,season,fog,control,high_support,1.3877787807814457e-17
common_7,F47_130_to_127,season,fog,failure,raw,0.001082847222222294
common_7,F47_130_to_127,season,fog,failure,smooth,0.0007183019869331231
common_7,F47_130_to_127,season,fog,failure,high_support,0.00015950752507998267
common_7,F47_130_to_127,temperature,humidity,control,raw,0.00010180555555538984
common_7,F47_130_to_127,temperature,humidity,control,smooth,-0.00012055344906081178
common_7,F47_130_to_127,temperature,humidity,control,high_support,-3.586399940916363e-05
common_7,F47_130_to_127,temperature,humidity,failure,raw,0.0031063194444447273
common_7,F47_130_to_127,temperature,humidity,failure,smooth,0.0015047111208207342
common_7,F47_130_to_127,temperature,humidity,failure,high_support,0.009367656496029025
common_7,F47_130_to_127,temperature,co2_sensor,control,raw,-0.00021173611111113821
common_7,F47_130_to_127,temperature,co2_sensor,control,smooth,-0.0003205193757606084
common_7,F47_130_to_127,temperature,co2_sensor,control,high_support,6.938893903907228e-18
common_7,F47_130_to_127,temperature,co2_sensor,failure,raw,-0.005774930555555224
common_7,F47_130_to_127,temperature,co2_sensor,failure,smooth,-0.006490985231364266
common_7,F47_130_to_127,temperature,co2_sensor,failure,high_support,-0.0026552048346476786
common_7,F47_130_to_127,temperature,ventilation,control,raw,-0.00011277777777785047
common_7,F47_130_to_127,temperature,ventilation,control,smooth,-6.512784902767965e-05
common_7,F47_130_to_127,temperature,ventilation,control,high_support,0.0001804838618101462
common_7,F47_130_to_127,temperature,ventilation,failure,raw,0.0006604166666671629
common_7,F47_130_to_127,temperature,ventilation,failure,smooth,0.0004364141877867267
common_7,F47_130_to_127,temperature,ventilation,failure,high_support,0.0008100414702792436
common_7,F47_130_to_127,temperature,heating,control,raw,0.008506319444444466
common_7,F47_130_to_127,temperature,heating,control,smooth,0.010195317161582618
common_7,F47_130_to_127,temperature,heating,control,high_support,0.0023434315624160755
common_7,F47_130_to_127,temperature,heating,failure,raw,0.0064056944444443875
common_7,F47_130_to_127,temperature,heating,failure,smooth,0.009066429830774547
common_7,F47_130_to_127,temperature,heating,failure,high_support,0.0030453867961509618
common_7,F47_130_to_127,temperature,curtains,control,raw,-8.340277777763028e-05
common_7,F47_130_to_127,temperature,curtains,control,smooth,-7.213846129272561e-05
common_7,F47_130_to_127,temperature,curtains,control,high_support,0.0005066189010546236
common_7,F47_130_to_127,temperature,curtains,failure,raw,0.0003913194444444823
common_7,F47_130_to_127,temperature,curtains,failure,smooth,0.00014776176411623876
common_7,F47_130_to_127,temperature,curtains,failure,high_support,0.0003719579465472078
common_7,F47_130_to_127,temperature,co2_action,control,raw,0.001221944444444456
common_7,F47_130_to_127,temperature,co2_action,control,smooth,0.0009508118436116764
common_7,F47_130_to_127,temperature,co2_action,control,high_support,0.0008025336631460669
common_7,F47_130_to_127,temperature,co2_action,failure,raw,0.0006387500000001323
common_7,F47_130_to_127,temperature,co2_action,failure,smooth,0.00047792739332430667
common_7,F47_130_to_127,temperature,co2_action,failure,high_support,0.00040656998816251955
common_7,F47_130_to_127,temperature,fan,control,raw,0.01823798611111127
common_7,F47_130_to_127,temperature,fan,control,smooth,0.020557150464754592
common_7,F47_130_to_127,temperature,fan,control,high_support,0.010550114466852806
common_7,F47_130_to_127,temperature,fan,failure,raw,0.012679791666666773
common_7,F47_130_to_127,temperature,fan,failure,smooth,0.013990895496289735
common_7,F47_130_to_127,temperature,fan,failure,high_support,0.0168857684300631
common_7,F47_130_to_127,temperature,fog,control,raw,0.001607986111111126
common_7,F47_130_to_127,temperature,fog,control,smooth,0.0010715326841089778
common_7,F47_130_to_127,temperature,fog,control,high_support,0.001625790162608505
common_7,F47_130_to_127,temperature,fog,failure,raw,0.0008868750000002867
common_7,F47_130_to_127,temperature,fog,failure,smooth,0.0005871063073983329
common_7,F47_130_to_127,temperature,fog,failure,high_support,0.0009455732466265299
common_7,F47_130_to_127,humidity,co2_sensor,control,raw,9.270833333308026e-05
common_7,F47_130_to_127,humidity,co2_sensor,control,smooth,2.2240723472011226e-05
common_7,F47_130_to_127,humidity,co2_sensor,control,high_support,6.938893903907228e-18
common_7,F47_130_to_127,humidity,co2_sensor,failure,raw,-0.006883680555555438
common_7,F47_130_to_127,humidity,co2_sensor,failure,smooth,-0.007561721127357313
common_7,F47_130_to_127,humidity,co2_sensor,failure,high_support,-0.006689290050302832
common_7,F47_130_to_127,humidity,ventilation,control,raw,0.0007079861111110031
common_7,F47_130_to_127,humidity,ventilation,control,smooth,0.0004952529701960362
common_7,F47_130_to_127,humidity,ventilation,control,high_support,0.00014370907373625202
common_7,F47_130_to_127,humidity,ventilation,failure,raw,-0.0001087499999999908
common_7,F47_130_to_127,humidity,ventilation,failure,smooth,8.422638523530868e-05
common_7,F47_130_to_127,humidity,ventilation,failure,high_support,-9.456074251207314e-05
common_7,F47_130_to_127,humidity,heating,control,raw,0.0008743055555554546
common_7,F47_130_to_127,humidity,heating,control,smooth,0.0008070301084702747
common_7,F47_130_to_127,humidity,heating,control,high_support,3.616898148148251e-05
common_7,F47_130_to_127,humidity,heating,failure,raw,-0.00964451388888854
common_7,F47_130_to_127,humidity,heating,failure,smooth,-0.009922792770953981
common_7,F47_130_to_127,humidity,heating,failure,high_support,0.0005971036198000323
common_7,F47_130_to_127,humidity,curtains,control,raw,0.00027013888888871573
common_7,F47_130_to_127,humidity,curtains,control,smooth,0.00014580667020447358
common_7,F47_130_to_127,humidity,curtains,control,high_support,0.0
common_7,F47_130_to_127,humidity,curtains,failure,raw,0.0006395138888888319
common_7,F47_130_to_127,humidity,curtains,failure,smooth,0.0005341502415251442
common_7,F47_130_to_127,humidity,curtains,failure,high_support,0.0002447470964970777
common_7,F47_130_to_127,humidity,co2_action,control,raw,0.00015618055555544075
common_7,F47_130_to_127,humidity,co2_action,control,smooth,-3.4364781200002525e-05
common_7,F47_130_to_127,humidity,co2_action,control,high_support,5.212952202490739e-05
common_7,F47_130_to_127,humidity,co2_action,failure,raw,0.0006225694444444985
common_7,F47_130_to_127,humidity,co2_action,failure,smooth,0.0005991279400328064
common_7,F47_130_to_127,humidity,co2_action,failure,high_support,-0.0005319833823084763
common_7,F47_130_to_127,humidity,fan,control,raw,0.007916944444444463
common_7,F47_130_to_127,humidity,fan,control,smooth,0.008149941364552715
common_7,F47_130_to_127,humidity,fan,control,high_support,0.00934888259717706
common_7,F47_130_to_127,humidity,fan,failure,raw,-0.004502708333333327
common_7,F47_130_to_127,humidity,fan,failure,smooth,-0.00666826170959578
common_7,F47_130_to_127,humidity,fan,failure,high_support,0.012276961399079564
common_7,F47_130_to_127,humidity,fog,control,raw,0.0010809027777776148
common_7,F47_130_to_127,humidity,fog,control,smooth,0.0006892935164882763
common_7,F47_130_to_127,humidity,fog,control,high_support,0.0
common_7,F47_130_to_127,humidity,fog,failure,raw,0.00019479166666647174
common_7,F47_130_to_127,humidity,fog,failure,smooth,0.00014121635481956218
common_7,F47_130_to_127,humidity,fog,failure,high_support,-0.00038659938306018216
common_7,F47_130_to_127,co2_sensor,ventilation,control,raw,0.00010798611111095813
common_7,F47_130_to_127,co2_sensor,ventilation,control,smooth,0.00016780952004069594
common_7,F47_130_to_127,co2_sensor,ventilation,control,high_support,0.00016280204513238056
common_7,F47_130_to_127,co2_sensor,ventilation,failure,raw,0.006676111111111438
common_7,F47_130_to_127,co2_sensor,ventilation,failure,smooth,0.0045902344154622465
common_7,F47_130_to_127,co2_sensor,ventilation,failure,high_support,0.004332828008582396
common_7,F47_130_to_127,co2_sensor,heating,control,raw,-0.00026618055555560627
common_7,F47_130_to_127,co2_sensor,heating,control,smooth,0.000267566736659286
common_7,F47_130_to_127,co2_sensor,heating,control,high_support,-0.0001390656582875502
common_7,F47_130_to_127,co2_sensor,heating,failure,raw,-0.006361736111110905
common_7,F47_130_to_127,co2_sensor,heating,failure,smooth,-0.005944663428793628
common_7,F47_130_to_127,co2_sensor,heating,failure,high_support,-0.003088218117319852
common_7,F47_130_to_127,co2_sensor,curtains,control,raw,-8.284722222229313e-05
common_7,F47_130_to_127,co2_sensor,curtains,control,smooth,-6.548409954287848e-05
common_7,F47_130_to_127,co2_sensor,curtains,control,high_support,0.0001445099632110293
common_7,F47_130_to_127,co2_sensor,curtains,failure,raw,-0.00011354166666643906
common_7,F47_130_to_127,co2_sensor,curtains,failure,smooth,-0.00013948743697211885
common_7,F47_130_to_127,co2_sensor,curtains,failure,high_support,0.00015880988978811406
common_7,F47_130_to_127,co2_sensor,co2_action,control,raw,0.0016170833333332135
common_7,F47_130_to_127,co2_sensor,co2_action,control,smooth,0.0017193730676706709
common_7,F47_130_to_127,co2_sensor,co2_action,control,high_support,0.0006450909130754079
common_7,F47_130_to_127,co2_sensor,co2_action,failure,raw,-0.00275874999999981
common_7,F47_130_to_127,co2_sensor,co2_action,failure,smooth,-0.0025063642862208635
common_7,F47_130_to_127,co2_sensor,co2_action,failure,high_support,0.0008872886518669076
common_7,F47_130_to_127,co2_sensor,fan,control,raw,0.09452812499999985
common_7,F47_130_to_127,co2_sensor,fan,control,smooth,0.10159227042819996
common_7,F47_130_to_127,co2_sensor,fan,control,high_support,0.0527382650525358
common_7,F47_130_to_127,co2_sensor,fan,failure,raw,0.07994277777777803
common_7,F47_130_to_127,co2_sensor,fan,failure,smooth,0.08473200690732408
common_7,F47_130_to_127,co2_sensor,fan,failure,high_support,0.04744994971487214
common_7,F47_130_to_127,co2_sensor,fog,control,raw,0.00013263888888881414
common_7,F47_130_to_127,co2_sensor,fog,control,smooth,6.500868724668152e-05
common_7,F47_130_to_127,co2_sensor,fog,control,high_support,-0.0002009599418756787
common_7,F47_130_to_127,co2_sensor,fog,failure,raw,-6.368055555527885e-05
common_7,F47_130_to_127,co2_sensor,fog,failure,smooth,-3.878954269342927e-05
common_7,F47_130_to_127,co2_sensor,fog,failure,high_support,-2.6145409280975418e-05
common_7,F47_130_to_127,ventilation,heating,control,raw,0.001240069444444436
common_7,F47_130_to_127,ventilation,heating,control,smooth,0.000719410783258545
common_7,F47_130_to_127,ventilation,heating,control,high_support,0.0021484166234980936
common_7,F47_130_to_127,ventilation,heating,failure,raw,-0.007403124999999955
common_7,F47_130_to_127,ventilation,heating,failure,smooth,-0.004606137108003727
common_7,F47_130_to_127,ventilation,heating,failure,high_support,-0.0007247500113004013
common_7,F47_130_to_127,ventilation,curtains,control,raw,-0.004781666666666795
common_7,F47_130_to_127,ventilation,curtains,control,smooth,-0.0032979328914840567
common_7,F47_130_to_127,ventilation,curtains,control,high_support,-0.0021316838846769798
common_7,F47_130_to_127,ventilation,curtains,failure,raw,-0.003152291666666418
common_7,F47_130_to_127,ventilation,curtains,failure,smooth,-0.001977719229751762
common_7,F47_130_to_127,ventilation,curtains,failure,high_support,-0.00048811795804526437
common_7,F47_130_to_127,ventilation,co2_action,control,raw,-0.003341180555555767
common_7,F47_130_to_127,ventilation,co2_action,control,smooth,-0.0019343515530666489
common_7,F47_130_to_127,ventilation,co2_action,control,high_support,-0.0005796528212550986
common_7,F47_130_to_127,ventilation,co2_action,failure,raw,-0.0033384722222220553
common_7,F47_130_to_127,ventilation,co2_action,failure,smooth,-0.00214242487990679
common_7,F47_130_to_127,ventilation,co2_action,failure,high_support,-0.0005458964816618672
common_7,F47_130_to_127,ventilation,fan,control,raw,-0.021989791666666703
common_7,F47_130_to_127,ventilation,fan,control,smooth,-0.014832495239148646
common_7,F47_130_to_127,ventilation,fan,control,high_support,-0.009055235058053904
common_7,F47_130_to_127,ventilation,fan,failure,raw,-0.011562777777777589
common_7,F47_130_to_127,ventilation,fan,failure,smooth,-0.00785263260609681
common_7,F47_130_to_127,ventilation,fan,failure,high_support,-0.004142752797182486
common_7,F47_130_to_127,ventilation,fog,control,raw,-0.001707986111111115
common_7,F47_130_to_127,ventilation,fog,control,smooth,-0.0010405026336491874
common_7,F47_130_to_127,ventilation,fog,control,high_support,-0.0013695652433767316
common_7,F47_130_to_127,ventilation,fog,failure,raw,0.0011756250000001245
common_7,F47_130_to_127,ventilation,fog,failure,smooth,0.0008019209621040746
common_7,F47_130_to_127,ventilation,fog,failure,high_support,0.00026753010300606395
common_7,F47_130_to_127,heating,curtains,control,raw,0.0018649999999998945
common_7,F47_130_to_127,heating,curtains,control,smooth,0.0011730177643392015
common_7,F47_130_to_127,heating,curtains,control,high_support,-4.42999155635046e-05
common_7,F47_130_to_127,heating,curtains,failure,raw,0.0026044444444444093
common_7,F47_130_to_127,heating,curtains,failure,smooth,0.002028596804955596
common_7,F47_130_to_127,heating,curtains,failure,high_support,-0.0002050965739263666
common_7,F47_130_to_127,heating,co2_action,control,raw,0.001867986111111164
common_7,F47_130_to_127,heating,co2_action,control,smooth,0.0015860438021662038
common_7,F47_130_to_127,heating,co2_action,control,high_support,0.00012714027005307146
common_7,F47_130_to_127,heating,co2_action,failure,raw,0.005573472222222486
common_7,F47_130_to_127,heating,co2_action,failure,smooth,0.00509457625070997
common_7,F47_130_to_127,heating,co2_action,failure,high_support,0.00130129015871705
common_7,F47_130_to_127,heating,fan,control,raw,-0.00023965277777737715
common_7,F47_130_to_127,heating,fan,control,smooth,0.00022721058724517462
common_7,F47_130_to_127,heating,fan,control,high_support,-0.022801898000473858
common_7,F47_130_to_127,heating,fan,failure,raw,-0.02549930555555535
common_7,F47_130_to_127,heating,fan,failure,smooth,-0.025190758831425186
common_7,F47_130_to_127,heating,fan,failure,high_support,-0.029080087720611617
common_7,F47_130_to_127,heating,fog,control,raw,0.0012701388888889387
common_7,F47_130_to_127,heating,fog,control,smooth,0.0007766691422375072
common_7,F47_130_to_127,heating,fog,control,high_support,0.0004831020568987557
common_7,F47_130_to_127,heating,fog,failure,raw,0.0002113194444444133
common_7,F47_130_to_127,heating,fog,failure,smooth,8.802444466771142e-05
common_7,F47_130_to_127,heating,fog,failure,high_support,0.0001869521757428827
common_7,F47_130_to_127,curtains,co2_action,control,raw,-0.0016104166666667252
common_7,F47_130_to_127,curtains,co2_action,control,smooth,-0.0014971978316498102
common_7,F47_130_to_127,curtains,co2_action,control,high_support,-0.0008871514575726318
common_7,F47_130_to_127,curtains,co2_action,failure,raw,0.0015227777777778728
common_7,F47_130_to_127,curtains,co2_action,failure,smooth,0.0009297155115600697
common_7,F47_130_to_127,curtains,co2_action,failure,high_support,0.00031954743222312176
common_7,F47_130_to_127,curtains,fan,control,raw,-0.003127638888889006
common_7,F47_130_to_127,curtains,fan,control,smooth,-0.0025336382144988123
common_7,F47_130_to_127,curtains,fan,control,high_support,0.00020282482294969872
common_7,F47_130_to_127,curtains,fan,failure,raw,-0.001043750000000121
common_7,F47_130_to_127,curtains,fan,failure,smooth,-0.0007879832153101507
common_7,F47_130_to_127,curtains,fan,failure,high_support,0.0009554823969918844
common_7,F47_130_to_127,curtains,fog,control,raw,2.7847222222265877e-05
common_7,F47_130_to_127,curtains,fog,control,smooth,8.689224856639477e-05
common_7,F47_130_to_127,curtains,fog,control,high_support,-0.0003551196191605259
common_7,F47_130_to_127,curtains,fog,failure,raw,0.0002489583333336043
common_7,F47_130_to_127,curtains,fog,failure,smooth,0.00018704055737772673
common_7,F47_130_to_127,curtains,fog,failure,high_support,-0.0002589801957250115
common_7,F47_130_to_127,co2_action,fan,control,raw,-0.007033055555555556
common_7,F47_130_to_127,co2_action,fan,control,smooth,-0.0068713007922927005
common_7,F47_130_to_127,co2_action,fan,control,high_support,-0.0017515718727276613
common_7,F47_130_to_127,co2_action,fan,failure,raw,-0.01855840277777776
common_7,F47_130_to_127,co2_action,fan,failure,smooth,-0.017191467315729625
common_7,F47_130_to_127,co2_action,fan,failure,high_support,-0.004829222924693906
common_7,F47_130_to_127,co2_action,fog,control,raw,-2.5138888888998068e-05
common_7,F47_130_to_127,co2_action,fog,control,smooth,6.259636165995008e-05
common_7,F47_130_to_127,co2_action,fog,control,high_support,0.0007994279796998266
common_7,F47_130_to_127,co2_action,fog,failure,raw,0.0004970138888888975
common_7,F47_130_to_127,co2_action,fog,failure,smooth,0.0001930637331952756
common_7,F47_130_to_127,co2_action,fog,failure,high_support,0.0002666370994978684
common_7,F47_130_to_127,fan,fog,control,raw,0.00046125000000007965
common_7,F47_130_to_127,fan,fog,control,smooth,0.0005439645961813344
common_7,F47_130_to_127,fan,fog,control,high_support,-0.00013890978815965516
common_7,F47_130_to_127,fan,fog,failure,raw,0.0059028472222222295
common_7,F47_130_to_127,fan,fog,failure,smooth,0.0038764320955098075
common_7,F47_130_to_127,fan,fog,failure,high_support,0.002955910323932609
common_7,F13_231_to_232,season,temperature,control,raw,-0.00011687500000001627
common_7,F13_231_to_232,season,temperature,control,smooth,-7.901495149842397e-05
common_7,F13_231_to_232,season,temperature,control,high_support,0.0
common_7,F13_231_to_232,season,temperature,failure,raw,8.131944444400574e-05
common_7,F13_231_to_232,season,temperature,failure,smooth,0.00011361998542458451
common_7,F13_231_to_232,season,temperature,failure,high_support,0.0
common_7,F13_231_to_232,season,humidity,control,raw,-1.3888888894530993e-07
common_7,F13_231_to_232,season,humidity,control,smooth,-3.316637625649932e-07
common_7,F13_231_to_232,season,humidity,control,high_support,0.0
common_7,F13_231_to_232,season,humidity,failure,raw,5.625000000009095e-06
common_7,F13_231_to_232,season,humidity,failure,smooth,2.277546759410498e-06
common_7,F13_231_to_232,season,humidity,failure,high_support,1.1102230246251565e-16
common_7,F13_231_to_232,season,co2_sensor,control,raw,0.0005999999999998229
common_7,F13_231_to_232,season,co2_sensor,control,smooth,0.00036081014330979766
common_7,F13_231_to_232,season,co2_sensor,control,high_support,0.00039261362036902003
common_7,F13_231_to_232,season,co2_sensor,failure,raw,-0.001424236111111421
common_7,F13_231_to_232,season,co2_sensor,failure,smooth,-0.0013100389810769553
common_7,F13_231_to_232,season,co2_sensor,failure,high_support,-0.002899487538596701
common_7,F13_231_to_232,season,ventilation,control,raw,0.0009102083333333288
common_7,F13_231_to_232,season,ventilation,control,smooth,0.0005427104296180651
common_7,F13_231_to_232,season,ventilation,control,high_support,0.0007659550381754685
common_7,F13_231_to_232,season,ventilation,failure,raw,0.0022241666666664717
common_7,F13_231_to_232,season,ventilation,failure,smooth,0.0013963108396075619
common_7,F13_231_to_232,season,ventilation,failure,high_support,0.0008798637756184391
common_7,F13_231_to_232,season,heating,control,raw,-0.00010486111111096541
common_7,F13_231_to_232,season,heating,control,smooth,-5.373281176079825e-05
common_7,F13_231_to_232,season,heating,control,high_support,6.938893903907228e-18
common_7,F13_231_to_232,season,heating,failure,raw,-0.00023819444444472815
common_7,F13_231_to_232,season,heating,failure,smooth,-0.00029046881443228756
common_7,F13_231_to_232,season,heating,failure,high_support,-0.0010426787011587058
common_7,F13_231_to_232,season,curtains,control,raw,0.00015631944444438606
common_7,F13_231_to_232,season,curtains,control,smooth,8.216719778553205e-05
common_7,F13_231_to_232,season,curtains,control,high_support,0.0003926136203690131
common_7,F13_231_to_232,season,curtains,failure,raw,0.0005193749999996555
common_7,F13_231_to_232,season,curtains,failure,smooth,4.572167092575796e-05
common_7,F13_231_to_232,season,curtains,failure,high_support,-7.697397132511163e-05
common_7,F13_231_to_232,season,co2_action,control,raw,0.00013222222222220026
common_7,F13_231_to_232,season,co2_action,control,smooth,0.00013343050593317418
common_7,F13_231_to_232,season,co2_action,control,high_support,0.0
common_7,F13_231_to_232,season,co2_action,failure,raw,0.00027687499999995424
common_7,F13_231_to_232,season,co2_action,failure,smooth,0.00028292800798745965
common_7,F13_231_to_232,season,co2_action,failure,high_support,0.0002148677775548613
common_7,F13_231_to_232,season,fan,control,raw,0.008864652777777704
common_7,F13_231_to_232,season,fan,control,smooth,0.009095744547264029
common_7,F13_231_to_232,season,fan,control,high_support,0.01768659363639412
common_7,F13_231_to_232,season,fan,failure,raw,0.007935833333333031
common_7,F13_231_to_232,season,fan,failure,smooth,0.007790692370417518
common_7,F13_231_to_232,season,fan,failure,high_support,0.013248373263811314
common_7,F13_231_to_232,season,fog,control,raw,-0.00014736111111113281
common_7,F13_231_to_232,season,fog,control,smooth,-0.00010493428759517087
common_7,F13_231_to_232,season,fog,control,high_support,6.938893903907228e-18
common_7,F13_231_to_232,season,fog,failure,raw,-0.0005569444444448735
common_7,F13_231_to_232,season,fog,failure,smooth,-0.0003572147021491112
common_7,F13_231_to_232,season,fog,failure,high_support,-0.0009898807295793954
common_7,F13_231_to_232,temperature,humidity,control,raw,-7.222222222158514e-06
common_7,F13_231_to_232,temperature,humidity,control,smooth,-6.384709728912696e-06
common_7,F13_231_to_232,temperature,humidity,control,high_support,0.0
common_7,F13_231_to_232,temperature,humidity,failure,raw,-0.00020430555555561725
common_7,F13_231_to_232,temperature,humidity,failure,smooth,-0.00028499839949414074
common_7,F13_231_to_232,temperature,humidity,failure,high_support,-6.76038167981563e-05
common_7,F13_231_to_232,temperature,co2_sensor,control,raw,1.944444444457183e-06
common_7,F13_231_to_232,temperature,co2_sensor,control,smooth,1.9716974374306417e-06
common_7,F13_231_to_232,temperature,co2_sensor,control,high_support,6.938893903907228e-18
common_7,F13_231_to_232,temperature,co2_sensor,failure,raw,-0.00016250000000028741
common_7,F13_231_to_232,temperature,co2_sensor,failure,smooth,-0.0002845188484434935
common_7,F13_231_to_232,temperature,co2_sensor,failure,high_support,-0.0005009125105579493
common_7,F13_231_to_232,temperature,ventilation,control,raw,-8.833333333335691e-05
common_7,F13_231_to_232,temperature,ventilation,control,smooth,-7.324750971005045e-05
common_7,F13_231_to_232,temperature,ventilation,control,high_support,-5.808151040078563e-05
common_7,F13_231_to_232,temperature,ventilation,failure,raw,0.00019715277777732076
common_7,F13_231_to_232,temperature,ventilation,failure,smooth,0.00012043857887444887
common_7,F13_231_to_232,temperature,ventilation,failure,high_support,0.00011310455094415417
common_7,F13_231_to_232,temperature,heating,control,raw,-7.180555555552637e-05
common_7,F13_231_to_232,temperature,heating,control,smooth,-3.8342425286774784e-05
common_7,F13_231_to_232,temperature,heating,control,high_support,-4.6402974135856256e-05
common_7,F13_231_to_232,temperature,heating,failure,raw,0.0019345138888879898
common_7,F13_231_to_232,temperature,heating,failure,smooth,0.001799865984270177
common_7,F13_231_to_232,temperature,heating,failure,high_support,0.0010948333026393753
common_7,F13_231_to_232,temperature,curtains,control,raw,0.0003993749999999796
common_7,F13_231_to_232,temperature,curtains,control,smooth,0.0003252013828561884
common_7,F13_231_to_232,temperature,curtains,control,high_support,-5.808151040079257e-05
common_7,F13_231_to_232,temperature,curtains,failure,raw,-9.534722222270808e-05
common_7,F13_231_to_232,temperature,curtains,failure,smooth,-0.00014270528306581376
common_7,F13_231_to_232,temperature,curtains,failure,high_support,3.925692614548115e-05
common_7,F13_231_to_232,temperature,co2_action,control,raw,9.99999999995449e-06
common_7,F13_231_to_232,temperature,co2_action,control,smooth,1.010916414767582e-05
common_7,F13_231_to_232,temperature,co2_action,control,high_support,0.0
common_7,F13_231_to_232,temperature,co2_action,failure,raw,-0.0003393750000000306
common_7,F13_231_to_232,temperature,co2_action,failure,smooth,-0.0003197690152563215
common_7,F13_231_to_232,temperature,co2_action,failure,high_support,0.0001411174259643433
common_7,F13_231_to_232,temperature,fan,control,raw,0.006004374999999729
common_7,F13_231_to_232,temperature,fan,control,smooth,0.00697894877993166
common_7,F13_231_to_232,temperature,fan,control,high_support,0.0003658223121275478
common_7,F13_231_to_232,temperature,fan,failure,raw,0.006891458333332601
common_7,F13_231_to_232,temperature,fan,failure,smooth,0.007600941821576335
common_7,F13_231_to_232,temperature,fan,failure,high_support,0.0008907530172997113
common_7,F13_231_to_232,temperature,fog,control,raw,-3.9583333333315096e-05
common_7,F13_231_to_232,temperature,fog,control,smooth,-2.2646590849828563e-05
common_7,F13_231_to_232,temperature,fog,control,high_support,-3.925692614550891e-05
common_7,F13_231_to_232,temperature,fog,failure,raw,2.4930555555302547e-05
common_7,F13_231_to_232,temperature,fog,failure,smooth,1.9729533082601947e-05
common_7,F13_231_to_232,temperature,fog,failure,high_support,-3.6168981481510265e-05
common_7,F13_231_to_232,humidity,co2_sensor,control,raw,-0.0005755555555556624
common_7,F13_231_to_232,humidity,co2_sensor,control,smooth,-0.0005714667985311506
common_7,F13_231_to_232,humidity,co2_sensor,control,high_support,5.061559668488591e-05
common_7,F13_231_to_232,humidity,co2_sensor,failure,raw,-0.00019916666666697225
common_7,F13_231_to_232,humidity,co2_sensor,failure,smooth,-0.00024935035631545865
common_7,F13_231_to_232,humidity,co2_sensor,failure,high_support,-0.0007313836840771026
common_7,F13_231_to_232,humidity,ventilation,control,raw,0.0011829166666667001
common_7,F13_231_to_232,humidity,ventilation,control,smooth,0.0007941586935256151
common_7,F13_231_to_232,humidity,ventilation,control,high_support,0.00022931877687716595
common_7,F13_231_to_232,humidity,ventilation,failure,raw,0.0006763888888887681
common_7,F13_231_to_232,humidity,ventilation,failure,smooth,0.0004749276523583479
common_7,F13_231_to_232,humidity,ventilation,failure,high_support,-0.0002782584013306666
common_7,F13_231_to_232,humidity,heating,control,raw,-0.00012236111111096903
common_7,F13_231_to_232,humidity,heating,control,smooth,-5.716599047356219e-05
common_7,F13_231_to_232,humidity,heating,control,high_support,-0.00018318813389597843
common_7,F13_231_to_232,humidity,heating,failure,raw,-0.0013066666666667892
common_7,F13_231_to_232,humidity,heating,failure,smooth,-0.0009080450389666872
common_7,F13_231_to_232,humidity,heating,failure,high_support,-0.0023280774464993215
common_7,F13_231_to_232,humidity,curtains,control,raw,-0.00030416666666677195
common_7,F13_231_to_232,humidity,curtains,control,smooth,-0.00037630743070393713
common_7,F13_231_to_232,humidity,curtains,control,high_support,-0.0006416333977121158
common_7,F13_231_to_232,humidity,curtains,failure,raw,-0.0017375000000001695
common_7,F13_231_to_232,humidity,curtains,failure,smooth,-0.0014226780361070723
common_7,F13_231_to_232,humidity,curtains,failure,high_support,-0.0010679514785495448
common_7,F13_231_to_232,humidity,co2_action,control,raw,0.00011506944444439338
common_7,F13_231_to_232,humidity,co2_action,control,smooth,0.0001158237907699089
common_7,F13_231_to_232,humidity,co2_action,control,high_support,1.853142998976126e-05
common_7,F13_231_to_232,humidity,co2_action,failure,raw,-2.7361111111012804e-05
common_7,F13_231_to_232,humidity,co2_action,failure,smooth,-2.929912290361436e-05
common_7,F13_231_to_232,humidity,co2_action,failure,high_support,-0.0005790958270526225
common_7,F13_231_to_232,humidity,fan,control,raw,-0.0051581944444444305
common_7,F13_231_to_232,humidity,fan,control,smooth,-0.005046302390037893
common_7,F13_231_to_232,humidity,fan,control,high_support,-0.005868203325816515
common_7,F13_231_to_232,humidity,fan,failure,raw,-0.0046465277777779646
common_7,F13_231_to_232,humidity,fan,failure,smooth,-0.0046670977394046576
common_7,F13_231_to_232,humidity,fan,failure,high_support,-0.006704781694699277
common_7,F13_231_to_232,humidity,fog,control,raw,7.965277777788327e-05
common_7,F13_231_to_232,humidity,fog,control,smooth,4.391284393656658e-05
common_7,F13_231_to_232,humidity,fog,control,high_support,6.938893903907228e-18
common_7,F13_231_to_232,humidity,fog,failure,raw,-0.00012520833333362624
common_7,F13_231_to_232,humidity,fog,failure,smooth,-0.00011327039354203094
common_7,F13_231_to_232,humidity,fog,failure,high_support,-0.00015895657841447086
common_7,F13_231_to_232,co2_sensor,ventilation,control,raw,0.0005554166666666971
common_7,F13_231_to_232,co2_sensor,ventilation,control,smooth,0.0003397722640079426
common_7,F13_231_to_232,co2_sensor,ventilation,control,high_support,0.00035840296619739365
common_7,F13_231_to_232,co2_sensor,ventilation,failure,raw,-0.0006828472222228932
common_7,F13_231_to_232,co2_sensor,ventilation,failure,smooth,-0.0004003890850441394
common_7,F13_231_to_232,co2_sensor,ventilation,failure,high_support,0.0005930505441454903
common_7,F13_231_to_232,co2_sensor,heating,control,raw,-0.0007729166666667897
common_7,F13_231_to_232,co2_sensor,heating,control,smooth,-0.0006227485046321757
common_7,F13_231_to_232,co2_sensor,heating,control,high_support,4.844545779599668e-05
common_7,F13_231_to_232,co2_sensor,heating,failure,raw,-0.001964305555556267
common_7,F13_231_to_232,co2_sensor,heating,failure,smooth,-0.0014288085477982548
common_7,F13_231_to_232,co2_sensor,heating,failure,high_support,0.0038790883046354585
common_7,F13_231_to_232,co2_sensor,curtains,control,raw,0.0004278472222221108
common_7,F13_231_to_232,co2_sensor,curtains,control,smooth,0.0003029701579873034
common_7,F13_231_to_232,co2_sensor,curtains,control,high_support,0.00012999603495710693
common_7,F13_231_to_232,co2_sensor,curtains,failure,raw,-0.0009829861111114724
common_7,F13_231_to_232,co2_sensor,curtains,failure,smooth,-0.0007317932529786741
common_7,F13_231_to_232,co2_sensor,curtains,failure,high_support,0.000504082250736837
common_7,F13_231_to_232,co2_sensor,co2_action,control,raw,-0.0004896527777776827
common_7,F13_231_to_232,co2_sensor,co2_action,control,smooth,-0.00041403367589298856
common_7,F13_231_to_232,co2_sensor,co2_action,control,high_support,-0.0002641722817827291
common_7,F13_231_to_232,co2_sensor,co2_action,failure,raw,-3.333333333332966e-05
common_7,F13_231_to_232,co2_sensor,co2_action,failure,smooth,-1.2074439259768255e-05
common_7,F13_231_to_232,co2_sensor,co2_action,failure,high_support,-0.0006608812569908196
common_7,F13_231_to_232,co2_sensor,fan,control,raw,-0.007820208333333412
common_7,F13_231_to_232,co2_sensor,fan,control,smooth,-0.006541837828585639
common_7,F13_231_to_232,co2_sensor,fan,control,high_support,0.014342221289637289
common_7,F13_231_to_232,co2_sensor,fan,failure,raw,-0.00892951388888985
common_7,F13_231_to_232,co2_sensor,fan,failure,smooth,-0.007603075374271295
common_7,F13_231_to_232,co2_sensor,fan,failure,high_support,0.014206166645960597
common_7,F13_231_to_232,co2_sensor,fog,control,raw,0.0007602083333333454
common_7,F13_231_to_232,co2_sensor,fog,control,smooth,0.0004954739369698036
common_7,F13_231_to_232,co2_sensor,fog,control,high_support,0.00020398148687027912
common_7,F13_231_to_232,co2_sensor,fog,failure,raw,0.0005510416666660856
common_7,F13_231_to_232,co2_sensor,fog,failure,smooth,0.000348031858240061
common_7,F13_231_to_232,co2_sensor,fog,failure,high_support,-0.0003129714946576989
common_7,F13_231_to_232,ventilation,heating,control,raw,-0.0024256249999996538
common_7,F13_231_to_232,ventilation,heating,control,smooth,-0.0016234056020213439
common_7,F13_231_to_232,ventilation,heating,control,high_support,-0.0016648136726464952
common_7,F13_231_to_232,ventilation,heating,failure,raw,0.0013195138888886238
common_7,F13_231_to_232,ventilation,heating,failure,smooth,0.0010891904526295626
common_7,F13_231_to_232,ventilation,heating,failure,high_support,0.0025240975043673286
common_7,F13_231_to_232,ventilation,curtains,control,raw,-0.00393368055555543
common_7,F13_231_to_232,ventilation,curtains,control,smooth,-0.002602213731833225
common_7,F13_231_to_232,ventilation,curtains,control,high_support,-0.0028447688840040133
common_7,F13_231_to_232,ventilation,curtains,failure,raw,-0.00342673611111155
common_7,F13_231_to_232,ventilation,curtains,failure,smooth,-0.0020911430871646264
common_7,F13_231_to_232,ventilation,curtains,failure,high_support,-0.0028826302486612
common_7,F13_231_to_232,ventilation,co2_action,control,raw,-0.002813749999999837
common_7,F13_231_to_232,ventilation,co2_action,control,smooth,-0.001694268521397424
common_7,F13_231_to_232,ventilation,co2_action,control,high_support,-0.0009789565412418183
common_7,F13_231_to_232,ventilation,co2_action,failure,raw,-0.0039478472222223004
common_7,F13_231_to_232,ventilation,co2_action,failure,smooth,-0.0025652911464717487
common_7,F13_231_to_232,ventilation,co2_action,failure,high_support,-0.0016050212002393094
common_7,F13_231_to_232,ventilation,fan,control,raw,0.022814652777778055
common_7,F13_231_to_232,ventilation,fan,control,smooth,0.013763939161318794
common_7,F13_231_to_232,ventilation,fan,control,high_support,0.014357772629857588
common_7,F13_231_to_232,ventilation,fan,failure,raw,0.024972916666666012
common_7,F13_231_to_232,ventilation,fan,failure,smooth,0.015260151837189762
common_7,F13_231_to_232,ventilation,fan,failure,high_support,0.018368637546432434
common_7,F13_231_to_232,ventilation,fog,control,raw,0.003214999999999968
common_7,F13_231_to_232,ventilation,fog,control,smooth,0.0019549867541933663
common_7,F13_231_to_232,ventilation,fog,control,high_support,0.0012259946536993319
common_7,F13_231_to_232,ventilation,fog,failure,raw,0.0005129861111106138
common_7,F13_231_to_232,ventilation,fog,failure,smooth,0.00032071430792846023
common_7,F13_231_to_232,ventilation,fog,failure,high_support,-6.448278602699808e-05
common_7,F13_231_to_232,heating,curtains,control,raw,0.0023170833333324703
common_7,F13_231_to_232,heating,curtains,control,smooth,0.0018362908720351845
common_7,F13_231_to_232,heating,curtains,control,high_support,0.0002859759064681375
common_7,F13_231_to_232,heating,curtains,failure,raw,0.0030065277777773236
common_7,F13_231_to_232,heating,curtains,failure,smooth,0.002563547955617862
common_7,F13_231_to_232,heating,curtains,failure,high_support,0.0006170915987537828
common_7,F13_231_to_232,heating,co2_action,control,raw,8.888888888947122e-06
common_7,F13_231_to_232,heating,co2_action,control,smooth,0.00011976016403836276
common_7,F13_231_to_232,heating,co2_action,control,high_support,0.00022926522424391443
common_7,F13_231_to_232,heating,co2_action,failure,raw,0.0024477777777780485
common_7,F13_231_to_232,heating,co2_action,failure,smooth,0.0023963445777630543
common_7,F13_231_to_232,heating,co2_action,failure,high_support,0.0007286606550236385
common_7,F13_231_to_232,heating,fan,control,raw,-0.009249305555555254
common_7,F13_231_to_232,heating,fan,control,smooth,-0.010270655151008445
common_7,F13_231_to_232,heating,fan,control,high_support,0.012214777787562789
common_7,F13_231_to_232,heating,fan,failure,raw,-0.002121944444445134
common_7,F13_231_to_232,heating,fan,failure,smooth,-0.003995076843802625
common_7,F13_231_to_232,heating,fan,failure,high_support,0.021187457826157885
common_7,F13_231_to_232,heating,fog,control,raw,0.0003745833333332893
common_7,F13_231_to_232,heating,fog,control,smooth,0.00022271984610855444
common_7,F13_231_to_232,heating,fog,control,high_support,6.938893903907228e-18
common_7,F13_231_to_232,heating,fog,failure,raw,-1.5069444444737456e-05
common_7,F13_231_to_232,heating,fog,failure,smooth,-3.096617089437537e-05
common_7,F13_231_to_232,heating,fog,failure,high_support,-0.0003282007680430743
common_7,F13_231_to_232,curtains,co2_action,control,raw,-0.0003314583333333676
common_7,F13_231_to_232,curtains,co2_action,control,smooth,-0.000609884636050495
common_7,F13_231_to_232,curtains,co2_action,control,high_support,-0.0006570887704548389
common_7,F13_231_to_232,curtains,co2_action,failure,raw,-7.513888888910358e-05
common_7,F13_231_to_232,curtains,co2_action,failure,smooth,-0.00012637694166506286
common_7,F13_231_to_232,curtains,co2_action,failure,high_support,2.184221064427394e-05
common_7,F13_231_to_232,curtains,fan,control,raw,-0.001625625000000408
common_7,F13_231_to_232,curtains,fan,control,smooth,-0.0016413356020263947
common_7,F13_231_to_232,curtains,fan,control,high_support,-0.003401932183212844
common_7,F13_231_to_232,curtains,fan,failure,raw,-7.972222222263348e-05
common_7,F13_231_to_232,curtains,fan,failure,smooth,-0.00042510081234647945
common_7,F13_231_to_232,curtains,fan,failure,high_support,-0.0035840351871042064
common_7,F13_231_to_232,curtains,fog,control,raw,-0.0004128472222222346
common_7,F13_231_to_232,curtains,fog,control,smooth,-0.00027076126833425196
common_7,F13_231_to_232,curtains,fog,control,high_support,-3.171351526263383e-05
common_7,F13_231_to_232,curtains,fog,failure,raw,0.00030270833333267966
common_7,F13_231_to_232,curtains,fog,failure,smooth,0.0002199798184443491
common_7,F13_231_to_232,curtains,fog,failure,high_support,5.2787179888991176e-05
common_7,F13_231_to_232,co2_action,fan,control,raw,-0.01710125000000029
common_7,F13_231_to_232,co2_action,fan,control,smooth,-0.016130096426888896
common_7,F13_231_to_232,co2_action,fan,control,high_support,-0.011624437949857694
common_7,F13_231_to_232,co2_action,fan,failure,raw,-0.015946736111111193
common_7,F13_231_to_232,co2_action,fan,failure,smooth,-0.014771123096257277
common_7,F13_231_to_232,co2_action,fan,failure,high_support,-0.011827245803568726
common_7,F13_231_to_232,co2_action,fog,control,raw,-0.00012131944444437881
common_7,F13_231_to_232,co2_action,fog,control,smooth,-0.00012454881697454567
common_7,F13_231_to_232,co2_action,fog,control,high_support,-5.0906961237072446e-05
common_7,F13_231_to_232,co2_action,fog,failure,raw,-0.0006909722222225856
common_7,F13_231_to_232,co2_action,fog,failure,smooth,-0.0004951026409834025
common_7,F13_231_to_232,co2_action,fog,failure,high_support,4.890207622554321e-05
common_7,F13_231_to_232,fan,fog,control,raw,0.011596249999999864
common_7,F13_231_to_232,fan,fog,control,smooth,0.007629806181886689
common_7,F13_231_to_232,fan,fog,control,high_support,0.006994102438449598
common_7,F13_231_to_232,fan,fog,failure,raw,0.011178888888888294
common_7,F13_231_to_232,fan,fog,failure,smooth,0.007304947173357057
common_7,F13_231_to_232,fan,fog,failure,high_support,0.0067294680645393345
common_7,F13_233_to_232,season,temperature,control,raw,3.375000000005457e-05
common_7,F13_233_to_232,season,temperature,control,smooth,2.2844020169832113e-05
common_7,F13_233_to_232,season,temperature,control,high_support,0.0
common_7,F13_233_to_232,season,temperature,failure,raw,-0.0039042361111110147
common_7,F13_233_to_232,season,temperature,failure,smooth,-0.004158055108923531
common_7,F13_233_to_232,season,temperature,failure,high_support,-0.001832498547838679
common_7,F13_233_to_232,season,humidity,control,raw,1.4027777777814165e-05
common_7,F13_233_to_232,season,humidity,control,smooth,1.823978249992919e-05
common_7,F13_233_to_232,season,humidity,control,high_support,0.0
common_7,F13_233_to_232,season,humidity,failure,raw,-9.583333333784694e-06
common_7,F13_233_to_232,season,humidity,failure,smooth,-8.264107159927647e-06
common_7,F13_233_to_232,season,humidity,failure,high_support,5.551115123125783e-17
common_7,F13_233_to_232,season,co2_sensor,control,raw,-1.4791666666735814e-05
common_7,F13_233_to_232,season,co2_sensor,control,smooth,-1.9113797375291952e-05
common_7,F13_233_to_232,season,co2_sensor,control,high_support,-0.00012510662349518586
common_7,F13_233_to_232,season,co2_sensor,failure,raw,1.2499999999526779e-06
common_7,F13_233_to_232,season,co2_sensor,failure,smooth,6.970177317544568e-07
common_7,F13_233_to_232,season,co2_sensor,failure,high_support,5.551115123125783e-17
common_7,F13_233_to_232,season,ventilation,control,raw,-0.0014668055555555615
common_7,F13_233_to_232,season,ventilation,control,smooth,-0.0009372871490044288
common_7,F13_233_to_232,season,ventilation,control,high_support,-0.0003359837863752685
common_7,F13_233_to_232,season,ventilation,failure,raw,-0.0002681944444444806
common_7,F13_233_to_232,season,ventilation,failure,smooth,-0.00022867002491744337
common_7,F13_233_to_232,season,ventilation,failure,high_support,0.0006781284986857594
common_7,F13_233_to_232,season,heating,control,raw,0.0006625000000000103
common_7,F13_233_to_232,season,heating,control,smooth,0.0011666309796961594
common_7,F13_233_to_232,season,heating,control,high_support,-0.0003359837863752685
common_7,F13_233_to_232,season,heating,failure,raw,0.0007261805555554002
common_7,F13_233_to_232,season,heating,failure,smooth,0.001532901253352481
common_7,F13_233_to_232,season,heating,failure,high_support,0.0033935497609960397
common_7,F13_233_to_232,season,curtains,control,raw,2.250000000003638e-05
common_7,F13_233_to_232,season,curtains,control,smooth,2.181404631573791e-05
common_7,F13_233_to_232,season,curtains,control,high_support,6.938893903907228e-18
common_7,F13_233_to_232,season,curtains,failure,raw,0.0004738888888888848
common_7,F13_233_to_232,season,curtains,failure,smooth,0.0002938761054829264
common_7,F13_233_to_232,season,curtains,failure,high_support,0.00025136934709785175
common_7,F13_233_to_232,season,co2_action,control,raw,-0.0002754861111111673
common_7,F13_233_to_232,season,co2_action,control,smooth,-0.00028076203929239263
common_7,F13_233_to_232,season,co2_action,control,high_support,-0.00021486777755478498
common_7,F13_233_to_232,season,co2_action,failure,raw,-0.00032715277777772833
common_7,F13_233_to_232,season,co2_action,failure,smooth,-0.00033499395658109776
common_7,F13_233_to_232,season,co2_action,failure,high_support,-0.0006446033326643619
common_7,F13_233_to_232,season,fan,control,raw,-0.0021873611111107305
common_7,F13_233_to_232,season,fan,control,smooth,-0.0029654030513318608
common_7,F13_233_to_232,season,fan,control,high_support,-0.007988138605217757
common_7,F13_233_to_232,season,fan,failure,raw,-0.004454166666666648
common_7,F13_233_to_232,season,fan,failure,smooth,-0.005050246365425726
common_7,F13_233_to_232,season,fan,failure,high_support,-0.0035384657642295453
common_7,F13_233_to_232,season,fog,control,raw,-0.00010687499999995076
common_7,F13_233_to_232,season,fog,control,smooth,-6.556246303812685e-05
common_7,F13_233_to_232,season,fog,control,high_support,6.938893903907228e-18
common_7,F13_233_to_232,season,fog,failure,raw,8.562499999964501e-05
common_7,F13_233_to_232,season,fog,failure,smooth,6.59377509530934e-05
common_7,F13_233_to_232,season,fog,failure,high_support,1.1102230246251565e-16
common_7,F13_233_to_232,temperature,humidity,control,raw,-0.002527500000000016
common_7,F13_233_to_232,temperature,humidity,control,smooth,-0.0026394326296501625
common_7,F13_233_to_232,temperature,humidity,control,high_support,-0.0032936088998833726
common_7,F13_233_to_232,temperature,humidity,failure,raw,-0.013909722222221976
common_7,F13_233_to_232,temperature,humidity,failure,smooth,-0.01701269272857653
common_7,F13_233_to_232,temperature,humidity,failure,high_support,-0.00021127397693970762
common_7,F13_233_to_232,temperature,co2_sensor,control,raw,-9.395833333325498e-05
common_7,F13_233_to_232,temperature,co2_sensor,control,smooth,-8.679574686665248e-05
common_7,F13_233_to_232,temperature,co2_sensor,control,high_support,6.938893903907228e-18
common_7,F13_233_to_232,temperature,co2_sensor,failure,raw,0.0014106944444445269
common_7,F13_233_to_232,temperature,co2_sensor,failure,smooth,0.0013433842173742327
common_7,F13_233_to_232,temperature,co2_sensor,failure,high_support,-0.0002411353544434225
common_7,F13_233_to_232,temperature,ventilation,control,raw,0.0024361805555557225
common_7,F13_233_to_232,temperature,ventilation,control,smooth,0.001296030843285445
common_7,F13_233_to_232,temperature,ventilation,control,high_support,8.062365223122925e-05
common_7,F13_233_to_232,temperature,ventilation,failure,raw,0.015539166666665771
common_7,F13_233_to_232,temperature,ventilation,failure,smooth,0.00968327747605402
common_7,F13_233_to_232,temperature,ventilation,failure,high_support,0.005927717296044799
common_7,F13_233_to_232,temperature,heating,control,raw,0.019873888888888858
common_7,F13_233_to_232,temperature,heating,control,smooth,0.021868288340062936
common_7,F13_233_to_232,temperature,heating,control,high_support,0.011232669768108557
common_7,F13_233_to_232,temperature,heating,failure,raw,0.1351606944444439
common_7,F13_233_to_232,temperature,heating,failure,smooth,0.14278560826566689
common_7,F13_233_to_232,temperature,heating,failure,high_support,0.10848282783180363
common_7,F13_233_to_232,temperature,curtains,control,raw,-1.6458333333302377e-05
common_7,F13_233_to_232,temperature,curtains,control,smooth,-2.1963837135929865e-05
common_7,F13_233_to_232,temperature,curtains,control,high_support,-0.00026548354661121154
common_7,F13_233_to_232,temperature,curtains,failure,raw,-0.003994999999999083
common_7,F13_233_to_232,temperature,curtains,failure,smooth,-0.0027659228161707183
common_7,F13_233_to_232,temperature,curtains,failure,high_support,-0.0011370416080318524
common_7,F13_233_to_232,temperature,co2_action,control,raw,0.0006259722222222708
common_7,F13_233_to_232,temperature,co2_action,control,smooth,0.000733812757320873
common_7,F13_233_to_232,temperature,co2_action,control,high_support,6.589738280000229e-05
common_7,F13_233_to_232,temperature,co2_action,failure,raw,-0.007568125000000592
common_7,F13_233_to_232,temperature,co2_action,failure,smooth,-0.007621471043983474
common_7,F13_233_to_232,temperature,co2_action,failure,high_support,-0.0032762938816542353
common_7,F13_233_to_232,temperature,fan,control,raw,0.05762798611111131
common_7,F13_233_to_232,temperature,fan,control,smooth,0.0700011180661071
common_7,F13_233_to_232,temperature,fan,control,high_support,0.021184915348930064
common_7,F13_233_to_232,temperature,fan,failure,raw,0.15945104166666624
common_7,F13_233_to_232,temperature,fan,failure,smooth,0.17680905457343987
common_7,F13_233_to_232,temperature,fan,failure,high_support,0.11143373134214311
common_7,F13_233_to_232,temperature,fog,control,raw,-0.0001054166666665246
common_7,F13_233_to_232,temperature,fog,control,smooth,-6.461745134067609e-05
common_7,F13_233_to_232,temperature,fog,control,high_support,-3.925692614551585e-05
common_7,F13_233_to_232,temperature,fog,failure,raw,-0.0010465972222224451
common_7,F13_233_to_232,temperature,fog,failure,smooth,-0.0006575693221917422
common_7,F13_233_to_232,temperature,fog,failure,high_support,-7.384762479872853e-05
common_7,F13_233_to_232,humidity,co2_sensor,control,raw,-0.0006315972222222799
common_7,F13_233_to_232,humidity,co2_sensor,control,smooth,-0.0006211098805413151
common_7,F13_233_to_232,humidity,co2_sensor,control,high_support,-7.449102681030689e-05
common_7,F13_233_to_232,humidity,co2_sensor,failure,raw,0.00029673611111102893
common_7,F13_233_to_232,humidity,co2_sensor,failure,smooth,0.00013931969431024704
common_7,F13_233_to_232,humidity,co2_sensor,failure,high_support,0.000287538328579362
common_7,F13_233_to_232,humidity,ventilation,control,raw,0.002640069444444504
common_7,F13_233_to_232,humidity,ventilation,control,smooth,0.0017456217559398413
common_7,F13_233_to_232,humidity,ventilation,control,high_support,0.0007192996913949062
common_7,F13_233_to_232,humidity,ventilation,failure,raw,0.0032137500000002373
common_7,F13_233_to_232,humidity,ventilation,failure,smooth,0.0023090883511971416
common_7,F13_233_to_232,humidity,ventilation,failure,high_support,0.0027705921455716265
common_7,F13_233_to_232,humidity,heating,control,raw,0.007924583333333235
common_7,F13_233_to_232,humidity,heating,control,smooth,0.008741545992350996
common_7,F13_233_to_232,humidity,heating,control,high_support,0.006189359938958923
common_7,F13_233_to_232,humidity,heating,failure,raw,0.019790902777778063
common_7,F13_233_to_232,humidity,heating,failure,smooth,0.01761325466159258
common_7,F13_233_to_232,humidity,heating,failure,high_support,0.02899052904124222
common_7,F13_233_to_232,humidity,curtains,control,raw,3.361111111110926e-05
common_7,F13_233_to_232,humidity,curtains,control,smooth,5.490907171501469e-05
common_7,F13_233_to_232,humidity,curtains,control,high_support,2.4327648521928202e-05
common_7,F13_233_to_232,humidity,curtains,failure,raw,-0.0004940277777778501
common_7,F13_233_to_232,humidity,curtains,failure,smooth,-0.0002791672954964852
common_7,F13_233_to_232,humidity,curtains,failure,high_support,-0.00029587312128459553
common_7,F13_233_to_232,humidity,co2_action,control,raw,-0.0008252777777777442
common_7,F13_233_to_232,humidity,co2_action,control,smooth,-0.0007389519236444819
common_7,F13_233_to_232,humidity,co2_action,control,high_support,-0.001094520942306526
common_7,F13_233_to_232,humidity,co2_action,failure,raw,-0.00039027777777733696
common_7,F13_233_to_232,humidity,co2_action,failure,smooth,-0.00040232826609098993
common_7,F13_233_to_232,humidity,co2_action,failure,high_support,-0.0015914951797345034
common_7,F13_233_to_232,humidity,fan,control,raw,-0.019214722222222425
common_7,F13_233_to_232,humidity,fan,control,smooth,-0.01952216237532256
common_7,F13_233_to_232,humidity,fan,control,high_support,-0.019614356444640227
common_7,F13_233_to_232,humidity,fan,failure,raw,-0.018327569444444358
common_7,F13_233_to_232,humidity,fan,failure,smooth,-0.02205710700199537
common_7,F13_233_to_232,humidity,fan,failure,high_support,-0.0026848274979015957
common_7,F13_233_to_232,humidity,fog,control,raw,4.40972222222058e-05
common_7,F13_233_to_232,humidity,fog,control,smooth,3.798986702441276e-06
common_7,F13_233_to_232,humidity,fog,control,high_support,0.00011453825370150855
common_7,F13_233_to_232,humidity,fog,failure,raw,0.00021631944444400197
common_7,F13_233_to_232,humidity,fog,failure,smooth,0.0001503257479125164
common_7,F13_233_to_232,humidity,fog,failure,high_support,0.0002786447874441045
common_7,F13_233_to_232,co2_sensor,ventilation,control,raw,0.0007271527777777953
common_7,F13_233_to_232,co2_sensor,ventilation,control,smooth,0.0005249053149548599
common_7,F13_233_to_232,co2_sensor,ventilation,control,high_support,0.00026858362783979683
common_7,F13_233_to_232,co2_sensor,ventilation,failure,raw,-0.0013491666666667346
common_7,F13_233_to_232,co2_sensor,ventilation,failure,smooth,-0.0007792825407353376
common_7,F13_233_to_232,co2_sensor,ventilation,failure,high_support,-0.0004669137683855906
common_7,F13_233_to_232,co2_sensor,heating,control,raw,-0.00927965277777787
common_7,F13_233_to_232,co2_sensor,heating,control,smooth,-0.008510838319190528
common_7,F13_233_to_232,co2_sensor,heating,control,high_support,-4.0266339124545025e-06
common_7,F13_233_to_232,co2_sensor,heating,failure,raw,-0.0007132638888887044
common_7,F13_233_to_232,co2_sensor,heating,failure,smooth,-0.0021481568742514057
common_7,F13_233_to_232,co2_sensor,heating,failure,high_support,-0.008634222478992815
common_7,F13_233_to_232,co2_sensor,curtains,control,raw,0.0011100694444444725
common_7,F13_233_to_232,co2_sensor,curtains,control,smooth,0.0007573983477604518
common_7,F13_233_to_232,co2_sensor,curtains,control,high_support,0.0003733159498598426
common_7,F13_233_to_232,co2_sensor,curtains,failure,raw,-0.0007165972222220596
common_7,F13_233_to_232,co2_sensor,curtains,failure,smooth,-0.0004121423129312962
common_7,F13_233_to_232,co2_sensor,curtains,failure,high_support,-0.000287538328579251
common_7,F13_233_to_232,co2_sensor,co2_action,control,raw,-0.0005088888888888921
common_7,F13_233_to_232,co2_sensor,co2_action,control,smooth,-0.0004348483401660497
common_7,F13_233_to_232,co2_sensor,co2_action,control,high_support,-0.00026417228178273605
common_7,F13_233_to_232,co2_sensor,co2_action,failure,raw,-0.0002549999999998942
common_7,F13_233_to_232,co2_sensor,co2_action,failure,smooth,-0.0002652413587762581
common_7,F13_233_to_232,co2_sensor,co2_action,failure,high_support,-5.5410570229896816e-05
common_7,F13_233_to_232,co2_sensor,fan,control,raw,-0.002867083333333631
common_7,F13_233_to_232,co2_sensor,fan,control,smooth,-0.001958515425372842
common_7,F13_233_to_232,co2_sensor,fan,control,high_support,0.012364108942198401
common_7,F13_233_to_232,co2_sensor,fan,failure,raw,0.005929166666666541
common_7,F13_233_to_232,co2_sensor,fan,failure,smooth,0.005631499254885486
common_7,F13_233_to_232,co2_sensor,fan,failure,high_support,0.0016666666666666358
common_7,F13_233_to_232,co2_sensor,fog,control,raw,0.0013083333333332448
common_7,F13_233_to_232,co2_sensor,fog,control,smooth,0.000864526118105502
common_7,F13_233_to_232,co2_sensor,fog,control,high_support,0.0007473673094559596
common_7,F13_233_to_232,co2_sensor,fog,failure,raw,0.0001988194444442204
common_7,F13_233_to_232,co2_sensor,fog,failure,smooth,0.00015012101013778256
common_7,F13_233_to_232,co2_sensor,fog,failure,high_support,-5.551115123125783e-17
common_7,F13_233_to_232,ventilation,heating,control,raw,0.02083555555555605
common_7,F13_233_to_232,ventilation,heating,control,smooth,0.01327482515494205
common_7,F13_233_to_232,ventilation,heating,control,high_support,-0.000829762146106687
common_7,F13_233_to_232,ventilation,heating,failure,raw,0.013974374999999428
common_7,F13_233_to_232,ventilation,heating,failure,smooth,0.008494175263942916
common_7,F13_233_to_232,ventilation,heating,failure,high_support,-0.0038016251117769517
common_7,F13_233_to_232,ventilation,curtains,control,raw,-0.004332708333333213
common_7,F13_233_to_232,ventilation,curtains,control,smooth,-0.002747925745259616
common_7,F13_233_to_232,ventilation,curtains,control,high_support,-0.002802822036046905
common_7,F13_233_to_232,ventilation,curtains,failure,raw,-0.00863756944444427
common_7,F13_233_to_232,ventilation,curtains,failure,smooth,-0.005318250887181408
common_7,F13_233_to_232,ventilation,curtains,failure,high_support,-0.003036175229502225
common_7,F13_233_to_232,ventilation,co2_action,control,raw,-0.002957430555555529
common_7,F13_233_to_232,ventilation,co2_action,control,smooth,-0.0017931060370520724
common_7,F13_233_to_232,ventilation,co2_action,control,high_support,-0.0010828125692676632
common_7,F13_233_to_232,ventilation,co2_action,failure,raw,-0.0023477083333336424
common_7,F13_233_to_232,ventilation,co2_action,failure,smooth,-0.0013843451362087755
common_7,F13_233_to_232,ventilation,co2_action,failure,high_support,-0.0008442188822300745
common_7,F13_233_to_232,ventilation,fan,control,raw,0.051071458333333264
common_7,F13_233_to_232,ventilation,fan,control,smooth,0.03222952910836685
common_7,F13_233_to_232,ventilation,fan,control,high_support,0.027712118345449108
common_7,F13_233_to_232,ventilation,fan,failure,raw,0.03790770833333257
common_7,F13_233_to_232,ventilation,fan,failure,smooth,0.022678613747419085
common_7,F13_233_to_232,ventilation,fan,failure,high_support,0.019281178029934856
common_7,F13_233_to_232,ventilation,fog,control,raw,0.00487611111111097
common_7,F13_233_to_232,ventilation,fog,control,smooth,0.0030624580712893534
common_7,F13_233_to_232,ventilation,fog,control,high_support,0.0018223108877847075
common_7,F13_233_to_232,ventilation,fog,failure,raw,0.001817361111110971
common_7,F13_233_to_232,ventilation,fog,failure,smooth,0.001236322387689004
common_7,F13_233_to_232,ventilation,fog,failure,high_support,-0.00014558323723162792
common_7,F13_233_to_232,heating,curtains,control,raw,0.0018525694444443408
common_7,F13_233_to_232,heating,curtains,control,smooth,0.0014990244812558284
common_7,F13_233_to_232,heating,curtains,control,high_support,5.182407369998254e-06
common_7,F13_233_to_232,heating,curtains,failure,raw,-0.003981874999999135
common_7,F13_233_to_232,heating,curtains,failure,smooth,-0.002648325689840636
common_7,F13_233_to_232,heating,curtains,failure,high_support,0.0002618493586900028
common_7,F13_233_to_232,heating,co2_action,control,raw,-0.0015803472222224446
common_7,F13_233_to_232,heating,co2_action,control,smooth,-4.4580271322813836e-05
common_7,F13_233_to_232,heating,co2_action,control,high_support,-0.004750148723991723
common_7,F13_233_to_232,heating,co2_action,failure,raw,-0.009249236111111392
common_7,F13_233_to_232,heating,co2_action,failure,smooth,-0.00917417158353806
common_7,F13_233_to_232,heating,co2_action,failure,high_support,-0.0024090746082426895
common_7,F13_233_to_232,heating,fan,control,raw,0.013201458333333194
common_7,F13_233_to_232,heating,fan,control,smooth,0.0264134999116995
common_7,F13_233_to_232,heating,fan,control,high_support,-0.23202730883908906
common_7,F13_233_to_232,heating,fan,failure,raw,0.11832458333333329
common_7,F13_233_to_232,heating,fan,failure,smooth,0.14413282244007508
common_7,F13_233_to_232,heating,fan,failure,high_support,-0.13965819975082716
common_7,F13_233_to_232,heating,fog,control,raw,-0.01221486111111103
common_7,F13_233_to_232,heating,fog,control,smooth,-0.008092068367382632
common_7,F13_233_to_232,heating,fog,control,high_support,-0.0017476075298877639
common_7,F13_233_to_232,heating,fog,failure,raw,-0.014124374999999967
common_7,F13_233_to_232,heating,fog,failure,smooth,-0.009288523212737765
common_7,F13_233_to_232,heating,fog,failure,high_support,-0.00854803255881953
common_7,F13_233_to_232,curtains,co2_action,control,raw,-0.0002686805555555116
common_7,F13_233_to_232,curtains,co2_action,control,smooth,-0.0004850210980098524
common_7,F13_233_to_232,curtains,co2_action,control,high_support,-0.0005558017676298085
common_7,F13_233_to_232,curtains,co2_action,failure,raw,-0.0009827777777777769
common_7,F13_233_to_232,curtains,co2_action,failure,smooth,-0.0009062002515765055
common_7,F13_233_to_232,curtains,co2_action,failure,high_support,-0.00019708039518395726
common_7,F13_233_to_232,curtains,fan,control,raw,-0.0031302083333336617
common_7,F13_233_to_232,curtains,fan,control,smooth,-0.002070263366623082
common_7,F13_233_to_232,curtains,fan,control,high_support,0.00044124826925472094
common_7,F13_233_to_232,curtains,fan,failure,raw,-0.006971041666665845
common_7,F13_233_to_232,curtains,fan,failure,smooth,-0.004704456114966504
common_7,F13_233_to_232,curtains,fan,failure,high_support,-0.00015575511933006714
common_7,F13_233_to_232,curtains,fog,control,raw,-0.0005087499999999467
common_7,F13_233_to_232,curtains,fog,control,smooth,-0.00033542575538825226
common_7,F13_233_to_232,curtains,fog,control,high_support,-0.0001813198440742958
common_7,F13_233_to_232,curtains,fog,failure,raw,0.00020638888888901974
common_7,F13_233_to_232,curtains,fog,failure,smooth,0.0001608611051526765
common_7,F13_233_to_232,curtains,fog,failure,high_support,0.00028856975522612016
common_7,F13_233_to_232,co2_action,fan,control,raw,-0.008055277777777814
common_7,F13_233_to_232,co2_action,fan,control,smooth,-0.007163914500564084
common_7,F13_233_to_232,co2_action,fan,control,high_support,-0.0052370452623966696
common_7,F13_233_to_232,co2_action,fan,failure,raw,-0.017334375000000346
common_7,F13_233_to_232,co2_action,fan,failure,smooth,-0.01715585329278768
common_7,F13_233_to_232,co2_action,fan,failure,high_support,-0.003935070830054746
common_7,F13_233_to_232,co2_action,fog,control,raw,-6.0000000000060005e-05
common_7,F13_233_to_232,co2_action,fog,control,smooth,-8.17714777406886e-05
common_7,F13_233_to_232,co2_action,fog,control,high_support,-2.461503441075763e-06
common_7,F13_233_to_232,co2_action,fog,failure,raw,-0.0005206944444446915
common_7,F13_233_to_232,co2_action,fog,failure,smooth,-0.0003335587086610303
common_7,F13_233_to_232,co2_action,fog,failure,high_support,-0.00021286722624141996
common_7,F13_233_to_232,fan,fog,control,raw,0.015049652777777811
common_7,F13_233_to_232,fan,fog,control,smooth,0.009870502473828369
common_7,F13_233_to_232,fan,fog,control,high_support,0.00765276295086835
common_7,F13_233_to_232,fan,fog,failure,raw,0.011137430555555272
common_7,F13_233_to_232,fan,fog,failure,smooth,0.007318969083288107
common_7,F13_233_to_232,fan,fog,failure,high_support,0.0017928092834157972
common_7,F47_161_to_160,season,temperature,control,raw,-0.0017743750000002168
common_7,F47_161_to_160,season,temperature,control,smooth,-0.0018050512731981883
common_7,F47_161_to_160,season,temperature,control,high_support,-0.002440337057092852
common_7,F47_161_to_160,season,temperature,failure,raw,-0.005695000000000228
common_7,F47_161_to_160,season,temperature,failure,smooth,-0.005831059955948126
common_7,F47_161_to_160,season,temperature,failure,high_support,-0.005484311586060997
common_7,F47_161_to_160,season,humidity,control,raw,-0.002773541666666879
common_7,F47_161_to_160,season,humidity,control,smooth,-0.0028806946573765035
common_7,F47_161_to_160,season,humidity,control,high_support,-0.0009768676432896223
common_7,F47_161_to_160,season,humidity,failure,raw,-0.002082986111110907
common_7,F47_161_to_160,season,humidity,failure,smooth,-0.0022671054679563873
common_7,F47_161_to_160,season,humidity,failure,high_support,-0.0010378426722089107
common_7,F47_161_to_160,season,co2_sensor,control,raw,-0.0021362500000003948
common_7,F47_161_to_160,season,co2_sensor,control,smooth,-0.0017851986698087519
common_7,F47_161_to_160,season,co2_sensor,control,high_support,5.8081510400820324e-05
common_7,F47_161_to_160,season,co2_sensor,failure,raw,-0.00044111111111111434
common_7,F47_161_to_160,season,co2_sensor,failure,smooth,-8.832164009109356e-05
common_7,F47_161_to_160,season,co2_sensor,failure,high_support,0.0009720648305426849
common_7,F47_161_to_160,season,ventilation,control,raw,0.00024861111111096346
common_7,F47_161_to_160,season,ventilation,control,smooth,0.00017874342916202046
common_7,F47_161_to_160,season,ventilation,control,high_support,5.808151040079951e-05
common_7,F47_161_to_160,season,ventilation,failure,raw,8.965277777783776e-05
common_7,F47_161_to_160,season,ventilation,failure,smooth,6.660812494563295e-05
common_7,F47_161_to_160,season,ventilation,failure,high_support,0.0
common_7,F47_161_to_160,season,heating,control,raw,2.145833333322411e-05
common_7,F47_161_to_160,season,heating,control,smooth,-3.7775906063242104e-05
common_7,F47_161_to_160,season,heating,control,high_support,-0.0018815344442214416
common_7,F47_161_to_160,season,heating,failure,raw,-0.001508888888889004
common_7,F47_161_to_160,season,heating,failure,smooth,-0.0015155266417961055
common_7,F47_161_to_160,season,heating,failure,high_support,-0.002993358932283252
common_7,F47_161_to_160,season,curtains,control,raw,1.416666666653743e-05
common_7,F47_161_to_160,season,curtains,control,smooth,1.2453734737238875e-05
common_7,F47_161_to_160,season,curtains,control,high_support,1.3877787807814457e-17
common_7,F47_161_to_160,season,curtains,failure,raw,2.8055555555850376e-05
common_7,F47_161_to_160,season,curtains,failure,smooth,2.76360448054902e-05
common_7,F47_161_to_160,season,curtains,failure,high_support,2.220446049250313e-16
common_7,F47_161_to_160,season,co2_action,control,raw,-3.506944444475746e-05
common_7,F47_161_to_160,season,co2_action,control,smooth,-3.0155309424961807e-05
common_7,F47_161_to_160,season,co2_action,control,high_support,6.938893903907228e-18
common_7,F47_161_to_160,season,co2_action,failure,raw,-6.361111111119477e-05
common_7,F47_161_to_160,season,co2_action,failure,smooth,-4.568882939315344e-05
common_7,F47_161_to_160,season,co2_action,failure,high_support,-6.097502891933004e-05
common_7,F47_161_to_160,season,fog,control,raw,-0.00020041666666703595
common_7,F47_161_to_160,season,fog,control,smooth,-0.00012531198709531122
common_7,F47_161_to_160,season,fog,control,high_support,0.0
common_7,F47_161_to_160,season,fog,failure,raw,-0.00012458333333320581
common_7,F47_161_to_160,season,fog,failure,smooth,-8.494358284227843e-05
common_7,F47_161_to_160,season,fog,failure,high_support,2.220446049250313e-16
common_7,F47_161_to_160,temperature,humidity,control,raw,0.022449791666666385
common_7,F47_161_to_160,temperature,humidity,control,smooth,0.022284077042440953
common_7,F47_161_to_160,temperature,humidity,control,high_support,0.018303043305946662
common_7,F47_161_to_160,temperature,humidity,failure,raw,0.01724131944444407
common_7,F47_161_to_160,temperature,humidity,failure,smooth,0.01827754566092432
common_7,F47_161_to_160,temperature,humidity,failure,high_support,0.013582094928514366
common_7,F47_161_to_160,temperature,co2_sensor,control,raw,-0.047442500000000165
common_7,F47_161_to_160,temperature,co2_sensor,control,smooth,-0.054085416963910116
common_7,F47_161_to_160,temperature,co2_sensor,control,high_support,-0.031654373688747545
common_7,F47_161_to_160,temperature,co2_sensor,failure,raw,-0.05608354166666585
common_7,F47_161_to_160,temperature,co2_sensor,failure,smooth,-0.06087582806313896
common_7,F47_161_to_160,temperature,co2_sensor,failure,high_support,-0.09763021327461835
common_7,F47_161_to_160,temperature,ventilation,control,raw,-0.00012020833333359349
common_7,F47_161_to_160,temperature,ventilation,control,smooth,-1.9601345109920842e-05
common_7,F47_161_to_160,temperature,ventilation,control,high_support,1.135867053939088e-05
common_7,F47_161_to_160,temperature,ventilation,failure,raw,0.0003485416666664243
common_7,F47_161_to_160,temperature,ventilation,failure,smooth,0.0002650598391971126
common_7,F47_161_to_160,temperature,ventilation,failure,high_support,9.872559970180994e-05
common_7,F47_161_to_160,temperature,heating,control,raw,-0.01635145833333329
common_7,F47_161_to_160,temperature,heating,control,smooth,-0.023588739604927578
common_7,F47_161_to_160,temperature,heating,control,high_support,0.01415000044300005
common_7,F47_161_to_160,temperature,heating,failure,raw,0.03449520833333364
common_7,F47_161_to_160,temperature,heating,failure,smooth,0.034201437518225575
common_7,F47_161_to_160,temperature,heating,failure,high_support,0.01986217924534056
common_7,F47_161_to_160,temperature,curtains,control,raw,-0.00036993055555578636
common_7,F47_161_to_160,temperature,curtains,control,smooth,-0.0004759431476383247
common_7,F47_161_to_160,temperature,curtains,control,high_support,6.938893903907228e-18
common_7,F47_161_to_160,temperature,curtains,failure,raw,0.000370763888888348
common_7,F47_161_to_160,temperature,curtains,failure,smooth,0.00034840343175690514
common_7,F47_161_to_160,temperature,curtains,failure,high_support,0.00011548044720244288
common_7,F47_161_to_160,temperature,co2_action,control,raw,-0.00019625000000023096
common_7,F47_161_to_160,temperature,co2_action,control,smooth,-0.00019909895082770301
common_7,F47_161_to_160,temperature,co2_action,control,high_support,0.0004395297945598564
common_7,F47_161_to_160,temperature,co2_action,failure,raw,2.090277777733185e-05
common_7,F47_161_to_160,temperature,co2_action,failure,smooth,-2.4533312044994204e-05
common_7,F47_161_to_160,temperature,co2_action,failure,high_support,-8.457977207942946e-06
common_7,F47_161_to_160,temperature,fog,control,raw,-6.402777777769764e-05
common_7,F47_161_to_160,temperature,fog,control,smooth,-1.8171356080287637e-05
common_7,F47_161_to_160,temperature,fog,control,high_support,5.9718409337883305e-06
common_7,F47_161_to_160,temperature,fog,failure,raw,0.0010509027777778623
common_7,F47_161_to_160,temperature,fog,failure,smooth,0.0006940252201497188
common_7,F47_161_to_160,temperature,fog,failure,high_support,0.0016862424779064966
common_7,F47_161_to_160,humidity,co2_sensor,control,raw,-0.0369256944444446
common_7,F47_161_to_160,humidity,co2_sensor,control,smooth,-0.0394329924580763
common_7,F47_161_to_160,humidity,co2_sensor,control,high_support,-0.004055411152927346
common_7,F47_161_to_160,humidity,co2_sensor,failure,raw,-0.10073423611111143
common_7,F47_161_to_160,humidity,co2_sensor,failure,smooth,-0.1204554216241841
common_7,F47_161_to_160,humidity,co2_sensor,failure,high_support,-0.1055535343005787
common_7,F47_161_to_160,humidity,ventilation,control,raw,-0.0003405555555558992
common_7,F47_161_to_160,humidity,ventilation,control,smooth,-0.00017008268117257863
common_7,F47_161_to_160,humidity,ventilation,control,high_support,0.00020147718866054404
common_7,F47_161_to_160,humidity,ventilation,failure,raw,-0.0004803472222223437
common_7,F47_161_to_160,humidity,ventilation,failure,smooth,-0.0002733023688461511
common_7,F47_161_to_160,humidity,ventilation,failure,high_support,-0.001161761514907711
common_7,F47_161_to_160,humidity,heating,control,raw,0.05110562500000071
common_7,F47_161_to_160,humidity,heating,control,smooth,0.07175585589825739
common_7,F47_161_to_160,humidity,heating,control,high_support,0.09410969297638956
common_7,F47_161_to_160,humidity,heating,failure,raw,0.0487734722222215
common_7,F47_161_to_160,humidity,heating,failure,smooth,0.057318107338884206
common_7,F47_161_to_160,humidity,heating,failure,high_support,0.06689447442957736
common_7,F47_161_to_160,humidity,curtains,control,raw,-0.0003346527777779995
common_7,F47_161_to_160,humidity,curtains,control,smooth,-0.00023559649304905061
common_7,F47_161_to_160,humidity,curtains,control,high_support,7.508922843272453e-05
common_7,F47_161_to_160,humidity,curtains,failure,raw,-0.0007546527777779755
common_7,F47_161_to_160,humidity,curtains,failure,smooth,-0.0005575572131419904
common_7,F47_161_to_160,humidity,curtains,failure,high_support,0.0004474163975057288
common_7,F47_161_to_160,humidity,co2_action,control,raw,0.00034215277777749353
common_7,F47_161_to_160,humidity,co2_action,control,smooth,0.0002460195940012788
common_7,F47_161_to_160,humidity,co2_action,control,high_support,0.00011905653932010873
common_7,F47_161_to_160,humidity,co2_action,failure,raw,5.270833333304026e-05
common_7,F47_161_to_160,humidity,co2_action,failure,smooth,6.93926303336756e-05
common_7,F47_161_to_160,humidity,co2_action,failure,high_support,7.173105530033919e-05
common_7,F47_161_to_160,humidity,fog,control,raw,-0.00028986111111151125
common_7,F47_161_to_160,humidity,fog,control,smooth,-0.00016710738014868998
common_7,F47_161_to_160,humidity,fog,control,high_support,2.4801587301531702e-06
common_7,F47_161_to_160,humidity,fog,failure,raw,0.0022925694444444478
common_7,F47_161_to_160,humidity,fog,failure,smooth,0.0014600963596782535
common_7,F47_161_to_160,humidity,fog,failure,high_support,-0.00043178041068109296
common_7,F47_161_to_160,co2_sensor,ventilation,control,raw,-0.006008125000000586
common_7,F47_161_to_160,co2_sensor,ventilation,control,smooth,-0.004112768736512229
common_7,F47_161_to_160,co2_sensor,ventilation,control,high_support,-0.0006662667591085109
common_7,F47_161_to_160,co2_sensor,ventilation,failure,raw,-0.0030419444444445
common_7,F47_161_to_160,co2_sensor,ventilation,failure,smooth,-0.0020322235469666383
common_7,F47_161_to_160,co2_sensor,ventilation,failure,high_support,0.0009888230879128712
common_7,F47_161_to_160,co2_sensor,heating,control,raw,-0.076163125
common_7,F47_161_to_160,co2_sensor,heating,control,smooth,-0.09056298233447979
common_7,F47_161_to_160,co2_sensor,heating,control,high_support,0.13327689860332426
common_7,F47_161_to_160,co2_sensor,heating,failure,raw,-0.07947993055555536
common_7,F47_161_to_160,co2_sensor,heating,failure,smooth,-0.10577528925746882
common_7,F47_161_to_160,co2_sensor,heating,failure,high_support,0.04578939537215668
common_7,F47_161_to_160,co2_sensor,curtains,control,raw,-0.0007468750000004798
common_7,F47_161_to_160,co2_sensor,curtains,control,smooth,-0.0009433602401056618
common_7,F47_161_to_160,co2_sensor,curtains,control,high_support,-0.0005016319375679354
common_7,F47_161_to_160,co2_sensor,curtains,failure,raw,0.00025923611111111633
common_7,F47_161_to_160,co2_sensor,curtains,failure,smooth,0.00027930032277034833
common_7,F47_161_to_160,co2_sensor,curtains,failure,high_support,0.0001297021785662822
common_7,F47_161_to_160,co2_sensor,co2_action,control,raw,0.002936874999999617
common_7,F47_161_to_160,co2_sensor,co2_action,control,smooth,0.0022222593690340853
common_7,F47_161_to_160,co2_sensor,co2_action,control,high_support,0.0009409571101735015
common_7,F47_161_to_160,co2_sensor,co2_action,failure,raw,0.0014852777777775161
common_7,F47_161_to_160,co2_sensor,co2_action,failure,smooth,0.0010557598308796878
common_7,F47_161_to_160,co2_sensor,co2_action,failure,high_support,0.0005927677163942713
common_7,F47_161_to_160,co2_sensor,fog,control,raw,-0.0006734722222224709
common_7,F47_161_to_160,co2_sensor,fog,control,smooth,-0.0005260352309049976
common_7,F47_161_to_160,co2_sensor,fog,control,high_support,-0.002576193382794828
common_7,F47_161_to_160,co2_sensor,fog,failure,raw,-0.0036454166666666232
common_7,F47_161_to_160,co2_sensor,fog,failure,smooth,-0.0025309828827406733
common_7,F47_161_to_160,co2_sensor,fog,failure,high_support,-0.00484968267151209
common_7,F47_161_to_160,ventilation,heating,control,raw,0.0014900694444439644
common_7,F47_161_to_160,ventilation,heating,control,smooth,0.0008539920781264199
common_7,F47_161_to_160,ventilation,heating,control,high_support,-5.42128860984703e-05
common_7,F47_161_to_160,ventilation,heating,failure,raw,0.0018757638888888817
common_7,F47_161_to_160,ventilation,heating,failure,smooth,0.0011918860041713053
common_7,F47_161_to_160,ventilation,heating,failure,high_support,-5.4366040051712083e-05
common_7,F47_161_to_160,ventilation,curtains,control,raw,0.0003688194444443349
common_7,F47_161_to_160,ventilation,curtains,control,smooth,0.00028004902748091087
common_7,F47_161_to_160,ventilation,curtains,control,high_support,0.00025322265935032173
common_7,F47_161_to_160,ventilation,curtains,failure,raw,-0.00022472222222225113
common_7,F47_161_to_160,ventilation,curtains,failure,smooth,-0.0001516022492358271
common_7,F47_161_to_160,ventilation,curtains,failure,high_support,-0.00010155146434986939
common_7,F47_161_to_160,ventilation,co2_action,control,raw,0.00032361111111078866
common_7,F47_161_to_160,ventilation,co2_action,control,smooth,0.0003563605025375116
common_7,F47_161_to_160,ventilation,co2_action,control,high_support,0.00021614292271215918
common_7,F47_161_to_160,ventilation,co2_action,failure,raw,-0.00013069444444480105
common_7,F47_161_to_160,ventilation,co2_action,failure,smooth,-1.6298697782746174e-05
common_7,F47_161_to_160,ventilation,co2_action,failure,high_support,-1.3492549797766706e-05
common_7,F47_161_to_160,ventilation,fog,control,raw,-0.0024579166666669483
common_7,F47_161_to_160,ventilation,fog,control,smooth,-0.0015616398375095653
common_7,F47_161_to_160,ventilation,fog,control,high_support,-0.0008606225345508325
common_7,F47_161_to_160,ventilation,fog,failure,raw,-0.00220750000000014
common_7,F47_161_to_160,ventilation,fog,failure,smooth,-0.0014685477060245589
common_7,F47_161_to_160,ventilation,fog,failure,high_support,-0.00032099370498350766
common_7,F47_161_to_160,heating,curtains,control,raw,0.0002706944444441639
common_7,F47_161_to_160,heating,curtains,control,smooth,0.0002697873102970316
common_7,F47_161_to_160,heating,curtains,control,high_support,-3.447333916082457e-05
common_7,F47_161_to_160,heating,curtains,failure,raw,0.00040819444444428754
common_7,F47_161_to_160,heating,curtains,failure,smooth,0.0004314844811847962
common_7,F47_161_to_160,heating,curtains,failure,high_support,-0.0001504939408584205
common_7,F47_161_to_160,heating,co2_action,control,raw,0.0009441666666665238
common_7,F47_161_to_160,heating,co2_action,control,smooth,0.0005215303200376553
common_7,F47_161_to_160,heating,co2_action,control,high_support,0.00043597078364439323
common_7,F47_161_to_160,heating,co2_action,failure,raw,-0.0006797916666669845
common_7,F47_161_to_160,heating,co2_action,failure,smooth,-0.0004613108251498854
common_7,F47_161_to_160,heating,co2_action,failure,high_support,-3.7462902043261526e-05
common_7,F47_161_to_160,heating,fog,control,raw,0.006964861111111276
common_7,F47_161_to_160,heating,fog,control,smooth,0.004634373598817798
common_7,F47_161_to_160,heating,fog,control,high_support,0.009990807996664838
common_7,F47_161_to_160,heating,fog,failure,raw,0.00622916666666673
common_7,F47_161_to_160,heating,fog,failure,smooth,0.004014539158654795
common_7,F47_161_to_160,heating,fog,failure,high_support,0.0074731536663733555
common_7,F47_161_to_160,curtains,co2_action,control,raw,0.00024951388888860837
common_7,F47_161_to_160,curtains,co2_action,control,smooth,0.0001640480165324698
common_7,F47_161_to_160,curtains,co2_action,control,high_support,0.0002982093906881561
common_7,F47_161_to_160,curtains,co2_action,failure,raw,0.00039319444444418927
common_7,F47_161_to_160,curtains,co2_action,failure,smooth,0.00030845363467579823
common_7,F47_161_to_160,curtains,co2_action,failure,high_support,0.0006121383950954407
common_7,F47_161_to_160,curtains,fog,control,raw,-6.604166666690503e-05
common_7,F47_161_to_160,curtains,fog,control,smooth,-3.728601474584092e-05
common_7,F47_161_to_160,curtains,fog,control,high_support,9.906105448086872e-05
common_7,F47_161_to_160,curtains,fog,failure,raw,0.0004970138888891196
common_7,F47_161_to_160,curtains,fog,failure,smooth,0.0003106119587634737
common_7,F47_161_to_160,curtains,fog,failure,high_support,0.00040584097180873524
common_7,F47_161_to_160,co2_action,fog,control,raw,-0.0004970138888892306
common_7,F47_161_to_160,co2_action,fog,control,smooth,-0.0003080787713538591
common_7,F47_161_to_160,co2_action,fog,control,high_support,-0.0002819437661929214
common_7,F47_161_to_160,co2_action,fog,failure,raw,-0.0013006250000002773
common_7,F47_161_to_160,co2_action,fog,failure,smooth,-0.0008493960453757055
common_7,F47_161_to_160,co2_action,fog,failure,high_support,-0.0012337031968917556
common_101,F47_161_to_165,season,temperature,control,raw,7.73611111115069e-05
common_101,F47_161_to_165,season,temperature,control,smooth,-0.00013190433514509436
common_101,F47_161_to_165,season,temperature,control,high_support,0.0
common_101,F47_161_to_165,season,temperature,failure,raw,0.009899305555556515
common_101,F47_161_to_165,season,temperature,failure,smooth,0.00933085154241664
common_101,F47_161_to_165,season,temperature,failure,high_support,0.011396300044700158
common_101,F47_161_to_165,season,humidity,control,raw,-0.001704027777777839
common_101,F47_161_to_165,season,humidity,control,smooth,-0.0021930307044423225
common_101,F47_161_to_165,season,humidity,control,high_support,0.0
common_101,F47_161_to_165,season,humidity,failure,raw,0.0034431944444450746
common_101,F47_161_to_165,season,humidity,failure,smooth,0.004398460093299361
common_101,F47_161_to_165,season,humidity,failure,high_support,0.00580789559603706
common_101,F47_161_to_165,season,co2_sensor,control,raw,-0.000967013888888868
common_101,F47_161_to_165,season,co2_sensor,control,smooth,-0.000870627643287436
common_101,F47_161_to_165,season,co2_sensor,control,high_support,-0.00019666139265324032
common_101,F47_161_to_165,season,co2_sensor,failure,raw,0.0029259027777782665
common_101,F47_161_to_165,season,co2_sensor,failure,smooth,0.002390294781091762
common_101,F47_161_to_165,season,co2_sensor,failure,high_support,-0.004876697519400008
common_101,F47_161_to_165,season,ventilation,control,raw,0.0005953472222220424
common_101,F47_161_to_165,season,ventilation,control,smooth,0.0004439950566946238
common_101,F47_161_to_165,season,ventilation,control,high_support,0.0
common_101,F47_161_to_165,season,ventilation,failure,raw,0.0022011805555559594
common_101,F47_161_to_165,season,ventilation,failure,smooth,0.0014151672025473072
common_101,F47_161_to_165,season,ventilation,failure,high_support,0.002704481264195424
common_101,F47_161_to_165,season,heating,control,raw,-0.03187944444444424
common_101,F47_161_to_165,season,heating,control,smooth,-0.03048095278259083
common_101,F47_161_to_165,season,heating,control,high_support,-0.023632785967740197
common_101,F47_161_to_165,season,heating,failure,raw,-0.014665972222221768
common_101,F47_161_to_165,season,heating,failure,smooth,-0.01393811345310314
common_101,F47_161_to_165,season,heating,failure,high_support,0.005851946549785214
common_101,F47_161_to_165,season,curtains,control,raw,-0.006030069444443786
common_101,F47_161_to_165,season,curtains,control,smooth,-0.007227620821707914
common_101,F47_161_to_165,season,curtains,control,high_support,-0.0003264252436156179
common_101,F47_161_to_165,season,curtains,failure,raw,0.0009456944444450333
common_101,F47_161_to_165,season,curtains,failure,smooth,0.0018611850940359886
common_101,F47_161_to_165,season,curtains,failure,high_support,-0.0002220259725830287
common_101,F47_161_to_165,season,co2_action,control,raw,-0.0004209027777777319
common_101,F47_161_to_165,season,co2_action,control,smooth,-0.0003562829700394232
common_101,F47_161_to_165,season,co2_action,control,high_support,0.0
common_101,F47_161_to_165,season,co2_action,failure,raw,-0.0011951388888882253
common_101,F47_161_to_165,season,co2_action,failure,smooth,-0.0007341584676130442
common_101,F47_161_to_165,season,co2_action,failure,high_support,0.00012015363547623892
common_101,F47_161_to_165,season,fan,control,raw,0.021727500000000344
common_101,F47_161_to_165,season,fan,control,smooth,0.024351770405091233
common_101,F47_161_to_165,season,fan,control,high_support,0.018536597643335845
common_101,F47_161_to_165,season,fan,failure,raw,0.039638333333333664
common_101,F47_161_to_165,season,fan,failure,smooth,0.041421036954909396
common_101,F47_161_to_165,season,fan,failure,high_support,0.0733176440994947
common_101,F47_161_to_165,season,fog,control,raw,-0.00015347222222222845
common_101,F47_161_to_165,season,fog,control,smooth,-0.0001041306572343581
common_101,F47_161_to_165,season,fog,control,high_support,0.0
common_101,F47_161_to_165,season,fog,failure,raw,-0.0005032638888886609
common_101,F47_161_to_165,season,fog,failure,smooth,-0.0003295064174801965
common_101,F47_161_to_165,season,fog,failure,high_support,2.220446049250313e-16
common_101,F47_161_to_165,temperature,humidity,control,raw,-8.784722222204833e-05
common_101,F47_161_to_165,temperature,humidity,control,smooth,-0.0002774791212071803
common_101,F47_161_to_165,temperature,humidity,control,high_support,0.0
common_101,F47_161_to_165,temperature,humidity,failure,raw,0.03003118055555576
common_101,F47_161_to_165,temperature,humidity,failure,smooth,0.03247020862621297
common_101,F47_161_to_165,temperature,humidity,failure,high_support,0.03897878269459798
common_101,F47_161_to_165,temperature,co2_sensor,control,raw,-0.0002868749999998532
common_101,F47_161_to_165,temperature,co2_sensor,control,smooth,-0.0010436082042369343
common_101,F47_161_to_165,temperature,co2_sensor,control,high_support,-0.00013173541137397613
common_101,F47_161_to_165,temperature,co2_sensor,failure,raw,-0.05214159722222145
common_101,F47_161_to_165,temperature,co2_sensor,failure,smooth,-0.058144154002997994
common_101,F47_161_to_165,temperature,co2_sensor,failure,high_support,-0.055744484761698465
common_101,F47_161_to_165,temperature,ventilation,control,raw,-0.0011284722222221766
common_101,F47_161_to_165,temperature,ventilation,control,smooth,-0.0008039732172810954
common_101,F47_161_to_165,temperature,ventilation,control,high_support,-0.0006781284986856762
common_101,F47_161_to_165,temperature,ventilation,failure,raw,-0.012519027777777358
common_101,F47_161_to_165,temperature,ventilation,failure,smooth,-0.008906075404343738
common_101,F47_161_to_165,temperature,ventilation,failure,high_support,0.0012874099219585267
common_101,F47_161_to_165,temperature,heating,control,raw,-0.0030318055555553225
common_101,F47_161_to_165,temperature,heating,control,smooth,-0.0036111066443770268
common_101,F47_161_to_165,temperature,heating,control,high_support,0.02752808295560652
common_101,F47_161_to_165,temperature,heating,failure,raw,0.1625481250000016
common_101,F47_161_to_165,temperature,heating,failure,smooth,0.17544907337021654
common_101,F47_161_to_165,temperature,heating,failure,high_support,0.10353954140622479
common_101,F47_161_to_165,temperature,curtains,control,raw,-0.0036055555555550844
common_101,F47_161_to_165,temperature,curtains,control,smooth,-0.005180521059842125
common_101,F47_161_to_165,temperature,curtains,control,high_support,5.541057022985258e-05
common_101,F47_161_to_165,temperature,curtains,failure,raw,0.004924861111111456
common_101,F47_161_to_165,temperature,curtains,failure,smooth,0.0021439659204964823
common_101,F47_161_to_165,temperature,curtains,failure,high_support,0.006140323427142214
common_101,F47_161_to_165,temperature,co2_action,control,raw,0.002859722222222305
common_101,F47_161_to_165,temperature,co2_action,control,smooth,0.0018243230659370502
common_101,F47_161_to_165,temperature,co2_action,control,high_support,0.0007600505392802003
common_101,F47_161_to_165,temperature,co2_action,failure,raw,0.02032888888888973
common_101,F47_161_to_165,temperature,co2_action,failure,smooth,0.015437239940960357
common_101,F47_161_to_165,temperature,co2_action,failure,high_support,0.001054657819618443
common_101,F47_161_to_165,temperature,fan,control,raw,-0.2367679861111115
common_101,F47_161_to_165,temperature,fan,control,smooth,-0.2518555397750329
common_101,F47_161_to_165,temperature,fan,control,high_support,-0.12328158219715157
common_101,F47_161_to_165,temperature,fan,failure,raw,-0.11061069444444338
common_101,F47_161_to_165,temperature,fan,failure,smooth,-0.1203600085856904
common_101,F47_161_to_165,temperature,fan,failure,high_support,-0.024491697115996525
common_101,F47_161_to_165,temperature,fog,control,raw,0.00044277777777790295
common_101,F47_161_to_165,temperature,fog,control,smooth,0.0002751022829555194
common_101,F47_161_to_165,temperature,fog,control,high_support,-4.336808689942018e-19
common_101,F47_161_to_165,temperature,fog,failure,raw,-0.000680972222222076
common_101,F47_161_to_165,temperature,fog,failure,smooth,-0.00042916775714108013
common_101,F47_161_to_165,temperature,fog,failure,high_support,0.000292736420864359
common_101,F47_161_to_165,humidity,co2_sensor,control,raw,-0.0010753472222223004
common_101,F47_161_to_165,humidity,co2_sensor,control,smooth,-0.0021940445465659653
common_101,F47_161_to_165,humidity,co2_sensor,control,high_support,-0.0011168013571327441
common_101,F47_161_to_165,humidity,co2_sensor,failure,raw,-0.1177474305555557
common_101,F47_161_to_165,humidity,co2_sensor,failure,smooth,-0.136559833461792
common_101,F47_161_to_165,humidity,co2_sensor,failure,high_support,-0.10261336087166859
common_101,F47_161_to_165,humidity,ventilation,control,raw,0.0016743750000001167
common_101,F47_161_to_165,humidity,ventilation,control,smooth,0.001076208017383895
common_101,F47_161_to_165,humidity,ventilation,control,high_support,0.000751004483017014
common_101,F47_161_to_165,humidity,ventilation,failure,raw,-0.0007118055555557223
common_101,F47_161_to_165,humidity,ventilation,failure,smooth,-0.0005212695040950344
common_101,F47_161_to_165,humidity,ventilation,failure,high_support,0.0030802675741381513
common_101,F47_161_to_165,humidity,heating,control,raw,-0.005552083333333402
common_101,F47_161_to_165,humidity,heating,control,smooth,-0.005938353557648213
common_101,F47_161_to_165,humidity,heating,control,high_support,-0.00204337096887372
common_101,F47_161_to_165,humidity,heating,failure,raw,0.035175486111110654
common_101,F47_161_to_165,humidity,heating,failure,smooth,0.042156734798940665
common_101,F47_161_to_165,humidity,heating,failure,high_support,0.05551008742159491
common_101,F47_161_to_165,humidity,curtains,control,raw,-0.004263680555555482
common_101,F47_161_to_165,humidity,curtains,control,smooth,-0.004058169302009862
common_101,F47_161_to_165,humidity,curtains,control,high_support,-0.0003264252436156179
common_101,F47_161_to_165,humidity,curtains,failure,raw,-0.0031990277777778076
common_101,F47_161_to_165,humidity,curtains,failure,smooth,-0.0012666547259831962
common_101,F47_161_to_165,humidity,curtains,failure,high_support,0.00012580352670110706
common_101,F47_161_to_165,humidity,co2_action,control,raw,0.000146041666666763
common_101,F47_161_to_165,humidity,co2_action,control,smooth,9.382033359023323e-05
common_101,F47_161_to_165,humidity,co2_action,control,high_support,-0.0010428111410790836
common_101,F47_161_to_165,humidity,co2_action,failure,raw,0.004130555555555526
common_101,F47_161_to_165,humidity,co2_action,failure,smooth,0.0031819524805647426
common_101,F47_161_to_165,humidity,co2_action,failure,high_support,-0.0048497376019178695
common_101,F47_161_to_165,humidity,fan,control,raw,0.00825868055555512
common_101,F47_161_to_165,humidity,fan,control,smooth,0.003698962186253929
common_101,F47_161_to_165,humidity,fan,control,high_support,0.0037348807144221285
common_101,F47_161_to_165,humidity,fan,failure,raw,0.026971319444444086
common_101,F47_161_to_165,humidity,fan,failure,smooth,0.03202975232810468
common_101,F47_161_to_165,humidity,fan,failure,high_support,0.0665068964585041
common_101,F47_161_to_165,humidity,fog,control,raw,-8.645833333331687e-05
common_101,F47_161_to_165,humidity,fog,control,smooth,-4.4985017258913906e-05
common_101,F47_161_to_165,humidity,fog,control,high_support,0.0
common_101,F47_161_to_165,humidity,fog,failure,raw,0.00038951388888897043
common_101,F47_161_to_165,humidity,fog,failure,smooth,0.0002672788774789048
common_101,F47_161_to_165,humidity,fog,failure,high_support,0.0008401178203694126
common_101,F47_161_to_165,co2_sensor,ventilation,control,raw,0.00531833333333348
common_101,F47_161_to_165,co2_sensor,ventilation,control,smooth,0.003526059648159552
common_101,F47_161_to_165,co2_sensor,ventilation,control,high_support,0.0012654533388623398
common_101,F47_161_to_165,co2_sensor,ventilation,failure,raw,0.028586249999999813
common_101,F47_161_to_165,co2_sensor,ventilation,failure,smooth,0.019232357862952743
common_101,F47_161_to_165,co2_sensor,ventilation,failure,high_support,0.016378959201907572
common_101,F47_161_to_165,co2_sensor,heating,control,raw,0.014457847222221987
common_101,F47_161_to_165,co2_sensor,heating,control,smooth,0.013269054063678398
common_101,F47_161_to_165,co2_sensor,heating,control,high_support,-0.0016575809059621166
common_101,F47_161_to_165,co2_sensor,heating,failure,raw,-0.03893493055555497
common_101,F47_161_to_165,co2_sensor,heating,failure,smooth,-0.056279318945041346
common_101,F47_161_to_165,co2_sensor,heating,failure,high_support,0.046969752150994803
common_101,F47_161_to_165,co2_sensor,curtains,control,raw,0.0013529166666667591
common_101,F47_161_to_165,co2_sensor,curtains,control,smooth,0.0020540608601162247
common_101,F47_161_to_165,co2_sensor,curtains,control,high_support,5.2930411499694206e-05
common_101,F47_161_to_165,co2_sensor,curtains,failure,raw,0.008105416666666532
common_101,F47_161_to_165,co2_sensor,curtains,failure,smooth,0.004629705318203503
common_101,F47_161_to_165,co2_sensor,curtains,failure,high_support,0.002015217142858572
common_101,F47_161_to_165,co2_sensor,co2_action,control,raw,0.004783055555555582
common_101,F47_161_to_165,co2_sensor,co2_action,control,smooth,0.00355293505651616
common_101,F47_161_to_165,co2_sensor,co2_action,control,high_support,0.0009220462431139848
common_101,F47_161_to_165,co2_sensor,co2_action,failure,raw,-0.006951111111110797
common_101,F47_161_to_165,co2_sensor,co2_action,failure,smooth,-0.004849859056258787
common_101,F47_161_to_165,co2_sensor,co2_action,failure,high_support,-0.0011232197126771482
common_101,F47_161_to_165,co2_sensor,fan,control,raw,0.3375926388888867
common_101,F47_161_to_165,co2_sensor,fan,control,smooth,0.36330604373506975
common_101,F47_161_to_165,co2_sensor,fan,control,high_support,0.1695327722428242
common_101,F47_161_to_165,co2_sensor,fan,failure,raw,0.1836811805555557
common_101,F47_161_to_165,co2_sensor,fan,failure,smooth,0.17688395349214325
common_101,F47_161_to_165,co2_sensor,fan,failure,high_support,0.1987029619305523
common_101,F47_161_to_165,co2_sensor,fog,control,raw,0.00031569444444456973
common_101,F47_161_to_165,co2_sensor,fog,control,smooth,0.0001995335911962881
common_101,F47_161_to_165,co2_sensor,fog,control,high_support,0.0
common_101,F47_161_to_165,co2_sensor,fog,failure,raw,0.0018287500000001566
common_101,F47_161_to_165,co2_sensor,fog,failure,smooth,0.0011670713145408573
common_101,F47_161_to_165,co2_sensor,fog,failure,high_support,0.0015232204802521077
common_101,F47_161_to_165,ventilation,heating,control,raw,-0.00955319444444408
common_101,F47_161_to_165,ventilation,heating,control,smooth,-0.008857037114994248
common_101,F47_161_to_165,ventilation,heating,control,high_support,-0.007026238374361518
common_101,F47_161_to_165,ventilation,heating,failure,raw,-0.0010077083333337455
common_101,F47_161_to_165,ventilation,heating,failure,smooth,-0.000590896158829457
common_101,F47_161_to_165,ventilation,heating,failure,high_support,0.013071954048299528
common_101,F47_161_to_165,ventilation,curtains,control,raw,-0.005943194444444078
common_101,F47_161_to_165,ventilation,curtains,control,smooth,-0.004181597570529105
common_101,F47_161_to_165,ventilation,curtains,control,high_support,-0.0014227963124529438
common_101,F47_161_to_165,ventilation,curtains,failure,raw,0.0010379861111109445
common_101,F47_161_to_165,ventilation,curtains,failure,smooth,0.0006783598432664739
common_101,F47_161_to_165,ventilation,curtains,failure,high_support,0.0035006355910519593
common_101,F47_161_to_165,ventilation,co2_action,control,raw,0.013183888888888995
common_101,F47_161_to_165,ventilation,co2_action,control,smooth,0.008335127411900567
common_101,F47_161_to_165,ventilation,co2_action,control,high_support,0.0038128455258229985
common_101,F47_161_to_165,ventilation,co2_action,failure,raw,-0.008090347222222238
common_101,F47_161_to_165,ventilation,co2_action,failure,smooth,-0.005178838456497026
common_101,F47_161_to_165,ventilation,co2_action,failure,high_support,-0.003441508254067749
common_101,F47_161_to_165,ventilation,fan,control,raw,0.04731583333333367
common_101,F47_161_to_165,ventilation,fan,control,smooth,0.030876477699499028
common_101,F47_161_to_165,ventilation,fan,control,high_support,0.012339721456583103
common_101,F47_161_to_165,ventilation,fan,failure,raw,0.04214840277777776
common_101,F47_161_to_165,ventilation,fan,failure,smooth,0.029567014589447216
common_101,F47_161_to_165,ventilation,fan,failure,high_support,0.03490025923581669
common_101,F47_161_to_165,ventilation,fog,control,raw,-0.0015340972222221416
common_101,F47_161_to_165,ventilation,fog,control,smooth,-0.0010290283104750775
common_101,F47_161_to_165,ventilation,fog,control,high_support,-0.0005478707762893891
common_101,F47_161_to_165,ventilation,fog,failure,raw,-0.00334069444444407
common_101,F47_161_to_165,ventilation,fog,failure,smooth,-0.0020470877267100285
common_101,F47_161_to_165,ventilation,fog,failure,high_support,-0.0013625758803035293
common_101,F47_161_to_165,heating,curtains,control,raw,0.04212138888888861
common_101,F47_161_to_165,heating,curtains,control,smooth,0.03744488475886898
common_101,F47_161_to_165,heating,curtains,control,high_support,0.006853035303029265
common_101,F47_161_to_165,heating,curtains,failure,raw,0.01610249999999991
common_101,F47_161_to_165,heating,curtains,failure,smooth,0.016586664573920773
common_101,F47_161_to_165,heating,curtains,failure,high_support,0.016533793021391352
common_101,F47_161_to_165,heating,co2_action,control,raw,-0.012242083333333431
common_101,F47_161_to_165,heating,co2_action,control,smooth,-0.008805459294368045
common_101,F47_161_to_165,heating,co2_action,control,high_support,-0.0009951616219463933
common_101,F47_161_to_165,heating,co2_action,failure,raw,0.001601875000000863
common_101,F47_161_to_165,heating,co2_action,failure,smooth,0.0006878557756624382
common_101,F47_161_to_165,heating,co2_action,failure,high_support,-0.00977740420778006
common_101,F47_161_to_165,heating,fan,control,raw,-0.3793129861111125
common_101,F47_161_to_165,heating,fan,control,smooth,-0.3692716869720231
common_101,F47_161_to_165,heating,fan,control,high_support,-0.07487622509644573
common_101,F47_161_to_165,heating,fan,failure,raw,-0.2766640972222218
common_101,F47_161_to_165,heating,fan,failure,smooth,-0.2651500398585235
common_101,F47_161_to_165,heating,fan,failure,high_support,0.14963522291486467
common_101,F47_161_to_165,heating,fog,control,raw,-0.007135624999999979
common_101,F47_161_to_165,heating,fog,control,smooth,-0.004662424677274679
common_101,F47_161_to_165,heating,fog,control,high_support,0.000977211073676528
common_101,F47_161_to_165,heating,fog,failure,raw,0.0030230555555557093
common_101,F47_161_to_165,heating,fog,failure,smooth,0.001882420500718185
common_101,F47_161_to_165,heating,fog,failure,high_support,-0.0006501718498084785
common_101,F47_161_to_165,curtains,co2_action,control,raw,0.005211388888888946
common_101,F47_161_to_165,curtains,co2_action,control,smooth,0.004058046362462764
common_101,F47_161_to_165,curtains,co2_action,control,high_support,0.002819563343503872
common_101,F47_161_to_165,curtains,co2_action,failure,raw,0.0008874305555555129
common_101,F47_161_to_165,curtains,co2_action,failure,smooth,0.0004181137998953144
common_101,F47_161_to_165,curtains,co2_action,failure,high_support,-0.00025525354943567446
common_101,F47_161_to_165,curtains,fan,control,raw,0.01617326388888851
common_101,F47_161_to_165,curtains,fan,control,smooth,0.02656404275479113
common_101,F47_161_to_165,curtains,fan,control,high_support,0.003831881507343038
common_101,F47_161_to_165,curtains,fan,failure,raw,-0.0074554861111113535
common_101,F47_161_to_165,curtains,fan,failure,smooth,0.003574327550400991
common_101,F47_161_to_165,curtains,fan,failure,high_support,0.016542973428914545
common_101,F47_161_to_165,curtains,fog,control,raw,-0.00010833333333315487
common_101,F47_161_to_165,curtains,fog,control,smooth,-8.880749551376521e-05
common_101,F47_161_to_165,curtains,fog,control,high_support,0.0
common_101,F47_161_to_165,curtains,fog,failure,raw,-0.00045611111111099056
common_101,F47_161_to_165,curtains,fog,failure,smooth,-0.00022810564548980672
common_101,F47_161_to_165,curtains,fog,failure,high_support,-0.00017345553546077586
common_101,F47_161_to_165,co2_action,fan,control,raw,-0.032409722222222936
common_101,F47_161_to_165,co2_action,fan,control,smooth,-0.025398427222291076
common_101,F47_161_to_165,co2_action,fan,control,high_support,-0.00862668758411983
common_101,F47_161_to_165,co2_action,fan,failure,raw,-0.02727680555555545
common_101,F47_161_to_165,co2_action,fan,failure,smooth,-0.021377272973004513
common_101,F47_161_to_165,co2_action,fan,failure,high_support,-0.023360217479704903
common_101,F47_161_to_165,co2_action,fog,control,raw,-0.005296180555555585
common_101,F47_161_to_165,co2_action,fog,control,smooth,-0.0035959033272224272
common_101,F47_161_to_165,co2_action,fog,control,high_support,-0.0025552018771294914
common_101,F47_161_to_165,co2_action,fog,failure,raw,-0.006028541666666554
common_101,F47_161_to_165,co2_action,fog,failure,smooth,-0.003907880350134674
common_101,F47_161_to_165,co2_action,fog,failure,high_support,-0.0035104938196740543
common_101,F47_161_to_165,fan,fog,control,raw,-0.013461319444444508
common_101,F47_161_to_165,fan,fog,control,smooth,-0.008888864362781967
common_101,F47_161_to_165,fan,fog,control,high_support,-0.0007622379249336711
common_101,F47_161_to_165,fan,fog,failure,raw,-0.007186249999999728
common_101,F47_161_to_165,fan,fog,failure,smooth,-0.004703071685112303
common_101,F47_161_to_165,fan,fog,failure,high_support,-0.0016745173745883052
common_101,F47_130_to_127,season,temperature,control,raw,-0.004193194444444215
common_101,F47_130_to_127,season,temperature,control,smooth,-0.003755652726843306
common_101,F47_130_to_127,season,temperature,control,high_support,-0.0015077100882522516
common_101,F47_130_to_127,season,temperature,failure,raw,-0.00989152777777813
common_101,F47_130_to_127,season,temperature,failure,smooth,-0.01067584592399251
common_101,F47_130_to_127,season,temperature,failure,high_support,0.0029500984012378884
common_101,F47_130_to_127,season,humidity,control,raw,0.0007395138888891539
common_101,F47_130_to_127,season,humidity,control,smooth,0.0005429770581339977
common_101,F47_130_to_127,season,humidity,control,high_support,-3.469446951953614e-18
common_101,F47_130_to_127,season,humidity,failure,raw,0.003689166666666188
common_101,F47_130_to_127,season,humidity,failure,smooth,0.003775239825119403
common_101,F47_130_to_127,season,humidity,failure,high_support,0.00010870974625140639
common_101,F47_130_to_127,season,co2_sensor,control,raw,0.0009113888888889754
common_101,F47_130_to_127,season,co2_sensor,control,smooth,0.0011725725477198523
common_101,F47_130_to_127,season,co2_sensor,control,high_support,0.00020659846915324978
common_101,F47_130_to_127,season,co2_sensor,failure,raw,0.010495694444443981
common_101,F47_130_to_127,season,co2_sensor,failure,smooth,0.012213357411396952
common_101,F47_130_to_127,season,co2_sensor,failure,high_support,0.00714954021254352
common_101,F47_130_to_127,season,ventilation,control,raw,0.003300625000000279
common_101,F47_130_to_127,season,ventilation,control,smooth,0.0021972276205548535
common_101,F47_130_to_127,season,ventilation,control,high_support,0.003486397943679661
common_101,F47_130_to_127,season,ventilation,failure,raw,0.015073402777777467
common_101,F47_130_to_127,season,ventilation,failure,smooth,0.009931040673008207
common_101,F47_130_to_127,season,ventilation,failure,high_support,0.005384527549014695
common_101,F47_130_to_127,season,heating,control,raw,-0.006529236111110781
common_101,F47_130_to_127,season,heating,control,smooth,-0.007554969038718995
common_101,F47_130_to_127,season,heating,control,high_support,-0.002585023005347225
common_101,F47_130_to_127,season,heating,failure,raw,-0.018047222222222437
common_101,F47_130_to_127,season,heating,failure,smooth,-0.019222041154138392
common_101,F47_130_to_127,season,heating,failure,high_support,-0.010432441195765807
common_101,F47_130_to_127,season,curtains,control,raw,0.00213687500000026
common_101,F47_130_to_127,season,curtains,control,smooth,0.0013378789837859006
common_101,F47_130_to_127,season,curtains,control,high_support,0.000954921971960343
common_101,F47_130_to_127,season,curtains,failure,raw,0.000990763888888302
common_101,F47_130_to_127,season,curtains,failure,smooth,0.0006741285813596232
common_101,F47_130_to_127,season,curtains,failure,high_support,0.0006082907566256901
common_101,F47_130_to_127,season,co2_action,control,raw,-0.0005075694444443002
common_101,F47_130_to_127,season,co2_action,control,smooth,-0.00014043764210758258
common_101,F47_130_to_127,season,co2_action,control,high_support,0.0003711363807886829
common_101,F47_130_to_127,season,co2_action,failure,raw,-0.0012443750000002973
common_101,F47_130_to_127,season,co2_action,failure,smooth,-0.0010619144187924423
common_101,F47_130_to_127,season,co2_action,failure,high_support,-0.00038947361088842447
common_101,F47_130_to_127,season,fan,control,raw,0.1645720138888891
common_101,F47_130_to_127,season,fan,control,smooth,0.17800704062577466
common_101,F47_130_to_127,season,fan,control,high_support,0.1034817429753431
common_101,F47_130_to_127,season,fan,failure,raw,0.164830069444444
common_101,F47_130_to_127,season,fan,failure,smooth,0.17642715691609578
common_101,F47_130_to_127,season,fan,failure,high_support,0.10664720477613306
common_101,F47_130_to_127,season,fog,control,raw,0.0070870833333335215
common_101,F47_130_to_127,season,fog,control,smooth,0.004634427134525998
common_101,F47_130_to_127,season,fog,control,high_support,0.0011835198464294032
common_101,F47_130_to_127,season,fog,failure,raw,0.0050018750000001555
common_101,F47_130_to_127,season,fog,failure,smooth,0.003246728160083645
common_101,F47_130_to_127,season,fog,failure,high_support,0.0010410472729298903
common_101,F47_130_to_127,temperature,humidity,control,raw,0.0004010416666667682
common_101,F47_130_to_127,temperature,humidity,control,smooth,0.0004890449026975219
common_101,F47_130_to_127,temperature,humidity,control,high_support,2.964930786011552e-05
common_101,F47_130_to_127,temperature,humidity,failure,raw,0.005197499999999966
common_101,F47_130_to_127,temperature,humidity,failure,smooth,0.004476099665963185
common_101,F47_130_to_127,temperature,humidity,failure,high_support,0.006517393134240879
common_101,F47_130_to_127,temperature,co2_sensor,control,raw,-5.5902777777672163e-05
common_101,F47_130_to_127,temperature,co2_sensor,control,smooth,-0.0001469842497563434
common_101,F47_130_to_127,temperature,co2_sensor,control,high_support,-3.469446951953614e-18
common_101,F47_130_to_127,temperature,co2_sensor,failure,raw,-0.012077291666667267
common_101,F47_130_to_127,temperature,co2_sensor,failure,smooth,-0.014003774152323234
common_101,F47_130_to_127,temperature,co2_sensor,failure,high_support,-0.003969866528641258
common_101,F47_130_to_127,temperature,ventilation,control,raw,-0.0009421527777774275
common_101,F47_130_to_127,temperature,ventilation,control,smooth,-0.0005876608993933274
common_101,F47_130_to_127,temperature,ventilation,control,high_support,0.0007077312540452151
common_101,F47_130_to_127,temperature,ventilation,failure,raw,-0.00013590277777797422
common_101,F47_130_to_127,temperature,ventilation,failure,smooth,-0.0002218308379882128
common_101,F47_130_to_127,temperature,ventilation,failure,high_support,-4.797795049160669e-05
common_101,F47_130_to_127,temperature,heating,control,raw,0.004047152777778007
common_101,F47_130_to_127,temperature,heating,control,smooth,0.004475766582307195
common_101,F47_130_to_127,temperature,heating,control,high_support,-1.4824653930059495e-05
common_101,F47_130_to_127,temperature,heating,failure,raw,0.006249513888888725
common_101,F47_130_to_127,temperature,heating,failure,smooth,0.008296727440401996
common_101,F47_130_to_127,temperature,heating,failure,high_support,0.0009902800139280354
common_101,F47_130_to_127,temperature,curtains,control,raw,0.0003475694444443622
common_101,F47_130_to_127,temperature,curtains,control,smooth,0.00021734632220327121
common_101,F47_130_to_127,temperature,curtains,control,high_support,-6.938893903907228e-18
common_101,F47_130_to_127,temperature,curtains,failure,raw,0.001352222222221866
common_101,F47_130_to_127,temperature,curtains,failure,smooth,0.0007192545256927696
common_101,F47_130_to_127,temperature,curtains,failure,high_support,-0.00011848435419825609
common_101,F47_130_to_127,temperature,co2_action,control,raw,0.0004181944444445751
common_101,F47_130_to_127,temperature,co2_action,control,smooth,0.0005274640499671746
common_101,F47_130_to_127,temperature,co2_action,control,high_support,6.760381679810426e-05
common_101,F47_130_to_127,temperature,co2_action,failure,raw,0.002229027777777559
common_101,F47_130_to_127,temperature,co2_action,failure,smooth,0.002303775478612158
common_101,F47_130_to_127,temperature,co2_action,failure,high_support,0.0008897748428420837
common_101,F47_130_to_127,temperature,fan,control,raw,0.01348798611111146
common_101,F47_130_to_127,temperature,fan,control,smooth,0.015286597525316692
common_101,F47_130_to_127,temperature,fan,control,high_support,0.003818920705588428
common_101,F47_130_to_127,temperature,fan,failure,raw,0.00022104166666636615
common_101,F47_130_to_127,temperature,fan,failure,smooth,-0.00043685989279940163
common_101,F47_130_to_127,temperature,fan,failure,high_support,0.009750496985535151
common_101,F47_130_to_127,temperature,fog,control,raw,-0.00026687499999999975
common_101,F47_130_to_127,temperature,fog,control,smooth,-0.00015274120215524878
common_101,F47_130_to_127,temperature,fog,control,high_support,0.00028551487831665265
common_101,F47_130_to_127,temperature,fog,failure,raw,0.00200756944444469
common_101,F47_130_to_127,temperature,fog,failure,smooth,0.00132489485675924
common_101,F47_130_to_127,temperature,fog,failure,high_support,0.0007997222719675623
common_101,F47_130_to_127,humidity,co2_sensor,control,raw,0.0009147916666667477
common_101,F47_130_to_127,humidity,co2_sensor,control,smooth,0.000580296535874103
common_101,F47_130_to_127,humidity,co2_sensor,control,high_support,-3.469446951953614e-18
common_101,F47_130_to_127,humidity,co2_sensor,failure,raw,-0.0036342361111115773
common_101,F47_130_to_127,humidity,co2_sensor,failure,smooth,-0.005218981950071311
common_101,F47_130_to_127,humidity,co2_sensor,failure,high_support,-0.005543513460564364
common_101,F47_130_to_127,humidity,ventilation,control,raw,-0.0008188888888888135
common_101,F47_130_to_127,humidity,ventilation,control,smooth,-0.0004982348110604828
common_101,F47_130_to_127,humidity,ventilation,control,high_support,-0.00048372838287660466
common_101,F47_130_to_127,humidity,ventilation,failure,raw,4.208333333310943e-05
common_101,F47_130_to_127,humidity,ventilation,failure,smooth,7.684674128594082e-05
common_101,F47_130_to_127,humidity,ventilation,failure,high_support,-0.0014100251580732026
common_101,F47_130_to_127,humidity,heating,control,raw,-0.001227083333333101
common_101,F47_130_to_127,humidity,heating,control,smooth,-0.0012733591852092108
common_101,F47_130_to_127,humidity,heating,control,high_support,0.00015340749439715987
common_101,F47_130_to_127,humidity,heating,failure,raw,-0.012271111111111122
common_101,F47_130_to_127,humidity,heating,failure,smooth,-0.011869372355663543
common_101,F47_130_to_127,humidity,heating,failure,high_support,2.6239292839791428e-05
common_101,F47_130_to_127,humidity,curtains,control,raw,0.0007434027777778462
common_101,F47_130_to_127,humidity,curtains,control,smooth,0.0004311492600043154
common_101,F47_130_to_127,humidity,curtains,control,high_support,0.00034641781455874154
common_101,F47_130_to_127,humidity,curtains,failure,raw,-0.00026833333333387
common_101,F47_130_to_127,humidity,curtains,failure,smooth,-0.0003726626560421886
common_101,F47_130_to_127,humidity,curtains,failure,high_support,0.0002266624618670332
common_101,F47_130_to_127,humidity,co2_action,control,raw,0.0008280555555555402
common_101,F47_130_to_127,humidity,co2_action,control,smooth,0.0008858411868348792
common_101,F47_130_to_127,humidity,co2_action,control,high_support,6.413159457588011e-05
common_101,F47_130_to_127,humidity,co2_action,failure,raw,2.8819444444216913e-05
common_101,F47_130_to_127,humidity,co2_action,failure,smooth,0.0001449999502688426
common_101,F47_130_to_127,humidity,co2_action,failure,high_support,-1.1670524691365092e-05
common_101,F47_130_to_127,humidity,fan,control,raw,-0.0076188194444442026
common_101,F47_130_to_127,humidity,fan,control,smooth,-0.0076373357754381255
common_101,F47_130_to_127,humidity,fan,control,high_support,-0.002581774514597953
common_101,F47_130_to_127,humidity,fan,failure,raw,-0.015059166666667068
common_101,F47_130_to_127,humidity,fan,failure,smooth,-0.01661163424316847
common_101,F47_130_to_127,humidity,fan,failure,high_support,-0.0018010826784235975
common_101,F47_130_to_127,humidity,fog,control,raw,0.00011916666666655917
common_101,F47_130_to_127,humidity,fog,control,smooth,0.00011385523239171302
common_101,F47_130_to_127,humidity,fog,control,high_support,0.00021811759380096704
common_101,F47_130_to_127,humidity,fog,failure,raw,0.0005747916666667408
common_101,F47_130_to_127,humidity,fog,failure,smooth,0.0003945078713936123
common_101,F47_130_to_127,humidity,fog,failure,high_support,-5.872613816992889e-05
common_101,F47_130_to_127,co2_sensor,ventilation,control,raw,-0.0006259027777777426
common_101,F47_130_to_127,co2_sensor,ventilation,control,smooth,-0.0003663760320151699
common_101,F47_130_to_127,co2_sensor,ventilation,control,high_support,-0.0011197509222892511
common_101,F47_130_to_127,co2_sensor,ventilation,failure,raw,0.002896388888888324
common_101,F47_130_to_127,co2_sensor,ventilation,failure,smooth,0.001863454974256662
common_101,F47_130_to_127,co2_sensor,ventilation,failure,high_support,0.0005891450047143809
common_101,F47_130_to_127,co2_sensor,heating,control,raw,0.001232569444444609
common_101,F47_130_to_127,co2_sensor,heating,control,smooth,0.0014221619322789536
common_101,F47_130_to_127,co2_sensor,heating,control,high_support,0.00015401491624317948
common_101,F47_130_to_127,co2_sensor,heating,failure,raw,-0.006557083333333824
common_101,F47_130_to_127,co2_sensor,heating,failure,smooth,-0.0058857628970452325
common_101,F47_130_to_127,co2_sensor,heating,failure,high_support,-0.0029253019461141228
common_101,F47_130_to_127,co2_sensor,curtains,control,raw,-0.0002659722222222438
common_101,F47_130_to_127,co2_sensor,curtains,control,smooth,-0.00016805627028271264
common_101,F47_130_to_127,co2_sensor,curtains,control,high_support,0.0002396718907479098
common_101,F47_130_to_127,co2_sensor,curtains,failure,raw,-0.0003131250000004693
common_101,F47_130_to_127,co2_sensor,curtains,failure,smooth,-0.000552072196258413
common_101,F47_130_to_127,co2_sensor,curtains,failure,high_support,8.918269124147393e-05
common_101,F47_130_to_127,co2_sensor,co2_action,control,raw,0.0013638888888888312
common_101,F47_130_to_127,co2_sensor,co2_action,control,smooth,0.0011651785254978009
common_101,F47_130_to_127,co2_sensor,co2_action,control,high_support,0.0006151654054349955
common_101,F47_130_to_127,co2_sensor,co2_action,failure,raw,0.0005115277777774097
common_101,F47_130_to_127,co2_sensor,co2_action,failure,smooth,0.00034594246256824945
common_101,F47_130_to_127,co2_sensor,co2_action,failure,high_support,0.0008102848539945917
common_101,F47_130_to_127,co2_sensor,fan,control,raw,0.08339944444444436
common_101,F47_130_to_127,co2_sensor,fan,control,smooth,0.08799061864936397
common_101,F47_130_to_127,co2_sensor,fan,control,high_support,0.051935854286093985
common_101,F47_130_to_127,co2_sensor,fan,failure,raw,0.064791458333333
common_101,F47_130_to_127,co2_sensor,fan,failure,smooth,0.0677318297358318
common_101,F47_130_to_127,co2_sensor,fan,failure,high_support,0.04569351280033454
common_101,F47_130_to_127,co2_sensor,fog,control,raw,-0.00045041666666678637
common_101,F47_130_to_127,co2_sensor,fog,control,smooth,-0.0003125819510679806
common_101,F47_130_to_127,co2_sensor,fog,control,high_support,-0.00024193704925904239
common_101,F47_130_to_127,co2_sensor,fog,failure,raw,-0.0008407638888890956
common_101,F47_130_to_127,co2_sensor,fog,failure,smooth,-0.0005450434945202254
common_101,F47_130_to_127,co2_sensor,fog,failure,high_support,-0.0012555947079100627
common_101,F47_130_to_127,ventilation,heating,control,raw,-0.003455069444444181
common_101,F47_130_to_127,ventilation,heating,control,smooth,-0.002130332563002435
common_101,F47_130_to_127,ventilation,heating,control,high_support,-0.0016018996594026995
common_101,F47_130_to_127,ventilation,heating,failure,raw,-0.00012006944444453715
common_101,F47_130_to_127,ventilation,heating,failure,smooth,2.1132567223247634e-05
common_101,F47_130_to_127,ventilation,heating,failure,high_support,-0.0010819724346199378
common_101,F47_130_to_127,ventilation,curtains,control,raw,-0.0031519444444443323
common_101,F47_130_to_127,ventilation,curtains,control,smooth,-0.002152173497852461
common_101,F47_130_to_127,ventilation,curtains,control,high_support,7.665847787050734e-05
common_101,F47_130_to_127,ventilation,curtains,failure,raw,-0.004758333333333642
common_101,F47_130_to_127,ventilation,curtains,failure,smooth,-0.0029001603968572542
common_101,F47_130_to_127,ventilation,curtains,failure,high_support,-0.000909402040047691
common_101,F47_130_to_127,ventilation,co2_action,control,raw,-0.0062963888888887265
common_101,F47_130_to_127,ventilation,co2_action,control,smooth,-0.004201541429744715
common_101,F47_130_to_127,ventilation,co2_action,control,high_support,-0.0016768156335774838
common_101,F47_130_to_127,ventilation,co2_action,failure,raw,-0.0036734027777780565
common_101,F47_130_to_127,ventilation,co2_action,failure,smooth,-0.0025850655342514184
common_101,F47_130_to_127,ventilation,co2_action,failure,high_support,-0.001104153441872202
common_101,F47_130_to_127,ventilation,fan,control,raw,-0.02304041666666634
common_101,F47_130_to_127,ventilation,fan,control,smooth,-0.015474253101133262
common_101,F47_130_to_127,ventilation,fan,control,high_support,-0.008839764195373145
common_101,F47_130_to_127,ventilation,fan,failure,raw,-0.006757708333333556
common_101,F47_130_to_127,ventilation,fan,failure,smooth,-0.0045571395135218795
common_101,F47_130_to_127,ventilation,fan,failure,high_support,-0.0022969359853484833
common_101,F47_130_to_127,ventilation,fog,control,raw,-0.0013581249999998768
common_101,F47_130_to_127,ventilation,fog,control,smooth,-0.0008200994062074196
common_101,F47_130_to_127,ventilation,fog,control,high_support,-0.0003206807202869276
common_101,F47_130_to_127,ventilation,fog,failure,raw,0.0012768750000000662
common_101,F47_130_to_127,ventilation,fog,failure,smooth,0.0008711932182420279
common_101,F47_130_to_127,ventilation,fog,failure,high_support,-0.0005689947324715727
common_101,F47_130_to_127,heating,curtains,control,raw,0.0009056944444445492
common_101,F47_130_to_127,heating,curtains,control,smooth,0.0006118955983864804
common_101,F47_130_to_127,heating,curtains,control,high_support,0.00020138758193260706
common_101,F47_130_to_127,heating,curtains,failure,raw,0.0023320138888887065
common_101,F47_130_to_127,heating,curtains,failure,smooth,0.001776653628334568
common_101,F47_130_to_127,heating,curtains,failure,high_support,-9.388574947982731e-05
common_101,F47_130_to_127,heating,co2_action,control,raw,-0.0021481944444442513
common_101,F47_130_to_127,heating,co2_action,control,smooth,-0.0017141760394903116
common_101,F47_130_to_127,heating,co2_action,control,high_support,-0.0012637168099285771
common_101,F47_130_to_127,heating,co2_action,failure,raw,0.0037140277777776287
common_101,F47_130_to_127,heating,co2_action,failure,smooth,0.003280347471375844
common_101,F47_130_to_127,heating,co2_action,failure,high_support,-0.00016844832782575425
common_101,F47_130_to_127,heating,fan,control,raw,0.0069493750000008125
common_101,F47_130_to_127,heating,fan,control,smooth,0.003876866765160747
common_101,F47_130_to_127,heating,fan,control,high_support,-0.024522608532388423
common_101,F47_130_to_127,heating,fan,failure,raw,-0.014518680555555608
common_101,F47_130_to_127,heating,fan,failure,smooth,-0.01760762501585622
common_101,F47_130_to_127,heating,fan,failure,high_support,-0.03186484899548643
common_101,F47_130_to_127,heating,fog,control,raw,-0.0006291666666665696
common_101,F47_130_to_127,heating,fog,control,smooth,-0.0005555424592396108
common_101,F47_130_to_127,heating,fog,control,high_support,-0.0006555634079325433
common_101,F47_130_to_127,heating,fog,failure,raw,-0.0015927777777773322
common_101,F47_130_to_127,heating,fog,failure,smooth,-0.0010823629152363345
common_101,F47_130_to_127,heating,fog,failure,high_support,-0.001708655356666866
common_101,F47_130_to_127,curtains,co2_action,control,raw,-0.0010059027777777896
common_101,F47_130_to_127,curtains,co2_action,control,smooth,-0.0012525415068048718
common_101,F47_130_to_127,curtains,co2_action,control,high_support,-0.0005724744061959657
common_101,F47_130_to_127,curtains,co2_action,failure,raw,0.0002235416666661605
common_101,F47_130_to_127,curtains,co2_action,failure,smooth,-0.00018574425274509032
common_101,F47_130_to_127,curtains,co2_action,failure,high_support,-0.00019334213068999961
common_101,F47_130_to_127,curtains,fan,control,raw,-0.0037140277777777397
common_101,F47_130_to_127,curtains,fan,control,smooth,-0.0028694081656368553
common_101,F47_130_to_127,curtains,fan,control,high_support,-0.00015722008832589826
common_101,F47_130_to_127,curtains,fan,failure,raw,-0.008932777777778123
common_101,F47_130_to_127,curtains,fan,failure,smooth,-0.006350176125323959
common_101,F47_130_to_127,curtains,fan,failure,high_support,-0.002033204543897278
common_101,F47_130_to_127,curtains,fog,control,raw,-0.0022427083333332876
common_101,F47_130_to_127,curtains,fog,control,smooth,-0.0013640871039091174
common_101,F47_130_to_127,curtains,fog,control,high_support,-0.00027021823395655814
common_101,F47_130_to_127,curtains,fog,failure,raw,-0.002886597222222287
common_101,F47_130_to_127,curtains,fog,failure,smooth,-0.001887972384674197
common_101,F47_130_to_127,curtains,fog,failure,high_support,-0.0019463961077591518
common_101,F47_130_to_127,co2_action,fan,control,raw,-0.016866944444444365
common_101,F47_130_to_127,co2_action,fan,control,smooth,-0.015162073096607442
common_101,F47_130_to_127,co2_action,fan,control,high_support,-0.004865851146131011
common_101,F47_130_to_127,co2_action,fan,failure,raw,-0.016670694444444578
common_101,F47_130_to_127,co2_action,fan,failure,smooth,-0.014982194676391947
common_101,F47_130_to_127,co2_action,fan,failure,high_support,-0.003922981527946755
common_101,F47_130_to_127,co2_action,fog,control,raw,0.0005173611111111143
common_101,F47_130_to_127,co2_action,fog,control,smooth,0.0004923290862085539
common_101,F47_130_to_127,co2_action,fog,control,high_support,0.0011653365849167673
common_101,F47_130_to_127,co2_action,fog,failure,raw,-0.00014006944444444613
common_101,F47_130_to_127,co2_action,fog,failure,smooth,-4.4402251972996964e-05
common_101,F47_130_to_127,co2_action,fog,failure,high_support,-7.256032776575827e-05
common_101,F47_130_to_127,fan,fog,control,raw,0.0002959027777779122
common_101,F47_130_to_127,fan,fog,control,smooth,0.000563791782612455
common_101,F47_130_to_127,fan,fog,control,high_support,0.0004428386105419825
common_101,F47_130_to_127,fan,fog,failure,raw,0.003066597222222467
common_101,F47_130_to_127,fan,fog,failure,smooth,0.0023018737884520357
common_101,F47_130_to_127,fan,fog,failure,high_support,0.0023670887628268675
common_101,F13_231_to_232,season,temperature,control,raw,-3.222222222210025e-05
common_101,F13_231_to_232,season,temperature,control,smooth,-1.899792803949918e-05
common_101,F13_231_to_232,season,temperature,control,high_support,0.0
common_101,F13_231_to_232,season,temperature,failure,raw,7.777777777606687e-06
common_101,F13_231_to_232,season,temperature,failure,smooth,5.21119001484216e-06
common_101,F13_231_to_232,season,temperature,failure,high_support,0.0
common_101,F13_231_to_232,season,humidity,control,raw,-0.0002547916666664207
common_101,F13_231_to_232,season,humidity,control,smooth,-0.0002369105441987207
common_101,F13_231_to_232,season,humidity,control,high_support,0.0
common_101,F13_231_to_232,season,humidity,failure,raw,-5.208333333506232e-06
common_101,F13_231_to_232,season,humidity,failure,smooth,-4.292227079760735e-06
common_101,F13_231_to_232,season,humidity,failure,high_support,0.0
common_101,F13_231_to_232,season,co2_sensor,control,raw,-0.0001104166666667794
common_101,F13_231_to_232,season,co2_sensor,control,smooth,-0.0001572217263383635
common_101,F13_231_to_232,season,co2_sensor,control,high_support,0.0
common_101,F13_231_to_232,season,co2_sensor,failure,raw,-0.0020044444444444753
common_101,F13_231_to_232,season,co2_sensor,failure,smooth,-0.002108126544580591
common_101,F13_231_to_232,season,co2_sensor,failure,high_support,-0.0026990705748216604
common_101,F13_231_to_232,season,ventilation,control,raw,0.00041097222222230556
common_101,F13_231_to_232,season,ventilation,control,smooth,0.000273975467833254
common_101,F13_231_to_232,season,ventilation,control,high_support,-5.541057022985518e-05
common_101,F13_231_to_232,season,ventilation,failure,raw,0.0006045138888888246
common_101,F13_231_to_232,season,ventilation,failure,smooth,0.0004369465868632183
common_101,F13_231_to_232,season,ventilation,failure,high_support,0.0007120539507495804
common_101,F13_231_to_232,season,heating,control,raw,-0.00013388888888876682
common_101,F13_231_to_232,season,heating,control,smooth,-0.00011853372731862599
common_101,F13_231_to_232,season,heating,control,high_support,-4.8445457795989744e-05
common_101,F13_231_to_232,season,heating,failure,raw,0.0010336805555550832
common_101,F13_231_to_232,season,heating,failure,smooth,0.0007070753534397234
common_101,F13_231_to_232,season,heating,failure,high_support,0.0020733152418213052
common_101,F13_231_to_232,season,curtains,control,raw,-0.00035187499999989047
common_101,F13_231_to_232,season,curtains,control,smooth,-0.00029622127490125383
common_101,F13_231_to_232,season,curtains,control,high_support,0.0
common_101,F13_231_to_232,season,curtains,failure,raw,-0.0005822222222222617
common_101,F13_231_to_232,season,curtains,failure,smooth,-0.00041407986733354996
common_101,F13_231_to_232,season,curtains,failure,high_support,0.00014529034906540783
common_101,F13_231_to_232,season,co2_action,control,raw,-1.1180555555379001e-05
common_101,F13_231_to_232,season,co2_action,control,smooth,-1.1543454473628145e-05
common_101,F13_231_to_232,season,co2_action,control,high_support,0.0
common_101,F13_231_to_232,season,co2_action,failure,raw,0.00035659722222169954
common_101,F13_231_to_232,season,co2_action,failure,smooth,0.0003502722651356205
common_101,F13_231_to_232,season,co2_action,failure,high_support,7.493406371161804e-05
common_101,F13_231_to_232,season,fan,control,raw,0.007933055555555457
common_101,F13_231_to_232,season,fan,control,smooth,0.006359145288906909
common_101,F13_231_to_232,season,fan,control,high_support,0.02019262528947984
common_101,F13_231_to_232,season,fan,failure,raw,0.0071438888888885055
common_101,F13_231_to_232,season,fan,failure,smooth,0.005354089689450614
common_101,F13_231_to_232,season,fan,failure,high_support,0.019471818754160597
common_101,F13_231_to_232,season,fog,control,raw,0.00012416666666670295
common_101,F13_231_to_232,season,fog,control,smooth,8.172782555959657e-05
common_101,F13_231_to_232,season,fog,control,high_support,0.0
common_101,F13_231_to_232,season,fog,failure,raw,-0.00010006944444440613
common_101,F13_231_to_232,season,fog,failure,smooth,-6.898737206295635e-05
common_101,F13_231_to_232,season,fog,failure,high_support,-0.00045877138330818745
common_101,F13_231_to_232,temperature,humidity,control,raw,3.784722222233139e-05
common_101,F13_231_to_232,temperature,humidity,control,smooth,2.1052868680926373e-05
common_101,F13_231_to_232,temperature,humidity,control,high_support,0.0
common_101,F13_231_to_232,temperature,humidity,failure,raw,9.305555555538803e-05
common_101,F13_231_to_232,temperature,humidity,failure,smooth,6.157420163721561e-05
common_101,F13_231_to_232,temperature,humidity,failure,high_support,1.1102230246251565e-16
common_101,F13_231_to_232,temperature,co2_sensor,control,raw,-1.3402777777837827e-05
common_101,F13_231_to_232,temperature,co2_sensor,control,smooth,-4.848265617896086e-05
common_101,F13_231_to_232,temperature,co2_sensor,control,high_support,0.0
common_101,F13_231_to_232,temperature,co2_sensor,failure,raw,0.0002662499999999124
common_101,F13_231_to_232,temperature,co2_sensor,failure,smooth,0.00018725954393206123
common_101,F13_231_to_232,temperature,co2_sensor,failure,high_support,4.640297413593952e-05
common_101,F13_231_to_232,temperature,ventilation,control,raw,6.805555555555731e-05
common_101,F13_231_to_232,temperature,ventilation,control,smooth,3.18634241845972e-05
common_101,F13_231_to_232,temperature,ventilation,control,high_support,0.0
common_101,F13_231_to_232,temperature,ventilation,failure,raw,0.0001222916666665519
common_101,F13_231_to_232,temperature,ventilation,failure,smooth,6.317821692913839e-05
common_101,F13_231_to_232,temperature,ventilation,failure,high_support,5.808151040065379e-05
common_101,F13_231_to_232,temperature,heating,control,raw,1.458333333426154e-06
common_101,F13_231_to_232,temperature,heating,control,smooth,-6.725586039424414e-06
common_101,F13_231_to_232,temperature,heating,control,high_support,0.0
common_101,F13_231_to_232,temperature,heating,failure,raw,0.00169645833333254
common_101,F13_231_to_232,temperature,heating,failure,smooth,0.001774599843980651
common_101,F13_231_to_232,temperature,heating,failure,high_support,4.447396179019236e-05
common_101,F13_231_to_232,temperature,curtains,control,raw,-5.6041666666728496e-05
common_101,F13_231_to_232,temperature,curtains,control,smooth,-1.968063546042842e-05
common_101,F13_231_to_232,temperature,curtains,control,high_support,-3.767864331723214e-05
common_101,F13_231_to_232,temperature,curtains,failure,raw,-0.000491666666666779
common_101,F13_231_to_232,temperature,curtains,failure,smooth,-0.00041811744864928
common_101,F13_231_to_232,temperature,curtains,failure,high_support,0.0008282946843514161
common_101,F13_231_to_232,temperature,co2_action,control,raw,4.583333333529893e-06
common_101,F13_231_to_232,temperature,co2_action,control,smooth,8.48678291520688e-06
common_101,F13_231_to_232,temperature,co2_action,control,high_support,-1.3877787807814457e-17
common_101,F13_231_to_232,temperature,co2_action,failure,raw,-0.0005387500000002543
common_101,F13_231_to_232,temperature,co2_action,failure,smooth,-0.0005040281844266303
common_101,F13_231_to_232,temperature,co2_action,failure,high_support,-7.14618414895396e-05
common_101,F13_231_to_232,temperature,fan,control,raw,0.0029709722222224233
common_101,F13_231_to_232,temperature,fan,control,smooth,0.0036864901761253233
common_101,F13_231_to_232,temperature,fan,control,high_support,-0.0028556786798499337
common_101,F13_231_to_232,temperature,fan,failure,raw,0.004644166666666116
common_101,F13_231_to_232,temperature,fan,failure,smooth,0.0054433788371544
common_101,F13_231_to_232,temperature,fan,failure,high_support,-0.002030530333932898
common_101,F13_231_to_232,temperature,fog,control,raw,-3.541666666606602e-06
common_101,F13_231_to_232,temperature,fog,control,smooth,-2.131477463418463e-06
common_101,F13_231_to_232,temperature,fog,control,high_support,6.938893903907228e-18
common_101,F13_231_to_232,temperature,fog,failure,raw,5.222222222212025e-05
common_101,F13_231_to_232,temperature,fog,failure,smooth,2.5217870921467878e-05
common_101,F13_231_to_232,temperature,fog,failure,high_support,1.1102230246251565e-16
common_101,F13_231_to_232,humidity,co2_sensor,control,raw,0.00025861111111102897
common_101,F13_231_to_232,humidity,co2_sensor,control,smooth,0.000178893274678682
common_101,F13_231_to_232,humidity,co2_sensor,control,high_support,-6.938893903907228e-18
common_101,F13_231_to_232,humidity,co2_sensor,failure,raw,0.0002836805555557209
common_101,F13_231_to_232,humidity,co2_sensor,failure,smooth,0.00021608697565445034
common_101,F13_231_to_232,humidity,co2_sensor,failure,high_support,1.1102230246251565e-16
common_101,F13_231_to_232,humidity,ventilation,control,raw,0.0016976388888888527
common_101,F13_231_to_232,humidity,ventilation,control,smooth,0.0010461926567856272
common_101,F13_231_to_232,humidity,ventilation,control,high_support,0.0009179917948878638
common_101,F13_231_to_232,humidity,ventilation,failure,raw,-0.001517291666667031
common_101,F13_231_to_232,humidity,ventilation,failure,smooth,-0.0009443394002475181
common_101,F13_231_to_232,humidity,ventilation,failure,high_support,-0.0007731987661204753
common_101,F13_231_to_232,humidity,heating,control,raw,0.0005636805555555569
common_101,F13_231_to_232,humidity,heating,control,smooth,0.0007294189641078308
common_101,F13_231_to_232,humidity,heating,control,high_support,0.0006409810311743397
common_101,F13_231_to_232,humidity,heating,failure,raw,0.0010363194444440449
common_101,F13_231_to_232,humidity,heating,failure,smooth,0.0011205720937823571
common_101,F13_231_to_232,humidity,heating,failure,high_support,0.00011990729928545996
common_101,F13_231_to_232,humidity,curtains,control,raw,-6.625000000004544e-05
common_101,F13_231_to_232,humidity,curtains,control,smooth,1.9480860789289345e-05
common_101,F13_231_to_232,humidity,curtains,control,high_support,-0.00022405013601500823
common_101,F13_231_to_232,humidity,curtains,failure,raw,-0.0017465277777779509
common_101,F13_231_to_232,humidity,curtains,failure,smooth,-0.0014591557919616527
common_101,F13_231_to_232,humidity,curtains,failure,high_support,-0.0007730702563877312
common_101,F13_231_to_232,humidity,co2_action,control,raw,-0.0002747222222220236
common_101,F13_231_to_232,humidity,co2_action,control,smooth,-0.00021789460360788215
common_101,F13_231_to_232,humidity,co2_action,control,high_support,-0.0005808056334500114
common_101,F13_231_to_232,humidity,co2_action,failure,raw,-0.0002826388888892417
common_101,F13_231_to_232,humidity,co2_action,failure,smooth,-0.0002605357809113418
common_101,F13_231_to_232,humidity,co2_action,failure,high_support,-0.0006146334954028054
common_101,F13_231_to_232,humidity,fan,control,raw,-0.005862291666666963
common_101,F13_231_to_232,humidity,fan,control,smooth,-0.006509306999000097
common_101,F13_231_to_232,humidity,fan,control,high_support,-0.008648395551855655
common_101,F13_231_to_232,humidity,fan,failure,raw,-0.008947708333333582
common_101,F13_231_to_232,humidity,fan,failure,smooth,-0.008475872990489353
common_101,F13_231_to_232,humidity,fan,failure,high_support,-0.00995168283200383
common_101,F13_231_to_232,humidity,fog,control,raw,-4.43749999999854e-05
common_101,F13_231_to_232,humidity,fog,control,smooth,-3.463238744572106e-05
common_101,F13_231_to_232,humidity,fog,control,high_support,-0.00010834098172955026
common_101,F13_231_to_232,humidity,fog,failure,raw,-0.002089027777777863
common_101,F13_231_to_232,humidity,fog,failure,smooth,-0.0013942233065706855
common_101,F13_231_to_232,humidity,fog,failure,high_support,-0.0004949403647898087
common_101,F13_231_to_232,co2_sensor,ventilation,control,raw,-7.937500000010367e-05
common_101,F13_231_to_232,co2_sensor,ventilation,control,smooth,-3.7506833029388176e-06
common_101,F13_231_to_232,co2_sensor,ventilation,control,high_support,-0.0004449698086382292
common_101,F13_231_to_232,co2_sensor,ventilation,failure,raw,-0.0007977777777778972
common_101,F13_231_to_232,co2_sensor,ventilation,failure,smooth,-0.0005341130240736902
common_101,F13_231_to_232,co2_sensor,ventilation,failure,high_support,-0.0007843009383819988
common_101,F13_231_to_232,co2_sensor,heating,control,raw,-0.00030583333333344953
common_101,F13_231_to_232,co2_sensor,heating,control,smooth,-0.0002415680951748378
common_101,F13_231_to_232,co2_sensor,heating,control,high_support,0.0002127479564210527
common_101,F13_231_to_232,co2_sensor,heating,failure,raw,-0.001759583333333703
common_101,F13_231_to_232,co2_sensor,heating,failure,smooth,-0.0011715953011346425
common_101,F13_231_to_232,co2_sensor,heating,failure,high_support,0.0019890649013936113
common_101,F13_231_to_232,co2_sensor,curtains,control,raw,-0.0006672916666669026
common_101,F13_231_to_232,co2_sensor,curtains,control,smooth,-0.00041058248558767385
common_101,F13_231_to_232,co2_sensor,curtains,control,high_support,-0.00010354600818457405
common_101,F13_231_to_232,co2_sensor,curtains,failure,raw,-0.0028332638888890482
common_101,F13_231_to_232,co2_sensor,curtains,failure,smooth,-0.0022900512289518726
common_101,F13_231_to_232,co2_sensor,curtains,failure,high_support,4.403400662356116e-05
common_101,F13_231_to_232,co2_sensor,co2_action,control,raw,2.916666666630263e-06
common_101,F13_231_to_232,co2_sensor,co2_action,control,smooth,-0.00011427558329080156
common_101,F13_231_to_232,co2_sensor,co2_action,control,high_support,0.0005663665384445585
common_101,F13_231_to_232,co2_sensor,co2_action,failure,raw,-0.00011069444444444798
common_101,F13_231_to_232,co2_sensor,co2_action,failure,smooth,-7.370784954208176e-05
common_101,F13_231_to_232,co2_sensor,co2_action,failure,high_support,-0.0003959076931565608
common_101,F13_231_to_232,co2_sensor,fan,control,raw,-9.194444444482475e-05
common_101,F13_231_to_232,co2_sensor,fan,control,smooth,0.0005970214489424697
common_101,F13_231_to_232,co2_sensor,fan,control,high_support,0.016925508432943097
common_101,F13_231_to_232,co2_sensor,fan,failure,raw,-0.004985972222222412
common_101,F13_231_to_232,co2_sensor,fan,failure,smooth,-0.00359921703364785
common_101,F13_231_to_232,co2_sensor,fan,failure,high_support,0.01698931101451963
common_101,F13_231_to_232,co2_sensor,fog,control,raw,0.0008129166666666077
common_101,F13_231_to_232,co2_sensor,fog,control,smooth,0.0005464533776223801
common_101,F13_231_to_232,co2_sensor,fog,control,high_support,0.00042109273999098307
common_101,F13_231_to_232,co2_sensor,fog,failure,raw,0.0015822916666667908
common_101,F13_231_to_232,co2_sensor,fog,failure,smooth,0.0010603264634367893
common_101,F13_231_to_232,co2_sensor,fog,failure,high_support,0.0011341447854726905
common_101,F13_231_to_232,ventilation,heating,control,raw,-0.0010337500000000555
common_101,F13_231_to_232,ventilation,heating,control,smooth,-0.0007695615536986722
common_101,F13_231_to_232,ventilation,heating,control,high_support,-0.0035074137470847214
common_101,F13_231_to_232,ventilation,heating,failure,raw,-0.002280486111111646
common_101,F13_231_to_232,ventilation,heating,failure,smooth,-0.0013768286968414145
common_101,F13_231_to_232,ventilation,heating,failure,high_support,-0.0012897184514768512
common_101,F13_231_to_232,ventilation,curtains,control,raw,-0.012162222222222185
common_101,F13_231_to_232,ventilation,curtains,control,smooth,-0.00784741741466255
common_101,F13_231_to_232,ventilation,curtains,control,high_support,-0.005647688654207138
common_101,F13_231_to_232,ventilation,curtains,failure,raw,-0.004086180555555874
common_101,F13_231_to_232,ventilation,curtains,failure,smooth,-0.002506309076658164
common_101,F13_231_to_232,ventilation,curtains,failure,high_support,-0.003573318103526235
common_101,F13_231_to_232,ventilation,co2_action,control,raw,-0.004097430555555448
common_101,F13_231_to_232,ventilation,co2_action,control,smooth,-0.0026788223615812345
common_101,F13_231_to_232,ventilation,co2_action,control,high_support,-0.00188433650775207
common_101,F13_231_to_232,ventilation,co2_action,failure,raw,-0.0030421527777784174
common_101,F13_231_to_232,ventilation,co2_action,failure,smooth,-0.0019389278688777267
common_101,F13_231_to_232,ventilation,co2_action,failure,high_support,-0.0022249384756993784
common_101,F13_231_to_232,ventilation,fan,control,raw,0.02613354166666626
common_101,F13_231_to_232,ventilation,fan,control,smooth,0.016620376013412375
common_101,F13_231_to_232,ventilation,fan,control,high_support,0.012551229981699046
common_101,F13_231_to_232,ventilation,fan,failure,raw,0.02673847222222192
common_101,F13_231_to_232,ventilation,fan,failure,smooth,0.017226700965158326
common_101,F13_231_to_232,ventilation,fan,failure,high_support,0.017038790444399696
common_101,F13_231_to_232,ventilation,fog,control,raw,-0.0001052083333333842
common_101,F13_231_to_232,ventilation,fog,control,smooth,-0.00017235705053597616
common_101,F13_231_to_232,ventilation,fog,control,high_support,-0.0010469260836736063
common_101,F13_231_to_232,ventilation,fog,failure,raw,-0.002508958333333755
common_101,F13_231_to_232,ventilation,fog,failure,smooth,-0.0017319653458953699
common_101,F13_231_to_232,ventilation,fog,failure,high_support,-0.0016208095904159947
common_101,F13_231_to_232,heating,curtains,control,raw,-5.6944444450923726e-06
common_101,F13_231_to_232,heating,curtains,control,smooth,2.093105222689129e-05
common_101,F13_231_to_232,heating,curtains,control,high_support,0.0006665161032605102
common_101,F13_231_to_232,heating,curtains,failure,raw,-0.00030569444444461524
common_101,F13_231_to_232,heating,curtains,failure,smooth,-0.00032457382068917795
common_101,F13_231_to_232,heating,curtains,failure,high_support,-0.00044610406907075184
common_101,F13_231_to_232,heating,co2_action,control,raw,-1.111111111107288e-05
common_101,F13_231_to_232,heating,co2_action,control,smooth,-3.1994697923032334e-05
common_101,F13_231_to_232,heating,co2_action,control,high_support,0.0006036205885566262
common_101,F13_231_to_232,heating,co2_action,failure,raw,0.00047194444444409456
common_101,F13_231_to_232,heating,co2_action,failure,smooth,0.0004845820704755255
common_101,F13_231_to_232,heating,co2_action,failure,high_support,0.0004887552669693429
common_101,F13_231_to_232,heating,fan,control,raw,-0.011675972222222275
common_101,F13_231_to_232,heating,fan,control,smooth,-0.012860224232043471
common_101,F13_231_to_232,heating,fan,control,high_support,0.017567237775396365
common_101,F13_231_to_232,heating,fan,failure,raw,-0.012180763888889001
common_101,F13_231_to_232,heating,fan,failure,smooth,-0.011867114367916765
common_101,F13_231_to_232,heating,fan,failure,high_support,0.023751191338413788
common_101,F13_231_to_232,heating,fog,control,raw,0.0008643055555556112
common_101,F13_231_to_232,heating,fog,control,smooth,0.0005366036891800707
common_101,F13_231_to_232,heating,fog,control,high_support,4.341636422172668e-05
common_101,F13_231_to_232,heating,fog,failure,raw,0.0005588888888885535
common_101,F13_231_to_232,heating,fog,failure,smooth,0.00036176500326989824
common_101,F13_231_to_232,heating,fog,failure,high_support,0.0002588411104343935
common_101,F13_231_to_232,curtains,co2_action,control,raw,-0.00018486111111115644
common_101,F13_231_to_232,curtains,co2_action,control,smooth,-0.0002224878005907538
common_101,F13_231_to_232,curtains,co2_action,control,high_support,-0.0010146832869410566
common_101,F13_231_to_232,curtains,co2_action,failure,raw,-0.00021243055555597579
common_101,F13_231_to_232,curtains,co2_action,failure,smooth,-0.0003073524169716624
common_101,F13_231_to_232,curtains,co2_action,failure,high_support,-0.0010366921660571737
common_101,F13_231_to_232,curtains,fan,control,raw,-0.004997847222222851
common_101,F13_231_to_232,curtains,fan,control,smooth,-0.001985595612447155
common_101,F13_231_to_232,curtains,fan,control,high_support,-0.004332425350213172
common_101,F13_231_to_232,curtains,fan,failure,raw,-0.002287569444444415
common_101,F13_231_to_232,curtains,fan,failure,smooth,-0.00146792353660663
common_101,F13_231_to_232,curtains,fan,failure,high_support,-0.001997164677990701
common_101,F13_231_to_232,curtains,fog,control,raw,-0.0009399305555555237
common_101,F13_231_to_232,curtains,fog,control,smooth,-0.0006523772628803659
common_101,F13_231_to_232,curtains,fog,control,high_support,-0.0005333222075365462
common_101,F13_231_to_232,curtains,fog,failure,raw,-0.0006992361111111123
common_101,F13_231_to_232,curtains,fog,failure,smooth,-0.00038875837206231445
common_101,F13_231_to_232,curtains,fog,failure,high_support,-0.00041551770460845905
common_101,F13_231_to_232,co2_action,fan,control,raw,-0.012862847222222307
common_101,F13_231_to_232,co2_action,fan,control,smooth,-0.012644172050619962
common_101,F13_231_to_232,co2_action,fan,control,high_support,-0.010831037240531756
common_101,F13_231_to_232,co2_action,fan,failure,raw,-0.01260687500000024
common_101,F13_231_to_232,co2_action,fan,failure,smooth,-0.01210978444724875
common_101,F13_231_to_232,co2_action,fan,failure,high_support,-0.010616556807114416
common_101,F13_231_to_232,co2_action,fog,control,raw,-0.00028958333333328756
common_101,F13_231_to_232,co2_action,fog,control,smooth,-0.0002008358817123801
common_101,F13_231_to_232,co2_action,fog,control,high_support,3.925692614550891e-05
common_101,F13_231_to_232,co2_action,fog,failure,raw,-7.743055555575751e-05
common_101,F13_231_to_232,co2_action,fog,failure,smooth,-4.92762141159897e-05
common_101,F13_231_to_232,co2_action,fog,failure,high_support,5.5410570229841305e-05
common_101,F13_231_to_232,fan,fog,control,raw,0.0077457638888889235
common_101,F13_231_to_232,fan,fog,control,smooth,0.00503686192971553
common_101,F13_231_to_232,fan,fog,control,high_support,0.004711513079440406
common_101,F13_231_to_232,fan,fog,failure,raw,0.006494930555555389
common_101,F13_231_to_232,fan,fog,failure,smooth,0.004234308123442276
common_101,F13_231_to_232,fan,fog,failure,high_support,0.004966896433820492
common_101,F13_233_to_232,season,temperature,control,raw,-0.0006285416666664823
common_101,F13_233_to_232,season,temperature,control,smooth,-0.00043339170322742593
common_101,F13_233_to_232,season,temperature,control,high_support,-0.0006781284986856692
common_101,F13_233_to_232,season,temperature,failure,raw,-0.0030822916666664035
common_101,F13_233_to_232,season,temperature,failure,smooth,-0.0030417663519692884
common_101,F13_233_to_232,season,temperature,failure,high_support,5.551115123125783e-17
common_101,F13_233_to_232,season,humidity,control,raw,-1.8402777777648538e-05
common_101,F13_233_to_232,season,humidity,control,smooth,-1.3044214466795268e-05
common_101,F13_233_to_232,season,humidity,control,high_support,-6.938893903907228e-18
common_101,F13_233_to_232,season,humidity,failure,raw,-4.180555555532983e-05
common_101,F13_233_to_232,season,humidity,failure,smooth,-3.0224449713234236e-05
common_101,F13_233_to_232,season,humidity,failure,high_support,0.0
common_101,F13_233_to_232,season,co2_sensor,control,raw,0.0001223611111113021
common_101,F13_233_to_232,season,co2_sensor,control,smooth,7.480000235193796e-05
common_101,F13_233_to_232,season,co2_sensor,control,high_support,6.938893903907228e-18
common_101,F13_233_to_232,season,co2_sensor,failure,raw,0.0007152083333334947
common_101,F13_233_to_232,season,co2_sensor,failure,smooth,0.0008771001116538724
common_101,F13_233_to_232,season,co2_sensor,failure,high_support,0.0016666666666667607
common_101,F13_233_to_232,season,ventilation,control,raw,-0.0018291666666666595
common_101,F13_233_to_232,season,ventilation,control,smooth,-0.0011544605317294065
common_101,F13_233_to_232,season,ventilation,control,high_support,-0.000681672804136467
common_101,F13_233_to_232,season,ventilation,failure,raw,-0.0017979166666663993
common_101,F13_233_to_232,season,ventilation,failure,smooth,-0.00119067206582546
common_101,F13_233_to_232,season,ventilation,failure,high_support,0.0
common_101,F13_233_to_232,season,heating,control,raw,0.0021218055555556337
common_101,F13_233_to_232,season,heating,control,smooth,0.0023853481843317814
common_101,F13_233_to_232,season,heating,control,high_support,-0.0005276578878932875
common_101,F13_233_to_232,season,heating,failure,raw,0.0002978472222225914
common_101,F13_233_to_232,season,heating,failure,smooth,-0.00035501007025695586
common_101,F13_233_to_232,season,heating,failure,high_support,0.001791773290161891
common_101,F13_233_to_232,season,curtains,control,raw,-0.0006880555555555112
common_101,F13_233_to_232,season,curtains,control,smooth,-0.0004268497606626509
common_101,F13_233_to_232,season,curtains,control,high_support,-0.00047371982126039047
common_101,F13_233_to_232,season,curtains,failure,raw,-7.70833333332277e-05
common_101,F13_233_to_232,season,curtains,failure,smooth,1.42111609371387e-05
common_101,F13_233_to_232,season,curtains,failure,high_support,7.580211926733194e-05
common_101,F13_233_to_232,season,co2_action,control,raw,0.00013159722222244596
common_101,F13_233_to_232,season,co2_action,control,smooth,0.0001294838645665708
common_101,F13_233_to_232,season,co2_action,control,high_support,0.00020438096498465175
common_101,F13_233_to_232,season,co2_action,failure,raw,0.00026583333333363157
common_101,F13_233_to_232,season,co2_action,failure,smooth,0.00024860718737684806
common_101,F13_233_to_232,season,co2_action,failure,high_support,6.097502891933004e-05
common_101,F13_233_to_232,season,fan,control,raw,-0.004119583333333066
common_101,F13_233_to_232,season,fan,control,smooth,-0.002531889426157785
common_101,F13_233_to_232,season,fan,control,high_support,-0.011718223822203507
common_101,F13_233_to_232,season,fan,failure,raw,-0.009321805555555285
common_101,F13_233_to_232,season,fan,failure,smooth,-0.008544650984495306
common_101,F13_233_to_232,season,fan,failure,high_support,-0.005749590340175081
common_101,F13_233_to_232,season,fog,control,raw,-5.555555555480929e-06
common_101,F13_233_to_232,season,fog,control,smooth,-3.3598378635923964e-06
common_101,F13_233_to_232,season,fog,control,high_support,6.938893903907228e-18
common_101,F13_233_to_232,season,fog,failure,raw,3.7638888888968935e-05
common_101,F13_233_to_232,season,fog,failure,smooth,2.967588223889983e-05
common_101,F13_233_to_232,season,fog,failure,high_support,0.00015895657841435984
common_101,F13_233_to_232,temperature,humidity,control,raw,9.145833333346065e-05
common_101,F13_233_to_232,temperature,humidity,control,smooth,1.6222919322572693e-05
common_101,F13_233_to_232,temperature,humidity,control,high_support,0.00019185139386132533
common_101,F13_233_to_232,temperature,humidity,failure,raw,-0.017089583333333103
common_101,F13_233_to_232,temperature,humidity,failure,smooth,-0.021295921267571405
common_101,F13_233_to_232,temperature,humidity,failure,high_support,-0.006227364066127228
common_101,F13_233_to_232,temperature,co2_sensor,control,raw,8.89583333335553e-05
common_101,F13_233_to_232,temperature,co2_sensor,control,smooth,2.7678346906756524e-05
common_101,F13_233_to_232,temperature,co2_sensor,control,high_support,6.938893903907228e-18
common_101,F13_233_to_232,temperature,co2_sensor,failure,raw,0.0015911111111113208
common_101,F13_233_to_232,temperature,co2_sensor,failure,smooth,0.002005401264627782
common_101,F13_233_to_232,temperature,co2_sensor,failure,high_support,0.0007736703904261955
common_101,F13_233_to_232,temperature,ventilation,control,raw,0.003409027777777962
common_101,F13_233_to_232,temperature,ventilation,control,smooth,0.0022340432777789854
common_101,F13_233_to_232,temperature,ventilation,control,high_support,0.00045028330906991126
common_101,F13_233_to_232,temperature,ventilation,failure,raw,0.008560347222221987
common_101,F13_233_to_232,temperature,ventilation,failure,smooth,0.005487748141719484
common_101,F13_233_to_232,temperature,ventilation,failure,high_support,0.0029262255527102154
common_101,F13_233_to_232,temperature,heating,control,raw,0.0010858333333334524
common_101,F13_233_to_232,temperature,heating,control,smooth,0.002157154084337365
common_101,F13_233_to_232,temperature,heating,control,high_support,5.59090002489257e-05
common_101,F13_233_to_232,temperature,heating,failure,raw,0.06190187499999977
common_101,F13_233_to_232,temperature,heating,failure,smooth,0.06791230521429847
common_101,F13_233_to_232,temperature,heating,failure,high_support,0.059353730150817685
common_101,F13_233_to_232,temperature,curtains,control,raw,0.0003740972222222583
common_101,F13_233_to_232,temperature,curtains,control,smooth,0.00023224775058383607
common_101,F13_233_to_232,temperature,curtains,control,high_support,-0.00010181023789310878
common_101,F13_233_to_232,temperature,curtains,failure,raw,-0.001897361111110607
common_101,F13_233_to_232,temperature,curtains,failure,smooth,-0.0010845272767889824
common_101,F13_233_to_232,temperature,curtains,failure,high_support,0.00033592467303489304
common_101,F13_233_to_232,temperature,co2_action,control,raw,-0.0006086111111108794
common_101,F13_233_to_232,temperature,co2_action,control,smooth,-0.0005615787371128222
common_101,F13_233_to_232,temperature,co2_action,control,high_support,-0.00028247159435287883
common_101,F13_233_to_232,temperature,co2_action,failure,raw,-0.005652430555555421
common_101,F13_233_to_232,temperature,co2_action,failure,smooth,-0.005640344672821929
common_101,F13_233_to_232,temperature,co2_action,failure,high_support,-0.0022971436872217255
common_101,F13_233_to_232,temperature,fan,control,raw,0.07856333333333321
common_101,F13_233_to_232,temperature,fan,control,smooth,0.0918803736842495
common_101,F13_233_to_232,temperature,fan,control,high_support,0.018323053373846036
common_101,F13_233_to_232,temperature,fan,failure,raw,0.12765076388888885
common_101,F13_233_to_232,temperature,fan,failure,smooth,0.1428441577003503
common_101,F13_233_to_232,temperature,fan,failure,high_support,0.0730840306832329
common_101,F13_233_to_232,temperature,fog,control,raw,-0.00013430555555549173
common_101,F13_233_to_232,temperature,fog,control,smooth,-8.962949302349088e-05
common_101,F13_233_to_232,temperature,fog,control,high_support,0.0
common_101,F13_233_to_232,temperature,fog,failure,raw,-0.0003500000000002945
common_101,F13_233_to_232,temperature,fog,failure,smooth,-0.0002529038849357068
common_101,F13_233_to_232,temperature,fog,failure,high_support,0.00010108450474344277
common_101,F13_233_to_232,humidity,co2_sensor,control,raw,-4.06249999997943e-05
common_101,F13_233_to_232,humidity,co2_sensor,control,smooth,-3.1108026795956256e-05
common_101,F13_233_to_232,humidity,co2_sensor,control,high_support,0.0
common_101,F13_233_to_232,humidity,co2_sensor,failure,raw,-7.499999999938112e-06
common_101,F13_233_to_232,humidity,co2_sensor,failure,smooth,-1.0170688568233999e-05
common_101,F13_233_to_232,humidity,co2_sensor,failure,high_support,0.0
common_101,F13_233_to_232,humidity,ventilation,control,raw,0.0016650694444445557
common_101,F13_233_to_232,humidity,ventilation,control,smooth,0.0009654567686724347
common_101,F13_233_to_232,humidity,ventilation,control,high_support,0.0009027287086592131
common_101,F13_233_to_232,humidity,ventilation,failure,raw,0.0007068055555563557
common_101,F13_233_to_232,humidity,ventilation,failure,smooth,0.0003745315299441554
common_101,F13_233_to_232,humidity,ventilation,failure,high_support,0.00132463695290308
common_101,F13_233_to_232,humidity,heating,control,raw,0.004445416666666535
common_101,F13_233_to_232,humidity,heating,control,smooth,0.004132421573454392
common_101,F13_233_to_232,humidity,heating,control,high_support,0.002082858860603977
common_101,F13_233_to_232,humidity,heating,failure,raw,0.009159166666667051
common_101,F13_233_to_232,humidity,heating,failure,smooth,0.005842639745710532
common_101,F13_233_to_232,humidity,heating,failure,high_support,0.012460375524065426
common_101,F13_233_to_232,humidity,curtains,control,raw,-0.00031319444444455335
common_101,F13_233_to_232,humidity,curtains,control,smooth,-0.00018028554835813893
common_101,F13_233_to_232,humidity,curtains,control,high_support,-3.1488996652263845e-05
common_101,F13_233_to_232,humidity,curtains,failure,raw,0.00033722222222243303
common_101,F13_233_to_232,humidity,curtains,failure,smooth,0.0002777009052747914
common_101,F13_233_to_232,humidity,curtains,failure,high_support,-0.00044748116138992877
common_101,F13_233_to_232,humidity,co2_action,control,raw,-0.0013278472222222337
common_101,F13_233_to_232,humidity,co2_action,control,smooth,-0.0011052107521596355
common_101,F13_233_to_232,humidity,co2_action,control,high_support,-0.0010105411885595814
common_101,F13_233_to_232,humidity,co2_action,failure,raw,0.0017129861111115918
common_101,F13_233_to_232,humidity,co2_action,failure,smooth,0.001734538055228274
common_101,F13_233_to_232,humidity,co2_action,failure,high_support,0.0001655632733266743
common_101,F13_233_to_232,humidity,fan,control,raw,-0.015002500000000252
common_101,F13_233_to_232,humidity,fan,control,smooth,-0.015419228668194007
common_101,F13_233_to_232,humidity,fan,control,high_support,-0.014849875030924171
common_101,F13_233_to_232,humidity,fan,failure,raw,-0.021717986111110754
common_101,F13_233_to_232,humidity,fan,failure,smooth,-0.025984876893549225
common_101,F13_233_to_232,humidity,fan,failure,high_support,-0.007644411930867748
common_101,F13_233_to_232,humidity,fog,control,raw,0.0003861111111110871
common_101,F13_233_to_232,humidity,fog,control,smooth,0.00024183327580784564
common_101,F13_233_to_232,humidity,fog,control,high_support,0.00040584097180852013
common_101,F13_233_to_232,humidity,fog,failure,raw,0.0002305555555557337
common_101,F13_233_to_232,humidity,fog,failure,smooth,0.00015931430652527112
common_101,F13_233_to_232,humidity,fog,failure,high_support,5.5410570229785794e-05
common_101,F13_233_to_232,co2_sensor,ventilation,control,raw,0.0014007638888889895
common_101,F13_233_to_232,co2_sensor,ventilation,control,smooth,0.0009954855296425702
common_101,F13_233_to_232,co2_sensor,ventilation,control,high_support,0.00045558609692181173
common_101,F13_233_to_232,co2_sensor,ventilation,failure,raw,-0.0008018055555552017
common_101,F13_233_to_232,co2_sensor,ventilation,failure,smooth,-0.000479450135671744
common_101,F13_233_to_232,co2_sensor,ventilation,failure,high_support,-3.620652970931504e-05
common_101,F13_233_to_232,co2_sensor,heating,control,raw,-0.005350624999999831
common_101,F13_233_to_232,co2_sensor,heating,control,smooth,-0.0056489360420677315
common_101,F13_233_to_232,co2_sensor,heating,control,high_support,3.2178542116019504e-05
common_101,F13_233_to_232,co2_sensor,heating,failure,raw,-0.002953124999999668
common_101,F13_233_to_232,co2_sensor,heating,failure,smooth,-0.004583927738414761
common_101,F13_233_to_232,co2_sensor,heating,failure,high_support,-0.012707274619331632
common_101,F13_233_to_232,co2_sensor,curtains,control,raw,-0.000364652777777863
common_101,F13_233_to_232,co2_sensor,curtains,control,smooth,-0.0002542250134556223
common_101,F13_233_to_232,co2_sensor,curtains,control,high_support,-5.061559668487897e-05
common_101,F13_233_to_232,co2_sensor,curtains,failure,raw,-0.0008732638888886424
common_101,F13_233_to_232,co2_sensor,curtains,failure,smooth,-0.0005679601902461862
common_101,F13_233_to_232,co2_sensor,curtains,failure,high_support,-0.00020740203621044673
common_101,F13_233_to_232,co2_sensor,co2_action,control,raw,0.0001452777777780634
common_101,F13_233_to_232,co2_sensor,co2_action,control,smooth,1.0447717240236187e-06
common_101,F13_233_to_232,co2_sensor,co2_action,control,high_support,0.0005176736357416986
common_101,F13_233_to_232,co2_sensor,co2_action,failure,raw,-0.0006358333333329469
common_101,F13_233_to_232,co2_sensor,co2_action,failure,smooth,-0.0006460677307345009
common_101,F13_233_to_232,co2_sensor,co2_action,failure,high_support,-0.0002148677775548613
common_101,F13_233_to_232,co2_sensor,fan,control,raw,0.0004465972222220671
common_101,F13_233_to_232,co2_sensor,fan,control,smooth,0.001347296967224354
common_101,F13_233_to_232,co2_sensor,fan,control,high_support,0.012812665715026421
common_101,F13_233_to_232,co2_sensor,fan,failure,raw,0.0047395138888892685
common_101,F13_233_to_232,co2_sensor,fan,failure,smooth,0.005040535729065265
common_101,F13_233_to_232,co2_sensor,fan,failure,high_support,0.0024403370570928312
common_101,F13_233_to_232,co2_sensor,fog,control,raw,0.0007629166666667242
common_101,F13_233_to_232,co2_sensor,fog,control,smooth,0.0005079137442126624
common_101,F13_233_to_232,co2_sensor,fog,control,high_support,0.00042109273999098307
common_101,F13_233_to_232,co2_sensor,fog,failure,raw,0.0002148611111110199
common_101,F13_233_to_232,co2_sensor,fog,failure,smooth,0.00014937394666225678
common_101,F13_233_to_232,co2_sensor,fog,failure,high_support,0.00015895657841447086
common_101,F13_233_to_232,ventilation,heating,control,raw,0.009840208333333655
common_101,F13_233_to_232,ventilation,heating,control,smooth,0.006743730094808775
common_101,F13_233_to_232,ventilation,heating,control,high_support,-0.005969365695828996
common_101,F13_233_to_232,ventilation,heating,failure,raw,-0.0059954166666669195
common_101,F13_233_to_232,ventilation,heating,failure,smooth,-0.004356102971387665
common_101,F13_233_to_232,ventilation,heating,failure,high_support,-0.013127264393870242
common_101,F13_233_to_232,ventilation,curtains,control,raw,-0.010441388888888903
common_101,F13_233_to_232,ventilation,curtains,control,smooth,-0.00655303563877363
common_101,F13_233_to_232,ventilation,curtains,control,high_support,-0.004999415573087841
common_101,F13_233_to_232,ventilation,curtains,failure,raw,-0.010795486111110586
common_101,F13_233_to_232,ventilation,curtains,failure,smooth,-0.006644982871206295
common_101,F13_233_to_232,ventilation,curtains,failure,high_support,-0.0026455217005083576
common_101,F13_233_to_232,ventilation,co2_action,control,raw,-0.0043139583333332565
common_101,F13_233_to_232,ventilation,co2_action,control,smooth,-0.00281718323641611
common_101,F13_233_to_232,ventilation,co2_action,control,high_support,-0.00188433650775207
common_101,F13_233_to_232,ventilation,co2_action,failure,raw,-0.0035129861111107274
common_101,F13_233_to_232,ventilation,co2_action,failure,smooth,-0.002320275955513873
common_101,F13_233_to_232,ventilation,co2_action,failure,high_support,-0.001450500266756638
common_101,F13_233_to_232,ventilation,fan,control,raw,0.052980555555555364
common_101,F13_233_to_232,ventilation,fan,control,smooth,0.03394640867555054
common_101,F13_233_to_232,ventilation,fan,control,high_support,0.029429034446018902
common_101,F13_233_to_232,ventilation,fan,failure,raw,0.03620590277777758
common_101,F13_233_to_232,ventilation,fan,failure,smooth,0.021943320039670366
common_101,F13_233_to_232,ventilation,fan,failure,high_support,0.01733786525311895
common_101,F13_233_to_232,ventilation,fog,control,raw,0.002507986111111138
common_101,F13_233_to_232,ventilation,fog,control,smooth,0.0015342013664156884
common_101,F13_233_to_232,ventilation,fog,control,high_support,0.0006744163271504011
common_101,F13_233_to_232,ventilation,fog,failure,raw,0.0019756944444448976
common_101,F13_233_to_232,ventilation,fog,failure,smooth,0.0012467588929199191
common_101,F13_233_to_232,ventilation,fog,failure,high_support,-2.003337582578979e-05
common_101,F13_233_to_232,heating,curtains,control,raw,-0.003934166666667016
common_101,F13_233_to_232,heating,curtains,control,smooth,-0.0022843499546222334
common_101,F13_233_to_232,heating,curtains,control,high_support,-0.0007822393980561129
common_101,F13_233_to_232,heating,curtains,failure,raw,0.000482291666667356
common_101,F13_233_to_232,heating,curtains,failure,smooth,0.0009332315022057003
common_101,F13_233_to_232,heating,curtains,failure,high_support,0.0038027887821141526
common_101,F13_233_to_232,heating,co2_action,control,raw,0.0003479861111110871
common_101,F13_233_to_232,heating,co2_action,control,smooth,0.0009239759628301147
common_101,F13_233_to_232,heating,co2_action,control,high_support,-0.004159747981345732
common_101,F13_233_to_232,heating,co2_action,failure,raw,-0.0032943749999996275
common_101,F13_233_to_232,heating,co2_action,failure,smooth,-0.0031281673938756693
common_101,F13_233_to_232,heating,co2_action,failure,high_support,-0.00045771673673666857
common_101,F13_233_to_232,heating,fan,control,raw,0.032636388888888535
common_101,F13_233_to_232,heating,fan,control,smooth,0.04196991997147448
common_101,F13_233_to_232,heating,fan,control,high_support,-0.22900101009232265
common_101,F13_233_to_232,heating,fan,failure,raw,0.08753854166666708
common_101,F13_233_to_232,heating,fan,failure,smooth,0.10373017052127897
common_101,F13_233_to_232,heating,fan,failure,high_support,-0.17737752566754
common_101,F13_233_to_232,heating,fog,control,raw,-0.008889861111111008
common_101,F13_233_to_232,heating,fog,control,smooth,-0.00601586410446342
common_101,F13_233_to_232,heating,fog,control,high_support,-0.00033894694690558835
common_101,F13_233_to_232,heating,fog,failure,raw,-0.005755138888889011
common_101,F13_233_to_232,heating,fog,failure,smooth,-0.00394981363247382
common_101,F13_233_to_232,heating,fog,failure,high_support,-0.004022708925067731
common_101,F13_233_to_232,curtains,co2_action,control,raw,-0.0004936111111112362
common_101,F13_233_to_232,curtains,co2_action,control,smooth,-0.00045482394252327474
common_101,F13_233_to_232,curtains,co2_action,control,high_support,-0.0011729567821447684
common_101,F13_233_to_232,curtains,co2_action,failure,raw,1.7361111111613425e-05
common_101,F13_233_to_232,curtains,co2_action,failure,smooth,-0.00015903086416391155
common_101,F13_233_to_232,curtains,co2_action,failure,high_support,-4.329872576380733e-05
common_101,F13_233_to_232,curtains,fan,control,raw,-0.012842013888889503
common_101,F13_233_to_232,curtains,fan,control,smooth,-0.008258381480459542
common_101,F13_233_to_232,curtains,fan,control,high_support,-0.002883445347367737
common_101,F13_233_to_232,curtains,fan,failure,raw,-0.008399861111110574
common_101,F13_233_to_232,curtains,fan,failure,smooth,-0.00499944932722074
common_101,F13_233_to_232,curtains,fan,failure,high_support,-0.000930546382166747
common_101,F13_233_to_232,curtains,fog,control,raw,-0.0011313194444445562
common_101,F13_233_to_232,curtains,fog,control,smooth,-0.0007691196413283086
common_101,F13_233_to_232,curtains,fog,control,high_support,-0.0005725791336820552
common_101,F13_233_to_232,curtains,fog,failure,raw,-0.0017442361111108529
common_101,F13_233_to_232,curtains,fog,failure,smooth,-0.001133599072394409
common_101,F13_233_to_232,curtains,fog,failure,high_support,0.00047705043120455093
common_101,F13_233_to_232,co2_action,fan,control,raw,-0.006475694444444735
common_101,F13_233_to_232,co2_action,fan,control,smooth,-0.006155170408585375
common_101,F13_233_to_232,co2_action,fan,control,high_support,-0.0052652846114453825
common_101,F13_233_to_232,co2_action,fan,failure,raw,-0.012333680555555282
common_101,F13_233_to_232,co2_action,fan,failure,smooth,-0.011731836665645368
common_101,F13_233_to_232,co2_action,fan,failure,high_support,-0.0020748639097409316
common_101,F13_233_to_232,co2_action,fog,control,raw,-0.0002921527777778321
common_101,F13_233_to_232,co2_action,fog,control,smooth,-0.00020299699335779575
common_101,F13_233_to_232,co2_action,fog,control,high_support,3.9256926145522786e-05
common_101,F13_233_to_232,co2_action,fog,failure,raw,-0.00025368055555530233
common_101,F13_233_to_232,co2_action,fog,failure,smooth,-0.00016658530148827566
common_101,F13_233_to_232,co2_action,fog,failure,high_support,-1.1102230246251565e-16
common_101,F13_233_to_232,fan,fog,control,raw,0.01039798611111098
common_101,F13_233_to_232,fan,fog,control,smooth,0.006897733101656978
common_101,F13_233_to_232,fan,fog,control,high_support,0.004686953572931703
common_101,F13_233_to_232,fan,fog,failure,raw,0.011111527777777686
common_101,F13_233_to_232,fan,fog,failure,smooth,0.007295445761267394
common_101,F13_233_to_232,fan,fog,failure,high_support,0.0008128535216184868
common_101,F47_161_to_160,season,temperature,control,raw,-0.001639166666666858
common_101,F47_161_to_160,season,temperature,control,smooth,-0.0017001906100466702
common_101,F47_161_to_160,season,temperature,control,high_support,-0.002106196461226506
common_101,F47_161_to_160,season,temperature,failure,raw,-0.004950902777777655
common_101,F47_161_to_160,season,temperature,failure,smooth,-0.004821474006633686
common_101,F47_161_to_160,season,temperature,failure,high_support,-0.0047485491199390495
common_101,F47_161_to_160,season,humidity,control,raw,-0.0015204166666669128
common_101,F47_161_to_160,season,humidity,control,smooth,-0.0018453458323940408
common_101,F47_161_to_160,season,humidity,control,high_support,-0.0016666666666666635
common_101,F47_161_to_160,season,humidity,failure,raw,-0.003042013888888917
common_101,F47_161_to_160,season,humidity,failure,smooth,-0.003260162861587146
common_101,F47_161_to_160,season,humidity,failure,high_support,-0.004999999999999893
common_101,F47_161_to_160,season,co2_sensor,control,raw,-0.0004743750000002489
common_101,F47_161_to_160,season,co2_sensor,control,smooth,-0.0006300713023488225
common_101,F47_161_to_160,season,co2_sensor,control,high_support,4.163336342344337e-17
common_101,F47_161_to_160,season,co2_sensor,failure,raw,-0.0013490277777779003
common_101,F47_161_to_160,season,co2_sensor,failure,smooth,-0.0007825723796106576
common_101,F47_161_to_160,season,co2_sensor,failure,high_support,-0.0005801736543276648
common_101,F47_161_to_160,season,ventilation,control,raw,0.0008565972222219775
common_101,F47_161_to_160,season,ventilation,control,smooth,0.0006264335145710342
common_101,F47_161_to_160,season,ventilation,control,high_support,0.0003122426461031891
common_101,F47_161_to_160,season,ventilation,failure,raw,0.0003974999999996065
common_101,F47_161_to_160,season,ventilation,failure,smooth,0.0002941229714341631
common_101,F47_161_to_160,season,ventilation,failure,high_support,0.0003122426461034111
common_101,F47_161_to_160,season,heating,control,raw,0.009412569444444241
common_101,F47_161_to_160,season,heating,control,smooth,0.00881471661524491
common_101,F47_161_to_160,season,heating,control,high_support,-0.0004895473661961358
common_101,F47_161_to_160,season,heating,failure,raw,-0.003423055555555665
common_101,F47_161_to_160,season,heating,failure,smooth,-0.0038974776175155768
common_101,F47_161_to_160,season,heating,failure,high_support,-0.01358798572192027
common_101,F47_161_to_160,season,curtains,control,raw,0.00011479166666650276
common_101,F47_161_to_160,season,curtains,control,smooth,9.707357636368208e-05
common_101,F47_161_to_160,season,curtains,control,high_support,-6.938893903907228e-18
common_101,F47_161_to_160,season,curtains,failure,raw,0.0001565277777777485
common_101,F47_161_to_160,season,curtains,failure,smooth,0.00010310428504944902
common_101,F47_161_to_160,season,curtains,failure,high_support,0.00029507342107659706
common_101,F47_161_to_160,season,co2_action,control,raw,5.5555555553699065e-06
common_101,F47_161_to_160,season,co2_action,control,smooth,2.3135894886561204e-06
common_101,F47_161_to_160,season,co2_action,control,high_support,6.0975028919309227e-05
common_101,F47_161_to_160,season,co2_action,failure,raw,3.5347222222092967e-05
common_101,F47_161_to_160,season,co2_action,failure,smooth,4.3140049015732984e-05
common_101,F47_161_to_160,season,co2_action,failure,high_support,6.097502891933004e-05
common_101,F47_161_to_160,season,fog,control,raw,-0.0002843750000001144
common_101,F47_161_to_160,season,fog,control,smooth,-0.0001875102340981316
common_101,F47_161_to_160,season,fog,control,high_support,-0.0006861577578401723
common_101,F47_161_to_160,season,fog,failure,raw,-0.000623263888889225
common_101,F47_161_to_160,season,fog,failure,smooth,-0.00041762934062505863
common_101,F47_161_to_160,season,fog,failure,high_support,-0.00048538182202984004
common_101,F47_161_to_160,temperature,humidity,control,raw,0.013616388888888498
common_101,F47_161_to_160,temperature,humidity,control,smooth,0.01359626422416893
common_101,F47_161_to_160,temperature,humidity,control,high_support,0.012608353165213138
common_101,F47_161_to_160,temperature,humidity,failure,raw,0.010352916666666934
common_101,F47_161_to_160,temperature,humidity,failure,smooth,0.009520224006143385
common_101,F47_161_to_160,temperature,humidity,failure,high_support,0.0049342216851938625
common_101,F47_161_to_160,temperature,co2_sensor,control,raw,-0.05737812500000028
common_101,F47_161_to_160,temperature,co2_sensor,control,smooth,-0.06570698019782073
common_101,F47_161_to_160,temperature,co2_sensor,control,high_support,-0.026298541714271442
common_101,F47_161_to_160,temperature,co2_sensor,failure,raw,-0.06833791666666544
common_101,F47_161_to_160,temperature,co2_sensor,failure,smooth,-0.07529794392984634
common_101,F47_161_to_160,temperature,co2_sensor,failure,high_support,-0.09364209335562321
common_101,F47_161_to_160,temperature,ventilation,control,raw,0.0003632638888886319
common_101,F47_161_to_160,temperature,ventilation,control,smooth,0.00024349127137446303
common_101,F47_161_to_160,temperature,ventilation,control,high_support,-1.402961071030745e-05
common_101,F47_161_to_160,temperature,ventilation,failure,raw,9.444444444417499e-05
common_101,F47_161_to_160,temperature,ventilation,failure,smooth,9.995748098612367e-05
common_101,F47_161_to_160,temperature,ventilation,failure,high_support,9.733843654635699e-05
common_101,F47_161_to_160,temperature,heating,control,raw,-0.021572291666667076
common_101,F47_161_to_160,temperature,heating,control,smooth,-0.026226677396699594
common_101,F47_161_to_160,temperature,heating,control,high_support,0.01120651662341167
common_101,F47_161_to_160,temperature,heating,failure,raw,0.01803965277777886
common_101,F47_161_to_160,temperature,heating,failure,smooth,0.018657211763851267
common_101,F47_161_to_160,temperature,heating,failure,high_support,0.0006382269144600272
common_101,F47_161_to_160,temperature,curtains,control,raw,-0.0003589583333337698
common_101,F47_161_to_160,temperature,curtains,control,smooth,-0.00032857639323091714
common_101,F47_161_to_160,temperature,curtains,control,high_support,-0.00014530946628816405
common_101,F47_161_to_160,temperature,curtains,failure,raw,0.0004584722222225057
common_101,F47_161_to_160,temperature,curtains,failure,smooth,0.00041638753236394876
common_101,F47_161_to_160,temperature,curtains,failure,high_support,0.0005272734759010911
common_101,F47_161_to_160,temperature,co2_action,control,raw,-1.2499999999526779e-06
common_101,F47_161_to_160,temperature,co2_action,control,smooth,-8.582013701652347e-05
common_101,F47_161_to_160,temperature,co2_action,control,high_support,-5.808151040077869e-05
common_101,F47_161_to_160,temperature,co2_action,failure,raw,-0.0003059722222220618
common_101,F47_161_to_160,temperature,co2_action,failure,smooth,-0.00026072356662765195
common_101,F47_161_to_160,temperature,co2_action,failure,high_support,-0.0009449631385924917
common_101,F47_161_to_160,temperature,fog,control,raw,0.0026162499999999866
common_101,F47_161_to_160,temperature,fog,control,smooth,0.0016977625533667329
common_101,F47_161_to_160,temperature,fog,control,high_support,0.0009598903647807938
common_101,F47_161_to_160,temperature,fog,failure,raw,0.004419722222222422
common_101,F47_161_to_160,temperature,fog,failure,smooth,0.0028423875847389812
common_101,F47_161_to_160,temperature,fog,failure,high_support,0.0026976440597500373
common_101,F47_161_to_160,humidity,co2_sensor,control,raw,-0.0398953472222221
common_101,F47_161_to_160,humidity,co2_sensor,control,smooth,-0.04235197137885205
common_101,F47_161_to_160,humidity,co2_sensor,control,high_support,-0.004109503281051627
common_101,F47_161_to_160,humidity,co2_sensor,failure,raw,-0.09662368055555548
common_101,F47_161_to_160,humidity,co2_sensor,failure,smooth,-0.11505662317788001
common_101,F47_161_to_160,humidity,co2_sensor,failure,high_support,-0.09560902849490813
common_101,F47_161_to_160,humidity,ventilation,control,raw,-0.0004824305555557462
common_101,F47_161_to_160,humidity,ventilation,control,smooth,-0.00028847558379474503
common_101,F47_161_to_160,humidity,ventilation,control,high_support,-0.000325156884773678
common_101,F47_161_to_160,humidity,ventilation,failure,raw,0.0005290972222222745
common_101,F47_161_to_160,humidity,ventilation,failure,smooth,0.00040442025981279883
common_101,F47_161_to_160,humidity,ventilation,failure,high_support,-0.00010904491519719839
common_101,F47_161_to_160,humidity,heating,control,raw,0.0318996527777784
common_101,F47_161_to_160,humidity,heating,control,smooth,0.050371755280219976
common_101,F47_161_to_160,humidity,heating,control,high_support,0.08272258331284496
common_101,F47_161_to_160,humidity,heating,failure,raw,0.025474861111110858
common_101,F47_161_to_160,humidity,heating,failure,smooth,0.031283534944817504
common_101,F47_161_to_160,humidity,heating,failure,high_support,0.052379928603496884
common_101,F47_161_to_160,humidity,curtains,control,raw,-0.0005325000000001578
common_101,F47_161_to_160,humidity,curtains,control,smooth,-0.00038546304788300567
common_101,F47_161_to_160,humidity,curtains,control,high_support,-9.4848431931846e-05
common_101,F47_161_to_160,humidity,curtains,failure,raw,-0.0005839583333329124
common_101,F47_161_to_160,humidity,curtains,failure,smooth,-0.0004259488172777548
common_101,F47_161_to_160,humidity,curtains,failure,high_support,-0.00022523056714301992
common_101,F47_161_to_160,humidity,co2_action,control,raw,-0.00023180555555557536
common_101,F47_161_to_160,humidity,co2_action,control,smooth,-0.00012351346979033728
common_101,F47_161_to_160,humidity,co2_action,control,high_support,0.00022926757174581563
common_101,F47_161_to_160,humidity,co2_action,failure,raw,-0.0006291666666664586
common_101,F47_161_to_160,humidity,co2_action,failure,smooth,-0.0003906061817708917
common_101,F47_161_to_160,humidity,co2_action,failure,high_support,0.000769392218872289
common_101,F47_161_to_160,humidity,fog,control,raw,0.0026925694444439596
common_101,F47_161_to_160,humidity,fog,control,smooth,0.0017220349435587146
common_101,F47_161_to_160,humidity,fog,control,high_support,0.0010542822879639202
common_101,F47_161_to_160,humidity,fog,failure,raw,0.0013591666666668
common_101,F47_161_to_160,humidity,fog,failure,smooth,0.0008489535581430729
common_101,F47_161_to_160,humidity,fog,failure,high_support,-0.0010628371536114956
common_101,F47_161_to_160,co2_sensor,ventilation,control,raw,-0.008253402777778085
common_101,F47_161_to_160,co2_sensor,ventilation,control,smooth,-0.005446604806445876
common_101,F47_161_to_160,co2_sensor,ventilation,control,high_support,-0.0014465145957856113
common_101,F47_161_to_160,co2_sensor,ventilation,failure,raw,-0.0025925000000001086
common_101,F47_161_to_160,co2_sensor,ventilation,failure,smooth,-0.0016716420002129695
common_101,F47_161_to_160,co2_sensor,ventilation,failure,high_support,0.00027155703493081385
common_101,F47_161_to_160,co2_sensor,heating,control,raw,-0.06989847222222278
common_101,F47_161_to_160,co2_sensor,heating,control,smooth,-0.08450667381089849
common_101,F47_161_to_160,co2_sensor,heating,control,high_support,0.1522136332582288
common_101,F47_161_to_160,co2_sensor,heating,failure,raw,-0.08200090277777794
common_101,F47_161_to_160,co2_sensor,heating,failure,smooth,-0.10774712742002746
common_101,F47_161_to_160,co2_sensor,heating,failure,high_support,0.05801757093081944
common_101,F47_161_to_160,co2_sensor,curtains,control,raw,-0.0004788888888890286
common_101,F47_161_to_160,co2_sensor,curtains,control,smooth,-0.0005941125467819885
common_101,F47_161_to_160,co2_sensor,curtains,control,high_support,0.00042262897736097815
common_101,F47_161_to_160,co2_sensor,curtains,failure,raw,-0.0022786111111110507
common_101,F47_161_to_160,co2_sensor,curtains,failure,smooth,-0.0015522804541752144
common_101,F47_161_to_160,co2_sensor,curtains,failure,high_support,-0.0004166942387325845
common_101,F47_161_to_160,co2_sensor,co2_action,control,raw,0.0011137500000000244
common_101,F47_161_to_160,co2_sensor,co2_action,control,smooth,0.001055641511750971
common_101,F47_161_to_160,co2_sensor,co2_action,control,high_support,-9.671763318903209e-05
common_101,F47_161_to_160,co2_sensor,co2_action,failure,raw,-0.0007462500000000594
common_101,F47_161_to_160,co2_sensor,co2_action,failure,smooth,-0.0004943844644961226
common_101,F47_161_to_160,co2_sensor,co2_action,failure,high_support,0.0006969563345763929
common_101,F47_161_to_160,co2_sensor,fog,control,raw,0.00032361111111112173
common_101,F47_161_to_160,co2_sensor,fog,control,smooth,0.0001793516390675709
common_101,F47_161_to_160,co2_sensor,fog,control,high_support,-0.0015056540570970445
common_101,F47_161_to_160,co2_sensor,fog,failure,raw,-0.006868611111111256
common_101,F47_161_to_160,co2_sensor,fog,failure,smooth,-0.004367749688513722
common_101,F47_161_to_160,co2_sensor,fog,failure,high_support,-0.006497292087035478
common_101,F47_161_to_160,ventilation,heating,control,raw,-0.00021277777777828355
common_101,F47_161_to_160,ventilation,heating,control,smooth,-0.0003288570211197328
common_101,F47_161_to_160,ventilation,heating,control,high_support,-0.0012106436880118948
common_101,F47_161_to_160,ventilation,heating,failure,raw,0.004384513888888497
common_101,F47_161_to_160,ventilation,heating,failure,smooth,0.002741367704545583
common_101,F47_161_to_160,ventilation,heating,failure,high_support,1.4091106059432867e-05
common_101,F47_161_to_160,ventilation,curtains,control,raw,0.0002847916666667283
common_101,F47_161_to_160,ventilation,curtains,control,smooth,0.00021848573175853314
common_101,F47_161_to_160,ventilation,curtains,control,high_support,0.00015895657841442923
common_101,F47_161_to_160,ventilation,curtains,failure,raw,0.00011166666666673208
common_101,F47_161_to_160,ventilation,curtains,failure,smooth,5.820001126788377e-05
common_101,F47_161_to_160,ventilation,curtains,failure,high_support,-0.0001431904640162296
common_101,F47_161_to_160,ventilation,co2_action,control,raw,0.00019652777777756647
common_101,F47_161_to_160,ventilation,co2_action,control,smooth,0.00018361714424186548
common_101,F47_161_to_160,ventilation,co2_action,control,high_support,0.00017220204754225116
common_101,F47_161_to_160,ventilation,co2_action,failure,raw,-2.868055555604876e-05
common_101,F47_161_to_160,ventilation,co2_action,failure,smooth,-2.859259720144891e-05
common_101,F47_161_to_160,ventilation,co2_action,failure,high_support,0.0001808854323711584
common_101,F47_161_to_160,ventilation,fog,control,raw,-0.002155416666666854
common_101,F47_161_to_160,ventilation,fog,control,smooth,-0.0013299866001146299
common_101,F47_161_to_160,ventilation,fog,control,high_support,-6.0174139444521546e-05
common_101,F47_161_to_160,ventilation,fog,failure,raw,-0.003724722222222532
common_101,F47_161_to_160,ventilation,fog,failure,smooth,-0.0023777082457336896
common_101,F47_161_to_160,ventilation,fog,failure,high_support,-0.0018885590746277048
common_101,F47_161_to_160,heating,curtains,control,raw,-0.00014833333333363896
common_101,F47_161_to_160,heating,curtains,control,smooth,-2.816581165643317e-05
common_101,F47_161_to_160,heating,curtains,control,high_support,-0.0012101968783657796
common_101,F47_161_to_160,heating,curtains,failure,raw,-0.0005210416666665552
common_101,F47_161_to_160,heating,curtains,failure,smooth,-0.000512366547080978
common_101,F47_161_to_160,heating,curtains,failure,high_support,-0.0012711652331018342
common_101,F47_161_to_160,heating,co2_action,control,raw,0.00061819444444422
common_101,F47_161_to_160,heating,co2_action,control,smooth,0.00032889508860001193
common_101,F47_161_to_160,heating,co2_action,control,high_support,0.0001942533202320476
common_101,F47_161_to_160,heating,co2_action,failure,raw,-0.0015204166666669128
common_101,F47_161_to_160,heating,co2_action,failure,smooth,-0.001097503488769247
common_101,F47_161_to_160,heating,co2_action,failure,high_support,0.0011051999690893655
common_101,F47_161_to_160,heating,fog,control,raw,0.008415763888888983
common_101,F47_161_to_160,heating,fog,control,smooth,0.005457156135775354
common_101,F47_161_to_160,heating,fog,control,high_support,0.010170601316109681
common_101,F47_161_to_160,heating,fog,failure,raw,0.008827222222222098
common_101,F47_161_to_160,heating,fog,failure,smooth,0.0056618111800523785
common_101,F47_161_to_160,heating,fog,failure,high_support,0.008157877721456208
common_101,F47_161_to_160,curtains,co2_action,control,raw,0.0002429861111111764
common_101,F47_161_to_160,curtains,co2_action,control,smooth,0.0001832347845314164
common_101,F47_161_to_160,curtains,co2_action,control,high_support,0.00011650604555766414
common_101,F47_161_to_160,curtains,co2_action,failure,raw,-0.00019138888888892147
common_101,F47_161_to_160,curtains,co2_action,failure,smooth,-0.0001628408867082598
common_101,F47_161_to_160,curtains,co2_action,failure,high_support,-0.0001725076360794553
common_101,F47_161_to_160,curtains,fog,control,raw,0.00017888888888872856
common_101,F47_161_to_160,curtains,fog,control,smooth,6.545366252408424e-05
common_101,F47_161_to_160,curtains,fog,control,high_support,0.00033052582390622615
common_101,F47_161_to_160,curtains,fog,failure,raw,-0.0006127777777775734
common_101,F47_161_to_160,curtains,fog,failure,smooth,-0.00045372403334753564
common_101,F47_161_to_160,curtains,fog,failure,high_support,-0.00022028539985041728
common_101,F47_161_to_160,co2_action,fog,control,raw,-1.833333333345344e-05
common_101,F47_161_to_160,co2_action,fog,control,smooth,-7.444794317357228e-06
common_101,F47_161_to_160,co2_action,fog,control,high_support,-0.00011310455094421662
common_101,F47_161_to_160,co2_action,fog,failure,raw,-0.00010458333333329684
common_101,F47_161_to_160,co2_action,fog,failure,smooth,-0.00011594995951513809
common_101,F47_161_to_160,co2_action,fog,failure,high_support,-0.00017446477671057004
common_2024,F47_161_to_165,season,temperature,control,raw,0.00048298611111158296
common_2024,F47_161_to_165,season,temperature,control,smooth,0.00022848834605304624
common_2024,F47_161_to_165,season,temperature,control,high_support,1.6263032587282567e-19
common_2024,F47_161_to_165,season,temperature,failure,raw,0.0032013194444442394
common_2024,F47_161_to_165,season,temperature,failure,smooth,0.003943620830059613
common_2024,F47_161_to_165,season,temperature,failure,high_support,0.004826094043365314
common_2024,F47_161_to_165,season,humidity,control,raw,-0.0008936111111115252
common_2024,F47_161_to_165,season,humidity,control,smooth,-0.0011290970512761733
common_2024,F47_161_to_165,season,humidity,control,high_support,0.0
common_2024,F47_161_to_165,season,humidity,failure,raw,0.0030245138888889134
common_2024,F47_161_to_165,season,humidity,failure,smooth,0.0038015793534400544
common_2024,F47_161_to_165,season,humidity,failure,high_support,0.005082008057377074
common_2024,F47_161_to_165,season,co2_sensor,control,raw,-0.0006095833333333855
common_2024,F47_161_to_165,season,co2_sensor,control,smooth,-0.0006384640531159613
common_2024,F47_161_to_165,season,co2_sensor,control,high_support,-0.00011958204587280693
common_2024,F47_161_to_165,season,co2_sensor,failure,raw,0.007709236111111184
common_2024,F47_161_to_165,season,co2_sensor,failure,smooth,0.007972649178411895
common_2024,F47_161_to_165,season,co2_sensor,failure,high_support,6.285465422528613e-05
common_2024,F47_161_to_165,season,ventilation,control,raw,0.0009230555555552744
common_2024,F47_161_to_165,season,ventilation,control,smooth,0.000662397847261631
common_2024,F47_161_to_165,season,ventilation,control,high_support,5.293041149969372e-05
common_2024,F47_161_to_165,season,ventilation,failure,raw,0.0015509027777775852
common_2024,F47_161_to_165,season,ventilation,failure,smooth,0.0009014707452230653
common_2024,F47_161_to_165,season,ventilation,failure,high_support,0.0024194952135663805
common_2024,F47_161_to_165,season,heating,control,raw,-0.032584791666666446
common_2024,F47_161_to_165,season,heating,control,smooth,-0.02994381709530508
common_2024,F47_161_to_165,season,heating,control,high_support,-0.026975003974030354
common_2024,F47_161_to_165,season,heating,failure,raw,0.0002902083333331529
common_2024,F47_161_to_165,season,heating,failure,smooth,0.0018919580439071826
common_2024,F47_161_to_165,season,heating,failure,high_support,0.013823758505451589
common_2024,F47_161_to_165,season,curtains,control,raw,-0.006245763888888534
common_2024,F47_161_to_165,season,curtains,control,smooth,-0.007007283424341704
common_2024,F47_161_to_165,season,curtains,control,high_support,-0.0006139969041097993
common_2024,F47_161_to_165,season,curtains,failure,raw,0.0001390277777777449
common_2024,F47_161_to_165,season,curtains,failure,smooth,0.0008730652380424253
common_2024,F47_161_to_165,season,curtains,failure,high_support,4.640297413571748e-05
common_2024,F47_161_to_165,season,co2_action,control,raw,-0.00034770833333341855
common_2024,F47_161_to_165,season,co2_action,control,smooth,-0.00031330584598010525
common_2024,F47_161_to_165,season,co2_action,control,high_support,-1.1384122811097797e-18
common_2024,F47_161_to_165,season,co2_action,failure,raw,-0.0020607638888887614
common_2024,F47_161_to_165,season,co2_action,failure,smooth,-0.0015223378819093636
common_2024,F47_161_to_165,season,co2_action,failure,high_support,-0.000689003472465588
common_2024,F47_161_to_165,season,fan,control,raw,0.0010069444444445463
common_2024,F47_161_to_165,season,fan,control,smooth,0.0014076352207073595
common_2024,F47_161_to_165,season,fan,control,high_support,0.007579556400429967
common_2024,F47_161_to_165,season,fan,failure,raw,0.035179236111110734
common_2024,F47_161_to_165,season,fan,failure,smooth,0.035880824209021056
common_2024,F47_161_to_165,season,fan,failure,high_support,0.07026769747968628
common_2024,F47_161_to_165,season,fog,control,raw,-0.0009818055555556038
common_2024,F47_161_to_165,season,fog,control,smooth,-0.0006367068211174387
common_2024,F47_161_to_165,season,fog,control,high_support,-0.0004949403647896949
common_2024,F47_161_to_165,season,fog,failure,raw,-0.0008513888888894705
common_2024,F47_161_to_165,season,fog,failure,smooth,-0.0005501099671656462
common_2024,F47_161_to_165,season,fog,failure,high_support,-0.0004949403647896977
common_2024,F47_161_to_165,temperature,humidity,control,raw,0.0012795833333337225
common_2024,F47_161_to_165,temperature,humidity,control,smooth,0.000894339374849451
common_2024,F47_161_to_165,temperature,humidity,control,high_support,0.000717542912294372
common_2024,F47_161_to_165,temperature,humidity,failure,raw,0.03972770833333272
common_2024,F47_161_to_165,temperature,humidity,failure,smooth,0.04395538831153645
common_2024,F47_161_to_165,temperature,humidity,failure,high_support,0.04793056113159977
common_2024,F47_161_to_165,temperature,co2_sensor,control,raw,-0.0007610416666664621
common_2024,F47_161_to_165,temperature,co2_sensor,control,smooth,-0.0018152716099699706
common_2024,F47_161_to_165,temperature,co2_sensor,control,high_support,-0.001030475479453583
common_2024,F47_161_to_165,temperature,co2_sensor,failure,raw,-0.02834361111111028
common_2024,F47_161_to_165,temperature,co2_sensor,failure,smooth,-0.03229905639031183
common_2024,F47_161_to_165,temperature,co2_sensor,failure,high_support,-0.0376233411379005
common_2024,F47_161_to_165,temperature,ventilation,control,raw,0.00183145833333348
common_2024,F47_161_to_165,temperature,ventilation,control,smooth,0.0010967088322759166
common_2024,F47_161_to_165,temperature,ventilation,control,high_support,0.0003698337412945081
common_2024,F47_161_to_165,temperature,ventilation,failure,raw,-0.005679861111111295
common_2024,F47_161_to_165,temperature,ventilation,failure,smooth,-0.004428658066406577
common_2024,F47_161_to_165,temperature,ventilation,failure,high_support,0.004136590814586505
common_2024,F47_161_to_165,temperature,heating,control,raw,-0.00027444444444396643
common_2024,F47_161_to_165,temperature,heating,control,smooth,-0.0012305990181149529
common_2024,F47_161_to_165,temperature,heating,control,high_support,0.02720678758258485
common_2024,F47_161_to_165,temperature,heating,failure,raw,0.16737972222222441
common_2024,F47_161_to_165,temperature,heating,failure,smooth,0.18618550211998963
common_2024,F47_161_to_165,temperature,heating,failure,high_support,0.12181299115168581
common_2024,F47_161_to_165,temperature,curtains,control,raw,-0.00216743055555485
common_2024,F47_161_to_165,temperature,curtains,control,smooth,-0.003626286001366108
common_2024,F47_161_to_165,temperature,curtains,control,high_support,0.00022739752104965005
common_2024,F47_161_to_165,temperature,curtains,failure,raw,0.01190402777777777
common_2024,F47_161_to_165,temperature,curtains,failure,smooth,0.009937085640034482
common_2024,F47_161_to_165,temperature,curtains,failure,high_support,0.00859136279163586
common_2024,F47_161_to_165,temperature,co2_action,control,raw,0.00013652777777778402
common_2024,F47_161_to_165,temperature,co2_action,control,smooth,-3.270412649675203e-05
common_2024,F47_161_to_165,temperature,co2_action,control,high_support,-3.821086274913055e-05
common_2024,F47_161_to_165,temperature,co2_action,failure,raw,0.0316766666666668
common_2024,F47_161_to_165,temperature,co2_action,failure,smooth,0.024851732607231947
common_2024,F47_161_to_165,temperature,co2_action,failure,high_support,0.0035024082985664062
common_2024,F47_161_to_165,temperature,fan,control,raw,-0.22920354166666684
common_2024,F47_161_to_165,temperature,fan,control,smooth,-0.24513936852792811
common_2024,F47_161_to_165,temperature,fan,control,high_support,-0.12283843762124119
common_2024,F47_161_to_165,temperature,fan,failure,raw,-0.08285784722222167
common_2024,F47_161_to_165,temperature,fan,failure,smooth,-0.08948741998834941
common_2024,F47_161_to_165,temperature,fan,failure,high_support,0.007686994795617297
common_2024,F47_161_to_165,temperature,fog,control,raw,-0.00041222222222225824
common_2024,F47_161_to_165,temperature,fog,control,smooth,-0.00027452686293627515
common_2024,F47_161_to_165,temperature,fog,control,high_support,1.0299920638612292e-18
common_2024,F47_161_to_165,temperature,fog,failure,raw,-0.002769375000000629
common_2024,F47_161_to_165,temperature,fog,failure,smooth,-0.0017948932446556487
common_2024,F47_161_to_165,temperature,fog,failure,high_support,-0.0004236826055592502
common_2024,F47_161_to_165,humidity,co2_sensor,control,raw,-0.0020802083333334997
common_2024,F47_161_to_165,humidity,co2_sensor,control,smooth,-0.003111564684090906
common_2024,F47_161_to_165,humidity,co2_sensor,control,high_support,-0.0012271368721068238
common_2024,F47_161_to_165,humidity,co2_sensor,failure,raw,-0.11988722222222337
common_2024,F47_161_to_165,humidity,co2_sensor,failure,smooth,-0.13700948630814813
common_2024,F47_161_to_165,humidity,co2_sensor,failure,high_support,-0.11385744681574439
common_2024,F47_161_to_165,humidity,ventilation,control,raw,0.002718680555555575
common_2024,F47_161_to_165,humidity,ventilation,control,smooth,0.001828181742655699
common_2024,F47_161_to_165,humidity,ventilation,control,high_support,-0.00017446710954995627
common_2024,F47_161_to_165,humidity,ventilation,failure,raw,0.003043819444444207
common_2024,F47_161_to_165,humidity,ventilation,failure,smooth,0.002215236408771304
common_2024,F47_161_to_165,humidity,ventilation,failure,high_support,0.003849517455487672
common_2024,F47_161_to_165,humidity,heating,control,raw,-0.003840694444444681
common_2024,F47_161_to_165,humidity,heating,control,smooth,-0.0038228860399802667
common_2024,F47_161_to_165,humidity,heating,control,high_support,-0.0019740601624095174
common_2024,F47_161_to_165,humidity,heating,failure,raw,0.03308368055555477
common_2024,F47_161_to_165,humidity,heating,failure,smooth,0.04251115003195283
common_2024,F47_161_to_165,humidity,heating,failure,high_support,0.060083260736524535
common_2024,F47_161_to_165,humidity,curtains,control,raw,-0.0029647222222223824
common_2024,F47_161_to_165,humidity,curtains,control,smooth,-0.0032072504785780054
common_2024,F47_161_to_165,humidity,curtains,control,high_support,-0.0003793889870302133
common_2024,F47_161_to_165,humidity,curtains,failure,raw,-0.0030407638888891864
common_2024,F47_161_to_165,humidity,curtains,failure,smooth,-0.00024915294207072947
common_2024,F47_161_to_165,humidity,curtains,failure,high_support,-0.0016735209631508208
common_2024,F47_161_to_165,humidity,co2_action,control,raw,-0.0036643055555555804
common_2024,F47_161_to_165,humidity,co2_action,control,smooth,-0.0029517353512267808
common_2024,F47_161_to_165,humidity,co2_action,control,high_support,-0.0013454615246587924
common_2024,F47_161_to_165,humidity,co2_action,failure,raw,0.006738819444444211
common_2024,F47_161_to_165,humidity,co2_action,failure,smooth,0.004823946438055726
common_2024,F47_161_to_165,humidity,co2_action,failure,high_support,-0.0052921784273673445
common_2024,F47_161_to_165,humidity,fan,control,raw,-0.0026251388888889893
common_2024,F47_161_to_165,humidity,fan,control,smooth,-0.00811619275493064
common_2024,F47_161_to_165,humidity,fan,control,high_support,0.0016013058028595945
common_2024,F47_161_to_165,humidity,fan,failure,raw,0.029053472222221433
common_2024,F47_161_to_165,humidity,fan,failure,smooth,0.03523653384720293
common_2024,F47_161_to_165,humidity,fan,failure,high_support,0.06739945888508399
common_2024,F47_161_to_165,humidity,fog,control,raw,-0.0008150000000000102
common_2024,F47_161_to_165,humidity,fog,control,smooth,-0.0005117821902504982
common_2024,F47_161_to_165,humidity,fog,control,high_support,-2.710505431213761e-19
common_2024,F47_161_to_165,humidity,fog,failure,raw,-0.0015747916666668527
common_2024,F47_161_to_165,humidity,fog,failure,smooth,-0.001079781876743402
common_2024,F47_161_to_165,humidity,fog,failure,high_support,-0.0002401313466023347
common_2024,F47_161_to_165,co2_sensor,ventilation,control,raw,0.006264791666666714
common_2024,F47_161_to_165,co2_sensor,ventilation,control,smooth,0.004392372977490455
common_2024,F47_161_to_165,co2_sensor,ventilation,control,high_support,0.0011042861820548576
common_2024,F47_161_to_165,co2_sensor,ventilation,failure,raw,0.03994624999999985
common_2024,F47_161_to_165,co2_sensor,ventilation,failure,smooth,0.026857542030511716
common_2024,F47_161_to_165,co2_sensor,ventilation,failure,high_support,0.018359053495785094
common_2024,F47_161_to_165,co2_sensor,heating,control,raw,0.010444930555555176
common_2024,F47_161_to_165,co2_sensor,heating,control,smooth,0.009836348621880486
common_2024,F47_161_to_165,co2_sensor,heating,control,high_support,-0.0019660191343775237
common_2024,F47_161_to_165,co2_sensor,heating,failure,raw,-0.019093402777777158
common_2024,F47_161_to_165,co2_sensor,heating,failure,smooth,-0.03468689168045047
common_2024,F47_161_to_165,co2_sensor,heating,failure,high_support,0.034130541312136164
common_2024,F47_161_to_165,co2_sensor,curtains,control,raw,0.002691736111110954
common_2024,F47_161_to_165,co2_sensor,curtains,control,smooth,0.003748905935805291
common_2024,F47_161_to_165,co2_sensor,curtains,control,high_support,0.00018544941074014894
common_2024,F47_161_to_165,co2_sensor,curtains,failure,raw,0.01584249999999976
common_2024,F47_161_to_165,co2_sensor,curtains,failure,smooth,0.012419120621021018
common_2024,F47_161_to_165,co2_sensor,curtains,failure,high_support,0.009108576854299999
common_2024,F47_161_to_165,co2_sensor,co2_action,control,raw,0.0032082638888887294
common_2024,F47_161_to_165,co2_sensor,co2_action,control,smooth,0.0019374654252976575
common_2024,F47_161_to_165,co2_sensor,co2_action,control,high_support,0.0006852624228026276
common_2024,F47_161_to_165,co2_sensor,co2_action,failure,raw,-0.022636319444444553
common_2024,F47_161_to_165,co2_sensor,co2_action,failure,smooth,-0.017425942316399046
common_2024,F47_161_to_165,co2_sensor,co2_action,failure,high_support,-0.014265906321342059
common_2024,F47_161_to_165,co2_sensor,fan,control,raw,0.3264047222222208
common_2024,F47_161_to_165,co2_sensor,fan,control,smooth,0.35141585851523743
common_2024,F47_161_to_165,co2_sensor,fan,control,high_support,0.15735104318312246
common_2024,F47_161_to_165,co2_sensor,fan,failure,raw,0.1962621527777776
common_2024,F47_161_to_165,co2_sensor,fan,failure,smooth,0.19363509946470558
common_2024,F47_161_to_165,co2_sensor,fan,failure,high_support,0.17426068213817986
common_2024,F47_161_to_165,co2_sensor,fog,control,raw,0.00032152777777771924
common_2024,F47_161_to_165,co2_sensor,fog,control,smooth,0.00021552564296756227
common_2024,F47_161_to_165,co2_sensor,fog,control,high_support,1.6263032587282567e-19
common_2024,F47_161_to_165,co2_sensor,fog,failure,raw,-2.9166666667301833e-05
common_2024,F47_161_to_165,co2_sensor,fog,failure,smooth,-1.5996420614339257e-05
common_2024,F47_161_to_165,co2_sensor,fog,failure,high_support,0.00048612318992674597
common_2024,F47_161_to_165,ventilation,heating,control,raw,0.0005000694444446951
common_2024,F47_161_to_165,ventilation,heating,control,smooth,-0.0022603332048438673
common_2024,F47_161_to_165,ventilation,heating,control,high_support,-0.0033642711663834104
common_2024,F47_161_to_165,ventilation,heating,failure,raw,0.0019431944444441296
common_2024,F47_161_to_165,ventilation,heating,failure,smooth,0.0008911090885157513
common_2024,F47_161_to_165,ventilation,heating,failure,high_support,0.018957650361535128
common_2024,F47_161_to_165,ventilation,curtains,control,raw,-0.0056298611111110786
common_2024,F47_161_to_165,ventilation,curtains,control,smooth,-0.0038388407614713405
common_2024,F47_161_to_165,ventilation,curtains,control,high_support,-0.0006846461362541717
common_2024,F47_161_to_165,ventilation,curtains,failure,raw,0.005630208333333053
common_2024,F47_161_to_165,ventilation,curtains,failure,smooth,0.003807824227026968
common_2024,F47_161_to_165,ventilation,curtains,failure,high_support,0.004943865249916302
common_2024,F47_161_to_165,ventilation,co2_action,control,raw,0.01453923611111102
common_2024,F47_161_to_165,ventilation,co2_action,control,smooth,0.00951563957084034
common_2024,F47_161_to_165,ventilation,co2_action,control,high_support,0.005106710679220367
common_2024,F47_161_to_165,ventilation,co2_action,failure,raw,-0.0037720833333336756
common_2024,F47_161_to_165,ventilation,co2_action,failure,smooth,-0.0025799375904023147
common_2024,F47_161_to_165,ventilation,co2_action,failure,high_support,-0.002354386796093233
common_2024,F47_161_to_165,ventilation,fan,control,raw,0.08087694444444499
common_2024,F47_161_to_165,ventilation,fan,control,smooth,0.05338519138552972
common_2024,F47_161_to_165,ventilation,fan,control,high_support,0.023700286586528632
common_2024,F47_161_to_165,ventilation,fan,failure,raw,0.06028631944444385
common_2024,F47_161_to_165,ventilation,fan,failure,smooth,0.041512407668533036
common_2024,F47_161_to_165,ventilation,fan,failure,high_support,0.04010568661394709
common_2024,F47_161_to_165,ventilation,fog,control,raw,-0.005527569444444547
common_2024,F47_161_to_165,ventilation,fog,control,smooth,-0.0035505396420272284
common_2024,F47_161_to_165,ventilation,fog,control,high_support,-0.0019605198704104104
common_2024,F47_161_to_165,ventilation,fog,failure,raw,-0.00889020833333376
common_2024,F47_161_to_165,ventilation,fog,failure,smooth,-0.005630504049526586
common_2024,F47_161_to_165,ventilation,fog,failure,high_support,-0.0036932753944161067
common_2024,F47_161_to_165,heating,curtains,control,raw,0.04136749999999928
common_2024,F47_161_to_165,heating,curtains,control,smooth,0.03793747683941684
common_2024,F47_161_to_165,heating,curtains,control,high_support,0.00011986765413652686
common_2024,F47_161_to_165,heating,curtains,failure,raw,0.010998125000000192
common_2024,F47_161_to_165,heating,curtains,failure,smooth,0.011508772744181162
common_2024,F47_161_to_165,heating,curtains,failure,high_support,0.01465729609905092
common_2024,F47_161_to_165,heating,co2_action,control,raw,-0.014541111111111449
common_2024,F47_161_to_165,heating,co2_action,control,smooth,-0.009974933373107453
common_2024,F47_161_to_165,heating,co2_action,control,high_support,-0.001480847028185629
common_2024,F47_161_to_165,heating,co2_action,failure,raw,0.008912569444444518
common_2024,F47_161_to_165,heating,co2_action,failure,smooth,0.005659464083686894
common_2024,F47_161_to_165,heating,co2_action,failure,high_support,-0.01401665381440087
common_2024,F47_161_to_165,heating,fan,control,raw,-0.37490805555555723
common_2024,F47_161_to_165,heating,fan,control,smooth,-0.3743766984169769
common_2024,F47_161_to_165,heating,fan,control,high_support,-0.101373438039952
common_2024,F47_161_to_165,heating,fan,failure,raw,-0.2514095833333333
common_2024,F47_161_to_165,heating,fan,failure,smooth,-0.2414400857224389
common_2024,F47_161_to_165,heating,fan,failure,high_support,0.14541743023813142
common_2024,F47_161_to_165,heating,fog,control,raw,-0.006837361111111218
common_2024,F47_161_to_165,heating,fog,control,smooth,-0.00435410314856155
common_2024,F47_161_to_165,heating,fog,control,high_support,4.501061486056351e-05
common_2024,F47_161_to_165,heating,fog,failure,raw,-0.0026715277777782376
common_2024,F47_161_to_165,heating,fog,failure,smooth,-0.001834456359799841
common_2024,F47_161_to_165,heating,fog,failure,high_support,-0.003145267897147197
common_2024,F47_161_to_165,curtains,co2_action,control,raw,0.005079583333333193
common_2024,F47_161_to_165,curtains,co2_action,control,smooth,0.0037873110622534956
common_2024,F47_161_to_165,curtains,co2_action,control,high_support,0.0016654390157369396
common_2024,F47_161_to_165,curtains,co2_action,failure,raw,0.002477430555555271
common_2024,F47_161_to_165,curtains,co2_action,failure,smooth,0.0018154876733387226
common_2024,F47_161_to_165,curtains,co2_action,failure,high_support,0.00048777604414518283
common_2024,F47_161_to_165,curtains,fan,control,raw,0.027593333333332637
common_2024,F47_161_to_165,curtains,fan,control,smooth,0.037104226306322874
common_2024,F47_161_to_165,curtains,fan,control,high_support,0.006915788886775394
common_2024,F47_161_to_165,curtains,fan,failure,raw,0.003207222222221917
common_2024,F47_161_to_165,curtains,fan,failure,smooth,0.013938782242474246
common_2024,F47_161_to_165,curtains,fan,failure,high_support,0.020264724355335315
common_2024,F47_161_to_165,curtains,fog,control,raw,-0.0001711805555554835
common_2024,F47_161_to_165,curtains,fog,control,smooth,-0.000180137870216035
common_2024,F47_161_to_165,curtains,fog,control,high_support,0.00015401491624317617
common_2024,F47_161_to_165,curtains,fog,failure,raw,-0.003149791666667179
common_2024,F47_161_to_165,curtains,fog,failure,smooth,-0.0020214899537316366
common_2024,F47_161_to_165,curtains,fog,failure,high_support,-0.0018849476735948167
common_2024,F47_161_to_165,co2_action,fan,control,raw,-0.046900555555556445
common_2024,F47_161_to_165,co2_action,fan,control,smooth,-0.036749981155240474
common_2024,F47_161_to_165,co2_action,fan,control,high_support,-0.009356540979908083
common_2024,F47_161_to_165,co2_action,fan,failure,raw,-0.04386645833333391
common_2024,F47_161_to_165,co2_action,fan,failure,smooth,-0.03508661704878513
common_2024,F47_161_to_165,co2_action,fan,failure,high_support,-0.034088059118622574
common_2024,F47_161_to_165,co2_action,fog,control,raw,-0.0053518750000000614
common_2024,F47_161_to_165,co2_action,fog,control,smooth,-0.0037012724931169694
common_2024,F47_161_to_165,co2_action,fog,control,high_support,-0.0023607983716710905
common_2024,F47_161_to_165,co2_action,fog,failure,raw,-0.010646666666667137
common_2024,F47_161_to_165,co2_action,fog,failure,smooth,-0.006941014727330996
common_2024,F47_161_to_165,co2_action,fog,failure,high_support,-0.005015230900305645
common_2024,F47_161_to_165,fan,fog,control,raw,-0.014516527777777677
common_2024,F47_161_to_165,fan,fog,control,smooth,-0.00954827672627967
common_2024,F47_161_to_165,fan,fog,control,high_support,-0.0018392132525206493
common_2024,F47_161_to_165,fan,fog,failure,raw,-0.007669097222222976
common_2024,F47_161_to_165,fan,fog,failure,smooth,-0.0051157155664364184
common_2024,F47_161_to_165,fan,fog,failure,high_support,-0.004229939827455773
common_2024,F47_130_to_127,season,temperature,control,raw,0.0018153472222222078
common_2024,F47_130_to_127,season,temperature,control,smooth,0.0020277560855233023
common_2024,F47_130_to_127,season,temperature,control,high_support,0.0019346730216032587
common_2024,F47_130_to_127,season,temperature,failure,raw,-0.0023650694444441456
common_2024,F47_130_to_127,season,temperature,failure,smooth,-0.002526407450039181
common_2024,F47_130_to_127,season,temperature,failure,high_support,0.0021855191736714907
common_2024,F47_130_to_127,season,humidity,control,raw,-0.0018436805555557267
common_2024,F47_130_to_127,season,humidity,control,smooth,-0.0017480266122585908
common_2024,F47_130_to_127,season,humidity,control,high_support,-0.00019666139265323707
common_2024,F47_130_to_127,season,humidity,failure,raw,0.004132777777777874
common_2024,F47_130_to_127,season,humidity,failure,smooth,0.002991489082595389
common_2024,F47_130_to_127,season,humidity,failure,high_support,0.00015013553735129803
common_2024,F47_130_to_127,season,co2_sensor,control,raw,-0.0013291666666666035
common_2024,F47_130_to_127,season,co2_sensor,control,smooth,-0.0009745936553590129
common_2024,F47_130_to_127,season,co2_sensor,control,high_support,2.524234670023967e-05
common_2024,F47_130_to_127,season,co2_sensor,failure,raw,-0.0026249999999992113
common_2024,F47_130_to_127,season,co2_sensor,failure,smooth,-0.0025013892664909054
common_2024,F47_130_to_127,season,co2_sensor,failure,high_support,0.0023482809676308447
common_2024,F47_130_to_127,season,ventilation,control,raw,0.0035343749999999785
common_2024,F47_130_to_127,season,ventilation,control,smooth,0.002404666540934519
common_2024,F47_130_to_127,season,ventilation,control,high_support,0.0025603889783165426
common_2024,F47_130_to_127,season,ventilation,failure,raw,0.00885361111111127
common_2024,F47_130_to_127,season,ventilation,failure,smooth,0.005696814384639537
common_2024,F47_130_to_127,season,ventilation,failure,high_support,0.0036690915353908282
common_2024,F47_130_to_127,season,heating,control,raw,-0.008749930555555618
common_2024,F47_130_to_127,season,heating,control,smooth,-0.00797195821236274
common_2024,F47_130_to_127,season,heating,control,high_support,-0.0028300614936270924
common_2024,F47_130_to_127,season,heating,failure,raw,-0.012564444444444267
common_2024,F47_130_to_127,season,heating,failure,smooth,-0.012888555893338594
common_2024,F47_130_to_127,season,heating,failure,high_support,-0.006996460206409816
common_2024,F47_130_to_127,season,curtains,control,raw,-0.0006658333333333655
common_2024,F47_130_to_127,season,curtains,control,smooth,-0.00048266567085808454
common_2024,F47_130_to_127,season,curtains,control,high_support,6.938893903907228e-18
common_2024,F47_130_to_127,season,curtains,failure,raw,0.00029291666666719784
common_2024,F47_130_to_127,season,curtains,failure,smooth,0.0002544346123901642
common_2024,F47_130_to_127,season,curtains,failure,high_support,0.00025014212043689144
common_2024,F47_130_to_127,season,co2_action,control,raw,0.00693430555555552
common_2024,F47_130_to_127,season,co2_action,control,smooth,0.006492624699619642
common_2024,F47_130_to_127,season,co2_action,control,high_support,0.004083703235377635
common_2024,F47_130_to_127,season,co2_action,failure,raw,0.000955833333333822
common_2024,F47_130_to_127,season,co2_action,failure,smooth,0.0008421329175120063
common_2024,F47_130_to_127,season,co2_action,failure,high_support,0.0010274200465843208
common_2024,F47_130_to_127,season,fan,control,raw,0.10388131944444445
common_2024,F47_130_to_127,season,fan,control,smooth,0.11117067074744091
common_2024,F47_130_to_127,season,fan,control,high_support,0.06438686056564136
common_2024,F47_130_to_127,season,fan,failure,raw,0.09775520833333406
common_2024,F47_130_to_127,season,fan,failure,smooth,0.1011120474474948
common_2024,F47_130_to_127,season,fan,failure,high_support,0.062266253217843015
common_2024,F47_130_to_127,season,fog,control,raw,0.004514513888888683
common_2024,F47_130_to_127,season,fog,control,smooth,0.0029462520739685916
common_2024,F47_130_to_127,season,fog,control,high_support,0.001592539840955233
common_2024,F47_130_to_127,season,fog,failure,raw,0.0052297916666668165
common_2024,F47_130_to_127,season,fog,failure,smooth,0.0034942985125502313
common_2024,F47_130_to_127,season,fog,failure,high_support,0.0007193491146144371
common_2024,F47_130_to_127,temperature,humidity,control,raw,0.00039868055555569715
common_2024,F47_130_to_127,temperature,humidity,control,smooth,0.00042433737163616314
common_2024,F47_130_to_127,temperature,humidity,control,high_support,-0.00019666139265323707
common_2024,F47_130_to_127,temperature,humidity,failure,raw,0.001442777777778348
common_2024,F47_130_to_127,temperature,humidity,failure,smooth,0.0010450970056486986
common_2024,F47_130_to_127,temperature,humidity,failure,high_support,0.002436165605660845
common_2024,F47_130_to_127,temperature,co2_sensor,control,raw,-0.0008763194444442179
common_2024,F47_130_to_127,temperature,co2_sensor,control,smooth,-0.001049846986984737
common_2024,F47_130_to_127,temperature,co2_sensor,control,high_support,0.00012229308259469746
common_2024,F47_130_to_127,temperature,co2_sensor,failure,raw,-0.014807361111110695
common_2024,F47_130_to_127,temperature,co2_sensor,failure,smooth,-0.01617534621063077
common_2024,F47_130_to_127,temperature,co2_sensor,failure,high_support,-0.01637507294192797
common_2024,F47_130_to_127,temperature,ventilation,control,raw,0.0007016666666666005
common_2024,F47_130_to_127,temperature,ventilation,control,smooth,0.0005621125732269139
common_2024,F47_130_to_127,temperature,ventilation,control,high_support,0.0006543061937665587
common_2024,F47_130_to_127,temperature,ventilation,failure,raw,0.0018608333333338667
common_2024,F47_130_to_127,temperature,ventilation,failure,smooth,0.0012161056508245283
common_2024,F47_130_to_127,temperature,ventilation,failure,high_support,0.0006946936876314203
common_2024,F47_130_to_127,temperature,heating,control,raw,0.0029259027777779334
common_2024,F47_130_to_127,temperature,heating,control,smooth,0.003665969594443319
common_2024,F47_130_to_127,temperature,heating,control,high_support,0.00038706289425669005
common_2024,F47_130_to_127,temperature,heating,failure,raw,0.0029481944444449404
common_2024,F47_130_to_127,temperature,heating,failure,smooth,0.004108850402310349
common_2024,F47_130_to_127,temperature,heating,failure,high_support,0.0007471206187880663
common_2024,F47_130_to_127,temperature,curtains,control,raw,0.0007136805555556514
common_2024,F47_130_to_127,temperature,curtains,control,smooth,0.00048679178549726476
common_2024,F47_130_to_127,temperature,curtains,control,high_support,0.0005058769732293675
common_2024,F47_130_to_127,temperature,curtains,failure,raw,0.00041763888888946
common_2024,F47_130_to_127,temperature,curtains,failure,smooth,0.00032338440506030075
common_2024,F47_130_to_127,temperature,curtains,failure,high_support,-0.00016961115434643848
common_2024,F47_130_to_127,temperature,co2_action,control,raw,0.0013143055555556726
common_2024,F47_130_to_127,temperature,co2_action,control,smooth,0.0012641414012833918
common_2024,F47_130_to_127,temperature,co2_action,control,high_support,0.0002036665944786173
common_2024,F47_130_to_127,temperature,co2_action,failure,raw,0.001610277777778224
common_2024,F47_130_to_127,temperature,co2_action,failure,smooth,0.0014089251309820083
common_2024,F47_130_to_127,temperature,co2_action,failure,high_support,0.0010696310819645616
common_2024,F47_130_to_127,temperature,fan,control,raw,0.01752305555555589
common_2024,F47_130_to_127,temperature,fan,control,smooth,0.019462919622918018
common_2024,F47_130_to_127,temperature,fan,control,high_support,0.013423027515006403
common_2024,F47_130_to_127,temperature,fan,failure,raw,0.0016189583333338087
common_2024,F47_130_to_127,temperature,fan,failure,smooth,0.0016718199866477823
common_2024,F47_130_to_127,temperature,fan,failure,high_support,0.0033562916727207653
common_2024,F47_130_to_127,temperature,fog,control,raw,-0.00045986111111107064
common_2024,F47_130_to_127,temperature,fog,control,smooth,-0.0003233243844023015
common_2024,F47_130_to_127,temperature,fog,control,high_support,0.0
common_2024,F47_130_to_127,temperature,fog,failure,raw,-0.0009061111111112741
common_2024,F47_130_to_127,temperature,fog,failure,smooth,-0.0006056756227647009
common_2024,F47_130_to_127,temperature,fog,failure,high_support,-0.0007604239114009648
common_2024,F47_130_to_127,humidity,co2_sensor,control,raw,-0.000916319444444369
common_2024,F47_130_to_127,humidity,co2_sensor,control,smooth,-0.00045872840005278803
common_2024,F47_130_to_127,humidity,co2_sensor,control,high_support,-0.0002170380888152218
common_2024,F47_130_to_127,humidity,co2_sensor,failure,raw,-0.008908680555554938
common_2024,F47_130_to_127,humidity,co2_sensor,failure,smooth,-0.009393547754192988
common_2024,F47_130_to_127,humidity,co2_sensor,failure,high_support,-0.015474912724973783
common_2024,F47_130_to_127,humidity,ventilation,control,raw,-0.0009511805555554309
common_2024,F47_130_to_127,humidity,ventilation,control,smooth,-0.000525524549723877
common_2024,F47_130_to_127,humidity,ventilation,control,high_support,-8.587165652383655e-05
common_2024,F47_130_to_127,humidity,ventilation,failure,raw,0.00014312500000035477
common_2024,F47_130_to_127,humidity,ventilation,failure,smooth,0.00016932107567191323
common_2024,F47_130_to_127,humidity,ventilation,failure,high_support,-0.00040823709545151354
common_2024,F47_130_to_127,humidity,heating,control,raw,-0.000890277777777726
common_2024,F47_130_to_127,humidity,heating,control,smooth,-0.0010573222845469132
common_2024,F47_130_to_127,humidity,heating,control,high_support,0.0002824787803978046
common_2024,F47_130_to_127,humidity,heating,failure,raw,-0.006943819444443999
common_2024,F47_130_to_127,humidity,heating,failure,smooth,-0.007487464357940343
common_2024,F47_130_to_127,humidity,heating,failure,high_support,-0.00020258602045858387
common_2024,F47_130_to_127,humidity,curtains,control,raw,-0.0001173611111110473
common_2024,F47_130_to_127,humidity,curtains,control,smooth,-2.608555025973569e-05
common_2024,F47_130_to_127,humidity,curtains,control,high_support,-5.2930411499695074e-05
common_2024,F47_130_to_127,humidity,curtains,failure,raw,0.00018263888888969682
common_2024,F47_130_to_127,humidity,curtains,failure,smooth,-3.29254685890179e-05
common_2024,F47_130_to_127,humidity,curtains,failure,high_support,-0.00039454012601219945
common_2024,F47_130_to_127,humidity,co2_action,control,raw,0.000160000000000049
common_2024,F47_130_to_127,humidity,co2_action,control,smooth,0.00019875685648285124
common_2024,F47_130_to_127,humidity,co2_action,control,high_support,-0.00026079298722910677
common_2024,F47_130_to_127,humidity,co2_action,failure,raw,-0.0007839583333328903
common_2024,F47_130_to_127,humidity,co2_action,failure,smooth,-0.0005218198851043576
common_2024,F47_130_to_127,humidity,co2_action,failure,high_support,-0.00065317328818848
common_2024,F47_130_to_127,humidity,fan,control,raw,0.008539374999999905
common_2024,F47_130_to_127,humidity,fan,control,smooth,0.008010695580957572
common_2024,F47_130_to_127,humidity,fan,control,high_support,0.01001815282785204
common_2024,F47_130_to_127,humidity,fan,failure,raw,-0.0006569444444441963
common_2024,F47_130_to_127,humidity,fan,failure,smooth,-0.0032322834600451156
common_2024,F47_130_to_127,humidity,fan,failure,high_support,0.004891207091874572
common_2024,F47_130_to_127,humidity,fog,control,raw,0.0004899305555554623
common_2024,F47_130_to_127,humidity,fog,control,smooth,0.0003438162209673523
common_2024,F47_130_to_127,humidity,fog,control,high_support,-5.2930411499688135e-05
common_2024,F47_130_to_127,humidity,fog,failure,raw,0.0006338194444444056
common_2024,F47_130_to_127,humidity,fog,failure,smooth,0.0004342496197955459
common_2024,F47_130_to_127,humidity,fog,failure,high_support,0.0005131218360961975
common_2024,F47_130_to_127,co2_sensor,ventilation,control,raw,0.0005659722222223218
common_2024,F47_130_to_127,co2_sensor,ventilation,control,smooth,0.0003995179280130712
common_2024,F47_130_to_127,co2_sensor,ventilation,control,high_support,0.00046457965278983576
common_2024,F47_130_to_127,co2_sensor,ventilation,failure,raw,0.005189375000000496
common_2024,F47_130_to_127,co2_sensor,ventilation,failure,smooth,0.0036647766756197075
common_2024,F47_130_to_127,co2_sensor,ventilation,failure,high_support,0.0025416749983728226
common_2024,F47_130_to_127,co2_sensor,heating,control,raw,0.001591666666666658
common_2024,F47_130_to_127,co2_sensor,heating,control,smooth,0.002239726591014124
common_2024,F47_130_to_127,co2_sensor,heating,control,high_support,0.00013954942017616045
common_2024,F47_130_to_127,co2_sensor,heating,failure,raw,-0.008136736111110987
common_2024,F47_130_to_127,co2_sensor,heating,failure,smooth,-0.009019537182959003
common_2024,F47_130_to_127,co2_sensor,heating,failure,high_support,-0.00326690029761334
common_2024,F47_130_to_127,co2_sensor,curtains,control,raw,0.00015402777777795418
common_2024,F47_130_to_127,co2_sensor,curtains,control,smooth,0.00010418532359468546
common_2024,F47_130_to_127,co2_sensor,curtains,control,high_support,-8.062713550463507e-05
common_2024,F47_130_to_127,co2_sensor,curtains,failure,raw,0.0001380555555560159
common_2024,F47_130_to_127,co2_sensor,curtains,failure,smooth,0.00012708997375010522
common_2024,F47_130_to_127,co2_sensor,curtains,failure,high_support,0.0003752264206700606
common_2024,F47_130_to_127,co2_sensor,co2_action,control,raw,0.001097291666666722
common_2024,F47_130_to_127,co2_sensor,co2_action,control,smooth,0.0010089647704090154
common_2024,F47_130_to_127,co2_sensor,co2_action,control,high_support,0.00011377191016772453
common_2024,F47_130_to_127,co2_sensor,co2_action,failure,raw,-0.0014248611111106202
common_2024,F47_130_to_127,co2_sensor,co2_action,failure,smooth,-0.0011880291913634045
common_2024,F47_130_to_127,co2_sensor,co2_action,failure,high_support,-0.00014962202903773258
common_2024,F47_130_to_127,co2_sensor,fan,control,raw,0.10229298611111115
common_2024,F47_130_to_127,co2_sensor,fan,control,smooth,0.10989224678462184
common_2024,F47_130_to_127,co2_sensor,fan,control,high_support,0.06132859980889924
common_2024,F47_130_to_127,co2_sensor,fan,failure,raw,0.06985916666666725
common_2024,F47_130_to_127,co2_sensor,fan,failure,smooth,0.07239604139490852
common_2024,F47_130_to_127,co2_sensor,fan,failure,high_support,0.03742635997832083
common_2024,F47_130_to_127,co2_sensor,fog,control,raw,-0.0008711805555554619
common_2024,F47_130_to_127,co2_sensor,fog,control,smooth,-0.0005626037935339001
common_2024,F47_130_to_127,co2_sensor,fog,control,high_support,-2.1426747138370006e-07
common_2024,F47_130_to_127,co2_sensor,fog,failure,raw,0.0016059027777778345
common_2024,F47_130_to_127,co2_sensor,fog,failure,smooth,0.0010748490160868984
common_2024,F47_130_to_127,co2_sensor,fog,failure,high_support,0.0006059522866901923
common_2024,F47_130_to_127,ventilation,heating,control,raw,-0.012360625000000125
common_2024,F47_130_to_127,ventilation,heating,control,smooth,-0.008053195646345435
common_2024,F47_130_to_127,ventilation,heating,control,high_support,-0.006433469706370015
common_2024,F47_130_to_127,ventilation,heating,failure,raw,-0.004465902777777808
common_2024,F47_130_to_127,ventilation,heating,failure,smooth,-0.0028839057283145397
common_2024,F47_130_to_127,ventilation,heating,failure,high_support,-0.001373168032149208
common_2024,F47_130_to_127,ventilation,curtains,control,raw,-0.003619236111111035
common_2024,F47_130_to_127,ventilation,curtains,control,smooth,-0.0025458383831353792
common_2024,F47_130_to_127,ventilation,curtains,control,high_support,-0.0002168490640725787
common_2024,F47_130_to_127,ventilation,curtains,failure,raw,-0.0023660416666659856
common_2024,F47_130_to_127,ventilation,curtains,failure,smooth,-0.0015434756910636116
common_2024,F47_130_to_127,ventilation,curtains,failure,high_support,-0.0003045242466374609
common_2024,F47_130_to_127,ventilation,co2_action,control,raw,-0.0010965277777778004
common_2024,F47_130_to_127,ventilation,co2_action,control,smooth,-0.0009992037476581617
common_2024,F47_130_to_127,ventilation,co2_action,control,high_support,-0.0007420037451831563
common_2024,F47_130_to_127,ventilation,co2_action,failure,raw,-0.0022506944444441457
common_2024,F47_130_to_127,ventilation,co2_action,failure,smooth,-0.001713476506514433
common_2024,F47_130_to_127,ventilation,co2_action,failure,high_support,-0.0018713962575095944
common_2024,F47_130_to_127,ventilation,fan,control,raw,-0.025941180555555277
common_2024,F47_130_to_127,ventilation,fan,control,smooth,-0.01731764718938633
common_2024,F47_130_to_127,ventilation,fan,control,high_support,-0.016653474924294587
common_2024,F47_130_to_127,ventilation,fan,failure,raw,-0.004487638888888368
common_2024,F47_130_to_127,ventilation,fan,failure,smooth,-0.003210157341398512
common_2024,F47_130_to_127,ventilation,fan,failure,high_support,-0.006446836111102923
common_2024,F47_130_to_127,ventilation,fog,control,raw,0.0004593750000000396
common_2024,F47_130_to_127,ventilation,fog,control,smooth,0.0003014371543702543
common_2024,F47_130_to_127,ventilation,fog,control,high_support,-0.0009200603965648854
common_2024,F47_130_to_127,ventilation,fog,failure,raw,0.0004987499999997702
common_2024,F47_130_to_127,ventilation,fog,failure,smooth,0.0003948680070808841
common_2024,F47_130_to_127,ventilation,fog,failure,high_support,-0.0020080500429532355
common_2024,F47_130_to_127,heating,curtains,control,raw,0.0017036805555555867
common_2024,F47_130_to_127,heating,curtains,control,smooth,0.0011219490582915492
common_2024,F47_130_to_127,heating,curtains,control,high_support,0.00017520425774851522
common_2024,F47_130_to_127,heating,curtains,failure,raw,0.0028743750000004287
common_2024,F47_130_to_127,heating,curtains,failure,smooth,0.002198311235355188
common_2024,F47_130_to_127,heating,curtains,failure,high_support,0.000396803763036635
common_2024,F47_130_to_127,heating,co2_action,control,raw,-0.0006204166666666788
common_2024,F47_130_to_127,heating,co2_action,control,smooth,-0.0009531829274963544
common_2024,F47_130_to_127,heating,co2_action,control,high_support,-0.0019205771502815439
common_2024,F47_130_to_127,heating,co2_action,failure,raw,0.0018397916666668124
common_2024,F47_130_to_127,heating,co2_action,failure,smooth,0.001190440046212382
common_2024,F47_130_to_127,heating,co2_action,failure,high_support,-0.0005293522771221415
common_2024,F47_130_to_127,heating,fan,control,raw,0.010048958333333524
common_2024,F47_130_to_127,heating,fan,control,smooth,0.009314078986779828
common_2024,F47_130_to_127,heating,fan,control,high_support,-0.017766480447213087
common_2024,F47_130_to_127,heating,fan,failure,raw,0.0025407638888894635
common_2024,F47_130_to_127,heating,fan,failure,smooth,-0.003244432867231084
common_2024,F47_130_to_127,heating,fan,failure,high_support,-0.019067063049547167
common_2024,F47_130_to_127,heating,fog,control,raw,-0.0007839583333333344
common_2024,F47_130_to_127,heating,fog,control,smooth,-0.0005942415080012475
common_2024,F47_130_to_127,heating,fog,control,high_support,-0.0005180643174278049
common_2024,F47_130_to_127,heating,fog,failure,raw,-0.0019380555555557066
common_2024,F47_130_to_127,heating,fog,failure,smooth,-0.0012962255332991113
common_2024,F47_130_to_127,heating,fog,failure,high_support,-0.0011525228347933347
common_2024,F47_130_to_127,curtains,co2_action,control,raw,-0.0003113194444444023
common_2024,F47_130_to_127,curtains,co2_action,control,smooth,-0.00036063024585897274
common_2024,F47_130_to_127,curtains,co2_action,control,high_support,0.0001296828728631072
common_2024,F47_130_to_127,curtains,co2_action,failure,raw,0.0011040277777785157
common_2024,F47_130_to_127,curtains,co2_action,failure,smooth,0.000828603308885012
common_2024,F47_130_to_127,curtains,co2_action,failure,high_support,-4.091864510541443e-05
common_2024,F47_130_to_127,curtains,fan,control,raw,-0.006923888888888841
common_2024,F47_130_to_127,curtains,fan,control,smooth,-0.005159949097346961
common_2024,F47_130_to_127,curtains,fan,control,high_support,-0.00027750398538198273
common_2024,F47_130_to_127,curtains,fan,failure,raw,-0.003791041666666106
common_2024,F47_130_to_127,curtains,fan,failure,smooth,-0.0027585831072578504
common_2024,F47_130_to_127,curtains,fan,failure,high_support,0.0006228010869059747
common_2024,F47_130_to_127,curtains,fog,control,raw,-0.0018645138888888635
common_2024,F47_130_to_127,curtains,fog,control,smooth,-0.0013125424309614608
common_2024,F47_130_to_127,curtains,fog,control,high_support,-0.0007430886303917278
common_2024,F47_130_to_127,curtains,fog,failure,raw,0.0006513194444446313
common_2024,F47_130_to_127,curtains,fog,failure,smooth,0.00027616278040087927
common_2024,F47_130_to_127,curtains,fog,failure,high_support,-0.0007475469455788253
common_2024,F47_130_to_127,co2_action,fan,control,raw,-0.013290972222222197
common_2024,F47_130_to_127,co2_action,fan,control,smooth,-0.011735299720152748
common_2024,F47_130_to_127,co2_action,fan,control,high_support,-0.004464785663885057
common_2024,F47_130_to_127,co2_action,fan,failure,raw,-0.020247638888888475
common_2024,F47_130_to_127,co2_action,fan,failure,smooth,-0.017988140207768177
common_2024,F47_130_to_127,co2_action,fan,failure,high_support,-0.007237428793938898
common_2024,F47_130_to_127,co2_action,fog,control,raw,0.0018097222222221987
common_2024,F47_130_to_127,co2_action,fog,control,smooth,0.0013497727903493129
common_2024,F47_130_to_127,co2_action,fog,control,high_support,0.00155032235813371
common_2024,F47_130_to_127,co2_action,fog,failure,raw,-0.00019951388888883592
common_2024,F47_130_to_127,co2_action,fog,failure,smooth,-6.151083892080855e-05
common_2024,F47_130_to_127,co2_action,fog,failure,high_support,0.000143660985799543
common_2024,F47_130_to_127,fan,fog,control,raw,-0.0021427777777776047
common_2024,F47_130_to_127,fan,fog,control,smooth,-0.0013175628867660993
common_2024,F47_130_to_127,fan,fog,control,high_support,-0.0003164481720938986
common_2024,F47_130_to_127,fan,fog,failure,raw,0.0015909027777778473
common_2024,F47_130_to_127,fan,fog,failure,smooth,0.0011694706016123213
common_2024,F47_130_to_127,fan,fog,failure,high_support,-0.0002940108808156261
common_2024,F13_231_to_232,season,temperature,control,raw,-1.0902777777710426e-05
common_2024,F13_231_to_232,season,temperature,control,smooth,-7.013714335646348e-06
common_2024,F13_231_to_232,season,temperature,control,high_support,-6.938893903907228e-18
common_2024,F13_231_to_232,season,temperature,failure,raw,0.0004192361111114984
common_2024,F13_231_to_232,season,temperature,failure,smooth,0.0006944582519827769
common_2024,F13_231_to_232,season,temperature,failure,high_support,0.0
common_2024,F13_231_to_232,season,humidity,control,raw,-1.5555555555657463e-05
common_2024,F13_231_to_232,season,humidity,control,smooth,-1.2367157940618156e-05
common_2024,F13_231_to_232,season,humidity,control,high_support,0.0
common_2024,F13_231_to_232,season,humidity,failure,raw,3.340277777796885e-05
common_2024,F13_231_to_232,season,humidity,failure,smooth,2.560164102693996e-05
common_2024,F13_231_to_232,season,humidity,failure,high_support,0.0
common_2024,F13_231_to_232,season,co2_sensor,control,raw,3.381944444436069e-05
common_2024,F13_231_to_232,season,co2_sensor,control,smooth,6.702886038301159e-05
common_2024,F13_231_to_232,season,co2_sensor,control,high_support,0.0
common_2024,F13_231_to_232,season,co2_sensor,failure,raw,0.00019652777777756647
common_2024,F13_231_to_232,season,co2_sensor,failure,smooth,0.00024984386127813174
common_2024,F13_231_to_232,season,co2_sensor,failure,high_support,1.1102230246251565e-16
common_2024,F13_231_to_232,season,ventilation,control,raw,0.0005490972222220725
common_2024,F13_231_to_232,season,ventilation,control,smooth,0.00036502811214977893
common_2024,F13_231_to_232,season,ventilation,control,high_support,-6.938893903907228e-18
common_2024,F13_231_to_232,season,ventilation,failure,raw,0.0014595138888888748
common_2024,F13_231_to_232,season,ventilation,failure,smooth,0.001024554777151021
common_2024,F13_231_to_232,season,ventilation,failure,high_support,0.0005697875169561328
common_2024,F13_231_to_232,season,heating,control,raw,0.00018305555555542252
common_2024,F13_231_to_232,season,heating,control,smooth,0.00013487312924109762
common_2024,F13_231_to_232,season,heating,control,high_support,-6.0975028919316165e-05
common_2024,F13_231_to_232,season,heating,failure,raw,0.000741388888889194
common_2024,F13_231_to_232,season,heating,failure,smooth,0.0007553176048094024
common_2024,F13_231_to_232,season,heating,failure,high_support,-0.0002199352707672464
common_2024,F13_231_to_232,season,curtains,control,raw,2.1944444444366162e-05
common_2024,F13_231_to_232,season,curtains,control,smooth,1.945216964149843e-05
common_2024,F13_231_to_232,season,curtains,control,high_support,0.0
common_2024,F13_231_to_232,season,curtains,failure,raw,-0.0016077777777774305
common_2024,F13_231_to_232,season,curtains,failure,smooth,-0.0009323466301431882
common_2024,F13_231_to_232,season,curtains,failure,high_support,-0.0012266725930463185
common_2024,F13_231_to_232,season,co2_action,control,raw,0.00014604166666654095
common_2024,F13_231_to_232,season,co2_action,control,smooth,0.00014772083198733021
common_2024,F13_231_to_232,season,co2_action,control,high_support,0.00021486777755477804
common_2024,F13_231_to_232,season,co2_action,failure,raw,-0.00026965277777746266
common_2024,F13_231_to_232,season,co2_action,failure,smooth,-0.0002885404578079065
common_2024,F13_231_to_232,season,co2_action,failure,high_support,-0.00020319725286355172
common_2024,F13_231_to_232,season,fan,control,raw,0.006992986111110988
common_2024,F13_231_to_232,season,fan,control,smooth,0.007119046036556553
common_2024,F13_231_to_232,season,fan,control,high_support,0.014682511096334838
common_2024,F13_231_to_232,season,fan,failure,raw,0.007159930555555749
common_2024,F13_231_to_232,season,fan,failure,smooth,0.008000546256650032
common_2024,F13_231_to_232,season,fan,failure,high_support,0.015074085225701916
common_2024,F13_231_to_232,season,fog,control,raw,-0.0004209027777778429
common_2024,F13_231_to_232,season,fog,control,smooth,-0.0002736465564447954
common_2024,F13_231_to_232,season,fog,control,high_support,-0.0004949403647896908
common_2024,F13_231_to_232,season,fog,failure,raw,-0.0004384027777777355
common_2024,F13_231_to_232,season,fog,failure,smooth,-0.00028614674075622126
common_2024,F13_231_to_232,season,fog,failure,high_support,-0.00043952979456007846
common_2024,F13_231_to_232,temperature,humidity,control,raw,-4.305555555528251e-06
common_2024,F13_231_to_232,temperature,humidity,control,smooth,-5.5230023541241735e-06
common_2024,F13_231_to_232,temperature,humidity,control,high_support,0.0
common_2024,F13_231_to_232,temperature,humidity,failure,raw,5.2500000000232916e-05
common_2024,F13_231_to_232,temperature,humidity,failure,smooth,4.05857485865635e-05
common_2024,F13_231_to_232,temperature,humidity,failure,high_support,-2.220446049250313e-16
common_2024,F13_231_to_232,temperature,co2_sensor,control,raw,9.444444444506317e-06
common_2024,F13_231_to_232,temperature,co2_sensor,control,smooth,6.946190471812663e-06
common_2024,F13_231_to_232,temperature,co2_sensor,control,high_support,0.0
common_2024,F13_231_to_232,temperature,co2_sensor,failure,raw,-1.1041666666544714e-05
common_2024,F13_231_to_232,temperature,co2_sensor,failure,smooth,-7.792592840560886e-06
common_2024,F13_231_to_232,temperature,co2_sensor,failure,high_support,0.0
common_2024,F13_231_to_232,temperature,ventilation,control,raw,0.00013236111111092352
common_2024,F13_231_to_232,temperature,ventilation,control,smooth,8.040227592653881e-05
common_2024,F13_231_to_232,temperature,ventilation,control,high_support,5.5410570229841305e-05
common_2024,F13_231_to_232,temperature,ventilation,failure,raw,0.00059770833333328
common_2024,F13_231_to_232,temperature,ventilation,failure,smooth,0.00036952128566847264
common_2024,F13_231_to_232,temperature,ventilation,failure,high_support,-4.929649265428271e-05
common_2024,F13_231_to_232,temperature,heating,control,raw,2.3680555555571914e-05
common_2024,F13_231_to_232,temperature,heating,control,smooth,2.9210761645637184e-05
common_2024,F13_231_to_232,temperature,heating,control,high_support,7.14618414894494e-05
common_2024,F13_231_to_232,temperature,heating,failure,raw,0.0008254166666670226
common_2024,F13_231_to_232,temperature,heating,failure,smooth,0.0007788253504601439
common_2024,F13_231_to_232,temperature,heating,failure,high_support,-0.00020724246604786334
common_2024,F13_231_to_232,temperature,curtains,control,raw,0.00013701388888887056
common_2024,F13_231_to_232,temperature,curtains,control,smooth,0.000175983223544951
common_2024,F13_231_to_232,temperature,curtains,control,high_support,6.0975028919309227e-05
common_2024,F13_231_to_232,temperature,curtains,failure,raw,-0.0004855555555551838
common_2024,F13_231_to_232,temperature,curtains,failure,smooth,-0.0005334664050284932
common_2024,F13_231_to_232,temperature,curtains,failure,high_support,1.7270812996850182e-05
common_2024,F13_231_to_232,temperature,co2_action,control,raw,-4.1111111111269416e-05
common_2024,F13_231_to_232,temperature,co2_action,control,smooth,-4.2156713954355496e-05
common_2024,F13_231_to_232,temperature,co2_action,control,high_support,-8.628893183738884e-05
common_2024,F13_231_to_232,temperature,co2_action,failure,raw,-3.1736111110847176e-05
common_2024,F13_231_to_232,temperature,co2_action,failure,smooth,-1.954028110429107e-06
common_2024,F13_231_to_232,temperature,co2_action,failure,high_support,-4.72750522395593e-06
common_2024,F13_231_to_232,temperature,fan,control,raw,0.0038096527777780054
common_2024,F13_231_to_232,temperature,fan,control,smooth,0.004439581137338444
common_2024,F13_231_to_232,temperature,fan,control,high_support,0.0017070393030841902
common_2024,F13_231_to_232,temperature,fan,failure,raw,0.0058204861111113
common_2024,F13_231_to_232,temperature,fan,failure,smooth,0.006149515420869833
common_2024,F13_231_to_232,temperature,fan,failure,high_support,0.0018718085564217446
common_2024,F13_231_to_232,temperature,fog,control,raw,-6.805555555433607e-06
common_2024,F13_231_to_232,temperature,fog,control,smooth,-5.407521034062057e-06
common_2024,F13_231_to_232,temperature,fog,control,high_support,0.0
common_2024,F13_231_to_232,temperature,fog,failure,raw,0.0006923611111111505
common_2024,F13_231_to_232,temperature,fog,failure,smooth,0.00045100842472534097
common_2024,F13_231_to_232,temperature,fog,failure,high_support,0.0004949403647895867
common_2024,F13_231_to_232,humidity,co2_sensor,control,raw,3.993055555551184e-05
common_2024,F13_231_to_232,humidity,co2_sensor,control,smooth,1.2157008605240271e-05
common_2024,F13_231_to_232,humidity,co2_sensor,control,high_support,0.0
common_2024,F13_231_to_232,humidity,co2_sensor,failure,raw,0.00019340277777768478
common_2024,F13_231_to_232,humidity,co2_sensor,failure,smooth,0.0003162161250283013
common_2024,F13_231_to_232,humidity,co2_sensor,failure,high_support,0.0
common_2024,F13_231_to_232,humidity,ventilation,control,raw,-0.0002798611111112237
common_2024,F13_231_to_232,humidity,ventilation,control,smooth,-0.0001205950009551815
common_2024,F13_231_to_232,humidity,ventilation,control,high_support,7.546637527608424e-05
common_2024,F13_231_to_232,humidity,ventilation,failure,raw,-0.0028504861111111612
common_2024,F13_231_to_232,humidity,ventilation,failure,smooth,-0.0018339917292513608
common_2024,F13_231_to_232,humidity,ventilation,failure,high_support,-0.0017669536460596103
common_2024,F13_231_to_232,humidity,heating,control,raw,6.986111111118021e-05
common_2024,F13_231_to_232,humidity,heating,control,smooth,-4.499108552602493e-06
common_2024,F13_231_to_232,humidity,heating,control,high_support,-6.760381679810079e-05
common_2024,F13_231_to_232,humidity,heating,failure,raw,-0.0002231944444441858
common_2024,F13_231_to_232,humidity,heating,failure,smooth,-3.597874130956136e-05
common_2024,F13_231_to_232,humidity,heating,failure,high_support,-5.2664067979768525e-05
common_2024,F13_231_to_232,humidity,curtains,control,raw,7.645833333325136e-05
common_2024,F13_231_to_232,humidity,curtains,control,smooth,6.229107752375729e-05
common_2024,F13_231_to_232,humidity,curtains,control,high_support,5.155407303695375e-05
common_2024,F13_231_to_232,humidity,curtains,failure,raw,-0.00012805555555561732
common_2024,F13_231_to_232,humidity,curtains,failure,smooth,0.00023086903535651793
common_2024,F13_231_to_232,humidity,curtains,failure,high_support,0.0006087575826410063
common_2024,F13_231_to_232,humidity,co2_action,control,raw,-0.0007222916666667079
common_2024,F13_231_to_232,humidity,co2_action,control,smooth,-0.0007459130835132388
common_2024,F13_231_to_232,humidity,co2_action,control,high_support,-0.0007763387440383601
common_2024,F13_231_to_232,humidity,co2_action,failure,raw,-0.0006476388888887463
common_2024,F13_231_to_232,humidity,co2_action,failure,smooth,-0.000647819677987771
common_2024,F13_231_to_232,humidity,co2_action,failure,high_support,-0.0005583144008270979
common_2024,F13_231_to_232,humidity,fan,control,raw,-0.006454236111111067
common_2024,F13_231_to_232,humidity,fan,control,smooth,-0.007737581212795441
common_2024,F13_231_to_232,humidity,fan,control,high_support,-0.004560727204548587
common_2024,F13_231_to_232,humidity,fan,failure,raw,-0.007610555555555676
common_2024,F13_231_to_232,humidity,fan,failure,smooth,-0.0075992932275655845
common_2024,F13_231_to_232,humidity,fan,failure,high_support,-0.005052302101271222
common_2024,F13_231_to_232,humidity,fog,control,raw,-0.000260000000000149
common_2024,F13_231_to_232,humidity,fog,control,smooth,-0.00020772220972464783
common_2024,F13_231_to_232,humidity,fog,control,high_support,-0.0001637515519593985
common_2024,F13_231_to_232,humidity,fog,failure,raw,-0.0010431944444444508
common_2024,F13_231_to_232,humidity,fog,failure,smooth,-0.0007299035772829754
common_2024,F13_231_to_232,humidity,fog,failure,high_support,-0.00024983351434060275
common_2024,F13_231_to_232,co2_sensor,ventilation,control,raw,0.000251180555555397
common_2024,F13_231_to_232,co2_sensor,ventilation,control,smooth,0.00017492820779640983
common_2024,F13_231_to_232,co2_sensor,ventilation,control,high_support,0.00022224642214854762
common_2024,F13_231_to_232,co2_sensor,ventilation,failure,raw,-0.0007669444444449169
common_2024,F13_231_to_232,co2_sensor,ventilation,failure,smooth,-0.0005414209133964842
common_2024,F13_231_to_232,co2_sensor,ventilation,failure,high_support,0.0005781096768124883
common_2024,F13_231_to_232,co2_sensor,heating,control,raw,-0.00043013888888898677
common_2024,F13_231_to_232,co2_sensor,heating,control,smooth,-0.0004067102172071735
common_2024,F13_231_to_232,co2_sensor,heating,control,high_support,-0.00017629308468173482
common_2024,F13_231_to_232,co2_sensor,heating,failure,raw,-0.0036994444444446994
common_2024,F13_231_to_232,co2_sensor,heating,failure,smooth,-0.0026816897571402265
common_2024,F13_231_to_232,co2_sensor,heating,failure,high_support,0.000961159528483746
common_2024,F13_231_to_232,co2_sensor,curtains,control,raw,0.00016923611111119286
common_2024,F13_231_to_232,co2_sensor,curtains,control,smooth,0.0001303990576273506
common_2024,F13_231_to_232,co2_sensor,curtains,control,high_support,-0.00010123119336975794
common_2024,F13_231_to_232,co2_sensor,curtains,failure,raw,-0.001427500000000137
common_2024,F13_231_to_232,co2_sensor,curtains,failure,smooth,-0.0009125140502914686
common_2024,F13_231_to_232,co2_sensor,curtains,failure,high_support,0.0007727472254850376
common_2024,F13_231_to_232,co2_sensor,co2_action,control,raw,4.861111110976424e-06
common_2024,F13_231_to_232,co2_sensor,co2_action,control,smooth,-3.608017425138499e-05
common_2024,F13_231_to_232,co2_sensor,co2_action,control,high_support,0.0002359828785933396
common_2024,F13_231_to_232,co2_sensor,co2_action,failure,raw,-0.00040055555555551514
common_2024,F13_231_to_232,co2_sensor,co2_action,failure,smooth,-0.00035246689251478003
common_2024,F13_231_to_232,co2_sensor,co2_action,failure,high_support,-4.544647953663716e-05
common_2024,F13_231_to_232,co2_sensor,fan,control,raw,0.0011407638888889515
common_2024,F13_231_to_232,co2_sensor,fan,control,smooth,0.002208253612536404
common_2024,F13_231_to_232,co2_sensor,fan,control,high_support,0.017445953188800656
common_2024,F13_231_to_232,co2_sensor,fan,failure,raw,-0.0015811805555557834
common_2024,F13_231_to_232,co2_sensor,fan,failure,smooth,0.0006225681597251675
common_2024,F13_231_to_232,co2_sensor,fan,failure,high_support,0.01977638233654097
common_2024,F13_231_to_232,co2_sensor,fog,control,raw,0.00023673611111107995
common_2024,F13_231_to_232,co2_sensor,fog,control,smooth,0.00016460176201460452
common_2024,F13_231_to_232,co2_sensor,fog,control,high_support,0.0
common_2024,F13_231_to_232,co2_sensor,fog,failure,raw,8.15972222221184e-05
common_2024,F13_231_to_232,co2_sensor,fog,failure,smooth,3.740030797261262e-05
common_2024,F13_231_to_232,co2_sensor,fog,failure,high_support,-0.00010834098172951556
common_2024,F13_231_to_232,ventilation,heating,control,raw,-0.0011083333333335998
common_2024,F13_231_to_232,ventilation,heating,control,smooth,-0.0006828337710674814
common_2024,F13_231_to_232,ventilation,heating,control,high_support,-0.00015719938153017227
common_2024,F13_231_to_232,ventilation,heating,failure,raw,0.0032962500000000006
common_2024,F13_231_to_232,ventilation,heating,failure,smooth,0.002208000053335102
common_2024,F13_231_to_232,ventilation,heating,failure,high_support,0.004149700368069165
common_2024,F13_231_to_232,ventilation,curtains,control,raw,0.00019541666666667012
common_2024,F13_231_to_232,ventilation,curtains,control,smooth,0.00017375050284973437
common_2024,F13_231_to_232,ventilation,curtains,control,high_support,-0.0009881959580403457
common_2024,F13_231_to_232,ventilation,curtains,failure,raw,-0.001246597222222423
common_2024,F13_231_to_232,ventilation,curtains,failure,smooth,-0.0006305558575372405
common_2024,F13_231_to_232,ventilation,curtains,failure,high_support,-0.002939534382917608
common_2024,F13_231_to_232,ventilation,co2_action,control,raw,-0.0023864583333337297
common_2024,F13_231_to_232,ventilation,co2_action,control,smooth,-0.0016041383489995287
common_2024,F13_231_to_232,ventilation,co2_action,control,high_support,-0.0007098813245486196
common_2024,F13_231_to_232,ventilation,co2_action,failure,raw,-0.002371805555555717
common_2024,F13_231_to_232,ventilation,co2_action,failure,smooth,-0.0014997067316870893
common_2024,F13_231_to_232,ventilation,co2_action,failure,high_support,-0.0013071083300552067
common_2024,F13_231_to_232,ventilation,fan,control,raw,0.024999583333333075
common_2024,F13_231_to_232,ventilation,fan,control,smooth,0.0157283675242208
common_2024,F13_231_to_232,ventilation,fan,control,high_support,0.013887243602857313
common_2024,F13_231_to_232,ventilation,fan,failure,raw,0.02636499999999964
common_2024,F13_231_to_232,ventilation,fan,failure,smooth,0.016788044823905834
common_2024,F13_231_to_232,ventilation,fan,failure,high_support,0.017767296476823263
common_2024,F13_231_to_232,ventilation,fog,control,raw,0.0029445138888887223
common_2024,F13_231_to_232,ventilation,fog,control,smooth,0.001749763767294965
common_2024,F13_231_to_232,ventilation,fog,control,high_support,0.001073280868478882
common_2024,F13_231_to_232,ventilation,fog,failure,raw,0.0025151388888886572
common_2024,F13_231_to_232,ventilation,fog,failure,smooth,0.001354247776656603
common_2024,F13_231_to_232,ventilation,fog,failure,high_support,-0.0004845500873105202
common_2024,F13_231_to_232,heating,curtains,control,raw,-0.002124652777778402
common_2024,F13_231_to_232,heating,curtains,control,smooth,-0.001309091205321189
common_2024,F13_231_to_232,heating,curtains,control,high_support,-0.000611207772115055
common_2024,F13_231_to_232,heating,curtains,failure,raw,-0.0013998611111107895
common_2024,F13_231_to_232,heating,curtains,failure,smooth,-0.0008569424422759653
common_2024,F13_231_to_232,heating,curtains,failure,high_support,-0.0019008051494345812
common_2024,F13_231_to_232,heating,co2_action,control,raw,0.00021069444444421492
common_2024,F13_231_to_232,heating,co2_action,control,smooth,1.993686325463262e-05
common_2024,F13_231_to_232,heating,co2_action,control,high_support,-7.124263554108418e-05
common_2024,F13_231_to_232,heating,co2_action,failure,raw,0.0009700694444449987
common_2024,F13_231_to_232,heating,co2_action,failure,smooth,0.0007420703506995086
common_2024,F13_231_to_232,heating,co2_action,failure,high_support,0.00010271661852845337
common_2024,F13_231_to_232,heating,fan,control,raw,-0.003097916666666811
common_2024,F13_231_to_232,heating,fan,control,smooth,-0.005230337500948812
common_2024,F13_231_to_232,heating,fan,control,high_support,0.017315634455342843
common_2024,F13_231_to_232,heating,fan,failure,raw,0.002403263888889673
common_2024,F13_231_to_232,heating,fan,failure,smooth,-0.0004497444342057566
common_2024,F13_231_to_232,heating,fan,failure,high_support,0.02579733255939788
common_2024,F13_231_to_232,heating,fog,control,raw,0.0013965972222221845
common_2024,F13_231_to_232,heating,fog,control,smooth,0.0009284191289313792
common_2024,F13_231_to_232,heating,fog,control,high_support,0.00030600638222373633
common_2024,F13_231_to_232,heating,fog,failure,raw,0.0018015972222225063
common_2024,F13_231_to_232,heating,fog,failure,smooth,0.0011543647936600454
common_2024,F13_231_to_232,heating,fog,failure,high_support,-0.00010562304817485213
common_2024,F13_231_to_232,curtains,co2_action,control,raw,-0.000698611111111358
common_2024,F13_231_to_232,curtains,co2_action,control,smooth,-0.0005962788587652312
common_2024,F13_231_to_232,curtains,co2_action,control,high_support,-0.0008068346755759417
common_2024,F13_231_to_232,curtains,co2_action,failure,raw,-0.0003756250000002126
common_2024,F13_231_to_232,curtains,co2_action,failure,smooth,-0.00045278999576847667
common_2024,F13_231_to_232,curtains,co2_action,failure,high_support,-0.0012289130223313016
common_2024,F13_231_to_232,curtains,fan,control,raw,-0.0052836805555563915
common_2024,F13_231_to_232,curtains,fan,control,smooth,-0.0027927231572140165
common_2024,F13_231_to_232,curtains,fan,control,high_support,-0.0019416082771919752
common_2024,F13_231_to_232,curtains,fan,failure,raw,-0.005036041666666713
common_2024,F13_231_to_232,curtains,fan,failure,smooth,-0.002282287571115371
common_2024,F13_231_to_232,curtains,fan,failure,high_support,-0.0008467141007853785
common_2024,F13_231_to_232,curtains,fog,control,raw,-0.0009900694444444635
common_2024,F13_231_to_232,curtains,fog,control,smooth,-0.0006475553315139493
common_2024,F13_231_to_232,curtains,fog,control,high_support,-0.0005336597101713095
common_2024,F13_231_to_232,curtains,fog,failure,raw,0.0013402777777780095
common_2024,F13_231_to_232,curtains,fog,failure,smooth,0.000817087157023888
common_2024,F13_231_to_232,curtains,fog,failure,high_support,0.00036675579111866696
common_2024,F13_231_to_232,co2_action,fan,control,raw,-0.016819652777778082
common_2024,F13_231_to_232,co2_action,fan,control,smooth,-0.016246393184391028
common_2024,F13_231_to_232,co2_action,fan,control,high_support,-0.013029167291761845
common_2024,F13_231_to_232,co2_action,fan,failure,raw,-0.014737499999999848
common_2024,F13_231_to_232,co2_action,fan,failure,smooth,-0.014169259909897147
common_2024,F13_231_to_232,co2_action,fan,failure,high_support,-0.012257427581437774
common_2024,F13_231_to_232,co2_action,fog,control,raw,0.0002727777777775664
common_2024,F13_231_to_232,co2_action,fog,control,smooth,0.00017739673418015744
common_2024,F13_231_to_232,co2_action,fog,control,high_support,0.00014546402861671803
common_2024,F13_231_to_232,co2_action,fog,failure,raw,-0.00013006944444438062
common_2024,F13_231_to_232,co2_action,fog,failure,smooth,-0.00010098477669950867
common_2024,F13_231_to_232,co2_action,fog,failure,high_support,-2.220446049250313e-16
common_2024,F13_231_to_232,fan,fog,control,raw,0.00939319444444442
common_2024,F13_231_to_232,fan,fog,control,smooth,0.006278977378107009
common_2024,F13_231_to_232,fan,fog,control,high_support,0.006385336782088968
common_2024,F13_231_to_232,fan,fog,failure,raw,0.010864444444444676
common_2024,F13_231_to_232,fan,fog,failure,smooth,0.007201472982291013
common_2024,F13_231_to_232,fan,fog,failure,high_support,0.006700719254108062
common_2024,F13_233_to_232,season,temperature,control,raw,-6.729166666663566e-05
common_2024,F13_233_to_232,season,temperature,control,smooth,-9.781728954194602e-05
common_2024,F13_233_to_232,season,temperature,control,high_support,-6.938893903907228e-18
common_2024,F13_233_to_232,season,temperature,failure,raw,-0.0014545833333332592
common_2024,F13_233_to_232,season,temperature,failure,smooth,-0.001656211636776428
common_2024,F13_233_to_232,season,temperature,failure,high_support,-1.1102230246251565e-16
common_2024,F13_233_to_232,season,humidity,control,raw,-5.784722222224037e-05
common_2024,F13_233_to_232,season,humidity,control,smooth,-0.00011188675677931137
common_2024,F13_233_to_232,season,humidity,control,high_support,-1.3877787807814457e-17
common_2024,F13_233_to_232,season,humidity,failure,raw,2.220446049250313e-16
common_2024,F13_233_to_232,season,humidity,failure,smooth,2.220446049250313e-16
common_2024,F13_233_to_232,season,humidity,failure,high_support,-5.551115123125783e-17
common_2024,F13_233_to_232,season,co2_sensor,control,raw,0.00015062499999995982
common_2024,F13_233_to_232,season,co2_sensor,control,smooth,0.0001845300800443761
common_2024,F13_233_to_232,season,co2_sensor,control,high_support,-1.3877787807814457e-17
common_2024,F13_233_to_232,season,co2_sensor,failure,raw,-0.0004362500000001379
common_2024,F13_233_to_232,season,co2_sensor,failure,smooth,-0.00040703465421176865
common_2024,F13_233_to_232,season,co2_sensor,failure,high_support,-5.551115123125783e-17
common_2024,F13_233_to_232,season,ventilation,control,raw,-9.062500000001084e-05
common_2024,F13_233_to_232,season,ventilation,control,smooth,-3.607544798955864e-05
common_2024,F13_233_to_232,season,ventilation,control,high_support,0.0002780131177345241
common_2024,F13_233_to_232,season,ventilation,failure,raw,2.5694444447665887e-06
common_2024,F13_233_to_232,season,ventilation,failure,smooth,2.2212164411117286e-05
common_2024,F13_233_to_232,season,ventilation,failure,high_support,0.00029152911562552175
common_2024,F13_233_to_232,season,heating,control,raw,0.0019430555555554063
common_2024,F13_233_to_232,season,heating,control,smooth,0.0021700789700423995
common_2024,F13_233_to_232,season,heating,control,high_support,5.061559668487203e-05
common_2024,F13_233_to_232,season,heating,failure,raw,0.0007096527777774586
common_2024,F13_233_to_232,season,heating,failure,smooth,-8.922102798236686e-05
common_2024,F13_233_to_232,season,heating,failure,high_support,0.0034091354526006867
common_2024,F13_233_to_232,season,curtains,control,raw,-0.00013854166666660284
common_2024,F13_233_to_232,season,curtains,control,smooth,-8.55090090982058e-05
common_2024,F13_233_to_232,season,curtains,control,high_support,0.0
common_2024,F13_233_to_232,season,curtains,failure,raw,-0.00010680555555553362
common_2024,F13_233_to_232,season,curtains,failure,smooth,-9.511764854219784e-05
common_2024,F13_233_to_232,season,curtains,failure,high_support,-5.551115123125783e-17
common_2024,F13_233_to_232,season,co2_action,control,raw,7.388888888892886e-05
common_2024,F13_233_to_232,season,co2_action,control,smooth,2.171260802685815e-05
common_2024,F13_233_to_232,season,co2_action,control,high_support,-6.413159457588358e-05
common_2024,F13_233_to_232,season,co2_action,failure,raw,5.5763888888726854e-05
common_2024,F13_233_to_232,season,co2_action,failure,smooth,5.0483150242586206e-05
common_2024,F13_233_to_232,season,co2_action,failure,high_support,0.0
common_2024,F13_233_to_232,season,fan,control,raw,-0.004112777777777854
common_2024,F13_233_to_232,season,fan,control,smooth,-0.0038923613320384076
common_2024,F13_233_to_232,season,fan,control,high_support,-0.007946604128817925
common_2024,F13_233_to_232,season,fan,failure,raw,-0.008885902777777788
common_2024,F13_233_to_232,season,fan,failure,smooth,-0.009710618917942226
common_2024,F13_233_to_232,season,fan,failure,high_support,-0.005849472509693476
common_2024,F13_233_to_232,season,fog,control,raw,-6.402777777791968e-05
common_2024,F13_233_to_232,season,fog,control,smooth,-4.780152938277382e-05
common_2024,F13_233_to_232,season,fog,control,high_support,-6.938893903907228e-18
common_2024,F13_233_to_232,season,fog,failure,raw,5.208333333506232e-06
common_2024,F13_233_to_232,season,fog,failure,smooth,3.205360556757242e-06
common_2024,F13_233_to_232,season,fog,failure,high_support,0.0
common_2024,F13_233_to_232,temperature,humidity,control,raw,0.0013564583333333102
common_2024,F13_233_to_232,temperature,humidity,control,smooth,0.0011922766494091297
common_2024,F13_233_to_232,temperature,humidity,control,high_support,0.0016823528034465365
common_2024,F13_233_to_232,temperature,humidity,failure,raw,-0.013451736111110613
common_2024,F13_233_to_232,temperature,humidity,failure,smooth,-0.015750711728246047
common_2024,F13_233_to_232,temperature,humidity,failure,high_support,-0.001975356374993853
common_2024,F13_233_to_232,temperature,co2_sensor,control,raw,-0.0003005555555556372
common_2024,F13_233_to_232,temperature,co2_sensor,control,smooth,-0.00023375914454437652
common_2024,F13_233_to_232,temperature,co2_sensor,control,high_support,-5.061559668487897e-05
common_2024,F13_233_to_232,temperature,co2_sensor,failure,raw,0.0015495138888890203
common_2024,F13_233_to_232,temperature,co2_sensor,failure,smooth,0.002205829380458768
common_2024,F13_233_to_232,temperature,co2_sensor,failure,high_support,0.0002975234985478359
common_2024,F13_233_to_232,temperature,ventilation,control,raw,0.0034464583333332355
common_2024,F13_233_to_232,temperature,ventilation,control,smooth,0.0023265204592628486
common_2024,F13_233_to_232,temperature,ventilation,control,high_support,0.0007488087589909223
common_2024,F13_233_to_232,temperature,ventilation,failure,raw,0.011421388888888995
common_2024,F13_233_to_232,temperature,ventilation,failure,smooth,0.007200925436311456
common_2024,F13_233_to_232,temperature,ventilation,failure,high_support,0.004190782984907604
common_2024,F13_233_to_232,temperature,heating,control,raw,0.01839999999999986
common_2024,F13_233_to_232,temperature,heating,control,smooth,0.01934188988237384
common_2024,F13_233_to_232,temperature,heating,control,high_support,0.01064787632211081
common_2024,F13_233_to_232,temperature,heating,failure,raw,0.09262798611111078
common_2024,F13_233_to_232,temperature,heating,failure,smooth,0.09911983047145267
common_2024,F13_233_to_232,temperature,heating,failure,high_support,0.08825539405160998
common_2024,F13_233_to_232,temperature,curtains,control,raw,7.034722222221124e-05
common_2024,F13_233_to_232,temperature,curtains,control,smooth,5.765940240876066e-05
common_2024,F13_233_to_232,temperature,curtains,control,high_support,3.4722222222310917e-06
common_2024,F13_233_to_232,temperature,curtains,failure,raw,-0.0031561805555548883
common_2024,F13_233_to_232,temperature,curtains,failure,smooth,-0.0018140608528958158
common_2024,F13_233_to_232,temperature,curtains,failure,high_support,-0.0004851951945616384
common_2024,F13_233_to_232,temperature,co2_action,control,raw,-5.2361111111176584e-05
common_2024,F13_233_to_232,temperature,co2_action,control,smooth,-0.00011935055866696409
common_2024,F13_233_to_232,temperature,co2_action,control,high_support,-0.00026166679863868364
common_2024,F13_233_to_232,temperature,co2_action,failure,raw,-0.005606944444444872
common_2024,F13_233_to_232,temperature,co2_action,failure,smooth,-0.005875387726535841
common_2024,F13_233_to_232,temperature,co2_action,failure,high_support,-0.004063241491273684
common_2024,F13_233_to_232,temperature,fan,control,raw,0.05294520833333338
common_2024,F13_233_to_232,temperature,fan,control,smooth,0.060486852660298296
common_2024,F13_233_to_232,temperature,fan,control,high_support,0.006155721082540089
common_2024,F13_233_to_232,temperature,fan,failure,raw,0.11486326388888912
common_2024,F13_233_to_232,temperature,fan,failure,smooth,0.12685550665608059
common_2024,F13_233_to_232,temperature,fan,failure,high_support,0.07823183898810575
common_2024,F13_233_to_232,temperature,fog,control,raw,0.00031763888888880487
common_2024,F13_233_to_232,temperature,fog,control,smooth,0.00020929459768137537
common_2024,F13_233_to_232,temperature,fog,control,high_support,0.0
common_2024,F13_233_to_232,temperature,fog,failure,raw,-0.0005645833333336459
common_2024,F13_233_to_232,temperature,fog,failure,smooth,-0.0003837328564508802
common_2024,F13_233_to_232,temperature,fog,failure,high_support,0.00034947633617293805
common_2024,F13_233_to_232,humidity,co2_sensor,control,raw,-0.00034381944444439316
common_2024,F13_233_to_232,humidity,co2_sensor,control,smooth,-0.0004304430215757993
common_2024,F13_233_to_232,humidity,co2_sensor,control,high_support,-1.3877787807814457e-17
common_2024,F13_233_to_232,humidity,co2_sensor,failure,raw,-0.0036156944444445394
common_2024,F13_233_to_232,humidity,co2_sensor,failure,smooth,-0.003685108564291495
common_2024,F13_233_to_232,humidity,co2_sensor,failure,high_support,-0.0016666666666664831
common_2024,F13_233_to_232,humidity,ventilation,control,raw,0.006376736111111003
common_2024,F13_233_to_232,humidity,ventilation,control,smooth,0.004190256062537756
common_2024,F13_233_to_232,humidity,ventilation,control,high_support,0.0038286520785901917
common_2024,F13_233_to_232,humidity,ventilation,failure,raw,0.002849930555556046
common_2024,F13_233_to_232,humidity,ventilation,failure,smooth,0.0018787854307598106
common_2024,F13_233_to_232,humidity,ventilation,failure,high_support,0.0016476325321032048
common_2024,F13_233_to_232,humidity,heating,control,raw,0.010657569444444182
common_2024,F13_233_to_232,humidity,heating,control,smooth,0.00882005728353219
common_2024,F13_233_to_232,humidity,heating,control,high_support,0.007175925951580613
common_2024,F13_233_to_232,humidity,heating,failure,raw,0.015415763888888767
common_2024,F13_233_to_232,humidity,heating,failure,smooth,0.012435642733306773
common_2024,F13_233_to_232,humidity,heating,failure,high_support,0.021630933865279256
common_2024,F13_233_to_232,humidity,curtains,control,raw,-0.0009940972222222122
common_2024,F13_233_to_232,humidity,curtains,control,smooth,-0.0007040350755579405
common_2024,F13_233_to_232,humidity,curtains,control,high_support,-0.00039045588025305583
common_2024,F13_233_to_232,humidity,curtains,failure,raw,-0.00028687499999957566
common_2024,F13_233_to_232,humidity,curtains,failure,smooth,-0.00026950439159145745
common_2024,F13_233_to_232,humidity,curtains,failure,high_support,-0.0005350889016773608
common_2024,F13_233_to_232,humidity,co2_action,control,raw,-0.0001250694444444589
common_2024,F13_233_to_232,humidity,co2_action,control,smooth,-0.0005680073636682437
common_2024,F13_233_to_232,humidity,co2_action,control,high_support,-0.0004860733210897833
common_2024,F13_233_to_232,humidity,co2_action,failure,raw,0.0009435416666667695
common_2024,F13_233_to_232,humidity,co2_action,failure,smooth,0.000987975150531506
common_2024,F13_233_to_232,humidity,co2_action,failure,high_support,-0.0006189737731804312
common_2024,F13_233_to_232,humidity,fan,control,raw,-0.014092777777777843
common_2024,F13_233_to_232,humidity,fan,control,smooth,-0.015523189131328996
common_2024,F13_233_to_232,humidity,fan,control,high_support,-0.011095498691905126
common_2024,F13_233_to_232,humidity,fan,failure,raw,-0.020394374999999965
common_2024,F13_233_to_232,humidity,fan,failure,smooth,-0.02269233433162554
common_2024,F13_233_to_232,humidity,fan,failure,high_support,0.0014642043399525212
common_2024,F13_233_to_232,humidity,fog,control,raw,3.743055555538444e-05
common_2024,F13_233_to_232,humidity,fog,control,smooth,2.208482628995867e-05
common_2024,F13_233_to_232,humidity,fog,control,high_support,-0.00016375155195940544
common_2024,F13_233_to_232,humidity,fog,failure,raw,-0.0007617361111111887
common_2024,F13_233_to_232,humidity,fog,failure,smooth,-0.00046854650416805477
common_2024,F13_233_to_232,humidity,fog,failure,high_support,-5.551115123125783e-17
common_2024,F13_233_to_232,co2_sensor,ventilation,control,raw,-0.0001476388888889124
common_2024,F13_233_to_232,co2_sensor,ventilation,control,smooth,-3.1354031694963425e-05
common_2024,F13_233_to_232,co2_sensor,ventilation,control,high_support,-4.0886593785288694e-05
common_2024,F13_233_to_232,co2_sensor,ventilation,failure,raw,-0.00221597222222214
common_2024,F13_233_to_232,co2_sensor,ventilation,failure,smooth,-0.0013967160954797553
common_2024,F13_233_to_232,co2_sensor,ventilation,failure,high_support,-0.00032370731006065023
common_2024,F13_233_to_232,co2_sensor,heating,control,raw,-0.008788472222222232
common_2024,F13_233_to_232,co2_sensor,heating,control,smooth,-0.008728353139784373
common_2024,F13_233_to_232,co2_sensor,heating,control,high_support,-5.061559668488591e-05
common_2024,F13_233_to_232,co2_sensor,heating,failure,raw,-0.005476805555556075
common_2024,F13_233_to_232,co2_sensor,heating,failure,smooth,-0.007180369223851235
common_2024,F13_233_to_232,co2_sensor,heating,failure,high_support,-0.013873896234699257
common_2024,F13_233_to_232,co2_sensor,curtains,control,raw,-0.0003795138888887939
common_2024,F13_233_to_232,co2_sensor,curtains,control,smooth,-0.00027628790059186503
common_2024,F13_233_to_232,co2_sensor,curtains,control,high_support,-1.346172911172866e-05
common_2024,F13_233_to_232,co2_sensor,curtains,failure,raw,-7.104166666671574e-05
common_2024,F13_233_to_232,co2_sensor,curtains,failure,smooth,-5.496720286690682e-05
common_2024,F13_233_to_232,co2_sensor,curtains,failure,high_support,1.1102230246251565e-16
common_2024,F13_233_to_232,co2_sensor,co2_action,control,raw,-7.486111111110194e-05
common_2024,F13_233_to_232,co2_sensor,co2_action,control,smooth,-0.00011933959332155464
common_2024,F13_233_to_232,co2_sensor,co2_action,control,high_support,0.00010354600818456017
common_2024,F13_233_to_232,co2_sensor,co2_action,failure,raw,-0.00016916666666699776
common_2024,F13_233_to_232,co2_sensor,co2_action,failure,smooth,-0.00018345157177579452
common_2024,F13_233_to_232,co2_sensor,co2_action,failure,high_support,-7.580211926705438e-05
common_2024,F13_233_to_232,co2_sensor,fan,control,raw,0.0024216666666670994
common_2024,F13_233_to_232,co2_sensor,fan,control,smooth,0.00318364160310447
common_2024,F13_233_to_232,co2_sensor,fan,control,high_support,0.0163613533079921
common_2024,F13_233_to_232,co2_sensor,fan,failure,raw,0.005034583333333287
common_2024,F13_233_to_232,co2_sensor,fan,failure,smooth,0.0058058252100297025
common_2024,F13_233_to_232,co2_sensor,fan,failure,high_support,0.004938390566124232
common_2024,F13_233_to_232,co2_sensor,fog,control,raw,0.0007592361111109502
common_2024,F13_233_to_232,co2_sensor,fog,control,smooth,0.0004393438088140522
common_2024,F13_233_to_232,co2_sensor,fog,control,high_support,-9.484843193185294e-05
common_2024,F13_233_to_232,co2_sensor,fog,failure,raw,8.993055555528429e-05
common_2024,F13_233_to_232,co2_sensor,fog,failure,smooth,5.0011063971400205e-05
common_2024,F13_233_to_232,co2_sensor,fog,failure,high_support,-0.00010834098172957107
common_2024,F13_233_to_232,ventilation,heating,control,raw,0.011574583333333499
common_2024,F13_233_to_232,ventilation,heating,control,smooth,0.007902258031763365
common_2024,F13_233_to_232,ventilation,heating,control,high_support,-0.0032571350631568977
common_2024,F13_233_to_232,ventilation,heating,failure,raw,-0.012031041666666908
common_2024,F13_233_to_232,ventilation,heating,failure,smooth,-0.008279953016835151
common_2024,F13_233_to_232,ventilation,heating,failure,high_support,-0.014291714594929061
common_2024,F13_233_to_232,ventilation,curtains,control,raw,-0.0014249999999997875
common_2024,F13_233_to_232,ventilation,curtains,control,smooth,-0.0007536928925546693
common_2024,F13_233_to_232,ventilation,curtains,control,high_support,-0.0014816028662124128
common_2024,F13_233_to_232,ventilation,curtains,failure,raw,-0.008441180555555539
common_2024,F13_233_to_232,ventilation,curtains,failure,smooth,-0.005383961512373858
common_2024,F13_233_to_232,ventilation,curtains,failure,high_support,-0.003348697496584452
common_2024,F13_233_to_232,ventilation,co2_action,control,raw,-0.002525694444444504
common_2024,F13_233_to_232,ventilation,co2_action,control,smooth,-0.001710105670728157
common_2024,F13_233_to_232,ventilation,co2_action,control,high_support,-0.0006108202700677579
common_2024,F13_233_to_232,ventilation,co2_action,failure,raw,-0.004254791666666868
common_2024,F13_233_to_232,ventilation,co2_action,failure,smooth,-0.002829272623411594
common_2024,F13_233_to_232,ventilation,co2_action,failure,high_support,-0.0021281339387727582
common_2024,F13_233_to_232,ventilation,fan,control,raw,0.04802993055555549
common_2024,F13_233_to_232,ventilation,fan,control,smooth,0.030800420057148448
common_2024,F13_233_to_232,ventilation,fan,control,high_support,0.027260307249857618
common_2024,F13_233_to_232,ventilation,fan,failure,raw,0.021463680555555698
common_2024,F13_233_to_232,ventilation,fan,failure,smooth,0.012416771118389791
common_2024,F13_233_to_232,ventilation,fan,failure,high_support,0.012265179194149184
common_2024,F13_233_to_232,ventilation,fog,control,raw,0.0040306944444444825
common_2024,F13_233_to_232,ventilation,fog,control,smooth,0.0025785975672035777
common_2024,F13_233_to_232,ventilation,fog,control,high_support,0.001424946960582582
common_2024,F13_233_to_232,ventilation,fog,failure,raw,0.004097916666666368
common_2024,F13_233_to_232,ventilation,fog,failure,smooth,0.0026028197032950118
common_2024,F13_233_to_232,ventilation,fog,failure,high_support,0.001140236238336978
common_2024,F13_233_to_232,heating,curtains,control,raw,-0.0017027083333335247
common_2024,F13_233_to_232,heating,curtains,control,smooth,-0.0010493104610820314
common_2024,F13_233_to_232,heating,curtains,control,high_support,-0.00016062325489135665
common_2024,F13_233_to_232,heating,curtains,failure,raw,-0.007394374999999842
common_2024,F13_233_to_232,heating,curtains,failure,smooth,-0.004976262606757098
common_2024,F13_233_to_232,heating,curtains,failure,high_support,-0.00014910570203452433
common_2024,F13_233_to_232,heating,co2_action,control,raw,-0.0024808333333334875
common_2024,F13_233_to_232,heating,co2_action,control,smooth,-0.0020501392646654626
common_2024,F13_233_to_232,heating,co2_action,control,high_support,-0.006618496012817644
common_2024,F13_233_to_232,heating,co2_action,failure,raw,-0.006262083333334001
common_2024,F13_233_to_232,heating,co2_action,failure,smooth,-0.0062490808394009
common_2024,F13_233_to_232,heating,co2_action,failure,high_support,-0.003065190806107121
common_2024,F13_233_to_232,heating,fan,control,raw,0.024975694444444807
common_2024,F13_233_to_232,heating,fan,control,smooth,0.02554998546484044
common_2024,F13_233_to_232,heating,fan,control,high_support,-0.22093777116507224
common_2024,F13_233_to_232,heating,fan,failure,raw,0.0815345138888891
common_2024,F13_233_to_232,heating,fan,failure,smooth,0.09485333968790677
common_2024,F13_233_to_232,heating,fan,failure,high_support,-0.14940038185589608
common_2024,F13_233_to_232,heating,fog,control,raw,-0.0056390972222223334
common_2024,F13_233_to_232,heating,fog,control,smooth,-0.003747978400612584
common_2024,F13_233_to_232,heating,fog,control,high_support,-0.0012016948833294613
common_2024,F13_233_to_232,heating,fog,failure,raw,-0.006356597222222815
common_2024,F13_233_to_232,heating,fog,failure,smooth,-0.004232208730887921
common_2024,F13_233_to_232,heating,fog,failure,high_support,-0.0048181234928672545
common_2024,F13_233_to_232,curtains,co2_action,control,raw,-0.0003276388888889814
common_2024,F13_233_to_232,curtains,co2_action,control,smooth,-0.00018659479381633037
common_2024,F13_233_to_232,curtains,co2_action,control,high_support,-7.076038245467514e-05
common_2024,F13_233_to_232,curtains,co2_action,failure,raw,-0.0004830555555559446
common_2024,F13_233_to_232,curtains,co2_action,failure,smooth,-0.00046492385688901017
common_2024,F13_233_to_232,curtains,co2_action,failure,high_support,0.00021241267093324856
common_2024,F13_233_to_232,curtains,fan,control,raw,-0.005688958333333605
common_2024,F13_233_to_232,curtains,fan,control,smooth,-0.003607408691452596
common_2024,F13_233_to_232,curtains,fan,control,high_support,-0.0004411297958775151
common_2024,F13_233_to_232,curtains,fan,failure,raw,-0.008323749999999741
common_2024,F13_233_to_232,curtains,fan,failure,smooth,-0.005648804353847847
common_2024,F13_233_to_232,curtains,fan,failure,high_support,-0.0002769964635681993
common_2024,F13_233_to_232,curtains,fog,control,raw,-0.001032152777777684
common_2024,F13_233_to_232,curtains,fog,control,smooth,-0.0006311199974002868
common_2024,F13_233_to_232,curtains,fog,control,high_support,-0.0004031976934692136
common_2024,F13_233_to_232,curtains,fog,failure,raw,-0.0025111111111113527
common_2024,F13_233_to_232,curtains,fog,failure,smooth,-0.0016143626623432716
common_2024,F13_233_to_232,curtains,fog,failure,high_support,-9.762775697824688e-05
common_2024,F13_233_to_232,co2_action,fan,control,raw,-0.009842291666666614
common_2024,F13_233_to_232,co2_action,fan,control,smooth,-0.009179432308259128
common_2024,F13_233_to_232,co2_action,fan,control,high_support,-0.007299988237839672
common_2024,F13_233_to_232,co2_action,fan,failure,raw,-0.014407152777778043
common_2024,F13_233_to_232,co2_action,fan,failure,smooth,-0.014263341248898942
common_2024,F13_233_to_232,co2_action,fan,failure,high_support,-0.0034265037498082407
common_2024,F13_233_to_232,co2_action,fog,control,raw,0.00028180555555556985
common_2024,F13_233_to_232,co2_action,fog,control,smooth,0.00018369464369361044
common_2024,F13_233_to_232,co2_action,fog,control,high_support,0.00014546402861671803
common_2024,F13_233_to_232,co2_action,fog,failure,raw,-1.9722222222684493e-05
common_2024,F13_233_to_232,co2_action,fog,failure,smooth,-1.7547424165265113e-05
common_2024,F13_233_to_232,co2_action,fog,failure,high_support,0.0
common_2024,F13_233_to_232,fan,fog,control,raw,0.01264923611111135
common_2024,F13_233_to_232,fan,fog,control,smooth,0.008308632687773154
common_2024,F13_233_to_232,fan,fog,control,high_support,0.006228592481295703
common_2024,F13_233_to_232,fan,fog,failure,raw,0.013011180555555057
common_2024,F13_233_to_232,fan,fog,failure,smooth,0.008412966276283296
common_2024,F13_233_to_232,fan,fog,failure,high_support,0.0029774904605793517
common_2024,F47_161_to_160,season,temperature,control,raw,-0.0012658333333332994
common_2024,F47_161_to_160,season,temperature,control,smooth,-0.0010809808430645163
common_2024,F47_161_to_160,season,temperature,control,high_support,-0.0023443030071280888
common_2024,F47_161_to_160,season,temperature,failure,raw,-0.008794583333333161
common_2024,F47_161_to_160,season,temperature,failure,smooth,-0.009104058037690432
common_2024,F47_161_to_160,season,temperature,failure,high_support,-0.0091070037237595
common_2024,F47_161_to_160,season,humidity,control,raw,-0.0020761805555556956
common_2024,F47_161_to_160,season,humidity,control,smooth,-0.0021741964149805115
common_2024,F47_161_to_160,season,humidity,control,high_support,-0.0016666666666666566
common_2024,F47_161_to_160,season,humidity,failure,raw,-0.0002448611111105503
common_2024,F47_161_to_160,season,humidity,failure,smooth,-0.0001447800335827587
common_2024,F47_161_to_160,season,humidity,failure,high_support,-0.0016666666666665941
common_2024,F47_161_to_160,season,co2_sensor,control,raw,-0.0038869444444441514
common_2024,F47_161_to_160,season,co2_sensor,control,smooth,-0.0036254800327104597
common_2024,F47_161_to_160,season,co2_sensor,control,high_support,-0.002839243371917745
common_2024,F47_161_to_160,season,co2_sensor,failure,raw,0.0001357638888890289
common_2024,F47_161_to_160,season,co2_sensor,failure,smooth,0.0016764668052774434
common_2024,F47_161_to_160,season,co2_sensor,failure,high_support,0.00067791132703926
common_2024,F47_161_to_160,season,ventilation,control,raw,-5.90277777777759e-05
common_2024,F47_161_to_160,season,ventilation,control,smooth,-4.77265939575755e-05
common_2024,F47_161_to_160,season,ventilation,control,high_support,0.0
common_2024,F47_161_to_160,season,ventilation,failure,raw,-0.0004154861111107522
common_2024,F47_161_to_160,season,ventilation,failure,smooth,-0.0002719229941161583
common_2024,F47_161_to_160,season,ventilation,failure,high_support,0.0
common_2024,F47_161_to_160,season,heating,control,raw,-0.003607152777777678
common_2024,F47_161_to_160,season,heating,control,smooth,-0.004904212609073144
common_2024,F47_161_to_160,season,heating,control,high_support,-0.005977635770985541
common_2024,F47_161_to_160,season,heating,failure,raw,-0.01034833333333296
common_2024,F47_161_to_160,season,heating,failure,smooth,-0.010803355133055748
common_2024,F47_161_to_160,season,heating,failure,high_support,-0.012077356754627122
common_2024,F47_161_to_160,season,curtains,control,raw,5.42361111111056e-05
common_2024,F47_161_to_160,season,curtains,control,smooth,4.768467088467343e-05
common_2024,F47_161_to_160,season,curtains,control,high_support,3.469446951953614e-18
common_2024,F47_161_to_160,season,curtains,failure,raw,0.0001169444444448775
common_2024,F47_161_to_160,season,curtains,failure,smooth,8.947769127298777e-05
common_2024,F47_161_to_160,season,curtains,failure,high_support,0.0
common_2024,F47_161_to_160,season,co2_action,control,raw,-8.680555555473646e-06
common_2024,F47_161_to_160,season,co2_action,control,smooth,-2.4296765109843577e-06
common_2024,F47_161_to_160,season,co2_action,control,high_support,0.0
common_2024,F47_161_to_160,season,co2_action,failure,raw,0.00011173611111137127
common_2024,F47_161_to_160,season,co2_action,failure,smooth,8.245826390695932e-05
common_2024,F47_161_to_160,season,co2_action,failure,high_support,5.5410570229841305e-05
common_2024,F47_161_to_160,season,fog,control,raw,-0.0007178472222221233
common_2024,F47_161_to_160,season,fog,control,smooth,-0.00046287113884435627
common_2024,F47_161_to_160,season,fog,control,high_support,-0.000326425243615619
common_2024,F47_161_to_160,season,fog,failure,raw,-0.0016710416666665395
common_2024,F47_161_to_160,season,fog,failure,smooth,-0.0010769818072240422
common_2024,F47_161_to_160,season,fog,failure,high_support,-0.0013163059731948756
common_2024,F47_161_to_160,temperature,humidity,control,raw,0.022610833333333136
common_2024,F47_161_to_160,temperature,humidity,control,smooth,0.022367600492987916
common_2024,F47_161_to_160,temperature,humidity,control,high_support,0.0267288524309146
common_2024,F47_161_to_160,temperature,humidity,failure,raw,0.01666020833333337
common_2024,F47_161_to_160,temperature,humidity,failure,smooth,0.017174627033740952
common_2024,F47_161_to_160,temperature,humidity,failure,high_support,0.013365147717547043
common_2024,F47_161_to_160,temperature,co2_sensor,control,raw,-0.04607701388888863
common_2024,F47_161_to_160,temperature,co2_sensor,control,smooth,-0.0549736885912675
common_2024,F47_161_to_160,temperature,co2_sensor,control,high_support,-0.03509789056365221
common_2024,F47_161_to_160,temperature,co2_sensor,failure,raw,-0.05456486111110992
common_2024,F47_161_to_160,temperature,co2_sensor,failure,smooth,-0.06114996609854595
common_2024,F47_161_to_160,temperature,co2_sensor,failure,high_support,-0.0987928396615195
common_2024,F47_161_to_160,temperature,ventilation,control,raw,-0.0005173611111108922
common_2024,F47_161_to_160,temperature,ventilation,control,smooth,-0.0002521893210677417
common_2024,F47_161_to_160,temperature,ventilation,control,high_support,-0.0006180840870787588
common_2024,F47_161_to_160,temperature,ventilation,failure,raw,-0.0009252777777775112
common_2024,F47_161_to_160,temperature,ventilation,failure,smooth,-0.0005802334568654199
common_2024,F47_161_to_160,temperature,ventilation,failure,high_support,-0.0009975640468522506
common_2024,F47_161_to_160,temperature,heating,control,raw,-0.019382569444443942
common_2024,F47_161_to_160,temperature,heating,control,smooth,-0.027036258960402737
common_2024,F47_161_to_160,temperature,heating,control,high_support,0.015327039366123112
common_2024,F47_161_to_160,temperature,heating,failure,raw,0.021490694444445735
common_2024,F47_161_to_160,temperature,heating,failure,smooth,0.02232446371919372
common_2024,F47_161_to_160,temperature,heating,failure,high_support,0.010503461542981707
common_2024,F47_161_to_160,temperature,curtains,control,raw,-0.00016979166666664103
common_2024,F47_161_to_160,temperature,curtains,control,smooth,-0.0003270183359133094
common_2024,F47_161_to_160,temperature,curtains,control,high_support,-0.00010958531743945205
common_2024,F47_161_to_160,temperature,curtains,failure,raw,0.001705694444444461
common_2024,F47_161_to_160,temperature,curtains,failure,smooth,0.0013576032178703734
common_2024,F47_161_to_160,temperature,curtains,failure,high_support,0.00011882120119222073
common_2024,F47_161_to_160,temperature,co2_action,control,raw,-0.0002145138888889342
common_2024,F47_161_to_160,temperature,co2_action,control,smooth,-0.0001853202426409517
common_2024,F47_161_to_160,temperature,co2_action,control,high_support,1.0408340855860843e-17
common_2024,F47_161_to_160,temperature,co2_action,failure,raw,-0.0012188194444442413
common_2024,F47_161_to_160,temperature,co2_action,failure,smooth,-0.0008741279044692796
common_2024,F47_161_to_160,temperature,co2_action,failure,high_support,-0.0009073627385166594
common_2024,F47_161_to_160,temperature,fog,control,raw,0.0017906250000001567
common_2024,F47_161_to_160,temperature,fog,control,smooth,0.0012229209861490675
common_2024,F47_161_to_160,temperature,fog,control,high_support,0.0017282292149330414
common_2024,F47_161_to_160,temperature,fog,failure,raw,0.004993888888888964
common_2024,F47_161_to_160,temperature,fog,failure,smooth,0.003134211546718113
common_2024,F47_161_to_160,temperature,fog,failure,high_support,0.0021620766647413303
common_2024,F47_161_to_160,humidity,co2_sensor,control,raw,-0.04181319444444409
common_2024,F47_161_to_160,humidity,co2_sensor,control,smooth,-0.04367606367040111
common_2024,F47_161_to_160,humidity,co2_sensor,control,high_support,-0.0143209943651054
common_2024,F47_161_to_160,humidity,co2_sensor,failure,raw,-0.10838152777777788
common_2024,F47_161_to_160,humidity,co2_sensor,failure,smooth,-0.12235647672108774
common_2024,F47_161_to_160,humidity,co2_sensor,failure,high_support,-0.10407263457604687
common_2024,F47_161_to_160,humidity,ventilation,control,raw,-0.0002535416666666901
common_2024,F47_161_to_160,humidity,ventilation,control,smooth,-0.0001734577820504679
common_2024,F47_161_to_160,humidity,ventilation,control,high_support,0.0002980372619489323
common_2024,F47_161_to_160,humidity,ventilation,failure,raw,0.0006579166666669245
common_2024,F47_161_to_160,humidity,ventilation,failure,smooth,0.0004318651072363622
common_2024,F47_161_to_160,humidity,ventilation,failure,high_support,0.0004714248665131371
common_2024,F47_161_to_160,humidity,heating,control,raw,0.045431736111112064
common_2024,F47_161_to_160,humidity,heating,control,smooth,0.06098332918647653
common_2024,F47_161_to_160,humidity,heating,control,high_support,0.08787568673761056
common_2024,F47_161_to_160,humidity,heating,failure,raw,0.02573763888888836
common_2024,F47_161_to_160,humidity,heating,failure,smooth,0.03521766983542385
common_2024,F47_161_to_160,humidity,heating,failure,high_support,0.05724853156713394
common_2024,F47_161_to_160,humidity,curtains,control,raw,-0.0003331249999997121
common_2024,F47_161_to_160,humidity,curtains,control,smooth,-0.0001716343166550116
common_2024,F47_161_to_160,humidity,curtains,control,high_support,0.00026157911625932645
common_2024,F47_161_to_160,humidity,curtains,failure,raw,-5.194444444378554e-05
common_2024,F47_161_to_160,humidity,curtains,failure,smooth,4.649325150141159e-05
common_2024,F47_161_to_160,humidity,curtains,failure,high_support,-7.772098756081425e-05
common_2024,F47_161_to_160,humidity,co2_action,control,raw,-0.0006734722222222489
common_2024,F47_161_to_160,humidity,co2_action,control,smooth,-0.00043958578378255897
common_2024,F47_161_to_160,humidity,co2_action,control,high_support,-0.00016896498319069267
common_2024,F47_161_to_160,humidity,co2_action,failure,raw,-0.0011263194444444125
common_2024,F47_161_to_160,humidity,co2_action,failure,smooth,-0.0007646501661517924
common_2024,F47_161_to_160,humidity,co2_action,failure,high_support,9.357004767451826e-05
common_2024,F47_161_to_160,humidity,fog,control,raw,0.0014615277777777491
common_2024,F47_161_to_160,humidity,fog,control,smooth,0.0008525563782711965
common_2024,F47_161_to_160,humidity,fog,control,high_support,1.924180035421663e-05
common_2024,F47_161_to_160,humidity,fog,failure,raw,0.0014266666666666872
common_2024,F47_161_to_160,humidity,fog,failure,smooth,0.0008748428073561687
common_2024,F47_161_to_160,humidity,fog,failure,high_support,-0.0026595797505378216
common_2024,F47_161_to_160,co2_sensor,ventilation,control,raw,-0.00447937499999973
common_2024,F47_161_to_160,co2_sensor,ventilation,control,smooth,-0.003277088495467928
common_2024,F47_161_to_160,co2_sensor,ventilation,control,high_support,0.0008781030384834403
common_2024,F47_161_to_160,co2_sensor,ventilation,failure,raw,-0.003870902777777685
common_2024,F47_161_to_160,co2_sensor,ventilation,failure,smooth,-0.0026610984029017404
common_2024,F47_161_to_160,co2_sensor,ventilation,failure,high_support,0.0007477219661780055
common_2024,F47_161_to_160,co2_sensor,heating,control,raw,-0.05896638888888828
common_2024,F47_161_to_160,co2_sensor,heating,control,smooth,-0.0758261371345873
common_2024,F47_161_to_160,co2_sensor,heating,control,high_support,0.11542396626274318
common_2024,F47_161_to_160,co2_sensor,heating,failure,raw,-0.07337736111111104
common_2024,F47_161_to_160,co2_sensor,heating,failure,smooth,-0.09616176912099716
common_2024,F47_161_to_160,co2_sensor,heating,failure,high_support,0.03755006493558645
common_2024,F47_161_to_160,co2_sensor,curtains,control,raw,-0.0008380555555556057
common_2024,F47_161_to_160,co2_sensor,curtains,control,smooth,-0.0006582459012856035
common_2024,F47_161_to_160,co2_sensor,curtains,control,high_support,8.54264931685958e-05
common_2024,F47_161_to_160,co2_sensor,curtains,failure,raw,0.00047284722222251663
common_2024,F47_161_to_160,co2_sensor,curtains,failure,smooth,0.0005183652432556585
common_2024,F47_161_to_160,co2_sensor,curtains,failure,high_support,-0.0004365349528736573
common_2024,F47_161_to_160,co2_sensor,co2_action,control,raw,0.001781944444444572
common_2024,F47_161_to_160,co2_sensor,co2_action,control,smooth,0.0016123354210566543
common_2024,F47_161_to_160,co2_sensor,co2_action,control,high_support,0.00038397222688110397
common_2024,F47_161_to_160,co2_sensor,co2_action,failure,raw,-0.0016179166666667744
common_2024,F47_161_to_160,co2_sensor,co2_action,failure,smooth,-0.0010753077200733596
common_2024,F47_161_to_160,co2_sensor,co2_action,failure,high_support,-0.0007787461131798512
common_2024,F47_161_to_160,co2_sensor,fog,control,raw,0.0011920138888893428
common_2024,F47_161_to_160,co2_sensor,fog,control,smooth,0.0006648300653468997
common_2024,F47_161_to_160,co2_sensor,fog,control,high_support,-0.0015179327540927323
common_2024,F47_161_to_160,co2_sensor,fog,failure,raw,0.003336041666666456
common_2024,F47_161_to_160,co2_sensor,fog,failure,smooth,0.0019441549473008246
common_2024,F47_161_to_160,co2_sensor,fog,failure,high_support,-0.00456760827057906
common_2024,F47_161_to_160,ventilation,heating,control,raw,-0.00092701388888905
common_2024,F47_161_to_160,ventilation,heating,control,smooth,-0.000761374436162976
common_2024,F47_161_to_160,ventilation,heating,control,high_support,-0.002616451510776281
common_2024,F47_161_to_160,ventilation,heating,failure,raw,0.0008644444444445565
common_2024,F47_161_to_160,ventilation,heating,failure,smooth,0.0005374562504500968
common_2024,F47_161_to_160,ventilation,heating,failure,high_support,-0.0008516175987891006
common_2024,F47_161_to_160,ventilation,curtains,control,raw,0.00045583333333354403
common_2024,F47_161_to_160,ventilation,curtains,control,smooth,0.00034089505626722083
common_2024,F47_161_to_160,ventilation,curtains,control,high_support,0.00020740203621042244
common_2024,F47_161_to_160,ventilation,curtains,failure,raw,0.00013715277777825996
common_2024,F47_161_to_160,ventilation,curtains,failure,smooth,0.0001121675658761756
common_2024,F47_161_to_160,ventilation,curtains,failure,high_support,0.00017157359103148195
common_2024,F47_161_to_160,ventilation,co2_action,control,raw,0.00015326388888881048
common_2024,F47_161_to_160,ventilation,co2_action,control,smooth,0.00015230486353745576
common_2024,F47_161_to_160,ventilation,co2_action,control,high_support,-4.1320080382580004e-05
common_2024,F47_161_to_160,ventilation,co2_action,failure,raw,-0.0004997916666666935
common_2024,F47_161_to_160,ventilation,co2_action,failure,smooth,-0.0003658029262008089
common_2024,F47_161_to_160,ventilation,co2_action,failure,high_support,-0.00022883162389308875
common_2024,F47_161_to_160,ventilation,fog,control,raw,-0.0012320833333332448
common_2024,F47_161_to_160,ventilation,fog,control,smooth,-0.0007304387547860669
common_2024,F47_161_to_160,ventilation,fog,control,high_support,0.00039413141190925913
common_2024,F47_161_to_160,ventilation,fog,failure,raw,-0.002351250000000027
common_2024,F47_161_to_160,ventilation,fog,failure,smooth,-0.001496373047058075
common_2024,F47_161_to_160,ventilation,fog,failure,high_support,-0.00132975841635119
common_2024,F47_161_to_160,heating,curtains,control,raw,3.847222222241875e-05
common_2024,F47_161_to_160,heating,curtains,control,smooth,0.00010640609984413629
common_2024,F47_161_to_160,heating,curtains,control,high_support,-0.00023855153429128834
common_2024,F47_161_to_160,heating,curtains,failure,raw,-0.00045312499999949907
common_2024,F47_161_to_160,heating,curtains,failure,smooth,-0.00029651339110392527
common_2024,F47_161_to_160,heating,curtains,failure,high_support,-0.0009736070406187736
common_2024,F47_161_to_160,heating,co2_action,control,raw,0.0018845138888889945
common_2024,F47_161_to_160,heating,co2_action,control,smooth,0.0012181859424809094
common_2024,F47_161_to_160,heating,co2_action,control,high_support,0.0004823095381568075
common_2024,F47_161_to_160,heating,co2_action,failure,raw,-0.001705208333333097
common_2024,F47_161_to_160,heating,co2_action,failure,smooth,-0.0012272190317907938
common_2024,F47_161_to_160,heating,co2_action,failure,high_support,0.000736144040423603
common_2024,F47_161_to_160,heating,fog,control,raw,0.0056284027777780965
common_2024,F47_161_to_160,heating,fog,control,smooth,0.003658821516126398
common_2024,F47_161_to_160,heating,fog,control,high_support,0.009187382288138202
common_2024,F47_161_to_160,heating,fog,failure,raw,0.012180625000000278
common_2024,F47_161_to_160,heating,fog,failure,smooth,0.007692246474892306
common_2024,F47_161_to_160,heating,fog,failure,high_support,0.007754393691897732
common_2024,F47_161_to_160,curtains,co2_action,control,raw,0.0004077777777778957
common_2024,F47_161_to_160,curtains,co2_action,control,smooth,0.00038376353822311415
common_2024,F47_161_to_160,curtains,co2_action,control,high_support,0.0003447694620712406
common_2024,F47_161_to_160,curtains,co2_action,failure,raw,-8.402777777738457e-05
common_2024,F47_161_to_160,curtains,co2_action,failure,smooth,-7.407675629744759e-05
common_2024,F47_161_to_160,curtains,co2_action,failure,high_support,0.00015931670849045343
common_2024,F47_161_to_160,curtains,fog,control,raw,0.00010777777777803976
common_2024,F47_161_to_160,curtains,fog,control,smooth,8.855612381575284e-05
common_2024,F47_161_to_160,curtains,fog,control,high_support,0.00042925817998853977
common_2024,F47_161_to_160,curtains,fog,failure,raw,0.0006866666666669463
common_2024,F47_161_to_160,curtains,fog,failure,smooth,0.0004600739024411826
common_2024,F47_161_to_160,curtains,fog,failure,high_support,0.0002790259323928179
common_2024,F47_161_to_160,co2_action,fog,control,raw,-0.0010738194444442906
common_2024,F47_161_to_160,co2_action,fog,control,smooth,-0.0006816402806015809
common_2024,F47_161_to_160,co2_action,fog,control,high_support,-0.0009056700278415111
common_2024,F47_161_to_160,co2_action,fog,failure,raw,-0.0012275694444443541
common_2024,F47_161_to_160,co2_action,fog,failure,smooth,-0.0007514970284185907
common_2024,F47_161_to_160,co2_action,fog,failure,high_support,-0.0005378065775959451
