model,pair,endpoint,row_id,hour,in_temp,in_hum,in_co2,act_vent,act_shade,act_thermal,act_heating,act_circfan,act_co2,act_fog,hr_sin,hr_cos,midnight,act_vent_h0,act_shade_h0,act_thermal_h0,act_heating_h0,act_circfan_h0,act_co2_h0,act_fog_h0,in_temp_h0,in_hum_h0,in_co2_h0,act_vent_tdm,act_vent_tdz,act_shade_tdm,act_shade_tdz,act_thermal_tdm,act_thermal_tdz,act_heating_tdm,act_heating_tdz,act_circfan_tdm,act_circfan_tdz,act_co2_tdm,act_co2_tdz,act_fog_tdm,act_fog_tdz,season,seal_run,vent_open_hours,first_open_hour,thermal_switches,shade_switches,since_curtain_change,heat_run,co2_hours,vent_max
original_1_7,F47_161_to_165,control,F47_165_00,0,7.7,70.0,388.0,0.0,1.0,0.0,100.0,100.0,0.0,0.0,0.0,1.0,1.0,0.0,1.0,0.0,100.0,100.0,0.0,0.0,7.7,70.0,388.0,0.0,1.0,1.0,0.0,0.0,1.0,100.0,0.0,100.0,0.0,0.0,1.0,0.0,1.0,165.0,1.0,0,24,0,0,1,1.0,0,0.0
original_1_7,F47_161_to_165,control,F47_165_01,1,7.2,71.0,391.0,0.0,1.0,0.0,100.0,100.0,0.0,0.0,0.25881904510252074,0.9659258262890683,0.0,0.0,1.0,0.0,100.0,100.0,0.0,0.0,7.7,70.0,388.0,0.0,1.0,1.0,0.0,0.0,1.0,100.0,0.0,100.0,0.0,0.0,1.0,0.0,1.0,165.0,2.0,0,24,0,0,2,2.0,0,0.0
original_1_7,F47_161_to_165,control,F47_165_02,2,7.2,71.0,394.0,0.0,1.0,0.0,100.0,100.0,0.0,0.0,0.49999999999999994,0.8660254037844387,0.0,0.0,1.0,0.0,100.0,100.0,0.0,0.0,7.7,70.0,388.0,0.0,1.0,1.0,0.0,0.0,1.0,100.0,0.0,100.0,0.0,0.0,1.0,0.0,1.0,165.0,3.0,0,24,0,0,3,3.0,0,0.0
original_1_7,F47_161_to_165,control,F47_165_03,3,7.0,72.0,394.0,0.0,1.0,0.0,100.0,100.0,0.0,0.0,0.7071067811865476,0.7071067811865476,0.0,0.0,1.0,0.0,100.0,100.0,0.0,0.0,7.7,70.0,388.0,0.0,1.0,1.0,0.0,0.0,1.0,100.0,0.0,100.0,0.0,0.0,1.0,0.0,1.0,165.0,4.0,0,24,0,0,4,4.0,0,0.0
original_1_7,F47_161_to_165,control,F47_165_04,4,6.6,72.0,395.0,0.0,1.0,0.0,100.0,100.0,0.0,0.0,0.8660254037844386,0.5000000000000001,0.0,0.0,1.0,0.0,100.0,100.0,0.0,0.0,7.7,70.0,388.0,0.0,1.0,1.0,0.0,0.0,1.0,100.0,0.0,100.0,0.0,0.0,1.0,0.0,1.0,165.0,5.0,0,24,0,0,5,5.0,0,0.0
original_1_7,F47_161_to_165,control,F47_165_05,5,6.0,72.0,400.0,0.0,1.0,0.0,100.0,100.0,0.0,0.0,0.9659258262890683,0.25881904510252074,0.0,0.0,1.0,0.0,100.0,100.0,0.0,0.0,7.7,70.0,388.0,0.0,1.0,1.0,0.0,0.0,1.0,100.0,0.0,100.0,0.0,0.0,1.0,0.0,1.0,165.0,6.0,0,24,0,0,6,6.0,0,0.0
original_1_7,F47_161_to_165,control,F47_165_06,6,5.6,72.0,403.0,0.0,1.0,0.0,100.0,100.0,0.0,0.0,1.0,6.123233995736766e-17,0.0,0.0,1.0,0.0,100.0,100.0,0.0,0.0,7.7,70.0,388.0,0.0,1.0,1.0,0.0,0.0,1.0,100.0,0.0,100.0,0.0,0.0,1.0,0.0,1.0,165.0,7.0,0,24,0,0,7,7.0,0,0.0
original_1_7,F47_161_to_165,control,F47_165_07,7,5.4,72.0,404.0,0.0,1.0,0.0,100.0,100.0,0.0,0.0,0.9659258262890683,-0.25881904510252063,0.0,0.0,1.0,0.0,100.0,100.0,0.0,0.0,7.7,70.0,388.0,0.0,1.0,1.0,0.0,0.0,1.0,100.0,0.0,100.0,0.0,0.0,1.0,0.0,1.0,165.0,8.0,0,24,0,0,8,8.0,0,0.0
original_1_7,F47_161_to_165,control,F47_165_08,8,7.1,71.0,406.0,0.0,1.0,0.0,100.0,100.0,0.0,0.0,0.8660254037844387,-0.4999999999999998,0.0,0.0,1.0,0.0,100.0,100.0,0.0,0.0,7.7,70.0,388.0,0.0,1.0,1.0,0.0,0.0,1.0,100.0,0.0,100.0,0.0,0.0,1.0,0.0,1.0,165.0,9.0,0,24,0,0,9,9.0,0,0.0
original_1_7,F47_161_to_165,control,F47_165_09,9,,,,11.0,15.0,24.0,82.0,82.0,0.0,0.0,0.7071067811865476,-0.7071067811865475,0.0,0.0,1.0,0.0,100.0,100.0,0.0,0.0,7.7,70.0,388.0,1.1,0.9,2.4,0.0,2.4,0.9,98.2,0.0,98.2,0.0,0.0,1.0,0.0,1.0,165.0,0.0,1,9,1,0,0,10.0,0,11.0
original_1_7,F47_161_to_165,control,F47_165_10,10,,,,30.0,39.0,70.0,0.0,0.0,0.0,0.0,0.49999999999999994,-0.8660254037844387,0.0,0.0,1.0,0.0,100.0,100.0,0.0,0.0,7.7,70.0,388.0,3.727272727272727,0.8181818181818182,5.7272727272727275,0.0,8.545454545454545,0.8181818181818182,89.27272727272727,0.09090909090909091,89.27272727272727,0.09090909090909091,0.0,1.0,0.0,1.0,165.0,0.0,2,9,1,0,1,0.0,0,30.0
original_1_7,F47_161_to_165,control,F47_165_11,11,,,,30.0,39.0,70.0,0.0,0.0,0.0,0.0,0.258819045102521,-0.9659258262890682,0.0,0.0,1.0,0.0,100.0,100.0,0.0,0.0,7.7,70.0,388.0,5.916666666666667,0.75,8.5,0.0,13.666666666666666,0.75,81.83333333333333,0.16666666666666666,81.83333333333333,0.16666666666666666,0.0,1.0,0.0,1.0,165.0,0.0,3,9,1,0,2,0.0,0,30.0
original_1_7,F47_161_to_165,control,F47_165_12,12,14.0,61.0,375.0,30.0,39.0,76.0,0.0,0.0,0.0,0.0,1.2246467991473532e-16,-1.0,0.0,0.0,1.0,0.0,100.0,100.0,0.0,0.0,7.7,70.0,388.0,7.769230769230769,0.6923076923076923,10.846153846153847,0.0,18.46153846153846,0.6923076923076923,75.53846153846153,0.23076923076923078,75.53846153846153,0.23076923076923078,0.0,1.0,0.0,1.0,165.0,0.0,4,9,1,0,3,0.0,0,30.0
original_1_7,F47_161_to_165,control,F47_165_13,13,13.8,62.0,372.0,30.0,39.0,62.0,0.0,0.0,0.0,0.0,-0.2588190451025208,-0.9659258262890683,0.0,0.0,1.0,0.0,100.0,100.0,0.0,0.0,7.7,70.0,388.0,9.357142857142858,0.6428571428571429,12.857142857142858,0.0,21.571428571428573,0.6428571428571429,70.14285714285714,0.2857142857142857,70.14285714285714,0.2857142857142857,0.0,1.0,0.0,1.0,165.0,0.0,5,9,1,0,4,0.0,0,30.0
original_1_7,F47_161_to_165,control,F47_165_14,14,13.9,60.0,368.0,30.0,39.0,62.0,0.0,0.0,0.0,0.0,-0.4999999999999997,-0.8660254037844388,0.0,0.0,1.0,0.0,100.0,100.0,0.0,0.0,7.7,70.0,388.0,10.733333333333333,0.6,14.6,0.0,24.266666666666666,0.6,65.46666666666667,0.3333333333333333,65.46666666666667,0.3333333333333333,0.0,1.0,0.0,1.0,165.0,0.0,6,9,1,0,5,0.0,0,30.0
original_1_7,F47_161_to_165,control,F47_165_15,15,13.2,61.0,369.0,30.0,39.0,58.0,20.0,20.0,0.0,0.0,-0.7071067811865471,-0.7071067811865479,0.0,0.0,1.0,0.0,100.0,100.0,0.0,0.0,7.7,70.0,388.0,11.9375,0.5625,16.125,0.0,26.375,0.5625,62.625,0.3125,62.625,0.3125,0.0,1.0,0.0,1.0,165.0,0.0,7,9,1,0,6,1.0,0,30.0
original_1_7,F47_161_to_165,control,F47_165_16,16,11.8,63.0,370.0,30.0,39.0,56.0,47.0,18.0,0.0,0.0,-0.8660254037844385,-0.5000000000000004,0.0,0.0,1.0,0.0,100.0,100.0,0.0,0.0,7.7,70.0,388.0,13.0,0.5294117647058824,17.470588235294116,0.0,28.11764705882353,0.5294117647058824,61.705882352941174,0.29411764705882354,60.0,0.29411764705882354,0.0,1.0,0.0,1.0,165.0,0.0,8,9,1,0,7,2.0,0,30.0
original_1_7,F47_161_to_165,control,F47_165_17,17,10.1,65.0,372.0,22.0,20.0,22.0,60.0,53.0,0.0,0.0,-0.9659258262890683,-0.25881904510252063,0.0,0.0,1.0,0.0,100.0,100.0,0.0,0.0,7.7,70.0,388.0,13.5,0.5,17.61111111111111,0.0,27.77777777777778,0.5,61.611111111111114,0.2777777777777778,59.611111111111114,0.2777777777777778,0.0,1.0,0.0,1.0,165.0,0.0,9,9,1,0,8,3.0,0,30.0
original_1_7,F47_161_to_165,control,F47_165_18,18,10.0,68.0,373.0,5.0,1.0,4.0,87.0,87.0,0.0,0.0,-1.0,-1.8369701987210297e-16,0.0,0.0,1.0,0.0,100.0,100.0,0.0,0.0,7.7,70.0,388.0,13.052631578947368,0.47368421052631576,16.736842105263158,0.0,26.526315789473685,0.47368421052631576,62.94736842105263,0.2631578947368421,61.05263157894737,0.2631578947368421,0.0,1.0,0.0,1.0,165.0,0.0,10,9,1,0,9,4.0,0,30.0
original_1_7,F47_161_to_165,control,F47_165_19,19,9.7,70.0,381.0,7.0,0.0,6.0,100.0,100.0,0.0,0.0,-0.9659258262890684,0.2588190451025203,0.0,0.0,1.0,0.0,100.0,100.0,0.0,0.0,7.7,70.0,388.0,12.75,0.45,15.9,0.05,25.5,0.45,64.8,0.25,63.0,0.25,0.0,1.0,0.0,1.0,165.0,0.0,11,9,1,1,0,5.0,0,30.0
original_1_7,F47_161_to_165,control,F47_165_20,20,8.9,72.0,380.0,9.0,0.0,6.0,100.0,100.0,0.0,0.0,-0.8660254037844386,0.5000000000000001,0.0,0.0,1.0,0.0,100.0,100.0,0.0,0.0,7.7,70.0,388.0,12.571428571428571,0.42857142857142855,15.142857142857142,0.09523809523809523,24.571428571428573,0.42857142857142855,66.47619047619048,0.23809523809523808,64.76190476190476,0.23809523809523808,0.0,1.0,0.0,1.0,165.0,0.0,12,9,1,1,1,6.0,0,30.0
original_1_7,F47_161_to_165,control,F47_165_21,21,10.0,73.0,382.0,1.0,0.0,0.0,78.0,78.0,0.0,0.0,-0.7071067811865477,0.7071067811865474,0.0,0.0,1.0,0.0,100.0,100.0,0.0,0.0,7.7,70.0,388.0,12.045454545454545,0.4090909090909091,14.454545454545455,0.13636363636363635,23.454545454545453,0.45454545454545453,67.0,0.22727272727272727,65.36363636363636,0.22727272727272727,0.0,1.0,0.0,1.0,165.0,0.0,13,9,2,1,0,7.0,0,30.0
original_1_7,F47_161_to_165,control,F47_165_22,22,10.0,74.0,386.0,1.0,0.0,0.0,78.0,67.0,0.0,0.0,-0.5000000000000004,0.8660254037844384,0.0,0.0,1.0,0.0,100.0,100.0,0.0,0.0,7.7,70.0,388.0,11.565217391304348,0.391304347826087,13.826086956521738,0.17391304347826086,22.434782608695652,0.4782608695652174,67.47826086956522,0.21739130434782608,65.43478260869566,0.21739130434782608,0.0,1.0,0.0,1.0,165.0,0.0,14,9,2,1,1,8.0,0,30.0
original_1_7,F47_161_to_165,control,F47_165_23,23,10.0,75.0,387.0,1.0,0.0,0.0,80.0,80.0,0.0,0.0,-0.25881904510252157,0.9659258262890681,0.0,0.0,1.0,0.0,100.0,100.0,0.0,0.0,7.7,70.0,388.0,11.125,0.375,13.25,0.20833333333333334,21.5,0.5,68.0,0.20833333333333334,66.04166666666667,0.20833333333333334,0.0,1.0,0.0,1.0,165.0,0.0,15,9,2,1,2,9.0,0,30.0
original_1_7,F47_161_to_165,failure,F47_161_00,0,11.8,64.0,480.0,0.0,0.0,0.0,0.0,0.0,0.0,0.0,0.0,1.0,1.0,0.0,0.0,0.0,0.0,0.0,0.0,0.0,11.8,64.0,480.0,0.0,1.0,0.0,1.0,0.0,1.0,0.0,1.0,0.0,1.0,0.0,1.0,0.0,1.0,161.0,1.0,0,24,0,0,1,0.0,0,0.0
original_1_7,F47_161_to_165,failure,F47_161_01,1,11.2,65.0,484.0,0.0,0.0,0.0,0.0,0.0,0.0,0.0,0.25881904510252074,0.9659258262890683,0.0,0.0,0.0,0.0,0.0,0.0,0.0,0.0,11.8,64.0,480.0,0.0,1.0,0.0,1.0,0.0,1.0,0.0,1.0,0.0,1.0,0.0,1.0,0.0,1.0,161.0,2.0,0,24,0,0,2,0.0,0,0.0
original_1_7,F47_161_to_165,failure,F47_161_02,2,9.9,70.0,456.0,0.0,0.0,0.0,23.0,0.0,0.0,0.0,0.49999999999999994,0.8660254037844387,0.0,0.0,0.0,0.0,0.0,0.0,0.0,0.0,11.8,64.0,480.0,0.0,1.0,0.0,1.0,0.0,1.0,7.666666666666667,0.6666666666666666,0.0,1.0,0.0,1.0,0.0,1.0,161.0,3.0,0,24,0,0,3,1.0,0,0.0
original_1_7,F47_161_to_165,failure,F47_161_03,3,8.8,65.0,363.0,0.0,0.0,0.0,100.0,0.0,0.0,0.0,0.7071067811865476,0.7071067811865476,0.0,0.0,0.0,0.0,0.0,0.0,0.0,0.0,11.8,64.0,480.0,0.0,1.0,0.0,1.0,0.0,1.0,30.75,0.5,0.0,1.0,0.0,1.0,0.0,1.0,161.0,4.0,0,24,0,0,4,2.0,0,0.0
original_1_7,F47_161_to_165,failure,F47_161_04,4,7.7,64.0,386.0,0.0,0.0,0.0,100.0,0.0,0.0,0.0,0.8660254037844386,0.5000000000000001,0.0,0.0,0.0,0.0,0.0,0.0,0.0,0.0,11.8,64.0,480.0,0.0,1.0,0.0,1.0,0.0,1.0,44.6,0.4,0.0,1.0,0.0,1.0,0.0,1.0,161.0,5.0,0,24,0,0,5,3.0,0,0.0
original_1_7,F47_161_to_165,failure,F47_161_05,5,8.5,64.0,318.0,0.0,0.0,0.0,100.0,0.0,0.0,0.0,0.9659258262890683,0.25881904510252074,0.0,0.0,0.0,0.0,0.0,0.0,0.0,0.0,11.8,64.0,480.0,0.0,1.0,0.0,1.0,0.0,1.0,53.833333333333336,0.3333333333333333,0.0,1.0,0.0,1.0,0.0,1.0,161.0,6.0,0,24,0,0,6,4.0,0,0.0
original_1_7,F47_161_to_165,failure,F47_161_06,6,9.2,64.0,347.0,0.0,0.0,0.0,100.0,0.0,0.0,0.0,1.0,6.123233995736766e-17,0.0,0.0,0.0,0.0,0.0,0.0,0.0,0.0,11.8,64.0,480.0,0.0,1.0,0.0,1.0,0.0,1.0,60.42857142857143,0.2857142857142857,0.0,1.0,0.0,1.0,0.0,1.0,161.0,7.0,0,24,0,0,7,5.0,0,0.0
original_1_7,F47_161_to_165,failure,F47_161_07,7,9.3,65.0,426.0,0.0,14.0,0.0,100.0,0.0,30.0,0.0,0.9659258262890683,-0.25881904510252063,0.0,0.0,0.0,0.0,0.0,0.0,0.0,0.0,11.8,64.0,480.0,0.0,1.0,1.75,0.875,0.0,1.0,65.375,0.25,0.0,1.0,3.75,0.875,0.0,1.0,161.0,8.0,0,24,0,1,0,6.0,1,0.0
original_1_7,F47_161_to_165,failure,F47_161_08,8,9.4,64.0,508.0,0.0,100.0,0.0,100.0,0.0,0.0,0.0,0.8660254037844387,-0.4999999999999998,0.0,0.0,0.0,0.0,0.0,0.0,0.0,0.0,11.8,64.0,480.0,0.0,1.0,12.666666666666666,0.7777777777777778,0.0,1.0,69.22222222222223,0.2222222222222222,0.0,1.0,3.3333333333333335,0.8888888888888888,0.0,1.0,161.0,9.0,0,24,0,1,1,7.0,1,0.0
original_1_7,F47_161_to_165,failure,F47_161_09,9,12.6,64.0,504.0,0.0,100.0,91.0,100.0,0.0,0.0,0.0,0.7071067811865476,-0.7071067811865475,0.0,0.0,0.0,0.0,0.0,0.0,0.0,0.0,11.8,64.0,480.0,0.0,1.0,21.4,0.7,9.1,0.9,72.3,0.2,0.0,1.0,3.0,0.9,0.0,1.0,161.0,10.0,0,24,1,1,0,8.0,1,0.0
original_1_7,F47_161_to_165,failure,F47_161_10,10,18.7,60.0,469.0,0.0,100.0,100.0,2.0,0.0,0.0,0.0,0.49999999999999994,-0.8660254037844387,0.0,0.0,0.0,0.0,0.0,0.0,0.0,0.0,11.8,64.0,480.0,0.0,1.0,28.545454545454547,0.6363636363636364,17.363636363636363,0.8181818181818182,65.9090909090909,0.18181818181818182,0.0,1.0,2.727272727272727,0.9090909090909091,0.0,1.0,161.0,11.0,0,24,1,1,1,9.0,1,0.0
original_1_7,F47_161_to_165,failure,F47_161_11,11,22.1,52.0,434.0,0.0,100.0,100.0,0.0,0.0,0.0,0.0,0.258819045102521,-0.9659258262890682,0.0,0.0,0.0,0.0,0.0,0.0,0.0,0.0,11.8,64.0,480.0,0.0,1.0,34.5,0.5833333333333334,24.25,0.75,60.416666666666664,0.25,0.0,1.0,2.5,0.9166666666666666,0.0,1.0,161.0,12.0,0,24,1,1,2,0.0,1,0.0
original_1_7,F47_161_to_165,failure,F47_161_12,12,21.9,44.0,431.0,12.0,100.0,100.0,0.0,0.0,27.0,0.0,1.2246467991473532e-16,-1.0,0.0,0.0,0.0,0.0,0.0,0.0,0.0,0.0,11.8,64.0,480.0,0.9230769230769231,0.9230769230769231,39.53846153846154,0.5384615384615384,30.076923076923077,0.6923076923076923,55.76923076923077,0.3076923076923077,0.0,1.0,4.384615384615385,0.8461538461538461,0.0,1.0,161.0,0.0,1,12,1,1,3,0.0,2,12.0
original_1_7,F47_161_to_165,failure,F47_161_13,13,20.9,41.0,394.0,30.0,100.0,100.0,0.0,0.0,35.0,2.0,-0.2588190451025208,-0.9659258262890683,0.0,0.0,0.0,0.0,0.0,0.0,0.0,0.0,11.8,64.0,480.0,3.0,0.8571428571428571,43.857142857142854,0.5,35.07142857142857,0.6428571428571429,51.785714285714285,0.35714285714285715,0.0,1.0,6.571428571428571,0.7857142857142857,0.14285714285714285,0.9285714285714286,161.0,0.0,2,12,1,1,4,0.0,3,30.0
original_1_7,F47_161_to_165,failure,F47_161_14,14,17.7,47.0,409.0,34.0,100.0,100.0,0.0,0.0,20.0,0.0,-0.4999999999999997,-0.8660254037844388,0.0,0.0,0.0,0.0,0.0,0.0,0.0,0.0,11.8,64.0,480.0,5.066666666666666,0.8,47.6,0.4666666666666667,39.4,0.6,48.333333333333336,0.4,0.0,1.0,7.466666666666667,0.7333333333333333,0.13333333333333333,0.9333333333333333,161.0,0.0,3,12,1,1,5,0.0,4,34.0
original_1_7,F47_161_to_165,failure,F47_161_15,15,15.5,61.0,392.0,1.0,100.0,100.0,0.0,0.0,0.0,0.0,-0.7071067811865471,-0.7071067811865479,0.0,0.0,0.0,0.0,0.0,0.0,0.0,0.0,11.8,64.0,480.0,4.8125,0.75,50.875,0.4375,43.1875,0.5625,45.3125,0.4375,0.0,1.0,7.0,0.75,0.125,0.9375,161.0,0.0,4,12,1,1,6,0.0,4,34.0
original_1_7,F47_161_to_165,failure,F47_161_16,16,14.3,60.0,405.0,0.0,100.0,100.0,0.0,0.0,0.0,0.0,-0.8660254037844385,-0.5000000000000004,0.0,0.0,0.0,0.0,0.0,0.0,0.0,0.0,11.8,64.0,480.0,4.529411764705882,0.7647058823529411,53.76470588235294,0.4117647058823529,46.529411764705884,0.5294117647058824,42.64705882352941,0.47058823529411764,0.0,1.0,6.588235294117647,0.7647058823529411,0.11764705882352941,0.9411764705882353,161.0,1.0,4,12,1,1,7,0.0,4,34.0
original_1_7,F47_161_to_165,failure,F47_161_17,17,14.0,62.0,382.0,0.0,100.0,100.0,0.0,0.0,0.0,0.0,-0.9659258262890683,-0.25881904510252063,0.0,0.0,0.0,0.0,0.0,0.0,0.0,0.0,11.8,64.0,480.0,4.277777777777778,0.7777777777777778,56.333333333333336,0.3888888888888889,49.5,0.5,40.27777777777778,0.5,0.0,1.0,6.222222222222222,0.7777777777777778,0.1111111111111111,0.9444444444444444,161.0,2.0,4,12,1,1,8,0.0,4,34.0
original_1_7,F47_161_to_165,failure,F47_161_18,18,12.0,64.0,386.0,0.0,100.0,6.0,0.0,0.0,0.0,0.0,-1.0,-1.8369701987210297e-16,0.0,0.0,0.0,0.0,0.0,0.0,0.0,0.0,11.8,64.0,480.0,4.052631578947368,0.7894736842105263,58.63157894736842,0.3684210526315789,47.21052631578947,0.47368421052631576,38.1578947368421,0.5263157894736842,0.0,1.0,5.894736842105263,0.7894736842105263,0.10526315789473684,0.9473684210526315,161.0,3.0,4,12,1,1,9,0.0,4,34.0
original_1_7,F47_161_to_165,failure,F47_161_19,19,10.5,62.0,307.0,0.0,100.0,0.0,0.0,0.0,0.0,0.0,-0.9659258262890684,0.2588190451025203,0.0,0.0,0.0,0.0,0.0,0.0,0.0,0.0,11.8,64.0,480.0,3.85,0.8,60.7,0.35,44.85,0.5,36.25,0.55,0.0,1.0,5.6,0.8,0.1,0.95,161.0,4.0,4,12,2,1,0,0.0,4,34.0
original_1_7,F47_161_to_165,failure,F47_161_20,20,10.5,60.0,320.0,0.0,91.0,0.0,0.0,0.0,0.0,0.0,-0.8660254037844386,0.5000000000000001,0.0,0.0,0.0,0.0,0.0,0.0,0.0,0.0,11.8,64.0,480.0,3.6666666666666665,0.8095238095238095,62.142857142857146,0.3333333333333333,42.714285714285715,0.5238095238095238,34.523809523809526,0.5714285714285714,0.0,1.0,5.333333333333333,0.8095238095238095,0.09523809523809523,0.9523809523809523,161.0,5.0,4,12,2,1,1,0.0,4,34.0
original_1_7,F47_161_to_165,failure,F47_161_21,21,12.2,65.0,309.0,0.0,0.0,0.0,0.0,0.0,0.0,0.0,-0.7071067811865477,0.7071067811865474,0.0,0.0,0.0,0.0,0.0,0.0,0.0,0.0,11.8,64.0,480.0,3.5,0.8181818181818182,59.31818181818182,0.36363636363636365,40.77272727272727,0.5454545454545454,32.95454545454545,0.5909090909090909,0.0,1.0,5.090909090909091,0.8181818181818182,0.09090909090909091,0.9545454545454546,161.0,6.0,4,12,2,2,0,0.0,4,34.0
original_1_7,F47_161_to_165,failure,F47_161_22,22,13.1,66.0,314.0,0.0,0.0,0.0,0.0,0.0,0.0,0.0,-0.5000000000000004,0.8660254037844384,0.0,0.0,0.0,0.0,0.0,0.0,0.0,0.0,11.8,64.0,480.0,3.347826086956522,0.8260869565217391,56.73913043478261,0.391304347826087,39.0,0.5652173913043478,31.52173913043478,0.6086956521739131,0.0,1.0,4.869565217391305,0.8260869565217391,0.08695652173913043,0.9565217391304348,161.0,7.0,4,12,2,2,1,0.0,4,34.0
original_1_7,F47_161_to_165,failure,F47_161_23,23,13.4,66.0,333.0,0.0,0.0,0.0,0.0,0.0,0.0,0.0,-0.25881904510252157,0.9659258262890681,0.0,0.0,0.0,0.0,0.0,0.0,0.0,0.0,11.8,64.0,480.0,3.2083333333333335,0.8333333333333334,54.375,0.4166666666666667,37.375,0.5833333333333334,30.208333333333332,0.625,0.0,1.0,4.666666666666667,0.8333333333333334,0.08333333333333333,0.9583333333333334,161.0,8.0,4,12,2,2,2,0.0,4,34.0
original_1_7,F47_161_to_160,control,F47_160_00,0,9.7,69.0,319.0,0.0,0.0,0.0,97.0,0.0,0.0,0.0,0.0,1.0,1.0,0.0,0.0,0.0,97.0,0.0,0.0,0.0,9.7,69.0,319.0,0.0,1.0,0.0,1.0,0.0,1.0,97.0,0.0,0.0,1.0,0.0,1.0,0.0,1.0,160.0,1.0,0,24,0,0,1,1.0,0,0.0
original_1_7,F47_161_to_160,control,F47_160_01,1,10.1,70.0,281.0,0.0,0.0,0.0,100.0,0.0,0.0,0.0,0.25881904510252074,0.9659258262890683,0.0,0.0,0.0,0.0,97.0,0.0,0.0,0.0,9.7,69.0,319.0,0.0,1.0,0.0,1.0,0.0,1.0,98.5,0.0,0.0,1.0,0.0,1.0,0.0,1.0,160.0,2.0,0,24,0,0,2,2.0,0,0.0
original_1_7,F47_161_to_160,control,F47_160_02,2,11.0,66.0,358.0,0.0,0.0,0.0,100.0,0.0,0.0,0.0,0.49999999999999994,0.8660254037844387,0.0,0.0,0.0,0.0,97.0,0.0,0.0,0.0,9.7,69.0,319.0,0.0,1.0,0.0,1.0,0.0,1.0,99.0,0.0,0.0,1.0,0.0,1.0,0.0,1.0,160.0,3.0,0,24,0,0,3,3.0,0,0.0
original_1_7,F47_161_to_160,control,F47_160_03,3,10.8,66.0,273.0,0.0,0.0,0.0,100.0,0.0,0.0,0.0,0.7071067811865476,0.7071067811865476,0.0,0.0,0.0,0.0,97.0,0.0,0.0,0.0,9.7,69.0,319.0,0.0,1.0,0.0,1.0,0.0,1.0,99.25,0.0,0.0,1.0,0.0,1.0,0.0,1.0,160.0,4.0,0,24,0,0,4,4.0,0,0.0
original_1_7,F47_161_to_160,control,F47_160_04,4,11.6,67.0,253.0,0.0,0.0,0.0,100.0,0.0,0.0,0.0,0.8660254037844386,0.5000000000000001,0.0,0.0,0.0,0.0,97.0,0.0,0.0,0.0,9.7,69.0,319.0,0.0,1.0,0.0,1.0,0.0,1.0,99.4,0.0,0.0,1.0,0.0,1.0,0.0,1.0,160.0,5.0,0,24,0,0,5,5.0,0,0.0
original_1_7,F47_161_to_160,control,F47_160_05,5,11.2,69.0,268.0,0.0,0.0,0.0,100.0,0.0,0.0,0.0,0.9659258262890683,0.25881904510252074,0.0,0.0,0.0,0.0,97.0,0.0,0.0,0.0,9.7,69.0,319.0,0.0,1.0,0.0,1.0,0.0,1.0,99.5,0.0,0.0,1.0,0.0,1.0,0.0,1.0,160.0,6.0,0,24,0,0,6,6.0,0,0.0
original_1_7,F47_161_to_160,control,F47_160_06,6,10.9,66.0,288.0,0.0,0.0,0.0,100.0,0.0,0.0,0.0,1.0,6.123233995736766e-17,0.0,0.0,0.0,0.0,97.0,0.0,0.0,0.0,9.7,69.0,319.0,0.0,1.0,0.0,1.0,0.0,1.0,99.57142857142857,0.0,0.0,1.0,0.0,1.0,0.0,1.0,160.0,7.0,0,24,0,0,7,7.0,0,0.0
original_1_7,F47_161_to_160,control,F47_160_07,7,10.9,65.0,337.0,0.0,0.0,0.0,100.0,0.0,35.0,0.0,0.9659258262890683,-0.25881904510252063,0.0,0.0,0.0,0.0,97.0,0.0,0.0,0.0,9.7,69.0,319.0,0.0,1.0,0.0,1.0,0.0,1.0,99.625,0.0,0.0,1.0,4.375,0.875,0.0,1.0,160.0,8.0,0,24,0,0,8,8.0,1,0.0
original_1_7,F47_161_to_160,control,F47_160_08,8,10.0,68.0,386.0,0.0,0.0,0.0,100.0,0.0,0.0,0.0,0.8660254037844387,-0.4999999999999998,0.0,0.0,0.0,0.0,97.0,0.0,0.0,0.0,9.7,69.0,319.0,0.0,1.0,0.0,1.0,0.0,1.0,99.66666666666667,0.0,0.0,1.0,3.888888888888889,0.8888888888888888,0.0,1.0,160.0,9.0,0,24,0,0,9,9.0,1,0.0
original_1_7,F47_161_to_160,control,F47_160_09,9,11.7,72.0,519.0,0.0,54.0,89.0,67.0,0.0,0.0,0.0,0.7071067811865476,-0.7071067811865475,0.0,0.0,0.0,0.0,97.0,0.0,0.0,0.0,9.7,69.0,319.0,0.0,1.0,5.4,0.9,8.9,0.9,96.4,0.0,0.0,1.0,3.5,0.9,0.0,1.0,160.0,10.0,0,24,1,1,0,10.0,1,0.0
original_1_7,F47_161_to_160,control,F47_160_10,10,17.2,67.0,504.0,0.0,100.0,100.0,0.0,0.0,0.0,0.0,0.49999999999999994,-0.8660254037844387,0.0,0.0,0.0,0.0,97.0,0.0,0.0,0.0,9.7,69.0,319.0,0.0,1.0,14.0,0.8181818181818182,17.181818181818183,0.8181818181818182,87.63636363636364,0.09090909090909091,0.0,1.0,3.1818181818181817,0.9090909090909091,0.0,1.0,160.0,11.0,0,24,1,1,1,0.0,1,0.0
original_1_7,F47_161_to_160,control,F47_160_11,11,21.0,57.0,517.0,0.0,100.0,100.0,0.0,0.0,25.0,0.0,0.258819045102521,-0.9659258262890682,0.0,0.0,0.0,0.0,97.0,0.0,0.0,0.0,9.7,69.0,319.0,0.0,1.0,21.166666666666668,0.75,24.083333333333332,0.75,80.33333333333333,0.16666666666666666,0.0,1.0,5.0,0.8333333333333334,0.0,1.0,160.0,12.0,0,24,1,1,2,0.0,2,0.0
original_1_7,F47_161_to_160,control,F47_160_12,12,21.1,59.0,461.0,0.0,100.0,100.0,0.0,0.0,2.0,0.0,1.2246467991473532e-16,-1.0,0.0,0.0,0.0,0.0,97.0,0.0,0.0,0.0,9.7,69.0,319.0,0.0,1.0,27.23076923076923,0.6923076923076923,29.923076923076923,0.6923076923076923,74.15384615384616,0.23076923076923078,0.0,1.0,4.769230769230769,0.7692307692307693,0.0,1.0,160.0,13.0,0,24,1,1,3,0.0,3,0.0
original_1_7,F47_161_to_160,control,F47_160_13,13,21.7,49.0,487.0,16.0,100.0,100.0,0.0,0.0,33.0,5.0,-0.2588190451025208,-0.9659258262890683,0.0,0.0,0.0,0.0,97.0,0.0,0.0,0.0,9.7,69.0,319.0,1.1428571428571428,0.9285714285714286,32.42857142857143,0.6428571428571429,34.92857142857143,0.6428571428571429,68.85714285714286,0.2857142857142857,0.0,1.0,6.785714285714286,0.7142857142857143,0.35714285714285715,0.9285714285714286,160.0,0.0,1,13,1,1,4,0.0,4,16.0
original_1_7,F47_161_to_160,control,F47_160_14,14,17.4,47.0,475.0,23.0,100.0,100.0,0.0,0.0,82.0,3.0,-0.4999999999999997,-0.8660254037844388,0.0,0.0,0.0,0.0,97.0,0.0,0.0,0.0,9.7,69.0,319.0,2.6,0.8666666666666667,36.93333333333333,0.6,39.266666666666666,0.6,64.26666666666667,0.3333333333333333,0.0,1.0,11.8,0.6666666666666666,0.5333333333333333,0.8666666666666667,160.0,0.0,2,13,1,1,5,0.0,5,23.0
original_1_7,F47_161_to_160,control,F47_160_15,15,21.4,46.0,506.0,0.0,100.0,100.0,0.0,0.0,0.0,2.0,-0.7071067811865471,-0.7071067811865479,0.0,0.0,0.0,0.0,97.0,0.0,0.0,0.0,9.7,69.0,319.0,2.4375,0.875,40.875,0.5625,43.0625,0.5625,60.25,0.375,0.0,1.0,11.0625,0.6875,0.625,0.8125,160.0,1.0,2,13,1,1,6,0.0,5,23.0
original_1_7,F47_161_to_160,control,F47_160_16,16,16.9,58.0,474.0,0.0,100.0,100.0,0.0,0.0,0.0,0.0,-0.8660254037844385,-0.5000000000000004,0.0,0.0,0.0,0.0,97.0,0.0,0.0,0.0,9.7,69.0,319.0,2.2941176470588234,0.8823529411764706,44.35294117647059,0.5294117647058824,46.411764705882355,0.5294117647058824,56.705882352941174,0.4117647058823529,0.0,1.0,10.411764705882353,0.7058823529411765,0.5882352941176471,0.8235294117647058,160.0,2.0,2,13,1,1,7,0.0,5,23.0
original_1_7,F47_161_to_160,control,F47_160_17,17,10.8,66.0,503.0,0.0,100.0,100.0,0.0,0.0,0.0,0.0,-0.9659258262890683,-0.25881904510252063,0.0,0.0,0.0,0.0,97.0,0.0,0.0,0.0,9.7,69.0,319.0,2.1666666666666665,0.8888888888888888,47.44444444444444,0.5,49.388888888888886,0.5,53.55555555555556,0.4444444444444444,0.0,1.0,9.833333333333334,0.7222222222222222,0.5555555555555556,0.8333333333333334,160.0,3.0,2,13,1,1,8,0.0,5,23.0
original_1_7,F47_161_to_160,control,F47_160_18,18,9.9,63.0,499.0,0.0,100.0,5.0,0.0,0.0,0.0,0.0,-1.0,-1.8369701987210297e-16,0.0,0.0,0.0,0.0,97.0,0.0,0.0,0.0,9.7,69.0,319.0,2.0526315789473686,0.8947368421052632,50.21052631578947,0.47368421052631576,47.05263157894737,0.47368421052631576,50.73684210526316,0.47368421052631576,0.0,1.0,9.31578947368421,0.7368421052631579,0.5263157894736842,0.8421052631578947,160.0,4.0,2,13,1,1,9,0.0,5,23.0
original_1_7,F47_161_to_160,control,F47_160_19,19,9.9,62.0,458.0,0.0,100.0,0.0,0.0,0.0,0.0,0.0,-0.9659258262890684,0.2588190451025203,0.0,0.0,0.0,0.0,97.0,0.0,0.0,0.0,9.7,69.0,319.0,1.95,0.9,52.7,0.45,44.7,0.5,48.2,0.5,0.0,1.0,8.85,0.75,0.5,0.85,160.0,5.0,2,13,2,1,0,0.0,5,23.0
original_1_7,F47_161_to_160,control,F47_160_20,20,10.4,63.0,540.0,0.0,89.0,0.0,0.0,0.0,0.0,0.0,-0.8660254037844386,0.5000000000000001,0.0,0.0,0.0,0.0,97.0,0.0,0.0,0.0,9.7,69.0,319.0,1.8571428571428572,0.9047619047619048,54.42857142857143,0.42857142857142855,42.57142857142857,0.5238095238095238,45.904761904761905,0.5238095238095238,0.0,1.0,8.428571428571429,0.7619047619047619,0.47619047619047616,0.8571428571428571,160.0,6.0,2,13,2,1,1,0.0,5,23.0
original_1_7,F47_161_to_160,control,F47_160_21,21,11.4,64.0,482.0,0.0,0.0,0.0,0.0,0.0,0.0,0.0,-0.7071067811865477,0.7071067811865474,0.0,0.0,0.0,0.0,97.0,0.0,0.0,0.0,9.7,69.0,319.0,1.7727272727272727,0.9090909090909091,51.95454545454545,0.45454545454545453,40.63636363636363,0.5454545454545454,43.81818181818182,0.5454545454545454,0.0,1.0,8.045454545454545,0.7727272727272727,0.45454545454545453,0.8636363636363636,160.0,7.0,2,13,2,2,0,0.0,5,23.0
original_1_7,F47_161_to_160,control,F47_160_22,22,11.6,63.0,461.0,0.0,0.0,0.0,0.0,0.0,0.0,0.0,-0.5000000000000004,0.8660254037844384,0.0,0.0,0.0,0.0,97.0,0.0,0.0,0.0,9.7,69.0,319.0,1.6956521739130435,0.9130434782608695,49.69565217391305,0.4782608695652174,38.869565217391305,0.5652173913043478,41.91304347826087,0.5652173913043478,0.0,1.0,7.695652173913044,0.782608695652174,0.43478260869565216,0.8695652173913043,160.0,8.0,2,13,2,2,1,0.0,5,23.0
original_1_7,F47_161_to_160,control,F47_160_23,23,11.4,65.0,415.0,0.0,0.0,0.0,0.0,0.0,0.0,0.0,-0.25881904510252157,0.9659258262890681,0.0,0.0,0.0,0.0,97.0,0.0,0.0,0.0,9.7,69.0,319.0,1.625,0.9166666666666666,47.625,0.5,37.25,0.5833333333333334,40.166666666666664,0.5833333333333334,0.0,1.0,7.375,0.7916666666666666,0.4166666666666667,0.875,160.0,9.0,2,13,2,2,2,0.0,5,23.0
original_1_7,F47_161_to_160,failure,F47_161_00,0,11.8,64.0,480.0,0.0,0.0,0.0,0.0,0.0,0.0,0.0,0.0,1.0,1.0,0.0,0.0,0.0,0.0,0.0,0.0,0.0,11.8,64.0,480.0,0.0,1.0,0.0,1.0,0.0,1.0,0.0,1.0,0.0,1.0,0.0,1.0,0.0,1.0,161.0,1.0,0,24,0,0,1,0.0,0,0.0
original_1_7,F47_161_to_160,failure,F47_161_01,1,11.2,65.0,484.0,0.0,0.0,0.0,0.0,0.0,0.0,0.0,0.25881904510252074,0.9659258262890683,0.0,0.0,0.0,0.0,0.0,0.0,0.0,0.0,11.8,64.0,480.0,0.0,1.0,0.0,1.0,0.0,1.0,0.0,1.0,0.0,1.0,0.0,1.0,0.0,1.0,161.0,2.0,0,24,0,0,2,0.0,0,0.0
original_1_7,F47_161_to_160,failure,F47_161_02,2,9.9,70.0,456.0,0.0,0.0,0.0,23.0,0.0,0.0,0.0,0.49999999999999994,0.8660254037844387,0.0,0.0,0.0,0.0,0.0,0.0,0.0,0.0,11.8,64.0,480.0,0.0,1.0,0.0,1.0,0.0,1.0,7.666666666666667,0.6666666666666666,0.0,1.0,0.0,1.0,0.0,1.0,161.0,3.0,0,24,0,0,3,1.0,0,0.0
original_1_7,F47_161_to_160,failure,F47_161_03,3,8.8,65.0,363.0,0.0,0.0,0.0,100.0,0.0,0.0,0.0,0.7071067811865476,0.7071067811865476,0.0,0.0,0.0,0.0,0.0,0.0,0.0,0.0,11.8,64.0,480.0,0.0,1.0,0.0,1.0,0.0,1.0,30.75,0.5,0.0,1.0,0.0,1.0,0.0,1.0,161.0,4.0,0,24,0,0,4,2.0,0,0.0
original_1_7,F47_161_to_160,failure,F47_161_04,4,7.7,64.0,386.0,0.0,0.0,0.0,100.0,0.0,0.0,0.0,0.8660254037844386,0.5000000000000001,0.0,0.0,0.0,0.0,0.0,0.0,0.0,0.0,11.8,64.0,480.0,0.0,1.0,0.0,1.0,0.0,1.0,44.6,0.4,0.0,1.0,0.0,1.0,0.0,1.0,161.0,5.0,0,24,0,0,5,3.0,0,0.0
original_1_7,F47_161_to_160,failure,F47_161_05,5,8.5,64.0,318.0,0.0,0.0,0.0,100.0,0.0,0.0,0.0,0.9659258262890683,0.25881904510252074,0.0,0.0,0.0,0.0,0.0,0.0,0.0,0.0,11.8,64.0,480.0,0.0,1.0,0.0,1.0,0.0,1.0,53.833333333333336,0.3333333333333333,0.0,1.0,0.0,1.0,0.0,1.0,161.0,6.0,0,24,0,0,6,4.0,0,0.0
original_1_7,F47_161_to_160,failure,F47_161_06,6,9.2,64.0,347.0,0.0,0.0,0.0,100.0,0.0,0.0,0.0,1.0,6.123233995736766e-17,0.0,0.0,0.0,0.0,0.0,0.0,0.0,0.0,11.8,64.0,480.0,0.0,1.0,0.0,1.0,0.0,1.0,60.42857142857143,0.2857142857142857,0.0,1.0,0.0,1.0,0.0,1.0,161.0,7.0,0,24,0,0,7,5.0,0,0.0
original_1_7,F47_161_to_160,failure,F47_161_07,7,9.3,65.0,426.0,0.0,14.0,0.0,100.0,0.0,30.0,0.0,0.9659258262890683,-0.25881904510252063,0.0,0.0,0.0,0.0,0.0,0.0,0.0,0.0,11.8,64.0,480.0,0.0,1.0,1.75,0.875,0.0,1.0,65.375,0.25,0.0,1.0,3.75,0.875,0.0,1.0,161.0,8.0,0,24,0,1,0,6.0,1,0.0
original_1_7,F47_161_to_160,failure,F47_161_08,8,9.4,64.0,508.0,0.0,100.0,0.0,100.0,0.0,0.0,0.0,0.8660254037844387,-0.4999999999999998,0.0,0.0,0.0,0.0,0.0,0.0,0.0,0.0,11.8,64.0,480.0,0.0,1.0,12.666666666666666,0.7777777777777778,0.0,1.0,69.22222222222223,0.2222222222222222,0.0,1.0,3.3333333333333335,0.8888888888888888,0.0,1.0,161.0,9.0,0,24,0,1,1,7.0,1,0.0
original_1_7,F47_161_to_160,failure,F47_161_09,9,12.6,64.0,504.0,0.0,100.0,91.0,100.0,0.0,0.0,0.0,0.7071067811865476,-0.7071067811865475,0.0,0.0,0.0,0.0,0.0,0.0,0.0,0.0,11.8,64.0,480.0,0.0,1.0,21.4,0.7,9.1,0.9,72.3,0.2,0.0,1.0,3.0,0.9,0.0,1.0,161.0,10.0,0,24,1,1,0,8.0,1,0.0
original_1_7,F47_161_to_160,failure,F47_161_10,10,18.7,60.0,469.0,0.0,100.0,100.0,2.0,0.0,0.0,0.0,0.49999999999999994,-0.8660254037844387,0.0,0.0,0.0,0.0,0.0,0.0,0.0,0.0,11.8,64.0,480.0,0.0,1.0,28.545454545454547,0.6363636363636364,17.363636363636363,0.8181818181818182,65.9090909090909,0.18181818181818182,0.0,1.0,2.727272727272727,0.9090909090909091,0.0,1.0,161.0,11.0,0,24,1,1,1,9.0,1,0.0
original_1_7,F47_161_to_160,failure,F47_161_11,11,22.1,52.0,434.0,0.0,100.0,100.0,0.0,0.0,0.0,0.0,0.258819045102521,-0.9659258262890682,0.0,0.0,0.0,0.0,0.0,0.0,0.0,0.0,11.8,64.0,480.0,0.0,1.0,34.5,0.5833333333333334,24.25,0.75,60.416666666666664,0.25,0.0,1.0,2.5,0.9166666666666666,0.0,1.0,161.0,12.0,0,24,1,1,2,0.0,1,0.0
original_1_7,F47_161_to_160,failure,F47_161_12,12,21.9,44.0,431.0,12.0,100.0,100.0,0.0,0.0,27.0,0.0,1.2246467991473532e-16,-1.0,0.0,0.0,0.0,0.0,0.0,0.0,0.0,0.0,11.8,64.0,480.0,0.9230769230769231,0.9230769230769231,39.53846153846154,0.5384615384615384,30.076923076923077,0.6923076923076923,55.76923076923077,0.3076923076923077,0.0,1.0,4.384615384615385,0.8461538461538461,0.0,1.0,161.0,0.0,1,12,1,1,3,0.0,2,12.0
original_1_7,F47_161_to_160,failure,F47_161_13,13,20.9,41.0,394.0,30.0,100.0,100.0,0.0,0.0,35.0,2.0,-0.2588190451025208,-0.9659258262890683,0.0,0.0,0.0,0.0,0.0,0.0,0.0,0.0,11.8,64.0,480.0,3.0,0.8571428571428571,43.857142857142854,0.5,35.07142857142857,0.6428571428571429,51.785714285714285,0.35714285714285715,0.0,1.0,6.571428571428571,0.7857142857142857,0.14285714285714285,0.9285714285714286,161.0,0.0,2,12,1,1,4,0.0,3,30.0
original_1_7,F47_161_to_160,failure,F47_161_14,14,17.7,47.0,409.0,34.0,100.0,100.0,0.0,0.0,20.0,0.0,-0.4999999999999997,-0.8660254037844388,0.0,0.0,0.0,0.0,0.0,0.0,0.0,0.0,11.8,64.0,480.0,5.066666666666666,0.8,47.6,0.4666666666666667,39.4,0.6,48.333333333333336,0.4,0.0,1.0,7.466666666666667,0.7333333333333333,0.13333333333333333,0.9333333333333333,161.0,0.0,3,12,1,1,5,0.0,4,34.0
original_1_7,F47_161_to_160,failure,F47_161_15,15,15.5,61.0,392.0,1.0,100.0,100.0,0.0,0.0,0.0,0.0,-0.7071067811865471,-0.7071067811865479,0.0,0.0,0.0,0.0,0.0,0.0,0.0,0.0,11.8,64.0,480.0,4.8125,0.75,50.875,0.4375,43.1875,0.5625,45.3125,0.4375,0.0,1.0,7.0,0.75,0.125,0.9375,161.0,0.0,4,12,1,1,6,0.0,4,34.0
original_1_7,F47_161_to_160,failure,F47_161_16,16,14.3,60.0,405.0,0.0,100.0,100.0,0.0,0.0,0.0,0.0,-0.8660254037844385,-0.5000000000000004,0.0,0.0,0.0,0.0,0.0,0.0,0.0,0.0,11.8,64.0,480.0,4.529411764705882,0.7647058823529411,53.76470588235294,0.4117647058823529,46.529411764705884,0.5294117647058824,42.64705882352941,0.47058823529411764,0.0,1.0,6.588235294117647,0.7647058823529411,0.11764705882352941,0.9411764705882353,161.0,1.0,4,12,1,1,7,0.0,4,34.0
original_1_7,F47_161_to_160,failure,F47_161_17,17,14.0,62.0,382.0,0.0,100.0,100.0,0.0,0.0,0.0,0.0,-0.9659258262890683,-0.25881904510252063,0.0,0.0,0.0,0.0,0.0,0.0,0.0,0.0,11.8,64.0,480.0,4.277777777777778,0.7777777777777778,56.333333333333336,0.3888888888888889,49.5,0.5,40.27777777777778,0.5,0.0,1.0,6.222222222222222,0.7777777777777778,0.1111111111111111,0.9444444444444444,161.0,2.0,4,12,1,1,8,0.0,4,34.0
original_1_7,F47_161_to_160,failure,F47_161_18,18,12.0,64.0,386.0,0.0,100.0,6.0,0.0,0.0,0.0,0.0,-1.0,-1.8369701987210297e-16,0.0,0.0,0.0,0.0,0.0,0.0,0.0,0.0,11.8,64.0,480.0,4.052631578947368,0.7894736842105263,58.63157894736842,0.3684210526315789,47.21052631578947,0.47368421052631576,38.1578947368421,0.5263157894736842,0.0,1.0,5.894736842105263,0.7894736842105263,0.10526315789473684,0.9473684210526315,161.0,3.0,4,12,1,1,9,0.0,4,34.0
original_1_7,F47_161_to_160,failure,F47_161_19,19,10.5,62.0,307.0,0.0,100.0,0.0,0.0,0.0,0.0,0.0,-0.9659258262890684,0.2588190451025203,0.0,0.0,0.0,0.0,0.0,0.0,0.0,0.0,11.8,64.0,480.0,3.85,0.8,60.7,0.35,44.85,0.5,36.25,0.55,0.0,1.0,5.6,0.8,0.1,0.95,161.0,4.0,4,12,2,1,0,0.0,4,34.0
original_1_7,F47_161_to_160,failure,F47_161_20,20,10.5,60.0,320.0,0.0,91.0,0.0,0.0,0.0,0.0,0.0,-0.8660254037844386,0.5000000000000001,0.0,0.0,0.0,0.0,0.0,0.0,0.0,0.0,11.8,64.0,480.0,3.6666666666666665,0.8095238095238095,62.142857142857146,0.3333333333333333,42.714285714285715,0.5238095238095238,34.523809523809526,0.5714285714285714,0.0,1.0,5.333333333333333,0.8095238095238095,0.09523809523809523,0.9523809523809523,161.0,5.0,4,12,2,1,1,0.0,4,34.0
original_1_7,F47_161_to_160,failure,F47_161_21,21,12.2,65.0,309.0,0.0,0.0,0.0,0.0,0.0,0.0,0.0,-0.7071067811865477,0.7071067811865474,0.0,0.0,0.0,0.0,0.0,0.0,0.0,0.0,11.8,64.0,480.0,3.5,0.8181818181818182,59.31818181818182,0.36363636363636365,40.77272727272727,0.5454545454545454,32.95454545454545,0.5909090909090909,0.0,1.0,5.090909090909091,0.8181818181818182,0.09090909090909091,0.9545454545454546,161.0,6.0,4,12,2,2,0,0.0,4,34.0
original_1_7,F47_161_to_160,failure,F47_161_22,22,13.1,66.0,314.0,0.0,0.0,0.0,0.0,0.0,0.0,0.0,-0.5000000000000004,0.8660254037844384,0.0,0.0,0.0,0.0,0.0,0.0,0.0,0.0,11.8,64.0,480.0,3.347826086956522,0.8260869565217391,56.73913043478261,0.391304347826087,39.0,0.5652173913043478,31.52173913043478,0.6086956521739131,0.0,1.0,4.869565217391305,0.8260869565217391,0.08695652173913043,0.9565217391304348,161.0,7.0,4,12,2,2,1,0.0,4,34.0
original_1_7,F47_161_to_160,failure,F47_161_23,23,13.4,66.0,333.0,0.0,0.0,0.0,0.0,0.0,0.0,0.0,-0.25881904510252157,0.9659258262890681,0.0,0.0,0.0,0.0,0.0,0.0,0.0,0.0,11.8,64.0,480.0,3.2083333333333335,0.8333333333333334,54.375,0.4166666666666667,37.375,0.5833333333333334,30.208333333333332,0.625,0.0,1.0,4.666666666666667,0.8333333333333334,0.08333333333333333,0.9583333333333334,161.0,8.0,4,12,2,2,2,0.0,4,34.0
original_4_7,F47_130_to_127,control,F47_127_00,0,9.8,65.0,362.0,0.0,0.0,0.0,40.0,40.0,0.0,0.0,0.0,1.0,1.0,0.0,0.0,0.0,40.0,40.0,0.0,0.0,9.8,65.0,362.0,0.0,1.0,0.0,1.0,0.0,1.0,40.0,0.0,40.0,0.0,0.0,1.0,0.0,1.0,127.0,1.0,0,24,0,0,1,1.0,0,0.0
original_4_7,F47_130_to_127,control,F47_127_01,1,9.7,65.0,363.0,0.0,0.0,0.0,47.0,43.0,0.0,0.0,0.25881904510252074,0.9659258262890683,0.0,0.0,0.0,0.0,40.0,40.0,0.0,0.0,9.8,65.0,362.0,0.0,1.0,0.0,1.0,0.0,1.0,43.5,0.0,41.5,0.0,0.0,1.0,0.0,1.0,127.0,2.0,0,24,0,0,2,2.0,0,0.0
original_4_7,F47_130_to_127,control,F47_127_02,2,10.0,64.0,362.0,0.0,0.0,0.0,43.0,33.0,0.0,0.0,0.49999999999999994,0.8660254037844387,0.0,0.0,0.0,0.0,40.0,40.0,0.0,0.0,9.8,65.0,362.0,0.0,1.0,0.0,1.0,0.0,1.0,43.333333333333336,0.0,38.666666666666664,0.0,0.0,1.0,0.0,1.0,127.0,3.0,0,24,0,0,3,3.0,0,0.0
original_4_7,F47_130_to_127,control,F47_127_03,3,9.9,64.0,365.0,0.0,0.0,0.0,53.0,47.0,0.0,0.0,0.7071067811865476,0.7071067811865476,0.0,0.0,0.0,0.0,40.0,40.0,0.0,0.0,9.8,65.0,362.0,0.0,1.0,0.0,1.0,0.0,1.0,45.75,0.0,40.75,0.0,0.0,1.0,0.0,1.0,127.0,4.0,0,24,0,0,4,4.0,0,0.0
original_4_7,F47_130_to_127,control,F47_127_04,4,8.5,67.0,369.0,0.0,0.0,0.0,100.0,7.0,0.0,0.0,0.8660254037844386,0.5000000000000001,0.0,0.0,0.0,0.0,40.0,40.0,0.0,0.0,9.8,65.0,362.0,0.0,1.0,0.0,1.0,0.0,1.0,56.6,0.0,34.0,0.0,0.0,1.0,0.0,1.0,127.0,5.0,0,24,0,0,5,5.0,0,0.0
original_4_7,F47_130_to_127,control,F47_127_05,5,9.4,63.0,374.0,0.0,0.0,0.0,63.0,47.0,0.0,0.0,0.9659258262890683,0.25881904510252074,0.0,0.0,0.0,0.0,40.0,40.0,0.0,0.0,9.8,65.0,362.0,0.0,1.0,0.0,1.0,0.0,1.0,57.666666666666664,0.0,36.166666666666664,0.0,0.0,1.0,0.0,1.0,127.0,6.0,0,24,0,0,6,6.0,0,0.0
original_4_7,F47_130_to_127,control,F47_127_06,6,9.7,62.0,378.0,0.0,0.0,0.0,53.0,40.0,0.0,0.0,1.0,6.123233995736766e-17,0.0,0.0,0.0,0.0,40.0,40.0,0.0,0.0,9.8,65.0,362.0,0.0,1.0,0.0,1.0,0.0,1.0,57.0,0.0,36.714285714285715,0.0,0.0,1.0,0.0,1.0,127.0,7.0,0,24,0,0,7,7.0,0,0.0
original_4_7,F47_130_to_127,control,F47_127_07,7,9.5,62.0,381.0,0.0,0.0,0.0,57.0,45.0,0.0,0.0,0.9659258262890683,-0.25881904510252063,0.0,0.0,0.0,0.0,40.0,40.0,0.0,0.0,9.8,65.0,362.0,0.0,1.0,0.0,1.0,0.0,1.0,57.0,0.0,37.75,0.0,0.0,1.0,0.0,1.0,127.0,8.0,0,24,0,0,8,8.0,0,0.0
original_4_7,F47_130_to_127,control,F47_127_08,8,9.7,64.0,382.0,0.0,0.0,3.0,30.0,37.0,0.0,0.0,0.8660254037844387,-0.4999999999999998,0.0,0.0,0.0,0.0,40.0,40.0,0.0,0.0,9.8,65.0,362.0,0.0,1.0,0.0,1.0,0.3333333333333333,0.8888888888888888,54.0,0.0,37.666666666666664,0.0,0.0,1.0,0.0,1.0,127.0,9.0,0,24,1,0,0,9.0,0,0.0
original_4_7,F47_130_to_127,control,F47_127_09,9,11.8,63.0,384.0,0.0,53.0,99.0,33.0,47.0,0.0,0.0,0.7071067811865476,-0.7071067811865475,0.0,0.0,0.0,0.0,40.0,40.0,0.0,0.0,9.8,65.0,362.0,0.0,1.0,5.3,0.9,10.2,0.8,51.9,0.0,38.6,0.0,0.0,1.0,0.0,1.0,127.0,10.0,0,24,1,1,0,10.0,0,0.0
original_4_7,F47_130_to_127,control,F47_127_10,10,16.7,60.0,421.0,12.0,100.0,100.0,0.0,53.0,7.0,0.0,0.49999999999999994,-0.8660254037844387,0.0,0.0,0.0,0.0,40.0,40.0,0.0,0.0,9.8,65.0,362.0,1.0909090909090908,0.9090909090909091,13.909090909090908,0.8181818181818182,18.363636363636363,0.7272727272727273,47.18181818181818,0.09090909090909091,39.90909090909091,0.0,0.6363636363636364,0.9090909090909091,0.0,1.0,127.0,0.0,1,10,1,1,1,0.0,1,12.0
original_4_7,F47_130_to_127,control,F47_127_11,11,20.4,61.0,416.0,9.0,100.0,100.0,0.0,57.0,5.0,13.0,0.258819045102521,-0.9659258262890682,0.0,0.0,0.0,0.0,40.0,40.0,0.0,0.0,9.8,65.0,362.0,1.75,0.8333333333333334,21.083333333333332,0.75,25.166666666666668,0.6666666666666666,43.25,0.16666666666666666,41.333333333333336,0.0,1.0,0.8333333333333334,1.0833333333333333,0.9166666666666666,127.0,0.0,2,10,1,1,2,0.0,2,12.0
original_4_7,F47_130_to_127,control,F47_127_12,12,22.8,64.0,424.0,10.0,100.0,100.0,0.0,37.0,5.0,13.0,1.2246467991473532e-16,-1.0,0.0,0.0,0.0,0.0,40.0,40.0,0.0,0.0,9.8,65.0,362.0,2.3846153846153846,0.7692307692307693,27.153846153846153,0.6923076923076923,30.923076923076923,0.6153846153846154,39.92307692307692,0.23076923076923078,41.0,0.0,1.3076923076923077,0.7692307692307693,2.0,0.8461538461538461,127.0,0.0,3,10,1,1,3,0.0,3,12.0
original_4_7,F47_130_to_127,control,F47_127_13,13,23.4,66.0,434.0,13.0,100.0,100.0,0.0,52.0,10.0,23.0,-0.2588190451025208,-0.9659258262890683,0.0,0.0,0.0,0.0,40.0,40.0,0.0,0.0,9.8,65.0,362.0,3.142857142857143,0.7142857142857143,32.357142857142854,0.6428571428571429,35.857142857142854,0.5714285714285714,37.07142857142857,0.2857142857142857,41.785714285714285,0.0,1.9285714285714286,0.7142857142857143,3.5,0.7857142857142857,127.0,0.0,4,10,1,1,4,0.0,4,13.0
original_4_7,F47_130_to_127,control,F47_127_14,14,23.8,63.0,385.0,11.0,100.0,100.0,0.0,45.0,0.0,12.0,-0.4999999999999997,-0.8660254037844388,0.0,0.0,0.0,0.0,40.0,40.0,0.0,0.0,9.8,65.0,362.0,3.6666666666666665,0.6666666666666666,36.86666666666667,0.6,40.13333333333333,0.5333333333333333,34.6,0.3333333333333333,42.0,0.0,1.8,0.7333333333333333,4.066666666666666,0.7333333333333333,127.0,0.0,5,10,1,1,5,0.0,4,13.0
original_4_7,F47_130_to_127,control,F47_127_15,15,21.9,62.0,349.0,9.0,100.0,100.0,0.0,33.0,0.0,5.0,-0.7071067811865471,-0.7071067811865479,0.0,0.0,0.0,0.0,40.0,40.0,0.0,0.0,9.8,65.0,362.0,4.0,0.625,40.8125,0.5625,43.875,0.5,32.4375,0.375,41.4375,0.0,1.6875,0.75,4.125,0.6875,127.0,0.0,6,10,1,1,6,0.0,4,13.0
original_4_7,F47_130_to_127,control,F47_127_16,16,17.7,66.0,342.0,7.0,70.0,72.0,0.0,55.0,0.0,0.0,-0.8660254037844385,-0.5000000000000004,0.0,0.0,0.0,0.0,40.0,40.0,0.0,0.0,9.8,65.0,362.0,4.176470588235294,0.5882352941176471,42.529411764705884,0.5294117647058824,45.529411764705884,0.47058823529411764,30.529411764705884,0.4117647058823529,42.23529411764706,0.0,1.588235294117647,0.7647058823529411,3.8823529411764706,0.7058823529411765,127.0,0.0,7,10,1,1,7,0.0,4,13.0
original_4_7,F47_130_to_127,control,F47_127_17,17,15.2,66.0,340.0,3.0,0.0,0.0,17.0,52.0,0.0,0.0,-0.9659258262890683,-0.25881904510252063,0.0,0.0,0.0,0.0,40.0,40.0,0.0,0.0,9.8,65.0,362.0,4.111111111111111,0.5555555555555556,40.166666666666664,0.5555555555555556,43.0,0.5,29.77777777777778,0.3888888888888889,42.77777777777778,0.0,1.5,0.7777777777777778,3.6666666666666665,0.7222222222222222,127.0,0.0,8,10,2,2,0,1.0,4,13.0
original_4_7,F47_130_to_127,control,F47_127_18,18,11.5,70.0,343.0,1.0,0.0,0.0,0.0,38.0,0.0,0.0,-1.0,-1.8369701987210297e-16,0.0,0.0,0.0,0.0,40.0,40.0,0.0,0.0,9.8,65.0,362.0,3.9473684210526314,0.5263157894736842,38.05263157894737,0.5789473684210527,40.73684210526316,0.5263157894736842,28.210526315789473,0.42105263157894735,42.526315789473685,0.0,1.4210526315789473,0.7894736842105263,3.473684210526316,0.7368421052631579,127.0,0.0,9,10,2,2,1,0.0,4,13.0
original_4_7,F47_130_to_127,control,F47_127_19,19,10.1,70.0,350.0,0.0,0.0,0.0,17.0,38.0,0.0,0.0,-0.9659258262890684,0.2588190451025203,0.0,0.0,0.0,0.0,40.0,40.0,0.0,0.0,9.8,65.0,362.0,3.75,0.55,36.15,0.6,38.7,0.55,27.65,0.4,42.3,0.0,1.35,0.8,3.3,0.75,127.0,1.0,9,10,2,2,2,1.0,4,13.0
original_4_7,F47_130_to_127,control,F47_127_20,20,10.1,69.0,355.0,0.0,0.0,0.0,27.0,40.0,0.0,0.0,-0.8660254037844386,0.5000000000000001,0.0,0.0,0.0,0.0,40.0,40.0,0.0,0.0,9.8,65.0,362.0,3.5714285714285716,0.5714285714285714,34.42857142857143,0.6190476190476191,36.857142857142854,0.5714285714285714,27.61904761904762,0.38095238095238093,42.19047619047619,0.0,1.2857142857142858,0.8095238095238095,3.142857142857143,0.7619047619047619,127.0,2.0,9,10,2,2,3,2.0,4,13.0
original_4_7,F47_130_to_127,control,F47_127_21,21,10.1,68.0,360.0,0.0,0.0,0.0,100.0,0.0,0.0,0.0,-0.7071067811865477,0.7071067811865474,0.0,0.0,0.0,0.0,40.0,40.0,0.0,0.0,9.8,65.0,362.0,3.409090909090909,0.5909090909090909,32.86363636363637,0.6363636363636364,35.18181818181818,0.5909090909090909,30.90909090909091,0.36363636363636365,40.27272727272727,0.045454545454545456,1.2272727272727273,0.8181818181818182,3.0,0.7727272727272727,127.0,3.0,9,10,2,2,4,3.0,4,13.0
original_4_7,F47_130_to_127,control,F47_127_22,22,10.2,68.0,364.0,0.0,0.0,0.0,82.0,5.0,0.0,0.0,-0.5000000000000004,0.8660254037844384,0.0,0.0,0.0,0.0,40.0,40.0,0.0,0.0,9.8,65.0,362.0,3.260869565217391,0.6086956521739131,31.434782608695652,0.6521739130434783,33.65217391304348,0.6086956521739131,33.130434782608695,0.34782608695652173,38.73913043478261,0.043478260869565216,1.173913043478261,0.8260869565217391,2.869565217391304,0.782608695652174,127.0,4.0,9,10,2,2,5,4.0,4,13.0
original_4_7,F47_130_to_127,control,F47_127_23,23,10.2,67.0,369.0,0.0,0.0,0.0,45.0,20.0,0.0,0.0,-0.25881904510252157,0.9659258262890681,0.0,0.0,0.0,0.0,40.0,40.0,0.0,0.0,9.8,65.0,362.0,3.125,0.625,30.125,0.6666666666666666,32.25,0.625,33.625,0.3333333333333333,37.958333333333336,0.041666666666666664,1.125,0.8333333333333334,2.75,0.7916666666666666,127.0,5.0,9,10,2,2,6,5.0,4,13.0
original_4_7,F47_130_to_127,failure,F47_130_00,0,10.8,62.0,383.0,0.0,0.0,0.0,72.0,0.0,0.0,0.0,0.0,1.0,1.0,0.0,0.0,0.0,72.0,0.0,0.0,0.0,10.8,62.0,383.0,0.0,1.0,0.0,1.0,0.0,1.0,72.0,0.0,0.0,1.0,0.0,1.0,0.0,1.0,130.0,1.0,0,24,0,0,1,1.0,0,0.0
original_4_7,F47_130_to_127,failure,F47_130_01,1,10.0,64.0,382.0,0.0,0.0,0.0,30.0,0.0,0.0,0.0,0.25881904510252074,0.9659258262890683,0.0,0.0,0.0,0.0,72.0,0.0,0.0,0.0,10.8,62.0,383.0,0.0,1.0,0.0,1.0,0.0,1.0,51.0,0.0,0.0,1.0,0.0,1.0,0.0,1.0,130.0,2.0,0,24,0,0,2,2.0,0,0.0
original_4_7,F47_130_to_127,failure,F47_130_02,2,10.0,64.0,388.0,0.0,0.0,0.0,50.0,0.0,0.0,0.0,0.49999999999999994,0.8660254037844387,0.0,0.0,0.0,0.0,72.0,0.0,0.0,0.0,10.8,62.0,383.0,0.0,1.0,0.0,1.0,0.0,1.0,50.666666666666664,0.0,0.0,1.0,0.0,1.0,0.0,1.0,130.0,3.0,0,24,0,0,3,3.0,0,0.0
original_4_7,F47_130_to_127,failure,F47_130_03,3,10.4,63.0,387.0,0.0,0.0,0.0,52.0,0.0,0.0,0.0,0.7071067811865476,0.7071067811865476,0.0,0.0,0.0,0.0,72.0,0.0,0.0,0.0,10.8,62.0,383.0,0.0,1.0,0.0,1.0,0.0,1.0,51.0,0.0,0.0,1.0,0.0,1.0,0.0,1.0,130.0,4.0,0,24,0,0,4,4.0,0,0.0
original_4_7,F47_130_to_127,failure,F47_130_04,4,9.7,66.0,383.0,0.0,0.0,0.0,100.0,0.0,0.0,0.0,0.8660254037844386,0.5000000000000001,0.0,0.0,0.0,0.0,72.0,0.0,0.0,0.0,10.8,62.0,383.0,0.0,1.0,0.0,1.0,0.0,1.0,60.8,0.0,0.0,1.0,0.0,1.0,0.0,1.0,130.0,5.0,0,24,0,0,5,5.0,0,0.0
original_4_7,F47_130_to_127,failure,F47_130_05,5,8.8,70.0,386.0,0.0,0.0,0.0,100.0,0.0,0.0,0.0,0.9659258262890683,0.25881904510252074,0.0,0.0,0.0,0.0,72.0,0.0,0.0,0.0,10.8,62.0,383.0,0.0,1.0,0.0,1.0,0.0,1.0,67.33333333333333,0.0,0.0,1.0,0.0,1.0,0.0,1.0,130.0,6.0,0,24,0,0,6,6.0,0,0.0
original_4_7,F47_130_to_127,failure,F47_130_06,6,9.4,73.0,386.0,0.0,0.0,0.0,100.0,0.0,0.0,0.0,1.0,6.123233995736766e-17,0.0,0.0,0.0,0.0,72.0,0.0,0.0,0.0,10.8,62.0,383.0,0.0,1.0,0.0,1.0,0.0,1.0,72.0,0.0,0.0,1.0,0.0,1.0,0.0,1.0,130.0,7.0,0,24,0,0,7,7.0,0,0.0
original_4_7,F47_130_to_127,failure,F47_130_07,7,9.8,77.0,403.0,0.0,16.0,0.0,62.0,0.0,7.0,0.0,0.9659258262890683,-0.25881904510252063,0.0,0.0,0.0,0.0,72.0,0.0,0.0,0.0,10.8,62.0,383.0,0.0,1.0,2.0,0.875,0.0,1.0,70.75,0.0,0.0,1.0,0.875,0.875,0.0,1.0,130.0,8.0,0,24,0,1,0,8.0,1,0.0
original_4_7,F47_130_to_127,failure,F47_130_08,8,10.0,79.0,417.0,0.0,100.0,0.0,0.0,0.0,0.0,0.0,0.8660254037844387,-0.4999999999999998,0.0,0.0,0.0,0.0,72.0,0.0,0.0,0.0,10.8,62.0,383.0,0.0,1.0,12.88888888888889,0.7777777777777778,0.0,1.0,62.888888888888886,0.1111111111111111,0.0,1.0,0.7777777777777778,0.8888888888888888,0.0,1.0,130.0,9.0,0,24,0,1,1,0.0,1,0.0
original_4_7,F47_130_to_127,failure,F47_130_09,9,10.9,79.0,413.0,0.0,100.0,0.0,0.0,0.0,27.0,0.0,0.7071067811865476,-0.7071067811865475,0.0,0.0,0.0,0.0,72.0,0.0,0.0,0.0,10.8,62.0,383.0,0.0,1.0,21.6,0.7,0.0,1.0,56.6,0.2,0.0,1.0,3.4,0.8,0.0,1.0,130.0,10.0,0,24,0,1,2,0.0,2,0.0
original_4_7,F47_130_to_127,failure,F47_130_10,10,12.4,76.0,700.0,0.0,100.0,42.0,0.0,0.0,33.0,0.0,0.49999999999999994,-0.8660254037844387,0.0,0.0,0.0,0.0,72.0,0.0,0.0,0.0,10.8,62.0,383.0,0.0,1.0,28.727272727272727,0.6363636363636364,3.8181818181818183,0.9090909090909091,51.45454545454545,0.2727272727272727,0.0,1.0,6.090909090909091,0.7272727272727273,0.0,1.0,130.0,11.0,0,24,1,1,0,0.0,3,0.0
original_4_7,F47_130_to_127,failure,F47_130_11,11,19.6,58.0,609.0,0.0,100.0,100.0,0.0,0.0,0.0,0.0,0.258819045102521,-0.9659258262890682,0.0,0.0,0.0,0.0,72.0,0.0,0.0,0.0,10.8,62.0,383.0,0.0,1.0,34.666666666666664,0.5833333333333334,11.833333333333334,0.8333333333333334,47.166666666666664,0.3333333333333333,0.0,1.0,5.583333333333333,0.75,0.0,1.0,130.0,12.0,0,24,1,1,1,0.0,3,0.0
original_4_7,F47_130_to_127,failure,F47_130_12,12,25.1,49.0,459.0,13.0,100.0,100.0,0.0,0.0,0.0,0.0,1.2246467991473532e-16,-1.0,0.0,0.0,0.0,0.0,72.0,0.0,0.0,0.0,10.8,62.0,383.0,1.0,0.9230769230769231,39.69230769230769,0.5384615384615384,18.615384615384617,0.7692307692307693,43.53846153846154,0.38461538461538464,0.0,1.0,5.153846153846154,0.7692307692307693,0.0,1.0,130.0,0.0,1,12,1,1,2,0.0,3,13.0
original_4_7,F47_130_to_127,failure,F47_130_13,13,23.1,47.0,417.0,73.0,100.0,100.0,0.0,0.0,73.0,2.0,-0.2588190451025208,-0.9659258262890683,0.0,0.0,0.0,0.0,72.0,0.0,0.0,0.0,10.8,62.0,383.0,6.142857142857143,0.8571428571428571,44.0,0.5,24.428571428571427,0.7142857142857143,40.42857142857143,0.42857142857142855,0.0,1.0,10.0,0.7142857142857143,0.14285714285714285,0.9285714285714286,130.0,0.0,2,12,1,1,3,0.0,4,73.0
original_4_7,F47_130_to_127,failure,F47_130_14,14,22.5,48.0,395.0,45.0,100.0,100.0,0.0,0.0,20.0,0.0,-0.4999999999999997,-0.8660254037844388,0.0,0.0,0.0,0.0,72.0,0.0,0.0,0.0,10.8,62.0,383.0,8.733333333333333,0.8,47.733333333333334,0.4666666666666667,29.466666666666665,0.6666666666666666,37.733333333333334,0.4666666666666667,0.0,1.0,10.666666666666666,0.6666666666666666,0.13333333333333333,0.9333333333333333,130.0,0.0,3,12,1,1,4,0.0,5,73.0
original_4_7,F47_130_to_127,failure,F47_130_15,15,23.9,46.0,351.0,0.0,100.0,100.0,0.0,0.0,0.0,0.0,-0.7071067811865471,-0.7071067811865479,0.0,0.0,0.0,0.0,72.0,0.0,0.0,0.0,10.8,62.0,383.0,8.1875,0.8125,51.0,0.4375,33.875,0.625,35.375,0.5,0.0,1.0,10.0,0.6875,0.125,0.9375,130.0,1.0,3,12,1,1,5,0.0,5,73.0
original_4_7,F47_130_to_127,failure,F47_130_16,16,21.0,55.0,340.0,0.0,100.0,100.0,0.0,0.0,0.0,0.0,-0.8660254037844385,-0.5000000000000004,0.0,0.0,0.0,0.0,72.0,0.0,0.0,0.0,10.8,62.0,383.0,7.705882352941177,0.8235294117647058,53.88235294117647,0.4117647058823529,37.76470588235294,0.5882352941176471,33.294117647058826,0.5294117647058824,0.0,1.0,9.411764705882353,0.7058823529411765,0.11764705882352941,0.9411764705882353,130.0,2.0,3,12,1,1,6,0.0,5,73.0
original_4_7,F47_130_to_127,failure,F47_130_17,17,15.7,72.0,344.0,0.0,100.0,66.0,0.0,0.0,0.0,0.0,-0.9659258262890683,-0.25881904510252063,0.0,0.0,0.0,0.0,72.0,0.0,0.0,0.0,10.8,62.0,383.0,7.277777777777778,0.8333333333333334,56.44444444444444,0.3888888888888889,39.333333333333336,0.5555555555555556,31.444444444444443,0.5555555555555556,0.0,1.0,8.88888888888889,0.7222222222222222,0.1111111111111111,0.9444444444444444,130.0,3.0,3,12,1,1,7,0.0,5,73.0
original_4_7,F47_130_to_127,failure,F47_130_18,18,13.6,78.0,350.0,0.0,100.0,0.0,0.0,0.0,0.0,0.0,-1.0,-1.8369701987210297e-16,0.0,0.0,0.0,0.0,72.0,0.0,0.0,0.0,10.8,62.0,383.0,6.894736842105263,0.8421052631578947,58.73684210526316,0.3684210526315789,37.26315789473684,0.5789473684210527,29.789473684210527,0.5789473684210527,0.0,1.0,8.421052631578947,0.7368421052631579,0.10526315789473684,0.9473684210526315,130.0,4.0,3,12,2,1,0,0.0,5,73.0
original_4_7,F47_130_to_127,failure,F47_130_19,19,12.2,81.0,359.0,0.0,100.0,0.0,0.0,0.0,0.0,0.0,-0.9659258262890684,0.2588190451025203,0.0,0.0,0.0,0.0,72.0,0.0,0.0,0.0,10.8,62.0,383.0,6.55,0.85,60.8,0.35,35.4,0.6,28.3,0.6,0.0,1.0,8.0,0.75,0.1,0.95,130.0,5.0,3,12,2,1,1,0.0,5,73.0
original_4_7,F47_130_to_127,failure,F47_130_20,20,11.4,84.0,369.0,0.0,73.0,0.0,0.0,0.0,0.0,0.0,-0.8660254037844386,0.5000000000000001,0.0,0.0,0.0,0.0,72.0,0.0,0.0,0.0,10.8,62.0,383.0,6.238095238095238,0.8571428571428571,61.38095238095238,0.3333333333333333,33.714285714285715,0.6190476190476191,26.952380952380953,0.6190476190476191,0.0,1.0,7.619047619047619,0.7619047619047619,0.09523809523809523,0.9523809523809523,130.0,6.0,3,12,2,1,2,0.0,5,73.0
original_4_7,F47_130_to_127,failure,F47_130_21,21,11.0,86.0,381.0,0.0,0.0,0.0,0.0,0.0,0.0,0.0,-0.7071067811865477,0.7071067811865474,0.0,0.0,0.0,0.0,72.0,0.0,0.0,0.0,10.8,62.0,383.0,5.954545454545454,0.8636363636363636,58.59090909090909,0.36363636363636365,32.18181818181818,0.6363636363636364,25.727272727272727,0.6363636363636364,0.0,1.0,7.2727272727272725,0.7727272727272727,0.09090909090909091,0.9545454545454546,130.0,7.0,3,12,2,2,0,0.0,5,73.0
original_4_7,F47_130_to_127,failure,F47_130_22,22,10.5,86.0,388.0,0.0,0.0,0.0,0.0,0.0,0.0,0.0,-0.5000000000000004,0.8660254037844384,0.0,0.0,0.0,0.0,72.0,0.0,0.0,0.0,10.8,62.0,383.0,5.695652173913044,0.8695652173913043,56.04347826086956,0.391304347826087,30.782608695652176,0.6521739130434783,24.608695652173914,0.6521739130434783,0.0,1.0,6.956521739130435,0.782608695652174,0.08695652173913043,0.9565217391304348,130.0,8.0,3,12,2,2,1,0.0,5,73.0
original_4_7,F47_130_to_127,failure,F47_130_23,23,10.1,86.0,397.0,0.0,0.0,0.0,0.0,0.0,0.0,0.0,-0.25881904510252157,0.9659258262890681,0.0,0.0,0.0,0.0,72.0,0.0,0.0,0.0,10.8,62.0,383.0,5.458333333333333,0.875,53.708333333333336,0.4166666666666667,29.5,0.6666666666666666,23.583333333333332,0.6666666666666666,0.0,1.0,6.666666666666667,0.7916666666666666,0.08333333333333333,0.9583333333333334,130.0,9.0,3,12,2,2,2,0.0,5,73.0
original_8_7,F13_231_to_232,control,F13_232_00,0,10.1,80.0,345.0,0.0,0.0,0.0,0.0,45.0,0.0,0.0,0.0,1.0,1.0,0.0,0.0,0.0,0.0,45.0,0.0,0.0,10.1,80.0,345.0,0.0,1.0,0.0,1.0,0.0,1.0,0.0,1.0,45.0,0.0,0.0,1.0,0.0,1.0,140.24137931034483,1.0,0,24,0,0,1,0.0,0,0.0
original_8_7,F13_231_to_232,control,F13_232_01,1,10.6,80.0,349.0,0.0,0.0,0.0,0.0,40.0,0.0,0.0,0.25881904510252074,0.9659258262890683,0.0,0.0,0.0,0.0,0.0,45.0,0.0,0.0,10.1,80.0,345.0,0.0,1.0,0.0,1.0,0.0,1.0,0.0,1.0,42.5,0.0,0.0,1.0,0.0,1.0,140.24137931034483,2.0,0,24,0,0,2,0.0,0,0.0
original_8_7,F13_231_to_232,control,F13_232_02,2,10.1,81.0,349.0,0.0,0.0,0.0,17.0,45.0,0.0,0.0,0.49999999999999994,0.8660254037844387,0.0,0.0,0.0,0.0,0.0,45.0,0.0,0.0,10.1,80.0,345.0,0.0,1.0,0.0,1.0,0.0,1.0,5.666666666666667,0.6666666666666666,43.333333333333336,0.0,0.0,1.0,0.0,1.0,140.24137931034483,3.0,0,24,0,0,3,1.0,0,0.0
original_8_7,F13_231_to_232,control,F13_232_03,3,10.3,80.0,350.0,0.0,0.0,0.0,0.0,43.0,0.0,0.0,0.7071067811865476,0.7071067811865476,0.0,0.0,0.0,0.0,0.0,45.0,0.0,0.0,10.1,80.0,345.0,0.0,1.0,0.0,1.0,0.0,1.0,4.25,0.75,43.25,0.0,0.0,1.0,0.0,1.0,140.24137931034483,4.0,0,24,0,0,4,0.0,0,0.0
original_8_7,F13_231_to_232,control,F13_232_04,4,10.1,80.0,351.0,0.0,0.0,0.0,0.0,40.0,0.0,0.0,0.8660254037844386,0.5000000000000001,0.0,0.0,0.0,0.0,0.0,45.0,0.0,0.0,10.1,80.0,345.0,0.0,1.0,0.0,1.0,0.0,1.0,3.4,0.8,42.6,0.0,0.0,1.0,0.0,1.0,140.24137931034483,5.0,0,24,0,0,5,0.0,0,0.0
original_8_7,F13_231_to_232,control,F13_232_05,5,10.0,80.0,352.0,0.0,0.0,0.0,33.0,40.0,0.0,0.0,0.9659258262890683,0.25881904510252074,0.0,0.0,0.0,0.0,0.0,45.0,0.0,0.0,10.1,80.0,345.0,0.0,1.0,0.0,1.0,0.0,1.0,8.333333333333334,0.6666666666666666,42.166666666666664,0.0,0.0,1.0,0.0,1.0,140.24137931034483,6.0,0,24,0,0,6,1.0,0,0.0
original_8_7,F13_231_to_232,control,F13_232_06,6,10.4,80.0,353.0,0.0,0.0,0.0,0.0,45.0,0.0,0.0,1.0,6.123233995736766e-17,0.0,0.0,0.0,0.0,0.0,45.0,0.0,0.0,10.1,80.0,345.0,0.0,1.0,0.0,1.0,0.0,1.0,7.142857142857143,0.7142857142857143,42.57142857142857,0.0,0.0,1.0,0.0,1.0,140.24137931034483,7.0,0,24,0,0,7,0.0,0,0.0
original_8_7,F13_231_to_232,control,F13_232_07,7,10.0,81.0,351.0,0.0,0.0,0.0,33.0,42.0,0.0,0.0,0.9659258262890683,-0.25881904510252063,0.0,0.0,0.0,0.0,0.0,45.0,0.0,0.0,10.1,80.0,345.0,0.0,1.0,0.0,1.0,0.0,1.0,10.375,0.625,42.5,0.0,0.0,1.0,0.0,1.0,140.24137931034483,8.0,0,24,0,0,8,1.0,0,0.0
original_8_7,F13_231_to_232,control,F13_232_08,8,10.4,80.0,353.0,0.0,0.0,1.0,3.0,45.0,0.0,0.0,0.8660254037844387,-0.4999999999999998,0.0,0.0,0.0,0.0,0.0,45.0,0.0,0.0,10.1,80.0,345.0,0.0,1.0,0.0,1.0,0.1111111111111111,0.8888888888888888,9.555555555555555,0.5555555555555556,42.77777777777778,0.0,0.0,1.0,0.0,1.0,140.24137931034483,9.0,0,24,1,0,0,2.0,0,0.0
original_8_7,F13_231_to_232,control,F13_232_09,9,10.6,82.0,350.0,0.0,47.0,96.0,47.0,43.0,0.0,0.0,0.7071067811865476,-0.7071067811865475,0.0,0.0,0.0,0.0,0.0,45.0,0.0,0.0,10.1,80.0,345.0,0.0,1.0,4.7,0.9,9.7,0.8,13.3,0.5,42.8,0.0,0.0,1.0,0.0,1.0,140.24137931034483,10.0,0,24,1,1,0,3.0,0,0.0
original_8_7,F13_231_to_232,control,F13_232_10,10,14.3,76.0,339.0,10.0,100.0,100.0,0.0,42.0,53.0,0.0,0.49999999999999994,-0.8660254037844387,0.0,0.0,0.0,0.0,0.0,45.0,0.0,0.0,10.1,80.0,345.0,0.9090909090909091,0.9090909090909091,13.363636363636363,0.8181818181818182,17.90909090909091,0.7272727272727273,12.090909090909092,0.5454545454545454,42.72727272727273,0.0,4.818181818181818,0.9090909090909091,0.0,1.0,140.24137931034483,0.0,1,10,1,1,1,0.0,1,10.0
original_8_7,F13_231_to_232,control,F13_232_11,11,16.0,73.0,323.0,10.0,100.0,100.0,0.0,43.0,62.0,0.0,0.258819045102521,-0.9659258262890682,0.0,0.0,0.0,0.0,0.0,45.0,0.0,0.0,10.1,80.0,345.0,1.6666666666666667,0.8333333333333334,20.583333333333332,0.75,24.75,0.6666666666666666,11.083333333333334,0.5833333333333334,42.75,0.0,9.583333333333334,0.8333333333333334,0.0,1.0,140.24137931034483,0.0,2,10,1,1,2,0.0,2,10.0
original_8_7,F13_231_to_232,control,F13_232_12,12,19.3,65.0,310.0,10.0,100.0,100.0,0.0,43.0,62.0,0.0,1.2246467991473532e-16,-1.0,0.0,0.0,0.0,0.0,0.0,45.0,0.0,0.0,10.1,80.0,345.0,2.3076923076923075,0.7692307692307693,26.692307692307693,0.6923076923076923,30.53846153846154,0.6153846153846154,10.23076923076923,0.6153846153846154,42.76923076923077,0.0,13.615384615384615,0.7692307692307693,0.0,1.0,140.24137931034483,0.0,3,10,1,1,3,0.0,3,10.0
original_8_7,F13_231_to_232,control,F13_232_13,13,21.7,62.0,302.0,10.0,100.0,100.0,0.0,43.0,60.0,7.0,-0.2588190451025208,-0.9659258262890683,0.0,0.0,0.0,0.0,0.0,45.0,0.0,0.0,10.1,80.0,345.0,2.857142857142857,0.7142857142857143,31.928571428571427,0.6428571428571429,35.5,0.5714285714285714,9.5,0.6428571428571429,42.785714285714285,0.0,16.928571428571427,0.7142857142857143,0.5,0.9285714285714286,140.24137931034483,0.0,4,10,1,1,4,0.0,4,10.0
original_8_7,F13_231_to_232,control,F13_232_14,14,19.8,62.0,301.0,9.0,100.0,100.0,0.0,45.0,2.0,0.0,-0.4999999999999997,-0.8660254037844388,0.0,0.0,0.0,0.0,0.0,45.0,0.0,0.0,10.1,80.0,345.0,3.2666666666666666,0.6666666666666666,36.46666666666667,0.6,39.8,0.5333333333333333,8.866666666666667,0.6666666666666666,42.93333333333333,0.0,15.933333333333334,0.6666666666666666,0.4666666666666667,0.9333333333333333,140.24137931034483,0.0,5,10,1,1,5,0.0,5,10.0
original_8_7,F13_231_to_232,control,F13_232_15,15,17.2,66.0,300.0,8.0,100.0,100.0,0.0,42.0,0.0,0.0,-0.7071067811865471,-0.7071067811865479,0.0,0.0,0.0,0.0,0.0,45.0,0.0,0.0,10.1,80.0,345.0,3.5625,0.625,40.4375,0.5625,43.5625,0.5,8.3125,0.6875,42.875,0.0,14.9375,0.6875,0.4375,0.9375,140.24137931034483,0.0,6,10,1,1,6,0.0,5,10.0
original_8_7,F13_231_to_232,control,F13_232_16,16,14.2,73.0,304.0,8.0,78.0,78.0,28.0,50.0,0.0,0.0,-0.8660254037844385,-0.5000000000000004,0.0,0.0,0.0,0.0,0.0,45.0,0.0,0.0,10.1,80.0,345.0,3.823529411764706,0.5882352941176471,42.64705882352941,0.5294117647058824,45.588235294117645,0.47058823529411764,9.470588235294118,0.6470588235294118,43.294117647058826,0.0,14.058823529411764,0.7058823529411765,0.4117647058823529,0.9411764705882353,140.24137931034483,0.0,7,10,1,1,7,1.0,5,10.0
original_8_7,F13_231_to_232,control,F13_232_17,17,12.7,77.0,312.0,3.0,0.0,0.0,47.0,40.0,0.0,0.0,-0.9659258262890683,-0.25881904510252063,0.0,0.0,0.0,0.0,0.0,45.0,0.0,0.0,10.1,80.0,345.0,3.7777777777777777,0.5555555555555556,40.27777777777778,0.5555555555555556,43.05555555555556,0.5,11.555555555555555,0.6111111111111112,43.111111111111114,0.0,13.277777777777779,0.7222222222222222,0.3888888888888889,0.9444444444444444,140.24137931034483,0.0,8,10,2,2,0,2.0,5,10.0
original_8_7,F13_231_to_232,control,F13_232_18,18,11.4,81.0,317.0,7.0,0.0,0.0,0.0,45.0,0.0,0.0,-1.0,-1.8369701987210297e-16,0.0,0.0,0.0,0.0,0.0,45.0,0.0,0.0,10.1,80.0,345.0,3.9473684210526314,0.5263157894736842,38.1578947368421,0.5789473684210527,40.78947368421053,0.5263157894736842,10.947368421052632,0.631578947368421,43.21052631578947,0.0,12.578947368421053,0.7368421052631579,0.3684210526315789,0.9473684210526315,140.24137931034483,0.0,9,10,2,2,1,0.0,5,10.0
original_8_7,F13_231_to_232,control,F13_232_19,19,10.9,83.0,322.0,2.0,0.0,0.0,0.0,22.0,0.0,0.0,-0.9659258262890684,0.2588190451025203,0.0,0.0,0.0,0.0,0.0,45.0,0.0,0.0,10.1,80.0,345.0,3.85,0.5,36.25,0.6,38.75,0.55,10.4,0.65,42.15,0.0,11.95,0.75,0.35,0.95,140.24137931034483,0.0,10,10,2,2,2,0.0,5,10.0
original_8_7,F13_231_to_232,control,F13_232_20,20,10.6,84.0,326.0,2.0,0.0,0.0,0.0,47.0,0.0,0.0,-0.8660254037844386,0.5000000000000001,0.0,0.0,0.0,0.0,0.0,45.0,0.0,0.0,10.1,80.0,345.0,3.761904761904762,0.47619047619047616,34.523809523809526,0.6190476190476191,36.904761904761905,0.5714285714285714,9.904761904761905,0.6666666666666666,42.38095238095238,0.0,11.380952380952381,0.7619047619047619,0.3333333333333333,0.9523809523809523,140.24137931034483,0.0,11,10,2,2,3,0.0,5,10.0
original_8_7,F13_231_to_232,control,F13_232_21,21,9.7,83.0,331.0,4.0,0.0,0.0,78.0,43.0,0.0,0.0,-0.7071067811865477,0.7071067811865474,0.0,0.0,0.0,0.0,0.0,45.0,0.0,0.0,10.1,80.0,345.0,3.772727272727273,0.45454545454545453,32.95454545454545,0.6363636363636364,35.22727272727273,0.5909090909090909,13.0,0.6363636363636364,42.40909090909091,0.0,10.863636363636363,0.7727272727272727,0.3181818181818182,0.9545454545454546,140.24137931034483,0.0,12,10,2,2,4,1.0,5,10.0
original_8_7,F13_231_to_232,control,F13_232_22,22,10.0,84.0,333.0,4.0,0.0,0.0,38.0,40.0,0.0,0.0,-0.5000000000000004,0.8660254037844384,0.0,0.0,0.0,0.0,0.0,45.0,0.0,0.0,10.1,80.0,345.0,3.782608695652174,0.43478260869565216,31.52173913043478,0.6521739130434783,33.69565217391305,0.6086956521739131,14.08695652173913,0.6086956521739131,42.30434782608695,0.0,10.391304347826088,0.782608695652174,0.30434782608695654,0.9565217391304348,140.24137931034483,0.0,13,10,2,2,5,2.0,5,10.0
original_8_7,F13_231_to_232,control,F13_232_23,23,9.2,84.0,334.0,4.0,0.0,0.0,37.0,43.0,0.0,0.0,-0.25881904510252157,0.9659258262890681,0.0,0.0,0.0,0.0,0.0,45.0,0.0,0.0,10.1,80.0,345.0,3.7916666666666665,0.4166666666666667,30.208333333333332,0.6666666666666666,32.291666666666664,0.625,15.041666666666666,0.5833333333333334,42.333333333333336,0.0,9.958333333333334,0.7916666666666666,0.2916666666666667,0.9583333333333334,140.24137931034483,0.0,14,10,2,2,6,3.0,5,10.0
original_8_7,F13_231_to_232,failure,F13_231_00,0,10.0,82.0,353.0,0.0,0.0,0.0,0.0,0.0,0.0,0.0,0.0,1.0,1.0,0.0,0.0,0.0,0.0,0.0,0.0,0.0,10.0,82.0,353.0,0.0,1.0,0.0,1.0,0.0,1.0,0.0,1.0,0.0,1.0,0.0,1.0,0.0,1.0,139.17241379310346,1.0,0,24,0,0,1,0.0,0,0.0
original_8_7,F13_231_to_232,failure,F13_231_01,1,10.3,81.0,354.0,0.0,13.0,0.0,0.0,0.0,0.0,0.0,0.25881904510252074,0.9659258262890683,0.0,0.0,0.0,0.0,0.0,0.0,0.0,0.0,10.0,82.0,353.0,0.0,1.0,6.5,0.5,0.0,1.0,0.0,1.0,0.0,1.0,0.0,1.0,0.0,1.0,139.17241379310346,2.0,0,24,0,1,0,0.0,0,0.0
original_8_7,F13_231_to_232,failure,F13_231_02,2,9.9,83.0,356.0,0.0,0.0,0.0,0.0,0.0,0.0,0.0,0.49999999999999994,0.8660254037844387,0.0,0.0,0.0,0.0,0.0,0.0,0.0,0.0,10.0,82.0,353.0,0.0,1.0,4.333333333333333,0.6666666666666666,0.0,1.0,0.0,1.0,0.0,1.0,0.0,1.0,0.0,1.0,139.17241379310346,3.0,0,24,0,2,0,0.0,0,0.0
original_8_7,F13_231_to_232,failure,F13_231_03,3,10.1,82.0,357.0,0.0,0.0,0.0,0.0,0.0,0.0,0.0,0.7071067811865476,0.7071067811865476,0.0,0.0,0.0,0.0,0.0,0.0,0.0,0.0,10.0,82.0,353.0,0.0,1.0,3.25,0.75,0.0,1.0,0.0,1.0,0.0,1.0,0.0,1.0,0.0,1.0,139.17241379310346,4.0,0,24,0,2,1,0.0,0,0.0
original_8_7,F13_231_to_232,failure,F13_231_04,4,9.9,82.0,358.0,0.0,0.0,0.0,0.0,0.0,0.0,0.0,0.8660254037844386,0.5000000000000001,0.0,0.0,0.0,0.0,0.0,0.0,0.0,0.0,10.0,82.0,353.0,0.0,1.0,2.6,0.8,0.0,1.0,0.0,1.0,0.0,1.0,0.0,1.0,0.0,1.0,139.17241379310346,5.0,0,24,0,2,2,0.0,0,0.0
original_8_7,F13_231_to_232,failure,F13_231_05,5,9.7,83.0,359.0,0.0,7.0,0.0,0.0,0.0,0.0,0.0,0.9659258262890683,0.25881904510252074,0.0,0.0,0.0,0.0,0.0,0.0,0.0,0.0,10.0,82.0,353.0,0.0,1.0,3.3333333333333335,0.6666666666666666,0.0,1.0,0.0,1.0,0.0,1.0,0.0,1.0,0.0,1.0,139.17241379310346,6.0,0,24,0,3,0,0.0,0,0.0
original_8_7,F13_231_to_232,failure,F13_231_06,6,10.2,82.0,359.0,0.0,1.0,0.0,0.0,0.0,0.0,0.0,1.0,6.123233995736766e-17,0.0,0.0,0.0,0.0,0.0,0.0,0.0,0.0,10.0,82.0,353.0,0.0,1.0,3.0,0.5714285714285714,0.0,1.0,0.0,1.0,0.0,1.0,0.0,1.0,0.0,1.0,139.17241379310346,7.0,0,24,0,3,1,0.0,0,0.0
original_8_7,F13_231_to_232,failure,F13_231_07,7,9.8,83.0,359.0,0.0,22.0,0.0,0.0,0.0,30.0,0.0,0.9659258262890683,-0.25881904510252063,0.0,0.0,0.0,0.0,0.0,0.0,0.0,0.0,10.0,82.0,353.0,0.0,1.0,5.375,0.5,0.0,1.0,0.0,1.0,0.0,1.0,3.75,0.875,0.0,1.0,139.17241379310346,8.0,0,24,0,3,2,0.0,1,0.0
original_8_7,F13_231_to_232,failure,F13_231_08,8,10.1,82.0,359.0,0.0,100.0,0.0,0.0,0.0,100.0,0.0,0.8660254037844387,-0.4999999999999998,0.0,0.0,0.0,0.0,0.0,0.0,0.0,0.0,10.0,82.0,353.0,0.0,1.0,15.88888888888889,0.4444444444444444,0.0,1.0,0.0,1.0,0.0,1.0,14.444444444444445,0.7777777777777778,0.0,1.0,139.17241379310346,9.0,0,24,0,3,3,0.0,2,0.0
original_8_7,F13_231_to_232,failure,F13_231_09,9,10.7,83.0,359.0,0.0,100.0,0.0,0.0,0.0,100.0,0.0,0.7071067811865476,-0.7071067811865475,0.0,0.0,0.0,0.0,0.0,0.0,0.0,0.0,10.0,82.0,353.0,0.0,1.0,24.3,0.4,0.0,1.0,0.0,1.0,0.0,1.0,23.0,0.7,0.0,1.0,139.17241379310346,10.0,0,24,0,3,4,0.0,3,0.0
original_8_7,F13_231_to_232,failure,F13_231_10,10,13.9,77.0,353.0,0.0,100.0,69.0,0.0,0.0,100.0,0.0,0.49999999999999994,-0.8660254037844387,0.0,0.0,0.0,0.0,0.0,0.0,0.0,0.0,10.0,82.0,353.0,0.0,1.0,31.181818181818183,0.36363636363636365,6.2727272727272725,0.9090909090909091,0.0,1.0,0.0,1.0,30.0,0.6363636363636364,0.0,1.0,139.17241379310346,11.0,0,24,1,3,0,0.0,4,0.0
original_8_7,F13_231_to_232,failure,F13_231_11,11,17.2,72.0,341.0,0.0,100.0,100.0,0.0,0.0,100.0,0.0,0.258819045102521,-0.9659258262890682,0.0,0.0,0.0,0.0,0.0,0.0,0.0,0.0,10.0,82.0,353.0,0.0,1.0,36.916666666666664,0.3333333333333333,14.083333333333334,0.8333333333333334,0.0,1.0,0.0,1.0,35.833333333333336,0.5833333333333334,0.0,1.0,139.17241379310346,12.0,0,24,1,3,1,0.0,5,0.0
original_8_7,F13_231_to_232,failure,F13_231_12,12,21.3,66.0,327.0,0.0,100.0,100.0,0.0,0.0,100.0,0.0,1.2246467991473532e-16,-1.0,0.0,0.0,0.0,0.0,0.0,0.0,0.0,0.0,10.0,82.0,353.0,0.0,1.0,41.76923076923077,0.3076923076923077,20.692307692307693,0.7692307692307693,0.0,1.0,0.0,1.0,40.76923076923077,0.5384615384615384,0.0,1.0,139.17241379310346,13.0,0,24,1,3,2,0.0,6,0.0
original_8_7,F13_231_to_232,failure,F13_231_13,13,23.4,53.0,321.0,14.0,100.0,100.0,0.0,0.0,100.0,0.0,-0.2588190451025208,-0.9659258262890683,0.0,0.0,0.0,0.0,0.0,0.0,0.0,0.0,10.0,82.0,353.0,1.0,0.9285714285714286,45.92857142857143,0.2857142857142857,26.357142857142858,0.7142857142857143,0.0,1.0,0.0,1.0,45.0,0.5,0.0,1.0,139.17241379310346,0.0,1,13,1,3,3,0.0,7,14.0
original_8_7,F13_231_to_232,failure,F13_231_14,14,19.7,51.0,319.0,9.0,100.0,100.0,0.0,0.0,100.0,0.0,-0.4999999999999997,-0.8660254037844388,0.0,0.0,0.0,0.0,0.0,0.0,0.0,0.0,10.0,82.0,353.0,1.5333333333333334,0.8666666666666667,49.53333333333333,0.26666666666666666,31.266666666666666,0.6666666666666666,0.0,1.0,0.0,1.0,48.666666666666664,0.4666666666666667,0.0,1.0,139.17241379310346,0.0,2,13,1,3,4,0.0,8,14.0
original_8_7,F13_231_to_232,failure,F13_231_15,15,18.2,57.0,318.0,0.0,100.0,100.0,0.0,0.0,100.0,0.0,-0.7071067811865471,-0.7071067811865479,0.0,0.0,0.0,0.0,0.0,0.0,0.0,0.0,10.0,82.0,353.0,1.4375,0.875,52.6875,0.25,35.5625,0.625,0.0,1.0,0.0,1.0,51.875,0.4375,0.0,1.0,139.17241379310346,1.0,2,13,1,3,5,0.0,9,14.0
original_8_7,F13_231_to_232,failure,F13_231_16,16,14.9,68.0,323.0,0.0,100.0,100.0,0.0,0.0,23.0,0.0,-0.8660254037844385,-0.5000000000000004,0.0,0.0,0.0,0.0,0.0,0.0,0.0,0.0,10.0,82.0,353.0,1.3529411764705883,0.8823529411764706,55.470588235294116,0.23529411764705882,39.35294117647059,0.5882352941176471,0.0,1.0,0.0,1.0,50.1764705882353,0.4117647058823529,0.0,1.0,139.17241379310346,2.0,2,13,1,3,6,0.0,10,14.0
original_8_7,F13_231_to_232,failure,F13_231_17,17,11.9,79.0,328.0,0.0,100.0,51.0,0.0,0.0,0.0,0.0,-0.9659258262890683,-0.25881904510252063,0.0,0.0,0.0,0.0,0.0,0.0,0.0,0.0,10.0,82.0,353.0,1.2777777777777777,0.8888888888888888,57.94444444444444,0.2222222222222222,40.0,0.5555555555555556,0.0,1.0,0.0,1.0,47.388888888888886,0.4444444444444444,0.0,1.0,139.17241379310346,3.0,2,13,1,3,7,0.0,10,14.0
original_8_7,F13_231_to_232,failure,F13_231_18,18,11.2,81.0,333.0,0.0,100.0,0.0,0.0,0.0,0.0,0.0,-1.0,-1.8369701987210297e-16,0.0,0.0,0.0,0.0,0.0,0.0,0.0,0.0,10.0,82.0,353.0,1.2105263157894737,0.8947368421052632,60.1578947368421,0.21052631578947367,37.89473684210526,0.5789473684210527,0.0,1.0,0.0,1.0,44.89473684210526,0.47368421052631576,0.0,1.0,139.17241379310346,4.0,2,13,2,3,0,0.0,10,14.0
original_8_7,F13_231_to_232,failure,F13_231_19,19,10.7,84.0,338.0,0.0,100.0,0.0,0.0,0.0,0.0,0.0,-0.9659258262890684,0.2588190451025203,0.0,0.0,0.0,0.0,0.0,0.0,0.0,0.0,10.0,82.0,353.0,1.15,0.9,62.15,0.2,36.0,0.6,0.0,1.0,0.0,1.0,42.65,0.5,0.0,1.0,139.17241379310346,5.0,2,13,2,3,1,0.0,10,14.0
original_8_7,F13_231_to_232,failure,F13_231_20,20,10.2,87.0,340.0,0.0,56.0,0.0,0.0,0.0,0.0,0.0,-0.8660254037844386,0.5000000000000001,0.0,0.0,0.0,0.0,0.0,0.0,0.0,0.0,10.0,82.0,353.0,1.0952380952380953,0.9047619047619048,61.857142857142854,0.19047619047619047,34.285714285714285,0.6190476190476191,0.0,1.0,0.0,1.0,40.61904761904762,0.5238095238095238,0.0,1.0,139.17241379310346,6.0,2,13,2,3,2,0.0,10,14.0
original_8_7,F13_231_to_232,failure,F13_231_21,21,9.2,86.0,346.0,0.0,0.0,0.0,0.0,0.0,0.0,0.0,-0.7071067811865477,0.7071067811865474,0.0,0.0,0.0,0.0,0.0,0.0,0.0,0.0,10.0,82.0,353.0,1.0454545454545454,0.9090909090909091,59.04545454545455,0.22727272727272727,32.72727272727273,0.6363636363636364,0.0,1.0,0.0,1.0,38.77272727272727,0.5454545454545454,0.0,1.0,139.17241379310346,7.0,2,13,2,4,0,0.0,10,14.0
original_8_7,F13_231_to_232,failure,F13_231_22,22,9.4,88.0,347.0,0.0,0.0,0.0,0.0,0.0,0.0,0.0,-0.5000000000000004,0.8660254037844384,0.0,0.0,0.0,0.0,0.0,0.0,0.0,0.0,10.0,82.0,353.0,1.0,0.9130434782608695,56.47826086956522,0.2608695652173913,31.304347826086957,0.6521739130434783,0.0,1.0,0.0,1.0,37.08695652173913,0.5652173913043478,0.0,1.0,139.17241379310346,8.0,2,13,2,4,1,0.0,10,14.0
original_8_7,F13_231_to_232,failure,F13_231_23,23,8.7,88.0,349.0,0.0,0.0,0.0,0.0,0.0,0.0,0.0,-0.25881904510252157,0.9659258262890681,0.0,0.0,0.0,0.0,0.0,0.0,0.0,0.0,10.0,82.0,353.0,0.9583333333333334,0.9166666666666666,54.125,0.2916666666666667,30.0,0.6666666666666666,0.0,1.0,0.0,1.0,35.541666666666664,0.5833333333333334,0.0,1.0,139.17241379310346,9.0,2,13,2,4,2,0.0,10,14.0
original_8_7,F13_233_to_232,control,F13_232_00,0,10.1,80.0,345.0,0.0,0.0,0.0,0.0,45.0,0.0,0.0,0.0,1.0,1.0,0.0,0.0,0.0,0.0,45.0,0.0,0.0,10.1,80.0,345.0,0.0,1.0,0.0,1.0,0.0,1.0,0.0,1.0,45.0,0.0,0.0,1.0,0.0,1.0,140.24137931034483,1.0,0,24,0,0,1,0.0,0,0.0
original_8_7,F13_233_to_232,control,F13_232_01,1,10.6,80.0,349.0,0.0,0.0,0.0,0.0,40.0,0.0,0.0,0.25881904510252074,0.9659258262890683,0.0,0.0,0.0,0.0,0.0,45.0,0.0,0.0,10.1,80.0,345.0,0.0,1.0,0.0,1.0,0.0,1.0,0.0,1.0,42.5,0.0,0.0,1.0,0.0,1.0,140.24137931034483,2.0,0,24,0,0,2,0.0,0,0.0
original_8_7,F13_233_to_232,control,F13_232_02,2,10.1,81.0,349.0,0.0,0.0,0.0,17.0,45.0,0.0,0.0,0.49999999999999994,0.8660254037844387,0.0,0.0,0.0,0.0,0.0,45.0,0.0,0.0,10.1,80.0,345.0,0.0,1.0,0.0,1.0,0.0,1.0,5.666666666666667,0.6666666666666666,43.333333333333336,0.0,0.0,1.0,0.0,1.0,140.24137931034483,3.0,0,24,0,0,3,1.0,0,0.0
original_8_7,F13_233_to_232,control,F13_232_03,3,10.3,80.0,350.0,0.0,0.0,0.0,0.0,43.0,0.0,0.0,0.7071067811865476,0.7071067811865476,0.0,0.0,0.0,0.0,0.0,45.0,0.0,0.0,10.1,80.0,345.0,0.0,1.0,0.0,1.0,0.0,1.0,4.25,0.75,43.25,0.0,0.0,1.0,0.0,1.0,140.24137931034483,4.0,0,24,0,0,4,0.0,0,0.0
original_8_7,F13_233_to_232,control,F13_232_04,4,10.1,80.0,351.0,0.0,0.0,0.0,0.0,40.0,0.0,0.0,0.8660254037844386,0.5000000000000001,0.0,0.0,0.0,0.0,0.0,45.0,0.0,0.0,10.1,80.0,345.0,0.0,1.0,0.0,1.0,0.0,1.0,3.4,0.8,42.6,0.0,0.0,1.0,0.0,1.0,140.24137931034483,5.0,0,24,0,0,5,0.0,0,0.0
original_8_7,F13_233_to_232,control,F13_232_05,5,10.0,80.0,352.0,0.0,0.0,0.0,33.0,40.0,0.0,0.0,0.9659258262890683,0.25881904510252074,0.0,0.0,0.0,0.0,0.0,45.0,0.0,0.0,10.1,80.0,345.0,0.0,1.0,0.0,1.0,0.0,1.0,8.333333333333334,0.6666666666666666,42.166666666666664,0.0,0.0,1.0,0.0,1.0,140.24137931034483,6.0,0,24,0,0,6,1.0,0,0.0
original_8_7,F13_233_to_232,control,F13_232_06,6,10.4,80.0,353.0,0.0,0.0,0.0,0.0,45.0,0.0,0.0,1.0,6.123233995736766e-17,0.0,0.0,0.0,0.0,0.0,45.0,0.0,0.0,10.1,80.0,345.0,0.0,1.0,0.0,1.0,0.0,1.0,7.142857142857143,0.7142857142857143,42.57142857142857,0.0,0.0,1.0,0.0,1.0,140.24137931034483,7.0,0,24,0,0,7,0.0,0,0.0
original_8_7,F13_233_to_232,control,F13_232_07,7,10.0,81.0,351.0,0.0,0.0,0.0,33.0,42.0,0.0,0.0,0.9659258262890683,-0.25881904510252063,0.0,0.0,0.0,0.0,0.0,45.0,0.0,0.0,10.1,80.0,345.0,0.0,1.0,0.0,1.0,0.0,1.0,10.375,0.625,42.5,0.0,0.0,1.0,0.0,1.0,140.24137931034483,8.0,0,24,0,0,8,1.0,0,0.0
original_8_7,F13_233_to_232,control,F13_232_08,8,10.4,80.0,353.0,0.0,0.0,1.0,3.0,45.0,0.0,0.0,0.8660254037844387,-0.4999999999999998,0.0,0.0,0.0,0.0,0.0,45.0,0.0,0.0,10.1,80.0,345.0,0.0,1.0,0.0,1.0,0.1111111111111111,0.8888888888888888,9.555555555555555,0.5555555555555556,42.77777777777778,0.0,0.0,1.0,0.0,1.0,140.24137931034483,9.0,0,24,1,0,0,2.0,0,0.0
original_8_7,F13_233_to_232,control,F13_232_09,9,10.6,82.0,350.0,0.0,47.0,96.0,47.0,43.0,0.0,0.0,0.7071067811865476,-0.7071067811865475,0.0,0.0,0.0,0.0,0.0,45.0,0.0,0.0,10.1,80.0,345.0,0.0,1.0,4.7,0.9,9.7,0.8,13.3,0.5,42.8,0.0,0.0,1.0,0.0,1.0,140.24137931034483,10.0,0,24,1,1,0,3.0,0,0.0
original_8_7,F13_233_to_232,control,F13_232_10,10,14.3,76.0,339.0,10.0,100.0,100.0,0.0,42.0,53.0,0.0,0.49999999999999994,-0.8660254037844387,0.0,0.0,0.0,0.0,0.0,45.0,0.0,0.0,10.1,80.0,345.0,0.9090909090909091,0.9090909090909091,13.363636363636363,0.8181818181818182,17.90909090909091,0.7272727272727273,12.090909090909092,0.5454545454545454,42.72727272727273,0.0,4.818181818181818,0.9090909090909091,0.0,1.0,140.24137931034483,0.0,1,10,1,1,1,0.0,1,10.0
original_8_7,F13_233_to_232,control,F13_232_11,11,16.0,73.0,323.0,10.0,100.0,100.0,0.0,43.0,62.0,0.0,0.258819045102521,-0.9659258262890682,0.0,0.0,0.0,0.0,0.0,45.0,0.0,0.0,10.1,80.0,345.0,1.6666666666666667,0.8333333333333334,20.583333333333332,0.75,24.75,0.6666666666666666,11.083333333333334,0.5833333333333334,42.75,0.0,9.583333333333334,0.8333333333333334,0.0,1.0,140.24137931034483,0.0,2,10,1,1,2,0.0,2,10.0
original_8_7,F13_233_to_232,control,F13_232_12,12,19.3,65.0,310.0,10.0,100.0,100.0,0.0,43.0,62.0,0.0,1.2246467991473532e-16,-1.0,0.0,0.0,0.0,0.0,0.0,45.0,0.0,0.0,10.1,80.0,345.0,2.3076923076923075,0.7692307692307693,26.692307692307693,0.6923076923076923,30.53846153846154,0.6153846153846154,10.23076923076923,0.6153846153846154,42.76923076923077,0.0,13.615384615384615,0.7692307692307693,0.0,1.0,140.24137931034483,0.0,3,10,1,1,3,0.0,3,10.0
original_8_7,F13_233_to_232,control,F13_232_13,13,21.7,62.0,302.0,10.0,100.0,100.0,0.0,43.0,60.0,7.0,-0.2588190451025208,-0.9659258262890683,0.0,0.0,0.0,0.0,0.0,45.0,0.0,0.0,10.1,80.0,345.0,2.857142857142857,0.7142857142857143,31.928571428571427,0.6428571428571429,35.5,0.5714285714285714,9.5,0.6428571428571429,42.785714285714285,0.0,16.928571428571427,0.7142857142857143,0.5,0.9285714285714286,140.24137931034483,0.0,4,10,1,1,4,0.0,4,10.0
original_8_7,F13_233_to_232,control,F13_232_14,14,19.8,62.0,301.0,9.0,100.0,100.0,0.0,45.0,2.0,0.0,-0.4999999999999997,-0.8660254037844388,0.0,0.0,0.0,0.0,0.0,45.0,0.0,0.0,10.1,80.0,345.0,3.2666666666666666,0.6666666666666666,36.46666666666667,0.6,39.8,0.5333333333333333,8.866666666666667,0.6666666666666666,42.93333333333333,0.0,15.933333333333334,0.6666666666666666,0.4666666666666667,0.9333333333333333,140.24137931034483,0.0,5,10,1,1,5,0.0,5,10.0
original_8_7,F13_233_to_232,control,F13_232_15,15,17.2,66.0,300.0,8.0,100.0,100.0,0.0,42.0,0.0,0.0,-0.7071067811865471,-0.7071067811865479,0.0,0.0,0.0,0.0,0.0,45.0,0.0,0.0,10.1,80.0,345.0,3.5625,0.625,40.4375,0.5625,43.5625,0.5,8.3125,0.6875,42.875,0.0,14.9375,0.6875,0.4375,0.9375,140.24137931034483,0.0,6,10,1,1,6,0.0,5,10.0
original_8_7,F13_233_to_232,control,F13_232_16,16,14.2,73.0,304.0,8.0,78.0,78.0,28.0,50.0,0.0,0.0,-0.8660254037844385,-0.5000000000000004,0.0,0.0,0.0,0.0,0.0,45.0,0.0,0.0,10.1,80.0,345.0,3.823529411764706,0.5882352941176471,42.64705882352941,0.5294117647058824,45.588235294117645,0.47058823529411764,9.470588235294118,0.6470588235294118,43.294117647058826,0.0,14.058823529411764,0.7058823529411765,0.4117647058823529,0.9411764705882353,140.24137931034483,0.0,7,10,1,1,7,1.0,5,10.0
original_8_7,F13_233_to_232,control,F13_232_17,17,12.7,77.0,312.0,3.0,0.0,0.0,47.0,40.0,0.0,0.0,-0.9659258262890683,-0.25881904510252063,0.0,0.0,0.0,0.0,0.0,45.0,0.0,0.0,10.1,80.0,345.0,3.7777777777777777,0.5555555555555556,40.27777777777778,0.5555555555555556,43.05555555555556,0.5,11.555555555555555,0.6111111111111112,43.111111111111114,0.0,13.277777777777779,0.7222222222222222,0.3888888888888889,0.9444444444444444,140.24137931034483,0.0,8,10,2,2,0,2.0,5,10.0
original_8_7,F13_233_to_232,control,F13_232_18,18,11.4,81.0,317.0,7.0,0.0,0.0,0.0,45.0,0.0,0.0,-1.0,-1.8369701987210297e-16,0.0,0.0,0.0,0.0,0.0,45.0,0.0,0.0,10.1,80.0,345.0,3.9473684210526314,0.5263157894736842,38.1578947368421,0.5789473684210527,40.78947368421053,0.5263157894736842,10.947368421052632,0.631578947368421,43.21052631578947,0.0,12.578947368421053,0.7368421052631579,0.3684210526315789,0.9473684210526315,140.24137931034483,0.0,9,10,2,2,1,0.0,5,10.0
original_8_7,F13_233_to_232,control,F13_232_19,19,10.9,83.0,322.0,2.0,0.0,0.0,0.0,22.0,0.0,0.0,-0.9659258262890684,0.2588190451025203,0.0,0.0,0.0,0.0,0.0,45.0,0.0,0.0,10.1,80.0,345.0,3.85,0.5,36.25,0.6,38.75,0.55,10.4,0.65,42.15,0.0,11.95,0.75,0.35,0.95,140.24137931034483,0.0,10,10,2,2,2,0.0,5,10.0
original_8_7,F13_233_to_232,control,F13_232_20,20,10.6,84.0,326.0,2.0,0.0,0.0,0.0,47.0,0.0,0.0,-0.8660254037844386,0.5000000000000001,0.0,0.0,0.0,0.0,0.0,45.0,0.0,0.0,10.1,80.0,345.0,3.761904761904762,0.47619047619047616,34.523809523809526,0.6190476190476191,36.904761904761905,0.5714285714285714,9.904761904761905,0.6666666666666666,42.38095238095238,0.0,11.380952380952381,0.7619047619047619,0.3333333333333333,0.9523809523809523,140.24137931034483,0.0,11,10,2,2,3,0.0,5,10.0
original_8_7,F13_233_to_232,control,F13_232_21,21,9.7,83.0,331.0,4.0,0.0,0.0,78.0,43.0,0.0,0.0,-0.7071067811865477,0.7071067811865474,0.0,0.0,0.0,0.0,0.0,45.0,0.0,0.0,10.1,80.0,345.0,3.772727272727273,0.45454545454545453,32.95454545454545,0.6363636363636364,35.22727272727273,0.5909090909090909,13.0,0.6363636363636364,42.40909090909091,0.0,10.863636363636363,0.7727272727272727,0.3181818181818182,0.9545454545454546,140.24137931034483,0.0,12,10,2,2,4,1.0,5,10.0
original_8_7,F13_233_to_232,control,F13_232_22,22,10.0,84.0,333.0,4.0,0.0,0.0,38.0,40.0,0.0,0.0,-0.5000000000000004,0.8660254037844384,0.0,0.0,0.0,0.0,0.0,45.0,0.0,0.0,10.1,80.0,345.0,3.782608695652174,0.43478260869565216,31.52173913043478,0.6521739130434783,33.69565217391305,0.6086956521739131,14.08695652173913,0.6086956521739131,42.30434782608695,0.0,10.391304347826088,0.782608695652174,0.30434782608695654,0.9565217391304348,140.24137931034483,0.0,13,10,2,2,5,2.0,5,10.0
original_8_7,F13_233_to_232,control,F13_232_23,23,9.2,84.0,334.0,4.0,0.0,0.0,37.0,43.0,0.0,0.0,-0.25881904510252157,0.9659258262890681,0.0,0.0,0.0,0.0,0.0,45.0,0.0,0.0,10.1,80.0,345.0,3.7916666666666665,0.4166666666666667,30.208333333333332,0.6666666666666666,32.291666666666664,0.625,15.041666666666666,0.5833333333333334,42.333333333333336,0.0,9.958333333333334,0.7916666666666666,0.2916666666666667,0.9583333333333334,140.24137931034483,0.0,14,10,2,2,6,3.0,5,10.0
original_8_7,F13_233_to_232,failure,F13_233_00,0,7.9,88.0,350.0,0.0,0.0,0.0,95.0,0.0,0.0,0.0,0.0,1.0,1.0,0.0,0.0,0.0,95.0,0.0,0.0,0.0,7.9,88.0,350.0,0.0,1.0,0.0,1.0,0.0,1.0,95.0,0.0,0.0,1.0,0.0,1.0,0.0,1.0,141.31034482758622,1.0,0,24,0,0,1,1.0,0,0.0
original_8_7,F13_233_to_232,failure,F13_233_01,1,7.5,87.0,351.0,0.0,0.0,0.0,100.0,0.0,0.0,0.0,0.25881904510252074,0.9659258262890683,0.0,0.0,0.0,0.0,95.0,0.0,0.0,0.0,7.9,88.0,350.0,0.0,1.0,0.0,1.0,0.0,1.0,97.5,0.0,0.0,1.0,0.0,1.0,0.0,1.0,141.31034482758622,2.0,0,24,0,0,2,2.0,0,0.0
original_8_7,F13_233_to_232,failure,F13_233_02,2,7.4,86.0,352.0,0.0,0.0,0.0,100.0,0.0,0.0,0.0,0.49999999999999994,0.8660254037844387,0.0,0.0,0.0,0.0,95.0,0.0,0.0,0.0,7.9,88.0,350.0,0.0,1.0,0.0,1.0,0.0,1.0,98.33333333333333,0.0,0.0,1.0,0.0,1.0,0.0,1.0,141.31034482758622,3.0,0,24,0,0,3,3.0,0,0.0
original_8_7,F13_233_to_232,failure,F13_233_03,3,7.2,85.0,354.0,0.0,0.0,0.0,100.0,0.0,0.0,0.0,0.7071067811865476,0.7071067811865476,0.0,0.0,0.0,0.0,95.0,0.0,0.0,0.0,7.9,88.0,350.0,0.0,1.0,0.0,1.0,0.0,1.0,98.75,0.0,0.0,1.0,0.0,1.0,0.0,1.0,141.31034482758622,4.0,0,24,0,0,4,4.0,0,0.0
original_8_7,F13_233_to_232,failure,F13_233_04,4,7.3,87.0,352.0,0.0,0.0,0.0,100.0,0.0,0.0,0.0,0.8660254037844386,0.5000000000000001,0.0,0.0,0.0,0.0,95.0,0.0,0.0,0.0,7.9,88.0,350.0,0.0,1.0,0.0,1.0,0.0,1.0,99.0,0.0,0.0,1.0,0.0,1.0,0.0,1.0,141.31034482758622,5.0,0,24,0,0,5,5.0,0,0.0
original_8_7,F13_233_to_232,failure,F13_233_05,5,7.5,87.0,354.0,0.0,0.0,0.0,100.0,0.0,0.0,0.0,0.9659258262890683,0.25881904510252074,0.0,0.0,0.0,0.0,95.0,0.0,0.0,0.0,7.9,88.0,350.0,0.0,1.0,0.0,1.0,0.0,1.0,99.16666666666667,0.0,0.0,1.0,0.0,1.0,0.0,1.0,141.31034482758622,6.0,0,24,0,0,6,6.0,0,0.0
original_8_7,F13_233_to_232,failure,F13_233_06,6,7.5,88.0,355.0,0.0,0.0,0.0,100.0,0.0,0.0,0.0,1.0,6.123233995736766e-17,0.0,0.0,0.0,0.0,95.0,0.0,0.0,0.0,7.9,88.0,350.0,0.0,1.0,0.0,1.0,0.0,1.0,99.28571428571429,0.0,0.0,1.0,0.0,1.0,0.0,1.0,141.31034482758622,7.0,0,24,0,0,7,7.0,0,0.0
original_8_7,F13_233_to_232,failure,F13_233_07,7,7.9,88.0,356.0,0.0,7.0,0.0,70.0,0.0,30.0,0.0,0.9659258262890683,-0.25881904510252063,0.0,0.0,0.0,0.0,95.0,0.0,0.0,0.0,7.9,88.0,350.0,0.0,1.0,0.875,0.875,0.0,1.0,95.625,0.0,0.0,1.0,3.75,0.875,0.0,1.0,141.31034482758622,8.0,0,24,0,1,0,8.0,1,0.0
original_8_7,F13_233_to_232,failure,F13_233_08,8,8.5,90.0,353.0,0.0,100.0,0.0,0.0,18.0,100.0,0.0,0.8660254037844387,-0.4999999999999998,0.0,0.0,0.0,0.0,95.0,0.0,0.0,0.0,7.9,88.0,350.0,0.0,1.0,11.88888888888889,0.7777777777777778,0.0,1.0,85.0,0.1111111111111111,2.0,0.8888888888888888,14.444444444444445,0.7777777777777778,0.0,1.0,141.31034482758622,9.0,0,24,0,1,1,0.0,2,0.0
original_8_7,F13_233_to_232,failure,F13_233_09,9,9.8,91.0,351.0,0.0,100.0,0.0,0.0,12.0,100.0,0.0,0.7071067811865476,-0.7071067811865475,0.0,0.0,0.0,0.0,95.0,0.0,0.0,0.0,7.9,88.0,350.0,0.0,1.0,20.7,0.7,0.0,1.0,76.5,0.2,3.0,0.8,23.0,0.7,0.0,1.0,141.31034482758622,10.0,0,24,0,1,2,0.0,3,0.0
original_8_7,F13_233_to_232,failure,F13_233_10,10,11.9,89.0,348.0,0.0,100.0,34.0,0.0,0.0,100.0,0.0,0.49999999999999994,-0.8660254037844387,0.0,0.0,0.0,0.0,95.0,0.0,0.0,0.0,7.9,88.0,350.0,0.0,1.0,27.90909090909091,0.6363636363636364,3.090909090909091,0.9090909090909091,69.54545454545455,0.2727272727272727,2.727272727272727,0.8181818181818182,30.0,0.6363636363636364,0.0,1.0,141.31034482758622,11.0,0,24,1,1,0,0.0,4,0.0
original_8_7,F13_233_to_232,failure,F13_233_11,11,15.8,80.0,333.0,0.0,100.0,100.0,0.0,0.0,100.0,0.0,0.258819045102521,-0.9659258262890682,0.0,0.0,0.0,0.0,95.0,0.0,0.0,0.0,7.9,88.0,350.0,0.0,1.0,33.916666666666664,0.5833333333333334,11.166666666666666,0.8333333333333334,63.75,0.3333333333333333,2.5,0.8333333333333334,35.833333333333336,0.5833333333333334,0.0,1.0,141.31034482758622,12.0,0,24,1,1,1,0.0,5,0.0
original_8_7,F13_233_to_232,failure,F13_233_12,12,21.0,70.0,323.0,0.0,100.0,100.0,0.0,0.0,100.0,0.0,1.2246467991473532e-16,-1.0,0.0,0.0,0.0,0.0,95.0,0.0,0.0,0.0,7.9,88.0,350.0,0.0,1.0,39.0,0.5384615384615384,18.0,0.7692307692307693,58.84615384615385,0.38461538461538464,2.3076923076923075,0.8461538461538461,40.76923076923077,0.5384615384615384,0.0,1.0,141.31034482758622,13.0,0,24,1,1,2,0.0,6,0.0
original_8_7,F13_233_to_232,failure,F13_233_13,13,22.9,62.0,331.0,0.0,100.0,100.0,0.0,0.0,92.0,0.0,-0.2588190451025208,-0.9659258262890683,0.0,0.0,0.0,0.0,95.0,0.0,0.0,0.0,7.9,88.0,350.0,0.0,1.0,43.357142857142854,0.5,23.857142857142858,0.7142857142857143,54.642857142857146,0.42857142857142855,2.142857142857143,0.8571428571428571,44.42857142857143,0.5,0.0,1.0,141.31034482758622,14.0,0,24,1,1,3,0.0,7,0.0
original_8_7,F13_233_to_232,failure,F13_233_14,14,20.4,67.0,335.0,0.0,100.0,100.0,0.0,0.0,100.0,0.0,-0.4999999999999997,-0.8660254037844388,0.0,0.0,0.0,0.0,95.0,0.0,0.0,0.0,7.9,88.0,350.0,0.0,1.0,47.13333333333333,0.4666666666666667,28.933333333333334,0.6666666666666666,51.0,0.4666666666666667,2.0,0.8666666666666667,48.13333333333333,0.4666666666666667,0.0,1.0,141.31034482758622,15.0,0,24,1,1,4,0.0,8,0.0
original_8_7,F13_233_to_232,failure,F13_233_15,15,20.6,64.0,337.0,0.0,100.0,100.0,0.0,0.0,93.0,0.0,-0.7071067811865471,-0.7071067811865479,0.0,0.0,0.0,0.0,95.0,0.0,0.0,0.0,7.9,88.0,350.0,0.0,1.0,50.4375,0.4375,33.375,0.625,47.8125,0.5,1.875,0.875,50.9375,0.4375,0.0,1.0,141.31034482758622,16.0,0,24,1,1,5,0.0,9,0.0
original_8_7,F13_233_to_232,failure,F13_233_16,16,16.3,76.0,345.0,0.0,100.0,100.0,0.0,0.0,0.0,0.0,-0.8660254037844385,-0.5000000000000004,0.0,0.0,0.0,0.0,95.0,0.0,0.0,0.0,7.9,88.0,350.0,0.0,1.0,53.35294117647059,0.4117647058823529,37.294117647058826,0.5882352941176471,45.0,0.5294117647058824,1.7647058823529411,0.8823529411764706,47.94117647058823,0.47058823529411764,0.0,1.0,141.31034482758622,17.0,0,24,1,1,6,0.0,9,0.0
original_8_7,F13_233_to_232,failure,F13_233_17,17,12.3,87.0,355.0,0.0,100.0,53.0,0.0,0.0,0.0,0.0,-0.9659258262890683,-0.25881904510252063,0.0,0.0,0.0,0.0,95.0,0.0,0.0,0.0,7.9,88.0,350.0,0.0,1.0,55.94444444444444,0.3888888888888889,38.166666666666664,0.5555555555555556,42.5,0.5555555555555556,1.6666666666666667,0.8888888888888888,45.27777777777778,0.5,0.0,1.0,141.31034482758622,18.0,0,24,1,1,7,0.0,9,0.0
original_8_7,F13_233_to_232,failure,F13_233_18,18,11.3,86.0,359.0,0.0,100.0,0.0,0.0,0.0,0.0,0.0,-1.0,-1.8369701987210297e-16,0.0,0.0,0.0,0.0,95.0,0.0,0.0,0.0,7.9,88.0,350.0,0.0,1.0,58.26315789473684,0.3684210526315789,36.1578947368421,0.5789473684210527,40.26315789473684,0.5789473684210527,1.5789473684210527,0.8947368421052632,42.89473684210526,0.5263157894736842,0.0,1.0,141.31034482758622,19.0,0,24,2,1,0,0.0,9,0.0
original_8_7,F13_233_to_232,failure,F13_233_19,19,10.4,86.0,364.0,0.0,100.0,0.0,0.0,0.0,0.0,0.0,-0.9659258262890684,0.2588190451025203,0.0,0.0,0.0,0.0,95.0,0.0,0.0,0.0,7.9,88.0,350.0,0.0,1.0,60.35,0.35,34.35,0.6,38.25,0.6,1.5,0.9,40.75,0.55,0.0,1.0,141.31034482758622,20.0,0,24,2,1,1,0.0,9,0.0
original_8_7,F13_233_to_232,failure,F13_233_20,20,9.9,84.0,366.0,0.0,53.0,0.0,0.0,0.0,0.0,0.0,-0.8660254037844386,0.5000000000000001,0.0,0.0,0.0,0.0,95.0,0.0,0.0,0.0,7.9,88.0,350.0,0.0,1.0,60.0,0.3333333333333333,32.714285714285715,0.6190476190476191,36.42857142857143,0.6190476190476191,1.4285714285714286,0.9047619047619048,38.80952380952381,0.5714285714285714,0.0,1.0,141.31034482758622,21.0,0,24,2,1,2,0.0,9,0.0
original_8_7,F13_233_to_232,failure,F13_233_21,21,9.4,83.0,368.0,0.0,0.0,0.0,0.0,0.0,0.0,0.0,-0.7071067811865477,0.7071067811865474,0.0,0.0,0.0,0.0,95.0,0.0,0.0,0.0,7.9,88.0,350.0,0.0,1.0,57.27272727272727,0.36363636363636365,31.227272727272727,0.6363636363636364,34.77272727272727,0.6363636363636364,1.3636363636363635,0.9090909090909091,37.04545454545455,0.5909090909090909,0.0,1.0,141.31034482758622,22.0,0,24,2,2,0,0.0,9,0.0
original_8_7,F13_233_to_232,failure,F13_233_22,22,8.8,82.0,371.0,0.0,0.0,0.0,0.0,0.0,0.0,0.0,-0.5000000000000004,0.8660254037844384,0.0,0.0,0.0,0.0,95.0,0.0,0.0,0.0,7.9,88.0,350.0,0.0,1.0,54.78260869565217,0.391304347826087,29.869565217391305,0.6521739130434783,33.26086956521739,0.6521739130434783,1.3043478260869565,0.9130434782608695,35.43478260869565,0.6086956521739131,0.0,1.0,141.31034482758622,23.0,0,24,2,2,1,0.0,9,0.0
original_8_7,F13_233_to_232,failure,F13_233_23,23,8.4,81.0,375.0,0.0,0.0,0.0,0.0,0.0,0.0,0.0,-0.25881904510252157,0.9659258262890681,0.0,0.0,0.0,0.0,95.0,0.0,0.0,0.0,7.9,88.0,350.0,0.0,1.0,52.5,0.4166666666666667,28.625,0.6666666666666666,31.875,0.6666666666666666,1.25,0.9166666666666666,33.958333333333336,0.625,0.0,1.0,141.31034482758622,24.0,0,24,2,2,2,0.0,9,0.0
common_7,F47_161_to_165,control,F47_165_00,0,7.7,70.0,388.0,0.0,1.0,0.0,100.0,100.0,0.0,0.0,0.0,1.0,1.0,0.0,1.0,0.0,100.0,100.0,0.0,0.0,7.7,70.0,388.0,0.0,1.0,1.0,0.0,0.0,1.0,100.0,0.0,100.0,0.0,0.0,1.0,0.0,1.0,165.0,1.0,0,24,0,0,1,1.0,0,0.0
common_7,F47_161_to_165,control,F47_165_01,1,7.2,71.0,391.0,0.0,1.0,0.0,100.0,100.0,0.0,0.0,0.25881904510252074,0.9659258262890683,0.0,0.0,1.0,0.0,100.0,100.0,0.0,0.0,7.7,70.0,388.0,0.0,1.0,1.0,0.0,0.0,1.0,100.0,0.0,100.0,0.0,0.0,1.0,0.0,1.0,165.0,2.0,0,24,0,0,2,2.0,0,0.0
common_7,F47_161_to_165,control,F47_165_02,2,7.2,71.0,394.0,0.0,1.0,0.0,100.0,100.0,0.0,0.0,0.49999999999999994,0.8660254037844387,0.0,0.0,1.0,0.0,100.0,100.0,0.0,0.0,7.7,70.0,388.0,0.0,1.0,1.0,0.0,0.0,1.0,100.0,0.0,100.0,0.0,0.0,1.0,0.0,1.0,165.0,3.0,0,24,0,0,3,3.0,0,0.0
common_7,F47_161_to_165,control,F47_165_03,3,7.0,72.0,394.0,0.0,1.0,0.0,100.0,100.0,0.0,0.0,0.7071067811865476,0.7071067811865476,0.0,0.0,1.0,0.0,100.0,100.0,0.0,0.0,7.7,70.0,388.0,0.0,1.0,1.0,0.0,0.0,1.0,100.0,0.0,100.0,0.0,0.0,1.0,0.0,1.0,165.0,4.0,0,24,0,0,4,4.0,0,0.0
common_7,F47_161_to_165,control,F47_165_04,4,6.6,72.0,395.0,0.0,1.0,0.0,100.0,100.0,0.0,0.0,0.8660254037844386,0.5000000000000001,0.0,0.0,1.0,0.0,100.0,100.0,0.0,0.0,7.7,70.0,388.0,0.0,1.0,1.0,0.0,0.0,1.0,100.0,0.0,100.0,0.0,0.0,1.0,0.0,1.0,165.0,5.0,0,24,0,0,5,5.0,0,0.0
common_7,F47_161_to_165,control,F47_165_05,5,6.0,72.0,400.0,0.0,1.0,0.0,100.0,100.0,0.0,0.0,0.9659258262890683,0.25881904510252074,0.0,0.0,1.0,0.0,100.0,100.0,0.0,0.0,7.7,70.0,388.0,0.0,1.0,1.0,0.0,0.0,1.0,100.0,0.0,100.0,0.0,0.0,1.0,0.0,1.0,165.0,6.0,0,24,0,0,6,6.0,0,0.0
common_7,F47_161_to_165,control,F47_165_06,6,5.6,72.0,403.0,0.0,1.0,0.0,100.0,100.0,0.0,0.0,1.0,6.123233995736766e-17,0.0,0.0,1.0,0.0,100.0,100.0,0.0,0.0,7.7,70.0,388.0,0.0,1.0,1.0,0.0,0.0,1.0,100.0,0.0,100.0,0.0,0.0,1.0,0.0,1.0,165.0,7.0,0,24,0,0,7,7.0,0,0.0
common_7,F47_161_to_165,control,F47_165_07,7,5.4,72.0,404.0,0.0,1.0,0.0,100.0,100.0,0.0,0.0,0.9659258262890683,-0.25881904510252063,0.0,0.0,1.0,0.0,100.0,100.0,0.0,0.0,7.7,70.0,388.0,0.0,1.0,1.0,0.0,0.0,1.0,100.0,0.0,100.0,0.0,0.0,1.0,0.0,1.0,165.0,8.0,0,24,0,0,8,8.0,0,0.0
common_7,F47_161_to_165,control,F47_165_08,8,7.1,71.0,406.0,0.0,1.0,0.0,100.0,100.0,0.0,0.0,0.8660254037844387,-0.4999999999999998,0.0,0.0,1.0,0.0,100.0,100.0,0.0,0.0,7.7,70.0,388.0,0.0,1.0,1.0,0.0,0.0,1.0,100.0,0.0,100.0,0.0,0.0,1.0,0.0,1.0,165.0,9.0,0,24,0,0,9,9.0,0,0.0
common_7,F47_161_to_165,control,F47_165_09,9,,,,11.0,15.0,24.0,82.0,82.0,0.0,0.0,0.7071067811865476,-0.7071067811865475,0.0,0.0,1.0,0.0,100.0,100.0,0.0,0.0,7.7,70.0,388.0,1.1,0.9,2.4,0.0,2.4,0.9,98.2,0.0,98.2,0.0,0.0,1.0,0.0,1.0,165.0,0.0,1,9,1,0,0,10.0,0,11.0
common_7,F47_161_to_165,control,F47_165_10,10,,,,30.0,39.0,70.0,0.0,0.0,0.0,0.0,0.49999999999999994,-0.8660254037844387,0.0,0.0,1.0,0.0,100.0,100.0,0.0,0.0,7.7,70.0,388.0,3.727272727272727,0.8181818181818182,5.7272727272727275,0.0,8.545454545454545,0.8181818181818182,89.27272727272727,0.09090909090909091,89.27272727272727,0.09090909090909091,0.0,1.0,0.0,1.0,165.0,0.0,2,9,1,0,1,0.0,0,30.0
common_7,F47_161_to_165,control,F47_165_11,11,,,,30.0,39.0,70.0,0.0,0.0,0.0,0.0,0.258819045102521,-0.9659258262890682,0.0,0.0,1.0,0.0,100.0,100.0,0.0,0.0,7.7,70.0,388.0,5.916666666666667,0.75,8.5,0.0,13.666666666666666,0.75,81.83333333333333,0.16666666666666666,81.83333333333333,0.16666666666666666,0.0,1.0,0.0,1.0,165.0,0.0,3,9,1,0,2,0.0,0,30.0
common_7,F47_161_to_165,control,F47_165_12,12,14.0,61.0,375.0,30.0,39.0,76.0,0.0,0.0,0.0,0.0,1.2246467991473532e-16,-1.0,0.0,0.0,1.0,0.0,100.0,100.0,0.0,0.0,7.7,70.0,388.0,7.769230769230769,0.6923076923076923,10.846153846153847,0.0,18.46153846153846,0.6923076923076923,75.53846153846153,0.23076923076923078,75.53846153846153,0.23076923076923078,0.0,1.0,0.0,1.0,165.0,0.0,4,9,1,0,3,0.0,0,30.0
common_7,F47_161_to_165,control,F47_165_13,13,13.8,62.0,372.0,30.0,39.0,62.0,0.0,0.0,0.0,0.0,-0.2588190451025208,-0.9659258262890683,0.0,0.0,1.0,0.0,100.0,100.0,0.0,0.0,7.7,70.0,388.0,9.357142857142858,0.6428571428571429,12.857142857142858,0.0,21.571428571428573,0.6428571428571429,70.14285714285714,0.2857142857142857,70.14285714285714,0.2857142857142857,0.0,1.0,0.0,1.0,165.0,0.0,5,9,1,0,4,0.0,0,30.0
common_7,F47_161_to_165,control,F47_165_14,14,13.9,60.0,368.0,30.0,39.0,62.0,0.0,0.0,0.0,0.0,-0.4999999999999997,-0.8660254037844388,0.0,0.0,1.0,0.0,100.0,100.0,0.0,0.0,7.7,70.0,388.0,10.733333333333333,0.6,14.6,0.0,24.266666666666666,0.6,65.46666666666667,0.3333333333333333,65.46666666666667,0.3333333333333333,0.0,1.0,0.0,1.0,165.0,0.0,6,9,1,0,5,0.0,0,30.0
common_7,F47_161_to_165,control,F47_165_15,15,13.2,61.0,369.0,30.0,39.0,58.0,20.0,20.0,0.0,0.0,-0.7071067811865471,-0.7071067811865479,0.0,0.0,1.0,0.0,100.0,100.0,0.0,0.0,7.7,70.0,388.0,11.9375,0.5625,16.125,0.0,26.375,0.5625,62.625,0.3125,62.625,0.3125,0.0,1.0,0.0,1.0,165.0,0.0,7,9,1,0,6,1.0,0,30.0
common_7,F47_161_to_165,control,F47_165_16,16,11.8,63.0,370.0,30.0,39.0,56.0,47.0,18.0,0.0,0.0,-0.8660254037844385,-0.5000000000000004,0.0,0.0,1.0,0.0,100.0,100.0,0.0,0.0,7.7,70.0,388.0,13.0,0.5294117647058824,17.470588235294116,0.0,28.11764705882353,0.5294117647058824,61.705882352941174,0.29411764705882354,60.0,0.29411764705882354,0.0,1.0,0.0,1.0,165.0,0.0,8,9,1,0,7,2.0,0,30.0
common_7,F47_161_to_165,control,F47_165_17,17,10.1,65.0,372.0,22.0,20.0,22.0,60.0,53.0,0.0,0.0,-0.9659258262890683,-0.25881904510252063,0.0,0.0,1.0,0.0,100.0,100.0,0.0,0.0,7.7,70.0,388.0,13.5,0.5,17.61111111111111,0.0,27.77777777777778,0.5,61.611111111111114,0.2777777777777778,59.611111111111114,0.2777777777777778,0.0,1.0,0.0,1.0,165.0,0.0,9,9,1,0,8,3.0,0,30.0
common_7,F47_161_to_165,control,F47_165_18,18,10.0,68.0,373.0,5.0,1.0,4.0,87.0,87.0,0.0,0.0,-1.0,-1.8369701987210297e-16,0.0,0.0,1.0,0.0,100.0,100.0,0.0,0.0,7.7,70.0,388.0,13.052631578947368,0.47368421052631576,16.736842105263158,0.0,26.526315789473685,0.47368421052631576,62.94736842105263,0.2631578947368421,61.05263157894737,0.2631578947368421,0.0,1.0,0.0,1.0,165.0,0.0,10,9,1,0,9,4.0,0,30.0
common_7,F47_161_to_165,control,F47_165_19,19,9.7,70.0,381.0,7.0,0.0,6.0,100.0,100.0,0.0,0.0,-0.9659258262890684,0.2588190451025203,0.0,0.0,1.0,0.0,100.0,100.0,0.0,0.0,7.7,70.0,388.0,12.75,0.45,15.9,0.05,25.5,0.45,64.8,0.25,63.0,0.25,0.0,1.0,0.0,1.0,165.0,0.0,11,9,1,1,0,5.0,0,30.0
common_7,F47_161_to_165,control,F47_165_20,20,8.9,72.0,380.0,9.0,0.0,6.0,100.0,100.0,0.0,0.0,-0.8660254037844386,0.5000000000000001,0.0,0.0,1.0,0.0,100.0,100.0,0.0,0.0,7.7,70.0,388.0,12.571428571428571,0.42857142857142855,15.142857142857142,0.09523809523809523,24.571428571428573,0.42857142857142855,66.47619047619048,0.23809523809523808,64.76190476190476,0.23809523809523808,0.0,1.0,0.0,1.0,165.0,0.0,12,9,1,1,1,6.0,0,30.0
common_7,F47_161_to_165,control,F47_165_21,21,10.0,73.0,382.0,1.0,0.0,0.0,78.0,78.0,0.0,0.0,-0.7071067811865477,0.7071067811865474,0.0,0.0,1.0,0.0,100.0,100.0,0.0,0.0,7.7,70.0,388.0,12.045454545454545,0.4090909090909091,14.454545454545455,0.13636363636363635,23.454545454545453,0.45454545454545453,67.0,0.22727272727272727,65.36363636363636,0.22727272727272727,0.0,1.0,0.0,1.0,165.0,0.0,13,9,2,1,0,7.0,0,30.0
common_7,F47_161_to_165,control,F47_165_22,22,10.0,74.0,386.0,1.0,0.0,0.0,78.0,67.0,0.0,0.0,-0.5000000000000004,0.8660254037844384,0.0,0.0,1.0,0.0,100.0,100.0,0.0,0.0,7.7,70.0,388.0,11.565217391304348,0.391304347826087,13.826086956521738,0.17391304347826086,22.434782608695652,0.4782608695652174,67.47826086956522,0.21739130434782608,65.43478260869566,0.21739130434782608,0.0,1.0,0.0,1.0,165.0,0.0,14,9,2,1,1,8.0,0,30.0
common_7,F47_161_to_165,control,F47_165_23,23,10.0,75.0,387.0,1.0,0.0,0.0,80.0,80.0,0.0,0.0,-0.25881904510252157,0.9659258262890681,0.0,0.0,1.0,0.0,100.0,100.0,0.0,0.0,7.7,70.0,388.0,11.125,0.375,13.25,0.20833333333333334,21.5,0.5,68.0,0.20833333333333334,66.04166666666667,0.20833333333333334,0.0,1.0,0.0,1.0,165.0,0.0,15,9,2,1,2,9.0,0,30.0
common_7,F47_161_to_165,failure,F47_161_00,0,11.8,64.0,480.0,0.0,0.0,0.0,0.0,0.0,0.0,0.0,0.0,1.0,1.0,0.0,0.0,0.0,0.0,0.0,0.0,0.0,11.8,64.0,480.0,0.0,1.0,0.0,1.0,0.0,1.0,0.0,1.0,0.0,1.0,0.0,1.0,0.0,1.0,161.0,1.0,0,24,0,0,1,0.0,0,0.0
common_7,F47_161_to_165,failure,F47_161_01,1,11.2,65.0,484.0,0.0,0.0,0.0,0.0,0.0,0.0,0.0,0.25881904510252074,0.9659258262890683,0.0,0.0,0.0,0.0,0.0,0.0,0.0,0.0,11.8,64.0,480.0,0.0,1.0,0.0,1.0,0.0,1.0,0.0,1.0,0.0,1.0,0.0,1.0,0.0,1.0,161.0,2.0,0,24,0,0,2,0.0,0,0.0
common_7,F47_161_to_165,failure,F47_161_02,2,9.9,70.0,456.0,0.0,0.0,0.0,23.0,0.0,0.0,0.0,0.49999999999999994,0.8660254037844387,0.0,0.0,0.0,0.0,0.0,0.0,0.0,0.0,11.8,64.0,480.0,0.0,1.0,0.0,1.0,0.0,1.0,7.666666666666667,0.6666666666666666,0.0,1.0,0.0,1.0,0.0,1.0,161.0,3.0,0,24,0,0,3,1.0,0,0.0
common_7,F47_161_to_165,failure,F47_161_03,3,8.8,65.0,363.0,0.0,0.0,0.0,100.0,0.0,0.0,0.0,0.7071067811865476,0.7071067811865476,0.0,0.0,0.0,0.0,0.0,0.0,0.0,0.0,11.8,64.0,480.0,0.0,1.0,0.0,1.0,0.0,1.0,30.75,0.5,0.0,1.0,0.0,1.0,0.0,1.0,161.0,4.0,0,24,0,0,4,2.0,0,0.0
common_7,F47_161_to_165,failure,F47_161_04,4,7.7,64.0,386.0,0.0,0.0,0.0,100.0,0.0,0.0,0.0,0.8660254037844386,0.5000000000000001,0.0,0.0,0.0,0.0,0.0,0.0,0.0,0.0,11.8,64.0,480.0,0.0,1.0,0.0,1.0,0.0,1.0,44.6,0.4,0.0,1.0,0.0,1.0,0.0,1.0,161.0,5.0,0,24,0,0,5,3.0,0,0.0
common_7,F47_161_to_165,failure,F47_161_05,5,8.5,64.0,318.0,0.0,0.0,0.0,100.0,0.0,0.0,0.0,0.9659258262890683,0.25881904510252074,0.0,0.0,0.0,0.0,0.0,0.0,0.0,0.0,11.8,64.0,480.0,0.0,1.0,0.0,1.0,0.0,1.0,53.833333333333336,0.3333333333333333,0.0,1.0,0.0,1.0,0.0,1.0,161.0,6.0,0,24,0,0,6,4.0,0,0.0
common_7,F47_161_to_165,failure,F47_161_06,6,9.2,64.0,347.0,0.0,0.0,0.0,100.0,0.0,0.0,0.0,1.0,6.123233995736766e-17,0.0,0.0,0.0,0.0,0.0,0.0,0.0,0.0,11.8,64.0,480.0,0.0,1.0,0.0,1.0,0.0,1.0,60.42857142857143,0.2857142857142857,0.0,1.0,0.0,1.0,0.0,1.0,161.0,7.0,0,24,0,0,7,5.0,0,0.0
common_7,F47_161_to_165,failure,F47_161_07,7,9.3,65.0,426.0,0.0,14.0,0.0,100.0,0.0,30.0,0.0,0.9659258262890683,-0.25881904510252063,0.0,0.0,0.0,0.0,0.0,0.0,0.0,0.0,11.8,64.0,480.0,0.0,1.0,1.75,0.875,0.0,1.0,65.375,0.25,0.0,1.0,3.75,0.875,0.0,1.0,161.0,8.0,0,24,0,1,0,6.0,1,0.0
common_7,F47_161_to_165,failure,F47_161_08,8,9.4,64.0,508.0,0.0,100.0,0.0,100.0,0.0,0.0,0.0,0.8660254037844387,-0.4999999999999998,0.0,0.0,0.0,0.0,0.0,0.0,0.0,0.0,11.8,64.0,480.0,0.0,1.0,12.666666666666666,0.7777777777777778,0.0,1.0,69.22222222222223,0.2222222222222222,0.0,1.0,3.3333333333333335,0.8888888888888888,0.0,1.0,161.0,9.0,0,24,0,1,1,7.0,1,0.0
common_7,F47_161_to_165,failure,F47_161_09,9,12.6,64.0,504.0,0.0,100.0,91.0,100.0,0.0,0.0,0.0,0.7071067811865476,-0.7071067811865475,0.0,0.0,0.0,0.0,0.0,0.0,0.0,0.0,11.8,64.0,480.0,0.0,1.0,21.4,0.7,9.1,0.9,72.3,0.2,0.0,1.0,3.0,0.9,0.0,1.0,161.0,10.0,0,24,1,1,0,8.0,1,0.0
common_7,F47_161_to_165,failure,F47_161_10,10,18.7,60.0,469.0,0.0,100.0,100.0,2.0,0.0,0.0,0.0,0.49999999999999994,-0.8660254037844387,0.0,0.0,0.0,0.0,0.0,0.0,0.0,0.0,11.8,64.0,480.0,0.0,1.0,28.545454545454547,0.6363636363636364,17.363636363636363,0.8181818181818182,65.9090909090909,0.18181818181818182,0.0,1.0,2.727272727272727,0.9090909090909091,0.0,1.0,161.0,11.0,0,24,1,1,1,9.0,1,0.0
common_7,F47_161_to_165,failure,F47_161_11,11,22.1,52.0,434.0,0.0,100.0,100.0,0.0,0.0,0.0,0.0,0.258819045102521,-0.9659258262890682,0.0,0.0,0.0,0.0,0.0,0.0,0.0,0.0,11.8,64.0,480.0,0.0,1.0,34.5,0.5833333333333334,24.25,0.75,60.416666666666664,0.25,0.0,1.0,2.5,0.9166666666666666,0.0,1.0,161.0,12.0,0,24,1,1,2,0.0,1,0.0
common_7,F47_161_to_165,failure,F47_161_12,12,21.9,44.0,431.0,12.0,100.0,100.0,0.0,0.0,27.0,0.0,1.2246467991473532e-16,-1.0,0.0,0.0,0.0,0.0,0.0,0.0,0.0,0.0,11.8,64.0,480.0,0.9230769230769231,0.9230769230769231,39.53846153846154,0.5384615384615384,30.076923076923077,0.6923076923076923,55.76923076923077,0.3076923076923077,0.0,1.0,4.384615384615385,0.8461538461538461,0.0,1.0,161.0,0.0,1,12,1,1,3,0.0,2,12.0
common_7,F47_161_to_165,failure,F47_161_13,13,20.9,41.0,394.0,30.0,100.0,100.0,0.0,0.0,35.0,2.0,-0.2588190451025208,-0.9659258262890683,0.0,0.0,0.0,0.0,0.0,0.0,0.0,0.0,11.8,64.0,480.0,3.0,0.8571428571428571,43.857142857142854,0.5,35.07142857142857,0.6428571428571429,51.785714285714285,0.35714285714285715,0.0,1.0,6.571428571428571,0.7857142857142857,0.14285714285714285,0.9285714285714286,161.0,0.0,2,12,1,1,4,0.0,3,30.0
common_7,F47_161_to_165,failure,F47_161_14,14,17.7,47.0,409.0,34.0,100.0,100.0,0.0,0.0,20.0,0.0,-0.4999999999999997,-0.8660254037844388,0.0,0.0,0.0,0.0,0.0,0.0,0.0,0.0,11.8,64.0,480.0,5.066666666666666,0.8,47.6,0.4666666666666667,39.4,0.6,48.333333333333336,0.4,0.0,1.0,7.466666666666667,0.7333333333333333,0.13333333333333333,0.9333333333333333,161.0,0.0,3,12,1,1,5,0.0,4,34.0
common_7,F47_161_to_165,failure,F47_161_15,15,15.5,61.0,392.0,1.0,100.0,100.0,0.0,0.0,0.0,0.0,-0.7071067811865471,-0.7071067811865479,0.0,0.0,0.0,0.0,0.0,0.0,0.0,0.0,11.8,64.0,480.0,4.8125,0.75,50.875,0.4375,43.1875,0.5625,45.3125,0.4375,0.0,1.0,7.0,0.75,0.125,0.9375,161.0,0.0,4,12,1,1,6,0.0,4,34.0
common_7,F47_161_to_165,failure,F47_161_16,16,14.3,60.0,405.0,0.0,100.0,100.0,0.0,0.0,0.0,0.0,-0.8660254037844385,-0.5000000000000004,0.0,0.0,0.0,0.0,0.0,0.0,0.0,0.0,11.8,64.0,480.0,4.529411764705882,0.7647058823529411,53.76470588235294,0.4117647058823529,46.529411764705884,0.5294117647058824,42.64705882352941,0.47058823529411764,0.0,1.0,6.588235294117647,0.7647058823529411,0.11764705882352941,0.9411764705882353,161.0,1.0,4,12,1,1,7,0.0,4,34.0
common_7,F47_161_to_165,failure,F47_161_17,17,14.0,62.0,382.0,0.0,100.0,100.0,0.0,0.0,0.0,0.0,-0.9659258262890683,-0.25881904510252063,0.0,0.0,0.0,0.0,0.0,0.0,0.0,0.0,11.8,64.0,480.0,4.277777777777778,0.7777777777777778,56.333333333333336,0.3888888888888889,49.5,0.5,40.27777777777778,0.5,0.0,1.0,6.222222222222222,0.7777777777777778,0.1111111111111111,0.9444444444444444,161.0,2.0,4,12,1,1,8,0.0,4,34.0
common_7,F47_161_to_165,failure,F47_161_18,18,12.0,64.0,386.0,0.0,100.0,6.0,0.0,0.0,0.0,0.0,-1.0,-1.8369701987210297e-16,0.0,0.0,0.0,0.0,0.0,0.0,0.0,0.0,11.8,64.0,480.0,4.052631578947368,0.7894736842105263,58.63157894736842,0.3684210526315789,47.21052631578947,0.47368421052631576,38.1578947368421,0.5263157894736842,0.0,1.0,5.894736842105263,0.7894736842105263,0.10526315789473684,0.9473684210526315,161.0,3.0,4,12,1,1,9,0.0,4,34.0
common_7,F47_161_to_165,failure,F47_161_19,19,10.5,62.0,307.0,0.0,100.0,0.0,0.0,0.0,0.0,0.0,-0.9659258262890684,0.2588190451025203,0.0,0.0,0.0,0.0,0.0,0.0,0.0,0.0,11.8,64.0,480.0,3.85,0.8,60.7,0.35,44.85,0.5,36.25,0.55,0.0,1.0,5.6,0.8,0.1,0.95,161.0,4.0,4,12,2,1,0,0.0,4,34.0
common_7,F47_161_to_165,failure,F47_161_20,20,10.5,60.0,320.0,0.0,91.0,0.0,0.0,0.0,0.0,0.0,-0.8660254037844386,0.5000000000000001,0.0,0.0,0.0,0.0,0.0,0.0,0.0,0.0,11.8,64.0,480.0,3.6666666666666665,0.8095238095238095,62.142857142857146,0.3333333333333333,42.714285714285715,0.5238095238095238,34.523809523809526,0.5714285714285714,0.0,1.0,5.333333333333333,0.8095238095238095,0.09523809523809523,0.9523809523809523,161.0,5.0,4,12,2,1,1,0.0,4,34.0
common_7,F47_161_to_165,failure,F47_161_21,21,12.2,65.0,309.0,0.0,0.0,0.0,0.0,0.0,0.0,0.0,-0.7071067811865477,0.7071067811865474,0.0,0.0,0.0,0.0,0.0,0.0,0.0,0.0,11.8,64.0,480.0,3.5,0.8181818181818182,59.31818181818182,0.36363636363636365,40.77272727272727,0.5454545454545454,32.95454545454545,0.5909090909090909,0.0,1.0,5.090909090909091,0.8181818181818182,0.09090909090909091,0.9545454545454546,161.0,6.0,4,12,2,2,0,0.0,4,34.0
common_7,F47_161_to_165,failure,F47_161_22,22,13.1,66.0,314.0,0.0,0.0,0.0,0.0,0.0,0.0,0.0,-0.5000000000000004,0.8660254037844384,0.0,0.0,0.0,0.0,0.0,0.0,0.0,0.0,11.8,64.0,480.0,3.347826086956522,0.8260869565217391,56.73913043478261,0.391304347826087,39.0,0.5652173913043478,31.52173913043478,0.6086956521739131,0.0,1.0,4.869565217391305,0.8260869565217391,0.08695652173913043,0.9565217391304348,161.0,7.0,4,12,2,2,1,0.0,4,34.0
common_7,F47_161_to_165,failure,F47_161_23,23,13.4,66.0,333.0,0.0,0.0,0.0,0.0,0.0,0.0,0.0,-0.25881904510252157,0.9659258262890681,0.0,0.0,0.0,0.0,0.0,0.0,0.0,0.0,11.8,64.0,480.0,3.2083333333333335,0.8333333333333334,54.375,0.4166666666666667,37.375,0.5833333333333334,30.208333333333332,0.625,0.0,1.0,4.666666666666667,0.8333333333333334,0.08333333333333333,0.9583333333333334,161.0,8.0,4,12,2,2,2,0.0,4,34.0
common_7,F47_130_to_127,control,F47_127_00,0,9.8,65.0,362.0,0.0,0.0,0.0,40.0,40.0,0.0,0.0,0.0,1.0,1.0,0.0,0.0,0.0,40.0,40.0,0.0,0.0,9.8,65.0,362.0,0.0,1.0,0.0,1.0,0.0,1.0,40.0,0.0,40.0,0.0,0.0,1.0,0.0,1.0,127.0,1.0,0,24,0,0,1,1.0,0,0.0
common_7,F47_130_to_127,control,F47_127_01,1,9.7,65.0,363.0,0.0,0.0,0.0,47.0,43.0,0.0,0.0,0.25881904510252074,0.9659258262890683,0.0,0.0,0.0,0.0,40.0,40.0,0.0,0.0,9.8,65.0,362.0,0.0,1.0,0.0,1.0,0.0,1.0,43.5,0.0,41.5,0.0,0.0,1.0,0.0,1.0,127.0,2.0,0,24,0,0,2,2.0,0,0.0
common_7,F47_130_to_127,control,F47_127_02,2,10.0,64.0,362.0,0.0,0.0,0.0,43.0,33.0,0.0,0.0,0.49999999999999994,0.8660254037844387,0.0,0.0,0.0,0.0,40.0,40.0,0.0,0.0,9.8,65.0,362.0,0.0,1.0,0.0,1.0,0.0,1.0,43.333333333333336,0.0,38.666666666666664,0.0,0.0,1.0,0.0,1.0,127.0,3.0,0,24,0,0,3,3.0,0,0.0
common_7,F47_130_to_127,control,F47_127_03,3,9.9,64.0,365.0,0.0,0.0,0.0,53.0,47.0,0.0,0.0,0.7071067811865476,0.7071067811865476,0.0,0.0,0.0,0.0,40.0,40.0,0.0,0.0,9.8,65.0,362.0,0.0,1.0,0.0,1.0,0.0,1.0,45.75,0.0,40.75,0.0,0.0,1.0,0.0,1.0,127.0,4.0,0,24,0,0,4,4.0,0,0.0
common_7,F47_130_to_127,control,F47_127_04,4,8.5,67.0,369.0,0.0,0.0,0.0,100.0,7.0,0.0,0.0,0.8660254037844386,0.5000000000000001,0.0,0.0,0.0,0.0,40.0,40.0,0.0,0.0,9.8,65.0,362.0,0.0,1.0,0.0,1.0,0.0,1.0,56.6,0.0,34.0,0.0,0.0,1.0,0.0,1.0,127.0,5.0,0,24,0,0,5,5.0,0,0.0
common_7,F47_130_to_127,control,F47_127_05,5,9.4,63.0,374.0,0.0,0.0,0.0,63.0,47.0,0.0,0.0,0.9659258262890683,0.25881904510252074,0.0,0.0,0.0,0.0,40.0,40.0,0.0,0.0,9.8,65.0,362.0,0.0,1.0,0.0,1.0,0.0,1.0,57.666666666666664,0.0,36.166666666666664,0.0,0.0,1.0,0.0,1.0,127.0,6.0,0,24,0,0,6,6.0,0,0.0
common_7,F47_130_to_127,control,F47_127_06,6,9.7,62.0,378.0,0.0,0.0,0.0,53.0,40.0,0.0,0.0,1.0,6.123233995736766e-17,0.0,0.0,0.0,0.0,40.0,40.0,0.0,0.0,9.8,65.0,362.0,0.0,1.0,0.0,1.0,0.0,1.0,57.0,0.0,36.714285714285715,0.0,0.0,1.0,0.0,1.0,127.0,7.0,0,24,0,0,7,7.0,0,0.0
common_7,F47_130_to_127,control,F47_127_07,7,9.5,62.0,381.0,0.0,0.0,0.0,57.0,45.0,0.0,0.0,0.9659258262890683,-0.25881904510252063,0.0,0.0,0.0,0.0,40.0,40.0,0.0,0.0,9.8,65.0,362.0,0.0,1.0,0.0,1.0,0.0,1.0,57.0,0.0,37.75,0.0,0.0,1.0,0.0,1.0,127.0,8.0,0,24,0,0,8,8.0,0,0.0
common_7,F47_130_to_127,control,F47_127_08,8,9.7,64.0,382.0,0.0,0.0,3.0,30.0,37.0,0.0,0.0,0.8660254037844387,-0.4999999999999998,0.0,0.0,0.0,0.0,40.0,40.0,0.0,0.0,9.8,65.0,362.0,0.0,1.0,0.0,1.0,0.3333333333333333,0.8888888888888888,54.0,0.0,37.666666666666664,0.0,0.0,1.0,0.0,1.0,127.0,9.0,0,24,1,0,0,9.0,0,0.0
common_7,F47_130_to_127,control,F47_127_09,9,11.8,63.0,384.0,0.0,53.0,99.0,33.0,47.0,0.0,0.0,0.7071067811865476,-0.7071067811865475,0.0,0.0,0.0,0.0,40.0,40.0,0.0,0.0,9.8,65.0,362.0,0.0,1.0,5.3,0.9,10.2,0.8,51.9,0.0,38.6,0.0,0.0,1.0,0.0,1.0,127.0,10.0,0,24,1,1,0,10.0,0,0.0
common_7,F47_130_to_127,control,F47_127_10,10,16.7,60.0,421.0,12.0,100.0,100.0,0.0,53.0,7.0,0.0,0.49999999999999994,-0.8660254037844387,0.0,0.0,0.0,0.0,40.0,40.0,0.0,0.0,9.8,65.0,362.0,1.0909090909090908,0.9090909090909091,13.909090909090908,0.8181818181818182,18.363636363636363,0.7272727272727273,47.18181818181818,0.09090909090909091,39.90909090909091,0.0,0.6363636363636364,0.9090909090909091,0.0,1.0,127.0,0.0,1,10,1,1,1,0.0,1,12.0
common_7,F47_130_to_127,control,F47_127_11,11,20.4,61.0,416.0,9.0,100.0,100.0,0.0,57.0,5.0,13.0,0.258819045102521,-0.9659258262890682,0.0,0.0,0.0,0.0,40.0,40.0,0.0,0.0,9.8,65.0,362.0,1.75,0.8333333333333334,21.083333333333332,0.75,25.166666666666668,0.6666666666666666,43.25,0.16666666666666666,41.333333333333336,0.0,1.0,0.8333333333333334,1.0833333333333333,0.9166666666666666,127.0,0.0,2,10,1,1,2,0.0,2,12.0
common_7,F47_130_to_127,control,F47_127_12,12,22.8,64.0,424.0,10.0,100.0,100.0,0.0,37.0,5.0,13.0,1.2246467991473532e-16,-1.0,0.0,0.0,0.0,0.0,40.0,40.0,0.0,0.0,9.8,65.0,362.0,2.3846153846153846,0.7692307692307693,27.153846153846153,0.6923076923076923,30.923076923076923,0.6153846153846154,39.92307692307692,0.23076923076923078,41.0,0.0,1.3076923076923077,0.7692307692307693,2.0,0.8461538461538461,127.0,0.0,3,10,1,1,3,0.0,3,12.0
common_7,F47_130_to_127,control,F47_127_13,13,23.4,66.0,434.0,13.0,100.0,100.0,0.0,52.0,10.0,23.0,-0.2588190451025208,-0.9659258262890683,0.0,0.0,0.0,0.0,40.0,40.0,0.0,0.0,9.8,65.0,362.0,3.142857142857143,0.7142857142857143,32.357142857142854,0.6428571428571429,35.857142857142854,0.5714285714285714,37.07142857142857,0.2857142857142857,41.785714285714285,0.0,1.9285714285714286,0.7142857142857143,3.5,0.7857142857142857,127.0,0.0,4,10,1,1,4,0.0,4,13.0
common_7,F47_130_to_127,control,F47_127_14,14,23.8,63.0,385.0,11.0,100.0,100.0,0.0,45.0,0.0,12.0,-0.4999999999999997,-0.8660254037844388,0.0,0.0,0.0,0.0,40.0,40.0,0.0,0.0,9.8,65.0,362.0,3.6666666666666665,0.6666666666666666,36.86666666666667,0.6,40.13333333333333,0.5333333333333333,34.6,0.3333333333333333,42.0,0.0,1.8,0.7333333333333333,4.066666666666666,0.7333333333333333,127.0,0.0,5,10,1,1,5,0.0,4,13.0
common_7,F47_130_to_127,control,F47_127_15,15,21.9,62.0,349.0,9.0,100.0,100.0,0.0,33.0,0.0,5.0,-0.7071067811865471,-0.7071067811865479,0.0,0.0,0.0,0.0,40.0,40.0,0.0,0.0,9.8,65.0,362.0,4.0,0.625,40.8125,0.5625,43.875,0.5,32.4375,0.375,41.4375,0.0,1.6875,0.75,4.125,0.6875,127.0,0.0,6,10,1,1,6,0.0,4,13.0
common_7,F47_130_to_127,control,F47_127_16,16,17.7,66.0,342.0,7.0,70.0,72.0,0.0,55.0,0.0,0.0,-0.8660254037844385,-0.5000000000000004,0.0,0.0,0.0,0.0,40.0,40.0,0.0,0.0,9.8,65.0,362.0,4.176470588235294,0.5882352941176471,42.529411764705884,0.5294117647058824,45.529411764705884,0.47058823529411764,30.529411764705884,0.4117647058823529,42.23529411764706,0.0,1.588235294117647,0.7647058823529411,3.8823529411764706,0.7058823529411765,127.0,0.0,7,10,1,1,7,0.0,4,13.0
common_7,F47_130_to_127,control,F47_127_17,17,15.2,66.0,340.0,3.0,0.0,0.0,17.0,52.0,0.0,0.0,-0.9659258262890683,-0.25881904510252063,0.0,0.0,0.0,0.0,40.0,40.0,0.0,0.0,9.8,65.0,362.0,4.111111111111111,0.5555555555555556,40.166666666666664,0.5555555555555556,43.0,0.5,29.77777777777778,0.3888888888888889,42.77777777777778,0.0,1.5,0.7777777777777778,3.6666666666666665,0.7222222222222222,127.0,0.0,8,10,2,2,0,1.0,4,13.0
common_7,F47_130_to_127,control,F47_127_18,18,11.5,70.0,343.0,1.0,0.0,0.0,0.0,38.0,0.0,0.0,-1.0,-1.8369701987210297e-16,0.0,0.0,0.0,0.0,40.0,40.0,0.0,0.0,9.8,65.0,362.0,3.9473684210526314,0.5263157894736842,38.05263157894737,0.5789473684210527,40.73684210526316,0.5263157894736842,28.210526315789473,0.42105263157894735,42.526315789473685,0.0,1.4210526315789473,0.7894736842105263,3.473684210526316,0.7368421052631579,127.0,0.0,9,10,2,2,1,0.0,4,13.0
common_7,F47_130_to_127,control,F47_127_19,19,10.1,70.0,350.0,0.0,0.0,0.0,17.0,38.0,0.0,0.0,-0.9659258262890684,0.2588190451025203,0.0,0.0,0.0,0.0,40.0,40.0,0.0,0.0,9.8,65.0,362.0,3.75,0.55,36.15,0.6,38.7,0.55,27.65,0.4,42.3,0.0,1.35,0.8,3.3,0.75,127.0,1.0,9,10,2,2,2,1.0,4,13.0
common_7,F47_130_to_127,control,F47_127_20,20,10.1,69.0,355.0,0.0,0.0,0.0,27.0,40.0,0.0,0.0,-0.8660254037844386,0.5000000000000001,0.0,0.0,0.0,0.0,40.0,40.0,0.0,0.0,9.8,65.0,362.0,3.5714285714285716,0.5714285714285714,34.42857142857143,0.6190476190476191,36.857142857142854,0.5714285714285714,27.61904761904762,0.38095238095238093,42.19047619047619,0.0,1.2857142857142858,0.8095238095238095,3.142857142857143,0.7619047619047619,127.0,2.0,9,10,2,2,3,2.0,4,13.0
common_7,F47_130_to_127,control,F47_127_21,21,10.1,68.0,360.0,0.0,0.0,0.0,100.0,0.0,0.0,0.0,-0.7071067811865477,0.7071067811865474,0.0,0.0,0.0,0.0,40.0,40.0,0.0,0.0,9.8,65.0,362.0,3.409090909090909,0.5909090909090909,32.86363636363637,0.6363636363636364,35.18181818181818,0.5909090909090909,30.90909090909091,0.36363636363636365,40.27272727272727,0.045454545454545456,1.2272727272727273,0.8181818181818182,3.0,0.7727272727272727,127.0,3.0,9,10,2,2,4,3.0,4,13.0
common_7,F47_130_to_127,control,F47_127_22,22,10.2,68.0,364.0,0.0,0.0,0.0,82.0,5.0,0.0,0.0,-0.5000000000000004,0.8660254037844384,0.0,0.0,0.0,0.0,40.0,40.0,0.0,0.0,9.8,65.0,362.0,3.260869565217391,0.6086956521739131,31.434782608695652,0.6521739130434783,33.65217391304348,0.6086956521739131,33.130434782608695,0.34782608695652173,38.73913043478261,0.043478260869565216,1.173913043478261,0.8260869565217391,2.869565217391304,0.782608695652174,127.0,4.0,9,10,2,2,5,4.0,4,13.0
common_7,F47_130_to_127,control,F47_127_23,23,10.2,67.0,369.0,0.0,0.0,0.0,45.0,20.0,0.0,0.0,-0.25881904510252157,0.9659258262890681,0.0,0.0,0.0,0.0,40.0,40.0,0.0,0.0,9.8,65.0,362.0,3.125,0.625,30.125,0.6666666666666666,32.25,0.625,33.625,0.3333333333333333,37.958333333333336,0.041666666666666664,1.125,0.8333333333333334,2.75,0.7916666666666666,127.0,5.0,9,10,2,2,6,5.0,4,13.0
common_7,F47_130_to_127,failure,F47_130_00,0,10.8,62.0,383.0,0.0,0.0,0.0,72.0,0.0,0.0,0.0,0.0,1.0,1.0,0.0,0.0,0.0,72.0,0.0,0.0,0.0,10.8,62.0,383.0,0.0,1.0,0.0,1.0,0.0,1.0,72.0,0.0,0.0,1.0,0.0,1.0,0.0,1.0,130.0,1.0,0,24,0,0,1,1.0,0,0.0
common_7,F47_130_to_127,failure,F47_130_01,1,10.0,64.0,382.0,0.0,0.0,0.0,30.0,0.0,0.0,0.0,0.25881904510252074,0.9659258262890683,0.0,0.0,0.0,0.0,72.0,0.0,0.0,0.0,10.8,62.0,383.0,0.0,1.0,0.0,1.0,0.0,1.0,51.0,0.0,0.0,1.0,0.0,1.0,0.0,1.0,130.0,2.0,0,24,0,0,2,2.0,0,0.0
common_7,F47_130_to_127,failure,F47_130_02,2,10.0,64.0,388.0,0.0,0.0,0.0,50.0,0.0,0.0,0.0,0.49999999999999994,0.8660254037844387,0.0,0.0,0.0,0.0,72.0,0.0,0.0,0.0,10.8,62.0,383.0,0.0,1.0,0.0,1.0,0.0,1.0,50.666666666666664,0.0,0.0,1.0,0.0,1.0,0.0,1.0,130.0,3.0,0,24,0,0,3,3.0,0,0.0
common_7,F47_130_to_127,failure,F47_130_03,3,10.4,63.0,387.0,0.0,0.0,0.0,52.0,0.0,0.0,0.0,0.7071067811865476,0.7071067811865476,0.0,0.0,0.0,0.0,72.0,0.0,0.0,0.0,10.8,62.0,383.0,0.0,1.0,0.0,1.0,0.0,1.0,51.0,0.0,0.0,1.0,0.0,1.0,0.0,1.0,130.0,4.0,0,24,0,0,4,4.0,0,0.0
common_7,F47_130_to_127,failure,F47_130_04,4,9.7,66.0,383.0,0.0,0.0,0.0,100.0,0.0,0.0,0.0,0.8660254037844386,0.5000000000000001,0.0,0.0,0.0,0.0,72.0,0.0,0.0,0.0,10.8,62.0,383.0,0.0,1.0,0.0,1.0,0.0,1.0,60.8,0.0,0.0,1.0,0.0,1.0,0.0,1.0,130.0,5.0,0,24,0,0,5,5.0,0,0.0
common_7,F47_130_to_127,failure,F47_130_05,5,8.8,70.0,386.0,0.0,0.0,0.0,100.0,0.0,0.0,0.0,0.9659258262890683,0.25881904510252074,0.0,0.0,0.0,0.0,72.0,0.0,0.0,0.0,10.8,62.0,383.0,0.0,1.0,0.0,1.0,0.0,1.0,67.33333333333333,0.0,0.0,1.0,0.0,1.0,0.0,1.0,130.0,6.0,0,24,0,0,6,6.0,0,0.0
common_7,F47_130_to_127,failure,F47_130_06,6,9.4,73.0,386.0,0.0,0.0,0.0,100.0,0.0,0.0,0.0,1.0,6.123233995736766e-17,0.0,0.0,0.0,0.0,72.0,0.0,0.0,0.0,10.8,62.0,383.0,0.0,1.0,0.0,1.0,0.0,1.0,72.0,0.0,0.0,1.0,0.0,1.0,0.0,1.0,130.0,7.0,0,24,0,0,7,7.0,0,0.0
common_7,F47_130_to_127,failure,F47_130_07,7,9.8,77.0,403.0,0.0,16.0,0.0,62.0,0.0,7.0,0.0,0.9659258262890683,-0.25881904510252063,0.0,0.0,0.0,0.0,72.0,0.0,0.0,0.0,10.8,62.0,383.0,0.0,1.0,2.0,0.875,0.0,1.0,70.75,0.0,0.0,1.0,0.875,0.875,0.0,1.0,130.0,8.0,0,24,0,1,0,8.0,1,0.0
common_7,F47_130_to_127,failure,F47_130_08,8,10.0,79.0,417.0,0.0,100.0,0.0,0.0,0.0,0.0,0.0,0.8660254037844387,-0.4999999999999998,0.0,0.0,0.0,0.0,72.0,0.0,0.0,0.0,10.8,62.0,383.0,0.0,1.0,12.88888888888889,0.7777777777777778,0.0,1.0,62.888888888888886,0.1111111111111111,0.0,1.0,0.7777777777777778,0.8888888888888888,0.0,1.0,130.0,9.0,0,24,0,1,1,0.0,1,0.0
common_7,F47_130_to_127,failure,F47_130_09,9,10.9,79.0,413.0,0.0,100.0,0.0,0.0,0.0,27.0,0.0,0.7071067811865476,-0.7071067811865475,0.0,0.0,0.0,0.0,72.0,0.0,0.0,0.0,10.8,62.0,383.0,0.0,1.0,21.6,0.7,0.0,1.0,56.6,0.2,0.0,1.0,3.4,0.8,0.0,1.0,130.0,10.0,0,24,0,1,2,0.0,2,0.0
common_7,F47_130_to_127,failure,F47_130_10,10,12.4,76.0,700.0,0.0,100.0,42.0,0.0,0.0,33.0,0.0,0.49999999999999994,-0.8660254037844387,0.0,0.0,0.0,0.0,72.0,0.0,0.0,0.0,10.8,62.0,383.0,0.0,1.0,28.727272727272727,0.6363636363636364,3.8181818181818183,0.9090909090909091,51.45454545454545,0.2727272727272727,0.0,1.0,6.090909090909091,0.7272727272727273,0.0,1.0,130.0,11.0,0,24,1,1,0,0.0,3,0.0
common_7,F47_130_to_127,failure,F47_130_11,11,19.6,58.0,609.0,0.0,100.0,100.0,0.0,0.0,0.0,0.0,0.258819045102521,-0.9659258262890682,0.0,0.0,0.0,0.0,72.0,0.0,0.0,0.0,10.8,62.0,383.0,0.0,1.0,34.666666666666664,0.5833333333333334,11.833333333333334,0.8333333333333334,47.166666666666664,0.3333333333333333,0.0,1.0,5.583333333333333,0.75,0.0,1.0,130.0,12.0,0,24,1,1,1,0.0,3,0.0
common_7,F47_130_to_127,failure,F47_130_12,12,25.1,49.0,459.0,13.0,100.0,100.0,0.0,0.0,0.0,0.0,1.2246467991473532e-16,-1.0,0.0,0.0,0.0,0.0,72.0,0.0,0.0,0.0,10.8,62.0,383.0,1.0,0.9230769230769231,39.69230769230769,0.5384615384615384,18.615384615384617,0.7692307692307693,43.53846153846154,0.38461538461538464,0.0,1.0,5.153846153846154,0.7692307692307693,0.0,1.0,130.0,0.0,1,12,1,1,2,0.0,3,13.0
common_7,F47_130_to_127,failure,F47_130_13,13,23.1,47.0,417.0,73.0,100.0,100.0,0.0,0.0,73.0,2.0,-0.2588190451025208,-0.9659258262890683,0.0,0.0,0.0,0.0,72.0,0.0,0.0,0.0,10.8,62.0,383.0,6.142857142857143,0.8571428571428571,44.0,0.5,24.428571428571427,0.7142857142857143,40.42857142857143,0.42857142857142855,0.0,1.0,10.0,0.7142857142857143,0.14285714285714285,0.9285714285714286,130.0,0.0,2,12,1,1,3,0.0,4,73.0
common_7,F47_130_to_127,failure,F47_130_14,14,22.5,48.0,395.0,45.0,100.0,100.0,0.0,0.0,20.0,0.0,-0.4999999999999997,-0.8660254037844388,0.0,0.0,0.0,0.0,72.0,0.0,0.0,0.0,10.8,62.0,383.0,8.733333333333333,0.8,47.733333333333334,0.4666666666666667,29.466666666666665,0.6666666666666666,37.733333333333334,0.4666666666666667,0.0,1.0,10.666666666666666,0.6666666666666666,0.13333333333333333,0.9333333333333333,130.0,0.0,3,12,1,1,4,0.0,5,73.0
common_7,F47_130_to_127,failure,F47_130_15,15,23.9,46.0,351.0,0.0,100.0,100.0,0.0,0.0,0.0,0.0,-0.7071067811865471,-0.7071067811865479,0.0,0.0,0.0,0.0,72.0,0.0,0.0,0.0,10.8,62.0,383.0,8.1875,0.8125,51.0,0.4375,33.875,0.625,35.375,0.5,0.0,1.0,10.0,0.6875,0.125,0.9375,130.0,1.0,3,12,1,1,5,0.0,5,73.0
common_7,F47_130_to_127,failure,F47_130_16,16,21.0,55.0,340.0,0.0,100.0,100.0,0.0,0.0,0.0,0.0,-0.8660254037844385,-0.5000000000000004,0.0,0.0,0.0,0.0,72.0,0.0,0.0,0.0,10.8,62.0,383.0,7.705882352941177,0.8235294117647058,53.88235294117647,0.4117647058823529,37.76470588235294,0.5882352941176471,33.294117647058826,0.5294117647058824,0.0,1.0,9.411764705882353,0.7058823529411765,0.11764705882352941,0.9411764705882353,130.0,2.0,3,12,1,1,6,0.0,5,73.0
common_7,F47_130_to_127,failure,F47_130_17,17,15.7,72.0,344.0,0.0,100.0,66.0,0.0,0.0,0.0,0.0,-0.9659258262890683,-0.25881904510252063,0.0,0.0,0.0,0.0,72.0,0.0,0.0,0.0,10.8,62.0,383.0,7.277777777777778,0.8333333333333334,56.44444444444444,0.3888888888888889,39.333333333333336,0.5555555555555556,31.444444444444443,0.5555555555555556,0.0,1.0,8.88888888888889,0.7222222222222222,0.1111111111111111,0.9444444444444444,130.0,3.0,3,12,1,1,7,0.0,5,73.0
common_7,F47_130_to_127,failure,F47_130_18,18,13.6,78.0,350.0,0.0,100.0,0.0,0.0,0.0,0.0,0.0,-1.0,-1.8369701987210297e-16,0.0,0.0,0.0,0.0,72.0,0.0,0.0,0.0,10.8,62.0,383.0,6.894736842105263,0.8421052631578947,58.73684210526316,0.3684210526315789,37.26315789473684,0.5789473684210527,29.789473684210527,0.5789473684210527,0.0,1.0,8.421052631578947,0.7368421052631579,0.10526315789473684,0.9473684210526315,130.0,4.0,3,12,2,1,0,0.0,5,73.0
common_7,F47_130_to_127,failure,F47_130_19,19,12.2,81.0,359.0,0.0,100.0,0.0,0.0,0.0,0.0,0.0,-0.9659258262890684,0.2588190451025203,0.0,0.0,0.0,0.0,72.0,0.0,0.0,0.0,10.8,62.0,383.0,6.55,0.85,60.8,0.35,35.4,0.6,28.3,0.6,0.0,1.0,8.0,0.75,0.1,0.95,130.0,5.0,3,12,2,1,1,0.0,5,73.0
common_7,F47_130_to_127,failure,F47_130_20,20,11.4,84.0,369.0,0.0,73.0,0.0,0.0,0.0,0.0,0.0,-0.8660254037844386,0.5000000000000001,0.0,0.0,0.0,0.0,72.0,0.0,0.0,0.0,10.8,62.0,383.0,6.238095238095238,0.8571428571428571,61.38095238095238,0.3333333333333333,33.714285714285715,0.6190476190476191,26.952380952380953,0.6190476190476191,0.0,1.0,7.619047619047619,0.7619047619047619,0.09523809523809523,0.9523809523809523,130.0,6.0,3,12,2,1,2,0.0,5,73.0
common_7,F47_130_to_127,failure,F47_130_21,21,11.0,86.0,381.0,0.0,0.0,0.0,0.0,0.0,0.0,0.0,-0.7071067811865477,0.7071067811865474,0.0,0.0,0.0,0.0,72.0,0.0,0.0,0.0,10.8,62.0,383.0,5.954545454545454,0.8636363636363636,58.59090909090909,0.36363636363636365,32.18181818181818,0.6363636363636364,25.727272727272727,0.6363636363636364,0.0,1.0,7.2727272727272725,0.7727272727272727,0.09090909090909091,0.9545454545454546,130.0,7.0,3,12,2,2,0,0.0,5,73.0
common_7,F47_130_to_127,failure,F47_130_22,22,10.5,86.0,388.0,0.0,0.0,0.0,0.0,0.0,0.0,0.0,-0.5000000000000004,0.8660254037844384,0.0,0.0,0.0,0.0,72.0,0.0,0.0,0.0,10.8,62.0,383.0,5.695652173913044,0.8695652173913043,56.04347826086956,0.391304347826087,30.782608695652176,0.6521739130434783,24.608695652173914,0.6521739130434783,0.0,1.0,6.956521739130435,0.782608695652174,0.08695652173913043,0.9565217391304348,130.0,8.0,3,12,2,2,1,0.0,5,73.0
common_7,F47_130_to_127,failure,F47_130_23,23,10.1,86.0,397.0,0.0,0.0,0.0,0.0,0.0,0.0,0.0,-0.25881904510252157,0.9659258262890681,0.0,0.0,0.0,0.0,72.0,0.0,0.0,0.0,10.8,62.0,383.0,5.458333333333333,0.875,53.708333333333336,0.4166666666666667,29.5,0.6666666666666666,23.583333333333332,0.6666666666666666,0.0,1.0,6.666666666666667,0.7916666666666666,0.08333333333333333,0.9583333333333334,130.0,9.0,3,12,2,2,2,0.0,5,73.0
common_7,F13_231_to_232,control,F13_232_00,0,10.1,80.0,345.0,0.0,0.0,0.0,0.0,45.0,0.0,0.0,0.0,1.0,1.0,0.0,0.0,0.0,0.0,45.0,0.0,0.0,10.1,80.0,345.0,0.0,1.0,0.0,1.0,0.0,1.0,0.0,1.0,45.0,0.0,0.0,1.0,0.0,1.0,140.24137931034483,1.0,0,24,0,0,1,0.0,0,0.0
common_7,F13_231_to_232,control,F13_232_01,1,10.6,80.0,349.0,0.0,0.0,0.0,0.0,40.0,0.0,0.0,0.25881904510252074,0.9659258262890683,0.0,0.0,0.0,0.0,0.0,45.0,0.0,0.0,10.1,80.0,345.0,0.0,1.0,0.0,1.0,0.0,1.0,0.0,1.0,42.5,0.0,0.0,1.0,0.0,1.0,140.24137931034483,2.0,0,24,0,0,2,0.0,0,0.0
common_7,F13_231_to_232,control,F13_232_02,2,10.1,81.0,349.0,0.0,0.0,0.0,17.0,45.0,0.0,0.0,0.49999999999999994,0.8660254037844387,0.0,0.0,0.0,0.0,0.0,45.0,0.0,0.0,10.1,80.0,345.0,0.0,1.0,0.0,1.0,0.0,1.0,5.666666666666667,0.6666666666666666,43.333333333333336,0.0,0.0,1.0,0.0,1.0,140.24137931034483,3.0,0,24,0,0,3,1.0,0,0.0
common_7,F13_231_to_232,control,F13_232_03,3,10.3,80.0,350.0,0.0,0.0,0.0,0.0,43.0,0.0,0.0,0.7071067811865476,0.7071067811865476,0.0,0.0,0.0,0.0,0.0,45.0,0.0,0.0,10.1,80.0,345.0,0.0,1.0,0.0,1.0,0.0,1.0,4.25,0.75,43.25,0.0,0.0,1.0,0.0,1.0,140.24137931034483,4.0,0,24,0,0,4,0.0,0,0.0
common_7,F13_231_to_232,control,F13_232_04,4,10.1,80.0,351.0,0.0,0.0,0.0,0.0,40.0,0.0,0.0,0.8660254037844386,0.5000000000000001,0.0,0.0,0.0,0.0,0.0,45.0,0.0,0.0,10.1,80.0,345.0,0.0,1.0,0.0,1.0,0.0,1.0,3.4,0.8,42.6,0.0,0.0,1.0,0.0,1.0,140.24137931034483,5.0,0,24,0,0,5,0.0,0,0.0
common_7,F13_231_to_232,control,F13_232_05,5,10.0,80.0,352.0,0.0,0.0,0.0,33.0,40.0,0.0,0.0,0.9659258262890683,0.25881904510252074,0.0,0.0,0.0,0.0,0.0,45.0,0.0,0.0,10.1,80.0,345.0,0.0,1.0,0.0,1.0,0.0,1.0,8.333333333333334,0.6666666666666666,42.166666666666664,0.0,0.0,1.0,0.0,1.0,140.24137931034483,6.0,0,24,0,0,6,1.0,0,0.0
common_7,F13_231_to_232,control,F13_232_06,6,10.4,80.0,353.0,0.0,0.0,0.0,0.0,45.0,0.0,0.0,1.0,6.123233995736766e-17,0.0,0.0,0.0,0.0,0.0,45.0,0.0,0.0,10.1,80.0,345.0,0.0,1.0,0.0,1.0,0.0,1.0,7.142857142857143,0.7142857142857143,42.57142857142857,0.0,0.0,1.0,0.0,1.0,140.24137931034483,7.0,0,24,0,0,7,0.0,0,0.0
common_7,F13_231_to_232,control,F13_232_07,7,10.0,81.0,351.0,0.0,0.0,0.0,33.0,42.0,0.0,0.0,0.9659258262890683,-0.25881904510252063,0.0,0.0,0.0,0.0,0.0,45.0,0.0,0.0,10.1,80.0,345.0,0.0,1.0,0.0,1.0,0.0,1.0,10.375,0.625,42.5,0.0,0.0,1.0,0.0,1.0,140.24137931034483,8.0,0,24,0,0,8,1.0,0,0.0
common_7,F13_231_to_232,control,F13_232_08,8,10.4,80.0,353.0,0.0,0.0,1.0,3.0,45.0,0.0,0.0,0.8660254037844387,-0.4999999999999998,0.0,0.0,0.0,0.0,0.0,45.0,0.0,0.0,10.1,80.0,345.0,0.0,1.0,0.0,1.0,0.1111111111111111,0.8888888888888888,9.555555555555555,0.5555555555555556,42.77777777777778,0.0,0.0,1.0,0.0,1.0,140.24137931034483,9.0,0,24,1,0,0,2.0,0,0.0
common_7,F13_231_to_232,control,F13_232_09,9,10.6,82.0,350.0,0.0,47.0,96.0,47.0,43.0,0.0,0.0,0.7071067811865476,-0.7071067811865475,0.0,0.0,0.0,0.0,0.0,45.0,0.0,0.0,10.1,80.0,345.0,0.0,1.0,4.7,0.9,9.7,0.8,13.3,0.5,42.8,0.0,0.0,1.0,0.0,1.0,140.24137931034483,10.0,0,24,1,1,0,3.0,0,0.0
common_7,F13_231_to_232,control,F13_232_10,10,14.3,76.0,339.0,10.0,100.0,100.0,0.0,42.0,53.0,0.0,0.49999999999999994,-0.8660254037844387,0.0,0.0,0.0,0.0,0.0,45.0,0.0,0.0,10.1,80.0,345.0,0.9090909090909091,0.9090909090909091,13.363636363636363,0.8181818181818182,17.90909090909091,0.7272727272727273,12.090909090909092,0.5454545454545454,42.72727272727273,0.0,4.818181818181818,0.9090909090909091,0.0,1.0,140.24137931034483,0.0,1,10,1,1,1,0.0,1,10.0
common_7,F13_231_to_232,control,F13_232_11,11,16.0,73.0,323.0,10.0,100.0,100.0,0.0,43.0,62.0,0.0,0.258819045102521,-0.9659258262890682,0.0,0.0,0.0,0.0,0.0,45.0,0.0,0.0,10.1,80.0,345.0,1.6666666666666667,0.8333333333333334,20.583333333333332,0.75,24.75,0.6666666666666666,11.083333333333334,0.5833333333333334,42.75,0.0,9.583333333333334,0.8333333333333334,0.0,1.0,140.24137931034483,0.0,2,10,1,1,2,0.0,2,10.0
common_7,F13_231_to_232,control,F13_232_12,12,19.3,65.0,310.0,10.0,100.0,100.0,0.0,43.0,62.0,0.0,1.2246467991473532e-16,-1.0,0.0,0.0,0.0,0.0,0.0,45.0,0.0,0.0,10.1,80.0,345.0,2.3076923076923075,0.7692307692307693,26.692307692307693,0.6923076923076923,30.53846153846154,0.6153846153846154,10.23076923076923,0.6153846153846154,42.76923076923077,0.0,13.615384615384615,0.7692307692307693,0.0,1.0,140.24137931034483,0.0,3,10,1,1,3,0.0,3,10.0
common_7,F13_231_to_232,control,F13_232_13,13,21.7,62.0,302.0,10.0,100.0,100.0,0.0,43.0,60.0,7.0,-0.2588190451025208,-0.9659258262890683,0.0,0.0,0.0,0.0,0.0,45.0,0.0,0.0,10.1,80.0,345.0,2.857142857142857,0.7142857142857143,31.928571428571427,0.6428571428571429,35.5,0.5714285714285714,9.5,0.6428571428571429,42.785714285714285,0.0,16.928571428571427,0.7142857142857143,0.5,0.9285714285714286,140.24137931034483,0.0,4,10,1,1,4,0.0,4,10.0
common_7,F13_231_to_232,control,F13_232_14,14,19.8,62.0,301.0,9.0,100.0,100.0,0.0,45.0,2.0,0.0,-0.4999999999999997,-0.8660254037844388,0.0,0.0,0.0,0.0,0.0,45.0,0.0,0.0,10.1,80.0,345.0,3.2666666666666666,0.6666666666666666,36.46666666666667,0.6,39.8,0.5333333333333333,8.866666666666667,0.6666666666666666,42.93333333333333,0.0,15.933333333333334,0.6666666666666666,0.4666666666666667,0.9333333333333333,140.24137931034483,0.0,5,10,1,1,5,0.0,5,10.0
common_7,F13_231_to_232,control,F13_232_15,15,17.2,66.0,300.0,8.0,100.0,100.0,0.0,42.0,0.0,0.0,-0.7071067811865471,-0.7071067811865479,0.0,0.0,0.0,0.0,0.0,45.0,0.0,0.0,10.1,80.0,345.0,3.5625,0.625,40.4375,0.5625,43.5625,0.5,8.3125,0.6875,42.875,0.0,14.9375,0.6875,0.4375,0.9375,140.24137931034483,0.0,6,10,1,1,6,0.0,5,10.0
common_7,F13_231_to_232,control,F13_232_16,16,14.2,73.0,304.0,8.0,78.0,78.0,28.0,50.0,0.0,0.0,-0.8660254037844385,-0.5000000000000004,0.0,0.0,0.0,0.0,0.0,45.0,0.0,0.0,10.1,80.0,345.0,3.823529411764706,0.5882352941176471,42.64705882352941,0.5294117647058824,45.588235294117645,0.47058823529411764,9.470588235294118,0.6470588235294118,43.294117647058826,0.0,14.058823529411764,0.7058823529411765,0.4117647058823529,0.9411764705882353,140.24137931034483,0.0,7,10,1,1,7,1.0,5,10.0
common_7,F13_231_to_232,control,F13_232_17,17,12.7,77.0,312.0,3.0,0.0,0.0,47.0,40.0,0.0,0.0,-0.9659258262890683,-0.25881904510252063,0.0,0.0,0.0,0.0,0.0,45.0,0.0,0.0,10.1,80.0,345.0,3.7777777777777777,0.5555555555555556,40.27777777777778,0.5555555555555556,43.05555555555556,0.5,11.555555555555555,0.6111111111111112,43.111111111111114,0.0,13.277777777777779,0.7222222222222222,0.3888888888888889,0.9444444444444444,140.24137931034483,0.0,8,10,2,2,0,2.0,5,10.0
common_7,F13_231_to_232,control,F13_232_18,18,11.4,81.0,317.0,7.0,0.0,0.0,0.0,45.0,0.0,0.0,-1.0,-1.8369701987210297e-16,0.0,0.0,0.0,0.0,0.0,45.0,0.0,0.0,10.1,80.0,345.0,3.9473684210526314,0.5263157894736842,38.1578947368421,0.5789473684210527,40.78947368421053,0.5263157894736842,10.947368421052632,0.631578947368421,43.21052631578947,0.0,12.578947368421053,0.7368421052631579,0.3684210526315789,0.9473684210526315,140.24137931034483,0.0,9,10,2,2,1,0.0,5,10.0
common_7,F13_231_to_232,control,F13_232_19,19,10.9,83.0,322.0,2.0,0.0,0.0,0.0,22.0,0.0,0.0,-0.9659258262890684,0.2588190451025203,0.0,0.0,0.0,0.0,0.0,45.0,0.0,0.0,10.1,80.0,345.0,3.85,0.5,36.25,0.6,38.75,0.55,10.4,0.65,42.15,0.0,11.95,0.75,0.35,0.95,140.24137931034483,0.0,10,10,2,2,2,0.0,5,10.0
common_7,F13_231_to_232,control,F13_232_20,20,10.6,84.0,326.0,2.0,0.0,0.0,0.0,47.0,0.0,0.0,-0.8660254037844386,0.5000000000000001,0.0,0.0,0.0,0.0,0.0,45.0,0.0,0.0,10.1,80.0,345.0,3.761904761904762,0.47619047619047616,34.523809523809526,0.6190476190476191,36.904761904761905,0.5714285714285714,9.904761904761905,0.6666666666666666,42.38095238095238,0.0,11.380952380952381,0.7619047619047619,0.3333333333333333,0.9523809523809523,140.24137931034483,0.0,11,10,2,2,3,0.0,5,10.0
common_7,F13_231_to_232,control,F13_232_21,21,9.7,83.0,331.0,4.0,0.0,0.0,78.0,43.0,0.0,0.0,-0.7071067811865477,0.7071067811865474,0.0,0.0,0.0,0.0,0.0,45.0,0.0,0.0,10.1,80.0,345.0,3.772727272727273,0.45454545454545453,32.95454545454545,0.6363636363636364,35.22727272727273,0.5909090909090909,13.0,0.6363636363636364,42.40909090909091,0.0,10.863636363636363,0.7727272727272727,0.3181818181818182,0.9545454545454546,140.24137931034483,0.0,12,10,2,2,4,1.0,5,10.0
common_7,F13_231_to_232,control,F13_232_22,22,10.0,84.0,333.0,4.0,0.0,0.0,38.0,40.0,0.0,0.0,-0.5000000000000004,0.8660254037844384,0.0,0.0,0.0,0.0,0.0,45.0,0.0,0.0,10.1,80.0,345.0,3.782608695652174,0.43478260869565216,31.52173913043478,0.6521739130434783,33.69565217391305,0.6086956521739131,14.08695652173913,0.6086956521739131,42.30434782608695,0.0,10.391304347826088,0.782608695652174,0.30434782608695654,0.9565217391304348,140.24137931034483,0.0,13,10,2,2,5,2.0,5,10.0
common_7,F13_231_to_232,control,F13_232_23,23,9.2,84.0,334.0,4.0,0.0,0.0,37.0,43.0,0.0,0.0,-0.25881904510252157,0.9659258262890681,0.0,0.0,0.0,0.0,0.0,45.0,0.0,0.0,10.1,80.0,345.0,3.7916666666666665,0.4166666666666667,30.208333333333332,0.6666666666666666,32.291666666666664,0.625,15.041666666666666,0.5833333333333334,42.333333333333336,0.0,9.958333333333334,0.7916666666666666,0.2916666666666667,0.9583333333333334,140.24137931034483,0.0,14,10,2,2,6,3.0,5,10.0
common_7,F13_231_to_232,failure,F13_231_00,0,10.0,82.0,353.0,0.0,0.0,0.0,0.0,0.0,0.0,0.0,0.0,1.0,1.0,0.0,0.0,0.0,0.0,0.0,0.0,0.0,10.0,82.0,353.0,0.0,1.0,0.0,1.0,0.0,1.0,0.0,1.0,0.0,1.0,0.0,1.0,0.0,1.0,139.17241379310346,1.0,0,24,0,0,1,0.0,0,0.0
common_7,F13_231_to_232,failure,F13_231_01,1,10.3,81.0,354.0,0.0,13.0,0.0,0.0,0.0,0.0,0.0,0.25881904510252074,0.9659258262890683,0.0,0.0,0.0,0.0,0.0,0.0,0.0,0.0,10.0,82.0,353.0,0.0,1.0,6.5,0.5,0.0,1.0,0.0,1.0,0.0,1.0,0.0,1.0,0.0,1.0,139.17241379310346,2.0,0,24,0,1,0,0.0,0,0.0
common_7,F13_231_to_232,failure,F13_231_02,2,9.9,83.0,356.0,0.0,0.0,0.0,0.0,0.0,0.0,0.0,0.49999999999999994,0.8660254037844387,0.0,0.0,0.0,0.0,0.0,0.0,0.0,0.0,10.0,82.0,353.0,0.0,1.0,4.333333333333333,0.6666666666666666,0.0,1.0,0.0,1.0,0.0,1.0,0.0,1.0,0.0,1.0,139.17241379310346,3.0,0,24,0,2,0,0.0,0,0.0
common_7,F13_231_to_232,failure,F13_231_03,3,10.1,82.0,357.0,0.0,0.0,0.0,0.0,0.0,0.0,0.0,0.7071067811865476,0.7071067811865476,0.0,0.0,0.0,0.0,0.0,0.0,0.0,0.0,10.0,82.0,353.0,0.0,1.0,3.25,0.75,0.0,1.0,0.0,1.0,0.0,1.0,0.0,1.0,0.0,1.0,139.17241379310346,4.0,0,24,0,2,1,0.0,0,0.0
common_7,F13_231_to_232,failure,F13_231_04,4,9.9,82.0,358.0,0.0,0.0,0.0,0.0,0.0,0.0,0.0,0.8660254037844386,0.5000000000000001,0.0,0.0,0.0,0.0,0.0,0.0,0.0,0.0,10.0,82.0,353.0,0.0,1.0,2.6,0.8,0.0,1.0,0.0,1.0,0.0,1.0,0.0,1.0,0.0,1.0,139.17241379310346,5.0,0,24,0,2,2,0.0,0,0.0
common_7,F13_231_to_232,failure,F13_231_05,5,9.7,83.0,359.0,0.0,7.0,0.0,0.0,0.0,0.0,0.0,0.9659258262890683,0.25881904510252074,0.0,0.0,0.0,0.0,0.0,0.0,0.0,0.0,10.0,82.0,353.0,0.0,1.0,3.3333333333333335,0.6666666666666666,0.0,1.0,0.0,1.0,0.0,1.0,0.0,1.0,0.0,1.0,139.17241379310346,6.0,0,24,0,3,0,0.0,0,0.0
common_7,F13_231_to_232,failure,F13_231_06,6,10.2,82.0,359.0,0.0,1.0,0.0,0.0,0.0,0.0,0.0,1.0,6.123233995736766e-17,0.0,0.0,0.0,0.0,0.0,0.0,0.0,0.0,10.0,82.0,353.0,0.0,1.0,3.0,0.5714285714285714,0.0,1.0,0.0,1.0,0.0,1.0,0.0,1.0,0.0,1.0,139.17241379310346,7.0,0,24,0,3,1,0.0,0,0.0
common_7,F13_231_to_232,failure,F13_231_07,7,9.8,83.0,359.0,0.0,22.0,0.0,0.0,0.0,30.0,0.0,0.9659258262890683,-0.25881904510252063,0.0,0.0,0.0,0.0,0.0,0.0,0.0,0.0,10.0,82.0,353.0,0.0,1.0,5.375,0.5,0.0,1.0,0.0,1.0,0.0,1.0,3.75,0.875,0.0,1.0,139.17241379310346,8.0,0,24,0,3,2,0.0,1,0.0
common_7,F13_231_to_232,failure,F13_231_08,8,10.1,82.0,359.0,0.0,100.0,0.0,0.0,0.0,100.0,0.0,0.8660254037844387,-0.4999999999999998,0.0,0.0,0.0,0.0,0.0,0.0,0.0,0.0,10.0,82.0,353.0,0.0,1.0,15.88888888888889,0.4444444444444444,0.0,1.0,0.0,1.0,0.0,1.0,14.444444444444445,0.7777777777777778,0.0,1.0,139.17241379310346,9.0,0,24,0,3,3,0.0,2,0.0
common_7,F13_231_to_232,failure,F13_231_09,9,10.7,83.0,359.0,0.0,100.0,0.0,0.0,0.0,100.0,0.0,0.7071067811865476,-0.7071067811865475,0.0,0.0,0.0,0.0,0.0,0.0,0.0,0.0,10.0,82.0,353.0,0.0,1.0,24.3,0.4,0.0,1.0,0.0,1.0,0.0,1.0,23.0,0.7,0.0,1.0,139.17241379310346,10.0,0,24,0,3,4,0.0,3,0.0
common_7,F13_231_to_232,failure,F13_231_10,10,13.9,77.0,353.0,0.0,100.0,69.0,0.0,0.0,100.0,0.0,0.49999999999999994,-0.8660254037844387,0.0,0.0,0.0,0.0,0.0,0.0,0.0,0.0,10.0,82.0,353.0,0.0,1.0,31.181818181818183,0.36363636363636365,6.2727272727272725,0.9090909090909091,0.0,1.0,0.0,1.0,30.0,0.6363636363636364,0.0,1.0,139.17241379310346,11.0,0,24,1,3,0,0.0,4,0.0
common_7,F13_231_to_232,failure,F13_231_11,11,17.2,72.0,341.0,0.0,100.0,100.0,0.0,0.0,100.0,0.0,0.258819045102521,-0.9659258262890682,0.0,0.0,0.0,0.0,0.0,0.0,0.0,0.0,10.0,82.0,353.0,0.0,1.0,36.916666666666664,0.3333333333333333,14.083333333333334,0.8333333333333334,0.0,1.0,0.0,1.0,35.833333333333336,0.5833333333333334,0.0,1.0,139.17241379310346,12.0,0,24,1,3,1,0.0,5,0.0
common_7,F13_231_to_232,failure,F13_231_12,12,21.3,66.0,327.0,0.0,100.0,100.0,0.0,0.0,100.0,0.0,1.2246467991473532e-16,-1.0,0.0,0.0,0.0,0.0,0.0,0.0,0.0,0.0,10.0,82.0,353.0,0.0,1.0,41.76923076923077,0.3076923076923077,20.692307692307693,0.7692307692307693,0.0,1.0,0.0,1.0,40.76923076923077,0.5384615384615384,0.0,1.0,139.17241379310346,13.0,0,24,1,3,2,0.0,6,0.0
common_7,F13_231_to_232,failure,F13_231_13,13,23.4,53.0,321.0,14.0,100.0,100.0,0.0,0.0,100.0,0.0,-0.2588190451025208,-0.9659258262890683,0.0,0.0,0.0,0.0,0.0,0.0,0.0,0.0,10.0,82.0,353.0,1.0,0.9285714285714286,45.92857142857143,0.2857142857142857,26.357142857142858,0.7142857142857143,0.0,1.0,0.0,1.0,45.0,0.5,0.0,1.0,139.17241379310346,0.0,1,13,1,3,3,0.0,7,14.0
common_7,F13_231_to_232,failure,F13_231_14,14,19.7,51.0,319.0,9.0,100.0,100.0,0.0,0.0,100.0,0.0,-0.4999999999999997,-0.8660254037844388,0.0,0.0,0.0,0.0,0.0,0.0,0.0,0.0,10.0,82.0,353.0,1.5333333333333334,0.8666666666666667,49.53333333333333,0.26666666666666666,31.266666666666666,0.6666666666666666,0.0,1.0,0.0,1.0,48.666666666666664,0.4666666666666667,0.0,1.0,139.17241379310346,0.0,2,13,1,3,4,0.0,8,14.0
common_7,F13_231_to_232,failure,F13_231_15,15,18.2,57.0,318.0,0.0,100.0,100.0,0.0,0.0,100.0,0.0,-0.7071067811865471,-0.7071067811865479,0.0,0.0,0.0,0.0,0.0,0.0,0.0,0.0,10.0,82.0,353.0,1.4375,0.875,52.6875,0.25,35.5625,0.625,0.0,1.0,0.0,1.0,51.875,0.4375,0.0,1.0,139.17241379310346,1.0,2,13,1,3,5,0.0,9,14.0
common_7,F13_231_to_232,failure,F13_231_16,16,14.9,68.0,323.0,0.0,100.0,100.0,0.0,0.0,23.0,0.0,-0.8660254037844385,-0.5000000000000004,0.0,0.0,0.0,0.0,0.0,0.0,0.0,0.0,10.0,82.0,353.0,1.3529411764705883,0.8823529411764706,55.470588235294116,0.23529411764705882,39.35294117647059,0.5882352941176471,0.0,1.0,0.0,1.0,50.1764705882353,0.4117647058823529,0.0,1.0,139.17241379310346,2.0,2,13,1,3,6,0.0,10,14.0
common_7,F13_231_to_232,failure,F13_231_17,17,11.9,79.0,328.0,0.0,100.0,51.0,0.0,0.0,0.0,0.0,-0.9659258262890683,-0.25881904510252063,0.0,0.0,0.0,0.0,0.0,0.0,0.0,0.0,10.0,82.0,353.0,1.2777777777777777,0.8888888888888888,57.94444444444444,0.2222222222222222,40.0,0.5555555555555556,0.0,1.0,0.0,1.0,47.388888888888886,0.4444444444444444,0.0,1.0,139.17241379310346,3.0,2,13,1,3,7,0.0,10,14.0
common_7,F13_231_to_232,failure,F13_231_18,18,11.2,81.0,333.0,0.0,100.0,0.0,0.0,0.0,0.0,0.0,-1.0,-1.8369701987210297e-16,0.0,0.0,0.0,0.0,0.0,0.0,0.0,0.0,10.0,82.0,353.0,1.2105263157894737,0.8947368421052632,60.1578947368421,0.21052631578947367,37.89473684210526,0.5789473684210527,0.0,1.0,0.0,1.0,44.89473684210526,0.47368421052631576,0.0,1.0,139.17241379310346,4.0,2,13,2,3,0,0.0,10,14.0
common_7,F13_231_to_232,failure,F13_231_19,19,10.7,84.0,338.0,0.0,100.0,0.0,0.0,0.0,0.0,0.0,-0.9659258262890684,0.2588190451025203,0.0,0.0,0.0,0.0,0.0,0.0,0.0,0.0,10.0,82.0,353.0,1.15,0.9,62.15,0.2,36.0,0.6,0.0,1.0,0.0,1.0,42.65,0.5,0.0,1.0,139.17241379310346,5.0,2,13,2,3,1,0.0,10,14.0
common_7,F13_231_to_232,failure,F13_231_20,20,10.2,87.0,340.0,0.0,56.0,0.0,0.0,0.0,0.0,0.0,-0.8660254037844386,0.5000000000000001,0.0,0.0,0.0,0.0,0.0,0.0,0.0,0.0,10.0,82.0,353.0,1.0952380952380953,0.9047619047619048,61.857142857142854,0.19047619047619047,34.285714285714285,0.6190476190476191,0.0,1.0,0.0,1.0,40.61904761904762,0.5238095238095238,0.0,1.0,139.17241379310346,6.0,2,13,2,3,2,0.0,10,14.0
common_7,F13_231_to_232,failure,F13_231_21,21,9.2,86.0,346.0,0.0,0.0,0.0,0.0,0.0,0.0,0.0,-0.7071067811865477,0.7071067811865474,0.0,0.0,0.0,0.0,0.0,0.0,0.0,0.0,10.0,82.0,353.0,1.0454545454545454,0.9090909090909091,59.04545454545455,0.22727272727272727,32.72727272727273,0.6363636363636364,0.0,1.0,0.0,1.0,38.77272727272727,0.5454545454545454,0.0,1.0,139.17241379310346,7.0,2,13,2,4,0,0.0,10,14.0
common_7,F13_231_to_232,failure,F13_231_22,22,9.4,88.0,347.0,0.0,0.0,0.0,0.0,0.0,0.0,0.0,-0.5000000000000004,0.8660254037844384,0.0,0.0,0.0,0.0,0.0,0.0,0.0,0.0,10.0,82.0,353.0,1.0,0.9130434782608695,56.47826086956522,0.2608695652173913,31.304347826086957,0.6521739130434783,0.0,1.0,0.0,1.0,37.08695652173913,0.5652173913043478,0.0,1.0,139.17241379310346,8.0,2,13,2,4,1,0.0,10,14.0
common_7,F13_231_to_232,failure,F13_231_23,23,8.7,88.0,349.0,0.0,0.0,0.0,0.0,0.0,0.0,0.0,-0.25881904510252157,0.9659258262890681,0.0,0.0,0.0,0.0,0.0,0.0,0.0,0.0,10.0,82.0,353.0,0.9583333333333334,0.9166666666666666,54.125,0.2916666666666667,30.0,0.6666666666666666,0.0,1.0,0.0,1.0,35.541666666666664,0.5833333333333334,0.0,1.0,139.17241379310346,9.0,2,13,2,4,2,0.0,10,14.0
common_7,F13_233_to_232,control,F13_232_00,0,10.1,80.0,345.0,0.0,0.0,0.0,0.0,45.0,0.0,0.0,0.0,1.0,1.0,0.0,0.0,0.0,0.0,45.0,0.0,0.0,10.1,80.0,345.0,0.0,1.0,0.0,1.0,0.0,1.0,0.0,1.0,45.0,0.0,0.0,1.0,0.0,1.0,140.24137931034483,1.0,0,24,0,0,1,0.0,0,0.0
common_7,F13_233_to_232,control,F13_232_01,1,10.6,80.0,349.0,0.0,0.0,0.0,0.0,40.0,0.0,0.0,0.25881904510252074,0.9659258262890683,0.0,0.0,0.0,0.0,0.0,45.0,0.0,0.0,10.1,80.0,345.0,0.0,1.0,0.0,1.0,0.0,1.0,0.0,1.0,42.5,0.0,0.0,1.0,0.0,1.0,140.24137931034483,2.0,0,24,0,0,2,0.0,0,0.0
common_7,F13_233_to_232,control,F13_232_02,2,10.1,81.0,349.0,0.0,0.0,0.0,17.0,45.0,0.0,0.0,0.49999999999999994,0.8660254037844387,0.0,0.0,0.0,0.0,0.0,45.0,0.0,0.0,10.1,80.0,345.0,0.0,1.0,0.0,1.0,0.0,1.0,5.666666666666667,0.6666666666666666,43.333333333333336,0.0,0.0,1.0,0.0,1.0,140.24137931034483,3.0,0,24,0,0,3,1.0,0,0.0
common_7,F13_233_to_232,control,F13_232_03,3,10.3,80.0,350.0,0.0,0.0,0.0,0.0,43.0,0.0,0.0,0.7071067811865476,0.7071067811865476,0.0,0.0,0.0,0.0,0.0,45.0,0.0,0.0,10.1,80.0,345.0,0.0,1.0,0.0,1.0,0.0,1.0,4.25,0.75,43.25,0.0,0.0,1.0,0.0,1.0,140.24137931034483,4.0,0,24,0,0,4,0.0,0,0.0
common_7,F13_233_to_232,control,F13_232_04,4,10.1,80.0,351.0,0.0,0.0,0.0,0.0,40.0,0.0,0.0,0.8660254037844386,0.5000000000000001,0.0,0.0,0.0,0.0,0.0,45.0,0.0,0.0,10.1,80.0,345.0,0.0,1.0,0.0,1.0,0.0,1.0,3.4,0.8,42.6,0.0,0.0,1.0,0.0,1.0,140.24137931034483,5.0,0,24,0,0,5,0.0,0,0.0
common_7,F13_233_to_232,control,F13_232_05,5,10.0,80.0,352.0,0.0,0.0,0.0,33.0,40.0,0.0,0.0,0.9659258262890683,0.25881904510252074,0.0,0.0,0.0,0.0,0.0,45.0,0.0,0.0,10.1,80.0,345.0,0.0,1.0,0.0,1.0,0.0,1.0,8.333333333333334,0.6666666666666666,42.166666666666664,0.0,0.0,1.0,0.0,1.0,140.24137931034483,6.0,0,24,0,0,6,1.0,0,0.0
common_7,F13_233_to_232,control,F13_232_06,6,10.4,80.0,353.0,0.0,0.0,0.0,0.0,45.0,0.0,0.0,1.0,6.123233995736766e-17,0.0,0.0,0.0,0.0,0.0,45.0,0.0,0.0,10.1,80.0,345.0,0.0,1.0,0.0,1.0,0.0,1.0,7.142857142857143,0.7142857142857143,42.57142857142857,0.0,0.0,1.0,0.0,1.0,140.24137931034483,7.0,0,24,0,0,7,0.0,0,0.0
common_7,F13_233_to_232,control,F13_232_07,7,10.0,81.0,351.0,0.0,0.0,0.0,33.0,42.0,0.0,0.0,0.9659258262890683,-0.25881904510252063,0.0,0.0,0.0,0.0,0.0,45.0,0.0,0.0,10.1,80.0,345.0,0.0,1.0,0.0,1.0,0.0,1.0,10.375,0.625,42.5,0.0,0.0,1.0,0.0,1.0,140.24137931034483,8.0,0,24,0,0,8,1.0,0,0.0
common_7,F13_233_to_232,control,F13_232_08,8,10.4,80.0,353.0,0.0,0.0,1.0,3.0,45.0,0.0,0.0,0.8660254037844387,-0.4999999999999998,0.0,0.0,0.0,0.0,0.0,45.0,0.0,0.0,10.1,80.0,345.0,0.0,1.0,0.0,1.0,0.1111111111111111,0.8888888888888888,9.555555555555555,0.5555555555555556,42.77777777777778,0.0,0.0,1.0,0.0,1.0,140.24137931034483,9.0,0,24,1,0,0,2.0,0,0.0
common_7,F13_233_to_232,control,F13_232_09,9,10.6,82.0,350.0,0.0,47.0,96.0,47.0,43.0,0.0,0.0,0.7071067811865476,-0.7071067811865475,0.0,0.0,0.0,0.0,0.0,45.0,0.0,0.0,10.1,80.0,345.0,0.0,1.0,4.7,0.9,9.7,0.8,13.3,0.5,42.8,0.0,0.0,1.0,0.0,1.0,140.24137931034483,10.0,0,24,1,1,0,3.0,0,0.0
common_7,F13_233_to_232,control,F13_232_10,10,14.3,76.0,339.0,10.0,100.0,100.0,0.0,42.0,53.0,0.0,0.49999999999999994,-0.8660254037844387,0.0,0.0,0.0,0.0,0.0,45.0,0.0,0.0,10.1,80.0,345.0,0.9090909090909091,0.9090909090909091,13.363636363636363,0.8181818181818182,17.90909090909091,0.7272727272727273,12.090909090909092,0.5454545454545454,42.72727272727273,0.0,4.818181818181818,0.9090909090909091,0.0,1.0,140.24137931034483,0.0,1,10,1,1,1,0.0,1,10.0
common_7,F13_233_to_232,control,F13_232_11,11,16.0,73.0,323.0,10.0,100.0,100.0,0.0,43.0,62.0,0.0,0.258819045102521,-0.9659258262890682,0.0,0.0,0.0,0.0,0.0,45.0,0.0,0.0,10.1,80.0,345.0,1.6666666666666667,0.8333333333333334,20.583333333333332,0.75,24.75,0.6666666666666666,11.083333333333334,0.5833333333333334,42.75,0.0,9.583333333333334,0.8333333333333334,0.0,1.0,140.24137931034483,0.0,2,10,1,1,2,0.0,2,10.0
common_7,F13_233_to_232,control,F13_232_12,12,19.3,65.0,310.0,10.0,100.0,100.0,0.0,43.0,62.0,0.0,1.2246467991473532e-16,-1.0,0.0,0.0,0.0,0.0,0.0,45.0,0.0,0.0,10.1,80.0,345.0,2.3076923076923075,0.7692307692307693,26.692307692307693,0.6923076923076923,30.53846153846154,0.6153846153846154,10.23076923076923,0.6153846153846154,42.76923076923077,0.0,13.615384615384615,0.7692307692307693,0.0,1.0,140.24137931034483,0.0,3,10,1,1,3,0.0,3,10.0
common_7,F13_233_to_232,control,F13_232_13,13,21.7,62.0,302.0,10.0,100.0,100.0,0.0,43.0,60.0,7.0,-0.2588190451025208,-0.9659258262890683,0.0,0.0,0.0,0.0,0.0,45.0,0.0,0.0,10.1,80.0,345.0,2.857142857142857,0.7142857142857143,31.928571428571427,0.6428571428571429,35.5,0.5714285714285714,9.5,0.6428571428571429,42.785714285714285,0.0,16.928571428571427,0.7142857142857143,0.5,0.9285714285714286,140.24137931034483,0.0,4,10,1,1,4,0.0,4,10.0
common_7,F13_233_to_232,control,F13_232_14,14,19.8,62.0,301.0,9.0,100.0,100.0,0.0,45.0,2.0,0.0,-0.4999999999999997,-0.8660254037844388,0.0,0.0,0.0,0.0,0.0,45.0,0.0,0.0,10.1,80.0,345.0,3.2666666666666666,0.6666666666666666,36.46666666666667,0.6,39.8,0.5333333333333333,8.866666666666667,0.6666666666666666,42.93333333333333,0.0,15.933333333333334,0.6666666666666666,0.4666666666666667,0.9333333333333333,140.24137931034483,0.0,5,10,1,1,5,0.0,5,10.0
common_7,F13_233_to_232,control,F13_232_15,15,17.2,66.0,300.0,8.0,100.0,100.0,0.0,42.0,0.0,0.0,-0.7071067811865471,-0.7071067811865479,0.0,0.0,0.0,0.0,0.0,45.0,0.0,0.0,10.1,80.0,345.0,3.5625,0.625,40.4375,0.5625,43.5625,0.5,8.3125,0.6875,42.875,0.0,14.9375,0.6875,0.4375,0.9375,140.24137931034483,0.0,6,10,1,1,6,0.0,5,10.0
common_7,F13_233_to_232,control,F13_232_16,16,14.2,73.0,304.0,8.0,78.0,78.0,28.0,50.0,0.0,0.0,-0.8660254037844385,-0.5000000000000004,0.0,0.0,0.0,0.0,0.0,45.0,0.0,0.0,10.1,80.0,345.0,3.823529411764706,0.5882352941176471,42.64705882352941,0.5294117647058824,45.588235294117645,0.47058823529411764,9.470588235294118,0.6470588235294118,43.294117647058826,0.0,14.058823529411764,0.7058823529411765,0.4117647058823529,0.9411764705882353,140.24137931034483,0.0,7,10,1,1,7,1.0,5,10.0
common_7,F13_233_to_232,control,F13_232_17,17,12.7,77.0,312.0,3.0,0.0,0.0,47.0,40.0,0.0,0.0,-0.9659258262890683,-0.25881904510252063,0.0,0.0,0.0,0.0,0.0,45.0,0.0,0.0,10.1,80.0,345.0,3.7777777777777777,0.5555555555555556,40.27777777777778,0.5555555555555556,43.05555555555556,0.5,11.555555555555555,0.6111111111111112,43.111111111111114,0.0,13.277777777777779,0.7222222222222222,0.3888888888888889,0.9444444444444444,140.24137931034483,0.0,8,10,2,2,0,2.0,5,10.0
common_7,F13_233_to_232,control,F13_232_18,18,11.4,81.0,317.0,7.0,0.0,0.0,0.0,45.0,0.0,0.0,-1.0,-1.8369701987210297e-16,0.0,0.0,0.0,0.0,0.0,45.0,0.0,0.0,10.1,80.0,345.0,3.9473684210526314,0.5263157894736842,38.1578947368421,0.5789473684210527,40.78947368421053,0.5263157894736842,10.947368421052632,0.631578947368421,43.21052631578947,0.0,12.578947368421053,0.7368421052631579,0.3684210526315789,0.9473684210526315,140.24137931034483,0.0,9,10,2,2,1,0.0,5,10.0
common_7,F13_233_to_232,control,F13_232_19,19,10.9,83.0,322.0,2.0,0.0,0.0,0.0,22.0,0.0,0.0,-0.9659258262890684,0.2588190451025203,0.0,0.0,0.0,0.0,0.0,45.0,0.0,0.0,10.1,80.0,345.0,3.85,0.5,36.25,0.6,38.75,0.55,10.4,0.65,42.15,0.0,11.95,0.75,0.35,0.95,140.24137931034483,0.0,10,10,2,2,2,0.0,5,10.0
common_7,F13_233_to_232,control,F13_232_20,20,10.6,84.0,326.0,2.0,0.0,0.0,0.0,47.0,0.0,0.0,-0.8660254037844386,0.5000000000000001,0.0,0.0,0.0,0.0,0.0,45.0,0.0,0.0,10.1,80.0,345.0,3.761904761904762,0.47619047619047616,34.523809523809526,0.6190476190476191,36.904761904761905,0.5714285714285714,9.904761904761905,0.6666666666666666,42.38095238095238,0.0,11.380952380952381,0.7619047619047619,0.3333333333333333,0.9523809523809523,140.24137931034483,0.0,11,10,2,2,3,0.0,5,10.0
common_7,F13_233_to_232,control,F13_232_21,21,9.7,83.0,331.0,4.0,0.0,0.0,78.0,43.0,0.0,0.0,-0.7071067811865477,0.7071067811865474,0.0,0.0,0.0,0.0,0.0,45.0,0.0,0.0,10.1,80.0,345.0,3.772727272727273,0.45454545454545453,32.95454545454545,0.6363636363636364,35.22727272727273,0.5909090909090909,13.0,0.6363636363636364,42.40909090909091,0.0,10.863636363636363,0.7727272727272727,0.3181818181818182,0.9545454545454546,140.24137931034483,0.0,12,10,2,2,4,1.0,5,10.0
common_7,F13_233_to_232,control,F13_232_22,22,10.0,84.0,333.0,4.0,0.0,0.0,38.0,40.0,0.0,0.0,-0.5000000000000004,0.8660254037844384,0.0,0.0,0.0,0.0,0.0,45.0,0.0,0.0,10.1,80.0,345.0,3.782608695652174,0.43478260869565216,31.52173913043478,0.6521739130434783,33.69565217391305,0.6086956521739131,14.08695652173913,0.6086956521739131,42.30434782608695,0.0,10.391304347826088,0.782608695652174,0.30434782608695654,0.9565217391304348,140.24137931034483,0.0,13,10,2,2,5,2.0,5,10.0
common_7,F13_233_to_232,control,F13_232_23,23,9.2,84.0,334.0,4.0,0.0,0.0,37.0,43.0,0.0,0.0,-0.25881904510252157,0.9659258262890681,0.0,0.0,0.0,0.0,0.0,45.0,0.0,0.0,10.1,80.0,345.0,3.7916666666666665,0.4166666666666667,30.208333333333332,0.6666666666666666,32.291666666666664,0.625,15.041666666666666,0.5833333333333334,42.333333333333336,0.0,9.958333333333334,0.7916666666666666,0.2916666666666667,0.9583333333333334,140.24137931034483,0.0,14,10,2,2,6,3.0,5,10.0
common_7,F13_233_to_232,failure,F13_233_00,0,7.9,88.0,350.0,0.0,0.0,0.0,95.0,0.0,0.0,0.0,0.0,1.0,1.0,0.0,0.0,0.0,95.0,0.0,0.0,0.0,7.9,88.0,350.0,0.0,1.0,0.0,1.0,0.0,1.0,95.0,0.0,0.0,1.0,0.0,1.0,0.0,1.0,141.31034482758622,1.0,0,24,0,0,1,1.0,0,0.0
common_7,F13_233_to_232,failure,F13_233_01,1,7.5,87.0,351.0,0.0,0.0,0.0,100.0,0.0,0.0,0.0,0.25881904510252074,0.9659258262890683,0.0,0.0,0.0,0.0,95.0,0.0,0.0,0.0,7.9,88.0,350.0,0.0,1.0,0.0,1.0,0.0,1.0,97.5,0.0,0.0,1.0,0.0,1.0,0.0,1.0,141.31034482758622,2.0,0,24,0,0,2,2.0,0,0.0
common_7,F13_233_to_232,failure,F13_233_02,2,7.4,86.0,352.0,0.0,0.0,0.0,100.0,0.0,0.0,0.0,0.49999999999999994,0.8660254037844387,0.0,0.0,0.0,0.0,95.0,0.0,0.0,0.0,7.9,88.0,350.0,0.0,1.0,0.0,1.0,0.0,1.0,98.33333333333333,0.0,0.0,1.0,0.0,1.0,0.0,1.0,141.31034482758622,3.0,0,24,0,0,3,3.0,0,0.0
common_7,F13_233_to_232,failure,F13_233_03,3,7.2,85.0,354.0,0.0,0.0,0.0,100.0,0.0,0.0,0.0,0.7071067811865476,0.7071067811865476,0.0,0.0,0.0,0.0,95.0,0.0,0.0,0.0,7.9,88.0,350.0,0.0,1.0,0.0,1.0,0.0,1.0,98.75,0.0,0.0,1.0,0.0,1.0,0.0,1.0,141.31034482758622,4.0,0,24,0,0,4,4.0,0,0.0
common_7,F13_233_to_232,failure,F13_233_04,4,7.3,87.0,352.0,0.0,0.0,0.0,100.0,0.0,0.0,0.0,0.8660254037844386,0.5000000000000001,0.0,0.0,0.0,0.0,95.0,0.0,0.0,0.0,7.9,88.0,350.0,0.0,1.0,0.0,1.0,0.0,1.0,99.0,0.0,0.0,1.0,0.0,1.0,0.0,1.0,141.31034482758622,5.0,0,24,0,0,5,5.0,0,0.0
common_7,F13_233_to_232,failure,F13_233_05,5,7.5,87.0,354.0,0.0,0.0,0.0,100.0,0.0,0.0,0.0,0.9659258262890683,0.25881904510252074,0.0,0.0,0.0,0.0,95.0,0.0,0.0,0.0,7.9,88.0,350.0,0.0,1.0,0.0,1.0,0.0,1.0,99.16666666666667,0.0,0.0,1.0,0.0,1.0,0.0,1.0,141.31034482758622,6.0,0,24,0,0,6,6.0,0,0.0
common_7,F13_233_to_232,failure,F13_233_06,6,7.5,88.0,355.0,0.0,0.0,0.0,100.0,0.0,0.0,0.0,1.0,6.123233995736766e-17,0.0,0.0,0.0,0.0,95.0,0.0,0.0,0.0,7.9,88.0,350.0,0.0,1.0,0.0,1.0,0.0,1.0,99.28571428571429,0.0,0.0,1.0,0.0,1.0,0.0,1.0,141.31034482758622,7.0,0,24,0,0,7,7.0,0,0.0
common_7,F13_233_to_232,failure,F13_233_07,7,7.9,88.0,356.0,0.0,7.0,0.0,70.0,0.0,30.0,0.0,0.9659258262890683,-0.25881904510252063,0.0,0.0,0.0,0.0,95.0,0.0,0.0,0.0,7.9,88.0,350.0,0.0,1.0,0.875,0.875,0.0,1.0,95.625,0.0,0.0,1.0,3.75,0.875,0.0,1.0,141.31034482758622,8.0,0,24,0,1,0,8.0,1,0.0
common_7,F13_233_to_232,failure,F13_233_08,8,8.5,90.0,353.0,0.0,100.0,0.0,0.0,18.0,100.0,0.0,0.8660254037844387,-0.4999999999999998,0.0,0.0,0.0,0.0,95.0,0.0,0.0,0.0,7.9,88.0,350.0,0.0,1.0,11.88888888888889,0.7777777777777778,0.0,1.0,85.0,0.1111111111111111,2.0,0.8888888888888888,14.444444444444445,0.7777777777777778,0.0,1.0,141.31034482758622,9.0,0,24,0,1,1,0.0,2,0.0
common_7,F13_233_to_232,failure,F13_233_09,9,9.8,91.0,351.0,0.0,100.0,0.0,0.0,12.0,100.0,0.0,0.7071067811865476,-0.7071067811865475,0.0,0.0,0.0,0.0,95.0,0.0,0.0,0.0,7.9,88.0,350.0,0.0,1.0,20.7,0.7,0.0,1.0,76.5,0.2,3.0,0.8,23.0,0.7,0.0,1.0,141.31034482758622,10.0,0,24,0,1,2,0.0,3,0.0
common_7,F13_233_to_232,failure,F13_233_10,10,11.9,89.0,348.0,0.0,100.0,34.0,0.0,0.0,100.0,0.0,0.49999999999999994,-0.8660254037844387,0.0,0.0,0.0,0.0,95.0,0.0,0.0,0.0,7.9,88.0,350.0,0.0,1.0,27.90909090909091,0.6363636363636364,3.090909090909091,0.9090909090909091,69.54545454545455,0.2727272727272727,2.727272727272727,0.8181818181818182,30.0,0.6363636363636364,0.0,1.0,141.31034482758622,11.0,0,24,1,1,0,0.0,4,0.0
common_7,F13_233_to_232,failure,F13_233_11,11,15.8,80.0,333.0,0.0,100.0,100.0,0.0,0.0,100.0,0.0,0.258819045102521,-0.9659258262890682,0.0,0.0,0.0,0.0,95.0,0.0,0.0,0.0,7.9,88.0,350.0,0.0,1.0,33.916666666666664,0.5833333333333334,11.166666666666666,0.8333333333333334,63.75,0.3333333333333333,2.5,0.8333333333333334,35.833333333333336,0.5833333333333334,0.0,1.0,141.31034482758622,12.0,0,24,1,1,1,0.0,5,0.0
common_7,F13_233_to_232,failure,F13_233_12,12,21.0,70.0,323.0,0.0,100.0,100.0,0.0,0.0,100.0,0.0,1.2246467991473532e-16,-1.0,0.0,0.0,0.0,0.0,95.0,0.0,0.0,0.0,7.9,88.0,350.0,0.0,1.0,39.0,0.5384615384615384,18.0,0.7692307692307693,58.84615384615385,0.38461538461538464,2.3076923076923075,0.8461538461538461,40.76923076923077,0.5384615384615384,0.0,1.0,141.31034482758622,13.0,0,24,1,1,2,0.0,6,0.0
common_7,F13_233_to_232,failure,F13_233_13,13,22.9,62.0,331.0,0.0,100.0,100.0,0.0,0.0,92.0,0.0,-0.2588190451025208,-0.9659258262890683,0.0,0.0,0.0,0.0,95.0,0.0,0.0,0.0,7.9,88.0,350.0,0.0,1.0,43.357142857142854,0.5,23.857142857142858,0.7142857142857143,54.642857142857146,0.42857142857142855,2.142857142857143,0.8571428571428571,44.42857142857143,0.5,0.0,1.0,141.31034482758622,14.0,0,24,1,1,3,0.0,7,0.0
common_7,F13_233_to_232,failure,F13_233_14,14,20.4,67.0,335.0,0.0,100.0,100.0,0.0,0.0,100.0,0.0,-0.4999999999999997,-0.8660254037844388,0.0,0.0,0.0,0.0,95.0,0.0,0.0,0.0,7.9,88.0,350.0,0.0,1.0,47.13333333333333,0.4666666666666667,28.933333333333334,0.6666666666666666,51.0,0.4666666666666667,2.0,0.8666666666666667,48.13333333333333,0.4666666666666667,0.0,1.0,141.31034482758622,15.0,0,24,1,1,4,0.0,8,0.0
common_7,F13_233_to_232,failure,F13_233_15,15,20.6,64.0,337.0,0.0,100.0,100.0,0.0,0.0,93.0,0.0,-0.7071067811865471,-0.7071067811865479,0.0,0.0,0.0,0.0,95.0,0.0,0.0,0.0,7.9,88.0,350.0,0.0,1.0,50.4375,0.4375,33.375,0.625,47.8125,0.5,1.875,0.875,50.9375,0.4375,0.0,1.0,141.31034482758622,16.0,0,24,1,1,5,0.0,9,0.0
common_7,F13_233_to_232,failure,F13_233_16,16,16.3,76.0,345.0,0.0,100.0,100.0,0.0,0.0,0.0,0.0,-0.8660254037844385,-0.5000000000000004,0.0,0.0,0.0,0.0,95.0,0.0,0.0,0.0,7.9,88.0,350.0,0.0,1.0,53.35294117647059,0.4117647058823529,37.294117647058826,0.5882352941176471,45.0,0.5294117647058824,1.7647058823529411,0.8823529411764706,47.94117647058823,0.47058823529411764,0.0,1.0,141.31034482758622,17.0,0,24,1,1,6,0.0,9,0.0
common_7,F13_233_to_232,failure,F13_233_17,17,12.3,87.0,355.0,0.0,100.0,53.0,0.0,0.0,0.0,0.0,-0.9659258262890683,-0.25881904510252063,0.0,0.0,0.0,0.0,95.0,0.0,0.0,0.0,7.9,88.0,350.0,0.0,1.0,55.94444444444444,0.3888888888888889,38.166666666666664,0.5555555555555556,42.5,0.5555555555555556,1.6666666666666667,0.8888888888888888,45.27777777777778,0.5,0.0,1.0,141.31034482758622,18.0,0,24,1,1,7,0.0,9,0.0
common_7,F13_233_to_232,failure,F13_233_18,18,11.3,86.0,359.0,0.0,100.0,0.0,0.0,0.0,0.0,0.0,-1.0,-1.8369701987210297e-16,0.0,0.0,0.0,0.0,95.0,0.0,0.0,0.0,7.9,88.0,350.0,0.0,1.0,58.26315789473684,0.3684210526315789,36.1578947368421,0.5789473684210527,40.26315789473684,0.5789473684210527,1.5789473684210527,0.8947368421052632,42.89473684210526,0.5263157894736842,0.0,1.0,141.31034482758622,19.0,0,24,2,1,0,0.0,9,0.0
common_7,F13_233_to_232,failure,F13_233_19,19,10.4,86.0,364.0,0.0,100.0,0.0,0.0,0.0,0.0,0.0,-0.9659258262890684,0.2588190451025203,0.0,0.0,0.0,0.0,95.0,0.0,0.0,0.0,7.9,88.0,350.0,0.0,1.0,60.35,0.35,34.35,0.6,38.25,0.6,1.5,0.9,40.75,0.55,0.0,1.0,141.31034482758622,20.0,0,24,2,1,1,0.0,9,0.0
common_7,F13_233_to_232,failure,F13_233_20,20,9.9,84.0,366.0,0.0,53.0,0.0,0.0,0.0,0.0,0.0,-0.8660254037844386,0.5000000000000001,0.0,0.0,0.0,0.0,95.0,0.0,0.0,0.0,7.9,88.0,350.0,0.0,1.0,60.0,0.3333333333333333,32.714285714285715,0.6190476190476191,36.42857142857143,0.6190476190476191,1.4285714285714286,0.9047619047619048,38.80952380952381,0.5714285714285714,0.0,1.0,141.31034482758622,21.0,0,24,2,1,2,0.0,9,0.0
common_7,F13_233_to_232,failure,F13_233_21,21,9.4,83.0,368.0,0.0,0.0,0.0,0.0,0.0,0.0,0.0,-0.7071067811865477,0.7071067811865474,0.0,0.0,0.0,0.0,95.0,0.0,0.0,0.0,7.9,88.0,350.0,0.0,1.0,57.27272727272727,0.36363636363636365,31.227272727272727,0.6363636363636364,34.77272727272727,0.6363636363636364,1.3636363636363635,0.9090909090909091,37.04545454545455,0.5909090909090909,0.0,1.0,141.31034482758622,22.0,0,24,2,2,0,0.0,9,0.0
common_7,F13_233_to_232,failure,F13_233_22,22,8.8,82.0,371.0,0.0,0.0,0.0,0.0,0.0,0.0,0.0,-0.5000000000000004,0.8660254037844384,0.0,0.0,0.0,0.0,95.0,0.0,0.0,0.0,7.9,88.0,350.0,0.0,1.0,54.78260869565217,0.391304347826087,29.869565217391305,0.6521739130434783,33.26086956521739,0.6521739130434783,1.3043478260869565,0.9130434782608695,35.43478260869565,0.6086956521739131,0.0,1.0,141.31034482758622,23.0,0,24,2,2,1,0.0,9,0.0
common_7,F13_233_to_232,failure,F13_233_23,23,8.4,81.0,375.0,0.0,0.0,0.0,0.0,0.0,0.0,0.0,-0.25881904510252157,0.9659258262890681,0.0,0.0,0.0,0.0,95.0,0.0,0.0,0.0,7.9,88.0,350.0,0.0,1.0,52.5,0.4166666666666667,28.625,0.6666666666666666,31.875,0.6666666666666666,1.25,0.9166666666666666,33.958333333333336,0.625,0.0,1.0,141.31034482758622,24.0,0,24,2,2,2,0.0,9,0.0
common_7,F47_161_to_160,control,F47_160_00,0,9.7,69.0,319.0,0.0,0.0,0.0,97.0,0.0,0.0,0.0,0.0,1.0,1.0,0.0,0.0,0.0,97.0,0.0,0.0,0.0,9.7,69.0,319.0,0.0,1.0,0.0,1.0,0.0,1.0,97.0,0.0,0.0,1.0,0.0,1.0,0.0,1.0,160.0,1.0,0,24,0,0,1,1.0,0,0.0
common_7,F47_161_to_160,control,F47_160_01,1,10.1,70.0,281.0,0.0,0.0,0.0,100.0,0.0,0.0,0.0,0.25881904510252074,0.9659258262890683,0.0,0.0,0.0,0.0,97.0,0.0,0.0,0.0,9.7,69.0,319.0,0.0,1.0,0.0,1.0,0.0,1.0,98.5,0.0,0.0,1.0,0.0,1.0,0.0,1.0,160.0,2.0,0,24,0,0,2,2.0,0,0.0
common_7,F47_161_to_160,control,F47_160_02,2,11.0,66.0,358.0,0.0,0.0,0.0,100.0,0.0,0.0,0.0,0.49999999999999994,0.8660254037844387,0.0,0.0,0.0,0.0,97.0,0.0,0.0,0.0,9.7,69.0,319.0,0.0,1.0,0.0,1.0,0.0,1.0,99.0,0.0,0.0,1.0,0.0,1.0,0.0,1.0,160.0,3.0,0,24,0,0,3,3.0,0,0.0
common_7,F47_161_to_160,control,F47_160_03,3,10.8,66.0,273.0,0.0,0.0,0.0,100.0,0.0,0.0,0.0,0.7071067811865476,0.7071067811865476,0.0,0.0,0.0,0.0,97.0,0.0,0.0,0.0,9.7,69.0,319.0,0.0,1.0,0.0,1.0,0.0,1.0,99.25,0.0,0.0,1.0,0.0,1.0,0.0,1.0,160.0,4.0,0,24,0,0,4,4.0,0,0.0
common_7,F47_161_to_160,control,F47_160_04,4,11.6,67.0,253.0,0.0,0.0,0.0,100.0,0.0,0.0,0.0,0.8660254037844386,0.5000000000000001,0.0,0.0,0.0,0.0,97.0,0.0,0.0,0.0,9.7,69.0,319.0,0.0,1.0,0.0,1.0,0.0,1.0,99.4,0.0,0.0,1.0,0.0,1.0,0.0,1.0,160.0,5.0,0,24,0,0,5,5.0,0,0.0
common_7,F47_161_to_160,control,F47_160_05,5,11.2,69.0,268.0,0.0,0.0,0.0,100.0,0.0,0.0,0.0,0.9659258262890683,0.25881904510252074,0.0,0.0,0.0,0.0,97.0,0.0,0.0,0.0,9.7,69.0,319.0,0.0,1.0,0.0,1.0,0.0,1.0,99.5,0.0,0.0,1.0,0.0,1.0,0.0,1.0,160.0,6.0,0,24,0,0,6,6.0,0,0.0
common_7,F47_161_to_160,control,F47_160_06,6,10.9,66.0,288.0,0.0,0.0,0.0,100.0,0.0,0.0,0.0,1.0,6.123233995736766e-17,0.0,0.0,0.0,0.0,97.0,0.0,0.0,0.0,9.7,69.0,319.0,0.0,1.0,0.0,1.0,0.0,1.0,99.57142857142857,0.0,0.0,1.0,0.0,1.0,0.0,1.0,160.0,7.0,0,24,0,0,7,7.0,0,0.0
common_7,F47_161_to_160,control,F47_160_07,7,10.9,65.0,337.0,0.0,0.0,0.0,100.0,0.0,35.0,0.0,0.9659258262890683,-0.25881904510252063,0.0,0.0,0.0,0.0,97.0,0.0,0.0,0.0,9.7,69.0,319.0,0.0,1.0,0.0,1.0,0.0,1.0,99.625,0.0,0.0,1.0,4.375,0.875,0.0,1.0,160.0,8.0,0,24,0,0,8,8.0,1,0.0
common_7,F47_161_to_160,control,F47_160_08,8,10.0,68.0,386.0,0.0,0.0,0.0,100.0,0.0,0.0,0.0,0.8660254037844387,-0.4999999999999998,0.0,0.0,0.0,0.0,97.0,0.0,0.0,0.0,9.7,69.0,319.0,0.0,1.0,0.0,1.0,0.0,1.0,99.66666666666667,0.0,0.0,1.0,3.888888888888889,0.8888888888888888,0.0,1.0,160.0,9.0,0,24,0,0,9,9.0,1,0.0
common_7,F47_161_to_160,control,F47_160_09,9,11.7,72.0,519.0,0.0,54.0,89.0,67.0,0.0,0.0,0.0,0.7071067811865476,-0.7071067811865475,0.0,0.0,0.0,0.0,97.0,0.0,0.0,0.0,9.7,69.0,319.0,0.0,1.0,5.4,0.9,8.9,0.9,96.4,0.0,0.0,1.0,3.5,0.9,0.0,1.0,160.0,10.0,0,24,1,1,0,10.0,1,0.0
common_7,F47_161_to_160,control,F47_160_10,10,17.2,67.0,504.0,0.0,100.0,100.0,0.0,0.0,0.0,0.0,0.49999999999999994,-0.8660254037844387,0.0,0.0,0.0,0.0,97.0,0.0,0.0,0.0,9.7,69.0,319.0,0.0,1.0,14.0,0.8181818181818182,17.181818181818183,0.8181818181818182,87.63636363636364,0.09090909090909091,0.0,1.0,3.1818181818181817,0.9090909090909091,0.0,1.0,160.0,11.0,0,24,1,1,1,0.0,1,0.0
common_7,F47_161_to_160,control,F47_160_11,11,21.0,57.0,517.0,0.0,100.0,100.0,0.0,0.0,25.0,0.0,0.258819045102521,-0.9659258262890682,0.0,0.0,0.0,0.0,97.0,0.0,0.0,0.0,9.7,69.0,319.0,0.0,1.0,21.166666666666668,0.75,24.083333333333332,0.75,80.33333333333333,0.16666666666666666,0.0,1.0,5.0,0.8333333333333334,0.0,1.0,160.0,12.0,0,24,1,1,2,0.0,2,0.0
common_7,F47_161_to_160,control,F47_160_12,12,21.1,59.0,461.0,0.0,100.0,100.0,0.0,0.0,2.0,0.0,1.2246467991473532e-16,-1.0,0.0,0.0,0.0,0.0,97.0,0.0,0.0,0.0,9.7,69.0,319.0,0.0,1.0,27.23076923076923,0.6923076923076923,29.923076923076923,0.6923076923076923,74.15384615384616,0.23076923076923078,0.0,1.0,4.769230769230769,0.7692307692307693,0.0,1.0,160.0,13.0,0,24,1,1,3,0.0,3,0.0
common_7,F47_161_to_160,control,F47_160_13,13,21.7,49.0,487.0,16.0,100.0,100.0,0.0,0.0,33.0,5.0,-0.2588190451025208,-0.9659258262890683,0.0,0.0,0.0,0.0,97.0,0.0,0.0,0.0,9.7,69.0,319.0,1.1428571428571428,0.9285714285714286,32.42857142857143,0.6428571428571429,34.92857142857143,0.6428571428571429,68.85714285714286,0.2857142857142857,0.0,1.0,6.785714285714286,0.7142857142857143,0.35714285714285715,0.9285714285714286,160.0,0.0,1,13,1,1,4,0.0,4,16.0
common_7,F47_161_to_160,control,F47_160_14,14,17.4,47.0,475.0,23.0,100.0,100.0,0.0,0.0,82.0,3.0,-0.4999999999999997,-0.8660254037844388,0.0,0.0,0.0,0.0,97.0,0.0,0.0,0.0,9.7,69.0,319.0,2.6,0.8666666666666667,36.93333333333333,0.6,39.266666666666666,0.6,64.26666666666667,0.3333333333333333,0.0,1.0,11.8,0.6666666666666666,0.5333333333333333,0.8666666666666667,160.0,0.0,2,13,1,1,5,0.0,5,23.0
common_7,F47_161_to_160,control,F47_160_15,15,21.4,46.0,506.0,0.0,100.0,100.0,0.0,0.0,0.0,2.0,-0.7071067811865471,-0.7071067811865479,0.0,0.0,0.0,0.0,97.0,0.0,0.0,0.0,9.7,69.0,319.0,2.4375,0.875,40.875,0.5625,43.0625,0.5625,60.25,0.375,0.0,1.0,11.0625,0.6875,0.625,0.8125,160.0,1.0,2,13,1,1,6,0.0,5,23.0
common_7,F47_161_to_160,control,F47_160_16,16,16.9,58.0,474.0,0.0,100.0,100.0,0.0,0.0,0.0,0.0,-0.8660254037844385,-0.5000000000000004,0.0,0.0,0.0,0.0,97.0,0.0,0.0,0.0,9.7,69.0,319.0,2.2941176470588234,0.8823529411764706,44.35294117647059,0.5294117647058824,46.411764705882355,0.5294117647058824,56.705882352941174,0.4117647058823529,0.0,1.0,10.411764705882353,0.7058823529411765,0.5882352941176471,0.8235294117647058,160.0,2.0,2,13,1,1,7,0.0,5,23.0
common_7,F47_161_to_160,control,F47_160_17,17,10.8,66.0,503.0,0.0,100.0,100.0,0.0,0.0,0.0,0.0,-0.9659258262890683,-0.25881904510252063,0.0,0.0,0.0,0.0,97.0,0.0,0.0,0.0,9.7,69.0,319.0,2.1666666666666665,0.8888888888888888,47.44444444444444,0.5,49.388888888888886,0.5,53.55555555555556,0.4444444444444444,0.0,1.0,9.833333333333334,0.7222222222222222,0.5555555555555556,0.8333333333333334,160.0,3.0,2,13,1,1,8,0.0,5,23.0
common_7,F47_161_to_160,control,F47_160_18,18,9.9,63.0,499.0,0.0,100.0,5.0,0.0,0.0,0.0,0.0,-1.0,-1.8369701987210297e-16,0.0,0.0,0.0,0.0,97.0,0.0,0.0,0.0,9.7,69.0,319.0,2.0526315789473686,0.8947368421052632,50.21052631578947,0.47368421052631576,47.05263157894737,0.47368421052631576,50.73684210526316,0.47368421052631576,0.0,1.0,9.31578947368421,0.7368421052631579,0.5263157894736842,0.8421052631578947,160.0,4.0,2,13,1,1,9,0.0,5,23.0
common_7,F47_161_to_160,control,F47_160_19,19,9.9,62.0,458.0,0.0,100.0,0.0,0.0,0.0,0.0,0.0,-0.9659258262890684,0.2588190451025203,0.0,0.0,0.0,0.0,97.0,0.0,0.0,0.0,9.7,69.0,319.0,1.95,0.9,52.7,0.45,44.7,0.5,48.2,0.5,0.0,1.0,8.85,0.75,0.5,0.85,160.0,5.0,2,13,2,1,0,0.0,5,23.0
common_7,F47_161_to_160,control,F47_160_20,20,10.4,63.0,540.0,0.0,89.0,0.0,0.0,0.0,0.0,0.0,-0.8660254037844386,0.5000000000000001,0.0,0.0,0.0,0.0,97.0,0.0,0.0,0.0,9.7,69.0,319.0,1.8571428571428572,0.9047619047619048,54.42857142857143,0.42857142857142855,42.57142857142857,0.5238095238095238,45.904761904761905,0.5238095238095238,0.0,1.0,8.428571428571429,0.7619047619047619,0.47619047619047616,0.8571428571428571,160.0,6.0,2,13,2,1,1,0.0,5,23.0
common_7,F47_161_to_160,control,F47_160_21,21,11.4,64.0,482.0,0.0,0.0,0.0,0.0,0.0,0.0,0.0,-0.7071067811865477,0.7071067811865474,0.0,0.0,0.0,0.0,97.0,0.0,0.0,0.0,9.7,69.0,319.0,1.7727272727272727,0.9090909090909091,51.95454545454545,0.45454545454545453,40.63636363636363,0.5454545454545454,43.81818181818182,0.5454545454545454,0.0,1.0,8.045454545454545,0.7727272727272727,0.45454545454545453,0.8636363636363636,160.0,7.0,2,13,2,2,0,0.0,5,23.0
common_7,F47_161_to_160,control,F47_160_22,22,11.6,63.0,461.0,0.0,0.0,0.0,0.0,0.0,0.0,0.0,-0.5000000000000004,0.8660254037844384,0.0,0.0,0.0,0.0,97.0,0.0,0.0,0.0,9.7,69.0,319.0,1.6956521739130435,0.9130434782608695,49.69565217391305,0.4782608695652174,38.869565217391305,0.5652173913043478,41.91304347826087,0.5652173913043478,0.0,1.0,7.695652173913044,0.782608695652174,0.43478260869565216,0.8695652173913043,160.0,8.0,2,13,2,2,1,0.0,5,23.0
common_7,F47_161_to_160,control,F47_160_23,23,11.4,65.0,415.0,0.0,0.0,0.0,0.0,0.0,0.0,0.0,-0.25881904510252157,0.9659258262890681,0.0,0.0,0.0,0.0,97.0,0.0,0.0,0.0,9.7,69.0,319.0,1.625,0.9166666666666666,47.625,0.5,37.25,0.5833333333333334,40.166666666666664,0.5833333333333334,0.0,1.0,7.375,0.7916666666666666,0.4166666666666667,0.875,160.0,9.0,2,13,2,2,2,0.0,5,23.0
common_7,F47_161_to_160,failure,F47_161_00,0,11.8,64.0,480.0,0.0,0.0,0.0,0.0,0.0,0.0,0.0,0.0,1.0,1.0,0.0,0.0,0.0,0.0,0.0,0.0,0.0,11.8,64.0,480.0,0.0,1.0,0.0,1.0,0.0,1.0,0.0,1.0,0.0,1.0,0.0,1.0,0.0,1.0,161.0,1.0,0,24,0,0,1,0.0,0,0.0
common_7,F47_161_to_160,failure,F47_161_01,1,11.2,65.0,484.0,0.0,0.0,0.0,0.0,0.0,0.0,0.0,0.25881904510252074,0.9659258262890683,0.0,0.0,0.0,0.0,0.0,0.0,0.0,0.0,11.8,64.0,480.0,0.0,1.0,0.0,1.0,0.0,1.0,0.0,1.0,0.0,1.0,0.0,1.0,0.0,1.0,161.0,2.0,0,24,0,0,2,0.0,0,0.0
common_7,F47_161_to_160,failure,F47_161_02,2,9.9,70.0,456.0,0.0,0.0,0.0,23.0,0.0,0.0,0.0,0.49999999999999994,0.8660254037844387,0.0,0.0,0.0,0.0,0.0,0.0,0.0,0.0,11.8,64.0,480.0,0.0,1.0,0.0,1.0,0.0,1.0,7.666666666666667,0.6666666666666666,0.0,1.0,0.0,1.0,0.0,1.0,161.0,3.0,0,24,0,0,3,1.0,0,0.0
common_7,F47_161_to_160,failure,F47_161_03,3,8.8,65.0,363.0,0.0,0.0,0.0,100.0,0.0,0.0,0.0,0.7071067811865476,0.7071067811865476,0.0,0.0,0.0,0.0,0.0,0.0,0.0,0.0,11.8,64.0,480.0,0.0,1.0,0.0,1.0,0.0,1.0,30.75,0.5,0.0,1.0,0.0,1.0,0.0,1.0,161.0,4.0,0,24,0,0,4,2.0,0,0.0
common_7,F47_161_to_160,failure,F47_161_04,4,7.7,64.0,386.0,0.0,0.0,0.0,100.0,0.0,0.0,0.0,0.8660254037844386,0.5000000000000001,0.0,0.0,0.0,0.0,0.0,0.0,0.0,0.0,11.8,64.0,480.0,0.0,1.0,0.0,1.0,0.0,1.0,44.6,0.4,0.0,1.0,0.0,1.0,0.0,1.0,161.0,5.0,0,24,0,0,5,3.0,0,0.0
common_7,F47_161_to_160,failure,F47_161_05,5,8.5,64.0,318.0,0.0,0.0,0.0,100.0,0.0,0.0,0.0,0.9659258262890683,0.25881904510252074,0.0,0.0,0.0,0.0,0.0,0.0,0.0,0.0,11.8,64.0,480.0,0.0,1.0,0.0,1.0,0.0,1.0,53.833333333333336,0.3333333333333333,0.0,1.0,0.0,1.0,0.0,1.0,161.0,6.0,0,24,0,0,6,4.0,0,0.0
common_7,F47_161_to_160,failure,F47_161_06,6,9.2,64.0,347.0,0.0,0.0,0.0,100.0,0.0,0.0,0.0,1.0,6.123233995736766e-17,0.0,0.0,0.0,0.0,0.0,0.0,0.0,0.0,11.8,64.0,480.0,0.0,1.0,0.0,1.0,0.0,1.0,60.42857142857143,0.2857142857142857,0.0,1.0,0.0,1.0,0.0,1.0,161.0,7.0,0,24,0,0,7,5.0,0,0.0
common_7,F47_161_to_160,failure,F47_161_07,7,9.3,65.0,426.0,0.0,14.0,0.0,100.0,0.0,30.0,0.0,0.9659258262890683,-0.25881904510252063,0.0,0.0,0.0,0.0,0.0,0.0,0.0,0.0,11.8,64.0,480.0,0.0,1.0,1.75,0.875,0.0,1.0,65.375,0.25,0.0,1.0,3.75,0.875,0.0,1.0,161.0,8.0,0,24,0,1,0,6.0,1,0.0
common_7,F47_161_to_160,failure,F47_161_08,8,9.4,64.0,508.0,0.0,100.0,0.0,100.0,0.0,0.0,0.0,0.8660254037844387,-0.4999999999999998,0.0,0.0,0.0,0.0,0.0,0.0,0.0,0.0,11.8,64.0,480.0,0.0,1.0,12.666666666666666,0.7777777777777778,0.0,1.0,69.22222222222223,0.2222222222222222,0.0,1.0,3.3333333333333335,0.8888888888888888,0.0,1.0,161.0,9.0,0,24,0,1,1,7.0,1,0.0
common_7,F47_161_to_160,failure,F47_161_09,9,12.6,64.0,504.0,0.0,100.0,91.0,100.0,0.0,0.0,0.0,0.7071067811865476,-0.7071067811865475,0.0,0.0,0.0,0.0,0.0,0.0,0.0,0.0,11.8,64.0,480.0,0.0,1.0,21.4,0.7,9.1,0.9,72.3,0.2,0.0,1.0,3.0,0.9,0.0,1.0,161.0,10.0,0,24,1,1,0,8.0,1,0.0
common_7,F47_161_to_160,failure,F47_161_10,10,18.7,60.0,469.0,0.0,100.0,100.0,2.0,0.0,0.0,0.0,0.49999999999999994,-0.8660254037844387,0.0,0.0,0.0,0.0,0.0,0.0,0.0,0.0,11.8,64.0,480.0,0.0,1.0,28.545454545454547,0.6363636363636364,17.363636363636363,0.8181818181818182,65.9090909090909,0.18181818181818182,0.0,1.0,2.727272727272727,0.9090909090909091,0.0,1.0,161.0,11.0,0,24,1,1,1,9.0,1,0.0
common_7,F47_161_to_160,failure,F47_161_11,11,22.1,52.0,434.0,0.0,100.0,100.0,0.0,0.0,0.0,0.0,0.258819045102521,-0.9659258262890682,0.0,0.0,0.0,0.0,0.0,0.0,0.0,0.0,11.8,64.0,480.0,0.0,1.0,34.5,0.5833333333333334,24.25,0.75,60.416666666666664,0.25,0.0,1.0,2.5,0.9166666666666666,0.0,1.0,161.0,12.0,0,24,1,1,2,0.0,1,0.0
common_7,F47_161_to_160,failure,F47_161_12,12,21.9,44.0,431.0,12.0,100.0,100.0,0.0,0.0,27.0,0.0,1.2246467991473532e-16,-1.0,0.0,0.0,0.0,0.0,0.0,0.0,0.0,0.0,11.8,64.0,480.0,0.9230769230769231,0.9230769230769231,39.53846153846154,0.5384615384615384,30.076923076923077,0.6923076923076923,55.76923076923077,0.3076923076923077,0.0,1.0,4.384615384615385,0.8461538461538461,0.0,1.0,161.0,0.0,1,12,1,1,3,0.0,2,12.0
common_7,F47_161_to_160,failure,F47_161_13,13,20.9,41.0,394.0,30.0,100.0,100.0,0.0,0.0,35.0,2.0,-0.2588190451025208,-0.9659258262890683,0.0,0.0,0.0,0.0,0.0,0.0,0.0,0.0,11.8,64.0,480.0,3.0,0.8571428571428571,43.857142857142854,0.5,35.07142857142857,0.6428571428571429,51.785714285714285,0.35714285714285715,0.0,1.0,6.571428571428571,0.7857142857142857,0.14285714285714285,0.9285714285714286,161.0,0.0,2,12,1,1,4,0.0,3,30.0
common_7,F47_161_to_160,failure,F47_161_14,14,17.7,47.0,409.0,34.0,100.0,100.0,0.0,0.0,20.0,0.0,-0.4999999999999997,-0.8660254037844388,0.0,0.0,0.0,0.0,0.0,0.0,0.0,0.0,11.8,64.0,480.0,5.066666666666666,0.8,47.6,0.4666666666666667,39.4,0.6,48.333333333333336,0.4,0.0,1.0,7.466666666666667,0.7333333333333333,0.13333333333333333,0.9333333333333333,161.0,0.0,3,12,1,1,5,0.0,4,34.0
common_7,F47_161_to_160,failure,F47_161_15,15,15.5,61.0,392.0,1.0,100.0,100.0,0.0,0.0,0.0,0.0,-0.7071067811865471,-0.7071067811865479,0.0,0.0,0.0,0.0,0.0,0.0,0.0,0.0,11.8,64.0,480.0,4.8125,0.75,50.875,0.4375,43.1875,0.5625,45.3125,0.4375,0.0,1.0,7.0,0.75,0.125,0.9375,161.0,0.0,4,12,1,1,6,0.0,4,34.0
common_7,F47_161_to_160,failure,F47_161_16,16,14.3,60.0,405.0,0.0,100.0,100.0,0.0,0.0,0.0,0.0,-0.8660254037844385,-0.5000000000000004,0.0,0.0,0.0,0.0,0.0,0.0,0.0,0.0,11.8,64.0,480.0,4.529411764705882,0.7647058823529411,53.76470588235294,0.4117647058823529,46.529411764705884,0.5294117647058824,42.64705882352941,0.47058823529411764,0.0,1.0,6.588235294117647,0.7647058823529411,0.11764705882352941,0.9411764705882353,161.0,1.0,4,12,1,1,7,0.0,4,34.0
common_7,F47_161_to_160,failure,F47_161_17,17,14.0,62.0,382.0,0.0,100.0,100.0,0.0,0.0,0.0,0.0,-0.9659258262890683,-0.25881904510252063,0.0,0.0,0.0,0.0,0.0,0.0,0.0,0.0,11.8,64.0,480.0,4.277777777777778,0.7777777777777778,56.333333333333336,0.3888888888888889,49.5,0.5,40.27777777777778,0.5,0.0,1.0,6.222222222222222,0.7777777777777778,0.1111111111111111,0.9444444444444444,161.0,2.0,4,12,1,1,8,0.0,4,34.0
common_7,F47_161_to_160,failure,F47_161_18,18,12.0,64.0,386.0,0.0,100.0,6.0,0.0,0.0,0.0,0.0,-1.0,-1.8369701987210297e-16,0.0,0.0,0.0,0.0,0.0,0.0,0.0,0.0,11.8,64.0,480.0,4.052631578947368,0.7894736842105263,58.63157894736842,0.3684210526315789,47.21052631578947,0.47368421052631576,38.1578947368421,0.5263157894736842,0.0,1.0,5.894736842105263,0.7894736842105263,0.10526315789473684,0.9473684210526315,161.0,3.0,4,12,1,1,9,0.0,4,34.0
common_7,F47_161_to_160,failure,F47_161_19,19,10.5,62.0,307.0,0.0,100.0,0.0,0.0,0.0,0.0,0.0,-0.9659258262890684,0.2588190451025203,0.0,0.0,0.0,0.0,0.0,0.0,0.0,0.0,11.8,64.0,480.0,3.85,0.8,60.7,0.35,44.85,0.5,36.25,0.55,0.0,1.0,5.6,0.8,0.1,0.95,161.0,4.0,4,12,2,1,0,0.0,4,34.0
common_7,F47_161_to_160,failure,F47_161_20,20,10.5,60.0,320.0,0.0,91.0,0.0,0.0,0.0,0.0,0.0,-0.8660254037844386,0.5000000000000001,0.0,0.0,0.0,0.0,0.0,0.0,0.0,0.0,11.8,64.0,480.0,3.6666666666666665,0.8095238095238095,62.142857142857146,0.3333333333333333,42.714285714285715,0.5238095238095238,34.523809523809526,0.5714285714285714,0.0,1.0,5.333333333333333,0.8095238095238095,0.09523809523809523,0.9523809523809523,161.0,5.0,4,12,2,1,1,0.0,4,34.0
common_7,F47_161_to_160,failure,F47_161_21,21,12.2,65.0,309.0,0.0,0.0,0.0,0.0,0.0,0.0,0.0,-0.7071067811865477,0.7071067811865474,0.0,0.0,0.0,0.0,0.0,0.0,0.0,0.0,11.8,64.0,480.0,3.5,0.8181818181818182,59.31818181818182,0.36363636363636365,40.77272727272727,0.5454545454545454,32.95454545454545,0.5909090909090909,0.0,1.0,5.090909090909091,0.8181818181818182,0.09090909090909091,0.9545454545454546,161.0,6.0,4,12,2,2,0,0.0,4,34.0
common_7,F47_161_to_160,failure,F47_161_22,22,13.1,66.0,314.0,0.0,0.0,0.0,0.0,0.0,0.0,0.0,-0.5000000000000004,0.8660254037844384,0.0,0.0,0.0,0.0,0.0,0.0,0.0,0.0,11.8,64.0,480.0,3.347826086956522,0.8260869565217391,56.73913043478261,0.391304347826087,39.0,0.5652173913043478,31.52173913043478,0.6086956521739131,0.0,1.0,4.869565217391305,0.8260869565217391,0.08695652173913043,0.9565217391304348,161.0,7.0,4,12,2,2,1,0.0,4,34.0
common_7,F47_161_to_160,failure,F47_161_23,23,13.4,66.0,333.0,0.0,0.0,0.0,0.0,0.0,0.0,0.0,-0.25881904510252157,0.9659258262890681,0.0,0.0,0.0,0.0,0.0,0.0,0.0,0.0,11.8,64.0,480.0,3.2083333333333335,0.8333333333333334,54.375,0.4166666666666667,37.375,0.5833333333333334,30.208333333333332,0.625,0.0,1.0,4.666666666666667,0.8333333333333334,0.08333333333333333,0.9583333333333334,161.0,8.0,4,12,2,2,2,0.0,4,34.0
common_101,F47_161_to_165,control,F47_165_00,0,7.7,70.0,388.0,0.0,1.0,0.0,100.0,100.0,0.0,0.0,0.0,1.0,1.0,0.0,1.0,0.0,100.0,100.0,0.0,0.0,7.7,70.0,388.0,0.0,1.0,1.0,0.0,0.0,1.0,100.0,0.0,100.0,0.0,0.0,1.0,0.0,1.0,165.0,1.0,0,24,0,0,1,1.0,0,0.0
common_101,F47_161_to_165,control,F47_165_01,1,7.2,71.0,391.0,0.0,1.0,0.0,100.0,100.0,0.0,0.0,0.25881904510252074,0.9659258262890683,0.0,0.0,1.0,0.0,100.0,100.0,0.0,0.0,7.7,70.0,388.0,0.0,1.0,1.0,0.0,0.0,1.0,100.0,0.0,100.0,0.0,0.0,1.0,0.0,1.0,165.0,2.0,0,24,0,0,2,2.0,0,0.0
common_101,F47_161_to_165,control,F47_165_02,2,7.2,71.0,394.0,0.0,1.0,0.0,100.0,100.0,0.0,0.0,0.49999999999999994,0.8660254037844387,0.0,0.0,1.0,0.0,100.0,100.0,0.0,0.0,7.7,70.0,388.0,0.0,1.0,1.0,0.0,0.0,1.0,100.0,0.0,100.0,0.0,0.0,1.0,0.0,1.0,165.0,3.0,0,24,0,0,3,3.0,0,0.0
common_101,F47_161_to_165,control,F47_165_03,3,7.0,72.0,394.0,0.0,1.0,0.0,100.0,100.0,0.0,0.0,0.7071067811865476,0.7071067811865476,0.0,0.0,1.0,0.0,100.0,100.0,0.0,0.0,7.7,70.0,388.0,0.0,1.0,1.0,0.0,0.0,1.0,100.0,0.0,100.0,0.0,0.0,1.0,0.0,1.0,165.0,4.0,0,24,0,0,4,4.0,0,0.0
common_101,F47_161_to_165,control,F47_165_04,4,6.6,72.0,395.0,0.0,1.0,0.0,100.0,100.0,0.0,0.0,0.8660254037844386,0.5000000000000001,0.0,0.0,1.0,0.0,100.0,100.0,0.0,0.0,7.7,70.0,388.0,0.0,1.0,1.0,0.0,0.0,1.0,100.0,0.0,100.0,0.0,0.0,1.0,0.0,1.0,165.0,5.0,0,24,0,0,5,5.0,0,0.0
common_101,F47_161_to_165,control,F47_165_05,5,6.0,72.0,400.0,0.0,1.0,0.0,100.0,100.0,0.0,0.0,0.9659258262890683,0.25881904510252074,0.0,0.0,1.0,0.0,100.0,100.0,0.0,0.0,7.7,70.0,388.0,0.0,1.0,1.0,0.0,0.0,1.0,100.0,0.0,100.0,0.0,0.0,1.0,0.0,1.0,165.0,6.0,0,24,0,0,6,6.0,0,0.0
common_101,F47_161_to_165,control,F47_165_06,6,5.6,72.0,403.0,0.0,1.0,0.0,100.0,100.0,0.0,0.0,1.0,6.123233995736766e-17,0.0,0.0,1.0,0.0,100.0,100.0,0.0,0.0,7.7,70.0,388.0,0.0,1.0,1.0,0.0,0.0,1.0,100.0,0.0,100.0,0.0,0.0,1.0,0.0,1.0,165.0,7.0,0,24,0,0,7,7.0,0,0.0
common_101,F47_161_to_165,control,F47_165_07,7,5.4,72.0,404.0,0.0,1.0,0.0,100.0,100.0,0.0,0.0,0.9659258262890683,-0.25881904510252063,0.0,0.0,1.0,0.0,100.0,100.0,0.0,0.0,7.7,70.0,388.0,0.0,1.0,1.0,0.0,0.0,1.0,100.0,0.0,100.0,0.0,0.0,1.0,0.0,1.0,165.0,8.0,0,24,0,0,8,8.0,0,0.0
common_101,F47_161_to_165,control,F47_165_08,8,7.1,71.0,406.0,0.0,1.0,0.0,100.0,100.0,0.0,0.0,0.8660254037844387,-0.4999999999999998,0.0,0.0,1.0,0.0,100.0,100.0,0.0,0.0,7.7,70.0,388.0,0.0,1.0,1.0,0.0,0.0,1.0,100.0,0.0,100.0,0.0,0.0,1.0,0.0,1.0,165.0,9.0,0,24,0,0,9,9.0,0,0.0
common_101,F47_161_to_165,control,F47_165_09,9,,,,11.0,15.0,24.0,82.0,82.0,0.0,0.0,0.7071067811865476,-0.7071067811865475,0.0,0.0,1.0,0.0,100.0,100.0,0.0,0.0,7.7,70.0,388.0,1.1,0.9,2.4,0.0,2.4,0.9,98.2,0.0,98.2,0.0,0.0,1.0,0.0,1.0,165.0,0.0,1,9,1,0,0,10.0,0,11.0
common_101,F47_161_to_165,control,F47_165_10,10,,,,30.0,39.0,70.0,0.0,0.0,0.0,0.0,0.49999999999999994,-0.8660254037844387,0.0,0.0,1.0,0.0,100.0,100.0,0.0,0.0,7.7,70.0,388.0,3.727272727272727,0.8181818181818182,5.7272727272727275,0.0,8.545454545454545,0.8181818181818182,89.27272727272727,0.09090909090909091,89.27272727272727,0.09090909090909091,0.0,1.0,0.0,1.0,165.0,0.0,2,9,1,0,1,0.0,0,30.0
common_101,F47_161_to_165,control,F47_165_11,11,,,,30.0,39.0,70.0,0.0,0.0,0.0,0.0,0.258819045102521,-0.9659258262890682,0.0,0.0,1.0,0.0,100.0,100.0,0.0,0.0,7.7,70.0,388.0,5.916666666666667,0.75,8.5,0.0,13.666666666666666,0.75,81.83333333333333,0.16666666666666666,81.83333333333333,0.16666666666666666,0.0,1.0,0.0,1.0,165.0,0.0,3,9,1,0,2,0.0,0,30.0
common_101,F47_161_to_165,control,F47_165_12,12,14.0,61.0,375.0,30.0,39.0,76.0,0.0,0.0,0.0,0.0,1.2246467991473532e-16,-1.0,0.0,0.0,1.0,0.0,100.0,100.0,0.0,0.0,7.7,70.0,388.0,7.769230769230769,0.6923076923076923,10.846153846153847,0.0,18.46153846153846,0.6923076923076923,75.53846153846153,0.23076923076923078,75.53846153846153,0.23076923076923078,0.0,1.0,0.0,1.0,165.0,0.0,4,9,1,0,3,0.0,0,30.0
common_101,F47_161_to_165,control,F47_165_13,13,13.8,62.0,372.0,30.0,39.0,62.0,0.0,0.0,0.0,0.0,-0.2588190451025208,-0.9659258262890683,0.0,0.0,1.0,0.0,100.0,100.0,0.0,0.0,7.7,70.0,388.0,9.357142857142858,0.6428571428571429,12.857142857142858,0.0,21.571428571428573,0.6428571428571429,70.14285714285714,0.2857142857142857,70.14285714285714,0.2857142857142857,0.0,1.0,0.0,1.0,165.0,0.0,5,9,1,0,4,0.0,0,30.0
common_101,F47_161_to_165,control,F47_165_14,14,13.9,60.0,368.0,30.0,39.0,62.0,0.0,0.0,0.0,0.0,-0.4999999999999997,-0.8660254037844388,0.0,0.0,1.0,0.0,100.0,100.0,0.0,0.0,7.7,70.0,388.0,10.733333333333333,0.6,14.6,0.0,24.266666666666666,0.6,65.46666666666667,0.3333333333333333,65.46666666666667,0.3333333333333333,0.0,1.0,0.0,1.0,165.0,0.0,6,9,1,0,5,0.0,0,30.0
common_101,F47_161_to_165,control,F47_165_15,15,13.2,61.0,369.0,30.0,39.0,58.0,20.0,20.0,0.0,0.0,-0.7071067811865471,-0.7071067811865479,0.0,0.0,1.0,0.0,100.0,100.0,0.0,0.0,7.7,70.0,388.0,11.9375,0.5625,16.125,0.0,26.375,0.5625,62.625,0.3125,62.625,0.3125,0.0,1.0,0.0,1.0,165.0,0.0,7,9,1,0,6,1.0,0,30.0
common_101,F47_161_to_165,control,F47_165_16,16,11.8,63.0,370.0,30.0,39.0,56.0,47.0,18.0,0.0,0.0,-0.8660254037844385,-0.5000000000000004,0.0,0.0,1.0,0.0,100.0,100.0,0.0,0.0,7.7,70.0,388.0,13.0,0.5294117647058824,17.470588235294116,0.0,28.11764705882353,0.5294117647058824,61.705882352941174,0.29411764705882354,60.0,0.29411764705882354,0.0,1.0,0.0,1.0,165.0,0.0,8,9,1,0,7,2.0,0,30.0
common_101,F47_161_to_165,control,F47_165_17,17,10.1,65.0,372.0,22.0,20.0,22.0,60.0,53.0,0.0,0.0,-0.9659258262890683,-0.25881904510252063,0.0,0.0,1.0,0.0,100.0,100.0,0.0,0.0,7.7,70.0,388.0,13.5,0.5,17.61111111111111,0.0,27.77777777777778,0.5,61.611111111111114,0.2777777777777778,59.611111111111114,0.2777777777777778,0.0,1.0,0.0,1.0,165.0,0.0,9,9,1,0,8,3.0,0,30.0
common_101,F47_161_to_165,control,F47_165_18,18,10.0,68.0,373.0,5.0,1.0,4.0,87.0,87.0,0.0,0.0,-1.0,-1.8369701987210297e-16,0.0,0.0,1.0,0.0,100.0,100.0,0.0,0.0,7.7,70.0,388.0,13.052631578947368,0.47368421052631576,16.736842105263158,0.0,26.526315789473685,0.47368421052631576,62.94736842105263,0.2631578947368421,61.05263157894737,0.2631578947368421,0.0,1.0,0.0,1.0,165.0,0.0,10,9,1,0,9,4.0,0,30.0
common_101,F47_161_to_165,control,F47_165_19,19,9.7,70.0,381.0,7.0,0.0,6.0,100.0,100.0,0.0,0.0,-0.9659258262890684,0.2588190451025203,0.0,0.0,1.0,0.0,100.0,100.0,0.0,0.0,7.7,70.0,388.0,12.75,0.45,15.9,0.05,25.5,0.45,64.8,0.25,63.0,0.25,0.0,1.0,0.0,1.0,165.0,0.0,11,9,1,1,0,5.0,0,30.0
common_101,F47_161_to_165,control,F47_165_20,20,8.9,72.0,380.0,9.0,0.0,6.0,100.0,100.0,0.0,0.0,-0.8660254037844386,0.5000000000000001,0.0,0.0,1.0,0.0,100.0,100.0,0.0,0.0,7.7,70.0,388.0,12.571428571428571,0.42857142857142855,15.142857142857142,0.09523809523809523,24.571428571428573,0.42857142857142855,66.47619047619048,0.23809523809523808,64.76190476190476,0.23809523809523808,0.0,1.0,0.0,1.0,165.0,0.0,12,9,1,1,1,6.0,0,30.0
common_101,F47_161_to_165,control,F47_165_21,21,10.0,73.0,382.0,1.0,0.0,0.0,78.0,78.0,0.0,0.0,-0.7071067811865477,0.7071067811865474,0.0,0.0,1.0,0.0,100.0,100.0,0.0,0.0,7.7,70.0,388.0,12.045454545454545,0.4090909090909091,14.454545454545455,0.13636363636363635,23.454545454545453,0.45454545454545453,67.0,0.22727272727272727,65.36363636363636,0.22727272727272727,0.0,1.0,0.0,1.0,165.0,0.0,13,9,2,1,0,7.0,0,30.0
common_101,F47_161_to_165,control,F47_165_22,22,10.0,74.0,386.0,1.0,0.0,0.0,78.0,67.0,0.0,0.0,-0.5000000000000004,0.8660254037844384,0.0,0.0,1.0,0.0,100.0,100.0,0.0,0.0,7.7,70.0,388.0,11.565217391304348,0.391304347826087,13.826086956521738,0.17391304347826086,22.434782608695652,0.4782608695652174,67.47826086956522,0.21739130434782608,65.43478260869566,0.21739130434782608,0.0,1.0,0.0,1.0,165.0,0.0,14,9,2,1,1,8.0,0,30.0
common_101,F47_161_to_165,control,F47_165_23,23,10.0,75.0,387.0,1.0,0.0,0.0,80.0,80.0,0.0,0.0,-0.25881904510252157,0.9659258262890681,0.0,0.0,1.0,0.0,100.0,100.0,0.0,0.0,7.7,70.0,388.0,11.125,0.375,13.25,0.20833333333333334,21.5,0.5,68.0,0.20833333333333334,66.04166666666667,0.20833333333333334,0.0,1.0,0.0,1.0,165.0,0.0,15,9,2,1,2,9.0,0,30.0
common_101,F47_161_to_165,failure,F47_161_00,0,11.8,64.0,480.0,0.0,0.0,0.0,0.0,0.0,0.0,0.0,0.0,1.0,1.0,0.0,0.0,0.0,0.0,0.0,0.0,0.0,11.8,64.0,480.0,0.0,1.0,0.0,1.0,0.0,1.0,0.0,1.0,0.0,1.0,0.0,1.0,0.0,1.0,161.0,1.0,0,24,0,0,1,0.0,0,0.0
common_101,F47_161_to_165,failure,F47_161_01,1,11.2,65.0,484.0,0.0,0.0,0.0,0.0,0.0,0.0,0.0,0.25881904510252074,0.9659258262890683,0.0,0.0,0.0,0.0,0.0,0.0,0.0,0.0,11.8,64.0,480.0,0.0,1.0,0.0,1.0,0.0,1.0,0.0,1.0,0.0,1.0,0.0,1.0,0.0,1.0,161.0,2.0,0,24,0,0,2,0.0,0,0.0
common_101,F47_161_to_165,failure,F47_161_02,2,9.9,70.0,456.0,0.0,0.0,0.0,23.0,0.0,0.0,0.0,0.49999999999999994,0.8660254037844387,0.0,0.0,0.0,0.0,0.0,0.0,0.0,0.0,11.8,64.0,480.0,0.0,1.0,0.0,1.0,0.0,1.0,7.666666666666667,0.6666666666666666,0.0,1.0,0.0,1.0,0.0,1.0,161.0,3.0,0,24,0,0,3,1.0,0,0.0
common_101,F47_161_to_165,failure,F47_161_03,3,8.8,65.0,363.0,0.0,0.0,0.0,100.0,0.0,0.0,0.0,0.7071067811865476,0.7071067811865476,0.0,0.0,0.0,0.0,0.0,0.0,0.0,0.0,11.8,64.0,480.0,0.0,1.0,0.0,1.0,0.0,1.0,30.75,0.5,0.0,1.0,0.0,1.0,0.0,1.0,161.0,4.0,0,24,0,0,4,2.0,0,0.0
common_101,F47_161_to_165,failure,F47_161_04,4,7.7,64.0,386.0,0.0,0.0,0.0,100.0,0.0,0.0,0.0,0.8660254037844386,0.5000000000000001,0.0,0.0,0.0,0.0,0.0,0.0,0.0,0.0,11.8,64.0,480.0,0.0,1.0,0.0,1.0,0.0,1.0,44.6,0.4,0.0,1.0,0.0,1.0,0.0,1.0,161.0,5.0,0,24,0,0,5,3.0,0,0.0
common_101,F47_161_to_165,failure,F47_161_05,5,8.5,64.0,318.0,0.0,0.0,0.0,100.0,0.0,0.0,0.0,0.9659258262890683,0.25881904510252074,0.0,0.0,0.0,0.0,0.0,0.0,0.0,0.0,11.8,64.0,480.0,0.0,1.0,0.0,1.0,0.0,1.0,53.833333333333336,0.3333333333333333,0.0,1.0,0.0,1.0,0.0,1.0,161.0,6.0,0,24,0,0,6,4.0,0,0.0
common_101,F47_161_to_165,failure,F47_161_06,6,9.2,64.0,347.0,0.0,0.0,0.0,100.0,0.0,0.0,0.0,1.0,6.123233995736766e-17,0.0,0.0,0.0,0.0,0.0,0.0,0.0,0.0,11.8,64.0,480.0,0.0,1.0,0.0,1.0,0.0,1.0,60.42857142857143,0.2857142857142857,0.0,1.0,0.0,1.0,0.0,1.0,161.0,7.0,0,24,0,0,7,5.0,0,0.0
common_101,F47_161_to_165,failure,F47_161_07,7,9.3,65.0,426.0,0.0,14.0,0.0,100.0,0.0,30.0,0.0,0.9659258262890683,-0.25881904510252063,0.0,0.0,0.0,0.0,0.0,0.0,0.0,0.0,11.8,64.0,480.0,0.0,1.0,1.75,0.875,0.0,1.0,65.375,0.25,0.0,1.0,3.75,0.875,0.0,1.0,161.0,8.0,0,24,0,1,0,6.0,1,0.0
common_101,F47_161_to_165,failure,F47_161_08,8,9.4,64.0,508.0,0.0,100.0,0.0,100.0,0.0,0.0,0.0,0.8660254037844387,-0.4999999999999998,0.0,0.0,0.0,0.0,0.0,0.0,0.0,0.0,11.8,64.0,480.0,0.0,1.0,12.666666666666666,0.7777777777777778,0.0,1.0,69.22222222222223,0.2222222222222222,0.0,1.0,3.3333333333333335,0.8888888888888888,0.0,1.0,161.0,9.0,0,24,0,1,1,7.0,1,0.0
common_101,F47_161_to_165,failure,F47_161_09,9,12.6,64.0,504.0,0.0,100.0,91.0,100.0,0.0,0.0,0.0,0.7071067811865476,-0.7071067811865475,0.0,0.0,0.0,0.0,0.0,0.0,0.0,0.0,11.8,64.0,480.0,0.0,1.0,21.4,0.7,9.1,0.9,72.3,0.2,0.0,1.0,3.0,0.9,0.0,1.0,161.0,10.0,0,24,1,1,0,8.0,1,0.0
common_101,F47_161_to_165,failure,F47_161_10,10,18.7,60.0,469.0,0.0,100.0,100.0,2.0,0.0,0.0,0.0,0.49999999999999994,-0.8660254037844387,0.0,0.0,0.0,0.0,0.0,0.0,0.0,0.0,11.8,64.0,480.0,0.0,1.0,28.545454545454547,0.6363636363636364,17.363636363636363,0.8181818181818182,65.9090909090909,0.18181818181818182,0.0,1.0,2.727272727272727,0.9090909090909091,0.0,1.0,161.0,11.0,0,24,1,1,1,9.0,1,0.0
common_101,F47_161_to_165,failure,F47_161_11,11,22.1,52.0,434.0,0.0,100.0,100.0,0.0,0.0,0.0,0.0,0.258819045102521,-0.9659258262890682,0.0,0.0,0.0,0.0,0.0,0.0,0.0,0.0,11.8,64.0,480.0,0.0,1.0,34.5,0.5833333333333334,24.25,0.75,60.416666666666664,0.25,0.0,1.0,2.5,0.9166666666666666,0.0,1.0,161.0,12.0,0,24,1,1,2,0.0,1,0.0
common_101,F47_161_to_165,failure,F47_161_12,12,21.9,44.0,431.0,12.0,100.0,100.0,0.0,0.0,27.0,0.0,1.2246467991473532e-16,-1.0,0.0,0.0,0.0,0.0,0.0,0.0,0.0,0.0,11.8,64.0,480.0,0.9230769230769231,0.9230769230769231,39.53846153846154,0.5384615384615384,30.076923076923077,0.6923076923076923,55.76923076923077,0.3076923076923077,0.0,1.0,4.384615384615385,0.8461538461538461,0.0,1.0,161.0,0.0,1,12,1,1,3,0.0,2,12.0
common_101,F47_161_to_165,failure,F47_161_13,13,20.9,41.0,394.0,30.0,100.0,100.0,0.0,0.0,35.0,2.0,-0.2588190451025208,-0.9659258262890683,0.0,0.0,0.0,0.0,0.0,0.0,0.0,0.0,11.8,64.0,480.0,3.0,0.8571428571428571,43.857142857142854,0.5,35.07142857142857,0.6428571428571429,51.785714285714285,0.35714285714285715,0.0,1.0,6.571428571428571,0.7857142857142857,0.14285714285714285,0.9285714285714286,161.0,0.0,2,12,1,1,4,0.0,3,30.0
common_101,F47_161_to_165,failure,F47_161_14,14,17.7,47.0,409.0,34.0,100.0,100.0,0.0,0.0,20.0,0.0,-0.4999999999999997,-0.8660254037844388,0.0,0.0,0.0,0.0,0.0,0.0,0.0,0.0,11.8,64.0,480.0,5.066666666666666,0.8,47.6,0.4666666666666667,39.4,0.6,48.333333333333336,0.4,0.0,1.0,7.466666666666667,0.7333333333333333,0.13333333333333333,0.9333333333333333,161.0,0.0,3,12,1,1,5,0.0,4,34.0
common_101,F47_161_to_165,failure,F47_161_15,15,15.5,61.0,392.0,1.0,100.0,100.0,0.0,0.0,0.0,0.0,-0.7071067811865471,-0.7071067811865479,0.0,0.0,0.0,0.0,0.0,0.0,0.0,0.0,11.8,64.0,480.0,4.8125,0.75,50.875,0.4375,43.1875,0.5625,45.3125,0.4375,0.0,1.0,7.0,0.75,0.125,0.9375,161.0,0.0,4,12,1,1,6,0.0,4,34.0
common_101,F47_161_to_165,failure,F47_161_16,16,14.3,60.0,405.0,0.0,100.0,100.0,0.0,0.0,0.0,0.0,-0.8660254037844385,-0.5000000000000004,0.0,0.0,0.0,0.0,0.0,0.0,0.0,0.0,11.8,64.0,480.0,4.529411764705882,0.7647058823529411,53.76470588235294,0.4117647058823529,46.529411764705884,0.5294117647058824,42.64705882352941,0.47058823529411764,0.0,1.0,6.588235294117647,0.7647058823529411,0.11764705882352941,0.9411764705882353,161.0,1.0,4,12,1,1,7,0.0,4,34.0
common_101,F47_161_to_165,failure,F47_161_17,17,14.0,62.0,382.0,0.0,100.0,100.0,0.0,0.0,0.0,0.0,-0.9659258262890683,-0.25881904510252063,0.0,0.0,0.0,0.0,0.0,0.0,0.0,0.0,11.8,64.0,480.0,4.277777777777778,0.7777777777777778,56.333333333333336,0.3888888888888889,49.5,0.5,40.27777777777778,0.5,0.0,1.0,6.222222222222222,0.7777777777777778,0.1111111111111111,0.9444444444444444,161.0,2.0,4,12,1,1,8,0.0,4,34.0
common_101,F47_161_to_165,failure,F47_161_18,18,12.0,64.0,386.0,0.0,100.0,6.0,0.0,0.0,0.0,0.0,-1.0,-1.8369701987210297e-16,0.0,0.0,0.0,0.0,0.0,0.0,0.0,0.0,11.8,64.0,480.0,4.052631578947368,0.7894736842105263,58.63157894736842,0.3684210526315789,47.21052631578947,0.47368421052631576,38.1578947368421,0.5263157894736842,0.0,1.0,5.894736842105263,0.7894736842105263,0.10526315789473684,0.9473684210526315,161.0,3.0,4,12,1,1,9,0.0,4,34.0
common_101,F47_161_to_165,failure,F47_161_19,19,10.5,62.0,307.0,0.0,100.0,0.0,0.0,0.0,0.0,0.0,-0.9659258262890684,0.2588190451025203,0.0,0.0,0.0,0.0,0.0,0.0,0.0,0.0,11.8,64.0,480.0,3.85,0.8,60.7,0.35,44.85,0.5,36.25,0.55,0.0,1.0,5.6,0.8,0.1,0.95,161.0,4.0,4,12,2,1,0,0.0,4,34.0
common_101,F47_161_to_165,failure,F47_161_20,20,10.5,60.0,320.0,0.0,91.0,0.0,0.0,0.0,0.0,0.0,-0.8660254037844386,0.5000000000000001,0.0,0.0,0.0,0.0,0.0,0.0,0.0,0.0,11.8,64.0,480.0,3.6666666666666665,0.8095238095238095,62.142857142857146,0.3333333333333333,42.714285714285715,0.5238095238095238,34.523809523809526,0.5714285714285714,0.0,1.0,5.333333333333333,0.8095238095238095,0.09523809523809523,0.9523809523809523,161.0,5.0,4,12,2,1,1,0.0,4,34.0
common_101,F47_161_to_165,failure,F47_161_21,21,12.2,65.0,309.0,0.0,0.0,0.0,0.0,0.0,0.0,0.0,-0.7071067811865477,0.7071067811865474,0.0,0.0,0.0,0.0,0.0,0.0,0.0,0.0,11.8,64.0,480.0,3.5,0.8181818181818182,59.31818181818182,0.36363636363636365,40.77272727272727,0.5454545454545454,32.95454545454545,0.5909090909090909,0.0,1.0,5.090909090909091,0.8181818181818182,0.09090909090909091,0.9545454545454546,161.0,6.0,4,12,2,2,0,0.0,4,34.0
common_101,F47_161_to_165,failure,F47_161_22,22,13.1,66.0,314.0,0.0,0.0,0.0,0.0,0.0,0.0,0.0,-0.5000000000000004,0.8660254037844384,0.0,0.0,0.0,0.0,0.0,0.0,0.0,0.0,11.8,64.0,480.0,3.347826086956522,0.8260869565217391,56.73913043478261,0.391304347826087,39.0,0.5652173913043478,31.52173913043478,0.6086956521739131,0.0,1.0,4.869565217391305,0.8260869565217391,0.08695652173913043,0.9565217391304348,161.0,7.0,4,12,2,2,1,0.0,4,34.0
common_101,F47_161_to_165,failure,F47_161_23,23,13.4,66.0,333.0,0.0,0.0,0.0,0.0,0.0,0.0,0.0,-0.25881904510252157,0.9659258262890681,0.0,0.0,0.0,0.0,0.0,0.0,0.0,0.0,11.8,64.0,480.0,3.2083333333333335,0.8333333333333334,54.375,0.4166666666666667,37.375,0.5833333333333334,30.208333333333332,0.625,0.0,1.0,4.666666666666667,0.8333333333333334,0.08333333333333333,0.9583333333333334,161.0,8.0,4,12,2,2,2,0.0,4,34.0
common_101,F47_130_to_127,control,F47_127_00,0,9.8,65.0,362.0,0.0,0.0,0.0,40.0,40.0,0.0,0.0,0.0,1.0,1.0,0.0,0.0,0.0,40.0,40.0,0.0,0.0,9.8,65.0,362.0,0.0,1.0,0.0,1.0,0.0,1.0,40.0,0.0,40.0,0.0,0.0,1.0,0.0,1.0,127.0,1.0,0,24,0,0,1,1.0,0,0.0
common_101,F47_130_to_127,control,F47_127_01,1,9.7,65.0,363.0,0.0,0.0,0.0,47.0,43.0,0.0,0.0,0.25881904510252074,0.9659258262890683,0.0,0.0,0.0,0.0,40.0,40.0,0.0,0.0,9.8,65.0,362.0,0.0,1.0,0.0,1.0,0.0,1.0,43.5,0.0,41.5,0.0,0.0,1.0,0.0,1.0,127.0,2.0,0,24,0,0,2,2.0,0,0.0
common_101,F47_130_to_127,control,F47_127_02,2,10.0,64.0,362.0,0.0,0.0,0.0,43.0,33.0,0.0,0.0,0.49999999999999994,0.8660254037844387,0.0,0.0,0.0,0.0,40.0,40.0,0.0,0.0,9.8,65.0,362.0,0.0,1.0,0.0,1.0,0.0,1.0,43.333333333333336,0.0,38.666666666666664,0.0,0.0,1.0,0.0,1.0,127.0,3.0,0,24,0,0,3,3.0,0,0.0
common_101,F47_130_to_127,control,F47_127_03,3,9.9,64.0,365.0,0.0,0.0,0.0,53.0,47.0,0.0,0.0,0.7071067811865476,0.7071067811865476,0.0,0.0,0.0,0.0,40.0,40.0,0.0,0.0,9.8,65.0,362.0,0.0,1.0,0.0,1.0,0.0,1.0,45.75,0.0,40.75,0.0,0.0,1.0,0.0,1.0,127.0,4.0,0,24,0,0,4,4.0,0,0.0
common_101,F47_130_to_127,control,F47_127_04,4,8.5,67.0,369.0,0.0,0.0,0.0,100.0,7.0,0.0,0.0,0.8660254037844386,0.5000000000000001,0.0,0.0,0.0,0.0,40.0,40.0,0.0,0.0,9.8,65.0,362.0,0.0,1.0,0.0,1.0,0.0,1.0,56.6,0.0,34.0,0.0,0.0,1.0,0.0,1.0,127.0,5.0,0,24,0,0,5,5.0,0,0.0
common_101,F47_130_to_127,control,F47_127_05,5,9.4,63.0,374.0,0.0,0.0,0.0,63.0,47.0,0.0,0.0,0.9659258262890683,0.25881904510252074,0.0,0.0,0.0,0.0,40.0,40.0,0.0,0.0,9.8,65.0,362.0,0.0,1.0,0.0,1.0,0.0,1.0,57.666666666666664,0.0,36.166666666666664,0.0,0.0,1.0,0.0,1.0,127.0,6.0,0,24,0,0,6,6.0,0,0.0
common_101,F47_130_to_127,control,F47_127_06,6,9.7,62.0,378.0,0.0,0.0,0.0,53.0,40.0,0.0,0.0,1.0,6.123233995736766e-17,0.0,0.0,0.0,0.0,40.0,40.0,0.0,0.0,9.8,65.0,362.0,0.0,1.0,0.0,1.0,0.0,1.0,57.0,0.0,36.714285714285715,0.0,0.0,1.0,0.0,1.0,127.0,7.0,0,24,0,0,7,7.0,0,0.0
common_101,F47_130_to_127,control,F47_127_07,7,9.5,62.0,381.0,0.0,0.0,0.0,57.0,45.0,0.0,0.0,0.9659258262890683,-0.25881904510252063,0.0,0.0,0.0,0.0,40.0,40.0,0.0,0.0,9.8,65.0,362.0,0.0,1.0,0.0,1.0,0.0,1.0,57.0,0.0,37.75,0.0,0.0,1.0,0.0,1.0,127.0,8.0,0,24,0,0,8,8.0,0,0.0
common_101,F47_130_to_127,control,F47_127_08,8,9.7,64.0,382.0,0.0,0.0,3.0,30.0,37.0,0.0,0.0,0.8660254037844387,-0.4999999999999998,0.0,0.0,0.0,0.0,40.0,40.0,0.0,0.0,9.8,65.0,362.0,0.0,1.0,0.0,1.0,0.3333333333333333,0.8888888888888888,54.0,0.0,37.666666666666664,0.0,0.0,1.0,0.0,1.0,127.0,9.0,0,24,1,0,0,9.0,0,0.0
common_101,F47_130_to_127,control,F47_127_09,9,11.8,63.0,384.0,0.0,53.0,99.0,33.0,47.0,0.0,0.0,0.7071067811865476,-0.7071067811865475,0.0,0.0,0.0,0.0,40.0,40.0,0.0,0.0,9.8,65.0,362.0,0.0,1.0,5.3,0.9,10.2,0.8,51.9,0.0,38.6,0.0,0.0,1.0,0.0,1.0,127.0,10.0,0,24,1,1,0,10.0,0,0.0
common_101,F47_130_to_127,control,F47_127_10,10,16.7,60.0,421.0,12.0,100.0,100.0,0.0,53.0,7.0,0.0,0.49999999999999994,-0.8660254037844387,0.0,0.0,0.0,0.0,40.0,40.0,0.0,0.0,9.8,65.0,362.0,1.0909090909090908,0.9090909090909091,13.909090909090908,0.8181818181818182,18.363636363636363,0.7272727272727273,47.18181818181818,0.09090909090909091,39.90909090909091,0.0,0.6363636363636364,0.9090909090909091,0.0,1.0,127.0,0.0,1,10,1,1,1,0.0,1,12.0
common_101,F47_130_to_127,control,F47_127_11,11,20.4,61.0,416.0,9.0,100.0,100.0,0.0,57.0,5.0,13.0,0.258819045102521,-0.9659258262890682,0.0,0.0,0.0,0.0,40.0,40.0,0.0,0.0,9.8,65.0,362.0,1.75,0.8333333333333334,21.083333333333332,0.75,25.166666666666668,0.6666666666666666,43.25,0.16666666666666666,41.333333333333336,0.0,1.0,0.8333333333333334,1.0833333333333333,0.9166666666666666,127.0,0.0,2,10,1,1,2,0.0,2,12.0
common_101,F47_130_to_127,control,F47_127_12,12,22.8,64.0,424.0,10.0,100.0,100.0,0.0,37.0,5.0,13.0,1.2246467991473532e-16,-1.0,0.0,0.0,0.0,0.0,40.0,40.0,0.0,0.0,9.8,65.0,362.0,2.3846153846153846,0.7692307692307693,27.153846153846153,0.6923076923076923,30.923076923076923,0.6153846153846154,39.92307692307692,0.23076923076923078,41.0,0.0,1.3076923076923077,0.7692307692307693,2.0,0.8461538461538461,127.0,0.0,3,10,1,1,3,0.0,3,12.0
common_101,F47_130_to_127,control,F47_127_13,13,23.4,66.0,434.0,13.0,100.0,100.0,0.0,52.0,10.0,23.0,-0.2588190451025208,-0.9659258262890683,0.0,0.0,0.0,0.0,40.0,40.0,0.0,0.0,9.8,65.0,362.0,3.142857142857143,0.7142857142857143,32.357142857142854,0.6428571428571429,35.857142857142854,0.5714285714285714,37.07142857142857,0.2857142857142857,41.785714285714285,0.0,1.9285714285714286,0.7142857142857143,3.5,0.7857142857142857,127.0,0.0,4,10,1,1,4,0.0,4,13.0
common_101,F47_130_to_127,control,F47_127_14,14,23.8,63.0,385.0,11.0,100.0,100.0,0.0,45.0,0.0,12.0,-0.4999999999999997,-0.8660254037844388,0.0,0.0,0.0,0.0,40.0,40.0,0.0,0.0,9.8,65.0,362.0,3.6666666666666665,0.6666666666666666,36.86666666666667,0.6,40.13333333333333,0.5333333333333333,34.6,0.3333333333333333,42.0,0.0,1.8,0.7333333333333333,4.066666666666666,0.7333333333333333,127.0,0.0,5,10,1,1,5,0.0,4,13.0
common_101,F47_130_to_127,control,F47_127_15,15,21.9,62.0,349.0,9.0,100.0,100.0,0.0,33.0,0.0,5.0,-0.7071067811865471,-0.7071067811865479,0.0,0.0,0.0,0.0,40.0,40.0,0.0,0.0,9.8,65.0,362.0,4.0,0.625,40.8125,0.5625,43.875,0.5,32.4375,0.375,41.4375,0.0,1.6875,0.75,4.125,0.6875,127.0,0.0,6,10,1,1,6,0.0,4,13.0
common_101,F47_130_to_127,control,F47_127_16,16,17.7,66.0,342.0,7.0,70.0,72.0,0.0,55.0,0.0,0.0,-0.8660254037844385,-0.5000000000000004,0.0,0.0,0.0,0.0,40.0,40.0,0.0,0.0,9.8,65.0,362.0,4.176470588235294,0.5882352941176471,42.529411764705884,0.5294117647058824,45.529411764705884,0.47058823529411764,30.529411764705884,0.4117647058823529,42.23529411764706,0.0,1.588235294117647,0.7647058823529411,3.8823529411764706,0.7058823529411765,127.0,0.0,7,10,1,1,7,0.0,4,13.0
common_101,F47_130_to_127,control,F47_127_17,17,15.2,66.0,340.0,3.0,0.0,0.0,17.0,52.0,0.0,0.0,-0.9659258262890683,-0.25881904510252063,0.0,0.0,0.0,0.0,40.0,40.0,0.0,0.0,9.8,65.0,362.0,4.111111111111111,0.5555555555555556,40.166666666666664,0.5555555555555556,43.0,0.5,29.77777777777778,0.3888888888888889,42.77777777777778,0.0,1.5,0.7777777777777778,3.6666666666666665,0.7222222222222222,127.0,0.0,8,10,2,2,0,1.0,4,13.0
common_101,F47_130_to_127,control,F47_127_18,18,11.5,70.0,343.0,1.0,0.0,0.0,0.0,38.0,0.0,0.0,-1.0,-1.8369701987210297e-16,0.0,0.0,0.0,0.0,40.0,40.0,0.0,0.0,9.8,65.0,362.0,3.9473684210526314,0.5263157894736842,38.05263157894737,0.5789473684210527,40.73684210526316,0.5263157894736842,28.210526315789473,0.42105263157894735,42.526315789473685,0.0,1.4210526315789473,0.7894736842105263,3.473684210526316,0.7368421052631579,127.0,0.0,9,10,2,2,1,0.0,4,13.0
common_101,F47_130_to_127,control,F47_127_19,19,10.1,70.0,350.0,0.0,0.0,0.0,17.0,38.0,0.0,0.0,-0.9659258262890684,0.2588190451025203,0.0,0.0,0.0,0.0,40.0,40.0,0.0,0.0,9.8,65.0,362.0,3.75,0.55,36.15,0.6,38.7,0.55,27.65,0.4,42.3,0.0,1.35,0.8,3.3,0.75,127.0,1.0,9,10,2,2,2,1.0,4,13.0
common_101,F47_130_to_127,control,F47_127_20,20,10.1,69.0,355.0,0.0,0.0,0.0,27.0,40.0,0.0,0.0,-0.8660254037844386,0.5000000000000001,0.0,0.0,0.0,0.0,40.0,40.0,0.0,0.0,9.8,65.0,362.0,3.5714285714285716,0.5714285714285714,34.42857142857143,0.6190476190476191,36.857142857142854,0.5714285714285714,27.61904761904762,0.38095238095238093,42.19047619047619,0.0,1.2857142857142858,0.8095238095238095,3.142857142857143,0.7619047619047619,127.0,2.0,9,10,2,2,3,2.0,4,13.0
common_101,F47_130_to_127,control,F47_127_21,21,10.1,68.0,360.0,0.0,0.0,0.0,100.0,0.0,0.0,0.0,-0.7071067811865477,0.7071067811865474,0.0,0.0,0.0,0.0,40.0,40.0,0.0,0.0,9.8,65.0,362.0,3.409090909090909,0.5909090909090909,32.86363636363637,0.6363636363636364,35.18181818181818,0.5909090909090909,30.90909090909091,0.36363636363636365,40.27272727272727,0.045454545454545456,1.2272727272727273,0.8181818181818182,3.0,0.7727272727272727,127.0,3.0,9,10,2,2,4,3.0,4,13.0
common_101,F47_130_to_127,control,F47_127_22,22,10.2,68.0,364.0,0.0,0.0,0.0,82.0,5.0,0.0,0.0,-0.5000000000000004,0.8660254037844384,0.0,0.0,0.0,0.0,40.0,40.0,0.0,0.0,9.8,65.0,362.0,3.260869565217391,0.6086956521739131,31.434782608695652,0.6521739130434783,33.65217391304348,0.6086956521739131,33.130434782608695,0.34782608695652173,38.73913043478261,0.043478260869565216,1.173913043478261,0.8260869565217391,2.869565217391304,0.782608695652174,127.0,4.0,9,10,2,2,5,4.0,4,13.0
common_101,F47_130_to_127,control,F47_127_23,23,10.2,67.0,369.0,0.0,0.0,0.0,45.0,20.0,0.0,0.0,-0.25881904510252157,0.9659258262890681,0.0,0.0,0.0,0.0,40.0,40.0,0.0,0.0,9.8,65.0,362.0,3.125,0.625,30.125,0.6666666666666666,32.25,0.625,33.625,0.3333333333333333,37.958333333333336,0.041666666666666664,1.125,0.8333333333333334,2.75,0.7916666666666666,127.0,5.0,9,10,2,2,6,5.0,4,13.0
common_101,F47_130_to_127,failure,F47_130_00,0,10.8,62.0,383.0,0.0,0.0,0.0,72.0,0.0,0.0,0.0,0.0,1.0,1.0,0.0,0.0,0.0,72.0,0.0,0.0,0.0,10.8,62.0,383.0,0.0,1.0,0.0,1.0,0.0,1.0,72.0,0.0,0.0,1.0,0.0,1.0,0.0,1.0,130.0,1.0,0,24,0,0,1,1.0,0,0.0
common_101,F47_130_to_127,failure,F47_130_01,1,10.0,64.0,382.0,0.0,0.0,0.0,30.0,0.0,0.0,0.0,0.25881904510252074,0.9659258262890683,0.0,0.0,0.0,0.0,72.0,0.0,0.0,0.0,10.8,62.0,383.0,0.0,1.0,0.0,1.0,0.0,1.0,51.0,0.0,0.0,1.0,0.0,1.0,0.0,1.0,130.0,2.0,0,24,0,0,2,2.0,0,0.0
common_101,F47_130_to_127,failure,F47_130_02,2,10.0,64.0,388.0,0.0,0.0,0.0,50.0,0.0,0.0,0.0,0.49999999999999994,0.8660254037844387,0.0,0.0,0.0,0.0,72.0,0.0,0.0,0.0,10.8,62.0,383.0,0.0,1.0,0.0,1.0,0.0,1.0,50.666666666666664,0.0,0.0,1.0,0.0,1.0,0.0,1.0,130.0,3.0,0,24,0,0,3,3.0,0,0.0
common_101,F47_130_to_127,failure,F47_130_03,3,10.4,63.0,387.0,0.0,0.0,0.0,52.0,0.0,0.0,0.0,0.7071067811865476,0.7071067811865476,0.0,0.0,0.0,0.0,72.0,0.0,0.0,0.0,10.8,62.0,383.0,0.0,1.0,0.0,1.0,0.0,1.0,51.0,0.0,0.0,1.0,0.0,1.0,0.0,1.0,130.0,4.0,0,24,0,0,4,4.0,0,0.0
common_101,F47_130_to_127,failure,F47_130_04,4,9.7,66.0,383.0,0.0,0.0,0.0,100.0,0.0,0.0,0.0,0.8660254037844386,0.5000000000000001,0.0,0.0,0.0,0.0,72.0,0.0,0.0,0.0,10.8,62.0,383.0,0.0,1.0,0.0,1.0,0.0,1.0,60.8,0.0,0.0,1.0,0.0,1.0,0.0,1.0,130.0,5.0,0,24,0,0,5,5.0,0,0.0
common_101,F47_130_to_127,failure,F47_130_05,5,8.8,70.0,386.0,0.0,0.0,0.0,100.0,0.0,0.0,0.0,0.9659258262890683,0.25881904510252074,0.0,0.0,0.0,0.0,72.0,0.0,0.0,0.0,10.8,62.0,383.0,0.0,1.0,0.0,1.0,0.0,1.0,67.33333333333333,0.0,0.0,1.0,0.0,1.0,0.0,1.0,130.0,6.0,0,24,0,0,6,6.0,0,0.0
common_101,F47_130_to_127,failure,F47_130_06,6,9.4,73.0,386.0,0.0,0.0,0.0,100.0,0.0,0.0,0.0,1.0,6.123233995736766e-17,0.0,0.0,0.0,0.0,72.0,0.0,0.0,0.0,10.8,62.0,383.0,0.0,1.0,0.0,1.0,0.0,1.0,72.0,0.0,0.0,1.0,0.0,1.0,0.0,1.0,130.0,7.0,0,24,0,0,7,7.0,0,0.0
common_101,F47_130_to_127,failure,F47_130_07,7,9.8,77.0,403.0,0.0,16.0,0.0,62.0,0.0,7.0,0.0,0.9659258262890683,-0.25881904510252063,0.0,0.0,0.0,0.0,72.0,0.0,0.0,0.0,10.8,62.0,383.0,0.0,1.0,2.0,0.875,0.0,1.0,70.75,0.0,0.0,1.0,0.875,0.875,0.0,1.0,130.0,8.0,0,24,0,1,0,8.0,1,0.0
common_101,F47_130_to_127,failure,F47_130_08,8,10.0,79.0,417.0,0.0,100.0,0.0,0.0,0.0,0.0,0.0,0.8660254037844387,-0.4999999999999998,0.0,0.0,0.0,0.0,72.0,0.0,0.0,0.0,10.8,62.0,383.0,0.0,1.0,12.88888888888889,0.7777777777777778,0.0,1.0,62.888888888888886,0.1111111111111111,0.0,1.0,0.7777777777777778,0.8888888888888888,0.0,1.0,130.0,9.0,0,24,0,1,1,0.0,1,0.0
common_101,F47_130_to_127,failure,F47_130_09,9,10.9,79.0,413.0,0.0,100.0,0.0,0.0,0.0,27.0,0.0,0.7071067811865476,-0.7071067811865475,0.0,0.0,0.0,0.0,72.0,0.0,0.0,0.0,10.8,62.0,383.0,0.0,1.0,21.6,0.7,0.0,1.0,56.6,0.2,0.0,1.0,3.4,0.8,0.0,1.0,130.0,10.0,0,24,0,1,2,0.0,2,0.0
common_101,F47_130_to_127,failure,F47_130_10,10,12.4,76.0,700.0,0.0,100.0,42.0,0.0,0.0,33.0,0.0,0.49999999999999994,-0.8660254037844387,0.0,0.0,0.0,0.0,72.0,0.0,0.0,0.0,10.8,62.0,383.0,0.0,1.0,28.727272727272727,0.6363636363636364,3.8181818181818183,0.9090909090909091,51.45454545454545,0.2727272727272727,0.0,1.0,6.090909090909091,0.7272727272727273,0.0,1.0,130.0,11.0,0,24,1,1,0,0.0,3,0.0
common_101,F47_130_to_127,failure,F47_130_11,11,19.6,58.0,609.0,0.0,100.0,100.0,0.0,0.0,0.0,0.0,0.258819045102521,-0.9659258262890682,0.0,0.0,0.0,0.0,72.0,0.0,0.0,0.0,10.8,62.0,383.0,0.0,1.0,34.666666666666664,0.5833333333333334,11.833333333333334,0.8333333333333334,47.166666666666664,0.3333333333333333,0.0,1.0,5.583333333333333,0.75,0.0,1.0,130.0,12.0,0,24,1,1,1,0.0,3,0.0
common_101,F47_130_to_127,failure,F47_130_12,12,25.1,49.0,459.0,13.0,100.0,100.0,0.0,0.0,0.0,0.0,1.2246467991473532e-16,-1.0,0.0,0.0,0.0,0.0,72.0,0.0,0.0,0.0,10.8,62.0,383.0,1.0,0.9230769230769231,39.69230769230769,0.5384615384615384,18.615384615384617,0.7692307692307693,43.53846153846154,0.38461538461538464,0.0,1.0,5.153846153846154,0.7692307692307693,0.0,1.0,130.0,0.0,1,12,1,1,2,0.0,3,13.0
common_101,F47_130_to_127,failure,F47_130_13,13,23.1,47.0,417.0,73.0,100.0,100.0,0.0,0.0,73.0,2.0,-0.2588190451025208,-0.9659258262890683,0.0,0.0,0.0,0.0,72.0,0.0,0.0,0.0,10.8,62.0,383.0,6.142857142857143,0.8571428571428571,44.0,0.5,24.428571428571427,0.7142857142857143,40.42857142857143,0.42857142857142855,0.0,1.0,10.0,0.7142857142857143,0.14285714285714285,0.9285714285714286,130.0,0.0,2,12,1,1,3,0.0,4,73.0
common_101,F47_130_to_127,failure,F47_130_14,14,22.5,48.0,395.0,45.0,100.0,100.0,0.0,0.0,20.0,0.0,-0.4999999999999997,-0.8660254037844388,0.0,0.0,0.0,0.0,72.0,0.0,0.0,0.0,10.8,62.0,383.0,8.733333333333333,0.8,47.733333333333334,0.4666666666666667,29.466666666666665,0.6666666666666666,37.733333333333334,0.4666666666666667,0.0,1.0,10.666666666666666,0.6666666666666666,0.13333333333333333,0.9333333333333333,130.0,0.0,3,12,1,1,4,0.0,5,73.0
common_101,F47_130_to_127,failure,F47_130_15,15,23.9,46.0,351.0,0.0,100.0,100.0,0.0,0.0,0.0,0.0,-0.7071067811865471,-0.7071067811865479,0.0,0.0,0.0,0.0,72.0,0.0,0.0,0.0,10.8,62.0,383.0,8.1875,0.8125,51.0,0.4375,33.875,0.625,35.375,0.5,0.0,1.0,10.0,0.6875,0.125,0.9375,130.0,1.0,3,12,1,1,5,0.0,5,73.0
common_101,F47_130_to_127,failure,F47_130_16,16,21.0,55.0,340.0,0.0,100.0,100.0,0.0,0.0,0.0,0.0,-0.8660254037844385,-0.5000000000000004,0.0,0.0,0.0,0.0,72.0,0.0,0.0,0.0,10.8,62.0,383.0,7.705882352941177,0.8235294117647058,53.88235294117647,0.4117647058823529,37.76470588235294,0.5882352941176471,33.294117647058826,0.5294117647058824,0.0,1.0,9.411764705882353,0.7058823529411765,0.11764705882352941,0.9411764705882353,130.0,2.0,3,12,1,1,6,0.0,5,73.0
common_101,F47_130_to_127,failure,F47_130_17,17,15.7,72.0,344.0,0.0,100.0,66.0,0.0,0.0,0.0,0.0,-0.9659258262890683,-0.25881904510252063,0.0,0.0,0.0,0.0,72.0,0.0,0.0,0.0,10.8,62.0,383.0,7.277777777777778,0.8333333333333334,56.44444444444444,0.3888888888888889,39.333333333333336,0.5555555555555556,31.444444444444443,0.5555555555555556,0.0,1.0,8.88888888888889,0.7222222222222222,0.1111111111111111,0.9444444444444444,130.0,3.0,3,12,1,1,7,0.0,5,73.0
common_101,F47_130_to_127,failure,F47_130_18,18,13.6,78.0,350.0,0.0,100.0,0.0,0.0,0.0,0.0,0.0,-1.0,-1.8369701987210297e-16,0.0,0.0,0.0,0.0,72.0,0.0,0.0,0.0,10.8,62.0,383.0,6.894736842105263,0.8421052631578947,58.73684210526316,0.3684210526315789,37.26315789473684,0.5789473684210527,29.789473684210527,0.5789473684210527,0.0,1.0,8.421052631578947,0.7368421052631579,0.10526315789473684,0.9473684210526315,130.0,4.0,3,12,2,1,0,0.0,5,73.0
common_101,F47_130_to_127,failure,F47_130_19,19,12.2,81.0,359.0,0.0,100.0,0.0,0.0,0.0,0.0,0.0,-0.9659258262890684,0.2588190451025203,0.0,0.0,0.0,0.0,72.0,0.0,0.0,0.0,10.8,62.0,383.0,6.55,0.85,60.8,0.35,35.4,0.6,28.3,0.6,0.0,1.0,8.0,0.75,0.1,0.95,130.0,5.0,3,12,2,1,1,0.0,5,73.0
common_101,F47_130_to_127,failure,F47_130_20,20,11.4,84.0,369.0,0.0,73.0,0.0,0.0,0.0,0.0,0.0,-0.8660254037844386,0.5000000000000001,0.0,0.0,0.0,0.0,72.0,0.0,0.0,0.0,10.8,62.0,383.0,6.238095238095238,0.8571428571428571,61.38095238095238,0.3333333333333333,33.714285714285715,0.6190476190476191,26.952380952380953,0.6190476190476191,0.0,1.0,7.619047619047619,0.7619047619047619,0.09523809523809523,0.9523809523809523,130.0,6.0,3,12,2,1,2,0.0,5,73.0
common_101,F47_130_to_127,failure,F47_130_21,21,11.0,86.0,381.0,0.0,0.0,0.0,0.0,0.0,0.0,0.0,-0.7071067811865477,0.7071067811865474,0.0,0.0,0.0,0.0,72.0,0.0,0.0,0.0,10.8,62.0,383.0,5.954545454545454,0.8636363636363636,58.59090909090909,0.36363636363636365,32.18181818181818,0.6363636363636364,25.727272727272727,0.6363636363636364,0.0,1.0,7.2727272727272725,0.7727272727272727,0.09090909090909091,0.9545454545454546,130.0,7.0,3,12,2,2,0,0.0,5,73.0
common_101,F47_130_to_127,failure,F47_130_22,22,10.5,86.0,388.0,0.0,0.0,0.0,0.0,0.0,0.0,0.0,-0.5000000000000004,0.8660254037844384,0.0,0.0,0.0,0.0,72.0,0.0,0.0,0.0,10.8,62.0,383.0,5.695652173913044,0.8695652173913043,56.04347826086956,0.391304347826087,30.782608695652176,0.6521739130434783,24.608695652173914,0.6521739130434783,0.0,1.0,6.956521739130435,0.782608695652174,0.08695652173913043,0.9565217391304348,130.0,8.0,3,12,2,2,1,0.0,5,73.0
common_101,F47_130_to_127,failure,F47_130_23,23,10.1,86.0,397.0,0.0,0.0,0.0,0.0,0.0,0.0,0.0,-0.25881904510252157,0.9659258262890681,0.0,0.0,0.0,0.0,72.0,0.0,0.0,0.0,10.8,62.0,383.0,5.458333333333333,0.875,53.708333333333336,0.4166666666666667,29.5,0.6666666666666666,23.583333333333332,0.6666666666666666,0.0,1.0,6.666666666666667,0.7916666666666666,0.08333333333333333,0.9583333333333334,130.0,9.0,3,12,2,2,2,0.0,5,73.0
common_101,F13_231_to_232,control,F13_232_00,0,10.1,80.0,345.0,0.0,0.0,0.0,0.0,45.0,0.0,0.0,0.0,1.0,1.0,0.0,0.0,0.0,0.0,45.0,0.0,0.0,10.1,80.0,345.0,0.0,1.0,0.0,1.0,0.0,1.0,0.0,1.0,45.0,0.0,0.0,1.0,0.0,1.0,140.24137931034483,1.0,0,24,0,0,1,0.0,0,0.0
common_101,F13_231_to_232,control,F13_232_01,1,10.6,80.0,349.0,0.0,0.0,0.0,0.0,40.0,0.0,0.0,0.25881904510252074,0.9659258262890683,0.0,0.0,0.0,0.0,0.0,45.0,0.0,0.0,10.1,80.0,345.0,0.0,1.0,0.0,1.0,0.0,1.0,0.0,1.0,42.5,0.0,0.0,1.0,0.0,1.0,140.24137931034483,2.0,0,24,0,0,2,0.0,0,0.0
common_101,F13_231_to_232,control,F13_232_02,2,10.1,81.0,349.0,0.0,0.0,0.0,17.0,45.0,0.0,0.0,0.49999999999999994,0.8660254037844387,0.0,0.0,0.0,0.0,0.0,45.0,0.0,0.0,10.1,80.0,345.0,0.0,1.0,0.0,1.0,0.0,1.0,5.666666666666667,0.6666666666666666,43.333333333333336,0.0,0.0,1.0,0.0,1.0,140.24137931034483,3.0,0,24,0,0,3,1.0,0,0.0
common_101,F13_231_to_232,control,F13_232_03,3,10.3,80.0,350.0,0.0,0.0,0.0,0.0,43.0,0.0,0.0,0.7071067811865476,0.7071067811865476,0.0,0.0,0.0,0.0,0.0,45.0,0.0,0.0,10.1,80.0,345.0,0.0,1.0,0.0,1.0,0.0,1.0,4.25,0.75,43.25,0.0,0.0,1.0,0.0,1.0,140.24137931034483,4.0,0,24,0,0,4,0.0,0,0.0
common_101,F13_231_to_232,control,F13_232_04,4,10.1,80.0,351.0,0.0,0.0,0.0,0.0,40.0,0.0,0.0,0.8660254037844386,0.5000000000000001,0.0,0.0,0.0,0.0,0.0,45.0,0.0,0.0,10.1,80.0,345.0,0.0,1.0,0.0,1.0,0.0,1.0,3.4,0.8,42.6,0.0,0.0,1.0,0.0,1.0,140.24137931034483,5.0,0,24,0,0,5,0.0,0,0.0
common_101,F13_231_to_232,control,F13_232_05,5,10.0,80.0,352.0,0.0,0.0,0.0,33.0,40.0,0.0,0.0,0.9659258262890683,0.25881904510252074,0.0,0.0,0.0,0.0,0.0,45.0,0.0,0.0,10.1,80.0,345.0,0.0,1.0,0.0,1.0,0.0,1.0,8.333333333333334,0.6666666666666666,42.166666666666664,0.0,0.0,1.0,0.0,1.0,140.24137931034483,6.0,0,24,0,0,6,1.0,0,0.0
common_101,F13_231_to_232,control,F13_232_06,6,10.4,80.0,353.0,0.0,0.0,0.0,0.0,45.0,0.0,0.0,1.0,6.123233995736766e-17,0.0,0.0,0.0,0.0,0.0,45.0,0.0,0.0,10.1,80.0,345.0,0.0,1.0,0.0,1.0,0.0,1.0,7.142857142857143,0.7142857142857143,42.57142857142857,0.0,0.0,1.0,0.0,1.0,140.24137931034483,7.0,0,24,0,0,7,0.0,0,0.0
common_101,F13_231_to_232,control,F13_232_07,7,10.0,81.0,351.0,0.0,0.0,0.0,33.0,42.0,0.0,0.0,0.9659258262890683,-0.25881904510252063,0.0,0.0,0.0,0.0,0.0,45.0,0.0,0.0,10.1,80.0,345.0,0.0,1.0,0.0,1.0,0.0,1.0,10.375,0.625,42.5,0.0,0.0,1.0,0.0,1.0,140.24137931034483,8.0,0,24,0,0,8,1.0,0,0.0
common_101,F13_231_to_232,control,F13_232_08,8,10.4,80.0,353.0,0.0,0.0,1.0,3.0,45.0,0.0,0.0,0.8660254037844387,-0.4999999999999998,0.0,0.0,0.0,0.0,0.0,45.0,0.0,0.0,10.1,80.0,345.0,0.0,1.0,0.0,1.0,0.1111111111111111,0.8888888888888888,9.555555555555555,0.5555555555555556,42.77777777777778,0.0,0.0,1.0,0.0,1.0,140.24137931034483,9.0,0,24,1,0,0,2.0,0,0.0
common_101,F13_231_to_232,control,F13_232_09,9,10.6,82.0,350.0,0.0,47.0,96.0,47.0,43.0,0.0,0.0,0.7071067811865476,-0.7071067811865475,0.0,0.0,0.0,0.0,0.0,45.0,0.0,0.0,10.1,80.0,345.0,0.0,1.0,4.7,0.9,9.7,0.8,13.3,0.5,42.8,0.0,0.0,1.0,0.0,1.0,140.24137931034483,10.0,0,24,1,1,0,3.0,0,0.0
common_101,F13_231_to_232,control,F13_232_10,10,14.3,76.0,339.0,10.0,100.0,100.0,0.0,42.0,53.0,0.0,0.49999999999999994,-0.8660254037844387,0.0,0.0,0.0,0.0,0.0,45.0,0.0,0.0,10.1,80.0,345.0,0.9090909090909091,0.9090909090909091,13.363636363636363,0.8181818181818182,17.90909090909091,0.7272727272727273,12.090909090909092,0.5454545454545454,42.72727272727273,0.0,4.818181818181818,0.9090909090909091,0.0,1.0,140.24137931034483,0.0,1,10,1,1,1,0.0,1,10.0
common_101,F13_231_to_232,control,F13_232_11,11,16.0,73.0,323.0,10.0,100.0,100.0,0.0,43.0,62.0,0.0,0.258819045102521,-0.9659258262890682,0.0,0.0,0.0,0.0,0.0,45.0,0.0,0.0,10.1,80.0,345.0,1.6666666666666667,0.8333333333333334,20.583333333333332,0.75,24.75,0.6666666666666666,11.083333333333334,0.5833333333333334,42.75,0.0,9.583333333333334,0.8333333333333334,0.0,1.0,140.24137931034483,0.0,2,10,1,1,2,0.0,2,10.0
common_101,F13_231_to_232,control,F13_232_12,12,19.3,65.0,310.0,10.0,100.0,100.0,0.0,43.0,62.0,0.0,1.2246467991473532e-16,-1.0,0.0,0.0,0.0,0.0,0.0,45.0,0.0,0.0,10.1,80.0,345.0,2.3076923076923075,0.7692307692307693,26.692307692307693,0.6923076923076923,30.53846153846154,0.6153846153846154,10.23076923076923,0.6153846153846154,42.76923076923077,0.0,13.615384615384615,0.7692307692307693,0.0,1.0,140.24137931034483,0.0,3,10,1,1,3,0.0,3,10.0
common_101,F13_231_to_232,control,F13_232_13,13,21.7,62.0,302.0,10.0,100.0,100.0,0.0,43.0,60.0,7.0,-0.2588190451025208,-0.9659258262890683,0.0,0.0,0.0,0.0,0.0,45.0,0.0,0.0,10.1,80.0,345.0,2.857142857142857,0.7142857142857143,31.928571428571427,0.6428571428571429,35.5,0.5714285714285714,9.5,0.6428571428571429,42.785714285714285,0.0,16.928571428571427,0.7142857142857143,0.5,0.9285714285714286,140.24137931034483,0.0,4,10,1,1,4,0.0,4,10.0
common_101,F13_231_to_232,control,F13_232_14,14,19.8,62.0,301.0,9.0,100.0,100.0,0.0,45.0,2.0,0.0,-0.4999999999999997,-0.8660254037844388,0.0,0.0,0.0,0.0,0.0,45.0,0.0,0.0,10.1,80.0,345.0,3.2666666666666666,0.6666666666666666,36.46666666666667,0.6,39.8,0.5333333333333333,8.866666666666667,0.6666666666666666,42.93333333333333,0.0,15.933333333333334,0.6666666666666666,0.4666666666666667,0.9333333333333333,140.24137931034483,0.0,5,10,1,1,5,0.0,5,10.0
common_101,F13_231_to_232,control,F13_232_15,15,17.2,66.0,300.0,8.0,100.0,100.0,0.0,42.0,0.0,0.0,-0.7071067811865471,-0.7071067811865479,0.0,0.0,0.0,0.0,0.0,45.0,0.0,0.0,10.1,80.0,345.0,3.5625,0.625,40.4375,0.5625,43.5625,0.5,8.3125,0.6875,42.875,0.0,14.9375,0.6875,0.4375,0.9375,140.24137931034483,0.0,6,10,1,1,6,0.0,5,10.0
common_101,F13_231_to_232,control,F13_232_16,16,14.2,73.0,304.0,8.0,78.0,78.0,28.0,50.0,0.0,0.0,-0.8660254037844385,-0.5000000000000004,0.0,0.0,0.0,0.0,0.0,45.0,0.0,0.0,10.1,80.0,345.0,3.823529411764706,0.5882352941176471,42.64705882352941,0.5294117647058824,45.588235294117645,0.47058823529411764,9.470588235294118,0.6470588235294118,43.294117647058826,0.0,14.058823529411764,0.7058823529411765,0.4117647058823529,0.9411764705882353,140.24137931034483,0.0,7,10,1,1,7,1.0,5,10.0
common_101,F13_231_to_232,control,F13_232_17,17,12.7,77.0,312.0,3.0,0.0,0.0,47.0,40.0,0.0,0.0,-0.9659258262890683,-0.25881904510252063,0.0,0.0,0.0,0.0,0.0,45.0,0.0,0.0,10.1,80.0,345.0,3.7777777777777777,0.5555555555555556,40.27777777777778,0.5555555555555556,43.05555555555556,0.5,11.555555555555555,0.6111111111111112,43.111111111111114,0.0,13.277777777777779,0.7222222222222222,0.3888888888888889,0.9444444444444444,140.24137931034483,0.0,8,10,2,2,0,2.0,5,10.0
common_101,F13_231_to_232,control,F13_232_18,18,11.4,81.0,317.0,7.0,0.0,0.0,0.0,45.0,0.0,0.0,-1.0,-1.8369701987210297e-16,0.0,0.0,0.0,0.0,0.0,45.0,0.0,0.0,10.1,80.0,345.0,3.9473684210526314,0.5263157894736842,38.1578947368421,0.5789473684210527,40.78947368421053,0.5263157894736842,10.947368421052632,0.631578947368421,43.21052631578947,0.0,12.578947368421053,0.7368421052631579,0.3684210526315789,0.9473684210526315,140.24137931034483,0.0,9,10,2,2,1,0.0,5,10.0
common_101,F13_231_to_232,control,F13_232_19,19,10.9,83.0,322.0,2.0,0.0,0.0,0.0,22.0,0.0,0.0,-0.9659258262890684,0.2588190451025203,0.0,0.0,0.0,0.0,0.0,45.0,0.0,0.0,10.1,80.0,345.0,3.85,0.5,36.25,0.6,38.75,0.55,10.4,0.65,42.15,0.0,11.95,0.75,0.35,0.95,140.24137931034483,0.0,10,10,2,2,2,0.0,5,10.0
common_101,F13_231_to_232,control,F13_232_20,20,10.6,84.0,326.0,2.0,0.0,0.0,0.0,47.0,0.0,0.0,-0.8660254037844386,0.5000000000000001,0.0,0.0,0.0,0.0,0.0,45.0,0.0,0.0,10.1,80.0,345.0,3.761904761904762,0.47619047619047616,34.523809523809526,0.6190476190476191,36.904761904761905,0.5714285714285714,9.904761904761905,0.6666666666666666,42.38095238095238,0.0,11.380952380952381,0.7619047619047619,0.3333333333333333,0.9523809523809523,140.24137931034483,0.0,11,10,2,2,3,0.0,5,10.0
common_101,F13_231_to_232,control,F13_232_21,21,9.7,83.0,331.0,4.0,0.0,0.0,78.0,43.0,0.0,0.0,-0.7071067811865477,0.7071067811865474,0.0,0.0,0.0,0.0,0.0,45.0,0.0,0.0,10.1,80.0,345.0,3.772727272727273,0.45454545454545453,32.95454545454545,0.6363636363636364,35.22727272727273,0.5909090909090909,13.0,0.6363636363636364,42.40909090909091,0.0,10.863636363636363,0.7727272727272727,0.3181818181818182,0.9545454545454546,140.24137931034483,0.0,12,10,2,2,4,1.0,5,10.0
common_101,F13_231_to_232,control,F13_232_22,22,10.0,84.0,333.0,4.0,0.0,0.0,38.0,40.0,0.0,0.0,-0.5000000000000004,0.8660254037844384,0.0,0.0,0.0,0.0,0.0,45.0,0.0,0.0,10.1,80.0,345.0,3.782608695652174,0.43478260869565216,31.52173913043478,0.6521739130434783,33.69565217391305,0.6086956521739131,14.08695652173913,0.6086956521739131,42.30434782608695,0.0,10.391304347826088,0.782608695652174,0.30434782608695654,0.9565217391304348,140.24137931034483,0.0,13,10,2,2,5,2.0,5,10.0
common_101,F13_231_to_232,control,F13_232_23,23,9.2,84.0,334.0,4.0,0.0,0.0,37.0,43.0,0.0,0.0,-0.25881904510252157,0.9659258262890681,0.0,0.0,0.0,0.0,0.0,45.0,0.0,0.0,10.1,80.0,345.0,3.7916666666666665,0.4166666666666667,30.208333333333332,0.6666666666666666,32.291666666666664,0.625,15.041666666666666,0.5833333333333334,42.333333333333336,0.0,9.958333333333334,0.7916666666666666,0.2916666666666667,0.9583333333333334,140.24137931034483,0.0,14,10,2,2,6,3.0,5,10.0
common_101,F13_231_to_232,failure,F13_231_00,0,10.0,82.0,353.0,0.0,0.0,0.0,0.0,0.0,0.0,0.0,0.0,1.0,1.0,0.0,0.0,0.0,0.0,0.0,0.0,0.0,10.0,82.0,353.0,0.0,1.0,0.0,1.0,0.0,1.0,0.0,1.0,0.0,1.0,0.0,1.0,0.0,1.0,139.17241379310346,1.0,0,24,0,0,1,0.0,0,0.0
common_101,F13_231_to_232,failure,F13_231_01,1,10.3,81.0,354.0,0.0,13.0,0.0,0.0,0.0,0.0,0.0,0.25881904510252074,0.9659258262890683,0.0,0.0,0.0,0.0,0.0,0.0,0.0,0.0,10.0,82.0,353.0,0.0,1.0,6.5,0.5,0.0,1.0,0.0,1.0,0.0,1.0,0.0,1.0,0.0,1.0,139.17241379310346,2.0,0,24,0,1,0,0.0,0,0.0
common_101,F13_231_to_232,failure,F13_231_02,2,9.9,83.0,356.0,0.0,0.0,0.0,0.0,0.0,0.0,0.0,0.49999999999999994,0.8660254037844387,0.0,0.0,0.0,0.0,0.0,0.0,0.0,0.0,10.0,82.0,353.0,0.0,1.0,4.333333333333333,0.6666666666666666,0.0,1.0,0.0,1.0,0.0,1.0,0.0,1.0,0.0,1.0,139.17241379310346,3.0,0,24,0,2,0,0.0,0,0.0
common_101,F13_231_to_232,failure,F13_231_03,3,10.1,82.0,357.0,0.0,0.0,0.0,0.0,0.0,0.0,0.0,0.7071067811865476,0.7071067811865476,0.0,0.0,0.0,0.0,0.0,0.0,0.0,0.0,10.0,82.0,353.0,0.0,1.0,3.25,0.75,0.0,1.0,0.0,1.0,0.0,1.0,0.0,1.0,0.0,1.0,139.17241379310346,4.0,0,24,0,2,1,0.0,0,0.0
common_101,F13_231_to_232,failure,F13_231_04,4,9.9,82.0,358.0,0.0,0.0,0.0,0.0,0.0,0.0,0.0,0.8660254037844386,0.5000000000000001,0.0,0.0,0.0,0.0,0.0,0.0,0.0,0.0,10.0,82.0,353.0,0.0,1.0,2.6,0.8,0.0,1.0,0.0,1.0,0.0,1.0,0.0,1.0,0.0,1.0,139.17241379310346,5.0,0,24,0,2,2,0.0,0,0.0
common_101,F13_231_to_232,failure,F13_231_05,5,9.7,83.0,359.0,0.0,7.0,0.0,0.0,0.0,0.0,0.0,0.9659258262890683,0.25881904510252074,0.0,0.0,0.0,0.0,0.0,0.0,0.0,0.0,10.0,82.0,353.0,0.0,1.0,3.3333333333333335,0.6666666666666666,0.0,1.0,0.0,1.0,0.0,1.0,0.0,1.0,0.0,1.0,139.17241379310346,6.0,0,24,0,3,0,0.0,0,0.0
common_101,F13_231_to_232,failure,F13_231_06,6,10.2,82.0,359.0,0.0,1.0,0.0,0.0,0.0,0.0,0.0,1.0,6.123233995736766e-17,0.0,0.0,0.0,0.0,0.0,0.0,0.0,0.0,10.0,82.0,353.0,0.0,1.0,3.0,0.5714285714285714,0.0,1.0,0.0,1.0,0.0,1.0,0.0,1.0,0.0,1.0,139.17241379310346,7.0,0,24,0,3,1,0.0,0,0.0
common_101,F13_231_to_232,failure,F13_231_07,7,9.8,83.0,359.0,0.0,22.0,0.0,0.0,0.0,30.0,0.0,0.9659258262890683,-0.25881904510252063,0.0,0.0,0.0,0.0,0.0,0.0,0.0,0.0,10.0,82.0,353.0,0.0,1.0,5.375,0.5,0.0,1.0,0.0,1.0,0.0,1.0,3.75,0.875,0.0,1.0,139.17241379310346,8.0,0,24,0,3,2,0.0,1,0.0
common_101,F13_231_to_232,failure,F13_231_08,8,10.1,82.0,359.0,0.0,100.0,0.0,0.0,0.0,100.0,0.0,0.8660254037844387,-0.4999999999999998,0.0,0.0,0.0,0.0,0.0,0.0,0.0,0.0,10.0,82.0,353.0,0.0,1.0,15.88888888888889,0.4444444444444444,0.0,1.0,0.0,1.0,0.0,1.0,14.444444444444445,0.7777777777777778,0.0,1.0,139.17241379310346,9.0,0,24,0,3,3,0.0,2,0.0
common_101,F13_231_to_232,failure,F13_231_09,9,10.7,83.0,359.0,0.0,100.0,0.0,0.0,0.0,100.0,0.0,0.7071067811865476,-0.7071067811865475,0.0,0.0,0.0,0.0,0.0,0.0,0.0,0.0,10.0,82.0,353.0,0.0,1.0,24.3,0.4,0.0,1.0,0.0,1.0,0.0,1.0,23.0,0.7,0.0,1.0,139.17241379310346,10.0,0,24,0,3,4,0.0,3,0.0
common_101,F13_231_to_232,failure,F13_231_10,10,13.9,77.0,353.0,0.0,100.0,69.0,0.0,0.0,100.0,0.0,0.49999999999999994,-0.8660254037844387,0.0,0.0,0.0,0.0,0.0,0.0,0.0,0.0,10.0,82.0,353.0,0.0,1.0,31.181818181818183,0.36363636363636365,6.2727272727272725,0.9090909090909091,0.0,1.0,0.0,1.0,30.0,0.6363636363636364,0.0,1.0,139.17241379310346,11.0,0,24,1,3,0,0.0,4,0.0
common_101,F13_231_to_232,failure,F13_231_11,11,17.2,72.0,341.0,0.0,100.0,100.0,0.0,0.0,100.0,0.0,0.258819045102521,-0.9659258262890682,0.0,0.0,0.0,0.0,0.0,0.0,0.0,0.0,10.0,82.0,353.0,0.0,1.0,36.916666666666664,0.3333333333333333,14.083333333333334,0.8333333333333334,0.0,1.0,0.0,1.0,35.833333333333336,0.5833333333333334,0.0,1.0,139.17241379310346,12.0,0,24,1,3,1,0.0,5,0.0
common_101,F13_231_to_232,failure,F13_231_12,12,21.3,66.0,327.0,0.0,100.0,100.0,0.0,0.0,100.0,0.0,1.2246467991473532e-16,-1.0,0.0,0.0,0.0,0.0,0.0,0.0,0.0,0.0,10.0,82.0,353.0,0.0,1.0,41.76923076923077,0.3076923076923077,20.692307692307693,0.7692307692307693,0.0,1.0,0.0,1.0,40.76923076923077,0.5384615384615384,0.0,1.0,139.17241379310346,13.0,0,24,1,3,2,0.0,6,0.0
common_101,F13_231_to_232,failure,F13_231_13,13,23.4,53.0,321.0,14.0,100.0,100.0,0.0,0.0,100.0,0.0,-0.2588190451025208,-0.9659258262890683,0.0,0.0,0.0,0.0,0.0,0.0,0.0,0.0,10.0,82.0,353.0,1.0,0.9285714285714286,45.92857142857143,0.2857142857142857,26.357142857142858,0.7142857142857143,0.0,1.0,0.0,1.0,45.0,0.5,0.0,1.0,139.17241379310346,0.0,1,13,1,3,3,0.0,7,14.0
common_101,F13_231_to_232,failure,F13_231_14,14,19.7,51.0,319.0,9.0,100.0,100.0,0.0,0.0,100.0,0.0,-0.4999999999999997,-0.8660254037844388,0.0,0.0,0.0,0.0,0.0,0.0,0.0,0.0,10.0,82.0,353.0,1.5333333333333334,0.8666666666666667,49.53333333333333,0.26666666666666666,31.266666666666666,0.6666666666666666,0.0,1.0,0.0,1.0,48.666666666666664,0.4666666666666667,0.0,1.0,139.17241379310346,0.0,2,13,1,3,4,0.0,8,14.0
common_101,F13_231_to_232,failure,F13_231_15,15,18.2,57.0,318.0,0.0,100.0,100.0,0.0,0.0,100.0,0.0,-0.7071067811865471,-0.7071067811865479,0.0,0.0,0.0,0.0,0.0,0.0,0.0,0.0,10.0,82.0,353.0,1.4375,0.875,52.6875,0.25,35.5625,0.625,0.0,1.0,0.0,1.0,51.875,0.4375,0.0,1.0,139.17241379310346,1.0,2,13,1,3,5,0.0,9,14.0
common_101,F13_231_to_232,failure,F13_231_16,16,14.9,68.0,323.0,0.0,100.0,100.0,0.0,0.0,23.0,0.0,-0.8660254037844385,-0.5000000000000004,0.0,0.0,0.0,0.0,0.0,0.0,0.0,0.0,10.0,82.0,353.0,1.3529411764705883,0.8823529411764706,55.470588235294116,0.23529411764705882,39.35294117647059,0.5882352941176471,0.0,1.0,0.0,1.0,50.1764705882353,0.4117647058823529,0.0,1.0,139.17241379310346,2.0,2,13,1,3,6,0.0,10,14.0
common_101,F13_231_to_232,failure,F13_231_17,17,11.9,79.0,328.0,0.0,100.0,51.0,0.0,0.0,0.0,0.0,-0.9659258262890683,-0.25881904510252063,0.0,0.0,0.0,0.0,0.0,0.0,0.0,0.0,10.0,82.0,353.0,1.2777777777777777,0.8888888888888888,57.94444444444444,0.2222222222222222,40.0,0.5555555555555556,0.0,1.0,0.0,1.0,47.388888888888886,0.4444444444444444,0.0,1.0,139.17241379310346,3.0,2,13,1,3,7,0.0,10,14.0
common_101,F13_231_to_232,failure,F13_231_18,18,11.2,81.0,333.0,0.0,100.0,0.0,0.0,0.0,0.0,0.0,-1.0,-1.8369701987210297e-16,0.0,0.0,0.0,0.0,0.0,0.0,0.0,0.0,10.0,82.0,353.0,1.2105263157894737,0.8947368421052632,60.1578947368421,0.21052631578947367,37.89473684210526,0.5789473684210527,0.0,1.0,0.0,1.0,44.89473684210526,0.47368421052631576,0.0,1.0,139.17241379310346,4.0,2,13,2,3,0,0.0,10,14.0
common_101,F13_231_to_232,failure,F13_231_19,19,10.7,84.0,338.0,0.0,100.0,0.0,0.0,0.0,0.0,0.0,-0.9659258262890684,0.2588190451025203,0.0,0.0,0.0,0.0,0.0,0.0,0.0,0.0,10.0,82.0,353.0,1.15,0.9,62.15,0.2,36.0,0.6,0.0,1.0,0.0,1.0,42.65,0.5,0.0,1.0,139.17241379310346,5.0,2,13,2,3,1,0.0,10,14.0
common_101,F13_231_to_232,failure,F13_231_20,20,10.2,87.0,340.0,0.0,56.0,0.0,0.0,0.0,0.0,0.0,-0.8660254037844386,0.5000000000000001,0.0,0.0,0.0,0.0,0.0,0.0,0.0,0.0,10.0,82.0,353.0,1.0952380952380953,0.9047619047619048,61.857142857142854,0.19047619047619047,34.285714285714285,0.6190476190476191,0.0,1.0,0.0,1.0,40.61904761904762,0.5238095238095238,0.0,1.0,139.17241379310346,6.0,2,13,2,3,2,0.0,10,14.0
common_101,F13_231_to_232,failure,F13_231_21,21,9.2,86.0,346.0,0.0,0.0,0.0,0.0,0.0,0.0,0.0,-0.7071067811865477,0.7071067811865474,0.0,0.0,0.0,0.0,0.0,0.0,0.0,0.0,10.0,82.0,353.0,1.0454545454545454,0.9090909090909091,59.04545454545455,0.22727272727272727,32.72727272727273,0.6363636363636364,0.0,1.0,0.0,1.0,38.77272727272727,0.5454545454545454,0.0,1.0,139.17241379310346,7.0,2,13,2,4,0,0.0,10,14.0
common_101,F13_231_to_232,failure,F13_231_22,22,9.4,88.0,347.0,0.0,0.0,0.0,0.0,0.0,0.0,0.0,-0.5000000000000004,0.8660254037844384,0.0,0.0,0.0,0.0,0.0,0.0,0.0,0.0,10.0,82.0,353.0,1.0,0.9130434782608695,56.47826086956522,0.2608695652173913,31.304347826086957,0.6521739130434783,0.0,1.0,0.0,1.0,37.08695652173913,0.5652173913043478,0.0,1.0,139.17241379310346,8.0,2,13,2,4,1,0.0,10,14.0
common_101,F13_231_to_232,failure,F13_231_23,23,8.7,88.0,349.0,0.0,0.0,0.0,0.0,0.0,0.0,0.0,-0.25881904510252157,0.9659258262890681,0.0,0.0,0.0,0.0,0.0,0.0,0.0,0.0,10.0,82.0,353.0,0.9583333333333334,0.9166666666666666,54.125,0.2916666666666667,30.0,0.6666666666666666,0.0,1.0,0.0,1.0,35.541666666666664,0.5833333333333334,0.0,1.0,139.17241379310346,9.0,2,13,2,4,2,0.0,10,14.0
common_101,F13_233_to_232,control,F13_232_00,0,10.1,80.0,345.0,0.0,0.0,0.0,0.0,45.0,0.0,0.0,0.0,1.0,1.0,0.0,0.0,0.0,0.0,45.0,0.0,0.0,10.1,80.0,345.0,0.0,1.0,0.0,1.0,0.0,1.0,0.0,1.0,45.0,0.0,0.0,1.0,0.0,1.0,140.24137931034483,1.0,0,24,0,0,1,0.0,0,0.0
common_101,F13_233_to_232,control,F13_232_01,1,10.6,80.0,349.0,0.0,0.0,0.0,0.0,40.0,0.0,0.0,0.25881904510252074,0.9659258262890683,0.0,0.0,0.0,0.0,0.0,45.0,0.0,0.0,10.1,80.0,345.0,0.0,1.0,0.0,1.0,0.0,1.0,0.0,1.0,42.5,0.0,0.0,1.0,0.0,1.0,140.24137931034483,2.0,0,24,0,0,2,0.0,0,0.0
common_101,F13_233_to_232,control,F13_232_02,2,10.1,81.0,349.0,0.0,0.0,0.0,17.0,45.0,0.0,0.0,0.49999999999999994,0.8660254037844387,0.0,0.0,0.0,0.0,0.0,45.0,0.0,0.0,10.1,80.0,345.0,0.0,1.0,0.0,1.0,0.0,1.0,5.666666666666667,0.6666666666666666,43.333333333333336,0.0,0.0,1.0,0.0,1.0,140.24137931034483,3.0,0,24,0,0,3,1.0,0,0.0
common_101,F13_233_to_232,control,F13_232_03,3,10.3,80.0,350.0,0.0,0.0,0.0,0.0,43.0,0.0,0.0,0.7071067811865476,0.7071067811865476,0.0,0.0,0.0,0.0,0.0,45.0,0.0,0.0,10.1,80.0,345.0,0.0,1.0,0.0,1.0,0.0,1.0,4.25,0.75,43.25,0.0,0.0,1.0,0.0,1.0,140.24137931034483,4.0,0,24,0,0,4,0.0,0,0.0
common_101,F13_233_to_232,control,F13_232_04,4,10.1,80.0,351.0,0.0,0.0,0.0,0.0,40.0,0.0,0.0,0.8660254037844386,0.5000000000000001,0.0,0.0,0.0,0.0,0.0,45.0,0.0,0.0,10.1,80.0,345.0,0.0,1.0,0.0,1.0,0.0,1.0,3.4,0.8,42.6,0.0,0.0,1.0,0.0,1.0,140.24137931034483,5.0,0,24,0,0,5,0.0,0,0.0
common_101,F13_233_to_232,control,F13_232_05,5,10.0,80.0,352.0,0.0,0.0,0.0,33.0,40.0,0.0,0.0,0.9659258262890683,0.25881904510252074,0.0,0.0,0.0,0.0,0.0,45.0,0.0,0.0,10.1,80.0,345.0,0.0,1.0,0.0,1.0,0.0,1.0,8.333333333333334,0.6666666666666666,42.166666666666664,0.0,0.0,1.0,0.0,1.0,140.24137931034483,6.0,0,24,0,0,6,1.0,0,0.0
common_101,F13_233_to_232,control,F13_232_06,6,10.4,80.0,353.0,0.0,0.0,0.0,0.0,45.0,0.0,0.0,1.0,6.123233995736766e-17,0.0,0.0,0.0,0.0,0.0,45.0,0.0,0.0,10.1,80.0,345.0,0.0,1.0,0.0,1.0,0.0,1.0,7.142857142857143,0.7142857142857143,42.57142857142857,0.0,0.0,1.0,0.0,1.0,140.24137931034483,7.0,0,24,0,0,7,0.0,0,0.0
common_101,F13_233_to_232,control,F13_232_07,7,10.0,81.0,351.0,0.0,0.0,0.0,33.0,42.0,0.0,0.0,0.9659258262890683,-0.25881904510252063,0.0,0.0,0.0,0.0,0.0,45.0,0.0,0.0,10.1,80.0,345.0,0.0,1.0,0.0,1.0,0.0,1.0,10.375,0.625,42.5,0.0,0.0,1.0,0.0,1.0,140.24137931034483,8.0,0,24,0,0,8,1.0,0,0.0
common_101,F13_233_to_232,control,F13_232_08,8,10.4,80.0,353.0,0.0,0.0,1.0,3.0,45.0,0.0,0.0,0.8660254037844387,-0.4999999999999998,0.0,0.0,0.0,0.0,0.0,45.0,0.0,0.0,10.1,80.0,345.0,0.0,1.0,0.0,1.0,0.1111111111111111,0.8888888888888888,9.555555555555555,0.5555555555555556,42.77777777777778,0.0,0.0,1.0,0.0,1.0,140.24137931034483,9.0,0,24,1,0,0,2.0,0,0.0
common_101,F13_233_to_232,control,F13_232_09,9,10.6,82.0,350.0,0.0,47.0,96.0,47.0,43.0,0.0,0.0,0.7071067811865476,-0.7071067811865475,0.0,0.0,0.0,0.0,0.0,45.0,0.0,0.0,10.1,80.0,345.0,0.0,1.0,4.7,0.9,9.7,0.8,13.3,0.5,42.8,0.0,0.0,1.0,0.0,1.0,140.24137931034483,10.0,0,24,1,1,0,3.0,0,0.0
common_101,F13_233_to_232,control,F13_232_10,10,14.3,76.0,339.0,10.0,100.0,100.0,0.0,42.0,53.0,0.0,0.49999999999999994,-0.8660254037844387,0.0,0.0,0.0,0.0,0.0,45.0,0.0,0.0,10.1,80.0,345.0,0.9090909090909091,0.9090909090909091,13.363636363636363,0.8181818181818182,17.90909090909091,0.7272727272727273,12.090909090909092,0.5454545454545454,42.72727272727273,0.0,4.818181818181818,0.9090909090909091,0.0,1.0,140.24137931034483,0.0,1,10,1,1,1,0.0,1,10.0
common_101,F13_233_to_232,control,F13_232_11,11,16.0,73.0,323.0,10.0,100.0,100.0,0.0,43.0,62.0,0.0,0.258819045102521,-0.9659258262890682,0.0,0.0,0.0,0.0,0.0,45.0,0.0,0.0,10.1,80.0,345.0,1.6666666666666667,0.8333333333333334,20.583333333333332,0.75,24.75,0.6666666666666666,11.083333333333334,0.5833333333333334,42.75,0.0,9.583333333333334,0.8333333333333334,0.0,1.0,140.24137931034483,0.0,2,10,1,1,2,0.0,2,10.0
common_101,F13_233_to_232,control,F13_232_12,12,19.3,65.0,310.0,10.0,100.0,100.0,0.0,43.0,62.0,0.0,1.2246467991473532e-16,-1.0,0.0,0.0,0.0,0.0,0.0,45.0,0.0,0.0,10.1,80.0,345.0,2.3076923076923075,0.7692307692307693,26.692307692307693,0.6923076923076923,30.53846153846154,0.6153846153846154,10.23076923076923,0.6153846153846154,42.76923076923077,0.0,13.615384615384615,0.7692307692307693,0.0,1.0,140.24137931034483,0.0,3,10,1,1,3,0.0,3,10.0
common_101,F13_233_to_232,control,F13_232_13,13,21.7,62.0,302.0,10.0,100.0,100.0,0.0,43.0,60.0,7.0,-0.2588190451025208,-0.9659258262890683,0.0,0.0,0.0,0.0,0.0,45.0,0.0,0.0,10.1,80.0,345.0,2.857142857142857,0.7142857142857143,31.928571428571427,0.6428571428571429,35.5,0.5714285714285714,9.5,0.6428571428571429,42.785714285714285,0.0,16.928571428571427,0.7142857142857143,0.5,0.9285714285714286,140.24137931034483,0.0,4,10,1,1,4,0.0,4,10.0
common_101,F13_233_to_232,control,F13_232_14,14,19.8,62.0,301.0,9.0,100.0,100.0,0.0,45.0,2.0,0.0,-0.4999999999999997,-0.8660254037844388,0.0,0.0,0.0,0.0,0.0,45.0,0.0,0.0,10.1,80.0,345.0,3.2666666666666666,0.6666666666666666,36.46666666666667,0.6,39.8,0.5333333333333333,8.866666666666667,0.6666666666666666,42.93333333333333,0.0,15.933333333333334,0.6666666666666666,0.4666666666666667,0.9333333333333333,140.24137931034483,0.0,5,10,1,1,5,0.0,5,10.0
common_101,F13_233_to_232,control,F13_232_15,15,17.2,66.0,300.0,8.0,100.0,100.0,0.0,42.0,0.0,0.0,-0.7071067811865471,-0.7071067811865479,0.0,0.0,0.0,0.0,0.0,45.0,0.0,0.0,10.1,80.0,345.0,3.5625,0.625,40.4375,0.5625,43.5625,0.5,8.3125,0.6875,42.875,0.0,14.9375,0.6875,0.4375,0.9375,140.24137931034483,0.0,6,10,1,1,6,0.0,5,10.0
common_101,F13_233_to_232,control,F13_232_16,16,14.2,73.0,304.0,8.0,78.0,78.0,28.0,50.0,0.0,0.0,-0.8660254037844385,-0.5000000000000004,0.0,0.0,0.0,0.0,0.0,45.0,0.0,0.0,10.1,80.0,345.0,3.823529411764706,0.5882352941176471,42.64705882352941,0.5294117647058824,45.588235294117645,0.47058823529411764,9.470588235294118,0.6470588235294118,43.294117647058826,0.0,14.058823529411764,0.7058823529411765,0.4117647058823529,0.9411764705882353,140.24137931034483,0.0,7,10,1,1,7,1.0,5,10.0
common_101,F13_233_to_232,control,F13_232_17,17,12.7,77.0,312.0,3.0,0.0,0.0,47.0,40.0,0.0,0.0,-0.9659258262890683,-0.25881904510252063,0.0,0.0,0.0,0.0,0.0,45.0,0.0,0.0,10.1,80.0,345.0,3.7777777777777777,0.5555555555555556,40.27777777777778,0.5555555555555556,43.05555555555556,0.5,11.555555555555555,0.6111111111111112,43.111111111111114,0.0,13.277777777777779,0.7222222222222222,0.3888888888888889,0.9444444444444444,140.24137931034483,0.0,8,10,2,2,0,2.0,5,10.0
common_101,F13_233_to_232,control,F13_232_18,18,11.4,81.0,317.0,7.0,0.0,0.0,0.0,45.0,0.0,0.0,-1.0,-1.8369701987210297e-16,0.0,0.0,0.0,0.0,0.0,45.0,0.0,0.0,10.1,80.0,345.0,3.9473684210526314,0.5263157894736842,38.1578947368421,0.5789473684210527,40.78947368421053,0.5263157894736842,10.947368421052632,0.631578947368421,43.21052631578947,0.0,12.578947368421053,0.7368421052631579,0.3684210526315789,0.9473684210526315,140.24137931034483,0.0,9,10,2,2,1,0.0,5,10.0
common_101,F13_233_to_232,control,F13_232_19,19,10.9,83.0,322.0,2.0,0.0,0.0,0.0,22.0,0.0,0.0,-0.9659258262890684,0.2588190451025203,0.0,0.0,0.0,0.0,0.0,45.0,0.0,0.0,10.1,80.0,345.0,3.85,0.5,36.25,0.6,38.75,0.55,10.4,0.65,42.15,0.0,11.95,0.75,0.35,0.95,140.24137931034483,0.0,10,10,2,2,2,0.0,5,10.0
common_101,F13_233_to_232,control,F13_232_20,20,10.6,84.0,326.0,2.0,0.0,0.0,0.0,47.0,0.0,0.0,-0.8660254037844386,0.5000000000000001,0.0,0.0,0.0,0.0,0.0,45.0,0.0,0.0,10.1,80.0,345.0,3.761904761904762,0.47619047619047616,34.523809523809526,0.6190476190476191,36.904761904761905,0.5714285714285714,9.904761904761905,0.6666666666666666,42.38095238095238,0.0,11.380952380952381,0.7619047619047619,0.3333333333333333,0.9523809523809523,140.24137931034483,0.0,11,10,2,2,3,0.0,5,10.0
common_101,F13_233_to_232,control,F13_232_21,21,9.7,83.0,331.0,4.0,0.0,0.0,78.0,43.0,0.0,0.0,-0.7071067811865477,0.7071067811865474,0.0,0.0,0.0,0.0,0.0,45.0,0.0,0.0,10.1,80.0,345.0,3.772727272727273,0.45454545454545453,32.95454545454545,0.6363636363636364,35.22727272727273,0.5909090909090909,13.0,0.6363636363636364,42.40909090909091,0.0,10.863636363636363,0.7727272727272727,0.3181818181818182,0.9545454545454546,140.24137931034483,0.0,12,10,2,2,4,1.0,5,10.0
common_101,F13_233_to_232,control,F13_232_22,22,10.0,84.0,333.0,4.0,0.0,0.0,38.0,40.0,0.0,0.0,-0.5000000000000004,0.8660254037844384,0.0,0.0,0.0,0.0,0.0,45.0,0.0,0.0,10.1,80.0,345.0,3.782608695652174,0.43478260869565216,31.52173913043478,0.6521739130434783,33.69565217391305,0.6086956521739131,14.08695652173913,0.6086956521739131,42.30434782608695,0.0,10.391304347826088,0.782608695652174,0.30434782608695654,0.9565217391304348,140.24137931034483,0.0,13,10,2,2,5,2.0,5,10.0
common_101,F13_233_to_232,control,F13_232_23,23,9.2,84.0,334.0,4.0,0.0,0.0,37.0,43.0,0.0,0.0,-0.25881904510252157,0.9659258262890681,0.0,0.0,0.0,0.0,0.0,45.0,0.0,0.0,10.1,80.0,345.0,3.7916666666666665,0.4166666666666667,30.208333333333332,0.6666666666666666,32.291666666666664,0.625,15.041666666666666,0.5833333333333334,42.333333333333336,0.0,9.958333333333334,0.7916666666666666,0.2916666666666667,0.9583333333333334,140.24137931034483,0.0,14,10,2,2,6,3.0,5,10.0
common_101,F13_233_to_232,failure,F13_233_00,0,7.9,88.0,350.0,0.0,0.0,0.0,95.0,0.0,0.0,0.0,0.0,1.0,1.0,0.0,0.0,0.0,95.0,0.0,0.0,0.0,7.9,88.0,350.0,0.0,1.0,0.0,1.0,0.0,1.0,95.0,0.0,0.0,1.0,0.0,1.0,0.0,1.0,141.31034482758622,1.0,0,24,0,0,1,1.0,0,0.0
common_101,F13_233_to_232,failure,F13_233_01,1,7.5,87.0,351.0,0.0,0.0,0.0,100.0,0.0,0.0,0.0,0.25881904510252074,0.9659258262890683,0.0,0.0,0.0,0.0,95.0,0.0,0.0,0.0,7.9,88.0,350.0,0.0,1.0,0.0,1.0,0.0,1.0,97.5,0.0,0.0,1.0,0.0,1.0,0.0,1.0,141.31034482758622,2.0,0,24,0,0,2,2.0,0,0.0
common_101,F13_233_to_232,failure,F13_233_02,2,7.4,86.0,352.0,0.0,0.0,0.0,100.0,0.0,0.0,0.0,0.49999999999999994,0.8660254037844387,0.0,0.0,0.0,0.0,95.0,0.0,0.0,0.0,7.9,88.0,350.0,0.0,1.0,0.0,1.0,0.0,1.0,98.33333333333333,0.0,0.0,1.0,0.0,1.0,0.0,1.0,141.31034482758622,3.0,0,24,0,0,3,3.0,0,0.0
common_101,F13_233_to_232,failure,F13_233_03,3,7.2,85.0,354.0,0.0,0.0,0.0,100.0,0.0,0.0,0.0,0.7071067811865476,0.7071067811865476,0.0,0.0,0.0,0.0,95.0,0.0,0.0,0.0,7.9,88.0,350.0,0.0,1.0,0.0,1.0,0.0,1.0,98.75,0.0,0.0,1.0,0.0,1.0,0.0,1.0,141.31034482758622,4.0,0,24,0,0,4,4.0,0,0.0
common_101,F13_233_to_232,failure,F13_233_04,4,7.3,87.0,352.0,0.0,0.0,0.0,100.0,0.0,0.0,0.0,0.8660254037844386,0.5000000000000001,0.0,0.0,0.0,0.0,95.0,0.0,0.0,0.0,7.9,88.0,350.0,0.0,1.0,0.0,1.0,0.0,1.0,99.0,0.0,0.0,1.0,0.0,1.0,0.0,1.0,141.31034482758622,5.0,0,24,0,0,5,5.0,0,0.0
common_101,F13_233_to_232,failure,F13_233_05,5,7.5,87.0,354.0,0.0,0.0,0.0,100.0,0.0,0.0,0.0,0.9659258262890683,0.25881904510252074,0.0,0.0,0.0,0.0,95.0,0.0,0.0,0.0,7.9,88.0,350.0,0.0,1.0,0.0,1.0,0.0,1.0,99.16666666666667,0.0,0.0,1.0,0.0,1.0,0.0,1.0,141.31034482758622,6.0,0,24,0,0,6,6.0,0,0.0
common_101,F13_233_to_232,failure,F13_233_06,6,7.5,88.0,355.0,0.0,0.0,0.0,100.0,0.0,0.0,0.0,1.0,6.123233995736766e-17,0.0,0.0,0.0,0.0,95.0,0.0,0.0,0.0,7.9,88.0,350.0,0.0,1.0,0.0,1.0,0.0,1.0,99.28571428571429,0.0,0.0,1.0,0.0,1.0,0.0,1.0,141.31034482758622,7.0,0,24,0,0,7,7.0,0,0.0
common_101,F13_233_to_232,failure,F13_233_07,7,7.9,88.0,356.0,0.0,7.0,0.0,70.0,0.0,30.0,0.0,0.9659258262890683,-0.25881904510252063,0.0,0.0,0.0,0.0,95.0,0.0,0.0,0.0,7.9,88.0,350.0,0.0,1.0,0.875,0.875,0.0,1.0,95.625,0.0,0.0,1.0,3.75,0.875,0.0,1.0,141.31034482758622,8.0,0,24,0,1,0,8.0,1,0.0
common_101,F13_233_to_232,failure,F13_233_08,8,8.5,90.0,353.0,0.0,100.0,0.0,0.0,18.0,100.0,0.0,0.8660254037844387,-0.4999999999999998,0.0,0.0,0.0,0.0,95.0,0.0,0.0,0.0,7.9,88.0,350.0,0.0,1.0,11.88888888888889,0.7777777777777778,0.0,1.0,85.0,0.1111111111111111,2.0,0.8888888888888888,14.444444444444445,0.7777777777777778,0.0,1.0,141.31034482758622,9.0,0,24,0,1,1,0.0,2,0.0
common_101,F13_233_to_232,failure,F13_233_09,9,9.8,91.0,351.0,0.0,100.0,0.0,0.0,12.0,100.0,0.0,0.7071067811865476,-0.7071067811865475,0.0,0.0,0.0,0.0,95.0,0.0,0.0,0.0,7.9,88.0,350.0,0.0,1.0,20.7,0.7,0.0,1.0,76.5,0.2,3.0,0.8,23.0,0.7,0.0,1.0,141.31034482758622,10.0,0,24,0,1,2,0.0,3,0.0
common_101,F13_233_to_232,failure,F13_233_10,10,11.9,89.0,348.0,0.0,100.0,34.0,0.0,0.0,100.0,0.0,0.49999999999999994,-0.8660254037844387,0.0,0.0,0.0,0.0,95.0,0.0,0.0,0.0,7.9,88.0,350.0,0.0,1.0,27.90909090909091,0.6363636363636364,3.090909090909091,0.9090909090909091,69.54545454545455,0.2727272727272727,2.727272727272727,0.8181818181818182,30.0,0.6363636363636364,0.0,1.0,141.31034482758622,11.0,0,24,1,1,0,0.0,4,0.0
common_101,F13_233_to_232,failure,F13_233_11,11,15.8,80.0,333.0,0.0,100.0,100.0,0.0,0.0,100.0,0.0,0.258819045102521,-0.9659258262890682,0.0,0.0,0.0,0.0,95.0,0.0,0.0,0.0,7.9,88.0,350.0,0.0,1.0,33.916666666666664,0.5833333333333334,11.166666666666666,0.8333333333333334,63.75,0.3333333333333333,2.5,0.8333333333333334,35.833333333333336,0.5833333333333334,0.0,1.0,141.31034482758622,12.0,0,24,1,1,1,0.0,5,0.0
common_101,F13_233_to_232,failure,F13_233_12,12,21.0,70.0,323.0,0.0,100.0,100.0,0.0,0.0,100.0,0.0,1.2246467991473532e-16,-1.0,0.0,0.0,0.0,0.0,95.0,0.0,0.0,0.0,7.9,88.0,350.0,0.0,1.0,39.0,0.5384615384615384,18.0,0.7692307692307693,58.84615384615385,0.38461538461538464,2.3076923076923075,0.8461538461538461,40.76923076923077,0.5384615384615384,0.0,1.0,141.31034482758622,13.0,0,24,1,1,2,0.0,6,0.0
common_101,F13_233_to_232,failure,F13_233_13,13,22.9,62.0,331.0,0.0,100.0,100.0,0.0,0.0,92.0,0.0,-0.2588190451025208,-0.9659258262890683,0.0,0.0,0.0,0.0,95.0,0.0,0.0,0.0,7.9,88.0,350.0,0.0,1.0,43.357142857142854,0.5,23.857142857142858,0.7142857142857143,54.642857142857146,0.42857142857142855,2.142857142857143,0.8571428571428571,44.42857142857143,0.5,0.0,1.0,141.31034482758622,14.0,0,24,1,1,3,0.0,7,0.0
common_101,F13_233_to_232,failure,F13_233_14,14,20.4,67.0,335.0,0.0,100.0,100.0,0.0,0.0,100.0,0.0,-0.4999999999999997,-0.8660254037844388,0.0,0.0,0.0,0.0,95.0,0.0,0.0,0.0,7.9,88.0,350.0,0.0,1.0,47.13333333333333,0.4666666666666667,28.933333333333334,0.6666666666666666,51.0,0.4666666666666667,2.0,0.8666666666666667,48.13333333333333,0.4666666666666667,0.0,1.0,141.31034482758622,15.0,0,24,1,1,4,0.0,8,0.0
common_101,F13_233_to_232,failure,F13_233_15,15,20.6,64.0,337.0,0.0,100.0,100.0,0.0,0.0,93.0,0.0,-0.7071067811865471,-0.7071067811865479,0.0,0.0,0.0,0.0,95.0,0.0,0.0,0.0,7.9,88.0,350.0,0.0,1.0,50.4375,0.4375,33.375,0.625,47.8125,0.5,1.875,0.875,50.9375,0.4375,0.0,1.0,141.31034482758622,16.0,0,24,1,1,5,0.0,9,0.0
common_101,F13_233_to_232,failure,F13_233_16,16,16.3,76.0,345.0,0.0,100.0,100.0,0.0,0.0,0.0,0.0,-0.8660254037844385,-0.5000000000000004,0.0,0.0,0.0,0.0,95.0,0.0,0.0,0.0,7.9,88.0,350.0,0.0,1.0,53.35294117647059,0.4117647058823529,37.294117647058826,0.5882352941176471,45.0,0.5294117647058824,1.7647058823529411,0.8823529411764706,47.94117647058823,0.47058823529411764,0.0,1.0,141.31034482758622,17.0,0,24,1,1,6,0.0,9,0.0
common_101,F13_233_to_232,failure,F13_233_17,17,12.3,87.0,355.0,0.0,100.0,53.0,0.0,0.0,0.0,0.0,-0.9659258262890683,-0.25881904510252063,0.0,0.0,0.0,0.0,95.0,0.0,0.0,0.0,7.9,88.0,350.0,0.0,1.0,55.94444444444444,0.3888888888888889,38.166666666666664,0.5555555555555556,42.5,0.5555555555555556,1.6666666666666667,0.8888888888888888,45.27777777777778,0.5,0.0,1.0,141.31034482758622,18.0,0,24,1,1,7,0.0,9,0.0
common_101,F13_233_to_232,failure,F13_233_18,18,11.3,86.0,359.0,0.0,100.0,0.0,0.0,0.0,0.0,0.0,-1.0,-1.8369701987210297e-16,0.0,0.0,0.0,0.0,95.0,0.0,0.0,0.0,7.9,88.0,350.0,0.0,1.0,58.26315789473684,0.3684210526315789,36.1578947368421,0.5789473684210527,40.26315789473684,0.5789473684210527,1.5789473684210527,0.8947368421052632,42.89473684210526,0.5263157894736842,0.0,1.0,141.31034482758622,19.0,0,24,2,1,0,0.0,9,0.0
common_101,F13_233_to_232,failure,F13_233_19,19,10.4,86.0,364.0,0.0,100.0,0.0,0.0,0.0,0.0,0.0,-0.9659258262890684,0.2588190451025203,0.0,0.0,0.0,0.0,95.0,0.0,0.0,0.0,7.9,88.0,350.0,0.0,1.0,60.35,0.35,34.35,0.6,38.25,0.6,1.5,0.9,40.75,0.55,0.0,1.0,141.31034482758622,20.0,0,24,2,1,1,0.0,9,0.0
common_101,F13_233_to_232,failure,F13_233_20,20,9.9,84.0,366.0,0.0,53.0,0.0,0.0,0.0,0.0,0.0,-0.8660254037844386,0.5000000000000001,0.0,0.0,0.0,0.0,95.0,0.0,0.0,0.0,7.9,88.0,350.0,0.0,1.0,60.0,0.3333333333333333,32.714285714285715,0.6190476190476191,36.42857142857143,0.6190476190476191,1.4285714285714286,0.9047619047619048,38.80952380952381,0.5714285714285714,0.0,1.0,141.31034482758622,21.0,0,24,2,1,2,0.0,9,0.0
common_101,F13_233_to_232,failure,F13_233_21,21,9.4,83.0,368.0,0.0,0.0,0.0,0.0,0.0,0.0,0.0,-0.7071067811865477,0.7071067811865474,0.0,0.0,0.0,0.0,95.0,0.0,0.0,0.0,7.9,88.0,350.0,0.0,1.0,57.27272727272727,0.36363636363636365,31.227272727272727,0.6363636363636364,34.77272727272727,0.6363636363636364,1.3636363636363635,0.9090909090909091,37.04545454545455,0.5909090909090909,0.0,1.0,141.31034482758622,22.0,0,24,2,2,0,0.0,9,0.0
common_101,F13_233_to_232,failure,F13_233_22,22,8.8,82.0,371.0,0.0,0.0,0.0,0.0,0.0,0.0,0.0,-0.5000000000000004,0.8660254037844384,0.0,0.0,0.0,0.0,95.0,0.0,0.0,0.0,7.9,88.0,350.0,0.0,1.0,54.78260869565217,0.391304347826087,29.869565217391305,0.6521739130434783,33.26086956521739,0.6521739130434783,1.3043478260869565,0.9130434782608695,35.43478260869565,0.6086956521739131,0.0,1.0,141.31034482758622,23.0,0,24,2,2,1,0.0,9,0.0
common_101,F13_233_to_232,failure,F13_233_23,23,8.4,81.0,375.0,0.0,0.0,0.0,0.0,0.0,0.0,0.0,-0.25881904510252157,0.9659258262890681,0.0,0.0,0.0,0.0,95.0,0.0,0.0,0.0,7.9,88.0,350.0,0.0,1.0,52.5,0.4166666666666667,28.625,0.6666666666666666,31.875,0.6666666666666666,1.25,0.9166666666666666,33.958333333333336,0.625,0.0,1.0,141.31034482758622,24.0,0,24,2,2,2,0.0,9,0.0
common_101,F47_161_to_160,control,F47_160_00,0,9.7,69.0,319.0,0.0,0.0,0.0,97.0,0.0,0.0,0.0,0.0,1.0,1.0,0.0,0.0,0.0,97.0,0.0,0.0,0.0,9.7,69.0,319.0,0.0,1.0,0.0,1.0,0.0,1.0,97.0,0.0,0.0,1.0,0.0,1.0,0.0,1.0,160.0,1.0,0,24,0,0,1,1.0,0,0.0
common_101,F47_161_to_160,control,F47_160_01,1,10.1,70.0,281.0,0.0,0.0,0.0,100.0,0.0,0.0,0.0,0.25881904510252074,0.9659258262890683,0.0,0.0,0.0,0.0,97.0,0.0,0.0,0.0,9.7,69.0,319.0,0.0,1.0,0.0,1.0,0.0,1.0,98.5,0.0,0.0,1.0,0.0,1.0,0.0,1.0,160.0,2.0,0,24,0,0,2,2.0,0,0.0
common_101,F47_161_to_160,control,F47_160_02,2,11.0,66.0,358.0,0.0,0.0,0.0,100.0,0.0,0.0,0.0,0.49999999999999994,0.8660254037844387,0.0,0.0,0.0,0.0,97.0,0.0,0.0,0.0,9.7,69.0,319.0,0.0,1.0,0.0,1.0,0.0,1.0,99.0,0.0,0.0,1.0,0.0,1.0,0.0,1.0,160.0,3.0,0,24,0,0,3,3.0,0,0.0
common_101,F47_161_to_160,control,F47_160_03,3,10.8,66.0,273.0,0.0,0.0,0.0,100.0,0.0,0.0,0.0,0.7071067811865476,0.7071067811865476,0.0,0.0,0.0,0.0,97.0,0.0,0.0,0.0,9.7,69.0,319.0,0.0,1.0,0.0,1.0,0.0,1.0,99.25,0.0,0.0,1.0,0.0,1.0,0.0,1.0,160.0,4.0,0,24,0,0,4,4.0,0,0.0
common_101,F47_161_to_160,control,F47_160_04,4,11.6,67.0,253.0,0.0,0.0,0.0,100.0,0.0,0.0,0.0,0.8660254037844386,0.5000000000000001,0.0,0.0,0.0,0.0,97.0,0.0,0.0,0.0,9.7,69.0,319.0,0.0,1.0,0.0,1.0,0.0,1.0,99.4,0.0,0.0,1.0,0.0,1.0,0.0,1.0,160.0,5.0,0,24,0,0,5,5.0,0,0.0
common_101,F47_161_to_160,control,F47_160_05,5,11.2,69.0,268.0,0.0,0.0,0.0,100.0,0.0,0.0,0.0,0.9659258262890683,0.25881904510252074,0.0,0.0,0.0,0.0,97.0,0.0,0.0,0.0,9.7,69.0,319.0,0.0,1.0,0.0,1.0,0.0,1.0,99.5,0.0,0.0,1.0,0.0,1.0,0.0,1.0,160.0,6.0,0,24,0,0,6,6.0,0,0.0
common_101,F47_161_to_160,control,F47_160_06,6,10.9,66.0,288.0,0.0,0.0,0.0,100.0,0.0,0.0,0.0,1.0,6.123233995736766e-17,0.0,0.0,0.0,0.0,97.0,0.0,0.0,0.0,9.7,69.0,319.0,0.0,1.0,0.0,1.0,0.0,1.0,99.57142857142857,0.0,0.0,1.0,0.0,1.0,0.0,1.0,160.0,7.0,0,24,0,0,7,7.0,0,0.0
common_101,F47_161_to_160,control,F47_160_07,7,10.9,65.0,337.0,0.0,0.0,0.0,100.0,0.0,35.0,0.0,0.9659258262890683,-0.25881904510252063,0.0,0.0,0.0,0.0,97.0,0.0,0.0,0.0,9.7,69.0,319.0,0.0,1.0,0.0,1.0,0.0,1.0,99.625,0.0,0.0,1.0,4.375,0.875,0.0,1.0,160.0,8.0,0,24,0,0,8,8.0,1,0.0
common_101,F47_161_to_160,control,F47_160_08,8,10.0,68.0,386.0,0.0,0.0,0.0,100.0,0.0,0.0,0.0,0.8660254037844387,-0.4999999999999998,0.0,0.0,0.0,0.0,97.0,0.0,0.0,0.0,9.7,69.0,319.0,0.0,1.0,0.0,1.0,0.0,1.0,99.66666666666667,0.0,0.0,1.0,3.888888888888889,0.8888888888888888,0.0,1.0,160.0,9.0,0,24,0,0,9,9.0,1,0.0
common_101,F47_161_to_160,control,F47_160_09,9,11.7,72.0,519.0,0.0,54.0,89.0,67.0,0.0,0.0,0.0,0.7071067811865476,-0.7071067811865475,0.0,0.0,0.0,0.0,97.0,0.0,0.0,0.0,9.7,69.0,319.0,0.0,1.0,5.4,0.9,8.9,0.9,96.4,0.0,0.0,1.0,3.5,0.9,0.0,1.0,160.0,10.0,0,24,1,1,0,10.0,1,0.0
common_101,F47_161_to_160,control,F47_160_10,10,17.2,67.0,504.0,0.0,100.0,100.0,0.0,0.0,0.0,0.0,0.49999999999999994,-0.8660254037844387,0.0,0.0,0.0,0.0,97.0,0.0,0.0,0.0,9.7,69.0,319.0,0.0,1.0,14.0,0.8181818181818182,17.181818181818183,0.8181818181818182,87.63636363636364,0.09090909090909091,0.0,1.0,3.1818181818181817,0.9090909090909091,0.0,1.0,160.0,11.0,0,24,1,1,1,0.0,1,0.0
common_101,F47_161_to_160,control,F47_160_11,11,21.0,57.0,517.0,0.0,100.0,100.0,0.0,0.0,25.0,0.0,0.258819045102521,-0.9659258262890682,0.0,0.0,0.0,0.0,97.0,0.0,0.0,0.0,9.7,69.0,319.0,0.0,1.0,21.166666666666668,0.75,24.083333333333332,0.75,80.33333333333333,0.16666666666666666,0.0,1.0,5.0,0.8333333333333334,0.0,1.0,160.0,12.0,0,24,1,1,2,0.0,2,0.0
common_101,F47_161_to_160,control,F47_160_12,12,21.1,59.0,461.0,0.0,100.0,100.0,0.0,0.0,2.0,0.0,1.2246467991473532e-16,-1.0,0.0,0.0,0.0,0.0,97.0,0.0,0.0,0.0,9.7,69.0,319.0,0.0,1.0,27.23076923076923,0.6923076923076923,29.923076923076923,0.6923076923076923,74.15384615384616,0.23076923076923078,0.0,1.0,4.769230769230769,0.7692307692307693,0.0,1.0,160.0,13.0,0,24,1,1,3,0.0,3,0.0
common_101,F47_161_to_160,control,F47_160_13,13,21.7,49.0,487.0,16.0,100.0,100.0,0.0,0.0,33.0,5.0,-0.2588190451025208,-0.9659258262890683,0.0,0.0,0.0,0.0,97.0,0.0,0.0,0.0,9.7,69.0,319.0,1.1428571428571428,0.9285714285714286,32.42857142857143,0.6428571428571429,34.92857142857143,0.6428571428571429,68.85714285714286,0.2857142857142857,0.0,1.0,6.785714285714286,0.7142857142857143,0.35714285714285715,0.9285714285714286,160.0,0.0,1,13,1,1,4,0.0,4,16.0
common_101,F47_161_to_160,control,F47_160_14,14,17.4,47.0,475.0,23.0,100.0,100.0,0.0,0.0,82.0,3.0,-0.4999999999999997,-0.8660254037844388,0.0,0.0,0.0,0.0,97.0,0.0,0.0,0.0,9.7,69.0,319.0,2.6,0.8666666666666667,36.93333333333333,0.6,39.266666666666666,0.6,64.26666666666667,0.3333333333333333,0.0,1.0,11.8,0.6666666666666666,0.5333333333333333,0.8666666666666667,160.0,0.0,2,13,1,1,5,0.0,5,23.0
common_101,F47_161_to_160,control,F47_160_15,15,21.4,46.0,506.0,0.0,100.0,100.0,0.0,0.0,0.0,2.0,-0.7071067811865471,-0.7071067811865479,0.0,0.0,0.0,0.0,97.0,0.0,0.0,0.0,9.7,69.0,319.0,2.4375,0.875,40.875,0.5625,43.0625,0.5625,60.25,0.375,0.0,1.0,11.0625,0.6875,0.625,0.8125,160.0,1.0,2,13,1,1,6,0.0,5,23.0
common_101,F47_161_to_160,control,F47_160_16,16,16.9,58.0,474.0,0.0,100.0,100.0,0.0,0.0,0.0,0.0,-0.8660254037844385,-0.5000000000000004,0.0,0.0,0.0,0.0,97.0,0.0,0.0,0.0,9.7,69.0,319.0,2.2941176470588234,0.8823529411764706,44.35294117647059,0.5294117647058824,46.411764705882355,0.5294117647058824,56.705882352941174,0.4117647058823529,0.0,1.0,10.411764705882353,0.7058823529411765,0.5882352941176471,0.8235294117647058,160.0,2.0,2,13,1,1,7,0.0,5,23.0
common_101,F47_161_to_160,control,F47_160_17,17,10.8,66.0,503.0,0.0,100.0,100.0,0.0,0.0,0.0,0.0,-0.9659258262890683,-0.25881904510252063,0.0,0.0,0.0,0.0,97.0,0.0,0.0,0.0,9.7,69.0,319.0,2.1666666666666665,0.8888888888888888,47.44444444444444,0.5,49.388888888888886,0.5,53.55555555555556,0.4444444444444444,0.0,1.0,9.833333333333334,0.7222222222222222,0.5555555555555556,0.8333333333333334,160.0,3.0,2,13,1,1,8,0.0,5,23.0
common_101,F47_161_to_160,control,F47_160_18,18,9.9,63.0,499.0,0.0,100.0,5.0,0.0,0.0,0.0,0.0,-1.0,-1.8369701987210297e-16,0.0,0.0,0.0,0.0,97.0,0.0,0.0,0.0,9.7,69.0,319.0,2.0526315789473686,0.8947368421052632,50.21052631578947,0.47368421052631576,47.05263157894737,0.47368421052631576,50.73684210526316,0.47368421052631576,0.0,1.0,9.31578947368421,0.7368421052631579,0.5263157894736842,0.8421052631578947,160.0,4.0,2,13,1,1,9,0.0,5,23.0
common_101,F47_161_to_160,control,F47_160_19,19,9.9,62.0,458.0,0.0,100.0,0.0,0.0,0.0,0.0,0.0,-0.9659258262890684,0.2588190451025203,0.0,0.0,0.0,0.0,97.0,0.0,0.0,0.0,9.7,69.0,319.0,1.95,0.9,52.7,0.45,44.7,0.5,48.2,0.5,0.0,1.0,8.85,0.75,0.5,0.85,160.0,5.0,2,13,2,1,0,0.0,5,23.0
common_101,F47_161_to_160,control,F47_160_20,20,10.4,63.0,540.0,0.0,89.0,0.0,0.0,0.0,0.0,0.0,-0.8660254037844386,0.5000000000000001,0.0,0.0,0.0,0.0,97.0,0.0,0.0,0.0,9.7,69.0,319.0,1.8571428571428572,0.9047619047619048,54.42857142857143,0.42857142857142855,42.57142857142857,0.5238095238095238,45.904761904761905,0.5238095238095238,0.0,1.0,8.428571428571429,0.7619047619047619,0.47619047619047616,0.8571428571428571,160.0,6.0,2,13,2,1,1,0.0,5,23.0
common_101,F47_161_to_160,control,F47_160_21,21,11.4,64.0,482.0,0.0,0.0,0.0,0.0,0.0,0.0,0.0,-0.7071067811865477,0.7071067811865474,0.0,0.0,0.0,0.0,97.0,0.0,0.0,0.0,9.7,69.0,319.0,1.7727272727272727,0.9090909090909091,51.95454545454545,0.45454545454545453,40.63636363636363,0.5454545454545454,43.81818181818182,0.5454545454545454,0.0,1.0,8.045454545454545,0.7727272727272727,0.45454545454545453,0.8636363636363636,160.0,7.0,2,13,2,2,0,0.0,5,23.0
common_101,F47_161_to_160,control,F47_160_22,22,11.6,63.0,461.0,0.0,0.0,0.0,0.0,0.0,0.0,0.0,-0.5000000000000004,0.8660254037844384,0.0,0.0,0.0,0.0,97.0,0.0,0.0,0.0,9.7,69.0,319.0,1.6956521739130435,0.9130434782608695,49.69565217391305,0.4782608695652174,38.869565217391305,0.5652173913043478,41.91304347826087,0.5652173913043478,0.0,1.0,7.695652173913044,0.782608695652174,0.43478260869565216,0.8695652173913043,160.0,8.0,2,13,2,2,1,0.0,5,23.0
common_101,F47_161_to_160,control,F47_160_23,23,11.4,65.0,415.0,0.0,0.0,0.0,0.0,0.0,0.0,0.0,-0.25881904510252157,0.9659258262890681,0.0,0.0,0.0,0.0,97.0,0.0,0.0,0.0,9.7,69.0,319.0,1.625,0.9166666666666666,47.625,0.5,37.25,0.5833333333333334,40.166666666666664,0.5833333333333334,0.0,1.0,7.375,0.7916666666666666,0.4166666666666667,0.875,160.0,9.0,2,13,2,2,2,0.0,5,23.0
common_101,F47_161_to_160,failure,F47_161_00,0,11.8,64.0,480.0,0.0,0.0,0.0,0.0,0.0,0.0,0.0,0.0,1.0,1.0,0.0,0.0,0.0,0.0,0.0,0.0,0.0,11.8,64.0,480.0,0.0,1.0,0.0,1.0,0.0,1.0,0.0,1.0,0.0,1.0,0.0,1.0,0.0,1.0,161.0,1.0,0,24,0,0,1,0.0,0,0.0
common_101,F47_161_to_160,failure,F47_161_01,1,11.2,65.0,484.0,0.0,0.0,0.0,0.0,0.0,0.0,0.0,0.25881904510252074,0.9659258262890683,0.0,0.0,0.0,0.0,0.0,0.0,0.0,0.0,11.8,64.0,480.0,0.0,1.0,0.0,1.0,0.0,1.0,0.0,1.0,0.0,1.0,0.0,1.0,0.0,1.0,161.0,2.0,0,24,0,0,2,0.0,0,0.0
common_101,F47_161_to_160,failure,F47_161_02,2,9.9,70.0,456.0,0.0,0.0,0.0,23.0,0.0,0.0,0.0,0.49999999999999994,0.8660254037844387,0.0,0.0,0.0,0.0,0.0,0.0,0.0,0.0,11.8,64.0,480.0,0.0,1.0,0.0,1.0,0.0,1.0,7.666666666666667,0.6666666666666666,0.0,1.0,0.0,1.0,0.0,1.0,161.0,3.0,0,24,0,0,3,1.0,0,0.0
common_101,F47_161_to_160,failure,F47_161_03,3,8.8,65.0,363.0,0.0,0.0,0.0,100.0,0.0,0.0,0.0,0.7071067811865476,0.7071067811865476,0.0,0.0,0.0,0.0,0.0,0.0,0.0,0.0,11.8,64.0,480.0,0.0,1.0,0.0,1.0,0.0,1.0,30.75,0.5,0.0,1.0,0.0,1.0,0.0,1.0,161.0,4.0,0,24,0,0,4,2.0,0,0.0
common_101,F47_161_to_160,failure,F47_161_04,4,7.7,64.0,386.0,0.0,0.0,0.0,100.0,0.0,0.0,0.0,0.8660254037844386,0.5000000000000001,0.0,0.0,0.0,0.0,0.0,0.0,0.0,0.0,11.8,64.0,480.0,0.0,1.0,0.0,1.0,0.0,1.0,44.6,0.4,0.0,1.0,0.0,1.0,0.0,1.0,161.0,5.0,0,24,0,0,5,3.0,0,0.0
common_101,F47_161_to_160,failure,F47_161_05,5,8.5,64.0,318.0,0.0,0.0,0.0,100.0,0.0,0.0,0.0,0.9659258262890683,0.25881904510252074,0.0,0.0,0.0,0.0,0.0,0.0,0.0,0.0,11.8,64.0,480.0,0.0,1.0,0.0,1.0,0.0,1.0,53.833333333333336,0.3333333333333333,0.0,1.0,0.0,1.0,0.0,1.0,161.0,6.0,0,24,0,0,6,4.0,0,0.0
common_101,F47_161_to_160,failure,F47_161_06,6,9.2,64.0,347.0,0.0,0.0,0.0,100.0,0.0,0.0,0.0,1.0,6.123233995736766e-17,0.0,0.0,0.0,0.0,0.0,0.0,0.0,0.0,11.8,64.0,480.0,0.0,1.0,0.0,1.0,0.0,1.0,60.42857142857143,0.2857142857142857,0.0,1.0,0.0,1.0,0.0,1.0,161.0,7.0,0,24,0,0,7,5.0,0,0.0
common_101,F47_161_to_160,failure,F47_161_07,7,9.3,65.0,426.0,0.0,14.0,0.0,100.0,0.0,30.0,0.0,0.9659258262890683,-0.25881904510252063,0.0,0.0,0.0,0.0,0.0,0.0,0.0,0.0,11.8,64.0,480.0,0.0,1.0,1.75,0.875,0.0,1.0,65.375,0.25,0.0,1.0,3.75,0.875,0.0,1.0,161.0,8.0,0,24,0,1,0,6.0,1,0.0
common_101,F47_161_to_160,failure,F47_161_08,8,9.4,64.0,508.0,0.0,100.0,0.0,100.0,0.0,0.0,0.0,0.8660254037844387,-0.4999999999999998,0.0,0.0,0.0,0.0,0.0,0.0,0.0,0.0,11.8,64.0,480.0,0.0,1.0,12.666666666666666,0.7777777777777778,0.0,1.0,69.22222222222223,0.2222222222222222,0.0,1.0,3.3333333333333335,0.8888888888888888,0.0,1.0,161.0,9.0,0,24,0,1,1,7.0,1,0.0
common_101,F47_161_to_160,failure,F47_161_09,9,12.6,64.0,504.0,0.0,100.0,91.0,100.0,0.0,0.0,0.0,0.7071067811865476,-0.7071067811865475,0.0,0.0,0.0,0.0,0.0,0.0,0.0,0.0,11.8,64.0,480.0,0.0,1.0,21.4,0.7,9.1,0.9,72.3,0.2,0.0,1.0,3.0,0.9,0.0,1.0,161.0,10.0,0,24,1,1,0,8.0,1,0.0
common_101,F47_161_to_160,failure,F47_161_10,10,18.7,60.0,469.0,0.0,100.0,100.0,2.0,0.0,0.0,0.0,0.49999999999999994,-0.8660254037844387,0.0,0.0,0.0,0.0,0.0,0.0,0.0,0.0,11.8,64.0,480.0,0.0,1.0,28.545454545454547,0.6363636363636364,17.363636363636363,0.8181818181818182,65.9090909090909,0.18181818181818182,0.0,1.0,2.727272727272727,0.9090909090909091,0.0,1.0,161.0,11.0,0,24,1,1,1,9.0,1,0.0
common_101,F47_161_to_160,failure,F47_161_11,11,22.1,52.0,434.0,0.0,100.0,100.0,0.0,0.0,0.0,0.0,0.258819045102521,-0.9659258262890682,0.0,0.0,0.0,0.0,0.0,0.0,0.0,0.0,11.8,64.0,480.0,0.0,1.0,34.5,0.5833333333333334,24.25,0.75,60.416666666666664,0.25,0.0,1.0,2.5,0.9166666666666666,0.0,1.0,161.0,12.0,0,24,1,1,2,0.0,1,0.0
common_101,F47_161_to_160,failure,F47_161_12,12,21.9,44.0,431.0,12.0,100.0,100.0,0.0,0.0,27.0,0.0,1.2246467991473532e-16,-1.0,0.0,0.0,0.0,0.0,0.0,0.0,0.0,0.0,11.8,64.0,480.0,0.9230769230769231,0.9230769230769231,39.53846153846154,0.5384615384615384,30.076923076923077,0.6923076923076923,55.76923076923077,0.3076923076923077,0.0,1.0,4.384615384615385,0.8461538461538461,0.0,1.0,161.0,0.0,1,12,1,1,3,0.0,2,12.0
common_101,F47_161_to_160,failure,F47_161_13,13,20.9,41.0,394.0,30.0,100.0,100.0,0.0,0.0,35.0,2.0,-0.2588190451025208,-0.9659258262890683,0.0,0.0,0.0,0.0,0.0,0.0,0.0,0.0,11.8,64.0,480.0,3.0,0.8571428571428571,43.857142857142854,0.5,35.07142857142857,0.6428571428571429,51.785714285714285,0.35714285714285715,0.0,1.0,6.571428571428571,0.7857142857142857,0.14285714285714285,0.9285714285714286,161.0,0.0,2,12,1,1,4,0.0,3,30.0
common_101,F47_161_to_160,failure,F47_161_14,14,17.7,47.0,409.0,34.0,100.0,100.0,0.0,0.0,20.0,0.0,-0.4999999999999997,-0.8660254037844388,0.0,0.0,0.0,0.0,0.0,0.0,0.0,0.0,11.8,64.0,480.0,5.066666666666666,0.8,47.6,0.4666666666666667,39.4,0.6,48.333333333333336,0.4,0.0,1.0,7.466666666666667,0.7333333333333333,0.13333333333333333,0.9333333333333333,161.0,0.0,3,12,1,1,5,0.0,4,34.0
common_101,F47_161_to_160,failure,F47_161_15,15,15.5,61.0,392.0,1.0,100.0,100.0,0.0,0.0,0.0,0.0,-0.7071067811865471,-0.7071067811865479,0.0,0.0,0.0,0.0,0.0,0.0,0.0,0.0,11.8,64.0,480.0,4.8125,0.75,50.875,0.4375,43.1875,0.5625,45.3125,0.4375,0.0,1.0,7.0,0.75,0.125,0.9375,161.0,0.0,4,12,1,1,6,0.0,4,34.0
common_101,F47_161_to_160,failure,F47_161_16,16,14.3,60.0,405.0,0.0,100.0,100.0,0.0,0.0,0.0,0.0,-0.8660254037844385,-0.5000000000000004,0.0,0.0,0.0,0.0,0.0,0.0,0.0,0.0,11.8,64.0,480.0,4.529411764705882,0.7647058823529411,53.76470588235294,0.4117647058823529,46.529411764705884,0.5294117647058824,42.64705882352941,0.47058823529411764,0.0,1.0,6.588235294117647,0.7647058823529411,0.11764705882352941,0.9411764705882353,161.0,1.0,4,12,1,1,7,0.0,4,34.0
common_101,F47_161_to_160,failure,F47_161_17,17,14.0,62.0,382.0,0.0,100.0,100.0,0.0,0.0,0.0,0.0,-0.9659258262890683,-0.25881904510252063,0.0,0.0,0.0,0.0,0.0,0.0,0.0,0.0,11.8,64.0,480.0,4.277777777777778,0.7777777777777778,56.333333333333336,0.3888888888888889,49.5,0.5,40.27777777777778,0.5,0.0,1.0,6.222222222222222,0.7777777777777778,0.1111111111111111,0.9444444444444444,161.0,2.0,4,12,1,1,8,0.0,4,34.0
common_101,F47_161_to_160,failure,F47_161_18,18,12.0,64.0,386.0,0.0,100.0,6.0,0.0,0.0,0.0,0.0,-1.0,-1.8369701987210297e-16,0.0,0.0,0.0,0.0,0.0,0.0,0.0,0.0,11.8,64.0,480.0,4.052631578947368,0.7894736842105263,58.63157894736842,0.3684210526315789,47.21052631578947,0.47368421052631576,38.1578947368421,0.5263157894736842,0.0,1.0,5.894736842105263,0.7894736842105263,0.10526315789473684,0.9473684210526315,161.0,3.0,4,12,1,1,9,0.0,4,34.0
common_101,F47_161_to_160,failure,F47_161_19,19,10.5,62.0,307.0,0.0,100.0,0.0,0.0,0.0,0.0,0.0,-0.9659258262890684,0.2588190451025203,0.0,0.0,0.0,0.0,0.0,0.0,0.0,0.0,11.8,64.0,480.0,3.85,0.8,60.7,0.35,44.85,0.5,36.25,0.55,0.0,1.0,5.6,0.8,0.1,0.95,161.0,4.0,4,12,2,1,0,0.0,4,34.0
common_101,F47_161_to_160,failure,F47_161_20,20,10.5,60.0,320.0,0.0,91.0,0.0,0.0,0.0,0.0,0.0,-0.8660254037844386,0.5000000000000001,0.0,0.0,0.0,0.0,0.0,0.0,0.0,0.0,11.8,64.0,480.0,3.6666666666666665,0.8095238095238095,62.142857142857146,0.3333333333333333,42.714285714285715,0.5238095238095238,34.523809523809526,0.5714285714285714,0.0,1.0,5.333333333333333,0.8095238095238095,0.09523809523809523,0.9523809523809523,161.0,5.0,4,12,2,1,1,0.0,4,34.0
common_101,F47_161_to_160,failure,F47_161_21,21,12.2,65.0,309.0,0.0,0.0,0.0,0.0,0.0,0.0,0.0,-0.7071067811865477,0.7071067811865474,0.0,0.0,0.0,0.0,0.0,0.0,0.0,0.0,11.8,64.0,480.0,3.5,0.8181818181818182,59.31818181818182,0.36363636363636365,40.77272727272727,0.5454545454545454,32.95454545454545,0.5909090909090909,0.0,1.0,5.090909090909091,0.8181818181818182,0.09090909090909091,0.9545454545454546,161.0,6.0,4,12,2,2,0,0.0,4,34.0
common_101,F47_161_to_160,failure,F47_161_22,22,13.1,66.0,314.0,0.0,0.0,0.0,0.0,0.0,0.0,0.0,-0.5000000000000004,0.8660254037844384,0.0,0.0,0.0,0.0,0.0,0.0,0.0,0.0,11.8,64.0,480.0,3.347826086956522,0.8260869565217391,56.73913043478261,0.391304347826087,39.0,0.5652173913043478,31.52173913043478,0.6086956521739131,0.0,1.0,4.869565217391305,0.8260869565217391,0.08695652173913043,0.9565217391304348,161.0,7.0,4,12,2,2,1,0.0,4,34.0
common_101,F47_161_to_160,failure,F47_161_23,23,13.4,66.0,333.0,0.0,0.0,0.0,0.0,0.0,0.0,0.0,-0.25881904510252157,0.9659258262890681,0.0,0.0,0.0,0.0,0.0,0.0,0.0,0.0,11.8,64.0,480.0,3.2083333333333335,0.8333333333333334,54.375,0.4166666666666667,37.375,0.5833333333333334,30.208333333333332,0.625,0.0,1.0,4.666666666666667,0.8333333333333334,0.08333333333333333,0.9583333333333334,161.0,8.0,4,12,2,2,2,0.0,4,34.0
common_2024,F47_161_to_165,control,F47_165_00,0,7.7,70.0,388.0,0.0,1.0,0.0,100.0,100.0,0.0,0.0,0.0,1.0,1.0,0.0,1.0,0.0,100.0,100.0,0.0,0.0,7.7,70.0,388.0,0.0,1.0,1.0,0.0,0.0,1.0,100.0,0.0,100.0,0.0,0.0,1.0,0.0,1.0,165.0,1.0,0,24,0,0,1,1.0,0,0.0
common_2024,F47_161_to_165,control,F47_165_01,1,7.2,71.0,391.0,0.0,1.0,0.0,100.0,100.0,0.0,0.0,0.25881904510252074,0.9659258262890683,0.0,0.0,1.0,0.0,100.0,100.0,0.0,0.0,7.7,70.0,388.0,0.0,1.0,1.0,0.0,0.0,1.0,100.0,0.0,100.0,0.0,0.0,1.0,0.0,1.0,165.0,2.0,0,24,0,0,2,2.0,0,0.0
common_2024,F47_161_to_165,control,F47_165_02,2,7.2,71.0,394.0,0.0,1.0,0.0,100.0,100.0,0.0,0.0,0.49999999999999994,0.8660254037844387,0.0,0.0,1.0,0.0,100.0,100.0,0.0,0.0,7.7,70.0,388.0,0.0,1.0,1.0,0.0,0.0,1.0,100.0,0.0,100.0,0.0,0.0,1.0,0.0,1.0,165.0,3.0,0,24,0,0,3,3.0,0,0.0
common_2024,F47_161_to_165,control,F47_165_03,3,7.0,72.0,394.0,0.0,1.0,0.0,100.0,100.0,0.0,0.0,0.7071067811865476,0.7071067811865476,0.0,0.0,1.0,0.0,100.0,100.0,0.0,0.0,7.7,70.0,388.0,0.0,1.0,1.0,0.0,0.0,1.0,100.0,0.0,100.0,0.0,0.0,1.0,0.0,1.0,165.0,4.0,0,24,0,0,4,4.0,0,0.0
common_2024,F47_161_to_165,control,F47_165_04,4,6.6,72.0,395.0,0.0,1.0,0.0,100.0,100.0,0.0,0.0,0.8660254037844386,0.5000000000000001,0.0,0.0,1.0,0.0,100.0,100.0,0.0,0.0,7.7,70.0,388.0,0.0,1.0,1.0,0.0,0.0,1.0,100.0,0.0,100.0,0.0,0.0,1.0,0.0,1.0,165.0,5.0,0,24,0,0,5,5.0,0,0.0
common_2024,F47_161_to_165,control,F47_165_05,5,6.0,72.0,400.0,0.0,1.0,0.0,100.0,100.0,0.0,0.0,0.9659258262890683,0.25881904510252074,0.0,0.0,1.0,0.0,100.0,100.0,0.0,0.0,7.7,70.0,388.0,0.0,1.0,1.0,0.0,0.0,1.0,100.0,0.0,100.0,0.0,0.0,1.0,0.0,1.0,165.0,6.0,0,24,0,0,6,6.0,0,0.0
common_2024,F47_161_to_165,control,F47_165_06,6,5.6,72.0,403.0,0.0,1.0,0.0,100.0,100.0,0.0,0.0,1.0,6.123233995736766e-17,0.0,0.0,1.0,0.0,100.0,100.0,0.0,0.0,7.7,70.0,388.0,0.0,1.0,1.0,0.0,0.0,1.0,100.0,0.0,100.0,0.0,0.0,1.0,0.0,1.0,165.0,7.0,0,24,0,0,7,7.0,0,0.0
common_2024,F47_161_to_165,control,F47_165_07,7,5.4,72.0,404.0,0.0,1.0,0.0,100.0,100.0,0.0,0.0,0.9659258262890683,-0.25881904510252063,0.0,0.0,1.0,0.0,100.0,100.0,0.0,0.0,7.7,70.0,388.0,0.0,1.0,1.0,0.0,0.0,1.0,100.0,0.0,100.0,0.0,0.0,1.0,0.0,1.0,165.0,8.0,0,24,0,0,8,8.0,0,0.0
common_2024,F47_161_to_165,control,F47_165_08,8,7.1,71.0,406.0,0.0,1.0,0.0,100.0,100.0,0.0,0.0,0.8660254037844387,-0.4999999999999998,0.0,0.0,1.0,0.0,100.0,100.0,0.0,0.0,7.7,70.0,388.0,0.0,1.0,1.0,0.0,0.0,1.0,100.0,0.0,100.0,0.0,0.0,1.0,0.0,1.0,165.0,9.0,0,24,0,0,9,9.0,0,0.0
common_2024,F47_161_to_165,control,F47_165_09,9,,,,11.0,15.0,24.0,82.0,82.0,0.0,0.0,0.7071067811865476,-0.7071067811865475,0.0,0.0,1.0,0.0,100.0,100.0,0.0,0.0,7.7,70.0,388.0,1.1,0.9,2.4,0.0,2.4,0.9,98.2,0.0,98.2,0.0,0.0,1.0,0.0,1.0,165.0,0.0,1,9,1,0,0,10.0,0,11.0
common_2024,F47_161_to_165,control,F47_165_10,10,,,,30.0,39.0,70.0,0.0,0.0,0.0,0.0,0.49999999999999994,-0.8660254037844387,0.0,0.0,1.0,0.0,100.0,100.0,0.0,0.0,7.7,70.0,388.0,3.727272727272727,0.8181818181818182,5.7272727272727275,0.0,8.545454545454545,0.8181818181818182,89.27272727272727,0.09090909090909091,89.27272727272727,0.09090909090909091,0.0,1.0,0.0,1.0,165.0,0.0,2,9,1,0,1,0.0,0,30.0
common_2024,F47_161_to_165,control,F47_165_11,11,,,,30.0,39.0,70.0,0.0,0.0,0.0,0.0,0.258819045102521,-0.9659258262890682,0.0,0.0,1.0,0.0,100.0,100.0,0.0,0.0,7.7,70.0,388.0,5.916666666666667,0.75,8.5,0.0,13.666666666666666,0.75,81.83333333333333,0.16666666666666666,81.83333333333333,0.16666666666666666,0.0,1.0,0.0,1.0,165.0,0.0,3,9,1,0,2,0.0,0,30.0
common_2024,F47_161_to_165,control,F47_165_12,12,14.0,61.0,375.0,30.0,39.0,76.0,0.0,0.0,0.0,0.0,1.2246467991473532e-16,-1.0,0.0,0.0,1.0,0.0,100.0,100.0,0.0,0.0,7.7,70.0,388.0,7.769230769230769,0.6923076923076923,10.846153846153847,0.0,18.46153846153846,0.6923076923076923,75.53846153846153,0.23076923076923078,75.53846153846153,0.23076923076923078,0.0,1.0,0.0,1.0,165.0,0.0,4,9,1,0,3,0.0,0,30.0
common_2024,F47_161_to_165,control,F47_165_13,13,13.8,62.0,372.0,30.0,39.0,62.0,0.0,0.0,0.0,0.0,-0.2588190451025208,-0.9659258262890683,0.0,0.0,1.0,0.0,100.0,100.0,0.0,0.0,7.7,70.0,388.0,9.357142857142858,0.6428571428571429,12.857142857142858,0.0,21.571428571428573,0.6428571428571429,70.14285714285714,0.2857142857142857,70.14285714285714,0.2857142857142857,0.0,1.0,0.0,1.0,165.0,0.0,5,9,1,0,4,0.0,0,30.0
common_2024,F47_161_to_165,control,F47_165_14,14,13.9,60.0,368.0,30.0,39.0,62.0,0.0,0.0,0.0,0.0,-0.4999999999999997,-0.8660254037844388,0.0,0.0,1.0,0.0,100.0,100.0,0.0,0.0,7.7,70.0,388.0,10.733333333333333,0.6,14.6,0.0,24.266666666666666,0.6,65.46666666666667,0.3333333333333333,65.46666666666667,0.3333333333333333,0.0,1.0,0.0,1.0,165.0,0.0,6,9,1,0,5,0.0,0,30.0
common_2024,F47_161_to_165,control,F47_165_15,15,13.2,61.0,369.0,30.0,39.0,58.0,20.0,20.0,0.0,0.0,-0.7071067811865471,-0.7071067811865479,0.0,0.0,1.0,0.0,100.0,100.0,0.0,0.0,7.7,70.0,388.0,11.9375,0.5625,16.125,0.0,26.375,0.5625,62.625,0.3125,62.625,0.3125,0.0,1.0,0.0,1.0,165.0,0.0,7,9,1,0,6,1.0,0,30.0
common_2024,F47_161_to_165,control,F47_165_16,16,11.8,63.0,370.0,30.0,39.0,56.0,47.0,18.0,0.0,0.0,-0.8660254037844385,-0.5000000000000004,0.0,0.0,1.0,0.0,100.0,100.0,0.0,0.0,7.7,70.0,388.0,13.0,0.5294117647058824,17.470588235294116,0.0,28.11764705882353,0.5294117647058824,61.705882352941174,0.29411764705882354,60.0,0.29411764705882354,0.0,1.0,0.0,1.0,165.0,0.0,8,9,1,0,7,2.0,0,30.0
common_2024,F47_161_to_165,control,F47_165_17,17,10.1,65.0,372.0,22.0,20.0,22.0,60.0,53.0,0.0,0.0,-0.9659258262890683,-0.25881904510252063,0.0,0.0,1.0,0.0,100.0,100.0,0.0,0.0,7.7,70.0,388.0,13.5,0.5,17.61111111111111,0.0,27.77777777777778,0.5,61.611111111111114,0.2777777777777778,59.611111111111114,0.2777777777777778,0.0,1.0,0.0,1.0,165.0,0.0,9,9,1,0,8,3.0,0,30.0
common_2024,F47_161_to_165,control,F47_165_18,18,10.0,68.0,373.0,5.0,1.0,4.0,87.0,87.0,0.0,0.0,-1.0,-1.8369701987210297e-16,0.0,0.0,1.0,0.0,100.0,100.0,0.0,0.0,7.7,70.0,388.0,13.052631578947368,0.47368421052631576,16.736842105263158,0.0,26.526315789473685,0.47368421052631576,62.94736842105263,0.2631578947368421,61.05263157894737,0.2631578947368421,0.0,1.0,0.0,1.0,165.0,0.0,10,9,1,0,9,4.0,0,30.0
common_2024,F47_161_to_165,control,F47_165_19,19,9.7,70.0,381.0,7.0,0.0,6.0,100.0,100.0,0.0,0.0,-0.9659258262890684,0.2588190451025203,0.0,0.0,1.0,0.0,100.0,100.0,0.0,0.0,7.7,70.0,388.0,12.75,0.45,15.9,0.05,25.5,0.45,64.8,0.25,63.0,0.25,0.0,1.0,0.0,1.0,165.0,0.0,11,9,1,1,0,5.0,0,30.0
common_2024,F47_161_to_165,control,F47_165_20,20,8.9,72.0,380.0,9.0,0.0,6.0,100.0,100.0,0.0,0.0,-0.8660254037844386,0.5000000000000001,0.0,0.0,1.0,0.0,100.0,100.0,0.0,0.0,7.7,70.0,388.0,12.571428571428571,0.42857142857142855,15.142857142857142,0.09523809523809523,24.571428571428573,0.42857142857142855,66.47619047619048,0.23809523809523808,64.76190476190476,0.23809523809523808,0.0,1.0,0.0,1.0,165.0,0.0,12,9,1,1,1,6.0,0,30.0
common_2024,F47_161_to_165,control,F47_165_21,21,10.0,73.0,382.0,1.0,0.0,0.0,78.0,78.0,0.0,0.0,-0.7071067811865477,0.7071067811865474,0.0,0.0,1.0,0.0,100.0,100.0,0.0,0.0,7.7,70.0,388.0,12.045454545454545,0.4090909090909091,14.454545454545455,0.13636363636363635,23.454545454545453,0.45454545454545453,67.0,0.22727272727272727,65.36363636363636,0.22727272727272727,0.0,1.0,0.0,1.0,165.0,0.0,13,9,2,1,0,7.0,0,30.0
common_2024,F47_161_to_165,control,F47_165_22,22,10.0,74.0,386.0,1.0,0.0,0.0,78.0,67.0,0.0,0.0,-0.5000000000000004,0.8660254037844384,0.0,0.0,1.0,0.0,100.0,100.0,0.0,0.0,7.7,70.0,388.0,11.565217391304348,0.391304347826087,13.826086956521738,0.17391304347826086,22.434782608695652,0.4782608695652174,67.47826086956522,0.21739130434782608,65.43478260869566,0.21739130434782608,0.0,1.0,0.0,1.0,165.0,0.0,14,9,2,1,1,8.0,0,30.0
common_2024,F47_161_to_165,control,F47_165_23,23,10.0,75.0,387.0,1.0,0.0,0.0,80.0,80.0,0.0,0.0,-0.25881904510252157,0.9659258262890681,0.0,0.0,1.0,0.0,100.0,100.0,0.0,0.0,7.7,70.0,388.0,11.125,0.375,13.25,0.20833333333333334,21.5,0.5,68.0,0.20833333333333334,66.04166666666667,0.20833333333333334,0.0,1.0,0.0,1.0,165.0,0.0,15,9,2,1,2,9.0,0,30.0
common_2024,F47_161_to_165,failure,F47_161_00,0,11.8,64.0,480.0,0.0,0.0,0.0,0.0,0.0,0.0,0.0,0.0,1.0,1.0,0.0,0.0,0.0,0.0,0.0,0.0,0.0,11.8,64.0,480.0,0.0,1.0,0.0,1.0,0.0,1.0,0.0,1.0,0.0,1.0,0.0,1.0,0.0,1.0,161.0,1.0,0,24,0,0,1,0.0,0,0.0
common_2024,F47_161_to_165,failure,F47_161_01,1,11.2,65.0,484.0,0.0,0.0,0.0,0.0,0.0,0.0,0.0,0.25881904510252074,0.9659258262890683,0.0,0.0,0.0,0.0,0.0,0.0,0.0,0.0,11.8,64.0,480.0,0.0,1.0,0.0,1.0,0.0,1.0,0.0,1.0,0.0,1.0,0.0,1.0,0.0,1.0,161.0,2.0,0,24,0,0,2,0.0,0,0.0
common_2024,F47_161_to_165,failure,F47_161_02,2,9.9,70.0,456.0,0.0,0.0,0.0,23.0,0.0,0.0,0.0,0.49999999999999994,0.8660254037844387,0.0,0.0,0.0,0.0,0.0,0.0,0.0,0.0,11.8,64.0,480.0,0.0,1.0,0.0,1.0,0.0,1.0,7.666666666666667,0.6666666666666666,0.0,1.0,0.0,1.0,0.0,1.0,161.0,3.0,0,24,0,0,3,1.0,0,0.0
common_2024,F47_161_to_165,failure,F47_161_03,3,8.8,65.0,363.0,0.0,0.0,0.0,100.0,0.0,0.0,0.0,0.7071067811865476,0.7071067811865476,0.0,0.0,0.0,0.0,0.0,0.0,0.0,0.0,11.8,64.0,480.0,0.0,1.0,0.0,1.0,0.0,1.0,30.75,0.5,0.0,1.0,0.0,1.0,0.0,1.0,161.0,4.0,0,24,0,0,4,2.0,0,0.0
common_2024,F47_161_to_165,failure,F47_161_04,4,7.7,64.0,386.0,0.0,0.0,0.0,100.0,0.0,0.0,0.0,0.8660254037844386,0.5000000000000001,0.0,0.0,0.0,0.0,0.0,0.0,0.0,0.0,11.8,64.0,480.0,0.0,1.0,0.0,1.0,0.0,1.0,44.6,0.4,0.0,1.0,0.0,1.0,0.0,1.0,161.0,5.0,0,24,0,0,5,3.0,0,0.0
common_2024,F47_161_to_165,failure,F47_161_05,5,8.5,64.0,318.0,0.0,0.0,0.0,100.0,0.0,0.0,0.0,0.9659258262890683,0.25881904510252074,0.0,0.0,0.0,0.0,0.0,0.0,0.0,0.0,11.8,64.0,480.0,0.0,1.0,0.0,1.0,0.0,1.0,53.833333333333336,0.3333333333333333,0.0,1.0,0.0,1.0,0.0,1.0,161.0,6.0,0,24,0,0,6,4.0,0,0.0
common_2024,F47_161_to_165,failure,F47_161_06,6,9.2,64.0,347.0,0.0,0.0,0.0,100.0,0.0,0.0,0.0,1.0,6.123233995736766e-17,0.0,0.0,0.0,0.0,0.0,0.0,0.0,0.0,11.8,64.0,480.0,0.0,1.0,0.0,1.0,0.0,1.0,60.42857142857143,0.2857142857142857,0.0,1.0,0.0,1.0,0.0,1.0,161.0,7.0,0,24,0,0,7,5.0,0,0.0
common_2024,F47_161_to_165,failure,F47_161_07,7,9.3,65.0,426.0,0.0,14.0,0.0,100.0,0.0,30.0,0.0,0.9659258262890683,-0.25881904510252063,0.0,0.0,0.0,0.0,0.0,0.0,0.0,0.0,11.8,64.0,480.0,0.0,1.0,1.75,0.875,0.0,1.0,65.375,0.25,0.0,1.0,3.75,0.875,0.0,1.0,161.0,8.0,0,24,0,1,0,6.0,1,0.0
common_2024,F47_161_to_165,failure,F47_161_08,8,9.4,64.0,508.0,0.0,100.0,0.0,100.0,0.0,0.0,0.0,0.8660254037844387,-0.4999999999999998,0.0,0.0,0.0,0.0,0.0,0.0,0.0,0.0,11.8,64.0,480.0,0.0,1.0,12.666666666666666,0.7777777777777778,0.0,1.0,69.22222222222223,0.2222222222222222,0.0,1.0,3.3333333333333335,0.8888888888888888,0.0,1.0,161.0,9.0,0,24,0,1,1,7.0,1,0.0
common_2024,F47_161_to_165,failure,F47_161_09,9,12.6,64.0,504.0,0.0,100.0,91.0,100.0,0.0,0.0,0.0,0.7071067811865476,-0.7071067811865475,0.0,0.0,0.0,0.0,0.0,0.0,0.0,0.0,11.8,64.0,480.0,0.0,1.0,21.4,0.7,9.1,0.9,72.3,0.2,0.0,1.0,3.0,0.9,0.0,1.0,161.0,10.0,0,24,1,1,0,8.0,1,0.0
common_2024,F47_161_to_165,failure,F47_161_10,10,18.7,60.0,469.0,0.0,100.0,100.0,2.0,0.0,0.0,0.0,0.49999999999999994,-0.8660254037844387,0.0,0.0,0.0,0.0,0.0,0.0,0.0,0.0,11.8,64.0,480.0,0.0,1.0,28.545454545454547,0.6363636363636364,17.363636363636363,0.8181818181818182,65.9090909090909,0.18181818181818182,0.0,1.0,2.727272727272727,0.9090909090909091,0.0,1.0,161.0,11.0,0,24,1,1,1,9.0,1,0.0
common_2024,F47_161_to_165,failure,F47_161_11,11,22.1,52.0,434.0,0.0,100.0,100.0,0.0,0.0,0.0,0.0,0.258819045102521,-0.9659258262890682,0.0,0.0,0.0,0.0,0.0,0.0,0.0,0.0,11.8,64.0,480.0,0.0,1.0,34.5,0.5833333333333334,24.25,0.75,60.416666666666664,0.25,0.0,1.0,2.5,0.9166666666666666,0.0,1.0,161.0,12.0,0,24,1,1,2,0.0,1,0.0
common_2024,F47_161_to_165,failure,F47_161_12,12,21.9,44.0,431.0,12.0,100.0,100.0,0.0,0.0,27.0,0.0,1.2246467991473532e-16,-1.0,0.0,0.0,0.0,0.0,0.0,0.0,0.0,0.0,11.8,64.0,480.0,0.9230769230769231,0.9230769230769231,39.53846153846154,0.5384615384615384,30.076923076923077,0.6923076923076923,55.76923076923077,0.3076923076923077,0.0,1.0,4.384615384615385,0.8461538461538461,0.0,1.0,161.0,0.0,1,12,1,1,3,0.0,2,12.0
common_2024,F47_161_to_165,failure,F47_161_13,13,20.9,41.0,394.0,30.0,100.0,100.0,0.0,0.0,35.0,2.0,-0.2588190451025208,-0.9659258262890683,0.0,0.0,0.0,0.0,0.0,0.0,0.0,0.0,11.8,64.0,480.0,3.0,0.8571428571428571,43.857142857142854,0.5,35.07142857142857,0.6428571428571429,51.785714285714285,0.35714285714285715,0.0,1.0,6.571428571428571,0.7857142857142857,0.14285714285714285,0.9285714285714286,161.0,0.0,2,12,1,1,4,0.0,3,30.0
common_2024,F47_161_to_165,failure,F47_161_14,14,17.7,47.0,409.0,34.0,100.0,100.0,0.0,0.0,20.0,0.0,-0.4999999999999997,-0.8660254037844388,0.0,0.0,0.0,0.0,0.0,0.0,0.0,0.0,11.8,64.0,480.0,5.066666666666666,0.8,47.6,0.4666666666666667,39.4,0.6,48.333333333333336,0.4,0.0,1.0,7.466666666666667,0.7333333333333333,0.13333333333333333,0.9333333333333333,161.0,0.0,3,12,1,1,5,0.0,4,34.0
common_2024,F47_161_to_165,failure,F47_161_15,15,15.5,61.0,392.0,1.0,100.0,100.0,0.0,0.0,0.0,0.0,-0.7071067811865471,-0.7071067811865479,0.0,0.0,0.0,0.0,0.0,0.0,0.0,0.0,11.8,64.0,480.0,4.8125,0.75,50.875,0.4375,43.1875,0.5625,45.3125,0.4375,0.0,1.0,7.0,0.75,0.125,0.9375,161.0,0.0,4,12,1,1,6,0.0,4,34.0
common_2024,F47_161_to_165,failure,F47_161_16,16,14.3,60.0,405.0,0.0,100.0,100.0,0.0,0.0,0.0,0.0,-0.8660254037844385,-0.5000000000000004,0.0,0.0,0.0,0.0,0.0,0.0,0.0,0.0,11.8,64.0,480.0,4.529411764705882,0.7647058823529411,53.76470588235294,0.4117647058823529,46.529411764705884,0.5294117647058824,42.64705882352941,0.47058823529411764,0.0,1.0,6.588235294117647,0.7647058823529411,0.11764705882352941,0.9411764705882353,161.0,1.0,4,12,1,1,7,0.0,4,34.0
common_2024,F47_161_to_165,failure,F47_161_17,17,14.0,62.0,382.0,0.0,100.0,100.0,0.0,0.0,0.0,0.0,-0.9659258262890683,-0.25881904510252063,0.0,0.0,0.0,0.0,0.0,0.0,0.0,0.0,11.8,64.0,480.0,4.277777777777778,0.7777777777777778,56.333333333333336,0.3888888888888889,49.5,0.5,40.27777777777778,0.5,0.0,1.0,6.222222222222222,0.7777777777777778,0.1111111111111111,0.9444444444444444,161.0,2.0,4,12,1,1,8,0.0,4,34.0
common_2024,F47_161_to_165,failure,F47_161_18,18,12.0,64.0,386.0,0.0,100.0,6.0,0.0,0.0,0.0,0.0,-1.0,-1.8369701987210297e-16,0.0,0.0,0.0,0.0,0.0,0.0,0.0,0.0,11.8,64.0,480.0,4.052631578947368,0.7894736842105263,58.63157894736842,0.3684210526315789,47.21052631578947,0.47368421052631576,38.1578947368421,0.5263157894736842,0.0,1.0,5.894736842105263,0.7894736842105263,0.10526315789473684,0.9473684210526315,161.0,3.0,4,12,1,1,9,0.0,4,34.0
common_2024,F47_161_to_165,failure,F47_161_19,19,10.5,62.0,307.0,0.0,100.0,0.0,0.0,0.0,0.0,0.0,-0.9659258262890684,0.2588190451025203,0.0,0.0,0.0,0.0,0.0,0.0,0.0,0.0,11.8,64.0,480.0,3.85,0.8,60.7,0.35,44.85,0.5,36.25,0.55,0.0,1.0,5.6,0.8,0.1,0.95,161.0,4.0,4,12,2,1,0,0.0,4,34.0
common_2024,F47_161_to_165,failure,F47_161_20,20,10.5,60.0,320.0,0.0,91.0,0.0,0.0,0.0,0.0,0.0,-0.8660254037844386,0.5000000000000001,0.0,0.0,0.0,0.0,0.0,0.0,0.0,0.0,11.8,64.0,480.0,3.6666666666666665,0.8095238095238095,62.142857142857146,0.3333333333333333,42.714285714285715,0.5238095238095238,34.523809523809526,0.5714285714285714,0.0,1.0,5.333333333333333,0.8095238095238095,0.09523809523809523,0.9523809523809523,161.0,5.0,4,12,2,1,1,0.0,4,34.0
common_2024,F47_161_to_165,failure,F47_161_21,21,12.2,65.0,309.0,0.0,0.0,0.0,0.0,0.0,0.0,0.0,-0.7071067811865477,0.7071067811865474,0.0,0.0,0.0,0.0,0.0,0.0,0.0,0.0,11.8,64.0,480.0,3.5,0.8181818181818182,59.31818181818182,0.36363636363636365,40.77272727272727,0.5454545454545454,32.95454545454545,0.5909090909090909,0.0,1.0,5.090909090909091,0.8181818181818182,0.09090909090909091,0.9545454545454546,161.0,6.0,4,12,2,2,0,0.0,4,34.0
common_2024,F47_161_to_165,failure,F47_161_22,22,13.1,66.0,314.0,0.0,0.0,0.0,0.0,0.0,0.0,0.0,-0.5000000000000004,0.8660254037844384,0.0,0.0,0.0,0.0,0.0,0.0,0.0,0.0,11.8,64.0,480.0,3.347826086956522,0.8260869565217391,56.73913043478261,0.391304347826087,39.0,0.5652173913043478,31.52173913043478,0.6086956521739131,0.0,1.0,4.869565217391305,0.8260869565217391,0.08695652173913043,0.9565217391304348,161.0,7.0,4,12,2,2,1,0.0,4,34.0
common_2024,F47_161_to_165,failure,F47_161_23,23,13.4,66.0,333.0,0.0,0.0,0.0,0.0,0.0,0.0,0.0,-0.25881904510252157,0.9659258262890681,0.0,0.0,0.0,0.0,0.0,0.0,0.0,0.0,11.8,64.0,480.0,3.2083333333333335,0.8333333333333334,54.375,0.4166666666666667,37.375,0.5833333333333334,30.208333333333332,0.625,0.0,1.0,4.666666666666667,0.8333333333333334,0.08333333333333333,0.9583333333333334,161.0,8.0,4,12,2,2,2,0.0,4,34.0
common_2024,F47_130_to_127,control,F47_127_00,0,9.8,65.0,362.0,0.0,0.0,0.0,40.0,40.0,0.0,0.0,0.0,1.0,1.0,0.0,0.0,0.0,40.0,40.0,0.0,0.0,9.8,65.0,362.0,0.0,1.0,0.0,1.0,0.0,1.0,40.0,0.0,40.0,0.0,0.0,1.0,0.0,1.0,127.0,1.0,0,24,0,0,1,1.0,0,0.0
common_2024,F47_130_to_127,control,F47_127_01,1,9.7,65.0,363.0,0.0,0.0,0.0,47.0,43.0,0.0,0.0,0.25881904510252074,0.9659258262890683,0.0,0.0,0.0,0.0,40.0,40.0,0.0,0.0,9.8,65.0,362.0,0.0,1.0,0.0,1.0,0.0,1.0,43.5,0.0,41.5,0.0,0.0,1.0,0.0,1.0,127.0,2.0,0,24,0,0,2,2.0,0,0.0
common_2024,F47_130_to_127,control,F47_127_02,2,10.0,64.0,362.0,0.0,0.0,0.0,43.0,33.0,0.0,0.0,0.49999999999999994,0.8660254037844387,0.0,0.0,0.0,0.0,40.0,40.0,0.0,0.0,9.8,65.0,362.0,0.0,1.0,0.0,1.0,0.0,1.0,43.333333333333336,0.0,38.666666666666664,0.0,0.0,1.0,0.0,1.0,127.0,3.0,0,24,0,0,3,3.0,0,0.0
common_2024,F47_130_to_127,control,F47_127_03,3,9.9,64.0,365.0,0.0,0.0,0.0,53.0,47.0,0.0,0.0,0.7071067811865476,0.7071067811865476,0.0,0.0,0.0,0.0,40.0,40.0,0.0,0.0,9.8,65.0,362.0,0.0,1.0,0.0,1.0,0.0,1.0,45.75,0.0,40.75,0.0,0.0,1.0,0.0,1.0,127.0,4.0,0,24,0,0,4,4.0,0,0.0
common_2024,F47_130_to_127,control,F47_127_04,4,8.5,67.0,369.0,0.0,0.0,0.0,100.0,7.0,0.0,0.0,0.8660254037844386,0.5000000000000001,0.0,0.0,0.0,0.0,40.0,40.0,0.0,0.0,9.8,65.0,362.0,0.0,1.0,0.0,1.0,0.0,1.0,56.6,0.0,34.0,0.0,0.0,1.0,0.0,1.0,127.0,5.0,0,24,0,0,5,5.0,0,0.0
common_2024,F47_130_to_127,control,F47_127_05,5,9.4,63.0,374.0,0.0,0.0,0.0,63.0,47.0,0.0,0.0,0.9659258262890683,0.25881904510252074,0.0,0.0,0.0,0.0,40.0,40.0,0.0,0.0,9.8,65.0,362.0,0.0,1.0,0.0,1.0,0.0,1.0,57.666666666666664,0.0,36.166666666666664,0.0,0.0,1.0,0.0,1.0,127.0,6.0,0,24,0,0,6,6.0,0,0.0
common_2024,F47_130_to_127,control,F47_127_06,6,9.7,62.0,378.0,0.0,0.0,0.0,53.0,40.0,0.0,0.0,1.0,6.123233995736766e-17,0.0,0.0,0.0,0.0,40.0,40.0,0.0,0.0,9.8,65.0,362.0,0.0,1.0,0.0,1.0,0.0,1.0,57.0,0.0,36.714285714285715,0.0,0.0,1.0,0.0,1.0,127.0,7.0,0,24,0,0,7,7.0,0,0.0
common_2024,F47_130_to_127,control,F47_127_07,7,9.5,62.0,381.0,0.0,0.0,0.0,57.0,45.0,0.0,0.0,0.9659258262890683,-0.25881904510252063,0.0,0.0,0.0,0.0,40.0,40.0,0.0,0.0,9.8,65.0,362.0,0.0,1.0,0.0,1.0,0.0,1.0,57.0,0.0,37.75,0.0,0.0,1.0,0.0,1.0,127.0,8.0,0,24,0,0,8,8.0,0,0.0
common_2024,F47_130_to_127,control,F47_127_08,8,9.7,64.0,382.0,0.0,0.0,3.0,30.0,37.0,0.0,0.0,0.8660254037844387,-0.4999999999999998,0.0,0.0,0.0,0.0,40.0,40.0,0.0,0.0,9.8,65.0,362.0,0.0,1.0,0.0,1.0,0.3333333333333333,0.8888888888888888,54.0,0.0,37.666666666666664,0.0,0.0,1.0,0.0,1.0,127.0,9.0,0,24,1,0,0,9.0,0,0.0
common_2024,F47_130_to_127,control,F47_127_09,9,11.8,63.0,384.0,0.0,53.0,99.0,33.0,47.0,0.0,0.0,0.7071067811865476,-0.7071067811865475,0.0,0.0,0.0,0.0,40.0,40.0,0.0,0.0,9.8,65.0,362.0,0.0,1.0,5.3,0.9,10.2,0.8,51.9,0.0,38.6,0.0,0.0,1.0,0.0,1.0,127.0,10.0,0,24,1,1,0,10.0,0,0.0
common_2024,F47_130_to_127,control,F47_127_10,10,16.7,60.0,421.0,12.0,100.0,100.0,0.0,53.0,7.0,0.0,0.49999999999999994,-0.8660254037844387,0.0,0.0,0.0,0.0,40.0,40.0,0.0,0.0,9.8,65.0,362.0,1.0909090909090908,0.9090909090909091,13.909090909090908,0.8181818181818182,18.363636363636363,0.7272727272727273,47.18181818181818,0.09090909090909091,39.90909090909091,0.0,0.6363636363636364,0.9090909090909091,0.0,1.0,127.0,0.0,1,10,1,1,1,0.0,1,12.0
common_2024,F47_130_to_127,control,F47_127_11,11,20.4,61.0,416.0,9.0,100.0,100.0,0.0,57.0,5.0,13.0,0.258819045102521,-0.9659258262890682,0.0,0.0,0.0,0.0,40.0,40.0,0.0,0.0,9.8,65.0,362.0,1.75,0.8333333333333334,21.083333333333332,0.75,25.166666666666668,0.6666666666666666,43.25,0.16666666666666666,41.333333333333336,0.0,1.0,0.8333333333333334,1.0833333333333333,0.9166666666666666,127.0,0.0,2,10,1,1,2,0.0,2,12.0
common_2024,F47_130_to_127,control,F47_127_12,12,22.8,64.0,424.0,10.0,100.0,100.0,0.0,37.0,5.0,13.0,1.2246467991473532e-16,-1.0,0.0,0.0,0.0,0.0,40.0,40.0,0.0,0.0,9.8,65.0,362.0,2.3846153846153846,0.7692307692307693,27.153846153846153,0.6923076923076923,30.923076923076923,0.6153846153846154,39.92307692307692,0.23076923076923078,41.0,0.0,1.3076923076923077,0.7692307692307693,2.0,0.8461538461538461,127.0,0.0,3,10,1,1,3,0.0,3,12.0
common_2024,F47_130_to_127,control,F47_127_13,13,23.4,66.0,434.0,13.0,100.0,100.0,0.0,52.0,10.0,23.0,-0.2588190451025208,-0.9659258262890683,0.0,0.0,0.0,0.0,40.0,40.0,0.0,0.0,9.8,65.0,362.0,3.142857142857143,0.7142857142857143,32.357142857142854,0.6428571428571429,35.857142857142854,0.5714285714285714,37.07142857142857,0.2857142857142857,41.785714285714285,0.0,1.9285714285714286,0.7142857142857143,3.5,0.7857142857142857,127.0,0.0,4,10,1,1,4,0.0,4,13.0
common_2024,F47_130_to_127,control,F47_127_14,14,23.8,63.0,385.0,11.0,100.0,100.0,0.0,45.0,0.0,12.0,-0.4999999999999997,-0.8660254037844388,0.0,0.0,0.0,0.0,40.0,40.0,0.0,0.0,9.8,65.0,362.0,3.6666666666666665,0.6666666666666666,36.86666666666667,0.6,40.13333333333333,0.5333333333333333,34.6,0.3333333333333333,42.0,0.0,1.8,0.7333333333333333,4.066666666666666,0.7333333333333333,127.0,0.0,5,10,1,1,5,0.0,4,13.0
common_2024,F47_130_to_127,control,F47_127_15,15,21.9,62.0,349.0,9.0,100.0,100.0,0.0,33.0,0.0,5.0,-0.7071067811865471,-0.7071067811865479,0.0,0.0,0.0,0.0,40.0,40.0,0.0,0.0,9.8,65.0,362.0,4.0,0.625,40.8125,0.5625,43.875,0.5,32.4375,0.375,41.4375,0.0,1.6875,0.75,4.125,0.6875,127.0,0.0,6,10,1,1,6,0.0,4,13.0
common_2024,F47_130_to_127,control,F47_127_16,16,17.7,66.0,342.0,7.0,70.0,72.0,0.0,55.0,0.0,0.0,-0.8660254037844385,-0.5000000000000004,0.0,0.0,0.0,0.0,40.0,40.0,0.0,0.0,9.8,65.0,362.0,4.176470588235294,0.5882352941176471,42.529411764705884,0.5294117647058824,45.529411764705884,0.47058823529411764,30.529411764705884,0.4117647058823529,42.23529411764706,0.0,1.588235294117647,0.7647058823529411,3.8823529411764706,0.7058823529411765,127.0,0.0,7,10,1,1,7,0.0,4,13.0
common_2024,F47_130_to_127,control,F47_127_17,17,15.2,66.0,340.0,3.0,0.0,0.0,17.0,52.0,0.0,0.0,-0.9659258262890683,-0.25881904510252063,0.0,0.0,0.0,0.0,40.0,40.0,0.0,0.0,9.8,65.0,362.0,4.111111111111111,0.5555555555555556,40.166666666666664,0.5555555555555556,43.0,0.5,29.77777777777778,0.3888888888888889,42.77777777777778,0.0,1.5,0.7777777777777778,3.6666666666666665,0.7222222222222222,127.0,0.0,8,10,2,2,0,1.0,4,13.0
common_2024,F47_130_to_127,control,F47_127_18,18,11.5,70.0,343.0,1.0,0.0,0.0,0.0,38.0,0.0,0.0,-1.0,-1.8369701987210297e-16,0.0,0.0,0.0,0.0,40.0,40.0,0.0,0.0,9.8,65.0,362.0,3.9473684210526314,0.5263157894736842,38.05263157894737,0.5789473684210527,40.73684210526316,0.5263157894736842,28.210526315789473,0.42105263157894735,42.526315789473685,0.0,1.4210526315789473,0.7894736842105263,3.473684210526316,0.7368421052631579,127.0,0.0,9,10,2,2,1,0.0,4,13.0
common_2024,F47_130_to_127,control,F47_127_19,19,10.1,70.0,350.0,0.0,0.0,0.0,17.0,38.0,0.0,0.0,-0.9659258262890684,0.2588190451025203,0.0,0.0,0.0,0.0,40.0,40.0,0.0,0.0,9.8,65.0,362.0,3.75,0.55,36.15,0.6,38.7,0.55,27.65,0.4,42.3,0.0,1.35,0.8,3.3,0.75,127.0,1.0,9,10,2,2,2,1.0,4,13.0
common_2024,F47_130_to_127,control,F47_127_20,20,10.1,69.0,355.0,0.0,0.0,0.0,27.0,40.0,0.0,0.0,-0.8660254037844386,0.5000000000000001,0.0,0.0,0.0,0.0,40.0,40.0,0.0,0.0,9.8,65.0,362.0,3.5714285714285716,0.5714285714285714,34.42857142857143,0.6190476190476191,36.857142857142854,0.5714285714285714,27.61904761904762,0.38095238095238093,42.19047619047619,0.0,1.2857142857142858,0.8095238095238095,3.142857142857143,0.7619047619047619,127.0,2.0,9,10,2,2,3,2.0,4,13.0
common_2024,F47_130_to_127,control,F47_127_21,21,10.1,68.0,360.0,0.0,0.0,0.0,100.0,0.0,0.0,0.0,-0.7071067811865477,0.7071067811865474,0.0,0.0,0.0,0.0,40.0,40.0,0.0,0.0,9.8,65.0,362.0,3.409090909090909,0.5909090909090909,32.86363636363637,0.6363636363636364,35.18181818181818,0.5909090909090909,30.90909090909091,0.36363636363636365,40.27272727272727,0.045454545454545456,1.2272727272727273,0.8181818181818182,3.0,0.7727272727272727,127.0,3.0,9,10,2,2,4,3.0,4,13.0
common_2024,F47_130_to_127,control,F47_127_22,22,10.2,68.0,364.0,0.0,0.0,0.0,82.0,5.0,0.0,0.0,-0.5000000000000004,0.8660254037844384,0.0,0.0,0.0,0.0,40.0,40.0,0.0,0.0,9.8,65.0,362.0,3.260869565217391,0.6086956521739131,31.434782608695652,0.6521739130434783,33.65217391304348,0.6086956521739131,33.130434782608695,0.34782608695652173,38.73913043478261,0.043478260869565216,1.173913043478261,0.8260869565217391,2.869565217391304,0.782608695652174,127.0,4.0,9,10,2,2,5,4.0,4,13.0
common_2024,F47_130_to_127,control,F47_127_23,23,10.2,67.0,369.0,0.0,0.0,0.0,45.0,20.0,0.0,0.0,-0.25881904510252157,0.9659258262890681,0.0,0.0,0.0,0.0,40.0,40.0,0.0,0.0,9.8,65.0,362.0,3.125,0.625,30.125,0.6666666666666666,32.25,0.625,33.625,0.3333333333333333,37.958333333333336,0.041666666666666664,1.125,0.8333333333333334,2.75,0.7916666666666666,127.0,5.0,9,10,2,2,6,5.0,4,13.0
common_2024,F47_130_to_127,failure,F47_130_00,0,10.8,62.0,383.0,0.0,0.0,0.0,72.0,0.0,0.0,0.0,0.0,1.0,1.0,0.0,0.0,0.0,72.0,0.0,0.0,0.0,10.8,62.0,383.0,0.0,1.0,0.0,1.0,0.0,1.0,72.0,0.0,0.0,1.0,0.0,1.0,0.0,1.0,130.0,1.0,0,24,0,0,1,1.0,0,0.0
common_2024,F47_130_to_127,failure,F47_130_01,1,10.0,64.0,382.0,0.0,0.0,0.0,30.0,0.0,0.0,0.0,0.25881904510252074,0.9659258262890683,0.0,0.0,0.0,0.0,72.0,0.0,0.0,0.0,10.8,62.0,383.0,0.0,1.0,0.0,1.0,0.0,1.0,51.0,0.0,0.0,1.0,0.0,1.0,0.0,1.0,130.0,2.0,0,24,0,0,2,2.0,0,0.0
common_2024,F47_130_to_127,failure,F47_130_02,2,10.0,64.0,388.0,0.0,0.0,0.0,50.0,0.0,0.0,0.0,0.49999999999999994,0.8660254037844387,0.0,0.0,0.0,0.0,72.0,0.0,0.0,0.0,10.8,62.0,383.0,0.0,1.0,0.0,1.0,0.0,1.0,50.666666666666664,0.0,0.0,1.0,0.0,1.0,0.0,1.0,130.0,3.0,0,24,0,0,3,3.0,0,0.0
common_2024,F47_130_to_127,failure,F47_130_03,3,10.4,63.0,387.0,0.0,0.0,0.0,52.0,0.0,0.0,0.0,0.7071067811865476,0.7071067811865476,0.0,0.0,0.0,0.0,72.0,0.0,0.0,0.0,10.8,62.0,383.0,0.0,1.0,0.0,1.0,0.0,1.0,51.0,0.0,0.0,1.0,0.0,1.0,0.0,1.0,130.0,4.0,0,24,0,0,4,4.0,0,0.0
common_2024,F47_130_to_127,failure,F47_130_04,4,9.7,66.0,383.0,0.0,0.0,0.0,100.0,0.0,0.0,0.0,0.8660254037844386,0.5000000000000001,0.0,0.0,0.0,0.0,72.0,0.0,0.0,0.0,10.8,62.0,383.0,0.0,1.0,0.0,1.0,0.0,1.0,60.8,0.0,0.0,1.0,0.0,1.0,0.0,1.0,130.0,5.0,0,24,0,0,5,5.0,0,0.0
common_2024,F47_130_to_127,failure,F47_130_05,5,8.8,70.0,386.0,0.0,0.0,0.0,100.0,0.0,0.0,0.0,0.9659258262890683,0.25881904510252074,0.0,0.0,0.0,0.0,72.0,0.0,0.0,0.0,10.8,62.0,383.0,0.0,1.0,0.0,1.0,0.0,1.0,67.33333333333333,0.0,0.0,1.0,0.0,1.0,0.0,1.0,130.0,6.0,0,24,0,0,6,6.0,0,0.0
common_2024,F47_130_to_127,failure,F47_130_06,6,9.4,73.0,386.0,0.0,0.0,0.0,100.0,0.0,0.0,0.0,1.0,6.123233995736766e-17,0.0,0.0,0.0,0.0,72.0,0.0,0.0,0.0,10.8,62.0,383.0,0.0,1.0,0.0,1.0,0.0,1.0,72.0,0.0,0.0,1.0,0.0,1.0,0.0,1.0,130.0,7.0,0,24,0,0,7,7.0,0,0.0
common_2024,F47_130_to_127,failure,F47_130_07,7,9.8,77.0,403.0,0.0,16.0,0.0,62.0,0.0,7.0,0.0,0.9659258262890683,-0.25881904510252063,0.0,0.0,0.0,0.0,72.0,0.0,0.0,0.0,10.8,62.0,383.0,0.0,1.0,2.0,0.875,0.0,1.0,70.75,0.0,0.0,1.0,0.875,0.875,0.0,1.0,130.0,8.0,0,24,0,1,0,8.0,1,0.0
common_2024,F47_130_to_127,failure,F47_130_08,8,10.0,79.0,417.0,0.0,100.0,0.0,0.0,0.0,0.0,0.0,0.8660254037844387,-0.4999999999999998,0.0,0.0,0.0,0.0,72.0,0.0,0.0,0.0,10.8,62.0,383.0,0.0,1.0,12.88888888888889,0.7777777777777778,0.0,1.0,62.888888888888886,0.1111111111111111,0.0,1.0,0.7777777777777778,0.8888888888888888,0.0,1.0,130.0,9.0,0,24,0,1,1,0.0,1,0.0
common_2024,F47_130_to_127,failure,F47_130_09,9,10.9,79.0,413.0,0.0,100.0,0.0,0.0,0.0,27.0,0.0,0.7071067811865476,-0.7071067811865475,0.0,0.0,0.0,0.0,72.0,0.0,0.0,0.0,10.8,62.0,383.0,0.0,1.0,21.6,0.7,0.0,1.0,56.6,0.2,0.0,1.0,3.4,0.8,0.0,1.0,130.0,10.0,0,24,0,1,2,0.0,2,0.0
common_2024,F47_130_to_127,failure,F47_130_10,10,12.4,76.0,700.0,0.0,100.0,42.0,0.0,0.0,33.0,0.0,0.49999999999999994,-0.8660254037844387,0.0,0.0,0.0,0.0,72.0,0.0,0.0,0.0,10.8,62.0,383.0,0.0,1.0,28.727272727272727,0.6363636363636364,3.8181818181818183,0.9090909090909091,51.45454545454545,0.2727272727272727,0.0,1.0,6.090909090909091,0.7272727272727273,0.0,1.0,130.0,11.0,0,24,1,1,0,0.0,3,0.0
common_2024,F47_130_to_127,failure,F47_130_11,11,19.6,58.0,609.0,0.0,100.0,100.0,0.0,0.0,0.0,0.0,0.258819045102521,-0.9659258262890682,0.0,0.0,0.0,0.0,72.0,0.0,0.0,0.0,10.8,62.0,383.0,0.0,1.0,34.666666666666664,0.5833333333333334,11.833333333333334,0.8333333333333334,47.166666666666664,0.3333333333333333,0.0,1.0,5.583333333333333,0.75,0.0,1.0,130.0,12.0,0,24,1,1,1,0.0,3,0.0
common_2024,F47_130_to_127,failure,F47_130_12,12,25.1,49.0,459.0,13.0,100.0,100.0,0.0,0.0,0.0,0.0,1.2246467991473532e-16,-1.0,0.0,0.0,0.0,0.0,72.0,0.0,0.0,0.0,10.8,62.0,383.0,1.0,0.9230769230769231,39.69230769230769,0.5384615384615384,18.615384615384617,0.7692307692307693,43.53846153846154,0.38461538461538464,0.0,1.0,5.153846153846154,0.7692307692307693,0.0,1.0,130.0,0.0,1,12,1,1,2,0.0,3,13.0
common_2024,F47_130_to_127,failure,F47_130_13,13,23.1,47.0,417.0,73.0,100.0,100.0,0.0,0.0,73.0,2.0,-0.2588190451025208,-0.9659258262890683,0.0,0.0,0.0,0.0,72.0,0.0,0.0,0.0,10.8,62.0,383.0,6.142857142857143,0.8571428571428571,44.0,0.5,24.428571428571427,0.7142857142857143,40.42857142857143,0.42857142857142855,0.0,1.0,10.0,0.7142857142857143,0.14285714285714285,0.9285714285714286,130.0,0.0,2,12,1,1,3,0.0,4,73.0
common_2024,F47_130_to_127,failure,F47_130_14,14,22.5,48.0,395.0,45.0,100.0,100.0,0.0,0.0,20.0,0.0,-0.4999999999999997,-0.8660254037844388,0.0,0.0,0.0,0.0,72.0,0.0,0.0,0.0,10.8,62.0,383.0,8.733333333333333,0.8,47.733333333333334,0.4666666666666667,29.466666666666665,0.6666666666666666,37.733333333333334,0.4666666666666667,0.0,1.0,10.666666666666666,0.6666666666666666,0.13333333333333333,0.9333333333333333,130.0,0.0,3,12,1,1,4,0.0,5,73.0
common_2024,F47_130_to_127,failure,F47_130_15,15,23.9,46.0,351.0,0.0,100.0,100.0,0.0,0.0,0.0,0.0,-0.7071067811865471,-0.7071067811865479,0.0,0.0,0.0,0.0,72.0,0.0,0.0,0.0,10.8,62.0,383.0,8.1875,0.8125,51.0,0.4375,33.875,0.625,35.375,0.5,0.0,1.0,10.0,0.6875,0.125,0.9375,130.0,1.0,3,12,1,1,5,0.0,5,73.0
common_2024,F47_130_to_127,failure,F47_130_16,16,21.0,55.0,340.0,0.0,100.0,100.0,0.0,0.0,0.0,0.0,-0.8660254037844385,-0.5000000000000004,0.0,0.0,0.0,0.0,72.0,0.0,0.0,0.0,10.8,62.0,383.0,7.705882352941177,0.8235294117647058,53.88235294117647,0.4117647058823529,37.76470588235294,0.5882352941176471,33.294117647058826,0.5294117647058824,0.0,1.0,9.411764705882353,0.7058823529411765,0.11764705882352941,0.9411764705882353,130.0,2.0,3,12,1,1,6,0.0,5,73.0
common_2024,F47_130_to_127,failure,F47_130_17,17,15.7,72.0,344.0,0.0,100.0,66.0,0.0,0.0,0.0,0.0,-0.9659258262890683,-0.25881904510252063,0.0,0.0,0.0,0.0,72.0,0.0,0.0,0.0,10.8,62.0,383.0,7.277777777777778,0.8333333333333334,56.44444444444444,0.3888888888888889,39.333333333333336,0.5555555555555556,31.444444444444443,0.5555555555555556,0.0,1.0,8.88888888888889,0.7222222222222222,0.1111111111111111,0.9444444444444444,130.0,3.0,3,12,1,1,7,0.0,5,73.0
common_2024,F47_130_to_127,failure,F47_130_18,18,13.6,78.0,350.0,0.0,100.0,0.0,0.0,0.0,0.0,0.0,-1.0,-1.8369701987210297e-16,0.0,0.0,0.0,0.0,72.0,0.0,0.0,0.0,10.8,62.0,383.0,6.894736842105263,0.8421052631578947,58.73684210526316,0.3684210526315789,37.26315789473684,0.5789473684210527,29.789473684210527,0.5789473684210527,0.0,1.0,8.421052631578947,0.7368421052631579,0.10526315789473684,0.9473684210526315,130.0,4.0,3,12,2,1,0,0.0,5,73.0
common_2024,F47_130_to_127,failure,F47_130_19,19,12.2,81.0,359.0,0.0,100.0,0.0,0.0,0.0,0.0,0.0,-0.9659258262890684,0.2588190451025203,0.0,0.0,0.0,0.0,72.0,0.0,0.0,0.0,10.8,62.0,383.0,6.55,0.85,60.8,0.35,35.4,0.6,28.3,0.6,0.0,1.0,8.0,0.75,0.1,0.95,130.0,5.0,3,12,2,1,1,0.0,5,73.0
common_2024,F47_130_to_127,failure,F47_130_20,20,11.4,84.0,369.0,0.0,73.0,0.0,0.0,0.0,0.0,0.0,-0.8660254037844386,0.5000000000000001,0.0,0.0,0.0,0.0,72.0,0.0,0.0,0.0,10.8,62.0,383.0,6.238095238095238,0.8571428571428571,61.38095238095238,0.3333333333333333,33.714285714285715,0.6190476190476191,26.952380952380953,0.6190476190476191,0.0,1.0,7.619047619047619,0.7619047619047619,0.09523809523809523,0.9523809523809523,130.0,6.0,3,12,2,1,2,0.0,5,73.0
common_2024,F47_130_to_127,failure,F47_130_21,21,11.0,86.0,381.0,0.0,0.0,0.0,0.0,0.0,0.0,0.0,-0.7071067811865477,0.7071067811865474,0.0,0.0,0.0,0.0,72.0,0.0,0.0,0.0,10.8,62.0,383.0,5.954545454545454,0.8636363636363636,58.59090909090909,0.36363636363636365,32.18181818181818,0.6363636363636364,25.727272727272727,0.6363636363636364,0.0,1.0,7.2727272727272725,0.7727272727272727,0.09090909090909091,0.9545454545454546,130.0,7.0,3,12,2,2,0,0.0,5,73.0
common_2024,F47_130_to_127,failure,F47_130_22,22,10.5,86.0,388.0,0.0,0.0,0.0,0.0,0.0,0.0,0.0,-0.5000000000000004,0.8660254037844384,0.0,0.0,0.0,0.0,72.0,0.0,0.0,0.0,10.8,62.0,383.0,5.695652173913044,0.8695652173913043,56.04347826086956,0.391304347826087,30.782608695652176,0.6521739130434783,24.608695652173914,0.6521739130434783,0.0,1.0,6.956521739130435,0.782608695652174,0.08695652173913043,0.9565217391304348,130.0,8.0,3,12,2,2,1,0.0,5,73.0
common_2024,F47_130_to_127,failure,F47_130_23,23,10.1,86.0,397.0,0.0,0.0,0.0,0.0,0.0,0.0,0.0,-0.25881904510252157,0.9659258262890681,0.0,0.0,0.0,0.0,72.0,0.0,0.0,0.0,10.8,62.0,383.0,5.458333333333333,0.875,53.708333333333336,0.4166666666666667,29.5,0.6666666666666666,23.583333333333332,0.6666666666666666,0.0,1.0,6.666666666666667,0.7916666666666666,0.08333333333333333,0.9583333333333334,130.0,9.0,3,12,2,2,2,0.0,5,73.0
common_2024,F13_231_to_232,control,F13_232_00,0,10.1,80.0,345.0,0.0,0.0,0.0,0.0,45.0,0.0,0.0,0.0,1.0,1.0,0.0,0.0,0.0,0.0,45.0,0.0,0.0,10.1,80.0,345.0,0.0,1.0,0.0,1.0,0.0,1.0,0.0,1.0,45.0,0.0,0.0,1.0,0.0,1.0,140.24137931034483,1.0,0,24,0,0,1,0.0,0,0.0
common_2024,F13_231_to_232,control,F13_232_01,1,10.6,80.0,349.0,0.0,0.0,0.0,0.0,40.0,0.0,0.0,0.25881904510252074,0.9659258262890683,0.0,0.0,0.0,0.0,0.0,45.0,0.0,0.0,10.1,80.0,345.0,0.0,1.0,0.0,1.0,0.0,1.0,0.0,1.0,42.5,0.0,0.0,1.0,0.0,1.0,140.24137931034483,2.0,0,24,0,0,2,0.0,0,0.0
common_2024,F13_231_to_232,control,F13_232_02,2,10.1,81.0,349.0,0.0,0.0,0.0,17.0,45.0,0.0,0.0,0.49999999999999994,0.8660254037844387,0.0,0.0,0.0,0.0,0.0,45.0,0.0,0.0,10.1,80.0,345.0,0.0,1.0,0.0,1.0,0.0,1.0,5.666666666666667,0.6666666666666666,43.333333333333336,0.0,0.0,1.0,0.0,1.0,140.24137931034483,3.0,0,24,0,0,3,1.0,0,0.0
common_2024,F13_231_to_232,control,F13_232_03,3,10.3,80.0,350.0,0.0,0.0,0.0,0.0,43.0,0.0,0.0,0.7071067811865476,0.7071067811865476,0.0,0.0,0.0,0.0,0.0,45.0,0.0,0.0,10.1,80.0,345.0,0.0,1.0,0.0,1.0,0.0,1.0,4.25,0.75,43.25,0.0,0.0,1.0,0.0,1.0,140.24137931034483,4.0,0,24,0,0,4,0.0,0,0.0
common_2024,F13_231_to_232,control,F13_232_04,4,10.1,80.0,351.0,0.0,0.0,0.0,0.0,40.0,0.0,0.0,0.8660254037844386,0.5000000000000001,0.0,0.0,0.0,0.0,0.0,45.0,0.0,0.0,10.1,80.0,345.0,0.0,1.0,0.0,1.0,0.0,1.0,3.4,0.8,42.6,0.0,0.0,1.0,0.0,1.0,140.24137931034483,5.0,0,24,0,0,5,0.0,0,0.0
common_2024,F13_231_to_232,control,F13_232_05,5,10.0,80.0,352.0,0.0,0.0,0.0,33.0,40.0,0.0,0.0,0.9659258262890683,0.25881904510252074,0.0,0.0,0.0,0.0,0.0,45.0,0.0,0.0,10.1,80.0,345.0,0.0,1.0,0.0,1.0,0.0,1.0,8.333333333333334,0.6666666666666666,42.166666666666664,0.0,0.0,1.0,0.0,1.0,140.24137931034483,6.0,0,24,0,0,6,1.0,0,0.0
common_2024,F13_231_to_232,control,F13_232_06,6,10.4,80.0,353.0,0.0,0.0,0.0,0.0,45.0,0.0,0.0,1.0,6.123233995736766e-17,0.0,0.0,0.0,0.0,0.0,45.0,0.0,0.0,10.1,80.0,345.0,0.0,1.0,0.0,1.0,0.0,1.0,7.142857142857143,0.7142857142857143,42.57142857142857,0.0,0.0,1.0,0.0,1.0,140.24137931034483,7.0,0,24,0,0,7,0.0,0,0.0
common_2024,F13_231_to_232,control,F13_232_07,7,10.0,81.0,351.0,0.0,0.0,0.0,33.0,42.0,0.0,0.0,0.9659258262890683,-0.25881904510252063,0.0,0.0,0.0,0.0,0.0,45.0,0.0,0.0,10.1,80.0,345.0,0.0,1.0,0.0,1.0,0.0,1.0,10.375,0.625,42.5,0.0,0.0,1.0,0.0,1.0,140.24137931034483,8.0,0,24,0,0,8,1.0,0,0.0
common_2024,F13_231_to_232,control,F13_232_08,8,10.4,80.0,353.0,0.0,0.0,1.0,3.0,45.0,0.0,0.0,0.8660254037844387,-0.4999999999999998,0.0,0.0,0.0,0.0,0.0,45.0,0.0,0.0,10.1,80.0,345.0,0.0,1.0,0.0,1.0,0.1111111111111111,0.8888888888888888,9.555555555555555,0.5555555555555556,42.77777777777778,0.0,0.0,1.0,0.0,1.0,140.24137931034483,9.0,0,24,1,0,0,2.0,0,0.0
common_2024,F13_231_to_232,control,F13_232_09,9,10.6,82.0,350.0,0.0,47.0,96.0,47.0,43.0,0.0,0.0,0.7071067811865476,-0.7071067811865475,0.0,0.0,0.0,0.0,0.0,45.0,0.0,0.0,10.1,80.0,345.0,0.0,1.0,4.7,0.9,9.7,0.8,13.3,0.5,42.8,0.0,0.0,1.0,0.0,1.0,140.24137931034483,10.0,0,24,1,1,0,3.0,0,0.0
common_2024,F13_231_to_232,control,F13_232_10,10,14.3,76.0,339.0,10.0,100.0,100.0,0.0,42.0,53.0,0.0,0.49999999999999994,-0.8660254037844387,0.0,0.0,0.0,0.0,0.0,45.0,0.0,0.0,10.1,80.0,345.0,0.9090909090909091,0.9090909090909091,13.363636363636363,0.8181818181818182,17.90909090909091,0.7272727272727273,12.090909090909092,0.5454545454545454,42.72727272727273,0.0,4.818181818181818,0.9090909090909091,0.0,1.0,140.24137931034483,0.0,1,10,1,1,1,0.0,1,10.0
common_2024,F13_231_to_232,control,F13_232_11,11,16.0,73.0,323.0,10.0,100.0,100.0,0.0,43.0,62.0,0.0,0.258819045102521,-0.9659258262890682,0.0,0.0,0.0,0.0,0.0,45.0,0.0,0.0,10.1,80.0,345.0,1.6666666666666667,0.8333333333333334,20.583333333333332,0.75,24.75,0.6666666666666666,11.083333333333334,0.5833333333333334,42.75,0.0,9.583333333333334,0.8333333333333334,0.0,1.0,140.24137931034483,0.0,2,10,1,1,2,0.0,2,10.0
common_2024,F13_231_to_232,control,F13_232_12,12,19.3,65.0,310.0,10.0,100.0,100.0,0.0,43.0,62.0,0.0,1.2246467991473532e-16,-1.0,0.0,0.0,0.0,0.0,0.0,45.0,0.0,0.0,10.1,80.0,345.0,2.3076923076923075,0.7692307692307693,26.692307692307693,0.6923076923076923,30.53846153846154,0.6153846153846154,10.23076923076923,0.6153846153846154,42.76923076923077,0.0,13.615384615384615,0.7692307692307693,0.0,1.0,140.24137931034483,0.0,3,10,1,1,3,0.0,3,10.0
common_2024,F13_231_to_232,control,F13_232_13,13,21.7,62.0,302.0,10.0,100.0,100.0,0.0,43.0,60.0,7.0,-0.2588190451025208,-0.9659258262890683,0.0,0.0,0.0,0.0,0.0,45.0,0.0,0.0,10.1,80.0,345.0,2.857142857142857,0.7142857142857143,31.928571428571427,0.6428571428571429,35.5,0.5714285714285714,9.5,0.6428571428571429,42.785714285714285,0.0,16.928571428571427,0.7142857142857143,0.5,0.9285714285714286,140.24137931034483,0.0,4,10,1,1,4,0.0,4,10.0
common_2024,F13_231_to_232,control,F13_232_14,14,19.8,62.0,301.0,9.0,100.0,100.0,0.0,45.0,2.0,0.0,-0.4999999999999997,-0.8660254037844388,0.0,0.0,0.0,0.0,0.0,45.0,0.0,0.0,10.1,80.0,345.0,3.2666666666666666,0.6666666666666666,36.46666666666667,0.6,39.8,0.5333333333333333,8.866666666666667,0.6666666666666666,42.93333333333333,0.0,15.933333333333334,0.6666666666666666,0.4666666666666667,0.9333333333333333,140.24137931034483,0.0,5,10,1,1,5,0.0,5,10.0
common_2024,F13_231_to_232,control,F13_232_15,15,17.2,66.0,300.0,8.0,100.0,100.0,0.0,42.0,0.0,0.0,-0.7071067811865471,-0.7071067811865479,0.0,0.0,0.0,0.0,0.0,45.0,0.0,0.0,10.1,80.0,345.0,3.5625,0.625,40.4375,0.5625,43.5625,0.5,8.3125,0.6875,42.875,0.0,14.9375,0.6875,0.4375,0.9375,140.24137931034483,0.0,6,10,1,1,6,0.0,5,10.0
common_2024,F13_231_to_232,control,F13_232_16,16,14.2,73.0,304.0,8.0,78.0,78.0,28.0,50.0,0.0,0.0,-0.8660254037844385,-0.5000000000000004,0.0,0.0,0.0,0.0,0.0,45.0,0.0,0.0,10.1,80.0,345.0,3.823529411764706,0.5882352941176471,42.64705882352941,0.5294117647058824,45.588235294117645,0.47058823529411764,9.470588235294118,0.6470588235294118,43.294117647058826,0.0,14.058823529411764,0.7058823529411765,0.4117647058823529,0.9411764705882353,140.24137931034483,0.0,7,10,1,1,7,1.0,5,10.0
common_2024,F13_231_to_232,control,F13_232_17,17,12.7,77.0,312.0,3.0,0.0,0.0,47.0,40.0,0.0,0.0,-0.9659258262890683,-0.25881904510252063,0.0,0.0,0.0,0.0,0.0,45.0,0.0,0.0,10.1,80.0,345.0,3.7777777777777777,0.5555555555555556,40.27777777777778,0.5555555555555556,43.05555555555556,0.5,11.555555555555555,0.6111111111111112,43.111111111111114,0.0,13.277777777777779,0.7222222222222222,0.3888888888888889,0.9444444444444444,140.24137931034483,0.0,8,10,2,2,0,2.0,5,10.0
common_2024,F13_231_to_232,control,F13_232_18,18,11.4,81.0,317.0,7.0,0.0,0.0,0.0,45.0,0.0,0.0,-1.0,-1.8369701987210297e-16,0.0,0.0,0.0,0.0,0.0,45.0,0.0,0.0,10.1,80.0,345.0,3.9473684210526314,0.5263157894736842,38.1578947368421,0.5789473684210527,40.78947368421053,0.5263157894736842,10.947368421052632,0.631578947368421,43.21052631578947,0.0,12.578947368421053,0.7368421052631579,0.3684210526315789,0.9473684210526315,140.24137931034483,0.0,9,10,2,2,1,0.0,5,10.0
common_2024,F13_231_to_232,control,F13_232_19,19,10.9,83.0,322.0,2.0,0.0,0.0,0.0,22.0,0.0,0.0,-0.9659258262890684,0.2588190451025203,0.0,0.0,0.0,0.0,0.0,45.0,0.0,0.0,10.1,80.0,345.0,3.85,0.5,36.25,0.6,38.75,0.55,10.4,0.65,42.15,0.0,11.95,0.75,0.35,0.95,140.24137931034483,0.0,10,10,2,2,2,0.0,5,10.0
common_2024,F13_231_to_232,control,F13_232_20,20,10.6,84.0,326.0,2.0,0.0,0.0,0.0,47.0,0.0,0.0,-0.8660254037844386,0.5000000000000001,0.0,0.0,0.0,0.0,0.0,45.0,0.0,0.0,10.1,80.0,345.0,3.761904761904762,0.47619047619047616,34.523809523809526,0.6190476190476191,36.904761904761905,0.5714285714285714,9.904761904761905,0.6666666666666666,42.38095238095238,0.0,11.380952380952381,0.7619047619047619,0.3333333333333333,0.9523809523809523,140.24137931034483,0.0,11,10,2,2,3,0.0,5,10.0
common_2024,F13_231_to_232,control,F13_232_21,21,9.7,83.0,331.0,4.0,0.0,0.0,78.0,43.0,0.0,0.0,-0.7071067811865477,0.7071067811865474,0.0,0.0,0.0,0.0,0.0,45.0,0.0,0.0,10.1,80.0,345.0,3.772727272727273,0.45454545454545453,32.95454545454545,0.6363636363636364,35.22727272727273,0.5909090909090909,13.0,0.6363636363636364,42.40909090909091,0.0,10.863636363636363,0.7727272727272727,0.3181818181818182,0.9545454545454546,140.24137931034483,0.0,12,10,2,2,4,1.0,5,10.0
common_2024,F13_231_to_232,control,F13_232_22,22,10.0,84.0,333.0,4.0,0.0,0.0,38.0,40.0,0.0,0.0,-0.5000000000000004,0.8660254037844384,0.0,0.0,0.0,0.0,0.0,45.0,0.0,0.0,10.1,80.0,345.0,3.782608695652174,0.43478260869565216,31.52173913043478,0.6521739130434783,33.69565217391305,0.6086956521739131,14.08695652173913,0.6086956521739131,42.30434782608695,0.0,10.391304347826088,0.782608695652174,0.30434782608695654,0.9565217391304348,140.24137931034483,0.0,13,10,2,2,5,2.0,5,10.0
common_2024,F13_231_to_232,control,F13_232_23,23,9.2,84.0,334.0,4.0,0.0,0.0,37.0,43.0,0.0,0.0,-0.25881904510252157,0.9659258262890681,0.0,0.0,0.0,0.0,0.0,45.0,0.0,0.0,10.1,80.0,345.0,3.7916666666666665,0.4166666666666667,30.208333333333332,0.6666666666666666,32.291666666666664,0.625,15.041666666666666,0.5833333333333334,42.333333333333336,0.0,9.958333333333334,0.7916666666666666,0.2916666666666667,0.9583333333333334,140.24137931034483,0.0,14,10,2,2,6,3.0,5,10.0
common_2024,F13_231_to_232,failure,F13_231_00,0,10.0,82.0,353.0,0.0,0.0,0.0,0.0,0.0,0.0,0.0,0.0,1.0,1.0,0.0,0.0,0.0,0.0,0.0,0.0,0.0,10.0,82.0,353.0,0.0,1.0,0.0,1.0,0.0,1.0,0.0,1.0,0.0,1.0,0.0,1.0,0.0,1.0,139.17241379310346,1.0,0,24,0,0,1,0.0,0,0.0
common_2024,F13_231_to_232,failure,F13_231_01,1,10.3,81.0,354.0,0.0,13.0,0.0,0.0,0.0,0.0,0.0,0.25881904510252074,0.9659258262890683,0.0,0.0,0.0,0.0,0.0,0.0,0.0,0.0,10.0,82.0,353.0,0.0,1.0,6.5,0.5,0.0,1.0,0.0,1.0,0.0,1.0,0.0,1.0,0.0,1.0,139.17241379310346,2.0,0,24,0,1,0,0.0,0,0.0
common_2024,F13_231_to_232,failure,F13_231_02,2,9.9,83.0,356.0,0.0,0.0,0.0,0.0,0.0,0.0,0.0,0.49999999999999994,0.8660254037844387,0.0,0.0,0.0,0.0,0.0,0.0,0.0,0.0,10.0,82.0,353.0,0.0,1.0,4.333333333333333,0.6666666666666666,0.0,1.0,0.0,1.0,0.0,1.0,0.0,1.0,0.0,1.0,139.17241379310346,3.0,0,24,0,2,0,0.0,0,0.0
common_2024,F13_231_to_232,failure,F13_231_03,3,10.1,82.0,357.0,0.0,0.0,0.0,0.0,0.0,0.0,0.0,0.7071067811865476,0.7071067811865476,0.0,0.0,0.0,0.0,0.0,0.0,0.0,0.0,10.0,82.0,353.0,0.0,1.0,3.25,0.75,0.0,1.0,0.0,1.0,0.0,1.0,0.0,1.0,0.0,1.0,139.17241379310346,4.0,0,24,0,2,1,0.0,0,0.0
common_2024,F13_231_to_232,failure,F13_231_04,4,9.9,82.0,358.0,0.0,0.0,0.0,0.0,0.0,0.0,0.0,0.8660254037844386,0.5000000000000001,0.0,0.0,0.0,0.0,0.0,0.0,0.0,0.0,10.0,82.0,353.0,0.0,1.0,2.6,0.8,0.0,1.0,0.0,1.0,0.0,1.0,0.0,1.0,0.0,1.0,139.17241379310346,5.0,0,24,0,2,2,0.0,0,0.0
common_2024,F13_231_to_232,failure,F13_231_05,5,9.7,83.0,359.0,0.0,7.0,0.0,0.0,0.0,0.0,0.0,0.9659258262890683,0.25881904510252074,0.0,0.0,0.0,0.0,0.0,0.0,0.0,0.0,10.0,82.0,353.0,0.0,1.0,3.3333333333333335,0.6666666666666666,0.0,1.0,0.0,1.0,0.0,1.0,0.0,1.0,0.0,1.0,139.17241379310346,6.0,0,24,0,3,0,0.0,0,0.0
common_2024,F13_231_to_232,failure,F13_231_06,6,10.2,82.0,359.0,0.0,1.0,0.0,0.0,0.0,0.0,0.0,1.0,6.123233995736766e-17,0.0,0.0,0.0,0.0,0.0,0.0,0.0,0.0,10.0,82.0,353.0,0.0,1.0,3.0,0.5714285714285714,0.0,1.0,0.0,1.0,0.0,1.0,0.0,1.0,0.0,1.0,139.17241379310346,7.0,0,24,0,3,1,0.0,0,0.0
common_2024,F13_231_to_232,failure,F13_231_07,7,9.8,83.0,359.0,0.0,22.0,0.0,0.0,0.0,30.0,0.0,0.9659258262890683,-0.25881904510252063,0.0,0.0,0.0,0.0,0.0,0.0,0.0,0.0,10.0,82.0,353.0,0.0,1.0,5.375,0.5,0.0,1.0,0.0,1.0,0.0,1.0,3.75,0.875,0.0,1.0,139.17241379310346,8.0,0,24,0,3,2,0.0,1,0.0
common_2024,F13_231_to_232,failure,F13_231_08,8,10.1,82.0,359.0,0.0,100.0,0.0,0.0,0.0,100.0,0.0,0.8660254037844387,-0.4999999999999998,0.0,0.0,0.0,0.0,0.0,0.0,0.0,0.0,10.0,82.0,353.0,0.0,1.0,15.88888888888889,0.4444444444444444,0.0,1.0,0.0,1.0,0.0,1.0,14.444444444444445,0.7777777777777778,0.0,1.0,139.17241379310346,9.0,0,24,0,3,3,0.0,2,0.0
common_2024,F13_231_to_232,failure,F13_231_09,9,10.7,83.0,359.0,0.0,100.0,0.0,0.0,0.0,100.0,0.0,0.7071067811865476,-0.7071067811865475,0.0,0.0,0.0,0.0,0.0,0.0,0.0,0.0,10.0,82.0,353.0,0.0,1.0,24.3,0.4,0.0,1.0,0.0,1.0,0.0,1.0,23.0,0.7,0.0,1.0,139.17241379310346,10.0,0,24,0,3,4,0.0,3,0.0
common_2024,F13_231_to_232,failure,F13_231_10,10,13.9,77.0,353.0,0.0,100.0,69.0,0.0,0.0,100.0,0.0,0.49999999999999994,-0.8660254037844387,0.0,0.0,0.0,0.0,0.0,0.0,0.0,0.0,10.0,82.0,353.0,0.0,1.0,31.181818181818183,0.36363636363636365,6.2727272727272725,0.9090909090909091,0.0,1.0,0.0,1.0,30.0,0.6363636363636364,0.0,1.0,139.17241379310346,11.0,0,24,1,3,0,0.0,4,0.0
common_2024,F13_231_to_232,failure,F13_231_11,11,17.2,72.0,341.0,0.0,100.0,100.0,0.0,0.0,100.0,0.0,0.258819045102521,-0.9659258262890682,0.0,0.0,0.0,0.0,0.0,0.0,0.0,0.0,10.0,82.0,353.0,0.0,1.0,36.916666666666664,0.3333333333333333,14.083333333333334,0.8333333333333334,0.0,1.0,0.0,1.0,35.833333333333336,0.5833333333333334,0.0,1.0,139.17241379310346,12.0,0,24,1,3,1,0.0,5,0.0
common_2024,F13_231_to_232,failure,F13_231_12,12,21.3,66.0,327.0,0.0,100.0,100.0,0.0,0.0,100.0,0.0,1.2246467991473532e-16,-1.0,0.0,0.0,0.0,0.0,0.0,0.0,0.0,0.0,10.0,82.0,353.0,0.0,1.0,41.76923076923077,0.3076923076923077,20.692307692307693,0.7692307692307693,0.0,1.0,0.0,1.0,40.76923076923077,0.5384615384615384,0.0,1.0,139.17241379310346,13.0,0,24,1,3,2,0.0,6,0.0
common_2024,F13_231_to_232,failure,F13_231_13,13,23.4,53.0,321.0,14.0,100.0,100.0,0.0,0.0,100.0,0.0,-0.2588190451025208,-0.9659258262890683,0.0,0.0,0.0,0.0,0.0,0.0,0.0,0.0,10.0,82.0,353.0,1.0,0.9285714285714286,45.92857142857143,0.2857142857142857,26.357142857142858,0.7142857142857143,0.0,1.0,0.0,1.0,45.0,0.5,0.0,1.0,139.17241379310346,0.0,1,13,1,3,3,0.0,7,14.0
common_2024,F13_231_to_232,failure,F13_231_14,14,19.7,51.0,319.0,9.0,100.0,100.0,0.0,0.0,100.0,0.0,-0.4999999999999997,-0.8660254037844388,0.0,0.0,0.0,0.0,0.0,0.0,0.0,0.0,10.0,82.0,353.0,1.5333333333333334,0.8666666666666667,49.53333333333333,0.26666666666666666,31.266666666666666,0.6666666666666666,0.0,1.0,0.0,1.0,48.666666666666664,0.4666666666666667,0.0,1.0,139.17241379310346,0.0,2,13,1,3,4,0.0,8,14.0
common_2024,F13_231_to_232,failure,F13_231_15,15,18.2,57.0,318.0,0.0,100.0,100.0,0.0,0.0,100.0,0.0,-0.7071067811865471,-0.7071067811865479,0.0,0.0,0.0,0.0,0.0,0.0,0.0,0.0,10.0,82.0,353.0,1.4375,0.875,52.6875,0.25,35.5625,0.625,0.0,1.0,0.0,1.0,51.875,0.4375,0.0,1.0,139.17241379310346,1.0,2,13,1,3,5,0.0,9,14.0
common_2024,F13_231_to_232,failure,F13_231_16,16,14.9,68.0,323.0,0.0,100.0,100.0,0.0,0.0,23.0,0.0,-0.8660254037844385,-0.5000000000000004,0.0,0.0,0.0,0.0,0.0,0.0,0.0,0.0,10.0,82.0,353.0,1.3529411764705883,0.8823529411764706,55.470588235294116,0.23529411764705882,39.35294117647059,0.5882352941176471,0.0,1.0,0.0,1.0,50.1764705882353,0.4117647058823529,0.0,1.0,139.17241379310346,2.0,2,13,1,3,6,0.0,10,14.0
common_2024,F13_231_to_232,failure,F13_231_17,17,11.9,79.0,328.0,0.0,100.0,51.0,0.0,0.0,0.0,0.0,-0.9659258262890683,-0.25881904510252063,0.0,0.0,0.0,0.0,0.0,0.0,0.0,0.0,10.0,82.0,353.0,1.2777777777777777,0.8888888888888888,57.94444444444444,0.2222222222222222,40.0,0.5555555555555556,0.0,1.0,0.0,1.0,47.388888888888886,0.4444444444444444,0.0,1.0,139.17241379310346,3.0,2,13,1,3,7,0.0,10,14.0
common_2024,F13_231_to_232,failure,F13_231_18,18,11.2,81.0,333.0,0.0,100.0,0.0,0.0,0.0,0.0,0.0,-1.0,-1.8369701987210297e-16,0.0,0.0,0.0,0.0,0.0,0.0,0.0,0.0,10.0,82.0,353.0,1.2105263157894737,0.8947368421052632,60.1578947368421,0.21052631578947367,37.89473684210526,0.5789473684210527,0.0,1.0,0.0,1.0,44.89473684210526,0.47368421052631576,0.0,1.0,139.17241379310346,4.0,2,13,2,3,0,0.0,10,14.0
common_2024,F13_231_to_232,failure,F13_231_19,19,10.7,84.0,338.0,0.0,100.0,0.0,0.0,0.0,0.0,0.0,-0.9659258262890684,0.2588190451025203,0.0,0.0,0.0,0.0,0.0,0.0,0.0,0.0,10.0,82.0,353.0,1.15,0.9,62.15,0.2,36.0,0.6,0.0,1.0,0.0,1.0,42.65,0.5,0.0,1.0,139.17241379310346,5.0,2,13,2,3,1,0.0,10,14.0
common_2024,F13_231_to_232,failure,F13_231_20,20,10.2,87.0,340.0,0.0,56.0,0.0,0.0,0.0,0.0,0.0,-0.8660254037844386,0.5000000000000001,0.0,0.0,0.0,0.0,0.0,0.0,0.0,0.0,10.0,82.0,353.0,1.0952380952380953,0.9047619047619048,61.857142857142854,0.19047619047619047,34.285714285714285,0.6190476190476191,0.0,1.0,0.0,1.0,40.61904761904762,0.5238095238095238,0.0,1.0,139.17241379310346,6.0,2,13,2,3,2,0.0,10,14.0
common_2024,F13_231_to_232,failure,F13_231_21,21,9.2,86.0,346.0,0.0,0.0,0.0,0.0,0.0,0.0,0.0,-0.7071067811865477,0.7071067811865474,0.0,0.0,0.0,0.0,0.0,0.0,0.0,0.0,10.0,82.0,353.0,1.0454545454545454,0.9090909090909091,59.04545454545455,0.22727272727272727,32.72727272727273,0.6363636363636364,0.0,1.0,0.0,1.0,38.77272727272727,0.5454545454545454,0.0,1.0,139.17241379310346,7.0,2,13,2,4,0,0.0,10,14.0
common_2024,F13_231_to_232,failure,F13_231_22,22,9.4,88.0,347.0,0.0,0.0,0.0,0.0,0.0,0.0,0.0,-0.5000000000000004,0.8660254037844384,0.0,0.0,0.0,0.0,0.0,0.0,0.0,0.0,10.0,82.0,353.0,1.0,0.9130434782608695,56.47826086956522,0.2608695652173913,31.304347826086957,0.6521739130434783,0.0,1.0,0.0,1.0,37.08695652173913,0.5652173913043478,0.0,1.0,139.17241379310346,8.0,2,13,2,4,1,0.0,10,14.0
common_2024,F13_231_to_232,failure,F13_231_23,23,8.7,88.0,349.0,0.0,0.0,0.0,0.0,0.0,0.0,0.0,-0.25881904510252157,0.9659258262890681,0.0,0.0,0.0,0.0,0.0,0.0,0.0,0.0,10.0,82.0,353.0,0.9583333333333334,0.9166666666666666,54.125,0.2916666666666667,30.0,0.6666666666666666,0.0,1.0,0.0,1.0,35.541666666666664,0.5833333333333334,0.0,1.0,139.17241379310346,9.0,2,13,2,4,2,0.0,10,14.0
common_2024,F13_233_to_232,control,F13_232_00,0,10.1,80.0,345.0,0.0,0.0,0.0,0.0,45.0,0.0,0.0,0.0,1.0,1.0,0.0,0.0,0.0,0.0,45.0,0.0,0.0,10.1,80.0,345.0,0.0,1.0,0.0,1.0,0.0,1.0,0.0,1.0,45.0,0.0,0.0,1.0,0.0,1.0,140.24137931034483,1.0,0,24,0,0,1,0.0,0,0.0
common_2024,F13_233_to_232,control,F13_232_01,1,10.6,80.0,349.0,0.0,0.0,0.0,0.0,40.0,0.0,0.0,0.25881904510252074,0.9659258262890683,0.0,0.0,0.0,0.0,0.0,45.0,0.0,0.0,10.1,80.0,345.0,0.0,1.0,0.0,1.0,0.0,1.0,0.0,1.0,42.5,0.0,0.0,1.0,0.0,1.0,140.24137931034483,2.0,0,24,0,0,2,0.0,0,0.0
common_2024,F13_233_to_232,control,F13_232_02,2,10.1,81.0,349.0,0.0,0.0,0.0,17.0,45.0,0.0,0.0,0.49999999999999994,0.8660254037844387,0.0,0.0,0.0,0.0,0.0,45.0,0.0,0.0,10.1,80.0,345.0,0.0,1.0,0.0,1.0,0.0,1.0,5.666666666666667,0.6666666666666666,43.333333333333336,0.0,0.0,1.0,0.0,1.0,140.24137931034483,3.0,0,24,0,0,3,1.0,0,0.0
common_2024,F13_233_to_232,control,F13_232_03,3,10.3,80.0,350.0,0.0,0.0,0.0,0.0,43.0,0.0,0.0,0.7071067811865476,0.7071067811865476,0.0,0.0,0.0,0.0,0.0,45.0,0.0,0.0,10.1,80.0,345.0,0.0,1.0,0.0,1.0,0.0,1.0,4.25,0.75,43.25,0.0,0.0,1.0,0.0,1.0,140.24137931034483,4.0,0,24,0,0,4,0.0,0,0.0
common_2024,F13_233_to_232,control,F13_232_04,4,10.1,80.0,351.0,0.0,0.0,0.0,0.0,40.0,0.0,0.0,0.8660254037844386,0.5000000000000001,0.0,0.0,0.0,0.0,0.0,45.0,0.0,0.0,10.1,80.0,345.0,0.0,1.0,0.0,1.0,0.0,1.0,3.4,0.8,42.6,0.0,0.0,1.0,0.0,1.0,140.24137931034483,5.0,0,24,0,0,5,0.0,0,0.0
common_2024,F13_233_to_232,control,F13_232_05,5,10.0,80.0,352.0,0.0,0.0,0.0,33.0,40.0,0.0,0.0,0.9659258262890683,0.25881904510252074,0.0,0.0,0.0,0.0,0.0,45.0,0.0,0.0,10.1,80.0,345.0,0.0,1.0,0.0,1.0,0.0,1.0,8.333333333333334,0.6666666666666666,42.166666666666664,0.0,0.0,1.0,0.0,1.0,140.24137931034483,6.0,0,24,0,0,6,1.0,0,0.0
common_2024,F13_233_to_232,control,F13_232_06,6,10.4,80.0,353.0,0.0,0.0,0.0,0.0,45.0,0.0,0.0,1.0,6.123233995736766e-17,0.0,0.0,0.0,0.0,0.0,45.0,0.0,0.0,10.1,80.0,345.0,0.0,1.0,0.0,1.0,0.0,1.0,7.142857142857143,0.7142857142857143,42.57142857142857,0.0,0.0,1.0,0.0,1.0,140.24137931034483,7.0,0,24,0,0,7,0.0,0,0.0
common_2024,F13_233_to_232,control,F13_232_07,7,10.0,81.0,351.0,0.0,0.0,0.0,33.0,42.0,0.0,0.0,0.9659258262890683,-0.25881904510252063,0.0,0.0,0.0,0.0,0.0,45.0,0.0,0.0,10.1,80.0,345.0,0.0,1.0,0.0,1.0,0.0,1.0,10.375,0.625,42.5,0.0,0.0,1.0,0.0,1.0,140.24137931034483,8.0,0,24,0,0,8,1.0,0,0.0
common_2024,F13_233_to_232,control,F13_232_08,8,10.4,80.0,353.0,0.0,0.0,1.0,3.0,45.0,0.0,0.0,0.8660254037844387,-0.4999999999999998,0.0,0.0,0.0,0.0,0.0,45.0,0.0,0.0,10.1,80.0,345.0,0.0,1.0,0.0,1.0,0.1111111111111111,0.8888888888888888,9.555555555555555,0.5555555555555556,42.77777777777778,0.0,0.0,1.0,0.0,1.0,140.24137931034483,9.0,0,24,1,0,0,2.0,0,0.0
common_2024,F13_233_to_232,control,F13_232_09,9,10.6,82.0,350.0,0.0,47.0,96.0,47.0,43.0,0.0,0.0,0.7071067811865476,-0.7071067811865475,0.0,0.0,0.0,0.0,0.0,45.0,0.0,0.0,10.1,80.0,345.0,0.0,1.0,4.7,0.9,9.7,0.8,13.3,0.5,42.8,0.0,0.0,1.0,0.0,1.0,140.24137931034483,10.0,0,24,1,1,0,3.0,0,0.0
common_2024,F13_233_to_232,control,F13_232_10,10,14.3,76.0,339.0,10.0,100.0,100.0,0.0,42.0,53.0,0.0,0.49999999999999994,-0.8660254037844387,0.0,0.0,0.0,0.0,0.0,45.0,0.0,0.0,10.1,80.0,345.0,0.9090909090909091,0.9090909090909091,13.363636363636363,0.8181818181818182,17.90909090909091,0.7272727272727273,12.090909090909092,0.5454545454545454,42.72727272727273,0.0,4.818181818181818,0.9090909090909091,0.0,1.0,140.24137931034483,0.0,1,10,1,1,1,0.0,1,10.0
common_2024,F13_233_to_232,control,F13_232_11,11,16.0,73.0,323.0,10.0,100.0,100.0,0.0,43.0,62.0,0.0,0.258819045102521,-0.9659258262890682,0.0,0.0,0.0,0.0,0.0,45.0,0.0,0.0,10.1,80.0,345.0,1.6666666666666667,0.8333333333333334,20.583333333333332,0.75,24.75,0.6666666666666666,11.083333333333334,0.5833333333333334,42.75,0.0,9.583333333333334,0.8333333333333334,0.0,1.0,140.24137931034483,0.0,2,10,1,1,2,0.0,2,10.0
common_2024,F13_233_to_232,control,F13_232_12,12,19.3,65.0,310.0,10.0,100.0,100.0,0.0,43.0,62.0,0.0,1.2246467991473532e-16,-1.0,0.0,0.0,0.0,0.0,0.0,45.0,0.0,0.0,10.1,80.0,345.0,2.3076923076923075,0.7692307692307693,26.692307692307693,0.6923076923076923,30.53846153846154,0.6153846153846154,10.23076923076923,0.6153846153846154,42.76923076923077,0.0,13.615384615384615,0.7692307692307693,0.0,1.0,140.24137931034483,0.0,3,10,1,1,3,0.0,3,10.0
common_2024,F13_233_to_232,control,F13_232_13,13,21.7,62.0,302.0,10.0,100.0,100.0,0.0,43.0,60.0,7.0,-0.2588190451025208,-0.9659258262890683,0.0,0.0,0.0,0.0,0.0,45.0,0.0,0.0,10.1,80.0,345.0,2.857142857142857,0.7142857142857143,31.928571428571427,0.6428571428571429,35.5,0.5714285714285714,9.5,0.6428571428571429,42.785714285714285,0.0,16.928571428571427,0.7142857142857143,0.5,0.9285714285714286,140.24137931034483,0.0,4,10,1,1,4,0.0,4,10.0
common_2024,F13_233_to_232,control,F13_232_14,14,19.8,62.0,301.0,9.0,100.0,100.0,0.0,45.0,2.0,0.0,-0.4999999999999997,-0.8660254037844388,0.0,0.0,0.0,0.0,0.0,45.0,0.0,0.0,10.1,80.0,345.0,3.2666666666666666,0.6666666666666666,36.46666666666667,0.6,39.8,0.5333333333333333,8.866666666666667,0.6666666666666666,42.93333333333333,0.0,15.933333333333334,0.6666666666666666,0.4666666666666667,0.9333333333333333,140.24137931034483,0.0,5,10,1,1,5,0.0,5,10.0
common_2024,F13_233_to_232,control,F13_232_15,15,17.2,66.0,300.0,8.0,100.0,100.0,0.0,42.0,0.0,0.0,-0.7071067811865471,-0.7071067811865479,0.0,0.0,0.0,0.0,0.0,45.0,0.0,0.0,10.1,80.0,345.0,3.5625,0.625,40.4375,0.5625,43.5625,0.5,8.3125,0.6875,42.875,0.0,14.9375,0.6875,0.4375,0.9375,140.24137931034483,0.0,6,10,1,1,6,0.0,5,10.0
common_2024,F13_233_to_232,control,F13_232_16,16,14.2,73.0,304.0,8.0,78.0,78.0,28.0,50.0,0.0,0.0,-0.8660254037844385,-0.5000000000000004,0.0,0.0,0.0,0.0,0.0,45.0,0.0,0.0,10.1,80.0,345.0,3.823529411764706,0.5882352941176471,42.64705882352941,0.5294117647058824,45.588235294117645,0.47058823529411764,9.470588235294118,0.6470588235294118,43.294117647058826,0.0,14.058823529411764,0.7058823529411765,0.4117647058823529,0.9411764705882353,140.24137931034483,0.0,7,10,1,1,7,1.0,5,10.0
common_2024,F13_233_to_232,control,F13_232_17,17,12.7,77.0,312.0,3.0,0.0,0.0,47.0,40.0,0.0,0.0,-0.9659258262890683,-0.25881904510252063,0.0,0.0,0.0,0.0,0.0,45.0,0.0,0.0,10.1,80.0,345.0,3.7777777777777777,0.5555555555555556,40.27777777777778,0.5555555555555556,43.05555555555556,0.5,11.555555555555555,0.6111111111111112,43.111111111111114,0.0,13.277777777777779,0.7222222222222222,0.3888888888888889,0.9444444444444444,140.24137931034483,0.0,8,10,2,2,0,2.0,5,10.0
common_2024,F13_233_to_232,control,F13_232_18,18,11.4,81.0,317.0,7.0,0.0,0.0,0.0,45.0,0.0,0.0,-1.0,-1.8369701987210297e-16,0.0,0.0,0.0,0.0,0.0,45.0,0.0,0.0,10.1,80.0,345.0,3.9473684210526314,0.5263157894736842,38.1578947368421,0.5789473684210527,40.78947368421053,0.5263157894736842,10.947368421052632,0.631578947368421,43.21052631578947,0.0,12.578947368421053,0.7368421052631579,0.3684210526315789,0.9473684210526315,140.24137931034483,0.0,9,10,2,2,1,0.0,5,10.0
common_2024,F13_233_to_232,control,F13_232_19,19,10.9,83.0,322.0,2.0,0.0,0.0,0.0,22.0,0.0,0.0,-0.9659258262890684,0.2588190451025203,0.0,0.0,0.0,0.0,0.0,45.0,0.0,0.0,10.1,80.0,345.0,3.85,0.5,36.25,0.6,38.75,0.55,10.4,0.65,42.15,0.0,11.95,0.75,0.35,0.95,140.24137931034483,0.0,10,10,2,2,2,0.0,5,10.0
common_2024,F13_233_to_232,control,F13_232_20,20,10.6,84.0,326.0,2.0,0.0,0.0,0.0,47.0,0.0,0.0,-0.8660254037844386,0.5000000000000001,0.0,0.0,0.0,0.0,0.0,45.0,0.0,0.0,10.1,80.0,345.0,3.761904761904762,0.47619047619047616,34.523809523809526,0.6190476190476191,36.904761904761905,0.5714285714285714,9.904761904761905,0.6666666666666666,42.38095238095238,0.0,11.380952380952381,0.7619047619047619,0.3333333333333333,0.9523809523809523,140.24137931034483,0.0,11,10,2,2,3,0.0,5,10.0
common_2024,F13_233_to_232,control,F13_232_21,21,9.7,83.0,331.0,4.0,0.0,0.0,78.0,43.0,0.0,0.0,-0.7071067811865477,0.7071067811865474,0.0,0.0,0.0,0.0,0.0,45.0,0.0,0.0,10.1,80.0,345.0,3.772727272727273,0.45454545454545453,32.95454545454545,0.6363636363636364,35.22727272727273,0.5909090909090909,13.0,0.6363636363636364,42.40909090909091,0.0,10.863636363636363,0.7727272727272727,0.3181818181818182,0.9545454545454546,140.24137931034483,0.0,12,10,2,2,4,1.0,5,10.0
common_2024,F13_233_to_232,control,F13_232_22,22,10.0,84.0,333.0,4.0,0.0,0.0,38.0,40.0,0.0,0.0,-0.5000000000000004,0.8660254037844384,0.0,0.0,0.0,0.0,0.0,45.0,0.0,0.0,10.1,80.0,345.0,3.782608695652174,0.43478260869565216,31.52173913043478,0.6521739130434783,33.69565217391305,0.6086956521739131,14.08695652173913,0.6086956521739131,42.30434782608695,0.0,10.391304347826088,0.782608695652174,0.30434782608695654,0.9565217391304348,140.24137931034483,0.0,13,10,2,2,5,2.0,5,10.0
common_2024,F13_233_to_232,control,F13_232_23,23,9.2,84.0,334.0,4.0,0.0,0.0,37.0,43.0,0.0,0.0,-0.25881904510252157,0.9659258262890681,0.0,0.0,0.0,0.0,0.0,45.0,0.0,0.0,10.1,80.0,345.0,3.7916666666666665,0.4166666666666667,30.208333333333332,0.6666666666666666,32.291666666666664,0.625,15.041666666666666,0.5833333333333334,42.333333333333336,0.0,9.958333333333334,0.7916666666666666,0.2916666666666667,0.9583333333333334,140.24137931034483,0.0,14,10,2,2,6,3.0,5,10.0
common_2024,F13_233_to_232,failure,F13_233_00,0,7.9,88.0,350.0,0.0,0.0,0.0,95.0,0.0,0.0,0.0,0.0,1.0,1.0,0.0,0.0,0.0,95.0,0.0,0.0,0.0,7.9,88.0,350.0,0.0,1.0,0.0,1.0,0.0,1.0,95.0,0.0,0.0,1.0,0.0,1.0,0.0,1.0,141.31034482758622,1.0,0,24,0,0,1,1.0,0,0.0
common_2024,F13_233_to_232,failure,F13_233_01,1,7.5,87.0,351.0,0.0,0.0,0.0,100.0,0.0,0.0,0.0,0.25881904510252074,0.9659258262890683,0.0,0.0,0.0,0.0,95.0,0.0,0.0,0.0,7.9,88.0,350.0,0.0,1.0,0.0,1.0,0.0,1.0,97.5,0.0,0.0,1.0,0.0,1.0,0.0,1.0,141.31034482758622,2.0,0,24,0,0,2,2.0,0,0.0
common_2024,F13_233_to_232,failure,F13_233_02,2,7.4,86.0,352.0,0.0,0.0,0.0,100.0,0.0,0.0,0.0,0.49999999999999994,0.8660254037844387,0.0,0.0,0.0,0.0,95.0,0.0,0.0,0.0,7.9,88.0,350.0,0.0,1.0,0.0,1.0,0.0,1.0,98.33333333333333,0.0,0.0,1.0,0.0,1.0,0.0,1.0,141.31034482758622,3.0,0,24,0,0,3,3.0,0,0.0
common_2024,F13_233_to_232,failure,F13_233_03,3,7.2,85.0,354.0,0.0,0.0,0.0,100.0,0.0,0.0,0.0,0.7071067811865476,0.7071067811865476,0.0,0.0,0.0,0.0,95.0,0.0,0.0,0.0,7.9,88.0,350.0,0.0,1.0,0.0,1.0,0.0,1.0,98.75,0.0,0.0,1.0,0.0,1.0,0.0,1.0,141.31034482758622,4.0,0,24,0,0,4,4.0,0,0.0
common_2024,F13_233_to_232,failure,F13_233_04,4,7.3,87.0,352.0,0.0,0.0,0.0,100.0,0.0,0.0,0.0,0.8660254037844386,0.5000000000000001,0.0,0.0,0.0,0.0,95.0,0.0,0.0,0.0,7.9,88.0,350.0,0.0,1.0,0.0,1.0,0.0,1.0,99.0,0.0,0.0,1.0,0.0,1.0,0.0,1.0,141.31034482758622,5.0,0,24,0,0,5,5.0,0,0.0
common_2024,F13_233_to_232,failure,F13_233_05,5,7.5,87.0,354.0,0.0,0.0,0.0,100.0,0.0,0.0,0.0,0.9659258262890683,0.25881904510252074,0.0,0.0,0.0,0.0,95.0,0.0,0.0,0.0,7.9,88.0,350.0,0.0,1.0,0.0,1.0,0.0,1.0,99.16666666666667,0.0,0.0,1.0,0.0,1.0,0.0,1.0,141.31034482758622,6.0,0,24,0,0,6,6.0,0,0.0
common_2024,F13_233_to_232,failure,F13_233_06,6,7.5,88.0,355.0,0.0,0.0,0.0,100.0,0.0,0.0,0.0,1.0,6.123233995736766e-17,0.0,0.0,0.0,0.0,95.0,0.0,0.0,0.0,7.9,88.0,350.0,0.0,1.0,0.0,1.0,0.0,1.0,99.28571428571429,0.0,0.0,1.0,0.0,1.0,0.0,1.0,141.31034482758622,7.0,0,24,0,0,7,7.0,0,0.0
common_2024,F13_233_to_232,failure,F13_233_07,7,7.9,88.0,356.0,0.0,7.0,0.0,70.0,0.0,30.0,0.0,0.9659258262890683,-0.25881904510252063,0.0,0.0,0.0,0.0,95.0,0.0,0.0,0.0,7.9,88.0,350.0,0.0,1.0,0.875,0.875,0.0,1.0,95.625,0.0,0.0,1.0,3.75,0.875,0.0,1.0,141.31034482758622,8.0,0,24,0,1,0,8.0,1,0.0
common_2024,F13_233_to_232,failure,F13_233_08,8,8.5,90.0,353.0,0.0,100.0,0.0,0.0,18.0,100.0,0.0,0.8660254037844387,-0.4999999999999998,0.0,0.0,0.0,0.0,95.0,0.0,0.0,0.0,7.9,88.0,350.0,0.0,1.0,11.88888888888889,0.7777777777777778,0.0,1.0,85.0,0.1111111111111111,2.0,0.8888888888888888,14.444444444444445,0.7777777777777778,0.0,1.0,141.31034482758622,9.0,0,24,0,1,1,0.0,2,0.0
common_2024,F13_233_to_232,failure,F13_233_09,9,9.8,91.0,351.0,0.0,100.0,0.0,0.0,12.0,100.0,0.0,0.7071067811865476,-0.7071067811865475,0.0,0.0,0.0,0.0,95.0,0.0,0.0,0.0,7.9,88.0,350.0,0.0,1.0,20.7,0.7,0.0,1.0,76.5,0.2,3.0,0.8,23.0,0.7,0.0,1.0,141.31034482758622,10.0,0,24,0,1,2,0.0,3,0.0
common_2024,F13_233_to_232,failure,F13_233_10,10,11.9,89.0,348.0,0.0,100.0,34.0,0.0,0.0,100.0,0.0,0.49999999999999994,-0.8660254037844387,0.0,0.0,0.0,0.0,95.0,0.0,0.0,0.0,7.9,88.0,350.0,0.0,1.0,27.90909090909091,0.6363636363636364,3.090909090909091,0.9090909090909091,69.54545454545455,0.2727272727272727,2.727272727272727,0.8181818181818182,30.0,0.6363636363636364,0.0,1.0,141.31034482758622,11.0,0,24,1,1,0,0.0,4,0.0
common_2024,F13_233_to_232,failure,F13_233_11,11,15.8,80.0,333.0,0.0,100.0,100.0,0.0,0.0,100.0,0.0,0.258819045102521,-0.9659258262890682,0.0,0.0,0.0,0.0,95.0,0.0,0.0,0.0,7.9,88.0,350.0,0.0,1.0,33.916666666666664,0.5833333333333334,11.166666666666666,0.8333333333333334,63.75,0.3333333333333333,2.5,0.8333333333333334,35.833333333333336,0.5833333333333334,0.0,1.0,141.31034482758622,12.0,0,24,1,1,1,0.0,5,0.0
common_2024,F13_233_to_232,failure,F13_233_12,12,21.0,70.0,323.0,0.0,100.0,100.0,0.0,0.0,100.0,0.0,1.2246467991473532e-16,-1.0,0.0,0.0,0.0,0.0,95.0,0.0,0.0,0.0,7.9,88.0,350.0,0.0,1.0,39.0,0.5384615384615384,18.0,0.7692307692307693,58.84615384615385,0.38461538461538464,2.3076923076923075,0.8461538461538461,40.76923076923077,0.5384615384615384,0.0,1.0,141.31034482758622,13.0,0,24,1,1,2,0.0,6,0.0
common_2024,F13_233_to_232,failure,F13_233_13,13,22.9,62.0,331.0,0.0,100.0,100.0,0.0,0.0,92.0,0.0,-0.2588190451025208,-0.9659258262890683,0.0,0.0,0.0,0.0,95.0,0.0,0.0,0.0,7.9,88.0,350.0,0.0,1.0,43.357142857142854,0.5,23.857142857142858,0.7142857142857143,54.642857142857146,0.42857142857142855,2.142857142857143,0.8571428571428571,44.42857142857143,0.5,0.0,1.0,141.31034482758622,14.0,0,24,1,1,3,0.0,7,0.0
common_2024,F13_233_to_232,failure,F13_233_14,14,20.4,67.0,335.0,0.0,100.0,100.0,0.0,0.0,100.0,0.0,-0.4999999999999997,-0.8660254037844388,0.0,0.0,0.0,0.0,95.0,0.0,0.0,0.0,7.9,88.0,350.0,0.0,1.0,47.13333333333333,0.4666666666666667,28.933333333333334,0.6666666666666666,51.0,0.4666666666666667,2.0,0.8666666666666667,48.13333333333333,0.4666666666666667,0.0,1.0,141.31034482758622,15.0,0,24,1,1,4,0.0,8,0.0
common_2024,F13_233_to_232,failure,F13_233_15,15,20.6,64.0,337.0,0.0,100.0,100.0,0.0,0.0,93.0,0.0,-0.7071067811865471,-0.7071067811865479,0.0,0.0,0.0,0.0,95.0,0.0,0.0,0.0,7.9,88.0,350.0,0.0,1.0,50.4375,0.4375,33.375,0.625,47.8125,0.5,1.875,0.875,50.9375,0.4375,0.0,1.0,141.31034482758622,16.0,0,24,1,1,5,0.0,9,0.0
common_2024,F13_233_to_232,failure,F13_233_16,16,16.3,76.0,345.0,0.0,100.0,100.0,0.0,0.0,0.0,0.0,-0.8660254037844385,-0.5000000000000004,0.0,0.0,0.0,0.0,95.0,0.0,0.0,0.0,7.9,88.0,350.0,0.0,1.0,53.35294117647059,0.4117647058823529,37.294117647058826,0.5882352941176471,45.0,0.5294117647058824,1.7647058823529411,0.8823529411764706,47.94117647058823,0.47058823529411764,0.0,1.0,141.31034482758622,17.0,0,24,1,1,6,0.0,9,0.0
common_2024,F13_233_to_232,failure,F13_233_17,17,12.3,87.0,355.0,0.0,100.0,53.0,0.0,0.0,0.0,0.0,-0.9659258262890683,-0.25881904510252063,0.0,0.0,0.0,0.0,95.0,0.0,0.0,0.0,7.9,88.0,350.0,0.0,1.0,55.94444444444444,0.3888888888888889,38.166666666666664,0.5555555555555556,42.5,0.5555555555555556,1.6666666666666667,0.8888888888888888,45.27777777777778,0.5,0.0,1.0,141.31034482758622,18.0,0,24,1,1,7,0.0,9,0.0
common_2024,F13_233_to_232,failure,F13_233_18,18,11.3,86.0,359.0,0.0,100.0,0.0,0.0,0.0,0.0,0.0,-1.0,-1.8369701987210297e-16,0.0,0.0,0.0,0.0,95.0,0.0,0.0,0.0,7.9,88.0,350.0,0.0,1.0,58.26315789473684,0.3684210526315789,36.1578947368421,0.5789473684210527,40.26315789473684,0.5789473684210527,1.5789473684210527,0.8947368421052632,42.89473684210526,0.5263157894736842,0.0,1.0,141.31034482758622,19.0,0,24,2,1,0,0.0,9,0.0
common_2024,F13_233_to_232,failure,F13_233_19,19,10.4,86.0,364.0,0.0,100.0,0.0,0.0,0.0,0.0,0.0,-0.9659258262890684,0.2588190451025203,0.0,0.0,0.0,0.0,95.0,0.0,0.0,0.0,7.9,88.0,350.0,0.0,1.0,60.35,0.35,34.35,0.6,38.25,0.6,1.5,0.9,40.75,0.55,0.0,1.0,141.31034482758622,20.0,0,24,2,1,1,0.0,9,0.0
common_2024,F13_233_to_232,failure,F13_233_20,20,9.9,84.0,366.0,0.0,53.0,0.0,0.0,0.0,0.0,0.0,-0.8660254037844386,0.5000000000000001,0.0,0.0,0.0,0.0,95.0,0.0,0.0,0.0,7.9,88.0,350.0,0.0,1.0,60.0,0.3333333333333333,32.714285714285715,0.6190476190476191,36.42857142857143,0.6190476190476191,1.4285714285714286,0.9047619047619048,38.80952380952381,0.5714285714285714,0.0,1.0,141.31034482758622,21.0,0,24,2,1,2,0.0,9,0.0
common_2024,F13_233_to_232,failure,F13_233_21,21,9.4,83.0,368.0,0.0,0.0,0.0,0.0,0.0,0.0,0.0,-0.7071067811865477,0.7071067811865474,0.0,0.0,0.0,0.0,95.0,0.0,0.0,0.0,7.9,88.0,350.0,0.0,1.0,57.27272727272727,0.36363636363636365,31.227272727272727,0.6363636363636364,34.77272727272727,0.6363636363636364,1.3636363636363635,0.9090909090909091,37.04545454545455,0.5909090909090909,0.0,1.0,141.31034482758622,22.0,0,24,2,2,0,0.0,9,0.0
common_2024,F13_233_to_232,failure,F13_233_22,22,8.8,82.0,371.0,0.0,0.0,0.0,0.0,0.0,0.0,0.0,-0.5000000000000004,0.8660254037844384,0.0,0.0,0.0,0.0,95.0,0.0,0.0,0.0,7.9,88.0,350.0,0.0,1.0,54.78260869565217,0.391304347826087,29.869565217391305,0.6521739130434783,33.26086956521739,0.6521739130434783,1.3043478260869565,0.9130434782608695,35.43478260869565,0.6086956521739131,0.0,1.0,141.31034482758622,23.0,0,24,2,2,1,0.0,9,0.0
common_2024,F13_233_to_232,failure,F13_233_23,23,8.4,81.0,375.0,0.0,0.0,0.0,0.0,0.0,0.0,0.0,-0.25881904510252157,0.9659258262890681,0.0,0.0,0.0,0.0,95.0,0.0,0.0,0.0,7.9,88.0,350.0,0.0,1.0,52.5,0.4166666666666667,28.625,0.6666666666666666,31.875,0.6666666666666666,1.25,0.9166666666666666,33.958333333333336,0.625,0.0,1.0,141.31034482758622,24.0,0,24,2,2,2,0.0,9,0.0
common_2024,F47_161_to_160,control,F47_160_00,0,9.7,69.0,319.0,0.0,0.0,0.0,97.0,0.0,0.0,0.0,0.0,1.0,1.0,0.0,0.0,0.0,97.0,0.0,0.0,0.0,9.7,69.0,319.0,0.0,1.0,0.0,1.0,0.0,1.0,97.0,0.0,0.0,1.0,0.0,1.0,0.0,1.0,160.0,1.0,0,24,0,0,1,1.0,0,0.0
common_2024,F47_161_to_160,control,F47_160_01,1,10.1,70.0,281.0,0.0,0.0,0.0,100.0,0.0,0.0,0.0,0.25881904510252074,0.9659258262890683,0.0,0.0,0.0,0.0,97.0,0.0,0.0,0.0,9.7,69.0,319.0,0.0,1.0,0.0,1.0,0.0,1.0,98.5,0.0,0.0,1.0,0.0,1.0,0.0,1.0,160.0,2.0,0,24,0,0,2,2.0,0,0.0
common_2024,F47_161_to_160,control,F47_160_02,2,11.0,66.0,358.0,0.0,0.0,0.0,100.0,0.0,0.0,0.0,0.49999999999999994,0.8660254037844387,0.0,0.0,0.0,0.0,97.0,0.0,0.0,0.0,9.7,69.0,319.0,0.0,1.0,0.0,1.0,0.0,1.0,99.0,0.0,0.0,1.0,0.0,1.0,0.0,1.0,160.0,3.0,0,24,0,0,3,3.0,0,0.0
common_2024,F47_161_to_160,control,F47_160_03,3,10.8,66.0,273.0,0.0,0.0,0.0,100.0,0.0,0.0,0.0,0.7071067811865476,0.7071067811865476,0.0,0.0,0.0,0.0,97.0,0.0,0.0,0.0,9.7,69.0,319.0,0.0,1.0,0.0,1.0,0.0,1.0,99.25,0.0,0.0,1.0,0.0,1.0,0.0,1.0,160.0,4.0,0,24,0,0,4,4.0,0,0.0
common_2024,F47_161_to_160,control,F47_160_04,4,11.6,67.0,253.0,0.0,0.0,0.0,100.0,0.0,0.0,0.0,0.8660254037844386,0.5000000000000001,0.0,0.0,0.0,0.0,97.0,0.0,0.0,0.0,9.7,69.0,319.0,0.0,1.0,0.0,1.0,0.0,1.0,99.4,0.0,0.0,1.0,0.0,1.0,0.0,1.0,160.0,5.0,0,24,0,0,5,5.0,0,0.0
common_2024,F47_161_to_160,control,F47_160_05,5,11.2,69.0,268.0,0.0,0.0,0.0,100.0,0.0,0.0,0.0,0.9659258262890683,0.25881904510252074,0.0,0.0,0.0,0.0,97.0,0.0,0.0,0.0,9.7,69.0,319.0,0.0,1.0,0.0,1.0,0.0,1.0,99.5,0.0,0.0,1.0,0.0,1.0,0.0,1.0,160.0,6.0,0,24,0,0,6,6.0,0,0.0
common_2024,F47_161_to_160,control,F47_160_06,6,10.9,66.0,288.0,0.0,0.0,0.0,100.0,0.0,0.0,0.0,1.0,6.123233995736766e-17,0.0,0.0,0.0,0.0,97.0,0.0,0.0,0.0,9.7,69.0,319.0,0.0,1.0,0.0,1.0,0.0,1.0,99.57142857142857,0.0,0.0,1.0,0.0,1.0,0.0,1.0,160.0,7.0,0,24,0,0,7,7.0,0,0.0
common_2024,F47_161_to_160,control,F47_160_07,7,10.9,65.0,337.0,0.0,0.0,0.0,100.0,0.0,35.0,0.0,0.9659258262890683,-0.25881904510252063,0.0,0.0,0.0,0.0,97.0,0.0,0.0,0.0,9.7,69.0,319.0,0.0,1.0,0.0,1.0,0.0,1.0,99.625,0.0,0.0,1.0,4.375,0.875,0.0,1.0,160.0,8.0,0,24,0,0,8,8.0,1,0.0
common_2024,F47_161_to_160,control,F47_160_08,8,10.0,68.0,386.0,0.0,0.0,0.0,100.0,0.0,0.0,0.0,0.8660254037844387,-0.4999999999999998,0.0,0.0,0.0,0.0,97.0,0.0,0.0,0.0,9.7,69.0,319.0,0.0,1.0,0.0,1.0,0.0,1.0,99.66666666666667,0.0,0.0,1.0,3.888888888888889,0.8888888888888888,0.0,1.0,160.0,9.0,0,24,0,0,9,9.0,1,0.0
common_2024,F47_161_to_160,control,F47_160_09,9,11.7,72.0,519.0,0.0,54.0,89.0,67.0,0.0,0.0,0.0,0.7071067811865476,-0.7071067811865475,0.0,0.0,0.0,0.0,97.0,0.0,0.0,0.0,9.7,69.0,319.0,0.0,1.0,5.4,0.9,8.9,0.9,96.4,0.0,0.0,1.0,3.5,0.9,0.0,1.0,160.0,10.0,0,24,1,1,0,10.0,1,0.0
common_2024,F47_161_to_160,control,F47_160_10,10,17.2,67.0,504.0,0.0,100.0,100.0,0.0,0.0,0.0,0.0,0.49999999999999994,-0.8660254037844387,0.0,0.0,0.0,0.0,97.0,0.0,0.0,0.0,9.7,69.0,319.0,0.0,1.0,14.0,0.8181818181818182,17.181818181818183,0.8181818181818182,87.63636363636364,0.09090909090909091,0.0,1.0,3.1818181818181817,0.9090909090909091,0.0,1.0,160.0,11.0,0,24,1,1,1,0.0,1,0.0
common_2024,F47_161_to_160,control,F47_160_11,11,21.0,57.0,517.0,0.0,100.0,100.0,0.0,0.0,25.0,0.0,0.258819045102521,-0.9659258262890682,0.0,0.0,0.0,0.0,97.0,0.0,0.0,0.0,9.7,69.0,319.0,0.0,1.0,21.166666666666668,0.75,24.083333333333332,0.75,80.33333333333333,0.16666666666666666,0.0,1.0,5.0,0.8333333333333334,0.0,1.0,160.0,12.0,0,24,1,1,2,0.0,2,0.0
common_2024,F47_161_to_160,control,F47_160_12,12,21.1,59.0,461.0,0.0,100.0,100.0,0.0,0.0,2.0,0.0,1.2246467991473532e-16,-1.0,0.0,0.0,0.0,0.0,97.0,0.0,0.0,0.0,9.7,69.0,319.0,0.0,1.0,27.23076923076923,0.6923076923076923,29.923076923076923,0.6923076923076923,74.15384615384616,0.23076923076923078,0.0,1.0,4.769230769230769,0.7692307692307693,0.0,1.0,160.0,13.0,0,24,1,1,3,0.0,3,0.0
common_2024,F47_161_to_160,control,F47_160_13,13,21.7,49.0,487.0,16.0,100.0,100.0,0.0,0.0,33.0,5.0,-0.2588190451025208,-0.9659258262890683,0.0,0.0,0.0,0.0,97.0,0.0,0.0,0.0,9.7,69.0,319.0,1.1428571428571428,0.9285714285714286,32.42857142857143,0.6428571428571429,34.92857142857143,0.6428571428571429,68.85714285714286,0.2857142857142857,0.0,1.0,6.785714285714286,0.7142857142857143,0.35714285714285715,0.9285714285714286,160.0,0.0,1,13,1,1,4,0.0,4,16.0
common_2024,F47_161_to_160,control,F47_160_14,14,17.4,47.0,475.0,23.0,100.0,100.0,0.0,0.0,82.0,3.0,-0.4999999999999997,-0.8660254037844388,0.0,0.0,0.0,0.0,97.0,0.0,0.0,0.0,9.7,69.0,319.0,2.6,0.8666666666666667,36.93333333333333,0.6,39.266666666666666,0.6,64.26666666666667,0.3333333333333333,0.0,1.0,11.8,0.6666666666666666,0.5333333333333333,0.8666666666666667,160.0,0.0,2,13,1,1,5,0.0,5,23.0
common_2024,F47_161_to_160,control,F47_160_15,15,21.4,46.0,506.0,0.0,100.0,100.0,0.0,0.0,0.0,2.0,-0.7071067811865471,-0.7071067811865479,0.0,0.0,0.0,0.0,97.0,0.0,0.0,0.0,9.7,69.0,319.0,2.4375,0.875,40.875,0.5625,43.0625,0.5625,60.25,0.375,0.0,1.0,11.0625,0.6875,0.625,0.8125,160.0,1.0,2,13,1,1,6,0.0,5,23.0
common_2024,F47_161_to_160,control,F47_160_16,16,16.9,58.0,474.0,0.0,100.0,100.0,0.0,0.0,0.0,0.0,-0.8660254037844385,-0.5000000000000004,0.0,0.0,0.0,0.0,97.0,0.0,0.0,0.0,9.7,69.0,319.0,2.2941176470588234,0.8823529411764706,44.35294117647059,0.5294117647058824,46.411764705882355,0.5294117647058824,56.705882352941174,0.4117647058823529,0.0,1.0,10.411764705882353,0.7058823529411765,0.5882352941176471,0.8235294117647058,160.0,2.0,2,13,1,1,7,0.0,5,23.0
common_2024,F47_161_to_160,control,F47_160_17,17,10.8,66.0,503.0,0.0,100.0,100.0,0.0,0.0,0.0,0.0,-0.9659258262890683,-0.25881904510252063,0.0,0.0,0.0,0.0,97.0,0.0,0.0,0.0,9.7,69.0,319.0,2.1666666666666665,0.8888888888888888,47.44444444444444,0.5,49.388888888888886,0.5,53.55555555555556,0.4444444444444444,0.0,1.0,9.833333333333334,0.7222222222222222,0.5555555555555556,0.8333333333333334,160.0,3.0,2,13,1,1,8,0.0,5,23.0
common_2024,F47_161_to_160,control,F47_160_18,18,9.9,63.0,499.0,0.0,100.0,5.0,0.0,0.0,0.0,0.0,-1.0,-1.8369701987210297e-16,0.0,0.0,0.0,0.0,97.0,0.0,0.0,0.0,9.7,69.0,319.0,2.0526315789473686,0.8947368421052632,50.21052631578947,0.47368421052631576,47.05263157894737,0.47368421052631576,50.73684210526316,0.47368421052631576,0.0,1.0,9.31578947368421,0.7368421052631579,0.5263157894736842,0.8421052631578947,160.0,4.0,2,13,1,1,9,0.0,5,23.0
common_2024,F47_161_to_160,control,F47_160_19,19,9.9,62.0,458.0,0.0,100.0,0.0,0.0,0.0,0.0,0.0,-0.9659258262890684,0.2588190451025203,0.0,0.0,0.0,0.0,97.0,0.0,0.0,0.0,9.7,69.0,319.0,1.95,0.9,52.7,0.45,44.7,0.5,48.2,0.5,0.0,1.0,8.85,0.75,0.5,0.85,160.0,5.0,2,13,2,1,0,0.0,5,23.0
common_2024,F47_161_to_160,control,F47_160_20,20,10.4,63.0,540.0,0.0,89.0,0.0,0.0,0.0,0.0,0.0,-0.8660254037844386,0.5000000000000001,0.0,0.0,0.0,0.0,97.0,0.0,0.0,0.0,9.7,69.0,319.0,1.8571428571428572,0.9047619047619048,54.42857142857143,0.42857142857142855,42.57142857142857,0.5238095238095238,45.904761904761905,0.5238095238095238,0.0,1.0,8.428571428571429,0.7619047619047619,0.47619047619047616,0.8571428571428571,160.0,6.0,2,13,2,1,1,0.0,5,23.0
common_2024,F47_161_to_160,control,F47_160_21,21,11.4,64.0,482.0,0.0,0.0,0.0,0.0,0.0,0.0,0.0,-0.7071067811865477,0.7071067811865474,0.0,0.0,0.0,0.0,97.0,0.0,0.0,0.0,9.7,69.0,319.0,1.7727272727272727,0.9090909090909091,51.95454545454545,0.45454545454545453,40.63636363636363,0.5454545454545454,43.81818181818182,0.5454545454545454,0.0,1.0,8.045454545454545,0.7727272727272727,0.45454545454545453,0.8636363636363636,160.0,7.0,2,13,2,2,0,0.0,5,23.0
common_2024,F47_161_to_160,control,F47_160_22,22,11.6,63.0,461.0,0.0,0.0,0.0,0.0,0.0,0.0,0.0,-0.5000000000000004,0.8660254037844384,0.0,0.0,0.0,0.0,97.0,0.0,0.0,0.0,9.7,69.0,319.0,1.6956521739130435,0.9130434782608695,49.69565217391305,0.4782608695652174,38.869565217391305,0.5652173913043478,41.91304347826087,0.5652173913043478,0.0,1.0,7.695652173913044,0.782608695652174,0.43478260869565216,0.8695652173913043,160.0,8.0,2,13,2,2,1,0.0,5,23.0
common_2024,F47_161_to_160,control,F47_160_23,23,11.4,65.0,415.0,0.0,0.0,0.0,0.0,0.0,0.0,0.0,-0.25881904510252157,0.9659258262890681,0.0,0.0,0.0,0.0,97.0,0.0,0.0,0.0,9.7,69.0,319.0,1.625,0.9166666666666666,47.625,0.5,37.25,0.5833333333333334,40.166666666666664,0.5833333333333334,0.0,1.0,7.375,0.7916666666666666,0.4166666666666667,0.875,160.0,9.0,2,13,2,2,2,0.0,5,23.0
common_2024,F47_161_to_160,failure,F47_161_00,0,11.8,64.0,480.0,0.0,0.0,0.0,0.0,0.0,0.0,0.0,0.0,1.0,1.0,0.0,0.0,0.0,0.0,0.0,0.0,0.0,11.8,64.0,480.0,0.0,1.0,0.0,1.0,0.0,1.0,0.0,1.0,0.0,1.0,0.0,1.0,0.0,1.0,161.0,1.0,0,24,0,0,1,0.0,0,0.0
common_2024,F47_161_to_160,failure,F47_161_01,1,11.2,65.0,484.0,0.0,0.0,0.0,0.0,0.0,0.0,0.0,0.25881904510252074,0.9659258262890683,0.0,0.0,0.0,0.0,0.0,0.0,0.0,0.0,11.8,64.0,480.0,0.0,1.0,0.0,1.0,0.0,1.0,0.0,1.0,0.0,1.0,0.0,1.0,0.0,1.0,161.0,2.0,0,24,0,0,2,0.0,0,0.0
common_2024,F47_161_to_160,failure,F47_161_02,2,9.9,70.0,456.0,0.0,0.0,0.0,23.0,0.0,0.0,0.0,0.49999999999999994,0.8660254037844387,0.0,0.0,0.0,0.0,0.0,0.0,0.0,0.0,11.8,64.0,480.0,0.0,1.0,0.0,1.0,0.0,1.0,7.666666666666667,0.6666666666666666,0.0,1.0,0.0,1.0,0.0,1.0,161.0,3.0,0,24,0,0,3,1.0,0,0.0
common_2024,F47_161_to_160,failure,F47_161_03,3,8.8,65.0,363.0,0.0,0.0,0.0,100.0,0.0,0.0,0.0,0.7071067811865476,0.7071067811865476,0.0,0.0,0.0,0.0,0.0,0.0,0.0,0.0,11.8,64.0,480.0,0.0,1.0,0.0,1.0,0.0,1.0,30.75,0.5,0.0,1.0,0.0,1.0,0.0,1.0,161.0,4.0,0,24,0,0,4,2.0,0,0.0
common_2024,F47_161_to_160,failure,F47_161_04,4,7.7,64.0,386.0,0.0,0.0,0.0,100.0,0.0,0.0,0.0,0.8660254037844386,0.5000000000000001,0.0,0.0,0.0,0.0,0.0,0.0,0.0,0.0,11.8,64.0,480.0,0.0,1.0,0.0,1.0,0.0,1.0,44.6,0.4,0.0,1.0,0.0,1.0,0.0,1.0,161.0,5.0,0,24,0,0,5,3.0,0,0.0
common_2024,F47_161_to_160,failure,F47_161_05,5,8.5,64.0,318.0,0.0,0.0,0.0,100.0,0.0,0.0,0.0,0.9659258262890683,0.25881904510252074,0.0,0.0,0.0,0.0,0.0,0.0,0.0,0.0,11.8,64.0,480.0,0.0,1.0,0.0,1.0,0.0,1.0,53.833333333333336,0.3333333333333333,0.0,1.0,0.0,1.0,0.0,1.0,161.0,6.0,0,24,0,0,6,4.0,0,0.0
common_2024,F47_161_to_160,failure,F47_161_06,6,9.2,64.0,347.0,0.0,0.0,0.0,100.0,0.0,0.0,0.0,1.0,6.123233995736766e-17,0.0,0.0,0.0,0.0,0.0,0.0,0.0,0.0,11.8,64.0,480.0,0.0,1.0,0.0,1.0,0.0,1.0,60.42857142857143,0.2857142857142857,0.0,1.0,0.0,1.0,0.0,1.0,161.0,7.0,0,24,0,0,7,5.0,0,0.0
common_2024,F47_161_to_160,failure,F47_161_07,7,9.3,65.0,426.0,0.0,14.0,0.0,100.0,0.0,30.0,0.0,0.9659258262890683,-0.25881904510252063,0.0,0.0,0.0,0.0,0.0,0.0,0.0,0.0,11.8,64.0,480.0,0.0,1.0,1.75,0.875,0.0,1.0,65.375,0.25,0.0,1.0,3.75,0.875,0.0,1.0,161.0,8.0,0,24,0,1,0,6.0,1,0.0
common_2024,F47_161_to_160,failure,F47_161_08,8,9.4,64.0,508.0,0.0,100.0,0.0,100.0,0.0,0.0,0.0,0.8660254037844387,-0.4999999999999998,0.0,0.0,0.0,0.0,0.0,0.0,0.0,0.0,11.8,64.0,480.0,0.0,1.0,12.666666666666666,0.7777777777777778,0.0,1.0,69.22222222222223,0.2222222222222222,0.0,1.0,3.3333333333333335,0.8888888888888888,0.0,1.0,161.0,9.0,0,24,0,1,1,7.0,1,0.0
common_2024,F47_161_to_160,failure,F47_161_09,9,12.6,64.0,504.0,0.0,100.0,91.0,100.0,0.0,0.0,0.0,0.7071067811865476,-0.7071067811865475,0.0,0.0,0.0,0.0,0.0,0.0,0.0,0.0,11.8,64.0,480.0,0.0,1.0,21.4,0.7,9.1,0.9,72.3,0.2,0.0,1.0,3.0,0.9,0.0,1.0,161.0,10.0,0,24,1,1,0,8.0,1,0.0
common_2024,F47_161_to_160,failure,F47_161_10,10,18.7,60.0,469.0,0.0,100.0,100.0,2.0,0.0,0.0,0.0,0.49999999999999994,-0.8660254037844387,0.0,0.0,0.0,0.0,0.0,0.0,0.0,0.0,11.8,64.0,480.0,0.0,1.0,28.545454545454547,0.6363636363636364,17.363636363636363,0.8181818181818182,65.9090909090909,0.18181818181818182,0.0,1.0,2.727272727272727,0.9090909090909091,0.0,1.0,161.0,11.0,0,24,1,1,1,9.0,1,0.0
common_2024,F47_161_to_160,failure,F47_161_11,11,22.1,52.0,434.0,0.0,100.0,100.0,0.0,0.0,0.0,0.0,0.258819045102521,-0.9659258262890682,0.0,0.0,0.0,0.0,0.0,0.0,0.0,0.0,11.8,64.0,480.0,0.0,1.0,34.5,0.5833333333333334,24.25,0.75,60.416666666666664,0.25,0.0,1.0,2.5,0.9166666666666666,0.0,1.0,161.0,12.0,0,24,1,1,2,0.0,1,0.0
common_2024,F47_161_to_160,failure,F47_161_12,12,21.9,44.0,431.0,12.0,100.0,100.0,0.0,0.0,27.0,0.0,1.2246467991473532e-16,-1.0,0.0,0.0,0.0,0.0,0.0,0.0,0.0,0.0,11.8,64.0,480.0,0.9230769230769231,0.9230769230769231,39.53846153846154,0.5384615384615384,30.076923076923077,0.6923076923076923,55.76923076923077,0.3076923076923077,0.0,1.0,4.384615384615385,0.8461538461538461,0.0,1.0,161.0,0.0,1,12,1,1,3,0.0,2,12.0
common_2024,F47_161_to_160,failure,F47_161_13,13,20.9,41.0,394.0,30.0,100.0,100.0,0.0,0.0,35.0,2.0,-0.2588190451025208,-0.9659258262890683,0.0,0.0,0.0,0.0,0.0,0.0,0.0,0.0,11.8,64.0,480.0,3.0,0.8571428571428571,43.857142857142854,0.5,35.07142857142857,0.6428571428571429,51.785714285714285,0.35714285714285715,0.0,1.0,6.571428571428571,0.7857142857142857,0.14285714285714285,0.9285714285714286,161.0,0.0,2,12,1,1,4,0.0,3,30.0
common_2024,F47_161_to_160,failure,F47_161_14,14,17.7,47.0,409.0,34.0,100.0,100.0,0.0,0.0,20.0,0.0,-0.4999999999999997,-0.8660254037844388,0.0,0.0,0.0,0.0,0.0,0.0,0.0,0.0,11.8,64.0,480.0,5.066666666666666,0.8,47.6,0.4666666666666667,39.4,0.6,48.333333333333336,0.4,0.0,1.0,7.466666666666667,0.7333333333333333,0.13333333333333333,0.9333333333333333,161.0,0.0,3,12,1,1,5,0.0,4,34.0
common_2024,F47_161_to_160,failure,F47_161_15,15,15.5,61.0,392.0,1.0,100.0,100.0,0.0,0.0,0.0,0.0,-0.7071067811865471,-0.7071067811865479,0.0,0.0,0.0,0.0,0.0,0.0,0.0,0.0,11.8,64.0,480.0,4.8125,0.75,50.875,0.4375,43.1875,0.5625,45.3125,0.4375,0.0,1.0,7.0,0.75,0.125,0.9375,161.0,0.0,4,12,1,1,6,0.0,4,34.0
common_2024,F47_161_to_160,failure,F47_161_16,16,14.3,60.0,405.0,0.0,100.0,100.0,0.0,0.0,0.0,0.0,-0.8660254037844385,-0.5000000000000004,0.0,0.0,0.0,0.0,0.0,0.0,0.0,0.0,11.8,64.0,480.0,4.529411764705882,0.7647058823529411,53.76470588235294,0.4117647058823529,46.529411764705884,0.5294117647058824,42.64705882352941,0.47058823529411764,0.0,1.0,6.588235294117647,0.7647058823529411,0.11764705882352941,0.9411764705882353,161.0,1.0,4,12,1,1,7,0.0,4,34.0
common_2024,F47_161_to_160,failure,F47_161_17,17,14.0,62.0,382.0,0.0,100.0,100.0,0.0,0.0,0.0,0.0,-0.9659258262890683,-0.25881904510252063,0.0,0.0,0.0,0.0,0.0,0.0,0.0,0.0,11.8,64.0,480.0,4.277777777777778,0.7777777777777778,56.333333333333336,0.3888888888888889,49.5,0.5,40.27777777777778,0.5,0.0,1.0,6.222222222222222,0.7777777777777778,0.1111111111111111,0.9444444444444444,161.0,2.0,4,12,1,1,8,0.0,4,34.0
common_2024,F47_161_to_160,failure,F47_161_18,18,12.0,64.0,386.0,0.0,100.0,6.0,0.0,0.0,0.0,0.0,-1.0,-1.8369701987210297e-16,0.0,0.0,0.0,0.0,0.0,0.0,0.0,0.0,11.8,64.0,480.0,4.052631578947368,0.7894736842105263,58.63157894736842,0.3684210526315789,47.21052631578947,0.47368421052631576,38.1578947368421,0.5263157894736842,0.0,1.0,5.894736842105263,0.7894736842105263,0.10526315789473684,0.9473684210526315,161.0,3.0,4,12,1,1,9,0.0,4,34.0
common_2024,F47_161_to_160,failure,F47_161_19,19,10.5,62.0,307.0,0.0,100.0,0.0,0.0,0.0,0.0,0.0,-0.9659258262890684,0.2588190451025203,0.0,0.0,0.0,0.0,0.0,0.0,0.0,0.0,11.8,64.0,480.0,3.85,0.8,60.7,0.35,44.85,0.5,36.25,0.55,0.0,1.0,5.6,0.8,0.1,0.95,161.0,4.0,4,12,2,1,0,0.0,4,34.0
common_2024,F47_161_to_160,failure,F47_161_20,20,10.5,60.0,320.0,0.0,91.0,0.0,0.0,0.0,0.0,0.0,-0.8660254037844386,0.5000000000000001,0.0,0.0,0.0,0.0,0.0,0.0,0.0,0.0,11.8,64.0,480.0,3.6666666666666665,0.8095238095238095,62.142857142857146,0.3333333333333333,42.714285714285715,0.5238095238095238,34.523809523809526,0.5714285714285714,0.0,1.0,5.333333333333333,0.8095238095238095,0.09523809523809523,0.9523809523809523,161.0,5.0,4,12,2,1,1,0.0,4,34.0
common_2024,F47_161_to_160,failure,F47_161_21,21,12.2,65.0,309.0,0.0,0.0,0.0,0.0,0.0,0.0,0.0,-0.7071067811865477,0.7071067811865474,0.0,0.0,0.0,0.0,0.0,0.0,0.0,0.0,11.8,64.0,480.0,3.5,0.8181818181818182,59.31818181818182,0.36363636363636365,40.77272727272727,0.5454545454545454,32.95454545454545,0.5909090909090909,0.0,1.0,5.090909090909091,0.8181818181818182,0.09090909090909091,0.9545454545454546,161.0,6.0,4,12,2,2,0,0.0,4,34.0
common_2024,F47_161_to_160,failure,F47_161_22,22,13.1,66.0,314.0,0.0,0.0,0.0,0.0,0.0,0.0,0.0,-0.5000000000000004,0.8660254037844384,0.0,0.0,0.0,0.0,0.0,0.0,0.0,0.0,11.8,64.0,480.0,3.347826086956522,0.8260869565217391,56.73913043478261,0.391304347826087,39.0,0.5652173913043478,31.52173913043478,0.6086956521739131,0.0,1.0,4.869565217391305,0.8260869565217391,0.08695652173913043,0.9565217391304348,161.0,7.0,4,12,2,2,1,0.0,4,34.0
common_2024,F47_161_to_160,failure,F47_161_23,23,13.4,66.0,333.0,0.0,0.0,0.0,0.0,0.0,0.0,0.0,-0.25881904510252157,0.9659258262890681,0.0,0.0,0.0,0.0,0.0,0.0,0.0,0.0,11.8,64.0,480.0,3.2083333333333335,0.8333333333333334,54.375,0.4166666666666667,37.375,0.5833333333333334,30.208333333333332,0.625,0.0,1.0,4.666666666666667,0.8333333333333334,0.08333333333333333,0.9583333333333334,161.0,8.0,4,12,2,2,2,0.0,4,34.0
